PlayerID,Name,player,nationality,position,team,age,birth_year,games,games_starts,minutes,minutes_90s,goals,assists,goals_assists,goals_pens,pens_made,pens_att,cards_yellow,cards_red,goals_per90,assists_per90,goals_assists_per90,goals_pens_per90,goals_assists_pens_per90,matches,goals_per_shot,goals_per_shot_on_target,shots,shots_on_target,shots_on_target_pct,shots_on_target_per90,shots_per90,gk_clean_sheets,gk_clean_sheets_pct,gk_games,gk_games_starts,gk_goals_against,gk_goals_against_per90,gk_losses,gk_minutes,gk_pens_allowed,gk_pens_att,gk_pens_missed,gk_pens_save_pct,gk_pens_saved,gk_save_pct,gk_saves,gk_shots_on_target_against,gk_ties,gk_wins,League,Season
da4b8a4e,Taha Abdi Ali,Taha Abdi Ali,se SWE,MF,Malmö,27-287,1998,2,2,180,2.0,0,0,0,0,0,0,1,0,0.00,0.00,0.00,0.00,0.00,Matches,0.00,0.00,4,1,25.0,0.50,2.00,,,,,,,,,,,,,,,,,,,Allsvenskan,2026
24c66967,Joackim Åberg,Joackim Åberg,se SWE,MF,GAIS,27-266,1998,2,2,152,1.7,0,0,0,0,0,0,1,0,0.00,0.00,0.00,0.00,0.00,Matches,,,0,0,,0.00,0.00,,,,,,,,,,,,,,,,,,,Allsvenskan,2026
fd99de9d,Paulos Abraham,Paulos Abraham,se SWE,FW,Hammarby,23-272,2002,2,1,117,1.3,3,0,3,3,0,0,0,0,2.31,0.00,2.31,2.31,2.31,Matches,0.43,0.75,7,4,57.1,3.08,5.38,,,,,,,,,,,,,,,,,,,Allsvenskan,2026
7cac4007,Kevin Ackermann,Kevin Ackermann,se SWE,MF,Brommapojkarna,24-325,2001,1,1,90,1.0,0,0,0,0,0,0,0,0,0.00,0.00,0.00,0.00,0.00,Matches,0.00,0.00,2,1,50.0,1.00,2.00,,,,,,,,,,,,,,,,,,,Allsvenskan,2026
4ccca3c0,Odera Adindu,Odera Adindu,ng NGA,FW,Sirius,19-314,2006,1,0,5,0.1,0,0,0,0,0,0,0,0,0.00,0.00,0.00,0.00,0.00,Matches,,,0,0,,0.00,0.00,,,,,,,,,,,,,,,,,,,Allsvenskan,2026
6586d884,Frank Adjei Jnr,Frank Adjei Jnr,gh GHA,MF,Hammarby,22-025,2004,2,0,21,0.2,0,0,0,0,0,0,0,0,0.00,0.00,0.00,0.00,0.00,Matches,,,0,0,,0.00,0.00,,,,,,,,,,,,,,,,,,,Allsvenskan,2026
3d6aaa54,Jeremy Agbonifo,Jeremy Agbonifo,se SWE,FW,BK Häcken,20-172,2005,1,0,20,0.2,0,0,0,0,0,0,0,0,0.00,0.00,0.00,0.00,0.00,Matches,,,0,0,,0.00,0.00,,,,,,,,,,,,,,,,,,,Allsvenskan,2026
5ad77e97,Oskar Ågren,Oskar Ågren,se SWE,DF,GAIS,27-216,1998,2,2,180,2.0,0,0,0,0,0,0,0,0,0.00,0.00,0.00,0.00,0.00,Matches,0.00,,1,0,0.0,0.00,0.50,,,,,,,,,,,,,,,,,,,Allsvenskan,2026
12ab9e4c,Abdihakin Ali,Abdihakin Ali,se SWE,MF,AIK Stockholm,24-082,2002,1,1,64,0.7,0,0,0,0,0,0,1,0,0.00,0.00,0.00,0.00,0.00,Matches,0.00,,1,0,0.0,0.00,1.41,,,,,,,,,,,,,,,,,,,Allsvenskan,2026
db7e298a,Saidou Alioum,Saidou Alioum,cm CMR,"MF,FW",Göteborg,22-263,2003,2,2,134,1.5,0,0,0,0,0,0,1,0,0.00,0.00,0.00,0.00,0.00,Matches,0.00,,3,0,0.0,0.00,2.01,,,,,,,,,,,,,,,,,,,Allsvenskan,2026
097e650b,Joel Allansson,Joel Allansson,se SWE,MF,Halmstad,33-162,1992,2,2,180,2.0,0,0,0,0,0,0,0,0,0.00,0.00,0.00,0.00,0.00,Matches,0.00,,1,0,0.0,0.00,0.50,,,,,,,,,,,,,,,,,,,Allsvenskan,2026
78506575,Rasmus Alm,Rasmus Alm,se SWE,"FW,MF",Örgryte,30-240,1995,2,0,39,0.4,0,0,0,0,0,0,0,0,0.00,0.00,0.00,0.00,0.00,Matches,,,0,0,,0.00,0.00,,,,,,,,,,,,,,,,,,,Allsvenskan,2026
e5e6cf52,Silas Andersen,Silas Andersen,dk DEN,MF,BK Häcken,21-305,2004,2,2,180,2.0,0,0,0,0,0,0,1,0,0.00,0.00,0.00,0.00,0.00,Matches,0.00,,3,0,0.0,0.00,1.50,,,,,,,,,,,,,,,,,,,Allsvenskan,2026
1771aa56,David Andersson,David Andersson,se SWE,GK,BK Häcken,22-210,2003,2,1,135,1.5,0,0,0,0,0,0,0,0,0.00,0.00,0.00,0.00,0.00,Matches,,,0,0,,0.00,0.00,1,100.0,2,1,2,1.33,0,135,0,0,0,,0,66.7,4,6,1,0,Allsvenskan,2026
1954edcd,Max Andersson,Max Andersson,se SWE,FW,GAIS,22-313,2003,1,1,55,0.6,0,0,0,0,0,0,0,0,0.00,0.00,0.00,0.00,0.00,Matches,,,0,0,,0.00,0.00,,,,,,,,,,,,,,,,,,,Allsvenskan,2026
1cedf8d8,Victor Andersson,Victor Andersson,se SWE,MF,AIK Stockholm,21-174,2004,2,0,29,0.3,1,0,1,1,0,0,0,0,3.10,0.00,3.10,3.10,3.10,Matches,0.50,0.50,2,2,100.0,6.21,6.21,,,,,,,,,,,,,,,,,,,Allsvenskan,2026
80c6bd3c,Anton Andreasson,Anton Andreasson,se SWE,MF,Örgryte,32-262,1993,2,2,171,1.9,2,0,2,2,0,0,0,0,1.05,0.00,1.05,1.05,1.05,Matches,0.50,1.00,4,2,50.0,1.05,2.11,,,,,,,,,,,,,,,,,,,Allsvenskan,2026
2e9ea8fd,Tobias Anker,Tobias Anker,dk DEN,DF,Sirius,25-039,2001,2,2,180,2.0,0,0,0,0,0,0,0,0,0.00,0.00,0.00,0.00,0.00,Matches,0.00,,1,0,0.0,0.00,0.50,,,,,,,,,,,,,,,,,,,Allsvenskan,2026
bdf1db39,Rocco Ascone,Rocco Ascone,fr FRA,MF,Halmstad,22-214,2003,2,2,180,2.0,0,0,0,0,0,0,0,0,0.00,0.00,0.00,0.00,0.00,Matches,,,0,0,,0.00,0.00,,,,,,,,,,,,,,,,,,,Allsvenskan,2026
e9a809c4,Patric Åslund,Patric Åslund,se SWE,MF,Djurgården,23-256,2002,2,2,143,1.6,1,0,1,1,0,0,0,0,0.63,0.00,0.63,0.63,0.63,Matches,0.50,1.00,2,1,50.0,0.63,1.26,,,,,,,,,,,,,,,,,,,Allsvenskan,2026
13e827f8,Joel Asoro,Joel Asoro,se SWE,"FW,MF",Djurgården,26-352,1999,2,0,37,0.4,0,0,0,0,0,0,0,0,0.00,0.00,0.00,0.00,0.00,Matches,0.00,0.00,2,1,50.0,2.43,4.86,,,,,,,,,,,,,,,,,,,Allsvenskan,2026
6b95aa28,Noah Åstrand John,Noah Åstrand John,se SWE,DF,Malmö,23-060,2003,1,1,45,0.5,0,0,0,0,0,0,1,0,0.00,0.00,0.00,0.00,0.00,Matches,,,0,0,,0.00,0.00,,,,,,,,,,,,,,,,,,,Allsvenskan,2026
31e532b3,Blessing Asuman Dankwah,Blessing Asuman Dankwah,gh GHA,FW,GAIS,19-338,2006,1,0,11,0.1,0,0,0,0,0,0,0,0,0.00,0.00,0.00,0.00,0.00,Matches,0.00,,1,0,0.0,0.00,8.18,,,,,,,,,,,,,,,,,,,Allsvenskan,2026
ce1bd380,Taonsa Axel,Taonsa Axel,ci CIV,FW,Västerås,22-066,2004,2,2,180,2.0,0,0,0,0,0,0,0,0,0.00,0.00,0.00,0.00,0.00,Matches,0.00,0.00,2,1,50.0,0.50,1.00,,,,,,,,,,,,,,,,,,,Allsvenskan,2026
924a6d17,Taha Ayari,Taha Ayari,se SWE,FW,AIK Stockholm,20-339,2005,2,2,133,1.5,0,0,0,0,0,0,0,0,0.00,0.00,0.00,0.00,0.00,Matches,0.00,0.00,6,1,16.7,0.68,4.06,,,,,,,,,,,,,,,,,,,Allsvenskan,2026
ddd54920,Jonas Bager,Jonas Bager,dk DEN,DF,Göteborg,29-270,1996,1,1,81,0.9,0,0,0,0,0,0,1,0,0.00,0.00,0.00,0.00,0.00,Matches,,,0,0,,0.00,0.00,,,,,,,,,,,,,,,,,,,Allsvenskan,2026
8ec24b58,Marcus Baggesen,Marcus Baggesen,dk DEN,MF,Västerås,22-271,2003,2,2,157,1.7,0,1,1,0,0,0,0,0,0.00,0.57,0.57,0.00,0.57,Matches,0.00,,1,0,0.0,0.00,0.57,,,,,,,,,,,,,,,,,,,Allsvenskan,2026
d0a0e4dc,Bork Bang-Kittilsen,Bork Bang-Kittilsen,no NOR,FW,Mjällby,21-023,2005,2,0,24,0.3,0,0,0,0,0,0,0,0,0.00,0.00,0.00,0.00,0.00,Matches,0.00,0.00,4,1,25.0,3.75,15.00,,,,,,,,,,,,,,,,,,,Allsvenskan,2026
a9e5bc99,Kaare Barslund,Kaare Barslund,dk DEN,MF,Brommapojkarna,22-022,2004,2,2,159,1.8,0,0,0,0,0,0,0,0,0.00,0.00,0.00,0.00,0.00,Matches,,,0,0,,0.00,0.00,,,,,,,,,,,,,,,,,,,Allsvenskan,2026
0f46f028,Elias Barsoum,Elias Barsoum,se SWE,MF,Degerfors,23-269,2002,2,1,94,1.0,0,0,0,0,0,0,1,0,0.00,0.00,0.00,0.00,0.00,Matches,0.00,0.00,1,1,100.0,0.96,0.96,,,,,,,,,,,,,,,,,,,Allsvenskan,2026
750c6b42,Mohamed Bawa,Mohamed Bawa,ly LBY,MF,GAIS,21-268,2004,1,1,57,0.6,0,0,0,0,0,0,1,0,0.00,0.00,0.00,0.00,0.00,Matches,,,0,0,,0.00,0.00,,,,,,,,,,,,,,,,,,,Allsvenskan,2026
e892c325,Julius Beck,Julius Beck,dk DEN,FW,Elfsborg,20-352,2005,2,1,95,1.1,0,0,0,0,0,0,0,0,0.00,0.00,0.00,0.00,0.00,Matches,,,0,0,,0.00,0.00,,,,,,,,,,,,,,,,,,,Allsvenskan,2026
6053df96,Oliver Berg,Oliver Berg,no NOR,FW,Brommapojkarna,32-229,1993,1,1,66,0.7,0,0,0,0,0,0,0,0,0.00,0.00,0.00,0.00,0.00,Matches,,,0,0,,0.00,0.00,,,,,,,,,,,,,,,,,,,Allsvenskan,2026
47d4686f,Adam Bergmark Wiberg,Adam Bergmark Wiberg,se SWE,FW,Göteborg,28-342,1997,2,2,176,2.0,0,0,0,0,0,0,1,0,0.00,0.00,0.00,0.00,0.00,Matches,0.00,0.00,3,1,33.3,0.51,1.53,,,,,,,,,,,,,,,,,,,Allsvenskan,2026
1baa6c2b,Lukas Bergquist,Lukas Bergquist,se SWE,DF,AIK Stockholm,25-290,2000,2,0,38,0.4,0,0,0,0,0,0,1,0,0.00,0.00,0.00,0.00,0.00,Matches,,,0,0,,0.00,0.00,,,,,,,,,,,,,,,,,,,Allsvenskan,2026
665d3deb,Jacob Bergström,Jacob Bergström,se SWE,FW,Mjällby,30-353,1995,2,2,168,1.9,0,0,0,0,0,0,0,0,0.00,0.00,0.00,0.00,0.00,Matches,0.00,0.00,3,1,33.3,0.54,1.61,,,,,,,,,,,,,,,,,,,Allsvenskan,2026
55356b94,Alexander Berisson,Alexander Berisson,se SWE,MF,Degerfors,17-076,2009,1,0,2,0.0,0,0,0,0,0,0,0,0,0.00,0.00,0.00,0.00,0.00,Matches,,,0,0,,0.00,0.00,,,,,,,,,,,,,,,,,,,Allsvenskan,2026
2fadcd15,Nahir Besara,Nahir Besara,se SWE,MF,Hammarby,35-048,1991,2,2,179,2.0,0,2,2,0,0,0,1,0,0.00,1.01,1.01,0.00,1.01,Matches,0.00,0.00,6,1,16.7,0.50,3.02,,,,,,,,,,,,,,,,,,,Allsvenskan,2026
aa3f95e3,Dino Beširović,Dino Beširović,ba BIH,MF,AIK Stockholm,32-073,1994,2,2,180,2.0,0,0,0,0,0,0,1,0,0.00,0.00,0.00,0.00,0.00,Matches,0.00,,2,0,0.0,0.00,1.00,,,,,,,,,,,,,,,,,,,Allsvenskan,2026
53e4594b,Elis Bishesari,Elis Bishesari,se SWE,GK,Göteborg,20-330,2005,2,2,180,2.0,0,0,0,0,0,0,0,0,0.00,0.00,0.00,0.00,0.00,Matches,,,0,0,,0.00,0.00,0,0.0,2,2,4,2.00,2,180,0,0,0,,0,66.7,8,12,0,0,Allsvenskan,2026
5e4020f5,Isak Bjerkebo,Isak Bjerkebo,se SWE,"MF,FW",Sirius,23-085,2003,2,2,178,2.0,2,1,3,1,1,1,0,0,1.01,0.51,1.52,0.51,1.01,Matches,0.20,0.50,5,2,40.0,1.01,2.53,,,,,,,,,,,,,,,,,,,Allsvenskan,2026
72bdb210,Lukas Björklund,Lukas Björklund,se SWE,FW,Brommapojkarna,22-057,2004,2,2,179,2.0,1,0,1,1,0,0,1,0,0.50,0.00,0.50,0.50,0.50,Matches,1.00,1.00,1,1,100.0,0.50,0.50,,,,,,,,,,,,,,,,,,,Allsvenskan,2026
5f58ba26,André Boman,André Boman,se SWE,DF,Halmstad,24-150,2001,2,2,180,2.0,0,0,0,0,0,0,0,0,0.00,0.00,0.00,0.00,0.00,Matches,0.00,0.00,1,1,100.0,0.50,0.50,,,,,,,,,,,,,,,,,,,Allsvenskan,2026
8e587ed4,Philip Bonde,Philip Bonde,se SWE,DF,Västerås,22-127,2003,2,0,24,0.3,0,0,0,0,0,0,0,0,0.00,0.00,0.00,0.00,0.00,Matches,,,0,0,,0.00,0.00,,,,,,,,,,,,,,,,,,,Allsvenskan,2026
3d13d9e4,Erik Botheim,Erik Botheim,no NOR,FW,Malmö,26-094,2000,2,2,180,2.0,1,0,1,1,0,0,0,0,0.50,0.00,0.50,0.50,0.50,Matches,0.33,0.50,3,2,66.7,1.00,1.50,,,,,,,,,,,,,,,,,,,Allsvenskan,2026
c6bc624b,Oscar Brånby,Oscar Brånby,se SWE,MF,Hammarby,20-066,2006,1,0,12,0.1,0,0,0,0,0,0,0,0,0.00,0.00,0.00,0.00,0.00,Matches,,,0,0,,0.00,0.00,,,,,,,,,,,,,,,,,,,Allsvenskan,2026
613eaf9a,Benjamin Brantlind,Benjamin Brantlind,se SWE,MF,Göteborg,17-242,2008,1,0,22,0.2,0,0,0,0,0,0,0,0,0.00,0.00,0.00,0.00,0.00,Matches,0.00,,1,0,0.0,0.00,4.09,,,,,,,,,,,,,,,,,,,Allsvenskan,2026
804dc5ca,Ibrahima Breze Fofana,Ibrahima Breze Fofana,gn GUI,DF,Hammarby,23-242,2002,2,2,152,1.7,0,0,0,0,0,0,0,0,0.00,0.00,0.00,0.00,0.00,Matches,0.00,,1,0,0.0,0.00,0.59,,,,,,,,,,,,,,,,,,,Allsvenskan,2026
1a1ed0a9,Matteo de Brienne,Matteo de Brienne,ca CAN,DF,GAIS,23-327,2002,2,2,133,1.5,0,0,0,0,0,0,0,0,0.00,0.00,0.00,0.00,0.00,Matches,0.00,0.00,1,1,100.0,0.68,0.68,,,,,,,,,,,,,,,,,,,Allsvenskan,2026
788c4780,Busanello,Busanello,br BRA,DF,Malmö,27-167,1998,1,1,90,1.0,0,0,0,0,0,0,0,0,0.00,0.00,0.00,0.00,0.00,Matches,,,0,0,,0.00,0.00,,,,,,,,,,,,,,,,,,,Allsvenskan,2026
f357eb9b,Kenan Busuladžić,Kenan Busuladžić,se SWE,MF,Malmö,19-067,2007,2,0,46,0.5,0,0,0,0,0,0,0,0,0.00,0.00,0.00,0.00,0.00,Matches,,,0,0,,0.00,0.00,,,,,,,,,,,,,,,,,,,Allsvenskan,2026
6e00b323,Anes Cardaklija,Anes Cardaklija,ba BIH,DF,GAIS,20-283,2005,1,1,57,0.6,0,0,0,0,0,0,0,0,0.00,0.00,0.00,0.00,0.00,Matches,,,0,0,,0.00,0.00,,,,,,,,,,,,,,,,,,,Allsvenskan,2026
0cc5e712,Hussein Carneil,Hussein Carneil,se SWE,"MF,FW",Halmstad,22-340,2003,2,2,132,1.5,0,0,0,0,0,0,0,0,0.00,0.00,0.00,0.00,0.00,Matches,0.00,0.00,4,2,50.0,1.36,2.73,,,,,,,,,,,,,,,,,,,Allsvenskan,2026
ba20d6d1,Henrik Castegren,Henrik Castegren,se SWE,DF,Sirius,30-017,1996,2,2,180,2.0,0,0,0,0,0,0,0,0,0.00,0.00,0.00,0.00,0.00,Matches,,,0,0,,0.00,0.00,,,,,,,,,,,,,,,,,,,Allsvenskan,2026
fe4d7921,Leo Cavallius,Leo Cavallius,se SWE,GK,Brommapojkarna,21-053,2005,2,2,180,2.0,0,0,0,0,0,0,0,0,0.00,0.00,0.00,0.00,0.00,Matches,,,0,0,,0.00,0.00,0,0.0,2,2,4,2.00,0,180,0,0,0,,0,55.6,5,9,2,0,Allsvenskan,2026
7dec0efa,David Celic,David Celic,se SWE,GK,Sirius,23-037,2003,2,2,180,2.0,0,0,0,0,0,0,0,0,0.00,0.00,0.00,0.00,0.00,Matches,,,0,0,,0.00,0.00,2,100.0,2,2,0,0.00,0,180,0,0,0,,0,100.0,5,5,0,2,Allsvenskan,2026
3043d33f,Bersant Celina,Bersant Celina,xk KVX,MF,AIK Stockholm,29-217,1996,2,2,151,1.7,1,0,1,1,0,0,0,0,0.60,0.00,0.60,0.60,0.60,Matches,0.50,1.00,2,1,50.0,0.60,1.19,,,,,,,,,,,,,,,,,,,Allsvenskan,2026
d4a7c2b0,Nassef Chourak,Nassef Chourak,nl NED,MF,Kalmar,21-267,2004,2,1,119,1.3,0,0,0,0,0,0,0,0,0.00,0.00,0.00,0.00,0.00,Matches,0.00,0.00,4,1,25.0,0.76,3.03,,,,,,,,,,,,,,,,,,,Allsvenskan,2026
770ebf00,Anders Christiansen,Anders Christiansen,dk DEN,MF,Malmö,35-310,1990,1,1,71,0.8,0,0,0,0,0,0,0,0,0.00,0.00,0.00,0.00,0.00,Matches,0.00,0.00,4,1,25.0,1.27,5.07,,,,,,,,,,,,,,,,,,,Allsvenskan,2026
9a1b2c5a,Noah Christoffersson,Noah Christoffersson,se SWE,FW,Örgryte,26-338,1999,2,1,95,1.1,0,0,0,0,0,0,0,0,0.00,0.00,0.00,0.00,0.00,Matches,0.00,,1,0,0.0,0.00,0.95,,,,,,,,,,,,,,,,,,,Allsvenskan,2026
9cebd6ce,Ibrahim Cissé,Ibrahim Cissé,ci CIV,DF,AIK Stockholm,27-093,1999,2,2,180,2.0,1,0,1,1,0,0,0,0,0.50,0.00,0.50,0.50,0.50,Matches,0.33,0.50,3,2,66.7,1.00,1.50,,,,,,,,,,,,,,,,,,,Allsvenskan,2026
a926faf3,Sebastian Clemmensen,Sebastian Clemmensen,dk DEN,MF,Göteborg,22-225,2003,1,0,4,0.0,0,0,0,0,0,0,0,0,0.00,0.00,0.00,0.00,0.00,Matches,,,0,0,,0.00,0.00,,,,,,,,,,,,,,,,,,,Allsvenskan,2026
569be52f,Oskar Cotton,Oskar Cotton,se SWE,DF,Brommapojkarna,20-055,2006,1,0,9,0.1,0,0,0,0,0,0,0,0,0.00,0.00,0.00,0.00,0.00,Matches,,,0,0,,0.00,0.00,,,,,,,,,,,,,,,,,,,Allsvenskan,2026
88c0d379,Aron Csongvai,Aron Csongvai,hu HUN,DF,AIK Stockholm,25-165,2000,2,2,180,2.0,0,0,0,0,0,0,0,0,0.00,0.00,0.00,0.00,0.00,Matches,0.00,,1,0,0.0,0.00,0.50,,,,,,,,,,,,,,,,,,,Allsvenskan,2026
5069b796,Achraf Dari,Achraf Dari,ma MAR,DF,Kalmar,26-343,1999,2,2,163,1.8,1,0,1,1,0,0,0,0,0.55,0.00,0.55,0.55,0.55,Matches,0.50,1.00,2,1,50.0,0.55,1.10,,,,,,,,,,,,,,,,,,,Allsvenskan,2026
8d7026a7,Mamadou Diagne,Mamadou Diagne,se SWE,MF,Västerås,22-212,2003,2,2,180,2.0,0,1,1,0,0,0,0,0,0.00,0.50,0.50,0.00,0.50,Matches,,,0,0,,0.00,0.00,,,,,,,,,,,,,,,,,,,Allsvenskan,2026
fcb70540,Samba Diatara,Samba Diatara,sn SEN,DF,Degerfors,22-087,2004,2,2,180,2.0,0,0,0,0,0,0,0,0,0.00,0.00,0.00,0.00,0.00,Matches,,,0,0,,0.00,0.00,,,,,,,,,,,,,,,,,,,Allsvenskan,2026
98e2b95a,Abdoulaye Doumbia,Abdoulaye Doumbia,ci CIV,MF,BK Häcken,18-169,2007,2,2,160,1.8,0,0,0,0,0,0,1,0,0.00,0.00,0.00,0.00,0.00,Matches,0.00,0.00,3,1,33.3,0.56,1.69,,,,,,,,,,,,,,,,,,,Allsvenskan,2026
3354f7d4,Mikael Dyrestam,Mikael Dyrestam,gn GUI,DF,Örgryte,34-125,1991,2,2,180,2.0,0,2,2,0,0,0,0,0,0.00,1.00,1.00,0.00,1.00,Matches,0.00,0.00,3,1,33.3,0.50,1.50,,,,,,,,,,,,,,,,,,,Allsvenskan,2026
4a36f52a,Shalom Ekong,Shalom Ekong,se SWE,FW,GAIS,22-145,2003,2,0,34,0.4,1,0,1,1,0,0,0,0,2.65,0.00,2.65,2.65,2.65,Matches,0.25,0.50,4,2,50.0,5.29,10.59,,,,,,,,,,,,,,,,,,,Allsvenskan,2026
1aae6743,Victor Ekström,Victor Ekström,se SWE,DF,Sirius,23-076,2003,2,1,92,1.0,0,0,0,0,0,0,0,0,0.00,0.00,0.00,0.00,0.00,Matches,,,0,0,,0.00,0.00,,,,,,,,,,,,,,,,,,,Allsvenskan,2026
817c6e11,Felix Eriksson,Felix Eriksson,se SWE,DF,Göteborg,21-328,2004,2,2,180,2.0,0,0,0,0,0,0,0,0,0.00,0.00,0.00,0.00,0.00,Matches,0.00,,3,0,0.0,0.00,1.50,,,,,,,,,,,,,,,,,,,Allsvenskan,2026
b567c8ff,Victor Eriksson,Victor Eriksson,se SWE,DF,Hammarby,25-209,2000,2,2,180,2.0,0,0,0,0,0,0,1,0,0.00,0.00,0.00,0.00,0.00,Matches,0.00,,1,0,0.0,0.00,0.50,,,,,,,,,,,,,,,,,,,Allsvenskan,2026
ab54f943,August Erlingmark,August Erlingmark,se SWE,DF,Göteborg,27-357,1998,2,2,180,2.0,0,0,0,0,0,0,0,0,0.00,0.00,0.00,0.00,0.00,Matches,0.00,0.00,4,2,50.0,1.00,2.00,,,,,,,,,,,,,,,,,,,Allsvenskan,2026
7004c558,Oskar Fallenius,Oskar Fallenius,se SWE,MF,Djurgården,24-164,2001,2,2,137,1.5,0,1,1,0,0,0,0,0,0.00,0.66,0.66,0.00,0.66,Matches,0.00,0.00,5,2,40.0,1.31,3.28,,,,,,,,,,,,,,,,,,,Allsvenskan,2026
de627c8a,Omar Faraj,Omar Faraj,ps PLE,FW,Halmstad,24-036,2002,2,0,40,0.4,0,0,0,0,0,0,0,0,0.00,0.00,0.00,0.00,0.00,Matches,0.00,0.00,2,1,50.0,2.25,4.50,,,,,,,,,,,,,,,,,,,Allsvenskan,2026
c39080f7,Max Fenger,Max Fenger,dk DEN,FW,Göteborg,24-250,2001,2,0,46,0.5,0,0,0,0,0,0,1,0,0.00,0.00,0.00,0.00,0.00,Matches,,,0,0,,0.00,0.00,,,,,,,,,,,,,,,,,,,Allsvenskan,2026
8d9d7d58,Kevin Filling,Kevin Filling,se SWE,FW,AIK Stockholm,17-135,2008,2,0,47,0.5,0,0,0,0,0,0,0,0,0.00,0.00,0.00,0.00,0.00,Matches,,,0,0,,0.00,0.00,,,,,,,,,,,,,,,,,,,Allsvenskan,2026
5afc236c,Hampus Finndell,Hampus Finndell,se SWE,MF,Djurgården,25-312,2000,2,2,151,1.7,0,0,0,0,0,0,0,0,0.00,0.00,0.00,0.00,0.00,Matches,0.00,0.00,1,1,100.0,0.60,0.60,,,,,,,,,,,,,,,,,,,Allsvenskan,2026
204df3a8,Robin Frej,Robin Frej,se SWE,DF,GAIS,28-007,1998,2,2,180,2.0,0,0,0,0,0,0,0,0,0.00,0.00,0.00,0.00,0.00,Matches,,,0,0,,0.00,0.00,,,,,,,,,,,,,,,,,,,Allsvenskan,2026
3e588bf5,Gustav Friberg,Gustav Friberg,se SWE,DF,Halmstad,23-216,2002,1,1,90,1.0,0,0,0,0,0,0,0,0,0.00,0.00,0.00,0.00,0.00,Matches,,,0,0,,0.00,0.00,,,,,,,,,,,,,,,,,,,Allsvenskan,2026
374368f1,Per Frick,Per Frick,se SWE,FW,Elfsborg,34-000,1992,2,1,78,0.9,0,0,0,0,0,0,0,0,0.00,0.00,0.00,0.00,0.00,Matches,,,0,0,,0.00,0.00,,,,,,,,,,,,,,,,,,,Allsvenskan,2026
768667c0,Ludvig Fritzson,Ludvig Fritzson,se SWE,"MF,FW",Degerfors,30-232,1995,2,2,180,2.0,0,0,0,0,0,0,0,0,0.00,0.00,0.00,0.00,0.00,Matches,0.00,0.00,2,1,50.0,0.50,1.00,,,,,,,,,,,,,,,,,,,Allsvenskan,2026
f36e97b3,Simon Gefvert,Simon Gefvert,se SWE,MF,Västerås,29-017,1997,2,2,180,2.0,0,0,0,0,0,0,0,0,0.00,0.00,0.00,0.00,0.00,Matches,,,0,0,,0.00,0.00,,,,,,,,,,,,,,,,,,,Allsvenskan,2026
65465292,Robert Gojani,Robert Gojani,se SWE,MF,Kalmar,33-177,1992,2,1,105,1.2,0,1,1,0,0,0,0,0,0.00,0.86,0.86,0.00,0.86,Matches,,,0,0,,0.00,0.00,,,,,,,,,,,,,,,,,,,Allsvenskan,2026
1b1f361e,Villiam Granath,Villiam Granath,se SWE,MF,Mjällby,27-212,1998,2,1,90,1.0,0,0,0,0,0,0,0,0,0.00,0.00,0.00,0.00,0.00,Matches,0.00,0.00,2,1,50.0,1.00,2.00,,,,,,,,,,,,,,,,,,,Allsvenskan,2026
2a970686,Pascal Gregor,Pascal Gregor,dk DEN,DF,Halmstad,32-055,1994,1,1,90,1.0,0,0,0,0,0,0,0,0,0.00,0.00,0.00,0.00,0.00,Matches,0.00,,2,0,0.0,0.00,2.00,,,,,,,,,,,,,,,,,,,Allsvenskan,2026
e3bbf552,Karl Gunnarsson,Karl Gunnarsson,se SWE,FW,Västerås,20-195,2005,2,1,80,0.9,0,0,0,0,0,0,0,0,0.00,0.00,0.00,0.00,0.00,Matches,0.00,,1,0,0.0,0.00,1.13,,,,,,,,,,,,,,,,,,,Allsvenskan,2026
c7834633,Carl Gustafsson,Carl Gustafsson,se SWE,MF,Kalmar,26-027,2000,1,0,15,0.2,0,0,0,0,0,0,0,0,0.00,0.00,0.00,0.00,0.00,Matches,0.00,0.00,1,1,100.0,6.00,6.00,,,,,,,,,,,,,,,,,,,Allsvenskan,2026
539ff6b4,Hampus Gustafsson,Hampus Gustafsson,se SWE,GK,Örgryte,24-298,2001,2,2,180,2.0,0,0,0,0,0,0,0,0,0.00,0.00,0.00,0.00,0.00,Matches,,,0,0,,0.00,0.00,1,50.0,2,2,1,0.50,0,180,0,0,0,,0,90.0,9,10,1,1,Allsvenskan,2026
385c6006,Viktor Gustafsson,Viktor Gustafsson,se SWE,MF,Mjällby,31-023,1995,2,1,115,1.3,0,0,0,0,0,0,1,0,0.00,0.00,0.00,0.00,0.00,Matches,0.00,0.00,1,1,100.0,0.78,0.78,,,,,,,,,,,,,,,,,,,Allsvenskan,2026
34376913,Jesper Gustavsson,Jesper Gustavsson,se SWE,MF,Mjällby,31-167,1994,2,2,180,2.0,0,0,0,0,0,0,0,0,0.00,0.00,0.00,0.00,0.00,Matches,0.00,,1,0,0.0,0.00,0.50,,,,,,,,,,,,,,,,,,,Allsvenskan,2026
c9626440,Oliver Hagen,Oliver Hagen,no NOR,DF,Hammarby,19-309,2006,1,0,14,0.2,0,0,0,0,0,0,0,0,0.00,0.00,0.00,0.00,0.00,Matches,0.00,,1,0,0.0,0.00,6.43,,,,,,,,,,,,,,,,,,,Allsvenskan,2026
4117e3f3,Warner Hahn,Warner Hahn,sr SUR,GK,Hammarby,33-303,1992,2,2,180,2.0,0,0,0,0,0,0,0,0,0.00,0.00,0.00,0.00,0.00,Matches,,,0,0,,0.00,0.00,1,50.0,2,2,2,1.00,1,180,0,0,0,,0,81.8,9,11,0,1,Allsvenskan,2026
d2fd7c14,Sead Haksabanović,Sead Haksabanović,me MNE,FW,Malmö,26-345,1999,2,1,92,1.0,0,0,0,0,0,0,0,0,0.00,0.00,0.00,0.00,0.00,Matches,0.00,0.00,5,1,20.0,0.98,4.89,,,,,,,,,,,,,,,,,,,Allsvenskan,2026
5114ff8a,Melker Hallberg,Melker Hallberg,se SWE,MF,Kalmar,30-176,1995,2,2,105,1.2,0,1,1,0,0,0,0,0,0.00,0.86,0.86,0.00,0.86,Matches,0.00,0.00,2,1,50.0,0.86,1.71,,,,,,,,,,,,,,,,,,,Allsvenskan,2026
9dc0fa97,Johan Hammar,Johan Hammar,se SWE,DF,BK Häcken,32-051,1994,2,2,180,2.0,0,0,0,0,0,0,0,0,0.00,0.00,0.00,0.00,0.00,Matches,0.00,0.00,2,1,50.0,0.50,1.00,,,,,,,,,,,,,,,,,,,Allsvenskan,2026
f04a3092,Mads Hansen,Mads Hansen,dk DEN,MF,Brommapojkarna,23-260,2002,2,2,180,2.0,1,1,2,1,0,0,0,0,0.50,0.50,1.00,0.50,1.00,Matches,0.33,0.50,3,2,66.7,1.00,1.50,,,,,,,,,,,,,,,,,,,Allsvenskan,2026
5e167a35,Simon Hedlund,Simon Hedlund,se SWE,MF,Elfsborg,33-034,1993,2,2,158,1.8,0,0,0,0,0,0,0,0,0.00,0.00,0.00,0.00,0.00,Matches,0.00,0.00,3,1,33.3,0.57,1.71,,,,,,,,,,,,,,,,,,,Allsvenskan,2026
dcc3bdfa,Bo Hegland,Bo Hegland,no NOR,MF,Djurgården,21-300,2004,2,2,164,1.8,1,0,1,1,0,0,0,0,0.55,0.00,0.55,0.55,0.55,Matches,0.17,0.20,6,5,83.3,2.74,3.29,,,,,,,,,,,,,,,,,,,Allsvenskan,2026
80b597fd,Melker Heier,Melker Heier,se SWE,MF,Sirius,24-341,2001,2,2,178,2.0,0,0,0,0,0,0,0,0,0.00,0.00,0.00,0.00,0.00,Matches,0.00,,1,0,0.0,0.00,0.51,,,,,,,,,,,,,,,,,,,Allsvenskan,2026
a69cf944,Tobias Heintz,Tobias Heintz,no NOR,"MF,FW",Göteborg,27-275,1998,2,2,180,2.0,0,0,0,0,0,1,0,0,0.00,0.00,0.00,0.00,0.00,Matches,0.00,0.00,5,3,60.0,1.50,2.50,,,,,,,,,,,,,,,,,,,Allsvenskan,2026
27f0ddef,Filip Helander,Filip Helander,se SWE,DF,BK Häcken,32-357,1993,2,2,180,2.0,0,0,0,0,0,0,2,0,0.00,0.00,0.00,0.00,0.00,Matches,,,0,0,,0.00,0.00,,,,,,,,,,,,,,,,,,,Allsvenskan,2026
6b090eb5,Altti Hellemaa,Altti Hellemaa,fi FIN,MF,Elfsborg,21-263,2004,1,0,17,0.2,0,0,0,0,0,0,0,0,0.00,0.00,0.00,0.00,0.00,Matches,,,0,0,,0.00,0.00,,,,,,,,,,,,,,,,,,,Allsvenskan,2026
9e3bb9c7,Mattias Hellisdal,Mattias Hellisdal,fo FRO,MF,Västerås,20-083,2006,1,0,1,0.0,0,0,0,0,0,0,0,0,0.00,0.00,0.00,0.00,0.00,Matches,,,0,0,,0.00,0.00,,,,,,,,,,,,,,,,,,,Allsvenskan,2026
92333a82,Jesús Hernández,Jesús Hernández,es ESP,DF,Degerfors,22-106,2003,1,1,48,0.5,0,0,0,0,0,0,0,0,0.00,0.00,0.00,0.00,0.00,Matches,,,0,0,,0.00,0.00,,,,,,,,,,,,,,,,,,,Allsvenskan,2026
34445744,Leon Hien,Leon Hien,se SWE,DF,Djurgården,24-257,2001,2,1,94,1.0,0,0,0,0,0,0,0,0,0.00,0.00,0.00,0.00,0.00,Matches,0.00,0.00,2,1,50.0,0.96,1.91,,,,,,,,,,,,,,,,,,,Allsvenskan,2026
f30ac5eb,Demirel Hodzic,Demirel Hodzic,se SWE,MF,Örgryte,21-037,2005,2,0,23,0.3,0,0,0,0,0,0,0,0,0.00,0.00,0.00,0.00,0.00,Matches,,,0,0,,0.00,0.00,,,,,,,,,,,,,,,,,,,Allsvenskan,2026
4e24fd2e,William Hofvander,William Hofvander,se SWE,FW,Örgryte,24-104,2001,2,2,147,1.6,0,0,0,0,0,0,1,0,0.00,0.00,0.00,0.00,0.00,Matches,0.00,,2,0,0.0,0.00,1.22,,,,,,,,,,,,,,,,,,,Allsvenskan,2026
fdd39574,Kevin Holmén,Kevin Holmén,se SWE,MF,GAIS,24-122,2001,1,1,90,1.0,0,0,0,0,0,0,1,0,0.00,0.00,0.00,0.00,0.00,Matches,,,0,0,,0.00,0.00,,,,,,,,,,,,,,,,,,,Allsvenskan,2026
17138f9d,Sebastian Holmén,Sebastian Holmén,se SWE,DF,Elfsborg,33-350,1992,1,1,81,0.9,0,0,0,0,0,0,1,0,0.00,0.00,0.00,0.00,0.00,Matches,,,0,0,,0.00,0.00,,,,,,,,,,,,,,,,,,,Allsvenskan,2026
0a32c00c,Johan Hove,Johan Hove,no NOR,"MF,FW",AIK Stockholm,25-219,2000,2,2,180,2.0,0,1,1,0,0,0,0,0,0.00,0.50,0.50,0.00,0.50,Matches,0.00,,4,0,0.0,0.00,2.00,,,,,,,,,,,,,,,,,,,Allsvenskan,2026
497228f9,Niklas Hult,Niklas Hult,se SWE,MF,Elfsborg,36-060,1990,2,2,155,1.7,1,0,1,1,0,0,0,0,0.58,0.00,0.58,0.58,0.58,Matches,0.33,1.00,3,1,33.3,0.58,1.74,,,,,,,,,,,,,,,,,,,Allsvenskan,2026
aff07507,Bilal Hussein,Bilal Hussein,se SWE,MF,Degerfors,25-357,2000,1,0,21,0.2,0,0,0,0,0,0,0,0,0.00,0.00,0.00,0.00,0.00,Matches,,,0,0,,0.00,0.00,,,,,,,,,,,,,,,,,,,Allsvenskan,2026
fc0392f6,Matvei Igonen,Matvei Igonen,ee EST,GK,Degerfors,29-194,1996,2,2,180,2.0,0,0,0,0,0,0,1,0,0.00,0.00,0.00,0.00,0.00,Matches,,,0,0,,0.00,0.00,1,50.0,2,2,3,1.50,1,180,1,1,0,0.0,0,50.0,2,4,0,1,Allsvenskan,2026
131fbb16,Marvin Illary,Marvin Illary,,MF,Halmstad,,,2,1,84,0.9,0,0,0,0,0,0,0,0,0.00,0.00,0.00,0.00,0.00,Matches,,,0,0,,0.00,0.00,,,,,,,,,,,,,,,,,,,Allsvenskan,2026
67141182,Abdullah Iqbal,Abdullah Iqbal,pk PAK,DF,Mjällby,23-261,2002,2,1,116,1.3,0,0,0,0,0,0,0,0,0.00,0.00,0.00,0.00,0.00,Matches,,,0,0,,0.00,0.00,,,,,,,,,,,,,,,,,,,Allsvenskan,2026
2be28a0c,Thomas Isherwood,Thomas Isherwood,se SWE,DF,Elfsborg,28-076,1998,2,2,180,2.0,0,1,1,0,0,0,0,0,0.00,0.50,0.50,0.00,0.50,Matches,0.00,,2,0,0.0,0.00,1.00,,,,,,,,,,,,,,,,,,,Allsvenskan,2026
46f695ca,David Isso,David Isso,se SWE,FW,Brommapojkarna,18-240,2007,2,1,98,1.1,0,0,0,0,0,0,0,0,0.00,0.00,0.00,0.00,0.00,Matches,0.00,0.00,3,1,33.3,0.92,2.76,,,,,,,,,,,,,,,,,,,Allsvenskan,2026
b463d482,Elis Jäger,Elis Jäger,se SWE,GK,Västerås,20-234,2005,2,2,180,2.0,0,0,0,0,0,0,0,0,0.00,0.00,0.00,0.00,0.00,Matches,,,0,0,,0.00,0.00,1,50.0,2,2,2,1.00,0,180,0,0,0,,0,66.7,4,6,1,1,Allsvenskan,2026
e3730cd8,Seedy Jagne,Seedy Jagne,se SWE,MF,Göteborg,22-195,2003,1,0,22,0.2,0,0,0,0,0,0,1,0,0.00,0.00,0.00,0.00,0.00,Matches,,,0,0,,0.00,0.00,,,,,,,,,,,,,,,,,,,Allsvenskan,2026
b04dff15,Alexander Jallow,Alexander Jallow,se SWE,DF,Göteborg,28-042,1998,2,2,180,2.0,0,0,0,0,0,0,1,0,0.00,0.00,0.00,0.00,0.00,Matches,0.00,0.00,2,1,50.0,0.50,1.00,,,,,,,,,,,,,,,,,,,Allsvenskan,2026
172e52d8,Pontus Jansson,Pontus Jansson,se SWE,DF,Malmö,35-060,1991,2,2,180,2.0,1,0,1,1,0,0,1,0,0.50,0.00,0.50,0.50,0.50,Matches,0.33,1.00,3,1,33.3,0.50,1.50,,,,,,,,,,,,,,,,,,,Allsvenskan,2026
28dffb73,Rony Jansson,Rony Jansson,fi FIN,DF,Kalmar,22-094,2004,2,2,180,2.0,0,0,0,0,0,0,0,0,0.00,0.00,0.00,0.00,0.00,Matches,0.00,0.00,1,1,100.0,0.50,0.50,,,,,,,,,,,,,,,,,,,Allsvenskan,2026
0db3fcba,Oscar Johansson,Oscar Johansson,se SWE,MF,Hammarby,30-343,1995,2,2,154,1.7,0,0,0,0,0,0,1,0,0.00,0.00,0.00,0.00,0.00,Matches,0.00,,2,0,0.0,0.00,1.17,,,,,,,,,,,,,,,,,,,Allsvenskan,2026
5a471a3e,Piotr Johansson,Piotr Johansson,se SWE,DF,Djurgården,31-045,1995,1,1,90,1.0,0,0,0,0,0,0,0,0,0.00,0.00,0.00,0.00,0.00,Matches,,,0,0,,0.00,0.00,,,,,,,,,,,,,,,,,,,Allsvenskan,2026
47d253c2,Neo Jönsson,Neo Jönsson,se SWE,"MF,FW",Sirius,19-085,2007,2,2,155,1.7,1,0,1,1,0,0,0,0,0.58,0.00,0.58,0.58,0.58,Matches,0.20,0.33,5,3,60.0,1.74,2.90,,,,,,,,,,,,,,,,,,,Allsvenskan,2026
17515a97,Moïse Kaboré,Moïse Kaboré,bf BFA,FW,Hammarby,19-115,2006,2,1,63,0.7,0,0,0,0,0,0,0,0,0.00,0.00,0.00,0.00,0.00,Matches,,,0,0,,0.00,0.00,,,,,,,,,,,,,,,,,,,Allsvenskan,2026
74804a09,Rami Kaib,Rami Kaib,tn TUN,"MF,DF",Halmstad,28-341,1997,2,2,150,1.7,0,0,0,0,0,0,1,0,0.00,0.00,0.00,0.00,0.00,Matches,0.00,,1,0,0.0,0.00,0.60,,,,,,,,,,,,,,,,,,,Allsvenskan,2026
737c603f,Oliver Kapsimalis,Oliver Kapsimalis,se SWE,MF,Halmstad,18-298,2007,1,1,90,1.0,0,0,0,0,0,0,0,0,0.00,0.00,0.00,0.00,0.00,Matches,0.00,0.00,2,2,100.0,2.00,2.00,,,,,,,,,,,,,,,,,,,Allsvenskan,2026
a5391939,Yanis Karabelyov,Yanis Karabelyov,bg BUL,MF,Malmö,30-081,1996,1,1,61,0.7,0,0,0,0,0,0,0,0,0.00,0.00,0.00,0.00,0.00,Matches,,,0,0,,0.00,0.00,,,,,,,,,,,,,,,,,,,Allsvenskan,2026
03ee1876,Johan Karlsson,Johan Karlsson,se SWE,DF,Malmö,28-312,1997,2,1,111,1.2,0,0,0,0,0,0,0,0,0.00,0.00,0.00,0.00,0.00,Matches,,,0,0,,0.00,0.00,,,,,,,,,,,,,,,,,,,Allsvenskan,2026
e841c4ed,Jonathan Karlsson,Jonathan Karlsson,se SWE,DF,Västerås,22-138,2003,2,0,11,0.1,0,0,0,0,0,0,0,0,0.00,0.00,0.00,0.00,0.00,Matches,,,0,0,,0.00,0.00,,,,,,,,,,,,,,,,,,,Allsvenskan,2026
99cc0e46,Kazper Karlsson,Kazper Karlsson,se SWE,MF,Degerfors,21-024,2005,2,2,145,1.6,0,0,0,0,0,0,0,0,0.00,0.00,0.00,0.00,0.00,Matches,,,0,0,,0.00,0.00,,,,,,,,,,,,,,,,,,,Allsvenskan,2026
7bf158d6,Markus Karlsson,Markus Karlsson,se SWE,MF,Hammarby,22-084,2004,2,2,180,2.0,0,0,0,0,0,0,0,0,0.00,0.00,0.00,0.00,0.00,Matches,,,0,0,,0.00,0.00,,,,,,,,,,,,,,,,,,,Allsvenskan,2026
220b4575,William Kenndal,William Kenndal,se SWE,MF,Örgryte,30-010,1996,1,0,1,0.0,0,0,0,0,0,0,0,0,0.00,0.00,0.00,0.00,0.00,Matches,0.00,,1,0,0.0,0.00,90.00,,,,,,,,,,,,,,,,,,,Allsvenskan,2026
cfdf1bfe,Jakob Kindberg,Jakob Kindberg,se SWE,GK,Kalmar,32-066,1994,2,2,180,2.0,0,0,0,0,0,0,0,0,0.00,0.00,0.00,0.00,0.00,Matches,,,0,0,,0.00,0.00,0,0.0,2,2,4,2.00,2,180,0,1,1,,0,66.7,7,12,0,0,Allsvenskan,2026
b261be76,David Kjær Kruse,David Kjær Kruse,dk DEN,MF,Göteborg,23-334,2002,2,2,180,2.0,0,0,0,0,0,0,0,0,0.00,0.00,0.00,0.00,0.00,Matches,,,0,0,,0.00,0.00,,,,,,,,,,,,,,,,,,,Allsvenskan,2026
7d347d5e,Sourou Koné,Sourou Koné,ci CIV,MF,Hammarby,18-103,2008,1,0,1,0.0,0,0,0,0,0,0,0,0,0.00,0.00,0.00,0.00,0.00,Matches,,,0,0,,0.00,0.00,,,,,,,,,,,,,,,,,,,Allsvenskan,2026
dd290cca,Axel Kouame,Axel Kouame,ci CIV,MF,AIK Stockholm,22-182,2003,2,0,38,0.4,0,0,0,0,0,0,0,0,0.00,0.00,0.00,0.00,0.00,Matches,,,0,0,,0.00,0.00,,,,,,,,,,,,,,,,,,,Allsvenskan,2026
ae252a1f,Oscar Krusnell,Oscar Krusnell,se SWE,DF,Sirius,27-056,1999,2,2,180,2.0,0,1,1,0,0,0,0,0,0.00,0.50,0.50,0.00,0.50,Matches,,,0,0,,0.00,0.00,,,,,,,,,,,,,,,,,,,Allsvenskan,2026
55b61181,Mikkel Ladefoged,Mikkel Ladefoged,dk DEN,FW,Västerås,22-351,2003,2,2,158,1.8,2,0,2,2,0,0,0,0,1.14,0.00,1.14,1.14,1.14,Matches,0.40,0.67,5,3,60.0,1.71,2.85,,,,,,,,,,,,,,,,,,,Allsvenskan,2026
3de5c9a7,Sebastian Lagerlund,Sebastian Lagerlund,se SWE,DF,Örgryte,23-212,2002,2,0,2,0.0,0,0,0,0,0,0,0,0,0.00,0.00,0.00,0.00,0.00,Matches,,,0,0,,0.00,0.00,,,,,,,,,,,,,,,,,,,Allsvenskan,2026
adcbc74e,Peter Langhoff,Peter Langhoff,dk DEN,MF,Djurgården,22-102,2004,2,0,8,0.1,0,0,0,0,0,0,0,0,0.00,0.00,0.00,0.00,0.00,Matches,,,0,0,,0.00,0.00,,,,,,,,,,,,,,,,,,,Allsvenskan,2026
f57be357,Max Larsson,Max Larsson,se SWE,DF,Djurgården,22-281,2003,2,2,180,2.0,0,0,0,0,0,0,0,0,0.00,0.00,0.00,0.00,0.00,Matches,0.00,,3,0,0.0,0.00,1.50,,,,,,,,,,,,,,,,,,,Allsvenskan,2026
9771da8c,Victor Larsson,Victor Larsson,se SWE,DF,Kalmar,25-360,2000,2,2,176,2.0,0,0,0,0,0,0,0,0,0.00,0.00,0.00,0.00,0.00,Matches,0.00,0.00,5,1,20.0,0.51,2.56,,,,,,,,,,,,,,,,,,,Allsvenskan,2026
7d16a218,Benjamin Laturnus,Benjamin Laturnus,ca CAN,MF,Örgryte,22-105,2003,2,2,171,1.9,0,0,0,0,0,0,0,0,0.00,0.00,0.00,0.00,0.00,Matches,0.00,,1,0,0.0,0.00,0.53,,,,,,,,,,,,,,,,,,,Allsvenskan,2026
e9e41fd0,Amor Layouni,Amor Layouni,tn TUN,MF,BK Häcken,33-193,1992,2,2,160,1.8,0,2,2,0,0,0,0,0,0.00,1.13,1.13,0.00,1.13,Matches,0.00,0.00,3,1,33.3,0.56,1.69,,,,,,,,,,,,,,,,,,,Allsvenskan,2026
0b4ecf82,Romeo Leandersson,Romeo Leandersson,se SWE,MF,Mjällby,17-265,2008,2,1,65,0.7,0,0,0,0,0,0,0,0,0.00,0.00,0.00,0.00,0.00,Matches,,,0,0,,0.00,0.00,,,,,,,,,,,,,,,,,,,Allsvenskan,2026
cbdf977d,Olle Leonardsson,Olle Leonardsson,se SWE,FW,Degerfors,18-024,2008,2,0,35,0.4,0,0,0,0,0,0,0,0,0.00,0.00,0.00,0.00,0.00,Matches,0.00,,1,0,0.0,0.00,2.57,,,,,,,,,,,,,,,,,,,Allsvenskan,2026
1d932cbe,Otso Liimatta,Otso Liimatta,fi FIN,MF,Halmstad,21-278,2004,2,1,126,1.4,1,0,1,1,0,0,1,0,0.71,0.00,0.71,0.71,0.71,Matches,1.00,1.00,1,1,100.0,0.71,0.71,,,,,,,,,,,,,,,,,,,Allsvenskan,2026
d2a83712,Victor Lind,Victor Lind,dk DEN,MF,Hammarby,22-306,2003,2,2,141,1.6,0,0,0,0,0,0,0,0,0.00,0.00,0.00,0.00,0.00,Matches,0.00,0.00,3,2,66.7,1.28,1.91,,,,,,,,,,,,,,,,,,,Allsvenskan,2026
89eb3e9c,Jonas Lindberg,Jonas Lindberg,se SWE,"FW,MF",GAIS,37-021,1989,1,0,15,0.2,0,0,0,0,0,0,0,0,0.00,0.00,0.00,0.00,0.00,Matches,,,0,0,,0.00,0.00,,,,,,,,,,,,,,,,,,,Allsvenskan,2026
12111bc7,Julius Lindberg,Julius Lindberg,se SWE,MF,BK Häcken,27-100,1999,2,2,180,2.0,0,1,1,0,0,0,1,0,0.00,0.50,0.50,0.00,0.50,Matches,0.00,0.00,8,2,25.0,1.00,4.00,,,,,,,,,,,,,,,,,,,Allsvenskan,2026
3173e53f,Marcus Lindberg,Marcus Lindberg,dk DEN,MF,Sirius,25-291,2000,2,2,180,2.0,0,0,0,0,0,0,0,0,0.00,0.00,0.00,0.00,0.00,Matches,,,0,0,,0.00,0.00,,,,,,,,,,,,,,,,,,,Allsvenskan,2026
4d6a842d,Andreas Linde,Andreas Linde,se SWE,GK,BK Häcken,32-264,1993,1,1,45,0.5,0,0,0,0,0,0,0,0,0.00,0.00,0.00,0.00,0.00,Matches,,,0,0,,0.00,0.00,1,100.0,1,1,0,0.00,0,45,0,1,1,,0,100.0,4,4,0,1,Allsvenskan,2026
fee7646a,Gustav Lindgren,Gustav Lindgren,se SWE,FW,BK Häcken,24-241,2001,2,1,92,1.0,1,0,1,1,0,0,0,0,0.98,0.00,0.98,0.98,0.98,Matches,0.50,1.00,2,1,50.0,0.98,1.96,,,,,,,,,,,,,,,,,,,Allsvenskan,2026
848a9021,Theodor Lundbergh,Theodor Lundbergh,se SWE,MF,Malmö,17-236,2008,2,1,118,1.3,0,0,0,0,0,0,1,0,0.00,0.00,0.00,0.00,0.00,Matches,0.00,,1,0,0.0,0.00,0.76,,,,,,,,,,,,,,,,,,,Allsvenskan,2026
91769a24,Adam Lundqvist,Adam Lundqvist,se SWE,DF,BK Häcken,32-025,1994,2,2,180,2.0,0,0,0,0,0,0,2,0,0.00,0.00,0.00,0.00,0.00,Matches,0.00,,1,0,0.0,0.00,0.50,,,,,,,,,,,,,,,,,,,Allsvenskan,2026
94a51661,Ismet Lushaku,Ismet Lushaku,xk KVX,MF,Västerås,25-204,2000,2,1,105,1.2,0,0,0,0,0,0,0,0,0.00,0.00,0.00,0.00,0.00,Matches,0.00,,1,0,0.0,0.00,0.86,,,,,,,,,,,,,,,,,,,Allsvenskan,2026
048293db,Montader Madjed,Montader Madjed,iq IRQ,MF,Hammarby,20-355,2005,2,2,159,1.8,0,0,0,0,0,0,0,0,0.00,0.00,0.00,0.00,0.00,Matches,0.00,0.00,4,1,25.0,0.57,2.26,,,,,,,,,,,,,,,,,,,Allsvenskan,2026
7d334863,Herman Magnusson,Herman Magnusson,se SWE,DF,Västerås,28-052,1998,2,2,180,2.0,0,0,0,0,0,0,1,0,0.00,0.00,0.00,0.00,0.00,Matches,0.00,,1,0,0.0,0.00,0.50,,,,,,,,,,,,,,,,,,,Allsvenskan,2026
51d09dee,Júlíus Magnússon,Júlíus Magnússon,is ISL,MF,Elfsborg,27-290,1998,2,2,175,1.9,1,0,1,1,0,0,0,0,0.51,0.00,0.51,0.51,0.51,Matches,0.25,0.50,4,2,50.0,1.03,2.06,,,,,,,,,,,,,,,,,,,Allsvenskan,2026
b4a5db04,Ludwig Malachowski Thorell,Ludwig Malachowski Thorell,se SWE,FW,Mjällby,21-048,2005,1,1,45,0.5,0,0,0,0,0,0,0,0,0.00,0.00,0.00,0.00,0.00,Matches,,,0,0,,0.00,0.00,,,,,,,,,,,,,,,,,,,Allsvenskan,2026
0d8ca6b3,Abdoulie Manneh,Abdoulie Manneh,gm GAM,FW,Mjällby,21-197,2004,2,2,180,2.0,0,0,0,0,0,0,0,0,0.00,0.00,0.00,0.00,0.00,Matches,0.00,0.00,9,4,44.4,2.00,4.50,,,,,,,,,,,,,,,,,,,Allsvenskan,2026
01802cf6,Mikael Marques,Mikael Marques,se SWE,DF,Djurgården,24-218,2001,1,1,90,1.0,0,1,1,0,0,0,1,0,0.00,1.00,1.00,0.00,1.00,Matches,0.00,,3,0,0.0,0.00,3.00,,,,,,,,,,,,,,,,,,,Allsvenskan,2026
9d1aeaa6,Serge-Junior Martinsson Ngouali,Serge-Junior Martinsson Ngouali,ga GAB,MF,Brommapojkarna,34-081,1992,1,0,1,0.0,0,0,0,0,0,0,0,0,0.00,0.00,0.00,0.00,0.00,Matches,,,0,0,,0.00,0.00,,,,,,,,,,,,,,,,,,,Allsvenskan,2026
583e89cf,Tony Miettinen,Tony Miettinen,fi FIN,DF,Mjällby,23-203,2002,2,1,78,0.9,0,0,0,0,0,0,1,0,0.00,0.00,0.00,0.00,0.00,Matches,,,0,0,,0.00,0.00,,,,,,,,,,,,,,,,,,,Allsvenskan,2026
b3b7a592,William Milovanovic,William Milovanovic,se SWE,MF,GAIS,23-343,2002,2,2,165,1.8,0,1,1,0,0,0,2,0,0.00,0.55,0.55,0.00,0.55,Matches,0.00,0.00,1,1,100.0,0.55,0.55,,,,,,,,,,,,,,,,,,,Allsvenskan,2026
3af81a69,Nasiru Moro,Nasiru Moro,gh GHA,DF,Degerfors,29-202,1996,1,0,42,0.5,0,0,0,0,0,0,0,0,0.00,0.00,0.00,0.00,0.00,Matches,0.00,,1,0,0.0,0.00,2.14,,,,,,,,,,,,,,,,,,,Allsvenskan,2026
a7abc2a0,Amel Mujanic,Amel Mujanic,se SWE,MF,AIK Stockholm,25-013,2001,1,1,78,0.9,0,0,0,0,0,0,0,0,0.00,0.00,0.00,0.00,0.00,Matches,0.00,,3,0,0.0,0.00,3.46,,,,,,,,,,,,,,,,,,,Allsvenskan,2026
9c76fa16,Matthias Nartey,Matthias Nartey,nl NED,MF,Sirius,21-229,2004,2,0,22,0.2,0,0,0,0,0,0,0,0,0.00,0.00,0.00,0.00,0.00,Matches,0.00,,1,0,0.0,0.00,4.09,,,,,,,,,,,,,,,,,,,Allsvenskan,2026
fc5e209e,Nahom Netabay,Nahom Netabay,er ERI,MF,Degerfors,31-229,1994,2,2,180,2.0,0,1,1,0,0,0,0,0,0.00,0.50,0.50,0.00,0.50,Matches,0.00,0.00,3,1,33.3,0.50,1.50,,,,,,,,,,,,,,,,,,,Allsvenskan,2026
9feff7fc,Sanders Ngabo,Sanders Ngabo,dk DEN,MF,BK Häcken,21-284,2004,2,1,70,0.8,0,0,0,0,0,0,0,0,0.00,0.00,0.00,0.00,0.00,Matches,0.00,,1,0,0.0,0.00,1.29,,,,,,,,,,,,,,,,,,,Allsvenskan,2026
7ce2b7a5,Max Nielsen,Max Nielsen,dk DEN,MF,Mjällby,21-171,2004,1,1,78,0.9,0,0,0,0,0,0,0,0,0.00,0.00,0.00,0.00,0.00,Matches,0.00,,2,0,0.0,0.00,2.31,,,,,,,,,,,,,,,,,,,Allsvenskan,2026
c53e27ec,Rasmus Niklasson,Rasmus Niklasson,se SWE,FW,GAIS,22-332,2003,2,2,180,2.0,0,0,0,0,0,0,0,0,0.00,0.00,0.00,0.00,0.00,Matches,0.00,0.00,3,2,66.7,1.00,1.50,,,,,,,,,,,,,,,,,,,Allsvenskan,2026
7e7dc7ef,Charlie Nildén,Charlie Nildén,se SWE,MF,Sirius,19-105,2006,1,0,2,0.0,0,0,0,0,0,0,0,0,0.00,0.00,0.00,0.00,0.00,Matches,,,0,0,,0.00,0.00,,,,,,,,,,,,,,,,,,,Allsvenskan,2026
01ee9593,Emeka Nnamani,Emeka Nnamani,dk DEN,FW,Kalmar,24-161,2001,2,0,45,0.5,0,0,0,0,0,0,0,0,0.00,0.00,0.00,0.00,0.00,Matches,0.00,0.00,1,1,100.0,2.00,2.00,,,,,,,,,,,,,,,,,,,Allsvenskan,2026
78549904,Kristoffer Nordfeldt,Kristoffer Nordfeldt,se SWE,GK,AIK Stockholm,36-295,1989,2,2,180,2.0,0,0,0,0,0,0,1,0,0.00,0.00,0.00,0.00,0.00,Matches,,,0,0,,0.00,0.00,0,0.0,2,2,3,1.50,0,180,0,0,0,,0,72.7,8,11,1,1,Allsvenskan,2026
cefa3e4b,Axel Norén,Axel Norén,se SWE,DF,Mjällby,27-010,1999,2,2,180,2.0,0,0,0,0,0,0,1,0,0.00,0.00,0.00,0.00,0.00,Matches,0.00,,1,0,0.0,0.00,0.50,,,,,,,,,,,,,,,,,,,Allsvenskan,2026
b9e4c11e,Frédéric Nsabiyumva,Frédéric Nsabiyumva,bi BDI,DF,Västerås,30-353,1995,2,2,180,2.0,0,0,0,0,0,0,0,0,0.00,0.00,0.00,0.00,0.00,Matches,,,0,0,,0.00,0.00,,,,,,,,,,,,,,,,,,,Allsvenskan,2026
4f4c6263,Sebastian Ohlsson,Sebastian Ohlsson,se SWE,DF,Degerfors,32-323,1993,2,1,115,1.3,1,0,1,1,0,0,0,0,0.78,0.00,0.78,0.78,0.78,Matches,0.50,1.00,2,1,50.0,0.78,1.57,,,,,,,,,,,,,,,,,,,Allsvenskan,2026
d6bcbb7d,Obilor Okeke,Obilor Okeke,no NOR,MF,Brommapojkarna,23-265,2002,2,2,123,1.4,0,0,0,0,0,0,0,0,0.00,0.00,0.00,0.00,0.00,Matches,0.00,,1,0,0.0,0.00,0.73,,,,,,,,,,,,,,,,,,,Allsvenskan,2026
0f5cc59a,Ozor Okeke,Ozor Okeke,ng NGA,MF,Elfsborg,19-302,2006,1,0,25,0.3,0,0,0,0,0,0,0,0,0.00,0.00,0.00,0.00,0.00,Matches,,,0,0,,0.00,0.00,,,,,,,,,,,,,,,,,,,Allsvenskan,2026
c3b0f15f,Jeppe Okkels,Jeppe Okkels,dk DEN,"FW,MF",Djurgården,26-261,1999,2,0,43,0.5,0,0,0,0,0,0,0,0,0.00,0.00,0.00,0.00,0.00,Matches,,,0,0,,0.00,0.00,,,,,,,,,,,,,,,,,,,Allsvenskan,2026
e7ee38c3,Robin Olsen,Robin Olsen,se SWE,GK,Malmö,36-096,1990,2,2,180,2.0,0,0,0,0,0,0,0,0,0.00,0.00,0.00,0.00,0.00,Matches,,,0,0,,0.00,0.00,0,0.0,2,2,2,1.00,0,180,0,0,0,,0,83.3,10,12,1,1,Allsvenskan,2026
0a4a1821,Simon Olsson,Simon Olsson,se SWE,MF,Elfsborg,28-212,1997,2,2,180,2.0,0,2,2,0,0,0,1,0,0.00,1.00,1.00,0.00,1.00,Matches,0.00,,1,0,0.0,0.00,0.50,,,,,,,,,,,,,,,,,,,Allsvenskan,2026
095ec83c,Anthony Olusanya,Anthony Olusanya,fi FIN,FW,Kalmar,25-218,2000,1,0,4,0.0,0,0,0,0,0,0,0,0,0.00,0.00,0.00,0.00,0.00,Matches,,,0,0,,0.00,0.00,,,,,,,,,,,,,,,,,,,Allsvenskan,2026
9ec04e2f,Sion Oppong,Sion Oppong,se SWE,FW,Brommapojkarna,18-201,2007,2,0,57,0.6,0,0,0,0,0,0,0,0,0.00,0.00,0.00,0.00,0.00,Matches,0.00,0.00,1,1,100.0,1.58,1.58,,,,,,,,,,,,,,,,,,,Allsvenskan,2026
3e346e16,Leo Östman,Leo Östman,se SWE,FW,Elfsborg,20-030,2006,2,0,34,0.4,0,0,0,0,0,0,0,0,0.00,0.00,0.00,0.00,0.00,Matches,0.00,,2,0,0.0,0.00,5.29,,,,,,,,,,,,,,,,,,,Allsvenskan,2026
8c9d9599,Filip Ottosson,Filip Ottosson,se SWE,MF,Göteborg,29-214,1996,2,2,158,1.8,0,0,0,0,0,0,0,0,0.00,0.00,0.00,0.00,0.00,Matches,0.00,,3,0,0.0,0.00,1.71,,,,,,,,,,,,,,,,,,,Allsvenskan,2026
da617483,Sotirios Papagiannopoulos,Sotirios Papagiannopoulos,se SWE,DF,AIK Stockholm,35-221,1990,2,0,7,0.1,0,0,0,0,0,0,0,0,0.00,0.00,0.00,0.00,0.00,Matches,,,0,0,,0.00,0.00,,,,,,,,,,,,,,,,,,,Allsvenskan,2026
c221c545,Michael Parker,Michael Parker,eng ENG,DF,Örgryte,21-117,2004,2,2,180,2.0,0,0,0,0,0,0,1,0,0.00,0.00,0.00,0.00,0.00,Matches,,,0,0,,0.00,0.00,,,,,,,,,,,,,,,,,,,Allsvenskan,2026
1785b786,Owen Parker-Price,Owen Parker-Price,nz NZL,MF,Örgryte,27-125,1998,2,2,180,2.0,0,0,0,0,0,0,0,0,0.00,0.00,0.00,0.00,0.00,Matches,0.00,0.00,3,2,66.7,1.00,1.50,,,,,,,,,,,,,,,,,,,Allsvenskan,2026
074f583c,Daniel Paulson,Daniel Paulson,se SWE,MF,Örgryte,30-203,1995,1,1,90,1.0,0,0,0,0,0,0,1,0,0.00,0.00,0.00,0.00,0.00,Matches,0.00,0.00,2,2,100.0,2.00,2.00,,,,,,,,,,,,,,,,,,,Allsvenskan,2026
94935f4e,Charlie Pavey,Charlie Pavey,se SWE,DF,AIK Stockholm,17-311,2008,2,2,142,1.6,0,0,0,0,0,0,1,0,0.00,0.00,0.00,0.00,0.00,Matches,0.00,0.00,2,2,100.0,1.27,1.27,,,,,,,,,,,,,,,,,,,Allsvenskan,2026
8092f486,Joakim Persson,Joakim Persson,se SWE,"FW,MF",Sirius,24-011,2002,1,0,20,0.2,0,0,0,0,0,0,0,0,0.00,0.00,0.00,0.00,0.00,Matches,,,0,0,,0.00,0.00,,,,,,,,,,,,,,,,,,,Allsvenskan,2026
b4c7ce2a,Malte Persson,Malte Persson,se SWE,FW,Halmstad,19-286,2006,2,2,149,1.7,0,1,1,0,0,0,0,0,0.00,0.60,0.60,0.00,0.60,Matches,0.00,0.00,2,1,50.0,0.60,1.21,,,,,,,,,,,,,,,,,,,Allsvenskan,2026
8830d81d,Noah Persson,Noah Persson,se SWE,"DF,MF",Hammarby,22-272,2003,2,0,39,0.4,0,0,0,0,0,0,0,0,0.00,0.00,0.00,0.00,0.00,Matches,,,0,0,,0.00,0.00,,,,,,,,,,,,,,,,,,,Allsvenskan,2026
38e91805,Isak Pettersson,Isak Pettersson,se SWE,GK,Elfsborg,28-312,1997,2,2,180,2.0,0,0,0,0,0,0,0,0,0.00,0.00,0.00,0.00,0.00,Matches,,,0,0,,0.00,0.00,1,50.0,2,2,2,1.00,0,180,0,0,0,,0,50.0,2,4,1,1,Allsvenskan,2026
cb54b01f,Oscar Pettersson,Oscar Pettersson,se SWE,FW,GAIS,26-072,2000,2,1,114,1.3,0,0,0,0,0,0,0,0,0.00,0.00,0.00,0.00,0.00,Matches,0.00,0.00,6,4,66.7,3.16,4.74,,,,,,,,,,,,,,,,,,,Allsvenskan,2026
c1268aa3,Tom Pettersson,Tom Pettersson,se SWE,DF,Mjällby,36-020,1990,2,2,166,1.8,0,0,0,0,0,0,1,0,0.00,0.00,0.00,0.00,0.00,Matches,0.00,0.00,4,1,25.0,0.54,2.17,,,,,,,,,,,,,,,,,,,Allsvenskan,2026
7e30f78c,Juhani Pikkarainen,Juhani Pikkarainen,fi FIN,DF,Degerfors,27-258,1998,2,2,180,2.0,0,1,1,0,0,0,0,0,0.00,0.50,0.50,0.00,0.50,Matches,0.00,,1,0,0.0,0.00,0.50,,,,,,,,,,,,,,,,,,,Allsvenskan,2026
a1fbaeb3,Marcus Rafferty,Marcus Rafferty,se SWE,"MF,FW",Degerfors,21-195,2004,2,2,155,1.7,1,0,1,1,0,0,0,0,0.58,0.00,0.58,0.58,0.58,Matches,0.50,1.00,2,1,50.0,0.58,1.16,,,,,,,,,,,,,,,,,,,Allsvenskan,2026
bf214961,Gottfrid Rapp,Gottfrid Rapp,se SWE,DF,Elfsborg,20-239,2005,1,0,17,0.2,0,0,0,0,0,0,0,0,0.00,0.00,0.00,0.00,0.00,Matches,,,0,0,,0.00,0.00,,,,,,,,,,,,,,,,,,,Allsvenskan,2026
4f001fc4,Zakarias Råvik,Zakarias Råvik,se SWE,DF,Kalmar,20-035,2006,2,2,180,2.0,0,0,0,0,0,0,0,0,0.00,0.00,0.00,0.00,0.00,Matches,,,0,0,,0.00,0.00,,,,,,,,,,,,,,,,,,,Allsvenskan,2026
a9780d60,Jonathan Ring,Jonathan Ring,se SWE,MF,Västerås,34-130,1991,1,1,89,1.0,0,0,0,0,0,0,2,1,0.00,0.00,0.00,0.00,0.00,Matches,,,0,0,,0.00,0.00,,,,,,,,,,,,,,,,,,,Allsvenskan,2026
09d131ed,Jacob Rinne,Jacob Rinne,se SWE,GK,Djurgården,32-298,1993,2,2,180,2.0,0,0,0,0,0,0,0,0,0.00,0.00,0.00,0.00,0.00,Matches,,,0,0,,0.00,0.00,1,50.0,2,2,2,1.00,0,180,0,0,0,,0,81.8,9,11,0,2,Allsvenskan,2026
8e833ce2,Tim Rönning,Tim Rönning,se SWE,GK,Halmstad,27-058,1999,2,2,180,2.0,0,0,0,0,0,0,0,0,0.00,0.00,0.00,0.00,0.00,Matches,,,0,0,,0.00,0.00,0,0.0,2,2,5,2.50,2,180,0,0,0,,0,54.5,6,11,0,0,Allsvenskan,2026
1c6f0559,Otto Rosengren,Otto Rosengren,se SWE,MF,Malmö,22-333,2003,2,2,180,2.0,1,0,1,1,0,0,1,0,0.50,0.00,0.50,0.50,0.50,Matches,0.20,1.00,5,1,20.0,0.50,2.50,,,,,,,,,,,,,,,,,,,Allsvenskan,2026
ee40fb63,Charlie Rosenquist,Charlie Rosenquist,se SWE,MF,Kalmar,18-348,2007,2,2,180,2.0,1,0,1,1,0,0,1,0,0.50,0.00,0.50,0.50,0.50,Matches,1.00,1.00,1,1,100.0,0.50,0.50,,,,,,,,,,,,,,,,,,,Allsvenskan,2026
a6d339fa,Colin Rosler,Colin Rosler,no NOR,DF,Malmö,25-357,2000,2,2,174,1.9,0,1,1,0,0,0,0,0,0.00,0.52,0.52,0.00,0.52,Matches,0.00,,1,0,0.0,0.00,0.52,,,,,,,,,,,,,,,,,,,Allsvenskan,2026
4307bdfc,Mohammed Rufaai,Mohammed Rufaai,gh GHA,DF,Elfsborg,20-030,2006,2,1,99,1.1,0,1,1,0,0,0,0,0,0.00,0.91,0.91,0.00,0.91,Matches,0.00,0.00,1,1,100.0,0.91,0.91,,,,,,,,,,,,,,,,,,,Allsvenskan,2026
5f3a46fb,Mikkel Rygaard Jensen,Mikkel Rygaard Jensen,dk DEN,"FW,MF",BK Häcken,35-110,1990,2,0,48,0.5,1,0,1,1,0,0,1,0,1.87,0.00,1.87,1.87,1.87,Matches,0.50,1.00,2,1,50.0,1.87,3.75,,,,,,,,,,,,,,,,,,,Allsvenskan,2026
95849ea7,Ahmed Saeed,Ahmed Saeed,se SWE,MF,Djurgården,17-357,2008,1,0,15,0.2,0,0,0,0,0,0,0,0,0.00,0.00,0.00,0.00,0.00,Matches,,,0,0,,0.00,0.00,,,,,,,,,,,,,,,,,,,Allsvenskan,2026
187ab096,Charles Sagoe Jr,Charles Sagoe Jr,eng ENG,FW,Kalmar,21-264,2004,2,2,165,1.8,0,0,0,0,0,0,0,0,0.00,0.00,0.00,0.00,0.00,Matches,0.00,,4,0,0.0,0.00,2.18,,,,,,,,,,,,,,,,,,,Allsvenskan,2026
c456358e,Abdelrahman Saidi,Abdelrahman Saidi,se SWE,FW,Västerås,26-244,1999,2,1,106,1.2,0,0,0,0,0,0,0,0,0.00,0.00,0.00,0.00,0.00,Matches,0.00,0.00,2,1,50.0,0.85,1.70,,,,,,,,,,,,,,,,,,,Allsvenskan,2026
2ca023ee,Samuel Salter,Samuel Salter,ca CAN,FW,GAIS,25-248,2000,2,2,146,1.6,0,0,0,0,0,0,0,0,0.00,0.00,0.00,0.00,0.00,Matches,0.00,0.00,5,1,20.0,0.62,3.08,,,,,,,,,,,,,,,,,,,Allsvenskan,2026
07a55cde,Áki Samuelsen,Áki Samuelsen,fo FRO,MF,Mjällby,21-362,2004,2,0,84,0.9,0,0,0,0,0,0,1,0,0.00,0.00,0.00,0.00,0.00,Matches,0.00,0.00,2,1,50.0,1.07,2.14,,,,,,,,,,,,,,,,,,,Allsvenskan,2026
52a7bcfe,Tobias Sana,Tobias Sana,se SWE,FW,Örgryte,36-277,1989,2,2,159,1.8,0,1,1,0,0,0,1,0,0.00,0.57,0.57,0.00,0.57,Matches,0.00,0.00,3,2,66.7,1.13,1.70,,,,,,,,,,,,,,,,,,,Allsvenskan,2026
9fad4bf0,David Seger,David Seger,se SWE,MF,BK Häcken,26-273,1999,1,0,5,0.1,0,0,0,0,0,0,0,0,0.00,0.00,0.00,0.00,0.00,Matches,,,0,0,,0.00,0.00,,,,,,,,,,,,,,,,,,,Allsvenskan,2026
467c0a0d,Kamilcan Sever,Kamilcan Sever,,FW,Brommapojkarna,19-224,2006,1,0,16,0.2,0,1,1,0,0,0,0,0,0.00,5.63,5.63,0.00,5.63,Matches,,,0,0,,0.00,0.00,,,,,,,,,,,,,,,,,,,Allsvenskan,2026
f9668f0a,Ari Sigurpálsson,Ari Sigurpálsson,is ISL,FW,Elfsborg,23-028,2003,2,0,27,0.3,1,0,1,1,0,0,0,0,3.33,0.00,3.33,3.33,3.33,Matches,0.50,1.00,2,1,50.0,3.33,6.67,,,,,,,,,,,,,,,,,,,Allsvenskan,2026
f209b81e,Arnór Sigurðsson,Arnór Sigurðsson,is ISL,MF,Malmö,26-334,1999,2,1,78,0.9,0,0,0,0,0,0,0,0,0.00,0.00,0.00,0.00,0.00,Matches,,,0,0,,0.00,0.00,,,,,,,,,,,,,,,,,,,Allsvenskan,2026
901dc77c,Matias Siltanen,Matias Siltanen,fi FIN,MF,Djurgården,19-016,2007,2,2,180,2.0,0,1,1,0,0,0,1,0,0.00,0.50,0.50,0.00,0.50,Matches,0.00,,1,0,0.0,0.00,0.50,,,,,,,,,,,,,,,,,,,Allsvenskan,2026
868b9f43,Taylor Silverholt,Taylor Silverholt,se SWE,FW,Elfsborg,25-010,2001,2,2,153,1.7,1,0,1,1,0,0,0,0,0.59,0.00,0.59,0.59,0.59,Matches,0.33,1.00,3,1,33.3,0.59,1.76,,,,,,,,,,,,,,,,,,,Allsvenskan,2026
7e66ba9f,Jordan Simpson,Jordan Simpson,se SWE,DF,Brommapojkarna,22-241,2003,2,2,180,2.0,0,0,0,0,0,0,1,0,0.00,0.00,0.00,0.00,0.00,Matches,,,0,0,,0.00,0.00,,,,,,,,,,,,,,,,,,,Allsvenskan,2026
7b21750a,Kees Sims,Kees Sims,nz NZL,GK,GAIS,23-018,2003,2,2,180,2.0,0,0,0,0,0,0,0,0,0.00,0.00,0.00,0.00,0.00,Matches,,,0,0,,0.00,0.00,0,0.0,2,2,4,2.00,2,180,0,0,0,,0,55.6,5,9,0,0,Allsvenskan,2026
957f813f,Oscar Sjöstrand,Oscar Sjöstrand,se SWE,MF,Malmö,21-157,2004,2,1,96,1.1,1,0,1,1,0,0,0,0,0.94,0.00,0.94,0.94,0.94,Matches,0.20,0.33,5,3,60.0,2.81,4.69,,,,,,,,,,,,,,,,,,,Allsvenskan,2026
ce650991,Hampus Skoglund,Hampus Skoglund,se SWE,DF,Hammarby,22-044,2004,2,2,180,2.0,0,0,0,0,0,0,1,0,0.00,0.00,0.00,0.00,0.00,Matches,0.00,,2,0,0.0,0.00,1.00,,,,,,,,,,,,,,,,,,,Allsvenskan,2026
0c574b7f,Adrian Skogmar,Adrian Skogmar,se SWE,MF,Malmö,20-142,2005,1,0,23,0.3,0,0,0,0,0,0,0,0,0.00,0.00,0.00,0.00,0.00,Matches,,,0,0,,0.00,0.00,,,,,,,,,,,,,,,,,,,Allsvenskan,2026
cb69c62f,Henry Sletsjøe,Henry Sletsjøe,se SWE,MF,GAIS,26-018,2000,1,0,28,0.3,0,0,0,0,0,0,0,0,0.00,0.00,0.00,0.00,0.00,Matches,,,0,0,,0.00,0.00,,,,,,,,,,,,,,,,,,,Allsvenskan,2026
1354966e,Marius Söderbäck,Marius Söderbäck,fi FIN,MF,Kalmar,22-067,2004,2,1,105,1.2,0,0,0,0,0,0,0,0,0.00,0.00,0.00,0.00,0.00,Matches,0.00,,1,0,0.0,0.00,0.86,,,,,,,,,,,,,,,,,,,Allsvenskan,2026
566c39c8,Mohamed Soumah,Mohamed Soumah,gn GUI,DF,Sirius,23-030,2003,1,1,90,1.0,0,0,0,0,0,0,0,0,0.00,0.00,0.00,0.00,0.00,Matches,0.00,0.00,2,1,50.0,1.00,2.00,,,,,,,,,,,,,,,,,,,Allsvenskan,2026
18ec2c12,Ben Stanley Omondi,Ben Stanley Omondi,ke KEN,DF,AIK Stockholm,21-355,2004,2,2,179,2.0,0,1,1,0,0,0,0,0,0.00,0.50,0.50,0.00,0.50,Matches,0.00,0.00,2,1,50.0,0.50,1.01,,,,,,,,,,,,,,,,,,,Allsvenskan,2026
6fb7edd3,Timo Stavitski,Timo Stavitski,fi FIN,MF,Mjällby,26-271,1999,1,1,45,0.5,0,0,0,0,0,0,0,0,0.00,0.00,0.00,0.00,0.00,Matches,,,0,0,,0.00,0.00,,,,,,,,,,,,,,,,,,,Allsvenskan,2026
89baf4bf,Daniel Stensson,Daniel Stensson,se SWE,MF,Djurgården,29-021,1997,1,0,22,0.2,0,0,0,0,0,0,0,0,0.00,0.00,0.00,0.00,0.00,Matches,,,0,0,,0.00,0.00,,,,,,,,,,,,,,,,,,,Allsvenskan,2026
2df964cf,Simon Strand,Simon Strand,se SWE,MF,Brommapojkarna,32-324,1993,2,1,102,1.1,0,0,0,0,0,0,1,0,0.00,0.00,0.00,0.00,0.00,Matches,0.00,,2,0,0.0,0.00,1.76,,,,,,,,,,,,,,,,,,,Allsvenskan,2026
ff11bdec,Elliot Stroud,Elliot Stroud,se SWE,"MF,FW",Mjällby,23-296,2002,2,2,180,2.0,0,0,0,0,0,0,0,0,0.00,0.00,0.00,0.00,0.00,Matches,0.00,0.00,7,2,28.6,1.00,3.50,,,,,,,,,,,,,,,,,,,Allsvenskan,2026
f91e81c9,Jens Stryger Larsen,Jens Stryger Larsen,dk DEN,DF,Malmö,35-052,1991,2,1,69,0.8,0,1,1,0,0,0,0,0,0.00,1.30,1.30,0.00,1.30,Matches,,,0,0,,0.00,0.00,,,,,,,,,,,,,,,,,,,Allsvenskan,2026
0787a05e,Kristian Strømland Lien,Kristian Strømland Lien,no NOR,FW,Djurgården,24-196,2001,2,2,173,1.9,2,0,2,2,0,1,0,0,1.04,0.00,1.04,1.04,1.04,Matches,0.25,0.67,8,3,37.5,1.56,4.16,,,,,,,,,,,,,,,,,,,Allsvenskan,2026
0b886e24,Christoffer Styffe,Christoffer Styffe,se SWE,DF,Örgryte,24-198,2001,2,2,179,2.0,0,0,0,0,0,0,0,0,0.00,0.00,0.00,0.00,0.00,Matches,0.00,0.00,1,1,100.0,0.50,0.50,,,,,,,,,,,,,,,,,,,Allsvenskan,2026
141b0bd2,Daniel Sundgren,Daniel Sundgren,se SWE,DF,Degerfors,35-143,1990,2,2,180,2.0,1,0,1,1,0,0,0,0,0.50,0.00,0.50,0.50,0.50,Matches,0.50,1.00,2,1,50.0,0.50,1.00,,,,,,,,,,,,,,,,,,,Allsvenskan,2026
567df63b,Adrian Svanbäck,Adrian Svanbäck,fi FIN,FW,BK Häcken,21-310,2004,2,2,165,1.8,1,0,1,1,0,0,0,0,0.55,0.00,0.55,0.55,0.55,Matches,0.25,0.33,4,3,75.0,1.64,2.18,,,,,,,,,,,,,,,,,,,Allsvenskan,2026
7bc8382b,Victor Svensson,Victor Svensson,dk DEN,MF,Sirius,19-308,2006,2,2,158,1.8,0,1,1,0,0,0,0,0,0.00,0.57,0.57,0.00,0.57,Matches,,,0,0,,0.00,0.00,,,,,,,,,,,,,,,,,,,Allsvenskan,2026
c36febac,William Svensson,William Svensson,se SWE,MF,Örgryte,23-236,2002,2,1,98,1.1,0,0,0,0,0,0,0,0,0.00,0.00,0.00,0.00,0.00,Matches,0.00,,1,0,0.0,0.00,0.92,,,,,,,,,,,,,,,,,,,Allsvenskan,2026
40134a35,Lars Sætra,Lars Sætra,no NOR,DF,Kalmar,34-264,1991,2,1,106,1.2,0,0,0,0,0,0,0,0,0.00,0.00,0.00,0.00,0.00,Matches,,,0,0,,0.00,0.00,,,,,,,,,,,,,,,,,,,Allsvenskan,2026
8830ef53,Arman Taranis,Arman Taranis,dk DEN,FW,Degerfors,24-258,2001,1,0,21,0.2,0,0,0,0,0,0,0,0,0.00,0.00,0.00,0.00,0.00,Matches,,,0,0,,0.00,0.00,,,,,,,,,,,,,,,,,,,Allsvenskan,2026
ed16934e,Tesfaldet Tekie,Tesfaldet Tekie,se SWE,MF,Hammarby,28-314,1997,1,0,28,0.3,0,0,0,0,0,0,0,0,0.00,0.00,0.00,0.00,0.00,Matches,0.00,0.00,1,1,100.0,3.21,3.21,,,,,,,,,,,,,,,,,,,Allsvenskan,2026
2ca35213,Miro Tenho,Miro Tenho,fi FIN,DF,Djurgården,31-012,1995,2,2,180,2.0,0,0,0,0,0,0,0,0,0.00,0.00,0.00,0.00,0.00,Matches,,,0,0,,0.00,0.00,,,,,,,,,,,,,,,,,,,Allsvenskan,2026
0193b319,Ludvig Tidstrand,Ludvig Tidstrand,se SWE,MF,Mjällby,20-255,2005,1,0,6,0.1,0,0,0,0,0,0,0,0,0.00,0.00,0.00,0.00,0.00,Matches,,,0,0,,0.00,0.00,,,,,,,,,,,,,,,,,,,Allsvenskan,2026
5e4dae5f,Alex Timossi Andersson,Alex Timossi Andersson,se SWE,DF,Brommapojkarna,25-085,2001,2,2,180,2.0,1,0,1,1,0,0,0,0,0.50,0.00,0.50,0.50,0.50,Matches,0.33,1.00,3,1,33.3,0.50,1.50,,,,,,,,,,,,,,,,,,,Allsvenskan,2026
90e35ee6,Erko Tõugjas,Erko Tõugjas,ee EST,DF,Halmstad,22-283,2003,2,2,180,2.0,0,0,0,0,0,0,1,0,0.00,0.00,0.00,0.00,0.00,Matches,0.00,,1,0,0.0,0.00,0.50,,,,,,,,,,,,,,,,,,,Allsvenskan,2026
81afd40e,Andreas Troelsen,Andreas Troelsen,dk DEN,DF,Brommapojkarna,23-014,2003,2,2,180,2.0,1,0,1,1,0,0,0,0,0.50,0.00,0.50,0.50,0.50,Matches,0.33,1.00,3,1,33.3,0.50,1.50,,,,,,,,,,,,,,,,,,,Allsvenskan,2026
5676b095,Vilmer Tyren,Vilmer Tyren,se SWE,"MF,FW",Kalmar,20-346,2005,2,2,135,1.5,0,0,0,0,0,0,0,0,0.00,0.00,0.00,0.00,0.00,Matches,0.00,,3,0,0.0,0.00,2.00,,,,,,,,,,,,,,,,,,,Allsvenskan,2026
c273adf2,Jerome Ugwo,Jerome Ugwo,se SWE,FW,Örgryte,27-153,1998,2,1,85,0.9,1,0,1,1,0,0,0,0,1.06,0.00,1.06,1.06,1.06,Matches,1.00,1.00,1,1,100.0,1.06,1.06,,,,,,,,,,,,,,,,,,,Allsvenskan,2026
b45672e0,Jacob Une Larsson,Jacob Une Larsson,se SWE,DF,Djurgården,32-006,1994,2,1,93,1.0,0,0,0,0,0,0,0,0,0.00,0.00,0.00,0.00,0.00,Matches,,,0,0,,0.00,0.00,,,,,,,,,,,,,,,,,,,Allsvenskan,2026
1f649e71,Robbie Ure,Robbie Ure,sct SCO,FW,Sirius,22-047,2004,2,2,180,2.0,2,0,2,2,0,0,0,0,1.00,0.00,1.00,1.00,1.00,Matches,0.67,1.00,3,2,66.7,1.00,1.50,,,,,,,,,,,,,,,,,,,Allsvenskan,2026
8e2d1c7a,Dijan Vukojevic,Dijan Vukojevic,se SWE,FW,Degerfors,30-214,1995,2,2,134,1.5,0,0,0,0,0,0,0,0,0.00,0.00,0.00,0.00,0.00,Matches,0.00,,1,0,0.0,0.00,0.67,,,,,,,,,,,,,,,,,,,Allsvenskan,2026
5d7c2b31,Gabriel Wallentin,Gabriel Wallentin,se SWE,DF,Halmstad,25-011,2001,1,1,90,1.0,0,0,0,0,0,0,0,0,0.00,0.00,0.00,0.00,0.00,Matches,,,0,0,,0.00,0.00,,,,,,,,,,,,,,,,,,,Allsvenskan,2026
9a8444a6,Robin Wallinder,Robin Wallinder,se SWE,GK,Mjällby,26-336,1999,2,2,180,2.0,0,0,0,0,0,0,0,0,0.00,0.00,0.00,0.00,0.00,Matches,,,0,0,,0.00,0.00,0,0.0,2,2,5,2.50,2,180,0,0,0,,0,44.4,4,9,0,0,Allsvenskan,2026
bdb3baee,August Wangberg,August Wangberg,se SWE,DF,GAIS,32-105,1993,2,1,123,1.4,0,0,0,0,0,0,0,0,0.00,0.00,0.00,0.00,0.00,Matches,,,0,0,,0.00,0.00,,,,,,,,,,,,,,,,,,,Allsvenskan,2026
c1851bfd,Brice Wembangomo,Brice Wembangomo,no NOR,DF,BK Häcken,29-117,1996,2,2,180,2.0,0,0,0,0,0,0,0,0,0.00,0.00,0.00,0.00,0.00,Matches,,,0,0,,0.00,0.00,,,,,,,,,,,,,,,,,,,Allsvenskan,2026
fbdeae85,Robin Wendin Thomasson,Robin Wendin Thomasson,se SWE,DF,GAIS,27-019,1999,2,0,47,0.5,0,0,0,0,0,0,0,0,0.00,0.00,0.00,0.00,0.00,Matches,,,0,0,,0.00,0.00,,,,,,,,,,,,,,,,,,,Allsvenskan,2026
0b4921f3,Victor Wernersson,Victor Wernersson,se SWE,DF,Västerås,30-282,1995,2,2,168,1.9,0,0,0,0,0,0,0,0,0.00,0.00,0.00,0.00,0.00,Matches,,,0,0,,0.00,0.00,,,,,,,,,,,,,,,,,,,Allsvenskan,2026
1f050b89,Rasmus Wikström,Rasmus Wikström,se SWE,DF,Elfsborg,25-027,2001,2,2,180,2.0,0,0,0,0,0,0,1,0,0.00,0.00,0.00,0.00,0.00,Matches,0.00,,1,0,0.0,0.00,0.50,,,,,,,,,,,,,,,,,,,Allsvenskan,2026
a1257b5e,Frederik Winther,Frederik Winther,dk DEN,DF,Hammarby,25-100,2001,2,2,180,2.0,0,0,0,0,0,0,0,0,0.00,0.00,0.00,0.00,0.00,Matches,0.00,,3,0,0.0,0.00,1.50,,,,,,,,,,,,,,,,,,,Allsvenskan,2026
835d9ab5,Emmanuel Yeboah,Emmanuel Yeboah,gh GHA,FW,Halmstad,23-048,2003,2,0,39,0.4,0,0,0,0,0,0,0,0,0.00,0.00,0.00,0.00,0.00,Matches,,,0,0,,0.00,0.00,,,,,,,,,,,,,,,,,,,Allsvenskan,2026
ad9a7506,Rockson Yeboah,Rockson Yeboah,gh GHA,DF,Göteborg,21-255,2004,2,1,97,1.1,0,0,0,0,0,0,0,1,0.00,0.00,0.00,0.00,0.00,Matches,0.00,,2,0,0.0,0.00,1.86,,,,,,,,,,,,,,,,,,,Allsvenskan,2026
cdb5206b,Gideon Yiriyon Yaw,Gideon Yiriyon Yaw,gh GHA,MF,Degerfors,18-311,2007,1,1,88,1.0,0,0,0,0,0,0,1,0,0.00,0.00,0.00,0.00,0.00,Matches,0.00,,1,0,0.0,0.00,1.02,,,,,,,,,,,,,,,,,,,Allsvenskan,2026
4a76513e,Zadok Yohanna,Zadok Yohanna,ng NGA,"MF,FW",AIK Stockholm,18-289,2007,2,2,174,1.9,1,1,2,1,0,0,1,0,0.52,0.52,1.03,0.52,1.03,Matches,0.09,0.50,11,2,18.2,1.03,5.69,,,,,,,,,,,,,,,,,,,Allsvenskan,2026
72d4922b,Oliver Zandén,Oliver Zandén,se SWE,DF,Brommapojkarna,24-243,2001,2,2,180,2.0,0,1,1,0,0,0,0,0,0.00,0.50,0.50,0.00,0.50,Matches,,,0,0,,0.00,0.00,,,,,,,,,,,,,,,,,,,Allsvenskan,2026
095e4199,Arber Zeneli,Arber Zeneli,xk KVX,FW,Elfsborg,31-048,1995,2,2,146,1.6,0,0,0,0,0,0,0,0,0.00,0.00,0.00,0.00,0.00,Matches,0.00,0.00,1,1,100.0,0.62,0.62,,,,,,,,,,,,,,,,,,,Allsvenskan,2026
7edb0618,Sivert Øverby,Sivert Øverby,no NOR,DF,Kalmar,26-308,1999,2,0,17,0.2,0,0,0,0,0,0,0,0,0.00,0.00,0.00,0.00,0.00,Matches,0.00,,1,0,0.0,0.00,5.29,,,,,,,,,,,,,,,,,,,Allsvenskan,2026
88351b7e,Robert Þorkelsson,Robert Þorkelsson,is ISL,MF,GAIS,20-239,2005,1,0,33,0.4,0,0,0,0,0,0,0,0,0.00,0.00,0.00,0.00,0.00,Matches,,,0,0,,0.00,0.00,,,,,,,,,,,,,,,,,,,Allsvenskan,2026
fcd3f666,Kolbeinn Þórðarson,Kolbeinn Þórðarson,is ISL,MF,Göteborg,26-033,2000,2,2,158,1.8,0,0,0,0,0,0,1,0,0.00,0.00,0.00,0.00,0.00,Matches,0.00,0.00,5,1,20.0,0.57,2.85,,,,,,,,,,,,,,,,,,,Allsvenskan,2026
13597461,Andrej Đurić,Andrej Đurić,me MNE,DF,Malmö,22-205,2003,1,0,6,0.1,0,0,0,0,0,0,0,0,0.00,0.00,0.00,0.00,0.00,Matches,,,0,0,,0.00,0.00,,,,,,,,,,,,,,,,,,,Allsvenskan,2026
da4b8a4e,Taha Abdi Ali,Taha Abdi Ali,se SWE,"MF,FW",Malmö,26,1998,26,14,"1,507",16.7,2,2,4,2,0,0,1,0,0.12,0.12,0.24,0.12,0.24,Matches,0.04,0.14,48,14,29.2,0.84,2.87,,,,,,,,,,,,,,,,,,,Allsvenskan,2025
24c66967,Joackim Åberg,Joackim Åberg,se SWE,MF,GAIS,26,1998,16,10,760,8.4,0,0,0,0,0,0,1,0,0.00,0.00,0.00,0.00,0.00,Matches,0.00,,3,0,0.0,0.00,0.36,,,,,,,,,,,,,,,,,,,Allsvenskan,2025
fd99de9d,Paulos Abraham,Paulos Abraham,se SWE,"FW,MF",Hammarby,22,2002,27,21,"1,767",19.6,8,4,12,8,0,0,0,0,0.41,0.20,0.61,0.41,0.61,Matches,0.17,0.35,46,23,50.0,1.17,2.34,,,,,,,,,,,,,,,,,,,Allsvenskan,2025
7cac4007,Kevin Ackermann,Kevin Ackermann,se SWE,MF,Brommapojkarna,23,2001,26,25,"2,185",24.3,0,0,0,0,0,0,9,0,0.00,0.00,0.00,0.00,0.00,Matches,0.00,0.00,19,2,10.5,0.08,0.78,,,,,,,,,,,,,,,,,,,Allsvenskan,2025
6586d884,Frank Adjei Jnr,Frank Adjei Jnr,gh GHA,"MF,FW",Värnamo,20,2004,15,8,827,9.2,2,1,3,2,0,0,2,0,0.22,0.11,0.33,0.22,0.33,Matches,0.08,0.25,24,8,33.3,0.87,2.61,,,,,,,,,,,,,,,,,,,Allsvenskan,2025
6586d884,Frank Adjei Jnr,Frank Adjei Jnr,gh GHA,"MF,FW",Värnamo,20,2004,15,8,827,9.2,2,1,3,2,0,0,2,0,0.22,0.11,0.33,0.22,0.33,Matches,0.08,0.33,12,3,25.0,0.56,2.25,,,,,,,,,,,,,,,,,,,Allsvenskan,2025
6586d884,Frank Adjei Jnr,Frank Adjei Jnr,gh GHA,"MF,FW",Hammarby,20,2004,11,6,481,5.3,1,0,1,1,0,0,2,0,0.19,0.00,0.19,0.19,0.19,Matches,0.08,0.25,24,8,33.3,0.87,2.61,,,,,,,,,,,,,,,,,,,Allsvenskan,2025
6586d884,Frank Adjei Jnr,Frank Adjei Jnr,gh GHA,"MF,FW",Hammarby,20,2004,11,6,481,5.3,1,0,1,1,0,0,2,0,0.19,0.00,0.19,0.19,0.19,Matches,0.08,0.33,12,3,25.0,0.56,2.25,,,,,,,,,,,,,,,,,,,Allsvenskan,2025
74e92ec8,Raymond Adjei,Raymond Adjei,se SWE,DF,Öster,20,2004,10,0,236,2.6,0,0,0,0,0,0,0,0,0.00,0.00,0.00,0.00,0.00,Matches,0.00,0.00,2,1,50.0,0.38,0.76,,,,,,,,,,,,,,,,,,,Allsvenskan,2025
80ec4d87,Mattis Adolfsson,Mattis Adolfsson,se SWE,DF,Öster,23,2001,27,27,"2,357",26.2,2,1,3,2,0,0,7,1,0.08,0.04,0.11,0.08,0.11,Matches,0.15,0.50,13,4,30.8,0.15,0.50,,,,,,,,,,,,,,,,,,,Allsvenskan,2025
bc5fc7b6,Yannick Agnero,Yannick Agnero,ci CIV,FW,Halmstad,21,2003,19,19,"1,559",17.3,5,3,8,5,0,1,4,0,0.29,0.17,0.46,0.29,0.46,Matches,0.10,0.22,52,23,44.2,1.33,3.00,,,,,,,,,,,,,,,,,,,Allsvenskan,2025
5ad77e97,Oskar Ågren,Oskar Ågren,se SWE,DF,GAIS,26,1998,24,24,"2,126",23.6,1,1,2,1,0,0,4,0,0.04,0.04,0.08,0.04,0.08,Matches,0.09,0.33,11,3,27.3,0.13,0.47,,,,,,,,,,,,,,,,,,,Allsvenskan,2025
d339c444,Isak Alemayehu Mulugeta,Isak Alemayehu Mulugeta,se SWE,MF,Djurgården,18,2006,10,4,472,5.2,0,0,0,0,0,0,2,0,0.00,0.00,0.00,0.00,0.00,Matches,0.00,0.00,3,3,100.0,0.57,0.57,,,,,,,,,,,,,,,,,,,Allsvenskan,2025
12ab9e4c,Abdihakin Ali,Abdihakin Ali,se SWE,MF,AIK Stockholm,23,2002,17,5,664,7.4,1,1,2,1,0,0,0,0,0.14,0.14,0.27,0.14,0.27,Matches,0.08,0.33,12,3,25.0,0.41,1.63,,,,,,,,,,,,,,,,,,,Allsvenskan,2025
f1547634,Alibek Aliev,Alibek Aliev,se SWE,FW,Öster,28,1996,29,27,"2,300",25.6,7,2,9,6,1,1,3,0,0.27,0.08,0.35,0.23,0.31,Matches,0.13,0.26,46,23,50.0,0.90,1.80,,,,,,,,,,,,,,,,,,,Allsvenskan,2025
db7e298a,Saidou Alioum,Saidou Alioum,cm CMR,"MF,FW",Göteborg,21,2003,16,13,"1,056",11.7,2,2,4,2,0,0,0,0,0.17,0.17,0.34,0.17,0.34,Matches,0.07,0.25,28,8,28.6,0.68,2.39,,,,,,,,,,,,,,,,,,,Allsvenskan,2025
097e650b,Joel Allansson,Joel Allansson,se SWE,MF,Halmstad,32,1992,30,30,"2,621",29.1,0,2,2,0,0,0,3,0,0.00,0.07,0.07,0.00,0.07,Matches,0.00,,8,0,0.0,0.00,0.27,,,,,,,,,,,,,,,,,,,Allsvenskan,2025
09522a17,Chovanie Amatkarijo,Chovanie Amatkarijo,sx SMA,FW,GAIS,25,1999,9,6,464,5.2,0,0,0,0,0,0,0,0,0.00,0.00,0.00,0.00,0.00,Matches,0.00,0.00,8,2,25.0,0.39,1.55,,,,,,,,,,,,,,,,,,,Allsvenskan,2025
e5e6cf52,Silas Andersen,Silas Andersen,dk DEN,"MF,DF",BK Häcken,20,2004,26,24,"2,183",24.3,2,3,5,2,0,0,11,0,0.08,0.12,0.21,0.08,0.21,Matches,0.07,0.20,29,10,34.5,0.41,1.20,,,,,,,,,,,,,,,,,,,Allsvenskan,2025
df9cf26b,Alexander Anderson,Alexander Anderson,,,Djurgården,,,1,0,5,0.1,0,0,0,0,0,0,0,0,0.00,0.00,0.00,0.00,0.00,Matches,,,0,0,,0.00,0.00,,,,,,,,,,,,,,,,,,,Allsvenskan,2025
0a721e85,Mikael Anderson,Mikael Anderson,is ISL,MF,Djurgården,26,1998,14,13,"1,120",12.4,4,2,6,4,0,0,4,0,0.32,0.16,0.48,0.32,0.48,Matches,0.13,0.27,31,15,48.4,1.21,2.49,,,,,,,,,,,,,,,,,,,Allsvenskan,2025
96a7a831,Åke Andersson,Åke Andersson,se SWE,MF,Norrköping,17,2007,17,2,348,3.9,0,0,0,0,0,0,2,0,0.00,0.00,0.00,0.00,0.00,Matches,0.00,0.00,7,1,14.3,0.26,1.81,,,,,,,,,,,,,,,,,,,Allsvenskan,2025
1771aa56,David Andersson,David Andersson,se SWE,GK,Norrköping,21,2003,30,30,"2,650",29.4,0,1,1,0,0,0,2,0,0.00,0.03,0.03,0.00,0.03,Matches,,,0,0,,0.00,0.00,2,6.7,30,30,56,1.90,17,"2,650",2,2,0,0.0,0,65.8,104,158,5,8,Allsvenskan,2025
f026e46a,Hugo Andersson,Hugo Andersson,se SWE,DF,Värnamo,26,1999,23,14,"1,443",16.0,1,1,2,1,0,0,3,0,0.06,0.06,0.12,0.06,0.12,Matches,0.13,1.00,8,1,12.5,0.06,0.50,,,,,,,,,,,,,,,,,,,Allsvenskan,2025
6df7c5c9,Mans Andersson,Mans Andersson,se SWE,MF,Halmstad,19,2005,9,0,90,1.0,0,0,0,0,0,0,0,0,0.00,0.00,0.00,0.00,0.00,Matches,0.00,,1,0,0.0,0.00,1.00,,,,,,,,,,,,,,,,,,,Allsvenskan,2025
1cedf8d8,Victor Andersson,Victor Andersson,se SWE,"MF,FW",AIK Stockholm,20,2004,9,4,375,4.2,2,1,3,2,0,0,2,0,0.48,0.24,0.72,0.48,0.72,Matches,0.22,1.00,9,2,22.2,0.48,2.16,,,,,,,,,,,,,,,,,,,Allsvenskan,2025
04914da4,Viktor Andersson,Viktor Andersson,se SWE,GK,Värnamo,20,2004,3,3,270,3.0,0,0,0,0,0,0,0,0,0.00,0.00,0.00,0.00,0.00,Matches,,,0,0,,0.00,0.00,0,0.0,3,3,4,1.33,3,270,0,0,0,,0,63.6,7,11,0,0,Allsvenskan,2025
66205d28,Ísak Andri Sigurgeirsson,Ísak Andri Sigurgeirsson,is ISL,"MF,FW",Norrköping,21,2003,30,29,"2,564",28.5,3,6,9,3,0,0,3,0,0.11,0.21,0.32,0.11,0.32,Matches,0.08,0.21,39,14,35.9,0.49,1.37,,,,,,,,,,,,,,,,,,,Allsvenskan,2025
2e9ea8fd,Tobias Anker,Tobias Anker,dk DEN,DF,Sirius,23,2001,28,28,"2,520",28.0,2,0,2,2,0,0,6,0,0.07,0.00,0.07,0.07,0.07,Matches,0.13,0.33,16,6,37.5,0.21,0.57,,,,,,,,,,,,,,,,,,,Allsvenskan,2025
f374a4b3,Kent-Are Antonsen,Kent-Are Antonsen,no NOR,MF,Värnamo,29,1995,10,10,858,9.5,0,0,0,0,0,0,1,0,0.00,0.00,0.00,0.00,0.00,Matches,0.00,0.00,7,1,14.3,0.10,0.73,,,,,,,,,,,,,,,,,,,Allsvenskan,2025
ba3378a5,Marcus Antonsson,Marcus Antonsson,se SWE,FW,Värnamo,33,1991,13,10,969,10.8,4,2,6,4,0,0,1,0,0.37,0.19,0.56,0.37,0.56,Matches,0.20,0.36,20,11,55.0,1.02,1.86,,,,,,,,,,,,,,,,,,,Allsvenskan,2025
3408f5d8,Jónatan Arnarsson,Jónatan Arnarsson,is ISL,MF,Norrköping,17,2007,10,0,71,0.8,0,0,0,0,0,0,0,0,0.00,0.00,0.00,0.00,0.00,Matches,0.00,0.00,2,1,50.0,1.27,2.54,,,,,,,,,,,,,,,,,,,Allsvenskan,2025
ef516406,Frode Aronsson,Frode Aronsson,se SWE,"MF,DF",Elfsborg,19,2005,12,3,363,4.0,0,0,0,0,0,0,1,0,0.00,0.00,0.00,0.00,0.00,Matches,0.00,,2,0,0.0,0.00,0.50,,,,,,,,,,,,,,,,,,,Allsvenskan,2025
f82c553e,Love Arrhov,Love Arrhov,se SWE,MF,Brommapojkarna,16,2008,20,15,"1,302",14.5,1,2,3,1,0,0,0,0,0.07,0.14,0.21,0.07,0.21,Matches,0.05,0.25,20,4,20.0,0.28,1.38,,,,,,,,,,,,,,,,,,,Allsvenskan,2025
ecce1278,Erik Arvidsson,Erik Arvidsson,,"FW,MF",Halmstad,,,25,13,938,10.4,0,1,1,0,0,0,1,0,0.00,0.10,0.10,0.00,0.10,Matches,0.00,0.00,4,1,25.0,0.10,0.38,,,,,,,,,,,,,,,,,,,Allsvenskan,2025
bdf1db39,Rocco Ascone,Rocco Ascone,fr FRA,MF,Halmstad,21,2003,11,10,799,8.9,1,0,1,0,1,1,3,0,0.11,0.00,0.11,0.00,0.00,Matches,0.00,0.00,9,2,22.2,0.23,1.01,,,,,,,,,,,,,,,,,,,Allsvenskan,2025
46b7eab3,Daniel Ask,Daniel Ask,se SWE,MF,Öster,26,1998,24,18,"1,529",17.0,0,0,0,0,0,0,6,0,0.00,0.00,0.00,0.00,0.00,Matches,0.00,0.00,7,3,42.9,0.18,0.41,,,,,,,,,,,,,,,,,,,Allsvenskan,2025
e9a809c4,Patric Åslund,Patric Åslund,se SWE,MF,Djurgården,22,2002,17,5,596,6.6,2,0,2,2,0,0,1,0,0.30,0.00,0.30,0.30,0.30,Matches,0.25,0.40,8,5,62.5,0.76,1.21,,,,,,,,,,,,,,,,,,,Allsvenskan,2025
bcddb3ea,Alieu Atlee Manneh,Alieu Atlee Manneh,se SWE,DF,Djurgården,18,2006,1,0,1,0.0,0,0,0,0,0,0,0,0,0.00,0.00,0.00,0.00,0.00,Matches,,,0,0,,0.00,0.00,,,,,,,,,,,,,,,,,,,Allsvenskan,2025
f3360205,Carl Aurell,Carl Aurell,se SWE,FW,Brommapojkarna,14,2010,1,0,5,0.1,0,0,0,0,0,0,0,0,0.00,0.00,0.00,0.00,0.00,Matches,,,0,0,,0.00,0.00,,,,,,,,,,,,,,,,,,,Allsvenskan,2025
924a6d17,Taha Ayari,Taha Ayari,se SWE,"MF,FW",AIK Stockholm,19,2005,18,11,962,10.7,0,2,2,0,0,0,1,0,0.00,0.19,0.19,0.00,0.19,Matches,0.00,0.00,16,3,18.8,0.28,1.50,,,,,,,,,,,,,,,,,,,Allsvenskan,2025
ddd54920,Jonas Bager,Jonas Bager,dk DEN,DF,Göteborg,28,1996,15,12,"1,006",11.2,0,0,0,0,0,0,2,0,0.00,0.00,0.00,0.00,0.00,Matches,0.00,,4,0,0.0,0.00,0.36,,,,,,,,,,,,,,,,,,,Allsvenskan,2025
8ec24b58,Marcus Baggesen,Marcus Baggesen,dk DEN,DF,Norrköping,21,2003,21,15,"1,403",15.6,0,0,0,0,0,0,2,0,0.00,0.00,0.00,0.00,0.00,Matches,0.00,0.00,8,2,25.0,0.13,0.51,,,,,,,,,,,,,,,,,,,Allsvenskan,2025
8689dccc,Nabil Bahoui,Nabil Bahoui,se SWE,MF,Brommapojkarna,33,1991,14,1,247,2.7,0,0,0,0,0,0,2,0,0.00,0.00,0.00,0.00,0.00,Matches,0.00,0.00,12,4,33.3,1.46,4.37,,,,,,,,,,,,,,,,,,,Allsvenskan,2025
d0a0e4dc,Bork Bang-Kittilsen,Bork Bang-Kittilsen,no NOR,"MF,FW",Mjällby,19,2005,11,2,303,3.4,0,1,1,0,0,0,1,0,0.00,0.30,0.30,0.00,0.30,Matches,0.00,,3,0,0.0,0.00,0.89,,,,,,,,,,,,,,,,,,,Allsvenskan,2025
c0d3bd23,Jacob Barrett Laursen,Jacob Barrett Laursen,dk DEN,DF,BK Häcken,30,1994,1,1,55,0.6,0,0,0,0,0,0,0,0,0.00,0.00,0.00,0.00,0.00,Matches,,,0,0,,0.00,0.00,,,,,,,,,,,,,,,,,,,Allsvenskan,2025
a9e5bc99,Kaare Barslund,Kaare Barslund,dk DEN,"MF,DF",Brommapojkarna,20,2004,17,12,949,10.5,1,3,4,1,0,0,2,0,0.09,0.28,0.38,0.09,0.38,Matches,0.50,1.00,2,1,50.0,0.09,0.19,,,,,,,,,,,,,,,,,,,Allsvenskan,2025
0f46f028,Elias Barsoum,Elias Barsoum,se SWE,"MF,FW",Degerfors,22,2002,27,19,"1,512",16.8,2,1,3,2,0,0,3,0,0.12,0.06,0.18,0.12,0.18,Matches,0.06,0.20,31,10,32.3,0.60,1.85,,,,,,,,,,,,,,,,,,,Allsvenskan,2025
d189eba5,Edvin Becirovic,Edvin Becirovic,se SWE,FW,GAIS,24,2000,20,6,649,7.2,2,0,2,2,0,0,3,0,0.28,0.00,0.28,0.28,0.28,Matches,0.15,0.33,13,6,46.2,0.83,1.80,,,,,,,,,,,,,,,,,,,Allsvenskan,2025
7d88e3b5,Filip Beckman,Filip Beckman,se SWE,DF,GAIS,21,2003,19,15,"1,345",14.9,0,0,0,0,0,0,2,0,0.00,0.00,0.00,0.00,0.00,Matches,0.00,0.00,12,1,8.3,0.07,0.80,,,,,,,,,,,,,,,,,,,Allsvenskan,2025
3cec24f8,Daniel Bengtsson,Daniel Bengtsson,se SWE,FW,GAIS,16,2008,2,0,9,0.1,0,0,0,0,0,0,0,0,0.00,0.00,0.00,0.00,0.00,Matches,,,0,0,,0.00,0.00,,,,,,,,,,,,,,,,,,,Allsvenskan,2025
305a3820,Filip Benković,Filip Benković,hr CRO,DF,AIK Stockholm,27,1997,27,24,"2,186",24.3,1,2,3,1,0,0,2,0,0.04,0.08,0.12,0.04,0.12,Matches,0.04,0.20,26,5,19.2,0.21,1.07,,,,,,,,,,,,,,,,,,,Allsvenskan,2025
ce30f585,Lion Beqiri,Lion Beqiri,se SWE,FW,BK Häcken,18,2006,1,0,3,0.0,0,0,0,0,0,0,0,0,0.00,0.00,0.00,0.00,0.00,Matches,,,0,0,,0.00,0.00,,,,,,,,,,,,,,,,,,,Allsvenskan,2025
a0b95824,Lasse Berg Johnsen,Lasse Berg Johnsen,no NOR,MF,Malmö,25,1999,22,22,"1,828",20.3,3,2,5,1,2,4,3,0,0.15,0.10,0.25,0.05,0.15,Matches,0.04,0.13,27,8,29.6,0.39,1.33,,,,,,,,,,,,,,,,,,,Allsvenskan,2025
6053df96,Oliver Berg,Oliver Berg,no NOR,"MF,FW",Malmö,31,1993,17,5,567,6.3,0,2,2,0,0,0,0,0,0.00,0.32,0.32,0.00,0.32,Matches,0.00,0.00,5,1,20.0,0.16,0.79,,,,,,,,,,,,,,,,,,,Allsvenskan,2025
b6c9898a,Viktor Bergh,Viktor Bergh,se SWE,"DF,FW",Djurgården,25,1999,9,3,328,3.6,0,0,0,0,0,0,2,0,0.00,0.00,0.00,0.00,0.00,Matches,0.00,,7,0,0.0,0.00,1.92,,,,,,,,,,,,,,,,,,,Allsvenskan,2025
52a3b022,William Bergman,William Bergman,,,Norrköping,,,1,0,2,0.0,0,0,0,0,0,0,0,0,0.00,0.00,0.00,0.00,0.00,Matches,,,0,0,,0.00,0.00,,,,,,,,,,,,,,,,,,,Allsvenskan,2025
1baa6c2b,Lukas Bergquist,Lukas Bergquist,se SWE,DF,Öster,24,2000,26,18,"1,771",19.7,1,1,2,1,0,0,6,0,0.05,0.05,0.10,0.05,0.10,Matches,0.07,0.33,14,3,21.4,0.15,0.71,,,,,,,,,,,,,,,,,,,Allsvenskan,2025
665d3deb,Jacob Bergström,Jacob Bergström,se SWE,FW,Mjällby,29,1995,29,23,"1,906",21.2,5,3,8,5,0,0,4,0,0.24,0.14,0.38,0.24,0.38,Matches,0.22,0.42,23,12,52.2,0.57,1.09,,,,,,,,,,,,,,,,,,,Allsvenskan,2025
beb11e3d,Theo Bergvall,Theo Bergvall,se SWE,DF,Djurgården,20,2004,24,19,"1,553",17.3,0,2,2,0,0,0,5,0,0.00,0.12,0.12,0.00,0.12,Matches,0.00,0.00,17,3,17.6,0.17,0.99,,,,,,,,,,,,,,,,,,,Allsvenskan,2025
ee833569,Etrit Berisha,Etrit Berisha,al ALB,GK,BK Häcken,35,1989,21,21,"1,890",21.0,0,0,0,0,0,0,1,0,0.00,0.00,0.00,0.00,0.00,Matches,,,0,0,,0.00,0.00,6,28.6,21,21,30,1.43,7,"1,890",0,0,0,,0,65.5,56,87,7,7,Allsvenskan,2025
2fadcd15,Nahir Besara,Nahir Besara,se SWE,"MF,FW",Hammarby,33,1991,30,29,"2,513",27.9,17,3,20,16,1,2,2,0,0.61,0.11,0.72,0.57,0.68,Matches,0.15,0.39,108,41,38.0,1.47,3.87,,,,,,,,,,,,,,,,,,,Allsvenskan,2025
aa3f95e3,Dino Beširović,Dino Beširović,ba BIH,"MF,DF",AIK Stockholm,31,1994,24,22,"1,871",20.8,1,4,5,1,0,0,12,0,0.05,0.19,0.24,0.05,0.24,Matches,0.05,0.25,20,4,20.0,0.19,0.96,,,,,,,,,,,,,,,,,,,Allsvenskan,2025
56b93eb3,Kenan Bilalovic,Kenan Bilalovic,se SWE,"FW,MF",Värnamo,19,2005,18,5,590,6.6,1,0,1,1,0,0,0,0,0.15,0.00,0.15,0.15,0.15,Matches,0.07,0.20,15,5,33.3,0.76,2.29,,,,,,,,,,,,,,,,,,,Allsvenskan,2025
53e4594b,Elis Bishesari,Elis Bishesari,se SWE,GK,Göteborg,19,2005,23,22,"2,020",22.4,0,0,0,0,0,0,1,0,0.00,0.00,0.00,0.00,0.00,Matches,,,0,0,,0.00,0.00,10,45.5,23,22,21,0.94,7,"2,020",2,5,1,50.0,2,78.9,72,90,2,13,Allsvenskan,2025
5e4020f5,Isak Bjerkebo,Isak Bjerkebo,se SWE,"MF,FW",Sirius,22,2003,29,23,"1,796",20.0,7,4,11,7,0,0,0,0,0.35,0.20,0.55,0.35,0.55,Matches,0.13,0.30,54,23,42.6,1.15,2.71,,,,,,,,,,,,,,,,,,,Allsvenskan,2025
141935d3,Eric Björkander,Eric Björkander,se SWE,DF,Brommapojkarna,28,1996,15,9,883,9.8,1,0,1,1,0,0,3,0,0.10,0.00,0.10,0.10,0.10,Matches,0.25,0.50,4,2,50.0,0.20,0.41,,,,,,,,,,,,,,,,,,,Allsvenskan,2025
72bdb210,Lukas Björklund,Lukas Björklund,se SWE,"FW,MF",Brommapojkarna,20,2004,8,6,548,6.1,0,1,1,0,0,0,3,0,0.00,0.16,0.16,0.00,0.16,Matches,0.00,0.00,4,1,25.0,0.16,0.66,,,,,,,,,,,,,,,,,,,Allsvenskan,2025
8db38187,Axel Björnström,Axel Björnström,se SWE,DF,Värnamo,29,1995,29,27,"2,324",25.8,0,3,3,0,0,0,6,0,0.00,0.12,0.12,0.00,0.12,Matches,0.00,0.00,13,3,23.1,0.12,0.50,,,,,,,,,,,,,,,,,,,Allsvenskan,2025
afbb68eb,Davor Blažević,Davor Blažević,se SWE,GK,Brommapojkarna,31,1993,14,14,"1,260",14.0,0,0,0,0,0,0,0,0,0.00,0.00,0.00,0.00,0.00,Matches,,,0,0,,0.00,0.00,1,7.1,14,14,23,1.64,10,"1,260",0,0,0,,0,61.0,36,59,1,3,Allsvenskan,2025
63170f69,Hugo Bolin,Hugo Bolin,se SWE,MF,Malmö,21,2003,28,25,"2,131",23.7,5,5,10,5,0,0,4,0,0.21,0.21,0.42,0.21,0.42,Matches,0.08,0.31,59,16,27.1,0.68,2.49,,,,,,,,,,,,,,,,,,,Allsvenskan,2025
5f58ba26,André Boman,André Boman,se SWE,"MF,DF",Halmstad,23,2001,16,13,"1,172",13.0,0,0,0,0,0,0,0,0,0.00,0.00,0.00,0.00,0.00,Matches,0.00,0.00,7,2,28.6,0.15,0.54,,,,,,,,,,,,,,,,,,,Allsvenskan,2025
694b9070,Alfons Borèn,Alfons Borèn,se SWE,FW,Göteborg,18,2006,1,0,2,0.0,0,0,0,0,0,0,0,0,0.00,0.00,0.00,0.00,0.00,Matches,,,0,0,,0.00,0.00,,,,,,,,,,,,,,,,,,,Allsvenskan,2025
3d13d9e4,Erik Botheim,Erik Botheim,no NOR,FW,Malmö,25,2000,8,5,424,4.7,0,0,0,0,0,0,1,0,0.00,0.00,0.00,0.00,0.00,Matches,0.00,0.00,11,3,27.3,0.64,2.33,,,,,,,,,,,,,,,,,,,Allsvenskan,2025
8c03d809,Amin Boudri,Amin Boudri,se SWE,"MF,FW",GAIS,20,2004,26,24,"2,021",22.5,6,2,8,6,0,0,7,0,0.27,0.09,0.36,0.27,0.36,Matches,0.10,0.46,59,13,22.0,0.58,2.63,,,,,,,,,,,,,,,,,,,Allsvenskan,2025
11d8f1b7,Fred Bozicevic,Fred Bozicevic,se SWE,FW,Värnamo,17,2007,2,0,34,0.4,0,0,0,0,0,0,0,0,0.00,0.00,0.00,0.00,0.00,Matches,0.00,,2,0,0.0,0.00,5.29,,,,,,,,,,,,,,,,,,,Allsvenskan,2025
613eaf9a,Benjamin Brantlind,Benjamin Brantlind,se SWE,MF,Göteborg,16,2008,12,2,305,3.4,1,2,3,1,0,0,0,0,0.30,0.59,0.89,0.30,0.89,Matches,0.25,0.50,4,2,50.0,0.59,1.18,,,,,,,,,,,,,,,,,,,Allsvenskan,2025
804dc5ca,Ibrahima Breze Fofana,Ibrahima Breze Fofana,gn GUI,DF,Hammarby,22,2002,21,9,868,9.6,1,0,1,1,0,0,1,0,0.10,0.00,0.10,0.10,0.10,Matches,0.13,0.25,8,4,50.0,0.41,0.83,,,,,,,,,,,,,,,,,,,Allsvenskan,2025
1a1ed0a9,Matteo de Brienne,Matteo de Brienne,ca CAN,DF,GAIS,22,2002,21,15,"1,234",13.7,1,2,3,1,0,0,4,0,0.07,0.15,0.22,0.07,0.22,Matches,0.06,1.00,18,1,5.6,0.07,1.31,,,,,,,,,,,,,,,,,,,Allsvenskan,2025
c8284fae,Axel Brönner,Axel Brönner,se SWE,"MF,FW",Norrköping,16,2008,16,8,708,7.9,0,2,2,0,0,0,2,0,0.00,0.25,0.25,0.00,0.25,Matches,0.00,0.00,4,1,25.0,0.13,0.51,,,,,,,,,,,,,,,,,,,Allsvenskan,2025
d68e3575,Isak Brusberg,Isak Brusberg,se SWE,"FW,MF",BK Häcken,18,2006,20,11,"1,002",11.1,4,1,5,4,0,0,1,0,0.36,0.09,0.45,0.36,0.45,Matches,0.17,0.36,24,11,45.8,0.99,2.16,,,,,,,,,,,,,,,,,,,Allsvenskan,2025
3c153795,Ibrahim Buhari,Ibrahim Buhari,ng NGA,DF,Elfsborg,23,2001,24,22,"1,961",21.8,1,0,1,1,0,0,2,0,0.05,0.00,0.05,0.05,0.05,Matches,0.11,0.50,9,2,22.2,0.09,0.41,,,,,,,,,,,,,,,,,,,Allsvenskan,2025
788c4780,Busanello,Busanello,br BRA,DF,Malmö,26,1998,29,26,"2,395",26.6,0,2,2,0,0,0,3,0,0.00,0.08,0.08,0.00,0.08,Matches,0.00,0.00,22,6,27.3,0.23,0.83,,,,,,,,,,,,,,,,,,,Allsvenskan,2025
f357eb9b,Kenan Busuladžić,Kenan Busuladžić,se SWE,MF,Malmö,17,2007,15,5,572,6.4,2,1,3,2,0,0,1,0,0.31,0.16,0.47,0.31,0.47,Matches,0.22,0.67,9,3,33.3,0.47,1.42,,,,,,,,,,,,,,,,,,,Allsvenskan,2025
9a34200f,Issiaga Camara,Issiaga Camara,gn GUI,"MF,FW",Brommapojkarna,19,2005,10,7,536,6.0,0,0,0,0,0,0,3,0,0.00,0.00,0.00,0.00,0.00,Matches,0.00,0.00,3,1,33.3,0.17,0.50,,,,,,,,,,,,,,,,,,,Allsvenskan,2025
6e00b323,Anes Cardaklija,Anes Cardaklija,ba BIH,DF,GAIS,19,2005,7,6,561,6.2,0,0,0,0,0,0,3,0,0.00,0.00,0.00,0.00,0.00,Matches,0.00,0.00,4,1,25.0,0.16,0.64,,,,,,,,,,,,,,,,,,,Allsvenskan,2025
5d2dd3fd,Adam Carlén,Adam Carlén,se SWE,MF,Göteborg,24,2000,12,2,329,3.7,0,0,0,0,0,0,2,0,0.00,0.00,0.00,0.00,0.00,Matches,0.00,0.00,5,1,20.0,0.27,1.37,,,,,,,,,,,,,,,,,,,Allsvenskan,2025
36b9ab20,Linus Carlstrand,Linus Carlstrand,se SWE,FW,Göteborg,20,2004,14,0,236,2.6,0,0,0,0,0,0,1,0,0.00,0.00,0.00,0.00,0.00,Matches,0.00,0.00,5,1,20.0,0.38,1.91,,,,,,,,,,,,,,,,,,,Allsvenskan,2025
0cc5e712,Hussein Carneil,Hussein Carneil,se SWE,MF,Göteborg,21,2003,1,0,1,0.0,0,0,0,0,0,0,0,0,0.00,0.00,0.00,0.00,0.00,Matches,,,0,0,,0.00,0.00,,,,,,,,,,,,,,,,,,,Allsvenskan,2025
ba20d6d1,Henrik Castegren,Henrik Castegren,se SWE,DF,Sirius,28,1996,16,16,"1,400",15.6,1,0,1,1,0,0,0,0,0.06,0.00,0.06,0.06,0.06,Matches,0.08,0.20,12,5,41.7,0.32,0.77,,,,,,,,,,,,,,,,,,,Allsvenskan,2025
fe4d7921,Leo Cavallius,Leo Cavallius,se SWE,GK,Brommapojkarna,19,2005,12,12,"1,080",12.0,0,0,0,0,0,0,0,0,0.00,0.00,0.00,0.00,0.00,Matches,,,0,0,,0.00,0.00,5,41.7,12,12,18,1.50,5,"1,080",1,1,0,0.0,0,69.6,38,56,1,6,Allsvenskan,2025
606c9990,Jesper Ceesay,Jesper Ceesay,gm GAM,"MF,DF",Norrköping,23,2001,10,8,770,8.6,1,1,2,1,0,0,2,0,0.12,0.12,0.23,0.12,0.23,Matches,0.17,0.50,6,2,33.3,0.23,0.70,,,,,,,,,,,,,,,,,,,Allsvenskan,2025
7dec0efa,David Celic,David Celic,se SWE,GK,Sirius,21,2003,15,15,"1,350",15.0,0,0,0,0,0,0,0,0,0.00,0.00,0.00,0.00,0.00,Matches,,,0,0,,0.00,0.00,3,20.0,15,15,24,1.60,5,"1,350",1,1,0,0.0,0,66.2,45,68,2,8,Allsvenskan,2025
3043d33f,Bersant Celina,Bersant Celina,xk KVX,"MF,FW",AIK Stockholm,28,1996,29,25,"2,260",25.1,5,7,12,5,0,0,5,0,0.20,0.28,0.48,0.20,0.48,Matches,0.09,0.23,56,22,39.3,0.88,2.23,,,,,,,,,,,,,,,,,,,Allsvenskan,2025
36ae2836,Mamadou Cellou Diallo,Mamadou Cellou Diallo,se SWE,MF,Värnamo,18,2007,3,0,51,0.6,0,0,0,0,0,0,0,0,0.00,0.00,0.00,0.00,0.00,Matches,,,0,0,,0.00,0.00,,,,,,,,,,,,,,,,,,,Allsvenskan,2025
1553a7c4,Uba Charles Nwokoma,Uba Charles Nwokoma,ng NGA,"MF,FW",Mjällby,22,2002,12,5,486,5.4,1,0,1,1,0,0,1,1,0.19,0.00,0.19,0.19,0.19,Matches,0.17,1.00,6,1,16.7,0.19,1.11,,,,,,,,,,,,,,,,,,,Allsvenskan,2025
a112ab29,Frederik Christensen,Frederik Christensen,dk DEN,"DF,MF",Brommapojkarna,29,1995,7,3,382,4.2,0,0,0,0,0,0,1,0,0.00,0.00,0.00,0.00,0.00,Matches,0.00,0.00,6,2,33.3,0.47,1.41,,,,,,,,,,,,,,,,,,,Allsvenskan,2025
f3357915,Magnus Christensen,Magnus Christensen,dk DEN,MF,Öster,27,1997,26,18,"1,591",17.7,2,1,3,2,0,0,3,0,0.11,0.06,0.17,0.11,0.17,Matches,0.22,0.67,9,3,33.3,0.17,0.51,,,,,,,,,,,,,,,,,,,Allsvenskan,2025
770ebf00,Anders Christiansen,Anders Christiansen,dk DEN,"FW,MF",Malmö,34,1990,14,6,548,6.1,4,0,4,4,0,0,0,0,0.66,0.00,0.66,0.66,0.66,Matches,0.13,0.31,30,13,43.3,2.14,4.93,,,,,,,,,,,,,,,,,,,Allsvenskan,2025
8b4bce6e,Paweł Chrupałła,Paweł Chrupałła,pl POL,"DF,MF",Halmstad,21,2003,11,3,385,4.3,1,0,1,1,0,0,0,0,0.23,0.00,0.23,0.23,0.23,Matches,0.13,0.33,8,3,37.5,0.70,1.87,,,,,,,,,,,,,,,,,,,Allsvenskan,2025
09cb7dcd,Paweł Cibicki,Paweł Cibicki,se SWE,FW,Värnamo,31,1994,12,2,347,3.9,0,0,0,0,0,0,0,0,0.00,0.00,0.00,0.00,0.00,Matches,0.00,0.00,9,4,44.4,1.04,2.33,,,,,,,,,,,,,,,,,,,Allsvenskan,2025
a926faf3,Sebastian Clemmensen,Sebastian Clemmensen,dk DEN,"FW,MF",Göteborg,21,2003,24,15,"1,270",14.1,4,4,8,4,0,0,1,0,0.28,0.28,0.57,0.28,0.57,Matches,0.11,0.40,35,10,28.6,0.71,2.48,,,,,,,,,,,,,,,,,,,Allsvenskan,2025
569be52f,Oskar Cotton,Oskar Cotton,se SWE,DF,Brommapojkarna,18,2006,10,5,413,4.6,0,0,0,0,0,0,2,0,0.00,0.00,0.00,0.00,0.00,Matches,0.00,0.00,1,1,100.0,0.22,0.22,,,,,,,,,,,,,,,,,,,Allsvenskan,2025
d28d6554,Souleymane Coulibaly,Souleymane Coulibaly,ci CIV,DF,Värnamo,23,2001,11,9,699,7.8,0,0,0,0,0,0,3,1,0.00,0.00,0.00,0.00,0.00,Matches,0.00,0.00,3,2,66.7,0.26,0.39,,,,,,,,,,,,,,,,,,,Allsvenskan,2025
88c0d379,Aron Csongvai,Aron Csongvai,hu HUN,"MF,DF",AIK Stockholm,24,2000,28,26,"2,377",26.4,2,2,4,2,0,0,7,1,0.08,0.08,0.15,0.08,0.15,Matches,0.07,0.40,30,5,16.7,0.19,1.14,,,,,,,,,,,,,,,,,,,Allsvenskan,2025
62cf5c04,Pontus Dahbo,Pontus Dahbo,se SWE,MF,BK Häcken,19,2005,23,13,"1,205",13.4,1,2,3,1,0,0,3,0,0.07,0.15,0.22,0.07,0.22,Matches,0.06,0.17,16,6,37.5,0.45,1.20,,,,,,,,,,,,,,,,,,,Allsvenskan,2025
2475b06e,Pontus Dahlberg,Pontus Dahlberg,se SWE,GK,Göteborg,26,1999,8,8,680,7.6,0,0,0,0,0,0,1,0,0.00,0.00,0.00,0.00,0.00,Matches,,,0,0,,0.00,0.00,2,25.0,8,8,12,1.59,4,680,0,1,0,100.0,1,65.7,24,35,1,3,Allsvenskan,2025
5f09f98f,Aleksander Damnjanovic,Aleksander Damnjanovic,se SWE,MF,Halmstad,22,2002,13,11,951,10.6,0,0,0,0,0,0,2,0,0.00,0.00,0.00,0.00,0.00,Matches,0.00,0.00,13,2,15.4,0.19,1.23,,,,,,,,,,,,,,,,,,,Allsvenskan,2025
aae48df1,Marcus Danielsson,Marcus Danielsson,se SWE,DF,Djurgården,35,1989,30,28,"2,497",27.7,1,1,2,0,1,1,0,0,0.04,0.04,0.07,0.00,0.04,Matches,0.00,0.00,12,5,41.7,0.18,0.43,,,,,,,,,,,,,,,,,,,Allsvenskan,2025
41463424,Ibrahim Diabaté,Ibrahim Diabaté,ci CIV,"FW,MF",GAIS,25,1999,29,26,"2,184",24.3,18,5,23,16,2,3,4,0,0.74,0.21,0.95,0.66,0.87,Matches,0.26,0.57,61,28,45.9,1.15,2.51,,,,,,,,,,,,,,,,,,,Allsvenskan,2025
624a7fd2,Mamadouba Diaby,Mamadouba Diaby,gn GUI,"MF,DF",Degerfors,27,1997,20,17,"1,421",15.8,0,0,0,0,0,0,5,1,0.00,0.00,0.00,0.00,0.00,Matches,0.00,0.00,12,3,25.0,0.19,0.76,,,,,,,,,,,,,,,,,,,Allsvenskan,2025
a9107589,Ismael Diawara,Ismael Diawara,ml MLI,GK,Sirius,30,1994,15,15,"1,350",15.0,0,0,0,0,0,0,1,0,0.00,0.00,0.00,0.00,0.00,Matches,,,0,0,,0.00,0.00,1,6.7,15,15,27,1.80,8,"1,350",2,2,0,0.0,0,67.9,53,78,4,3,Allsvenskan,2025
29e298a8,Mads Døhr Thychosen,Mads Døhr Thychosen,dk DEN,"DF,MF",AIK Stockholm,27,1997,27,26,"2,206",24.5,2,3,5,2,0,0,6,0,0.08,0.12,0.20,0.08,0.20,Matches,0.10,0.40,20,5,25.0,0.20,0.82,,,,,,,,,,,,,,,,,,,Allsvenskan,2025
f503ea63,Albin Ekdal,Albin Ekdal,se SWE,MF,Djurgården,35,1989,16,4,508,5.6,0,1,1,0,0,0,3,0,0.00,0.18,0.18,0.00,0.18,Matches,0.00,0.00,5,2,40.0,0.35,0.89,,,,,,,,,,,,,,,,,,,Allsvenskan,2025
c20892ee,Emmanuel Ekong,Emmanuel Ekong,se SWE,"MF,FW",Malmö,22,2002,21,10,915,10.2,4,0,4,4,0,0,0,0,0.39,0.00,0.39,0.39,0.39,Matches,0.14,0.29,28,14,50.0,1.38,2.75,,,,,,,,,,,,,,,,,,,Allsvenskan,2025
4a36f52a,Shalom Ekong,Shalom Ekong,se SWE,FW,GAIS,21,2003,2,0,35,0.4,0,0,0,0,0,0,0,0,0.00,0.00,0.00,0.00,0.00,Matches,0.00,0.00,1,1,100.0,2.57,2.57,,,,,,,,,,,,,,,,,,,Allsvenskan,2025
1aae6743,Victor Ekström,Victor Ekström,se SWE,DF,Sirius,22,2003,7,1,114,1.3,0,0,0,0,0,0,0,0,0.00,0.00,0.00,0.00,0.00,Matches,0.00,0.00,4,1,25.0,0.79,3.16,,,,,,,,,,,,,,,,,,,Allsvenskan,2025
013d348e,Melker Ellborg,Melker Ellborg,se SWE,GK,Malmö,21,2003,7,7,630,7.0,0,0,0,0,0,0,1,0,0.00,0.00,0.00,0.00,0.00,Matches,,,0,0,,0.00,0.00,5,71.4,7,7,2,0.29,1,630,0,0,0,,0,83.3,10,12,4,2,Allsvenskan,2025
95a4ca6f,Ben Engdahl,Ben Engdahl,se SWE,DF,BK Häcken,21,2003,7,1,212,2.4,0,1,1,0,0,0,1,0,0.00,0.42,0.42,0.00,0.42,Matches,,,0,0,,0.00,0.00,,,,,,,,,,,,,,,,,,,Allsvenskan,2025
5106b69d,Jusef Erabi,Jusef Erabi,se SWE,FW,Hammarby,21,2003,18,10,893,9.9,4,1,5,3,1,1,1,0,0.40,0.10,0.50,0.30,0.40,Matches,0.11,0.33,27,9,33.3,0.91,2.72,,,,,,,,,,,,,,,,,,,Allsvenskan,2025
0c508057,Anton Eriksson,Anton Eriksson,se SWE,DF,Norrköping,24,2000,11,4,417,4.6,0,0,0,0,0,0,1,0,0.00,0.00,0.00,0.00,0.00,Matches,0.00,0.00,1,1,100.0,0.22,0.22,,,,,,,,,,,,,,,,,,,Allsvenskan,2025
dd1de85c,Felix Eriksson,Felix Eriksson,se SWE,DF,Göteborg,22,2002,22,16,"1,438",16.0,0,0,0,0,0,0,4,0,0.00,0.00,0.00,0.00,0.00,Matches,0.00,,7,0,0.0,0.00,0.44,,,,,,,,,,,,,,,,,,,Allsvenskan,2025
ac95a306,Simon Eriksson,Simon Eriksson,se SWE,GK,Elfsborg,18,2006,20,19,"1,756",19.5,0,0,0,0,0,0,2,0,0.00,0.00,0.00,0.00,0.00,Matches,,,0,0,,0.00,0.00,4,21.1,20,19,31,1.59,8,"1,756",3,4,0,25.0,1,68.5,62,89,3,8,Allsvenskan,2025
b567c8ff,Victor Eriksson,Victor Eriksson,se SWE,DF,Hammarby,24,2000,29,29,"2,610",29.0,2,2,4,2,0,0,4,0,0.07,0.07,0.14,0.07,0.14,Matches,0.13,0.50,15,4,26.7,0.14,0.52,,,,,,,,,,,,,,,,,,,Allsvenskan,2025
aa6f8baa,Tim Erlandsson,Tim Erlandsson,se SWE,GK,Halmstad,28,1996,23,23,"2,070",23.0,0,0,0,0,0,0,2,0,0.00,0.00,0.00,0.00,0.00,Matches,,,0,0,,0.00,0.00,8,34.8,23,23,35,1.52,11,"2,070",3,3,0,0.0,0,69.5,73,105,4,8,Allsvenskan,2025
ab54f943,August Erlingmark,August Erlingmark,se SWE,DF,Göteborg,26,1998,28,27,"2,398",26.6,0,1,1,0,0,0,5,0,0.00,0.04,0.04,0.00,0.04,Matches,0.00,0.00,16,7,43.8,0.26,0.60,,,,,,,,,,,,,,,,,,,Allsvenskan,2025
e3a6f507,Gísli Eyjólfsson,Gísli Eyjólfsson,is ISL,"MF,FW",Halmstad,30,1994,20,9,945,10.5,0,1,1,0,0,0,1,0,0.00,0.10,0.10,0.00,0.10,Matches,0.00,0.00,13,3,23.1,0.29,1.24,,,,,,,,,,,,,,,,,,,Allsvenskan,2025
7004c558,Oskar Fallenius,Oskar Fallenius,se SWE,"MF,FW",Djurgården,23,2001,19,11,945,10.5,1,5,6,1,0,0,1,0,0.10,0.48,0.57,0.10,0.57,Matches,0.05,0.25,19,4,21.1,0.38,1.81,,,,,,,,,,,,,,,,,,,Allsvenskan,2025
de627c8a,Omar Faraj,Omar Faraj,ps PLE,FW,Degerfors,22,2002,13,12,"1,066",11.8,6,1,7,3,3,3,0,0,0.51,0.08,0.59,0.25,0.34,Matches,0.06,0.18,50,17,34.0,1.44,4.22,,,,,,,,,,,,,,,,,,,Allsvenskan,2025
ccc37bbb,Abdoulaye Faye,Abdoulaye Faye,sn SEN,DF,BK Häcken,20,2004,6,6,442,4.9,0,0,0,0,0,0,1,0,0.00,0.00,0.00,0.00,0.00,Matches,,,0,0,,0.00,0.00,,,,,,,,,,,,,,,,,,,Allsvenskan,2025
c39080f7,Max Fenger,Max Fenger,dk DEN,FW,Göteborg,23,2001,30,30,"2,675",29.7,12,4,16,9,3,4,1,0,0.40,0.13,0.54,0.30,0.44,Matches,0.12,0.26,73,35,47.9,1.18,2.46,,,,,,,,,,,,,,,,,,,Allsvenskan,2025
bf261e68,Alexander Fesshaie Beraki,Alexander Fesshaie Beraki,se SWE,FW,AIK Stockholm,20,2004,11,0,125,1.4,0,0,0,0,0,0,1,0,0.00,0.00,0.00,0.00,0.00,Matches,0.00,0.00,2,1,50.0,0.72,1.44,,,,,,,,,,,,,,,,,,,Allsvenskan,2025
8d9d7d58,Kevin Filling,Kevin Filling,se SWE,FW,AIK Stockholm,16,2008,9,2,235,2.6,2,0,2,2,0,0,0,0,0.77,0.00,0.77,0.77,0.77,Matches,0.18,0.33,11,6,54.5,2.30,4.21,,,,,,,,,,,,,,,,,,,Allsvenskan,2025
5afc236c,Hampus Finndell,Hampus Finndell,se SWE,MF,Djurgården,24,2000,8,4,358,4.0,0,0,0,0,0,0,4,0,0.00,0.00,0.00,0.00,0.00,Matches,0.00,,1,0,0.0,0.00,0.25,,,,,,,,,,,,,,,,,,,Allsvenskan,2025
2313a6af,Adi Fisic,Adi Fisic,se SWE,FW,Degerfors,21,2003,15,2,397,4.4,0,0,0,0,0,0,2,0,0.00,0.00,0.00,0.00,0.00,Matches,0.00,0.00,14,2,14.3,0.45,3.17,,,,,,,,,,,,,,,,,,,Allsvenskan,2025
65272949,Erik Flataker,Erik Flataker,no NOR,FW,AIK Stockholm,20,2004,14,12,947,10.5,5,0,5,5,0,0,0,0,0.48,0.00,0.48,0.48,0.48,Matches,0.18,0.42,28,12,42.9,1.14,2.66,,,,,,,,,,,,,,,,,,,Allsvenskan,2025
49ec8f57,Rasmus Forsell,Rasmus Forsell,se SWE,GK,Degerfors,22,2002,14,14,"1,252",13.9,0,0,0,0,0,0,2,0,0.00,0.00,0.00,0.00,0.00,Matches,,,0,0,,0.00,0.00,2,14.3,14,14,29,2.08,9,"1,252",4,4,0,0.0,0,59.0,36,61,1,4,Allsvenskan,2025
2e85c59c,Alexander Fransson,Alexander Fransson,se SWE,MF,Norrköping,30,1994,27,18,"1,556",17.3,1,0,1,1,0,0,3,0,0.06,0.00,0.06,0.06,0.06,Matches,0.17,0.50,6,2,33.3,0.12,0.35,,,,,,,,,,,,,,,,,,,Allsvenskan,2025
3e789114,Erik Freij,Erik Freij,se SWE,DF,Värnamo,18,2006,2,1,98,1.1,0,0,0,0,0,0,0,0,0.00,0.00,0.00,0.00,0.00,Matches,,,0,0,,0.00,0.00,,,,,,,,,,,,,,,,,,,Allsvenskan,2025
204df3a8,Robin Frej,Robin Frej,se SWE,DF,GAIS,26,1998,26,23,"2,095",23.3,2,0,2,2,0,0,4,0,0.09,0.00,0.09,0.09,0.09,Matches,0.15,0.50,13,4,30.8,0.17,0.56,,,,,,,,,,,,,,,,,,,Allsvenskan,2025
789b7e89,Hlynur Freyr Karlsson,Hlynur Freyr Karlsson,is ISL,DF,Brommapojkarna,20,2004,13,11,999,11.1,1,0,1,1,0,0,1,0,0.09,0.00,0.09,0.09,0.09,Matches,0.25,0.50,4,2,50.0,0.18,0.36,,,,,,,,,,,,,,,,,,,Allsvenskan,2025
3e588bf5,Gustav Friberg,Gustav Friberg,se SWE,"MF,DF",Halmstad,22,2002,12,12,998,11.1,0,0,0,0,0,0,2,0,0.00,0.00,0.00,0.00,0.00,Matches,0.00,,8,0,0.0,0.00,0.72,,,,,,,,,,,,,,,,,,,Allsvenskan,2025
374368f1,Per Frick,Per Frick,se SWE,FW,Elfsborg,32,1992,19,2,472,5.2,3,1,4,3,0,0,2,0,0.57,0.19,0.76,0.57,0.76,Matches,0.21,0.60,14,5,35.7,0.95,2.67,,,,,,,,,,,,,,,,,,,Allsvenskan,2025
388e451f,Oskar Gabrielsson,Oskar Gabrielsson,se SWE,MF,Öster,24,2000,6,0,51,0.6,0,0,0,0,0,0,0,0,0.00,0.00,0.00,0.00,0.00,Matches,0.00,0.00,2,1,50.0,1.76,3.53,,,,,,,,,,,,,,,,,,,Allsvenskan,2025
7bc25b1a,Yannick Geiger,Yannick Geiger,se SWE,"DF,MF",AIK Stockholm,17,2007,12,6,564,6.3,0,0,0,0,0,0,0,0,0.00,0.00,0.00,0.00,0.00,Matches,0.00,,4,0,0.0,0.00,0.64,,,,,,,,,,,,,,,,,,,Allsvenskan,2025
27854bf6,Marcus Godinho,Marcus Godinho,ca CAN,"MF,DF",Degerfors,27,1997,2,2,135,1.5,0,0,0,0,0,0,0,0,0.00,0.00,0.00,0.00,0.00,Matches,,,0,0,,0.00,0.00,,,,,,,,,,,,,,,,,,,Allsvenskan,2025
8967b81a,William Granath,William Granath,se SWE,"MF,FW",Halmstad,28,1996,29,29,"2,573",28.6,5,3,8,5,0,0,4,0,0.17,0.10,0.28,0.17,0.28,Matches,0.14,0.42,37,12,32.4,0.42,1.29,,,,,,,,,,,,,,,,,,,Allsvenskan,2025
76ccbee2,Daniel Granli,Daniel Granli,no NOR,DF,Elfsborg,30,1994,11,9,790,8.8,0,0,0,0,0,0,1,0,0.00,0.00,0.00,0.00,0.00,Matches,0.00,0.00,7,2,28.6,0.23,0.80,,,,,,,,,,,,,,,,,,,Allsvenskan,2025
9f10b799,Christos Gravius,Christos Gravius,se SWE,MF,Degerfors,27,1997,23,22,"1,948",21.6,0,1,1,0,0,0,3,0,0.00,0.05,0.05,0.00,0.05,Matches,0.00,,9,0,0.0,0.00,0.42,,,,,,,,,,,,,,,,,,,Allsvenskan,2025
2a970686,Pascal Gregor,Pascal Gregor,dk DEN,DF,Halmstad,30,1994,24,23,"2,034",22.6,1,0,1,1,0,0,6,0,0.04,0.00,0.04,0.04,0.04,Matches,0.08,0.33,12,3,25.0,0.13,0.53,,,,,,,,,,,,,,,,,,,Allsvenskan,2025
5a86edfd,Teo Grönborg,Teo Grönborg,se SWE,MF,Degerfors,22,2002,10,2,242,2.7,0,1,1,0,0,0,2,0,0.00,0.37,0.37,0.00,0.37,Matches,0.00,,2,0,0.0,0.00,0.74,,,,,,,,,,,,,,,,,,,Allsvenskan,2025
0f4ff0e8,Emin Grozdanic,Emin Grozdanic,se SWE,DF,Värnamo,25,1999,23,21,"1,891",21.0,0,1,1,0,0,0,2,0,0.00,0.05,0.05,0.00,0.05,Matches,0.00,0.00,15,5,33.3,0.24,0.71,,,,,,,,,,,,,,,,,,,Allsvenskan,2025
cf04a4c7,Daníel Gudjohnsen,Daníel Gudjohnsen,is ISL,FW,Malmö,18,2006,23,13,"1,096",12.2,5,6,11,4,1,1,1,0,0.41,0.49,0.90,0.33,0.82,Matches,0.14,0.33,28,12,42.9,0.99,2.30,,,,,,,,,,,,,,,,,,,Allsvenskan,2025
99bebd12,John Guidetti,John Guidetti,se SWE,FW,AIK Stockholm,32,1992,24,9,"1,027",11.4,2,2,4,2,0,1,4,0,0.18,0.18,0.35,0.18,0.35,Matches,0.11,0.25,19,8,42.1,0.70,1.67,,,,,,,,,,,,,,,,,,,Allsvenskan,2025
7f24d8d9,Tobias Gulliksen,Tobias Gulliksen,no NOR,MF,Djurgården,21,2003,18,16,"1,369",15.2,2,6,8,2,0,0,5,0,0.13,0.39,0.53,0.13,0.53,Matches,0.05,0.20,37,10,27.0,0.66,2.43,,,,,,,,,,,,,,,,,,,Allsvenskan,2025
ed1d48f1,Vincent Gunnar Johansson,Vincent Gunnar Johansson,se SWE,MF,Halmstad,18,2006,3,0,61,0.7,0,0,0,0,0,0,0,0,0.00,0.00,0.00,0.00,0.00,Matches,,,0,0,,0.00,0.00,,,,,,,,,,,,,,,,,,,Allsvenskan,2025
d7556379,Simon Gustafson,Simon Gustafson,se SWE,MF,BK Häcken,30,1995,22,20,"1,857",20.6,4,3,7,3,1,2,6,1,0.19,0.15,0.34,0.15,0.29,Matches,0.10,0.27,29,11,37.9,0.53,1.41,,,,,,,,,,,,,,,,,,,Allsvenskan,2025
e035fef6,Filip Gustafsson,Filip Gustafsson,se SWE,MF,GAIS,22,2002,8,0,127,1.4,0,0,0,0,0,0,0,0,0.00,0.00,0.00,0.00,0.00,Matches,0.00,,1,0,0.0,0.00,0.71,,,,,,,,,,,,,,,,,,,Allsvenskan,2025
385c6006,Viktor Gustafsson,Viktor Gustafsson,se SWE,"MF,FW",Mjällby,29,1995,29,22,"1,979",22.0,3,5,8,3,0,0,4,0,0.14,0.23,0.36,0.14,0.36,Matches,0.13,0.43,24,7,29.2,0.32,1.09,,,,,,,,,,,,,,,,,,,Allsvenskan,2025
34376913,Jesper Gustavsson,Jesper Gustavsson,se SWE,MF,Mjällby,30,1994,26,26,"2,339",26.0,0,0,0,0,0,0,8,0,0.00,0.00,0.00,0.00,0.00,Matches,0.00,,3,0,0.0,0.00,0.12,,,,,,,,,,,,,,,,,,,Allsvenskan,2025
316262e1,Kingsley Gyamfi,Kingsley Gyamfi,gh GHA,"DF,MF",Öster,22,2002,19,15,"1,352",15.0,0,0,0,0,0,0,4,0,0.00,0.00,0.00,0.00,0.00,Matches,0.00,,3,0,0.0,0.00,0.20,,,,,,,,,,,,,,,,,,,Allsvenskan,2025
2e18f55b,Santeri Haarala,Santeri Haarala,fi FIN,"MF,DF",Degerfors,25,1999,9,7,648,7.2,0,1,1,0,0,0,1,0,0.00,0.14,0.14,0.00,0.14,Matches,0.00,0.00,13,4,30.8,0.56,1.81,,,,,,,,,,,,,,,,,,,Allsvenskan,2025
2e18f55b,Santeri Haarala,Santeri Haarala,fi FIN,"MF,DF",Degerfors,25,1999,9,7,648,7.2,0,1,1,0,0,0,1,0,0.00,0.14,0.14,0.00,0.14,Matches,0.09,0.33,11,3,27.3,0.42,1.55,,,,,,,,,,,,,,,,,,,Allsvenskan,2025
2e18f55b,Santeri Haarala,Santeri Haarala,fi FIN,"MF,FW",Djurgården,25,1999,12,7,640,7.1,1,1,2,1,0,0,1,0,0.14,0.14,0.28,0.14,0.28,Matches,0.00,0.00,13,4,30.8,0.56,1.81,,,,,,,,,,,,,,,,,,,Allsvenskan,2025
2e18f55b,Santeri Haarala,Santeri Haarala,fi FIN,"MF,FW",Djurgården,25,1999,12,7,640,7.1,1,1,2,1,0,0,1,0,0.14,0.14,0.28,0.14,0.28,Matches,0.09,0.33,11,3,27.3,0.42,1.55,,,,,,,,,,,,,,,,,,,Allsvenskan,2025
0e014062,Lucas Hägg-Johansson,Lucas Hägg-Johansson,se SWE,GK,Elfsborg,30,1994,1,0,7,0.1,0,0,0,0,0,0,0,0,0.00,0.00,0.00,0.00,0.00,Matches,,,0,0,,0.00,0.00,0,,1,0,0,0.00,0,7,0,0,0,,0,100.0,1,1,0,0,Allsvenskan,2025
4117e3f3,Warner Hahn,Warner Hahn,sr SUR,GK,Hammarby,32,1992,29,29,"2,610",29.0,0,0,0,0,0,0,2,0,0.00,0.00,0.00,0.00,0.00,Matches,,,0,0,,0.00,0.00,13,44.8,29,29,29,1.00,6,"2,610",2,2,0,0.0,0,74.5,78,106,5,18,Allsvenskan,2025
d2fd7c14,Sead Haksabanović,Sead Haksabanović,me MNE,"MF,FW",Malmö,25,1999,25,16,"1,405",15.6,4,1,5,4,0,0,7,0,0.26,0.06,0.32,0.26,0.32,Matches,0.13,0.36,32,11,34.4,0.70,2.05,,,,,,,,,,,,,,,,,,,Allsvenskan,2025
8916e76c,Benjamin Hansen,Benjamin Hansen,dk DEN,DF,AIK Stockholm,30,1994,9,3,277,3.1,1,0,1,1,0,0,1,0,0.32,0.00,0.32,0.32,0.32,Matches,0.20,1.00,5,1,20.0,0.32,1.62,,,,,,,,,,,,,,,,,,,Allsvenskan,2025
fd4d6fe9,Alexander Hedén Lindskog,Alexander Hedén Lindskog,se SWE,FW,Degerfors,21,2004,12,1,215,2.4,0,0,0,0,0,0,0,0,0.00,0.00,0.00,0.00,0.00,Matches,0.00,,3,0,0.0,0.00,1.26,,,,,,,,,,,,,,,,,,,Allsvenskan,2025
c14ee243,Lucas Hedlund,Lucas Hedlund,se SWE,FW,GAIS,26,1998,20,4,456,5.1,0,0,0,0,0,0,0,0,0.00,0.00,0.00,0.00,0.00,Matches,0.00,0.00,10,7,70.0,1.38,1.97,,,,,,,,,,,,,,,,,,,Allsvenskan,2025
5e167a35,Simon Hedlund,Simon Hedlund,se SWE,MF,Elfsborg,31,1993,27,26,"2,335",25.9,4,5,9,2,2,3,8,0,0.15,0.19,0.35,0.08,0.27,Matches,0.05,0.12,38,17,44.7,0.66,1.46,,,,,,,,,,,,,,,,,,,Allsvenskan,2025
4246a79a,Elton Hedström,Elton Hedström,se SWE,FW,Brommapojkarna,21,2003,3,0,38,0.4,0,0,0,0,0,0,0,0,0.00,0.00,0.00,0.00,0.00,Matches,0.00,,1,0,0.0,0.00,2.37,,,,,,,,,,,,,,,,,,,Allsvenskan,2025
dcc3bdfa,Bo Hegland,Bo Hegland,no NOR,MF,Djurgården,20,2004,3,0,37,0.4,1,0,1,1,0,0,0,0,2.43,0.00,2.43,2.43,2.43,Matches,1.00,1.00,1,1,100.0,2.43,2.43,,,,,,,,,,,,,,,,,,,Allsvenskan,2025
80b597fd,Melker Heier,Melker Heier,se SWE,MF,Sirius,23,2001,29,29,"2,481",27.6,0,3,3,0,0,0,5,0,0.00,0.11,0.11,0.00,0.11,Matches,0.00,0.00,23,4,17.4,0.15,0.83,,,,,,,,,,,,,,,,,,,Allsvenskan,2025
a69cf944,Tobias Heintz,Tobias Heintz,no NOR,"MF,FW",Göteborg,26,1998,29,29,"2,524",28.0,8,8,16,8,0,0,5,0,0.29,0.29,0.57,0.29,0.57,Matches,0.09,0.24,89,33,37.1,1.18,3.17,,,,,,,,,,,,,,,,,,,Allsvenskan,2025
27f0ddef,Filip Helander,Filip Helander,se SWE,DF,BK Häcken,31,1993,7,6,549,6.1,1,0,1,1,0,0,2,0,0.16,0.00,0.16,0.16,0.16,Matches,0.11,0.33,9,3,33.3,0.49,1.48,,,,,,,,,,,,,,,,,,,Allsvenskan,2025
6b090eb5,Altti Hellemaa,Altti Hellemaa,fi FIN,MF,Elfsborg,20,2004,9,2,280,3.1,0,0,0,0,0,0,1,0,0.00,0.00,0.00,0.00,0.00,Matches,0.00,0.00,2,1,50.0,0.32,0.64,,,,,,,,,,,,,,,,,,,Allsvenskan,2025
aec890b7,Axel Henriksson,Axel Henriksson,se SWE,MF,GAIS,22,2002,12,7,666,7.4,1,0,1,1,0,0,5,0,0.14,0.00,0.14,0.14,0.14,Matches,0.04,0.14,23,7,30.4,0.95,3.11,,,,,,,,,,,,,,,,,,,Allsvenskan,2025
34445744,Leon Hien,Leon Hien,se SWE,DF,Degerfors,23,2001,26,26,"2,187",24.3,2,1,3,2,0,0,7,0,0.08,0.04,0.12,0.08,0.12,Matches,0.08,0.67,25,3,12.0,0.12,1.03,,,,,,,,,,,,,,,,,,,Allsvenskan,2025
bd8c7618,Harry Hilvenius,Harry Hilvenius,se SWE,DF,BK Häcken,17,2007,12,8,751,8.3,0,0,0,0,0,0,1,0,0.00,0.00,0.00,0.00,0.00,Matches,0.00,,2,0,0.0,0.00,0.24,,,,,,,,,,,,,,,,,,,Allsvenskan,2025
a5c20dfb,Samuel Holm,Samuel Holm,se SWE,MF,BK Häcken,27,1997,28,19,"1,754",19.5,4,3,7,3,1,2,4,0,0.21,0.15,0.36,0.15,0.31,Matches,0.08,0.21,37,14,37.8,0.72,1.90,,,,,,,,,,,,,,,,,,,Allsvenskan,2025
fdd39574,Kevin Holmén,Kevin Holmén,se SWE,MF,GAIS,23,2001,27,16,"1,519",16.9,2,1,3,2,0,0,5,0,0.12,0.06,0.18,0.12,0.18,Matches,0.05,0.13,44,15,34.1,0.89,2.61,,,,,,,,,,,,,,,,,,,Allsvenskan,2025
17138f9d,Sebastian Holmén,Sebastian Holmén,se SWE,DF,Elfsborg,32,1992,15,15,"1,187",13.2,1,0,1,1,0,0,5,0,0.08,0.00,0.08,0.08,0.08,Matches,0.08,0.25,12,4,33.3,0.30,0.91,,,,,,,,,,,,,,,,,,,Allsvenskan,2025
0d616c20,Kevin Höög-Jansson,Kevin Höög-Jansson,se SWE,"MF,DF",Norrköping,24,2000,21,17,"1,469",16.3,1,0,1,1,0,0,5,0,0.06,0.00,0.06,0.06,0.06,Matches,0.07,0.20,14,5,35.7,0.31,0.86,,,,,,,,,,,,,,,,,,,Allsvenskan,2025
d14c3048,Isaac Höök,Isaac Höök,se SWE,DF,Sirius,17,2007,2,0,22,0.2,0,0,0,0,0,0,0,0,0.00,0.00,0.00,0.00,0.00,Matches,,,0,0,,0.00,0.00,,,,,,,,,,,,,,,,,,,Allsvenskan,2025
0a32c00c,Johan Hove,Johan Hove,no NOR,"MF,FW",AIK Stockholm,24,2000,25,18,"1,622",18.0,8,0,8,7,1,1,1,0,0.44,0.00,0.44,0.39,0.39,Matches,0.17,0.44,41,16,39.0,0.89,2.27,,,,,,,,,,,,,,,,,,,Allsvenskan,2025
d1fea02e,Even Hovland,Even Hovland,no NOR,DF,Brommapojkarna,35,1989,30,30,"2,669",29.7,0,1,1,0,0,0,2,0,0.00,0.03,0.03,0.00,0.03,Matches,0.00,0.00,17,3,17.6,0.10,0.57,,,,,,,,,,,,,,,,,,,Allsvenskan,2025
856eefa6,Srđan Hrstić,Srđan Hrstić,rs SRB,FW,BK Häcken,21,2003,12,10,772,8.6,2,0,2,2,0,0,1,0,0.23,0.00,0.23,0.23,0.23,Matches,0.12,0.33,17,6,35.3,0.70,1.98,,,,,,,,,,,,,,,,,,,Allsvenskan,2025
497228f9,Niklas Hult,Niklas Hult,se SWE,"MF,DF",Elfsborg,34,1990,26,24,"2,117",23.5,1,3,4,1,0,0,4,0,0.04,0.13,0.17,0.04,0.17,Matches,0.05,0.13,21,8,38.1,0.34,0.89,,,,,,,,,,,,,,,,,,,Allsvenskan,2025
b8508ea3,Harun Ibrahim,Harun Ibrahim,se SWE,MF,GAIS,21,2003,18,11,"1,129",12.5,3,0,3,2,1,1,3,0,0.24,0.00,0.24,0.16,0.16,Matches,0.15,0.40,13,5,38.5,0.40,1.04,,,,,,,,,,,,,,,,,,,Allsvenskan,2025
fc0392f6,Matvei Igonen,Matvei Igonen,ee EST,GK,Degerfors,28,1996,15,15,"1,349",15.0,0,0,0,0,0,0,1,0,0.00,0.00,0.00,0.00,0.00,Matches,,,0,0,,0.00,0.00,2,13.3,15,15,19,1.27,6,"1,349",2,3,0,33.3,1,71.7,44,60,5,4,Allsvenskan,2025
91557c73,Frederik Ihler,Frederik Ihler,dk DEN,FW,Elfsborg,21,2003,28,14,"1,340",14.9,7,2,9,7,0,0,2,0,0.47,0.13,0.60,0.47,0.60,Matches,0.17,0.47,42,15,35.7,1.01,2.82,,,,,,,,,,,,,,,,,,,Allsvenskan,2025
131fbb16,Marvin Illary,Marvin Illary,,FW,Halmstad,,,7,1,173,1.9,0,1,1,0,0,0,0,0,0.00,0.52,0.52,0.00,0.52,Matches,0.00,0.00,3,1,33.3,0.52,1.56,,,,,,,,,,,,,,,,,,,Allsvenskan,2025
ea69be20,Birnir Ingason,Birnir Ingason,is ISL,FW,Halmstad,28,1996,5,2,172,1.9,0,0,0,0,0,0,0,0,0.00,0.00,0.00,0.00,0.00,Matches,0.00,0.00,1,1,100.0,0.52,0.52,,,,,,,,,,,,,,,,,,,Allsvenskan,2025
7d036b4a,Arnór Ingvi Traustason,Arnór Ingvi Traustason,is ISL,"MF,FW",Norrköping,31,1993,29,28,"2,354",26.2,5,2,7,4,1,1,6,0,0.19,0.08,0.27,0.15,0.23,Matches,0.08,0.40,52,10,19.2,0.38,1.99,,,,,,,,,,,,,,,,,,,Allsvenskan,2025
c80ff5d1,Zeidane Inoussa,Zeidane Inoussa,se SWE,FW,BK Häcken,22,2002,1,1,90,1.0,0,0,0,0,0,0,0,0,0.00,0.00,0.00,0.00,0.00,Matches,0.00,0.00,2,1,50.0,1.00,2.00,,,,,,,,,,,,,,,,,,,Allsvenskan,2025
67141182,Abdullah Iqbal,Abdullah Iqbal,pk PAK,DF,Mjällby,22,2002,24,23,"2,081",23.1,0,2,2,0,0,0,6,0,0.00,0.09,0.09,0.00,0.09,Matches,0.00,0.00,8,5,62.5,0.22,0.35,,,,,,,,,,,,,,,,,,,Allsvenskan,2025
371c77c6,Daleho Irandust,Daleho Irandust,sy SYR,MF,Brommapojkarna,26,1998,25,21,"1,812",20.1,3,5,8,3,0,1,2,0,0.15,0.25,0.40,0.15,0.40,Matches,0.06,0.33,49,9,18.4,0.45,2.43,,,,,,,,,,,,,,,,,,,Allsvenskan,2025
144b0152,Måns Isaksson,Måns Isaksson,se SWE,DF,Mjällby,17,2007,1,0,1,0.0,0,0,0,0,0,0,0,0,0.00,0.00,0.00,0.00,0.00,Matches,,,0,0,,0.00,0.00,,,,,,,,,,,,,,,,,,,Allsvenskan,2025
4d2d7ea5,Abdulrazaq Ishaq,Abdulrazaq Ishaq,ng NGA,MF,Värnamo,22,2002,5,0,88,1.0,0,0,0,0,0,0,0,0,0.00,0.00,0.00,0.00,0.00,Matches,0.00,,1,0,0.0,0.00,1.02,,,,,,,,,,,,,,,,,,,Allsvenskan,2025
2be28a0c,Thomas Isherwood,Thomas Isherwood,se SWE,DF,AIK Stockholm,27,1998,27,27,"2,254",25.0,2,1,3,2,0,0,6,0,0.08,0.04,0.12,0.08,0.12,Matches,0.14,0.67,14,3,21.4,0.12,0.56,,,,,,,,,,,,,,,,,,,Allsvenskan,2025
46f695ca,David Isso,David Isso,se SWE,FW,Brommapojkarna,17,2007,4,0,10,0.1,0,0,0,0,0,0,1,0,0.00,0.00,0.00,0.00,0.00,Matches,0.00,,2,0,0.0,0.00,18.00,,,,,,,,,,,,,,,,,,,Allsvenskan,2025
e3730cd8,Seedy Jagne,Seedy Jagne,se SWE,MF,Göteborg,21,2003,24,14,"1,166",13.0,1,0,1,1,0,0,4,0,0.08,0.00,0.08,0.08,0.08,Matches,0.05,0.17,22,6,27.3,0.46,1.70,,,,,,,,,,,,,,,,,,,Allsvenskan,2025
0746dbd1,Jens Jakob Thomasen,Jens Jakob Thomasen,dk DEN,MF,Elfsborg,28,1996,9,4,268,3.0,0,0,0,0,0,0,0,0,0.00,0.00,0.00,0.00,0.00,Matches,0.00,0.00,3,2,66.7,0.67,1.01,,,,,,,,,,,,,,,,,,,Allsvenskan,2025
152bb410,Adam Jakobsen,Adam Jakobsen,dk DEN,"MF,FW",Brommapojkarna,25,1999,18,13,"1,271",14.1,8,4,12,6,2,2,2,0,0.57,0.28,0.85,0.42,0.71,Matches,0.16,0.30,38,20,52.6,1.42,2.69,,,,,,,,,,,,,,,,,,,Allsvenskan,2025
fa45eb0c,Felix Jakobsson,Felix Jakobsson,se SWE,GK,Hammarby,25,1999,1,1,90,1.0,0,0,0,0,0,0,0,0,0.00,0.00,0.00,0.00,0.00,Matches,,,0,0,,0.00,0.00,1,100.0,1,1,0,0.00,0,90,0,0,0,,0,100.0,2,2,0,1,Allsvenskan,2025
58317732,Wille Jakobsson,Wille Jakobsson,se SWE,GK,Degerfors,23,2002,3,1,99,1.1,0,0,0,0,0,0,0,0,0.00,0.00,0.00,0.00,0.00,Matches,,,0,0,,0.00,0.00,0,0.0,3,1,4,3.64,1,99,1,1,0,0.0,0,50.0,3,6,0,0,Allsvenskan,2025
a33c4ee2,Oscar Jansson,Oscar Jansson,se SWE,GK,BK Häcken,34,1990,5,4,361,4.0,0,0,0,0,0,0,0,0,0.00,0.00,0.00,0.00,0.00,Matches,,,0,0,,0.00,0.00,0,0.0,5,4,13,3.24,3,361,1,1,0,0.0,0,53.8,14,26,0,1,Allsvenskan,2025
172e52d8,Pontus Jansson,Pontus Jansson,se SWE,DF,Malmö,33,1991,17,17,"1,492",16.6,2,0,2,2,0,0,4,0,0.12,0.00,0.12,0.12,0.12,Matches,0.07,0.20,30,10,33.3,0.60,1.81,,,,,,,,,,,,,,,,,,,Allsvenskan,2025
9db24d24,Sigge Jansson,Sigge Jansson,se SWE,"DF,MF",BK Häcken,19,2005,15,7,726,8.1,0,0,0,0,0,0,2,0,0.00,0.00,0.00,0.00,0.00,Matches,0.00,0.00,6,2,33.3,0.25,0.74,,,,,,,,,,,,,,,,,,,Allsvenskan,2025
ab015921,Linus Järeteg,Linus Järeteg,se SWE,MF,AIK Stockholm,18,2007,1,0,22,0.2,0,0,0,0,0,0,0,0,0.00,0.00,0.00,0.00,0.00,Matches,,,0,0,,0.00,0.00,,,,,,,,,,,,,,,,,,,Allsvenskan,2025
3988075e,Kalipha Jawla,Kalipha Jawla,se SWE,FW,Djurgården,18,2006,4,1,79,0.9,0,0,0,0,0,0,1,0,0.00,0.00,0.00,0.00,0.00,Matches,0.00,0.00,1,1,100.0,1.14,1.14,,,,,,,,,,,,,,,,,,,Allsvenskan,2025
69ba128d,Kalle Joelsson,Kalle Joelsson,se SWE,GK,AIK Stockholm,26,1998,2,2,180,2.0,0,0,0,0,0,0,0,0,0.00,0.00,0.00,0.00,0.00,Matches,,,0,0,,0.00,0.00,2,100.0,2,2,0,0.00,0,180,0,0,0,,0,100.0,1,1,2,0,Allsvenskan,2025
94180993,Alexander Johansson,Alexander Johansson,se SWE,FW,Mjällby,29,1995,25,5,657,7.3,6,0,6,6,0,0,1,0,0.82,0.00,0.82,0.82,0.82,Matches,0.24,0.55,25,11,44.0,1.51,3.42,,,,,,,,,,,,,,,,,,,Allsvenskan,2025
65df97ab,Carl Johansson,Carl Johansson,se SWE,"MF,FW",Värnamo,26,1998,24,20,"1,637",18.2,1,1,2,1,0,0,2,0,0.05,0.05,0.11,0.05,0.11,Matches,0.05,0.17,21,6,28.6,0.33,1.15,,,,,,,,,,,,,,,,,,,Allsvenskan,2025
6f864562,Herman Johansson,Herman Johansson,se SWE,"MF,DF",Mjällby,27,1997,30,27,"2,276",25.3,7,8,15,7,0,0,3,0,0.28,0.32,0.59,0.28,0.59,Matches,0.16,0.39,43,18,41.9,0.71,1.70,,,,,,,,,,,,,,,,,,,Allsvenskan,2025
0db3fcba,Oscar Johansson,Oscar Johansson,se SWE,"MF,FW",Hammarby,29,1995,14,6,651,7.2,0,1,1,0,0,0,0,0,0.00,0.14,0.14,0.00,0.14,Matches,0.00,0.00,9,3,33.3,0.41,1.24,,,,,,,,,,,,,,,,,,,Allsvenskan,2025
5a471a3e,Piotr Johansson,Piotr Johansson,se SWE,"DF,MF",Djurgården,29,1995,4,0,32,0.4,0,0,0,0,0,0,0,0,0.00,0.00,0.00,0.00,0.00,Matches,,,0,0,,0.00,0.00,,,,,,,,,,,,,,,,,,,Allsvenskan,2025
47d253c2,Neo Jönsson,Neo Jönsson,se SWE,MF,Sirius,18,2007,2,1,68,0.8,1,0,1,1,0,0,0,0,1.32,0.00,1.32,1.32,1.32,Matches,0.25,1.00,4,1,25.0,1.32,5.29,,,,,,,,,,,,,,,,,,,Allsvenskan,2025
d796974b,Sebastian Jørgensen,Sebastian Jørgensen,dk DEN,"MF,FW",Norrköping,24,2000,14,10,912,10.1,5,1,6,5,0,0,0,0,0.49,0.10,0.59,0.49,0.59,Matches,0.17,0.45,30,11,36.7,1.09,2.96,,,,,,,,,,,,,,,,,,,Allsvenskan,2025
17515a97,Moïse Kaboré,Moïse Kaboré,bf BFA,FW,Hammarby,18,2006,14,3,316,3.5,2,0,2,2,0,0,1,0,0.57,0.00,0.57,0.57,0.57,Matches,0.25,0.67,8,3,37.5,0.85,2.28,,,,,,,,,,,,,,,,,,,Allsvenskan,2025
b918d238,Calvin Kabuye,Calvin Kabuye,ug UGA,FW,Mjällby,21,2003,4,0,60,0.7,0,0,0,0,0,0,0,0,0.00,0.00,0.00,0.00,0.00,Matches,,,0,0,,0.00,0.00,,,,,,,,,,,,,,,,,,,Allsvenskan,2025
74804a09,Rami Kaib,Rami Kaib,tn TUN,"MF,DF",Halmstad,27,1997,13,13,"1,089",12.1,0,0,0,0,0,0,6,1,0.00,0.00,0.00,0.00,0.00,Matches,0.00,0.00,14,3,21.4,0.25,1.16,,,,,,,,,,,,,,,,,,,Allsvenskan,2025
74804a09,Rami Kaib,Rami Kaib,tn TUN,"MF,DF",Halmstad,27,1997,13,13,"1,089",12.1,0,0,0,0,0,0,6,1,0.00,0.00,0.00,0.00,0.00,Matches,0.00,,1,0,0.0,0.00,0.95,,,,,,,,,,,,,,,,,,,Allsvenskan,2025
74804a09,Rami Kaib,Rami Kaib,tn TUN,"DF,MF",Elfsborg,27,1997,7,0,95,1.1,0,0,0,0,0,0,1,0,0.00,0.00,0.00,0.00,0.00,Matches,0.00,0.00,14,3,21.4,0.25,1.16,,,,,,,,,,,,,,,,,,,Allsvenskan,2025
74804a09,Rami Kaib,Rami Kaib,tn TUN,"DF,MF",Elfsborg,27,1997,7,0,95,1.1,0,0,0,0,0,0,1,0,0.00,0.00,0.00,0.00,0.00,Matches,0.00,,1,0,0.0,0.00,0.95,,,,,,,,,,,,,,,,,,,Allsvenskan,2025
d9ac09e2,Andronikos Kakoulli,Andronikos Kakoulli,cy CYP,FW,AIK Stockholm,23,2001,14,6,481,5.3,3,0,3,3,0,0,0,0,0.56,0.00,0.56,0.56,0.56,Matches,0.18,0.43,17,7,41.2,1.31,3.18,,,,,,,,,,,,,,,,,,,Allsvenskan,2025
b1120985,Yahya Kalley,Yahya Kalley,se SWE,DF,Norrköping,23,2001,16,9,726,8.1,0,0,0,0,0,0,7,1,0.00,0.00,0.00,0.00,0.00,Matches,0.00,,1,0,0.0,0.00,0.12,,,,,,,,,,,,,,,,,,,Allsvenskan,2025
6b6dbfd9,Johnbosco Kalu,Johnbosco Kalu,ng NGA,FW,Värnamo,27,1997,13,10,780,8.7,2,0,2,2,0,0,5,0,0.23,0.00,0.23,0.23,0.23,Matches,0.08,0.50,25,4,16.0,0.46,2.88,,,,,,,,,,,,,,,,,,,Allsvenskan,2025
737c603f,Oliver Kapsimalis,Oliver Kapsimalis,se SWE,MF,Halmstad,17,2007,1,1,61,0.7,0,0,0,0,0,0,0,0,0.00,0.00,0.00,0.00,0.00,Matches,,,0,0,,0.00,0.00,,,,,,,,,,,,,,,,,,,Allsvenskan,2025
03ee1876,Johan Karlsson,Johan Karlsson,se SWE,"DF,MF",Malmö,27,1997,14,10,968,10.8,1,1,2,1,0,0,1,0,0.09,0.09,0.19,0.09,0.19,Matches,0.13,0.33,8,3,37.5,0.28,0.74,,,,,,,,,,,,,,,,,,,Allsvenskan,2025
e841c4ed,Jonathan Karlsson,Jonathan Karlsson,se SWE,DF,Hammarby,21,2003,8,0,95,1.1,0,0,0,0,0,0,0,0,0.00,0.00,0.00,0.00,0.00,Matches,0.00,,1,0,0.0,0.00,0.95,,,,,,,,,,,,,,,,,,,Allsvenskan,2025
99cc0e46,Kazper Karlsson,Kazper Karlsson,se SWE,MF,Degerfors,19,2005,9,9,761,8.5,0,0,0,0,0,0,2,0,0.00,0.00,0.00,0.00,0.00,Matches,0.00,,1,0,0.0,0.00,0.12,,,,,,,,,,,,,,,,,,,Allsvenskan,2025
99cc0e46,Kazper Karlsson,Kazper Karlsson,se SWE,MF,Degerfors,19,2005,9,9,761,8.5,0,0,0,0,0,0,2,0,0.00,0.00,0.00,0.00,0.00,Matches,0.00,0.00,1,1,100.0,0.39,0.39,,,,,,,,,,,,,,,,,,,Allsvenskan,2025
99cc0e46,Kazper Karlsson,Kazper Karlsson,se SWE,"MF,FW",AIK Stockholm,19,2005,11,2,228,2.5,0,0,0,0,0,0,0,0,0.00,0.00,0.00,0.00,0.00,Matches,0.00,,1,0,0.0,0.00,0.12,,,,,,,,,,,,,,,,,,,Allsvenskan,2025
99cc0e46,Kazper Karlsson,Kazper Karlsson,se SWE,"MF,FW",AIK Stockholm,19,2005,11,2,228,2.5,0,0,0,0,0,0,0,0,0.00,0.00,0.00,0.00,0.00,Matches,0.00,0.00,1,1,100.0,0.39,0.39,,,,,,,,,,,,,,,,,,,Allsvenskan,2025
7bf158d6,Markus Karlsson,Markus Karlsson,se SWE,MF,Hammarby,21,2004,28,28,"2,487",27.6,3,1,4,3,0,0,3,0,0.11,0.04,0.14,0.11,0.14,Matches,0.12,0.30,26,10,38.5,0.36,0.94,,,,,,,,,,,,,,,,,,,Allsvenskan,2025
29f54da0,Tobias Karlsson,Tobias Karlsson,se SWE,DF,Sirius,29,1995,9,8,721,8.0,0,1,1,0,0,0,1,0,0.00,0.12,0.12,0.00,0.12,Matches,0.00,,2,0,0.0,0.00,0.25,,,,,,,,,,,,,,,,,,,Allsvenskan,2025
8a393bac,Luc Kassi,Luc Kassi,ci CIV,MF,Degerfors,30,1994,3,0,25,0.3,0,0,0,0,0,0,0,0,0.00,0.00,0.00,0.00,0.00,Matches,0.00,,1,0,0.0,0.00,3.60,,,,,,,,,,,,,,,,,,,Allsvenskan,2025
21d45036,Hugo Keto,Hugo Keto,fi FIN,GK,Värnamo,26,1998,27,27,"2,430",27.0,0,0,0,0,0,0,1,0,0.00,0.00,0.00,0.00,0.00,Matches,,,0,0,,0.00,0.00,2,7.4,27,27,65,2.41,17,"2,430",4,4,0,0.0,0,65.5,116,177,7,3,Allsvenskan,2025
b956af7d,Isaac Kiese Thelin,Isaac Kiese Thelin,se SWE,FW,Malmö,32,1992,16,8,719,8.0,3,2,5,3,0,0,1,0,0.38,0.25,0.63,0.38,0.63,Matches,0.13,0.38,23,8,34.8,1.00,2.88,,,,,,,,,,,,,,,,,,,Allsvenskan,2025
6962bd71,Jakob Kiilerich,Jakob Kiilerich,dk DEN,DF,Mjällby,24,2000,13,12,"1,064",11.8,0,0,0,0,0,0,0,0,0.00,0.00,0.00,0.00,0.00,Matches,0.00,,3,0,0.0,0.00,0.25,,,,,,,,,,,,,,,,,,,Allsvenskan,2025
01606530,Jeppe Kjær,Jeppe Kjær,dk DEN,FW,Mjällby,20,2004,12,6,568,6.3,0,2,2,0,0,0,0,0,0.00,0.32,0.32,0.00,0.32,Matches,0.00,0.00,19,6,31.6,0.95,3.01,,,,,,,,,,,,,,,,,,,Allsvenskan,2025
b261be76,David Kjær Kruse,David Kjær Kruse,dk DEN,MF,Göteborg,22,2002,29,29,"2,578",28.6,2,2,4,2,0,0,5,0,0.07,0.07,0.14,0.07,0.14,Matches,0.10,0.33,20,6,30.0,0.21,0.70,,,,,,,,,,,,,,,,,,,Allsvenskan,2025
659dd009,Keita Kosugi,Keita Kosugi,jp JPN,DF,Djurgården,18,2006,28,27,"2,347",26.1,0,5,5,0,0,0,4,0,0.00,0.19,0.19,0.00,0.19,Matches,0.00,0.00,15,4,26.7,0.15,0.58,,,,,,,,,,,,,,,,,,,Allsvenskan,2025
32f1bc0f,Christian Kouakou,Christian Kouakou,se SWE,FW,Öster,29,1995,7,1,224,2.5,0,0,0,0,0,0,0,0,0.00,0.00,0.00,0.00,0.00,Matches,0.00,0.00,4,1,25.0,0.40,1.61,,,,,,,,,,,,,,,,,,,Allsvenskan,2025
dd290cca,Axel Kouame,Axel Kouame,ci CIV,MF,AIK Stockholm,21,2003,6,0,66,0.7,0,0,0,0,0,0,1,0,0.00,0.00,0.00,0.00,0.00,Matches,0.00,,2,0,0.0,0.00,2.73,,,,,,,,,,,,,,,,,,,Allsvenskan,2025
0f4a6872,Theo Krantz,Theo Krantz,se SWE,GK,Norrköping,18,2006,1,0,50,0.6,0,0,0,0,0,0,1,0,0.00,0.00,0.00,0.00,0.00,Matches,,,0,0,,0.00,0.00,0,,1,0,1,1.80,0,50,0,0,0,,0,66.7,2,3,0,0,Allsvenskan,2025
c26f9d5a,Mergim Krasniqi,Mergim Krasniqi,se SWE,GK,GAIS,32,1992,23,23,"2,024",22.5,0,0,0,0,0,0,0,0,0.00,0.00,0.00,0.00,0.00,Matches,,,0,0,,0.00,0.00,6,26.1,23,23,21,0.93,4,"2,024",1,1,0,0.0,0,70.6,48,68,9,10,Allsvenskan,2025
1f490a0c,Ivan Kričak,Ivan Kričak,rs SRB,DF,Öster,28,1996,25,24,"2,134",23.7,2,0,2,2,0,0,6,1,0.08,0.00,0.08,0.08,0.08,Matches,0.11,0.50,19,4,21.1,0.17,0.80,,,,,,,,,,,,,,,,,,,Allsvenskan,2025
ae252a1f,Oscar Krusnell,Oscar Krusnell,se SWE,DF,Sirius,25,1999,13,13,"1,109",12.3,1,6,7,1,0,0,1,0,0.08,0.49,0.57,0.08,0.57,Matches,0.10,0.33,10,3,30.0,0.24,0.81,,,,,,,,,,,,,,,,,,,Allsvenskan,2025
275530f0,Antonio Kujundžić,Antonio Kujundžić,hr CRO,MF,Värnamo,19,2006,13,2,477,5.3,0,0,0,0,0,0,2,0,0.00,0.00,0.00,0.00,0.00,Matches,0.00,,4,0,0.0,0.00,0.75,,,,,,,,,,,,,,,,,,,Allsvenskan,2025
03339906,Anton Kurochkin,Anton Kurochkin,se SWE,MF,Brommapojkarna,21,2003,11,4,340,3.8,3,0,3,3,0,0,1,0,0.79,0.00,0.79,0.79,0.79,Matches,0.43,0.60,7,5,71.4,1.32,1.85,,,,,,,,,,,,,,,,,,,Allsvenskan,2025
03339906,Anton Kurochkin,Anton Kurochkin,se SWE,MF,Brommapojkarna,21,2003,11,4,340,3.8,3,0,3,3,0,0,1,0,0.79,0.00,0.79,0.79,0.79,Matches,0.00,,6,0,0.0,0.00,4.22,,,,,,,,,,,,,,,,,,,Allsvenskan,2025
03339906,Anton Kurochkin,Anton Kurochkin,se SWE,FW,GAIS,21,2003,5,1,128,1.4,0,0,0,0,0,0,0,0,0.00,0.00,0.00,0.00,0.00,Matches,0.43,0.60,7,5,71.4,1.32,1.85,,,,,,,,,,,,,,,,,,,Allsvenskan,2025
03339906,Anton Kurochkin,Anton Kurochkin,se SWE,FW,GAIS,21,2003,5,1,128,1.4,0,0,0,0,0,0,0,0,0.00,0.00,0.00,0.00,0.00,Matches,0.00,,6,0,0.0,0.00,4.22,,,,,,,,,,,,,,,,,,,Allsvenskan,2025
139230f5,Bleon Kurtulus,Bleon Kurtulus,se SWE,DF,Halmstad,17,2007,28,28,"2,515",27.9,1,0,1,1,0,0,3,0,0.04,0.00,0.04,0.04,0.04,Matches,0.08,0.25,13,4,30.8,0.14,0.47,,,,,,,,,,,,,,,,,,,Allsvenskan,2025
f8406838,Ezekiel Kwame Alladoh,Ezekiel Kwame Alladoh,gh GHA,FW,Brommapojkarna,19,2005,28,23,"2,013",22.4,7,1,8,7,0,0,5,0,0.31,0.04,0.36,0.31,0.36,Matches,0.12,0.35,58,20,34.5,0.89,2.59,,,,,,,,,,,,,,,,,,,Allsvenskan,2025
5109ff73,Elvis Laan,Elvis Laan,se SWE,DF,AIK Stockholm,16,2008,2,1,91,1.0,0,0,0,0,0,0,0,0,0.00,0.00,0.00,0.00,0.00,Matches,0.00,,1,0,0.0,0.00,0.99,,,,,,,,,,,,,,,,,,,Allsvenskan,2025
b0d2c09a,Adrian Lahdo,Adrian Lahdo,se SWE,MF,Hammarby,17,2007,12,5,395,4.4,1,3,4,1,0,0,0,0,0.23,0.68,0.91,0.23,0.91,Matches,0.10,0.20,10,5,50.0,1.14,2.28,,,,,,,,,,,,,,,,,,,Allsvenskan,2025
fe006f82,Johan Larsson,Johan Larsson,se SWE,"MF,DF",Elfsborg,34,1990,18,6,662,7.4,2,0,2,2,0,0,1,0,0.27,0.00,0.27,0.27,0.27,Matches,0.15,0.67,13,3,23.1,0.41,1.77,,,,,,,,,,,,,,,,,,,Allsvenskan,2025
9771da8c,Victor Larsson,Victor Larsson,se SWE,DF,Värnamo,24,2000,23,18,"1,621",18.0,0,0,0,0,0,0,5,0,0.00,0.00,0.00,0.00,0.00,Matches,0.00,0.00,8,3,37.5,0.17,0.44,,,,,,,,,,,,,,,,,,,Allsvenskan,2025
e9e41fd0,Amor Layouni,Amor Layouni,tn TUN,"MF,FW",BK Häcken,32,1992,21,16,"1,418",15.8,5,5,10,4,1,1,2,0,0.32,0.32,0.63,0.25,0.57,Matches,0.08,0.22,53,18,34.0,1.14,3.36,,,,,,,,,,,,,,,,,,,Allsvenskan,2025
e30117aa,Luke Le Roux,Luke Le Roux,za RSA,MF,Värnamo,24,2000,14,14,"1,213",13.5,0,0,0,0,0,0,3,0,0.00,0.00,0.00,0.00,0.00,Matches,0.00,0.00,8,2,25.0,0.15,0.59,,,,,,,,,,,,,,,,,,,Allsvenskan,2025
0b4ecf82,Romeo Leandersson,Romeo Leandersson,se SWE,MF,Mjällby,16,2008,19,4,392,4.4,0,1,1,0,0,0,1,0,0.00,0.23,0.23,0.00,0.23,Matches,,,0,0,,0.00,0.00,,,,,,,,,,,,,,,,,,,Allsvenskan,2025
0c09c984,Oscar Lewicki,Oscar Lewicki,se SWE,MF,Malmö,32,1992,8,2,256,2.8,0,0,0,0,0,0,2,0,0.00,0.00,0.00,0.00,0.00,Matches,0.00,,1,0,0.0,0.00,0.35,,,,,,,,,,,,,,,,,,,Allsvenskan,2025
1d932cbe,Otso Liimatta,Otso Liimatta,fi FIN,"MF,FW",Värnamo,20,2004,13,10,907,10.1,3,2,5,3,0,0,0,0,0.30,0.20,0.50,0.30,0.50,Matches,0.18,0.75,17,4,23.5,0.40,1.69,,,,,,,,,,,,,,,,,,,Allsvenskan,2025
d2a83712,Victor Lind,Victor Lind,dk DEN,"MF,FW",Brommapojkarna,21,2003,27,26,"2,094",23.3,10,4,14,10,0,0,3,0,0.43,0.17,0.60,0.43,0.60,Matches,0.13,0.28,80,36,45.0,1.55,3.44,,,,,,,,,,,,,,,,,,,Allsvenskan,2025
eee8bff2,Axel Lindahl,Axel Lindahl,se SWE,DF,Öster,29,1995,1,0,14,0.2,0,0,0,0,0,0,0,0,0.00,0.00,0.00,0.00,0.00,Matches,,,0,0,,0.00,0.00,,,,,,,,,,,,,,,,,,,Allsvenskan,2025
89eb3e9c,Jonas Lindberg,Jonas Lindberg,se SWE,"FW,MF",GAIS,35,1989,24,0,310,3.4,1,0,1,1,0,0,1,0,0.29,0.00,0.29,0.29,0.29,Matches,0.06,0.25,17,4,23.5,1.16,4.94,,,,,,,,,,,,,,,,,,,Allsvenskan,2025
12111bc7,Julius Lindberg,Julius Lindberg,se SWE,"DF,MF",BK Häcken,26,1999,23,18,"1,530",17.0,2,1,3,2,0,0,2,0,0.12,0.06,0.18,0.12,0.18,Matches,0.06,0.14,34,14,41.2,0.82,2.00,,,,,,,,,,,,,,,,,,,Allsvenskan,2025
3173e53f,Marcus Lindberg,Marcus Lindberg,dk DEN,MF,Sirius,24,2000,29,25,"2,158",24.0,1,3,4,1,0,0,4,0,0.04,0.13,0.17,0.04,0.17,Matches,0.03,0.17,33,6,18.2,0.25,1.38,,,,,,,,,,,,,,,,,,,Allsvenskan,2025
4d6a842d,Andreas Linde,Andreas Linde,se SWE,GK,BK Häcken,31,1993,5,5,449,5.0,0,0,0,0,0,0,0,0,0.00,0.00,0.00,0.00,0.00,Matches,,,0,0,,0.00,0.00,1,20.0,5,5,7,1.40,3,449,0,0,0,,0,72.0,18,25,1,1,Allsvenskan,2025
d2f41096,Erik Lindell,Erik Lindell,se SWE,"MF,DF",Degerfors,28,1996,16,8,890,9.9,0,1,1,0,0,0,1,0,0.00,0.10,0.10,0.00,0.10,Matches,0.00,0.00,5,1,20.0,0.10,0.51,,,,,,,,,,,,,,,,,,,Allsvenskan,2025
311aa57c,Jesper Lindvall,Jesper Lindvall,se SWE,MF,Norrköping,20,2005,2,0,31,0.3,0,0,0,0,0,0,0,0,0.00,0.00,0.00,0.00,0.00,Matches,,,0,0,,0.00,0.00,,,,,,,,,,,,,,,,,,,Allsvenskan,2025
184974b4,Daniel Ljung,Daniel Ljung,se SWE,"MF,FW",Öster,26,1998,28,21,"1,882",20.9,3,4,7,3,0,0,3,0,0.14,0.19,0.33,0.14,0.33,Matches,0.10,0.30,29,10,34.5,0.48,1.39,,,,,,,,,,,,,,,,,,,Allsvenskan,2025
09a377a3,August Ljungberg,August Ljungberg,se SWE,"FW,MF",Sirius,19,2005,15,3,431,4.8,0,1,1,0,0,0,0,0,0.00,0.21,0.21,0.00,0.21,Matches,0.00,0.00,11,3,27.3,0.63,2.30,,,,,,,,,,,,,,,,,,,Allsvenskan,2025
37f341f0,Marius Lode,Marius Lode,no NOR,DF,BK Häcken,31,1993,25,23,"2,022",22.5,0,1,1,0,0,0,4,1,0.00,0.04,0.04,0.00,0.04,Matches,0.00,,7,0,0.0,0.00,0.31,,,,,,,,,,,,,,,,,,,Allsvenskan,2025
cd0c4265,Albin Lohikangas,Albin Lohikangas,se SWE,MF,Värnamo,26,1998,5,1,109,1.2,0,0,0,0,0,0,1,0,0.00,0.00,0.00,0.00,0.00,Matches,,,0,0,,0.00,0.00,,,,,,,,,,,,,,,,,,,Allsvenskan,2025
d2889240,Zakaria Loukili,Zakaria Loukili,se SWE,FW,Malmö,19,2006,3,0,29,0.3,0,0,0,0,0,0,0,0,0.00,0.00,0.00,0.00,0.00,Matches,,,0,0,,0.00,0.00,,,,,,,,,,,,,,,,,,,Allsvenskan,2025
848a9021,Theodor Lundbergh,Theodor Lundbergh,se SWE,MF,Malmö,16,2008,1,0,1,0.0,0,0,0,0,0,0,0,0,0.00,0.00,0.00,0.00,0.00,Matches,,,0,0,,0.00,0.00,,,,,,,,,,,,,,,,,,,Allsvenskan,2025
61c2f027,Gustav Lundgren,Gustav Lundgren,se SWE,"FW,MF",GAIS,29,1995,30,30,"2,673",29.7,2,8,10,2,0,0,3,0,0.07,0.27,0.34,0.07,0.34,Matches,0.03,0.12,61,17,27.9,0.57,2.05,,,,,,,,,,,,,,,,,,,Allsvenskan,2025
3e310c29,Maill Lundgren,Maill Lundgren,se SWE,MF,Degerfors,23,2001,10,1,350,3.9,0,1,1,0,0,0,3,0,0.00,0.26,0.26,0.00,0.26,Matches,0.00,0.00,5,3,60.0,0.77,1.29,,,,,,,,,,,,,,,,,,,Allsvenskan,2025
30df6b9b,Alexander Lundin,Alexander Lundin,se SWE,GK,Mjällby,32,1992,1,1,90,1.0,0,0,0,0,0,0,0,0,0.00,0.00,0.00,0.00,0.00,Matches,,,0,0,,0.00,0.00,1,100.0,1,1,0,0.00,0,90,0,0,0,,0,100.0,3,3,0,1,Allsvenskan,2025
91769a24,Adam Lundqvist,Adam Lundqvist,se SWE,DF,BK Häcken,30,1994,25,24,"2,036",22.6,0,2,2,0,0,0,6,0,0.00,0.09,0.09,0.00,0.09,Matches,0.00,,8,0,0.0,0.00,0.35,,,,,,,,,,,,,,,,,,,Allsvenskan,2025
094e6df2,Ramon Lundqvist,Ramon Lundqvist,se SWE,MF,Göteborg,27,1997,10,5,502,5.6,0,1,1,0,0,0,2,0,0.00,0.18,0.18,0.00,0.18,Matches,0.00,0.00,9,2,22.2,0.36,1.61,,,,,,,,,,,,,,,,,,,Allsvenskan,2025
94a51661,Ismet Lushaku,Ismet Lushaku,xk KVX,MF,Norrköping,24,2000,20,10,980,10.9,1,0,1,1,0,0,3,0,0.09,0.00,0.09,0.09,0.09,Matches,0.07,0.20,15,5,33.3,0.46,1.38,,,,,,,,,,,,,,,,,,,Allsvenskan,2025
048293db,Montader Madjed,Montader Madjed,iq IRQ,"MF,FW",Hammarby,19,2005,26,17,"1,406",15.6,7,5,12,7,0,0,0,0,0.45,0.32,0.77,0.45,0.77,Matches,0.12,0.29,59,24,40.7,1.54,3.78,,,,,,,,,,,,,,,,,,,Allsvenskan,2025
e976ede9,Lasse Madsen,Lasse Madsen,dk DEN,MF,BK Häcken,19,2005,4,3,194,2.2,0,0,0,0,0,0,0,0,0.00,0.00,0.00,0.00,0.00,Matches,0.00,0.00,2,1,50.0,0.46,0.93,,,,,,,,,,,,,,,,,,,Allsvenskan,2025
2fd1571d,Niilo Mäenpää,Niilo Mäenpää,fi FIN,"MF,FW",Halmstad,27,1998,26,17,"1,374",15.3,0,0,0,0,0,0,2,0,0.00,0.00,0.00,0.00,0.00,Matches,0.00,0.00,5,2,40.0,0.13,0.33,,,,,,,,,,,,,,,,,,,Allsvenskan,2025
51d09dee,Júlíus Magnússon,Júlíus Magnússon,is ISL,"MF,FW",Elfsborg,26,1998,19,13,"1,179",13.1,1,1,2,1,0,0,2,0,0.08,0.08,0.15,0.08,0.15,Matches,0.06,0.25,18,4,22.2,0.31,1.37,,,,,,,,,,,,,,,,,,,Allsvenskan,2025
b4a5db04,Ludwig Malachowski Thorell,Ludwig Malachowski Thorell,se SWE,"MF,FW",Mjällby,19,2005,26,15,"1,248",13.9,3,2,5,3,0,0,4,0,0.22,0.14,0.36,0.22,0.36,Matches,0.15,0.50,20,6,30.0,0.43,1.44,,,,,,,,,,,,,,,,,,,Allsvenskan,2025
d1e1a9b6,Saba Mamatsashvili,Saba Mamatsashvili,ge GEO,DF,Sirius,22,2002,12,9,706,7.8,2,0,2,2,0,0,3,0,0.25,0.00,0.25,0.25,0.25,Matches,0.17,0.50,12,4,33.3,0.51,1.53,,,,,,,,,,,,,,,,,,,Allsvenskan,2025
0d8ca6b3,Abdoulie Manneh,Abdoulie Manneh,gm GAM,"FW,MF",Mjällby,20,2004,28,27,"2,193",24.4,7,3,10,7,0,0,2,0,0.29,0.12,0.41,0.29,0.41,Matches,0.07,0.23,98,30,30.6,1.23,4.02,,,,,,,,,,,,,,,,,,,Allsvenskan,2025
8d2e1890,Filip Manojlović,Filip Manojlović,rs SRB,GK,Djurgården,28,1996,23,23,"2,025",22.5,0,0,0,0,0,0,2,0,0.00,0.00,0.00,0.00,0.00,Matches,,,0,0,,0.00,0.00,8,34.8,23,23,22,0.98,5,"2,025",0,1,0,100.0,1,74.7,65,87,6,12,Allsvenskan,2025
a091311f,Eman Marković,Eman Marković,no NOR,"FW,MF",Göteborg,25,1999,14,12,972,10.8,0,2,2,0,0,0,1,0,0.00,0.19,0.19,0.00,0.19,Matches,0.00,0.00,14,4,28.6,0.37,1.30,,,,,,,,,,,,,,,,,,,Allsvenskan,2025
9d1aeaa6,Serge-Junior Martinsson Ngouali,Serge-Junior Martinsson Ngouali,ga GAB,"MF,DF",Brommapojkarna,33,1992,19,17,"1,498",16.6,0,1,1,0,0,0,3,0,0.00,0.06,0.06,0.00,0.06,Matches,0.00,0.00,7,1,14.3,0.06,0.42,,,,,,,,,,,,,,,,,,,Allsvenskan,2025
aa889990,Kai Meriluoto,Kai Meriluoto,fi FIN,"FW,MF",Värnamo,22,2003,12,8,760,8.4,4,4,8,4,0,0,0,0,0.47,0.47,0.95,0.47,0.95,Matches,0.17,0.33,24,12,50.0,1.42,2.84,,,,,,,,,,,,,,,,,,,Allsvenskan,2025
583e89cf,Tony Miettinen,Tony Miettinen,fi FIN,DF,Mjällby,22,2002,3,1,140,1.6,0,0,0,0,0,0,0,0,0.00,0.00,0.00,0.00,0.00,Matches,,,0,0,,0.00,0.00,,,,,,,,,,,,,,,,,,,Allsvenskan,2025
2d05d01a,Argjend Miftari,Argjend Miftari,xk KVX,DF,Mjällby,21,2004,1,0,1,0.0,0,0,0,0,0,0,0,0,0.00,0.00,0.00,0.00,0.00,Matches,,,0,0,,0.00,0.00,,,,,,,,,,,,,,,,,,,Allsvenskan,2025
efd84678,Noel Milleskog,Noel Milleskog,se SWE,"FW,MF",Sirius,22,2002,20,5,528,5.9,1,1,2,1,0,0,2,0,0.17,0.17,0.34,0.17,0.34,Matches,0.08,0.50,13,2,15.4,0.34,2.22,,,,,,,,,,,,,,,,,,,Allsvenskan,2025
91b11d25,Bogdan Milovanov,Bogdan Milovanov,ua UKR,DF,Sirius,26,1998,15,4,573,6.4,0,1,1,0,0,0,2,0,0.00,0.16,0.16,0.00,0.16,Matches,0.00,,4,0,0.0,0.00,0.63,,,,,,,,,,,,,,,,,,,Allsvenskan,2025
b3b7a592,William Milovanovic,William Milovanovic,se SWE,MF,GAIS,22,2002,23,21,"1,653",18.4,0,2,2,0,0,0,5,0,0.00,0.11,0.11,0.00,0.11,Matches,0.00,0.00,31,8,25.8,0.44,1.69,,,,,,,,,,,,,,,,,,,Allsvenskan,2025
5661d623,Nikola Mitrovic,Nikola Mitrovic,se SWE,MF,BK Häcken,18,2006,4,1,109,1.2,0,0,0,0,0,0,0,0,0.00,0.00,0.00,0.00,0.00,Matches,0.00,,1,0,0.0,0.00,0.83,,,,,,,,,,,,,,,,,,,Allsvenskan,2025
4044e8d8,David Moberg Karlsson,David Moberg Karlsson,se SWE,"MF,FW",Norrköping,30,1994,22,17,"1,398",15.5,6,3,9,6,0,0,1,0,0.39,0.19,0.58,0.39,0.58,Matches,0.14,0.30,43,20,46.5,1.29,2.77,,,,,,,,,,,,,,,,,,,Allsvenskan,2025
5932da1b,Naeem Mohammed,Naeem Mohammed,gh GHA,"FW,MF",Halmstad,28,1996,24,17,"1,611",17.9,3,3,6,3,0,0,6,0,0.17,0.17,0.34,0.17,0.34,Matches,0.09,0.25,32,12,37.5,0.67,1.79,,,,,,,,,,,,,,,,,,,Allsvenskan,2025
885b817b,Albin Mörfelt,Albin Mörfelt,se SWE,"MF,FW",Öster,25,2000,6,3,305,3.4,0,0,0,0,0,0,2,0,0.00,0.00,0.00,0.00,0.00,Matches,0.00,,3,0,0.0,0.00,0.89,,,,,,,,,,,,,,,,,,,Allsvenskan,2025
7c23b3bc,Bernardo Morgado,Bernardo Morgado,pt POR,DF,Degerfors,26,1998,11,7,602,6.7,0,0,0,0,0,0,1,1,0.00,0.00,0.00,0.00,0.00,Matches,0.00,,2,0,0.0,0.00,0.30,,,,,,,,,,,,,,,,,,,Allsvenskan,2025
3af81a69,Nasiru Moro,Nasiru Moro,gh GHA,"DF,MF",Degerfors,28,1996,15,6,653,7.3,0,0,0,0,0,0,3,0,0.00,0.00,0.00,0.00,0.00,Matches,0.00,0.00,3,1,33.3,0.14,0.41,,,,,,,,,,,,,,,,,,,Allsvenskan,2025
9c76fa16,Matthias Nartey,Matthias Nartey,nl NED,MF,Sirius,20,2004,6,0,70,0.8,0,0,0,0,0,0,0,0,0.00,0.00,0.00,0.00,0.00,Matches,0.00,,2,0,0.0,0.00,2.57,,,,,,,,,,,,,,,,,,,Allsvenskan,2025
aac8b194,Philippe Ndinga,Philippe Ndinga,ga GAB,"DF,MF",Degerfors,19,2005,10,10,870,9.7,1,0,1,1,0,0,2,0,0.10,0.00,0.10,0.10,0.10,Matches,0.25,0.50,4,2,50.0,0.21,0.41,,,,,,,,,,,,,,,,,,,Allsvenskan,2025
5f07f00a,Finlay Neat,Finlay Neat,sct SCO,FW,Sirius,18,2006,3,0,26,0.3,0,0,0,0,0,0,0,0,0.00,0.00,0.00,0.00,0.00,Matches,0.00,,1,0,0.0,0.00,3.46,,,,,,,,,,,,,,,,,,,Allsvenskan,2025
f440d45f,Moutaz Neffati,Moutaz Neffati,tn TUN,"DF,MF",Norrköping,20,2004,27,27,"2,318",25.8,1,4,5,1,0,0,8,0,0.04,0.16,0.19,0.04,0.19,Matches,0.05,0.25,20,4,20.0,0.16,0.78,,,,,,,,,,,,,,,,,,,Allsvenskan,2025
fc5e209e,Nahom Netabay,Nahom Netabay,er ERI,MF,Degerfors,30,1994,26,25,"2,123",23.6,2,2,4,2,0,1,6,0,0.08,0.08,0.17,0.08,0.17,Matches,0.10,0.22,20,9,45.0,0.38,0.85,,,,,,,,,,,,,,,,,,,Allsvenskan,2025
9feff7fc,Sanders Ngabo,Sanders Ngabo,dk DEN,"MF,FW",BK Häcken,20,2004,8,4,350,3.9,1,0,1,1,0,0,1,0,0.26,0.00,0.26,0.26,0.26,Matches,0.08,0.25,13,4,30.8,1.03,3.34,,,,,,,,,,,,,,,,,,,Allsvenskan,2025
36a79857,Tokmac Nguen,Tokmac Nguen,no NOR,"MF,FW",Djurgården,31,1993,29,23,"2,102",23.4,9,5,14,8,1,1,1,0,0.39,0.21,0.60,0.34,0.56,Matches,0.11,0.33,74,24,32.4,1.03,3.17,,,,,,,,,,,,,,,,,,,Allsvenskan,2025
c53e27ec,Rasmus Niklasson,Rasmus Niklasson,se SWE,FW,GAIS,21,2003,26,18,"1,464",16.3,4,6,10,4,0,0,1,0,0.25,0.37,0.61,0.25,0.61,Matches,0.09,0.33,45,12,26.7,0.74,2.77,,,,,,,,,,,,,,,,,,,Allsvenskan,2025
7e7dc7ef,Charlie Nildén,Charlie Nildén,se SWE,MF,Brommapojkarna,18,2006,5,0,94,1.0,0,0,0,0,0,0,1,0,0.00,0.00,0.00,0.00,0.00,Matches,,,0,0,,0.00,0.00,,,,,,,,,,,,,,,,,,,Allsvenskan,2025
c4c417c9,Olle Nilsson,Olle Nilsson,se SWE,FW,Mjällby,16,2009,1,0,1,0.0,0,0,0,0,0,0,0,0,0.00,0.00,0.00,0.00,0.00,Matches,,,0,0,,0.00,0.00,,,,,,,,,,,,,,,,,,,Allsvenskan,2025
66a6b154,Severin Nioule,Severin Nioule,ci CIV,"MF,FW",BK Häcken,19,2005,23,14,"1,164",12.9,2,1,3,2,0,0,1,0,0.15,0.08,0.23,0.15,0.23,Matches,0.05,0.20,37,10,27.0,0.77,2.86,,,,,,,,,,,,,,,,,,,Allsvenskan,2025
06fe3568,Fredrik Nissen,Fredrik Nissen,se SWE,DF,AIK Stockholm,19,2005,5,4,289,3.2,0,0,0,0,0,0,2,0,0.00,0.00,0.00,0.00,0.00,Matches,0.00,,4,0,0.0,0.00,1.25,,,,,,,,,,,,,,,,,,,Allsvenskan,2025
78549904,Kristoffer Nordfeldt,Kristoffer Nordfeldt,se SWE,GK,AIK Stockholm,35,1989,28,28,"2,520",28.0,0,0,0,0,0,0,3,0,0.00,0.00,0.00,0.00,0.00,Matches,,,0,0,,0.00,0.00,11,39.3,28,28,33,1.18,8,"2,520",1,3,0,66.7,2,64.0,59,89,7,13,Allsvenskan,2025
cefa3e4b,Axel Norén,Axel Norén,se SWE,DF,Mjällby,25,1999,28,28,"2,502",27.8,2,1,3,2,0,0,4,0,0.07,0.04,0.11,0.07,0.11,Matches,0.10,0.40,20,5,25.0,0.18,0.72,,,,,,,,,,,,,,,,,,,Allsvenskan,2025
f9e3ef15,Christoffer Nyman,Christoffer Nyman,se SWE,FW,Norrköping,32,1992,27,26,"2,301",25.6,11,3,14,11,0,0,2,0,0.43,0.12,0.55,0.43,0.55,Matches,0.24,0.48,46,23,50.0,0.90,1.80,,,,,,,,,,,,,,,,,,,Allsvenskan,2025
7a208c6d,Wilmer Odefalk,Wilmer Odefalk,se SWE,"MF,FW",Brommapojkarna,20,2004,20,9,924,10.3,1,3,4,1,0,0,1,0,0.10,0.29,0.39,0.10,0.39,Matches,0.13,0.20,8,5,62.5,0.49,0.78,,,,,,,,,,,,,,,,,,,Allsvenskan,2025
335278f4,Sebastian Ohlsson,Sebastian Ohlsson,se SWE,"DF,MF",Degerfors,32,1992,16,12,"1,159",12.9,0,1,1,0,0,0,3,0,0.00,0.08,0.08,0.00,0.08,Matches,0.00,,10,0,0.0,0.00,0.78,,,,,,,,,,,,,,,,,,,Allsvenskan,2025
4f4c6263,Sebastian Ohlsson,Sebastian Ohlsson,se SWE,"MF,DF",Degerfors,31,1993,27,23,"2,044",22.7,2,1,3,2,0,0,5,0,0.09,0.04,0.13,0.09,0.13,Matches,0.14,0.33,14,6,42.9,0.26,0.62,,,,,,,,,,,,,,,,,,,Allsvenskan,2025
5fb82e5f,Filip Öhman,Filip Öhman,se SWE,DF,BK Häcken,17,2008,13,10,823,9.1,0,0,0,0,0,0,3,0,0.00,0.00,0.00,0.00,0.00,Matches,0.00,0.00,5,1,20.0,0.11,0.55,,,,,,,,,,,,,,,,,,,Allsvenskan,2025
d6bcbb7d,Obilor Okeke,Obilor Okeke,no NOR,"MF,FW",Hammarby,22,2002,9,2,263,2.9,0,1,1,0,0,0,0,0,0.00,0.34,0.34,0.00,0.34,Matches,0.00,0.00,8,2,25.0,0.68,2.74,,,,,,,,,,,,,,,,,,,Allsvenskan,2025
c3b0f15f,Jeppe Okkels,Jeppe Okkels,dk DEN,MF,Djurgården,25,1999,8,4,329,3.7,4,0,4,4,0,0,0,0,1.09,0.00,1.09,1.09,1.09,Matches,0.40,0.57,10,7,70.0,1.91,2.74,,,,,,,,,,,,,,,,,,,Allsvenskan,2025
c576512f,John Oliver Lacayo,John Oliver Lacayo,se SWE,GK,Brommapojkarna,16,2008,4,4,360,4.0,0,0,0,0,0,0,0,0,0.00,0.00,0.00,0.00,0.00,Matches,,,0,0,,0.00,0.00,1,25.0,4,4,6,1.50,2,360,0,0,0,,0,66.7,12,18,2,0,Allsvenskan,2025
e7ee38c3,Robin Olsen,Robin Olsen,se SWE,GK,Malmö,35,1990,14,14,"1,260",14.0,0,0,0,0,0,0,0,0,0.00,0.00,0.00,0.00,0.00,Matches,,,0,0,,0.00,0.00,3,21.4,14,14,22,1.57,4,"1,260",2,3,0,33.3,1,61.5,33,52,3,7,Allsvenskan,2025
5e1883dd,Dennis Olsson,Dennis Olsson,se SWE,"DF,FW",Öster,25,1999,20,13,"1,073",11.9,1,3,4,1,0,0,1,0,0.08,0.25,0.34,0.08,0.34,Matches,0.25,1.00,4,1,25.0,0.08,0.34,,,,,,,,,,,,,,,,,,,Allsvenskan,2025
47e41ec8,Marcus Olsson,Marcus Olsson,se SWE,DF,Halmstad,36,1988,18,10,"1,016",11.3,0,0,0,0,0,0,1,0,0.00,0.00,0.00,0.00,0.00,Matches,0.00,,7,0,0.0,0.00,0.62,,,,,,,,,,,,,,,,,,,Allsvenskan,2025
2f72f79e,Martin Olsson,Martin Olsson,se SWE,DF,Malmö,36,1988,6,2,155,1.7,1,0,1,1,0,0,0,0,0.58,0.00,0.58,0.58,0.58,Matches,0.25,0.50,4,2,50.0,1.16,2.32,,,,,,,,,,,,,,,,,,,Allsvenskan,2025
0a4a1821,Simon Olsson,Simon Olsson,se SWE,"MF,FW",Elfsborg,27,1997,20,19,"1,700",18.9,0,2,2,0,0,0,4,0,0.00,0.11,0.11,0.00,0.11,Matches,0.00,0.00,16,4,25.0,0.21,0.85,,,,,,,,,,,,,,,,,,,Allsvenskan,2025
5e398b32,Richie Omorowa,Richie Omorowa,se SWE,FW,Degerfors,20,2004,10,5,436,4.8,0,2,2,0,0,0,0,0,0.00,0.41,0.41,0.00,0.41,Matches,0.00,,5,0,0.0,0.00,1.03,,,,,,,,,,,,,,,,,,,Allsvenskan,2025
9ec04e2f,Sion Oppong,Sion Oppong,se SWE,MF,Brommapojkarna,17,2007,2,1,68,0.8,0,0,0,0,0,0,0,0,0.00,0.00,0.00,0.00,0.00,Matches,0.00,0.00,1,1,100.0,1.32,1.32,,,,,,,,,,,,,,,,,,,Allsvenskan,2025
d2f11b42,Rasmus Örqvist,Rasmus Örqvist,se SWE,"MF,DF",Brommapojkarna,26,1998,11,3,346,3.8,0,1,1,0,0,0,3,0,0.00,0.26,0.26,0.00,0.26,Matches,0.00,0.00,4,3,75.0,0.78,1.04,,,,,,,,,,,,,,,,,,,Allsvenskan,2025
e8f5c328,Jacob Ortmark,Jacob Ortmark,se SWE,MF,Hammarby,27,1997,9,1,130,1.4,0,1,1,0,0,0,0,0,0.00,0.69,0.69,0.00,0.69,Matches,0.00,,2,0,0.0,0.00,1.38,,,,,,,,,,,,,,,,,,,Allsvenskan,2025
3e346e16,Leo Östman,Leo Östman,se SWE,"FW,MF",Elfsborg,18,2006,17,11,805,8.9,3,2,5,3,0,0,1,0,0.34,0.22,0.56,0.34,0.56,Matches,0.19,0.75,16,4,25.0,0.45,1.79,,,,,,,,,,,,,,,,,,,Allsvenskan,2025
da617483,Sotirios Papagiannopoulos,Sotirios Papagiannopoulos,se SWE,DF,AIK Stockholm,34,1990,29,27,"2,431",27.0,0,0,0,0,0,0,2,0,0.00,0.00,0.00,0.00,0.00,Matches,0.00,,5,0,0.0,0.00,0.19,,,,,,,,,,,,,,,,,,,Allsvenskan,2025
dacd983e,John Paul Dembe,John Paul Dembe,ug UGA,"FW,MF",BK Häcken,19,2005,24,10,"1,011",11.2,4,0,4,4,0,0,5,0,0.36,0.00,0.36,0.36,0.36,Matches,0.11,0.29,37,14,37.8,1.25,3.29,,,,,,,,,,,,,,,,,,,Allsvenskan,2025
37a6fdb3,Kojo Peprah Oppong,Kojo Peprah Oppong,gh GHA,DF,Norrköping,20,2004,15,14,"1,201",13.3,0,0,0,0,0,0,5,0,0.00,0.00,0.00,0.00,0.00,Matches,0.00,0.00,7,1,14.3,0.07,0.52,,,,,,,,,,,,,,,,,,,Allsvenskan,2025
8092f486,Joakim Persson,Joakim Persson,se SWE,"MF,FW",Sirius,22,2002,27,25,"2,209",24.5,4,3,7,4,0,0,2,0,0.16,0.12,0.29,0.16,0.29,Matches,0.06,0.19,62,21,33.9,0.86,2.53,,,,,,,,,,,,,,,,,,,Allsvenskan,2025
b4c7ce2a,Malte Persson,Malte Persson,se SWE,FW,Halmstad,18,2006,15,1,302,3.4,1,0,1,1,0,0,0,0,0.30,0.00,0.30,0.30,0.30,Matches,0.09,0.13,11,8,72.7,2.38,3.28,,,,,,,,,,,,,,,,,,,Allsvenskan,2025
8830d81d,Noah Persson,Noah Persson,se SWE,"DF,MF",Hammarby,21,2003,1,0,14,0.2,0,0,0,0,0,0,0,0,0.00,0.00,0.00,0.00,0.00,Matches,,,0,0,,0.00,0.00,,,,,,,,,,,,,,,,,,,Allsvenskan,2025
f94ed56a,Adam Petersson,Adam Petersson,se SWE,MF,Mjällby,24,2000,4,0,36,0.4,0,0,0,0,0,0,0,0,0.00,0.00,0.00,0.00,0.00,Matches,0.00,,1,0,0.0,0.00,2.50,,,,,,,,,,,,,,,,,,,Allsvenskan,2025
38e91805,Isak Pettersson,Isak Pettersson,se SWE,GK,Elfsborg,27,1997,11,11,937,10.4,0,0,0,0,0,0,0,0,0.00,0.00,0.00,0.00,0.00,Matches,,,0,0,,0.00,0.00,2,18.2,11,11,20,1.92,6,937,2,3,0,33.3,1,69.0,41,58,1,4,Allsvenskan,2025
c1268aa3,Tom Pettersson,Tom Pettersson,se SWE,DF,Mjällby,34,1990,23,18,"1,619",18.0,6,0,6,6,0,0,1,0,0.33,0.00,0.33,0.33,0.33,Matches,0.23,0.60,26,10,38.5,0.56,1.45,,,,,,,,,,,,,,,,,,,Allsvenskan,2025
ea48eab4,Elias Pihlström,Elias Pihlström,se SWE,"FW,MF",Degerfors,18,2006,13,6,592,6.6,2,0,2,2,0,0,1,0,0.30,0.00,0.30,0.30,0.30,Matches,0.11,0.40,19,5,26.3,0.76,2.89,,,,,,,,,,,,,,,,,,,Allsvenskan,2025
7e30f78c,Juhani Pikkarainen,Juhani Pikkarainen,fi FIN,DF,Degerfors,26,1998,23,21,"1,795",19.9,1,0,1,1,0,0,7,0,0.05,0.00,0.05,0.05,0.05,Matches,0.06,0.25,17,4,23.5,0.20,0.85,,,,,,,,,,,,,,,,,,,Allsvenskan,2025
1fd1df9c,Shaquille Pinas,Shaquille Pinas,sr SUR,DF,Hammarby,26,1998,19,19,"1,689",18.8,2,1,3,2,0,0,5,0,0.11,0.05,0.16,0.11,0.16,Matches,0.07,0.33,28,6,21.4,0.32,1.49,,,,,,,,,,,,,,,,,,,Allsvenskan,2025
7c972c68,Vincent Poppler,Vincent Poppler,se SWE,FW,Öster,23,2001,1,0,9,0.1,0,0,0,0,0,0,0,0,0.00,0.00,0.00,0.00,0.00,Matches,,,0,0,,0.00,0.00,,,,,,,,,,,,,,,,,,,Allsvenskan,2025
d646e08c,Tim Prica,Tim Prica,se SWE,"FW,MF",Norrköping,22,2002,26,9,"1,018",11.3,2,2,4,1,1,1,4,1,0.18,0.18,0.35,0.09,0.27,Matches,0.04,0.13,25,8,32.0,0.71,2.21,,,,,,,,,,,,,,,,,,,Allsvenskan,2025
b50b9cc3,August Priske,August Priske,dk DEN,"FW,MF",Djurgården,20,2004,27,24,"2,078",23.1,18,2,20,18,0,0,4,0,0.78,0.09,0.87,0.78,0.87,Matches,0.25,0.47,72,38,52.8,1.65,3.12,,,,,,,,,,,,,,,,,,,Allsvenskan,2025
17e8b732,Andreas Pyndt Andersen,Andreas Pyndt Andersen,dk DEN,MF,Sirius,23,2001,2,1,65,0.7,0,0,0,0,0,0,0,0,0.00,0.00,0.00,0.00,0.00,Matches,0.00,0.00,2,1,50.0,1.38,2.77,,,,,,,,,,,,,,,,,,,Allsvenskan,2025
a1fbaeb3,Marcus Rafferty,Marcus Rafferty,se SWE,"MF,FW",Degerfors,20,2004,25,23,"1,735",19.3,7,0,7,6,1,1,1,0,0.36,0.00,0.36,0.31,0.31,Matches,0.12,0.32,51,19,37.3,0.99,2.65,,,,,,,,,,,,,,,,,,,Allsvenskan,2025
bf214961,Gottfrid Rapp,Gottfrid Rapp,se SWE,"FW,MF",Elfsborg,19,2005,21,8,801,8.9,0,1,1,0,0,0,0,0,0.00,0.11,0.11,0.00,0.11,Matches,0.00,0.00,17,3,17.6,0.34,1.91,,,,,,,,,,,,,,,,,,,Allsvenskan,2025
ab86ca19,Johan Rapp,Johan Rapp,se SWE,DF,Värnamo,23,2001,22,15,"1,346",15.0,0,2,2,0,0,0,3,0,0.00,0.13,0.13,0.00,0.13,Matches,0.00,0.00,5,2,40.0,0.13,0.33,,,,,,,,,,,,,,,,,,,Allsvenskan,2025
42119612,Armandas Raudonis,Armandas Raudonis,lt LTU,DF,Värnamo,17,2007,1,1,86,1.0,0,0,0,0,0,0,1,0,0.00,0.00,0.00,0.00,0.00,Matches,,,0,0,,0.00,0.00,,,,,,,,,,,,,,,,,,,Allsvenskan,2025
b18dc3ed,Andreas Redkin,Andreas Redkin,se SWE,FW,AIK Stockholm,18,2007,2,2,120,1.3,0,0,0,0,0,0,0,0,0.00,0.00,0.00,0.00,0.00,Matches,0.00,,2,0,0.0,0.00,1.50,,,,,,,,,,,,,,,,,,,Allsvenskan,2025
c40e64b6,Ricardo,Ricardo,br BRA,GK,Malmö,31,1993,9,9,810,9.0,0,0,0,0,0,0,1,0,0.00,0.00,0.00,0.00,0.00,Matches,,,0,0,,0.00,0.00,3,33.3,9,9,9,1.00,2,810,1,2,0,50.0,1,66.7,17,24,3,4,Allsvenskan,2025
fd94116b,Ludvig Richtner,Ludvig Richtner,se SWE,FW,Elfsborg,19,2005,5,1,160,1.8,0,0,0,0,0,0,0,0,0.00,0.00,0.00,0.00,0.00,Matches,0.00,0.00,5,1,20.0,0.56,2.81,,,,,,,,,,,,,,,,,,,Allsvenskan,2025
09d131ed,Jacob Rinne,Jacob Rinne,se SWE,GK,Djurgården,31,1993,8,7,675,7.5,0,0,0,0,0,0,1,0,0.00,0.00,0.00,0.00,0.00,Matches,,,0,0,,0.00,0.00,2,28.6,8,7,10,1.33,2,675,0,0,0,,0,72.2,26,36,4,1,Allsvenskan,2025
40c965a4,Vladimir Rodić,Vladimir Rodić,me MNE,"FW,MF",Öster,31,1993,17,3,500,5.6,2,0,2,2,0,0,3,0,0.36,0.00,0.36,0.36,0.36,Matches,0.13,0.33,15,6,40.0,1.08,2.70,,,,,,,,,,,,,,,,,,,Allsvenskan,2025
8e833ce2,Tim Rönning,Tim Rönning,se SWE,GK,Halmstad,25,1999,7,7,630,7.0,0,0,0,0,0,0,0,0,0.00,0.00,0.00,0.00,0.00,Matches,,,0,0,,0.00,0.00,1,14.3,7,7,15,2.14,4,630,2,2,0,0.0,0,59.4,19,32,1,2,Allsvenskan,2025
1c6f0559,Otto Rosengren,Otto Rosengren,se SWE,MF,Malmö,21,2003,26,25,"2,121",23.6,2,6,8,2,0,0,6,0,0.08,0.25,0.34,0.08,0.34,Matches,0.05,0.22,41,9,22.0,0.38,1.74,,,,,,,,,,,,,,,,,,,Allsvenskan,2025
a6d339fa,Colin Rosler,Colin Rosler,no NOR,DF,Malmö,24,2000,24,24,"2,101",23.3,2,1,3,2,0,0,3,1,0.09,0.04,0.13,0.09,0.13,Matches,0.29,1.00,7,2,28.6,0.09,0.30,,,,,,,,,,,,,,,,,,,Allsvenskan,2025
4307bdfc,Mohammed Rufaai,Mohammed Rufaai,gh GHA,DF,Värnamo,18,2006,16,15,"1,282",14.2,2,0,2,2,0,0,3,1,0.14,0.00,0.14,0.14,0.14,Matches,0.14,0.50,14,4,28.6,0.28,0.98,,,,,,,,,,,,,,,,,,,Allsvenskan,2025
5f3a46fb,Mikkel Rygaard Jensen,Mikkel Rygaard Jensen,dk DEN,"MF,FW",BK Häcken,34,1990,24,20,"1,752",19.5,4,4,8,4,0,0,3,1,0.21,0.21,0.41,0.21,0.41,Matches,0.09,0.25,45,16,35.6,0.82,2.31,,,,,,,,,,,,,,,,,,,Allsvenskan,2025
0d938ef6,Nicklas Røjkjær,Nicklas Røjkjær,dk DEN,MF,Mjällby,26,1998,14,14,"1,206",13.4,5,4,9,5,0,0,0,0,0.37,0.30,0.67,0.37,0.67,Matches,0.17,0.38,30,13,43.3,0.97,2.24,,,,,,,,,,,,,,,,,,,Allsvenskan,2025
1ea0b955,Danilo Al Saed,Danilo Al Saed,iq IRQ,MF,BK Häcken,25,1999,12,3,442,4.9,0,1,1,0,0,0,0,0,0.00,0.20,0.20,0.00,0.20,Matches,0.00,0.00,10,2,20.0,0.41,2.04,,,,,,,,,,,,,,,,,,,Allsvenskan,2025
95849ea7,Ahmed Saeed,Ahmed Saeed,se SWE,MF,Djurgården,16,2008,2,0,39,0.4,0,1,1,0,0,0,0,0,0.00,2.31,2.31,0.00,2.31,Matches,0.00,0.00,2,2,100.0,4.62,4.62,,,,,,,,,,,,,,,,,,,Allsvenskan,2025
c456358e,Abdelrahman Saidi,Abdelrahman Saidi,se SWE,"FW,MF",Hammarby,25,1999,17,6,794,8.8,4,2,6,4,0,0,2,0,0.45,0.23,0.68,0.45,0.68,Matches,0.14,0.31,29,13,44.8,1.47,3.29,,,,,,,,,,,,,,,,,,,Allsvenskan,2025
3da8c3f9,Anton Salétros,Anton Salétros,se SWE,MF,AIK Stockholm,28,1996,26,26,"2,308",25.6,2,2,4,2,0,0,8,1,0.08,0.08,0.16,0.08,0.16,Matches,0.06,0.33,34,6,17.6,0.23,1.33,,,,,,,,,,,,,,,,,,,Allsvenskan,2025
3f38043e,Ziyad Salifu,Ziyad Salifu,gh GHA,FW,Degerfors,18,2006,10,2,205,2.3,0,0,0,0,0,0,0,0,0.00,0.00,0.00,0.00,0.00,Matches,0.00,,6,0,0.0,0.00,2.63,,,,,,,,,,,,,,,,,,,Allsvenskan,2025
74cdb56a,Mohammad Al Salkhadi,Mohammad Al Salkhadi,sy SYR,"FW,MF",Värnamo,23,2001,26,17,"1,546",17.2,4,1,5,4,0,0,3,0,0.23,0.06,0.29,0.23,0.29,Matches,0.08,0.36,52,11,21.2,0.64,3.03,,,,,,,,,,,,,,,,,,,Allsvenskan,2025
d5b9031f,Olle Samuelsson,Olle Samuelsson,se SWE,DF,BK Häcken,20,2004,12,11,964,10.7,0,0,0,0,0,0,3,0,0.00,0.00,0.00,0.00,0.00,Matches,,,0,0,,0.00,0.00,,,,,,,,,,,,,,,,,,,Allsvenskan,2025
05b00fef,Simon Sandberg,Simon Sandberg,se SWE,DF,Sirius,30,1994,24,22,"1,925",21.4,0,2,2,0,0,0,3,0,0.00,0.09,0.09,0.00,0.09,Matches,0.00,0.00,8,1,12.5,0.05,0.37,,,,,,,,,,,,,,,,,,,Allsvenskan,2025
d21a8046,Thomas Santos,Thomas Santos,dk DEN,"DF,FW",Göteborg,26,1998,28,20,"1,784",19.8,1,1,2,1,0,0,3,0,0.05,0.05,0.10,0.05,0.10,Matches,0.07,0.33,14,3,21.4,0.15,0.71,,,,,,,,,,,,,,,,,,,Allsvenskan,2025
a2f92bfc,Youssoupha Sanyang,Youssoupha Sanyang,gm GAM,"MF,FW",Öster,19,2005,10,9,753,8.4,0,1,1,0,0,0,5,0,0.00,0.12,0.12,0.00,0.12,Matches,0.00,,6,0,0.0,0.00,0.72,,,,,,,,,,,,,,,,,,,Allsvenskan,2025
faf97670,Zakaria Sawo,Zakaria Sawo,gm GAM,"FW,MF",Djurgården,25,2000,18,5,506,5.6,1,0,1,1,0,0,4,0,0.18,0.00,0.18,0.18,0.18,Matches,0.07,0.14,15,7,46.7,1.25,2.67,,,,,,,,,,,,,,,,,,,Allsvenskan,2025
0e624c72,Rasmus Schüller,Rasmus Schüller,fi FIN,MF,Djurgården,33,1991,18,16,"1,109",12.3,0,1,1,0,0,0,2,0,0.00,0.08,0.08,0.00,0.08,Matches,0.00,0.00,10,5,50.0,0.41,0.81,,,,,,,,,,,,,,,,,,,Allsvenskan,2025
4206ea06,Filip Schyberg,Filip Schyberg,se SWE,DF,Halmstad,25,1999,23,17,"1,534",17.0,2,0,2,2,0,0,5,0,0.12,0.00,0.12,0.12,0.12,Matches,0.14,0.67,14,3,21.4,0.18,0.82,,,,,,,,,,,,,,,,,,,Allsvenskan,2025
9fad4bf0,David Seger,David Seger,se SWE,MF,Öster,25,1999,12,12,"1,040",11.6,2,2,4,2,0,0,1,0,0.17,0.17,0.35,0.17,0.35,Matches,0.10,0.40,21,5,23.8,0.43,1.82,,,,,,,,,,,,,,,,,,,Allsvenskan,2025
57d9707f,Patriot Sejdiu,Patriot Sejdiu,xk KVX,"FW,MF",Öster,24,2000,10,5,497,5.5,0,0,0,0,0,0,2,0,0.00,0.00,0.00,0.00,0.00,Matches,0.00,0.00,10,1,10.0,0.18,1.81,,,,,,,,,,,,,,,,,,,Allsvenskan,2025
467c0a0d,Kamilcan Sever,Kamilcan Sever,,FW,Brommapojkarna,18,2006,5,0,55,0.6,0,0,0,0,0,0,0,0,0.00,0.00,0.00,0.00,0.00,Matches,0.00,0.00,3,1,33.3,1.64,4.91,,,,,,,,,,,,,,,,,,,Allsvenskan,2025
cb75ed1e,Noah Shamoun,Noah Shamoun,sy SYR,MF,Värnamo,22,2002,14,13,855,9.5,2,3,5,2,0,0,1,0,0.21,0.32,0.53,0.21,0.53,Matches,0.10,0.50,20,4,20.0,0.42,2.11,,,,,,,,,,,,,,,,,,,Allsvenskan,2025
f9668f0a,Ari Sigurpálsson,Ari Sigurpálsson,is ISL,"FW,MF",Elfsborg,21,2003,26,13,"1,159",12.9,4,0,4,4,0,0,2,0,0.31,0.00,0.31,0.31,0.31,Matches,0.24,0.40,17,10,58.8,0.78,1.32,,,,,,,,,,,,,,,,,,,Allsvenskan,2025
f209b81e,Arnór Sigurðsson,Arnór Sigurðsson,is ISL,"MF,FW",Malmö,25,1999,13,5,435,4.8,1,0,1,1,0,0,2,0,0.21,0.00,0.21,0.21,0.21,Matches,0.08,0.25,13,4,30.8,0.83,2.69,,,,,,,,,,,,,,,,,,,Allsvenskan,2025
901dc77c,Matias Siltanen,Matias Siltanen,fi FIN,MF,Djurgården,17,2007,29,27,"2,360",26.2,0,4,4,0,0,0,4,0,0.00,0.15,0.15,0.00,0.15,Matches,0.00,0.00,25,5,20.0,0.19,0.95,,,,,,,,,,,,,,,,,,,Allsvenskan,2025
868b9f43,Taylor Silverholt,Taylor Silverholt,se SWE,FW,Elfsborg,23,2001,23,19,"1,498",16.6,6,2,8,6,0,0,0,0,0.36,0.12,0.48,0.36,0.48,Matches,0.17,0.40,35,15,42.9,0.90,2.10,,,,,,,,,,,,,,,,,,,Allsvenskan,2025
7b21750a,Kees Sims,Kees Sims,nz NZL,GK,GAIS,21,2003,8,7,676,7.5,0,0,0,0,0,0,0,0,0.00,0.00,0.00,0.00,0.00,Matches,,,0,0,,0.00,0.00,2,28.6,8,7,9,1.20,2,676,0,0,0,,0,74.3,26,35,1,4,Allsvenskan,2025
f5ea4560,Herman Sjögrell,Herman Sjögrell,se SWE,FW,Sirius,23,2001,6,0,37,0.4,0,0,0,0,0,0,0,0,0.00,0.00,0.00,0.00,0.00,Matches,,,0,0,,0.00,0.00,,,,,,,,,,,,,,,,,,,Allsvenskan,2025
ce650991,Hampus Skoglund,Hampus Skoglund,se SWE,DF,Hammarby,20,2004,27,25,"2,103",23.4,0,4,4,0,0,0,0,0,0.00,0.17,0.17,0.00,0.17,Matches,0.00,0.00,24,4,16.7,0.17,1.03,,,,,,,,,,,,,,,,,,,Allsvenskan,2025
0c574b7f,Adrian Skogmar,Adrian Skogmar,se SWE,MF,Malmö,19,2005,21,15,"1,262",14.0,1,1,2,1,0,0,0,0,0.07,0.07,0.14,0.07,0.14,Matches,0.08,0.33,13,3,23.1,0.21,0.93,,,,,,,,,,,,,,,,,,,Allsvenskan,2025
3b82aaa8,Hjalmar Smedberg,Hjalmar Smedberg,se SWE,,Degerfors,18,2006,3,0,37,0.4,0,0,0,0,0,0,0,0,0.00,0.00,0.00,0.00,0.00,Matches,,,0,0,,0.00,0.00,,,,,,,,,,,,,,,,,,,Allsvenskan,2025
e3372668,Eskil Smidesang Edh,Eskil Smidesang Edh,no NOR,DF,AIK Stockholm,22,2002,6,6,537,6.0,0,0,0,0,0,0,1,0,0.00,0.00,0.00,0.00,0.00,Matches,0.00,,2,0,0.0,0.00,0.34,,,,,,,,,,,,,,,,,,,Allsvenskan,2025
ac2b7bfe,Niklas Söderberg,Niklas Söderberg,se SWE,MF,Öster,28,1997,10,2,267,3.0,1,0,1,1,0,0,3,0,0.34,0.00,0.34,0.34,0.34,Matches,0.14,0.33,7,3,42.9,1.01,2.36,,,,,,,,,,,,,,,,,,,Allsvenskan,2025
23562628,Noah Söderberg,Noah Söderberg,se SWE,"MF,FW",Öster,23,2001,26,14,"1,308",14.5,0,0,0,0,0,0,3,0,0.00,0.00,0.00,0.00,0.00,Matches,0.00,0.00,13,4,30.8,0.28,0.89,,,,,,,,,,,,,,,,,,,Allsvenskan,2025
774dc73f,Amadeus Sögaard,Amadeus Sögaard,se SWE,DF,Norrköping,27,1998,20,15,"1,443",16.0,0,2,2,0,0,0,4,0,0.00,0.12,0.12,0.00,0.12,Matches,0.00,0.00,6,1,16.7,0.06,0.37,,,,,,,,,,,,,,,,,,,Allsvenskan,2025
f57dbfe7,Salifou Soumah,Salifou Soumah,gn GUI,MF,Malmö,21,2003,7,1,167,1.9,0,0,0,0,0,0,1,0,0.00,0.00,0.00,0.00,0.00,Matches,0.00,,4,0,0.0,0.00,2.16,,,,,,,,,,,,,,,,,,,Allsvenskan,2025
d457def7,Isak Ssewankambo,Isak Ssewankambo,se SWE,DF,Brommapojkarna,28,1996,10,6,549,6.1,0,0,0,0,0,0,1,0,0.00,0.00,0.00,0.00,0.00,Matches,0.00,0.00,1,1,100.0,0.16,0.16,,,,,,,,,,,,,,,,,,,Allsvenskan,2025
840207c9,Adam Ståhl,Adam Ståhl,fi FIN,"DF,MF",Djurgården,30,1994,24,18,"1,645",18.3,4,3,7,4,0,0,1,0,0.22,0.16,0.38,0.22,0.38,Matches,0.27,0.80,15,5,33.3,0.27,0.82,,,,,,,,,,,,,,,,,,,Allsvenskan,2025
4ae17cf2,Sebastian Starke Hedlund,Sebastian Starke Hedlund,se SWE,DF,Öster,29,1995,6,3,319,3.5,0,0,0,0,0,0,2,0,0.00,0.00,0.00,0.00,0.00,Matches,0.00,,2,0,0.0,0.00,0.56,,,,,,,,,,,,,,,,,,,Allsvenskan,2025
6fb7edd3,Timo Stavitski,Timo Stavitski,fi FIN,MF,Mjällby,25,1999,24,12,966,10.7,1,2,3,1,0,0,2,0,0.09,0.19,0.28,0.09,0.28,Matches,0.04,0.09,28,11,39.3,1.02,2.61,,,,,,,,,,,,,,,,,,,Allsvenskan,2025
89baf4bf,Daniel Stensson,Daniel Stensson,se SWE,MF,Djurgården,27,1997,15,9,793,8.8,0,0,0,0,0,0,2,1,0.00,0.00,0.00,0.00,0.00,Matches,0.00,0.00,7,1,14.3,0.11,0.79,,,,,,,,,,,,,,,,,,,Allsvenskan,2025
2df964cf,Simon Strand,Simon Strand,se SWE,"MF,DF",Hammarby,31,1993,21,3,413,4.6,2,0,2,2,0,0,1,0,0.44,0.00,0.44,0.44,0.44,Matches,0.20,0.40,10,5,50.0,1.09,2.18,,,,,,,,,,,,,,,,,,,Allsvenskan,2025
ff11bdec,Elliot Stroud,Elliot Stroud,se SWE,"MF,FW",Mjällby,22,2002,28,27,"2,446",27.2,10,5,15,7,3,4,4,0,0.37,0.18,0.55,0.26,0.44,Matches,0.13,0.33,52,21,40.4,0.77,1.91,,,,,,,,,,,,,,,,,,,Allsvenskan,2025
f91e81c9,Jens Stryger Larsen,Jens Stryger Larsen,dk DEN,DF,Malmö,33,1991,28,28,"2,424",26.9,2,1,3,2,0,0,4,0,0.07,0.04,0.11,0.07,0.11,Matches,0.10,0.40,21,5,23.8,0.19,0.78,,,,,,,,,,,,,,,,,,,Allsvenskan,2025
141b0bd2,Daniel Sundgren,Daniel Sundgren,se SWE,DF,Degerfors,34,1990,16,16,"1,431",15.9,1,2,3,1,0,0,2,0,0.06,0.13,0.19,0.06,0.19,Matches,0.14,0.50,7,2,28.6,0.13,0.44,,,,,,,,,,,,,,,,,,,Allsvenskan,2025
567df63b,Adrian Svanbäck,Adrian Svanbäck,fi FIN,"MF,FW",BK Häcken,20,2004,14,11,"1,012",11.2,5,1,6,5,0,0,0,0,0.44,0.09,0.53,0.44,0.53,Matches,0.14,0.29,37,17,45.9,1.51,3.29,,,,,,,,,,,,,,,,,,,Allsvenskan,2025
d0ee1b1c,Ludvig Svanberg,Ludvig Svanberg,se SWE,DF,Mjällby,22,2002,2,1,112,1.2,0,0,0,0,0,0,0,0,0.00,0.00,0.00,0.00,0.00,Matches,0.00,,1,0,0.0,0.00,0.80,,,,,,,,,,,,,,,,,,,Allsvenskan,2025
733713ef,Gustav Svensson,Gustav Svensson,se SWE,DF,Göteborg,37,1987,25,21,"1,988",22.1,0,0,0,0,0,0,2,0,0.00,0.00,0.00,0.00,0.00,Matches,0.00,0.00,13,1,7.7,0.05,0.59,,,,,,,,,,,,,,,,,,,Allsvenskan,2025
7bc8382b,Victor Svensson,Victor Svensson,dk DEN,MF,Sirius,18,2006,21,5,578,6.4,1,1,2,1,0,0,2,0,0.16,0.16,0.31,0.16,0.31,Matches,0.11,0.33,9,3,33.3,0.47,1.40,,,,,,,,,,,,,,,,,,,Allsvenskan,2025
2118dd14,Abdoulie Tamba,Abdoulie Tamba,gm GAM,DF,Norrköping,19,2006,5,5,328,3.6,0,0,0,0,0,0,2,0,0.00,0.00,0.00,0.00,0.00,Matches,0.00,,3,0,0.0,0.00,0.82,,,,,,,,,,,,,,,,,,,Allsvenskan,2025
e076aa9d,Matias Tamminen,Matias Tamminen,fi FIN,"MF,FW",Öster,23,2001,19,12,"1,013",11.3,1,3,4,1,0,0,2,0,0.09,0.27,0.36,0.09,0.36,Matches,0.08,0.17,13,6,46.2,0.53,1.15,,,,,,,,,,,,,,,,,,,Allsvenskan,2025
6499d50a,Anssi Tapio Suhonen,Anssi Tapio Suhonen,fi FIN,MF,Öster,24,2001,13,13,"1,064",11.8,1,1,2,1,0,0,2,0,0.08,0.08,0.17,0.08,0.17,Matches,0.04,0.14,25,7,28.0,0.59,2.11,,,,,,,,,,,,,,,,,,,Allsvenskan,2025
8830ef53,Arman Taranis,Arman Taranis,dk DEN,"FW,MF",Degerfors,23,2001,11,10,868,9.6,1,1,2,1,0,1,1,0,0.10,0.10,0.21,0.10,0.21,Matches,0.05,0.11,22,9,40.9,0.93,2.28,,,,,,,,,,,,,,,,,,,Allsvenskan,2025
fb13e16f,Christian Tchouante,Christian Tchouante,cm CMR,DF,Mjällby,19,2006,6,1,133,1.5,0,0,0,0,0,0,0,0,0.00,0.00,0.00,0.00,0.00,Matches,,,0,0,,0.00,0.00,,,,,,,,,,,,,,,,,,,Allsvenskan,2025
ed16934e,Tesfaldet Tekie,Tesfaldet Tekie,se SWE,MF,Hammarby,27,1997,27,24,"2,195",24.4,1,4,5,1,0,0,5,0,0.04,0.16,0.21,0.04,0.21,Matches,0.03,0.09,33,11,33.3,0.45,1.35,,,,,,,,,,,,,,,,,,,Allsvenskan,2025
2ca35213,Miro Tenho,Miro Tenho,fi FIN,DF,Djurgården,29,1995,25,19,"1,763",19.6,1,2,3,1,0,0,5,1,0.05,0.10,0.15,0.05,0.15,Matches,0.05,0.20,19,5,26.3,0.26,0.97,,,,,,,,,,,,,,,,,,,Allsvenskan,2025
3933becd,Simon Thern,Simon Thern,se SWE,MF,Värnamo,32,1992,24,18,"1,470",16.3,1,3,4,1,0,0,1,0,0.06,0.18,0.24,0.06,0.24,Matches,0.07,0.33,14,3,21.4,0.18,0.86,,,,,,,,,,,,,,,,,,,Allsvenskan,2025
0193b319,Ludvig Tidstrand,Ludvig Tidstrand,se SWE,DF,Mjällby,19,2005,17,1,247,2.7,1,1,2,1,0,0,1,0,0.36,0.36,0.73,0.36,0.73,Matches,0.33,1.00,3,1,33.3,0.36,1.09,,,,,,,,,,,,,,,,,,,Allsvenskan,2025
5e4dae5f,Alex Timossi Andersson,Alex Timossi Andersson,se SWE,DF,Brommapojkarna,24,2001,29,29,"2,596",28.8,4,3,7,4,0,0,4,0,0.14,0.10,0.24,0.14,0.24,Matches,0.24,0.44,17,9,52.9,0.31,0.59,,,,,,,,,,,,,,,,,,,Allsvenskan,2025
f7533c1a,Noah Tolf,Noah Tolf,se SWE,DF,Göteborg,19,2005,29,28,"2,355",26.2,1,0,1,1,0,0,4,0,0.04,0.00,0.04,0.04,0.04,Matches,0.10,0.33,10,3,30.0,0.11,0.38,,,,,,,,,,,,,,,,,,,Allsvenskan,2025
6bf54cff,Noel Törnqvist,Noel Törnqvist,se SWE,GK,Mjällby,22,2002,29,29,"2,610",29.0,0,0,0,0,0,0,0,0,0.00,0.00,0.00,0.00,0.00,Matches,,,0,0,,0.00,0.00,13,44.8,29,29,18,0.62,1,"2,610",0,1,0,100.0,1,80.9,77,94,6,22,Allsvenskan,2025
584fee1f,Sebastian Tounekti,Sebastian Tounekti,tn TUN,"MF,FW",Hammarby,22,2002,21,20,"1,608",17.9,3,5,8,2,1,1,3,0,0.17,0.28,0.45,0.11,0.39,Matches,0.05,0.18,41,11,26.8,0.62,2.29,,,,,,,,,,,,,,,,,,,Allsvenskan,2025
438ae11e,Anders Trondsen,Anders Trondsen,no NOR,"MF,DF",Göteborg,29,1995,10,2,301,3.3,0,0,0,0,0,0,2,0,0.00,0.00,0.00,0.00,0.00,Matches,0.00,,3,0,0.0,0.00,0.90,,,,,,,,,,,,,,,,,,,Allsvenskan,2025
2c272afa,Blair Turgott,Blair Turgott,jm JAM,"FW,MF",Halmstad,30,1994,11,0,178,2.0,0,0,0,0,0,0,0,0,0.00,0.00,0.00,0.00,0.00,Matches,0.00,0.00,4,2,50.0,1.01,2.02,,,,,,,,,,,,,,,,,,,Allsvenskan,2025
5676b095,Vilmer Tyren,Vilmer Tyren,se SWE,FW,Göteborg,19,2005,1,0,6,0.1,0,0,0,0,0,0,0,0,0.00,0.00,0.00,0.00,0.00,Matches,,,0,0,,0.00,0.00,,,,,,,,,,,,,,,,,,,Allsvenskan,2025
b343386d,Oscar Uddenäs,Oscar Uddenäs,se SWE,"FW,MF",Öster,22,2002,16,15,"1,110",12.3,2,0,2,2,0,0,2,0,0.16,0.00,0.16,0.16,0.16,Matches,0.09,0.33,23,6,26.1,0.49,1.86,,,,,,,,,,,,,,,,,,,Allsvenskan,2025
3ff08295,Wilson Uhrström,Wilson Uhrström,se SWE,MF,Hammarby,18,2006,6,1,92,1.0,0,0,0,0,0,0,1,0,0.00,0.00,0.00,0.00,0.00,Matches,0.00,0.00,3,1,33.3,0.98,2.93,,,,,,,,,,,,,,,,,,,Allsvenskan,2025
b45672e0,Jacob Une Larsson,Jacob Une Larsson,se SWE,DF,Djurgården,30,1994,20,13,"1,160",12.9,0,0,0,0,0,0,4,0,0.00,0.00,0.00,0.00,0.00,Matches,0.00,,2,0,0.0,0.00,0.16,,,,,,,,,,,,,,,,,,,Allsvenskan,2025
1f649e71,Robbie Ure,Robbie Ure,sct SCO,FW,Sirius,20,2004,30,28,"2,538",28.2,11,4,15,11,0,0,2,0,0.39,0.14,0.53,0.39,0.53,Matches,0.18,0.44,62,25,40.3,0.89,2.20,,,,,,,,,,,,,,,,,,,Allsvenskan,2025
d75f3980,Jere Uronen,Jere Uronen,fi FIN,MF,AIK Stockholm,30,1994,8,3,321,3.6,0,0,0,0,0,0,0,0,0.00,0.00,0.00,0.00,0.00,Matches,0.00,,1,0,0.0,0.00,0.28,,,,,,,,,,,,,,,,,,,Allsvenskan,2025
8f906c5f,Pavle Vagić,Pavle Vagić,se SWE,DF,Hammarby,25,2000,25,25,"2,152",23.9,0,0,0,0,0,0,4,0,0.00,0.00,0.00,0.00,0.00,Matches,0.00,,2,0,0.0,0.00,0.08,,,,,,,,,,,,,,,,,,,Allsvenskan,2025
93b56ba5,Leo Väisänen,Leo Väisänen,fi FIN,DF,BK Häcken,27,1997,1,0,11,0.1,0,0,0,0,0,0,0,0,0.00,0.00,0.00,0.00,0.00,Matches,,,0,0,,0.00,0.00,,,,,,,,,,,,,,,,,,,Allsvenskan,2025
6dbe8a2e,Tatu Varmanen,Tatu Varmanen,fi FIN,DF,Öster,26,1998,25,25,"2,064",22.9,0,2,2,0,0,0,5,0,0.00,0.09,0.09,0.00,0.09,Matches,0.00,,6,0,0.0,0.00,0.26,,,,,,,,,,,,,,,,,,,Allsvenskan,2025
319ef3f6,Nikola Vasic,Nikola Vasic,se SWE,FW,Hammarby,33,1991,2,0,18,0.2,0,0,0,0,0,0,1,0,0.00,0.00,0.00,0.00,0.00,Matches,,,0,0,,0.00,0.00,,,,,,,,,,,,,,,,,,,Allsvenskan,2025
023a32ea,Stefano Vecchia,Stefano Vecchia,se SWE,"FW,MF",Malmö,30,1995,7,0,54,0.6,0,0,0,0,0,0,0,0,0.00,0.00,0.00,0.00,0.00,Matches,0.00,0.00,3,2,66.7,3.33,5.00,,,,,,,,,,,,,,,,,,,Allsvenskan,2025
49bb999b,Martin Vetkal,Martin Vetkal,ee EST,MF,Brommapojkarna,20,2004,1,0,19,0.2,0,0,0,0,0,0,0,0,0.00,0.00,0.00,0.00,0.00,Matches,,,0,0,,0.00,0.00,,,,,,,,,,,,,,,,,,,Allsvenskan,2025
380e2a1d,Jakob Voelkerling Persson,Jakob Voelkerling Persson,se SWE,DF,Sirius,24,2000,16,12,978,10.9,1,0,1,1,0,0,3,0,0.09,0.00,0.09,0.09,0.09,Matches,0.14,0.50,7,2,28.6,0.18,0.64,,,,,,,,,,,,,,,,,,,Allsvenskan,2025
b3ef6517,Joel Voelkerling Persson,Joel Voelkerling Persson,se SWE,FW,Öster,22,2003,7,2,196,2.2,0,0,0,0,0,0,0,0,0.00,0.00,0.00,0.00,0.00,Matches,0.00,0.00,3,1,33.3,0.46,1.38,,,,,,,,,,,,,,,,,,,Allsvenskan,2025
8e2d1c7a,Dijan Vukojevic,Dijan Vukojevic,se SWE,"FW,MF",Degerfors,29,1995,8,6,557,6.2,5,1,6,5,0,0,0,0,0.81,0.16,0.97,0.81,0.97,Matches,0.16,0.28,32,18,56.3,2.91,5.17,,,,,,,,,,,,,,,,,,,Allsvenskan,2025
5d7c2b31,Gabriel Wallentin,Gabriel Wallentin,se SWE,DF,Halmstad,23,2001,20,12,"1,081",12.0,0,0,0,0,0,0,4,1,0.00,0.00,0.00,0.00,0.00,Matches,0.00,0.00,6,2,33.3,0.17,0.50,,,,,,,,,,,,,,,,,,,Allsvenskan,2025
9a8444a6,Robin Wallinder,Robin Wallinder,se SWE,GK,Öster,25,1999,30,30,"2,700",30.0,0,0,0,0,0,0,0,0,0.00,0.00,0.00,0.00,0.00,Matches,,,0,0,,0.00,0.00,5,16.7,30,30,48,1.60,16,"2,700",3,4,0,25.0,1,70.2,107,151,8,6,Allsvenskan,2025
a0d23533,Leo Walta,Leo Walta,fi FIN,MF,Sirius,21,2003,30,30,"2,672",29.7,16,3,19,11,5,5,2,0,0.54,0.10,0.64,0.37,0.47,Matches,0.12,0.33,94,33,35.1,1.11,3.17,,,,,,,,,,,,,,,,,,,Allsvenskan,2025
bdb3baee,August Wangberg,August Wangberg,se SWE,DF,GAIS,31,1993,28,25,"2,275",25.3,0,2,2,0,0,0,2,0,0.00,0.08,0.08,0.00,0.08,Matches,0.00,0.00,15,3,20.0,0.12,0.59,,,,,,,,,,,,,,,,,,,Allsvenskan,2025
18d95619,Max Watson,Max Watson,se SWE,DF,Norrköping,28,1996,30,29,"2,634",29.3,2,0,2,2,0,0,3,0,0.07,0.00,0.07,0.07,0.07,Matches,0.25,1.00,8,2,25.0,0.07,0.27,,,,,,,,,,,,,,,,,,,Allsvenskan,2025
e3b0d503,Christ Wawa,Christ Wawa,ci CIV,FW,BK Häcken,17,2007,1,0,8,0.1,0,0,0,0,0,0,0,0,0.00,0.00,0.00,0.00,0.00,Matches,0.00,,1,0,0.0,0.00,11.25,,,,,,,,,,,,,,,,,,,Allsvenskan,2025
c1851bfd,Brice Wembangomo,Brice Wembangomo,no NOR,DF,BK Häcken,28,1996,7,4,337,3.7,0,0,0,0,0,0,0,0,0.00,0.00,0.00,0.00,0.00,Matches,,,0,0,,0.00,0.00,,,,,,,,,,,,,,,,,,,Allsvenskan,2025
028c5f06,Wenderson,Wenderson,br BRA,MF,Elfsborg,25,1999,14,12,"1,038",11.5,0,1,1,0,0,0,3,0,0.00,0.09,0.09,0.00,0.09,Matches,0.00,0.00,7,2,28.6,0.17,0.61,,,,,,,,,,,,,,,,,,,Allsvenskan,2025
028c5f06,Wenderson,Wenderson,br BRA,MF,Elfsborg,25,1999,14,12,"1,038",11.5,0,1,1,0,0,0,3,0,0.00,0.09,0.09,0.00,0.09,Matches,0.00,0.00,2,1,50.0,0.13,0.26,,,,,,,,,,,,,,,,,,,Allsvenskan,2025
028c5f06,Wenderson,Wenderson,br BRA,MF,Värnamo,25,1999,12,8,704,7.8,0,1,1,0,0,0,0,1,0.00,0.13,0.13,0.00,0.13,Matches,0.00,0.00,7,2,28.6,0.17,0.61,,,,,,,,,,,,,,,,,,,Allsvenskan,2025
028c5f06,Wenderson,Wenderson,br BRA,MF,Värnamo,25,1999,12,8,704,7.8,0,1,1,0,0,0,0,1,0.00,0.13,0.13,0.00,0.13,Matches,0.00,0.00,2,1,50.0,0.13,0.26,,,,,,,,,,,,,,,,,,,Allsvenskan,2025
fbdeae85,Robin Wendin Thomasson,Robin Wendin Thomasson,se SWE,DF,GAIS,25,1999,17,12,"1,098",12.2,0,1,1,0,0,0,2,1,0.00,0.08,0.08,0.00,0.08,Matches,0.00,0.00,15,3,20.0,0.25,1.23,,,,,,,,,,,,,,,,,,,Allsvenskan,2025
512a52c6,Dennis Widgren,Dennis Widgren,se SWE,DF,Sirius,30,1994,17,7,710,7.9,1,1,2,1,0,0,1,0,0.13,0.13,0.25,0.13,0.25,Matches,0.50,1.00,2,1,50.0,0.13,0.25,,,,,,,,,,,,,,,,,,,Allsvenskan,2025
677889a9,Adam Wikman,Adam Wikman,se SWE,MF,Sirius,21,2003,17,5,565,6.3,0,0,0,0,0,0,2,0,0.00,0.00,0.00,0.00,0.00,Matches,0.00,,1,0,0.0,0.00,0.16,,,,,,,,,,,,,,,,,,,Allsvenskan,2025
1f050b89,Rasmus Wikström,Rasmus Wikström,se SWE,DF,Elfsborg,23,2001,25,24,"2,173",24.1,6,0,6,6,0,0,9,1,0.25,0.00,0.25,0.25,0.25,Matches,0.27,0.50,22,12,54.5,0.50,0.91,,,,,,,,,,,,,,,,,,,Allsvenskan,2025
95c840ac,Freddy Winsth,Freddy Winsth,se SWE,DF,Värnamo,34,1990,2,1,68,0.8,0,0,0,0,0,0,0,0,0.00,0.00,0.00,0.00,0.00,Matches,,,0,0,,0.00,0.00,,,,,,,,,,,,,,,,,,,Allsvenskan,2025
a1257b5e,Frederik Winther,Frederik Winther,dk DEN,DF,Hammarby,24,2001,15,11,"1,047",11.6,0,0,0,0,0,0,1,0,0.00,0.00,0.00,0.00,0.00,Matches,0.00,,6,0,0.0,0.00,0.52,,,,,,,,,,,,,,,,,,,Allsvenskan,2025
835d9ab5,Emmanuel Yeboah,Emmanuel Yeboah,gh GHA,"FW,MF",Halmstad,21,2003,11,9,705,7.8,1,0,1,0,1,1,3,0,0.13,0.00,0.13,0.00,0.00,Matches,0.00,0.00,20,8,40.0,1.02,2.55,,,,,,,,,,,,,,,,,,,Allsvenskan,2025
ad9a7506,Rockson Yeboah,Rockson Yeboah,gh GHA,DF,Göteborg,20,2004,12,2,261,2.9,0,0,0,0,0,0,4,1,0.00,0.00,0.00,0.00,0.00,Matches,0.00,,2,0,0.0,0.00,0.69,,,,,,,,,,,,,,,,,,,Allsvenskan,2025
c9829c9b,Terry Yegbe,Terry Yegbe,gh GHA,DF,Elfsborg,24,2001,18,17,"1,501",16.7,1,1,2,1,0,0,3,0,0.06,0.06,0.12,0.06,0.12,Matches,0.07,0.25,15,4,26.7,0.24,0.90,,,,,,,,,,,,,,,,,,,Allsvenskan,2025
4a76513e,Zadok Yohanna,Zadok Yohanna,ng NGA,"DF,MF",AIK Stockholm,17,2007,6,3,140,1.6,0,0,0,0,0,0,0,0,0.00,0.00,0.00,0.00,0.00,Matches,0.00,0.00,5,2,40.0,1.29,3.21,,,,,,,,,,,,,,,,,,,Allsvenskan,2025
72d4922b,Oliver Zandén,Oliver Zandén,se SWE,DF,Brommapojkarna,23,2001,24,24,"2,155",23.9,0,4,4,0,0,0,5,0,0.00,0.17,0.17,0.00,0.17,Matches,0.00,0.00,9,1,11.1,0.04,0.38,,,,,,,,,,,,,,,,,,,Allsvenskan,2025
10a69a43,Nils Zätterström,Nils Zätterström,se SWE,DF,Malmö,19,2005,10,7,655,7.3,0,0,0,0,0,0,2,0,0.00,0.00,0.00,0.00,0.00,Matches,0.00,,2,0,0.0,0.00,0.27,,,,,,,,,,,,,,,,,,,Allsvenskan,2025
69bbb06a,Nikola Zečević,Nikola Zečević,rs SRB,DF,BK Häcken,20,2004,5,1,141,1.6,0,0,0,0,0,0,1,0,0.00,0.00,0.00,0.00,0.00,Matches,,,0,0,,0.00,0.00,,,,,,,,,,,,,,,,,,,Allsvenskan,2025
bbbf30ad,Ajdin Zeljkovic,Ajdin Zeljkovic,se SWE,"FW,MF",Värnamo,27,1997,27,22,"1,760",19.6,7,2,9,6,1,1,0,0,0.36,0.10,0.46,0.31,0.41,Matches,0.09,0.30,66,20,30.3,1.02,3.38,,,,,,,,,,,,,,,,,,,Allsvenskan,2025
095e4199,Arber Zeneli,Arber Zeneli,xk KVX,"MF,FW",Elfsborg,29,1995,14,9,718,8.0,2,2,4,2,0,0,2,0,0.25,0.25,0.50,0.25,0.50,Matches,0.18,1.00,11,2,18.2,0.25,1.38,,,,,,,,,,,,,,,,,,,Allsvenskan,2025
6be253bf,Besfort Zeneli,Besfort Zeneli,se SWE,MF,Elfsborg,22,2002,27,27,"2,394",26.6,2,8,10,2,0,0,3,0,0.08,0.30,0.38,0.08,0.38,Matches,0.04,0.18,45,11,24.4,0.41,1.69,,,,,,,,,,,,,,,,,,,Allsvenskan,2025
5529a99a,Nino Žugelj,Nino Žugelj,si SVN,FW,Djurgården,24,2000,7,0,209,2.3,1,0,1,1,0,0,1,0,0.43,0.00,0.43,0.43,0.43,Matches,0.25,0.33,4,3,75.0,1.29,1.72,,,,,,,,,,,,,,,,,,,Allsvenskan,2025
88351b7e,Robert Þorkelsson,Robert Þorkelsson,is ISL,MF,GAIS,19,2005,3,0,15,0.2,0,0,0,0,0,0,0,0,0.00,0.00,0.00,0.00,0.00,Matches,0.00,,1,0,0.0,0.00,6.00,,,,,,,,,,,,,,,,,,,Allsvenskan,2025
fcd3f666,Kolbeinn Þórðarson,Kolbeinn Þórðarson,is ISL,MF,Göteborg,24,2000,26,21,"1,808",20.1,8,2,10,8,0,0,6,1,0.40,0.10,0.50,0.40,0.50,Matches,0.20,0.73,41,11,26.8,0.55,2.04,,,,,,,,,,,,,,,,,,,Allsvenskan,2025
13597461,Andrej Đurić,Andrej Đurić,me MNE,DF,Malmö,21,2003,9,9,769,8.5,0,0,0,0,0,0,1,0,0.00,0.00,0.00,0.00,0.00,Matches,0.00,,8,0,0.0,0.00,0.94,,,,,,,,,,,,,,,,,,,Allsvenskan,2025
