PlayerID,Name,player,nationality,position,team,age,birth_year,games,games_starts,minutes,minutes_90s,goals,assists,goals_assists,goals_pens,pens_made,pens_att,cards_yellow,cards_red,goals_per90,assists_per90,goals_assists_per90,goals_pens_per90,goals_assists_pens_per90,matches,goals_per_shot,goals_per_shot_on_target,shots,shots_on_target,shots_on_target_pct,shots_on_target_per90,shots_per90,gk_clean_sheets,gk_clean_sheets_pct,gk_games,gk_games_starts,gk_goals_against,gk_goals_against_per90,gk_losses,gk_minutes,gk_pens_allowed,gk_pens_att,gk_pens_missed,gk_pens_save_pct,gk_pens_saved,gk_save_pct,gk_saves,gk_shots_on_target_against,gk_ties,gk_wins,League,Season
56fe5387,Abduhamit Abdugheni,Abduhamit Abdugheni,cn CHN,DF,Beijing Guoan,28-035,1998,5,5,450,5.0,0,0,0,0,0,0,3,0,0.00,0.00,0.00,0.00,0.00,Matches,0.00,,2,0,0.0,0.00,0.40,,,,,,,,,,,,,,,,,,,Chinese Football Association Super League,2026
6560eddc,Halit Abdugheni,Halit Abdugheni,cn CHN,MF,Wuhan Three Towns,20-079,2006,1,0,4,0.0,0,0,0,0,0,0,0,0,0.00,0.00,0.00,0.00,0.00,Matches,0.00,,1,0,0.0,0.00,22.50,,,,,,,,,,,,,,,,,,,Chinese Football Association Super League,2026
4e9ca70d,Ablikim Abdulsalam,Ablikim Abdulsalam,cn CHN,MF,Zhejiang,23-099,2003,1,0,12,0.1,0,0,0,0,0,0,0,0,0.00,0.00,0.00,0.00,0.00,Matches,,,0,0,,0.00,0.00,,,,,,,,,,,,,,,,,,,Chinese Football Association Super League,2026
1b138544,Fábio Abreu,Fábio Abreu,ao ANG,FW,Beijing Guoan,33-075,1993,5,5,405,4.5,2,0,2,2,0,0,1,0,0.44,0.00,0.44,0.44,0.44,Matches,0.20,0.33,10,6,60.0,1.33,2.22,,,,,,,,,,,,,,,,,,,Chinese Football Association Super League,2026
8a3b2cbb,Buniyaming Abudoushalamu,Buniyaming Abudoushalamu,cn CHN,FW,Yunnan Yukun,18-005,2008,1,0,1,0.0,0,0,0,0,0,0,0,0,0.00,0.00,0.00,0.00,0.00,Matches,,,0,0,,0.00,0.00,,,,,,,,,,,,,,,,,,,Chinese Football Association Super League,2026
a535cae8,Abudurousuli Abudulamu,Abudurousuli Abudulamu,cn CHN,MF,Henan,25-035,2001,5,0,124,1.4,0,0,0,0,0,0,0,0,0.00,0.00,0.00,0.00,0.00,Matches,0.00,0.00,2,1,50.0,0.73,1.45,,,,,,,,,,,,,,,,,,,Chinese Football Association Super League,2026
db8b8e4c,Baihelamu Abuduwaili,Baihelamu Abuduwaili,cn CHN,FW,Chengdu Rongcheng,23-037,2003,4,1,110,1.2,1,0,1,1,0,0,0,0,0.82,0.00,0.82,0.82,0.82,Matches,0.20,0.33,5,3,60.0,2.45,4.09,,,,,,,,,,,,,,,,,,,Chinese Football Association Super League,2026
f9a1303c,Frank Acheampong,Frank Acheampong,gh GHA,"MF,FW",Dalian Yingbo,32-180,1993,5,5,412,4.6,3,1,4,3,0,0,0,0,0.66,0.22,0.87,0.66,0.87,Matches,0.33,0.60,9,5,55.6,1.09,1.97,,,,,,,,,,,,,,,,,,,Chinese Football Association Super League,2026
424471b0,Albion Ademi,Albion Ademi,al ALB,MF,Shenzhen Peng City,27-054,1999,2,1,73,0.8,1,0,1,1,0,0,0,0,1.23,0.00,1.23,1.23,1.23,Matches,1.00,1.00,1,1,100.0,1.23,1.23,,,,,,,,,,,,,,,,,,,Chinese Football Association Super League,2026
81053aea,Adriano,Adriano,br BRA,MF,Wuhan Three Towns,26-161,1999,4,4,344,3.8,0,0,0,0,0,0,2,1,0.00,0.00,0.00,0.00,0.00,Matches,0.00,,3,0,0.0,0.00,0.78,,,,,,,,,,,,,,,,,,,Chinese Football Association Super League,2026
cacb8168,Feierding Aisikaer,Feierding Aisikaer,cn CHN,FW,Qingdao West Coast,22-211,2003,3,0,38,0.4,0,0,0,0,0,0,0,0,0.00,0.00,0.00,0.00,0.00,Matches,,,0,0,,0.00,0.00,,,,,,,,,,,,,,,,,,,Chinese Football Association Super League,2026
c2a9368c,Yang Alex,Yang Alex,cn CHN,"DF,MF",Shanghai Port,20-305,2005,5,5,428,4.8,0,1,1,0,0,0,0,0,0.00,0.21,0.21,0.00,0.21,Matches,0.00,,3,0,0.0,0.00,0.63,,,,,,,,,,,,,,,,,,,Chinese Football Association Super League,2026
6a1ab240,Isnik Alimi,Isnik Alimi,mk MKD,MF,Dalian Yingbo,32-071,1994,4,4,295,3.3,0,0,0,0,0,0,1,0,0.00,0.00,0.00,0.00,0.00,Matches,0.00,,3,0,0.0,0.00,0.92,,,,,,,,,,,,,,,,,,,Chinese Football Association Super League,2026
00a2c297,Pedro Álvaro,Pedro Álvaro,pt POR,DF,Shandong Taishan,26-043,2000,5,5,439,4.9,0,0,0,0,0,0,1,0,0.00,0.00,0.00,0.00,0.00,Matches,0.00,0.00,1,1,100.0,0.21,0.21,,,,,,,,,,,,,,,,,,,Chinese Football Association Super League,2026
9260926b,Ibrahim Amadou,Ibrahim Amadou,fr FRA,MF,Chongqing Tonglianglong,33-008,1993,5,5,437,4.9,0,1,1,0,0,0,2,0,0.00,0.21,0.21,0.00,0.21,Matches,0.00,,6,0,0.0,0.00,1.24,,,,,,,,,,,,,,,,,,,Chinese Football Association Super League,2026
c731c7b8,Li Ang,Li Ang,cn CHN,DF,Dalian Yingbo,32-211,1993,4,3,234,2.6,0,0,0,0,0,0,0,0,0.00,0.00,0.00,0.00,0.00,Matches,,,0,0,,0.00,0.00,,,,,,,,,,,,,,,,,,,Chinese Football Association Super League,2026
d5805cbe,Nemanja Anđelkovic,Nemanja Anđelkovic,rs SRB,DF,Qingdao Hainiu,28-353,1997,5,5,450,5.0,0,0,0,0,0,0,1,0,0.00,0.00,0.00,0.00,0.00,Matches,0.00,,1,0,0.0,0.00,0.20,,,,,,,,,,,,,,,,,,,Chinese Football Association Super League,2026
d91205e8,Kodjo Aziangbe,Kodjo Aziangbe,tg TOG,MF,Shanghai Port,22-121,2003,4,4,306,3.4,1,0,1,1,0,0,0,0,0.29,0.00,0.29,0.29,0.29,Matches,0.17,0.33,6,3,50.0,0.88,1.76,,,,,,,,,,,,,,,,,,,Chinese Football Association Super League,2026
305a3820,Filip Benković,Filip Benković,hr CRO,DF,Shenzhen Peng City,28-275,1997,5,5,450,5.0,2,0,2,2,0,0,3,0,0.40,0.00,0.40,0.40,0.40,Matches,0.33,0.67,6,3,50.0,0.60,1.20,,,,,,,,,,,,,,,,,,,Chinese Football Association Super League,2026
9a4e6a74,Kilian Bevis,Kilian Bevis,gp GLP,"MF,FW",Wuhan Three Towns,28-060,1998,5,5,445,4.9,2,2,4,2,0,0,1,0,0.40,0.40,0.81,0.40,0.81,Matches,0.20,0.40,10,5,50.0,1.01,2.02,,,,,,,,,,,,,,,,,,,Chinese Football Association Super League,2026
819991de,Chen Binbin,Chen Binbin,cn CHN,MF,Shenyang Urban FC,27-308,1998,5,0,94,1.0,0,0,0,0,0,0,0,0,0.00,0.00,0.00,0.00,0.00,Matches,0.00,,2,0,0.0,0.00,1.91,,,,,,,,,,,,,,,,,,,Chinese Football Association Super League,2026
2bf99552,Yan Bingliang,Yan Bingliang,cn CHN,GK,Jinmen Tiger,26-011,2000,2,2,135,1.5,0,0,0,0,0,0,0,0,0.00,0.00,0.00,0.00,0.00,Matches,,,0,0,,0.00,0.00,1,50.0,2,2,0,0.00,1,135,0,0,0,,0,100.0,3,3,1,0,Chinese Football Association Super League,2026
cb45340f,Zhao Bo,Zhao Bo,cn CHN,GK,Zhejiang,32-209,1993,5,5,450,5.0,0,0,0,0,0,0,0,0,0.00,0.00,0.00,0.00,0.00,Matches,,,0,0,,0.00,0.00,1,20.0,5,5,6,1.20,2,450,0,1,0,100.0,1,70.0,14,20,1,2,Chinese Football Association Super League,2026
04e5c117,Feng Boxuan,Feng Boxuan,cn CHN,"DF,MF",Beijing Guoan,29-027,1997,1,0,29,0.3,0,0,0,0,0,0,0,0,0.00,0.00,0.00,0.00,0.00,Matches,0.00,,1,0,0.0,0.00,3.10,,,,,,,,,,,,,,,,,,,Chinese Football Association Super League,2026
d2a98bc5,Barak Braunshtain,Barak Braunshtain,hk HKG,MF,Qingdao West Coast,26-308,1999,4,4,251,2.8,0,0,0,0,0,0,0,0,0.00,0.00,0.00,0.00,0.00,Matches,0.00,0.00,3,1,33.3,0.36,1.08,,,,,,,,,,,,,,,,,,,Chinese Football Association Super League,2026
c83623e2,Andrei Burcă,Andrei Burcă,ro ROU,DF,Yunnan Yukun,32-364,1993,5,5,450,5.0,1,0,1,1,0,0,1,0,0.20,0.00,0.20,0.20,0.20,Matches,0.25,0.33,4,3,75.0,0.60,0.80,,,,,,,,,,,,,,,,,,,Chinese Football Association Super League,2026
e8edfdc9,Jhonder Cádiz,Jhonder Cádiz,ve VEN,FW,Wuhan Three Towns,30-259,1995,5,4,380,4.2,3,1,4,2,1,1,0,0,0.71,0.24,0.95,0.47,0.71,Matches,0.18,0.50,11,4,36.4,0.95,2.61,,,,,,,,,,,,,,,,,,,Chinese Football Association Super League,2026
601299e9,João Carlos Teixeira,João Carlos Teixeira,pt POR,"MF,FW",Shanghai Shen,33-086,1993,3,3,267,3.0,2,0,2,2,0,0,1,0,0.67,0.00,0.67,0.67,0.67,Matches,0.22,0.50,9,4,44.4,1.35,3.03,,,,,,,,,,,,,,,,,,,Chinese Football Association Super League,2026
e9007a18,Gan Chao,Gan Chao,cn CHN,MF,Chengdu Rongcheng,31-060,1995,1,0,12,0.1,0,0,0,0,0,0,0,0,0.00,0.00,0.00,0.00,0.00,Matches,,,0,0,,0.00,0.00,,,,,,,,,,,,,,,,,,,Chinese Football Association Super League,2026
b4984e44,He Chao,He Chao,cn CHN,MF,Henan,30-360,1995,5,5,335,3.7,0,0,0,0,0,0,2,0,0.00,0.00,0.00,0.00,0.00,Matches,0.00,,5,0,0.0,0.00,1.34,,,,,,,,,,,,,,,,,,,Chinese Football Association Super League,2026
b0d090fa,Liao Chengjian,Liao Chengjian,cn CHN,MF,Wuhan Three Towns,32-161,1993,3,1,92,1.0,0,0,0,0,0,0,0,0,0.00,0.00,0.00,0.00,0.00,Matches,,,0,0,,0.00,0.00,,,,,,,,,,,,,,,,,,,Chinese Football Association Super League,2026
59119e93,Liu Chengyu,Liu Chengyu,cn CHN,FW,Shanghai Shen,19-286,2006,5,3,274,3.0,0,0,0,0,0,0,1,0,0.00,0.00,0.00,0.00,0.00,Matches,0.00,0.00,6,3,50.0,0.99,1.97,,,,,,,,,,,,,,,,,,,Chinese Football Association Super League,2026
6c6e3d5d,Zhu Chenjie,Zhu Chenjie,cn CHN,DF,Shanghai Shen,25-234,2000,5,5,437,4.9,1,0,1,1,0,0,0,0,0.21,0.00,0.21,0.21,0.21,Matches,0.50,1.00,2,1,50.0,0.21,0.41,,,,,,,,,,,,,,,,,,,Chinese Football Association Super League,2026
d266e828,Zhang Chenliang,Zhang Chenliang,cn CHN,DF,Yunnan Yukun,27-292,1998,4,3,290,3.2,0,0,0,0,0,0,1,0,0.00,0.00,0.00,0.00,0.00,Matches,0.00,,1,0,0.0,0.00,0.31,,,,,,,,,,,,,,,,,,,Chinese Football Association Super League,2026
5ddfb508,Ngan Cheuk Pan,Ngan Cheuk Pan,hk HKG,MF,Qingdao Hainiu,28-082,1998,3,0,58,0.6,0,0,0,0,0,0,0,0,0.00,0.00,0.00,0.00,0.00,Matches,0.00,,1,0,0.0,0.00,1.55,,,,,,,,,,,,,,,,,,,Chinese Football Association Super League,2026
55905262,Tim Chow,Tim Chow,tw TPE,MF,Shenzhen Peng City,32-086,1994,5,3,316,3.5,0,1,1,0,0,0,0,0,0.00,0.28,0.28,0.00,0.28,Matches,0.00,,3,0,0.0,0.00,0.85,,,,,,,,,,,,,,,,,,,Chinese Football Association Super League,2026
9984be10,Lin Chuangyi,Lin Chuangyi,cn CHN,MF,Qingdao Hainiu,33-076,1993,5,5,388,4.3,0,1,1,0,0,0,0,0,0.00,0.23,0.23,0.00,0.23,Matches,0.00,0.00,3,1,33.3,0.23,0.70,,,,,,,,,,,,,,,,,,,Chinese Football Association Super League,2026
044de7b5,Zheng Chuanhui,Zheng Chuanhui,cn CHN,MF,Qingdao Hainiu,19-103,2007,1,0,11,0.1,0,0,0,0,0,0,0,0,0.00,0.00,0.00,0.00,0.00,Matches,,,0,0,,0.00,0.00,,,,,,,,,,,,,,,,,,,Chinese Football Association Super League,2026
a3dd032c,Ye Chugui,Ye Chugui,cn CHN,MF,Yunnan Yukun,31-218,1994,5,5,333,3.7,0,1,1,0,0,0,1,0,0.00,0.27,0.27,0.00,0.27,Matches,0.00,0.00,3,1,33.3,0.27,0.81,,,,,,,,,,,,,,,,,,,Chinese Football Association Super League,2026
7c486cec,Chen Chunxin,Chen Chunxin,cn CHN,MF,Chongqing Tonglianglong,28-110,1997,4,1,96,1.1,1,0,1,1,0,0,0,0,0.94,0.00,0.94,0.94,0.94,Matches,0.50,1.00,2,1,50.0,0.94,1.87,,,,,,,,,,,,,,,,,,,Chinese Football Association Super League,2026
194b45f5,George Cîmpanu,George Cîmpanu,ro ROU,MF,Chongqing Tonglianglong,25-188,2000,5,5,420,4.7,2,1,3,2,0,0,1,0,0.43,0.21,0.64,0.43,0.64,Matches,0.17,0.33,12,6,50.0,1.29,2.57,,,,,,,,,,,,,,,,,,,Chinese Football Association Super League,2026
e539e239,Cléber,Cléber,br BRA,FW,Yunnan Yukun,29-174,1996,5,5,442,4.9,1,2,3,1,0,0,1,0,0.20,0.41,0.61,0.20,0.61,Matches,0.08,0.20,12,5,41.7,1.02,2.44,,,,,,,,,,,,,,,,,,,Chinese Football Association Super League,2026
2afe8a1e,Yang Cong,Yang Cong,cn CHN,FW,Qingdao Hainiu,21-051,2005,1,0,17,0.2,0,0,0,0,0,0,0,0,0.00,0.00,0.00,0.00,0.00,Matches,,,0,0,,0.00,0.00,,,,,,,,,,,,,,,,,,,Chinese Football Association Super League,2026
eefd99b5,Yin Congyao,Yin Congyao,cn CHN,FW,Henan,29-041,1997,1,0,1,0.0,0,0,0,0,0,0,0,0,0.00,0.00,0.00,0.00,0.00,Matches,,,0,0,,0.00,0.00,,,,,,,,,,,,,,,,,,,Chinese Football Association Super League,2026
42547afa,Aitor Córdoba,Aitor Córdoba,es ESP,DF,Jinmen Tiger,30-328,1995,3,3,244,2.7,0,0,0,0,0,0,0,0,0.00,0.00,0.00,0.00,0.00,Matches,0.00,,2,0,0.0,0.00,0.74,,,,,,,,,,,,,,,,,,,Chinese Football Association Super League,2026
70acbadc,Crysan,Crysan,br BRA,"MF,FW",Shandong Taishan,29-281,1996,3,3,270,3.0,2,1,3,1,1,1,1,0,0.67,0.33,1.00,0.33,0.67,Matches,0.09,0.25,11,4,36.4,1.33,3.67,,,,,,,,,,,,,,,,,,,Chinese Football Association Super League,2026
9dae2263,Wang Dalei,Wang Dalei,cn CHN,GK,Shandong Taishan,37-094,1989,5,5,450,5.0,0,0,0,0,0,0,0,0,0.00,0.00,0.00,0.00,0.00,Matches,,,0,0,,0.00,0.00,2,40.0,5,5,7,1.40,2,450,0,0,0,,0,61.1,11,18,0,3,Chinese Football Association Super League,2026
30926446,Xia Dalong,Xia Dalong,cn CHN,FW,Shenzhen Peng City,32-291,1993,1,0,3,0.0,0,0,0,0,0,0,0,0,0.00,0.00,0.00,0.00,0.00,Matches,,,0,0,,0.00,0.00,,,,,,,,,,,,,,,,,,,Chinese Football Association Super League,2026
b04057f2,Tian Deao,Tian Deao,cn CHN,DF,Shenyang Urban FC,24-160,2001,1,0,1,0.0,0,0,0,0,0,0,0,0,0.00,0.00,0.00,0.00,0.00,Matches,,,0,0,,0.00,0.00,,,,,,,,,,,,,,,,,,,Chinese Football Association Super League,2026
d85838d3,Pedro Delgado,Pedro Delgado,pt POR,MF,Shandong Taishan,29-007,1997,1,1,45,0.5,0,0,0,0,0,0,0,0,0.00,0.00,0.00,0.00,0.00,Matches,0.00,,1,0,0.0,0.00,2.00,,,,,,,,,,,,,,,,,,,Chinese Football Association Super League,2026
d6e3152f,Jiefu Deng,Jiefu Deng,cn CHN,DF,Beijing Guoan,18-290,2007,5,5,338,3.8,0,0,0,0,0,0,0,0,0.00,0.00,0.00,0.00,0.00,Matches,0.00,0.00,2,1,50.0,0.27,0.53,,,,,,,,,,,,,,,,,,,Chinese Football Association Super League,2026
f93d6205,Gao Di,Gao Di,cn CHN,FW,Zhejiang,36-098,1990,3,0,54,0.6,0,0,0,0,0,0,0,0,0.00,0.00,0.00,0.00,0.00,Matches,0.00,0.00,1,1,100.0,1.67,1.67,,,,,,,,,,,,,,,,,,,Chinese Football Association Super League,2026
1d951aff,Liu Dianzuo,Liu Dianzuo,cn CHN,GK,Chengdu Rongcheng,35-292,1990,5,5,450,5.0,0,0,0,0,0,0,0,0,0.00,0.00,0.00,0.00,0.00,Matches,,,0,0,,0.00,0.00,1,20.0,5,5,6,1.20,0,450,0,0,0,,0,50.0,6,12,1,4,Chinese Football Association Super League,2026
b5f63410,Landry Dimata,Landry Dimata,be BEL,FW,Chongqing Tonglianglong,28-225,1997,4,4,299,3.3,2,0,2,2,0,0,0,0,0.60,0.00,0.60,0.60,0.60,Matches,0.33,0.67,6,3,50.0,0.90,1.81,,,,,,,,,,,,,,,,,,,Chinese Football Association Super League,2026
7900653b,Yan Dinghao,Yan Dinghao,cn CHN,MF,Shenyang Urban FC,28-008,1998,5,5,347,3.9,0,0,0,0,0,0,1,0,0.00,0.00,0.00,0.00,0.00,Matches,0.00,0.00,4,1,25.0,0.26,1.04,,,,,,,,,,,,,,,,,,,Chinese Football Association Super League,2026
977c5bc7,Xu Dong,Xu Dong,cn CHN,DF,Shenyang Urban FC,35-056,1991,3,1,128,1.4,0,0,0,0,0,0,1,0,0.00,0.00,0.00,0.00,0.00,Matches,,,0,0,,0.00,0.00,,,,,,,,,,,,,,,,,,,Chinese Football Association Super League,2026
345f5ed5,Wang Dongsheng,Wang Dongsheng,cn CHN,DF,Chengdu Rongcheng,28-337,1997,4,1,115,1.3,0,2,2,0,0,0,0,0,0.00,1.57,1.57,0.00,1.57,Matches,0.00,,2,0,0.0,0.00,1.57,,,,,,,,,,,,,,,,,,,Chinese Football Association Super League,2026
c9246fce,Ba Dun,Ba Dun,cn CHN,"DF,MF",Jinmen Tiger,30-210,1995,5,5,416,4.6,0,0,0,0,0,0,0,0,0.00,0.00,0.00,0.00,0.00,Matches,0.00,,3,0,0.0,0.00,0.65,,,,,,,,,,,,,,,,,,,Chinese Football Association Super League,2026
72eccdcc,Malcolm Edjouma,Malcolm Edjouma,fr FRA,MF,Qingdao Hainiu,29-188,1996,4,4,334,3.7,1,1,2,1,0,0,0,0,0.27,0.27,0.54,0.27,0.54,Matches,0.08,0.25,12,4,33.3,1.08,3.23,,,,,,,,,,,,,,,,,,,Chinese Football Association Super League,2026
c03a1f5d,Osman Ekber,Osman Ekber,cn CHN,MF,Henan,20-164,2005,1,0,4,0.0,0,0,0,0,0,0,0,0,0.00,0.00,0.00,0.00,0.00,Matches,,,0,0,,0.00,0.00,,,,,,,,,,,,,,,,,,,Chinese Football Association Super League,2026
fb6d97b7,Fei Ernanduo,Fei Ernanduo,cn CHN,FW,Yunnan Yukun,24-268,2001,1,0,1,0.0,0,0,0,0,0,0,0,0,0.00,0.00,0.00,0.00,0.00,Matches,,,0,0,,0.00,0.00,,,,,,,,,,,,,,,,,,,Chinese Football Association Super League,2026
7388439f,Yang Fan,Yang Fan,cn CHN,DF,Jinmen Tiger,30-017,1996,5,3,303,3.4,0,0,0,0,0,0,1,0,0.00,0.00,0.00,0.00,0.00,Matches,,,0,0,,0.00,0.00,,,,,,,,,,,,,,,,,,,Chinese Football Association Super League,2026
b1564eca,Jia Feifan,Jia Feifan,cn CHN,DF,Beijing Guoan,25-091,2001,5,2,174,1.9,0,0,0,0,0,0,0,0,0.00,0.00,0.00,0.00,0.00,Matches,0.00,,1,0,0.0,0.00,0.52,,,,,,,,,,,,,,,,,,,Chinese Football Association Super League,2026
cadbabf9,Felipe,Felipe,br BRA,"MF,DF",Shenyang Urban FC,32-004,1994,5,5,450,5.0,0,0,0,0,0,0,3,0,0.00,0.00,0.00,0.00,0.00,Matches,0.00,0.00,5,1,20.0,0.20,1.00,,,,,,,,,,,,,,,,,,,Chinese Football Association Super League,2026
5b5a41b9,Wang Gang,Wang Gang,cn CHN,DF,Beijing Guoan,37-056,1989,3,3,222,2.5,0,2,2,0,0,0,0,0,0.00,0.81,0.81,0.00,0.81,Matches,0.00,,2,0,0.0,0.00,0.81,,,,,,,,,,,,,,,,,,,Chinese Football Association Super League,2026
10290125,Oliver Gerbig,Oliver Gerbig,hk HKG,DF,Henan,27-123,1998,2,0,4,0.0,0,0,0,0,0,0,0,0,0.00,0.00,0.00,0.00,0.00,Matches,,,0,0,,0.00,0.00,,,,,,,,,,,,,,,,,,,Chinese Football Association Super League,2026
fc3d2006,Jaume Grau,Jaume Grau,es ESP,MF,Jinmen Tiger,28-344,1997,5,5,439,4.9,0,0,0,0,0,0,1,0,0.00,0.00,0.00,0.00,0.00,Matches,0.00,0.00,4,2,50.0,0.41,0.82,,,,,,,,,,,,,,,,,,,Chinese Football Association Super League,2026
a5d1977d,He Guan,He Guan,cn CHN,DF,Wuhan Three Towns,33-079,1993,5,5,439,4.9,0,1,1,0,0,0,0,0,0.00,0.21,0.21,0.00,0.21,Matches,0.00,,2,0,0.0,0.00,0.41,,,,,,,,,,,,,,,,,,,Chinese Football Association Super League,2026
27183743,Saúl Guarirapa,Saúl Guarirapa,ve VEN,"FW,MF",Zhejiang,23-178,2002,5,5,396,4.4,2,0,2,2,0,0,3,0,0.45,0.00,0.45,0.45,0.45,Matches,0.20,0.50,10,4,40.0,0.91,2.27,,,,,,,,,,,,,,,,,,,Chinese Football Association Super League,2026
92b1763b,Makhtar Gueye,Makhtar Gueye,sn SEN,FW,Shanghai Shen,28-131,1997,3,3,216,2.4,2,1,3,2,0,0,0,0,0.83,0.42,1.25,0.83,1.25,Matches,0.25,0.40,8,5,62.5,2.08,3.33,,,,,,,,,,,,,,,,,,,Chinese Football Association Super League,2026
eeb3d67e,Wang Guoming,Wang Guoming,cn CHN,GK,Henan,36-071,1990,5,5,450,5.0,0,0,0,0,0,0,0,0,0.00,0.00,0.00,0.00,0.00,Matches,,,0,0,,0.00,0.00,0,0.0,5,5,5,1.00,2,450,0,0,0,,0,73.7,14,19,1,2,Chinese Football Association Super League,2026
1ffaf542,Sun Guowen,Sun Guowen,cn CHN,DF,Zhejiang,32-196,1993,5,5,436,4.8,0,0,0,0,0,0,0,0,0.00,0.00,0.00,0.00,0.00,Matches,0.00,0.00,4,1,25.0,0.21,0.83,,,,,,,,,,,,,,,,,,,Chinese Football Association Super League,2026
456b909c,Gustavo,Gustavo,br BRA,FW,Henan,32-016,1994,5,4,404,4.5,1,1,2,1,0,0,0,0,0.22,0.22,0.45,0.22,0.45,Matches,0.07,0.17,14,6,42.9,1.34,3.12,,,,,,,,,,,,,,,,,,,Chinese Football Association Super League,2026
9a827c14,Ding Haifeng,Ding Haifeng,cn CHN,DF,Qingdao West Coast,34-271,1991,4,2,192,2.1,0,0,0,0,0,0,1,1,0.00,0.00,0.00,0.00,0.00,Matches,0.00,,1,0,0.0,0.00,0.47,,,,,,,,,,,,,,,,,,,Chinese Football Association Super League,2026
50b96ae1,Wang Haijian,Wang Haijian,cn CHN,MF,Shanghai Shen,25-255,2000,4,2,177,2.0,0,0,0,0,0,0,0,0,0.00,0.00,0.00,0.00,0.00,Matches,0.00,,1,0,0.0,0.00,0.51,,,,,,,,,,,,,,,,,,,Chinese Football Association Super League,2026
2059e3bd,Cao Haiqing,Cao Haiqing,cn CHN,DF,Dalian Yingbo,32-198,1993,2,1,102,1.1,0,0,0,0,0,0,0,0,0.00,0.00,0.00,0.00,0.00,Matches,0.00,,3,0,0.0,0.00,2.65,,,,,,,,,,,,,,,,,,,Chinese Football Association Super League,2026
217123c6,Fang Haiyang,Fang Haiyang,cn CHN,MF,Qingdao West Coast,19-329,2006,1,0,32,0.4,0,0,0,0,0,0,1,0,0.00,0.00,0.00,0.00,0.00,Matches,,,0,0,,0.00,0.00,,,,,,,,,,,,,,,,,,,Chinese Football Association Super League,2026
f969cf31,Abulahan Halike,Abulahan Halike,cn CHN,MF,Henan,24-353,2001,3,0,53,0.6,0,0,0,0,0,0,1,0,0.00,0.00,0.00,0.00,0.00,Matches,,,0,0,,0.00,0.00,,,,,,,,,,,,,,,,,,,Chinese Football Association Super League,2026
df1cea14,Deng Hanwen,Deng Hanwen,cn CHN,DF,Yunnan Yukun,31-096,1995,4,4,323,3.6,0,0,0,0,0,0,2,0,0.00,0.00,0.00,0.00,0.00,Matches,0.00,,3,0,0.0,0.00,0.84,,,,,,,,,,,,,,,,,,,Chinese Football Association Super League,2026
d0b551cd,Fang Hao,Fang Hao,cn CHN,MF,Zhejiang,26-101,2000,4,1,94,1.0,0,0,0,0,0,0,1,0,0.00,0.00,0.00,0.00,0.00,Matches,0.00,0.00,4,1,25.0,0.96,3.83,,,,,,,,,,,,,,,,,,,Chinese Football Association Super League,2026
4195e5b4,Guo Hao,Guo Hao,cn CHN,MF,Jinmen Tiger,33-090,1993,4,1,135,1.5,0,0,0,0,0,0,0,0,0.00,0.00,0.00,0.00,0.00,Matches,0.00,0.00,2,1,50.0,0.67,1.33,,,,,,,,,,,,,,,,,,,Chinese Football Association Super League,2026
12ceb7c9,Li Hao,Li Hao,cn CHN,GK,Qingdao West Coast,22-039,2004,3,3,270,3.0,0,0,0,0,0,0,1,0,0.00,0.00,0.00,0.00,0.00,Matches,,,0,0,,0.00,0.00,0,0.0,3,3,7,2.33,2,270,0,0,0,,0,69.6,16,23,1,0,Chinese Football Association Super League,2026
8aeb63ed,Liu Haofan,Liu Haofan,cn CHN,"DF,MF",Zhejiang,22-173,2003,5,5,450,5.0,0,1,1,0,0,0,3,0,0.00,0.20,0.20,0.00,0.20,Matches,0.00,,3,0,0.0,0.00,0.60,,,,,,,,,,,,,,,,,,,Chinese Football Association Super League,2026
fbe949d2,Xu Haofeng,Xu Haofeng,cn CHN,DF,Henan,27-077,1999,3,1,118,1.3,0,0,0,0,0,0,0,0,0.00,0.00,0.00,0.00,0.00,Matches,0.00,,1,0,0.0,0.00,0.76,,,,,,,,,,,,,,,,,,,Chinese Football Association Super League,2026
542d3444,Zheng Haoqian,Zheng Haoqian,cn CHN,MF,Wuhan Three Towns,27-149,1998,4,4,225,2.5,0,1,1,0,0,0,1,0,0.00,0.40,0.40,0.00,0.40,Matches,0.00,,1,0,0.0,0.00,0.40,,,,,,,,,,,,,,,,,,,Chinese Football Association Super League,2026
541b907f,Li Haoran,Li Haoran,cn CHN,DF,Shenyang Urban FC,26-160,1999,5,4,322,3.6,1,0,1,1,0,0,0,0,0.28,0.00,0.28,0.28,0.28,Matches,0.50,1.00,2,1,50.0,0.28,0.56,,,,,,,,,,,,,,,,,,,Chinese Football Association Super League,2026
b7b5c719,Xu Haoyang,Xu Haoyang,cn CHN,MF,Shanghai Shen,27-089,1999,3,0,30,0.3,0,0,0,0,0,0,0,0,0.00,0.00,0.00,0.00,0.00,Matches,0.00,0.00,2,1,50.0,3.00,6.00,,,,,,,,,,,,,,,,,,,Chinese Football Association Super League,2026
e2526268,Yao Haoyang,Yao Haoyang,cn CHN,GK,Chongqing Tonglianglong,19-168,2006,5,5,450,5.0,0,0,0,0,0,0,0,0,0.00,0.00,0.00,0.00,0.00,Matches,,,0,0,,0.00,0.00,3,60.0,5,5,4,0.80,0,450,1,1,0,0.0,0,72.7,8,11,2,3,Chinese Football Association Super League,2026
16121a18,Song Haoyu,Song Haoyu,cn CHN,DF,Qingdao West Coast,23-351,2002,5,4,360,4.0,0,0,0,0,0,0,3,0,0.00,0.00,0.00,0.00,0.00,Matches,0.00,,1,0,0.0,0.00,0.25,,,,,,,,,,,,,,,,,,,Chinese Football Association Super League,2026
4a7dbf7d,Yang Haoyu,Yang Haoyu,cn CHN,MF,Shanghai Shen,19-324,2006,4,0,89,1.0,0,0,0,0,0,0,3,1,0.00,0.00,0.00,0.00,0.00,Matches,0.00,,3,0,0.0,0.00,3.03,,,,,,,,,,,,,,,,,,,Chinese Football Association Super League,2026
b0424d85,Hu Hetao,Hu Hetao,cn CHN,DF,Chengdu Rongcheng,22-191,2003,5,5,441,4.9,1,0,1,1,0,0,2,0,0.20,0.00,0.20,0.20,0.20,Matches,0.50,1.00,2,1,50.0,0.20,0.41,,,,,,,,,,,,,,,,,,,Chinese Football Association Super League,2026
a3115157,Zhao Honglüe,Zhao Honglüe,cn CHN,"DF,FW",Qingdao West Coast,36-131,1989,2,0,49,0.5,0,0,0,0,0,0,0,0,0.00,0.00,0.00,0.00,0.00,Matches,0.00,,1,0,0.0,0.00,1.84,,,,,,,,,,,,,,,,,,,Chinese Football Association Super League,2026
3db95eda,John Hou Sæter,John Hou Sæter,no NOR,MF,Yunnan Yukun,28-091,1998,3,1,124,1.4,1,0,1,1,0,0,0,0,0.73,0.00,0.73,0.73,0.73,Matches,0.33,0.33,3,3,100.0,2.18,2.18,,,,,,,,,,,,,,,,,,,Chinese Football Association Super League,2026
6c511961,Zhang Huachen,Zhang Huachen,cn CHN,"DF,MF",Dalian Yingbo,28-029,1998,1,0,2,0.0,0,0,0,0,0,0,0,0,0.00,0.00,0.00,0.00,0.00,Matches,,,0,0,,0.00,0.00,,,,,,,,,,,,,,,,,,,Chinese Football Association Super League,2026
86d4a86c,Fu Huan,Fu Huan,cn CHN,DF,Shanghai Port,32-276,1993,1,0,13,0.1,0,0,0,0,0,0,0,0,0.00,0.00,0.00,0.00,0.00,Matches,,,0,0,,0.00,0.00,,,,,,,,,,,,,,,,,,,Chinese Football Association Super League,2026
7d34ffb9,Shen Huanming,Shen Huanming,cn CHN,DF,Shenzhen Peng City,22-075,2004,1,0,1,0.0,0,0,0,0,0,0,0,0,0.00,0.00,0.00,0.00,0.00,Matches,,,0,0,,0.00,0.00,,,,,,,,,,,,,,,,,,,Chinese Football Association Super League,2026
aceceb3c,Shahsat Hujahmat,Shahsat Hujahmat,cn CHN,"MF,FW",Shenzhen Peng City,19-281,2006,5,3,176,2.0,0,1,1,0,0,0,0,0,0.00,0.51,0.51,0.00,0.51,Matches,0.00,0.00,3,2,66.7,1.02,1.53,,,,,,,,,,,,,,,,,,,Chinese Football Association Super League,2026
4c86791f,Alexandru Ioniță,Alexandru Ioniță,ro ROU,"MF,FW",Yunnan Yukun,31-121,1994,5,5,429,4.8,1,7,8,1,0,0,0,0,0.21,1.47,1.68,0.21,1.68,Matches,0.05,0.20,19,5,26.3,1.05,3.99,,,,,,,,,,,,,,,,,,,Chinese Football Association Super League,2026
45cce300,Jeffinho,Jeffinho,br BRA,MF,Shenyang Urban FC,26-105,1999,5,5,415,4.6,1,0,1,1,0,0,2,0,0.22,0.00,0.22,0.22,0.22,Matches,0.08,0.20,12,5,41.7,1.08,2.60,,,,,,,,,,,,,,,,,,,Chinese Football Association Super League,2026
3a428ff0,Wei Jiaao,Wei Jiaao,cn CHN,MF,Beijing Guoan,20-194,2005,1,0,9,0.1,0,0,0,0,0,0,0,0,0.00,0.00,0.00,0.00,0.00,Matches,,,0,0,,0.00,0.00,,,,,,,,,,,,,,,,,,,Chinese Football Association Super League,2026
add57688,Ji Jiabao,Ji Jiabao,cn CHN,GK,Shenzhen Peng City,23-210,2002,5,5,450,5.0,0,0,0,0,0,0,0,0,0.00,0.00,0.00,0.00,0.00,Matches,,,0,0,,0.00,0.00,1,20.0,5,5,12,2.40,3,450,1,1,0,0.0,0,54.2,13,24,0,2,Chinese Football Association Super League,2026
c4b53154,Wen Jiabao,Wen Jiabao,cn CHN,DF,Dalian Yingbo,27-102,1999,1,1,58,0.6,0,0,0,0,0,0,1,0,0.00,0.00,0.00,0.00,0.00,Matches,,,0,0,,0.00,0.00,,,,,,,,,,,,,,,,,,,Chinese Football Association Super League,2026
3e11c0d6,Huang Jiahui,Huang Jiahui,cn CHN,"DF,MF",Jinmen Tiger,25-189,2000,3,3,251,2.8,0,0,0,0,0,0,3,1,0.00,0.00,0.00,0.00,0.00,Matches,,,0,0,,0.00,0.00,,,,,,,,,,,,,,,,,,,Chinese Football Association Super League,2026
9f5d412b,Zhang Jianzhi,Zhang Jianzhi,cn CHN,GK,Beijing Guoan,26-076,2000,3,3,270,3.0,0,0,0,0,0,0,0,0,0.00,0.00,0.00,0.00,0.00,Matches,,,0,0,,0.00,0.00,0,0.0,3,3,5,1.67,2,270,1,1,0,0.0,0,60.0,6,10,1,0,Chinese Football Association Super League,2026
8f68c68c,Gao Jiarun,Gao Jiarun,cn CHN,DF,Shenyang Urban FC,30-355,1995,3,2,206,2.3,0,0,0,0,0,0,2,0,0.00,0.00,0.00,0.00,0.00,Matches,,,0,0,,0.00,0.00,,,,,,,,,,,,,,,,,,,Chinese Football Association Super League,2026
e0c75961,Liu Jiashen,Liu Jiashen,cn CHN,DF,Qingdao Hainiu,34-142,1991,1,0,14,0.2,0,0,0,0,0,0,0,0,0.00,0.00,0.00,0.00,0.00,Matches,,,0,0,,0.00,0.00,,,,,,,,,,,,,,,,,,,Chinese Football Association Super League,2026
af773786,Sun Jie,Sun Jie,cn CHN,DF,Qingdao West Coast,35-064,1991,3,1,104,1.2,0,0,0,0,0,0,0,0,0.00,0.00,0.00,0.00,0.00,Matches,,,0,0,,0.00,0.00,,,,,,,,,,,,,,,,,,,Chinese Football Association Super League,2026
51f78ac7,Cheng Jin,Cheng Jin,cn CHN,MF,Zhejiang,31-055,1995,3,2,163,1.8,0,0,0,0,0,0,0,0,0.00,0.00,0.00,0.00,0.00,Matches,,,0,0,,0.00,0.00,,,,,,,,,,,,,,,,,,,Chinese Football Association Super League,2026
4f426972,Zhong Jinbao,Zhong Jinbao,cn CHN,MF,Wuhan Three Towns,31-140,1994,2,0,48,0.5,0,0,0,0,0,0,0,0,0.00,0.00,0.00,0.00,0.00,Matches,,,0,0,,0.00,0.00,,,,,,,,,,,,,,,,,,,Chinese Football Association Super League,2026
bef303f2,Feng Jing,Feng Jing,cn CHN,MF,Dalian Yingbo,32-243,1993,4,2,184,2.0,1,0,1,1,0,0,1,0,0.49,0.00,0.49,0.49,0.49,Matches,0.17,0.33,6,3,50.0,1.47,2.93,,,,,,,,,,,,,,,,,,,Chinese Football Association Super League,2026
f2bfcf01,Luo Jing,Luo Jing,cn CHN,MF,Dalian Yingbo,32-161,1993,4,0,89,1.0,0,1,1,0,0,0,0,0,0.00,1.01,1.01,0.00,1.01,Matches,,,0,0,,0.00,0.00,,,,,,,,,,,,,,,,,,,Chinese Football Association Super League,2026
4e69f6b0,Meng Jingchao,Meng Jingchao,cn CHN,MF,Qingdao West Coast,22-095,2004,4,3,283,3.1,0,0,0,0,0,0,2,0,0.00,0.00,0.00,0.00,0.00,Matches,0.00,0.00,3,1,33.3,0.32,0.95,,,,,,,,,,,,,,,,,,,Chinese Football Association Super League,2026
ff09e94d,Fang Jingqi,Fang Jingqi,cn CHN,GK,Wuhan Three Towns,33-087,1993,5,5,450,5.0,0,0,0,0,0,0,0,0,0.00,0.00,0.00,0.00,0.00,Matches,,,0,0,,0.00,0.00,0,0.0,5,5,11,2.20,3,450,1,1,0,0.0,0,65.5,19,29,1,1,Chinese Football Association Super League,2026
17f97b23,Bi Jinhao,Bi Jinhao,cn CHN,DF,Dalian Yingbo,35-099,1991,3,2,225,2.5,0,0,0,0,0,0,1,0,0.00,0.00,0.00,0.00,0.00,Matches,,,0,0,,0.00,0.00,,,,,,,,,,,,,,,,,,,Chinese Football Association Super League,2026
3316967a,Park Jinseob,Park Jinseob,kr KOR,MF,Zhejiang,30-173,1995,5,5,450,5.0,0,0,0,0,0,0,2,0,0.00,0.00,0.00,0.00,0.00,Matches,0.00,0.00,7,3,42.9,0.60,1.40,,,,,,,,,,,,,,,,,,,Chinese Football Association Super League,2026
8adfcf4f,Liao Jintao,Liao Jintao,cn CHN,MF,Dalian Yingbo,26-049,2000,5,4,405,4.5,1,1,2,1,0,0,2,0,0.22,0.22,0.44,0.22,0.44,Matches,0.25,0.50,4,2,50.0,0.44,0.89,,,,,,,,,,,,,,,,,,,Chinese Football Association Super League,2026
cbd071d7,Wang Jinxian,Wang Jinxian,cn CHN,MF,Wuhan Three Towns,30-092,1996,5,1,153,1.7,1,0,1,1,0,0,2,0,0.59,0.00,0.59,0.59,0.59,Matches,0.33,0.50,3,2,66.7,1.18,1.76,,,,,,,,,,,,,,,,,,,Chinese Football Association Super League,2026
a3d15401,Kuai Jiwen,Kuai Jiwen,cn CHN,MF,Shanghai Port,20-045,2006,4,3,279,3.1,0,1,1,0,0,0,1,0,0.00,0.32,0.32,0.00,0.32,Matches,0.00,,3,0,0.0,0.00,0.97,,,,,,,,,,,,,,,,,,,Chinese Football Association Super League,2026
5f1c2ec2,Xiong Jizheng,Xiong Jizheng,cn CHN,MF,Wuhan Three Towns,20-333,2005,5,5,397,4.4,0,0,0,0,0,0,1,0,0.00,0.00,0.00,0.00,0.00,Matches,0.00,,2,0,0.0,0.00,0.45,,,,,,,,,,,,,,,,,,,Chinese Football Association Super League,2026
9fa4e7cc,Alexander Jojo,Alexander Jojo,hk HKG,DF,Chengdu Rongcheng,27-062,1999,1,0,9,0.1,0,0,0,0,0,0,0,0,0.00,0.00,0.00,0.00,0.00,Matches,,,0,0,,0.00,0.00,,,,,,,,,,,,,,,,,,,Chinese Football Association Super League,2026
cfc69ec4,Xu Junchi,Xu Junchi,cn CHN,"DF,MF",Zhejiang,21-095,2005,4,3,254,2.8,0,0,0,0,0,0,0,0,0.00,0.00,0.00,0.00,0.00,Matches,0.00,,1,0,0.0,0.00,0.35,,,,,,,,,,,,,,,,,,,Chinese Football Association Super League,2026
9c841eea,Yan Junling,Yan Junling,cn CHN,GK,Shanghai Port,35-076,1991,5,5,450,5.0,0,0,0,0,0,0,0,0,0.00,0.00,0.00,0.00,0.00,Matches,,,0,0,,0.00,0.00,0,0.0,5,5,6,1.20,3,450,0,0,0,,0,73.9,17,23,0,2,Chinese Football Association Super League,2026
1c997f99,Yao Junsheng,Yao Junsheng,cn CHN,MF,Shenzhen Peng City,30-167,1995,4,2,135,1.5,0,0,0,0,0,0,2,0,0.00,0.00,0.00,0.00,0.00,Matches,0.00,,4,0,0.0,0.00,2.67,,,,,,,,,,,,,,,,,,,Chinese Football Association Super League,2026
9ad0fd3a,Liu Junshuai,Liu Junshuai,cn CHN,"DF,MF",Qingdao Hainiu,31-094,1995,1,0,16,0.2,0,0,0,0,0,0,0,0,0.00,0.00,0.00,0.00,0.00,Matches,,,0,0,,0.00,0.00,,,,,,,,,,,,,,,,,,,Chinese Football Association Super League,2026
3761f9eb,Liu Junxian,Liu Junxian,cn CHN,FW,Jinmen Tiger,25-079,2001,3,0,4,0.0,0,0,0,0,0,0,0,0,0.00,0.00,0.00,0.00,0.00,Matches,0.00,,1,0,0.0,0.00,22.50,,,,,,,,,,,,,,,,,,,Chinese Football Association Super League,2026
c1060579,Yao Junyi,Yao Junyi,cn CHN,FW,Shenzhen Peng City,20-095,2006,1,0,10,0.1,0,0,0,0,0,0,0,0,0.00,0.00,0.00,0.00,0.00,Matches,,,0,0,,0.00,0.00,,,,,,,,,,,,,,,,,,,Chinese Football Association Super League,2026
883f5dc8,Jussa,Jussa,br BRA,MF,Chengdu Rongcheng,30-023,1996,4,4,345,3.8,0,0,0,0,0,0,1,0,0.00,0.00,0.00,0.00,0.00,Matches,0.00,,2,0,0.0,0.00,0.52,,,,,,,,,,,,,,,,,,,Chinese Football Association Super League,2026
a9756d65,Zheng Kaimu,Zheng Kaimu,cn CHN,"DF,MF",Wuhan Three Towns,34-076,1992,1,0,45,0.5,0,0,0,0,0,0,0,0,0.00,0.00,0.00,0.00,0.00,Matches,,,0,0,,0.00,0.00,,,,,,,,,,,,,,,,,,,Chinese Football Association Super League,2026
78cf358c,Sun Kangbo,Sun Kangbo,cn CHN,DF,Dalian Yingbo,19-238,2006,3,0,34,0.4,0,0,0,0,0,0,0,0,0.00,0.00,0.00,0.00,0.00,Matches,,,0,0,,0.00,0.00,,,,,,,,,,,,,,,,,,,Chinese Football Association Super League,2026
b49bc5e0,Eden Karzev,Eden Karzev,il ISR,MF,Shenzhen Peng City,26-003,2000,5,4,395,4.4,3,1,4,3,0,0,1,0,0.68,0.23,0.91,0.68,0.91,Matches,0.27,0.60,11,5,45.5,1.14,2.51,,,,,,,,,,,,,,,,,,,Chinese Football Association Super League,2026
02cc5f53,Shi Ke,Shi Ke,cn CHN,DF,Yunnan Yukun,33-096,1993,1,0,1,0.0,0,0,0,0,0,0,0,0,0.00,0.00,0.00,0.00,0.00,Matches,,,0,0,,0.00,0.00,,,,,,,,,,,,,,,,,,,Chinese Football Association Super League,2026
66249d65,Boubou Konté,Boubou Konté,ml MLI,MF,Beijing Guoan,25-043,2001,5,5,450,5.0,0,0,0,0,0,0,1,0,0.00,0.00,0.00,0.00,0.00,Matches,0.00,,2,0,0.0,0.00,0.40,,,,,,,,,,,,,,,,,,,Chinese Football Association Super League,2026
a02b468b,Takahiro Kunimoto,Takahiro Kunimoto,jp JPN,MF,Shenyang Urban FC,28-188,1997,5,4,313,3.5,1,0,1,0,1,1,0,0,0.29,0.00,0.29,0.00,0.00,Matches,0.00,0.00,9,3,33.3,0.86,2.59,,,,,,,,,,,,,,,,,,,Chinese Football Association Super League,2026
a504b183,Li Lei,Li Lei,cn CHN,"DF,MF",Beijing Guoan,33-319,1992,1,0,38,0.4,0,0,0,0,0,0,0,0,0.00,0.00,0.00,0.00,0.00,Matches,,,0,0,,0.00,0.00,,,,,,,,,,,,,,,,,,,Chinese Football Association Super League,2026
37c95656,Tong Lei,Tong Lei,cn CHN,DF,Zhejiang,28-119,1997,3,2,184,2.0,0,0,0,0,0,0,0,0,0.00,0.00,0.00,0.00,0.00,Matches,0.00,0.00,1,1,100.0,0.49,0.49,,,,,,,,,,,,,,,,,,,Chinese Football Association Super League,2026
e3fabb0a,Wu Lei,Wu Lei,cn CHN,"FW,MF",Shanghai Port,34-146,1991,5,0,130,1.4,2,0,2,2,0,0,1,0,1.38,0.00,1.38,1.38,1.38,Matches,0.29,0.50,7,4,57.1,2.77,4.85,,,,,,,,,,,,,,,,,,,Chinese Football Association Super League,2026
abda818c,Leo,Leo,br BRA,FW,Shanghai Port,28-321,1997,5,4,341,3.8,2,0,2,2,0,0,0,0,0.53,0.00,0.53,0.53,0.53,Matches,0.50,1.00,4,2,50.0,0.53,1.06,,,,,,,,,,,,,,,,,,,Chinese Football Association Super League,2026
7275cb25,Lin Liangming,Lin Liangming,cn CHN,MF,Beijing Guoan,28-314,1997,5,4,322,3.6,0,0,0,0,0,0,0,0,0.00,0.00,0.00,0.00,0.00,Matches,0.00,0.00,4,3,75.0,0.84,1.12,,,,,,,,,,,,,,,,,,,Chinese Football Association Super League,2026
5de9ed5d,Zhang Linpeng,Zhang Linpeng,cn CHN,DF,Shanghai Port,36-340,1989,2,1,135,1.5,0,0,0,0,0,0,0,0,0.00,0.00,0.00,0.00,0.00,Matches,0.00,,1,0,0.0,0.00,0.67,,,,,,,,,,,,,,,,,,,Chinese Football Association Super League,2026
c8ae52f7,Xiao Lirong,Xiao Lirong,cn CHN,FW,Dalian Yingbo,20-289,2005,1,0,10,0.1,0,0,0,0,0,0,0,0,0.00,0.00,0.00,0.00,0.00,Matches,0.00,,1,0,0.0,0.00,9.00,,,,,,,,,,,,,,,,,,,Chinese Football Association Super League,2026
f16eac40,Liao Lisheng,Liao Lisheng,cn CHN,MF,Chengdu Rongcheng,32-350,1993,3,1,108,1.2,1,0,1,1,0,0,2,0,0.83,0.00,0.83,0.83,0.83,Matches,0.50,1.00,2,1,50.0,0.83,1.67,,,,,,,,,,,,,,,,,,,Chinese Football Association Super League,2026
7a44ae12,Yixin Liu,Yixin Liu,cn CHN,DF,Henan,24-322,2001,1,0,16,0.2,0,0,0,0,0,0,0,0,0.00,0.00,0.00,0.00,0.00,Matches,,,0,0,,0.00,0.00,,,,,,,,,,,,,,,,,,,Chinese Football Association Super League,2026
38bbf7f9,Duan Liuyu,Duan Liuyu,cn CHN,MF,Shandong Taishan,27-264,1998,2,0,64,0.7,0,1,1,0,0,0,0,0,0.00,1.41,1.41,0.00,1.41,Matches,0.00,0.00,2,1,50.0,1.41,2.81,,,,,,,,,,,,,,,,,,,Chinese Football Association Super League,2026
2c581d7b,Jiang Lixun,Jiang Lixun,cn CHN,FW,Wuhan Three Towns,19-239,2006,5,1,141,1.6,0,0,0,0,0,0,0,0,0.00,0.00,0.00,0.00,0.00,Matches,,,0,0,,0.00,0.00,,,,,,,,,,,,,,,,,,,Chinese Football Association Super League,2026
e2975ecd,Song Long,Song Long,cn CHN,DF,Qingdao Hainiu,36-237,1989,2,1,110,1.2,0,0,0,0,0,0,0,0,0.00,0.00,0.00,0.00,0.00,Matches,,,0,0,,0.00,0.00,,,,,,,,,,,,,,,,,,,Chinese Football Association Super League,2026
54473ae3,He Longhai,He Longhai,cn CHN,DF,Qingdao West Coast,24-188,2001,4,4,313,3.5,0,0,0,0,0,0,0,0,0.00,0.00,0.00,0.00,0.00,Matches,0.00,,4,0,0.0,0.00,1.15,,,,,,,,,,,,,,,,,,,Chinese Football Association Super League,2026
1a0c95bb,Lucão,Lucão,br BRA,DF,Chongqing Tonglianglong,30-022,1996,5,5,450,5.0,0,0,0,0,0,0,0,0,0.00,0.00,0.00,0.00,0.00,Matches,0.00,,1,0,0.0,0.00,0.20,,,,,,,,,,,,,,,,,,,Chinese Football Association Super League,2026
b0c12a65,Davidson da Luz Pereira,Davidson da Luz Pereira,br BRA,MF,Qingdao West Coast,35-040,1991,5,5,450,5.0,1,1,2,1,0,0,0,0,0.20,0.20,0.40,0.20,0.40,Matches,0.06,0.17,18,6,33.3,1.20,3.60,,,,,,,,,,,,,,,,,,,Chinese Football Association Super League,2026
602440b4,Guilherme Madruga,Guilherme Madruga,br BRA,MF,Shandong Taishan,25-154,2000,5,5,450,5.0,0,0,0,0,0,0,1,0,0.00,0.00,0.00,0.00,0.00,Matches,0.00,0.00,6,1,16.7,0.20,1.20,,,,,,,,,,,,,,,,,,,Chinese Football Association Super League,2026
aa7e1bb1,Lucas Maia,Lucas Maia,br BRA,DF,Henan,33-050,1993,5,5,450,5.0,0,0,0,0,0,0,0,0,0.00,0.00,0.00,0.00,0.00,Matches,0.00,0.00,7,2,28.6,0.40,1.40,,,,,,,,,,,,,,,,,,,Chinese Football Association Super League,2026
e65a5924,Iago Maidana,Iago Maidana,br BRA,DF,Henan,30-067,1996,5,5,450,5.0,1,0,1,1,0,0,0,0,0.20,0.00,0.20,0.20,0.20,Matches,0.13,0.50,8,2,25.0,0.40,1.60,,,,,,,,,,,,,,,,,,,Chinese Football Association Super League,2026
2341e8e5,Cephas Malele,Cephas Malele,ch SUI,FW,Dalian Yingbo,32-096,1994,4,4,359,4.0,3,2,5,3,0,0,0,0,0.75,0.50,1.25,0.75,1.25,Matches,0.50,1.00,6,3,50.0,0.75,1.50,,,,,,,,,,,,,,,,,,,Chinese Football Association Super League,2026
e27fdbca,Wilson Manafá,Wilson Manafá,pt POR,DF,Shanghai Shen,31-265,1994,5,5,447,5.0,0,1,1,0,0,0,0,0,0.00,0.20,0.20,0.00,0.20,Matches,0.00,,2,0,0.0,0.00,0.40,,,,,,,,,,,,,,,,,,,Chinese Football Association Super League,2026
4cf08f05,Dilimulati Maolaniyazi,Dilimulati Maolaniyazi,cn CHN,DF,Shenyang Urban FC,36-282,1989,3,3,244,2.7,0,0,0,0,0,0,0,0,0.00,0.00,0.00,0.00,0.00,Matches,,,0,0,,0.00,0.00,,,,,,,,,,,,,,,,,,,Chinese Football Association Super League,2026
dafe109f,Oscar Maritu,Oscar Maritu,cd COD,"MF,FW",Yunnan Yukun,26-240,1999,5,5,449,5.0,5,1,6,5,0,0,1,0,1.00,0.20,1.20,1.00,1.20,Matches,0.26,0.50,19,10,52.6,2.00,3.81,,,,,,,,,,,,,,,,,,,Chinese Football Association Super League,2026
21417805,Guy Mbenza,Guy Mbenza,cg CGO,FW,Shenyang Urban FC,26-013,2000,5,5,448,5.0,2,1,3,1,1,1,0,0,0.40,0.20,0.60,0.20,0.40,Matches,0.05,0.17,21,6,28.6,1.21,4.22,,,,,,,,,,,,,,,,,,,Chinese Football Association Super League,2026
4887118d,Jordi Mboula,Jordi Mboula,es ESP,"MF,FW",Henan,27-029,1999,5,5,401,4.5,1,0,1,1,0,0,0,0,0.22,0.00,0.22,0.22,0.22,Matches,0.07,0.20,14,5,35.7,1.12,3.14,,,,,,,,,,,,,,,,,,,Chinese Football Association Super League,2026
b838552c,Samir Memišević,Samir Memišević,ba BIH,DF,Qingdao West Coast,32-244,1993,3,3,270,3.0,1,0,1,1,0,0,0,0,0.33,0.00,0.33,0.33,0.33,Matches,0.33,1.00,3,1,33.3,0.33,1.00,,,,,,,,,,,,,,,,,,,Chinese Football Association Super League,2026
e15b9b74,Raphaël Merkies,Raphaël Merkies,hk HKG,DF,Shandong Taishan,23-364,2002,2,0,39,0.4,0,0,0,0,0,0,0,0,0.00,0.00,0.00,0.00,0.00,Matches,,,0,0,,0.00,0.00,,,,,,,,,,,,,,,,,,,Chinese Football Association Super League,2026
d09f9118,Ahmed El Messaoudi,Ahmed El Messaoudi,ma MAR,MF,Qingdao Hainiu,30-254,1995,4,4,359,4.0,0,1,1,0,0,0,0,0,0.00,0.25,0.25,0.00,0.25,Matches,0.00,0.00,12,1,8.3,0.25,3.01,,,,,,,,,,,,,,,,,,,Chinese Football Association Super League,2026
eec9563b,Tang Miao,Tang Miao,cn CHN,DF,Yunnan Yukun,35-180,1990,5,1,142,1.6,0,0,0,0,0,0,0,0,0.00,0.00,0.00,0.00,0.00,Matches,,,0,0,,0.00,0.00,,,,,,,,,,,,,,,,,,,Chinese Football Association Super League,2026
0feb8104,Yuan Mincheng,Yuan Mincheng,cn CHN,DF,Shenyang Urban FC,30-249,1995,5,4,405,4.5,0,0,0,0,0,0,0,0,0.00,0.00,0.00,0.00,0.00,Matches,,,0,0,,0.00,0.00,,,,,,,,,,,,,,,,,,,Chinese Football Association Super League,2026
eaaf86af,Saulo Mineiro,Saulo Mineiro,br BRA,FW,Shanghai Shen,28-301,1997,1,1,74,0.8,0,0,0,0,0,0,0,0,0.00,0.00,0.00,0.00,0.00,Matches,0.00,,2,0,0.0,0.00,2.43,,,,,,,,,,,,,,,,,,,Chinese Football Association Super League,2026
e6f54507,Sun Ming Him,Sun Ming Him,hk HKG,"DF,MF",Jinmen Tiger,25-299,2000,4,3,279,3.1,0,0,0,0,0,0,0,0,0.00,0.00,0.00,0.00,0.00,Matches,0.00,,1,0,0.0,0.00,0.32,,,,,,,,,,,,,,,,,,,Chinese Football Association Super League,2026
8a5b43cc,Yang Mingrui,Yang Mingrui,cn CHN,MF,Dalian Yingbo,19-009,2007,4,4,284,3.2,0,0,0,0,0,0,1,0,0.00,0.00,0.00,0.00,0.00,Matches,0.00,,1,0,0.0,0.00,0.32,,,,,,,,,,,,,,,,,,,Chinese Football Association Super League,2026
18a4c771,Liu Mingshi,Liu Mingshi,cn CHN,DF,Chongqing Tonglianglong,22-136,2003,3,0,50,0.6,0,0,0,0,0,0,0,0,0.00,0.00,0.00,0.00,0.00,Matches,,,0,0,,0.00,0.00,,,,,,,,,,,,,,,,,,,Chinese Football Association Super League,2026
49db4b16,Alexandru Mitriță,Alexandru Mitriță,ro ROU,MF,Zhejiang,31-065,1995,4,4,357,4.0,1,3,4,1,0,0,0,1,0.25,0.76,1.01,0.25,1.01,Matches,0.09,0.25,11,4,36.4,1.01,2.77,,,,,,,,,,,,,,,,,,,Chinese Football Association Super League,2026
898ecf69,Naibijiang Mohemaiti,Naibijiang Mohemaiti,cn CHN,MF,Henan,24-278,2001,5,1,104,1.2,0,0,0,0,0,0,0,0,0.00,0.00,0.00,0.00,0.00,Matches,0.00,,2,0,0.0,0.00,1.73,,,,,,,,,,,,,,,,,,,Chinese Football Association Super League,2026
bfae110f,Wesley Moraes,Wesley Moraes,br BRA,FW,Shenzhen Peng City,29-139,1996,5,5,447,5.0,4,2,6,3,1,1,1,0,0.81,0.40,1.21,0.60,1.01,Matches,0.23,0.43,13,7,53.8,1.41,2.62,,,,,,,,,,,,,,,,,,,Chinese Football Association Super League,2026
fde12ca4,Li Moyu,Li Moyu,cn CHN,MF,Chengdu Rongcheng,21-006,2005,1,0,1,0.0,0,0,0,0,0,0,0,0,0.00,0.00,0.00,0.00,0.00,Matches,,,0,0,,0.00,0.00,,,,,,,,,,,,,,,,,,,Chinese Football Association Super League,2026
7692cfd9,Alexander N'Doumbou,Alexander N'Doumbou,ga GAB,MF,Zhejiang,34-100,1992,4,1,125,1.4,0,0,0,0,0,0,0,0,0.00,0.00,0.00,0.00,0.00,Matches,0.00,,1,0,0.0,0.00,0.72,,,,,,,,,,,,,,,,,,,Chinese Football Association Super League,2026
dc1d79a5,Bruno Nazário,Bruno Nazário,br BRA,"FW,MF",Henan,31-064,1995,5,5,395,4.4,0,0,0,0,0,0,0,0,0.00,0.00,0.00,0.00,0.00,Matches,0.00,0.00,7,1,14.3,0.23,1.59,,,,,,,,,,,,,,,,,,,Chinese Football Association Super League,2026
fb527299,Nelson,Nelson,ao ANG,MF,Qingdao West Coast,28-069,1998,3,2,182,2.0,0,0,0,0,0,0,0,0,0.00,0.00,0.00,0.00,0.00,Matches,0.00,0.00,3,2,66.7,0.99,1.48,,,,,,,,,,,,,,,,,,,Chinese Football Association Super League,2026
fc1cf07a,Michael Ngadeu-Ngadjui,Michael Ngadeu-Ngadjui,cm CMR,DF,Chongqing Tonglianglong,35-142,1990,5,5,450,5.0,0,0,0,0,0,0,2,0,0.00,0.00,0.00,0.00,0.00,Matches,,,0,0,,0.00,0.00,,,,,,,,,,,,,,,,,,,Chinese Football Association Super League,2026
f8f6c98b,Béni NKololo,Béni NKololo,,MF,Beijing Guoan,29-159,1996,5,5,441,4.9,0,2,2,0,0,0,2,0,0.00,0.41,0.41,0.00,0.41,Matches,0.00,,7,0,0.0,0.00,1.43,,,,,,,,,,,,,,,,,,,Chinese Football Association Super League,2026
751e378c,Prince Obeng Ampem,Prince Obeng Ampem,gh GHA,MF,Shanghai Port,28-001,1998,3,3,215,2.4,0,1,1,0,0,0,0,0,0.00,0.42,0.42,0.00,0.42,Matches,0.00,0.00,4,2,50.0,0.84,1.67,,,,,,,,,,,,,,,,,,,Chinese Football Association Super League,2026
ad16aecd,Deabeas Owusu Sekyere,Deabeas Owusu Sekyere,nl NED,"MF,FW",Shenzhen Peng City,26-161,1999,5,4,367,4.1,0,0,0,0,0,0,0,0,0.00,0.00,0.00,0.00,0.00,Matches,0.00,0.00,17,5,29.4,1.23,4.17,,,,,,,,,,,,,,,,,,,Chinese Football Association Super League,2026
5283960a,Lü Peng,Lü Peng,cn CHN,MF,Dalian Yingbo,36-168,1989,3,2,136,1.5,0,0,0,0,0,0,0,0,0.00,0.00,0.00,0.00,0.00,Matches,,,0,0,,0.00,0.00,,,,,,,,,,,,,,,,,,,Chinese Football Association Super League,2026
3ab66c06,Wang Peng,Wang Peng,cn CHN,DF,Qingdao West Coast,33-080,1993,5,5,450,5.0,0,0,0,0,0,0,1,0,0.00,0.00,0.00,0.00,0.00,Matches,,,0,0,,0.00,0.00,,,,,,,,,,,,,,,,,,,Chinese Football Association Super League,2026
b1d98a6f,Han Pengfei,Han Pengfei,cn CHN,DF,Chengdu Rongcheng,32-351,1993,5,5,436,4.8,0,0,0,0,0,0,0,0,0.00,0.00,0.00,0.00,0.00,Matches,0.00,,2,0,0.0,0.00,0.41,,,,,,,,,,,,,,,,,,,Chinese Football Association Super League,2026
e0897755,Mou Pengfei,Mou Pengfei,cn CHN,GK,Qingdao Hainiu,37-045,1989,5,5,450,5.0,0,0,0,0,0,0,0,0,0.00,0.00,0.00,0.00,0.00,Matches,,,0,0,,0.00,0.00,1,20.0,5,5,9,1.80,3,450,0,0,0,,0,71.0,22,31,1,1,Chinese Football Association Super League,2026
bda63250,Xie Pengfei,Xie Pengfei,cn CHN,"FW,MF",Shanghai Shen,32-289,1993,4,0,69,0.8,0,1,1,0,0,0,0,0,0.00,1.30,1.30,0.00,1.30,Matches,0.00,,2,0,0.0,0.00,2.61,,,,,,,,,,,,,,,,,,,Chinese Football Association Super League,2026
6cdac7a8,Jin Pengxiang,Jin Pengxiang,cn CHN,DF,Chongqing Tonglianglong,36-079,1990,2,0,3,0.0,0,0,0,0,0,0,0,0,0.00,0.00,0.00,0.00,0.00,Matches,,,0,0,,0.00,0.00,,,,,,,,,,,,,,,,,,,Chinese Football Association Super League,2026
4762ba19,Zhu Pengyu,Zhu Pengyu,cn CHN,FW,Dalian Yingbo,20-340,2005,2,0,65,0.7,0,0,0,0,0,0,1,0,0.00,0.00,0.00,0.00,0.00,Matches,0.00,,1,0,0.0,0.00,1.38,,,,,,,,,,,,,,,,,,,Chinese Football Association Super League,2026
2118c8c0,Lucas Possignolo,Lucas Possignolo,pt POR,"DF,MF",Zhejiang,31-338,1994,5,5,450,5.0,0,0,0,0,0,0,1,0,0.00,0.00,0.00,0.00,0.00,Matches,0.00,0.00,4,1,25.0,0.20,0.80,,,,,,,,,,,,,,,,,,,Chinese Football Association Super League,2026
c11c6321,Chen Pu,Chen Pu,cn CHN,MF,Shandong Taishan,29-089,1997,4,2,190,2.1,0,0,0,0,0,0,0,0,0.00,0.00,0.00,0.00,0.00,Matches,0.00,,4,0,0.0,0.00,1.89,,,,,,,,,,,,,,,,,,,Chinese Football Association Super League,2026
c8c03e98,Valeri Qazaishvili,Valeri Qazaishvili,ge GEO,"MF,FW",Shandong Taishan,33-075,1993,5,5,437,4.9,2,1,3,2,0,0,0,0,0.41,0.21,0.62,0.41,0.62,Matches,0.17,0.50,12,4,33.3,0.82,2.47,,,,,,,,,,,,,,,,,,,Chinese Football Association Super League,2026
d1d606c4,Tao Qianglong,Tao Qianglong,cn CHN,"FW,MF",Zhejiang,24-145,2001,5,0,114,1.3,1,0,1,1,0,0,0,0,0.79,0.00,0.79,0.79,0.79,Matches,0.17,0.50,6,2,33.3,1.58,4.74,,,,,,,,,,,,,,,,,,,Chinese Football Association Super League,2026
c7632f51,Ruan Qilong,Ruan Qilong,cn CHN,DF,Chongqing Tonglianglong,25-102,2001,5,5,312,3.5,0,0,0,0,0,0,1,0,0.00,0.00,0.00,0.00,0.00,Matches,0.00,,2,0,0.0,0.00,0.58,,,,,,,,,,,,,,,,,,,Chinese Football Association Super League,2026
24ef1305,Xue Qinghao,Xue Qinghao,cn CHN,GK,Shanghai Shen,25-200,2000,5,5,450,5.0,0,0,0,0,0,0,0,0,0.00,0.00,0.00,0.00,0.00,Matches,,,0,0,,0.00,0.00,1,20.0,5,5,7,1.40,0,450,1,1,0,0.0,0,70.0,14,20,2,3,Chinese Football Association Super League,2026
5631109c,Wu Qipeng,Wu Qipeng,cn CHN,MF,Shanghai Shen,19-045,2007,3,2,204,2.3,0,0,0,0,0,0,0,0,0.00,0.00,0.00,0.00,0.00,Matches,,,0,0,,0.00,0.00,,,,,,,,,,,,,,,,,,,Chinese Football Association Super League,2026
6ecac779,Wang Qiuming,Wang Qiuming,cn CHN,MF,Jinmen Tiger,33-095,1993,5,4,283,3.1,0,0,0,0,0,0,0,0,0.00,0.00,0.00,0.00,0.00,Matches,0.00,,2,0,0.0,0.00,0.64,,,,,,,,,,,,,,,,,,,Chinese Football Association Super League,2026
25233d1b,Alberto Quiles,Alberto Quiles,es ESP,"FW,MF",Jinmen Tiger,30-352,1995,5,5,450,5.0,1,0,1,1,0,0,0,0,0.20,0.00,0.20,0.20,0.20,Matches,0.13,0.33,8,3,37.5,0.60,1.60,,,,,,,,,,,,,,,,,,,Chinese Football Association Super League,2026
df9c3473,Guilherme Ramos,Guilherme Ramos,pt POR,DF,Beijing Guoan,28-246,1997,4,4,281,3.1,0,0,0,0,0,0,1,0,0.00,0.00,0.00,0.00,0.00,Matches,0.00,,6,0,0.0,0.00,1.92,,,,,,,,,,,,,,,,,,,Chinese Football Association Super League,2026
40ef7347,Rafael Ratão,Rafael Ratão,br BRA,"MF,FW",Shanghai Shen,30-135,1995,5,5,449,5.0,5,0,5,4,1,1,2,0,1.00,0.00,1.00,0.80,0.80,Matches,0.15,0.27,27,15,55.6,3.01,5.41,,,,,,,,,,,,,,,,,,,Chinese Football Association Super League,2026
dfddb0f9,Rezende,Rezende,br BRA,"MF,DF",Qingdao West Coast,31-102,1995,5,5,450,5.0,0,0,0,0,0,0,1,0,0.00,0.00,0.00,0.00,0.00,Matches,0.00,0.00,7,2,28.6,0.40,1.40,,,,,,,,,,,,,,,,,,,Chinese Football Association Super League,2026
f2525782,Rômulo,Rômulo,br BRA,"MF,FW",Chengdu Rongcheng,30-169,1995,5,5,449,5.0,1,1,2,1,0,0,0,0,0.20,0.20,0.40,0.20,0.40,Matches,0.08,0.25,13,4,30.8,0.80,2.61,,,,,,,,,,,,,,,,,,,Chinese Football Association Super League,2026
9666f6db,Liao Rongxiang,Liao Rongxiang,cn CHN,MF,Chengdu Rongcheng,21-169,2004,3,0,47,0.5,1,0,1,1,0,0,0,0,1.91,0.00,1.91,1.91,1.91,Matches,0.50,1.00,2,1,50.0,1.91,3.83,,,,,,,,,,,,,,,,,,,Chinese Football Association Super League,2026
fe968ac8,Han Rongze,Han Rongze,cn CHN,GK,Shenyang Urban FC,33-089,1993,5,5,450,5.0,0,0,0,0,0,0,1,0,0.00,0.00,0.00,0.00,0.00,Matches,,,0,0,,0.00,0.00,1,20.0,5,5,6,1.20,2,450,1,1,0,0.0,0,76.2,16,21,1,2,Chinese Football Association Super League,2026
c395bb87,Yu Rui,Yu Rui,cn CHN,DF,Shenzhen Peng City,33-246,1992,3,1,99,1.1,0,0,0,0,0,0,0,0,0.00,0.00,0.00,0.00,0.00,Matches,,,0,0,,0.00,0.00,,,,,,,,,,,,,,,,,,,Chinese Football Association Super League,2026
7147e2fa,Hu Ruibao,Hu Ruibao,cn CHN,DF,Shenzhen Peng City,29-179,1996,5,5,450,5.0,0,0,0,0,0,0,1,0,0.00,0.00,0.00,0.00,0.00,Matches,0.00,,1,0,0.0,0.00,0.20,,,,,,,,,,,,,,,,,,,Chinese Football Association Super League,2026
8da2ffdb,Huang Ruifeng,Huang Ruifeng,cn CHN,DF,Henan,26-155,1999,4,4,316,3.5,0,0,0,0,0,0,2,0,0.00,0.00,0.00,0.00,0.00,Matches,,,0,0,,0.00,0.00,,,,,,,,,,,,,,,,,,,Chinese Football Association Super League,2026
4b4207dd,Liu Ruofan,Liu Ruofan,cn CHN,"FW,MF",Shanghai Port,27-076,1999,2,0,30,0.3,0,0,0,0,0,0,0,0,0.00,0.00,0.00,0.00,0.00,Matches,0.00,0.00,1,1,100.0,3.00,3.00,,,,,,,,,,,,,,,,,,,Chinese Football Association Super League,2026
77f4f5eb,Ange Samuel,Ange Samuel,tw TPE,MF,Shenyang Urban FC,29-113,1996,5,3,293,3.3,1,0,1,1,0,0,1,0,0.31,0.00,0.31,0.31,0.31,Matches,0.13,0.50,8,2,25.0,0.61,2.46,,,,,,,,,,,,,,,,,,,Chinese Football Association Super League,2026
fd53959e,Gustavo Sauer,Gustavo Sauer,br BRA,"MF,FW",Wuhan Three Towns,32-349,1993,4,4,330,3.7,2,2,4,2,0,0,1,0,0.55,0.55,1.09,0.55,1.09,Matches,0.29,0.67,7,3,42.9,0.82,1.91,,,,,,,,,,,,,,,,,,,Chinese Football Association Super League,2026
6b074beb,Guilherme Schettine,Guilherme Schettine,br BRA,FW,Jinmen Tiger,30-186,1995,5,4,350,3.9,2,0,2,1,1,1,0,0,0.51,0.00,0.51,0.26,0.26,Matches,0.17,0.25,6,4,66.7,1.03,1.54,,,,,,,,,,,,,,,,,,,Chinese Football Association Super League,2026
7566e58a,Hou Sen,Hou Sen,cn CHN,GK,Beijing Guoan,36-288,1989,2,2,180,2.0,0,0,0,0,0,0,0,0,0.00,0.00,0.00,0.00,0.00,Matches,,,0,0,,0.00,0.00,1,50.0,2,2,2,1.00,1,180,0,0,0,,0,71.4,5,7,0,1,Chinese Football Association Super League,2026
8f61bec1,Luo Senwen,Luo Senwen,cn CHN,MF,Qingdao Hainiu,33-088,1993,4,3,232,2.6,0,0,0,0,0,0,2,0,0.00,0.00,0.00,0.00,0.00,Matches,,,0,0,,0.00,0.00,,,,,,,,,,,,,,,,,,,Chinese Football Association Super League,2026
b51396fe,Serginho,Serginho,cn CHN,MF,Beijing Guoan,31-030,1995,4,3,275,3.1,0,1,1,0,0,0,0,0,0.00,0.33,0.33,0.00,0.33,Matches,0.00,0.00,3,1,33.3,0.33,0.98,,,,,,,,,,,,,,,,,,,Chinese Football Association Super League,2026
2aa50947,Huang Shan,Huang Shan,cn CHN,MF,Dalian Yingbo,20-022,2006,1,0,10,0.1,0,0,0,0,0,0,0,0,0.00,0.00,0.00,0.00,0.00,Matches,,,0,0,,0.00,0.00,,,,,,,,,,,,,,,,,,,Chinese Football Association Super League,2026
ab796758,Wang Shangyuan,Wang Shangyuan,cn CHN,MF,Henan,32-316,1993,5,5,450,5.0,0,1,1,0,0,0,1,0,0.00,0.20,0.20,0.00,0.20,Matches,0.00,,3,0,0.0,0.00,0.60,,,,,,,,,,,,,,,,,,,Chinese Football Association Super League,2026
eea56f81,Wang Shenchao,Wang Shenchao,cn CHN,"DF,MF",Shanghai Port,37-065,1989,1,0,8,0.1,1,0,1,1,0,0,1,0,11.25,0.00,11.25,11.25,11.25,Matches,1.00,1.00,1,1,100.0,11.25,11.25,,,,,,,,,,,,,,,,,,,Chinese Football Association Super League,2026
c84d27a5,Ji Shengpan,Ji Shengpan,cn CHN,MF,Jinmen Tiger,26-157,1999,4,0,48,0.5,0,0,0,0,0,0,0,0,0.00,0.00,0.00,0.00,0.00,Matches,0.00,,2,0,0.0,0.00,3.75,,,,,,,,,,,,,,,,,,,Chinese Football Association Super League,2026
de296fbf,Bao Shengxin,Bao Shengxin,cn CHN,MF,Zhejiang,22-256,2003,2,1,96,1.1,0,0,0,0,0,0,0,0,0.00,0.00,0.00,0.00,0.00,Matches,0.00,,1,0,0.0,0.00,0.94,,,,,,,,,,,,,,,,,,,Chinese Football Association Super League,2026
e705e930,Li Shenyuan,Li Shenyuan,cn CHN,DF,Wuhan Three Towns,28-194,1997,1,0,16,0.2,0,0,0,0,0,0,0,0,0.00,0.00,0.00,0.00,0.00,Matches,,,0,0,,0.00,0.00,,,,,,,,,,,,,,,,,,,Chinese Football Association Super League,2026
8294b413,Liu Shibo,Liu Shibo,cn CHN,GK,Qingdao West Coast,28-329,1997,2,2,180,2.0,0,0,0,0,0,0,0,0,0.00,0.00,0.00,0.00,0.00,Matches,,,0,0,,0.00,0.00,1,50.0,2,2,5,2.50,1,180,1,1,0,0.0,0,63.6,7,11,0,1,Chinese Football Association Super League,2026
a47e6424,Wei Shihao,Wei Shihao,cn CHN,"MF,FW",Chengdu Rongcheng,31-006,1995,5,5,436,4.8,2,2,4,1,1,1,2,0,0.41,0.41,0.83,0.21,0.62,Matches,0.05,0.13,19,8,42.1,1.65,3.92,,,,,,,,,,,,,,,,,,,Chinese Football Association Super League,2026
9da809a7,Bao Shimeng,Bao Shimeng,cn CHN,DF,Shanghai Port,22-286,2003,1,0,23,0.3,0,0,0,0,0,0,0,0,0.00,0.00,0.00,0.00,0.00,Matches,,,0,0,,0.00,0.00,,,,,,,,,,,,,,,,,,,Chinese Football Association Super League,2026
982450ea,Yelijiang Shinaer,Yelijiang Shinaer,cn CHN,DF,Henan,26-312,1999,5,5,443,4.9,0,0,0,0,0,0,0,0,0.00,0.00,0.00,0.00,0.00,Matches,0.00,0.00,1,1,100.0,0.20,0.20,,,,,,,,,,,,,,,,,,,Chinese Football Association Super League,2026
766a2ad2,Chan Shinichi,Chan Shinichi,hk HKG,DF,Shanghai Shen,23-221,2002,5,5,436,4.8,1,0,1,1,0,0,1,0,0.21,0.00,0.21,0.21,0.21,Matches,0.25,1.00,4,1,25.0,0.21,0.83,,,,,,,,,,,,,,,,,,,Chinese Football Association Super League,2026
55762a1f,Wang Shiqin,Wang Shiqin,cn CHN,DF,Zhejiang,22-294,2003,2,0,14,0.2,0,0,0,0,0,0,0,0,0.00,0.00,0.00,0.00,0.00,Matches,,,0,0,,0.00,0.00,,,,,,,,,,,,,,,,,,,Chinese Football Association Super League,2026
6b9251ca,Che Shiwei,Che Shiwei,cn CHN,MF,Qingdao Hainiu,29-166,1996,1,0,21,0.2,0,0,0,0,0,0,0,0,0.00,0.00,0.00,0.00,0.00,Matches,0.00,0.00,1,1,100.0,4.29,4.29,,,,,,,,,,,,,,,,,,,Chinese Football Association Super League,2026
b058aa22,Yang Shiyuan,Yang Shiyuan,cn CHN,"DF,MF",Shanghai Port,32-034,1994,2,0,49,0.5,0,0,0,0,0,0,1,0,0.00,0.00,0.00,0.00,0.00,Matches,,,0,0,,0.00,0.00,,,,,,,,,,,,,,,,,,,Chinese Football Association Super League,2026
429bbb5f,Li Shuai,Li Shuai,cn CHN,"DF,MF",Shanghai Port,30-300,1995,5,5,434,4.8,0,1,1,0,0,0,1,0,0.00,0.21,0.21,0.00,0.21,Matches,0.00,0.00,7,1,14.3,0.21,1.45,,,,,,,,,,,,,,,,,,,Chinese Football Association Super League,2026
73d5b4cd,Yang Shuai,Yang Shuai,cn CHN,DF,Shanghai Shen,29-076,1997,1,0,13,0.1,0,0,0,0,0,0,0,0,0.00,0.00,0.00,0.00,0.00,Matches,,,0,0,,0.00,0.00,,,,,,,,,,,,,,,,,,,Chinese Football Association Super League,2026
97e537bd,Jin Shunkai,Jin Shunkai,cn CHN,DF,Shanghai Shen,24-177,2001,5,5,450,5.0,0,0,0,0,0,0,1,0,0.00,0.00,0.00,0.00,0.00,Matches,0.00,,2,0,0.0,0.00,0.40,,,,,,,,,,,,,,,,,,,Chinese Football Association Super League,2026
5c60f49c,Wellington Silva,Wellington Silva,br BRA,"MF,FW",Chengdu Rongcheng,33-098,1993,5,5,409,4.5,4,2,6,4,0,0,0,0,0.88,0.44,1.32,0.88,1.32,Matches,0.21,0.44,19,9,47.4,1.98,4.18,,,,,,,,,,,,,,,,,,,Chinese Football Association Super League,2026
9cc5e9cf,Nan Song,Nan Song,cn CHN,"DF,MF",Shenzhen Peng City,28-297,1997,5,5,381,4.2,0,1,1,0,0,0,1,0,0.00,0.24,0.24,0.00,0.24,Matches,0.00,,1,0,0.0,0.00,0.24,,,,,,,,,,,,,,,,,,,Chinese Football Association Super League,2026
bf916d48,Shi Songchen,Shi Songchen,cn CHN,DF,Shandong Taishan,20-105,2005,1,0,1,0.0,0,0,0,0,0,0,0,0,0.00,0.00,0.00,0.00,0.00,Matches,,,0,0,,0.00,0.00,,,,,,,,,,,,,,,,,,,Chinese Football Association Super League,2026
8b6b6353,Li Songyi,Li Songyi,cn CHN,DF,Yunnan Yukun,33-077,1993,1,0,15,0.2,0,0,0,0,0,0,0,0,0.00,0.00,0.00,0.00,0.00,Matches,,,0,0,,0.00,0.00,,,,,,,,,,,,,,,,,,,Chinese Football Association Super League,2026
2fd337af,Yegor Sorokin,Yegor Sorokin,ru RUS,DF,Chengdu Rongcheng,30-161,1995,5,5,450,5.0,1,0,1,1,0,0,0,0,0.20,0.00,0.20,0.20,0.20,Matches,1.00,1.00,1,1,100.0,0.20,0.20,,,,,,,,,,,,,,,,,,,Chinese Football Association Super League,2026
d7e1b912,Felipe Sousa,Felipe Sousa,br BRA,FW,Chengdu Rongcheng,34-011,1992,3,1,156,1.7,4,1,5,3,1,1,0,0,2.31,0.58,2.88,1.73,2.31,Matches,0.33,0.75,9,4,44.4,2.31,5.19,,,,,,,,,,,,,,,,,,,Chinese Football Association Super League,2026
71d803dc,Gabriel Airton de Souza,Gabriel Airton de Souza,br BRA,"MF,FW",Shanghai Port,30-016,1996,5,5,363,4.0,1,2,3,1,0,0,0,0,0.25,0.50,0.74,0.25,0.74,Matches,0.14,0.50,7,2,28.6,0.50,1.74,,,,,,,,,,,,,,,,,,,Chinese Football Association Super League,2026
e07c2923,Nicolae Stanciu,Nicolae Stanciu,ro ROU,MF,Dalian Yingbo,32-342,1993,5,5,440,4.9,1,2,3,0,1,1,0,0,0.20,0.41,0.61,0.00,0.41,Matches,0.00,0.00,14,8,57.1,1.64,2.86,,,,,,,,,,,,,,,,,,,Chinese Football Association Super League,2026
8c70d3ee,Carlos Strandberg,Carlos Strandberg,se SWE,FW,Qingdao Hainiu,30-000,1996,5,5,416,4.6,0,0,0,0,0,0,0,0,0.00,0.00,0.00,0.00,0.00,Matches,0.00,0.00,4,3,75.0,0.65,0.87,,,,,,,,,,,,,,,,,,,Chinese Football Association Super League,2026
4c78c3d2,Li Suda,Li Suda,cn CHN,DF,Qingdao Hainiu,22-064,2004,5,4,340,3.8,0,0,0,0,0,0,0,0,0.00,0.00,0.00,0.00,0.00,Matches,0.00,,3,0,0.0,0.00,0.79,,,,,,,,,,,,,,,,,,,Chinese Football Association Super League,2026
ad9375f3,Wei Suowei,Wei Suowei,cn CHN,DF,Chongqing Tonglianglong,20-329,2005,3,0,89,1.0,0,0,0,0,0,0,0,0,0.00,0.00,0.00,0.00,0.00,Matches,0.00,0.00,1,1,100.0,1.01,1.01,,,,,,,,,,,,,,,,,,,Chinese Football Association Super League,2026
a5b07030,Yi Teng,Yi Teng,cn CHN,DF,Yunnan Yukun,36-051,1990,1,1,90,1.0,1,1,2,1,0,0,0,0,1.00,1.00,2.00,1.00,2.00,Matches,0.50,1.00,2,1,50.0,1.00,2.00,,,,,,,,,,,,,,,,,,,Chinese Football Association Super League,2026
f16e0917,Ming Tian,Ming Tian,cn CHN,DF,Wuhan Three Towns,31-006,1995,5,5,405,4.5,0,0,0,0,0,0,0,0,0.00,0.00,0.00,0.00,0.00,Matches,0.00,0.00,1,1,100.0,0.22,0.22,,,,,,,,,,,,,,,,,,,Chinese Football Association Super League,2026
6b7862d7,Gao Tianyi,Gao Tianyi,cn CHN,MF,Shanghai Shen,27-287,1998,5,5,368,4.1,0,2,2,0,0,0,1,0,0.00,0.49,0.49,0.00,0.49,Matches,0.00,0.00,4,1,25.0,0.24,0.98,,,,,,,,,,,,,,,,,,,Chinese Football Association Super League,2026
b8fe0244,Li Tixiang,Li Tixiang,cn CHN,MF,Shenyang Urban FC,36-225,1989,5,5,435,4.8,0,0,0,0,0,0,0,0,0.00,0.00,0.00,0.00,0.00,Matches,,,0,0,,0.00,0.00,,,,,,,,,,,,,,,,,,,Chinese Football Association Super League,2026
a11c995d,Marko Tolić,Marko Tolić,hr CRO,MF,Zhejiang,29-283,1996,5,5,385,4.3,0,1,1,0,0,0,0,0,0.00,0.23,0.23,0.00,0.23,Matches,0.00,0.00,11,2,18.2,0.47,2.57,,,,,,,,,,,,,,,,,,,Chinese Football Association Super League,2026
34d741cc,Wang Tong,Wang Tong,cn CHN,MF,Shandong Taishan,33-061,1993,4,1,84,0.9,0,0,0,0,0,0,0,0,0.00,0.00,0.00,0.00,0.00,Matches,0.00,0.00,2,1,50.0,1.07,2.14,,,,,,,,,,,,,,,,,,,Chinese Football Association Super League,2026
fb3b1ff0,Mamadou Traoré,Mamadou Traoré,ml MLI,DF,Dalian Yingbo,31-193,1994,5,5,450,5.0,0,0,0,0,0,0,0,0,0.00,0.00,0.00,0.00,0.00,Matches,,,0,0,,0.00,0.00,,,,,,,,,,,,,,,,,,,Chinese Football Association Super League,2026
8f906c5f,Pavle Vagić,Pavle Vagić,se SWE,DF,Shenyang Urban FC,26-080,2000,4,4,324,3.6,0,0,0,0,0,0,1,1,0.00,0.00,0.00,0.00,0.00,Matches,,,0,0,,0.00,0.00,,,,,,,,,,,,,,,,,,,Chinese Football Association Super League,2026
8529df9f,Caio Vinícius,Caio Vinícius,br BRA,MF,Yunnan Yukun,27-093,1999,5,4,379,4.2,2,0,2,2,0,0,1,0,0.47,0.00,0.47,0.47,0.47,Matches,0.29,0.67,7,3,42.9,0.71,1.66,,,,,,,,,,,,,,,,,,,Chinese Football Association Super League,2026
db9c8fa4,Mateus Vital,Mateus Vital,br BRA,MF,Shanghai Port,28-061,1998,5,5,450,5.0,0,0,0,0,0,0,0,0,0.00,0.00,0.00,0.00,0.00,Matches,0.00,0.00,13,2,15.4,0.40,2.60,,,,,,,,,,,,,,,,,,,Chinese Football Association Super League,2026
3d4042a5,Dai Wai-tsun,Dai Wai-tsun,cn CHN,"MF,FW",Shenzhen Peng City,26-264,1999,4,2,178,2.0,0,1,1,0,0,0,0,0,0.00,0.51,0.51,0.00,0.51,Matches,0.00,0.00,5,1,20.0,0.51,2.53,,,,,,,,,,,,,,,,,,,Chinese Football Association Super League,2026
345389af,Kang Wang,Kang Wang,cn CHN,FW,Wuhan Three Towns,19-344,2006,2,0,54,0.6,0,0,0,0,0,0,0,0,0.00,0.00,0.00,0.00,0.00,Matches,,,0,0,,0.00,0.00,,,,,,,,,,,,,,,,,,,Chinese Football Association Super League,2026
b0a9a506,Long Wei,Long Wei,cn CHN,"DF,MF",Wuhan Three Towns,31-082,1995,3,0,37,0.4,0,0,0,0,0,0,0,0,0.00,0.00,0.00,0.00,0.00,Matches,0.00,,1,0,0.0,0.00,2.43,,,,,,,,,,,,,,,,,,,Chinese Football Association Super League,2026
e0218e82,Wu Wei,Wu Wei,cn CHN,DF,Zhejiang,29-068,1997,2,1,67,0.7,0,0,0,0,0,0,0,0,0.00,0.00,0.00,0.00,0.00,Matches,,,0,0,,0.00,0.00,,,,,,,,,,,,,,,,,,,Chinese Football Association Super League,2026
7f700b21,Mao Weijie,Mao Weijie,cn CHN,DF,Dalian Yingbo,20-321,2005,3,3,256,2.8,1,1,2,1,0,0,1,0,0.35,0.35,0.70,0.35,0.70,Matches,0.33,1.00,3,1,33.3,0.35,1.05,,,,,,,,,,,,,,,,,,,Chinese Football Association Super League,2026
5e0e2def,Xie Weijun,Xie Weijun,cn CHN,DF,Jinmen Tiger,28-151,1997,5,3,285,3.2,0,0,0,0,0,0,1,0,0.00,0.00,0.00,0.00,0.00,Matches,0.00,0.00,4,1,25.0,0.32,1.26,,,,,,,,,,,,,,,,,,,Chinese Football Association Super League,2026
5d3e1593,Liang Weipeng,Liang Weipeng,cn CHN,MF,Chongqing Tonglianglong,23-248,2002,1,0,14,0.2,0,0,0,0,0,0,0,0,0.00,0.00,0.00,0.00,0.00,Matches,,,0,0,,0.00,0.00,,,,,,,,,,,,,,,,,,,Chinese Football Association Super League,2026
1f04a175,Jia Weiwei,Jia Weiwei,cn CHN,MF,Qingdao West Coast,19-051,2007,4,0,40,0.4,0,0,0,0,0,0,1,0,0.00,0.00,0.00,0.00,0.00,Matches,0.00,,1,0,0.0,0.00,2.25,,,,,,,,,,,,,,,,,,,Chinese Football Association Super League,2026
b349e8ac,Jiang Wenhao,Jiang Wenhao,cn CHN,MF,Beijing Guoan,26-088,2000,1,0,45,0.5,0,0,0,0,0,0,0,0,0.00,0.00,0.00,0.00,0.00,Matches,0.00,,1,0,0.0,0.00,2.00,,,,,,,,,,,,,,,,,,,Chinese Football Association Super League,2026
87edc90c,Song Wenjie,Song Wenjie,cn CHN,FW,Qingdao Hainiu,35-089,1991,4,0,59,0.7,0,0,0,0,0,0,0,0,0.00,0.00,0.00,0.00,0.00,Matches,0.00,,3,0,0.0,0.00,4.58,,,,,,,,,,,,,,,,,,,Chinese Football Association Super League,2026
3d73907e,Xie Wenneng,Xie Wenneng,cn CHN,MF,Shandong Taishan,25-067,2001,4,4,332,3.7,2,0,2,2,0,0,1,1,0.54,0.00,0.54,0.54,0.54,Matches,0.50,1.00,4,2,50.0,0.54,1.08,,,,,,,,,,,,,,,,,,,Chinese Football Association Super League,2026
4f182a8f,Xadas,Xadas,pt POR,MF,Jinmen Tiger,28-133,1997,5,5,440,4.9,0,0,0,0,0,0,0,0,0.00,0.00,0.00,0.00,0.00,Matches,0.00,0.00,6,3,50.0,0.61,1.23,,,,,,,,,,,,,,,,,,,Chinese Football Association Super League,2026
bbede960,Wu Xi,Wu Xi,cn CHN,MF,Shanghai Shen,37-054,1989,4,4,311,3.5,0,1,1,0,0,0,0,0,0.00,0.29,0.29,0.00,0.29,Matches,0.00,,6,0,0.0,0.00,1.74,,,,,,,,,,,,,,,,,,,Chinese Football Association Super League,2026
94e08416,Wang Xianjun,Wang Xianjun,cn CHN,DF,Jinmen Tiger,25-317,2000,4,4,357,4.0,0,0,0,0,0,0,2,1,0.00,0.00,0.00,0.00,0.00,Matches,,,0,0,,0.00,0.00,,,,,,,,,,,,,,,,,,,Chinese Football Association Super League,2026
e740075f,Peng Xiao,Peng Xiao,cn CHN,DF,Shandong Taishan,20-260,2005,5,2,228,2.5,0,0,0,0,0,0,1,0,0.00,0.00,0.00,0.00,0.00,Matches,0.00,,1,0,0.0,0.00,0.39,,,,,,,,,,,,,,,,,,,Chinese Football Association Super League,2026
d7e66260,Zhang Xiaobin,Zhang Xiaobin,cn CHN,MF,Shenzhen Peng City,32-173,1993,2,1,100,1.1,0,0,0,0,0,0,0,0,0.00,0.00,0.00,0.00,0.00,Matches,,,0,0,,0.00,0.00,,,,,,,,,,,,,,,,,,,Chinese Football Association Super League,2026
dc232e8b,Liu Xiaolong,Liu Xiaolong,cn CHN,MF,Qingdao West Coast,22-217,2003,5,4,294,3.3,1,1,2,1,0,0,0,0,0.31,0.31,0.61,0.31,0.61,Matches,0.50,1.00,2,1,50.0,0.31,0.61,,,,,,,,,,,,,,,,,,,Chinese Football Association Super League,2026
ef382597,He Xiaoqiang,He Xiaoqiang,cn CHN,DF,Chongqing Tonglianglong,23-313,2002,5,5,450,5.0,0,0,0,0,0,0,0,0,0.00,0.00,0.00,0.00,0.00,Matches,0.00,,1,0,0.0,0.00,0.20,,,,,,,,,,,,,,,,,,,Chinese Football Association Super League,2026
601dfa62,Pan Ximing,Pan Ximing,cn CHN,DF,Shenyang Urban FC,33-093,1993,1,0,33,0.4,0,0,0,0,0,0,0,0,0.00,0.00,0.00,0.00,0.00,Matches,,,0,0,,0.00,0.00,,,,,,,,,,,,,,,,,,,Chinese Football Association Super League,2026
e99732e3,Xu Xin,Xu Xin,cn CHN,MF,Yunnan Yukun,31-360,1994,5,5,449,5.0,1,0,1,1,0,0,0,0,0.20,0.00,0.20,0.20,0.20,Matches,0.33,1.00,3,1,33.3,0.20,0.60,,,,,,,,,,,,,,,,,,,Chinese Football Association Super League,2026
7b7202f5,Yue Xin,Yue Xin,cn CHN,"DF,MF",Shanghai Port,30-155,1995,1,0,8,0.1,0,0,0,0,0,0,0,0,0.00,0.00,0.00,0.00,0.00,Matches,,,0,0,,0.00,0.00,,,,,,,,,,,,,,,,,,,Chinese Football Association Super League,2026
5f5be80b,Wu Xinghan,Wu Xinghan,cn CHN,DF,Jinmen Tiger,33-049,1993,3,2,153,1.7,0,0,0,0,0,0,1,0,0.00,0.00,0.00,0.00,0.00,Matches,,,0,0,,0.00,0.00,,,,,,,,,,,,,,,,,,,Chinese Football Association Super League,2026
2cd03c1b,Peng Xinli,Peng Xinli,cn CHN,MF,Qingdao West Coast,34-266,1991,2,1,108,1.2,0,0,0,0,0,0,0,0,0.00,0.00,0.00,0.00,0.00,Matches,,,0,0,,0.00,0.00,,,,,,,,,,,,,,,,,,,Chinese Football Association Super League,2026
9ff9f6e3,Li Xinxiang,Li Xinxiang,cn CHN,FW,Shanghai Port,20-135,2005,3,0,33,0.4,0,0,0,0,0,0,0,0,0.00,0.00,0.00,0.00,0.00,Matches,0.00,0.00,2,1,50.0,2.73,5.45,,,,,,,,,,,,,,,,,,,Chinese Football Association Super League,2026
3f3f8c58,Zhang Xizhe,Zhang Xizhe,cn CHN,"MF,FW",Beijing Guoan,35-081,1991,5,3,268,3.0,0,0,0,0,0,0,0,0,0.00,0.00,0.00,0.00,0.00,Matches,0.00,0.00,4,1,25.0,0.34,1.34,,,,,,,,,,,,,,,,,,,Chinese Football Association Super League,2026
052ac6d5,Abdul-Aziz Yakubu,Abdul-Aziz Yakubu,gh GHA,FW,Qingdao West Coast,27-155,1998,5,5,448,5.0,1,2,3,1,0,1,0,0,0.20,0.40,0.60,0.20,0.60,Matches,0.11,0.33,9,3,33.3,0.60,1.81,,,,,,,,,,,,,,,,,,,Chinese Football Association Super League,2026
796fc641,Basile Yamkam,Basile Yamkam,cm CMR,DF,Wuhan Three Towns,28-102,1998,4,4,360,4.0,0,0,0,0,0,0,1,0,0.00,0.00,0.00,0.00,0.00,Matches,0.00,,2,0,0.0,0.00,0.50,,,,,,,,,,,,,,,,,,,Chinese Football Association Super League,2026
6957d159,Shi Yan,Shi Yan,cn CHN,MF,Jinmen Tiger,23-319,2002,1,0,36,0.4,0,0,0,0,0,0,0,0,0.00,0.00,0.00,0.00,0.00,Matches,,,0,0,,0.00,0.00,,,,,,,,,,,,,,,,,,,Chinese Football Association Super League,2026
c00376c8,Bai Yang,Bai Yang,cn CHN,DF,Beijing Guoan,28-039,1998,2,1,169,1.9,0,0,0,0,0,0,0,0,0.00,0.00,0.00,0.00,0.00,Matches,,,0,0,,0.00,0.00,,,,,,,,,,,,,,,,,,,Chinese Football Association Super League,2026
3b145212,Li Yang,Li Yang,cn CHN,DF,Chengdu Rongcheng,28-266,1997,3,0,15,0.2,0,0,0,0,0,0,0,0,0.00,0.00,0.00,0.00,0.00,Matches,,,0,0,,0.00,0.00,,,,,,,,,,,,,,,,,,,Chinese Football Association Super League,2026
a4b619f4,Liu Yang,Liu Yang,cn CHN,"MF,DF",Shandong Taishan,30-301,1995,3,3,257,2.9,0,0,0,0,0,0,1,0,0.00,0.00,0.00,0.00,0.00,Matches,0.00,0.00,3,2,66.7,0.70,1.05,,,,,,,,,,,,,,,,,,,Chinese Football Association Super League,2026
3755b9f6,Ming-yang Yang,Ming-yang Yang,ch SUI,MF,Chengdu Rongcheng,30-277,1995,5,5,434,4.8,0,0,0,0,0,0,2,0,0.00,0.00,0.00,0.00,0.00,Matches,0.00,0.00,3,1,33.3,0.21,0.62,,,,,,,,,,,,,,,,,,,Chinese Football Association Super League,2026
df33b888,Jin Yangyang,Jin Yangyang,cn CHN,DF,Qingdao Hainiu,33-070,1993,5,5,450,5.0,0,0,0,0,0,0,1,0,0.00,0.00,0.00,0.00,0.00,Matches,0.00,0.00,1,1,100.0,0.20,0.20,,,,,,,,,,,,,,,,,,,Chinese Football Association Super League,2026
81521aa3,Bao Yaxiong,Bao Yaxiong,cn CHN,GK,Yunnan Yukun,28-326,1997,5,5,450,5.0,0,0,0,0,0,0,1,0,0.00,0.00,0.00,0.00,0.00,Matches,,,0,0,,0.00,0.00,1,20.0,5,5,8,1.60,2,450,1,1,0,0.0,0,61.1,11,18,0,3,Chinese Football Association Super League,2026
36292031,Yaw Yeboah,Yaw Yeboah,gh GHA,MF,Qingdao Hainiu,29-017,1997,5,5,439,4.9,2,0,2,2,0,0,0,0,0.41,0.00,0.41,0.41,0.41,Matches,0.20,0.40,10,5,50.0,1.03,2.05,,,,,,,,,,,,,,,,,,,Chinese Football Association Super League,2026
8cc4b934,Nico Yennaris,Nico Yennaris,cn CHN,MF,Shanghai Shen,32-326,1993,2,2,128,1.4,0,0,0,0,0,0,0,0,0.00,0.00,0.00,0.00,0.00,Matches,0.00,,1,0,0.0,0.00,0.70,,,,,,,,,,,,,,,,,,,Chinese Football Association Super League,2026
8d56279f,Wang Yi Denny,Wang Yi Denny,cn CHN,DF,Wuhan Three Towns,27-364,1998,1,1,81,0.9,0,0,0,0,0,0,0,0,0.00,0.00,0.00,0.00,0.00,Matches,,,0,0,,0.00,0.00,,,,,,,,,,,,,,,,,,,Chinese Football Association Super League,2026
0af09752,Tian Yifan,Tian Yifan,cn CHN,DF,Shenzhen Peng City,25-072,2001,2,0,21,0.2,0,0,0,0,0,0,0,0,0.00,0.00,0.00,0.00,0.00,Matches,,,0,0,,0.00,0.00,,,,,,,,,,,,,,,,,,,Chinese Football Association Super League,2026
3c9daf74,Zhong Yihao,Zhong Yihao,cn CHN,"MF,FW",Henan,30-022,1996,5,5,391,4.3,1,1,2,1,0,0,1,0,0.23,0.23,0.46,0.23,0.46,Matches,0.17,0.50,6,2,33.3,0.46,1.38,,,,,,,,,,,,,,,,,,,Chinese Football Association Super League,2026
c3e24d7f,Yang Yilin,Yang Yilin,cn CHN,MF,Henan,27-050,1999,3,0,41,0.5,0,0,0,0,0,0,0,0,0.00,0.00,0.00,0.00,0.00,Matches,,,0,0,,0.00,0.00,,,,,,,,,,,,,,,,,,,Chinese Football Association Super League,2026
650d94d6,Liu Yiming,Liu Yiming,cn CHN,DF,Wuhan Three Towns,31-045,1995,3,1,81,0.9,0,0,0,0,0,0,0,0,0.00,0.00,0.00,0.00,0.00,Matches,,,0,0,,0.00,0.00,,,,,,,,,,,,,,,,,,,Chinese Football Association Super League,2026
12adaec8,Yang Yiming,Yang Yiming,cn CHN,DF,Shenzhen Peng City,30-324,1995,5,4,379,4.2,0,0,0,0,0,0,1,0,0.00,0.00,0.00,0.00,0.00,Matches,0.00,,1,0,0.0,0.00,0.24,,,,,,,,,,,,,,,,,,,Chinese Football Association Super League,2026
9fb04154,Mutalifu Yimingkari,Mutalifu Yimingkari,cn CHN,MF,Chengdu Rongcheng,22-027,2004,1,0,1,0.0,0,0,0,0,0,0,0,0,0.00,0.00,0.00,0.00,0.00,Matches,,,0,0,,0.00,0.00,,,,,,,,,,,,,,,,,,,Chinese Football Association Super League,2026
9baff760,Zhang Yingkai,Zhang Yingkai,cn CHN,DF,Chongqing Tonglianglong,22-045,2004,5,5,415,4.6,0,0,0,0,0,0,0,0,0.00,0.00,0.00,0.00,0.00,Matches,0.00,,2,0,0.0,0.00,0.43,,,,,,,,,,,,,,,,,,,Chinese Football Association Super League,2026
c391fcc9,Tian Yinong,Tian Yinong,cn CHN,"DF,MF",Shenyang Urban FC,35-055,1991,1,0,1,0.0,0,0,0,0,0,0,0,0,0.00,0.00,0.00,0.00,0.00,Matches,,,0,0,,0.00,0.00,,,,,,,,,,,,,,,,,,,Chinese Football Association Super League,2026
7940f2bb,He Yiran,He Yiran,cn CHN,"DF,MF",Chengdu Rongcheng,21-056,2005,5,4,335,3.7,0,0,0,0,0,0,0,0,0.00,0.00,0.00,0.00,0.00,Matches,0.00,0.00,1,1,100.0,0.27,0.27,,,,,,,,,,,,,,,,,,,Chinese Football Association Super League,2026
2366d776,Jin Yonghao,Jin Yonghao,cn CHN,MF,Qingdao Hainiu,22-324,2003,5,4,315,3.5,0,0,0,0,0,0,1,0,0.00,0.00,0.00,0.00,0.00,Matches,0.00,0.00,7,1,14.3,0.29,2.00,,,,,,,,,,,,,,,,,,,Chinese Football Association Super League,2026
d8665ee0,Li Yongjia,Li Yongjia,cn CHN,MF,Jinmen Tiger,24-264,2001,1,0,7,0.1,0,0,0,0,0,0,1,0,0.00,0.00,0.00,0.00,0.00,Matches,,,0,0,,0.00,0.00,,,,,,,,,,,,,,,,,,,Chinese Football Association Super League,2026
3d946b5b,Cao Yongjing,Cao Yongjing,cn CHN,MF,Beijing Guoan,29-058,1997,5,1,193,2.1,0,1,1,0,0,0,0,0,0.00,0.47,0.47,0.00,0.47,Matches,0.00,,2,0,0.0,0.00,0.93,,,,,,,,,,,,,,,,,,,Chinese Football Association Super League,2026
f99ca9bb,Lu Yongtao,Lu Yongtao,cn CHN,"MF,FW",Shanghai Port,26-092,2000,4,3,174,1.9,0,0,0,0,0,0,2,0,0.00,0.00,0.00,0.00,0.00,Matches,,,0,0,,0.00,0.00,,,,,,,,,,,,,,,,,,,Chinese Football Association Super League,2026
dc7c95fc,Dong Yu,Dong Yu,cn CHN,"DF,FW",Qingdao West Coast,31-273,1994,1,0,1,0.0,0,0,0,0,0,0,0,0,0.00,0.00,0.00,0.00,0.00,Matches,,,0,0,,0.00,0.00,,,,,,,,,,,,,,,,,,,Chinese Football Association Super League,2026
77e63955,Ng Yu Hei,Ng Yu Hei,hk HKG,FW,Chongqing Tonglianglong,20-060,2006,4,0,83,0.9,0,1,1,0,0,0,0,0,0.00,1.08,1.08,0.00,1.08,Matches,0.00,0.00,2,2,100.0,2.17,2.17,,,,,,,,,,,,,,,,,,,Chinese Football Association Super League,2026
cb571936,Zhang Yuan,Zhang Yuan,cn CHN,MF,Shanghai Port,29-076,1997,2,0,34,0.4,0,0,0,0,0,0,0,0,0.00,0.00,0.00,0.00,0.00,Matches,0.00,0.00,2,1,50.0,2.65,5.29,,,,,,,,,,,,,,,,,,,Chinese Football Association Super League,2026
8ea4e5d5,Li Yuanyi,Li Yuanyi,cn CHN,MF,Shandong Taishan,32-229,1993,5,4,303,3.4,0,2,2,0,0,0,3,0,0.00,0.59,0.59,0.00,0.59,Matches,0.00,,3,0,0.0,0.00,0.89,,,,,,,,,,,,,,,,,,,Chinese Football Association Super League,2026
d9a997df,Tian Yuda,Tian Yuda,cn CHN,FW,Shenyang Urban FC,24-139,2001,3,0,5,0.1,0,1,1,0,0,0,0,0,0.00,18.00,18.00,0.00,18.00,Matches,,,0,0,,0.00,0.00,,,,,,,,,,,,,,,,,,,Chinese Football Association Super League,2026
b15b82d1,Wang Yudong,Wang Yudong,cn CHN,"MF,FW",Zhejiang,19-142,2006,5,5,397,4.4,3,1,4,3,0,0,0,0,0.68,0.23,0.91,0.68,0.91,Matches,0.33,0.50,9,6,66.7,1.36,2.04,,,,,,,,,,,,,,,,,,,Chinese Football Association Super League,2026
b45088da,Du Yuezheng,Du Yuezheng,cn CHN,FW,Chongqing Tonglianglong,20-212,2005,5,1,142,1.6,1,0,1,1,0,0,1,1,0.63,0.00,0.63,0.63,0.63,Matches,0.20,0.50,5,2,40.0,1.27,3.17,,,,,,,,,,,,,,,,,,,Chinese Football Association Super League,2026
7da8c4f9,Zhang Yufeng,Zhang Yufeng,cn CHN,MF,Yunnan Yukun,28-099,1998,1,0,33,0.4,0,0,0,0,0,0,0,0,0.00,0.00,0.00,0.00,0.00,Matches,,,0,0,,0.00,0.00,,,,,,,,,,,,,,,,,,,Chinese Football Association Super League,2026
ef8574af,Zhao Yuhao,Zhao Yuhao,cn CHN,"DF,MF",Yunnan Yukun,33-007,1993,1,0,1,0.0,0,0,0,0,0,0,0,0,0.00,0.00,0.00,0.00,0.00,Matches,0.00,,1,0,0.0,0.00,90.00,,,,,,,,,,,,,,,,,,,Chinese Football Association Super League,2026
9ef04882,Zhang Yuning,Zhang Yuning,cn CHN,FW,Beijing Guoan,29-099,1997,5,4,340,3.8,4,0,4,4,0,0,0,0,1.06,0.00,1.06,1.06,1.06,Matches,0.50,1.00,8,4,50.0,1.06,2.12,,,,,,,,,,,,,,,,,,,Chinese Football Association Super League,2026
323c58d3,Wumitijiang Yusupu,Wumitijiang Yusupu,cn CHN,DF,Shanghai Port,22-045,2004,5,5,450,5.0,0,0,0,0,0,0,1,0,0.00,0.00,0.00,0.00,0.00,Matches,0.00,,1,0,0.0,0.00,0.20,,,,,,,,,,,,,,,,,,,Chinese Football Association Super League,2026
4a0787cd,Xiang Yuwang,Xiang Yuwang,cn CHN,MF,Chongqing Tonglianglong,22-117,2003,3,3,241,2.7,0,0,0,0,0,0,0,0,0.00,0.00,0.00,0.00,0.00,Matches,0.00,0.00,5,3,60.0,1.12,1.87,,,,,,,,,,,,,,,,,,,Chinese Football Association Super League,2026
a5d178e3,Qi Yuxi,Qi Yuxi,cn CHN,GK,Jinmen Tiger,25-144,2000,4,3,315,3.5,0,0,0,0,0,0,0,0,0.00,0.00,0.00,0.00,0.00,Matches,,,0,0,,0.00,0.00,0,0.0,4,3,8,2.29,2,315,2,2,0,0.0,0,62.5,10,16,1,0,Chinese Football Association Super League,2026
116abc45,Zeca,Zeca,br BRA,FW,Shandong Taishan,29-039,1997,5,5,439,4.9,1,0,1,1,0,0,1,0,0.21,0.00,0.21,0.21,0.21,Matches,0.11,0.50,9,2,22.2,0.41,1.85,,,,,,,,,,,,,,,,,,,Chinese Football Association Super League,2026
de4350c7,Chen Zeshi,Chen Zeshi,cn CHN,MF,Shandong Taishan,21-052,2005,4,1,129,1.4,0,0,0,0,0,0,0,0,0.00,0.00,0.00,0.00,0.00,Matches,0.00,0.00,1,1,100.0,0.70,0.70,,,,,,,,,,,,,,,,,,,Chinese Football Association Super League,2026
7ae4063c,Yang Zexiang,Yang Zexiang,cn CHN,DF,Shanghai Shen,31-121,1994,4,0,60,0.7,0,0,0,0,0,0,2,0,0.00,0.00,0.00,0.00,0.00,Matches,,,0,0,,0.00,0.00,,,,,,,,,,,,,,,,,,,Chinese Football Association Super League,2026
e7f73caa,Xiangshuo Zhang,Xiangshuo Zhang,cn CHN,MF,Yunnan Yukun,24-296,2001,1,0,10,0.1,0,0,0,0,0,0,0,0,0.00,0.00,0.00,0.00,0.00,Matches,,,0,0,,0.00,0.00,,,,,,,,,,,,,,,,,,,Chinese Football Association Super League,2026
78456e79,Yang Zhanpeng,Yang Zhanpeng,cn CHN,MF,Qingdao West Coast,19-040,2007,4,2,156,1.7,0,0,0,0,0,0,1,0,0.00,0.00,0.00,0.00,0.00,Matches,0.00,0.00,4,1,25.0,0.58,2.31,,,,,,,,,,,,,,,,,,,Chinese Football Association Super League,2026
889e801e,Kuang Zhaolei,Kuang Zhaolei,cn CHN,FW,Qingdao Hainiu,17-032,2009,1,0,4,0.0,0,0,0,0,0,0,0,0,0.00,0.00,0.00,0.00,0.00,Matches,,,0,0,,0.00,0.00,,,,,,,,,,,,,,,,,,,Chinese Football Association Super League,2026
18e38439,Chen Zhechao,Chen Zhechao,cn CHN,DF,Wuhan Three Towns,30-360,1995,5,5,403,4.5,0,0,0,0,0,0,1,0,0.00,0.00,0.00,0.00,0.00,Matches,0.00,,2,0,0.0,0.00,0.45,,,,,,,,,,,,,,,,,,,Chinese Football Association Super League,2026
210ebf89,Wei Zhen,Wei Zhen,cn CHN,DF,Shanghai Port,29-061,1997,5,5,405,4.5,0,0,0,0,0,0,0,0,0.00,0.00,0.00,0.00,0.00,Matches,0.00,,1,0,0.0,0.00,0.22,,,,,,,,,,,,,,,,,,,Chinese Football Association Super League,2026
92a131bb,Zheng Zheng,Zheng Zheng,cn CHN,DF,Shandong Taishan,36-277,1989,4,0,63,0.7,0,0,0,0,0,0,1,0,0.00,0.00,0.00,0.00,0.00,Matches,,,0,0,,0.00,0.00,,,,,,,,,,,,,,,,,,,Chinese Football Association Super League,2026
07afa8d6,Sun Zheng'ao,Sun Zheng'ao,cn CHN,DF,Qingdao Hainiu,32-037,1994,1,0,17,0.2,0,0,0,0,0,0,0,0,0.00,0.00,0.00,0.00,0.00,Matches,,,0,0,,0.00,0.00,,,,,,,,,,,,,,,,,,,Chinese Football Association Super League,2026
81ffc864,Wang Zhenghao,Wang Zhenghao,cn CHN,DF,Jinmen Tiger,25-290,2000,2,0,9,0.1,0,0,0,0,0,0,0,0,0.00,0.00,0.00,0.00,0.00,Matches,,,0,0,,0.00,0.00,,,,,,,,,,,,,,,,,,,Chinese Football Association Super League,2026
56d64846,Huang Zhengyu,Huang Zhengyu,cn CHN,"DF,MF",Shandong Taishan,29-080,1997,5,5,432,4.8,0,0,0,0,0,0,1,0,0.00,0.00,0.00,0.00,0.00,Matches,0.00,0.00,1,1,100.0,0.21,0.21,,,,,,,,,,,,,,,,,,,Chinese Football Association Super League,2026
da1892f7,Li Zhenquan,Li Zhenquan,cn CHN,MF,Chongqing Tonglianglong,22-119,2003,4,4,360,4.0,0,1,1,0,0,0,1,0,0.00,0.25,0.25,0.00,0.25,Matches,0.00,,1,0,0.0,0.00,0.25,,,,,,,,,,,,,,,,,,,Chinese Football Association Super League,2026
9261d639,Xuan Zhijian,Xuan Zhijian,cn CHN,"MF,DF",Shenzhen Peng City,20-168,2005,4,2,264,2.9,0,0,0,0,0,0,0,0,0.00,0.00,0.00,0.00,0.00,Matches,0.00,,1,0,0.0,0.00,0.34,,,,,,,,,,,,,,,,,,,Chinese Football Association Super League,2026
6fd4c6af,Jiang Zhipeng,Jiang Zhipeng,cn CHN,"DF,MF",Shenzhen Peng City,37-039,1989,4,3,182,2.0,0,1,1,0,0,0,1,1,0.00,0.49,0.49,0.00,0.49,Matches,0.00,,2,0,0.0,0.00,0.99,,,,,,,,,,,,,,,,,,,Chinese Football Association Super League,2026
f46bd124,Zhang Zhixiong,Zhang Zhixiong,cn CHN,MF,Chongqing Tonglianglong,19-199,2006,4,2,162,1.8,1,0,1,1,0,0,0,0,0.56,0.00,0.56,0.56,0.56,Matches,0.33,0.50,3,2,66.7,1.11,1.67,,,,,,,,,,,,,,,,,,,Chinese Football Association Super League,2026
177168a7,Chi Zhongguo,Chi Zhongguo,cn CHN,MF,Beijing Guoan,36-170,1989,3,0,51,0.6,0,0,0,0,0,0,0,0,0.00,0.00,0.00,0.00,0.00,Matches,0.00,,2,0,0.0,0.00,3.53,,,,,,,,,,,,,,,,,,,Chinese Football Association Super League,2026
4a4d8725,Gao Zhunyi,Gao Zhunyi,cn CHN,DF,Shandong Taishan,30-236,1995,4,4,290,3.2,0,0,0,0,0,0,0,0,0.00,0.00,0.00,0.00,0.00,Matches,,,0,0,,0.00,0.00,,,,,,,,,,,,,,,,,,,Chinese Football Association Super League,2026
3facfc8c,Lu Zhuoyi,Lu Zhuoyi,cn CHN,DF,Dalian Yingbo,24-363,2001,5,5,450,5.0,0,0,0,0,0,0,3,0,0.00,0.00,0.00,0.00,0.00,Matches,0.00,,1,0,0.0,0.00,0.20,,,,,,,,,,,,,,,,,,,Chinese Football Association Super League,2026
1d85da08,Liu Zhurun,Liu Zhurun,cn CHN,"MF,FW",Shanghai Port,24-190,2001,5,2,192,2.1,0,0,0,0,0,0,2,0,0.00,0.00,0.00,0.00,0.00,Matches,0.00,0.00,2,1,50.0,0.47,0.94,,,,,,,,,,,,,,,,,,,Chinese Football Association Super League,2026
139fb6d5,Huang Zichang,Huang Zichang,cn CHN,DF,Yunnan Yukun,29-010,1997,5,1,107,1.2,0,0,0,0,0,0,0,0,0.00,0.00,0.00,0.00,0.00,Matches,0.00,,1,0,0.0,0.00,0.84,,,,,,,,,,,,,,,,,,,Chinese Football Association Super League,2026
09f4fffa,Huang Zihao,Huang Zihao,cn CHN,GK,Dalian Yingbo,24-309,2001,5,5,450,5.0,0,0,0,0,0,0,2,0,0.00,0.00,0.00,0.00,0.00,Matches,,,0,0,,0.00,0.00,2,40.0,5,5,10,2.00,2,450,0,0,0,,0,61.5,16,26,0,3,Chinese Football Association Super League,2026
b458760a,Yang Zihao,Yang Zihao,cn CHN,DF,Yunnan Yukun,25-097,2001,5,5,403,4.5,0,1,1,0,0,0,2,0,0.00,0.22,0.22,0.00,0.22,Matches,,,0,0,,0.00,0.00,,,,,,,,,,,,,,,,,,,Chinese Football Association Super League,2026
0adef3c9,Han Zilong,Han Zilong,cn CHN,DF,Yunnan Yukun,32-008,1994,3,0,28,0.3,0,0,0,0,0,0,1,0,0.00,0.00,0.00,0.00,0.00,Matches,0.00,0.00,3,1,33.3,3.21,9.64,,,,,,,,,,,,,,,,,,,Chinese Football Association Super League,2026
5d852c35,Wang Ziming,Wang Ziming,cn CHN,FW,Chengdu Rongcheng,29-252,1996,4,3,191,2.1,0,0,0,0,0,0,0,0,0.00,0.00,0.00,0.00,0.00,Matches,,,0,0,,0.00,0.00,,,,,,,,,,,,,,,,,,,Chinese Football Association Super League,2026
0c8a852d,Min Zixi,Min Zixi,cn CHN,FW,Wuhan Three Towns,21-029,2005,1,0,4,0.0,0,0,0,0,0,0,0,0,0.00,0.00,0.00,0.00,0.00,Matches,,,0,0,,0.00,0.00,,,,,,,,,,,,,,,,,,,Chinese Football Association Super League,2026
ed849462,Wei Zixian,Wei Zixian,cn CHN,DF,Qingdao Hainiu,20-329,2005,5,5,450,5.0,0,0,0,0,0,0,0,0,0.00,0.00,0.00,0.00,0.00,Matches,0.00,,1,0,0.0,0.00,0.20,,,,,,,,,,,,,,,,,,,Chinese Football Association Super League,2026
56fe5387,Abduhamit Abdugheni,Abduhamit Abdugheni,cn CHN,DF,Changchun Yatai,26,1998,24,21,"1,743",19.4,0,0,0,0,0,0,3,0,0.00,0.00,0.00,0.00,0.00,Matches,0.00,,8,0,0.0,0.00,0.41,,,,,,,,,,,,,,,,,,,Chinese Football Association Super League,2025
4e9ca70d,Ablikim Abdulsalam,Ablikim Abdulsalam,cn CHN,MF,Zhejiang,22,2003,1,0,20,0.2,0,0,0,0,0,0,0,0,0.00,0.00,0.00,0.00,0.00,Matches,0.00,,1,0,0.0,0.00,4.50,,,,,,,,,,,,,,,,,,,Chinese Football Association Super League,2025
1b138544,Fábio Abreu,Fábio Abreu,ao ANG,FW,Beijing Guoan,32,1993,30,30,"2,598",28.9,28,6,34,24,4,4,2,0,0.97,0.21,1.18,0.83,1.04,Matches,0.23,0.45,106,53,50.0,1.84,3.67,,,,,,,,,,,,,,,,,,,Chinese Football Association Super League,2025
a535cae8,Abudurousuli Abudulamu,Abudurousuli Abudulamu,cn CHN,MF,Henan,23,2001,8,5,438,4.9,0,1,1,0,0,0,0,0,0.00,0.21,0.21,0.00,0.21,Matches,0.00,,2,0,0.0,0.00,0.41,,,,,,,,,,,,,,,,,,,Chinese Football Association Super League,2025
a535cae8,Abudurousuli Abudulamu,Abudurousuli Abudulamu,cn CHN,MF,Henan,23,2001,8,5,438,4.9,0,1,1,0,0,0,0,0,0.00,0.21,0.21,0.00,0.21,Matches,,,0,0,,0.00,0.00,,,,,,,,,,,,,,,,,,,Chinese Football Association Super League,2025
a535cae8,Abudurousuli Abudulamu,Abudurousuli Abudulamu,cn CHN,MF,Shandong Taishan,23,2001,3,0,34,0.4,0,0,0,0,0,0,0,0,0.00,0.00,0.00,0.00,0.00,Matches,0.00,,2,0,0.0,0.00,0.41,,,,,,,,,,,,,,,,,,,Chinese Football Association Super League,2025
a535cae8,Abudurousuli Abudulamu,Abudurousuli Abudulamu,cn CHN,MF,Shandong Taishan,23,2001,3,0,34,0.4,0,0,0,0,0,0,0,0,0.00,0.00,0.00,0.00,0.00,Matches,,,0,0,,0.00,0.00,,,,,,,,,,,,,,,,,,,Chinese Football Association Super League,2025
db8b8e4c,Baihelamu Abuduwaili,Baihelamu Abuduwaili,cn CHN,"MF,FW",Shenzhen Peng City,21,2003,18,9,876,9.7,0,0,0,0,0,0,3,1,0.00,0.00,0.00,0.00,0.00,Matches,0.00,0.00,11,5,45.5,0.51,1.13,,,,,,,,,,,,,,,,,,,Chinese Football Association Super League,2025
f9a1303c,Frank Acheampong,Frank Acheampong,gh GHA,"MF,FW",Henan,31,1993,30,29,"2,440",27.1,14,3,17,14,0,0,3,0,0.52,0.11,0.63,0.52,0.63,Matches,0.23,0.45,62,31,50.0,1.14,2.29,,,,,,,,,,,,,,,,,,,Chinese Football Association Super League,2025
424471b0,Albion Ademi,Albion Ademi,al ALB,"MF,FW",Jinmen Tiger,25,1999,20,15,"1,305",14.5,4,2,6,3,1,2,1,0,0.28,0.14,0.41,0.21,0.34,Matches,0.08,0.15,37,20,54.1,1.38,2.55,,,,,,,,,,,,,,,,,,,Chinese Football Association Super League,2025
ce8347d5,Zhang Aihui,Zhang Aihui,cn CHN,DF,Zhejiang,19,2005,12,12,985,10.9,0,1,1,0,0,0,2,1,0.00,0.09,0.09,0.00,0.09,Matches,0.00,,2,0,0.0,0.00,0.18,,,,,,,,,,,,,,,,,,,Chinese Football Association Super League,2025
cacb8168,Feierding Aisikaer,Feierding Aisikaer,cn CHN,FW,Shanghai Port,21,2003,1,0,1,0.0,0,0,0,0,0,0,0,0,0.00,0.00,0.00,0.00,0.00,Matches,,,0,0,,0.00,0.00,,,,,,,,,,,,,,,,,,,Chinese Football Association Super League,2025
cacb8168,Feierding Aisikaer,Feierding Aisikaer,cn CHN,FW,Shanghai Port,21,2003,1,0,1,0.0,0,0,0,0,0,0,0,0,0.00,0.00,0.00,0.00,0.00,Matches,0.11,0.33,9,3,33.3,0.62,1.87,,,,,,,,,,,,,,,,,,,Chinese Football Association Super League,2025
cacb8168,Feierding Aisikaer,Feierding Aisikaer,cn CHN,"MF,FW",Changchun Yatai,21,2003,11,4,434,4.8,1,0,1,1,0,0,3,0,0.21,0.00,0.21,0.21,0.21,Matches,,,0,0,,0.00,0.00,,,,,,,,,,,,,,,,,,,Chinese Football Association Super League,2025
cacb8168,Feierding Aisikaer,Feierding Aisikaer,cn CHN,"MF,FW",Changchun Yatai,21,2003,11,4,434,4.8,1,0,1,1,0,0,3,0,0.21,0.00,0.21,0.21,0.21,Matches,0.11,0.33,9,3,33.3,0.62,1.87,,,,,,,,,,,,,,,,,,,Chinese Football Association Super League,2025
c2a9368c,Yang Alex,Yang Alex,cn CHN,DF,Qingdao West Coast,19,2005,21,20,"1,784",19.8,0,0,0,0,0,0,7,0,0.00,0.00,0.00,0.00,0.00,Matches,0.00,0.00,4,1,25.0,0.05,0.20,,,,,,,,,,,,,,,,,,,Chinese Football Association Super League,2025
6a1ab240,Isnik Alimi,Isnik Alimi,mk MKD,MF,Dalian Yingbo,30,1994,25,24,"2,097",23.3,0,1,1,0,0,0,4,0,0.00,0.04,0.04,0.00,0.04,Matches,0.00,0.00,36,5,13.9,0.21,1.55,,,,,,,,,,,,,,,,,,,Chinese Football Association Super League,2025
9260926b,Ibrahim Amadou,Ibrahim Amadou,fr FRA,"MF,DF",Shanghai Shen,31,1993,13,5,584,6.5,0,1,1,0,0,0,1,0,0.00,0.15,0.15,0.00,0.15,Matches,0.00,0.00,8,1,12.5,0.15,1.23,,,,,,,,,,,,,,,,,,,Chinese Football Association Super League,2025
84a42351,Franko Andrijašević,Franko Andrijašević,hr CRO,FW,Zhejiang,33,1991,24,14,"1,348",15.0,10,5,15,9,1,1,2,0,0.67,0.33,1.00,0.60,0.93,Matches,0.23,0.43,39,21,53.8,1.40,2.60,,,,,,,,,,,,,,,,,,,Chinese Football Association Super League,2025
c731c7b8,Li Ang,Li Ang,cn CHN,DF,Shanghai Port,31,1993,2,2,180,2.0,0,0,0,0,0,0,1,0,0.00,0.00,0.00,0.00,0.00,Matches,,,0,0,,0.00,0.00,,,,,,,,,,,,,,,,,,,Chinese Football Association Super League,2025
44415755,Juan Antonio Ros,Juan Antonio Ros,es ESP,DF,Jinmen Tiger,28,1996,29,29,"2,610",29.0,1,1,2,1,0,0,7,0,0.03,0.03,0.07,0.03,0.07,Matches,0.05,0.13,22,8,36.4,0.28,0.76,,,,,,,,,,,,,,,,,,,Chinese Football Association Super League,2025
0e34de55,Filipe Augusto,Filipe Augusto,br BRA,MF,Qingdao Hainiu,31,1993,23,23,"1,896",21.1,2,2,4,1,1,1,2,0,0.09,0.09,0.19,0.05,0.14,Matches,0.04,0.20,25,5,20.0,0.24,1.19,,,,,,,,,,,,,,,,,,,Chinese Football Association Super League,2025
ce4447ce,Liu Baiyang,Liu Baiyang,cn CHN,FW,Qingdao West Coast,21,2003,6,0,22,0.2,0,0,0,0,0,0,0,0,0.00,0.00,0.00,0.00,0.00,Matches,,,0,0,,0.00,0.00,,,,,,,,,,,,,,,,,,,Chinese Football Association Super League,2025
9001138b,Robert Berić,Robert Berić,si SVN,FW,Changchun Yatai,33,1991,14,11,"1,105",12.3,2,2,4,2,0,0,1,0,0.16,0.16,0.33,0.16,0.33,Matches,0.06,0.15,34,13,38.2,1.06,2.77,,,,,,,,,,,,,,,,,,,Chinese Football Association Super League,2025
d8b16efd,Li Biao,Li Biao,cn CHN,MF,Yunnan Yukun,27,1997,6,0,51,0.6,0,0,0,0,0,0,0,0,0.00,0.00,0.00,0.00,0.00,Matches,,,0,0,,0.00,0.00,,,,,,,,,,,,,,,,,,,Chinese Football Association Super League,2025
7abbdca6,Liu Bin,Liu Bin,cn CHN,"MF,DF",Henan,26,1998,16,6,600,6.7,0,1,1,0,0,0,0,0,0.00,0.15,0.15,0.00,0.15,Matches,0.00,0.00,4,1,25.0,0.15,0.60,,,,,,,,,,,,,,,,,,,Chinese Football Association Super League,2025
652e3e86,Xu Bin,Xu Bin,cn CHN,MF,Qingdao West Coast,20,2004,27,21,"1,988",22.1,0,3,3,0,0,0,4,0,0.00,0.14,0.14,0.00,0.14,Matches,0.00,0.00,6,1,16.7,0.05,0.27,,,,,,,,,,,,,,,,,,,Chinese Football Association Super League,2025
c4f6e0e9,Liu Binbin,Liu Binbin,cn CHN,DF,Shandong Taishan,31,1993,10,1,253,2.8,1,1,2,1,0,0,0,0,0.36,0.36,0.71,0.36,0.71,Matches,0.17,0.50,6,2,33.3,0.71,2.13,,,,,,,,,,,,,,,,,,,Chinese Football Association Super League,2025
2bf99552,Yan Bingliang,Yan Bingliang,cn CHN,GK,Jinmen Tiger,24,2000,21,20,"1,846",20.5,0,0,0,0,0,0,1,0,0.00,0.00,0.00,0.00,0.00,Matches,,,0,0,,0.00,0.00,6,30.0,21,20,29,1.41,8,"1,846",4,5,0,20.0,1,71.3,63,87,4,8,Chinese Football Association Super League,2025
b1648d0c,Sun Bo,Sun Bo,cn CHN,MF,Dalian Yingbo,34,1991,7,2,217,2.4,0,0,0,0,0,0,2,0,0.00,0.00,0.00,0.00,0.00,Matches,0.00,0.00,3,1,33.3,0.41,1.24,,,,,,,,,,,,,,,,,,,Chinese Football Association Super League,2025
cb45340f,Zhao Bo,Zhao Bo,cn CHN,GK,Zhejiang,31,1993,29,29,"2,599",28.9,0,1,1,0,0,0,0,0,0.00,0.03,0.03,0.00,0.03,Matches,,,0,0,,0.00,0.00,6,20.7,29,29,48,1.66,7,"2,599",6,7,0,14.3,1,70.0,98,140,12,10,Chinese Football Association Super League,2025
a025b8fb,Aaron Boupendza,Aaron Boupendza,ga GAB,FW,Zhejiang,28,1996,6,6,540,6.0,4,2,6,4,0,1,1,0,0.67,0.33,1.00,0.67,1.00,Matches,0.27,0.50,15,8,53.3,1.33,2.50,,,,,,,,,,,,,,,,,,,Chinese Football Association Super League,2025
917924ea,Jing Boxi,Jing Boxi,cn CHN,DF,Changchun Yatai,18,2006,1,1,90,1.0,0,0,0,0,0,0,0,0,0.00,0.00,0.00,0.00,0.00,Matches,,,0,0,,0.00,0.00,,,,,,,,,,,,,,,,,,,Chinese Football Association Super League,2025
04e5c117,Feng Boxuan,Feng Boxuan,cn CHN,MF,Beijing Guoan,27,1997,8,3,315,3.5,0,0,0,0,0,0,0,0,0.00,0.00,0.00,0.00,0.00,Matches,0.00,0.00,6,1,16.7,0.29,1.71,,,,,,,,,,,,,,,,,,,Chinese Football Association Super League,2025
47e8e279,Feng Boyuan,Feng Boyuan,cn CHN,FW,Qingdao Hainiu,30,1995,15,9,908,10.1,1,1,2,1,0,0,2,0,0.10,0.10,0.20,0.10,0.20,Matches,0.08,0.33,13,3,23.1,0.30,1.29,,,,,,,,,,,,,,,,,,,Chinese Football Association Super League,2025
c4e180f0,Tyias Browning,Tyias Browning,cn CHN,DF,Shanghai Port,30,1994,22,21,"1,879",20.9,0,0,0,0,0,0,3,0,0.00,0.00,0.00,0.00,0.00,Matches,0.00,,7,0,0.0,0.00,0.34,,,,,,,,,,,,,,,,,,,Chinese Football Association Super League,2025
c83623e2,Andrei Burcă,Andrei Burcă,ro ROU,DF,Yunnan Yukun,31,1993,9,9,809,9.0,0,0,0,0,0,0,0,0,0.00,0.00,0.00,0.00,0.00,Matches,0.00,,9,0,0.0,0.00,1.00,,,,,,,,,,,,,,,,,,,Chinese Football Association Super League,2025
7a2bbdf3,Felippe Cardoso,Felippe Cardoso,br BRA,FW,Henan,26,1998,25,21,"1,968",21.9,10,6,16,3,7,7,4,0,0.46,0.27,0.73,0.14,0.41,Matches,0.03,0.08,87,37,42.5,1.69,3.98,,,,,,,,,,,,,,,,,,,Chinese Football Association Super League,2025
ba15f491,Yago Cariello,Yago Cariello,br BRA,"FW,MF",Zhejiang,25,1999,14,7,700,7.8,10,0,10,10,0,0,3,0,1.29,0.00,1.29,1.29,1.29,Matches,0.26,0.50,38,20,52.6,2.57,4.89,,,,,,,,,,,,,,,,,,,Chinese Football Association Super League,2025
601299e9,João Carlos Teixeira,João Carlos Teixeira,pt POR,"FW,MF",Shanghai Shen,32,1993,27,26,"2,264",25.2,6,3,9,6,0,0,8,1,0.24,0.12,0.36,0.24,0.36,Matches,0.11,0.27,54,22,40.7,0.87,2.15,,,,,,,,,,,,,,,,,,,Chinese Football Association Super League,2025
69c43740,Fan Chao,Fan Chao,cn CHN,FW,Changchun Yatai,20,2004,2,0,49,0.5,0,0,0,0,0,0,0,0,0.00,0.00,0.00,0.00,0.00,Matches,,,0,0,,0.00,0.00,,,,,,,,,,,,,,,,,,,Chinese Football Association Super League,2025
e9007a18,Gan Chao,Gan Chao,cn CHN,"MF,DF",Chengdu Rongcheng,29,1995,22,8,837,9.3,1,1,2,1,0,0,1,0,0.11,0.11,0.22,0.11,0.22,Matches,0.13,0.33,8,3,37.5,0.32,0.86,,,,,,,,,,,,,,,,,,,Chinese Football Association Super League,2025
b4984e44,He Chao,He Chao,cn CHN,MF,Henan,29,1995,25,15,"1,213",13.5,1,0,1,1,0,0,7,0,0.07,0.00,0.07,0.07,0.07,Matches,0.14,1.00,7,1,14.3,0.07,0.52,,,,,,,,,,,,,,,,,,,Chinese Football Association Super League,2025
3edb83f6,Yang Chaosheng,Yang Chaosheng,cn CHN,"FW,MF",Meizhou Hakka,31,1993,30,21,"1,765",19.6,3,1,4,3,0,0,1,0,0.15,0.05,0.20,0.15,0.20,Matches,0.09,0.30,34,10,29.4,0.51,1.73,,,,,,,,,,,,,,,,,,,Chinese Football Association Super League,2025
891016f1,Zhang Chengdong,Zhang Chengdong,cn CHN,"DF,MF",Qingdao West Coast,35,1989,26,19,"1,598",17.8,0,0,0,0,0,0,1,1,0.00,0.00,0.00,0.00,0.00,Matches,,,0,0,,0.00,0.00,,,,,,,,,,,,,,,,,,,Chinese Football Association Super League,2025
b0d090fa,Liao Chengjian,Liao Chengjian,cn CHN,MF,Wuhan Three Towns,31,1993,22,14,"1,117",12.4,1,1,2,1,0,0,7,0,0.08,0.08,0.16,0.08,0.16,Matches,0.06,0.50,17,2,11.8,0.16,1.37,,,,,,,,,,,,,,,,,,,Chinese Football Association Super League,2025
388b773f,Shi Chenglong,Shi Chenglong,cn CHN,GK,Henan,25,1999,1,1,90,1.0,0,0,0,0,0,0,0,0,0.00,0.00,0.00,0.00,0.00,Matches,,,0,0,,0.00,0.00,0,0.0,1,1,1,1.00,0,90,0,0,0,,0,50.0,1,2,1,0,Chinese Football Association Super League,2025
59119e93,Liu Chengyu,Liu Chengyu,cn CHN,"FW,MF",Shanghai Shen,18,2006,17,9,700,7.8,5,0,5,5,0,0,1,0,0.64,0.00,0.64,0.64,0.64,Matches,0.38,0.63,13,8,61.5,1.03,1.67,,,,,,,,,,,,,,,,,,,Chinese Football Association Super League,2025
6c6e3d5d,Zhu Chenjie,Zhu Chenjie,cn CHN,DF,Shanghai Shen,24,2000,27,27,"2,355",26.2,1,2,3,1,0,0,2,0,0.04,0.08,0.11,0.04,0.11,Matches,0.04,0.11,26,9,34.6,0.34,0.99,,,,,,,,,,,,,,,,,,,Chinese Football Association Super League,2025
d266e828,Zhang Chenliang,Zhang Chenliang,cn CHN,DF,Yunnan Yukun,26,1998,23,14,"1,401",15.6,0,0,0,0,0,0,3,0,0.00,0.00,0.00,0.00,0.00,Matches,0.00,0.00,11,2,18.2,0.13,0.71,,,,,,,,,,,,,,,,,,,Chinese Football Association Super League,2025
2b99e298,Michael Cheukoua,Michael Cheukoua,cm CMR,"MF,FW",Meizhou Hakka,28,1997,14,6,648,7.2,3,1,4,2,1,1,0,0,0.42,0.14,0.56,0.28,0.42,Matches,0.20,0.67,10,3,30.0,0.42,1.39,,,,,,,,,,,,,,,,,,,Chinese Football Association Super League,2025
b4d850d3,Zhang Chi,Zhang Chi,cn CHN,DF,Shandong Taishan,37,1987,5,1,154,1.7,0,0,0,0,0,0,0,0,0.00,0.00,0.00,0.00,0.00,Matches,0.00,0.00,1,1,100.0,0.58,0.58,,,,,,,,,,,,,,,,,,,Chinese Football Association Super League,2025
b4d850d3,Zhang Chi,Zhang Chi,cn CHN,DF,Shandong Taishan,37,1987,5,1,154,1.7,0,0,0,0,0,0,0,0,0.00,0.00,0.00,0.00,0.00,Matches,0.00,,4,0,0.0,0.00,1.31,,,,,,,,,,,,,,,,,,,Chinese Football Association Super League,2025
b4d850d3,Zhang Chi,Zhang Chi,cn CHN,DF,Qingdao Hainiu,37,1987,8,1,275,3.1,0,0,0,0,0,0,0,1,0.00,0.00,0.00,0.00,0.00,Matches,0.00,0.00,1,1,100.0,0.58,0.58,,,,,,,,,,,,,,,,,,,Chinese Football Association Super League,2025
b4d850d3,Zhang Chi,Zhang Chi,cn CHN,DF,Qingdao Hainiu,37,1987,8,1,275,3.1,0,0,0,0,0,0,0,1,0.00,0.00,0.00,0.00,0.00,Matches,0.00,,4,0,0.0,0.00,1.31,,,,,,,,,,,,,,,,,,,Chinese Football Association Super League,2025
55905262,Tim Chow,Tim Chow,tw TPE,MF,Chengdu Rongcheng,31,1994,27,27,"2,384",26.5,5,3,8,4,1,1,10,1,0.19,0.11,0.30,0.15,0.26,Matches,0.09,0.19,46,21,45.7,0.79,1.74,,,,,,,,,,,,,,,,,,,Chinese Football Association Super League,2025
358fa5be,Tang Chuang,Tang Chuang,cn CHN,FW,Chengdu Rongcheng,28,1996,2,0,7,0.1,0,1,1,0,0,0,1,0,0.00,12.86,12.86,0.00,12.86,Matches,0.00,,1,0,0.0,0.00,12.86,,,,,,,,,,,,,,,,,,,Chinese Football Association Super League,2025
9984be10,Lin Chuangyi,Lin Chuangyi,cn CHN,MF,Qingdao Hainiu,32,1993,25,17,"1,287",14.3,2,1,3,2,0,0,1,1,0.14,0.07,0.21,0.14,0.21,Matches,0.08,0.25,25,8,32.0,0.56,1.75,,,,,,,,,,,,,,,,,,,Chinese Football Association Super League,2025
a3dd032c,Ye Chugui,Ye Chugui,cn CHN,MF,Yunnan Yukun,30,1994,27,18,"1,486",16.5,3,1,4,3,0,0,4,0,0.18,0.06,0.24,0.18,0.24,Matches,0.13,0.30,23,10,43.5,0.61,1.39,,,,,,,,,,,,,,,,,,,Chinese Football Association Super League,2025
7c486cec,Chen Chunxin,Chen Chunxin,cn CHN,"DF,MF",Qingdao Hainiu,27,1997,8,3,312,3.5,0,0,0,0,0,0,1,0,0.00,0.00,0.00,0.00,0.00,Matches,0.00,,1,0,0.0,0.00,0.29,,,,,,,,,,,,,,,,,,,Chinese Football Association Super League,2025
eefd99b5,Yin Congyao,Yin Congyao,cn CHN,FW,Yunnan Yukun,27,1997,11,0,35,0.4,0,0,0,0,0,0,0,0,0.00,0.00,0.00,0.00,0.00,Matches,0.00,,2,0,0.0,0.00,5.14,,,,,,,,,,,,,,,,,,,Chinese Football Association Super League,2025
34270aeb,Rui Filipe Cunha Correia,Rui Filipe Cunha Correia,pt POR,MF,Yunnan Yukun,29,1995,28,28,"2,437",27.1,2,1,3,2,0,0,8,0,0.07,0.04,0.11,0.07,0.11,Matches,0.05,0.22,40,9,22.5,0.33,1.48,,,,,,,,,,,,,,,,,,,Chinese Football Association Super League,2025
70acbadc,Crysan,Crysan,br BRA,"MF,FW",Shandong Taishan,28,1996,27,27,"2,367",26.3,11,9,20,8,3,3,7,0,0.42,0.34,0.76,0.30,0.65,Matches,0.07,0.23,121,35,28.9,1.33,4.60,,,,,,,,,,,,,,,,,,,Chinese Football Association Super League,2025
3e092724,Wylan Cyprien,Wylan Cyprien,fr FRA,MF,Changchun Yatai,30,1995,12,7,706,7.8,1,0,1,1,0,0,1,0,0.13,0.00,0.13,0.13,0.13,Matches,0.09,0.25,11,4,36.4,0.51,1.40,,,,,,,,,,,,,,,,,,,Chinese Football Association Super League,2025
b2c755a1,Wen Da,Wen Da,cn CHN,DF,Meizhou Hakka,25,1999,6,1,153,1.7,0,0,0,0,0,0,0,0,0.00,0.00,0.00,0.00,0.00,Matches,,,0,0,,0.00,0.00,,,,,,,,,,,,,,,,,,,Chinese Football Association Super League,2025
29975d86,Zhou Dadi,Zhou Dadi,cn CHN,MF,Shenzhen Peng City,28,1996,5,0,74,0.8,0,0,0,0,0,0,0,0,0.00,0.00,0.00,0.00,0.00,Matches,0.00,,2,0,0.0,0.00,2.43,,,,,,,,,,,,,,,,,,,Chinese Football Association Super League,2025
9dae2263,Wang Dalei,Wang Dalei,cn CHN,GK,Shandong Taishan,36,1989,24,24,"2,060",22.9,0,0,0,0,0,0,2,2,0.00,0.00,0.00,0.00,0.00,Matches,,,0,0,,0.00,0.00,4,16.7,24,24,36,1.57,6,"2,060",4,6,0,33.3,2,69.2,74,104,8,10,Chinese Football Association Super League,2025
0ebf90e9,Zheng Dalun,Zheng Dalun,cn CHN,"DF,MF",Henan,30,1994,12,5,397,4.4,0,0,0,0,0,0,1,0,0.00,0.00,0.00,0.00,0.00,Matches,0.00,,1,0,0.0,0.00,0.23,,,,,,,,,,,,,,,,,,,Chinese Football Association Super League,2025
ea214fab,Dawhan,Dawhan,br BRA,MF,Beijing Guoan,28,1996,26,25,"2,178",24.2,1,5,6,1,0,0,2,0,0.04,0.21,0.25,0.04,0.25,Matches,0.06,0.17,18,6,33.3,0.25,0.74,,,,,,,,,,,,,,,,,,,Chinese Football Association Super League,2025
d85838d3,Pedro Delgado,Pedro Delgado,pt POR,"MF,FW",Chengdu Rongcheng,27,1997,21,9,830,9.2,3,1,4,3,0,0,1,0,0.33,0.11,0.43,0.33,0.43,Matches,0.09,0.38,33,8,24.2,0.87,3.58,,,,,,,,,,,,,,,,,,,Chinese Football Association Super League,2025
bb329d20,Duan Dezhi,Duan Dezhi,cn CHN,DF,Yunnan Yukun,23,2001,10,2,252,2.8,0,0,0,0,0,0,0,0,0.00,0.00,0.00,0.00,0.00,Matches,0.00,0.00,1,1,100.0,0.36,0.36,,,,,,,,,,,,,,,,,,,Chinese Football Association Super League,2025
f93d6205,Gao Di,Gao Di,cn CHN,FW,Qingdao West Coast,35,1990,23,1,333,3.7,2,0,2,2,0,0,2,0,0.54,0.00,0.54,0.54,0.54,Matches,0.20,0.67,10,3,30.0,0.81,2.70,,,,,,,,,,,,,,,,,,,Chinese Football Association Super League,2025
1d951aff,Liu Dianzuo,Liu Dianzuo,cn CHN,GK,Chengdu Rongcheng,34,1990,27,27,"2,430",27.0,0,0,0,0,0,0,3,0,0.00,0.00,0.00,0.00,0.00,Matches,,,0,0,,0.00,0.00,10,37.0,27,27,25,0.93,3,"2,430",4,4,0,0.0,0,70.0,49,70,7,17,Chinese Football Association Super League,2025
28cac077,Tudi Dilyimit,Tudi Dilyimit,cn CHN,MF,Changchun Yatai,25,1999,6,2,228,2.5,0,0,0,0,0,0,2,0,0.00,0.00,0.00,0.00,0.00,Matches,,,0,0,,0.00,0.00,,,,,,,,,,,,,,,,,,,Chinese Football Association Super League,2025
7900653b,Yan Dinghao,Yan Dinghao,cn CHN,MF,Chengdu Rongcheng,26,1998,24,10,975,10.8,2,1,3,2,0,0,4,0,0.18,0.09,0.28,0.18,0.28,Matches,0.15,0.33,13,6,46.2,0.55,1.20,,,,,,,,,,,,,,,,,,,Chinese Football Association Super League,2025
345f5ed5,Wang Dongsheng,Wang Dongsheng,cn CHN,"DF,MF",Chengdu Rongcheng,27,1997,13,5,458,5.1,0,0,0,0,0,0,4,1,0.00,0.00,0.00,0.00,0.00,Matches,0.00,0.00,4,1,25.0,0.20,0.79,,,,,,,,,,,,,,,,,,,Chinese Football Association Super League,2025
c1a9b498,Will Donkin,Will Donkin,tw TPE,MF,Shanghai Port,24,2000,1,0,7,0.1,0,0,0,0,0,0,0,0,0.00,0.00,0.00,0.00,0.00,Matches,,,0,0,,0.00,0.00,,,,,,,,,,,,,,,,,,,Chinese Football Association Super League,2025
c1a9b498,Will Donkin,Will Donkin,tw TPE,MF,Shanghai Port,24,2000,1,0,7,0.1,0,0,0,0,0,0,0,0,0.00,0.00,0.00,0.00,0.00,Matches,0.00,0.00,11,7,63.6,1.54,2.41,,,,,,,,,,,,,,,,,,,Chinese Football Association Super League,2025
c1a9b498,Will Donkin,Will Donkin,tw TPE,MF,Wuhan Three Towns,24,2000,11,5,410,4.6,0,0,0,0,0,0,0,0,0.00,0.00,0.00,0.00,0.00,Matches,,,0,0,,0.00,0.00,,,,,,,,,,,,,,,,,,,Chinese Football Association Super League,2025
c1a9b498,Will Donkin,Will Donkin,tw TPE,MF,Wuhan Three Towns,24,2000,11,5,410,4.6,0,0,0,0,0,0,0,0,0.00,0.00,0.00,0.00,0.00,Matches,0.00,0.00,11,7,63.6,1.54,2.41,,,,,,,,,,,,,,,,,,,Chinese Football Association Super League,2025
7c8147d2,Rade Dugalić,Rade Dugalić,rs SRB,DF,Shenzhen Peng City,32,1992,27,27,"2,413",26.8,4,1,5,4,0,0,3,0,0.15,0.04,0.19,0.15,0.19,Matches,0.16,0.50,25,8,32.0,0.30,0.93,,,,,,,,,,,,,,,,,,,Chinese Football Association Super League,2025
c9246fce,Ba Dun,Ba Dun,cn CHN,"DF,MF",Jinmen Tiger,29,1995,26,25,"1,997",22.2,0,2,2,0,0,0,3,0,0.00,0.09,0.09,0.00,0.09,Matches,0.00,0.00,13,3,23.1,0.14,0.59,,,,,,,,,,,,,,,,,,,Chinese Football Association Super League,2025
db143520,Jean Evrard Kouassi,Jean Evrard Kouassi,ci CIV,MF,Zhejiang,30,1994,7,1,213,2.4,1,1,2,0,1,1,0,0,0.42,0.42,0.85,0.00,0.42,Matches,0.00,0.00,13,3,23.1,1.27,5.49,,,,,,,,,,,,,,,,,,,Chinese Football Association Super League,2025
7388439f,Yang Fan,Yang Fan,cn CHN,DF,Jinmen Tiger,28,1996,24,16,"1,528",17.0,0,0,0,0,0,0,3,0,0.00,0.00,0.00,0.00,0.00,Matches,0.00,,4,0,0.0,0.00,0.24,,,,,,,,,,,,,,,,,,,Chinese Football Association Super League,2025
b1564eca,Jia Feifan,Jia Feifan,cn CHN,"DF,MF",Qingdao Hainiu,24,2001,11,6,464,5.2,1,0,1,1,0,0,3,0,0.19,0.00,0.19,0.19,0.19,Matches,0.20,0.50,5,2,40.0,0.39,0.97,,,,,,,,,,,,,,,,,,,Chinese Football Association Super League,2025
db1687c3,Aidi Fulangxisi,Aidi Fulangxisi,cn CHN,DF,Shanghai Shen,34,1990,4,3,286,3.2,0,0,0,0,0,0,1,0,0.00,0.00,0.00,0.00,0.00,Matches,0.00,0.00,1,1,100.0,0.31,0.31,,,,,,,,,,,,,,,,,,,Chinese Football Association Super League,2025
9fbf43a4,Feng Gang,Feng Gang,cn CHN,MF,Qingdao West Coast,31,1993,5,0,60,0.7,0,0,0,0,0,0,0,0,0.00,0.00,0.00,0.00,0.00,Matches,0.00,,1,0,0.0,0.00,1.50,,,,,,,,,,,,,,,,,,,Chinese Football Association Super League,2025
5b5a41b9,Wang Gang,Wang Gang,cn CHN,DF,Beijing Guoan,35,1989,24,22,"1,773",19.7,0,1,1,0,0,0,6,0,0.00,0.05,0.05,0.00,0.05,Matches,0.00,0.00,5,2,40.0,0.10,0.25,,,,,,,,,,,,,,,,,,,Chinese Football Association Super League,2025
9725eb96,Edu Garcia,Edu Garcia,es ESP,"MF,FW",Shenzhen Peng City,34,1990,25,24,"1,878",20.9,6,5,11,6,0,0,1,1,0.29,0.24,0.53,0.29,0.53,Matches,0.14,0.32,44,19,43.2,0.91,2.11,,,,,,,,,,,,,,,,,,,Chinese Football Association Super League,2025
dcae46d5,Lucas Gazal,Lucas Gazal,br BRA,DF,Shandong Taishan,25,1999,17,17,"1,530",17.0,1,0,1,1,0,0,3,0,0.06,0.00,0.06,0.06,0.06,Matches,0.10,0.20,10,5,50.0,0.29,0.59,,,,,,,,,,,,,,,,,,,Chinese Football Association Super League,2025
10290125,Oliver Gerbig,Oliver Gerbig,hk HKG,DF,Henan,26,1998,15,7,727,8.1,0,1,1,0,0,0,4,0,0.00,0.12,0.12,0.00,0.12,Matches,0.00,,4,0,0.0,0.00,0.50,,,,,,,,,,,,,,,,,,,Chinese Football Association Super League,2025
a5d1977d,He Guan,He Guan,cn CHN,DF,Wuhan Three Towns,32,1993,23,20,"1,728",19.2,0,0,0,0,0,0,6,0,0.00,0.00,0.00,0.00,0.00,Matches,0.00,0.00,6,1,16.7,0.05,0.31,,,,,,,,,,,,,,,,,,,Chinese Football Association Super League,2025
be89bfe9,Liu Guobao,Liu Guobao,cn CHN,FW,Changchun Yatai,21,2003,4,0,65,0.7,0,0,0,0,0,0,0,0,0.00,0.00,0.00,0.00,0.00,Matches,0.00,,2,0,0.0,0.00,2.77,,,,,,,,,,,,,,,,,,,Chinese Football Association Super League,2025
be89bfe9,Liu Guobao,Liu Guobao,cn CHN,FW,Changchun Yatai,21,2003,4,0,65,0.7,0,0,0,0,0,0,0,0,0.00,0.00,0.00,0.00,0.00,Matches,,,0,0,,0.00,0.00,,,,,,,,,,,,,,,,,,,Chinese Football Association Super League,2025
be89bfe9,Liu Guobao,Liu Guobao,cn CHN,FW,Shandong Taishan,21,2003,1,0,14,0.2,0,0,0,0,0,0,0,0,0.00,0.00,0.00,0.00,0.00,Matches,0.00,,2,0,0.0,0.00,2.77,,,,,,,,,,,,,,,,,,,Chinese Football Association Super League,2025
be89bfe9,Liu Guobao,Liu Guobao,cn CHN,FW,Shandong Taishan,21,2003,1,0,14,0.2,0,0,0,0,0,0,0,0,0.00,0.00,0.00,0.00,0.00,Matches,,,0,0,,0.00,0.00,,,,,,,,,,,,,,,,,,,Chinese Football Association Super League,2025
eeb3d67e,Wang Guoming,Wang Guoming,cn CHN,GK,Henan,34,1990,27,26,"2,385",26.5,0,0,0,0,0,0,2,0,0.00,0.00,0.00,0.00,0.00,Matches,,,0,0,,0.00,0.00,5,19.2,27,26,41,1.55,11,"2,385",2,2,0,0.0,0,63.6,68,107,6,9,Chinese Football Association Super League,2025
1ffaf542,Sun Guowen,Sun Guowen,cn CHN,"MF,DF",Zhejiang,31,1993,30,30,"2,670",29.7,0,2,2,0,0,0,0,0,0.00,0.07,0.07,0.00,0.07,Matches,0.00,0.00,15,4,26.7,0.13,0.51,,,,,,,,,,,,,,,,,,,Chinese Football Association Super League,2025
e93d8d1a,Yahav Gurfinkel,Yahav Gurfinkel,il ISR,"DF,MF",Chengdu Rongcheng,26,1998,28,27,"2,428",27.0,2,6,8,2,0,0,5,0,0.07,0.22,0.30,0.07,0.30,Matches,0.06,0.29,33,7,21.2,0.26,1.22,,,,,,,,,,,,,,,,,,,Chinese Football Association Super League,2025
456b909c,Gustavo,Gustavo,br BRA,FW,Shanghai Port,30,1994,13,10,842,9.4,7,0,7,6,1,1,1,0,0.75,0.00,0.75,0.64,0.64,Matches,0.16,0.43,38,14,36.8,1.50,4.06,,,,,,,,,,,,,,,,,,,Chinese Football Association Super League,2025
9a827c14,Ding Haifeng,Ding Haifeng,cn CHN,DF,Qingdao West Coast,33,1991,10,3,319,3.5,0,0,0,0,0,0,2,0,0.00,0.00,0.00,0.00,0.00,Matches,0.00,,1,0,0.0,0.00,0.28,,,,,,,,,,,,,,,,,,,Chinese Football Association Super League,2025
50b96ae1,Wang Haijian,Wang Haijian,cn CHN,MF,Shanghai Shen,24,2000,15,2,358,4.0,1,0,1,1,0,0,2,0,0.25,0.00,0.25,0.25,0.25,Matches,0.14,1.00,7,1,14.3,0.25,1.76,,,,,,,,,,,,,,,,,,,Chinese Football Association Super League,2025
4c101202,Li Hailong,Li Hailong,cn CHN,DF,Qingdao Hainiu,28,1996,6,0,152,1.7,0,1,1,0,0,0,0,0,0.00,0.59,0.59,0.00,0.59,Matches,0.00,0.00,1,1,100.0,0.59,0.59,,,,,,,,,,,,,,,,,,,Chinese Football Association Super League,2025
2059e3bd,Cao Haiqing,Cao Haiqing,cn CHN,DF,Dalian Yingbo,31,1993,20,14,"1,132",12.6,0,0,0,0,0,0,4,0,0.00,0.00,0.00,0.00,0.00,Matches,0.00,,4,0,0.0,0.00,0.32,,,,,,,,,,,,,,,,,,,Chinese Football Association Super League,2025
217123c6,Fang Haiyang,Fang Haiyang,cn CHN,MF,Qingdao West Coast,18,2006,2,0,31,0.3,0,0,0,0,0,0,0,0,0.00,0.00,0.00,0.00,0.00,Matches,,,0,0,,0.00,0.00,,,,,,,,,,,,,,,,,,,Chinese Football Association Super League,2025
f969cf31,Abulahan Halike,Abulahan Halike,cn CHN,MF,Shanghai Port,23,2001,2,0,25,0.3,0,0,0,0,0,0,0,0,0.00,0.00,0.00,0.00,0.00,Matches,,,0,0,,0.00,0.00,,,,,,,,,,,,,,,,,,,Chinese Football Association Super League,2025
fc336f9c,Yu Hanchao,Yu Hanchao,cn CHN,FW,Shanghai Shen,37,1987,20,1,452,5.0,6,3,9,6,0,0,1,0,1.19,0.60,1.79,1.19,1.79,Matches,0.29,0.60,21,10,47.6,1.99,4.18,,,,,,,,,,,,,,,,,,,Chinese Football Association Super League,2025
4dfaccf7,Ren Hang,Ren Hang,cn CHN,DF,Wuhan Three Towns,35,1989,16,8,800,8.9,0,0,0,0,0,0,2,0,0.00,0.00,0.00,0.00,0.00,Matches,0.00,0.00,3,1,33.3,0.11,0.34,,,,,,,,,,,,,,,,,,,Chinese Football Association Super League,2025
df1cea14,Deng Hanwen,Deng Hanwen,cn CHN,DF,Wuhan Three Towns,30,1995,24,24,"1,970",21.9,1,3,4,1,0,0,3,0,0.05,0.14,0.18,0.05,0.18,Matches,0.06,0.50,18,2,11.1,0.09,0.82,,,,,,,,,,,,,,,,,,,Chinese Football Association Super League,2025
2c63471b,Wang Hanyi,Wang Hanyi,cn CHN,GK,Qingdao West Coast,19,2005,1,1,90,1.0,0,0,0,0,0,0,0,0,0.00,0.00,0.00,0.00,0.00,Matches,,,0,0,,0.00,0.00,0,0.0,1,1,1,1.00,1,90,0,0,0,,0,83.3,5,6,0,0,Chinese Football Association Super League,2025
d0b551cd,Fang Hao,Fang Hao,cn CHN,"FW,MF",Beijing Guoan,25,2000,16,3,455,5.1,2,1,3,2,0,0,4,0,0.40,0.20,0.59,0.40,0.59,Matches,0.20,0.67,10,3,30.0,0.59,1.98,,,,,,,,,,,,,,,,,,,Chinese Football Association Super League,2025
4195e5b4,Guo Hao,Guo Hao,cn CHN,MF,Jinmen Tiger,32,1993,19,8,760,8.4,1,0,1,1,0,0,1,0,0.12,0.00,0.12,0.12,0.12,Matches,0.25,0.33,4,3,75.0,0.36,0.47,,,,,,,,,,,,,,,,,,,Chinese Football Association Super League,2025
12ceb7c9,Li Hao,Li Hao,cn CHN,GK,Qingdao West Coast,20,2004,29,29,"2,610",29.0,0,0,0,0,0,0,4,0,0.00,0.00,0.00,0.00,0.00,Matches,,,0,0,,0.00,0.00,8,27.6,29,29,42,1.45,9,"2,610",5,7,1,16.7,1,68.9,83,119,10,10,Chinese Football Association Super League,2025
df8382ec,Wang Haobin,Wang Haobin,cn CHN,MF,Shandong Taishan,18,2006,2,0,19,0.2,0,0,0,0,0,0,0,0,0.00,0.00,0.00,0.00,0.00,Matches,0.00,,1,0,0.0,0.00,4.74,,,,,,,,,,,,,,,,,,,Chinese Football Association Super League,2025
8aeb63ed,Liu Haofan,Liu Haofan,cn CHN,DF,Zhejiang,21,2003,27,27,"2,408",26.8,0,0,0,0,0,0,6,0,0.00,0.00,0.00,0.00,0.00,Matches,0.00,,1,0,0.0,0.00,0.04,,,,,,,,,,,,,,,,,,,Chinese Football Association Super League,2025
fbe949d2,Xu Haofeng,Xu Haofeng,cn CHN,"MF,DF",Changchun Yatai,26,1999,22,20,"1,834",20.4,0,0,0,0,0,0,7,0,0.00,0.00,0.00,0.00,0.00,Matches,0.00,,7,0,0.0,0.00,0.34,,,,,,,,,,,,,,,,,,,Chinese Football Association Super League,2025
542d3444,Zheng Haoqian,Zheng Haoqian,cn CHN,"MF,FW",Wuhan Three Towns,26,1998,27,12,"1,173",13.0,2,2,4,2,0,0,3,0,0.15,0.15,0.31,0.15,0.31,Matches,0.11,0.22,19,9,47.4,0.69,1.46,,,,,,,,,,,,,,,,,,,Chinese Football Association Super League,2025
fecec2a1,Zhong Haoran,Zhong Haoran,cn CHN,MF,Meizhou Hakka,30,1994,26,21,"1,733",19.3,1,0,1,1,0,0,2,1,0.05,0.00,0.05,0.05,0.05,Matches,0.07,0.50,15,2,13.3,0.10,0.78,,,,,,,,,,,,,,,,,,,Chinese Football Association Super League,2025
b7b5c719,Xu Haoyang,Xu Haoyang,cn CHN,"MF,DF",Shanghai Shen,26,1999,26,4,816,9.1,1,1,2,1,0,0,0,0,0.11,0.11,0.22,0.11,0.22,Matches,0.10,0.20,10,5,50.0,0.55,1.10,,,,,,,,,,,,,,,,,,,Chinese Football Association Super League,2025
16121a18,Song Haoyu,Song Haoyu,cn CHN,DF,Qingdao West Coast,22,2002,4,1,173,1.9,0,0,0,0,0,0,2,0,0.00,0.00,0.00,0.00,0.00,Matches,0.00,,1,0,0.0,0.00,0.52,,,,,,,,,,,,,,,,,,,Chinese Football Association Super League,2025
4a7dbf7d,Yang Haoyu,Yang Haoyu,cn CHN,"MF,FW",Shanghai Shen,18,2006,22,8,778,8.6,3,1,4,3,0,0,2,0,0.35,0.12,0.46,0.35,0.46,Matches,0.25,0.75,12,4,33.3,0.46,1.39,,,,,,,,,,,,,,,,,,,Chinese Football Association Super League,2025
19fa6c18,Yang He,Yang He,cn CHN,MF,Yunnan Yukun,32,1992,4,1,66,0.7,0,0,0,0,0,0,0,0,0.00,0.00,0.00,0.00,0.00,Matches,,,0,0,,0.00,0.00,,,,,,,,,,,,,,,,,,,Chinese Football Association Super League,2025
b0424d85,Hu Hetao,Hu Hetao,cn CHN,"DF,MF",Chengdu Rongcheng,21,2003,21,19,"1,655",18.4,1,3,4,1,0,0,4,1,0.05,0.16,0.22,0.05,0.22,Matches,0.05,0.13,20,8,40.0,0.44,1.09,,,,,,,,,,,,,,,,,,,Chinese Football Association Super League,2025
3949ded3,Xu Hong,Xu Hong,cn CHN,MF,Chengdu Rongcheng,19,2005,1,0,12,0.1,0,0,0,0,0,0,0,0,0.00,0.00,0.00,0.00,0.00,Matches,,,0,0,,0.00,0.00,,,,,,,,,,,,,,,,,,,Chinese Football Association Super League,2025
c4b2f670,Yin Hongbo,Yin Hongbo,cn CHN,MF,Henan,35,1989,2,0,31,0.3,0,0,0,0,0,0,0,0,0.00,0.00,0.00,0.00,0.00,Matches,,,0,0,,0.00,0.00,,,,,,,,,,,,,,,,,,,Chinese Football Association Super League,2025
a3115157,Zhao Honglüe,Zhao Honglüe,cn CHN,DF,Qingdao West Coast,35,1989,21,14,"1,040",11.6,0,0,0,0,0,0,4,0,0.00,0.00,0.00,0.00,0.00,Matches,0.00,,6,0,0.0,0.00,0.52,,,,,,,,,,,,,,,,,,,Chinese Football Association Super League,2025
3db95eda,John Hou Sæter,John Hou Sæter,no NOR,"MF,FW",Yunnan Yukun,27,1998,30,30,"2,643",29.4,5,2,7,5,0,0,0,0,0.17,0.07,0.24,0.17,0.24,Matches,0.10,0.25,51,20,39.2,0.68,1.74,,,,,,,,,,,,,,,,,,,Chinese Football Association Super League,2025
6c511961,Zhang Huachen,Zhang Huachen,cn CHN,MF,Changchun Yatai,26,1998,22,11,"1,012",11.2,1,0,1,1,0,0,2,0,0.09,0.00,0.09,0.09,0.09,Matches,0.10,0.50,10,2,20.0,0.18,0.89,,,,,,,,,,,,,,,,,,,Chinese Football Association Super League,2025
86d4a86c,Fu Huan,Fu Huan,cn CHN,DF,Shanghai Port,31,1993,10,3,266,3.0,0,1,1,0,0,0,1,0,0.00,0.34,0.34,0.00,0.34,Matches,,,0,0,,0.00,0.00,,,,,,,,,,,,,,,,,,,Chinese Football Association Super League,2025
65892851,Shan Huanhuan,Shan Huanhuan,cn CHN,FW,Qingdao West Coast,26,1999,2,0,3,0.0,0,0,0,0,0,0,0,0,0.00,0.00,0.00,0.00,0.00,Matches,,,0,0,,0.00,0.00,,,,,,,,,,,,,,,,,,,Chinese Football Association Super League,2025
7d34ffb9,Shen Huanming,Shen Huanming,cn CHN,DF,Shenzhen Peng City,21,2004,5,0,85,0.9,0,0,0,0,0,0,1,0,0.00,0.00,0.00,0.00,0.00,Matches,,,0,0,,0.00,0.00,,,,,,,,,,,,,,,,,,,Chinese Football Association Super League,2025
aceceb3c,Shahsat Hujahmat,Shahsat Hujahmat,cn CHN,MF,Shenzhen Peng City,18,2006,8,1,133,1.5,0,0,0,0,0,0,0,0,0.00,0.00,0.00,0.00,0.00,Matches,,,0,0,,0.00,0.00,,,,,,,,,,,,,,,,,,,Chinese Football Association Super League,2025
085440a3,Índio,Índio,br BRA,MF,Qingdao West Coast,25,1999,26,25,"2,231",24.8,5,2,7,4,1,1,6,0,0.20,0.08,0.28,0.16,0.24,Matches,0.15,0.50,27,8,29.6,0.32,1.09,,,,,,,,,,,,,,,,,,,Chinese Football Association Super League,2025
4c86791f,Alexandru Ioniță,Alexandru Ioniță,ro ROU,MF,Yunnan Yukun,30,1994,25,22,"1,904",21.2,3,4,7,3,0,0,4,0,0.14,0.19,0.33,0.14,0.33,Matches,0.08,0.30,40,10,25.0,0.47,1.89,,,,,,,,,,,,,,,,,,,Chinese Football Association Super League,2025
cb7a0acf,Park Ji-soo,Park Ji-soo,kr KOR,DF,Wuhan Three Towns,30,1994,26,26,"2,295",25.5,1,0,1,1,0,0,6,0,0.04,0.00,0.04,0.04,0.04,Matches,0.11,0.33,9,3,33.3,0.12,0.35,,,,,,,,,,,,,,,,,,,Chinese Football Association Super League,2025
add57688,Ji Jiabao,Ji Jiabao,cn CHN,GK,Shenzhen Peng City,22,2002,18,18,"1,620",18.0,0,0,0,0,0,0,4,0,0.00,0.00,0.00,0.00,0.00,Matches,,,0,0,,0.00,0.00,3,16.7,18,18,35,1.94,9,"1,620",5,5,0,0.0,0,66.3,59,89,3,6,Chinese Football Association Super League,2025
c4b53154,Wen Jiabao,Wen Jiabao,cn CHN,DF,Dalian Yingbo,26,1999,23,14,"1,386",15.4,0,0,0,0,0,0,1,0,0.00,0.00,0.00,0.00,0.00,Matches,0.00,,12,0,0.0,0.00,0.78,,,,,,,,,,,,,,,,,,,Chinese Football Association Super League,2025
3e11c0d6,Huang Jiahui,Huang Jiahui,cn CHN,MF,Jinmen Tiger,24,2000,27,18,"1,645",18.3,0,2,2,0,0,0,7,0,0.00,0.11,0.11,0.00,0.11,Matches,0.00,0.00,10,3,30.0,0.16,0.55,,,,,,,,,,,,,,,,,,,Chinese Football Association Super League,2025
5e2c56a5,Xu Jiamin,Xu Jiamin,cn CHN,GK,Henan,30,1994,3,3,225,2.5,0,0,0,0,0,0,0,0,0.00,0.00,0.00,0.00,0.00,Matches,,,0,0,,0.00,0.00,0,0.0,3,3,6,2.40,2,225,0,0,0,,0,66.7,12,18,0,1,Chinese Football Association Super League,2025
eab80377,Wang Jianan,Wang Jianan,cn CHN,DF,Meizhou Hakka,31,1993,28,27,"2,263",25.1,0,1,1,0,0,0,3,0,0.00,0.04,0.04,0.00,0.04,Matches,0.00,0.00,9,1,11.1,0.04,0.36,,,,,,,,,,,,,,,,,,,Chinese Football Association Super League,2025
52a78810,Zhao Jianan,Zhao Jianan,cn CHN,DF,Dalian Yingbo,20,2004,1,0,26,0.3,0,0,0,0,0,0,0,0,0.00,0.00,0.00,0.00,0.00,Matches,,,0,0,,0.00,0.00,,,,,,,,,,,,,,,,,,,Chinese Football Association Super League,2025
f2d3bed5,Zhao Jianfei,Zhao Jianfei,cn CHN,DF,Shandong Taishan,26,1999,8,1,223,2.5,0,0,0,0,0,0,1,0,0.00,0.00,0.00,0.00,0.00,Matches,,,0,0,,0.00,0.00,,,,,,,,,,,,,,,,,,,Chinese Football Association Super League,2025
095d7f0c,Yu Jianxian,Yu Jianxian,cn CHN,GK,Yunnan Yukun,23,2001,4,4,360,4.0,0,0,0,0,0,0,1,0,0.00,0.00,0.00,0.00,0.00,Matches,,,0,0,,0.00,0.00,0,0.0,4,4,13,3.25,2,360,1,1,0,0.0,0,69.2,27,39,1,1,Chinese Football Association Super League,2025
e9311f40,Sun Jianxiang,Sun Jianxiang,cn CHN,GK,Meizhou Hakka,25,1999,1,1,90,1.0,0,0,0,0,0,0,1,0,0.00,0.00,0.00,0.00,0.00,Matches,,,0,0,,0.00,0.00,0,0.0,1,1,4,4.00,1,90,0,0,0,,0,50.0,4,8,0,0,Chinese Football Association Super League,2025
f102f729,Wang Jiao,Wang Jiao,cn CHN,DF,Shenzhen Peng City,29,1995,15,13,"1,227",13.6,0,0,0,0,0,0,4,0,0.00,0.00,0.00,0.00,0.00,Matches,0.00,,3,0,0.0,0.00,0.22,,,,,,,,,,,,,,,,,,,Chinese Football Association Super League,2025
73c8135e,Han Jiaqi,Han Jiaqi,cn CHN,GK,Beijing Guoan,25,1999,6,6,505,5.6,0,0,0,0,0,0,1,0,0.00,0.00,0.00,0.00,0.00,Matches,,,0,0,,0.00,0.00,2,33.3,6,6,6,1.07,0,505,1,1,0,0.0,0,83.9,26,31,4,2,Chinese Football Association Super League,2025
836e7f44,Zhang Jiaqi,Zhang Jiaqi,cn CHN,MF,Zhejiang,33,1991,13,3,343,3.8,0,0,0,0,0,0,1,0,0.00,0.00,0.00,0.00,0.00,Matches,0.00,0.00,2,1,50.0,0.26,0.52,,,,,,,,,,,,,,,,,,,Chinese Football Association Super League,2025
e0c75961,Liu Jiashen,Liu Jiashen,cn CHN,DF,Qingdao Hainiu,33,1991,16,13,"1,193",13.3,0,0,0,0,0,0,7,0,0.00,0.00,0.00,0.00,0.00,Matches,0.00,0.00,12,3,25.0,0.23,0.91,,,,,,,,,,,,,,,,,,,Chinese Football Association Super League,2025
847355b0,Han Jiawen,Han Jiawen,cn CHN,MF,Shanghai Shen,20,2004,1,0,2,0.0,0,0,0,0,0,0,0,0,0.00,0.00,0.00,0.00,0.00,Matches,,,0,0,,0.00,0.00,,,,,,,,,,,,,,,,,,,Chinese Football Association Super League,2025
4f999d15,Guo Jiayu,Guo Jiayu,cn CHN,GK,Wuhan Three Towns,20,2004,12,11,"1,028",11.4,0,0,0,0,0,0,0,0,0.00,0.00,0.00,0.00,0.00,Matches,,,0,0,,0.00,0.00,2,18.2,12,11,24,2.10,7,"1,028",3,4,1,0.0,0,67.7,44,65,4,0,Chinese Football Association Super League,2025
af773786,Sun Jie,Sun Jie,cn CHN,"DF,MF",Qingdao West Coast,33,1991,13,10,752,8.4,0,0,0,0,0,0,1,1,0.00,0.00,0.00,0.00,0.00,Matches,0.00,,3,0,0.0,0.00,0.36,,,,,,,,,,,,,,,,,,,Chinese Football Association Super League,2025
51f78ac7,Cheng Jin,Cheng Jin,cn CHN,MF,Zhejiang,29,1995,22,20,"1,777",19.7,0,4,4,0,0,0,1,1,0.00,0.20,0.20,0.00,0.20,Matches,0.00,,9,0,0.0,0.00,0.46,,,,,,,,,,,,,,,,,,,Chinese Football Association Super League,2025
4f426972,Zhong Jinbao,Zhong Jinbao,cn CHN,"MF,DF",Wuhan Three Towns,30,1994,23,6,649,7.2,2,2,4,2,0,0,3,0,0.28,0.28,0.55,0.28,0.55,Matches,0.22,0.40,9,5,55.6,0.69,1.25,,,,,,,,,,,,,,,,,,,Chinese Football Association Super League,2025
bef303f2,Feng Jing,Feng Jing,cn CHN,MF,Shanghai Port,31,1993,10,5,427,4.7,1,0,1,1,0,0,2,1,0.21,0.00,0.21,0.21,0.21,Matches,0.13,0.50,8,2,25.0,0.42,1.69,,,,,,,,,,,,,,,,,,,Chinese Football Association Super League,2025
f2bfcf01,Luo Jing,Luo Jing,cn CHN,MF,Yunnan Yukun,31,1993,24,11,971,10.8,2,4,6,2,0,0,0,0,0.19,0.37,0.56,0.19,0.56,Matches,0.11,0.33,18,6,33.3,0.56,1.67,,,,,,,,,,,,,,,,,,,Chinese Football Association Super League,2025
4e69f6b0,Meng Jingchao,Meng Jingchao,cn CHN,MF,Shanghai Port,21,2004,1,0,30,0.3,0,0,0,0,0,0,0,0,0.00,0.00,0.00,0.00,0.00,Matches,,,0,0,,0.00,0.00,,,,,,,,,,,,,,,,,,,Chinese Football Association Super League,2025
96ed7dfc,Hu Jinghang,Hu Jinghang,cn CHN,FW,Qingdao Hainiu,27,1997,4,1,134,1.5,0,0,0,0,0,0,0,0,0.00,0.00,0.00,0.00,0.00,Matches,0.00,,1,0,0.0,0.00,0.67,,,,,,,,,,,,,,,,,,,Chinese Football Association Super League,2025
ff09e94d,Fang Jingqi,Fang Jingqi,cn CHN,GK,Jinmen Tiger,32,1993,10,10,854,9.5,0,0,0,0,0,0,2,0,0.00,0.00,0.00,0.00,0.00,Matches,,,0,0,,0.00,0.00,2,20.0,10,10,12,1.26,2,854,1,2,0,50.0,1,73.8,32,42,4,4,Chinese Football Association Super League,2025
06ae16a4,Ruan Jingwei,Ruan Jingwei,cn CHN,DF,Wuhan Three Towns,19,2005,1,0,19,0.2,0,0,0,0,0,0,0,0,0.00,0.00,0.00,0.00,0.00,Matches,,,0,0,,0.00,0.00,,,,,,,,,,,,,,,,,,,Chinese Football Association Super League,2025
17f97b23,Bi Jinhao,Bi Jinhao,cn CHN,DF,Dalian Yingbo,34,1991,9,4,433,4.8,1,0,1,1,0,0,1,0,0.21,0.00,0.21,0.21,0.21,Matches,0.50,0.50,2,2,100.0,0.42,0.42,,,,,,,,,,,,,,,,,,,Chinese Football Association Super League,2025
17f97b23,Bi Jinhao,Bi Jinhao,cn CHN,DF,Dalian Yingbo,34,1991,9,4,433,4.8,1,0,1,1,0,0,1,0,0.21,0.00,0.21,0.21,0.21,Matches,0.00,,1,0,0.0,0.00,1.29,,,,,,,,,,,,,,,,,,,Chinese Football Association Super League,2025
17f97b23,Bi Jinhao,Bi Jinhao,cn CHN,"DF,FW",Shandong Taishan,34,1991,5,0,70,0.8,0,0,0,0,0,0,0,0,0.00,0.00,0.00,0.00,0.00,Matches,0.50,0.50,2,2,100.0,0.42,0.42,,,,,,,,,,,,,,,,,,,Chinese Football Association Super League,2025
17f97b23,Bi Jinhao,Bi Jinhao,cn CHN,"DF,FW",Shandong Taishan,34,1991,5,0,70,0.8,0,0,0,0,0,0,0,0,0.00,0.00,0.00,0.00,0.00,Matches,0.00,,1,0,0.0,0.00,1.29,,,,,,,,,,,,,,,,,,,Chinese Football Association Super League,2025
8adfcf4f,Liao Jintao,Liao Jintao,cn CHN,MF,Dalian Yingbo,24,2000,29,26,"2,296",25.5,0,1,1,0,0,0,3,0,0.00,0.04,0.04,0.00,0.04,Matches,0.00,0.00,15,3,20.0,0.12,0.59,,,,,,,,,,,,,,,,,,,Chinese Football Association Super League,2025
cbd071d7,Wang Jinxian,Wang Jinxian,cn CHN,MF,Wuhan Three Towns,29,1996,24,10,986,11.0,1,2,3,1,0,0,1,0,0.09,0.18,0.27,0.09,0.27,Matches,0.11,0.33,9,3,33.3,0.27,0.82,,,,,,,,,,,,,,,,,,,Chinese Football Association Super League,2025
5e830a71,Yu Jinyong,Yu Jinyong,cn CHN,GK,Shandong Taishan,20,2004,7,5,546,6.1,0,0,0,0,0,0,0,0,0.00,0.00,0.00,0.00,0.00,Matches,,,0,0,,0.00,0.00,1,20.0,7,5,9,1.48,1,546,0,0,0,,0,71.9,23,32,0,4,Chinese Football Association Super League,2025
a3d15401,Kuai Jiwen,Kuai Jiwen,cn CHN,MF,Shanghai Port,18,2006,18,4,491,5.5,0,5,5,0,0,0,0,0,0.00,0.92,0.92,0.00,0.92,Matches,0.00,0.00,19,4,21.1,0.73,3.48,,,,,,,,,,,,,,,,,,,Chinese Football Association Super League,2025
f6bd2b84,Branimir Jočić,Branimir Jočić,rs SRB,MF,Meizhou Hakka,30,1994,25,25,"2,114",23.5,1,1,2,1,0,0,5,0,0.04,0.04,0.09,0.04,0.09,Matches,0.08,0.33,12,3,25.0,0.13,0.51,,,,,,,,,,,,,,,,,,,Chinese Football Association Super League,2025
9fa4e7cc,Alexander Jojo,Alexander Jojo,hk HKG,DF,Shanghai Port,25,1999,7,0,98,1.1,0,0,0,0,0,0,0,0,0.00,0.00,0.00,0.00,0.00,Matches,0.00,,1,0,0.0,0.00,0.92,,,,,,,,,,,,,,,,,,,Chinese Football Association Super League,2025
c628691a,Zhou Junchen,Zhou Junchen,cn CHN,MF,Changchun Yatai,24,2000,7,0,134,1.5,0,0,0,0,0,0,2,0,0.00,0.00,0.00,0.00,0.00,Matches,0.00,,1,0,0.0,0.00,0.67,,,,,,,,,,,,,,,,,,,Chinese Football Association Super League,2025
cbd66577,Liao Junjian,Liao Junjian,cn CHN,DF,Meizhou Hakka,31,1994,28,28,"2,380",26.4,1,1,2,1,0,0,3,0,0.04,0.04,0.08,0.04,0.08,Matches,0.11,0.25,9,4,44.4,0.15,0.34,,,,,,,,,,,,,,,,,,,Chinese Football Association Super League,2025
9c841eea,Yan Junling,Yan Junling,cn CHN,GK,Shanghai Port,34,1991,27,27,"2,385",26.5,0,0,0,0,0,0,3,0,0.00,0.00,0.00,0.00,0.00,Matches,,,0,0,,0.00,0.00,4,14.8,27,27,41,1.55,4,"2,385",5,5,0,0.0,0,63.6,63,99,5,18,Chinese Football Association Super League,2025
1c997f99,Yao Junsheng,Yao Junsheng,cn CHN,MF,Zhejiang,29,1995,10,0,95,1.1,0,0,0,0,0,0,0,0,0.00,0.00,0.00,0.00,0.00,Matches,0.00,0.00,3,1,33.3,0.95,2.84,,,,,,,,,,,,,,,,,,,Chinese Football Association Super League,2025
9ad0fd3a,Liu Junshuai,Liu Junshuai,cn CHN,DF,Qingdao Hainiu,30,1995,27,25,"1,933",21.5,2,0,2,2,0,0,10,0,0.09,0.00,0.09,0.09,0.09,Matches,0.29,0.50,7,4,57.1,0.19,0.33,,,,,,,,,,,,,,,,,,,Chinese Football Association Super League,2025
3761f9eb,Liu Junxian,Liu Junxian,cn CHN,"MF,FW",Jinmen Tiger,24,2001,22,2,334,3.7,0,1,1,0,0,0,1,0,0.00,0.27,0.27,0.00,0.27,Matches,0.00,0.00,5,1,20.0,0.27,1.35,,,,,,,,,,,,,,,,,,,Chinese Football Association Super League,2025
883f5dc8,Jussa,Jussa,br BRA,MF,Shanghai Port,28,1996,28,28,"2,519",28.0,1,1,2,1,0,0,9,0,0.04,0.04,0.07,0.04,0.07,Matches,0.04,0.20,23,5,21.7,0.18,0.82,,,,,,,,,,,,,,,,,,,Chinese Football Association Super League,2025
a9756d65,Zheng Kaimu,Zheng Kaimu,cn CHN,"MF,DF",Wuhan Three Towns,33,1992,21,10,875,9.7,0,0,0,0,0,0,2,0,0.00,0.00,0.00,0.00,0.00,Matches,0.00,0.00,8,2,25.0,0.21,0.82,,,,,,,,,,,,,,,,,,,Chinese Football Association Super League,2025
153ed0e4,Issa Kallon,Issa Kallon,sl SLE,FW,Chengdu Rongcheng,29,1996,5,1,140,1.6,0,1,1,0,0,0,0,0,0.00,0.64,0.64,0.00,0.64,Matches,0.00,0.00,6,2,33.3,1.29,3.86,,,,,,,,,,,,,,,,,,,Chinese Football Association Super League,2025
103c10a0,Fernando Karanga,Fernando Karanga,br BRA,FW,Dalian Yingbo,33,1991,12,5,533,5.9,3,0,3,3,0,0,2,1,0.51,0.00,0.51,0.51,0.51,Matches,0.33,0.60,9,5,55.6,0.84,1.52,,,,,,,,,,,,,,,,,,,Chinese Football Association Super League,2025
b49bc5e0,Eden Karzev,Eden Karzev,il ISR,MF,Shenzhen Peng City,24,2000,27,24,"2,176",24.2,1,4,5,1,0,0,8,0,0.04,0.17,0.21,0.04,0.21,Matches,0.03,0.09,35,11,31.4,0.45,1.45,,,,,,,,,,,,,,,,,,,Chinese Football Association Super League,2025
02cc5f53,Shi Ke,Shi Ke,cn CHN,DF,Shandong Taishan,32,1993,17,9,966,10.7,0,1,1,0,0,0,1,0,0.00,0.09,0.09,0.00,0.09,Matches,0.00,0.00,2,1,50.0,0.09,0.19,,,,,,,,,,,,,,,,,,,Chinese Football Association Super League,2025
88243231,Chen Keqiang,Chen Keqiang,cn CHN,FW,Henan,25,1999,2,0,4,0.0,0,0,0,0,0,0,0,0,0.00,0.00,0.00,0.00,0.00,Matches,,,0,0,,0.00,0.00,,,,,,,,,,,,,,,,,,,Chinese Football Association Super League,2025
4d0dfe2c,Darick Kobie Morris,Darick Kobie Morris,hr CRO,DF,Meizhou Hakka,29,1995,24,24,"2,090",23.2,1,0,1,1,0,0,4,0,0.04,0.00,0.04,0.04,0.04,Matches,0.20,1.00,5,1,20.0,0.04,0.22,,,,,,,,,,,,,,,,,,,Chinese Football Association Super League,2025
e7c91845,Xiao Kun,Xiao Kun,cn CHN,MF,Qingdao Hainiu,29,1995,13,1,354,3.9,1,0,1,1,0,0,3,0,0.25,0.00,0.25,0.25,0.25,Matches,0.14,0.50,7,2,28.6,0.51,1.78,,,,,,,,,,,,,,,,,,,Chinese Football Association Super League,2025
9ba844a4,Yang Kuo,Yang Kuo,cn CHN,"DF,MF",Henan,32,1993,3,0,7,0.1,0,0,0,0,0,0,0,0,0.00,0.00,0.00,0.00,0.00,Matches,,,0,0,,0.00,0.00,,,,,,,,,,,,,,,,,,,Chinese Football Association Super League,2025
ebc56869,Zakaria Labyad,Zakaria Labyad,ma MAR,"MF,FW",Dalian Yingbo,31,1993,23,20,"1,701",18.9,5,3,8,5,0,1,1,0,0.26,0.16,0.42,0.26,0.42,Matches,0.12,0.38,41,13,31.7,0.69,2.17,,,,,,,,,,,,,,,,,,,Chinese Football Association Super League,2025
b229aa13,Didier Lamkel Zé,Didier Lamkel Zé,cm CMR,FW,Qingdao Hainiu,28,1996,12,12,"1,079",12.0,7,2,9,7,0,0,7,1,0.58,0.17,0.75,0.58,0.75,Matches,0.15,0.33,48,21,43.8,1.75,4.00,,,,,,,,,,,,,,,,,,,Chinese Football Association Super League,2025
a504b183,Li Lei,Li Lei,cn CHN,DF,Beijing Guoan,32,1992,16,7,700,7.8,1,0,1,1,0,0,1,0,0.13,0.00,0.13,0.13,0.13,Matches,0.33,1.00,3,1,33.3,0.13,0.39,,,,,,,,,,,,,,,,,,,Chinese Football Association Super League,2025
37c95656,Tong Lei,Tong Lei,cn CHN,"MF,DF",Zhejiang,27,1997,26,19,"1,410",15.7,2,1,3,2,0,0,6,0,0.13,0.06,0.19,0.13,0.19,Matches,0.29,0.50,7,4,57.1,0.26,0.45,,,,,,,,,,,,,,,,,,,Chinese Football Association Super League,2025
e3fabb0a,Wu Lei,Wu Lei,cn CHN,"FW,MF",Shanghai Port,33,1991,6,0,180,2.0,1,1,2,0,1,1,1,0,0.50,0.50,1.00,0.00,0.50,Matches,0.00,0.00,12,3,25.0,1.50,6.00,,,,,,,,,,,,,,,,,,,Chinese Football Association Super League,2025
abda818c,Leo,Leo,br BRA,"FW,MF",Shanghai Port,27,1997,30,28,"2,402",26.7,21,6,27,21,0,1,3,0,0.79,0.22,1.01,0.79,1.01,Matches,0.23,0.49,92,43,46.7,1.61,3.45,,,,,,,,,,,,,,,,,,,Chinese Football Association Super League,2025
be9938ed,Timo Letschert,Timo Letschert,nl NED,DF,Chengdu Rongcheng,31,1993,28,26,"2,398",26.6,5,2,7,5,0,0,2,0,0.19,0.08,0.26,0.19,0.26,Matches,0.15,0.45,34,11,32.4,0.41,1.28,,,,,,,,,,,,,,,,,,,Chinese Football Association Super League,2025
05764de0,Ning Li,Ning Li,cn CHN,MF,Meizhou Hakka,23,2001,3,0,25,0.3,0,0,0,0,0,0,1,0,0.00,0.00,0.00,0.00,0.00,Matches,0.00,0.00,1,1,100.0,3.60,3.60,,,,,,,,,,,,,,,,,,,Chinese Football Association Super League,2025
05764de0,Ning Li,Ning Li,cn CHN,MF,Meizhou Hakka,23,2001,3,0,25,0.3,0,0,0,0,0,0,1,0,0.00,0.00,0.00,0.00,0.00,Matches,0.17,1.00,6,1,16.7,0.37,2.24,,,,,,,,,,,,,,,,,,,Chinese Football Association Super League,2025
05764de0,Ning Li,Ning Li,cn CHN,MF,Shenzhen Peng City,23,2001,9,3,241,2.7,1,0,1,1,0,0,0,0,0.37,0.00,0.37,0.37,0.37,Matches,0.00,0.00,1,1,100.0,3.60,3.60,,,,,,,,,,,,,,,,,,,Chinese Football Association Super League,2025
05764de0,Ning Li,Ning Li,cn CHN,MF,Shenzhen Peng City,23,2001,9,3,241,2.7,1,0,1,1,0,0,0,0,0.37,0.00,0.37,0.37,0.37,Matches,0.17,1.00,6,1,16.7,0.37,2.24,,,,,,,,,,,,,,,,,,,Chinese Football Association Super League,2025
2dc3c28e,Xingxian Li,Xingxian Li,cn CHN,MF,Henan,19,2005,6,1,176,2.0,0,0,0,0,0,0,0,0,0.00,0.00,0.00,0.00,0.00,Matches,0.00,,8,0,0.0,0.00,4.09,,,,,,,,,,,,,,,,,,,Chinese Football Association Super League,2025
7275cb25,Lin Liangming,Lin Liangming,cn CHN,"MF,DF",Beijing Guoan,27,1997,25,21,"1,759",19.5,6,3,9,6,0,0,0,0,0.31,0.15,0.46,0.31,0.46,Matches,0.17,0.30,36,20,55.6,1.02,1.84,,,,,,,,,,,,,,,,,,,Chinese Football Association Super League,2025
5de9ed5d,Zhang Linpeng,Zhang Linpeng,cn CHN,DF,Shanghai Port,35,1989,15,6,641,7.1,1,0,1,1,0,0,3,0,0.14,0.00,0.14,0.14,0.14,Matches,0.25,0.50,4,2,50.0,0.28,0.56,,,,,,,,,,,,,,,,,,,Chinese Football Association Super League,2025
f16eac40,Liao Lisheng,Liao Lisheng,cn CHN,MF,Chengdu Rongcheng,31,1993,4,1,65,0.7,0,0,0,0,0,0,0,0,0.00,0.00,0.00,0.00,0.00,Matches,0.00,,1,0,0.0,0.00,1.38,,,,,,,,,,,,,,,,,,,Chinese Football Association Super League,2025
f16eac40,Liao Lisheng,Liao Lisheng,cn CHN,MF,Chengdu Rongcheng,31,1993,4,1,65,0.7,0,0,0,0,0,0,0,0,0.00,0.00,0.00,0.00,0.00,Matches,0.00,0.00,6,2,33.3,0.33,1.00,,,,,,,,,,,,,,,,,,,Chinese Football Association Super League,2025
f16eac40,Liao Lisheng,Liao Lisheng,cn CHN,MF,Shenzhen Peng City,31,1993,9,7,541,6.0,0,1,1,0,0,0,2,0,0.00,0.17,0.17,0.00,0.17,Matches,0.00,,1,0,0.0,0.00,1.38,,,,,,,,,,,,,,,,,,,Chinese Football Association Super League,2025
f16eac40,Liao Lisheng,Liao Lisheng,cn CHN,MF,Shenzhen Peng City,31,1993,9,7,541,6.0,0,1,1,0,0,0,2,0,0.00,0.17,0.17,0.00,0.17,Matches,0.00,0.00,6,2,33.3,0.33,1.00,,,,,,,,,,,,,,,,,,,Chinese Football Association Super League,2025
7a44ae12,Yixin Liu,Yixin Liu,cn CHN,DF,Henan,23,2001,21,13,"1,229",13.7,0,1,1,0,0,0,4,0,0.00,0.07,0.07,0.00,0.07,Matches,0.00,0.00,3,2,66.7,0.15,0.22,,,,,,,,,,,,,,,,,,,Chinese Football Association Super League,2025
38bbf7f9,Duan Liuyu,Duan Liuyu,cn CHN,"MF,FW",Qingdao West Coast,26,1998,27,18,"1,638",18.2,6,2,8,6,0,0,4,0,0.33,0.11,0.44,0.33,0.44,Matches,0.21,0.67,29,9,31.0,0.49,1.59,,,,,,,,,,,,,,,,,,,Chinese Football Association Super League,2025
1363609d,Yang Liyu,Yang Liyu,cn CHN,"MF,FW",Beijing Guoan,27,1997,16,4,516,5.7,1,4,5,1,0,0,1,0,0.17,0.70,0.87,0.17,0.87,Matches,0.11,0.33,9,3,33.3,0.52,1.57,,,,,,,,,,,,,,,,,,,Chinese Football Association Super League,2025
e2975ecd,Song Long,Song Long,cn CHN,"DF,MF",Qingdao Hainiu,35,1989,26,18,"1,650",18.3,0,1,1,0,0,0,6,0,0.00,0.05,0.05,0.00,0.05,Matches,0.00,0.00,8,2,25.0,0.11,0.44,,,,,,,,,,,,,,,,,,,Chinese Football Association Super League,2025
c0adc094,Tan Long,Tan Long,cn CHN,FW,Changchun Yatai,36,1988,28,26,"2,242",24.9,9,1,10,9,0,0,1,0,0.36,0.04,0.40,0.36,0.40,Matches,0.23,0.43,39,21,53.8,0.84,1.57,,,,,,,,,,,,,,,,,,,Chinese Football Association Super League,2025
ac7b98ed,Zheng Long,Zheng Long,cn CHN,MF,Qingdao Hainiu,36,1988,4,0,82,0.9,0,0,0,0,0,0,0,0,0.00,0.00,0.00,0.00,0.00,Matches,0.00,0.00,1,1,100.0,1.10,1.10,,,,,,,,,,,,,,,,,,,Chinese Football Association Super League,2025
54473ae3,He Longhai,He Longhai,cn CHN,"DF,MF",Qingdao West Coast,23,2001,27,18,"1,555",17.3,0,3,3,0,0,0,5,1,0.00,0.17,0.17,0.00,0.17,Matches,0.00,0.00,11,2,18.2,0.12,0.64,,,,,,,,,,,,,,,,,,,Chinese Football Association Super League,2025
a685f013,Lluis López,Lluis López,es ESP,DF,Shandong Taishan,27,1997,10,10,900,10.0,0,0,0,0,0,0,0,0,0.00,0.00,0.00,0.00,0.00,Matches,0.00,0.00,3,1,33.3,0.10,0.30,,,,,,,,,,,,,,,,,,,Chinese Football Association Super League,2025
2962bf2e,André Luis,André Luis,br BRA,FW,Shanghai Shen,30,1994,23,21,"1,858",20.6,10,3,13,7,3,3,4,0,0.48,0.15,0.63,0.34,0.48,Matches,0.10,0.33,73,21,28.8,1.02,3.54,,,,,,,,,,,,,,,,,,,Chinese Football Association Super League,2025
6388eae1,Luismi,Luismi,gq EQG,FW,Shanghai Shen,23,2001,14,14,"1,068",11.9,4,1,5,4,0,0,1,0,0.34,0.08,0.42,0.34,0.42,Matches,0.08,0.19,49,21,42.9,1.77,4.13,,,,,,,,,,,,,,,,,,,Chinese Football Association Super League,2025
b0c12a65,Davidson da Luz Pereira,Davidson da Luz Pereira,br BRA,MF,Qingdao West Coast,33,1991,28,27,"2,455",27.3,8,3,11,6,2,2,5,0,0.29,0.11,0.40,0.22,0.33,Matches,0.10,0.30,59,20,33.9,0.73,2.16,,,,,,,,,,,,,,,,,,,Chinese Football Association Super League,2025
602440b4,Guilherme Madruga,Guilherme Madruga,br BRA,MF,Shandong Taishan,24,2000,28,23,"2,076",23.1,4,1,5,4,0,0,7,0,0.17,0.04,0.22,0.17,0.22,Matches,0.08,0.24,50,17,34.0,0.74,2.17,,,,,,,,,,,,,,,,,,,Chinese Football Association Super League,2025
aa7e1bb1,Lucas Maia,Lucas Maia,br BRA,DF,Henan,31,1993,28,28,"2,520",28.0,6,2,8,6,0,0,7,0,0.21,0.07,0.29,0.21,0.29,Matches,0.18,0.38,33,16,48.5,0.57,1.18,,,,,,,,,,,,,,,,,,,Chinese Football Association Super League,2025
e65a5924,Iago Maidana,Iago Maidana,br BRA,DF,Henan,28,1996,28,28,"2,448",27.2,4,4,8,4,0,0,3,1,0.15,0.15,0.29,0.15,0.29,Matches,0.13,0.44,32,9,28.1,0.33,1.18,,,,,,,,,,,,,,,,,,,Chinese Football Association Super League,2025
2341e8e5,Cephas Malele,Cephas Malele,ch SUI,FW,Dalian Yingbo,31,1994,26,25,"2,170",24.1,6,2,8,4,2,3,2,0,0.25,0.08,0.33,0.17,0.25,Matches,0.08,0.17,53,23,43.4,0.95,2.20,,,,,,,,,,,,,,,,,,,Chinese Football Association Super League,2025
e27fdbca,Wilson Manafá,Wilson Manafá,pt POR,DF,Shanghai Shen,30,1994,30,30,"2,619",29.1,0,3,3,0,0,0,3,0,0.00,0.10,0.10,0.00,0.10,Matches,0.00,0.00,17,3,17.6,0.10,0.58,,,,,,,,,,,,,,,,,,,Chinese Football Association Super League,2025
4cf08f05,Dilimulati Maolaniyazi,Dilimulati Maolaniyazi,cn CHN,DF,Yunnan Yukun,35,1989,23,21,"1,906",21.2,2,0,2,2,0,0,2,0,0.09,0.00,0.09,0.09,0.09,Matches,0.18,1.00,11,2,18.2,0.09,0.52,,,,,,,,,,,,,,,,,,,Chinese Football Association Super League,2025
32237c0c,Elías Már Ómarsson,Elías Már Ómarsson,is ISL,FW,Meizhou Hakka,30,1995,14,13,"1,199",13.3,4,2,6,4,0,0,1,0,0.30,0.15,0.45,0.30,0.45,Matches,0.13,0.31,31,13,41.9,0.98,2.33,,,,,,,,,,,,,,,,,,,Chinese Football Association Super League,2025
dafe109f,Oscar Maritu,Oscar Maritu,cd COD,"MF,FW",Yunnan Yukun,25,1999,26,26,"2,250",25.0,9,8,17,7,2,3,0,1,0.36,0.32,0.68,0.28,0.60,Matches,0.12,0.33,58,21,36.2,0.84,2.32,,,,,,,,,,,,,,,,,,,Chinese Football Association Super League,2025
8e049cbd,José Martínez,José Martínez,es ESP,"DF,MF",Yunnan Yukun,31,1993,11,9,716,8.0,0,0,0,0,0,0,1,0,0.00,0.00,0.00,0.00,0.00,Matches,0.00,,3,0,0.0,0.00,0.38,,,,,,,,,,,,,,,,,,,Chinese Football Association Super League,2025
379652be,Óscar Melendo,Óscar Melendo,es ESP,MF,Shanghai Port,27,1997,13,13,"1,024",11.4,1,1,2,1,0,0,2,0,0.09,0.09,0.18,0.09,0.18,Matches,0.06,0.14,16,7,43.8,0.62,1.41,,,,,,,,,,,,,,,,,,,Chinese Football Association Super League,2025
dd1416d8,Imran Memet,Imran Memet,cn CHN,MF,Shandong Taishan,19,2005,1,0,20,0.2,0,0,0,0,0,0,0,0,0.00,0.00,0.00,0.00,0.00,Matches,,,0,0,,0.00,0.00,,,,,,,,,,,,,,,,,,,Chinese Football Association Super League,2025
268f3d11,Zikrulla Memetimin,Zikrulla Memetimin,cn CHN,DF,Wuhan Three Towns,20,2004,1,1,90,1.0,0,0,0,0,0,0,0,0,0.00,0.00,0.00,0.00,0.00,Matches,0.00,,2,0,0.0,0.00,2.00,,,,,,,,,,,,,,,,,,,Chinese Football Association Super League,2025
a86f0d7b,Darlan Mendes,Darlan Mendes,br BRA,"MF,FW",Wuhan Three Towns,26,1998,30,23,"1,974",21.9,1,1,2,1,0,0,0,0,0.05,0.05,0.09,0.05,0.09,Matches,0.04,0.17,25,6,24.0,0.27,1.14,,,,,,,,,,,,,,,,,,,Chinese Football Association Super League,2025
e15b9b74,Raphaël Merkies,Raphaël Merkies,hk HKG,"MF,FW",Shandong Taishan,22,2002,11,5,427,4.7,3,0,3,3,0,0,1,0,0.63,0.00,0.63,0.63,0.63,Matches,0.27,0.60,11,5,45.5,1.05,2.32,,,,,,,,,,,,,,,,,,,Chinese Football Association Super League,2025
eec9563b,Tang Miao,Tang Miao,cn CHN,MF,Chengdu Rongcheng,34,1990,3,1,97,1.1,0,0,0,0,0,0,0,0,0.00,0.00,0.00,0.00,0.00,Matches,0.00,,3,0,0.0,0.00,2.78,,,,,,,,,,,,,,,,,,,Chinese Football Association Super League,2025
eec9563b,Tang Miao,Tang Miao,cn CHN,MF,Chengdu Rongcheng,34,1990,3,1,97,1.1,0,0,0,0,0,0,0,0,0.00,0.00,0.00,0.00,0.00,Matches,0.33,1.00,3,1,33.3,0.10,0.31,,,,,,,,,,,,,,,,,,,Chinese Football Association Super League,2025
eec9563b,Tang Miao,Tang Miao,cn CHN,"DF,MF",Yunnan Yukun,34,1990,10,10,874,9.7,1,2,3,1,0,0,0,0,0.10,0.21,0.31,0.10,0.31,Matches,0.00,,3,0,0.0,0.00,2.78,,,,,,,,,,,,,,,,,,,Chinese Football Association Super League,2025
eec9563b,Tang Miao,Tang Miao,cn CHN,"DF,MF",Yunnan Yukun,34,1990,10,10,874,9.7,1,2,3,1,0,0,0,0,0.10,0.21,0.31,0.10,0.31,Matches,0.33,1.00,3,1,33.3,0.10,0.31,,,,,,,,,,,,,,,,,,,Chinese Football Association Super League,2025
59b6b22c,Maiwulang Mijiti,Maiwulang Mijiti,cn CHN,MF,Shandong Taishan,21,2004,4,0,40,0.4,0,0,0,0,0,0,0,0,0.00,0.00,0.00,0.00,0.00,Matches,,,0,0,,0.00,0.00,,,,,,,,,,,,,,,,,,,Chinese Football Association Super League,2025
59b6b22c,Maiwulang Mijiti,Maiwulang Mijiti,cn CHN,MF,Shandong Taishan,21,2004,4,0,40,0.4,0,0,0,0,0,0,0,0,0.00,0.00,0.00,0.00,0.00,Matches,0.00,0.00,11,3,27.3,0.30,1.11,,,,,,,,,,,,,,,,,,,Chinese Football Association Super League,2025
59b6b22c,Maiwulang Mijiti,Maiwulang Mijiti,cn CHN,"MF,FW",Qingdao Hainiu,21,2004,11,11,892,9.9,0,0,0,0,0,0,1,0,0.00,0.00,0.00,0.00,0.00,Matches,,,0,0,,0.00,0.00,,,,,,,,,,,,,,,,,,,Chinese Football Association Super League,2025
59b6b22c,Maiwulang Mijiti,Maiwulang Mijiti,cn CHN,"MF,FW",Qingdao Hainiu,21,2004,11,11,892,9.9,0,0,0,0,0,0,1,0,0.00,0.00,0.00,0.00,0.00,Matches,0.00,0.00,11,3,27.3,0.30,1.11,,,,,,,,,,,,,,,,,,,Chinese Football Association Super League,2025
0feb8104,Yuan Mincheng,Yuan Mincheng,cn CHN,DF,Chengdu Rongcheng,29,1995,24,21,"1,803",20.0,2,1,3,2,0,0,8,1,0.10,0.05,0.15,0.10,0.15,Matches,0.33,1.00,6,2,33.3,0.10,0.30,,,,,,,,,,,,,,,,,,,Chinese Football Association Super League,2025
eaaf86af,Saulo Mineiro,Saulo Mineiro,br BRA,FW,Shanghai Shen,27,1997,14,13,"1,140",12.7,8,6,14,8,0,0,2,0,0.63,0.47,1.11,0.63,1.11,Matches,0.15,0.44,53,18,34.0,1.42,4.18,,,,,,,,,,,,,,,,,,,Chinese Football Association Super League,2025
e6f54507,Sun Ming Him,Sun Ming Him,hk HKG,"DF,MF",Jinmen Tiger,24,2000,29,20,"1,751",19.5,0,0,0,0,0,0,3,0,0.00,0.00,0.00,0.00,0.00,Matches,0.00,0.00,16,3,18.8,0.15,0.82,,,,,,,,,,,,,,,,,,,Chinese Football Association Super League,2025
8a5b43cc,Yang Mingrui,Yang Mingrui,cn CHN,MF,Dalian Yingbo,17,2007,18,6,708,7.9,1,0,1,1,0,0,2,0,0.13,0.00,0.13,0.13,0.13,Matches,0.08,0.50,12,2,16.7,0.25,1.53,,,,,,,,,,,,,,,,,,,Chinese Football Association Super League,2025
a08c216d,Wei Minzhe,Wei Minzhe,cn CHN,GK,Wuhan Three Towns,26,1998,3,3,224,2.5,0,0,0,0,0,0,0,1,0.00,0.00,0.00,0.00,0.00,Matches,,,0,0,,0.00,0.00,0,0.0,3,3,5,2.01,3,224,0,0,0,,0,66.7,10,15,0,0,Chinese Football Association Super League,2025
49db4b16,Alexandru Mitriță,Alexandru Mitriță,ro ROU,MF,Zhejiang,29,1995,16,15,"1,319",14.7,8,7,15,8,0,0,2,0,0.55,0.48,1.02,0.55,1.02,Matches,0.20,0.53,41,15,36.6,1.02,2.80,,,,,,,,,,,,,,,,,,,Chinese Football Association Super League,2025
898ecf69,Naibijiang Mohemaiti,Naibijiang Mohemaiti,cn CHN,"MF,DF",Beijing Guoan,23,2001,13,5,474,5.3,0,2,2,0,0,0,4,0,0.00,0.38,0.38,0.00,0.38,Matches,0.00,,1,0,0.0,0.00,0.19,,,,,,,,,,,,,,,,,,,Chinese Football Association Super League,2025
bfae110f,Wesley Moraes,Wesley Moraes,br BRA,FW,Shenzhen Peng City,28,1996,13,13,"1,113",12.4,10,2,12,9,1,1,0,0,0.81,0.16,0.97,0.73,0.89,Matches,0.27,0.47,33,19,57.6,1.54,2.67,,,,,,,,,,,,,,,,,,,Chinese Football Association Super League,2025
fde12ca4,Li Moyu,Li Moyu,cn CHN,MF,Chengdu Rongcheng,19,2005,11,0,155,1.7,1,0,1,1,0,0,1,0,0.58,0.00,0.58,0.58,0.58,Matches,0.14,0.25,7,4,57.1,2.32,4.06,,,,,,,,,,,,,,,,,,,Chinese Football Association Super League,2025
db61da00,Mirahmetjan Muzepper,Mirahmetjan Muzepper,cn CHN,MF,Chengdu Rongcheng,34,1991,6,1,113,1.3,0,0,0,0,0,0,0,0,0.00,0.00,0.00,0.00,0.00,Matches,0.00,,1,0,0.0,0.00,0.80,,,,,,,,,,,,,,,,,,,Chinese Football Association Super League,2025
7692cfd9,Alexander N'Doumbou,Alexander N'Doumbou,ga GAB,MF,Zhejiang,33,1992,12,9,737,8.2,0,1,1,0,0,0,1,0,0.00,0.12,0.12,0.00,0.12,Matches,0.00,0.00,3,1,33.3,0.12,0.37,,,,,,,,,,,,,,,,,,,Chinese Football Association Super League,2025
dc1d79a5,Bruno Nazário,Bruno Nazário,br BRA,"MF,FW",Henan,29,1995,29,28,"2,533",28.1,5,9,14,2,3,5,4,0,0.18,0.32,0.50,0.07,0.39,Matches,0.02,0.08,85,24,28.2,0.85,3.02,,,,,,,,,,,,,,,,,,,Chinese Football Association Super League,2025
fb527299,Nelson,Nelson,ao ANG,MF,Qingdao West Coast,26,1998,27,24,"2,129",23.7,5,1,6,5,0,0,1,0,0.21,0.04,0.25,0.21,0.25,Matches,0.08,0.25,62,20,32.3,0.85,2.62,,,,,,,,,,,,,,,,,,,Chinese Football Association Super League,2025
fc1cf07a,Michael Ngadeu-Ngadjui,Michael Ngadeu-Ngadjui,cm CMR,DF,Beijing Guoan,34,1990,22,21,"1,899",21.1,1,0,1,1,0,0,3,1,0.05,0.00,0.05,0.05,0.05,Matches,0.06,0.17,18,6,33.3,0.28,0.85,,,,,,,,,,,,,,,,,,,Chinese Football Association Super League,2025
32bb1138,Jerome Ngom Mbekeli,Jerome Ngom Mbekeli,cm CMR,MF,Meizhou Hakka,26,1998,27,27,"2,293",25.5,5,4,9,5,0,1,4,1,0.20,0.16,0.35,0.20,0.35,Matches,0.06,0.19,81,27,33.3,1.06,3.18,,,,,,,,,,,,,,,,,,,Chinese Football Association Super League,2025
ffde83f9,Leung Nok Hang,Leung Nok Hang,hk HKG,DF,Zhejiang,30,1994,14,9,813,9.0,0,0,0,0,0,0,1,1,0.00,0.00,0.00,0.00,0.00,Matches,0.00,,3,0,0.0,0.00,0.33,,,,,,,,,,,,,,,,,,,Chinese Football Association Super League,2025
9d115f7a,Ohi Omoijuanfo,Ohi Omoijuanfo,no NOR,"FW,MF",Changchun Yatai,31,1994,30,28,"2,421",26.9,6,3,9,5,1,1,3,0,0.22,0.11,0.33,0.19,0.30,Matches,0.09,0.23,56,22,39.3,0.82,2.08,,,,,,,,,,,,,,,,,,,Chinese Football Association Super League,2025
80c755a4,Santiago Ormeño,Santiago Ormeño,pe PER,FW,Qingdao Hainiu,30,1994,2,2,147,1.6,0,0,0,0,0,0,0,0,0.00,0.00,0.00,0.00,0.00,Matches,0.00,,2,0,0.0,0.00,1.22,,,,,,,,,,,,,,,,,,,Chinese Football Association Super League,2025
e0fb9fb6,Matthew Orr,Matthew Orr,hk HKG,"FW,DF",Shenzhen Peng City,28,1997,23,7,933,10.4,2,1,3,2,0,0,1,0,0.19,0.10,0.29,0.19,0.29,Matches,0.15,1.00,13,2,15.4,0.19,1.25,,,,,,,,,,,,,,,,,,,Chinese Football Association Super League,2025
ad16aecd,Deabeas Owusu Sekyere,Deabeas Owusu Sekyere,nl NED,MF,Zhejiang,25,1999,27,15,"1,436",16.0,3,7,10,3,0,0,3,0,0.19,0.44,0.63,0.19,0.63,Matches,0.06,0.17,49,18,36.7,1.13,3.07,,,,,,,,,,,,,,,,,,,Chinese Football Association Super League,2025
a8106e71,Manuel Palacios,Manuel Palacios,co COL,"MF,FW",Wuhan Three Towns,31,1993,30,26,"2,374",26.4,3,2,5,3,0,0,4,0,0.11,0.08,0.19,0.11,0.19,Matches,0.06,0.16,52,19,36.5,0.72,1.97,,,,,,,,,,,,,,,,,,,Chinese Football Association Super League,2025
17758df6,Pedro,Pedro,br BRA,FW,Yunnan Yukun,28,1996,29,23,"2,093",23.3,11,3,14,9,2,3,3,0,0.47,0.13,0.60,0.39,0.52,Matches,0.15,0.33,61,27,44.3,1.16,2.62,,,,,,,,,,,,,,,,,,,Chinese Football Association Super League,2025
5283960a,Lü Peng,Lü Peng,cn CHN,"MF,DF",Dalian Yingbo,35,1989,27,14,"1,346",15.0,0,0,0,0,0,0,3,0,0.00,0.00,0.00,0.00,0.00,Matches,0.00,0.00,3,1,33.3,0.07,0.20,,,,,,,,,,,,,,,,,,,Chinese Football Association Super League,2025
35657fcd,Peng Peng,Peng Peng,cn CHN,GK,Shenzhen Peng City,24,2000,8,8,720,8.0,0,0,0,0,0,0,0,0,0.00,0.00,0.00,0.00,0.00,Matches,,,0,0,,0.00,0.00,1,12.5,8,8,14,1.75,7,720,1,2,0,50.0,1,63.9,24,36,0,1,Chinese Football Association Super League,2025
8033d026,Shunjie Peng,Shunjie Peng,cn CHN,DF,Dalian Yingbo,17,2007,1,0,1,0.0,0,0,0,0,0,0,0,0,0.00,0.00,0.00,0.00,0.00,Matches,,,0,0,,0.00,0.00,,,,,,,,,,,,,,,,,,,Chinese Football Association Super League,2025
3ab66c06,Wang Peng,Wang Peng,cn CHN,"DF,MF",Qingdao West Coast,32,1993,18,17,"1,506",16.7,0,0,0,0,0,0,3,0,0.00,0.00,0.00,0.00,0.00,Matches,0.00,,1,0,0.0,0.00,0.06,,,,,,,,,,,,,,,,,,,Chinese Football Association Super League,2025
e051afca,Yan Peng,Yan Peng,cn CHN,FW,Dalian Yingbo,29,1995,4,2,189,2.1,0,0,0,0,0,0,0,0,0.00,0.00,0.00,0.00,0.00,Matches,0.00,,9,0,0.0,0.00,4.29,,,,,,,,,,,,,,,,,,,Chinese Football Association Super League,2025
b1d98a6f,Han Pengfei,Han Pengfei,cn CHN,DF,Chengdu Rongcheng,31,1993,12,6,504,5.6,0,0,0,0,0,0,0,0,0.00,0.00,0.00,0.00,0.00,Matches,0.00,0.00,6,1,16.7,0.18,1.07,,,,,,,,,,,,,,,,,,,Chinese Football Association Super League,2025
e0897755,Mou Pengfei,Mou Pengfei,cn CHN,GK,Qingdao Hainiu,35,1989,17,16,"1,441",16.0,0,0,0,0,0,0,1,0,0.00,0.00,0.00,0.00,0.00,Matches,,,0,0,,0.00,0.00,1,6.3,17,16,25,1.56,10,"1,441",0,1,0,100.0,1,65.8,49,73,5,1,Chinese Football Association Super League,2025
bda63250,Xie Pengfei,Xie Pengfei,cn CHN,FW,Shanghai Shen,31,1993,5,2,196,2.2,1,1,2,1,0,0,0,0,0.46,0.46,0.92,0.46,0.92,Matches,0.25,0.33,4,3,75.0,1.38,1.84,,,,,,,,,,,,,,,,,,,Chinese Football Association Super League,2025
6cdac7a8,Jin Pengxiang,Jin Pengxiang,cn CHN,DF,Dalian Yingbo,35,1990,20,15,"1,426",15.8,0,0,0,0,0,0,0,0,0.00,0.00,0.00,0.00,0.00,Matches,0.00,,3,0,0.0,0.00,0.19,,,,,,,,,,,,,,,,,,,Chinese Football Association Super League,2025
4762ba19,Zhu Pengyu,Zhu Pengyu,cn CHN,"FW,MF",Dalian Yingbo,19,2005,29,18,"1,609",17.9,3,4,7,3,0,0,5,1,0.17,0.22,0.39,0.17,0.39,Matches,0.08,0.19,36,16,44.4,0.89,2.01,,,,,,,,,,,,,,,,,,,Chinese Football Association Super League,2025
ce3fc55d,Daniel Penha,Daniel Penha,br BRA,"FW,MF",Dalian Yingbo,26,1998,12,12,996,11.1,2,1,3,2,0,0,2,0,0.18,0.09,0.27,0.18,0.27,Matches,0.06,0.20,33,10,30.3,0.90,2.98,,,,,,,,,,,,,,,,,,,Chinese Football Association Super League,2025
beb9121d,Chen Po-liang,Chen Po-liang,tw TPE,MF,Qingdao West Coast,36,1988,12,7,514,5.7,0,2,2,0,0,0,4,0,0.00,0.35,0.35,0.00,0.35,Matches,0.00,,2,0,0.0,0.00,0.35,,,,,,,,,,,,,,,,,,,Chinese Football Association Super League,2025
2118c8c0,Lucas Possignolo,Lucas Possignolo,pt POR,DF,Zhejiang,30,1994,29,29,"2,610",29.0,3,0,3,3,0,1,2,0,0.10,0.00,0.10,0.10,0.10,Matches,0.15,0.33,20,9,45.0,0.31,0.69,,,,,,,,,,,,,,,,,,,Chinese Football Association Super League,2025
c11c6321,Chen Pu,Chen Pu,cn CHN,MF,Shandong Taishan,28,1997,16,7,702,7.8,1,1,2,1,0,0,2,0,0.13,0.13,0.26,0.13,0.26,Matches,0.10,0.25,10,4,40.0,0.51,1.28,,,,,,,,,,,,,,,,,,,Chinese Football Association Super League,2025
7f3eb963,Shao Puliang,Shao Puliang,cn CHN,GK,Wuhan Three Towns,35,1989,16,16,"1,440",16.0,0,0,0,0,0,0,1,0,0.00,0.00,0.00,0.00,0.00,Matches,,,0,0,,0.00,0.00,2,12.5,16,16,32,2.00,7,"1,440",1,2,0,50.0,1,60.3,48,78,3,6,Chinese Football Association Super League,2025
c8c03e98,Valeri Qazaishvili,Valeri Qazaishvili,ge GEO,"MF,FW",Shandong Taishan,32,1993,30,29,"2,479",27.5,27,5,32,26,1,3,0,0,0.98,0.18,1.16,0.94,1.13,Matches,0.26,0.51,100,51,51.0,1.85,3.63,,,,,,,,,,,,,,,,,,,Chinese Football Association Super League,2025
990cf383,Cui Qi,Cui Qi,cn CHN,DF,Dalian Yingbo,27,1997,5,0,58,0.6,0,0,0,0,0,0,1,0,0.00,0.00,0.00,0.00,0.00,Matches,,,0,0,,0.00,0.00,,,,,,,,,,,,,,,,,,,Chinese Football Association Super League,2025
d1d606c4,Tao Qianglong,Tao Qianglong,cn CHN,"FW,MF",Zhejiang,23,2001,19,5,467,5.2,6,2,8,6,0,0,1,0,1.16,0.39,1.54,1.16,1.54,Matches,0.32,0.75,19,8,42.1,1.54,3.66,,,,,,,,,,,,,,,,,,,Chinese Football Association Super League,2025
c7eebe29,Sun Qihang,Sun Qihang,cn CHN,GK,Shandong Taishan,23,2001,1,1,90,1.0,0,0,0,0,0,0,0,0,0.00,0.00,0.00,0.00,0.00,Matches,,,0,0,,0.00,0.00,0,0.0,1,1,1,1.00,0,90,0,0,0,,0,50.0,1,2,0,1,Chinese Football Association Super League,2025
24ef1305,Xue Qinghao,Xue Qinghao,cn CHN,GK,Shanghai Shen,24,2000,22,22,"1,980",22.0,0,0,0,0,0,0,3,0,0.00,0.00,0.00,0.00,0.00,Matches,,,0,0,,0.00,0.00,7,31.8,22,22,26,1.18,4,"1,980",2,2,0,0.0,0,63.6,42,66,5,13,Chinese Football Association Super League,2025
c2624784,Sun Qinhan,Sun Qinhan,cn CHN,DF,Changchun Yatai,24,2000,5,1,104,1.2,0,0,0,0,0,0,0,0,0.00,0.00,0.00,0.00,0.00,Matches,0.00,0.00,1,1,100.0,0.87,0.87,,,,,,,,,,,,,,,,,,,Chinese Football Association Super League,2025
5631109c,Wu Qipeng,Wu Qipeng,cn CHN,DF,Shanghai Shen,17,2007,1,0,1,0.0,0,0,0,0,0,0,0,0,0.00,0.00,0.00,0.00,0.00,Matches,,,0,0,,0.00,0.00,,,,,,,,,,,,,,,,,,,Chinese Football Association Super League,2025
6ecac779,Wang Qiuming,Wang Qiuming,cn CHN,"MF,FW",Jinmen Tiger,32,1993,30,25,"2,050",22.8,5,2,7,5,0,0,1,0,0.22,0.09,0.31,0.22,0.31,Matches,0.18,0.38,28,13,46.4,0.57,1.23,,,,,,,,,,,,,,,,,,,Chinese Football Association Super League,2025
ba3ed14a,Guo Quanbo,Guo Quanbo,cn CHN,GK,Meizhou Hakka,27,1997,29,29,"2,610",29.0,0,0,0,0,0,0,2,0,0.00,0.00,0.00,0.00,0.00,Matches,,,0,0,,0.00,0.00,2,6.9,29,29,67,2.31,18,"2,610",4,6,0,33.3,2,58.6,91,152,6,5,Chinese Football Association Super League,2025
25233d1b,Alberto Quiles,Alberto Quiles,es ESP,FW,Jinmen Tiger,29,1995,29,27,"2,501",27.8,16,2,18,16,0,1,4,0,0.58,0.07,0.65,0.58,0.65,Matches,0.22,0.62,74,26,35.1,0.94,2.66,,,,,,,,,,,,,,,,,,,Chinese Football Association Super League,2025
acafa008,Nikola Radmanovac,Nikola Radmanovac,rs SRB,DF,Qingdao Hainiu,28,1997,29,28,"2,531",28.1,0,2,2,0,0,0,2,1,0.00,0.07,0.07,0.00,0.07,Matches,0.00,0.00,24,2,8.3,0.07,0.85,,,,,,,,,,,,,,,,,,,Chinese Football Association Super League,2025
9c026a2f,Riccieli,Riccieli,br BRA,DF,Qingdao West Coast,26,1998,29,28,"2,576",28.6,2,0,2,2,0,0,2,0,0.07,0.00,0.07,0.07,0.07,Matches,0.09,0.29,23,7,30.4,0.24,0.80,,,,,,,,,,,,,,,,,,,Chinese Football Association Super League,2025
a558755b,Rodrigo,Rodrigo,br BRA,"MF,FW",Meizhou Hakka,31,1993,29,29,"2,495",27.7,5,6,11,4,1,1,5,0,0.18,0.22,0.40,0.14,0.36,Matches,0.08,0.20,48,20,41.7,0.72,1.73,,,,,,,,,,,,,,,,,,,Chinese Football Association Super League,2025
071b6ba9,Gonçalo Rodrigues,Gonçalo Rodrigues,pt POR,MF,Beijing Guoan,27,1997,30,26,"2,269",25.2,4,6,10,4,0,0,0,0,0.16,0.24,0.40,0.16,0.40,Matches,0.10,0.33,39,12,30.8,0.48,1.55,,,,,,,,,,,,,,,,,,,Chinese Football Association Super League,2025
f2525782,Rômulo,Rômulo,br BRA,"MF,FW",Chengdu Rongcheng,29,1995,29,27,"2,338",26.0,8,7,15,8,0,1,3,0,0.31,0.27,0.58,0.31,0.58,Matches,0.10,0.25,79,32,40.5,1.23,3.04,,,,,,,,,,,,,,,,,,,Chinese Football Association Super League,2025
9666f6db,Liao Rongxiang,Liao Rongxiang,cn CHN,"MF,FW",Chengdu Rongcheng,20,2004,11,2,289,3.2,1,0,1,1,0,0,3,0,0.31,0.00,0.31,0.31,0.31,Matches,0.11,0.25,9,4,44.4,1.25,2.80,,,,,,,,,,,,,,,,,,,Chinese Football Association Super League,2025
fe968ac8,Han Rongze,Han Rongze,cn CHN,GK,Qingdao Hainiu,32,1993,14,14,"1,259",14.0,0,0,0,0,0,0,0,0,0.00,0.00,0.00,0.00,0.00,Matches,,,0,0,,0.00,0.00,3,21.4,14,14,23,1.64,5,"1,259",2,3,0,33.3,1,68.2,46,66,5,4,Chinese Football Association Super League,2025
3c285843,Lazar Rosić,Lazar Rosić,rs SRB,DF,Changchun Yatai,31,1993,25,24,"2,189",24.3,1,0,1,1,0,0,5,0,0.04,0.00,0.04,0.04,0.04,Matches,0.08,0.33,12,3,25.0,0.12,0.49,,,,,,,,,,,,,,,,,,,Chinese Football Association Super League,2025
c395bb87,Yu Rui,Yu Rui,cn CHN,DF,Shenzhen Peng City,32,1992,15,11,918,10.2,0,0,0,0,0,0,3,0,0.00,0.00,0.00,0.00,0.00,Matches,0.00,,1,0,0.0,0.00,0.10,,,,,,,,,,,,,,,,,,,Chinese Football Association Super League,2025
7147e2fa,Hu Ruibao,Hu Ruibao,cn CHN,DF,Shenzhen Peng City,28,1996,21,20,"1,723",19.1,0,0,0,0,0,0,1,0,0.00,0.00,0.00,0.00,0.00,Matches,0.00,0.00,2,1,50.0,0.05,0.10,,,,,,,,,,,,,,,,,,,Chinese Football Association Super League,2025
8da2ffdb,Huang Ruifeng,Huang Ruifeng,cn CHN,"DF,MF",Henan,25,1999,28,26,"2,188",24.3,0,0,0,0,0,0,8,1,0.00,0.00,0.00,0.00,0.00,Matches,0.00,,7,0,0.0,0.00,0.29,,,,,,,,,,,,,,,,,,,Chinese Football Association Super League,2025
1cdcfbf4,Yang Ruiqi,Yang Ruiqi,cn CHN,DF,Meizhou Hakka,20,2004,8,1,248,2.8,1,0,1,1,0,0,0,0,0.36,0.00,0.36,0.36,0.36,Matches,0.20,0.50,5,2,40.0,0.73,1.81,,,,,,,,,,,,,,,,,,,Chinese Football Association Super League,2025
0cd95eed,Li Ruiyue,Li Ruiyue,cn CHN,MF,Beijing Guoan,18,2006,4,1,96,1.1,0,0,0,0,0,0,0,0,0.00,0.00,0.00,0.00,0.00,Matches,,,0,0,,0.00,0.00,,,,,,,,,,,,,,,,,,,Chinese Football Association Super League,2025
4b4207dd,Liu Ruofan,Liu Ruofan,cn CHN,MF,Shanghai Port,26,1999,25,19,"1,329",14.8,5,6,11,5,0,0,2,0,0.34,0.41,0.74,0.34,0.74,Matches,0.11,0.28,45,18,40.0,1.22,3.05,,,,,,,,,,,,,,,,,,,Chinese Football Association Super League,2025
6f3dd1b0,Juan Salazar,Juan Salazar,co COL,"FW,MF",Changchun Yatai,27,1997,11,8,778,8.6,2,1,3,2,0,0,3,0,0.23,0.12,0.35,0.23,0.35,Matches,0.10,0.22,21,9,42.9,1.04,2.43,,,,,,,,,,,,,,,,,,,Chinese Football Association Super League,2025
6b121593,Cristian Salvador,Cristian Salvador,es ESP,MF,Jinmen Tiger,30,1994,24,23,"1,947",21.6,1,5,6,1,0,0,7,0,0.05,0.23,0.28,0.05,0.28,Matches,0.05,1.00,22,1,4.5,0.05,1.02,,,,,,,,,,,,,,,,,,,Chinese Football Association Super League,2025
0063a224,Elvis Sarić,Elvis Sarić,ba BIH,MF,Qingdao Hainiu,34,1990,23,23,"1,956",21.7,5,2,7,3,2,2,7,0,0.23,0.09,0.32,0.14,0.23,Matches,0.07,0.19,45,16,35.6,0.74,2.07,,,,,,,,,,,,,,,,,,,Chinese Football Association Super League,2025
33591ff0,Manprit Sarkaria,Manprit Sarkaria,at AUT,"FW,MF",Shenzhen Peng City,28,1996,14,7,711,7.9,1,2,3,1,0,0,2,0,0.13,0.25,0.38,0.13,0.38,Matches,0.08,0.20,12,5,41.7,0.63,1.52,,,,,,,,,,,,,,,,,,,Chinese Football Association Super League,2025
fd53959e,Gustavo Sauer,Gustavo Sauer,br BRA,"MF,FW",Wuhan Three Towns,31,1993,28,28,"2,400",26.7,6,6,12,5,1,1,8,0,0.23,0.23,0.45,0.19,0.41,Matches,0.07,0.14,70,36,51.4,1.35,2.62,,,,,,,,,,,,,,,,,,,Chinese Football Association Super League,2025
7566e58a,Hou Sen,Hou Sen,cn CHN,GK,Beijing Guoan,35,1989,25,24,"2,195",24.4,0,0,0,0,0,0,1,0,0.00,0.00,0.00,0.00,0.00,Matches,,,0,0,,0.00,0.00,6,25.0,25,24,40,1.64,7,"2,195",4,4,0,0.0,0,67.9,76,112,2,15,Chinese Football Association Super League,2025
8f61bec1,Luo Senwen,Luo Senwen,cn CHN,MF,Qingdao Hainiu,32,1993,17,7,637,7.1,0,0,0,0,0,0,3,0,0.00,0.00,0.00,0.00,0.00,Matches,0.00,,5,0,0.0,0.00,0.71,,,,,,,,,,,,,,,,,,,Chinese Football Association Super League,2025
b51396fe,Serginho,Serginho,cn CHN,"MF,FW",Beijing Guoan,29,1995,27,23,"1,789",19.9,7,5,12,7,0,0,0,0,0.35,0.25,0.60,0.35,0.60,Matches,0.20,0.54,35,13,37.1,0.65,1.76,,,,,,,,,,,,,,,,,,,Chinese Football Association Super League,2025
2aa50947,Huang Shan,Huang Shan,cn CHN,MF,Dalian Yingbo,18,2006,1,0,3,0.0,0,0,0,0,0,0,0,0,0.00,0.00,0.00,0.00,0.00,Matches,,,0,0,,0.00,0.00,,,,,,,,,,,,,,,,,,,Chinese Football Association Super League,2025
ab796758,Wang Shangyuan,Wang Shangyuan,cn CHN,MF,Henan,31,1993,28,26,"2,400",26.7,0,5,5,0,0,0,7,0,0.00,0.19,0.19,0.00,0.19,Matches,0.00,0.00,18,3,16.7,0.11,0.68,,,,,,,,,,,,,,,,,,,Chinese Football Association Super League,2025
5da73f1f,Wu Shaocong,Wu Shaocong,cn CHN,DF,Beijing Guoan,24,2000,21,17,"1,604",17.8,0,0,0,0,0,0,3,0,0.00,0.00,0.00,0.00,0.00,Matches,0.00,0.00,6,1,16.7,0.06,0.34,,,,,,,,,,,,,,,,,,,Chinese Football Association Super League,2025
8c2a8437,Yusupjan Shemshidin,Yusupjan Shemshidin,cn CHN,DF,Shandong Taishan,20,2004,1,0,10,0.1,0,0,0,0,0,0,0,0,0.00,0.00,0.00,0.00,0.00,Matches,,,0,0,,0.00,0.00,,,,,,,,,,,,,,,,,,,Chinese Football Association Super League,2025
eea56f81,Wang Shenchao,Wang Shenchao,cn CHN,DF,Shanghai Port,35,1989,28,18,"1,664",18.5,4,1,5,4,0,0,2,0,0.22,0.05,0.27,0.22,0.27,Matches,0.22,0.80,18,5,27.8,0.27,0.97,,,,,,,,,,,,,,,,,,,Chinese Football Association Super League,2025
e04a08f0,Jiang Shenglong,Jiang Shenglong,cn CHN,DF,Shanghai Shen,24,2000,26,26,"2,340",26.0,4,0,4,4,0,0,4,0,0.15,0.00,0.15,0.15,0.15,Matches,0.15,0.57,27,7,25.9,0.27,1.04,,,,,,,,,,,,,,,,,,,Chinese Football Association Super League,2025
cfbd83bb,Li Shenglong,Li Shenglong,cn CHN,FW,Shanghai Port,32,1992,13,0,181,2.0,1,0,1,1,0,0,2,0,0.50,0.00,0.50,0.50,0.50,Matches,0.50,0.50,2,2,100.0,0.99,0.99,,,,,,,,,,,,,,,,,,,Chinese Football Association Super League,2025
c84d27a5,Ji Shengpan,Ji Shengpan,cn CHN,MF,Meizhou Hakka,25,1999,15,2,355,3.9,2,0,2,2,0,0,0,0,0.51,0.00,0.51,0.51,0.51,Matches,0.22,1.00,9,2,22.2,0.51,2.28,,,,,,,,,,,,,,,,,,,Chinese Football Association Super League,2025
de296fbf,Bao Shengxin,Bao Shengxin,cn CHN,MF,Zhejiang,21,2003,6,3,255,2.8,0,0,0,0,0,0,1,0,0.00,0.00,0.00,0.00,0.00,Matches,0.00,0.00,4,1,25.0,0.35,1.41,,,,,,,,,,,,,,,,,,,Chinese Football Association Super League,2025
60e439c8,Huo Shenping,Huo Shenping,cn CHN,GK,Zhejiang,21,2003,2,1,101,1.1,0,0,0,0,0,0,0,0,0.00,0.00,0.00,0.00,0.00,Matches,,,0,0,,0.00,0.00,0,0.0,2,1,3,2.67,1,101,0,0,0,,0,70.0,7,10,0,0,Chinese Football Association Super League,2025
e705e930,Li Shenyuan,Li Shenyuan,cn CHN,"MF,DF",Changchun Yatai,27,1997,20,15,"1,283",14.3,0,1,1,0,0,0,3,0,0.00,0.07,0.07,0.00,0.07,Matches,0.00,0.00,7,1,14.3,0.07,0.49,,,,,,,,,,,,,,,,,,,Chinese Football Association Super League,2025
debc969d,Zhao Shi,Zhao Shi,cn CHN,GK,Shenzhen Peng City,31,1993,4,4,360,4.0,0,0,0,0,0,0,0,0,0.00,0.00,0.00,0.00,0.00,Matches,,,0,0,,0.00,0.00,1,25.0,4,4,10,2.50,3,360,1,2,0,50.0,1,35.7,6,14,0,1,Chinese Football Association Super League,2025
a47e6424,Wei Shihao,Wei Shihao,cn CHN,MF,Chengdu Rongcheng,29,1995,24,21,"1,662",18.5,10,8,18,8,2,2,6,1,0.54,0.43,0.97,0.43,0.87,Matches,0.12,0.32,68,25,36.8,1.35,3.68,,,,,,,,,,,,,,,,,,,Chinese Football Association Super League,2025
c0ed36ef,Wang Shilong,Wang Shilong,cn CHN,DF,Shanghai Shen,23,2001,2,1,59,0.7,0,0,0,0,0,0,0,0,0.00,0.00,0.00,0.00,0.00,Matches,,,0,0,,0.00,0.00,,,,,,,,,,,,,,,,,,,Chinese Football Association Super League,2025
982450ea,Yelijiang Shinaer,Yelijiang Shinaer,cn CHN,"DF,MF",Henan,25,1999,22,16,"1,405",15.6,0,0,0,0,0,0,4,0,0.00,0.00,0.00,0.00,0.00,Matches,0.00,,3,0,0.0,0.00,0.19,,,,,,,,,,,,,,,,,,,Chinese Football Association Super League,2025
766a2ad2,Chan Shinichi,Chan Shinichi,hk HKG,DF,Shanghai Shen,22,2002,28,27,"2,329",25.9,4,6,10,4,0,0,1,0,0.15,0.23,0.39,0.15,0.39,Matches,0.13,0.50,30,8,26.7,0.31,1.16,,,,,,,,,,,,,,,,,,,Chinese Football Association Super League,2025
55762a1f,Wang Shiqin,Wang Shiqin,cn CHN,"DF,MF",Zhejiang,21,2003,26,18,"1,656",18.4,0,0,0,0,0,0,4,0,0.00,0.00,0.00,0.00,0.00,Matches,0.00,,3,0,0.0,0.00,0.16,,,,,,,,,,,,,,,,,,,Chinese Football Association Super League,2025
6b9251ca,Che Shiwei,Che Shiwei,cn CHN,MF,Qingdao Hainiu,28,1996,19,6,735,8.2,1,0,1,1,0,0,3,0,0.12,0.00,0.12,0.12,0.12,Matches,0.07,0.33,15,3,20.0,0.37,1.84,,,,,,,,,,,,,,,,,,,Chinese Football Association Super League,2025
b058aa22,Yang Shiyuan,Yang Shiyuan,cn CHN,MF,Shanghai Port,30,1994,10,1,178,2.0,0,0,0,0,0,0,3,0,0.00,0.00,0.00,0.00,0.00,Matches,0.00,0.00,4,2,50.0,1.01,2.02,,,,,,,,,,,,,,,,,,,Chinese Football Association Super League,2025
429bbb5f,Li Shuai,Li Shuai,cn CHN,DF,Shanghai Port,29,1995,25,23,"2,049",22.8,2,6,8,2,0,0,4,1,0.09,0.26,0.35,0.09,0.35,Matches,0.15,1.00,13,2,15.4,0.09,0.57,,,,,,,,,,,,,,,,,,,Chinese Football Association Super League,2025
73d5b4cd,Yang Shuai,Yang Shuai,cn CHN,DF,Chengdu Rongcheng,28,1997,17,9,787,8.7,0,0,0,0,0,0,1,0,0.00,0.00,0.00,0.00,0.00,Matches,0.00,0.00,5,1,20.0,0.11,0.57,,,,,,,,,,,,,,,,,,,Chinese Football Association Super League,2025
6fd77e66,Mei Shuaijun,Mei Shuaijun,cn CHN,MF,Shandong Taishan,18,2006,4,0,78,0.9,0,0,0,0,0,0,0,0,0.00,0.00,0.00,0.00,0.00,Matches,0.00,,2,0,0.0,0.00,2.31,,,,,,,,,,,,,,,,,,,Chinese Football Association Super League,2025
9c64843b,Fan Shuangjie,Fan Shuangjie,cn CHN,"DF,MF",Beijing Guoan,19,2005,17,10,832,9.2,0,0,0,0,0,0,4,0,0.00,0.00,0.00,0.00,0.00,Matches,0.00,0.00,4,1,25.0,0.11,0.43,,,,,,,,,,,,,,,,,,,Chinese Football Association Super League,2025
97e537bd,Jin Shunkai,Jin Shunkai,cn CHN,DF,Shanghai Shen,23,2001,4,3,308,3.4,0,0,0,0,0,0,0,0,0.00,0.00,0.00,0.00,0.00,Matches,,,0,0,,0.00,0.00,,,,,,,,,,,,,,,,,,,Chinese Football Association Super League,2025
5c60f49c,Wellington Silva,Wellington Silva,br BRA,"MF,FW",Qingdao Hainiu,32,1993,29,28,"2,382",26.5,11,2,13,10,1,1,7,0,0.42,0.08,0.49,0.38,0.45,Matches,0.13,0.37,79,27,34.2,1.02,2.98,,,,,,,,,,,,,,,,,,,Chinese Football Association Super League,2025
f84c9645,Li Sirong,Li Sirong,cn CHN,DF,Jinmen Tiger,21,2003,1,0,5,0.1,1,0,1,1,0,0,0,0,18.00,0.00,18.00,18.00,18.00,Matches,1.00,1.00,1,1,100.0,18.00,18.00,,,,,,,,,,,,,,,,,,,Chinese Football Association Super League,2025
9cc5e9cf,Nan Song,Nan Song,cn CHN,"MF,DF",Shenzhen Peng City,27,1997,9,5,454,5.0,0,0,0,0,0,0,1,0,0.00,0.00,0.00,0.00,0.00,Matches,0.00,0.00,1,1,100.0,0.20,0.20,,,,,,,,,,,,,,,,,,,Chinese Football Association Super League,2025
bf916d48,Shi Songchen,Shi Songchen,cn CHN,DF,Shandong Taishan,19,2005,3,1,147,1.6,0,0,0,0,0,0,1,0,0.00,0.00,0.00,0.00,0.00,Matches,,,0,0,,0.00,0.00,,,,,,,,,,,,,,,,,,,Chinese Football Association Super League,2025
8b6b6353,Li Songyi,Li Songyi,cn CHN,DF,Yunnan Yukun,32,1993,20,18,"1,614",17.9,1,1,2,1,0,0,4,0,0.06,0.06,0.11,0.06,0.11,Matches,0.14,0.50,7,2,28.6,0.11,0.39,,,,,,,,,,,,,,,,,,,Chinese Football Association Super League,2025
d7e1b912,Felipe Sousa,Felipe Sousa,br BRA,FW,Chengdu Rongcheng,32,1992,30,29,"2,594",28.8,15,4,19,14,1,2,2,0,0.52,0.14,0.66,0.49,0.62,Matches,0.14,0.31,98,45,45.9,1.56,3.40,,,,,,,,,,,,,,,,,,,Chinese Football Association Super League,2025
71d803dc,Gabriel Airton de Souza,Gabriel Airton de Souza,br BRA,MF,Shanghai Port,28,1996,26,24,"2,048",22.8,11,5,16,8,3,4,1,0,0.48,0.22,0.70,0.35,0.57,Matches,0.14,0.30,59,27,45.8,1.19,2.59,,,,,,,,,,,,,,,,,,,Chinese Football Association Super League,2025
02ce2030,Uroš Spajić,Uroš Spajić,rs SRB,DF,Beijing Guoan,31,1993,11,9,703,7.8,0,1,1,0,0,0,4,0,0.00,0.13,0.13,0.00,0.13,Matches,0.00,0.00,8,3,37.5,0.38,1.02,,,,,,,,,,,,,,,,,,,Chinese Football Association Super League,2025
7eb6a6fc,Xuelong Sun,Xuelong Sun,cn CHN,MF,Yunnan Yukun,25,1999,11,0,144,1.6,1,0,1,1,0,0,0,0,0.62,0.00,0.62,0.62,0.62,Matches,1.00,1.00,1,1,100.0,0.62,0.62,,,,,,,,,,,,,,,,,,,Chinese Football Association Super League,2025
1bab7b66,Stoppila Sunzu,Stoppila Sunzu,zm ZAM,DF,Changchun Yatai,35,1989,26,23,"2,062",22.9,0,0,0,0,0,0,4,0,0.00,0.00,0.00,0.00,0.00,Matches,0.00,,15,0,0.0,0.00,0.65,,,,,,,,,,,,,,,,,,,Chinese Football Association Super League,2025
ad9375f3,Wei Suowei,Wei Suowei,cn CHN,DF,Qingdao Hainiu,19,2005,14,13,799,8.9,0,0,0,0,0,0,0,0,0.00,0.00,0.00,0.00,0.00,Matches,0.00,0.00,6,4,66.7,0.45,0.68,,,,,,,,,,,,,,,,,,,Chinese Football Association Super League,2025
61933ec0,Xiaokaitijiang Taiyer,Xiaokaitijiang Taiyer,cn CHN,DF,Wuhan Three Towns,23,2001,1,0,12,0.1,0,0,0,0,0,0,0,0,0.00,0.00,0.00,0.00,0.00,Matches,,,0,0,,0.00,0.00,,,,,,,,,,,,,,,,,,,Chinese Football Association Super League,2025
5d5300a7,Jian Tao,Jian Tao,cn CHN,GK,Chengdu Rongcheng,23,2001,3,3,270,3.0,0,0,0,0,0,0,0,0,0.00,0.00,0.00,0.00,0.00,Matches,,,0,0,,0.00,0.00,1,33.3,3,3,3,1.00,1,270,0,0,0,,0,72.7,8,11,2,0,Chinese Football Association Super League,2025
d30126b0,Zhang Tao,Zhang Tao,cn CHN,DF,Wuhan Three Towns,21,2003,3,0,42,0.5,0,0,0,0,0,0,2,0,0.00,0.00,0.00,0.00,0.00,Matches,,,0,0,,0.00,0.00,,,,,,,,,,,,,,,,,,,Chinese Football Association Super League,2025
8620f0c1,Piao Taoyu,Piao Taoyu,cn CHN,MF,Changchun Yatai,31,1993,26,20,"1,758",19.5,0,0,0,0,0,0,3,0,0.00,0.00,0.00,0.00,0.00,Matches,0.00,0.00,9,3,33.3,0.15,0.46,,,,,,,,,,,,,,,,,,,Chinese Football Association Super League,2025
a5b07030,Yi Teng,Yi Teng,cn CHN,DF,Yunnan Yukun,34,1990,17,14,"1,126",12.5,0,0,0,0,0,0,3,1,0.00,0.00,0.00,0.00,0.00,Matches,0.00,,1,0,0.0,0.00,0.08,,,,,,,,,,,,,,,,,,,Chinese Football Association Super League,2025
25a33b67,Tiago,Tiago,br BRA,"FW,MF",Shenzhen Peng City,32,1992,28,16,"1,454",16.2,3,0,3,3,0,0,2,0,0.19,0.00,0.19,0.19,0.19,Matches,0.06,0.23,51,13,25.5,0.80,3.16,,,,,,,,,,,,,,,,,,,Chinese Football Association Super League,2025
f16e0917,Ming Tian,Ming Tian,cn CHN,DF,Shanghai Port,29,1995,14,11,923,10.3,0,1,1,0,0,0,1,0,0.00,0.10,0.10,0.00,0.10,Matches,0.00,0.00,5,2,40.0,0.20,0.49,,,,,,,,,,,,,,,,,,,Chinese Football Association Super League,2025
8a865099,Ziyi Tian,Ziyi Tian,cn CHN,DF,Meizhou Hakka,24,2001,16,5,532,5.9,0,0,0,0,0,0,3,0,0.00,0.00,0.00,0.00,0.00,Matches,,,0,0,,0.00,0.00,,,,,,,,,,,,,,,,,,,Chinese Football Association Super League,2025
6b7862d7,Gao Tianyi,Gao Tianyi,cn CHN,MF,Shanghai Shen,26,1998,28,23,"1,686",18.7,2,8,10,2,0,0,5,0,0.11,0.43,0.53,0.11,0.53,Matches,0.05,0.11,43,19,44.2,1.01,2.30,,,,,,,,,,,,,,,,,,,Chinese Football Association Super League,2025
b8fe0244,Li Tixiang,Li Tixiang,cn CHN,MF,Zhejiang,35,1989,29,29,"2,559",28.4,0,7,7,0,0,0,6,1,0.00,0.25,0.25,0.00,0.25,Matches,0.00,,5,0,0.0,0.00,0.18,,,,,,,,,,,,,,,,,,,Chinese Football Association Super League,2025
34d741cc,Wang Tong,Wang Tong,cn CHN,"DF,MF",Shandong Taishan,31,1993,13,7,496,5.5,1,0,1,1,0,0,1,0,0.18,0.00,0.18,0.18,0.18,Matches,0.25,1.00,4,1,25.0,0.18,0.73,,,,,,,,,,,,,,,,,,,Chinese Football Association Super League,2025
fb3b1ff0,Mamadou Traoré,Mamadou Traoré,ml MLI,DF,Dalian Yingbo,30,1994,21,20,"1,707",19.0,1,0,1,1,0,0,3,0,0.05,0.00,0.05,0.05,0.05,Matches,0.05,0.17,19,6,31.6,0.32,1.00,,,,,,,,,,,,,,,,,,,Chinese Football Association Super League,2025
d93d7fd9,Alexandru Tudorie,Alexandru Tudorie,ro ROU,FW,Wuhan Three Towns,28,1996,26,23,"2,038",22.6,10,0,10,7,3,4,2,0,0.44,0.00,0.44,0.31,0.31,Matches,0.12,0.28,60,25,41.7,1.10,2.65,,,,,,,,,,,,,,,,,,,Chinese Football Association Super League,2025
23937eca,Yue Tze Nam,Yue Tze Nam,hk HKG,DF,Meizhou Hakka,26,1998,19,18,"1,628",18.1,3,0,3,3,0,0,4,1,0.17,0.00,0.17,0.17,0.17,Matches,0.12,0.33,25,9,36.0,0.50,1.38,,,,,,,,,,,,,,,,,,,Chinese Football Association Super League,2025
db9c8fa4,Mateus Vital,Mateus Vital,br BRA,MF,Shanghai Port,26,1998,30,30,"2,487",27.6,5,8,13,4,1,1,2,0,0.18,0.29,0.47,0.14,0.43,Matches,0.08,0.20,53,20,37.7,0.72,1.92,,,,,,,,,,,,,,,,,,,Chinese Football Association Super League,2025
345389af,Kang Wang,Kang Wang,cn CHN,DF,Wuhan Three Towns,18,2006,4,2,244,2.7,0,0,0,0,0,0,0,0,0.00,0.00,0.00,0.00,0.00,Matches,0.00,0.00,2,1,50.0,0.37,0.74,,,,,,,,,,,,,,,,,,,Chinese Football Association Super League,2025
61715a99,Tsui Wang Kit,Tsui Wang Kit,hk HKG,DF,Yunnan Yukun,28,1997,13,13,"1,147",12.7,3,1,4,3,0,0,2,0,0.24,0.08,0.31,0.24,0.31,Matches,0.33,0.60,9,5,55.6,0.39,0.71,,,,,,,,,,,,,,,,,,,Chinese Football Association Super League,2025
78e5613c,Chen Wei,Chen Wei,cn CHN,GK,Shanghai Port,26,1998,4,3,315,3.5,0,0,0,0,0,0,0,0,0.00,0.00,0.00,0.00,0.00,Matches,,,0,0,,0.00,0.00,1,33.3,4,3,3,0.86,0,315,1,1,0,0.0,0,92.3,23,26,1,2,Chinese Football Association Super League,2025
b0a9a506,Long Wei,Long Wei,cn CHN,MF,Wuhan Three Towns,30,1995,28,20,"1,826",20.3,1,0,1,1,0,0,3,0,0.05,0.00,0.05,0.05,0.05,Matches,0.10,0.33,10,3,30.0,0.15,0.49,,,,,,,,,,,,,,,,,,,Chinese Football Association Super League,2025
e0218e82,Wu Wei,Wu Wei,cn CHN,MF,Zhejiang,27,1997,1,0,45,0.5,0,0,0,0,0,0,0,0,0.00,0.00,0.00,0.00,0.00,Matches,,,0,0,,0.00,0.00,,,,,,,,,,,,,,,,,,,Chinese Football Association Super League,2025
f141628b,Zhang Wei,Zhang Wei,cn CHN,FW,Jinmen Tiger,24,2000,1,1,45,0.5,0,0,0,0,0,0,0,0,0.00,0.00,0.00,0.00,0.00,Matches,,,0,0,,0.00,0.00,,,,,,,,,,,,,,,,,,,Chinese Football Association Super League,2025
a19d303d,Zhang Wei,Zhang Wei,cn CHN,"DF,MF",Shenzhen Peng City,31,1993,22,17,"1,514",16.8,0,0,0,0,0,0,2,0,0.00,0.00,0.00,0.00,0.00,Matches,0.00,0.00,11,1,9.1,0.06,0.65,,,,,,,,,,,,,,,,,,,Chinese Football Association Super League,2025
f034efa4,Rao Weihui,Rao Weihui,cn CHN,DF,Meizhou Hakka,35,1989,21,10,879,9.8,0,1,1,0,0,0,1,0,0.00,0.10,0.10,0.00,0.10,Matches,0.00,,5,0,0.0,0.00,0.51,,,,,,,,,,,,,,,,,,,Chinese Football Association Super League,2025
7f700b21,Mao Weijie,Mao Weijie,cn CHN,"MF,DF",Dalian Yingbo,19,2005,23,10,942,10.5,1,1,2,1,0,0,3,0,0.10,0.10,0.19,0.10,0.19,Matches,0.07,0.33,14,3,21.4,0.29,1.34,,,,,,,,,,,,,,,,,,,Chinese Football Association Super League,2025
374b2a46,Sui Weijie,Sui Weijie,cn CHN,GK,Dalian Yingbo,41,1983,14,14,"1,260",14.0,0,0,0,0,0,0,1,0,0.00,0.00,0.00,0.00,0.00,Matches,,,0,0,,0.00,0.00,2,14.3,14,14,23,1.64,6,"1,260",2,3,0,33.3,1,65.0,40,60,5,3,Chinese Football Association Super League,2025
5e0e2def,Xie Weijun,Xie Weijun,cn CHN,"DF,FW",Jinmen Tiger,27,1997,30,15,"1,511",16.8,1,1,2,1,0,0,1,0,0.06,0.06,0.12,0.06,0.12,Matches,0.07,0.20,15,5,33.3,0.30,0.89,,,,,,,,,,,,,,,,,,,Chinese Football Association Super League,2025
4f830a4c,Jiang Weiyi,Jiang Weiyi,cn CHN,MF,Shenzhen Peng City,21,2004,1,0,3,0.0,0,0,0,0,0,0,0,0,0.00,0.00,0.00,0.00,0.00,Matches,,,0,0,,0.00,0.00,,,,,,,,,,,,,,,,,,,Chinese Football Association Super League,2025
b349e8ac,Jiang Wenhao,Jiang Wenhao,cn CHN,DF,Beijing Guoan,25,2000,3,2,99,1.1,0,0,0,0,0,0,1,0,0.00,0.00,0.00,0.00,0.00,Matches,0.00,,2,0,0.0,0.00,1.82,,,,,,,,,,,,,,,,,,,Chinese Football Association Super League,2025
87edc90c,Song Wenjie,Song Wenjie,cn CHN,"FW,DF",Qingdao Hainiu,34,1991,14,6,763,8.5,1,1,2,1,0,0,0,1,0.12,0.12,0.24,0.12,0.24,Matches,0.09,0.33,11,3,27.3,0.35,1.30,,,,,,,,,,,,,,,,,,,Chinese Football Association Super League,2025
b3413e4d,Lü Wenjun,Lü Wenjun,cn CHN,"DF,FW",Shanghai Port,35,1989,5,0,66,0.7,0,0,0,0,0,0,1,0,0.00,0.00,0.00,0.00,0.00,Matches,0.00,,1,0,0.0,0.00,1.36,,,,,,,,,,,,,,,,,,,Chinese Football Association Super League,2025
3d73907e,Xie Wenneng,Xie Wenneng,cn CHN,MF,Shandong Taishan,23,2001,29,18,"1,727",19.2,4,8,12,4,0,0,4,0,0.21,0.42,0.63,0.21,0.63,Matches,0.10,0.29,39,14,35.9,0.73,2.03,,,,,,,,,,,,,,,,,,,Chinese Football Association Super League,2025
f481cbbd,Anson Wong,Anson Wong,hk HKG,"MF,FW",Qingdao Hainiu,22,2002,13,3,344,3.8,0,0,0,0,0,0,1,0,0.00,0.00,0.00,0.00,0.00,Matches,0.00,0.00,6,2,33.3,0.52,1.57,,,,,,,,,,,,,,,,,,,Chinese Football Association Super League,2025
4f182a8f,Xadas,Xadas,pt POR,"MF,FW",Jinmen Tiger,27,1997,29,27,"2,480",27.6,7,5,12,4,3,4,4,0,0.25,0.18,0.44,0.15,0.33,Matches,0.06,0.16,63,25,39.7,0.91,2.29,,,,,,,,,,,,,,,,,,,Chinese Football Association Super League,2025
bbede960,Wu Xi,Wu Xi,cn CHN,MF,Shanghai Shen,35,1989,28,28,"2,410",26.8,9,5,14,6,3,3,1,0,0.34,0.19,0.52,0.22,0.41,Matches,0.10,0.25,59,24,40.7,0.90,2.20,,,,,,,,,,,,,,,,,,,Chinese Football Association Super League,2025
2633cef0,Yan Xiangchuang,Yan Xiangchuang,cn CHN,"FW,MF",Dalian Yingbo,38,1986,4,0,17,0.2,0,0,0,0,0,0,0,0,0.00,0.00,0.00,0.00,0.00,Matches,,,0,0,,0.00,0.00,,,,,,,,,,,,,,,,,,,Chinese Football Association Super League,2025
e4bfa2f6,Wei Xiangxin,Wei Xiangxin,cn CHN,MF,Meizhou Hakka,16,2008,17,1,450,5.0,1,0,1,0,1,1,0,0,0.20,0.00,0.20,0.00,0.00,Matches,0.00,0.00,13,4,30.8,0.80,2.60,,,,,,,,,,,,,,,,,,,Chinese Football Association Super League,2025
94e08416,Wang Xianjun,Wang Xianjun,cn CHN,DF,Jinmen Tiger,24,2000,24,20,"1,680",18.7,0,0,0,0,0,0,4,0,0.00,0.00,0.00,0.00,0.00,Matches,0.00,0.00,5,2,40.0,0.11,0.27,,,,,,,,,,,,,,,,,,,Chinese Football Association Super League,2025
e740075f,Peng Xiao,Peng Xiao,cn CHN,DF,Shandong Taishan,19,2005,11,9,661,7.3,0,0,0,0,0,0,2,0,0.00,0.00,0.00,0.00,0.00,Matches,0.00,0.00,3,1,33.3,0.14,0.41,,,,,,,,,,,,,,,,,,,Chinese Football Association Super League,2025
d7e66260,Zhang Xiaobin,Zhang Xiaobin,cn CHN,MF,Shenzhen Peng City,31,1993,26,21,"1,827",20.3,0,1,1,0,0,0,4,0,0.00,0.05,0.05,0.00,0.05,Matches,0.00,0.00,4,1,25.0,0.05,0.20,,,,,,,,,,,,,,,,,,,Chinese Football Association Super League,2025
f89131c6,He Xiaoke,He Xiaoke,cn CHN,FW,Henan,21,2004,3,0,20,0.2,0,0,0,0,0,0,0,0,0.00,0.00,0.00,0.00,0.00,Matches,0.00,,1,0,0.0,0.00,4.50,,,,,,,,,,,,,,,,,,,Chinese Football Association Super League,2025
dc232e8b,Liu Xiaolong,Liu Xiaolong,cn CHN,MF,Qingdao West Coast,21,2003,13,1,239,2.7,0,0,0,0,0,0,1,0,0.00,0.00,0.00,0.00,0.00,Matches,0.00,0.00,6,3,50.0,1.13,2.26,,,,,,,,,,,,,,,,,,,Chinese Football Association Super League,2025
44aa2b56,Tang Xin,Tang Xin,cn CHN,MF,Chengdu Rongcheng,34,1990,2,1,46,0.5,0,0,0,0,0,0,0,0,0.00,0.00,0.00,0.00,0.00,Matches,,,0,0,,0.00,0.00,,,,,,,,,,,,,,,,,,,Chinese Football Association Super League,2025
e99732e3,Xu Xin,Xu Xin,cn CHN,MF,Shanghai Port,30,1994,16,9,762,8.5,1,3,4,1,0,0,3,0,0.12,0.35,0.47,0.12,0.47,Matches,0.20,1.00,5,1,20.0,0.12,0.59,,,,,,,,,,,,,,,,,,,Chinese Football Association Super League,2025
7b7202f5,Yue Xin,Yue Xin,cn CHN,DF,Zhejiang,29,1995,5,1,179,2.0,0,0,0,0,0,0,0,0,0.00,0.00,0.00,0.00,0.00,Matches,0.00,,3,0,0.0,0.00,1.51,,,,,,,,,,,,,,,,,,,Chinese Football Association Super League,2025
8610156b,Chen Xing,Chen Xing,cn CHN,GK,Wuhan Three Towns,20,2004,1,0,8,0.1,0,0,0,0,0,0,1,0,0.00,0.00,0.00,0.00,0.00,Matches,,,0,0,,0.00,0.00,0,,1,0,0,0.00,,8,0,0,0,,0,,0,0,,,Chinese Football Association Super League,2025
5f5be80b,Wu Xinghan,Wu Xinghan,cn CHN,DF,Shandong Taishan,31,1993,14,6,627,7.0,0,0,0,0,0,0,2,1,0.00,0.00,0.00,0.00,0.00,Matches,0.00,0.00,2,1,50.0,0.14,0.29,,,,,,,,,,,,,,,,,,,Chinese Football Association Super League,2025
2cd03c1b,Peng Xinli,Peng Xinli,cn CHN,MF,Shandong Taishan,33,1991,12,6,448,5.0,0,1,1,0,0,0,2,1,0.00,0.20,0.20,0.00,0.20,Matches,0.00,0.00,5,1,20.0,0.20,1.00,,,,,,,,,,,,,,,,,,,Chinese Football Association Super League,2025
2cd03c1b,Peng Xinli,Peng Xinli,cn CHN,MF,Shandong Taishan,33,1991,12,6,448,5.0,0,1,1,0,0,0,2,1,0.00,0.20,0.20,0.00,0.20,Matches,0.00,0.00,4,2,50.0,0.47,0.94,,,,,,,,,,,,,,,,,,,Chinese Football Association Super League,2025
2cd03c1b,Peng Xinli,Peng Xinli,cn CHN,"MF,FW",Changchun Yatai,33,1991,5,5,385,4.3,0,2,2,0,0,0,2,0,0.00,0.47,0.47,0.00,0.47,Matches,0.00,0.00,5,1,20.0,0.20,1.00,,,,,,,,,,,,,,,,,,,Chinese Football Association Super League,2025
2cd03c1b,Peng Xinli,Peng Xinli,cn CHN,"MF,FW",Changchun Yatai,33,1991,5,5,385,4.3,0,2,2,0,0,0,2,0,0.00,0.47,0.47,0.00,0.47,Matches,0.00,0.00,4,2,50.0,0.47,0.94,,,,,,,,,,,,,,,,,,,Chinese Football Association Super League,2025
9ff9f6e3,Li Xinxiang,Li Xinxiang,cn CHN,"MF,FW",Shanghai Port,19,2005,23,7,874,9.7,6,3,9,6,0,0,2,0,0.62,0.31,0.93,0.62,0.93,Matches,0.25,0.75,24,8,33.3,0.82,2.47,,,,,,,,,,,,,,,,,,,Chinese Football Association Super League,2025
779677d6,Liu Xinyu,Liu Xinyu,cn CHN,"FW,MF",Henan,33,1991,18,5,543,6.0,2,0,2,2,0,0,1,0,0.33,0.00,0.33,0.33,0.33,Matches,0.33,0.67,6,3,50.0,0.50,0.99,,,,,,,,,,,,,,,,,,,Chinese Football Association Super League,2025
e5d08152,Zhang Xiuwei,Zhang Xiuwei,cn CHN,"MF,FW",Qingdao West Coast,28,1996,25,12,981,10.9,1,1,2,1,0,0,4,0,0.09,0.09,0.18,0.09,0.18,Matches,0.13,1.00,8,1,12.5,0.09,0.73,,,,,,,,,,,,,,,,,,,Chinese Football Association Super League,2025
3f3f8c58,Zhang Xizhe,Zhang Xizhe,cn CHN,"MF,FW",Beijing Guoan,34,1991,17,3,401,4.5,4,4,8,3,1,1,1,1,0.90,0.90,1.80,0.67,1.57,Matches,0.23,0.43,13,7,53.8,1.57,2.92,,,,,,,,,,,,,,,,,,,Chinese Football Association Super League,2025
6d9ab568,Yao Xuchen,Yao Xuchen,cn CHN,MF,Changchun Yatai,25,1999,12,8,613,6.8,0,1,1,0,0,0,1,0,0.00,0.15,0.15,0.00,0.15,Matches,0.00,0.00,7,4,57.1,0.59,1.03,,,,,,,,,,,,,,,,,,,Chinese Football Association Super League,2025
6b3d4bf9,Zhao Xuebin,Zhao Xuebin,cn CHN,FW,Dalian Yingbo,32,1993,8,0,109,1.2,0,0,0,0,0,0,1,0,0.00,0.00,0.00,0.00,0.00,Matches,0.00,0.00,9,4,44.4,3.30,7.43,,,,,,,,,,,,,,,,,,,Chinese Football Association Super League,2025
1ceb789d,Chen Xuhuang,Chen Xuhuang,cn CHN,MF,Meizhou Hakka,21,2003,22,8,884,9.8,0,1,1,0,0,0,3,0,0.00,0.10,0.10,0.00,0.10,Matches,0.00,,5,0,0.0,0.00,0.51,,,,,,,,,,,,,,,,,,,Chinese Football Association Super League,2025
4d86f260,Wu Yake,Wu Yake,cn CHN,GK,Changchun Yatai,33,1991,21,21,"1,883",20.9,0,0,0,0,0,0,1,0,0.00,0.00,0.00,0.00,0.00,Matches,,,0,0,,0.00,0.00,4,19.0,21,21,36,1.72,15,"1,883",0,2,1,100.0,1,66.4,72,107,3,3,Chinese Football Association Super League,2025
052ac6d5,Abdul-Aziz Yakubu,Abdul-Aziz Yakubu,gh GHA,FW,Qingdao West Coast,26,1998,30,29,"2,486",27.6,10,7,17,9,1,1,1,0,0.36,0.25,0.62,0.33,0.58,Matches,0.19,0.38,48,24,50.0,0.87,1.74,,,,,,,,,,,,,,,,,,,Chinese Football Association Super League,2025
6957d159,Shi Yan,Shi Yan,cn CHN,MF,Jinmen Tiger,22,2002,9,3,263,2.9,0,0,0,0,0,0,1,0,0.00,0.00,0.00,0.00,0.00,Matches,0.00,,3,0,0.0,0.00,1.03,,,,,,,,,,,,,,,,,,,Chinese Football Association Super League,2025
f899b844,Dong Yanfeng,Dong Yanfeng,cn CHN,DF,Chengdu Rongcheng,28,1996,10,4,365,4.1,0,0,0,0,0,0,1,0,0.00,0.00,0.00,0.00,0.00,Matches,0.00,,2,0,0.0,0.00,0.49,,,,,,,,,,,,,,,,,,,Chinese Football Association Super League,2025
c00376c8,Bai Yang,Bai Yang,cn CHN,DF,Beijing Guoan,26,1998,18,14,"1,329",14.8,0,1,1,0,0,0,4,1,0.00,0.07,0.07,0.00,0.07,Matches,0.00,,5,0,0.0,0.00,0.34,,,,,,,,,,,,,,,,,,,Chinese Football Association Super League,2025
3b145212,Li Yang,Li Yang,cn CHN,DF,Chengdu Rongcheng,27,1997,29,23,"1,989",22.1,0,1,1,0,0,0,3,0,0.00,0.05,0.05,0.00,0.05,Matches,0.00,0.00,15,4,26.7,0.18,0.68,,,,,,,,,,,,,,,,,,,Chinese Football Association Super League,2025
a4b619f4,Liu Yang,Liu Yang,cn CHN,"DF,MF",Shandong Taishan,29,1995,29,27,"2,280",25.3,2,4,6,2,0,0,4,1,0.08,0.16,0.24,0.08,0.24,Matches,0.10,0.22,21,9,42.9,0.36,0.83,,,,,,,,,,,,,,,,,,,Chinese Football Association Super League,2025
3755b9f6,Ming-yang Yang,Ming-yang Yang,ch SUI,MF,Chengdu Rongcheng,29,1995,26,22,"1,973",21.9,3,0,3,3,0,0,8,0,0.14,0.00,0.14,0.14,0.14,Matches,0.12,0.30,25,10,40.0,0.46,1.14,,,,,,,,,,,,,,,,,,,Chinese Football Association Super League,2025
01b7bed1,Ruan Yang,Ruan Yang,cn CHN,MF,Jinmen Tiger,31,1993,9,1,128,1.4,0,0,0,0,0,0,0,0,0.00,0.00,0.00,0.00,0.00,Matches,0.00,0.00,3,1,33.3,0.70,2.11,,,,,,,,,,,,,,,,,,,Chinese Football Association Super League,2025
968f961e,Wang Yang,Wang Yang,cn CHN,DF,Zhejiang,32,1993,4,1,91,1.0,0,0,0,0,0,0,0,0,0.00,0.00,0.00,0.00,0.00,Matches,,,0,0,,0.00,0.00,,,,,,,,,,,,,,,,,,,Chinese Football Association Super League,2025
df33b888,Jin Yangyang,Jin Yangyang,cn CHN,DF,Qingdao Hainiu,31,1993,27,26,"2,245",24.9,0,1,1,0,0,0,7,1,0.00,0.04,0.04,0.00,0.04,Matches,0.00,0.00,5,1,20.0,0.04,0.20,,,,,,,,,,,,,,,,,,,Chinese Football Association Super League,2025
880141a9,Wang Yaopeng,Wang Yaopeng,cn CHN,DF,Changchun Yatai,30,1995,4,2,181,2.0,0,0,0,0,0,0,0,0,0.00,0.00,0.00,0.00,0.00,Matches,,,0,0,,0.00,0.00,,,,,,,,,,,,,,,,,,,Chinese Football Association Super League,2025
81521aa3,Bao Yaxiong,Bao Yaxiong,cn CHN,GK,Shanghai Shen,27,1997,8,8,720,8.0,0,0,0,0,0,0,0,0,0.00,0.00,0.00,0.00,0.00,Matches,,,0,0,,0.00,0.00,1,12.5,8,8,9,1.13,0,720,0,0,0,,0,52.6,10,19,2,6,Chinese Football Association Super League,2025
8cc4b934,Nico Yennaris,Nico Yennaris,cn CHN,MF,Shanghai Shen,31,1993,28,26,"2,154",23.9,0,0,0,0,0,0,5,0,0.00,0.00,0.00,0.00,0.00,Matches,0.00,0.00,18,2,11.1,0.08,0.75,,,,,,,,,,,,,,,,,,,Chinese Football Association Super League,2025
8d56279f,Wang Yi Denny,Wang Yi Denny,cn CHN,"DF,MF",Wuhan Three Towns,26,1998,18,9,987,11.0,0,0,0,0,0,0,5,0,0.00,0.00,0.00,0.00,0.00,Matches,0.00,,3,0,0.0,0.00,0.27,,,,,,,,,,,,,,,,,,,Chinese Football Association Super League,2025
6162d87e,Liu Yi,Liu Yi,cn CHN,MF,Dalian Yingbo,28,1997,3,0,33,0.4,0,0,0,0,0,0,0,0,0.00,0.00,0.00,0.00,0.00,Matches,0.00,,1,0,0.0,0.00,2.73,,,,,,,,,,,,,,,,,,,Chinese Football Association Super League,2025
fc42173e,Xianlong Yi,Xianlong Yi,cn CHN,DF,Meizhou Hakka,23,2001,4,1,73,0.8,0,0,0,0,0,0,0,0,0.00,0.00,0.00,0.00,0.00,Matches,,,0,0,,0.00,0.00,,,,,,,,,,,,,,,,,,,Chinese Football Association Super League,2025
c4a5ad06,Sha Yibo,Sha Yibo,cn CHN,DF,Qingdao Hainiu,34,1991,6,0,173,1.9,0,0,0,0,0,0,1,0,0.00,0.00,0.00,0.00,0.00,Matches,,,0,0,,0.00,0.00,,,,,,,,,,,,,,,,,,,Chinese Football Association Super League,2025
3c9daf74,Zhong Yihao,Zhong Yihao,cn CHN,"MF,FW",Henan,28,1996,26,19,"1,505",16.7,5,0,5,5,0,0,4,0,0.30,0.00,0.30,0.30,0.30,Matches,0.17,0.63,30,8,26.7,0.48,1.79,,,,,,,,,,,,,,,,,,,Chinese Football Association Super League,2025
1866afc1,Yang Yihu,Yang Yihu,cn CHN,DF,Meizhou Hakka,33,1991,18,4,590,6.6,0,0,0,0,0,0,6,0,0.00,0.00,0.00,0.00,0.00,Matches,0.00,0.00,5,1,20.0,0.15,0.76,,,,,,,,,,,,,,,,,,,Chinese Football Association Super League,2025
c3e24d7f,Yang Yilin,Yang Yilin,cn CHN,"MF,DF",Henan,25,1999,19,5,611,6.8,1,0,1,1,0,0,0,0,0.15,0.00,0.15,0.15,0.15,Matches,0.08,0.20,12,5,41.7,0.74,1.77,,,,,,,,,,,,,,,,,,,Chinese Football Association Super League,2025
650d94d6,Liu Yiming,Liu Yiming,cn CHN,DF,Wuhan Three Towns,29,1995,19,9,829,9.2,0,0,0,0,0,0,7,0,0.00,0.00,0.00,0.00,0.00,Matches,0.00,,2,0,0.0,0.00,0.22,,,,,,,,,,,,,,,,,,,Chinese Football Association Super League,2025
12adaec8,Yang Yiming,Yang Yiming,cn CHN,DF,Shenzhen Peng City,29,1995,26,22,"1,980",22.0,2,1,3,2,0,0,3,1,0.09,0.05,0.14,0.09,0.14,Matches,0.15,0.50,13,4,30.8,0.18,0.59,,,,,,,,,,,,,,,,,,,Chinese Football Association Super League,2025
9fb04154,Mutalifu Yimingkari,Mutalifu Yimingkari,cn CHN,MF,Chengdu Rongcheng,20,2004,1,0,6,0.1,0,0,0,0,0,0,0,0,0.00,0.00,0.00,0.00,0.00,Matches,0.00,,1,0,0.0,0.00,15.00,,,,,,,,,,,,,,,,,,,Chinese Football Association Super League,2025
9fb04154,Mutalifu Yimingkari,Mutalifu Yimingkari,cn CHN,MF,Chengdu Rongcheng,20,2004,1,0,6,0.1,0,0,0,0,0,0,0,0,0.00,0.00,0.00,0.00,0.00,Matches,0.00,0.00,8,2,25.0,0.47,1.87,,,,,,,,,,,,,,,,,,,Chinese Football Association Super League,2025
9fb04154,Mutalifu Yimingkari,Mutalifu Yimingkari,cn CHN,MF,Qingdao West Coast,20,2004,12,4,386,4.3,0,1,1,0,0,0,1,0,0.00,0.23,0.23,0.00,0.23,Matches,0.00,,1,0,0.0,0.00,15.00,,,,,,,,,,,,,,,,,,,Chinese Football Association Super League,2025
9fb04154,Mutalifu Yimingkari,Mutalifu Yimingkari,cn CHN,MF,Qingdao West Coast,20,2004,12,4,386,4.3,0,1,1,0,0,0,1,0,0.00,0.23,0.23,0.00,0.23,Matches,0.00,0.00,8,2,25.0,0.47,1.87,,,,,,,,,,,,,,,,,,,Chinese Football Association Super League,2025
ddf65441,Zhao Yingjie,Zhao Yingjie,cn CHN,MF,Changchun Yatai,32,1992,22,15,"1,170",13.0,0,1,1,0,0,0,5,0,0.00,0.08,0.08,0.00,0.08,Matches,0.00,0.00,8,2,25.0,0.15,0.62,,,,,,,,,,,,,,,,,,,Chinese Football Association Super League,2025
7940f2bb,He Yiran,He Yiran,cn CHN,"DF,MF",Changchun Yatai,19,2005,24,19,"1,683",18.7,0,1,1,0,0,0,3,0,0.00,0.05,0.05,0.00,0.05,Matches,0.00,0.00,2,1,50.0,0.05,0.11,,,,,,,,,,,,,,,,,,,Chinese Football Association Super League,2025
c147173e,Peng Yixiang,Peng Yixiang,cn CHN,FW,Shandong Taishan,19,2005,3,0,33,0.4,0,0,0,0,0,0,0,0,0.00,0.00,0.00,0.00,0.00,Matches,0.00,,3,0,0.0,0.00,8.18,,,,,,,,,,,,,,,,,,,Chinese Football Association Super League,2025
2366d776,Jin Yonghao,Jin Yonghao,cn CHN,"DF,MF",Qingdao Hainiu,21,2003,29,17,"1,433",15.9,1,1,2,1,0,0,4,0,0.06,0.06,0.13,0.06,0.13,Matches,0.04,0.13,23,8,34.8,0.50,1.44,,,,,,,,,,,,,,,,,,,Chinese Football Association Super League,2025
d8665ee0,Li Yongjia,Li Yongjia,cn CHN,"MF,DF",Jinmen Tiger,23,2001,13,3,280,3.1,0,0,0,0,0,0,1,0,0.00,0.00,0.00,0.00,0.00,Matches,,,0,0,,0.00,0.00,,,,,,,,,,,,,,,,,,,Chinese Football Association Super League,2025
3d946b5b,Cao Yongjing,Cao Yongjing,cn CHN,"MF,FW",Beijing Guoan,27,1997,28,25,"1,975",21.9,3,2,5,3,0,0,4,1,0.14,0.09,0.23,0.14,0.23,Matches,0.07,0.21,43,14,32.6,0.64,1.96,,,,,,,,,,,,,,,,,,,Chinese Football Association Super League,2025
f99ca9bb,Lu Yongtao,Lu Yongtao,cn CHN,MF,Henan,25,2000,9,7,546,6.1,2,0,2,2,0,0,2,0,0.33,0.00,0.33,0.33,0.33,Matches,0.33,0.50,6,4,66.7,0.66,0.99,,,,,,,,,,,,,,,,,,,Chinese Football Association Super League,2025
f99ca9bb,Lu Yongtao,Lu Yongtao,cn CHN,MF,Henan,25,2000,9,7,546,6.1,2,0,2,2,0,0,2,0,0.33,0.00,0.33,0.33,0.33,Matches,0.00,0.00,5,1,20.0,0.31,1.57,,,,,,,,,,,,,,,,,,,Chinese Football Association Super League,2025
f99ca9bb,Lu Yongtao,Lu Yongtao,cn CHN,MF,Shandong Taishan,25,2000,9,2,286,3.2,0,0,0,0,0,0,3,0,0.00,0.00,0.00,0.00,0.00,Matches,0.33,0.50,6,4,66.7,0.66,0.99,,,,,,,,,,,,,,,,,,,Chinese Football Association Super League,2025
f99ca9bb,Lu Yongtao,Lu Yongtao,cn CHN,MF,Shandong Taishan,25,2000,9,2,286,3.2,0,0,0,0,0,0,3,0,0.00,0.00,0.00,0.00,0.00,Matches,0.00,0.00,5,1,20.0,0.31,1.57,,,,,,,,,,,,,,,,,,,Chinese Football Association Super League,2025
0c5d0132,Fei Yu,Fei Yu,cn CHN,MF,Dalian Yingbo,33,1991,5,1,102,1.1,0,0,0,0,0,0,1,0,0.00,0.00,0.00,0.00,0.00,Matches,0.00,0.00,1,1,100.0,0.88,0.88,,,,,,,,,,,,,,,,,,,Chinese Football Association Super League,2025
0cdbf7d9,Wang Yu,Wang Yu,cn CHN,MF,Changchun Yatai,22,2002,15,5,524,5.8,0,0,0,0,0,0,2,1,0.00,0.00,0.00,0.00,0.00,Matches,0.00,0.00,6,1,16.7,0.17,1.03,,,,,,,,,,,,,,,,,,,Chinese Football Association Super League,2025
cb571936,Zhang Yuan,Zhang Yuan,cn CHN,MF,Beijing Guoan,28,1997,14,4,561,6.2,0,2,2,0,0,0,3,1,0.00,0.32,0.32,0.00,0.32,Matches,0.00,0.00,5,2,40.0,0.32,0.80,,,,,,,,,,,,,,,,,,,Chinese Football Association Super League,2025
44407d5e,Su Yuanjie,Su Yuanjie,cn CHN,"MF,DF",Jinmen Tiger,29,1995,14,2,386,4.3,0,0,0,0,0,0,2,0,0.00,0.00,0.00,0.00,0.00,Matches,0.00,,2,0,0.0,0.00,0.47,,,,,,,,,,,,,,,,,,,Chinese Football Association Super League,2025
8ea4e5d5,Li Yuanyi,Li Yuanyi,cn CHN,MF,Shandong Taishan,31,1993,28,22,"1,923",21.4,1,8,9,1,0,0,6,0,0.05,0.37,0.42,0.05,0.42,Matches,0.03,0.13,29,8,27.6,0.37,1.36,,,,,,,,,,,,,,,,,,,Chinese Football Association Super League,2025
fbd35c96,Deng Yubiao,Deng Yubiao,cn CHN,MF,Meizhou Hakka,27,1997,7,3,299,3.3,0,0,0,0,0,0,1,0,0.00,0.00,0.00,0.00,0.00,Matches,0.00,,1,0,0.0,0.00,0.30,,,,,,,,,,,,,,,,,,,Chinese Football Association Super League,2025
d9a997df,Tian Yuda,Tian Yuda,cn CHN,FW,Changchun Yatai,23,2001,14,0,134,1.5,0,0,0,0,0,0,0,0,0.00,0.00,0.00,0.00,0.00,Matches,0.00,0.00,6,2,33.3,1.34,4.03,,,,,,,,,,,,,,,,,,,Chinese Football Association Super League,2025
b15b82d1,Wang Yudong,Wang Yudong,cn CHN,"MF,FW",Zhejiang,18,2006,28,27,"2,210",24.6,11,5,16,11,0,0,2,0,0.45,0.20,0.65,0.45,0.65,Matches,0.17,0.44,66,25,37.9,1.02,2.69,,,,,,,,,,,,,,,,,,,Chinese Football Association Super League,2025
0e42194d,Zhang Yudong,Zhang Yudong,cn CHN,MF,Shenzhen Peng City,32,1992,25,16,"1,385",15.4,2,0,2,2,0,0,3,0,0.13,0.00,0.13,0.13,0.13,Matches,0.33,0.67,6,3,50.0,0.19,0.39,,,,,,,,,,,,,,,,,,,Chinese Football Association Super League,2025
a5deffc2,Liu Yue,Liu Yue,cn CHN,MF,Wuhan Three Towns,27,1997,1,0,24,0.3,0,0,0,0,0,0,0,0,0.00,0.00,0.00,0.00,0.00,Matches,,,0,0,,0.00,0.00,,,,,,,,,,,,,,,,,,,Chinese Football Association Super League,2025
b08bfb15,Song Yue,Song Yue,cn CHN,DF,Dalian Yingbo,33,1991,20,19,"1,617",18.0,0,0,0,0,0,0,7,1,0.00,0.00,0.00,0.00,0.00,Matches,0.00,0.00,2,1,50.0,0.06,0.11,,,,,,,,,,,,,,,,,,,Chinese Football Association Super League,2025
efaa5948,Xu Yue,Xu Yue,cn CHN,MF,Changchun Yatai,25,1999,11,6,424,4.7,1,0,1,1,0,0,1,0,0.21,0.00,0.21,0.21,0.21,Matches,0.50,1.00,2,1,50.0,0.21,0.42,,,,,,,,,,,,,,,,,,,Chinese Football Association Super League,2025
7da8c4f9,Zhang Yufeng,Zhang Yufeng,cn CHN,MF,Yunnan Yukun,27,1998,18,3,394,4.4,0,0,0,0,0,0,2,0,0.00,0.00,0.00,0.00,0.00,Matches,0.00,,2,0,0.0,0.00,0.46,,,,,,,,,,,,,,,,,,,Chinese Football Association Super League,2025
d76f1f98,Chen Yuhao,Chen Yuhao,cn CHN,DF,Yunnan Yukun,23,2001,4,1,83,0.9,0,0,0,0,0,0,0,0,0.00,0.00,0.00,0.00,0.00,Matches,,,0,0,,0.00,0.00,,,,,,,,,,,,,,,,,,,Chinese Football Association Super League,2025
d76f1f98,Chen Yuhao,Chen Yuhao,cn CHN,DF,Yunnan Yukun,23,2001,4,1,83,0.9,0,0,0,0,0,0,0,0,0.00,0.00,0.00,0.00,0.00,Matches,,,0,0,,0.00,0.00,,,,,,,,,,,,,,,,,,,Chinese Football Association Super League,2025
d76f1f98,Chen Yuhao,Chen Yuhao,cn CHN,DF,Qingdao West Coast,23,2001,2,1,74,0.8,0,0,0,0,0,0,0,0,0.00,0.00,0.00,0.00,0.00,Matches,,,0,0,,0.00,0.00,,,,,,,,,,,,,,,,,,,Chinese Football Association Super League,2025
d76f1f98,Chen Yuhao,Chen Yuhao,cn CHN,DF,Qingdao West Coast,23,2001,2,1,74,0.8,0,0,0,0,0,0,0,0,0.00,0.00,0.00,0.00,0.00,Matches,,,0,0,,0.00,0.00,,,,,,,,,,,,,,,,,,,Chinese Football Association Super League,2025
ef8574af,Zhao Yuhao,Zhao Yuhao,cn CHN,"MF,DF",Yunnan Yukun,31,1993,22,11,"1,025",11.4,0,0,0,0,0,0,4,1,0.00,0.00,0.00,0.00,0.00,Matches,0.00,0.00,7,2,28.6,0.18,0.61,,,,,,,,,,,,,,,,,,,Chinese Football Association Super League,2025
997adefa,Zhang Yujie,Zhang Yujie,cn CHN,"DF,MF",Shenzhen Peng City,22,2002,12,9,785,8.7,2,1,3,2,0,0,3,0,0.23,0.11,0.34,0.23,0.34,Matches,0.40,1.00,5,2,40.0,0.23,0.57,,,,,,,,,,,,,,,,,,,Chinese Football Association Super League,2025
19749b09,Qian Yumiao,Qian Yumiao,cn CHN,DF,Jinmen Tiger,26,1998,1,1,65,0.7,0,0,0,0,0,0,0,0,0.00,0.00,0.00,0.00,0.00,Matches,,,0,0,,0.00,0.00,,,,,,,,,,,,,,,,,,,Chinese Football Association Super League,2025
2f53823f,Liu Yun,Liu Yun,cn CHN,MF,Meizhou Hakka,30,1995,28,22,"1,507",16.7,3,2,5,2,1,1,1,0,0.18,0.12,0.30,0.12,0.24,Matches,0.08,0.33,25,6,24.0,0.36,1.49,,,,,,,,,,,,,,,,,,,Chinese Football Association Super League,2025
9ef04882,Zhang Yuning,Zhang Yuning,cn CHN,FW,Beijing Guoan,28,1997,27,13,"1,248",13.9,6,3,9,6,0,1,2,0,0.43,0.22,0.65,0.43,0.65,Matches,0.10,0.25,58,24,41.4,1.73,4.18,,,,,,,,,,,,,,,,,,,Chinese Football Association Super League,2025
2dbca3f0,He Yupeng,He Yupeng,cn CHN,DF,Beijing Guoan,25,1999,10,4,440,4.9,0,1,1,0,0,0,1,0,0.00,0.20,0.20,0.00,0.20,Matches,,,0,0,,0.00,0.00,,,,,,,,,,,,,,,,,,,Chinese Football Association Super League,2025
323c58d3,Wumitijiang Yusupu,Wumitijiang Yusupu,cn CHN,DF,Shanghai Port,20,2004,21,19,"1,694",18.8,0,0,0,0,0,0,4,0,0.00,0.00,0.00,0.00,0.00,Matches,0.00,0.00,2,1,50.0,0.05,0.11,,,,,,,,,,,,,,,,,,,Chinese Football Association Super League,2025
116abc45,Zeca,Zeca,br BRA,FW,Shandong Taishan,27,1997,23,23,"1,848",20.5,12,8,20,12,0,0,4,1,0.58,0.39,0.97,0.58,0.97,Matches,0.23,0.40,52,30,57.7,1.46,2.53,,,,,,,,,,,,,,,,,,,Chinese Football Association Super League,2025
de4350c7,Chen Zeshi,Chen Zeshi,cn CHN,MF,Shandong Taishan,19,2005,1,0,15,0.2,0,0,0,0,0,0,0,0,0.00,0.00,0.00,0.00,0.00,Matches,,,0,0,,0.00,0.00,,,,,,,,,,,,,,,,,,,Chinese Football Association Super League,2025
7ae4063c,Yang Zexiang,Yang Zexiang,cn CHN,DF,Shanghai Shen,30,1994,13,1,236,2.6,1,0,1,1,0,0,0,0,0.38,0.00,0.38,0.38,0.38,Matches,0.13,0.17,8,6,75.0,2.29,3.05,,,,,,,,,,,,,,,,,,,Chinese Football Association Super League,2025
d6898c3f,Hao Zhang,Hao Zhang,cn CHN,FW,Meizhou Hakka,18,2006,2,0,26,0.3,0,0,0,0,0,0,0,0,0.00,0.00,0.00,0.00,0.00,Matches,0.00,,1,0,0.0,0.00,3.46,,,,,,,,,,,,,,,,,,,Chinese Football Association Super League,2025
e7f73caa,Xiangshuo Zhang,Xiangshuo Zhang,cn CHN,DF,Yunnan Yukun,23,2001,11,5,454,5.0,0,0,0,0,0,0,0,0,0.00,0.00,0.00,0.00,0.00,Matches,,,0,0,,0.00,0.00,,,,,,,,,,,,,,,,,,,Chinese Football Association Super League,2025
18e38439,Chen Zhechao,Chen Zhechao,cn CHN,DF,Wuhan Three Towns,29,1995,26,24,"2,036",22.6,0,0,0,0,0,0,1,0,0.00,0.00,0.00,0.00,0.00,Matches,0.00,0.00,6,1,16.7,0.04,0.27,,,,,,,,,,,,,,,,,,,Chinese Football Association Super League,2025
e09a169b,Ma Zhen,Ma Zhen,cn CHN,GK,Yunnan Yukun,26,1998,26,26,"2,340",26.0,0,0,0,0,0,0,3,0,0.00,0.00,0.00,0.00,0.00,Matches,,,0,0,,0.00,0.00,7,26.9,26,26,39,1.50,8,"2,340",2,4,2,0.0,0,70.4,88,125,8,10,Chinese Football Association Super League,2025
210ebf89,Wei Zhen,Wei Zhen,cn CHN,DF,Shanghai Port,27,1997,20,15,"1,448",16.1,0,0,0,0,0,0,6,0,0.00,0.00,0.00,0.00,0.00,Matches,0.00,0.00,6,3,50.0,0.19,0.37,,,,,,,,,,,,,,,,,,,Chinese Football Association Super League,2025
659db97f,Wang Zhen'ao,Wang Zhen'ao,cn CHN,DF,Shanghai Port,25,1999,4,4,278,3.1,0,0,0,0,0,0,2,0,0.00,0.00,0.00,0.00,0.00,Matches,0.00,,3,0,0.0,0.00,0.97,,,,,,,,,,,,,,,,,,,Chinese Football Association Super League,2025
92a131bb,Zheng Zheng,Zheng Zheng,cn CHN,DF,Shandong Taishan,35,1989,20,17,"1,339",14.9,0,0,0,0,0,0,5,0,0.00,0.00,0.00,0.00,0.00,Matches,0.00,0.00,7,1,14.3,0.07,0.47,,,,,,,,,,,,,,,,,,,Chinese Football Association Super League,2025
07afa8d6,Sun Zheng'ao,Sun Zheng'ao,cn CHN,DF,Qingdao Hainiu,30,1994,3,1,164,1.8,0,0,0,0,0,0,1,0,0.00,0.00,0.00,0.00,0.00,Matches,0.00,,1,0,0.0,0.00,0.55,,,,,,,,,,,,,,,,,,,Chinese Football Association Super League,2025
81ffc864,Wang Zhenghao,Wang Zhenghao,cn CHN,DF,Jinmen Tiger,24,2000,8,3,277,3.1,0,0,0,0,0,0,0,0,0.00,0.00,0.00,0.00,0.00,Matches,0.00,0.00,2,1,50.0,0.32,0.65,,,,,,,,,,,,,,,,,,,Chinese Football Association Super League,2025
56d64846,Huang Zhengyu,Huang Zhengyu,cn CHN,"MF,DF",Shandong Taishan,28,1997,25,20,"1,535",17.1,1,1,2,1,0,0,4,0,0.06,0.06,0.12,0.06,0.12,Matches,0.17,0.25,6,4,66.7,0.23,0.35,,,,,,,,,,,,,,,,,,,Chinese Football Association Super League,2025
561dc9c3,Zhang Zhenyang,Zhang Zhenyang,cn CHN,DF,Wuhan Three Towns,21,2004,4,0,18,0.2,1,0,1,1,0,0,0,0,5.00,0.00,5.00,5.00,5.00,Matches,0.50,1.00,2,1,50.0,5.00,10.00,,,,,,,,,,,,,,,,,,,Chinese Football Association Super League,2025
744a4670,Chen Zhexuan,Chen Zhexuan,cn CHN,MF,Jinmen Tiger,21,2003,3,0,39,0.4,0,0,0,0,0,0,1,1,0.00,0.00,0.00,0.00,0.00,Matches,0.00,,1,0,0.0,0.00,2.31,,,,,,,,,,,,,,,,,,,Chinese Football Association Super League,2025
63aa535c,Li Zhi,Li Zhi,cn CHN,"DF,MF",Shenzhen Peng City,31,1993,16,9,794,8.8,0,0,0,0,0,0,2,0,0.00,0.00,0.00,0.00,0.00,Matches,0.00,,6,0,0.0,0.00,0.68,,,,,,,,,,,,,,,,,,,Chinese Football Association Super League,2025
2e3eeaf2,An Zhicheng,An Zhicheng,cn CHN,GK,Changchun Yatai,18,2007,3,2,257,2.9,0,0,0,0,0,0,0,0,0.00,0.00,0.00,0.00,0.00,Matches,,,0,0,,0.00,0.00,0,0.0,3,2,5,1.75,2,257,0,0,0,,0,61.5,8,13,0,0,Chinese Football Association Super League,2025
cdfe636d,Wu Zhicheng,Wu Zhicheng,cn CHN,MF,Changchun Yatai,17,2007,2,1,80,0.9,0,0,0,0,0,0,0,0,0.00,0.00,0.00,0.00,0.00,Matches,,,0,0,,0.00,0.00,,,,,,,,,,,,,,,,,,,Chinese Football Association Super League,2025
31eceb0d,Wang Zhifeng,Wang Zhifeng,cn CHN,GK,Changchun Yatai,27,1997,8,7,554,6.2,0,0,0,0,0,0,3,1,0.00,0.00,0.00,0.00,0.00,Matches,,,0,0,,0.00,0.00,2,28.6,8,7,13,2.11,2,554,2,2,0,0.0,0,54.2,13,24,4,1,Chinese Football Association Super League,2025
9261d639,Xuan Zhijian,Xuan Zhijian,cn CHN,"DF,MF",Changchun Yatai,19,2005,21,16,"1,359",15.1,0,1,1,0,0,0,4,0,0.00,0.07,0.07,0.00,0.07,Matches,0.00,,8,0,0.0,0.00,0.53,,,,,,,,,,,,,,,,,,,Chinese Football Association Super League,2025
6fd4c6af,Jiang Zhipeng,Jiang Zhipeng,cn CHN,"DF,MF",Shenzhen Peng City,35,1989,24,19,"1,675",18.6,0,4,4,0,0,0,7,0,0.00,0.21,0.21,0.00,0.21,Matches,0.00,0.00,11,2,18.2,0.11,0.59,,,,,,,,,,,,,,,,,,,Chinese Football Association Super League,2025
0e920b1a,Wei Zhiwei,Wei Zhiwei,cn CHN,MF,Meizhou Hakka,20,2004,10,3,308,3.4,0,0,0,0,0,0,2,0,0.00,0.00,0.00,0.00,0.00,Matches,0.00,0.00,8,2,25.0,0.58,2.34,,,,,,,,,,,,,,,,,,,Chinese Football Association Super League,2025
2e661df5,Du Zhixuan,Du Zhixuan,cn CHN,MF,Henan,23,2001,3,1,95,1.1,0,0,0,0,0,0,1,0,0.00,0.00,0.00,0.00,0.00,Matches,,,0,0,,0.00,0.00,,,,,,,,,,,,,,,,,,,Chinese Football Association Super League,2025
b2eb0208,Yan Zhiyu,Yan Zhiyu,cn CHN,MF,Changchun Yatai,31,1993,4,1,100,1.1,0,0,0,0,0,0,0,0,0.00,0.00,0.00,0.00,0.00,Matches,,,0,0,,0.00,0.00,,,,,,,,,,,,,,,,,,,Chinese Football Association Super League,2025
177168a7,Chi Zhongguo,Chi Zhongguo,cn CHN,MF,Beijing Guoan,35,1989,10,5,522,5.8,0,0,0,0,0,0,1,0,0.00,0.00,0.00,0.00,0.00,Matches,0.00,0.00,6,3,50.0,0.52,1.03,,,,,,,,,,,,,,,,,,,Chinese Football Association Super League,2025
d50b7fad,Wenchuan Zhu,Wenchuan Zhu,cn CHN,MF,Wuhan Three Towns,19,2005,1,0,12,0.1,0,0,0,0,0,0,0,0,0.00,0.00,0.00,0.00,0.00,Matches,,,0,0,,0.00,0.00,,,,,,,,,,,,,,,,,,,Chinese Football Association Super League,2025
4a4d8725,Gao Zhunyi,Gao Zhunyi,cn CHN,"DF,MF",Shandong Taishan,29,1995,14,12,"1,048",11.6,0,2,2,0,0,0,1,1,0.00,0.17,0.17,0.00,0.17,Matches,0.00,,5,0,0.0,0.00,0.43,,,,,,,,,,,,,,,,,,,Chinese Football Association Super League,2025
3facfc8c,Lu Zhuoyi,Lu Zhuoyi,cn CHN,DF,Dalian Yingbo,23,2001,29,29,"2,513",27.9,2,4,6,2,0,0,5,0,0.07,0.14,0.21,0.07,0.21,Matches,0.06,0.67,34,3,8.8,0.11,1.22,,,,,,,,,,,,,,,,,,,Chinese Football Association Super League,2025
1d85da08,Liu Zhurun,Liu Zhurun,cn CHN,MF,Dalian Yingbo,23,2001,24,20,"1,529",17.0,5,2,7,5,0,0,1,0,0.29,0.12,0.41,0.29,0.41,Matches,0.19,0.38,27,13,48.1,0.77,1.59,,,,,,,,,,,,,,,,,,,Chinese Football Association Super League,2025
139fb6d5,Huang Zichang,Huang Zichang,cn CHN,"MF,FW",Henan,27,1997,18,7,602,6.7,1,0,1,1,0,0,1,0,0.15,0.00,0.15,0.15,0.15,Matches,0.11,0.33,9,3,33.3,0.45,1.35,,,,,,,,,,,,,,,,,,,Chinese Football Association Super League,2025
09f4fffa,Huang Zihao,Huang Zihao,cn CHN,GK,Dalian Yingbo,23,2001,16,16,"1,440",16.0,0,0,0,0,0,0,2,0,0.00,0.00,0.00,0.00,0.00,Matches,,,0,0,,0.00,0.00,6,37.5,16,16,22,1.37,6,"1,440",2,2,0,0.0,0,64.3,36,56,4,6,Chinese Football Association Super League,2025
b458760a,Yang Zihao,Yang Zihao,cn CHN,"DF,MF",Jinmen Tiger,24,2001,26,16,"1,409",15.7,0,0,0,0,0,0,6,0,0.00,0.00,0.00,0.00,0.00,Matches,0.00,0.00,9,1,11.1,0.06,0.57,,,,,,,,,,,,,,,,,,,Chinese Football Association Super League,2025
0adef3c9,Han Zilong,Han Zilong,cn CHN,"MF,FW",Yunnan Yukun,30,1994,24,11,"1,057",11.7,3,1,4,3,0,0,4,0,0.26,0.09,0.34,0.26,0.34,Matches,0.09,0.30,34,10,29.4,0.85,2.89,,,,,,,,,,,,,,,,,,,Chinese Football Association Super League,2025
5d852c35,Wang Ziming,Wang Ziming,cn CHN,FW,Beijing Guoan,28,1996,12,3,399,4.4,2,0,2,2,0,0,0,0,0.45,0.00,0.45,0.45,0.45,Matches,0.18,0.40,11,5,45.5,1.13,2.48,,,,,,,,,,,,,,,,,,,Chinese Football Association Super League,2025
0c8a852d,Min Zixi,Min Zixi,cn CHN,FW,Wuhan Three Towns,19,2005,1,0,26,0.3,1,0,1,1,0,0,0,0,3.46,0.00,3.46,3.46,3.46,Matches,0.33,1.00,3,1,33.3,3.46,10.38,,,,,,,,,,,,,,,,,,,Chinese Football Association Super League,2025
1f776502,Niu Ziyi,Niu Ziyi,cn CHN,"MF,DF",Henan,25,1999,13,2,236,2.6,0,0,0,0,0,0,1,0,0.00,0.00,0.00,0.00,0.00,Matches,0.00,,1,0,0.0,0.00,0.38,,,,,,,,,,,,,,,,,,,Chinese Football Association Super League,2025
