PlayerID,Name,nationality,position,age,games,games_starts,minutes,minutes_90s,goals,assists,goals_assists,goals_pens,pens_made,pens_att,cards_yellow,cards_red,goals_per90,assists_per90,goals_assists_per90,goals_pens_per90,goals_assists_pens_per90,matches,League,Season
056345a0,Aitor Arias,es ESP,GK,26,2,2,240,2.7,0,0,0,0,0,0,0,0,0.00,0.00,0.00,0.00,0.00,Matches,Copa del Rey,2024-2025
8fd806bf,Gonzalo Miranda,uy URU,DF,26,2,2,240,2.7,1,0,1,1,0,0,1,0,0.37,0.00,0.37,0.37,0.37,Matches,Copa del Rey,2024-2025
34d2248a,Aschalew Sanmarti,es ESP,MF,22,2,2,240,2.7,0,0,0,0,0,0,0,0,0.00,0.00,0.00,0.00,0.00,Matches,Copa del Rey,2024-2025
b052aa2f,Kamal,es ESP,MF,32,2,2,234,2.6,0,0,0,0,0,0,0,0,0.00,0.00,0.00,0.00,0.00,Matches,Copa del Rey,2024-2025
8b7faf04,Miguel Bianconi,br BRA,FW,32,2,2,216,2.4,0,0,0,0,0,0,2,0,0.00,0.00,0.00,0.00,0.00,Matches,Copa del Rey,2024-2025
82c5c2bc,Alusine Koroma,sl SLE,MF,24,2,2,187,2.1,0,0,0,0,0,0,1,0,0.00,0.00,0.00,0.00,0.00,Matches,Copa del Rey,2024-2025
08bd8ab9,Pitu,es ESP,MF,23,2,2,165,1.8,0,0,0,0,0,0,1,0,0.00,0.00,0.00,0.00,0.00,Matches,Copa del Rey,2024-2025
1da79504,Eugenio Isnaldo,ar ARG,MF,30,2,1,172,1.9,0,0,0,0,0,0,1,0,0.00,0.00,0.00,0.00,0.00,Matches,Copa del Rey,2024-2025
e8000733,Ignacio Pastor,es ESP,DF,21,2,1,162,1.8,0,0,0,0,0,0,0,0,0.00,0.00,0.00,0.00,0.00,Matches,Copa del Rey,2024-2025
7677d392,Goyo,es ESP,DF,24,1,1,120,1.3,0,0,0,0,0,0,0,0,0.00,0.00,0.00,0.00,0.00,Matches,Copa del Rey,2024-2025
35207196,Alejandro Salto,es ESP,DF,27,1,1,120,1.3,0,0,0,0,0,0,0,0,0.00,0.00,0.00,0.00,0.00,Matches,Copa del Rey,2024-2025
a83ec37e,Manu Viana,es ESP,DF,29,1,1,120,1.3,0,0,0,0,0,0,0,0,0.00,0.00,0.00,0.00,0.00,Matches,Copa del Rey,2024-2025
e2910435,Kevin Toner,ie IRL,DF,28,2,1,78,0.9,0,0,0,0,0,0,1,0,0.00,0.00,0.00,0.00,0.00,Matches,Copa del Rey,2024-2025
c4d3fa6c,Fran Franco,es ESP,MF,21,1,1,68,0.8,0,0,0,0,0,0,0,0,0.00,0.00,0.00,0.00,0.00,Matches,Copa del Rey,2024-2025
87c50d40,Ayo,es ESP,FW,35,2,0,54,0.6,0,0,0,0,0,0,0,0,0.00,0.00,0.00,0.00,0.00,Matches,Copa del Rey,2024-2025
a0ee6c06,Jaime Escobar,es ESP,DF,21,2,0,30,0.3,0,0,0,0,0,0,1,0,0.00,0.00,0.00,0.00,0.00,Matches,Copa del Rey,2024-2025
24efffbf,Chuli,es ESP,"FW,MF",33,1,0,25,0.3,1,0,1,1,0,0,0,1,3.60,0.00,3.60,3.60,3.60,Matches,Copa del Rey,2024-2025
85e5829f,Victor Castaño,es ESP,FW,23,1,0,24,0.3,0,0,0,0,0,0,0,0,0.00,0.00,0.00,0.00,0.00,Matches,Copa del Rey,2024-2025
899db89d,Adrián Morales,es ESP,DF,20,1,0,6,0.1,0,0,0,0,0,0,0,0,0.00,0.00,0.00,0.00,0.00,Matches,Copa del Rey,2024-2025
7a88249c,Hugo Gilabert,es ESP,MF,19,0,0,,,,,,,,,,,,,,,,Matches,Copa del Rey,2024-2025
6bc5474b,Manuel Obón,es ESP,GK,21,0,0,,,,,,,,,,,,,,,,Matches,Copa del Rey,2024-2025
559c10a0,Imanol Alonso,es ESP,MF,22,1,1,90,1.0,0,0,0,0,0,0,1,0,0.00,0.00,0.00,0.00,0.00,Matches,Copa del Rey,2024-2025
ef88c03b,Álvaro,es ESP,DF,21,1,1,90,1.0,0,0,0,0,0,0,1,0,0.00,0.00,0.00,0.00,0.00,Matches,Copa del Rey,2024-2025
cd538e1c,Josele,es ESP,GK,26,1,1,90,1.0,0,0,0,0,0,0,0,0,0.00,0.00,0.00,0.00,0.00,Matches,Copa del Rey,2024-2025
6b41214a,Franscisco Lopes,pt POR,DF,20,1,1,90,1.0,0,0,0,0,0,0,0,0,0.00,0.00,0.00,0.00,0.00,Matches,Copa del Rey,2024-2025
0f42fd8a,Javier Rentero,es ESP,DF,23,1,1,90,1.0,0,0,0,0,0,0,1,0,0.00,0.00,0.00,0.00,0.00,Matches,Copa del Rey,2024-2025
83cb048a,Samu Rodríguez,es ESP,MF,19,1,1,90,1.0,0,0,0,0,0,0,0,0,0.00,0.00,0.00,0.00,0.00,Matches,Copa del Rey,2024-2025
f69dd5e2,Mario da Costa,es ESP,FW,23,1,1,76,0.8,0,0,0,0,0,0,0,0,0.00,0.00,0.00,0.00,0.00,Matches,Copa del Rey,2024-2025
2479043b,Eric Pérez,es ESP,FW,23,1,1,76,0.8,0,0,0,0,0,0,0,0,0.00,0.00,0.00,0.00,0.00,Matches,Copa del Rey,2024-2025
3c428f1a,Esteban Aparicio,es ESP,FW,23,1,1,68,0.8,0,0,0,0,0,0,0,0,0.00,0.00,0.00,0.00,0.00,Matches,Copa del Rey,2024-2025
5ee16403,Edu Llorente,es ESP,MF,20,1,1,68,0.8,0,0,0,0,0,0,0,0,0.00,0.00,0.00,0.00,0.00,Matches,Copa del Rey,2024-2025
8bac5686,Sergio Navarro,es ESP,MF,23,1,1,67,0.7,0,0,0,0,0,0,0,0,0.00,0.00,0.00,0.00,0.00,Matches,Copa del Rey,2024-2025
dc22e6a4,Marc Lachèvre,es ESP,DF,22,1,0,23,0.3,0,0,0,0,0,0,0,0,0.00,0.00,0.00,0.00,0.00,Matches,Copa del Rey,2024-2025
42178420,Yael Ballesteros,es ESP,MF,26,1,0,22,0.2,0,0,0,0,0,0,0,0,0.00,0.00,0.00,0.00,0.00,Matches,Copa del Rey,2024-2025
88b83c3c,Andrés García,es ESP,FW,21,1,0,22,0.2,0,0,0,0,0,0,0,0,0.00,0.00,0.00,0.00,0.00,Matches,Copa del Rey,2024-2025
739e4bbd,Miguel Capitas,es ESP,MF,23,1,0,14,0.2,0,0,0,0,0,0,0,0,0.00,0.00,0.00,0.00,0.00,Matches,Copa del Rey,2024-2025
7039121a,Rayco Rodríguez Medina,es ESP,MF,27,1,0,14,0.2,0,0,0,0,0,0,0,0,0.00,0.00,0.00,0.00,0.00,Matches,Copa del Rey,2024-2025
e495b4d5,Gaizka Ayesa,es ESP,GK,23,0,0,,,,,,,,,,,,,,,,Matches,Copa del Rey,2024-2025
c164fda2,Al Hashmi Al Hussein,qa QAT,MF,20,0,0,,,,,,,,,,,,,,,,Matches,Copa del Rey,2024-2025
6ff1c631,Josiel Núñez,pa PAN,MF,31,0,0,,,,,,,,,,,,,,,,Matches,Copa del Rey,2024-2025
3681ee7e,Rafita,es ESP,DF,21,0,0,,,,,,,,,,,,,,,,Matches,Copa del Rey,2024-2025
9933d2a6,Joan Rojas,es ESP,DF,24,0,0,,,,,,,,,,,,,,,,Matches,Copa del Rey,2024-2025
b6160ad0,Matías Dituro,ar ARG,GK,37,38,38,"3,420",38.0,0,0,0,0,0,0,0,0,0.00,0.00,0.00,0.00,0.00,Matches,Copa del Rey,2024-2025
2c82c766,José Salinas,es ESP,"DF,MF",23,39,38,"3,352",37.2,2,3,5,2,0,0,10,0,0.05,0.08,0.13,0.05,0.13,Matches,Copa del Rey,2024-2025
38126309,Aleix Febas,es ESP,MF,28,37,36,"3,075",34.2,1,0,1,1,0,0,10,0,0.03,0.00,0.03,0.03,0.03,Matches,Copa del Rey,2024-2025
4b00cd47,David Affengruber,at AUT,DF,23,40,35,"3,203",35.6,0,2,2,0,0,0,3,0,0.00,0.06,0.06,0.00,0.06,Matches,Copa del Rey,2024-2025
b7b6ff9b,Álvaro Núñez,es ESP,"DF,MF",24,37,33,"2,990",33.2,2,6,8,2,0,0,4,0,0.06,0.18,0.24,0.06,0.24,Matches,Copa del Rey,2024-2025
3409de86,Nicolás Ezequiel Fernández,ar ARG,"MF,FW",24,33,31,"2,569",28.5,6,8,14,4,2,4,10,1,0.21,0.28,0.49,0.14,0.42,Matches,Copa del Rey,2024-2025
697295b1,Pedro Bigas,es ESP,DF,33,33,29,"2,565",28.5,2,2,4,2,0,0,4,0,0.07,0.07,0.14,0.07,0.14,Matches,Copa del Rey,2024-2025
ab472696,Agustín Álvarez,uy URU,"FW,MF",23,37,27,"2,333",25.9,8,2,10,8,0,1,7,0,0.31,0.08,0.39,0.31,0.39,Matches,Copa del Rey,2024-2025
72828b14,Nicolás Castro,ar ARG,MF,23,34,25,"2,295",25.5,4,2,6,3,1,1,4,0,0.16,0.08,0.24,0.12,0.20,Matches,Copa del Rey,2024-2025
5b28b2f6,Josan,es ESP,"MF,FW",34,32,20,"1,767",19.6,4,9,13,4,0,0,5,0,0.20,0.46,0.66,0.20,0.66,Matches,Copa del Rey,2024-2025
88b3215c,Yago Santiago,es ESP,"MF,FW",21,18,18,"1,365",15.2,2,3,5,2,0,0,2,0,0.13,0.20,0.33,0.13,0.33,Matches,Copa del Rey,2024-2025
7c388b20,Óscar Plano,es ESP,"FW,MF",33,29,16,"1,345",14.9,3,1,4,3,0,0,1,1,0.20,0.07,0.27,0.20,0.27,Matches,Copa del Rey,2024-2025
84f55b4a,Germán Valera,es ESP,MF,22,16,15,"1,112",12.4,3,3,6,3,0,0,4,1,0.24,0.24,0.49,0.24,0.49,Matches,Copa del Rey,2024-2025
7fd1abc5,Bambo Diaby,sn SEN,DF,26,22,14,"1,076",12.0,0,1,1,0,0,0,5,1,0.00,0.08,0.08,0.00,0.08,Matches,Copa del Rey,2024-2025
1d72c7a5,Mourad El Ghezouani,ma MAR,FW,26,31,13,"1,296",14.4,9,0,9,8,1,1,3,0,0.62,0.00,0.62,0.56,0.56,Matches,Copa del Rey,2024-2025
d70a000f,Rodrigo Mendoza,es ESP,"MF,FW",19,21,9,853,9.5,1,2,3,1,0,0,2,0,0.11,0.21,0.32,0.11,0.32,Matches,Copa del Rey,2024-2025
d29202c2,Sory Kaba,gn GUI,FW,29,24,8,881,9.8,4,0,4,3,1,1,4,0,0.41,0.00,0.41,0.31,0.31,Matches,Copa del Rey,2024-2025
5e95c000,John Donald,es ESP,"DF,MF",23,19,8,869,9.7,2,0,2,2,0,0,0,0,0.21,0.00,0.21,0.21,0.21,Matches,Copa del Rey,2024-2025
b6d0fbdf,Gerard Hernandez,es ESP,MF,19,12,7,493,5.5,0,0,0,0,0,0,0,0,0.00,0.00,0.00,0.00,0.00,Matches,Copa del Rey,2024-2025
5a705641,Marc Aguado,es ESP,MF,24,13,6,538,6.0,0,1,1,0,0,0,2,0,0.00,0.17,0.17,0.00,0.17,Matches,Copa del Rey,2024-2025
0b2c8585,Raúl Guti,es ESP,MF,27,10,6,510,5.7,0,1,1,0,0,0,2,0,0.00,0.18,0.18,0.00,0.18,Matches,Copa del Rey,2024-2025
fb5d47b3,Mario Gaspar,es ESP,"DF,MF",33,19,5,654,7.3,0,1,1,0,0,0,2,0,0.00,0.14,0.14,0.00,0.14,Matches,Copa del Rey,2024-2025
d6822279,Matia Barzic,hr CRO,DF,20,8,5,444,4.9,0,0,0,0,0,0,3,0,0.00,0.00,0.00,0.00,0.00,Matches,Copa del Rey,2024-2025
80153344,Álex Martín,es ESP,DF,26,8,5,403,4.5,0,0,0,0,0,0,1,0,0.00,0.00,0.00,0.00,0.00,Matches,Copa del Rey,2024-2025
8c4e56cb,Pejiño,es ESP,"MF,FW",28,12,3,424,4.7,1,0,1,1,0,0,0,0,0.21,0.00,0.21,0.21,0.21,Matches,Copa del Rey,2024-2025
f08ccd2d,San Román,es ESP,GK,27,3,3,270,3.0,0,0,0,0,0,0,0,0,0.00,0.00,0.00,0.00,0.00,Matches,Copa del Rey,2024-2025
6b121593,Cristian Salvador,es ESP,MF,29,11,2,341,3.8,0,0,0,0,0,0,2,0,0.00,0.00,0.00,0.00,0.00,Matches,Copa del Rey,2024-2025
25749008,Elba Rashani,xk KVX,MF,31,11,2,324,3.6,3,0,3,3,0,0,2,1,0.83,0.00,0.83,0.83,0.83,Matches,Copa del Rey,2024-2025
4a763ba9,Rafael Nuñez,do DOM,MF,22,8,2,247,2.7,1,0,1,1,0,0,0,0,0.36,0.00,0.36,0.36,0.36,Matches,Copa del Rey,2024-2025
e4346678,Édgar Badía,es ESP,GK,32,1,1,90,1.0,0,0,0,0,0,0,0,0,0.00,0.00,0.00,0.00,0.00,Matches,Copa del Rey,2024-2025
fcc7ecb4,Adam Boayar,ma MAR,FW,18,3,1,87,1.0,1,0,1,1,0,0,1,0,1.03,0.00,1.03,1.03,1.03,Matches,Copa del Rey,2024-2025
33a61a52,Carlos Clerc,es ESP,MF,32,1,1,59,0.7,0,0,0,0,0,0,0,0,0.00,0.00,0.00,0.00,0.00,Matches,Copa del Rey,2024-2025
2ceb58ab,Jairo Izquierdo,es ESP,"DF,FW",30,8,0,120,1.3,0,0,0,0,0,0,0,0,0.00,0.00,0.00,0.00,0.00,Matches,Copa del Rey,2024-2025
c340d20f,Luis Roldán,es ESP,MF,21,1,0,22,0.2,0,0,0,0,0,0,0,0,0.00,0.00,0.00,0.00,0.00,Matches,Copa del Rey,2024-2025
69ca346f,Ali Houary,ma MAR,FW,18,1,0,7,0.1,0,0,0,0,0,0,0,0,0.00,0.00,0.00,0.00,0.00,Matches,Copa del Rey,2024-2025
220d9a50,Albert Niculaesei,ro ROU,DF,16,1,0,3,0.0,0,0,0,0,0,0,0,0,0.00,0.00,0.00,0.00,0.00,Matches,Copa del Rey,2024-2025
6d91eb01,Owen Bosch,es ESP,GK,16,0,0,,,,,,,,,,,,,,,,Matches,Copa del Rey,2024-2025
41e893f1,Didac Castellá,es ESP,FW,19,0,0,,,,,,,,,,,,,,,,Matches,Copa del Rey,2024-2025
9cf8b289,Jose González Richart,es ESP,MF,18,0,0,,,,,,,,,,,,,,,,Matches,Copa del Rey,2024-2025
936bf0cd,Mario Navarro,,MF,,0,0,,,,,,,,,,,,,,,,Matches,Copa del Rey,2024-2025
aa72d004,Héctor Peña,es ESP,FW,22,0,0,,,,,,,,,,,,,,,,Matches,Copa del Rey,2024-2025
f69e9eee,Raúl Lizoain,es ESP,GK,33,36,36,"3,240",36.0,0,0,0,0,0,0,4,0,0.00,0.00,0.00,0.00,0.00,Matches,Copa del Rey,2024-2025
c70d9fb2,Agus Medina,es ESP,"MF,DF",29,40,36,"3,132",34.8,1,5,6,1,0,0,8,1,0.03,0.14,0.17,0.03,0.17,Matches,Copa del Rey,2024-2025
4a75b7ee,Riki Rodríguez,es ESP,MF,26,36,32,"2,857",31.7,1,2,3,1,0,0,5,0,0.03,0.06,0.09,0.03,0.09,Matches,Copa del Rey,2024-2025
dfbd5cb9,Lalo Aguilar,es ESP,DF,22,33,31,"2,683",29.8,0,1,1,0,0,0,5,1,0.00,0.03,0.03,0.00,0.03,Matches,Copa del Rey,2024-2025
b7d7f3bf,Jon Morcillo,es ESP,MF,25,39,29,"2,566",28.5,8,6,14,6,2,3,3,0,0.28,0.21,0.49,0.21,0.42,Matches,Copa del Rey,2024-2025
51437e43,Juanma,es ESP,"MF,FW",31,39,25,"2,370",26.3,2,3,5,2,0,0,2,0,0.08,0.11,0.19,0.08,0.19,Matches,Copa del Rey,2024-2025
9ace87ba,Javi Rueda,es ESP,DF,22,31,25,"2,168",24.1,4,1,5,4,0,0,7,0,0.17,0.04,0.21,0.17,0.21,Matches,Copa del Rey,2024-2025
d0d25f8d,Jon García Herrero,es ESP,DF,33,29,23,"2,133",23.7,0,0,0,0,0,0,1,0,0.00,0.00,0.00,0.00,0.00,Matches,Copa del Rey,2024-2025
eb82b6f1,Fidel,es ESP,"MF,FW",34,34,23,"1,809",20.1,4,6,10,4,0,1,5,0,0.20,0.30,0.50,0.20,0.50,Matches,Copa del Rey,2024-2025
25233d1b,Alberto Quiles,es ESP,"FW,MF",29,23,19,"1,727",19.2,6,2,8,4,2,4,2,0,0.31,0.10,0.42,0.21,0.31,Matches,Copa del Rey,2024-2025
fdbe95bc,Antonio Pacheco,es ESP,MF,22,31,18,"1,690",18.8,0,0,0,0,0,0,2,1,0.00,0.00,0.00,0.00,0.00,Matches,Copa del Rey,2024-2025
dc160de3,Christian Kofane,cm CMR,FW,18,20,17,"1,237",13.7,8,1,9,8,0,0,1,1,0.58,0.07,0.65,0.58,0.65,Matches,Copa del Rey,2024-2025
fe73c4e1,Álvaro Rodríguez,es ESP,DF,30,26,15,"1,322",14.7,0,0,0,0,0,0,2,0,0.00,0.00,0.00,0.00,0.00,Matches,Copa del Rey,2024-2025
150ff1df,Juan María,es ESP,DF,23,28,14,"1,539",17.1,1,1,2,1,0,0,4,0,0.06,0.06,0.12,0.06,0.12,Matches,Copa del Rey,2024-2025
a70d98e4,Javier Villar,es ESP,"MF,DF",21,26,12,"1,270",14.1,0,0,0,0,0,0,5,0,0.00,0.00,0.00,0.00,0.00,Matches,Copa del Rey,2024-2025
6583a8a9,Pepe Sánchez,es ESP,DF,24,13,12,"1,053",11.7,0,0,0,0,0,0,2,0,0.00,0.00,0.00,0.00,0.00,Matches,Copa del Rey,2024-2025
44415755,Juan Antonio Ros,es ESP,DF,28,16,12,"1,050",11.7,0,0,0,0,0,0,2,0,0.00,0.00,0.00,0.00,0.00,Matches,Copa del Rey,2024-2025
808d48f3,Jaume Costa,es ESP,DF,36,14,12,645,7.2,0,1,1,0,0,0,2,1,0.00,0.14,0.14,0.00,0.14,Matches,Copa del Rey,2024-2025
4f34582d,Meléndez,es ESP,MF,25,18,11,"1,042",11.6,0,0,0,0,0,0,1,1,0.00,0.00,0.00,0.00,0.00,Matches,Copa del Rey,2024-2025
5b93209a,José Carlos Lazo,es ESP,"MF,FW",28,19,11,842,9.4,1,0,1,1,0,0,1,0,0.11,0.00,0.11,0.11,0.11,Matches,Copa del Rey,2024-2025
61db425b,Higinio Marín,es ESP,FW,30,22,10,981,10.9,9,2,11,4,5,5,3,0,0.83,0.18,1.01,0.37,0.55,Matches,Copa del Rey,2024-2025
2f9ef1a8,Pablo Saenz,es ESP,MF,23,16,10,929,10.3,5,1,6,5,0,0,1,0,0.48,0.10,0.58,0.48,0.58,Matches,Copa del Rey,2024-2025
081e94dc,Rai Marchán,es ESP,MF,30,19,8,694,7.7,1,0,1,1,0,0,4,1,0.13,0.00,0.13,0.13,0.13,Matches,Copa del Rey,2024-2025
2381eead,Javi Martón,es ESP,FW,25,13,7,617,6.9,3,0,3,3,0,0,1,0,0.44,0.00,0.44,0.44,0.44,Matches,Copa del Rey,2024-2025
9ad74b4d,Cristian,es ESP,GK,26,6,6,540,6.0,0,0,0,0,0,0,0,0,0.00,0.00,0.00,0.00,0.00,Matches,Copa del Rey,2024-2025
e96b2583,Nabil Touaizi,ma MAR,"DF,FW",23,25,4,591,6.6,1,0,1,1,0,0,3,0,0.15,0.00,0.15,0.15,0.15,Matches,Copa del Rey,2024-2025
4ac7608e,Diego González,es ESP,DF,29,5,3,319,3.5,0,0,0,0,0,0,1,0,0.00,0.00,0.00,0.00,0.00,Matches,Copa del Rey,2024-2025
6f6719d8,Javier Moreno,es ESP,DF,24,4,1,183,2.0,0,0,0,0,0,0,0,0,0.00,0.00,0.00,0.00,0.00,Matches,Copa del Rey,2024-2025
5b17d06e,Marcos Moreno,es ESP,FW,20,9,0,97,1.1,0,0,0,0,0,0,0,0,0.00,0.00,0.00,0.00,0.00,Matches,Copa del Rey,2024-2025
4006c918,Joaquín Domingo,es ESP,DF,18,1,0,22,0.2,0,0,0,0,0,0,0,0,0.00,0.00,0.00,0.00,0.00,Matches,Copa del Rey,2024-2025
9e248a20,Alejandro Muñoz Langreo,es ESP,MF,20,1,0,1,0.0,0,0,0,0,0,0,0,0,0.00,0.00,0.00,0.00,0.00,Matches,Copa del Rey,2024-2025
dc54a6b8,Daniel Bernabéu,,DF,,0,0,,,,,,,,,,,,,,,,Matches,Copa del Rey,2024-2025
bf4da3c9,Eduardo de la Casa,es ESP,MF,21,0,0,,,,,,,,,,,,,,,,Matches,Copa del Rey,2024-2025
f1294a3e,Hugo Martínez,es ESP,MF,17,0,0,,,,,,,,,,,,,,,,Matches,Copa del Rey,2024-2025
c6d7c2db,Junior Nsangou,pl POL,FW,18,0,0,,,,,,,,,,,,,,,,Matches,Copa del Rey,2024-2025
8fcb3832,Joan Pulpón,es ESP,FW,20,0,0,,,,,,,,,,,,,,,,Matches,Copa del Rey,2024-2025
70dd60c3,Mario Ramos,es ESP,GK,20,0,0,,,,,,,,,,,,,,,,Matches,Copa del Rey,2024-2025
dce2cbe8,Neco Rubayo,es ESP,MF,21,0,0,,,,,,,,,,,,,,,,Matches,Copa del Rey,2024-2025
eeba07f8,Luis Javier Suárez,co COL,FW,26,41,41,"3,638",40.4,27,8,35,19,8,10,9,0,0.67,0.20,0.87,0.47,0.67,Matches,Copa del Rey,2024-2025
49d028db,Édgar González,es ESP,"DF,MF",27,40,38,"3,369",37.4,2,0,2,2,0,0,8,0,0.05,0.00,0.05,0.05,0.05,Matches,Copa del Rey,2024-2025
64c14d49,Dion Lopy,sn SEN,MF,22,36,32,"2,908",32.3,1,3,4,1,0,0,19,0,0.03,0.09,0.12,0.03,0.12,Matches,Copa del Rey,2024-2025
35f6db55,Léo Baptistão,br BRA,"MF,FW",31,37,32,"2,438",27.1,10,5,15,10,0,0,2,0,0.37,0.18,0.55,0.37,0.55,Matches,Copa del Rey,2024-2025
365113c0,Marc Pubill,es ESP,DF,21,36,31,"2,819",31.3,1,4,5,1,0,0,6,0,0.03,0.13,0.16,0.03,0.16,Matches,Copa del Rey,2024-2025
1e465e70,Sergio Arribas,es ESP,MF,22,41,30,"2,586",28.7,8,3,11,8,0,0,3,1,0.28,0.10,0.38,0.28,0.38,Matches,Copa del Rey,2024-2025
3318286e,Luís Maximiano,pt POR,GK,25,28,28,"2,520",28.0,0,0,0,0,0,0,0,0,0.00,0.00,0.00,0.00,0.00,Matches,Copa del Rey,2024-2025
ae852b7d,Álex Centelles,es ESP,"DF,MF",26,36,28,"2,481",27.6,2,4,6,2,0,0,4,0,0.07,0.15,0.22,0.07,0.22,Matches,Copa del Rey,2024-2025
2475cf9b,Chumi,es ESP,DF,25,27,27,"2,376",26.4,0,0,0,0,0,0,8,0,0.00,0.00,0.00,0.00,0.00,Matches,Copa del Rey,2024-2025
ce8039aa,Nico Ribaudo,es ESP,MF,23,38,27,"2,274",25.3,7,4,11,7,0,0,4,1,0.28,0.16,0.44,0.28,0.44,Matches,Copa del Rey,2024-2025
3902e91b,Gonzalo Melero,es ESP,MF,30,32,23,"2,021",22.5,4,4,8,4,0,0,7,0,0.18,0.18,0.36,0.18,0.36,Matches,Copa del Rey,2024-2025
72947847,Bruno Langa,mz MOZ,DF,26,24,17,"1,511",16.8,0,0,0,0,0,0,3,1,0.00,0.00,0.00,0.00,0.00,Matches,Copa del Rey,2024-2025
39352da2,Arnau Puigmal,es ESP,MF,23,39,16,"1,518",16.9,3,5,8,3,0,0,3,0,0.18,0.30,0.47,0.18,0.47,Matches,Copa del Rey,2024-2025
3c16d927,Alejandro Pozo Pozo,es ESP,"DF,MF",25,30,15,"1,584",17.6,2,1,3,2,0,0,3,0,0.11,0.06,0.17,0.11,0.17,Matches,Copa del Rey,2024-2025
55634fb8,Kaiky,br BRA,"DF,MF",20,23,15,"1,271",14.1,0,1,1,0,0,0,4,2,0.00,0.07,0.07,0.00,0.07,Matches,Copa del Rey,2024-2025
dabb2827,Fernando,es ESP,GK,34,14,14,"1,260",14.0,0,0,0,0,0,0,3,0,0.00,0.00,0.00,0.00,0.00,Matches,Copa del Rey,2024-2025
09507ffa,Aleksandar Radovanović,rs SRB,DF,30,18,14,"1,143",12.7,0,0,0,0,0,0,2,1,0.00,0.00,0.00,0.00,0.00,Matches,Copa del Rey,2024-2025
a8981944,Lucas Robertone,ar ARG,MF,27,23,13,"1,217",13.5,1,4,5,1,0,0,4,0,0.07,0.30,0.37,0.07,0.37,Matches,Copa del Rey,2024-2025
bfd381b3,Iddrisu Baba,gh GHA,MF,28,10,7,613,6.8,0,0,0,0,0,0,2,0,0.00,0.00,0.00,0.00,0.00,Matches,Copa del Rey,2024-2025
b793dea2,Silvi Clúa,es ESP,MF,19,11,4,409,4.5,0,0,0,0,0,0,3,1,0.00,0.00,0.00,0.00,0.00,Matches,Copa del Rey,2024-2025
86ff856b,Lázaro,br BRA,"MF,FW",22,15,3,429,4.8,0,1,1,0,0,0,2,0,0.00,0.21,0.21,0.00,0.21,Matches,Copa del Rey,2024-2025
022c1bf7,Gui Guedes,pt POR,MF,22,13,3,325,3.6,1,0,1,1,0,0,2,0,0.28,0.00,0.28,0.28,0.28,Matches,Copa del Rey,2024-2025
ae9a9b2d,Rachad Fettal,ma MAR,MF,19,14,1,197,2.2,1,1,2,1,0,0,1,1,0.46,0.46,0.91,0.46,0.91,Matches,Copa del Rey,2024-2025
2f456b86,Rubén Quintanilla,es ESP,MF,22,4,1,96,1.1,0,1,1,0,0,0,1,0,0.00,0.94,0.94,0.00,0.94,Matches,Copa del Rey,2024-2025
cc9256ef,Largie Ramazani,be BEL,MF,23,1,1,90,1.0,1,0,1,1,0,0,0,0,1.00,0.00,1.00,1.00,1.00,Matches,Copa del Rey,2024-2025
28e957d7,César Montes,mx MEX,DF,27,1,1,45,0.5,0,0,0,0,0,0,0,0,0.00,0.00,0.00,0.00,0.00,Matches,Copa del Rey,2024-2025
1fda2b14,Marko Milovanović,rs SRB,FW,20,16,0,161,1.8,0,0,0,0,0,0,2,0,0.00,0.00,0.00,0.00,0.00,Matches,Copa del Rey,2024-2025
36bac79c,Marko Perović,me MNE,MF,18,6,0,54,0.6,0,0,0,0,0,0,1,0,0.00,0.00,0.00,0.00,0.00,Matches,Copa del Rey,2024-2025
260a429a,Pedro Fidel,es ESP,DF,17,1,0,4,0.0,0,0,0,0,0,0,0,0,0.00,0.00,0.00,0.00,0.00,Matches,Copa del Rey,2024-2025
34d096e1,Valentín Gómez,es ESP,MF,20,1,0,4,0.0,0,0,0,0,0,0,0,0,0.00,0.00,0.00,0.00,0.00,Matches,Copa del Rey,2024-2025
46e0461a,Lorenzo Sanchez,es ESP,FW,21,1,0,1,0.0,0,0,0,0,0,0,0,0,0.00,0.00,0.00,0.00,0.00,Matches,Copa del Rey,2024-2025
ce568211,Joan Gázquez,es ESP,MF,20,0,0,,,,,,,,,,,,,,,,Matches,Copa del Rey,2024-2025
7427291c,Bruno Iribarne,es ESP,GK,19,0,0,,,,,,,,,,,,,,,,Matches,Copa del Rey,2024-2025
736c14ec,Marcos Peña,es ESP,MF,19,0,0,,,,,,,,,,,,,,,,Matches,Copa del Rey,2024-2025
8aff1fe7,Safi,es ESP,MF,17,0,0,,,,,,,,,,,,,,,,Matches,Copa del Rey,2024-2025
b7aa8fd8,Paco Sanz,es ESP,DF,19,0,0,,,,,,,,,,,,,,,,Matches,Copa del Rey,2024-2025
3b399f01,Nacho Vila,es ESP,DF,21,0,0,,,,,,,,,,,,,,,,Matches,Copa del Rey,2024-2025
2a1078d8,David Astals,es ESP,DF,22,1,1,90,1.0,0,0,0,0,0,0,0,0,0.00,0.00,0.00,0.00,0.00,Matches,Copa del Rey,2024-2025
08f658ea,José Javier Belman Calvo,es ESP,GK,25,1,1,90,1.0,0,0,0,0,0,0,0,0,0.00,0.00,0.00,0.00,0.00,Matches,Copa del Rey,2024-2025
fc240275,Marc Domènech,es ESP,MF,21,1,1,90,1.0,0,0,0,0,0,0,0,0,0.00,0.00,0.00,0.00,0.00,Matches,Copa del Rey,2024-2025
154fe273,Alberto Escassi,es ESP,DF,35,1,1,90,1.0,0,0,0,0,0,0,0,0,0.00,0.00,0.00,0.00,0.00,Matches,Copa del Rey,2024-2025
36d5469c,Álex Gallar,es ESP,FW,32,1,1,90,1.0,0,0,0,0,0,0,0,0,0.00,0.00,0.00,0.00,0.00,Matches,Copa del Rey,2024-2025
42593c71,Eric Monjonell,es ESP,DF,22,1,1,90,1.0,0,0,0,0,0,0,0,0,0.00,0.00,0.00,0.00,0.00,Matches,Copa del Rey,2024-2025
2a70c756,Naranjo,es ESP,FW,30,1,1,90,1.0,0,0,0,0,0,0,1,0,0.00,0.00,0.00,0.00,0.00,Matches,Copa del Rey,2024-2025
3750423c,José Matos,pa PAN,DF,22,1,1,77,0.9,0,0,0,0,0,0,0,0,0.00,0.00,0.00,0.00,0.00,Matches,Copa del Rey,2024-2025
c1c71573,Pau Ferrer,es ESP,FW,20,1,1,74,0.8,0,0,0,0,0,0,0,0,0.00,0.00,0.00,0.00,0.00,Matches,Copa del Rey,2024-2025
a8b266ff,Lancinet Kourouma,gn GUI,MF,20,1,1,74,0.8,0,0,0,0,0,0,0,0,0.00,0.00,0.00,0.00,0.00,Matches,Copa del Rey,2024-2025
039783d3,Fausto Tienza,es ESP,MF,34,1,1,74,0.8,0,0,0,0,0,0,0,0,0.00,0.00,0.00,0.00,0.00,Matches,Copa del Rey,2024-2025
14a82e0e,Arturo Molina,es ESP,MF,28,1,0,16,0.2,0,0,0,0,0,0,0,0,0.00,0.00,0.00,0.00,0.00,Matches,Copa del Rey,2024-2025
c966fce1,Quique,es ESP,"FW,MF",34,1,0,16,0.2,0,0,0,0,0,0,0,0,0.00,0.00,0.00,0.00,0.00,Matches,Copa del Rey,2024-2025
a75b4071,Eugeni Valderrama,es ESP,MF,30,1,0,16,0.2,0,0,0,0,0,0,0,0,0.00,0.00,0.00,0.00,0.00,Matches,Copa del Rey,2024-2025
d7af6f5b,Javier Jiménez,es ESP,DF,28,1,0,13,0.1,0,0,0,0,0,0,0,0,0.00,0.00,0.00,0.00,0.00,Matches,Copa del Rey,2024-2025
0fc3aade,Jesús ÁLVAREZ,es ESP,MF,24,0,0,,,,,,,,,,,,,,,,Matches,Copa del Rey,2024-2025
b91883b7,Roberto Olabe del Arco,es ESP,MF,28,0,0,,,,,,,,,,,,,,,,Matches,Copa del Rey,2024-2025
ba1373ea,Andrii Chekotun,ua UKR,GK,21,0,0,,,,,,,,,,,,,,,,Matches,Copa del Rey,2024-2025
b519423d,Iago Indias,es ESP,DF,28,0,0,,,,,,,,,,,,,,,,Matches,Copa del Rey,2024-2025
f123bbf4,Paolo Pugliese,,DF,,0,0,,,,,,,,,,,,,,,,Matches,Copa del Rey,2024-2025
0cb5d404,Ramón,es ESP,GK,24,0,0,,,,,,,,,,,,,,,,Matches,Copa del Rey,2024-2025
397ab90d,Óscar Vivares,,FW,,0,0,,,,,,,,,,,,,,,,Matches,Copa del Rey,2024-2025
ce37c3bd,Ivan Breñé,es ESP,FW,23,1,1,120,1.3,0,0,0,0,0,0,0,0,0.00,0.00,0.00,0.00,0.00,Matches,Copa del Rey,2024-2025
5cc83c67,David Fernández,es ESP,DF,23,1,1,120,1.3,0,0,0,0,0,0,0,0,0.00,0.00,0.00,0.00,0.00,Matches,Copa del Rey,2024-2025
0680b1dd,Josélu,es ESP,MF,24,1,1,120,1.3,0,0,0,0,0,0,1,0,0.00,0.00,0.00,0.00,0.00,Matches,Copa del Rey,2024-2025
1fdd25fd,Omar Álvarez Burgos,es ESP,FW,33,1,1,45,0.5,0,0,0,0,0,0,0,0,0.00,0.00,0.00,0.00,0.00,Matches,Copa del Rey,2024-2025
3464db3a,Samu Pérez,es ESP,FW,23,1,0,75,0.8,0,0,0,0,0,0,0,0,0.00,0.00,0.00,0.00,0.00,Matches,Copa del Rey,2024-2025
ddab8ee4,Álex Menéndez,es ESP,DF,33,1,0,16,0.2,0,0,0,0,0,0,0,0,0.00,0.00,0.00,0.00,0.00,Matches,Copa del Rey,2024-2025
817334a9,Nacho López,es ESP,DF,36,1,0,,0.0,0,0,0,0,0,0,1,0,,,,,,Matches,Copa del Rey,2024-2025
3f83c34d,Sergio Orviz,es ESP,DF,25,0,0,,,,,,,,,,,,,,,,Matches,Copa del Rey,2024-2025
0f7dbaf6,Jokin Ezkieta,es ESP,GK,27,42,42,"3,780",42.0,0,0,0,0,0,0,2,0,0.00,0.00,0.00,0.00,0.00,Matches,Copa del Rey,2024-2025
2ae30661,Andrés Martín,es ESP,MF,25,41,39,"3,339",37.1,16,17,33,11,5,7,6,0,0.43,0.46,0.89,0.30,0.75,Matches,Copa del Rey,2024-2025
afafac57,Iñigo Vicente,es ESP,MF,26,40,38,"3,325",36.9,3,10,13,3,0,0,11,1,0.08,0.27,0.35,0.08,0.35,Matches,Copa del Rey,2024-2025
4405a57e,Aldasoro,es ESP,MF,25,39,36,"2,885",32.1,2,3,5,2,0,0,11,0,0.06,0.09,0.16,0.06,0.16,Matches,Copa del Rey,2024-2025
4112ace5,Unai Vencedor Paris,es ESP,MF,23,38,32,"2,737",30.4,0,2,2,0,0,0,5,0,0.00,0.07,0.07,0.00,0.07,Matches,Copa del Rey,2024-2025
7e1a736b,Javier Castro,es ESP,DF,23,37,29,"2,767",30.7,3,0,3,3,0,0,4,0,0.10,0.00,0.10,0.10,0.10,Matches,Copa del Rey,2024-2025
1d4e63b6,Pablo Rodríguez,es ESP,MF,22,34,29,"1,807",20.1,7,3,10,7,0,0,6,0,0.35,0.15,0.50,0.35,0.50,Matches,Copa del Rey,2024-2025
2d426747,Mario García,es ESP,DF,20,32,28,"2,478",27.5,3,0,3,3,0,0,8,0,0.11,0.00,0.11,0.11,0.11,Matches,Copa del Rey,2024-2025
94021206,Arana,es ESP,FW,24,38,27,"2,272",25.2,13,0,13,13,0,0,6,0,0.51,0.00,0.51,0.51,0.51,Matches,Copa del Rey,2024-2025
cb9ec45d,Clément Michelin,fr FRA,DF,27,31,27,"2,153",23.9,2,1,3,2,0,0,5,0,0.08,0.04,0.13,0.08,0.13,Matches,Copa del Rey,2024-2025
3e96f3e7,Javi Montero,es ESP,DF,25,25,25,"2,161",24.0,1,1,2,1,0,0,5,1,0.04,0.04,0.08,0.04,0.08,Matches,Copa del Rey,2024-2025
5920c7c7,Manu Hernando,es ESP,DF,26,27,22,"1,859",20.7,0,0,0,0,0,0,3,2,0.00,0.00,0.00,0.00,0.00,Matches,Copa del Rey,2024-2025
211589b8,Jon Karrikaburu,es ESP,FW,21,41,18,"1,997",22.2,8,4,12,8,0,0,3,0,0.36,0.18,0.54,0.36,0.54,Matches,Copa del Rey,2024-2025
0bf0e5b1,Marco Sangalli,es ESP,"DF,MF",32,33,15,"1,550",17.2,4,2,6,4,0,0,8,0,0.23,0.12,0.35,0.23,0.35,Matches,Copa del Rey,2024-2025
dafa5038,Saúl García,es ESP,DF,29,21,14,"1,286",14.3,0,1,1,0,0,0,4,1,0.00,0.07,0.07,0.00,0.07,Matches,Copa del Rey,2024-2025
d1fac0d5,Mantilla,es ESP,DF,24,14,11,"1,005",11.2,0,0,0,0,0,0,4,0,0.00,0.00,0.00,0.00,0.00,Matches,Copa del Rey,2024-2025
484aca18,Maguette Gueye,sn SEN,MF,21,27,9,"1,159",12.9,0,0,0,0,0,0,8,0,0.00,0.00,0.00,0.00,0.00,Matches,Copa del Rey,2024-2025
428a06a7,Víctor Meseguer,es ESP,MF,25,18,7,731,8.1,0,1,1,0,0,0,3,0,0.00,0.12,0.12,0.00,0.12,Matches,Copa del Rey,2024-2025
56545648,Roberto González,es ESP,MF,23,16,6,608,6.8,0,0,0,0,0,0,1,0,0.00,0.00,0.00,0.00,0.00,Matches,Copa del Rey,2024-2025
360d70f8,Lago Junior,ci CIV,MF,33,19,3,467,5.2,1,0,1,1,0,0,1,0,0.19,0.00,0.19,0.19,0.19,Matches,Copa del Rey,2024-2025
138957de,Sulei Camara,gm GAM,MF,22,21,2,449,5.0,1,1,2,1,0,0,1,0,0.20,0.20,0.40,0.20,0.40,Matches,Copa del Rey,2024-2025
7bbacdc4,Íñigo Sainz-Maza,es ESP,MF,26,9,1,248,2.8,0,0,0,0,0,0,0,0,0.00,0.00,0.00,0.00,0.00,Matches,Copa del Rey,2024-2025
70676088,Jeremy Arévalo,ec ECU,MF,19,7,1,157,1.7,0,0,0,0,0,0,0,0,0.00,0.00,0.00,0.00,0.00,Matches,Copa del Rey,2024-2025
a44995b7,Jorge Salinas,es ESP,DF,17,1,1,90,1.0,0,0,0,0,0,0,0,0,0.00,0.00,0.00,0.00,0.00,Matches,Copa del Rey,2024-2025
330bc00e,Ekain Zenitagoia,es ESP,FW,30,8,0,70,0.8,1,0,1,1,0,0,0,0,1.29,0.00,1.29,1.29,1.29,Matches,Copa del Rey,2024-2025
c1a0f852,Marco Carrascal,es ESP,DF,21,3,0,35,0.4,0,0,0,0,0,0,0,0,0.00,0.00,0.00,0.00,0.00,Matches,Copa del Rey,2024-2025
01223184,Diego Diaz,es ESP,FW,19,2,0,35,0.4,0,0,0,0,0,0,0,0,0.00,0.00,0.00,0.00,0.00,Matches,Copa del Rey,2024-2025
c96ad71d,Pol Moreno,es ESP,DF,30,2,0,13,0.1,0,0,0,0,0,0,0,0,0.00,0.00,0.00,0.00,0.00,Matches,Copa del Rey,2024-2025
f443c35f,Izan Yurrieta,es ESP,FW,21,1,0,11,0.1,0,0,0,0,0,0,0,0,0.00,0.00,0.00,0.00,0.00,Matches,Copa del Rey,2024-2025
d6650146,Aitor Crespo,es ESP,DF,18,0,0,,,,,,,,,,,,,,,,Matches,Copa del Rey,2024-2025
f9b42381,Miquel Parera,es ESP,GK,28,0,0,,,,,,,,,,,,,,,,Matches,Copa del Rey,2024-2025
8f82ad0b,Ángel Pérez,es ESP,DF,21,0,0,,,,,,,,,,,,,,,,Matches,Copa del Rey,2024-2025
be27092d,Mario Solórzano,es ESP,MF,19,0,0,,,,,,,,,,,,,,,,Matches,Copa del Rey,2024-2025
2a51c67e,Alejandro Puertas,es ESP,MF,25,1,1,90,1.0,0,0,0,0,0,0,0,0,0.00,0.00,0.00,0.00,0.00,Matches,Copa del Rey,2024-2025
c96a8587,Dani Salas,es ESP,FW,24,1,1,90,1.0,0,0,0,0,0,0,0,0,0.00,0.00,0.00,0.00,0.00,Matches,Copa del Rey,2024-2025
3916cbd2,Daniel Moreno,,DF,,0,0,,,,,,,,,,,,,,,,Matches,Copa del Rey,2024-2025
0dca768b,Alfonso Herrero,es ESP,GK,30,41,41,"3,690",41.0,0,0,0,0,0,0,2,0,0.00,0.00,0.00,0.00,0.00,Matches,Copa del Rey,2024-2025
8923dfec,Nélson Monte,pt POR,DF,29,33,33,"2,953",32.8,3,0,3,3,0,0,5,0,0.09,0.00,0.09,0.09,0.09,Matches,Copa del Rey,2024-2025
a09bc5e8,David Larrubia,es ESP,"MF,FW",22,36,33,"2,787",31.0,4,2,6,4,0,0,2,0,0.13,0.06,0.19,0.13,0.19,Matches,Copa del Rey,2024-2025
4a541583,Manu Molina,es ESP,MF,32,38,32,"2,787",31.0,1,2,3,1,0,0,8,0,0.03,0.06,0.10,0.03,0.10,Matches,Copa del Rey,2024-2025
a952a529,Julen Lobete,es ESP,"FW,MF",23,36,28,"2,276",25.3,3,2,5,3,0,0,3,0,0.12,0.08,0.20,0.12,0.20,Matches,Copa del Rey,2024-2025
c2cfbfc9,Luismi,es ESP,MF,32,30,27,"2,351",26.1,0,1,1,0,0,0,12,0,0.00,0.04,0.04,0.00,0.04,Matches,Copa del Rey,2024-2025
2bf90480,Alex Pastor,es ESP,DF,24,31,27,"2,312",25.7,1,0,1,1,0,0,6,1,0.04,0.00,0.04,0.04,0.04,Matches,Copa del Rey,2024-2025
38daeede,Puga,es ESP,DF,23,31,24,"2,184",24.3,0,0,0,0,0,0,9,1,0.00,0.00,0.00,0.00,0.00,Matches,Copa del Rey,2024-2025
d9b0e57e,Antonio Cordero,es ESP,MF,17,39,23,"2,084",23.2,6,6,12,3,3,4,1,0,0.26,0.26,0.52,0.13,0.39,Matches,Copa del Rey,2024-2025
327d75f2,Einar Galilea,es ESP,DF,30,27,22,"1,989",22.1,0,1,1,0,0,0,2,1,0.00,0.05,0.05,0.00,0.05,Matches,Copa del Rey,2024-2025
eff76ba2,Dani Sánchez,es ESP,DF,24,24,22,"1,968",21.9,2,3,5,2,0,0,6,0,0.09,0.14,0.23,0.09,0.23,Matches,Copa del Rey,2024-2025
aac8c5ac,Dioni,es ESP,FW,34,39,22,"1,955",21.7,7,3,10,7,0,1,4,0,0.32,0.14,0.46,0.32,0.46,Matches,Copa del Rey,2024-2025
cec64412,Víctor García Marín,es ESP,DF,30,21,19,"1,659",18.4,0,1,1,0,0,0,4,0,0.00,0.05,0.05,0.00,0.05,Matches,Copa del Rey,2024-2025
2a968ed9,Kevin Medina,es ESP,MF,23,29,15,"1,221",13.6,2,3,5,2,0,0,5,1,0.15,0.22,0.37,0.15,0.37,Matches,Copa del Rey,2024-2025
801f8118,Gabilondo,es ESP,DF,25,21,14,"1,253",13.9,0,3,3,0,0,0,5,0,0.00,0.22,0.22,0.00,0.22,Matches,Copa del Rey,2024-2025
64170f54,Izan Merino,es ESP,MF,18,25,12,"1,193",13.3,0,2,2,0,0,0,1,1,0.00,0.15,0.15,0.00,0.15,Matches,Copa del Rey,2024-2025
4eb8be46,Chupete,es ESP,FW,19,19,11,976,10.8,4,0,4,4,0,0,4,0,0.37,0.00,0.37,0.37,0.37,Matches,Copa del Rey,2024-2025
c432ba7d,Roko Baturina,hr CRO,FW,24,24,9,894,9.9,2,1,3,2,0,1,1,0,0.20,0.10,0.30,0.20,0.30,Matches,Copa del Rey,2024-2025
a57a55dd,Diego Murillo,es ESP,DF,23,10,9,776,8.6,1,0,1,1,0,0,1,0,0.12,0.00,0.12,0.12,0.12,Matches,Copa del Rey,2024-2025
679b9236,Aarón Ochoa,ie IRL,"MF,FW",17,26,8,"1,012",11.2,0,0,0,0,0,0,2,0,0.00,0.00,0.00,0.00,0.00,Matches,Copa del Rey,2024-2025
f807f8b3,Yanis Rahmani,fr FRA,"MF,FW",29,23,7,668,7.4,0,0,0,0,0,0,0,0,0.00,0.00,0.00,0.00,0.00,Matches,Copa del Rey,2024-2025
731b58b9,Juanpe,es ESP,MF,28,15,7,608,6.8,0,0,0,0,0,0,7,0,0.00,0.00,0.00,0.00,0.00,Matches,Copa del Rey,2024-2025
b344c7d5,Dani Lorenzo,es ESP,"MF,FW",21,12,6,471,5.2,1,0,1,1,0,0,1,0,0.19,0.00,0.19,0.19,0.19,Matches,Copa del Rey,2024-2025
9506d4a1,Ramón Enríquez,es ESP,MF,23,11,5,440,4.9,0,1,1,0,0,0,1,0,0.00,0.20,0.20,0.00,0.20,Matches,Copa del Rey,2024-2025
7958dc65,Luca Sangalli,es ESP,MF,29,10,3,239,2.7,0,0,0,0,0,0,0,0,0.00,0.00,0.00,0.00,0.00,Matches,Copa del Rey,2024-2025
33137f4d,Sergio Castel,es ESP,FW,29,13,2,409,4.5,1,0,1,1,0,0,3,0,0.22,0.00,0.22,0.22,0.22,Matches,Copa del Rey,2024-2025
090e367c,Carlos López,es ESP,GK,19,1,1,90,1.0,0,0,0,0,0,0,0,0,0.00,0.00,0.00,0.00,0.00,Matches,Copa del Rey,2024-2025
3b7abbd3,Rafa Rodríguez,es ESP,MF,21,6,0,61,0.7,2,0,2,2,0,0,0,0,2.95,0.00,2.95,2.95,2.95,Matches,Copa del Rey,2024-2025
95ca716a,Haitam Abaida,ma MAR,FW,22,2,0,22,0.2,0,0,0,0,0,0,0,0,0.00,0.00,0.00,0.00,0.00,Matches,Copa del Rey,2024-2025
46ff38d1,Alexis,es ESP,FW,21,0,0,,,,,,,,,,,,,,,,Matches,Copa del Rey,2024-2025
dbf8c65f,Pablo Arriaza,es ESP,DF,20,0,0,,,,,,,,,,,,,,,,Matches,Copa del Rey,2024-2025
f946db08,Andrés Céspedes,es ESP,GK,20,0,0,,,,,,,,,,,,,,,,Matches,Copa del Rey,2024-2025
f15f2b36,Moussa Diarra,es ESP,DF,22,0,0,,,,,,,,,,,,,,,,Matches,Copa del Rey,2024-2025
cbfd794a,Rafael Garrido,,DF,,0,0,,,,,,,,,,,,,,,,Matches,Copa del Rey,2024-2025
54073b28,Recio,es ESP,MF,33,0,0,,,,,,,,,,,,,,,,Matches,Copa del Rey,2024-2025
10f5b59c,Alberto Fernández,es ESP,FW,25,1,1,90,1.0,0,0,0,0,0,0,0,0,0.00,0.00,0.00,0.00,0.00,Matches,Copa del Rey,2024-2025
32d02572,Gori,es ESP,MF,25,1,1,90,1.0,0,0,0,0,0,0,0,0,0.00,0.00,0.00,0.00,0.00,Matches,Copa del Rey,2024-2025
71423aa5,Diego Martínez,es ESP,MF,26,1,1,90,1.0,0,0,0,0,0,0,0,0,0.00,0.00,0.00,0.00,0.00,Matches,Copa del Rey,2024-2025
21e80a6f,Pep Payeras,es ESP,DF,23,1,1,90,1.0,0,0,0,0,0,0,0,0,0.00,0.00,0.00,0.00,0.00,Matches,Copa del Rey,2024-2025
0d66b7c4,Pep,es ESP,DF,27,1,1,90,1.0,0,0,0,0,0,0,0,0,0.00,0.00,0.00,0.00,0.00,Matches,Copa del Rey,2024-2025
d16617c0,Aitor Pons,es ESP,FW,33,1,1,90,1.0,1,0,1,1,0,0,0,0,1.00,0.00,1.00,1.00,1.00,Matches,Copa del Rey,2024-2025
74ca130b,Vicente Sabater,es ESP,GK,31,1,1,90,1.0,0,0,0,0,0,0,0,0,0.00,0.00,0.00,0.00,0.00,Matches,Copa del Rey,2024-2025
2486da5c,Joan Salva,es ESP,DF,25,1,1,90,1.0,0,0,0,0,0,0,0,0,0.00,0.00,0.00,0.00,0.00,Matches,Copa del Rey,2024-2025
adf45457,Miguel Soler,es ESP,MF,22,1,1,90,1.0,0,0,0,0,0,0,0,0,0.00,0.00,0.00,0.00,0.00,Matches,Copa del Rey,2024-2025
dec5cfcc,Suasi,es ESP,DF,26,1,1,90,1.0,0,0,0,0,0,0,0,0,0.00,0.00,0.00,0.00,0.00,Matches,Copa del Rey,2024-2025
8bc78e50,Juan Cifré Navas,es ESP,MF,31,1,1,58,0.6,0,0,0,0,0,0,1,0,0.00,0.00,0.00,0.00,0.00,Matches,Copa del Rey,2024-2025
aa4269a6,Dani Rigo,es ESP,MF,21,1,0,32,0.4,0,0,0,0,0,0,1,0,0.00,0.00,0.00,0.00,0.00,Matches,Copa del Rey,2024-2025
c63ca9b6,Marco Alarcón,es ESP,MF,22,0,0,,,,,,,,,,,,,,,,Matches,Copa del Rey,2024-2025
9b1d67bf,Miki Capellà,es ESP,MF,26,0,0,,,,,,,,,,,,,,,,Matches,Copa del Rey,2024-2025
27a65694,Felquin Cruz,es ESP,GK,19,0,0,,,,,,,,,,,,,,,,Matches,Copa del Rey,2024-2025
0cb916c2,Gerard González,es ESP,FW,19,0,0,,,,,,,,,,,,,,,,Matches,Copa del Rey,2024-2025
369b7513,John Herrera,es ESP,DF,20,0,0,,,,,,,,,,,,,,,,Matches,Copa del Rey,2024-2025
ff5f7d28,Miquel Llabrés,es ESP,FW,20,0,0,,,,,,,,,,,,,,,,Matches,Copa del Rey,2024-2025
2df7fc85,Andreu Lladó,es ESP,DF,25,0,0,,,,,,,,,,,,,,,,Matches,Copa del Rey,2024-2025
4eff7e8f,Guiem Mascó,,,,0,0,,,,,,,,,,,,,,,,Matches,Copa del Rey,2024-2025
b37a2708,Ayoub El Mkadmi,,FW,,0,0,,,,,,,,,,,,,,,,Matches,Copa del Rey,2024-2025
74e90475,Sergi Cardona,es ESP,DF,25,35,34,"2,945",32.7,1,7,8,1,0,0,11,0,0.03,0.21,0.24,0.03,0.24,Matches,Copa del Rey,2024-2025
518f2234,Alex Baena,es ESP,"MF,FW",23,32,30,"2,595",28.8,7,9,16,7,0,1,9,0,0.24,0.31,0.55,0.24,0.55,Matches,Copa del Rey,2024-2025
5ae499d0,Santi Comesaña,es ESP,MF,27,35,30,"2,560",28.4,4,2,6,4,0,0,7,0,0.14,0.07,0.21,0.14,0.21,Matches,Copa del Rey,2024-2025
bfb2056e,Logan Costa,cv CPV,DF,23,32,28,"2,587",28.7,2,1,3,2,0,0,3,0,0.07,0.03,0.10,0.07,0.10,Matches,Copa del Rey,2024-2025
e5d01ecf,Kiko Femenía,es ESP,DF,33,28,27,"2,227",24.7,0,1,1,0,0,0,7,0,0.00,0.04,0.04,0.00,0.04,Matches,Copa del Rey,2024-2025
7460ca0d,Daniel Parejo,es ESP,MF,35,36,26,"2,273",25.3,3,3,6,2,1,2,8,0,0.12,0.12,0.24,0.08,0.20,Matches,Copa del Rey,2024-2025
7155e3e1,Pape Gueye,sn SEN,"MF,FW",25,34,26,"2,224",24.7,4,0,4,4,0,0,6,2,0.16,0.00,0.16,0.16,0.16,Matches,Copa del Rey,2024-2025
52c3244b,Thierno Barry,fr FRA,FW,21,35,25,"2,323",25.8,11,4,15,10,1,1,4,0,0.43,0.15,0.58,0.39,0.54,Matches,Copa del Rey,2024-2025
540ec57b,Yeremi Pino,es ESP,MF,21,34,25,"1,934",21.5,4,7,11,4,0,0,11,0,0.19,0.33,0.51,0.19,0.51,Matches,Copa del Rey,2024-2025
819aa8e7,Ayoze Pérez,es ESP,FW,31,30,22,"1,970",21.9,19,2,21,19,0,0,4,0,0.87,0.09,0.96,0.87,0.96,Matches,Copa del Rey,2024-2025
4eae5bc4,Diego Conde,es ESP,GK,25,22,22,"1,962",21.8,0,1,1,0,0,0,2,0,0.00,0.05,0.05,0.00,0.05,Matches,Copa del Rey,2024-2025
6c7762c3,Juan Foyth,ar ARG,DF,26,19,17,"1,517",16.9,1,0,1,1,0,0,4,0,0.06,0.00,0.06,0.06,0.06,Matches,Copa del Rey,2024-2025
d0530e29,Luiz Lúcio Reis Júnior,br BRA,GK,23,17,16,"1,458",16.2,0,0,0,0,0,0,2,0,0.00,0.00,0.00,0.00,0.00,Matches,Copa del Rey,2024-2025
57e3f0c7,Nicolas Pépé,ci CIV,"FW,MF",29,28,15,"1,500",16.7,3,6,9,3,0,0,3,0,0.18,0.36,0.54,0.18,0.54,Matches,Copa del Rey,2024-2025
4bd414c1,Raúl Albiol,es ESP,DF,38,15,14,"1,188",13.2,0,0,0,0,0,0,5,0,0.00,0.00,0.00,0.00,0.00,Matches,Copa del Rey,2024-2025
6a7353d7,Willy Kambwala,fr FRA,DF,19,19,12,"1,117",12.4,0,0,0,0,0,0,1,1,0.00,0.00,0.00,0.00,0.00,Matches,Copa del Rey,2024-2025
3171351c,Pau Navarro,es ESP,DF,19,17,8,916,10.2,0,0,0,0,0,0,1,0,0.00,0.00,0.00,0.00,0.00,Matches,Copa del Rey,2024-2025
a1232f4e,Eric Bailly,ci CIV,DF,30,12,8,617,6.9,0,0,0,0,0,0,2,1,0.00,0.00,0.00,0.00,0.00,Matches,Copa del Rey,2024-2025
12c50af5,Denis Suárez,es ESP,MF,30,21,7,608,6.8,1,1,2,1,0,0,0,0,0.15,0.15,0.30,0.15,0.30,Matches,Copa del Rey,2024-2025
b8bd60fe,Ilias Akhomach,ma MAR,MF,20,11,7,584,6.5,1,0,1,1,0,0,1,0,0.15,0.00,0.15,0.15,0.15,Matches,Copa del Rey,2024-2025
81f0781e,Gerard Moreno,es ESP,FW,32,17,6,721,8.0,3,2,5,0,3,3,0,0,0.37,0.25,0.62,0.00,0.25,Matches,Copa del Rey,2024-2025
63f04c6c,Alfonso Pedraza,es ESP,"DF,MF",28,12,4,460,5.1,0,2,2,0,0,0,0,0,0.00,0.39,0.39,0.00,0.39,Matches,Copa del Rey,2024-2025
3aca6420,Tajon Buchanan,ca CAN,MF,25,13,4,416,4.6,1,2,3,1,0,0,2,0,0.22,0.43,0.65,0.22,0.65,Matches,Copa del Rey,2024-2025
f08490a6,Arnaut Danjuma,nl NED,FW,27,3,3,200,2.2,2,0,2,2,0,0,1,0,0.90,0.00,0.90,0.90,0.90,Matches,Copa del Rey,2024-2025
433dc9a2,Juan Bernat,es ESP,DF,31,10,1,212,2.4,0,1,1,0,0,0,0,0,0.00,0.42,0.42,0.00,0.42,Matches,Copa del Rey,2024-2025
f36016a5,Ramón Terrats,es ESP,FW,23,11,1,131,1.5,0,0,0,0,0,0,1,0,0.00,0.00,0.00,0.00,0.00,Matches,Copa del Rey,2024-2025
53440b64,Pau Cabanes,es ESP,FW,19,10,0,163,1.8,1,0,1,1,0,0,0,0,0.55,0.00,0.55,0.55,0.55,Matches,Copa del Rey,2024-2025
f0f499ea,Karl Etta Eyong,cm CMR,FW,20,4,0,37,0.4,1,0,1,1,0,0,0,0,2.43,0.00,2.43,2.43,2.43,Matches,Copa del Rey,2024-2025
c8c8ce16,Arnau Solà,es ESP,DF,21,1,0,13,0.1,0,0,0,0,0,0,0,0,0.00,0.00,0.00,0.00,0.00,Matches,Copa del Rey,2024-2025
34d29ab9,Daniel Requena,es ESP,MF,20,1,0,10,0.1,0,0,0,0,0,0,0,0,0.00,0.00,0.00,0.00,0.00,Matches,Copa del Rey,2024-2025
06bb141c,Thiago Ojeda,ar ARG,MF,21,1,0,8,0.1,0,0,0,0,0,0,1,0,0.00,0.00,0.00,0.00,0.00,Matches,Copa del Rey,2024-2025
13619663,Iker Álvarez,ad AND,GK,23,0,0,,,,,,,,,,,,,,,,Matches,Copa del Rey,2024-2025
2163e29b,Alassane Diatta,sn SEN,MF,19,0,0,,,,,,,,,,,,,,,,Matches,Copa del Rey,2024-2025
d97cfe6f,Antonio Espigare,es ESP,DF,19,0,0,,,,,,,,,,,,,,,,Matches,Copa del Rey,2024-2025
e9f20735,Rubén Gómez,es ESP,GK,22,0,0,,,,,,,,,,,,,,,,Matches,Copa del Rey,2024-2025
f37986a5,Sergio Castillo,es ESP,DF,32,2,2,180,2.0,0,0,0,0,0,0,0,0,0.00,0.00,0.00,0.00,0.00,Matches,Copa del Rey,2024-2025
addff30b,Emilio Lucas,es ESP,DF,28,2,2,180,2.0,1,0,1,1,0,0,0,0,0.50,0.00,0.50,0.50,0.50,Matches,Copa del Rey,2024-2025
4be2b16a,Jordi Méndez,es ESP,DF,27,2,2,180,2.0,0,0,0,0,0,0,0,0,0.00,0.00,0.00,0.00,0.00,Matches,Copa del Rey,2024-2025
eab2c526,Sergi Serrano,es ESP,MF,24,2,2,180,2.0,1,0,1,1,0,0,0,0,0.50,0.00,0.50,0.50,0.50,Matches,Copa del Rey,2024-2025
43226fd4,Daniel Torices,es ESP,MF,20,2,2,170,1.9,0,0,0,0,0,0,1,0,0.00,0.00,0.00,0.00,0.00,Matches,Copa del Rey,2024-2025
71ce8b62,Pau,es ESP,MF,32,2,2,161,1.8,0,0,0,0,0,0,1,0,0.00,0.00,0.00,0.00,0.00,Matches,Copa del Rey,2024-2025
0315a0e5,Albertito,es ESP,MF,25,2,2,144,1.6,0,0,0,0,0,0,0,0,0.00,0.00,0.00,0.00,0.00,Matches,Copa del Rey,2024-2025
da102e34,Antonio Pelegrín,es ESP,DF,29,1,1,90,1.0,0,0,0,0,0,0,1,0,0.00,0.00,0.00,0.00,0.00,Matches,Copa del Rey,2024-2025
8f03f3e9,Nil Torreguitart,es ESP,GK,22,1,1,90,1.0,0,0,0,0,0,0,1,0,0.00,0.00,0.00,0.00,0.00,Matches,Copa del Rey,2024-2025
b622cfdd,Guille Torres,es ESP,DF,24,1,1,90,1.0,0,0,0,0,0,0,1,0,0.00,0.00,0.00,0.00,0.00,Matches,Copa del Rey,2024-2025
650a2e4c,Toni Paredes,es ESP,FW,24,1,1,83,0.9,0,0,0,0,0,0,0,0,0.00,0.00,0.00,0.00,0.00,Matches,Copa del Rey,2024-2025
b15e937c,Marc Jurado,es ESP,MF,18,1,1,71,0.8,0,1,1,0,0,0,0,0,0.00,1.27,1.27,0.00,1.27,Matches,Copa del Rey,2024-2025
ccba29df,Adrià García,es ESP,DF,21,2,0,36,0.4,0,0,0,0,0,0,0,0,0.00,0.00,0.00,0.00,0.00,Matches,Copa del Rey,2024-2025
941e6353,Marcos Gorriti,ar ARG,FW,21,1,0,19,0.2,0,0,0,0,0,0,0,0,0.00,0.00,0.00,0.00,0.00,Matches,Copa del Rey,2024-2025
08b2f883,Guzmán,es ESP,MF,33,1,0,19,0.2,0,0,0,0,0,0,0,0,0.00,0.00,0.00,0.00,0.00,Matches,Copa del Rey,2024-2025
0a39c507,Josu Rodríguez,es ESP,FW,34,1,0,10,0.1,0,0,0,0,0,0,0,0,0.00,0.00,0.00,0.00,0.00,Matches,Copa del Rey,2024-2025
4eb913bc,Ernest Forgàs,es ESP,FW,31,1,0,7,0.1,0,0,0,0,0,0,0,0,0.00,0.00,0.00,0.00,0.00,Matches,Copa del Rey,2024-2025
e82e712e,David Castelló,es ESP,FW,18,0,0,,,,,,,,,,,,,,,,Matches,Copa del Rey,2024-2025
3a2c613a,Juanan Gallego,es ESP,FW,26,0,0,,,,,,,,,,,,,,,,Matches,Copa del Rey,2024-2025
212747ef,Eric Mourin,es ESP,GK,22,0,0,,,,,,,,,,,,,,,,Matches,Copa del Rey,2024-2025
0d01d201,Gerard Oliva,es ESP,FW,34,0,0,,,,,,,,,,,,,,,,Matches,Copa del Rey,2024-2025
ae2c416a,Pablo Santiago,es ESP,DF,19,0,0,,,,,,,,,,,,,,,,Matches,Copa del Rey,2024-2025
f034174e,Christian Gómez,es ESP,GK,24,1,1,90,1.0,0,0,0,0,0,0,0,0,0.00,0.00,0.00,0.00,0.00,Matches,Copa del Rey,2024-2025
5cb1b64c,Fernando Guerrero,es ESP,MF,22,1,1,90,1.0,0,0,0,0,0,0,0,0,0.00,0.00,0.00,0.00,0.00,Matches,Copa del Rey,2024-2025
5c103e63,Manuel Navarro,es ESP,MF,23,1,1,90,1.0,0,0,0,0,0,0,1,0,0.00,0.00,0.00,0.00,0.00,Matches,Copa del Rey,2024-2025
c6470be6,Roberto Núñez Mañas,es ESP,FW,28,1,1,90,1.0,0,0,0,0,0,0,0,0,0.00,0.00,0.00,0.00,0.00,Matches,Copa del Rey,2024-2025
4f479e8e,Carlos Parra,es ESP,DF,28,1,1,90,1.0,0,0,0,0,0,0,0,0,0.00,0.00,0.00,0.00,0.00,Matches,Copa del Rey,2024-2025
e24beb71,Víctor Rodríguez,es ESP,DF,21,1,1,90,1.0,0,0,0,0,0,0,0,0,0.00,0.00,0.00,0.00,0.00,Matches,Copa del Rey,2024-2025
acc1a607,Matías Vesprini,ar ARG,MF,24,1,1,90,1.0,0,0,0,0,0,0,0,0,0.00,0.00,0.00,0.00,0.00,Matches,Copa del Rey,2024-2025
bbb1bf37,Garci,es ESP,MF,27,1,1,61,0.7,1,0,1,1,0,0,0,0,1.48,0.00,1.48,1.48,1.48,Matches,Copa del Rey,2024-2025
45bddebd,Martín Pérez,es ESP,MF,27,1,0,29,0.3,0,0,0,0,0,0,0,0,0.00,0.00,0.00,0.00,0.00,Matches,Copa del Rey,2024-2025
65ac6ea0,Sergi,es ESP,DF,32,36,33,"2,957",32.9,2,0,2,2,0,0,2,1,0.06,0.00,0.06,0.06,0.06,Matches,Copa del Rey,2024-2025
ac295d9e,Marko Dmitrović,rs SRB,GK,32,32,32,"2,880",32.0,0,0,0,0,0,0,0,0,0.00,0.00,0.00,0.00,0.00,Matches,Copa del Rey,2024-2025
0d13e455,Seydouba Cissé,gn GUI,MF,23,34,31,"2,435",27.1,3,1,4,3,0,0,3,1,0.11,0.04,0.15,0.11,0.15,Matches,Copa del Rey,2024-2025
9b6d9b53,Valentin Rosier,fr FRA,DF,27,32,28,"2,595",28.8,1,2,3,1,0,0,8,0,0.03,0.07,0.10,0.03,0.10,Matches,Copa del Rey,2024-2025
34269bdf,Renato Tapia,pe PER,"MF,DF",29,34,28,"2,424",26.9,1,0,1,1,0,0,8,0,0.04,0.00,0.04,0.04,0.04,Matches,Copa del Rey,2024-2025
9a76c2e9,Javi Hernández,es ESP,DF,26,31,27,"2,389",26.5,2,1,3,2,0,0,6,0,0.08,0.04,0.11,0.08,0.11,Matches,Copa del Rey,2024-2025
0ad37003,Yvan Neyou,cm CMR,MF,27,30,27,"2,312",25.7,1,1,2,1,0,0,14,0,0.04,0.04,0.08,0.04,0.08,Matches,Copa del Rey,2024-2025
cc2dd8a5,Juan Cruz,es ESP,"MF,DF",24,34,26,"2,257",25.1,5,4,9,5,0,0,2,0,0.20,0.16,0.36,0.20,0.36,Matches,Copa del Rey,2024-2025
f35430a4,Matija Nastasić,rs SRB,DF,31,26,24,"2,110",23.4,1,0,1,1,0,0,3,0,0.04,0.00,0.04,0.04,0.04,Matches,Copa del Rey,2024-2025
ea6a7ab4,Dani Raba,es ESP,"MF,FW",28,29,24,"1,879",20.9,8,6,14,4,4,5,6,0,0.38,0.29,0.67,0.19,0.48,Matches,Copa del Rey,2024-2025
bfca375c,Jorge Sáenz,es ESP,DF,27,23,19,"1,690",18.8,1,0,1,1,0,0,4,1,0.05,0.00,0.05,0.05,0.05,Matches,Copa del Rey,2024-2025
757a3431,Adrià Altimira,es ESP,"DF,MF",23,22,19,"1,630",18.1,0,0,0,0,0,0,6,0,0.00,0.00,0.00,0.00,0.00,Matches,Copa del Rey,2024-2025
6763373d,Miguel,es ESP,FW,24,34,17,"1,724",19.2,1,3,4,0,1,2,3,0,0.05,0.16,0.21,0.00,0.16,Matches,Copa del Rey,2024-2025
4accb7e0,Darko Brašanac,rs SRB,MF,32,30,15,"1,617",18.0,1,2,3,1,0,0,4,0,0.06,0.11,0.17,0.06,0.17,Matches,Copa del Rey,2024-2025
b85a5126,Diego,es ESP,"FW,MF",24,28,13,"1,195",13.3,3,0,3,3,0,0,2,0,0.23,0.00,0.23,0.23,0.23,Matches,Copa del Rey,2024-2025
19709006,Óscar Rodríguez Arnaiz,es ESP,MF,26,29,12,"1,330",14.8,1,4,5,1,0,0,6,1,0.07,0.27,0.34,0.07,0.34,Matches,Copa del Rey,2024-2025
8696bc90,Munir El Haddadi,ma MAR,"MF,FW",28,25,10,862,9.6,4,0,4,4,0,0,1,1,0.42,0.00,0.42,0.42,0.42,Matches,Copa del Rey,2024-2025
40883e3a,Enric Franquesa,es ESP,"MF,DF",27,12,7,616,6.8,1,0,1,1,0,0,1,0,0.15,0.00,0.15,0.15,0.15,Matches,Copa del Rey,2024-2025
919f5f54,Yan Diomandé,ci CIV,MF,17,10,6,545,6.1,2,1,3,2,0,0,1,0,0.33,0.17,0.50,0.33,0.50,Matches,Copa del Rey,2024-2025
5512b1a9,Juan Soriano,es ESP,GK,26,6,6,540,6.0,0,0,0,0,0,0,1,1,0.00,0.00,0.00,0.00,0.00,Matches,Copa del Rey,2024-2025
ba115a40,Sébastien Haller,ci CIV,FW,30,8,5,404,4.5,0,0,0,0,0,0,0,0,0.00,0.00,0.00,0.00,0.00,Matches,Copa del Rey,2024-2025
2a8c9f98,Roberto López,es ESP,MF,24,13,3,396,4.4,0,1,1,0,0,0,0,0,0.00,0.23,0.23,0.00,0.23,Matches,Copa del Rey,2024-2025
92dacb99,Julián Chicco,ar ARG,"MF,DF",26,14,2,302,3.4,0,1,1,0,0,0,0,0,0.00,0.30,0.30,0.00,0.30,Matches,Copa del Rey,2024-2025
f28876e5,Aritz Arambarri,es ESP,DF,26,2,2,177,2.0,0,0,0,0,0,0,0,0,0.00,0.00,0.00,0.00,0.00,Matches,Copa del Rey,2024-2025
777c02e8,Duk,cv CPV,MF,24,10,1,179,2.0,0,0,0,0,0,0,1,0,0.00,0.00,0.00,0.00,0.00,Matches,Copa del Rey,2024-2025
712dd708,Borna Barišić,hr CRO,DF,31,1,1,9,0.1,0,0,0,0,0,0,0,0,0.00,0.00,0.00,0.00,0.00,Matches,Copa del Rey,2024-2025
b6297cb0,Álvaro Abajas,es ESP,GK,21,0,0,,,,,,,,,,,,,,,,Matches,Copa del Rey,2024-2025
dfbd5cb9,Lalo Aguilar,es ESP,DF,22,0,0,,,,,,,,,,,,,,,,Matches,Copa del Rey,2024-2025
0be43fbf,Iker Bachiller,es ESP,DF,21,0,0,,,,,,,,,,,,,,,,Matches,Copa del Rey,2024-2025
686bab8c,Naim García,es ESP,MF,22,0,0,,,,,,,,,,,,,,,,Matches,Copa del Rey,2024-2025
c314f5a3,Álex Gil,es ESP,MF,21,0,0,,,,,,,,,,,,,,,,Matches,Copa del Rey,2024-2025
4d9f02df,Carlos Guirao,es ESP,MF,21,0,0,,,,,,,,,,,,,,,,Matches,Copa del Rey,2024-2025
7d704e92,Jackson Porozo,ec ECU,DF,23,0,0,,,,,,,,,,,,,,,,Matches,Copa del Rey,2024-2025
aca04d51,Guillermo Ruiz,es ESP,GK,20,0,0,,,,,,,,,,,,,,,,Matches,Copa del Rey,2024-2025
4d8fe805,Hugo Solozabal,es ESP,MF,21,0,0,,,,,,,,,,,,,,,,Matches,Copa del Rey,2024-2025
e79ad2d4,João Urbáez,do DOM,DF,22,0,0,,,,,,,,,,,,,,,,Matches,Copa del Rey,2024-2025
8dc84318,Álex Cruz,es ESP,DF,27,1,1,90,1.0,0,0,0,0,0,0,0,0,0.00,0.00,0.00,0.00,0.00,Matches,Copa del Rey,2024-2025
0990e7c7,Daniel Febles,ve VEN,MF,33,1,1,90,1.0,0,0,0,0,0,0,0,0,0.00,0.00,0.00,0.00,0.00,Matches,Copa del Rey,2024-2025
32460df0,Ale Fuentes,es ESP,MF,25,1,1,90,1.0,3,0,3,3,0,0,0,0,3.00,0.00,3.00,3.00,3.00,Matches,Copa del Rey,2024-2025
f1c261e4,Dani González,es ESP,MF,24,1,1,90,1.0,0,0,0,0,0,0,0,0,0.00,0.00,0.00,0.00,0.00,Matches,Copa del Rey,2024-2025
a37fd39f,Adrián Marchín,es ESP,FW,25,1,1,90,1.0,0,0,0,0,0,0,0,0,0.00,0.00,0.00,0.00,0.00,Matches,Copa del Rey,2024-2025
f1c6e9c2,Ale Martín,es ESP,GK,34,1,1,90,1.0,0,0,0,0,0,0,0,0,0.00,0.00,0.00,0.00,0.00,Matches,Copa del Rey,2024-2025
220a9235,Javi Martín,es ESP,MF,26,1,1,90,1.0,0,0,0,0,0,0,0,0,0.00,0.00,0.00,0.00,0.00,Matches,Copa del Rey,2024-2025
16b0fe1d,Ayoze Pérez,es ESP,MF,37,1,1,90,1.0,0,0,0,0,0,0,0,0,0.00,0.00,0.00,0.00,0.00,Matches,Copa del Rey,2024-2025
e837f829,Raúl,es ESP,DF,29,1,1,90,1.0,0,0,0,0,0,0,0,0,0.00,0.00,0.00,0.00,0.00,Matches,Copa del Rey,2024-2025
054b3bee,Agoney Rodríguez,es ESP,DF,21,1,1,90,1.0,0,0,0,0,0,0,0,0,0.00,0.00,0.00,0.00,0.00,Matches,Copa del Rey,2024-2025
49cc8c05,Matías Sosa,ar ARG,DF,23,1,1,90,1.0,0,0,0,0,0,0,1,0,0.00,0.00,0.00,0.00,0.00,Matches,Copa del Rey,2024-2025
b9801a01,Adrian Dorta,,DF,,0,0,,,,,,,,,,,,,,,,Matches,Copa del Rey,2024-2025
0a0e49e4,Ruymán Fernández,es ESP,GK,36,0,0,,,,,,,,,,,,,,,,Matches,Copa del Rey,2024-2025
22e86f16,Álvaro Iglesias,es ESP,FW,26,0,0,,,,,,,,,,,,,,,,Matches,Copa del Rey,2024-2025
ca8364b6,Josimar,es ESP,DF,19,0,0,,,,,,,,,,,,,,,,Matches,Copa del Rey,2024-2025
4138967d,Javi Mayor,es ESP,DF,21,0,0,,,,,,,,,,,,,,,,Matches,Copa del Rey,2024-2025
76a0447c,Nadjib Mengoud,es ESP,MF,28,0,0,,,,,,,,,,,,,,,,Matches,Copa del Rey,2024-2025
28168d35,Oli,es ESP,DF,28,0,0,,,,,,,,,,,,,,,,Matches,Copa del Rey,2024-2025
cb6eabd1,Blas,es ESP,DF,27,1,1,90,1.0,0,0,0,0,0,0,1,0,0.00,0.00,0.00,0.00,0.00,Matches,Copa del Rey,2024-2025
79d4ffb4,Iván Buigues,es ESP,GK,27,1,1,90,1.0,0,0,0,0,0,0,0,0,0.00,0.00,0.00,0.00,0.00,Matches,Copa del Rey,2024-2025
070b16f6,Juan Delgado Sirvent,es ESP,FW,30,1,1,90,1.0,0,0,0,0,0,0,0,0,0.00,0.00,0.00,0.00,0.00,Matches,Copa del Rey,2024-2025
ce475fba,Aitor Hidalgo,es ESP,MF,21,1,1,90,1.0,0,0,0,0,0,0,0,0,0.00,0.00,0.00,0.00,0.00,Matches,Copa del Rey,2024-2025
9605a60a,David Morillas,es ESP,DF,37,1,1,90,1.0,0,0,0,0,0,0,1,0,0.00,0.00,0.00,0.00,0.00,Matches,Copa del Rey,2024-2025
6c041474,Nando,es ESP,FW,30,1,1,90,1.0,0,0,0,0,0,0,0,0,0.00,0.00,0.00,0.00,0.00,Matches,Copa del Rey,2024-2025
261411e2,Ebuka Nwenyi,ng NGA,DF,23,1,1,90,1.0,0,0,0,0,0,0,0,0,0.00,0.00,0.00,0.00,0.00,Matches,Copa del Rey,2024-2025
0636b2c7,Pelón,es ESP,DF,29,1,1,90,1.0,0,0,0,0,0,0,0,0,0.00,0.00,0.00,0.00,0.00,Matches,Copa del Rey,2024-2025
8570cbfb,Isi Ros,es ESP,FW,28,1,1,90,1.0,0,0,0,0,0,0,0,0,0.00,0.00,0.00,0.00,0.00,Matches,Copa del Rey,2024-2025
ec17c949,Joel Rydstrand,se SWE,MF,28,1,1,79,0.9,0,0,0,0,0,0,0,0,0.00,0.00,0.00,0.00,0.00,Matches,Copa del Rey,2024-2025
50f1ed37,Tropi,es ESP,MF,29,1,1,71,0.8,0,0,0,0,0,0,0,0,0.00,0.00,0.00,0.00,0.00,Matches,Copa del Rey,2024-2025
805b1f68,Mario Abenza,es ESP,MF,28,1,0,19,0.2,0,0,0,0,0,0,0,0,0.00,0.00,0.00,0.00,0.00,Matches,Copa del Rey,2024-2025
cad6c1d7,Javier Castedo,es ESP,FW,26,1,0,11,0.1,0,0,0,0,0,0,0,0,0.00,0.00,0.00,0.00,0.00,Matches,Copa del Rey,2024-2025
47cf8d58,Lisardo Antequera,es ESP,GK,21,0,0,,,,,,,,,,,,,,,,Matches,Copa del Rey,2024-2025
ee1f2599,Eneko Cuéllar,es ESP,DF,22,0,0,,,,,,,,,,,,,,,,Matches,Copa del Rey,2024-2025
7f2154f1,Abdoulaye Bah,,DF,,1,1,90,1.0,0,0,0,0,0,0,0,0,0.00,0.00,0.00,0.00,0.00,Matches,Copa del Rey,2024-2025
69ed9906,Jesús Campo,es ESP,DF,28,1,1,90,1.0,0,0,0,0,0,0,0,0,0.00,0.00,0.00,0.00,0.00,Matches,Copa del Rey,2024-2025
8305bc2c,Elhadji Cissé,,MF,,1,1,90,1.0,0,0,0,0,0,0,0,0,0.00,0.00,0.00,0.00,0.00,Matches,Copa del Rey,2024-2025
37b5a9f0,Rubén Gracia,es ESP,MF,32,1,1,90,1.0,0,0,0,0,0,0,0,0,0.00,0.00,0.00,0.00,0.00,Matches,Copa del Rey,2024-2025
d0572a02,Damián Llobet,es ESP,MF,22,1,1,90,1.0,0,0,0,0,0,0,0,0,0.00,0.00,0.00,0.00,0.00,Matches,Copa del Rey,2024-2025
8b550c95,Daniel Mir,,MF,,1,1,90,1.0,0,0,0,0,0,0,0,0,0.00,0.00,0.00,0.00,0.00,Matches,Copa del Rey,2024-2025
6480772e,Hernán Presa,,GK,,1,1,90,1.0,0,0,0,0,0,0,0,0,0.00,0.00,0.00,0.00,0.00,Matches,Copa del Rey,2024-2025
e849ac93,Alejandro Puente,,DF,,1,1,90,1.0,0,0,0,0,0,0,0,0,0.00,0.00,0.00,0.00,0.00,Matches,Copa del Rey,2024-2025
e66fbce4,Andrés Roda,,DF,,1,1,90,1.0,0,0,0,0,0,0,0,0,0.00,0.00,0.00,0.00,0.00,Matches,Copa del Rey,2024-2025
18ad2276,Julen Rubio,,MF,,1,1,90,1.0,0,0,0,0,0,0,0,0,0.00,0.00,0.00,0.00,0.00,Matches,Copa del Rey,2024-2025
b2b281f2,Oriol Serrate,es ESP,FW,27,1,1,90,1.0,0,0,0,0,0,0,0,0,0.00,0.00,0.00,0.00,0.00,Matches,Copa del Rey,2024-2025
2462ec90,Antonio Leal,es ESP,DF,25,2,2,180,2.0,0,0,0,0,0,0,0,0,0.00,0.00,0.00,0.00,0.00,Matches,Copa del Rey,2024-2025
3c251970,Rebollo,es ESP,GK,24,2,2,180,2.0,0,0,0,0,0,0,0,0,0.00,0.00,0.00,0.00,0.00,Matches,Copa del Rey,2024-2025
683a1d81,Mircea Ţîrlea,ro ROU,DF,24,2,2,180,2.0,0,0,0,0,0,0,0,0,0.00,0.00,0.00,0.00,0.00,Matches,Copa del Rey,2024-2025
6cfb56b6,Nil Jiménez,es ESP,"MF,DF",24,2,2,162,1.8,0,0,0,0,0,0,0,0,0.00,0.00,0.00,0.00,0.00,Matches,Copa del Rey,2024-2025
f1887f53,Álex López,es ESP,"MF,DF",27,2,2,162,1.8,0,0,0,0,0,0,1,0,0.00,0.00,0.00,0.00,0.00,Matches,Copa del Rey,2024-2025
f54a029e,Ander Gorostidi,es ESP,MF,28,2,2,157,1.7,0,0,0,0,0,0,0,0,0.00,0.00,0.00,0.00,0.00,Matches,Copa del Rey,2024-2025
9f1b017c,Jaume Jardi,es ESP,"MF,FW",22,2,2,141,1.6,0,1,1,0,0,0,0,0,0.00,0.64,0.64,0.00,0.64,Matches,Copa del Rey,2024-2025
4bfb3538,Alejandro Jiménez,es ESP,"MF,DF",20,2,2,139,1.5,1,0,1,1,0,0,1,0,0.65,0.00,0.65,0.65,0.65,Matches,Copa del Rey,2024-2025
89eeedf6,Oscar Sanz,es ESP,FW,24,2,1,101,1.1,1,0,1,1,0,0,0,0,0.89,0.00,0.89,0.89,0.89,Matches,Copa del Rey,2024-2025
c261b5dd,Unai Dufur,es ESP,DF,25,2,1,97,1.1,0,0,0,0,0,0,1,0,0.00,0.00,0.00,0.00,0.00,Matches,Copa del Rey,2024-2025
c8355268,David Concha,es ESP,FW,27,1,1,90,1.0,0,0,0,0,0,0,0,0,0.00,0.00,0.00,0.00,0.00,Matches,Copa del Rey,2024-2025
0cc407e8,Marc Montalvo,es ESP,MF,22,1,1,89,1.0,0,0,0,0,0,0,0,1,0.00,0.00,0.00,0.00,0.00,Matches,Copa del Rey,2024-2025
9c3ef867,Marc Fernández,es ESP,MF,34,2,1,86,1.0,0,0,0,0,0,0,0,0,0.00,0.00,0.00,0.00,0.00,Matches,Copa del Rey,2024-2025
a5cdedc7,Mario Rodriguez,es ESP,FW,27,1,1,67,0.7,0,0,0,0,0,0,0,0,0.00,0.00,0.00,0.00,0.00,Matches,Copa del Rey,2024-2025
43ad8bbc,Víctor Narro,es ESP,FW,25,2,0,50,0.6,0,0,0,0,0,0,0,0,0.00,0.00,0.00,0.00,0.00,Matches,Copa del Rey,2024-2025
8825e1fc,Pablo Fernández,es ESP,MF,27,2,0,40,0.4,0,0,0,0,0,0,0,0,0.00,0.00,0.00,0.00,0.00,Matches,Copa del Rey,2024-2025
31a1288d,Antonio Cortés,es ESP,"FW,MF",24,1,0,28,0.3,0,0,0,0,0,0,0,0,0.00,0.00,0.00,0.00,0.00,Matches,Copa del Rey,2024-2025
7ccb2ef6,Joan Oriol,es ESP,DF,37,1,0,18,0.2,0,0,0,0,0,0,0,0,0.00,0.00,0.00,0.00,0.00,Matches,Copa del Rey,2024-2025
8ff87efc,Biel Vicens,es ESP,MF,20,1,0,12,0.1,0,0,0,0,0,0,0,0,0.00,0.00,0.00,0.00,0.00,Matches,Copa del Rey,2024-2025
f44af8a9,Pol Domingo,es ESP,DF,24,0,0,,,,,,,,,,,,,,,,Matches,Copa del Rey,2024-2025
4aab7c96,Gorka Pérez,es ESP,DF,29,0,0,,,,,,,,,,,,,,,,Matches,Copa del Rey,2024-2025
59de37ab,Alberto Varo,es ESP,GK,31,0,0,,,,,,,,,,,,,,,,Matches,Copa del Rey,2024-2025
8fc259d7,Josep Señé,es ESP,MF,32,39,37,"3,148",35.0,2,2,4,1,1,2,7,0,0.06,0.06,0.11,0.03,0.09,Matches,Copa del Rey,2024-2025
8dffe3d5,Josué Dorrio,es ESP,"MF,FW",30,40,36,"2,922",32.5,2,3,5,2,0,0,2,0,0.06,0.09,0.15,0.06,0.15,Matches,Copa del Rey,2024-2025
e999605d,Jesús Ruiz,es ESP,GK,27,35,35,"3,150",35.0,0,0,0,0,0,0,2,0,0.00,0.00,0.00,0.00,0.00,Matches,Copa del Rey,2024-2025
307f40f1,Aleksa Puric,rs SRB,DF,21,37,35,"3,012",33.5,1,0,1,1,0,0,14,2,0.03,0.00,0.03,0.03,0.03,Matches,Copa del Rey,2024-2025
a2609621,Naldo,br BRA,DF,35,32,31,"2,766",30.7,0,1,1,0,0,0,10,0,0.00,0.03,0.03,0.00,0.03,Matches,Copa del Rey,2024-2025
eaefa2d0,Alvaro Sanz,es ESP,MF,23,40,30,"2,684",29.8,0,0,0,0,0,0,4,0,0.00,0.00,0.00,0.00,0.00,Matches,Copa del Rey,2024-2025
18017beb,Álvaro Giménez,es ESP,FW,33,37,25,"2,237",24.9,4,1,5,3,1,3,4,0,0.16,0.04,0.20,0.12,0.16,Matches,Copa del Rey,2024-2025
6555c592,Aitor Buñuel,es ESP,DF,26,28,25,"2,173",24.1,1,0,1,1,0,0,2,1,0.04,0.00,0.04,0.04,0.04,Matches,Copa del Rey,2024-2025
bbfaeda4,Fran Manzanara,es ESP,MF,27,24,21,"1,855",20.6,0,1,1,0,0,0,6,0,0.00,0.05,0.05,0.00,0.05,Matches,Copa del Rey,2024-2025
28685101,David Castro,es ESP,DF,28,24,20,"1,830",20.3,0,0,0,0,0,0,8,1,0.00,0.00,0.00,0.00,0.00,Matches,Copa del Rey,2024-2025
9b608841,Eneko Jauregi,es ESP,FW,28,37,19,"1,849",20.5,6,0,6,6,0,0,3,0,0.29,0.00,0.29,0.29,0.29,Matches,Copa del Rey,2024-2025
0b7887d1,Brais Martinez,es ESP,DF,22,20,17,"1,382",15.4,0,0,0,0,0,0,1,0,0.00,0.00,0.00,0.00,0.00,Matches,Copa del Rey,2024-2025
a229c6e7,Héber Pena,es ESP,MF,34,18,14,"1,129",12.5,0,1,1,0,0,0,0,0,0.00,0.08,0.08,0.00,0.08,Matches,Copa del Rey,2024-2025
46bd3a5b,Rober Correa,es ESP,DF,31,23,13,"1,338",14.9,0,1,1,0,0,0,5,1,0.00,0.07,0.07,0.00,0.07,Matches,Copa del Rey,2024-2025
0c78c871,Nacho,es ESP,"MF,DF",31,28,13,"1,317",14.6,1,0,1,1,0,0,3,0,0.07,0.00,0.07,0.07,0.07,Matches,Copa del Rey,2024-2025
f161f97f,Aitor Gelardo,es ESP,MF,22,24,13,"1,113",12.4,2,2,4,2,0,0,3,0,0.16,0.16,0.32,0.16,0.32,Matches,Copa del Rey,2024-2025
248c409d,Moisés Delgado,es ESP,DF,30,16,11,960,10.7,0,0,0,0,0,0,3,0,0.00,0.00,0.00,0.00,0.00,Matches,Copa del Rey,2024-2025
8dc6dbb3,Luis Perea,es ESP,MF,26,16,11,776,8.6,1,0,1,1,0,0,0,0,0.12,0.00,0.12,0.12,0.12,Matches,Copa del Rey,2024-2025
d8712bf9,Bebé,cv CPV,"MF,FW",34,14,10,826,9.2,0,0,0,0,0,0,0,0,0.00,0.00,0.00,0.00,0.00,Matches,Copa del Rey,2024-2025
407a1bee,Chiki,es ESP,"FW,MF",27,34,8,"1,054",11.7,1,0,1,0,1,1,4,0,0.09,0.00,0.09,0.00,0.00,Matches,Copa del Rey,2024-2025
686bab8c,Naim García,es ESP,"MF,FW",22,18,7,709,7.9,0,1,1,0,0,0,1,0,0.00,0.13,0.13,0.00,0.13,Matches,Copa del Rey,2024-2025
8f3cbe57,Raúl Blanco,es ESP,"FW,MF",23,14,7,633,7.0,0,0,0,0,0,0,0,0,0.00,0.00,0.00,0.00,0.00,Matches,Copa del Rey,2024-2025
70283ec6,Julián Delmás,es ESP,"DF,MF",29,15,6,704,7.8,0,0,0,0,0,0,0,0,0.00,0.00,0.00,0.00,0.00,Matches,Copa del Rey,2024-2025
61bb7498,Yoel,es ESP,GK,35,6,6,540,6.0,0,0,0,0,0,0,0,0,0.00,0.00,0.00,0.00,0.00,Matches,Copa del Rey,2024-2025
30b44896,Álex López,es ESP,MF,36,15,5,515,5.7,0,0,0,0,0,0,0,1,0.00,0.00,0.00,0.00,0.00,Matches,Copa del Rey,2024-2025
792c7b94,Emanuel Insúa,ar ARG,DF,33,11,5,489,5.4,0,0,0,0,0,0,1,0,0.00,0.00,0.00,0.00,0.00,Matches,Copa del Rey,2024-2025
e7ab4179,Erick Cabaco,uy URU,DF,29,4,1,135,1.5,0,0,0,0,0,0,1,0,0.00,0.00,0.00,0.00,0.00,Matches,Copa del Rey,2024-2025
02f00dd1,Emilio Bernard,es ESP,GK,24,1,1,90,1.0,0,0,0,0,0,0,0,0,0.00,0.00,0.00,0.00,0.00,Matches,Copa del Rey,2024-2025
0bc4e720,Manu Vallejo,es ESP,"FW,MF",27,7,0,115,1.3,0,0,0,0,0,0,0,0,0.00,0.00,0.00,0.00,0.00,Matches,Copa del Rey,2024-2025
a3e04729,David Carballo,es ESP,MF,18,3,0,27,0.3,0,0,0,0,0,0,0,0,0.00,0.00,0.00,0.00,0.00,Matches,Copa del Rey,2024-2025
87b498b0,Joan García,es ESP,GK,23,38,38,"3,420",38.0,0,0,0,0,0,0,2,0,0.00,0.00,0.00,0.00,0.00,Matches,Copa del Rey,2024-2025
139560df,Omar El Hilali,ma MAR,DF,20,36,36,"3,153",35.0,0,2,2,0,0,0,11,0,0.00,0.06,0.06,0.00,0.06,Matches,Copa del Rey,2024-2025
2683eda7,Javi Puado,es ESP,"MF,FW",26,35,35,"2,974",33.0,12,4,16,7,5,5,8,0,0.36,0.12,0.48,0.21,0.33,Matches,Copa del Rey,2024-2025
a40819d9,Marash Kumbulla,al ALB,DF,24,35,34,"2,972",33.0,3,0,3,3,0,0,9,0,0.09,0.00,0.09,0.09,0.09,Matches,Copa del Rey,2024-2025
69cbc8b6,Leandro Cabrera,uy URU,DF,33,33,32,"2,869",31.9,4,2,6,4,0,0,4,1,0.13,0.06,0.19,0.13,0.19,Matches,Copa del Rey,2024-2025
e717705a,Alex Král,cz CZE,MF,26,37,29,"2,714",30.2,0,1,1,0,0,0,1,0,0.00,0.03,0.03,0.00,0.03,Matches,Copa del Rey,2024-2025
23cbf863,Carlos Romero,es ESP,"DF,MF",22,34,28,"2,554",28.4,2,1,3,2,0,0,7,0,0.07,0.04,0.11,0.07,0.11,Matches,Copa del Rey,2024-2025
ea610f00,Pol Lozano,es ESP,MF,24,30,27,"1,943",21.6,0,1,1,0,0,0,12,0,0.00,0.05,0.05,0.00,0.05,Matches,Copa del Rey,2024-2025
030ef8d6,Jofre,es ESP,MF,23,37,26,"2,165",24.1,3,3,6,3,0,0,5,0,0.12,0.12,0.25,0.12,0.25,Matches,Copa del Rey,2024-2025
c981fc98,Roberto Férnandez,es ESP,FW,22,19,18,"1,497",16.6,6,0,6,6,0,0,1,0,0.36,0.00,0.36,0.36,0.36,Matches,Copa del Rey,2024-2025
c4f5eb61,Urko González,es ESP,MF,23,17,16,"1,374",15.3,0,2,2,0,0,0,2,0,0.00,0.13,0.13,0.00,0.13,Matches,Copa del Rey,2024-2025
868ce848,Álvaro Tejero,es ESP,"MF,DF",28,28,13,"1,238",13.8,1,4,5,1,0,0,2,0,0.07,0.29,0.36,0.07,0.36,Matches,Copa del Rey,2024-2025
af784a9e,Antoniu,es ESP,MF,21,26,13,"1,022",11.4,0,1,1,0,0,0,3,0,0.00,0.09,0.09,0.00,0.09,Matches,Copa del Rey,2024-2025
283c7121,Edu Expósito,es ESP,MF,27,19,12,"1,045",11.6,0,2,2,0,0,0,3,0,0.00,0.17,0.17,0.00,0.17,Matches,Copa del Rey,2024-2025
a3e4bf46,Brian Oliván,es ESP,DF,30,17,12,"1,017",11.3,0,1,1,0,0,0,2,0,0.00,0.09,0.09,0.00,0.09,Matches,Copa del Rey,2024-2025
3f7bafbe,Alejo Véliz,ar ARG,FW,20,27,10,"1,127",12.5,1,0,1,1,0,0,3,0,0.08,0.00,0.08,0.08,0.08,Matches,Copa del Rey,2024-2025
ee45d138,José Gragera,es ESP,MF,23,10,7,569,6.3,0,0,0,0,0,0,0,0,0.00,0.00,0.00,0.00,0.00,Matches,Copa del Rey,2024-2025
41b3069f,Fernando Calero,es ESP,DF,28,21,6,715,7.9,1,0,1,1,0,0,1,0,0.13,0.00,0.13,0.13,0.13,Matches,Copa del Rey,2024-2025
bc6f5f06,Sergi Gómez,es ESP,DF,32,12,6,664,7.4,0,0,0,0,0,0,1,0,0.00,0.00,0.00,0.00,0.00,Matches,Copa del Rey,2024-2025
0545a08e,Walid Cheddira,ma MAR,FW,26,22,5,640,7.1,1,1,2,1,0,0,3,0,0.14,0.14,0.28,0.14,0.28,Matches,Copa del Rey,2024-2025
5e080f73,Irvin Cardona,mt MLT,"FW,MF",26,16,5,606,6.7,1,1,2,1,0,0,1,0,0.15,0.15,0.30,0.15,0.30,Matches,Copa del Rey,2024-2025
014aa7bd,Álvaro Aguado,es ESP,MF,28,16,4,443,4.9,0,1,1,0,0,0,3,0,0.00,0.20,0.20,0.00,0.20,Matches,Copa del Rey,2024-2025
a496d4a2,Justin Smith,ca CAN,MF,21,5,3,209,2.3,0,0,0,0,0,0,0,0,0.00,0.00,0.00,0.00,0.00,Matches,Copa del Rey,2024-2025
c6b930b1,Rafael Bauza,es ESP,MF,19,5,2,183,2.0,0,0,0,0,0,0,1,0,0.00,0.00,0.00,0.00,0.00,Matches,Copa del Rey,2024-2025
335039a2,Pere Milla,es ESP,MF,31,20,1,456,5.1,3,0,3,3,0,0,3,0,0.59,0.00,0.59,0.59,0.59,Matches,Copa del Rey,2024-2025
bf25cb29,Naci Ünüvar,nl NED,"FW,MF",21,2,0,31,0.3,0,0,0,0,0,0,0,0,0.00,0.00,0.00,0.00,0.00,Matches,Copa del Rey,2024-2025
1c33932b,Roger Hinojo,es ESP,DF,19,1,0,9,0.1,0,0,0,0,0,0,0,0,0.00,0.00,0.00,0.00,0.00,Matches,Copa del Rey,2024-2025
fea5887c,Alex Almansa,es ESP,FW,20,0,0,,,,,,,,,,,,,,,,Matches,Copa del Rey,2024-2025
a9108b8c,Català,es ESP,DF,19,0,0,,,,,,,,,,,,,,,,Matches,Copa del Rey,2024-2025
c81b26e2,Fortuño,es ESP,GK,22,0,0,,,,,,,,,,,,,,,,Matches,Copa del Rey,2024-2025
99b3d9a3,José López,es ESP,DF,18,0,0,,,,,,,,,,,,,,,,Matches,Copa del Rey,2024-2025
97852360,Fernando Pacheco,es ESP,GK,32,0,0,,,,,,,,,,,,,,,,Matches,Copa del Rey,2024-2025
03cb6ca0,Pablo Ramon,es ESP,DF,23,0,0,,,,,,,,,,,,,,,,Matches,Copa del Rey,2024-2025
08ce52eb,Omar Sadik,ma MAR,FW,20,0,0,,,,,,,,,,,,,,,,Matches,Copa del Rey,2024-2025
405f267a,Salvi,es ESP,MF,33,0,0,,,,,,,,,,,,,,,,Matches,Copa del Rey,2024-2025
4ce69323,Llorenç Serred,es ESP,GK,18,0,0,,,,,,,,,,,,,,,,Matches,Copa del Rey,2024-2025
77b64c06,Pol Tristán,es ESP,GK,22,0,0,,,,,,,,,,,,,,,,Matches,Copa del Rey,2024-2025
088debb8,Darius Fustos,,FW,,1,1,90,1.0,0,0,0,0,0,0,1,0,0.00,0.00,0.00,0.00,0.00,Matches,Copa del Rey,2024-2025
125b98b0,Guti,es ESP,DF,29,1,1,90,1.0,0,0,0,0,0,0,0,0,0.00,0.00,0.00,0.00,0.00,Matches,Copa del Rey,2024-2025
e7b9eb9e,Machote,es ESP,DF,39,1,1,90,1.0,0,0,0,0,0,0,0,0,0.00,0.00,0.00,0.00,0.00,Matches,Copa del Rey,2024-2025
da1f9e36,Antonio Pérez,es ESP,DF,31,1,1,90,1.0,0,0,0,0,0,0,0,0,0.00,0.00,0.00,0.00,0.00,Matches,Copa del Rey,2024-2025
8d9fda26,Diego Suárez Hernández,es ESP,FW,29,1,1,90,1.0,0,0,0,0,0,0,0,0,0.00,0.00,0.00,0.00,0.00,Matches,Copa del Rey,2024-2025
f0a92598,David Ballarín,es ESP,FW,26,1,1,74,0.8,0,0,0,0,0,0,0,0,0.00,0.00,0.00,0.00,0.00,Matches,Copa del Rey,2024-2025
4adbcf21,Carlos Javier Rodríguez,es ESP,MF,32,1,1,57,0.6,0,0,0,0,0,0,0,0,0.00,0.00,0.00,0.00,0.00,Matches,Copa del Rey,2024-2025
84bb7e43,Álvaro Meseguer,es ESP,DF,32,1,1,57,0.6,0,0,0,0,0,0,0,0,0.00,0.00,0.00,0.00,0.00,Matches,Copa del Rey,2024-2025
db1d7ac5,Jorge Luis Borao,ve VEN,MF,25,1,0,33,0.4,0,0,0,0,0,0,0,0,0.00,0.00,0.00,0.00,0.00,Matches,Copa del Rey,2024-2025
4face1d3,David Marín,es ESP,MF,24,1,0,33,0.4,0,0,0,0,0,0,0,0,0.00,0.00,0.00,0.00,0.00,Matches,Copa del Rey,2024-2025
24e15b56,Alvaro Alvira,es ESP,DF,30,1,0,16,0.2,0,0,0,0,0,0,0,0,0.00,0.00,0.00,0.00,0.00,Matches,Copa del Rey,2024-2025
54d76160,Jaime Barrero,es ESP,MF,28,0,0,,,,,,,,,,,,,,,,Matches,Copa del Rey,2024-2025
4e85fc7c,Adrià Capdevila,es ESP,MF,20,0,0,,,,,,,,,,,,,,,,Matches,Copa del Rey,2024-2025
dde72810,Aleix Roig,es ESP,DF,24,0,0,,,,,,,,,,,,,,,,Matches,Copa del Rey,2024-2025
2813b5b3,Alfredo Sualdea López,es ESP,FW,25,0,0,,,,,,,,,,,,,,,,Matches,Copa del Rey,2024-2025
bba30585,Diego Llorente,es ESP,DF,30,30,29,"2,519",28.0,2,0,2,2,0,0,4,0,0.07,0.00,0.07,0.07,0.07,Matches,Copa del Rey,2024-2025
7426f085,Johnny Cardoso,us USA,MF,22,28,24,"2,144",23.8,3,1,4,3,0,0,4,0,0.13,0.04,0.17,0.13,0.17,Matches,Copa del Rey,2024-2025
94bccc82,Natan,br BRA,DF,23,31,23,"2,175",24.2,1,1,2,1,0,0,5,1,0.04,0.04,0.08,0.04,0.08,Matches,Copa del Rey,2024-2025
b742cc0d,Marc Bartra,es ESP,DF,33,25,23,"2,099",23.3,2,1,3,2,0,0,2,0,0.09,0.04,0.13,0.09,0.13,Matches,Copa del Rey,2024-2025
bed68338,Abde Ezzalzouli,ma MAR,MF,22,32,23,"1,984",22.0,2,2,4,2,0,1,2,0,0.09,0.09,0.18,0.09,0.18,Matches,Copa del Rey,2024-2025
6dfd8f05,Romain Perraud,fr FRA,DF,26,28,22,"2,002",22.2,2,2,4,2,0,0,8,1,0.09,0.09,0.18,0.09,0.18,Matches,Copa del Rey,2024-2025
94acdd4e,Sergi Altimira,es ESP,MF,22,32,22,"1,972",21.9,0,1,1,0,0,0,4,0,0.00,0.05,0.05,0.00,0.05,Matches,Copa del Rey,2024-2025
82927de4,Pablo Fornals,es ESP,MF,28,26,22,"1,827",20.3,2,0,2,2,0,0,2,0,0.10,0.00,0.10,0.10,0.10,Matches,Copa del Rey,2024-2025
fbbb9269,Youssouf Sabaly,sn SEN,DF,31,22,20,"1,581",17.6,0,1,1,0,0,0,1,0,0.00,0.06,0.06,0.00,0.06,Matches,Copa del Rey,2024-2025
f76e6b4e,Adrián,es ESP,GK,37,19,19,"1,710",19.0,0,0,0,0,0,0,3,0,0.00,0.00,0.00,0.00,0.00,Matches,Copa del Rey,2024-2025
a0b4bb3e,Isco,es ESP,MF,32,22,17,"1,547",17.2,9,8,17,4,5,6,5,0,0.52,0.47,0.99,0.23,0.70,Matches,Copa del Rey,2024-2025
d7553721,Giovani Lo Celso,ar ARG,MF,28,25,15,"1,457",16.2,8,3,11,6,2,3,4,0,0.49,0.19,0.68,0.37,0.56,Matches,Copa del Rey,2024-2025
99127249,Antony,br BRA,MF,24,17,15,"1,362",15.1,5,2,7,5,0,0,2,1,0.33,0.13,0.46,0.33,0.46,Matches,Copa del Rey,2024-2025
ea83bfa6,Rui Silva,pt POR,GK,30,15,15,"1,350",15.0,0,0,0,0,0,0,1,0,0.00,0.00,0.00,0.00,0.00,Matches,Copa del Rey,2024-2025
7f78ad23,Ricardo Rodríguez,ch SUI,DF,31,18,15,"1,274",14.2,0,1,1,0,0,0,0,0,0.00,0.07,0.07,0.00,0.07,Matches,Copa del Rey,2024-2025
f9f74e43,Jesus Rodríguez,es ESP,MF,18,21,15,"1,111",12.3,2,0,2,2,0,0,0,0,0.16,0.00,0.16,0.16,0.16,Matches,Copa del Rey,2024-2025
cb00f1e6,Vitor Roque,br BRA,FW,19,22,14,"1,235",13.7,4,0,4,4,0,0,4,0,0.29,0.00,0.29,0.29,0.29,Matches,Copa del Rey,2024-2025
71b47ab9,Cucho,co COL,FW,25,15,14,"1,139",12.7,5,1,6,5,0,0,0,0,0.40,0.08,0.47,0.40,0.47,Matches,Copa del Rey,2024-2025
a55d8df5,Aitor Ruibal,es ESP,"DF,FW",28,29,13,"1,313",14.6,1,3,4,1,0,0,5,0,0.07,0.21,0.27,0.07,0.27,Matches,Copa del Rey,2024-2025
da27e268,Marc Roca,es ESP,MF,27,14,11,906,10.1,2,2,4,2,0,0,4,0,0.20,0.20,0.40,0.20,0.40,Matches,Copa del Rey,2024-2025
0af4dcf0,Cédric Bakambu,cd COD,FW,33,25,6,710,7.9,2,2,4,2,0,0,4,0,0.25,0.25,0.51,0.25,0.51,Matches,Copa del Rey,2024-2025
253a06b9,Ezequiel Ávila,ar ARG,"MF,FW",30,19,6,677,7.5,2,0,2,2,0,0,5,1,0.27,0.00,0.27,0.27,0.27,Matches,Copa del Rey,2024-2025
f874dd44,Héctor Bellerín,es ESP,DF,29,9,6,580,6.4,0,2,2,0,0,0,1,0,0.00,0.31,0.31,0.00,0.31,Matches,Copa del Rey,2024-2025
dee86451,William Carvalho,pt POR,MF,32,14,6,484,5.4,0,0,0,0,0,0,1,0,0.00,0.00,0.00,0.00,0.00,Matches,Copa del Rey,2024-2025
2ae958ab,Fran Vieites,es ESP,GK,25,4,4,360,4.0,0,0,0,0,0,0,0,0,0.00,0.00,0.00,0.00,0.00,Matches,Copa del Rey,2024-2025
a2f3bbb9,Ángel Ortíz,es ESP,DF,20,5,4,353,3.9,0,1,1,0,0,0,0,0,0.00,0.25,0.25,0.00,0.25,Matches,Copa del Rey,2024-2025
41521385,Iker Losada,es ESP,MF,22,10,3,336,3.7,0,0,0,0,0,0,0,0,0.00,0.00,0.00,0.00,0.00,Matches,Copa del Rey,2024-2025
8ae7d0ec,Assane Diao,sn SEN,FW,18,10,2,277,3.1,1,2,3,1,0,0,0,0,0.32,0.65,0.97,0.32,0.97,Matches,Copa del Rey,2024-2025
84399660,Juanmi,es ESP,MF,31,11,2,244,2.7,0,0,0,0,0,0,2,0,0.00,0.00,0.00,0.00,0.00,Matches,Copa del Rey,2024-2025
bece776f,Nabil Fekir,fr FRA,MF,31,2,2,180,2.0,0,1,1,0,0,0,0,0,0.00,0.50,0.50,0.00,0.50,Matches,Copa del Rey,2024-2025
4d9f02df,Carlos Guirao,es ESP,MF,21,2,2,110,1.2,0,0,0,0,0,0,0,0,0.00,0.00,0.00,0.00,0.00,Matches,Copa del Rey,2024-2025
90dcf851,Mateo Flores,es ESP,MF,20,6,1,153,1.7,0,0,0,0,0,0,1,0,0.00,0.00,0.00,0.00,0.00,Matches,Copa del Rey,2024-2025
85bed4ee,Rodri,es ESP,MF,24,3,1,118,1.3,0,0,0,0,0,0,0,0,0.00,0.00,0.00,0.00,0.00,Matches,Copa del Rey,2024-2025
7e64e657,Nobel Mendy,sn SEN,DF,19,2,1,108,1.2,0,0,0,0,0,0,1,0,0.00,0.00,0.00,0.00,0.00,Matches,Copa del Rey,2024-2025
ff31f01f,Sergio Arribas,es ESP,DF,21,1,1,90,1.0,0,0,0,0,0,0,0,0,0.00,0.00,0.00,0.00,0.00,Matches,Copa del Rey,2024-2025
9925419c,Pablo Garcia,es ESP,FW,18,3,0,38,0.4,0,0,0,0,0,0,0,0,0.00,0.00,0.00,0.00,0.00,Matches,Copa del Rey,2024-2025
dadf7794,Alcázar,es ESP,DF,22,0,0,,,,,,,,,,,,,,,,Matches,Copa del Rey,2024-2025
11625f62,Pablo Busto,es ESP,DF,18,0,0,,,,,,,,,,,,,,,,Matches,Copa del Rey,2024-2025
1a31db3a,Guilherme Fernandes,pt POR,GK,23,0,0,,,,,,,,,,,,,,,,Matches,Copa del Rey,2024-2025
afed208f,Marcos Fernández,es ESP,FW,21,0,0,,,,,,,,,,,,,,,,Matches,Copa del Rey,2024-2025
8c1de7b4,Germán García,es ESP,GK,20,0,0,,,,,,,,,,,,,,,,Matches,Copa del Rey,2024-2025
3a6e83d7,Manu González,es ESP,GK,17,0,0,,,,,,,,,,,,,,,,Matches,Copa del Rey,2024-2025
9cd28348,Rudy Kohon,fr FRA,DF,20,0,0,,,,,,,,,,,,,,,,Matches,Copa del Rey,2024-2025
b3d15741,Xavi Pleguezuelo,es ESP,DF,21,0,0,,,,,,,,,,,,,,,,Matches,Copa del Rey,2024-2025
509bd4ad,David Bernabeu,es ESP,GK,19,1,1,90,1.0,0,0,0,0,0,0,0,0,0.00,0.00,0.00,0.00,0.00,Matches,Copa del Rey,2024-2025
e82f277f,Borja Íñiguez,es ESP,DF,28,1,1,90,1.0,0,0,0,0,0,0,0,0,0.00,0.00,0.00,0.00,0.00,Matches,Copa del Rey,2024-2025
1e34150f,Adam Lachhab,ma MAR,DF,28,1,1,90,1.0,0,0,0,0,0,0,0,0,0.00,0.00,0.00,0.00,0.00,Matches,Copa del Rey,2024-2025
bc57026c,Dante Piatek,es ESP,DF,23,1,1,90,1.0,0,0,0,0,0,0,0,0,0.00,0.00,0.00,0.00,0.00,Matches,Copa del Rey,2024-2025
217fa59e,Javi Salero,es ESP,MF,37,1,1,90,1.0,0,0,0,0,0,0,0,0,0.00,0.00,0.00,0.00,0.00,Matches,Copa del Rey,2024-2025
ce000a7a,Samy,,DF,,1,1,90,1.0,0,0,0,0,0,0,0,0,0.00,0.00,0.00,0.00,0.00,Matches,Copa del Rey,2024-2025
1b0993e8,Alex Sánchez,es ESP,FW,19,1,1,73,0.8,0,0,0,0,0,0,0,0,0.00,0.00,0.00,0.00,0.00,Matches,Copa del Rey,2024-2025
23f0089b,José Cuesta,es ESP,MF,33,1,1,62,0.7,0,0,0,0,0,0,0,0,0.00,0.00,0.00,0.00,0.00,Matches,Copa del Rey,2024-2025
aab61dde,Álex Pérez,es ESP,MF,26,1,1,62,0.7,0,0,0,0,0,0,0,0,0.00,0.00,0.00,0.00,0.00,Matches,Copa del Rey,2024-2025
5b8b5455,Avelino Sánchez,es ESP,MF,21,1,1,62,0.7,0,0,0,0,0,0,0,0,0.00,0.00,0.00,0.00,0.00,Matches,Copa del Rey,2024-2025
7810deeb,Juan Vega,es ESP,MF,21,1,1,45,0.5,0,0,0,0,0,0,0,0,0.00,0.00,0.00,0.00,0.00,Matches,Copa del Rey,2024-2025
09a9fee1,MarcoDi Menno,ar ARG,DF,31,1,0,45,0.5,0,0,0,0,0,0,0,0,0.00,0.00,0.00,0.00,0.00,Matches,Copa del Rey,2024-2025
53621e40,Juan Fernández,es ESP,MF,21,1,0,28,0.3,0,0,0,0,0,0,0,0,0.00,0.00,0.00,0.00,0.00,Matches,Copa del Rey,2024-2025
9461360b,Álvaro Montejo,es ESP,FW,33,1,0,28,0.3,0,0,0,0,0,0,0,0,0.00,0.00,0.00,0.00,0.00,Matches,Copa del Rey,2024-2025
a2e1ccf7,Javier Montoyo Pastor,es ESP,MF,27,1,0,28,0.3,0,0,0,0,0,0,0,0,0.00,0.00,0.00,0.00,0.00,Matches,Copa del Rey,2024-2025
6626f86d,Antonio Lara,es ESP,FW,25,1,0,17,0.2,0,0,0,0,0,0,0,0,0.00,0.00,0.00,0.00,0.00,Matches,Copa del Rey,2024-2025
6b4cbaaa,Francesc Chuliá,es ESP,MF,28,0,0,,,,,,,,,,,,,,,,Matches,Copa del Rey,2024-2025
13082bf0,Iván Fernández,,FW,,0,0,,,,,,,,,,,,,,,,Matches,Copa del Rey,2024-2025
0455a2eb,Zakarias Karkich,es ESP,DF,26,0,0,,,,,,,,,,,,,,,,Matches,Copa del Rey,2024-2025
6f5def72,Martín Lillo,es ESP,DF,21,0,0,,,,,,,,,,,,,,,,Matches,Copa del Rey,2024-2025
99f5b134,Roberto Pérez,es ESP,FW,22,0,0,,,,,,,,,,,,,,,,Matches,Copa del Rey,2024-2025
2a8b26e8,Adrián Real,es ESP,GK,28,0,0,,,,,,,,,,,,,,,,Matches,Copa del Rey,2024-2025
dc1ce4f5,Cristhian Mosquera,es ESP,DF,20,37,37,"3,319",36.9,1,0,1,1,0,0,6,0,0.03,0.00,0.03,0.03,0.03,Matches,Copa del Rey,2024-2025
c487901c,Diego López,es ESP,MF,22,38,35,"2,737",30.4,8,5,13,8,0,0,3,0,0.26,0.16,0.43,0.26,0.43,Matches,Copa del Rey,2024-2025
d4b73232,Giorgi Mamardashvili,ge GEO,GK,23,34,34,"3,060",34.0,0,0,0,0,0,0,2,0,0.00,0.00,0.00,0.00,0.00,Matches,Copa del Rey,2024-2025
59c29820,César Tárrega,es ESP,DF,22,34,34,"3,026",33.6,2,0,2,2,0,0,7,0,0.06,0.00,0.06,0.06,0.06,Matches,Copa del Rey,2024-2025
eb3dd471,Luis Rioja,es ESP,MF,30,36,33,"2,831",31.5,5,3,8,3,2,2,6,0,0.16,0.10,0.25,0.10,0.19,Matches,Copa del Rey,2024-2025
3828f130,Javier Guerra,es ESP,MF,21,36,31,"2,581",28.7,3,3,6,3,0,0,5,0,0.10,0.10,0.21,0.10,0.21,Matches,Copa del Rey,2024-2025
6caffe81,Enzo Barrenechea,ar ARG,MF,23,30,26,"2,191",24.3,1,2,3,1,0,0,6,0,0.04,0.08,0.12,0.04,0.12,Matches,Copa del Rey,2024-2025
45e17712,Dimitri Foulquier,fr FRA,DF,31,32,25,"2,299",25.5,0,1,1,0,0,0,6,0,0.00,0.04,0.04,0.00,0.04,Matches,Copa del Rey,2024-2025
37e103f8,Hugo Duro,es ESP,FW,24,31,25,"2,166",24.1,11,2,13,10,1,1,5,0,0.46,0.08,0.54,0.42,0.50,Matches,Copa del Rey,2024-2025
e6697917,Domingos André Ribeiro Almeida,pt POR,"MF,FW",24,34,24,"1,977",22.0,0,4,4,0,0,0,2,0,0.00,0.18,0.18,0.00,0.18,Matches,Copa del Rey,2024-2025
b05e2dbd,José Luis Gayà,es ESP,DF,29,23,22,"1,803",20.0,0,1,1,0,0,0,7,0,0.00,0.05,0.05,0.00,0.05,Matches,Copa del Rey,2024-2025
27dc1378,José Luis García Vayá,es ESP,MF,25,34,18,"1,742",19.4,2,2,4,0,2,2,8,1,0.10,0.10,0.21,0.00,0.10,Matches,Copa del Rey,2024-2025
106c142c,Jesus Vazquez,es ESP,DF,21,19,10,919,10.2,0,0,0,0,0,0,3,0,0.00,0.00,0.00,0.00,0.00,Matches,Copa del Rey,2024-2025
20a65cdf,Yarek Gasiorowski,es ESP,DF,19,15,9,947,10.5,0,0,0,0,0,0,1,0,0.00,0.00,0.00,0.00,0.00,Matches,Copa del Rey,2024-2025
686cbe7d,Umar Sadiq,ng NGA,FW,27,16,9,825,9.2,5,0,5,5,0,0,4,0,0.55,0.00,0.55,0.55,0.55,Matches,Copa del Rey,2024-2025
c78b352d,Thierry Correia,pt POR,DF,25,11,9,768,8.5,0,0,0,0,0,0,1,0,0.00,0.00,0.00,0.00,0.00,Matches,Copa del Rey,2024-2025
d2110326,Mouctar Diakhaby,gn GUI,DF,27,13,7,653,7.3,2,0,2,2,0,0,0,0,0.28,0.00,0.28,0.28,0.28,Matches,Copa del Rey,2024-2025
bbf5c11b,Rafa Mir,es ESP,"FW,MF",27,20,5,753,8.4,1,2,3,1,0,0,4,0,0.12,0.24,0.36,0.12,0.36,Matches,Copa del Rey,2024-2025
0e5ddc7c,Dani Gómez,es ESP,FW,26,14,5,532,5.9,2,0,2,2,0,0,0,0,0.34,0.00,0.34,0.34,0.34,Matches,Copa del Rey,2024-2025
3d79a68c,Francisco Perez,es ESP,MF,21,26,4,570,6.3,0,0,0,0,0,0,1,0,0.00,0.00,0.00,0.00,0.00,Matches,Copa del Rey,2024-2025
f7c12fbf,Hugo Guillamón,es ESP,MF,24,12,4,364,4.0,0,0,0,0,0,0,2,0,0.00,0.00,0.00,0.00,0.00,Matches,Copa del Rey,2024-2025
fc70e345,Stole Dimitrievski,mk MKD,GK,30,4,4,360,4.0,0,0,0,0,0,0,1,0,0.00,0.00,0.00,0.00,0.00,Matches,Copa del Rey,2024-2025
1137759d,Sergi Canós,es ESP,MF,27,17,2,370,4.1,0,1,1,0,0,0,3,0,0.00,0.24,0.24,0.00,0.24,Matches,Copa del Rey,2024-2025
90ba7fa6,Ivan Jaime Pajuelo,es ESP,MF,23,9,2,297,3.3,0,0,0,0,0,0,0,0,0.00,0.00,0.00,0.00,0.00,Matches,Copa del Rey,2024-2025
84f55b4a,Germán Valera,es ESP,MF,22,8,1,148,1.6,0,0,0,0,0,0,0,0,0.00,0.00,0.00,0.00,0.00,Matches,Copa del Rey,2024-2025
774cf58b,Max Aarons,eng ENG,DF,24,4,1,120,1.3,0,0,0,0,0,0,2,0,0.00,0.00,0.00,0.00,0.00,Matches,Copa del Rey,2024-2025
c92c24f0,Maximiliano Caufriez,be BEL,DF,27,1,1,90,1.0,0,0,0,0,0,0,0,0,0.00,0.00,0.00,0.00,0.00,Matches,Copa del Rey,2024-2025
69c99fce,Rodrigo Abajas,es ESP,DF,21,1,1,65,0.7,0,0,0,0,0,0,1,0,0.00,0.00,0.00,0.00,0.00,Matches,Copa del Rey,2024-2025
f99cc198,Martín Tejón,es ESP,MF,20,4,0,49,0.5,0,0,0,0,0,0,0,0,0.00,0.00,0.00,0.00,0.00,Matches,Copa del Rey,2024-2025
f35d5b6a,Iker Córdoba,es ESP,DF,18,2,0,15,0.2,0,0,0,0,0,0,0,0,0.00,0.00,0.00,0.00,0.00,Matches,Copa del Rey,2024-2025
c83e3553,David Otorbi,es ESP,FW,16,1,0,14,0.2,0,0,0,0,0,0,0,0,0.00,0.00,0.00,0.00,0.00,Matches,Copa del Rey,2024-2025
44330c36,Alberto Marí,es ESP,FW,23,1,0,7,0.1,0,0,0,0,0,0,0,0,0.00,0.00,0.00,0.00,0.00,Matches,Copa del Rey,2024-2025
7221db10,Vicent Abril,es ESP,GK,19,0,0,,,,,,,,,,,,,,,,Matches,Copa del Rey,2024-2025
f0ac14b1,Pedro Alemañ,es ESP,MF,22,0,0,,,,,,,,,,,,,,,,Matches,Copa del Rey,2024-2025
7ed3cd25,Hamza Bellari,es ESP,FW,21,0,0,,,,,,,,,,,,,,,,Matches,Copa del Rey,2024-2025
c9cb972b,Jaume Doménech,es ESP,GK,33,0,0,,,,,,,,,,,,,,,,Matches,Copa del Rey,2024-2025
ae18e106,Raúl Jiménez,es ESP,GK,18,0,0,,,,,,,,,,,,,,,,Matches,Copa del Rey,2024-2025
755da865,Ruben Lendinez,es ESP,DF,21,0,0,,,,,,,,,,,,,,,,Matches,Copa del Rey,2024-2025
b4adf12d,Warren Madrigal,cr CRC,FW,20,0,0,,,,,,,,,,,,,,,,Matches,Copa del Rey,2024-2025
39fef081,Lucas Núñez,es ESP,MF,18,0,0,,,,,,,,,,,,,,,,Matches,Copa del Rey,2024-2025
9a93efc9,Cenk Özkacar,tr TUR,DF,23,0,0,,,,,,,,,,,,,,,,Matches,Copa del Rey,2024-2025
0c0f1f0a,Antonio Ginoves,es ESP,DF,28,2,2,180,2.0,0,0,0,0,0,0,0,0,0.00,0.00,0.00,0.00,0.00,Matches,Copa del Rey,2024-2025
31c70c61,Hakim El Mokh,es ESP,MF,27,2,2,180,2.0,0,0,0,0,0,0,1,0,0.00,0.00,0.00,0.00,0.00,Matches,Copa del Rey,2024-2025
0234eda6,David Troya,es ESP,GK,23,2,2,180,2.0,0,0,0,0,0,0,0,0,0.00,0.00,0.00,0.00,0.00,Matches,Copa del Rey,2024-2025
7d0c40ae,Sergio Carrasco,es ESP,"MF,FW",25,2,2,176,2.0,0,0,0,0,0,0,0,0,0.00,0.00,0.00,0.00,0.00,Matches,Copa del Rey,2024-2025
037828d0,Rodri,es ESP,FW,23,2,2,172,1.9,1,0,1,1,0,0,0,0,0.52,0.00,0.52,0.52,0.52,Matches,Copa del Rey,2024-2025
c6f20cbd,Javier Tudela,es ESP,"MF,DF",22,2,2,158,1.8,0,0,0,0,0,0,0,0,0.00,0.00,0.00,0.00,0.00,Matches,Copa del Rey,2024-2025
1ef8e748,David Iglesias,es ESP,MF,22,2,2,157,1.7,0,0,0,0,0,0,1,0,0.00,0.00,0.00,0.00,0.00,Matches,Copa del Rey,2024-2025
6f18576d,Gabri Palmás,es ESP,FW,25,2,1,115,1.3,1,0,1,1,0,0,0,0,0.78,0.00,0.78,0.78,0.78,Matches,Copa del Rey,2024-2025
c2e4d1d5,Babacar Fedior,,FW,,2,1,92,1.0,0,1,1,0,0,0,0,0,0.00,0.98,0.98,0.00,0.98,Matches,Copa del Rey,2024-2025
856f79eb,Hassou Diaby,es ESP,DF,22,1,1,90,1.0,0,0,0,0,0,0,1,0,0.00,0.00,0.00,0.00,0.00,Matches,Copa del Rey,2024-2025
6fb53f9b,Antonio Sola Villalba,es ESP,DF,23,1,1,90,1.0,0,0,0,0,0,0,0,0,0.00,0.00,0.00,0.00,0.00,Matches,Copa del Rey,2024-2025
c36ccbc8,Ramón López,es ESP,MF,34,2,1,88,1.0,0,0,0,0,0,0,1,0,0.00,0.00,0.00,0.00,0.00,Matches,Copa del Rey,2024-2025
d4f2514b,Raúl Sola,es ESP,DF,23,1,1,86,1.0,0,0,0,0,0,0,0,0,0.00,0.00,0.00,0.00,0.00,Matches,Copa del Rey,2024-2025
f346c117,Álvaro Martín,es ESP,DF,24,1,1,83,0.9,0,0,0,0,0,0,0,0,0.00,0.00,0.00,0.00,0.00,Matches,Copa del Rey,2024-2025
a5388395,Luis Carbonell Artajona,es ESP,FW,21,1,1,65,0.7,0,0,0,0,0,0,0,0,0.00,0.00,0.00,0.00,0.00,Matches,Copa del Rey,2024-2025
1ed11b3c,Ismael Fadel,es ESP,MF,20,2,0,27,0.3,0,0,0,0,0,0,0,0,0.00,0.00,0.00,0.00,0.00,Matches,Copa del Rey,2024-2025
d4ffe939,Jorge Álvarez,es ESP,FW,24,1,0,22,0.2,0,0,0,0,0,0,0,0,0.00,0.00,0.00,0.00,0.00,Matches,Copa del Rey,2024-2025
ec3130b5,Isaac Boudaoud,,MF,,2,0,12,0.1,0,0,0,0,0,0,1,0,0.00,0.00,0.00,0.00,0.00,Matches,Copa del Rey,2024-2025
2067f341,Marcos Bravo,es ESP,DF,24,1,0,7,0.1,0,0,0,0,0,0,0,0,0.00,0.00,0.00,0.00,0.00,Matches,Copa del Rey,2024-2025
e6257ab5,Yzan Acin,es ESP,GK,21,0,0,,,,,,,,,,,,,,,,Matches,Copa del Rey,2024-2025
452971e0,Junior,,,,0,0,,,,,,,,,,,,,,,,Matches,Copa del Rey,2024-2025
e0a0ef91,Mingotes,es ESP,DF,28,0,0,,,,,,,,,,,,,,,,Matches,Copa del Rey,2024-2025
61cdeff4,Pablo Santana,es ESP,MF,30,0,0,,,,,,,,,,,,,,,,Matches,Copa del Rey,2024-2025
aa81d8f8,Karl Jakob Hein,ee EST,GK,22,31,31,"2,790",31.0,0,0,0,0,0,0,0,0,0.00,0.00,0.00,0.00,0.00,Matches,Copa del Rey,2024-2025
b7c04927,Luis Pérez,es ESP,DF,29,30,28,"2,558",28.4,0,0,0,0,0,0,2,0,0.00,0.00,0.00,0.00,0.00,Matches,Copa del Rey,2024-2025
919dd4b1,Raúl Moro,es ESP,"MF,FW",21,33,26,"2,341",26.0,4,5,9,4,0,0,2,0,0.15,0.19,0.35,0.15,0.35,Matches,Copa del Rey,2024-2025
60359288,Javi Sánchez,es ESP,DF,27,25,25,"2,026",22.5,2,0,2,2,0,0,6,0,0.09,0.00,0.09,0.09,0.09,Matches,Copa del Rey,2024-2025
5132b92c,Lucas Oliveira Rosa,br BRA,DF,24,21,21,"1,890",21.0,0,1,1,0,0,0,6,0,0.00,0.05,0.05,0.00,0.05,Matches,Copa del Rey,2024-2025
15937e17,Eray Cömert,ch SUI,"DF,MF",26,25,21,"1,779",19.8,0,0,0,0,0,0,6,0,0.00,0.00,0.00,0.00,0.00,Matches,Copa del Rey,2024-2025
c93231dc,Anuar,ma MAR,"MF,FW",29,26,21,"1,720",19.1,2,0,2,2,0,0,7,0,0.10,0.00,0.10,0.10,0.10,Matches,Copa del Rey,2024-2025
a9aff11a,Mario Martín,es ESP,MF,20,30,20,"1,748",19.4,0,1,1,0,0,0,8,3,0.00,0.05,0.05,0.00,0.05,Matches,Copa del Rey,2024-2025
21a87181,Stanko Jurić,hr CRO,MF,27,26,19,"1,729",19.2,0,0,0,0,0,0,7,1,0.00,0.00,0.00,0.00,0.00,Matches,Copa del Rey,2024-2025
00eba9c9,Selim Amallah,ma MAR,MF,27,24,18,"1,376",15.3,3,1,4,2,1,1,6,0,0.20,0.07,0.26,0.13,0.20,Matches,Copa del Rey,2024-2025
e5ec95f8,Mamadou Sylla,sn SEN,"FW,MF",30,29,17,"1,583",17.6,5,1,6,1,4,4,5,0,0.28,0.06,0.34,0.06,0.11,Matches,Copa del Rey,2024-2025
381dbcfc,David Torres,es ESP,DF,21,18,15,"1,387",15.4,0,0,0,0,0,0,5,0,0.00,0.00,0.00,0.00,0.00,Matches,Copa del Rey,2024-2025
2bea832e,Juanmi Latasa,es ESP,FW,23,28,14,"1,398",15.5,3,0,3,3,0,0,6,1,0.19,0.00,0.19,0.19,0.19,Matches,Copa del Rey,2024-2025
237a3851,Kike Pérez,es ESP,MF,27,19,14,"1,191",13.2,2,0,2,2,0,0,6,0,0.15,0.00,0.15,0.15,0.15,Matches,Copa del Rey,2024-2025
ae86d473,Marcos André,br BRA,FW,27,22,14,"1,188",13.2,1,2,3,1,0,0,5,0,0.08,0.15,0.23,0.08,0.23,Matches,Copa del Rey,2024-2025
d4307c52,Antonio Candela,it ITA,DF,24,12,12,906,10.1,0,0,0,0,0,0,1,0,0.00,0.00,0.00,0.00,0.00,Matches,Copa del Rey,2024-2025
70107d4d,Iván Sánchez,es ESP,MF,31,32,11,"1,404",15.6,2,1,3,2,0,0,4,0,0.13,0.06,0.19,0.13,0.19,Matches,Copa del Rey,2024-2025
e678d983,Adam Aznou,ma MAR,"DF,MF",18,13,10,876,9.7,0,0,0,0,0,0,1,0,0.00,0.00,0.00,0.00,0.00,Matches,Copa del Rey,2024-2025
7b505397,Abdulai Juma Bah,sl SLE,DF,18,12,10,864,9.6,0,0,0,0,0,0,1,0,0.00,0.00,0.00,0.00,0.00,Matches,Copa del Rey,2024-2025
a1c7fe4e,Tamás Nikitscher,hu HUN,"MF,DF",24,13,9,858,9.5,0,0,0,0,0,0,2,0,0.00,0.00,0.00,0.00,0.00,Matches,Copa del Rey,2024-2025
0525a80f,Chuky san jose,es ESP,"MF,FW",20,18,9,728,8.1,2,0,2,2,0,0,1,0,0.25,0.00,0.25,0.25,0.25,Matches,Copa del Rey,2024-2025
9a93efc9,Cenk Özkacar,tr TUR,DF,23,11,8,757,8.4,0,0,0,0,0,0,1,0,0.00,0.00,0.00,0.00,0.00,Matches,Copa del Rey,2024-2025
ed6ea4d9,Darwin Machís,ve VEN,"MF,FW",31,18,7,639,7.1,0,1,1,0,0,0,0,0,0.00,0.14,0.14,0.00,0.14,Matches,Copa del Rey,2024-2025
ffbbc83b,Florian Grillitsch,at AUT,MF,28,13,7,623,6.9,0,0,0,0,0,0,1,0,0.00,0.00,0.00,0.00,0.00,Matches,Copa del Rey,2024-2025
18abe173,Joseph Aidoo,gh GHA,DF,28,8,6,583,6.5,0,0,0,0,0,0,0,0,0.00,0.00,0.00,0.00,0.00,Matches,Copa del Rey,2024-2025
12c6cbef,André Ferreira,pt POR,GK,28,6,6,540,6.0,0,0,0,0,0,0,0,0,0.00,0.00,0.00,0.00,0.00,Matches,Copa del Rey,2024-2025
f3b1d9a2,Amath,sn SEN,"FW,MF",28,13,5,375,4.2,0,1,1,0,0,0,1,0,0.00,0.24,0.24,0.00,0.24,Matches,Copa del Rey,2024-2025
f28474a4,Henrique,br BRA,DF,30,5,4,352,3.9,0,0,0,0,0,0,0,0,0.00,0.00,0.00,0.00,0.00,Matches,Copa del Rey,2024-2025
3a99bc13,Enzo Boyomo,cm CMR,DF,22,3,3,270,3.0,0,0,0,0,0,0,0,0,0.00,0.00,0.00,0.00,0.00,Matches,Copa del Rey,2024-2025
428a06a7,Víctor Meseguer,es ESP,MF,25,14,2,418,4.6,0,0,0,0,0,0,1,0,0.00,0.00,0.00,0.00,0.00,Matches,Copa del Rey,2024-2025
36fd9c52,Ibrahim Alani,ng NGA,MF,18,3,1,160,1.8,0,0,0,0,0,0,0,0,0.00,0.00,0.00,0.00,0.00,Matches,Copa del Rey,2024-2025
61d964b8,Raúl Chasco,es ESP,DF,20,2,1,130,1.4,0,0,0,0,0,0,0,0,0.00,0.00,0.00,0.00,0.00,Matches,Copa del Rey,2024-2025
05d950c4,Arnau Rafús,es ESP,GK,21,1,1,90,1.0,0,0,0,0,0,0,0,0,0.00,0.00,0.00,0.00,0.00,Matches,Copa del Rey,2024-2025
c9bdd4b2,Iago Parente,es ESP,DF,18,1,1,71,0.8,0,0,0,0,0,0,0,0,0.00,0.00,0.00,0.00,0.00,Matches,Copa del Rey,2024-2025
b7584ab8,Xavier Moreno,es ESP,FW,19,1,1,45,0.5,0,0,0,0,0,0,0,0,0.00,0.00,0.00,0.00,0.00,Matches,Copa del Rey,2024-2025
b518c5ab,Mario Maroto,es ESP,MF,20,2,0,64,0.7,0,1,1,0,0,0,0,0,0.00,1.41,1.41,0.00,1.41,Matches,Copa del Rey,2024-2025
218bc8d2,Adrian Baquerin,es ESP,FW,17,5,0,49,0.5,0,0,0,0,0,0,0,0,0.00,0.00,0.00,0.00,0.00,Matches,Copa del Rey,2024-2025
5eebbfdf,Kenedy,br BRA,"FW,MF",28,2,0,9,0.1,0,0,0,0,0,0,0,0,0.00,0.00,0.00,0.00,0.00,Matches,Copa del Rey,2024-2025
be6faae0,Álvaro Aceves,es ESP,GK,21,0,0,,,,,,,,,,,,,,,,Matches,Copa del Rey,2024-2025
53507968,Stipe Biuk,hr CRO,"FW,MF",21,0,0,,,,,,,,,,,,,,,,Matches,Copa del Rey,2024-2025
feb8ba62,Jorge Gonzalez,es ESP,DF,19,0,0,,,,,,,,,,,,,,,,Matches,Copa del Rey,2024-2025
60abea75,César de la Hoz,es ESP,MF,32,0,0,,,,,,,,,,,,,,,,Matches,Copa del Rey,2024-2025
7db4887c,Adrián Rodriguez,es ESP,DF,21,0,0,,,,,,,,,,,,,,,,Matches,Copa del Rey,2024-2025
6a99e0b1,Iñaki Williams,gh GHA,"MF,FW",30,35,29,"2,652",29.5,6,8,14,6,0,0,1,0,0.20,0.27,0.48,0.20,0.48,Matches,Copa del Rey,2024-2025
ab7bf91d,Daniel Vivian,es ESP,DF,25,32,28,"2,608",29.0,4,0,4,4,0,0,3,0,0.14,0.00,0.14,0.14,0.14,Matches,Copa del Rey,2024-2025
dc1c2fce,Álex Berenguer,es ESP,"MF,FW",29,36,28,"2,339",26.0,6,7,13,6,0,1,5,0,0.23,0.27,0.50,0.23,0.50,Matches,Copa del Rey,2024-2025
2f5c78ca,Mikel Jauregizar,es ESP,MF,20,34,25,"2,244",24.9,2,1,3,2,0,0,4,1,0.08,0.04,0.12,0.08,0.12,Matches,Copa del Rey,2024-2025
b6e50615,Yuri Berchiche,es ESP,DF,34,30,22,"2,044",22.7,0,2,2,0,0,0,5,0,0.00,0.09,0.09,0.00,0.09,Matches,Copa del Rey,2024-2025
afdc14d7,Nico Williams,es ESP,MF,22,29,22,"1,996",22.2,5,5,10,5,0,0,1,0,0.23,0.23,0.45,0.23,0.45,Matches,Copa del Rey,2024-2025
5dcf3e90,Unai Simón,es ESP,GK,27,21,21,"1,890",21.0,0,0,0,0,0,0,0,0,0.00,0.00,0.00,0.00,0.00,Matches,Copa del Rey,2024-2025
6b5ea2f4,Gorka Guruzeta,es ESP,FW,27,36,21,"1,840",20.4,7,2,9,7,0,0,2,0,0.34,0.10,0.44,0.34,0.44,Matches,Copa del Rey,2024-2025
b906757a,Aitor Paredes,es ESP,DF,24,23,21,"1,812",20.1,3,0,3,3,0,0,4,1,0.15,0.00,0.15,0.15,0.15,Matches,Copa del Rey,2024-2025
1f60244a,Beñat Prados,es ESP,MF,23,30,21,"1,715",19.1,1,0,1,1,0,0,7,0,0.05,0.00,0.05,0.05,0.05,Matches,Copa del Rey,2024-2025
3ecc11d8,Yeray Álvarez,es ESP,DF,29,21,20,"1,781",19.8,1,0,1,1,0,0,4,0,0.05,0.00,0.05,0.05,0.05,Matches,Copa del Rey,2024-2025
bdb624a3,Oihan Sancet,es ESP,MF,24,29,19,"1,620",18.0,15,1,16,12,3,3,2,0,0.83,0.06,0.89,0.67,0.72,Matches,Copa del Rey,2024-2025
91f7631f,Iñigo Ruiz de Galarreta,es ESP,MF,30,26,18,"1,477",16.4,0,4,4,0,0,0,5,0,0.00,0.24,0.24,0.00,0.24,Matches,Copa del Rey,2024-2025
9f323c71,Óscar de Marcos,es ESP,DF,35,26,17,"1,564",17.4,0,4,4,0,0,0,0,0,0.00,0.23,0.23,0.00,0.23,Matches,Copa del Rey,2024-2025
6f5f82c0,Andoni Gorosabel,es ESP,DF,27,20,17,"1,485",16.5,0,2,2,0,0,0,5,0,0.00,0.12,0.12,0.00,0.12,Matches,Copa del Rey,2024-2025
37db6cae,Unai Gómez,es ESP,"MF,FW",21,32,14,"1,284",14.3,1,3,4,1,0,0,1,0,0.07,0.21,0.28,0.07,0.28,Matches,Copa del Rey,2024-2025
a2c1a8d3,Julen Agirrezabala,es ESP,GK,23,14,14,"1,206",13.4,0,0,0,0,0,0,1,1,0.00,0.00,0.00,0.00,0.00,Matches,Copa del Rey,2024-2025
e7992f7b,Adama Boiro,es ESP,DF,22,18,13,"1,101",12.2,0,0,0,0,0,0,3,0,0.00,0.00,0.00,0.00,0.00,Matches,Copa del Rey,2024-2025
b0fce72c,Mikel Vesga,es ESP,MF,31,25,10,988,11.0,0,0,0,0,0,1,1,0,0.00,0.00,0.00,0.00,0.00,Matches,Copa del Rey,2024-2025
59b7d823,Iñigo Lekue,es ESP,DF,31,16,8,773,8.6,0,0,0,0,0,0,1,0,0.00,0.00,0.00,0.00,0.00,Matches,Copa del Rey,2024-2025
bea2537a,Maroan Sannadi,ma MAR,FW,23,16,7,754,8.4,1,1,2,1,0,0,0,0,0.12,0.12,0.24,0.12,0.24,Matches,Copa del Rey,2024-2025
45c29ae7,Álvaro djaló,gw GNB,"MF,FW",24,17,7,659,7.3,1,0,1,1,0,0,2,0,0.14,0.00,0.14,0.14,0.14,Matches,Copa del Rey,2024-2025
be170419,Unai Núñez,es ESP,DF,27,10,7,645,7.2,0,0,0,0,0,0,4,0,0.00,0.00,0.00,0.00,0.00,Matches,Copa del Rey,2024-2025
a275838a,Alex Padilla,es ESP,GK,20,5,3,321,3.6,0,0,0,0,0,0,0,0,0.00,0.00,0.00,0.00,0.00,Matches,Copa del Rey,2024-2025
436a9dd0,Ander Herrera,es ESP,MF,34,8,2,273,3.0,0,0,0,0,0,1,2,0,0.00,0.00,0.00,0.00,0.00,Matches,Copa del Rey,2024-2025
3b5d2ab7,Peio Canales,es ESP,MF,19,8,2,259,2.9,0,0,0,0,0,0,0,0,0.00,0.00,0.00,0.00,0.00,Matches,Copa del Rey,2024-2025
2ad0e5e5,Nicolás Serrano,es ESP,MF,21,4,1,112,1.2,0,0,0,0,0,0,0,0,0.00,0.00,0.00,0.00,0.00,Matches,Copa del Rey,2024-2025
b7e92b0e,Aingeru Olabarrieta,es ESP,MF,18,1,1,54,0.6,0,0,0,0,0,0,0,0,0.00,0.00,0.00,0.00,0.00,Matches,Copa del Rey,2024-2025
2381eead,Javi Martón,es ESP,FW,25,3,0,53,0.6,0,0,0,0,0,0,1,0,0.00,0.00,0.00,0.00,0.00,Matches,Copa del Rey,2024-2025
a461f098,Adu Ares,es ESP,MF,22,1,0,19,0.2,0,0,0,0,0,0,0,0,0.00,0.00,0.00,0.00,0.00,Matches,Copa del Rey,2024-2025
72699f75,Endika Buján,es ESP,FW,21,1,0,7,0.1,0,0,0,0,0,0,0,0,0.00,0.00,0.00,0.00,0.00,Matches,Copa del Rey,2024-2025
bb33af5c,Unai Eguíluz,es ESP,DF,22,0,0,,,,,,,,,,,,,,,,Matches,Copa del Rey,2024-2025
4420bcfe,Oier Gastesi,es ESP,GK,20,0,0,,,,,,,,,,,,,,,,Matches,Copa del Rey,2024-2025
1bf22c2b,Ander Izagirre,es ESP,DF,21,0,0,,,,,,,,,,,,,,,,Matches,Copa del Rey,2024-2025
72e0d609,Alejandro Rego,es ESP,MF,21,0,0,,,,,,,,,,,,,,,,Matches,Copa del Rey,2024-2025
57375a82,Iker Varela,es ESP,MF,21,0,0,,,,,,,,,,,,,,,,Matches,Copa del Rey,2024-2025
6fb59070,Raúl Fernández,es ESP,GK,36,42,42,"3,780",42.0,0,0,0,0,0,0,4,0,0.00,0.00,0.00,0.00,0.00,Matches,Copa del Rey,2024-2025
4f3bbb10,Jon Gorrotxategi,es ESP,MF,22,42,42,"3,691",41.0,4,2,6,4,0,0,2,0,0.10,0.05,0.15,0.10,0.15,Matches,Copa del Rey,2024-2025
ae14af56,Joaquín Panichelli,ar ARG,FW,21,40,40,"3,457",38.4,20,4,24,17,3,4,4,0,0.52,0.10,0.62,0.44,0.55,Matches,Copa del Rey,2024-2025
dede3190,Alberto Reina,es ESP,MF,26,41,40,"3,337",37.1,5,4,9,5,0,0,3,0,0.13,0.11,0.24,0.13,0.24,Matches,Copa del Rey,2024-2025
99d98362,Hugo Rincón,es ESP,"DF,MF",21,39,37,"3,287",36.5,2,4,6,2,0,0,8,0,0.05,0.11,0.16,0.05,0.16,Matches,Copa del Rey,2024-2025
e1ccf6e0,Juan Gutierrez,es ESP,DF,24,37,36,"3,121",34.7,0,5,5,0,0,0,12,0,0.00,0.14,0.14,0.00,0.14,Matches,Copa del Rey,2024-2025
d47b67ed,Pablo Tomeo,es ESP,DF,24,40,35,"3,056",34.0,4,0,4,4,0,0,5,0,0.12,0.00,0.12,0.12,0.12,Matches,Copa del Rey,2024-2025
8ee3cdec,Mathis Lachuer,fr FRA,MF,23,38,33,"2,646",29.4,2,2,4,0,2,3,8,1,0.07,0.07,0.14,0.00,0.07,Matches,Copa del Rey,2024-2025
8fcea8a1,Julio Alonso,es ESP,"MF,DF",25,31,25,"2,099",23.3,0,0,0,0,0,0,5,0,0.00,0.00,0.00,0.00,0.00,Matches,Copa del Rey,2024-2025
f9756b6a,Urko Izeta,es ESP,"FW,MF",24,40,24,"2,078",23.1,12,3,15,10,2,3,3,0,0.52,0.13,0.65,0.43,0.56,Matches,Copa del Rey,2024-2025
bb33af5c,Unai Eguíluz,es ESP,DF,22,28,21,"1,876",20.8,0,0,0,0,0,0,7,0,0.00,0.00,0.00,0.00,0.00,Matches,Copa del Rey,2024-2025
8ca358c5,Victor Parada,es ESP,DF,22,34,19,"1,822",20.2,0,1,1,0,0,0,8,1,0.00,0.05,0.05,0.00,0.05,Matches,Copa del Rey,2024-2025
8b625720,Tachi,es ESP,"DF,MF",26,26,18,"1,575",17.5,0,0,0,0,0,0,8,1,0.00,0.00,0.00,0.00,0.00,Matches,Copa del Rey,2024-2025
5f21b94c,Joel Roca,es ESP,"FW,MF",19,38,17,"1,735",19.3,6,3,9,6,0,0,4,0,0.31,0.16,0.47,0.31,0.47,Matches,Copa del Rey,2024-2025
50cbc806,Iker Benito,es ESP,"DF,MF",21,21,16,"1,410",15.7,1,2,3,1,0,0,2,0,0.06,0.13,0.19,0.06,0.19,Matches,Copa del Rey,2024-2025
474ecac8,Sergio Postigo,es ESP,DF,35,12,7,675,7.5,0,1,1,0,0,0,2,0,0.00,0.13,0.13,0.00,0.13,Matches,Copa del Rey,2024-2025
e1e75690,Ander Martin,es ESP,MF,23,24,4,586,6.5,0,1,1,0,0,0,0,0,0.00,0.15,0.15,0.00,0.15,Matches,Copa del Rey,2024-2025
d9f9ab8d,Santiago Homenchenko,uy URU,MF,20,18,4,474,5.3,0,0,0,0,0,0,1,0,0.00,0.00,0.00,0.00,0.00,Matches,Copa del Rey,2024-2025
505dce2b,Adrián Butzke,es ESP,FW,25,14,1,294,3.3,1,1,2,1,0,0,1,0,0.31,0.31,0.61,0.31,0.61,Matches,Copa del Rey,2024-2025
22a312ec,Aboubacar Bassinga,ci CIV,FW,19,2,1,48,0.5,0,0,0,0,0,0,0,0,0.00,0.00,0.00,0.00,0.00,Matches,Copa del Rey,2024-2025
b716f6a1,Álex Calvo,es ESP,FW,20,13,0,183,2.0,1,0,1,1,0,0,1,0,0.49,0.00,0.49,0.49,0.49,Matches,Copa del Rey,2024-2025
cc851506,Alberto Dadie,es ESP,DF,22,10,0,119,1.3,0,0,0,0,0,0,0,2,0.00,0.00,0.00,0.00,0.00,Matches,Copa del Rey,2024-2025
8249ff06,Carlo,es ESP,MF,23,7,0,68,0.8,0,1,1,0,0,0,0,0,0.00,1.32,1.32,0.00,1.32,Matches,Copa del Rey,2024-2025
563568ee,Sergio Gabriel,es ESP,FW,21,1,0,14,0.2,0,0,0,0,0,0,0,0,0.00,0.00,0.00,0.00,0.00,Matches,Copa del Rey,2024-2025
0949141b,Asier Ortiz de Guinea,es ESP,MF,22,1,0,7,0.1,0,0,0,0,0,0,0,0,0.00,0.00,0.00,0.00,0.00,Matches,Copa del Rey,2024-2025
ccb491d0,Luis López,es ESP,GK,23,0,0,,0.0,0,0,0,0,0,0,1,0,,,,,,Matches,Copa del Rey,2024-2025
bd0a1c52,Garcí,es ESP,MF,22,0,0,,,,,,,,,,,,,,,,Matches,Copa del Rey,2024-2025
e7c1cb91,Ale Gorrin,es ESP,GK,21,0,0,,,,,,,,,,,,,,,,Matches,Copa del Rey,2024-2025
dbb2eee0,Hodei,es ESP,DF,21,0,0,,,,,,,,,,,,,,,,Matches,Copa del Rey,2024-2025
f36abbbe,Markel Martínez,es ESP,FW,22,0,0,,,,,,,,,,,,,,,,Matches,Copa del Rey,2024-2025
3dac4c0a,Yidne Pinto,,FW,,0,0,,,,,,,,,,,,,,,,Matches,Copa del Rey,2024-2025
ad6fe3f0,Diego Rosales,es ESP,DF,21,0,0,,,,,,,,,,,,,,,,Matches,Copa del Rey,2024-2025
d5376c5f,Hugo Zárate,es ESP,MF,20,0,0,,,,,,,,,,,,,,,,Matches,Copa del Rey,2024-2025
a4995f48,Sergio Herrera,es ESP,GK,31,37,37,"3,330",37.0,0,0,0,0,0,0,5,0,0.00,0.00,0.00,0.00,0.00,Matches,Copa del Rey,2024-2025
94e01ec6,Jesús Areso,es ESP,DF,25,36,35,"3,079",34.2,0,3,3,0,0,0,9,0,0.00,0.09,0.09,0.00,0.09,Matches,Copa del Rey,2024-2025
274ab13c,Catena,es ESP,DF,29,35,35,"3,074",34.2,1,3,4,1,0,0,11,0,0.03,0.09,0.12,0.03,0.12,Matches,Copa del Rey,2024-2025
7c363088,Aimar Oroz,es ESP,MF,22,37,35,"2,966",33.0,5,4,9,4,1,1,8,0,0.15,0.12,0.27,0.12,0.24,Matches,Copa del Rey,2024-2025
0e4fef6e,Lucas Torró,es ESP,MF,30,35,35,"2,957",32.9,3,0,3,3,0,0,10,0,0.09,0.00,0.09,0.09,0.09,Matches,Copa del Rey,2024-2025
8f3565b3,Ante Budimir,hr CRO,FW,33,38,34,"2,952",32.8,21,4,25,13,8,8,4,0,0.64,0.12,0.76,0.40,0.52,Matches,Copa del Rey,2024-2025
3a99bc13,Enzo Boyomo,cm CMR,DF,22,34,33,"2,987",33.2,2,0,2,2,0,0,5,0,0.06,0.00,0.06,0.06,0.06,Matches,Copa del Rey,2024-2025
5c96b017,Rubén García,es ESP,"FW,MF",31,36,30,"2,413",26.8,5,5,10,5,0,0,2,0,0.19,0.19,0.37,0.19,0.37,Matches,Copa del Rey,2024-2025
9939e168,Jon Moncayola,es ESP,MF,26,32,26,"2,099",23.3,0,0,0,0,0,0,8,0,0.00,0.00,0.00,0.00,0.00,Matches,Copa del Rey,2024-2025
a96103b2,Bryan Zaragoza,es ESP,"MF,FW",22,27,22,"1,836",20.4,1,6,7,1,0,0,4,0,0.05,0.29,0.34,0.05,0.34,Matches,Copa del Rey,2024-2025
40b6bd38,Abel Bretones,es ESP,"DF,MF",23,35,20,"2,074",23.0,2,0,2,2,0,0,3,0,0.09,0.00,0.09,0.09,0.09,Matches,Copa del Rey,2024-2025
a56da3ba,Juan Cruz Armada,es ESP,DF,32,25,19,"1,492",16.6,0,0,0,0,0,0,4,0,0.00,0.00,0.00,0.00,0.00,Matches,Copa del Rey,2024-2025
e19c989c,Jorge Herrando,es ESP,DF,23,18,15,"1,366",15.2,1,0,1,1,0,0,3,0,0.07,0.00,0.07,0.07,0.07,Matches,Copa del Rey,2024-2025
3701906c,Pablo Ibáñez,es ESP,MF,25,28,13,"1,294",14.4,1,1,2,1,0,0,4,0,0.07,0.07,0.14,0.07,0.14,Matches,Copa del Rey,2024-2025
1f079188,Rubén Peña,es ESP,"FW,DF",33,25,7,775,8.6,0,0,0,0,0,0,1,0,0.00,0.00,0.00,0.00,0.00,Matches,Copa del Rey,2024-2025
5a626448,Moi Gómez,es ESP,"MF,FW",30,26,6,796,8.8,0,0,0,0,0,0,1,0,0.00,0.00,0.00,0.00,0.00,Matches,Copa del Rey,2024-2025
18f0a9f0,Raúl,es ESP,FW,23,32,5,750,8.3,4,0,4,4,0,0,1,0,0.48,0.00,0.48,0.48,0.48,Matches,Copa del Rey,2024-2025
175ece4c,Iker Muñoz,es ESP,MF,21,23,4,610,6.8,0,1,1,0,0,0,2,0,0.00,0.15,0.15,0.00,0.15,Matches,Copa del Rey,2024-2025
aad53e64,Kike Barja,es ESP,"FW,MF",27,15,3,315,3.5,0,1,1,0,0,0,3,0,0.00,0.29,0.29,0.00,0.29,Matches,Copa del Rey,2024-2025
46e07328,José Arnaiz,es ESP,MF,29,15,1,133,1.5,0,0,0,0,0,0,0,0,0.00,0.00,0.00,0.00,0.00,Matches,Copa del Rey,2024-2025
3a9c4b7b,Nacho Vidal,es ESP,DF,29,5,1,124,1.4,0,0,0,0,0,0,0,0,0.00,0.00,0.00,0.00,0.00,Matches,Copa del Rey,2024-2025
a01c3d54,Aitor Fernández,es ESP,GK,33,1,1,90,1.0,0,0,0,0,0,0,0,0,0.00,0.00,0.00,0.00,0.00,Matches,Copa del Rey,2024-2025
4a633cfe,Unai García,es ESP,DF,32,3,1,65,0.7,0,0,0,0,0,0,0,0,0.00,0.00,0.00,0.00,0.00,Matches,Copa del Rey,2024-2025
50cbc806,Iker Benito,es ESP,"FW,MF",21,2,0,37,0.4,0,0,0,0,0,0,0,0,0.00,0.00,0.00,0.00,0.00,Matches,Copa del Rey,2024-2025
3672b352,Javi Martínez,es ESP,MF,24,1,0,6,0.1,0,0,0,0,0,0,0,0,0.00,0.00,0.00,0.00,0.00,Matches,Copa del Rey,2024-2025
d80d7f17,Iñigo Arguibide,es ESP,FW,19,0,0,,,,,,,,,,,,,,,,Matches,Copa del Rey,2024-2025
71d62ff3,Rafa Fernández,es ESP,GK,20,0,0,,,,,,,,,,,,,,,,Matches,Copa del Rey,2024-2025
4eda6719,Jon Fuentes,es ESP,MF,21,0,0,,,,,,,,,,,,,,,,Matches,Copa del Rey,2024-2025
ad57d16b,Carlos Lumbreras,es ESP,FW,19,0,0,,,,,,,,,,,,,,,,Matches,Copa del Rey,2024-2025
3d034807,Sixtus Ogbuehi,ng NGA,FW,21,0,0,,,,,,,,,,,,,,,,Matches,Copa del Rey,2024-2025
e87c44a9,Asier Osambela,es ESP,MF,20,0,0,,,,,,,,,,,,,,,,Matches,Copa del Rey,2024-2025
04ac0afe,Ismael Sierra,es ESP,DF,21,0,0,,,,,,,,,,,,,,,,Matches,Copa del Rey,2024-2025
21eb5ec9,Dimitrios Stamatakis,gr GRE,GK,21,0,0,,,,,,,,,,,,,,,,Matches,Copa del Rey,2024-2025
96f2f88f,Pablo Valencia,es ESP,GK,23,0,0,,,,,,,,,,,,,,,,Matches,Copa del Rey,2024-2025
54f87ac5,Pablo Vázquez,es ESP,DF,29,42,41,"3,708",41.2,2,0,2,2,0,0,4,0,0.05,0.00,0.05,0.05,0.05,Matches,Copa del Rey,2024-2025
b41a8b01,Mario Soriano,es ESP,"MF,FW",22,42,39,"3,364",37.4,5,4,9,5,0,0,4,0,0.13,0.11,0.24,0.13,0.24,Matches,Copa del Rey,2024-2025
e8918589,Helton Leite,br BRA,GK,33,37,37,"3,330",37.0,0,0,0,0,0,0,2,0,0.00,0.00,0.00,0.00,0.00,Matches,Copa del Rey,2024-2025
610e6e05,Diego Villares,es ESP,MF,28,40,35,"3,143",34.9,4,1,5,4,0,0,3,1,0.11,0.03,0.14,0.11,0.14,Matches,Copa del Rey,2024-2025
dee186db,Yeremay Hernández,es ESP,MF,21,39,35,"3,035",33.7,15,5,20,11,4,5,2,0,0.44,0.15,0.59,0.33,0.47,Matches,Copa del Rey,2024-2025
03abc144,David Mella,es ESP,MF,19,33,31,"2,628",29.2,6,5,11,6,0,0,2,1,0.21,0.17,0.38,0.21,0.38,Matches,Copa del Rey,2024-2025
8db394aa,Ximo Navarro,es ESP,DF,34,30,29,"2,447",27.2,4,2,6,4,0,0,4,1,0.15,0.07,0.22,0.15,0.22,Matches,Copa del Rey,2024-2025
949c3655,Rafel Obrador,es ESP,DF,20,33,24,"2,171",24.1,0,1,1,0,0,0,5,0,0.00,0.04,0.04,0.00,0.04,Matches,Copa del Rey,2024-2025
c19131c6,José Ángel,es ESP,MF,32,28,23,"1,954",21.7,0,5,5,0,0,0,5,0,0.00,0.23,0.23,0.00,0.23,Matches,Copa del Rey,2024-2025
1ad8cb67,Pablo Martinez,fr FRA,DF,35,27,22,"1,972",21.9,0,0,0,0,0,0,4,0,0.00,0.00,0.00,0.00,0.00,Matches,Copa del Rey,2024-2025
981c1863,Barbero,es ESP,FW,25,37,19,"1,773",19.7,7,5,12,7,0,0,3,1,0.36,0.25,0.61,0.36,0.61,Matches,Copa del Rey,2024-2025
a300ac7e,Lucas Pérez,es ESP,"FW,MF",35,19,18,"1,629",18.1,4,4,8,4,0,0,5,0,0.22,0.22,0.44,0.22,0.44,Matches,Copa del Rey,2024-2025
97d08e60,Alex Petxa,es ESP,DF,27,27,17,"1,506",16.7,0,2,2,0,0,0,4,0,0.00,0.12,0.12,0.00,0.12,Matches,Copa del Rey,2024-2025
e4dae1b4,Daniel Barcia,es ESP,DF,21,16,16,"1,440",16.0,0,0,0,0,0,0,5,0,0.00,0.00,0.00,0.00,0.00,Matches,Copa del Rey,2024-2025
bdc14559,Omenuke Mfulu,cd COD,MF,30,25,14,"1,167",13.0,0,0,0,0,0,0,5,0,0.00,0.00,0.00,0.00,0.00,Matches,Copa del Rey,2024-2025
eea195ea,Zakaria Eddahchouri,nl NED,FW,24,16,13,"1,054",11.7,4,0,4,4,0,0,1,0,0.34,0.00,0.34,0.34,0.34,Matches,Copa del Rey,2024-2025
b0616e3d,Sergio Escudero,es ESP,DF,34,14,7,566,6.3,0,3,3,0,0,0,1,0,0.00,0.48,0.48,0.00,0.48,Matches,Copa del Rey,2024-2025
bcd0b89f,Mohamed Bouldini,ma MAR,FW,28,20,6,648,7.2,1,0,1,1,0,0,2,0,0.14,0.00,0.14,0.14,0.14,Matches,Copa del Rey,2024-2025
582e1987,Diego Gómez,es ESP,MF,20,17,6,540,6.0,0,1,1,0,0,0,2,0,0.00,0.17,0.17,0.00,0.17,Matches,Copa del Rey,2024-2025
70dc48ef,Jaime Sánchez Muñoz,es ESP,DF,29,16,5,550,6.1,0,0,0,0,0,0,2,0,0.00,0.00,0.00,0.00,0.00,Matches,Copa del Rey,2024-2025
1561cd53,Germán Parreño,es ESP,GK,31,5,5,450,5.0,0,0,0,0,0,0,0,0,0.00,0.00,0.00,0.00,0.00,Matches,Copa del Rey,2024-2025
f814e5d3,Cristian Herrera,es ESP,"MF,FW",33,24,4,604,6.7,2,2,4,2,0,0,0,0,0.30,0.30,0.60,0.30,0.60,Matches,Copa del Rey,2024-2025
2cbffef2,Nemanja Tošić,rs SRB,DF,27,7,4,366,4.1,0,0,0,0,0,0,1,0,0.00,0.00,0.00,0.00,0.00,Matches,Copa del Rey,2024-2025
e71aac2c,Charlie Patino,eng ENG,MF,20,7,3,295,3.3,0,0,0,0,0,0,1,0,0.00,0.00,0.00,0.00,0.00,Matches,Copa del Rey,2024-2025
1a0de1bd,Juan Gauto,ar ARG,"MF,FW",20,15,2,234,2.6,0,0,0,0,0,0,0,0,0.00,0.00,0.00,0.00,0.00,Matches,Copa del Rey,2024-2025
badcdcae,Denis Genreau,au AUS,MF,25,9,2,213,2.4,1,0,1,1,0,0,0,1,0.42,0.00,0.42,0.42,0.42,Matches,Copa del Rey,2024-2025
c6f76f7a,Adrián Guerrero,es ESP,MF,18,2,2,116,1.3,0,0,0,0,0,0,0,0,0.00,0.00,0.00,0.00,0.00,Matches,Copa del Rey,2024-2025
f907df5b,Hugo Rama,es ESP,MF,27,15,1,225,2.5,0,0,0,0,0,0,0,0,0.00,0.00,0.00,0.00,0.00,Matches,Copa del Rey,2024-2025
c5643455,Kevin Sánchez,es ESP,FW,19,4,1,139,1.5,0,0,0,0,0,0,0,0,0.00,0.00,0.00,0.00,0.00,Matches,Copa del Rey,2024-2025
b88fa9c6,Raúl Alcaina,es ESP,MF,24,1,1,90,1.0,0,0,0,0,0,0,0,0,0.00,0.00,0.00,0.00,0.00,Matches,Copa del Rey,2024-2025
35298b79,Davo,es ESP,MF,29,9,0,108,1.2,0,0,0,0,0,0,0,0,0.00,0.00,0.00,0.00,0.00,Matches,Copa del Rey,2024-2025
b907d169,Alejandro Alfaro,es ESP,MF,22,1,0,1,0.0,0,0,0,0,0,0,0,0,0.00,0.00,0.00,0.00,0.00,Matches,Copa del Rey,2024-2025
1e3d6735,Luis Chacón,es ESP,MF,24,1,0,1,0.0,0,0,0,0,0,0,0,0,0.00,0.00,0.00,0.00,0.00,Matches,Copa del Rey,2024-2025
505873d4,Samuel Fernández,es ESP,DF,17,0,0,,,,,,,,,,,,,,,,Matches,Copa del Rey,2024-2025
2377068a,Pablo García,es ESP,DF,16,0,0,,,,,,,,,,,,,,,,Matches,Copa del Rey,2024-2025
1926318f,Rubén López,es ESP,MF,19,0,0,,,,,,,,,,,,,,,,Matches,Copa del Rey,2024-2025
286ea912,Mardones,es ESP,DF,18,0,0,,,,,,,,,,,,,,,,Matches,Copa del Rey,2024-2025
77d43f02,Eric Puerto,es ESP,GK,21,0,0,,,,,,,,,,,,,,,,Matches,Copa del Rey,2024-2025
b74b1627,Aarón Sánchez,es ESP,DF,21,0,0,,,,,,,,,,,,,,,,Matches,Copa del Rey,2024-2025
cfc4ddd0,Alberto Sánchez,es ESP,GK,23,0,0,,,,,,,,,,,,,,,,Matches,Copa del Rey,2024-2025
b35ba1bf,Diego,es ESP,DF,29,1,1,90,1.0,0,0,0,0,0,0,1,0,0.00,0.00,0.00,0.00,0.00,Matches,Copa del Rey,2024-2025
de6b6465,Roger Figueras,es ESP,DF,27,1,1,90,1.0,0,0,0,0,0,0,0,0,0.00,0.00,0.00,0.00,0.00,Matches,Copa del Rey,2024-2025
51c8bdfd,Yeiner Londoño,co COL,FW,23,1,1,90,1.0,0,0,0,0,0,0,0,0,0.00,0.00,0.00,0.00,0.00,Matches,Copa del Rey,2024-2025
ed841685,Johar Mejia,co COL,FW,24,1,1,90,1.0,0,0,0,0,0,0,0,0,0.00,0.00,0.00,0.00,0.00,Matches,Copa del Rey,2024-2025
f6b47129,Eduardo de Prados,es ESP,GK,30,1,1,90,1.0,0,0,0,0,0,0,1,0,0.00,0.00,0.00,0.00,0.00,Matches,Copa del Rey,2024-2025
57a7a8a0,Dani Reina,es ESP,MF,25,1,1,90,1.0,0,0,0,0,0,0,0,0,0.00,0.00,0.00,0.00,0.00,Matches,Copa del Rey,2024-2025
2b3a0557,Ramón Barraza,ar ARG,MF,28,1,1,65,0.7,0,0,0,0,0,0,1,0,0.00,0.00,0.00,0.00,0.00,Matches,Copa del Rey,2024-2025
b7d5bc5e,Antonio Otegui,es ESP,MF,26,1,1,65,0.7,0,0,0,0,0,0,1,0,0.00,0.00,0.00,0.00,0.00,Matches,Copa del Rey,2024-2025
52675cf1,Liza,es ESP,DF,27,1,1,45,0.5,0,0,0,0,0,0,0,0,0.00,0.00,0.00,0.00,0.00,Matches,Copa del Rey,2024-2025
82cd4eb6,Aimar Martiarena,es ESP,MF,20,1,1,45,0.5,0,0,0,0,0,0,0,0,0.00,0.00,0.00,0.00,0.00,Matches,Copa del Rey,2024-2025
d5dcfafe,Pol Prats Moragrega,es ESP,FW,25,1,1,45,0.5,0,0,0,0,0,0,0,0,0.00,0.00,0.00,0.00,0.00,Matches,Copa del Rey,2024-2025
d92dd30e,Antonio Cotán,es ESP,MF,28,1,0,45,0.5,0,0,0,0,0,0,0,0,0.00,0.00,0.00,0.00,0.00,Matches,Copa del Rey,2024-2025
6538799f,José Antonio Méndez Monroy,es ESP,MF,35,1,0,45,0.5,0,0,0,0,0,0,0,0,0.00,0.00,0.00,0.00,0.00,Matches,Copa del Rey,2024-2025
0f332055,Aser Palacios,es ESP,DF,20,1,0,45,0.5,0,0,0,0,0,0,0,0,0.00,0.00,0.00,0.00,0.00,Matches,Copa del Rey,2024-2025
a35cd89f,Benjamin Asamoah,gh GHA,MF,30,1,0,25,0.3,0,0,0,0,0,0,0,0,0.00,0.00,0.00,0.00,0.00,Matches,Copa del Rey,2024-2025
375dfa66,Rubio,es ESP,FW,29,1,0,25,0.3,0,0,0,0,0,0,0,0,0.00,0.00,0.00,0.00,0.00,Matches,Copa del Rey,2024-2025
8311a977,Raúl Arias,,FW,,0,0,,,,,,,,,,,,,,,,Matches,Copa del Rey,2024-2025
23fa9c71,Lluc Carrera Sánchez,es ESP,FW,21,0,0,,,,,,,,,,,,,,,,Matches,Copa del Rey,2024-2025
1a25e5b5,Gabriel,es ESP,FW,24,0,0,,,,,,,,,,,,,,,,Matches,Copa del Rey,2024-2025
b56ceea1,Aimar Peñalver,es ESP,GK,20,0,0,,,,,,,,,,,,,,,,Matches,Copa del Rey,2024-2025
ab11a7ac,Asier Pérez,es ESP,DF,21,0,0,,,,,,,,,,,,,,,,Matches,Copa del Rey,2024-2025
8e22075a,Eldar Tağızadə,az AZE,GK,21,0,0,,,,,,,,,,,,,,,,Matches,Copa del Rey,2024-2025
030b7526,Txus Alba,es ESP,MF,21,2,2,210,2.3,1,0,1,1,0,0,0,0,0.43,0.00,0.43,0.43,0.43,Matches,Copa del Rey,2024-2025
d194c785,Miguel Bañuz,es ESP,GK,31,2,2,210,2.3,0,0,0,0,0,0,0,0,0.00,0.00,0.00,0.00,0.00,Matches,Copa del Rey,2024-2025
eda16cee,Rodri Suárez,es ESP,DF,21,2,2,210,2.3,0,0,0,0,0,0,1,0,0.00,0.00,0.00,0.00,0.00,Matches,Copa del Rey,2024-2025
2e810bef,Víctor Ruiz,es ESP,DF,29,2,2,188,2.1,0,0,0,0,0,0,2,0,0.00,0.00,0.00,0.00,0.00,Matches,Copa del Rey,2024-2025
341d1a69,Guzmán Ortega,es ESP,DF,20,2,2,175,1.9,0,0,0,0,0,0,0,0,0.00,0.00,0.00,0.00,0.00,Matches,Copa del Rey,2024-2025
866b3d64,Bicho,es ESP,MF,28,2,1,165,1.8,0,0,0,0,0,0,0,0,0.00,0.00,0.00,0.00,0.00,Matches,Copa del Rey,2024-2025
f3c4f665,Ian Martínez,es ESP,FW,20,2,1,143,1.6,2,0,2,2,0,0,0,0,1.26,0.00,1.26,1.26,1.26,Matches,Copa del Rey,2024-2025
cde91c43,Kevin Presa Duarte,es ESP,MF,30,1,1,120,1.3,0,0,0,0,0,0,0,0,0.00,0.00,0.00,0.00,0.00,Matches,Copa del Rey,2024-2025
4e2c27bb,Carlos Calderón,es ESP,MF,29,1,1,90,1.0,0,0,0,0,0,1,0,0,0.00,0.00,0.00,0.00,0.00,Matches,Copa del Rey,2024-2025
e626f616,Santi Prado,es ESP,DF,21,1,1,90,1.0,0,0,0,0,0,0,0,0,0.00,0.00,0.00,0.00,0.00,Matches,Copa del Rey,2024-2025
1d7bd5c5,Sergi Maestre,es ESP,MF,33,2,1,80,0.9,0,0,0,0,0,0,0,0,0.00,0.00,0.00,0.00,0.00,Matches,Copa del Rey,2024-2025
9059bacc,Adrián Ruiz,es ESP,MF,20,1,1,74,0.8,0,0,0,0,0,0,0,0,0.00,0.00,0.00,0.00,0.00,Matches,Copa del Rey,2024-2025
001efab0,Antón Escobar,es ESP,FW,26,1,1,70,0.8,0,0,0,0,0,0,0,0,0.00,0.00,0.00,0.00,0.00,Matches,Copa del Rey,2024-2025
f3408cc6,Adrián Álvarez,es ESP,MF,20,1,1,45,0.5,0,0,0,0,0,0,0,0,0.00,0.00,0.00,0.00,0.00,Matches,Copa del Rey,2024-2025
e986e4bb,Kirian Ramírez,es ESP,MF,19,1,1,45,0.5,0,0,0,0,0,0,0,0,0.00,0.00,0.00,0.00,0.00,Matches,Copa del Rey,2024-2025
9429e472,Samanes,es ESP,MF,29,1,1,45,0.5,0,0,0,0,0,0,0,0,0.00,0.00,0.00,0.00,0.00,Matches,Copa del Rey,2024-2025
b7ce700f,Eneko Satrústegui,es ESP,DF,33,1,1,45,0.5,0,0,0,0,0,0,0,0,0.00,0.00,0.00,0.00,0.00,Matches,Copa del Rey,2024-2025
2e3f3462,Juan Artola,es ESP,FW,24,2,0,72,0.8,0,0,0,0,0,0,1,0,0.00,0.00,0.00,0.00,0.00,Matches,Copa del Rey,2024-2025
9704b62b,Barri,es ESP,MF,28,1,0,56,0.6,0,0,0,0,0,0,0,0,0.00,0.00,0.00,0.00,0.00,Matches,Copa del Rey,2024-2025
5c15cdd6,Álvaro Martínez,es ESP,DF,22,2,0,52,0.6,0,0,0,0,0,0,0,0,0.00,0.00,0.00,0.00,0.00,Matches,Copa del Rey,2024-2025
cc00dedf,Agustín Cacabelos,ar ARG,FW,28,1,0,45,0.5,0,0,0,0,0,0,0,0,0.00,0.00,0.00,0.00,0.00,Matches,Copa del Rey,2024-2025
29d06a49,Quique Fornos,es ESP,DF,27,1,0,45,0.5,0,0,0,0,0,0,0,0,0.00,0.00,0.00,0.00,0.00,Matches,Copa del Rey,2024-2025
854f7734,Víctor Hugo García,ve VEN,"DF,MF",30,1,0,35,0.4,0,1,1,0,0,0,0,0,0.00,2.57,2.57,0.00,2.57,Matches,Copa del Rey,2024-2025
1e3d6735,Luis Chacón,es ESP,MF,24,0,0,,,,,,,,,,,,,,,,Matches,Copa del Rey,2024-2025
7d92c8cc,Manu Justo,es ESP,MF,28,0,0,,,,,,,,,,,,,,,,Matches,Copa del Rey,2024-2025
8d745b86,Joel Ruiz,es ESP,GK,21,0,0,,,,,,,,,,,,,,,,Matches,Copa del Rey,2024-2025
19e7ace6,David García,es ESP,MF,20,1,1,90,1.0,0,0,0,0,0,0,0,0,0.00,0.00,0.00,0.00,0.00,Matches,Copa del Rey,2024-2025
6017ac5e,Ramón García,es ESP,DF,24,1,1,90,1.0,0,0,0,0,0,0,0,0,0.00,0.00,0.00,0.00,0.00,Matches,Copa del Rey,2024-2025
c3a79d87,Josete,es ESP,DF,36,1,1,90,1.0,0,0,0,0,0,0,0,0,0.00,0.00,0.00,0.00,0.00,Matches,Copa del Rey,2024-2025
0e334cf2,Sergio López,es ESP,MF,22,1,1,90,1.0,0,0,0,0,0,0,1,0,0.00,0.00,0.00,0.00,0.00,Matches,Copa del Rey,2024-2025
12fb5268,Antonio Santos,es ESP,GK,22,1,1,90,1.0,0,0,0,0,0,0,0,0,0.00,0.00,0.00,0.00,0.00,Matches,Copa del Rey,2024-2025
e66e73b1,Geovanni,es ESP,DF,23,1,1,89,1.0,0,0,0,0,0,0,0,1,0.00,0.00,0.00,0.00,0.00,Matches,Copa del Rey,2024-2025
8535b555,Adri Rodríguez,es ESP,MF,29,1,1,77,0.9,0,0,0,0,0,0,0,0,0.00,0.00,0.00,0.00,0.00,Matches,Copa del Rey,2024-2025
7c5e88dd,Armengol Portoles,es ESP,MF,21,1,1,71,0.8,0,0,0,0,0,0,1,0,0.00,0.00,0.00,0.00,0.00,Matches,Copa del Rey,2024-2025
d16e08cd,Diego Domínguez,es ESP,FW,25,1,1,60,0.7,0,0,0,0,0,0,0,0,0.00,0.00,0.00,0.00,0.00,Matches,Copa del Rey,2024-2025
6ea181ff,Javier Misffut,es ESP,FW,28,1,1,60,0.7,0,0,0,0,0,0,0,0,0.00,0.00,0.00,0.00,0.00,Matches,Copa del Rey,2024-2025
7cad0e34,Iago Díaz,es ESP,MF,31,1,1,45,0.5,0,0,0,0,0,0,0,0,0.00,0.00,0.00,0.00,0.00,Matches,Copa del Rey,2024-2025
d9f1a5e5,Alex Del Rio,es ESP,DF,31,1,0,45,0.5,0,0,0,0,0,0,0,0,0.00,0.00,0.00,0.00,0.00,Matches,Copa del Rey,2024-2025
23eb3b7c,David Santiesteban,es ESP,FW,23,1,0,30,0.3,0,0,0,0,0,0,0,0,0.00,0.00,0.00,0.00,0.00,Matches,Copa del Rey,2024-2025
9cf64ac3,Charaf Taoualy,ma MAR,FW,25,1,0,30,0.3,0,0,0,0,0,0,0,0,0.00,0.00,0.00,0.00,0.00,Matches,Copa del Rey,2024-2025
b323f11a,Adrián Valiente,es ESP,FW,18,1,0,19,0.2,0,0,0,0,0,0,0,0,0.00,0.00,0.00,0.00,0.00,Matches,Copa del Rey,2024-2025
6cccc55a,Francisco Márquez,es ESP,FW,28,1,0,13,0.1,0,0,0,0,0,0,0,0,0.00,0.00,0.00,0.00,0.00,Matches,Copa del Rey,2024-2025
969393c4,Isma Gil,es ESP,GK,35,0,0,,,,,,,,,,,,,,,,Matches,Copa del Rey,2024-2025
376631b4,Reina,es ESP,DF,27,0,0,,,,,,,,,,,,,,,,Matches,Copa del Rey,2024-2025
48d013c4,Adolfo Romero,es ESP,DF,24,0,0,,,,,,,,,,,,,,,,Matches,Copa del Rey,2024-2025
761b045e,Paco Torres,es ESP,DF,27,0,0,,,,,,,,,,,,,,,,Matches,Copa del Rey,2024-2025
39ab74b4,Alberto Ulloa,es ESP,MF,20,0,0,,,,,,,,,,,,,,,,Matches,Copa del Rey,2024-2025
c2c8897d,Alberto Moleiro,es ESP,MF,20,35,32,"2,714",30.2,6,1,7,6,0,0,5,0,0.20,0.03,0.23,0.20,0.23,Matches,Copa del Rey,2024-2025
9c137b36,Álex Suárez,es ESP,DF,31,30,30,"2,460",27.3,0,0,0,0,0,0,12,0,0.00,0.00,0.00,0.00,0.00,Matches,Copa del Rey,2024-2025
ec7c84c2,Javier Muñoz,es ESP,"MF,DF",29,35,28,"2,588",28.8,1,3,4,1,0,0,5,0,0.03,0.10,0.14,0.03,0.14,Matches,Copa del Rey,2024-2025
4e5a4cbc,Scott McKenna,sct SCO,DF,27,29,28,"2,466",27.4,0,0,0,0,0,0,5,1,0.00,0.00,0.00,0.00,0.00,Matches,Copa del Rey,2024-2025
e7630876,Mika Mármol,es ESP,DF,23,30,27,"2,399",26.7,0,1,1,0,0,0,5,0,0.00,0.04,0.04,0.00,0.04,Matches,Copa del Rey,2024-2025
04ac8285,Jasper Cillessen,nl NED,GK,35,27,27,"2,335",25.9,0,0,0,0,0,0,1,0,0.00,0.00,0.00,0.00,0.00,Matches,Copa del Rey,2024-2025
833fb62e,Sandro Ramírez,es ESP,"MF,FW",29,31,25,"2,034",22.6,9,3,12,8,1,1,6,0,0.40,0.13,0.53,0.35,0.49,Matches,Copa del Rey,2024-2025
1e4319ac,Dario Essugo,pt POR,MF,19,27,25,"1,938",21.5,1,0,1,1,0,0,11,2,0.05,0.00,0.05,0.05,0.05,Matches,Copa del Rey,2024-2025
c56a2d27,Viti,es ESP,DF,26,29,23,"1,982",22.0,0,2,2,0,0,0,5,0,0.00,0.09,0.09,0.00,0.09,Matches,Copa del Rey,2024-2025
e7aa9d7c,Fábio Silva,pt POR,FW,22,24,22,"1,866",20.7,10,3,13,8,2,3,7,0,0.48,0.14,0.63,0.39,0.53,Matches,Copa del Rey,2024-2025
9b130479,Kirian Rodríguez,es ESP,MF,28,21,21,"1,758",19.5,0,3,3,0,0,0,2,0,0.00,0.15,0.15,0.00,0.15,Matches,Copa del Rey,2024-2025
78b8ac63,Oliver McBurnie,sct SCO,FW,28,34,20,"1,837",20.4,3,6,9,3,0,0,3,0,0.15,0.29,0.44,0.15,0.44,Matches,Copa del Rey,2024-2025
853f211e,Álex Muñoz,es ESP,DF,30,21,18,"1,415",15.7,3,0,3,3,0,0,3,0,0.19,0.00,0.19,0.19,0.19,Matches,Copa del Rey,2024-2025
3a18abe2,Juanma Herzog,es ESP,DF,20,19,15,"1,315",14.6,0,0,0,0,0,0,1,0,0.00,0.00,0.00,0.00,0.00,Matches,Copa del Rey,2024-2025
61220da2,José Campaña,es ESP,MF,31,25,15,"1,189",13.2,0,3,3,0,0,0,5,0,0.00,0.23,0.23,0.00,0.23,Matches,Copa del Rey,2024-2025
32e8417f,Stefan Bajcetic,es ESP,"MF,DF",19,14,12,969,10.8,1,0,1,1,0,0,4,0,0.09,0.00,0.09,0.09,0.09,Matches,Copa del Rey,2024-2025
8fafc04d,Dinko Horkaš,hr CRO,GK,25,13,11,"1,085",12.1,0,0,0,0,0,0,1,0,0.00,0.00,0.00,0.00,0.00,Matches,Copa del Rey,2024-2025
efaefda0,Marvin,es ESP,"DF,MF",24,23,9,"1,038",11.5,0,0,0,0,0,0,4,0,0.00,0.00,0.00,0.00,0.00,Matches,Copa del Rey,2024-2025
618f396a,Manuel Fuster,es ESP,"MF,FW",26,28,8,"1,003",11.1,2,1,3,2,0,0,2,0,0.18,0.09,0.27,0.18,0.27,Matches,Copa del Rey,2024-2025
6bca20fe,Enzo Loiodice,fr FRA,MF,23,17,7,684,7.6,0,0,0,0,0,0,3,0,0.00,0.00,0.00,0.00,0.00,Matches,Copa del Rey,2024-2025
4737cebe,Adnan Januzaj,be BEL,"MF,FW",29,18,5,598,6.6,2,1,3,2,0,0,5,0,0.30,0.15,0.45,0.30,0.45,Matches,Copa del Rey,2024-2025
02319ad7,Jaime Mata,es ESP,"MF,FW",35,30,4,656,7.3,0,0,0,0,0,0,9,0,0.00,0.00,0.00,0.00,0.00,Matches,Copa del Rey,2024-2025
db714daf,Benito Ramírez,es ESP,"MF,DF",29,19,2,478,5.3,0,0,0,0,0,0,2,1,0.00,0.00,0.00,0.00,0.00,Matches,Copa del Rey,2024-2025
f18d7ab2,Andy Pelmard,mg MAD,DF,24,4,2,205,2.3,0,0,0,0,0,0,1,0,0.00,0.00,0.00,0.00,0.00,Matches,Copa del Rey,2024-2025
36b300b8,Sergio Viera,es ESP,MF,19,2,1,96,1.1,0,0,0,0,0,0,1,0,0.00,0.00,0.00,0.00,0.00,Matches,Copa del Rey,2024-2025
73000a79,Daley Sinkgraven,nl NED,DF,29,2,1,91,1.0,0,0,0,0,0,0,0,0,0.00,0.00,0.00,0.00,0.00,Matches,Copa del Rey,2024-2025
b92b456a,Marc Cardona,es ESP,FW,29,11,0,132,1.5,0,0,0,0,0,0,2,0,0.00,0.00,0.00,0.00,0.00,Matches,Copa del Rey,2024-2025
5418d47c,Fabio González,es ESP,MF,27,2,0,53,0.6,0,0,0,0,0,0,0,0,0.00,0.00,0.00,0.00,0.00,Matches,Copa del Rey,2024-2025
db28ad66,Diego Martín,es ESP,FW,20,2,0,40,0.4,0,0,0,0,0,0,0,0,0.00,0.00,0.00,0.00,0.00,Matches,Copa del Rey,2024-2025
8516f382,Arturo Rodríguez,es ESP,FW,17,1,0,21,0.2,0,0,0,0,0,0,0,0,0.00,0.00,0.00,0.00,0.00,Matches,Copa del Rey,2024-2025
8c4e56cb,Pejiño,es ESP,MF,28,1,0,16,0.2,0,0,0,0,0,0,0,0,0.00,0.00,0.00,0.00,0.00,Matches,Copa del Rey,2024-2025
79fe48ae,José Carlos González,es ESP,MF,18,1,0,11,0.1,0,0,0,0,0,0,0,0,0.00,0.00,0.00,0.00,0.00,Matches,Copa del Rey,2024-2025
06d00fbd,Valentín Pezzolesi,es ESP,DF,17,1,0,6,0.1,0,0,0,0,0,0,0,0,0.00,0.00,0.00,0.00,0.00,Matches,Copa del Rey,2024-2025
22a312ec,Aboubacar Bassinga,ci CIV,MF,19,1,0,4,0.0,0,0,0,0,0,0,0,0,0.00,0.00,0.00,0.00,0.00,Matches,Copa del Rey,2024-2025
1fa0e5fa,Iván Gil,es ESP,MF,24,0,0,,,,,,,,,,,,,,,,Matches,Copa del Rey,2024-2025
8194b09d,Álvaro Killane,es ESP,GK,19,0,0,,,,,,,,,,,,,,,,Matches,Copa del Rey,2024-2025
ea22c81c,Israel Mora,,,,0,0,,,,,,,,,,,,,,,,Matches,Copa del Rey,2024-2025
9f0d158b,Víctor Puig,es ESP,GK,24,0,0,,,,,,,,,,,,,,,,Matches,Copa del Rey,2024-2025
36473a79,Elías Romero,es ESP,FW,20,0,0,,,,,,,,,,,,,,,,Matches,Copa del Rey,2024-2025
c53a07fa,Sergio Ruiz,es ESP,FW,18,0,0,,,,,,,,,,,,,,,,Matches,Copa del Rey,2024-2025
6b992837,Sergio Ortuño,es ESP,MF,25,39,39,"3,266",36.3,3,2,5,3,0,0,6,1,0.08,0.06,0.14,0.08,0.14,Matches,Copa del Rey,2024-2025
ed90fc36,Marc Mateu,es ESP,DF,34,37,36,"3,216",35.7,2,5,7,1,1,1,8,0,0.06,0.14,0.20,0.03,0.17,Matches,Copa del Rey,2024-2025
6636496a,Víctor García,es ESP,"MF,DF",26,40,35,"3,163",35.1,4,4,8,4,0,0,6,0,0.11,0.11,0.23,0.11,0.23,Matches,Copa del Rey,2024-2025
2e3406ae,Fran Gámez,es ESP,DF,33,34,33,"2,722",30.2,0,3,3,0,0,0,9,0,0.00,0.10,0.10,0.00,0.10,Matches,Copa del Rey,2024-2025
bf02db92,Piña,es ESP,DF,29,31,31,"2,764",30.7,1,0,1,1,0,0,6,0,0.03,0.00,0.03,0.03,0.03,Matches,Copa del Rey,2024-2025
8e613398,Nacho Quintana,es ESP,"FW,MF",23,38,26,"2,292",25.5,1,1,2,1,0,0,5,0,0.04,0.04,0.08,0.04,0.08,Matches,Copa del Rey,2024-2025
4df0dff8,Daniel Martín,es ESP,GK,26,22,22,"1,965",21.8,0,0,0,0,0,0,2,0,0.00,0.00,0.00,0.00,0.00,Matches,Copa del Rey,2024-2025
174651c8,David Timor,es ESP,"MF,DF",34,30,22,"1,844",20.5,0,2,2,0,0,0,11,1,0.00,0.10,0.10,0.00,0.10,Matches,Copa del Rey,2024-2025
f764bf00,Ian Mackay,es ESP,GK,38,20,20,"1,755",19.5,0,0,0,0,0,0,4,0,0.00,0.00,0.00,0.00,0.00,Matches,Copa del Rey,2024-2025
c575919f,Dario Đumić,ba BIH,DF,32,20,18,"1,576",17.5,3,1,4,3,0,0,3,0,0.17,0.06,0.23,0.17,0.23,Matches,Copa del Rey,2024-2025
9ed40a69,Chapela,es ESP,MF,25,30,18,"1,541",17.1,4,0,4,4,0,0,1,0,0.23,0.00,0.23,0.23,0.23,Matches,Copa del Rey,2024-2025
78cd5130,Juanto Ortuño,es ESP,FW,32,35,14,"1,516",16.8,8,0,8,6,2,3,2,1,0.47,0.00,0.47,0.36,0.36,Matches,Copa del Rey,2024-2025
d6822279,Matia Barzic,hr CRO,DF,20,14,14,"1,253",13.9,0,0,0,0,0,0,4,0,0.00,0.00,0.00,0.00,0.00,Matches,Copa del Rey,2024-2025
38b0cf42,Javier Llabrés,es ESP,"MF,FW",21,15,14,"1,033",11.5,3,0,3,2,1,1,3,0,0.26,0.00,0.26,0.17,0.17,Matches,Copa del Rey,2024-2025
fc1724bd,Iván Martos,es ESP,DF,27,18,13,"1,114",12.4,0,1,1,0,0,0,4,1,0.00,0.08,0.08,0.00,0.08,Matches,Copa del Rey,2024-2025
b3f62bfc,Diego Collado,es ESP,"FW,MF",23,16,12,934,10.4,2,1,3,2,0,0,2,0,0.19,0.10,0.29,0.19,0.29,Matches,Copa del Rey,2024-2025
288f8c08,Álex Bernal,es ESP,"MF,FW",33,24,11,"1,131",12.6,1,1,2,1,0,0,4,0,0.08,0.08,0.16,0.08,0.16,Matches,Copa del Rey,2024-2025
b2d03887,Víctor Camarasa,es ESP,MF,30,27,11,"1,032",11.5,0,4,4,0,0,0,2,0,0.00,0.35,0.35,0.00,0.35,Matches,Copa del Rey,2024-2025
bf309d24,Amadou Diawara,gn GUI,MF,27,12,11,973,10.8,2,0,2,2,0,0,2,0,0.18,0.00,0.18,0.18,0.18,Matches,Copa del Rey,2024-2025
8246c61e,Nacho Monsalve,es ESP,DF,30,17,10,913,10.1,0,0,0,0,0,0,3,1,0.00,0.00,0.00,0.00,0.00,Matches,Copa del Rey,2024-2025
7942a27b,Mascarenhas,pt POR,FW,24,15,10,763,8.5,2,0,2,1,1,1,0,0,0.24,0.00,0.24,0.12,0.12,Matches,Copa del Rey,2024-2025
1156c1e8,Joel Jorquera,es ESP,MF,23,16,8,739,8.2,2,0,2,2,0,0,4,0,0.24,0.00,0.24,0.24,0.24,Matches,Copa del Rey,2024-2025
f681a8ef,Fede Vico,es ESP,MF,30,15,7,681,7.6,1,1,2,1,0,0,2,0,0.13,0.13,0.26,0.13,0.26,Matches,Copa del Rey,2024-2025
b151a3f2,Diego Méndez,es ESP,MF,20,8,5,471,5.2,0,0,0,0,0,0,2,0,0.00,0.00,0.00,0.00,0.00,Matches,Copa del Rey,2024-2025
475a738b,Sékou Gassama,sn SEN,FW,29,11,5,458,5.1,1,1,2,1,0,0,2,0,0.20,0.20,0.39,0.20,0.39,Matches,Copa del Rey,2024-2025
647d39d2,Raúl Parra,es ESP,DF,24,12,4,400,4.4,0,0,0,0,0,0,2,0,0.00,0.00,0.00,0.00,0.00,Matches,Copa del Rey,2024-2025
01bbb0ad,Alan Godoy,es ESP,FW,21,11,3,306,3.4,0,0,0,0,0,0,2,1,0.00,0.00,0.00,0.00,0.00,Matches,Copa del Rey,2024-2025
6fb15380,Youness Lachhab Didi,ma MAR,"MF,DF",25,13,2,441,4.9,1,0,1,1,0,0,2,0,0.20,0.00,0.20,0.20,0.20,Matches,Copa del Rey,2024-2025
59165b43,Mohamed Bouzaidi Diouri,ma MAR,MF,24,12,2,291,3.2,1,0,1,1,0,0,1,0,0.31,0.00,0.31,0.31,0.31,Matches,Copa del Rey,2024-2025
99620d8e,Cris Montes,es ESP,MF,26,9,2,273,3.0,0,0,0,0,0,0,0,0,0.00,0.00,0.00,0.00,0.00,Matches,Copa del Rey,2024-2025
7868c973,Unai Ropero,es ESP,FW,22,15,2,267,3.0,1,0,1,1,0,0,3,0,0.34,0.00,0.34,0.34,0.34,Matches,Copa del Rey,2024-2025
0972da7d,Ricardo Grigore,ro ROU,DF,25,2,1,135,1.5,1,0,1,1,0,0,1,0,0.67,0.00,0.67,0.67,0.67,Matches,Copa del Rey,2024-2025
dbde9724,Francisco Geraldes,pt POR,FW,29,3,1,111,1.2,0,0,0,0,0,0,0,0,0.00,0.00,0.00,0.00,0.00,Matches,Copa del Rey,2024-2025
be6faae0,Álvaro Aceves,es ESP,GK,21,2,0,60,0.7,0,0,0,0,0,0,0,0,0.00,0.00,0.00,0.00,0.00,Matches,Copa del Rey,2024-2025
3d034807,Sixtus Ogbuehi,ng NGA,FW,21,6,0,29,0.3,0,0,0,0,0,0,0,0,0.00,0.00,0.00,0.00,0.00,Matches,Copa del Rey,2024-2025
29e22453,Sergio Cantó,es ESP,MF,19,0,0,,,,,,,,,,,,,,,,Matches,Copa del Rey,2024-2025
cb1580aa,Derick,br BRA,"DF,MF",30,0,0,,,,,,,,,,,,,,,,Matches,Copa del Rey,2024-2025
e8c8772c,Alejandro Iniesta,es ESP,DF,20,0,0,,,,,,,,,,,,,,,,Matches,Copa del Rey,2024-2025
c52fcb7f,Naranjo,,GK,,0,0,,,,,,,,,,,,,,,,Matches,Copa del Rey,2024-2025
8f8c6934,David Soria,es ESP,GK,31,38,38,"3,420",38.0,0,0,0,0,0,0,2,0,0.00,0.00,0.00,0.00,0.00,Matches,Copa del Rey,2024-2025
bb08bce9,Omar Alderete,py PAR,DF,27,34,34,"2,971",33.0,1,0,1,1,0,0,8,0,0.03,0.00,0.03,0.03,0.03,Matches,Copa del Rey,2024-2025
974322dc,Iglesias,es ESP,"DF,MF",26,37,32,"2,888",32.1,0,1,1,0,0,0,4,0,0.00,0.03,0.03,0.00,0.03,Matches,Copa del Rey,2024-2025
19c36442,Luis Milla,es ESP,MF,29,33,32,"2,875",31.9,1,4,5,0,1,1,6,0,0.03,0.13,0.16,0.00,0.13,Matches,Copa del Rey,2024-2025
d9ba39fc,Diego Rico,es ESP,DF,31,33,32,"2,819",31.3,0,3,3,0,0,0,9,1,0.00,0.10,0.10,0.00,0.10,Matches,Copa del Rey,2024-2025
58afe001,Mauro Arambarri,uy URU,MF,28,35,31,"2,661",29.6,10,0,10,7,3,3,10,0,0.34,0.00,0.34,0.24,0.24,Matches,Copa del Rey,2024-2025
a4971d84,Djené,tg TOG,"DF,MF",32,31,31,"2,548",28.3,0,0,0,0,0,0,10,1,0.00,0.00,0.00,0.00,0.00,Matches,Copa del Rey,2024-2025
87941696,Christantus Uche,ng NGA,"FW,MF",21,33,30,"2,486",27.6,4,6,10,4,0,0,8,2,0.14,0.22,0.36,0.14,0.36,Matches,Copa del Rey,2024-2025
93090f69,Domingos Duarte,pt POR,DF,29,22,21,"1,859",20.7,1,0,1,1,0,0,4,2,0.05,0.00,0.05,0.05,0.05,Matches,Copa del Rey,2024-2025
a8f21b9f,Carles Pérez,es ESP,MF,26,27,15,"1,431",15.9,3,0,3,3,0,0,2,0,0.19,0.00,0.19,0.19,0.19,Matches,Copa del Rey,2024-2025
f36016a5,Ramón Terrats,es ESP,"MF,FW",23,15,15,"1,219",13.5,4,1,5,4,0,0,1,0,0.30,0.07,0.37,0.30,0.37,Matches,Copa del Rey,2024-2025
7410d325,Bertuğ Yıldırım,tr TUR,FW,22,22,14,"1,083",12.0,1,0,1,1,0,0,7,0,0.08,0.00,0.08,0.08,0.08,Matches,Copa del Rey,2024-2025
5fa714d5,Alex Sola,es ESP,MF,25,19,13,"1,029",11.4,0,1,1,0,0,0,4,0,0.00,0.09,0.09,0.00,0.09,Matches,Copa del Rey,2024-2025
0b3358f0,Coba da Costa,es ESP,MF,22,19,12,"1,006",11.2,1,1,2,1,0,0,4,0,0.09,0.09,0.18,0.09,0.18,Matches,Copa del Rey,2024-2025
377ef3a6,Juan Berrocal,es ESP,DF,25,19,11,"1,063",11.8,0,0,0,0,0,0,8,1,0.00,0.00,0.00,0.00,0.00,Matches,Copa del Rey,2024-2025
97572117,Allan Nyom,cm CMR,"MF,DF",36,20,10,887,9.9,1,2,3,1,0,0,4,0,0.10,0.20,0.30,0.10,0.30,Matches,Copa del Rey,2024-2025
433dc9a2,Juan Bernat,es ESP,MF,31,14,9,699,7.8,0,1,1,0,0,0,0,0,0.00,0.13,0.13,0.00,0.13,Matches,Copa del Rey,2024-2025
84399660,Juanmi,es ESP,FW,31,13,8,696,7.7,0,0,0,0,0,0,2,0,0.00,0.00,0.00,0.00,0.00,Matches,Copa del Rey,2024-2025
64e8ed6d,Borja Mayoral,es ESP,FW,27,24,7,"1,114",12.4,5,1,6,4,1,1,0,0,0.40,0.08,0.48,0.32,0.40,Matches,Copa del Rey,2024-2025
49a6ecbb,Álvaro Rodríguez,uy URU,FW,20,22,7,852,9.5,2,0,2,2,0,0,6,0,0.21,0.00,0.21,0.21,0.21,Matches,Copa del Rey,2024-2025
6c811eb7,Carles Aleñá,es ESP,MF,26,10,5,452,5.0,0,0,0,0,0,0,1,0,0.00,0.00,0.00,0.00,0.00,Matches,Copa del Rey,2024-2025
bc49fd34,Yellu Santiago,es ESP,MF,20,19,4,372,4.1,0,0,0,0,0,0,5,0,0.00,0.00,0.00,0.00,0.00,Matches,Copa del Rey,2024-2025
cadfa7d1,Nabil Aberdin,fr FRA,MF,21,7,4,263,2.9,0,0,0,0,0,0,1,0,0.00,0.00,0.00,0.00,0.00,Matches,Copa del Rey,2024-2025
1ccd3dae,Peter González,do DOM,MF,22,17,2,477,5.3,0,0,0,0,0,0,1,0,0.00,0.00,0.00,0.00,0.00,Matches,Copa del Rey,2024-2025
154b6735,Abdoulaye Keita,es ESP,MF,21,3,1,95,1.1,0,0,0,0,0,0,0,0,0.00,0.00,0.00,0.00,0.00,Matches,Copa del Rey,2024-2025
e42c0f53,Ismael Bekhoucha,ma MAR,DF,19,5,0,69,0.8,0,0,0,0,0,0,2,0,0.00,0.00,0.00,0.00,0.00,Matches,Copa del Rey,2024-2025
36286814,Alberto Risco,es ESP,MF,18,5,0,69,0.8,0,0,0,0,0,0,0,0,0.00,0.00,0.00,0.00,0.00,Matches,Copa del Rey,2024-2025
fd01216a,John Joe,ie IRL,MF,20,4,0,48,0.5,0,0,0,0,0,0,1,0,0.00,0.00,0.00,0.00,0.00,Matches,Copa del Rey,2024-2025
f1124008,Gorka Rivera Alonso,es ESP,DF,19,1,0,20,0.2,0,0,0,0,0,0,0,0,0.00,0.00,0.00,0.00,0.00,Matches,Copa del Rey,2024-2025
a1b81f14,David Argüelles,es ESP,DF,22,1,0,7,0.1,0,0,0,0,0,0,0,0,0.00,0.00,0.00,0.00,0.00,Matches,Copa del Rey,2024-2025
0d7be8b0,Jorge Benito,es ESP,GK,18,0,0,,,,,,,,,,,,,,,,Matches,Copa del Rey,2024-2025
26747aa3,Guillem Cortiñas,es ESP,DF,21,0,0,,,,,,,,,,,,,,,,Matches,Copa del Rey,2024-2025
43c76aef,Martin Cuellar,es ESP,,17,0,0,,,,,,,,,,,,,,,,Matches,Copa del Rey,2024-2025
01560718,Diego Ferrer,es ESP,GK,17,0,0,,,,,,,,,,,,,,,,Matches,Copa del Rey,2024-2025
4a27412a,Jiří Letáček,,GK,25,0,0,,,,,,,,,,,,,,,,Matches,Copa del Rey,2024-2025
1b1fff23,Luca Lohr,es ESP,DF,21,0,0,,,,,,,,,,,,,,,,Matches,Copa del Rey,2024-2025
23500c0a,Djordjije Medenica,es ESP,GK,17,0,0,,,,,,,,,,,,,,,,Matches,Copa del Rey,2024-2025
fe2eed00,Yago Cantero,es ESP,DF,24,2,2,180,2.0,0,0,0,0,0,0,0,0,0.00,0.00,0.00,0.00,0.00,Matches,Copa del Rey,2024-2025
f501b469,Carlos Hernández,es ESP,DF,33,2,2,180,2.0,0,0,0,0,0,0,1,0,0.00,0.00,0.00,0.00,0.00,Matches,Copa del Rey,2024-2025
57a6fd07,Jamelli,es ESP,MF,30,2,2,165,1.8,1,1,2,1,0,0,0,0,0.55,0.55,1.09,0.55,1.09,Matches,Copa del Rey,2024-2025
060a66fb,Dani Aquino,es ESP,FW,34,2,2,151,1.7,1,0,1,1,0,0,0,0,0.60,0.00,0.60,0.60,0.60,Matches,Copa del Rey,2024-2025
ff3a5ba6,Víctor Corral,es ESP,MF,22,2,2,151,1.7,0,0,0,0,0,0,1,0,0.00,0.00,0.00,0.00,0.00,Matches,Copa del Rey,2024-2025
0844310c,Aisar Ahmed,es ESP,DF,23,2,1,119,1.3,0,0,0,0,0,0,0,0,0.00,0.00,0.00,0.00,0.00,Matches,Copa del Rey,2024-2025
8ee80948,Martín Bellotti,ar ARG,MF,22,2,1,101,1.1,0,0,0,0,0,0,0,0,0.00,0.00,0.00,0.00,0.00,Matches,Copa del Rey,2024-2025
e7d2a50b,Fran Delgado,es ESP,DF,23,1,1,90,1.0,0,0,0,0,0,0,0,0,0.00,0.00,0.00,0.00,0.00,Matches,Copa del Rey,2024-2025
2ac86084,Jacobo Guzmán,es ESP,DF,22,1,1,90,1.0,0,0,0,0,0,0,0,0,0.00,0.00,0.00,0.00,0.00,Matches,Copa del Rey,2024-2025
bfa29677,Pedro López,es ESP,GK,29,1,1,90,1.0,0,0,0,0,0,0,0,0,0.00,0.00,0.00,0.00,0.00,Matches,Copa del Rey,2024-2025
70a6ce32,Redru,es ESP,DF,27,1,1,90,1.0,1,0,1,1,0,0,0,0,1.00,0.00,1.00,1.00,1.00,Matches,Copa del Rey,2024-2025
9353561a,Vallejo,es ESP,GK,29,1,1,90,1.0,0,0,0,0,0,0,0,0,0.00,0.00,0.00,0.00,0.00,Matches,Copa del Rey,2024-2025
a17980fa,Taufek Bayoud Mohamed,es ESP,FW,23,2,1,79,0.9,0,0,0,0,0,0,0,0,0.00,0.00,0.00,0.00,0.00,Matches,Copa del Rey,2024-2025
9c449404,Andy Escudero,es ESP,MF,25,1,1,72,0.8,0,1,1,0,0,0,0,0,0.00,1.25,1.25,0.00,1.25,Matches,Copa del Rey,2024-2025
74b4c08a,Jota López,es ESP,MF,21,1,1,72,0.8,0,0,0,0,0,0,0,0,0.00,0.00,0.00,0.00,0.00,Matches,Copa del Rey,2024-2025
d2ed99b4,Alejandro Blesa,es ESP,MF,22,2,1,68,0.8,0,0,0,0,0,0,0,0,0.00,0.00,0.00,0.00,0.00,Matches,Copa del Rey,2024-2025
a7187e71,Cristian Rodríguez,es ESP,FW,28,1,1,64,0.7,0,0,0,0,0,0,0,0,0.00,0.00,0.00,0.00,0.00,Matches,Copa del Rey,2024-2025
418c3221,Sofiane El Ftouhi,fr FRA,FW,23,2,0,44,0.5,0,0,0,0,0,0,0,0,0.00,0.00,0.00,0.00,0.00,Matches,Copa del Rey,2024-2025
0ee26360,Agüero,es ESP,FW,28,1,0,29,0.3,0,0,0,0,0,0,0,0,0.00,0.00,0.00,0.00,0.00,Matches,Copa del Rey,2024-2025
5200dce9,Rodri,es ESP,FW,34,1,0,29,0.3,0,0,0,0,0,0,0,0,0.00,0.00,0.00,0.00,0.00,Matches,Copa del Rey,2024-2025
91ebc82f,Bless Udom Aniekan,ng NGA,MF,21,1,0,18,0.2,0,0,0,0,0,0,0,0,0.00,0.00,0.00,0.00,0.00,Matches,Copa del Rey,2024-2025
bc08c87c,Lolo González,es ESP,MF,33,1,0,8,0.1,0,0,0,0,0,0,1,0,0.00,0.00,0.00,0.00,0.00,Matches,Copa del Rey,2024-2025
58725a7b,Darío Lozano,es ESP,DF,20,0,0,,,,,,,,,,,,,,,,Matches,Copa del Rey,2024-2025
1ba96fea,David Ramos,es ESP,MF,26,0,0,,,,,,,,,,,,,,,,Matches,Copa del Rey,2024-2025
63d17038,Paulo Gazzaniga,ar ARG,GK,32,36,36,"3,195",35.5,0,0,0,0,0,0,4,0,0.00,0.00,0.00,0.00,0.00,Matches,Copa del Rey,2024-2025
691bef82,Daley Blind,nl NED,DF,34,34,31,"2,780",30.9,0,2,2,0,0,0,2,0,0.00,0.06,0.06,0.00,0.06,Matches,Copa del Rey,2024-2025
c3e66ffe,Arnau Martinez,es ESP,"DF,MF",21,32,30,"2,624",29.2,2,2,4,2,0,0,3,0,0.07,0.07,0.14,0.07,0.14,Matches,Copa del Rey,2024-2025
7e98cff1,Miguel Gutiérrez,es ESP,"DF,MF",23,29,29,"2,458",27.3,1,5,6,1,0,0,4,0,0.04,0.18,0.22,0.04,0.22,Matches,Copa del Rey,2024-2025
5b5c2228,Ladislav Krejčí,cz CZE,DF,25,28,27,"2,440",27.1,2,0,2,2,0,0,9,0,0.07,0.00,0.07,0.07,0.07,Matches,Copa del Rey,2024-2025
f03f284b,David López,es ESP,DF,34,29,27,"2,429",27.0,1,1,2,1,0,0,4,0,0.04,0.04,0.07,0.04,0.07,Matches,Copa del Rey,2024-2025
5083a734,Yangel Herrera,ve VEN,MF,26,29,27,"2,257",25.1,4,3,7,4,0,0,10,1,0.16,0.12,0.28,0.16,0.28,Matches,Copa del Rey,2024-2025
ae48c5cb,Iván Martín,es ESP,MF,25,32,24,"2,039",22.7,1,1,2,1,0,0,1,0,0.04,0.04,0.09,0.04,0.09,Matches,Copa del Rey,2024-2025
f7e87032,Viktor Tsyhankov,ua UKR,"MF,FW",26,27,23,"1,913",21.3,2,5,7,2,0,0,1,0,0.09,0.24,0.33,0.09,0.33,Matches,Copa del Rey,2024-2025
7b5ab7f2,Bryan Gil,es ESP,"MF,FW",23,25,21,"1,721",19.1,3,3,6,3,0,0,4,0,0.16,0.16,0.31,0.16,0.31,Matches,Copa del Rey,2024-2025
4b511457,Oriol Romeu,es ESP,MF,32,25,17,"1,356",15.1,0,0,0,0,0,0,5,0,0.00,0.00,0.00,0.00,0.00,Matches,Copa del Rey,2024-2025
6cbf8d0d,Abel Ruiz,es ESP,FW,24,23,17,"1,346",15.0,4,0,4,3,1,2,3,0,0.27,0.00,0.27,0.20,0.20,Matches,Copa del Rey,2024-2025
50dc94ce,Donny van de Beek,nl NED,MF,27,26,16,"1,421",15.8,2,2,4,2,0,0,5,0,0.13,0.13,0.25,0.13,0.25,Matches,Copa del Rey,2024-2025
d139daf9,Yaser Asprilla,co COL,"MF,FW",20,27,15,"1,405",15.6,3,1,4,3,0,0,2,0,0.19,0.06,0.26,0.19,0.26,Matches,Copa del Rey,2024-2025
f08490a6,Arnaut Danjuma,nl NED,"MF,FW",27,25,15,"1,335",14.8,2,0,2,2,0,0,2,0,0.13,0.00,0.13,0.13,0.13,Matches,Copa del Rey,2024-2025
3e78a188,Alejandro Francés,es ESP,DF,21,18,13,"1,173",13.0,0,0,0,0,0,0,2,0,0.00,0.00,0.00,0.00,0.00,Matches,Copa del Rey,2024-2025
72e442c5,Bojan Miovski,mk MKD,FW,25,17,12,869,9.7,2,1,3,2,0,0,0,0,0.21,0.10,0.31,0.21,0.31,Matches,Copa del Rey,2024-2025
48b3dd60,Arthur Melo,br BRA,MF,27,15,10,941,10.5,0,0,0,0,0,0,2,0,0.00,0.00,0.00,0.00,0.00,Matches,Copa del Rey,2024-2025
1633fc8a,Juanpe,es ESP,DF,33,12,8,727,8.1,0,0,0,0,0,0,2,0,0.00,0.00,0.00,0.00,0.00,Matches,Copa del Rey,2024-2025
220c11f1,Cristhian Stuani,uy URU,FW,37,32,6,"1,078",12.0,11,2,13,8,3,3,4,0,0.92,0.17,1.09,0.67,0.83,Matches,Copa del Rey,2024-2025
1bda5842,Portu,es ESP,"FW,MF",32,27,6,779,8.7,1,2,3,1,0,0,4,0,0.12,0.23,0.35,0.12,0.35,Matches,Copa del Rey,2024-2025
1282939a,Jhon Solis,co COL,MF,19,19,3,535,5.9,1,0,1,1,0,0,3,0,0.17,0.00,0.17,0.17,0.17,Matches,Copa del Rey,2024-2025
66daeaf7,Vladyslav Krapyvtsov,ua UKR,GK,19,2,2,180,2.0,0,0,0,0,0,0,0,0,0.00,0.00,0.00,0.00,0.00,Matches,Copa del Rey,2024-2025
b793dea2,Silvi Clúa,es ESP,MF,19,4,2,163,1.8,0,0,0,0,0,0,0,0,0.00,0.00,0.00,0.00,0.00,Matches,Copa del Rey,2024-2025
349a7574,Gabriel Osei Misehouy,nl NED,FW,19,9,1,257,2.9,1,0,1,1,0,0,0,0,0.35,0.00,0.35,0.35,0.35,Matches,Copa del Rey,2024-2025
0b32f721,Iker Almena,es ESP,MF,20,2,0,48,0.5,0,1,1,0,0,0,0,0,0.00,1.87,1.87,0.00,1.87,Matches,Copa del Rey,2024-2025
e0b0f636,Papa Ba,es ESP,FW,19,1,0,48,0.5,0,0,0,0,0,0,0,0,0.00,0.00,0.00,0.00,0.00,Matches,Copa del Rey,2024-2025
20b9f052,Pau López,es ESP,GK,29,1,0,45,0.5,0,0,0,0,0,0,0,0,0.00,0.00,0.00,0.00,0.00,Matches,Copa del Rey,2024-2025
11e36e68,Kim Minsu,kr KOR,FW,18,3,0,22,0.2,0,0,0,0,0,0,0,0,0.00,0.00,0.00,0.00,0.00,Matches,Copa del Rey,2024-2025
4e4b8e97,Ferrán Ruiz,es ESP,DF,21,1,0,18,0.2,0,0,0,0,0,0,0,0,0.00,0.00,0.00,0.00,0.00,Matches,Copa del Rey,2024-2025
688b96e3,Juan Carlos,es ESP,GK,36,0,0,,0.0,0,0,0,0,0,0,0,1,,,,,,Matches,Copa del Rey,2024-2025
63199c01,Aleksandar Andreev,bg BUL,GK,18,0,0,,,,,,,,,,,,,,,,Matches,Copa del Rey,2024-2025
5d133e96,Ricard Artero,es ESP,MF,21,0,0,,,,,,,,,,,,,,,,Matches,Copa del Rey,2024-2025
89b1ce31,Dawda Camara,mr MTN,FW,21,0,0,,,,,,,,,,,,,,,,Matches,Copa del Rey,2024-2025
66fa4998,Enric García,es ESP,MF,18,0,0,,,,,,,,,,,,,,,,Matches,Copa del Rey,2024-2025
0302f7b4,Jastin García,es ESP,FW,20,0,0,,,,,,,,,,,,,,,,Matches,Copa del Rey,2024-2025
4cc30994,Lucas García,es ESP,GK,20,0,0,,,,,,,,,,,,,,,,Matches,Copa del Rey,2024-2025
e7b9ba0d,Raúl Martínez,es ESP,MF,22,0,0,,,,,,,,,,,,,,,,Matches,Copa del Rey,2024-2025
5f21b94c,Joel Roca,es ESP,FW,19,0,0,,,,,,,,,,,,,,,,Matches,Copa del Rey,2024-2025
636eae97,Toni Villa,es ESP,MF,29,0,0,,,,,,,,,,,,,,,,Matches,Copa del Rey,2024-2025
cd59a7e6,Antal Yaakobishvili,hu HUN,DF,20,0,0,,,,,,,,,,,,,,,,Matches,Copa del Rey,2024-2025
5dfc082c,Marcos Asensio,es ESP,DF,23,3,3,270,3.0,0,0,0,0,0,0,1,0,0.00,0.00,0.00,0.00,0.00,Matches,Copa del Rey,2024-2025
4806d40e,Aitor Puñal,es ESP,"DF,MF",25,3,3,270,3.0,0,0,0,0,0,0,2,0,0.00,0.00,0.00,0.00,0.00,Matches,Copa del Rey,2024-2025
10046b26,Alberto Soto,es ESP,"MF,FW",23,3,3,250,2.8,1,0,1,1,0,0,0,0,0.36,0.00,0.36,0.36,0.36,Matches,Copa del Rey,2024-2025
2284c43e,Javi Duarte,es ESP,"MF,DF",26,3,3,226,2.5,0,0,0,0,0,0,0,0,0.00,0.00,0.00,0.00,0.00,Matches,Copa del Rey,2024-2025
78841da9,José Callejón,es ESP,FW,37,3,2,200,2.2,0,0,0,0,0,0,1,0,0.00,0.00,0.00,0.00,0.00,Matches,Copa del Rey,2024-2025
ba562fb8,Genar Fornés,es ESP,DF,24,3,2,199,2.2,0,0,0,0,0,0,0,0,0.00,0.00,0.00,0.00,0.00,Matches,Copa del Rey,2024-2025
5c2e3f94,José Manuel Carrasco Correa,es ESP,DF,36,2,2,180,2.0,0,0,0,0,0,0,2,0,0.00,0.00,0.00,0.00,0.00,Matches,Copa del Rey,2024-2025
3eaa46c4,Alberto Lejárraga Rubio,es ESP,GK,29,2,2,180,2.0,0,0,0,0,0,0,0,0,0.00,0.00,0.00,0.00,0.00,Matches,Copa del Rey,2024-2025
4fd4354c,Dorian Hanza,gq EQG,"MF,FW",23,3,2,166,1.8,1,0,1,1,0,0,0,0,0.54,0.00,0.54,0.54,0.54,Matches,Copa del Rey,2024-2025
35e24ebd,Ernest Ohemeng,gh GHA,MF,28,2,2,159,1.8,0,1,1,0,0,0,0,0,0.00,0.57,0.57,0.00,0.57,Matches,Copa del Rey,2024-2025
b45088da,Du Yuezheng,cn CHN,FW,18,3,2,142,1.6,0,0,0,0,0,0,1,0,0.00,0.00,0.00,0.00,0.00,Matches,Copa del Rey,2024-2025
430696d1,Íñigo,es ESP,"MF,FW",30,2,2,118,1.3,0,0,0,0,0,0,1,0,0.00,0.00,0.00,0.00,0.00,Matches,Copa del Rey,2024-2025
30901e65,Yacouba Diori,ne NIG,DF,26,2,1,94,1.0,0,0,0,0,0,0,0,0,0.00,0.00,0.00,0.00,0.00,Matches,Copa del Rey,2024-2025
d3e51b43,Luis Acosta Mena,es ESP,MF,30,2,1,90,1.0,0,0,0,0,0,0,0,0,0.00,0.00,0.00,0.00,0.00,Matches,Copa del Rey,2024-2025
788be7f9,Jony Álamo,es ESP,MF,22,1,1,90,1.0,0,1,1,0,0,0,0,0,0.00,1.00,1.00,0.00,1.00,Matches,Copa del Rey,2024-2025
4286653d,Daniel Martin,es ESP,GK,18,1,1,90,1.0,0,0,0,0,0,0,0,0,0.00,0.00,0.00,0.00,0.00,Matches,Copa del Rey,2024-2025
63eb4b71,Jean-Aniel Assi,ca CAN,DF,20,1,1,52,0.6,0,0,0,0,0,0,0,0,0.00,0.00,0.00,0.00,0.00,Matches,Copa del Rey,2024-2025
736c14ec,Marcos Peña,es ESP,MF,19,3,0,82,0.9,0,0,0,0,0,0,0,0,0.00,0.00,0.00,0.00,0.00,Matches,Copa del Rey,2024-2025
6a374da4,Jorge Álvarez,es ESP,DF,25,3,0,70,0.8,1,0,1,1,0,0,0,0,1.29,0.00,1.29,1.29,1.29,Matches,Copa del Rey,2024-2025
44e8521b,Pablo Muñoz,es ESP,MF,20,1,0,21,0.2,0,0,0,0,0,0,0,0,0.00,0.00,0.00,0.00,0.00,Matches,Copa del Rey,2024-2025
3791c2c6,Ryan Edwards,au AUS,MF,30,1,0,20,0.2,0,0,0,0,0,0,0,0,0.00,0.00,0.00,0.00,0.00,Matches,Copa del Rey,2024-2025
4242011c,Bernardo Espinosa,co COL,DF,35,1,0,1,0.0,0,0,0,0,0,0,0,0,0.00,0.00,0.00,0.00,0.00,Matches,Copa del Rey,2024-2025
32e80dbb,Yeray Lancha,es ESP,FW,20,0,0,,,,,,,,,,,,,,,,Matches,Copa del Rey,2024-2025
9566982f,Daniel Solsky,au AUS,GK,21,0,0,,,,,,,,,,,,,,,,Matches,Copa del Rey,2024-2025
59a18d86,Alex Altube,es ESP,FW,27,1,1,90,1.0,0,0,0,0,0,0,0,0,0.00,0.00,0.00,0.00,0.00,Matches,Copa del Rey,2024-2025
faae36af,Barreda,es ESP,DF,35,1,1,90,1.0,0,0,0,0,0,0,0,0,0.00,0.00,0.00,0.00,0.00,Matches,Copa del Rey,2024-2025
c2e253f0,Ruben Cebollada,es ESP,GK,22,1,1,90,1.0,0,0,0,0,0,0,0,0,0.00,0.00,0.00,0.00,0.00,Matches,Copa del Rey,2024-2025
b6be6142,Juan Carlos Menudo Domínguez,es ESP,MF,33,1,1,90,1.0,0,0,0,0,0,0,0,0,0.00,0.00,0.00,0.00,0.00,Matches,Copa del Rey,2024-2025
6d38881f,Adri Escudero,es ESP,DF,25,1,1,90,1.0,0,0,0,0,0,0,1,0,0.00,0.00,0.00,0.00,0.00,Matches,Copa del Rey,2024-2025
de754e74,Toni Jou,es ESP,MF,28,1,1,90,1.0,0,0,0,0,0,0,0,0,0.00,0.00,0.00,0.00,0.00,Matches,Copa del Rey,2024-2025
359c8885,Roberto Moreno,es ESP,MF,26,1,1,90,1.0,0,0,0,0,0,0,0,0,0.00,0.00,0.00,0.00,0.00,Matches,Copa del Rey,2024-2025
9f5ade30,Dan Ojog,md MDA,DF,29,1,1,90,1.0,0,0,0,0,0,0,1,0,0.00,0.00,0.00,0.00,0.00,Matches,Copa del Rey,2024-2025
1f828e72,Armiche Ortega,es ESP,FW,36,1,1,90,1.0,0,0,0,0,0,0,0,0,0.00,0.00,0.00,0.00,0.00,Matches,Copa del Rey,2024-2025
00b06c28,Ayoze Placeres,es ESP,DF,33,1,1,90,1.0,0,0,0,0,0,0,1,0,0.00,0.00,0.00,0.00,0.00,Matches,Copa del Rey,2024-2025
e75cf11d,Diego Gutiérrez,es ESP,MF,23,1,1,84,0.9,0,0,0,0,0,0,0,0,0.00,0.00,0.00,0.00,0.00,Matches,Copa del Rey,2024-2025
f9ce2007,Asier Etxaburu,es ESP,MF,30,1,0,6,0.1,0,0,0,0,0,0,0,0,0.00,0.00,0.00,0.00,0.00,Matches,Copa del Rey,2024-2025
d4a3f67b,José Perales,es ESP,GK,31,0,0,,,,,,,,,,,,,,,,Matches,Copa del Rey,2024-2025
bd933678,Jose Cano,es ESP,FW,22,1,1,90,1.0,0,0,0,0,0,0,0,0,0.00,0.00,0.00,0.00,0.00,Matches,Copa del Rey,2024-2025
5a9c1eeb,Luis Enrique Méndez,py PAR,DF,27,1,1,90,1.0,0,0,0,0,0,0,0,0,0.00,0.00,0.00,0.00,0.00,Matches,Copa del Rey,2024-2025
b8a3598f,David Gómez,es ESP,DF,30,1,1,90,1.0,0,0,0,0,0,0,0,0,0.00,0.00,0.00,0.00,0.00,Matches,Copa del Rey,2024-2025
b1695b24,Alex Herrero,,GK,,1,1,90,1.0,0,0,0,0,0,0,0,0,0.00,0.00,0.00,0.00,0.00,Matches,Copa del Rey,2024-2025
e91237f5,Luis Meseguer,gq EQG,DF,24,1,1,90,1.0,0,0,0,0,0,0,0,0,0.00,0.00,0.00,0.00,0.00,Matches,Copa del Rey,2024-2025
54dd6239,Alberto Moreno,es ESP,DF,22,1,1,90,1.0,0,0,0,0,0,0,0,0,0.00,0.00,0.00,0.00,0.00,Matches,Copa del Rey,2024-2025
dc5a95c1,Losada,es ESP,MF,24,1,1,83,0.9,0,0,0,0,0,0,0,0,0.00,0.00,0.00,0.00,0.00,Matches,Copa del Rey,2024-2025
ac335fed,Iván Quivira,es ESP,MF,24,1,1,74,0.8,0,0,0,0,0,0,0,0,0.00,0.00,0.00,0.00,0.00,Matches,Copa del Rey,2024-2025
e1d3bcfd,Santiago Lagreca,uy URU,FW,23,1,1,58,0.6,0,0,0,0,0,0,0,0,0.00,0.00,0.00,0.00,0.00,Matches,Copa del Rey,2024-2025
6d855cd4,Borja Pascual,es ESP,MF,28,1,1,58,0.6,0,0,0,0,0,0,0,0,0.00,0.00,0.00,0.00,0.00,Matches,Copa del Rey,2024-2025
6f0b2ab5,Victor Velasco,es ESP,MF,29,1,1,45,0.5,0,0,0,0,0,0,0,0,0.00,0.00,0.00,0.00,0.00,Matches,Copa del Rey,2024-2025
3073ac08,Álvaro Escolano,es ESP,MF,22,1,0,45,0.5,0,0,0,0,0,0,1,0,0.00,0.00,0.00,0.00,0.00,Matches,Copa del Rey,2024-2025
beaef429,Juanito,es ESP,FW,23,1,0,32,0.4,0,0,0,0,0,0,0,0,0.00,0.00,0.00,0.00,0.00,Matches,Copa del Rey,2024-2025
0e42ad76,Roberto Sánchez,es ESP,MF,35,1,0,32,0.4,0,0,0,0,0,0,0,0,0.00,0.00,0.00,0.00,0.00,Matches,Copa del Rey,2024-2025
5fc25ba7,Varo,,MF,,1,0,16,0.2,0,0,0,0,0,0,0,0,0.00,0.00,0.00,0.00,0.00,Matches,Copa del Rey,2024-2025
cd78a18a,Javier Bernal,es ESP,DF,29,1,0,7,0.1,0,0,0,0,0,0,0,0,0.00,0.00,0.00,0.00,0.00,Matches,Copa del Rey,2024-2025
7b91dfb2,Kevin Diouf,es ESP,MF,20,0,0,,,,,,,,,,,,,,,,Matches,Copa del Rey,2024-2025
0292ba0c,Pablo Fuertes,es ESP,GK,21,0,0,,,,,,,,,,,,,,,,Matches,Copa del Rey,2024-2025
55cae7e8,Izan García,es ESP,DF,19,0,0,,,,,,,,,,,,,,,,Matches,Copa del Rey,2024-2025
365b4b2a,Alexander Maes,be BEL,MF,32,0,0,,,,,,,,,,,,,,,,Matches,Copa del Rey,2024-2025
0db9b945,Brayan Mejía,co COL,DF,24,0,0,,,,,,,,,,,,,,,,Matches,Copa del Rey,2024-2025
44772a3e,Hugo Molina,,DF,,0,0,,,,,,,,,,,,,,,,Matches,Copa del Rey,2024-2025
de9bccf3,Ander Cantero,es ESP,GK,29,42,42,"3,780",42.0,0,0,0,0,0,0,0,0,0.00,0.00,0.00,0.00,0.00,Matches,Copa del Rey,2024-2025
42547afa,Aitor Córdoba,es ESP,DF,29,41,41,"3,638",40.4,1,1,2,1,0,0,7,0,0.02,0.02,0.05,0.02,0.05,Matches,Copa del Rey,2024-2025
b66d1d8a,Florian Miguel,fr FRA,DF,27,39,38,"3,175",35.3,0,1,1,0,0,0,8,0,0.00,0.03,0.03,0.00,0.03,Matches,Copa del Rey,2024-2025
12eda7be,Miguel Atienza,es ESP,MF,25,39,37,"3,121",34.7,0,0,0,0,0,0,11,0,0.00,0.00,0.00,0.00,0.00,Matches,Copa del Rey,2024-2025
640b4170,Álex Sancris,es ESP,MF,27,36,33,"2,915",32.4,7,11,18,5,2,3,10,0,0.22,0.34,0.56,0.15,0.49,Matches,Copa del Rey,2024-2025
f9a225f5,Curro,es ESP,"MF,FW",28,35,33,"2,846",31.6,6,1,7,4,2,5,6,0,0.19,0.03,0.22,0.13,0.16,Matches,Copa del Rey,2024-2025
4bd451cb,Anderson Arroyo,co COL,DF,24,36,30,"2,691",29.9,0,1,1,0,0,0,6,0,0.00,0.03,0.03,0.00,0.03,Matches,Copa del Rey,2024-2025
81d5c497,Fernando Niño,es ESP,FW,23,41,25,"2,345",26.1,10,2,12,10,0,0,8,0,0.38,0.08,0.46,0.38,0.46,Matches,Copa del Rey,2024-2025
f1019e8a,Iván Morante,es ESP,MF,23,34,22,"2,046",22.7,0,1,1,0,0,0,6,0,0.00,0.04,0.04,0.00,0.04,Matches,Copa del Rey,2024-2025
872befe6,Eduardo Espiau,es ESP,FW,29,41,20,"1,916",21.3,3,0,3,3,0,0,5,0,0.14,0.00,0.14,0.14,0.14,Matches,Copa del Rey,2024-2025
375a669e,Dani Ojeda,es ESP,MF,29,36,20,"1,526",17.0,1,1,2,1,0,0,5,0,0.06,0.06,0.12,0.06,0.12,Matches,Copa del Rey,2024-2025
2710e38b,Grego Sierra,es ESP,DF,31,18,18,"1,617",18.0,0,0,0,0,0,0,4,1,0.00,0.00,0.00,0.00,0.00,Matches,Copa del Rey,2024-2025
49ea92be,Iñigo Córdoba,es ESP,"MF,DF",27,32,16,"1,640",18.2,3,5,8,3,0,0,5,0,0.16,0.27,0.44,0.16,0.44,Matches,Copa del Rey,2024-2025
0924357d,David López,es ESP,DF,21,17,16,"1,407",15.6,1,1,2,1,0,0,3,0,0.06,0.06,0.13,0.06,0.13,Matches,Copa del Rey,2024-2025
10f1cd17,Pipa,es ESP,DF,26,26,13,"1,214",13.5,0,1,1,0,0,0,4,0,0.00,0.07,0.07,0.00,0.07,Matches,Copa del Rey,2024-2025
5080d655,David González,es ESP,"MF,FW",22,29,10,"1,043",11.6,2,2,4,1,1,1,2,0,0.17,0.17,0.35,0.09,0.26,Matches,Copa del Rey,2024-2025
01cab116,Borja Sánchez Laborde,es ESP,MF,28,31,9,"1,039",11.5,4,1,5,4,0,0,5,1,0.35,0.09,0.43,0.35,0.43,Matches,Copa del Rey,2024-2025
2602181a,Marcelo Jiménez,es ESP,MF,21,19,9,782,8.7,2,0,2,2,0,0,5,0,0.23,0.00,0.23,0.23,0.23,Matches,Copa del Rey,2024-2025
8320fe65,Lisandro López,ar ARG,DF,34,10,8,735,8.2,1,0,1,1,0,0,1,0,0.12,0.00,0.12,0.12,0.12,Matches,Copa del Rey,2024-2025
8fae705a,Kévin Appin,mq MTQ,MF,26,7,6,513,5.7,0,0,0,0,0,0,0,0,0.00,0.00,0.00,0.00,0.00,Matches,Copa del Rey,2024-2025
51e6bc67,Raúl Navarro,es ESP,MF,30,7,4,306,3.4,0,0,0,0,0,0,2,0,0.00,0.00,0.00,0.00,0.00,Matches,Copa del Rey,2024-2025
2f456b86,Rubén Quintanilla,es ESP,MF,22,8,3,336,3.7,0,0,0,0,0,0,0,0,0.00,0.00,0.00,0.00,0.00,Matches,Copa del Rey,2024-2025
8e006f50,Mario Cantero,es ESP,MF,22,12,3,307,3.4,0,0,0,0,0,0,1,0,0.00,0.00,0.00,0.00,0.00,Matches,Copa del Rey,2024-2025
8454d9e7,Ian Forns,es ESP,DF,20,5,2,187,2.1,0,0,0,0,0,0,1,0,0.00,0.00,0.00,0.00,0.00,Matches,Copa del Rey,2024-2025
5475a510,Gabriel Bares,ch SUI,MF,23,4,2,118,1.3,0,0,0,0,0,0,1,0,0.00,0.00,0.00,0.00,0.00,Matches,Copa del Rey,2024-2025
8862695f,Elady Zorrilla,es ESP,MF,34,7,1,142,1.6,0,0,0,0,0,0,1,0,0.00,0.00,0.00,0.00,0.00,Matches,Copa del Rey,2024-2025
15553291,Hugo Pascual,es ESP,DF,18,1,1,90,1.0,0,0,0,0,0,0,0,0,0.00,0.00,0.00,0.00,0.00,Matches,Copa del Rey,2024-2025
6b2c894b,Ghislain Konan,ci CIV,"DF,MF",28,2,0,62,0.7,0,0,0,0,0,0,0,0,0.00,0.00,0.00,0.00,0.00,Matches,Copa del Rey,2024-2025
c969e4b4,Thomas Rodríguez,cl CHI,MF,28,2,0,17,0.2,0,0,0,0,0,0,0,0,0.00,0.00,0.00,0.00,0.00,Matches,Copa del Rey,2024-2025
a64ed0c0,Fernando Mimbacas,uy URU,FW,22,4,0,14,0.2,0,0,0,0,0,0,0,0,0.00,0.00,0.00,0.00,0.00,Matches,Copa del Rey,2024-2025
956ef98d,Georges Nsukula Mazeya,fr FRA,FW,21,1,0,3,0.0,0,0,0,0,0,0,0,0,0.00,0.00,0.00,0.00,0.00,Matches,Copa del Rey,2024-2025
34e38ddf,Loic Badiashile,fr FRA,GK,26,0,0,,,,,,,,,,,,,,,,Matches,Copa del Rey,2024-2025
29a8ca10,Saúl del Cerro,es ESP,MF,20,0,0,,,,,,,,,,,,,,,,Matches,Copa del Rey,2024-2025
4454c7f1,Diego González,es ESP,GK,18,0,0,,,,,,,,,,,,,,,,Matches,Copa del Rey,2024-2025
faeddb22,Oussama El Goumiri,ma MAR,DF,21,0,0,,,,,,,,,,,,,,,,Matches,Copa del Rey,2024-2025
0f26d18a,Luka Lecic,me MNE,MF,19,0,0,,,,,,,,,,,,,,,,Matches,Copa del Rey,2024-2025
8fb4ada1,Javi López,es ESP,MF,23,0,0,,,,,,,,,,,,,,,,Matches,Copa del Rey,2024-2025
e1e75690,Ander Martin,es ESP,MF,23,0,0,,,,,,,,,,,,,,,,Matches,Copa del Rey,2024-2025
26a3c0aa,Nikola Miličić,rs SRB,MF,20,0,0,,,,,,,,,,,,,,,,Matches,Copa del Rey,2024-2025
6d7d1ca7,Marc Monedero,es ESP,GK,19,0,0,,,,,,,,,,,,,,,,Matches,Copa del Rey,2024-2025
37452c75,Tomeu Nadal,es ESP,GK,35,0,0,,,,,,,,,,,,,,,,Matches,Copa del Rey,2024-2025
df5d0156,Hugo Rastrilla,es ESP,DF,18,0,0,,,,,,,,,,,,,,,,Matches,Copa del Rey,2024-2025
38239252,Irian Ribas,es ESP,FW,19,0,0,,,,,,,,,,,,,,,,Matches,Copa del Rey,2024-2025
daa63dcb,Hugo Sedano,,MF,,0,0,,,,,,,,,,,,,,,,Matches,Copa del Rey,2024-2025
028608d9,Manu Barreiro,es ESP,FW,38,1,1,90,1.0,0,0,0,0,0,0,0,0,0.00,0.00,0.00,0.00,0.00,Matches,Copa del Rey,2024-2025
557fcc50,Iago Domínguez,es ESP,GK,22,1,1,90,1.0,0,0,0,0,0,0,0,0,0.00,0.00,0.00,0.00,0.00,Matches,Copa del Rey,2024-2025
e4c1e8af,Jesús Ocaña,es ESP,DF,27,1,1,90,1.0,0,0,0,0,0,0,0,0,0.00,0.00,0.00,0.00,0.00,Matches,Copa del Rey,2024-2025
0e61ab4d,Manu Rivas,es ESP,MF,21,1,1,90,1.0,0,0,0,0,0,0,0,0,0.00,0.00,0.00,0.00,0.00,Matches,Copa del Rey,2024-2025
7460beb4,David Soto Sánchez,es ESP,DF,30,1,1,90,1.0,0,0,0,0,0,0,0,0,0.00,0.00,0.00,0.00,0.00,Matches,Copa del Rey,2024-2025
cda18641,Kike Vidal,es ESP,DF,21,1,1,90,1.0,0,0,0,0,0,0,0,0,0.00,0.00,0.00,0.00,0.00,Matches,Copa del Rey,2024-2025
d18b8659,Fernando Cano,es ESP,MF,29,1,1,72,0.8,0,0,0,0,0,0,0,0,0.00,0.00,0.00,0.00,0.00,Matches,Copa del Rey,2024-2025
ed92b4e0,Dieguito,,MF,,1,1,72,0.8,0,0,0,0,0,0,0,0,0.00,0.00,0.00,0.00,0.00,Matches,Copa del Rey,2024-2025
b7c6e275,Álvaro Casas,es ESP,MF,30,1,1,57,0.6,0,0,0,0,0,0,0,0,0.00,0.00,0.00,0.00,0.00,Matches,Copa del Rey,2024-2025
2cb7bfa5,Roque González,es ESP,DF,22,1,1,57,0.6,0,0,0,0,0,0,0,0,0.00,0.00,0.00,0.00,0.00,Matches,Copa del Rey,2024-2025
064aefbc,Hugo Matos,es ESP,FW,20,1,1,28,0.3,0,0,0,0,0,0,0,0,0.00,0.00,0.00,0.00,0.00,Matches,Copa del Rey,2024-2025
acbe4907,Gonzalo Landeira,,MF,,1,0,62,0.7,0,0,0,0,0,0,1,0,0.00,0.00,0.00,0.00,0.00,Matches,Copa del Rey,2024-2025
fec50aea,Santi de Prado,es ESP,MF,21,1,0,33,0.4,0,0,0,0,0,0,0,0,0.00,0.00,0.00,0.00,0.00,Matches,Copa del Rey,2024-2025
ffe90781,Ransford Selasi,gh GHA,MF,27,1,0,33,0.4,0,0,0,0,0,0,0,0,0.00,0.00,0.00,0.00,0.00,Matches,Copa del Rey,2024-2025
5e26e5c9,Carlos,es ESP,MF,25,1,0,18,0.2,0,0,0,0,0,0,0,0,0.00,0.00,0.00,0.00,0.00,Matches,Copa del Rey,2024-2025
592e8168,Samuel Rodríguez,es ESP,MF,29,1,0,18,0.2,0,0,0,0,0,0,0,0,0.00,0.00,0.00,0.00,0.00,Matches,Copa del Rey,2024-2025
69119424,Giuliano Bertino,ar ARG,FW,23,0,0,,,,,,,,,,,,,,,,Matches,Copa del Rey,2024-2025
b63f7152,Pablo Crespo,es ESP,DF,29,0,0,,,,,,,,,,,,,,,,Matches,Copa del Rey,2024-2025
27ccc439,Óscar Gil,es ESP,FW,23,0,0,,,,,,,,,,,,,,,,Matches,Copa del Rey,2024-2025
55feaa21,Rabanillo,es ESP,GK,28,0,0,,,,,,,,,,,,,,,,Matches,Copa del Rey,2024-2025
bfde1591,Jorge Salamo,es ESP,DF,16,0,0,,,,,,,,,,,,,,,,Matches,Copa del Rey,2024-2025
bb77f4fa,Trasi,es ESP,MF,20,0,0,,,,,,,,,,,,,,,,Matches,Copa del Rey,2024-2025
8ec48fdc,Alejandro Camacho,es ESP,MF,26,1,1,90,1.0,0,0,0,0,0,0,1,0,0.00,0.00,0.00,0.00,0.00,Matches,Copa del Rey,2024-2025
0c0f0c5b,Francisco Castillo,es ESP,MF,27,1,1,90,1.0,0,0,0,0,0,0,0,0,0.00,0.00,0.00,0.00,0.00,Matches,Copa del Rey,2024-2025
8cb30385,Javi Cuenca,es ESP,GK,26,1,1,90,1.0,0,0,0,0,0,0,0,0,0.00,0.00,0.00,0.00,0.00,Matches,Copa del Rey,2024-2025
5d9b7c36,Isma Heredia,es ESP,DF,31,1,1,90,1.0,0,0,0,0,0,0,0,0,0.00,0.00,0.00,0.00,0.00,Matches,Copa del Rey,2024-2025
f882a7c3,Edu López,es ESP,DF,23,1,1,90,1.0,0,0,0,0,0,0,0,0,0.00,0.00,0.00,0.00,0.00,Matches,Copa del Rey,2024-2025
6b5c06f3,Mena,es ESP,MF,27,1,1,90,1.0,0,0,0,0,0,0,0,0,0.00,0.00,0.00,0.00,0.00,Matches,Copa del Rey,2024-2025
c50b97af,Daniel Fernández,es ESP,DF,25,0,0,,,,,,,,,,,,,,,,Matches,Copa del Rey,2024-2025
cd4f4a07,Akito Mukai,jp JPN,FW,25,0,0,,,,,,,,,,,,,,,,Matches,Copa del Rey,2024-2025
1a71f484,Pablo Servetti,uy URU,FW,28,0,0,,,,,,,,,,,,,,,,Matches,Copa del Rey,2024-2025
69986380,Heorhii Tsitaishvili,ge GEO,"MF,FW",23,36,32,"2,569",28.5,7,4,11,7,0,0,6,0,0.25,0.14,0.39,0.25,0.39,Matches,Copa del Rey,2024-2025
56cafd0a,Miguel Ángel Rubio,es ESP,DF,26,30,29,"2,610",29.0,3,1,4,3,0,0,7,0,0.10,0.03,0.14,0.10,0.14,Matches,Copa del Rey,2024-2025
d49f3e6b,Lucas Boyé,ar ARG,FW,28,33,28,"2,588",28.8,10,5,15,7,3,4,3,0,0.35,0.17,0.52,0.24,0.42,Matches,Copa del Rey,2024-2025
1f423a54,Sergio Ruiz,es ESP,MF,29,36,28,"2,455",27.3,0,6,6,0,0,0,5,0,0.00,0.22,0.22,0.00,0.22,Matches,Copa del Rey,2024-2025
302a237e,Loïc Williams,es ESP,DF,22,31,28,"2,424",26.9,1,1,2,1,0,0,14,0,0.04,0.04,0.07,0.04,0.07,Matches,Copa del Rey,2024-2025
b85bf253,Martin Hongla,cm CMR,MF,26,33,28,"2,415",26.8,3,2,5,3,0,0,9,1,0.11,0.07,0.19,0.11,0.19,Matches,Copa del Rey,2024-2025
bdc74a8f,Gonzalo Villar,es ESP,MF,26,37,27,"2,335",25.9,2,1,3,2,0,0,9,1,0.08,0.04,0.12,0.08,0.12,Matches,Copa del Rey,2024-2025
fce521d7,Ricard Sánchez,es ESP,"DF,MF",24,34,22,"2,068",23.0,3,4,7,3,0,0,7,1,0.13,0.17,0.30,0.13,0.30,Matches,Copa del Rey,2024-2025
d9235a45,Diego Mariño,es ESP,GK,34,23,22,"1,984",22.0,0,0,0,0,0,0,0,0,0.00,0.00,0.00,0.00,0.00,Matches,Copa del Rey,2024-2025
35d4f151,Rubén,es ESP,DF,23,32,22,"1,978",22.0,1,1,2,1,0,0,2,1,0.05,0.05,0.09,0.05,0.09,Matches,Copa del Rey,2024-2025
3e707ad4,Brau,es ESP,DF,22,26,20,"1,845",20.5,2,0,2,2,0,0,9,0,0.10,0.00,0.10,0.10,0.10,Matches,Copa del Rey,2024-2025
8d47bb39,Carlos Neva,es ESP,"DF,MF",28,19,18,"1,500",16.7,1,1,2,1,0,0,3,1,0.06,0.06,0.12,0.06,0.12,Matches,Copa del Rey,2024-2025
9a796115,Abde Rebbach,dz ALG,"MF,FW",25,19,18,"1,274",14.2,3,2,5,3,0,0,3,0,0.21,0.14,0.35,0.21,0.35,Matches,Copa del Rey,2024-2025
963829d0,Manu Trigueros,es ESP,MF,32,36,16,"1,463",16.3,3,3,6,3,0,0,4,0,0.18,0.18,0.37,0.18,0.37,Matches,Copa del Rey,2024-2025
c818c4d9,Luca Zidane,dz ALG,GK,26,16,16,"1,436",16.0,0,0,0,0,0,0,0,0,0.00,0.00,0.00,0.00,0.00,Matches,Copa del Rey,2024-2025
01da7812,Myrto Uzuni,al ALB,FW,29,18,15,"1,413",15.7,14,1,15,12,2,2,3,0,0.89,0.06,0.96,0.76,0.83,Matches,Copa del Rey,2024-2025
6b21b7b5,Reinier,br BRA,"FW,MF",22,24,14,"1,275",14.2,1,4,5,1,0,0,3,0,0.07,0.28,0.35,0.07,0.35,Matches,Copa del Rey,2024-2025
4b5e7e90,Pablo Insua,es ESP,DF,30,14,12,"1,106",12.3,1,0,1,1,0,0,3,0,0.08,0.00,0.08,0.08,0.08,Matches,Copa del Rey,2024-2025
2bf3c2c8,Manu Lama,es ESP,DF,23,16,12,"1,018",11.3,2,1,3,2,0,0,2,1,0.18,0.09,0.27,0.18,0.27,Matches,Copa del Rey,2024-2025
379dc075,Shon Weissman,il ISR,FW,28,28,11,"1,027",11.4,2,2,4,2,0,1,2,0,0.18,0.18,0.35,0.18,0.35,Matches,Copa del Rey,2024-2025
4e257184,Stoichkov,es ESP,"FW,MF",30,14,8,801,8.9,1,0,1,1,0,0,0,0,0.11,0.00,0.11,0.11,0.11,Matches,Copa del Rey,2024-2025
2f9ef1a8,Pablo Saenz,es ESP,"MF,FW",23,21,7,727,8.1,0,2,2,0,0,0,2,0,0.00,0.25,0.25,0.00,0.25,Matches,Copa del Rey,2024-2025
bd4e3824,Kamil Jóźwiak,pl POL,MF,26,17,7,655,7.3,0,1,1,0,0,0,3,1,0.00,0.14,0.14,0.00,0.14,Matches,Copa del Rey,2024-2025
174f09a6,Ignasi Miquel,es ESP,DF,31,7,6,543,6.0,0,1,1,0,0,0,5,1,0.00,0.17,0.17,0.00,0.17,Matches,Copa del Rey,2024-2025
2c9e6bc3,Sergio Rodelas,es ESP,MF,19,16,4,524,5.8,1,3,4,1,0,0,2,0,0.17,0.52,0.69,0.17,0.69,Matches,Copa del Rey,2024-2025
3496ff67,Marc Martínez,es ESP,GK,34,4,4,360,4.0,0,0,0,0,0,0,1,0,0.00,0.00,0.00,0.00,0.00,Matches,Copa del Rey,2024-2025
c905ce2e,Oscar Naasei Oppong,gh GHA,DF,19,6,3,318,3.5,0,0,0,0,0,0,0,0,0.00,0.00,0.00,0.00,0.00,Matches,Copa del Rey,2024-2025
25b82f9a,Theo Corbeanu,ca CAN,MF,22,10,2,253,2.8,0,0,0,0,0,0,3,0,0.00,0.00,0.00,0.00,0.00,Matches,Copa del Rey,2024-2025
8c44e37b,Borja Bastón,es ESP,FW,31,11,2,199,2.2,0,0,0,0,0,0,0,0,0.00,0.00,0.00,0.00,0.00,Matches,Copa del Rey,2024-2025
94e74d8b,Siren Diao,es ESP,FW,19,11,1,154,1.7,2,2,4,2,0,0,0,0,1.17,1.17,2.34,1.17,2.34,Matches,Copa del Rey,2024-2025
8d74054e,Juan Lendínez,es ESP,MF,21,5,0,62,0.7,0,0,0,0,0,0,1,0,0.00,0.00,0.00,0.00,0.00,Matches,Copa del Rey,2024-2025
545dfda8,Samu Cortés,es ESP,FW,18,1,0,2,0.0,0,0,0,0,0,0,0,0,0.00,0.00,0.00,0.00,0.00,Matches,Copa del Rey,2024-2025
5ad5e5e2,Gael Akogo,gq EQG,MF,20,0,0,,,,,,,,,,,,,,,,Matches,Copa del Rey,2024-2025
2cecac6f,Fran Árbol,es ESP,GK,18,0,0,,,,,,,,,,,,,,,,Matches,Copa del Rey,2024-2025
84ea1bdc,Sérigné Faye,sn SEN,FW,20,0,0,,,,,,,,,,,,,,,,Matches,Copa del Rey,2024-2025
ec7a7eea,Íker García,es ESP,GK,18,0,0,,,,,,,,,,,,,,,,Matches,Copa del Rey,2024-2025
2d45abe0,Pere Haro,es ESP,DF,20,0,0,,,,,,,,,,,,,,,,Matches,Copa del Rey,2024-2025
bbe87354,Bohdan isachenko,ua UKR,GK,20,0,0,,,,,,,,,,,,,,,,Matches,Copa del Rey,2024-2025
d81e7529,Lucas Perez Calvo,es ESP,MF,20,0,0,,,,,,,,,,,,,,,,Matches,Copa del Rey,2024-2025
4fdb0aa9,Imanol Alberdi,es ESP,DF,24,1,1,90,1.0,0,0,0,0,0,0,0,0,0.00,0.00,0.00,0.00,0.00,Matches,Copa del Rey,2024-2025
8c22d783,Juan Cortés,es ESP,DF,24,1,1,90,1.0,0,0,0,0,0,0,0,0,0.00,0.00,0.00,0.00,0.00,Matches,Copa del Rey,2024-2025
74d18528,Alberto Germán,es ESP,MF,26,1,1,90,1.0,0,0,0,0,0,0,1,0,0.00,0.00,0.00,0.00,0.00,Matches,Copa del Rey,2024-2025
c73438cb,Josevi,es ESP,MF,25,1,1,90,1.0,0,0,0,0,0,0,1,0,0.00,0.00,0.00,0.00,0.00,Matches,Copa del Rey,2024-2025
3f1f26c0,Javi Penadés,es ESP,DF,34,1,1,90,1.0,0,0,0,0,0,0,0,0,0.00,0.00,0.00,0.00,0.00,Matches,Copa del Rey,2024-2025
30ee6388,Josep Peris,es ESP,DF,29,1,1,90,1.0,0,0,0,0,0,0,0,0,0.00,0.00,0.00,0.00,0.00,Matches,Copa del Rey,2024-2025
8c783091,Adrián Muñoz,es ESP,GK,21,1,1,77,0.9,0,0,0,0,0,0,0,0,0.00,0.00,0.00,0.00,0.00,Matches,Copa del Rey,2024-2025
dede363c,Guillem Baixauli,es ESP,FW,29,1,1,58,0.6,0,0,0,0,0,0,0,0,0.00,0.00,0.00,0.00,0.00,Matches,Copa del Rey,2024-2025
56a11b4c,Alejandro Pastor,es ESP,MF,22,1,1,58,0.6,0,0,0,0,0,0,1,0,0.00,0.00,0.00,0.00,0.00,Matches,Copa del Rey,2024-2025
1685b001,Álvaro Loza,es ESP,MF,28,1,1,45,0.5,0,0,0,0,0,0,0,0,0.00,0.00,0.00,0.00,0.00,Matches,Copa del Rey,2024-2025
eb50fa89,Alejandro Peralta,es ESP,FW,28,1,1,45,0.5,0,0,0,0,0,0,0,0,0.00,0.00,0.00,0.00,0.00,Matches,Copa del Rey,2024-2025
39fa9d50,Marc Cantero,es ESP,MF,28,1,0,45,0.5,0,0,0,0,0,0,0,0,0.00,0.00,0.00,0.00,0.00,Matches,Copa del Rey,2024-2025
9c4c5d53,Fran Trilles,es ESP,FW,26,1,0,45,0.5,0,0,0,0,0,0,0,0,0.00,0.00,0.00,0.00,0.00,Matches,Copa del Rey,2024-2025
4f60b3c1,Imanol Alcaraz,es ESP,MF,31,1,0,32,0.4,0,0,0,0,0,0,0,0,0.00,0.00,0.00,0.00,0.00,Matches,Copa del Rey,2024-2025
738ebaa7,Alberto Lopez,es ESP,MF,35,1,0,32,0.4,0,0,0,0,0,0,0,0,0.00,0.00,0.00,0.00,0.00,Matches,Copa del Rey,2024-2025
eaee4ca4,Arnau Negre,es ESP,GK,25,1,0,13,0.1,0,0,0,0,0,0,0,0,0.00,0.00,0.00,0.00,0.00,Matches,Copa del Rey,2024-2025
71c29e71,Carlos Bonillo,es ESP,DF,33,0,0,,,,,,,,,,,,,,,,Matches,Copa del Rey,2024-2025
e2efbe1a,Champi,es ESP,MF,30,0,0,,,,,,,,,,,,,,,,Matches,Copa del Rey,2024-2025
97251995,Alejandro Lázaro,es ESP,DF,29,0,0,,,,,,,,,,,,,,,,Matches,Copa del Rey,2024-2025
03b51a36,Diego Nohales,es ESP,FW,23,0,0,,,,,,,,,,,,,,,,Matches,Copa del Rey,2024-2025
6896b2cb,Íker Peiró,es ESP,DF,29,0,0,,,,,,,,,,,,,,,,Matches,Copa del Rey,2024-2025
5903fc7f,Gabriel Silinskas,es ESP,MF,18,0,0,,,,,,,,,,,,,,,,Matches,Copa del Rey,2024-2025
0c61c77c,Dodi Lukebakio,be BEL,"MF,FW",26,38,36,"3,092",34.4,11,2,13,10,1,1,3,1,0.32,0.06,0.38,0.29,0.35,Matches,Copa del Rey,2024-2025
2dce876a,Carmona,es ESP,DF,22,35,35,"2,942",32.7,0,0,0,0,0,0,11,0,0.00,0.00,0.00,0.00,0.00,Matches,Copa del Rey,2024-2025
114bbdee,Loïc Bade,fr FRA,DF,24,32,31,"2,686",29.8,1,1,2,1,0,0,7,1,0.03,0.03,0.07,0.03,0.07,Matches,Copa del Rey,2024-2025
bdedffac,Ørjan Nyland,no NOR,GK,33,30,30,"2,673",29.7,0,0,0,0,0,0,2,0,0.00,0.00,0.00,0.00,0.00,Matches,Copa del Rey,2024-2025
0076ab7f,Nemanja Gudelj,rs SRB,"MF,DF",32,31,27,"2,493",27.7,1,1,2,0,1,1,6,0,0.04,0.04,0.07,0.00,0.04,Matches,Copa del Rey,2024-2025
112521d1,Adrià Pedrosa,es ESP,DF,26,31,27,"2,298",25.5,1,1,2,1,0,0,7,0,0.04,0.04,0.08,0.04,0.08,Matches,Copa del Rey,2024-2025
be719093,Isaac Romero,es ESP,FW,24,31,26,"2,156",24.0,4,2,6,4,0,1,10,1,0.17,0.08,0.25,0.17,0.25,Matches,Copa del Rey,2024-2025
0a69de7b,Kike Salas,es ESP,DF,22,31,25,"2,238",24.9,3,2,5,3,0,0,6,0,0.12,0.08,0.20,0.12,0.20,Matches,Copa del Rey,2024-2025
8bc8829a,Lucien Agoume,fr FRA,MF,22,35,24,"2,114",23.5,1,3,4,1,0,0,5,1,0.04,0.13,0.17,0.04,0.17,Matches,Copa del Rey,2024-2025
4c6facae,Djibril Sow,ch SUI,MF,27,30,24,"2,062",22.9,2,1,3,2,0,0,5,0,0.09,0.04,0.13,0.09,0.13,Matches,Copa del Rey,2024-2025
cc6de655,Juanlu Sánchez,es ESP,"MF,DF",20,32,18,"1,722",19.1,4,4,8,4,0,0,6,1,0.21,0.21,0.42,0.21,0.42,Matches,Copa del Rey,2024-2025
c14bc029,Saúl Ñíguez,es ESP,MF,29,24,17,"1,553",17.3,1,6,7,1,0,0,8,1,0.06,0.35,0.41,0.06,0.41,Matches,Copa del Rey,2024-2025
1b4f1169,Albert Sambi Lokonga,be BEL,MF,24,22,16,"1,471",16.3,0,2,2,0,0,0,4,0,0.00,0.12,0.12,0.00,0.12,Matches,Copa del Rey,2024-2025
cb971b4f,Peque,es ESP,"MF,FW",21,26,14,"1,134",12.6,1,1,2,1,0,0,1,0,0.08,0.08,0.16,0.08,0.16,Matches,Copa del Rey,2024-2025
e7f3e8a7,Chidera Ejuke,ng NGA,"MF,FW",26,25,9,966,10.7,2,1,3,2,0,0,0,0,0.19,0.09,0.28,0.19,0.28,Matches,Copa del Rey,2024-2025
6ecbddf6,Ruben Vargas,ch SUI,"MF,FW",25,11,9,671,7.5,2,1,3,2,0,0,0,0,0.27,0.13,0.40,0.27,0.40,Matches,Copa del Rey,2024-2025
f127d782,Álvaro Fernández,es ESP,GK,26,9,8,747,8.3,0,0,0,0,0,0,2,0,0.00,0.00,0.00,0.00,0.00,Matches,Copa del Rey,2024-2025
133faa84,Marcão,br BRA,DF,28,12,6,552,6.1,0,0,0,0,0,0,6,1,0.00,0.00,0.00,0.00,0.00,Matches,Copa del Rey,2024-2025
5853ac44,Tanguy Nianzou,fr FRA,DF,22,6,6,518,5.8,0,0,0,0,0,0,3,1,0.00,0.00,0.00,0.00,0.00,Matches,Copa del Rey,2024-2025
c92e1a31,Kelechi Iheanacho,ng NGA,FW,27,9,5,400,4.4,0,0,0,0,0,0,0,0,0.00,0.00,0.00,0.00,0.00,Matches,Copa del Rey,2024-2025
4e219ad2,Suso,es ESP,"MF,FW",30,16,4,606,6.7,0,2,2,0,0,0,3,0,0.00,0.30,0.30,0.00,0.30,Matches,Copa del Rey,2024-2025
68ad2350,Álvaro Pascual,es ESP,FW,22,8,4,408,4.5,1,0,1,1,0,0,1,0,0.22,0.00,0.22,0.22,0.22,Matches,Copa del Rey,2024-2025
3f10bd22,Jesús Navas,es ESP,"MF,FW",38,15,3,424,4.7,1,0,1,1,0,0,0,0,0.21,0.00,0.21,0.21,0.21,Matches,Copa del Rey,2024-2025
b9f282ec,Valentín Barco,ar ARG,DF,20,7,3,288,3.2,0,0,0,0,0,0,0,0,0.00,0.00,0.00,0.00,0.00,Matches,Copa del Rey,2024-2025
53551b98,Stanis Idumbo,be BEL,MF,19,14,3,284,3.2,1,1,2,1,0,0,0,0,0.32,0.32,0.63,0.32,0.63,Matches,Copa del Rey,2024-2025
a04f40c8,Ramón Martínez,es ESP,DF,21,5,2,261,2.9,1,0,1,1,0,0,0,0,0.34,0.00,0.34,0.34,0.34,Matches,Copa del Rey,2024-2025
a08b974a,Lucas Ocampos,ar ARG,"MF,FW",30,2,2,175,1.9,0,1,1,0,0,0,0,0,0.00,0.51,0.51,0.00,0.51,Matches,Copa del Rey,2024-2025
c5642098,Manu Bueno,es ESP,MF,20,9,1,140,1.6,1,0,1,1,0,0,0,0,0.64,0.00,0.64,0.64,0.64,Matches,Copa del Rey,2024-2025
2ccd39ed,Akor Adams,ng NGA,FW,24,4,1,134,1.5,0,0,0,0,0,0,0,0,0.00,0.00,0.00,0.00,0.00,Matches,Copa del Rey,2024-2025
374d5158,Gonzalo Montiel,ar ARG,DF,27,6,1,113,1.3,0,0,0,0,0,0,1,0,0.00,0.00,0.00,0.00,0.00,Matches,Copa del Rey,2024-2025
9d33c71a,Diego Iturralde,es ESP,MF,21,1,1,37,0.4,0,0,0,0,0,0,0,0,0.00,0.00,0.00,0.00,0.00,Matches,Copa del Rey,2024-2025
2febb559,Leandro Antonetti,pr PUR,FW,21,2,0,28,0.3,0,0,0,0,0,0,0,0,0.00,0.00,0.00,0.00,0.00,Matches,Copa del Rey,2024-2025
d2ba7592,Israel Domínguez,es ESP,MF,21,1,0,18,0.2,0,0,0,0,0,0,0,0,0.00,0.00,0.00,0.00,0.00,Matches,Copa del Rey,2024-2025
a96e9b5c,Mateo Mejía,es ESP,FW,21,1,0,11,0.1,0,0,0,0,0,0,0,0,0.00,0.00,0.00,0.00,0.00,Matches,Copa del Rey,2024-2025
893268ab,Darío Fuentes,es ESP,DF,21,1,0,5,0.1,0,0,0,0,0,0,1,0,0.00,0.00,0.00,0.00,0.00,Matches,Copa del Rey,2024-2025
6ae4bd6f,Matías Árbol,es ESP,GK,21,0,0,,,,,,,,,,,,,,,,Matches,Copa del Rey,2024-2025
fd06e61d,Castrin,es ESP,DF,21,0,0,,,,,,,,,,,,,,,,Matches,Copa del Rey,2024-2025
58876d05,Pablo Cruz,es ESP,MF,20,0,0,,,,,,,,,,,,,,,,Matches,Copa del Rey,2024-2025
7fc46615,Lulo Dasilva,es ESP,MF,21,0,0,,,,,,,,,,,,,,,,Matches,Copa del Rey,2024-2025
6ba76de1,Alberto López,es ESP,MF,19,0,0,,,,,,,,,,,,,,,,Matches,Copa del Rey,2024-2025
c25f14a7,Alberto López,es ESP,GK,20,0,0,,,,,,,,,,,,,,,,Matches,Copa del Rey,2024-2025
cd8b99a7,Joaquín Martínez Gauna,es ESP,FW,21,0,0,,,,,,,,,,,,,,,,Matches,Copa del Rey,2024-2025
f9358b61,Pedro Ortiz,es ESP,MF,23,0,0,,,,,,,,,,,,,,,,Matches,Copa del Rey,2024-2025
7bf09d25,Rafa,es ESP,GK,20,0,0,,,,,,,,,,,,,,,,Matches,Copa del Rey,2024-2025
08e3f8fe,Dieste,es ESP,FW,28,1,1,90,1.0,0,0,0,0,0,0,0,0,0.00,0.00,0.00,0.00,0.00,Matches,Copa del Rey,2024-2025
af6efe5c,De Frutos,es ESP,DF,25,1,1,90,1.0,0,0,0,0,0,0,1,0,0.00,0.00,0.00,0.00,0.00,Matches,Copa del Rey,2024-2025
0b62a390,Mouhamadou Gning,sn SEN,DF,35,1,1,90,1.0,0,0,0,0,0,0,0,0,0.00,0.00,0.00,0.00,0.00,Matches,Copa del Rey,2024-2025
1145f6ae,Petr Kudakovskiy,ru RUS,GK,23,1,1,90,1.0,0,0,0,0,0,0,0,0,0.00,0.00,0.00,0.00,0.00,Matches,Copa del Rey,2024-2025
54032110,Remen,es ESP,MF,24,1,1,90,1.0,0,0,0,0,0,0,0,0,0.00,0.00,0.00,0.00,0.00,Matches,Copa del Rey,2024-2025
2bafef83,Aitor Seguín,es ESP,MF,29,1,1,90,1.0,0,0,0,0,0,0,0,0,0.00,0.00,0.00,0.00,0.00,Matches,Copa del Rey,2024-2025
eb582299,Asier Grande,es ESP,DF,22,1,1,84,0.9,0,0,0,0,0,0,0,0,0.00,0.00,0.00,0.00,0.00,Matches,Copa del Rey,2024-2025
ebc14156,Alain Ribeiro,es ESP,MF,27,1,1,65,0.7,0,0,0,0,0,0,1,0,0.00,0.00,0.00,0.00,0.00,Matches,Copa del Rey,2024-2025
b2115759,Christian,es ESP,MF,22,1,1,59,0.7,0,0,0,0,0,0,0,0,0.00,0.00,0.00,0.00,0.00,Matches,Copa del Rey,2024-2025
c1b4aa12,Dani Fernández,es ESP,MF,22,1,1,59,0.7,0,0,0,0,0,0,0,0,0.00,0.00,0.00,0.00,0.00,Matches,Copa del Rey,2024-2025
3d92b310,Jeremy Vera,ec ECU,DF,21,1,1,59,0.7,0,0,0,0,0,0,0,0,0.00,0.00,0.00,0.00,0.00,Matches,Copa del Rey,2024-2025
3d67cc6e,Javi Bonilla,es ESP,MF,33,1,0,31,0.3,0,0,0,0,0,0,1,0,0.00,0.00,0.00,0.00,0.00,Matches,Copa del Rey,2024-2025
004574d1,Rubén Sanchidrián,es ESP,FW,24,1,0,31,0.3,0,0,0,0,0,0,0,0,0.00,0.00,0.00,0.00,0.00,Matches,Copa del Rey,2024-2025
c7de47fe,David Sanz,es ESP,MF,24,1,0,31,0.3,0,0,0,0,0,0,0,0,0.00,0.00,0.00,0.00,0.00,Matches,Copa del Rey,2024-2025
cfdef224,Jonathan Gonzalez,es ESP,FW,25,1,0,25,0.3,0,0,0,0,0,0,0,0,0.00,0.00,0.00,0.00,0.00,Matches,Copa del Rey,2024-2025
8c3acbee,Fabio Conte,es ESP,MF,22,1,0,6,0.1,0,0,0,0,0,0,1,0,0.00,0.00,0.00,0.00,0.00,Matches,Copa del Rey,2024-2025
d0287966,Pedro Benito,,DF,,0,0,,,,,,,,,,,,,,,,Matches,Copa del Rey,2024-2025
d4442eb9,Francisco Dorronsoro,es ESP,GK,39,0,0,,,,,,,,,,,,,,,,Matches,Copa del Rey,2024-2025
f9c5ef09,Soro,es ESP,DF,21,0,0,,,,,,,,,,,,,,,,Matches,Copa del Rey,2024-2025
2a1042ad,Asier Teijeira,es ESP,FW,22,0,0,,,,,,,,,,,,,,,,Matches,Copa del Rey,2024-2025
f188f017,Marco Soler,es ESP,DF,24,1,1,90,1.0,0,0,0,0,0,0,0,0,0.00,0.00,0.00,0.00,0.00,Matches,Copa del Rey,2024-2025
499fbfa4,Fernando Torre,es ESP,DF,24,1,1,90,1.0,0,0,0,0,0,0,0,0,0.00,0.00,0.00,0.00,0.00,Matches,Copa del Rey,2024-2025
2ad78d58,Christian Vassilakis,es ESP,FW,23,1,1,90,1.0,0,0,0,0,0,0,0,0,0.00,0.00,0.00,0.00,0.00,Matches,Copa del Rey,2024-2025
fca01677,Diego,es ESP,MF,24,1,1,56,0.6,0,0,0,0,0,0,0,0,0.00,0.00,0.00,0.00,0.00,Matches,Copa del Rey,2024-2025
28f22789,Hector Tirado,es ESP,FW,28,1,0,34,0.4,0,0,0,0,0,0,0,0,0.00,0.00,0.00,0.00,0.00,Matches,Copa del Rey,2024-2025
7dce8ef9,Puras,es ESP,GK,28,0,0,,,,,,,,,,,,,,,,Matches,Copa del Rey,2024-2025
b1e5bbec,Ángel,es ESP,GK,22,3,3,330,3.7,0,0,0,0,0,0,0,0,0.00,0.00,0.00,0.00,0.00,Matches,Copa del Rey,2024-2025
fc8cb238,Andoni López,es ESP,DF,28,3,3,330,3.7,0,0,0,0,0,0,1,0,0.00,0.00,0.00,0.00,0.00,Matches,Copa del Rey,2024-2025
498d2d11,Markel Lozano,es ESP,MF,28,3,3,330,3.7,0,0,0,0,0,0,1,0,0.00,0.00,0.00,0.00,0.00,Matches,Copa del Rey,2024-2025
09149a0b,Javier Lancho,es ESP,DF,22,3,3,231,2.6,0,0,0,0,0,0,2,0,0.00,0.00,0.00,0.00,0.00,Matches,Copa del Rey,2024-2025
e334c538,Ernesto Gómez,es ESP,MF,30,3,3,210,2.3,0,0,0,0,0,0,0,0,0.00,0.00,0.00,0.00,0.00,Matches,Copa del Rey,2024-2025
15813b24,José Luis Cortés,es ESP,FW,22,3,2,265,2.9,0,0,0,0,0,0,0,0,0.00,0.00,0.00,0.00,0.00,Matches,Copa del Rey,2024-2025
b93b1fb7,Marc-Olivier Doué,fr FRA,MF,23,2,2,210,2.3,0,0,0,0,0,0,1,0,0.00,0.00,0.00,0.00,0.00,Matches,Copa del Rey,2024-2025
adc7631d,Germán Nóvoa,es ESP,DF,27,2,2,180,2.0,0,0,0,0,0,0,0,0,0.00,0.00,0.00,0.00,0.00,Matches,Copa del Rey,2024-2025
59b9885c,Mario Jorrín,es ESP,DF,22,2,2,144,1.6,0,0,0,0,0,0,0,0,0.00,0.00,0.00,0.00,0.00,Matches,Copa del Rey,2024-2025
bd207a4d,Álex Mula,es ESP,"MF,FW",28,2,2,144,1.6,0,0,0,0,0,0,0,0,0.00,0.00,0.00,0.00,0.00,Matches,Copa del Rey,2024-2025
3a6a49f7,Borja Valle,es ESP,MF,32,2,2,125,1.4,0,0,0,0,0,0,1,0,0.00,0.00,0.00,0.00,0.00,Matches,Copa del Rey,2024-2025
23b6ab66,Thomas Carrique,fr FRA,DF,25,3,1,186,2.1,0,1,1,0,0,0,0,0,0.00,0.48,0.48,0.00,0.48,Matches,Copa del Rey,2024-2025
cdd09765,Álex Costa,es ESP,FW,21,2,1,164,1.8,1,0,1,1,0,0,0,0,0.55,0.00,0.55,0.55,0.55,Matches,Copa del Rey,2024-2025
fe6c5de7,Yeray Cabanzón,es ESP,MF,21,3,1,152,1.7,0,0,0,0,0,0,0,0,0.00,0.00,0.00,0.00,0.00,Matches,Copa del Rey,2024-2025
3ebe8651,Borja Fernández,es ESP,MF,28,3,1,149,1.7,0,0,0,0,0,0,0,0,0.00,0.00,0.00,0.00,0.00,Matches,Copa del Rey,2024-2025
6163c2ae,Álvaro Bustos,es ESP,MF,29,3,1,137,1.5,0,0,0,0,0,0,0,0,0.00,0.00,0.00,0.00,0.00,Matches,Copa del Rey,2024-2025
cad63de5,Kevin Sibille,ar ARG,DF,25,1,1,120,1.3,0,0,0,0,0,0,0,0,0.00,0.00,0.00,0.00,0.00,Matches,Copa del Rey,2024-2025
0530daf0,Brais Abelenda,es ESP,MF,28,2,0,85,0.9,0,0,0,0,0,0,0,0,0.00,0.00,0.00,0.00,0.00,Matches,Copa del Rey,2024-2025
ced26057,Vicente Esquerdo,es ESP,MF,25,2,0,78,0.9,0,0,0,0,0,0,1,0,0.00,0.00,0.00,0.00,0.00,Matches,Copa del Rey,2024-2025
d7804d65,Álvaro Ramón,es ESP,DF,24,1,0,38,0.4,0,0,0,0,0,0,1,0,0.00,0.00,0.00,0.00,0.00,Matches,Copa del Rey,2024-2025
f30c40c5,David Andújar,es ESP,DF,32,1,0,22,0.2,0,0,0,0,0,0,0,0,0.00,0.00,0.00,0.00,0.00,Matches,Copa del Rey,2024-2025
f7d074c3,Pablo Barredo,es ESP,GK,20,0,0,,,,,,,,,,,,,,,,Matches,Copa del Rey,2024-2025
79a3ad7c,Asier Blanco,es ESP,DF,20,0,0,,,,,,,,,,,,,,,,Matches,Copa del Rey,2024-2025
3f0d1f5e,Oliver Jürgens,ee EST,FW,21,0,0,,,,,,,,,,,,,,,,Matches,Copa del Rey,2024-2025
113fb4ea,Andrés Prieto,es ESP,GK,30,0,0,,,,,,,,,,,,,,,,Matches,Copa del Rey,2024-2025
58e1a501,Ivan Zhadanov,,FW,,0,0,,,,,,,,,,,,,,,,Matches,Copa del Rey,2024-2025
93f7b776,Ángel Bastos,es ESP,DF,32,1,1,90,1.0,0,0,0,0,0,0,1,0,0.00,0.00,0.00,0.00,0.00,Matches,Copa del Rey,2024-2025
75f096fd,Omar Ouhdadi,ma MAR,MF,24,1,1,90,1.0,1,0,1,1,0,0,0,0,1.00,0.00,1.00,1.00,1.00,Matches,Copa del Rey,2024-2025
0551d202,Marcos Remeseiro,es ESP,MF,32,1,1,90,1.0,0,0,0,0,0,0,0,0,0.00,0.00,0.00,0.00,0.00,Matches,Copa del Rey,2024-2025
a599e290,Tomaž Stopajnik,si SVN,GK,23,1,1,90,1.0,0,0,0,0,0,0,0,0,0.00,0.00,0.00,0.00,0.00,Matches,Copa del Rey,2024-2025
d1870a66,Uzal,es ESP,MF,32,1,1,90,1.0,0,0,0,0,0,0,0,0,0.00,0.00,0.00,0.00,0.00,Matches,Copa del Rey,2024-2025
9a703009,Alejandro Ramos Rodriguez,es ESP,MF,24,1,1,45,0.5,0,0,0,0,0,0,0,0,0.00,0.00,0.00,0.00,0.00,Matches,Copa del Rey,2024-2025
cc31b706,Manuel Núñez,es ESP,MF,26,1,0,45,0.5,0,0,0,0,0,0,0,0,0.00,0.00,0.00,0.00,0.00,Matches,Copa del Rey,2024-2025
98a7ad8b,David Álvarez,es ESP,MF,23,0,0,,,,,,,,,,,,,,,,Matches,Copa del Rey,2024-2025
2e7f256d,Christian,gq EQG,MF,24,0,0,,,,,,,,,,,,,,,,Matches,Copa del Rey,2024-2025
e1b58b9b,Mario Musy,es ESP,FW,25,0,0,,,,,,,,,,,,,,,,Matches,Copa del Rey,2024-2025
3c88ebb5,Alejandro Pachón,es ESP,FW,24,0,0,,,,,,,,,,,,,,,,Matches,Copa del Rey,2024-2025
b5a74793,Juan Castrillo,es ESP,MF,30,1,1,90,1.0,0,0,0,0,0,0,0,0,0.00,0.00,0.00,0.00,0.00,Matches,Copa del Rey,2024-2025
cd46f93d,Alex Díez,es ESP,MF,27,1,1,90,1.0,0,0,0,0,0,0,1,0,0.00,0.00,0.00,0.00,0.00,Matches,Copa del Rey,2024-2025
7fba1ea5,Jambo,es ESP,DF,29,1,1,90,1.0,0,0,0,0,0,0,0,0,0.00,0.00,0.00,0.00,0.00,Matches,Copa del Rey,2024-2025
1ce8de75,Adrián Pérez,es ESP,DF,19,1,1,90,1.0,0,0,0,0,0,0,0,0,0.00,0.00,0.00,0.00,0.00,Matches,Copa del Rey,2024-2025
9cedee0a,Luis Pérez,es ESP,MF,24,1,1,90,1.0,0,0,0,0,0,0,1,0,0.00,0.00,0.00,0.00,0.00,Matches,Copa del Rey,2024-2025
c07f908b,Pupy,es ESP,DF,31,1,1,90,1.0,0,0,0,0,0,0,0,0,0.00,0.00,0.00,0.00,0.00,Matches,Copa del Rey,2024-2025
c7430f96,Jesús Ramírez,es ESP,DF,33,1,1,72,0.8,0,0,0,0,0,0,0,0,0.00,0.00,0.00,0.00,0.00,Matches,Copa del Rey,2024-2025
45cd1818,Mario Merino,es ESP,GK,25,1,1,71,0.8,0,0,0,0,0,0,0,0,0.00,0.00,0.00,0.00,0.00,Matches,Copa del Rey,2024-2025
e64f04b8,Jaime Gómez,es ESP,FW,22,1,1,64,0.7,0,0,0,0,0,0,0,0,0.00,0.00,0.00,0.00,0.00,Matches,Copa del Rey,2024-2025
fad6d05d,Guille,es ESP,MF,20,1,1,57,0.6,0,0,0,0,0,0,0,0,0.00,0.00,0.00,0.00,0.00,Matches,Copa del Rey,2024-2025
4062aa54,Sergio Mata,es ESP,MF,23,1,1,57,0.6,0,0,0,0,0,0,0,0,0.00,0.00,0.00,0.00,0.00,Matches,Copa del Rey,2024-2025
fdc6f0ea,Chemby,es ESP,FW,24,1,0,33,0.4,0,0,0,0,0,0,0,0,0.00,0.00,0.00,0.00,0.00,Matches,Copa del Rey,2024-2025
2a866cf3,Mateo Gutiérrez,es ESP,MF,19,1,0,33,0.4,0,0,0,0,0,0,0,0,0.00,0.00,0.00,0.00,0.00,Matches,Copa del Rey,2024-2025
ccb6070b,Álvaro Soto,es ESP,DF,19,1,0,26,0.3,0,0,0,0,0,0,0,0,0.00,0.00,0.00,0.00,0.00,Matches,Copa del Rey,2024-2025
c109ab48,Álvaro Calvo,es ESP,GK,27,1,0,19,0.2,0,0,0,0,0,0,0,0,0.00,0.00,0.00,0.00,0.00,Matches,Copa del Rey,2024-2025
f5df0714,Edu,es ESP,MF,19,1,0,18,0.2,0,0,0,0,0,0,0,0,0.00,0.00,0.00,0.00,0.00,Matches,Copa del Rey,2024-2025
b53a8aff,Alvi,es ESP,DF,24,0,0,,,,,,,,,,,,,,,,Matches,Copa del Rey,2024-2025
3cb803ad,Ciru,es ESP,FW,24,0,0,,,,,,,,,,,,,,,,Matches,Copa del Rey,2024-2025
f691dbbb,Asier Holgado,,DF,,0,0,,,,,,,,,,,,,,,,Matches,Copa del Rey,2024-2025
c5dca442,Isma,es ESP,DF,27,0,0,,,,,,,,,,,,,,,,Matches,Copa del Rey,2024-2025
e9757e28,Aitor Martínez,es ESP,FW,33,0,0,,,,,,,,,,,,,,,,Matches,Copa del Rey,2024-2025
bd438990,Nachin,es ESP,FW,20,0,0,,,,,,,,,,,,,,,,Matches,Copa del Rey,2024-2025
039ae103,Rubén Yáñez,es ESP,GK,30,39,39,"3,486",38.7,0,0,0,0,0,0,2,2,0.00,0.00,0.00,0.00,0.00,Matches,Copa del Rey,2024-2025
7c29adba,Nacho Méndez,my MAS,MF,26,40,39,"3,266",36.3,4,1,5,4,0,0,6,0,0.11,0.03,0.14,0.11,0.14,Matches,Copa del Rey,2024-2025
99dde7fc,Jonathan Dubasin,be BEL,"FW,MF",24,37,36,"3,145",34.9,8,9,17,7,1,1,6,0,0.23,0.26,0.49,0.20,0.46,Matches,Copa del Rey,2024-2025
df80c321,Lander Olaetxea,es ESP,"MF,DF",31,36,35,"3,071",34.1,2,1,3,2,0,0,8,0,0.06,0.03,0.09,0.06,0.09,Matches,Copa del Rey,2024-2025
21d5cdc4,Guillermo Rosas,es ESP,DF,24,39,34,"3,054",33.9,2,3,5,2,0,0,9,0,0.06,0.09,0.15,0.06,0.15,Matches,Copa del Rey,2024-2025
c00097d2,Rober,es ESP,DF,29,34,31,"2,673",29.7,2,0,2,2,0,0,7,1,0.07,0.00,0.07,0.07,0.07,Matches,Copa del Rey,2024-2025
05816e19,Juan Ferney Otero,co COL,FW,29,35,30,"2,392",26.6,12,1,13,5,7,7,3,0,0.45,0.04,0.49,0.19,0.23,Matches,Copa del Rey,2024-2025
ed55b838,Gelabert,es ESP,MF,23,39,27,"2,403",26.7,6,2,8,6,0,0,6,0,0.22,0.07,0.30,0.22,0.30,Matches,Copa del Rey,2024-2025
230f7fd6,Diego Sánchez,es ESP,DF,21,31,26,"2,395",26.6,1,1,2,1,0,0,3,0,0.04,0.04,0.08,0.04,0.08,Matches,Copa del Rey,2024-2025
b9d0446f,Nikola Maraš,rs SRB,DF,28,27,24,"2,019",22.4,0,1,1,0,0,0,5,0,0.00,0.04,0.04,0.00,0.04,Matches,Copa del Rey,2024-2025
d1c7de35,Pablo García,es ESP,DF,24,35,18,"1,901",21.1,0,6,6,0,0,0,8,0,0.00,0.28,0.28,0.00,0.28,Matches,Copa del Rey,2024-2025
337bccc5,Nacho Martin,es ESP,MF,22,40,17,"1,981",22.0,1,1,2,1,0,0,3,0,0.05,0.05,0.09,0.05,0.09,Matches,Copa del Rey,2024-2025
e9e8c5ca,Gaspar Campos,es ESP,"MF,FW",24,26,17,"1,467",16.3,4,4,8,4,0,0,3,0,0.25,0.25,0.49,0.25,0.49,Matches,Copa del Rey,2024-2025
3024e383,José Ángel,es ESP,DF,34,25,16,"1,359",15.1,1,2,3,1,0,0,8,0,0.07,0.13,0.20,0.07,0.20,Matches,Copa del Rey,2024-2025
2ad0e5e5,Nicolás Serrano,es ESP,"MF,FW",21,18,15,"1,109",12.3,2,1,3,2,0,0,2,0,0.16,0.08,0.24,0.16,0.24,Matches,Copa del Rey,2024-2025
1b2f8c73,Dani Queipo,es ESP,"FW,MF",22,28,13,"1,192",13.2,0,0,0,0,0,0,4,0,0.00,0.00,0.00,0.00,0.00,Matches,Copa del Rey,2024-2025
ee923664,Kevin Vázquez,es ESP,"DF,MF",31,19,9,786,8.7,0,1,1,0,0,0,2,0,0.00,0.11,0.11,0.00,0.11,Matches,Copa del Rey,2024-2025
34e39a18,Eric Curbelo,es ESP,DF,30,10,9,583,6.5,0,0,0,0,0,0,2,0,0.00,0.00,0.00,0.00,0.00,Matches,Copa del Rey,2024-2025
06983922,Víctor Campuzano,es ESP,FW,27,39,7,"1,048",11.6,5,2,7,4,1,2,5,0,0.43,0.17,0.60,0.34,0.52,Matches,Copa del Rey,2024-2025
7fcb27d8,Jordy Caicedo,ec ECU,FW,26,24,7,722,8.0,2,0,2,1,1,1,6,0,0.25,0.00,0.25,0.12,0.12,Matches,Copa del Rey,2024-2025
af24b94f,Jesús Bernal,es ESP,MF,27,12,6,622,6.9,0,0,0,0,0,0,1,0,0.00,0.00,0.00,0.00,0.00,Matches,Copa del Rey,2024-2025
daa2eab3,Carlos Dotor,es ESP,MF,23,13,4,473,5.3,2,0,2,2,0,0,1,0,0.38,0.00,0.38,0.38,0.38,Matches,Copa del Rey,2024-2025
447601de,Christian Joel,cu CUB,GK,25,4,3,291,3.2,0,0,0,0,0,0,1,0,0.00,0.00,0.00,0.00,0.00,Matches,Copa del Rey,2024-2025
a0411928,Alex Oyon,es ESP,FW,21,4,0,24,0.3,0,0,0,0,0,0,0,0,0.00,0.00,0.00,0.00,0.00,Matches,Copa del Rey,2024-2025
0e91f4f6,Iker Martínez,es ESP,DF,20,3,0,22,0.2,0,0,0,0,0,0,0,0,0.00,0.00,0.00,0.00,0.00,Matches,Copa del Rey,2024-2025
0d78c8e2,Pierre Mbemba,fr FRA,MF,20,1,0,1,0.0,0,0,0,0,0,0,0,0,0.00,0.00,0.00,0.00,0.00,Matches,Copa del Rey,2024-2025
860fc596,Amadou Coundoul,sn SEN,FW,22,0,0,,,,,,,,,,,,,,,,Matches,Copa del Rey,2024-2025
93467324,Elmo Henriksson,fi FIN,GK,21,0,0,,,,,,,,,,,,,,,,Matches,Copa del Rey,2024-2025
139cdcf9,Yann Kembo Diantela,fr FRA,MF,22,0,0,,,,,,,,,,,,,,,,Matches,Copa del Rey,2024-2025
469a6a55,Alejandro Lozano,es ESP,FW,19,0,0,,,,,,,,,,,,,,,,Matches,Copa del Rey,2024-2025
5291f765,Esteban Lozano,mx MEX,FW,21,0,0,,,,,,,,,,,,,,,,Matches,Copa del Rey,2024-2025
a9b41643,Borja Montes,es ESP,DF,19,0,0,,,,,,,,,,,,,,,,Matches,Copa del Rey,2024-2025
ab9f7d33,Gerard Moreno,es ESP,GK,19,0,0,,,,,,,,,,,,,,,,Matches,Copa del Rey,2024-2025
9c412200,Aarón Quintana,es ESP,MF,20,0,0,,,,,,,,,,,,,,,,Matches,Copa del Rey,2024-2025
a0fbd0cb,Imanol Baz,es ESP,DF,23,2,2,180,2.0,1,0,1,1,0,0,0,0,0.50,0.00,0.50,0.50,0.50,Matches,Copa del Rey,2024-2025
5d31d742,Álvaro Gómez,es ESP,MF,27,2,2,180,2.0,1,0,1,1,0,0,0,0,0.50,0.00,0.50,0.50,0.50,Matches,Copa del Rey,2024-2025
6e66b404,David Rabadán,es ESP,MF,24,2,2,180,2.0,3,0,3,3,0,0,0,0,1.50,0.00,1.50,1.50,1.50,Matches,Copa del Rey,2024-2025
369e540a,Marco Suárez Coronas,es ESP,GK,20,2,2,180,2.0,0,0,0,0,0,0,0,0,0.00,0.00,0.00,0.00,0.00,Matches,Copa del Rey,2024-2025
cd813a84,Eudald Vergés,es ESP,DF,27,2,2,180,2.0,0,1,1,0,0,0,1,0,0.00,0.50,0.50,0.00,0.50,Matches,Copa del Rey,2024-2025
87324f42,Ramiro Mayor,es ESP,DF,33,2,2,135,1.5,0,0,0,0,0,0,0,0,0.00,0.00,0.00,0.00,0.00,Matches,Copa del Rey,2024-2025
02edb152,Jonathan Monroy,es ESP,"MF,FW",22,2,2,122,1.4,0,1,1,0,0,0,1,0,0.00,0.74,0.74,0.00,0.74,Matches,Copa del Rey,2024-2025
1440ee6b,Jorge Rastrojo,es ESP,FW,24,2,1,119,1.3,0,0,0,0,0,0,0,0,0.00,0.00,0.00,0.00,0.00,Matches,Copa del Rey,2024-2025
9f3594bc,Aitor Pascual,es ESP,DF,25,2,1,106,1.2,0,0,0,0,0,0,0,0,0.00,0.00,0.00,0.00,0.00,Matches,Copa del Rey,2024-2025
bf01474e,Pau Martínez,es ESP,MF,23,2,1,101,1.1,1,1,2,1,0,0,0,0,0.89,0.89,1.78,0.89,1.78,Matches,Copa del Rey,2024-2025
ad3b668f,Gorka Santamaría,es ESP,FW,29,2,1,77,0.9,0,0,0,0,0,0,0,0,0.00,0.00,0.00,0.00,0.00,Matches,Copa del Rey,2024-2025
7ee356e9,Carlos de la Nava,es ESP,MF,31,1,1,74,0.8,0,0,0,0,0,0,0,0,0.00,0.00,0.00,0.00,0.00,Matches,Copa del Rey,2024-2025
fdc20efb,Raúl Tavares,es ESP,MF,25,1,1,68,0.8,0,0,0,0,0,0,1,0,0.00,0.00,0.00,0.00,0.00,Matches,Copa del Rey,2024-2025
63787ec5,Iñaki González,es ESP,MF,20,1,1,61,0.7,0,0,0,0,0,0,1,0,0.00,0.00,0.00,0.00,0.00,Matches,Copa del Rey,2024-2025
661e2822,Carlos García,es ESP,DF,24,1,1,45,0.5,0,0,0,0,0,0,0,0,0.00,0.00,0.00,0.00,0.00,Matches,Copa del Rey,2024-2025
7a5ad676,Mikel Serrano García,es ESP,DF,21,2,0,90,1.0,0,0,0,0,0,0,0,0,0.00,0.00,0.00,0.00,0.00,Matches,Copa del Rey,2024-2025
a2c729f2,Jordi Tur,es ESP,MF,26,2,0,51,0.6,0,0,0,0,0,0,0,0,0.00,0.00,0.00,0.00,0.00,Matches,Copa del Rey,2024-2025
db8a5ee6,Dani García,es ESP,MF,25,2,0,30,0.3,0,0,0,0,0,0,0,1,0.00,0.00,0.00,0.00,0.00,Matches,Copa del Rey,2024-2025
831b925c,Iván Moreno,es ESP,FW,27,0,0,,0.0,0,0,0,0,0,0,0,1,,,,,,Matches,Copa del Rey,2024-2025
4916ebd8,Iván Martínez,es ESP,GK,22,0,0,,,,,,,,,,,,,,,,Matches,Copa del Rey,2024-2025
8416cd70,Steffan Witmer,us USA,FW,18,0,0,,,,,,,,,,,,,,,,Matches,Copa del Rey,2024-2025
4db03ce6,Fran Martínez,es ESP,GK,24,3,3,300,3.3,0,0,0,0,0,0,0,0,0.00,0.00,0.00,0.00,0.00,Matches,Copa del Rey,2024-2025
3da42ca2,José Mas,es ESP,DF,26,3,3,300,3.3,1,0,1,1,0,0,0,0,0.30,0.00,0.30,0.30,0.30,Matches,Copa del Rey,2024-2025
ad94c090,Damián Petkoff,ar ARG,MF,34,3,3,300,3.3,0,0,0,0,0,0,0,0,0.00,0.00,0.00,0.00,0.00,Matches,Copa del Rey,2024-2025
135c2838,Cristhian Britos,uy URU,MF,33,3,3,296,3.3,1,0,1,1,0,0,0,0,0.30,0.00,0.30,0.30,0.30,Matches,Copa del Rey,2024-2025
d00650fc,Pipo,es ESP,MF,27,3,3,245,2.7,0,2,2,0,0,0,0,0,0.00,0.73,0.73,0.00,0.73,Matches,Copa del Rey,2024-2025
8c04de06,Juanmi Heredero,es ESP,DF,31,3,3,222,2.5,0,0,0,0,0,0,1,0,0.00,0.00,0.00,0.00,0.00,Matches,Copa del Rey,2024-2025
1b5c7840,José Piñeiro,mx MEX,DF,31,3,3,218,2.4,0,0,0,0,0,0,1,0,0.00,0.00,0.00,0.00,0.00,Matches,Copa del Rey,2024-2025
021ea991,Francis,es ESP,FW,34,3,3,192,2.1,0,0,0,0,0,0,1,0,0.00,0.00,0.00,0.00,0.00,Matches,Copa del Rey,2024-2025
5290eb66,Omar Perdomo,es ESP,"MF,FW",31,3,2,206,2.3,1,0,1,1,0,0,0,0,0.44,0.00,0.44,0.44,0.44,Matches,Copa del Rey,2024-2025
1a358ba2,Javi Vera,es ESP,MF,27,3,2,201,2.2,1,0,1,1,0,0,1,0,0.45,0.00,0.45,0.45,0.45,Matches,Copa del Rey,2024-2025
f42621c7,David Morante,es ESP,DF,24,2,2,196,2.2,0,0,0,0,0,0,0,1,0.00,0.00,0.00,0.00,0.00,Matches,Copa del Rey,2024-2025
e93e5400,Domi,es ESP,MF,24,3,2,165,1.8,1,0,1,1,0,0,0,0,0.55,0.00,0.55,0.55,0.55,Matches,Copa del Rey,2024-2025
2e0207f3,Fran Molina,es ESP,DF,22,2,1,123,1.4,0,0,0,0,0,0,1,0,0.00,0.00,0.00,0.00,0.00,Matches,Copa del Rey,2024-2025
9875ca39,Sergio Cortado,es ESP,FW,21,2,0,86,1.0,0,0,0,0,0,0,1,0,0.00,0.00,0.00,0.00,0.00,Matches,Copa del Rey,2024-2025
4e1e1aa3,Diego Sheffield,es ESP,FW,20,2,0,78,0.9,0,0,0,0,0,0,0,0,0.00,0.00,0.00,0.00,0.00,Matches,Copa del Rey,2024-2025
f8f10db0,Sandji Baradji,ml MLI,MF,24,2,0,66,0.7,1,0,1,1,0,0,0,0,1.36,0.00,1.36,1.36,1.36,Matches,Copa del Rey,2024-2025
f6c9e5bb,Raúl Sanchís,es ESP,MF,21,3,0,62,0.7,0,0,0,0,0,0,0,0,0.00,0.00,0.00,0.00,0.00,Matches,Copa del Rey,2024-2025
b83cc9ed,Arturo,es ESP,FW,35,1,0,22,0.2,0,1,1,0,0,0,1,0,0.00,4.09,4.09,0.00,4.09,Matches,Copa del Rey,2024-2025
da063f3d,Julio Algar,es ESP,DF,27,1,0,4,0.0,0,0,0,0,0,0,0,0,0.00,0.00,0.00,0.00,0.00,Matches,Copa del Rey,2024-2025
91b8712d,Feli Martínez,es ESP,FW,25,1,0,4,0.0,1,0,1,1,0,0,0,0,22.50,0.00,22.50,22.50,22.50,Matches,Copa del Rey,2024-2025
91df26e6,Antonio Blaya,,FW,,0,0,,,,,,,,,,,,,,,,Matches,Copa del Rey,2024-2025
969cf283,Oleg Oliynyk,,GK,,0,0,,,,,,,,,,,,,,,,Matches,Copa del Rey,2024-2025
7fc99ba7,Manu Rodriguez,es ESP,MF,20,0,0,,,,,,,,,,,,,,,,Matches,Copa del Rey,2024-2025
626a7e56,Joel Solas,,GK,,0,0,,,,,,,,,,,,,,,,Matches,Copa del Rey,2024-2025
892fd5de,Jesús Boigues,es ESP,DF,23,1,1,90,1.0,0,0,0,0,0,0,0,0,0.00,0.00,0.00,0.00,0.00,Matches,Copa del Rey,2024-2025
2250b099,Sergio Dominguez,,FW,,1,1,90,1.0,0,0,0,0,0,0,0,0,0.00,0.00,0.00,0.00,0.00,Matches,Copa del Rey,2024-2025
c0fb2dc9,Gonzalo,es ESP,DF,25,1,1,90,1.0,0,0,0,0,0,0,0,0,0.00,0.00,0.00,0.00,0.00,Matches,Copa del Rey,2024-2025
9b4b345a,Fran López,es ESP,MF,23,1,1,90,1.0,1,0,1,1,0,0,1,0,1.00,0.00,1.00,1.00,1.00,Matches,Copa del Rey,2024-2025
3691685a,Sergio Montes,es ESP,DF,27,1,1,90,1.0,0,0,0,0,0,0,0,0,0.00,0.00,0.00,0.00,0.00,Matches,Copa del Rey,2024-2025
95230c26,Hodei Oleaga,es ESP,GK,27,1,1,90,1.0,0,0,0,0,0,0,0,0,0.00,0.00,0.00,0.00,0.00,Matches,Copa del Rey,2024-2025
b9728196,Alejandro Morales,es ESP,FW,20,1,1,80,0.9,0,0,0,0,0,0,0,0,0.00,0.00,0.00,0.00,0.00,Matches,Copa del Rey,2024-2025
086bee8c,Jesús Sillero,es ESP,FW,28,1,1,69,0.8,0,0,0,0,0,0,0,0,0.00,0.00,0.00,0.00,0.00,Matches,Copa del Rey,2024-2025
3940eb0b,Izan Gutiérrez,es ESP,MF,22,1,1,57,0.6,0,0,0,0,0,0,0,0,0.00,0.00,0.00,0.00,0.00,Matches,Copa del Rey,2024-2025
96e3d64b,Javier Hernández Tarroc,es ESP,DF,23,1,1,57,0.6,0,0,0,0,0,0,1,0,0.00,0.00,0.00,0.00,0.00,Matches,Copa del Rey,2024-2025
5436f6fb,Mario,es ESP,MF,28,1,1,57,0.6,0,0,0,0,0,0,1,0,0.00,0.00,0.00,0.00,0.00,Matches,Copa del Rey,2024-2025
05974138,Ezkurdia,es ESP,DF,25,1,0,33,0.4,0,0,0,0,0,0,0,0,0.00,0.00,0.00,0.00,0.00,Matches,Copa del Rey,2024-2025
5135cd80,Cristóbal Gil Martín,es ESP,MF,32,1,0,33,0.4,0,0,0,0,0,0,1,0,0.00,0.00,0.00,0.00,0.00,Matches,Copa del Rey,2024-2025
8c88b963,Pana,es ESP,FW,26,1,0,33,0.4,0,1,1,0,0,0,0,0,0.00,2.73,2.73,0.00,2.73,Matches,Copa del Rey,2024-2025
dcd66083,Pepe Carmona,es ESP,FW,29,1,0,21,0.2,0,0,0,0,0,0,0,0,0.00,0.00,0.00,0.00,0.00,Matches,Copa del Rey,2024-2025
8a29a124,Kike López,es ESP,FW,36,1,0,10,0.1,0,0,0,0,0,0,0,0,0.00,0.00,0.00,0.00,0.00,Matches,Copa del Rey,2024-2025
3cbf337f,Álvaro Coque,es ESP,MF,33,0,0,,,,,,,,,,,,,,,,Matches,Copa del Rey,2024-2025
fb4836e5,Alonso García,es ESP,MF,20,0,0,,,,,,,,,,,,,,,,Matches,Copa del Rey,2024-2025
d27ff1ca,Johan Guzmán,do DOM,GK,27,0,0,,,,,,,,,,,,,,,,Matches,Copa del Rey,2024-2025
89ba9243,Álex Hernández,,FW,,0,0,,,,,,,,,,,,,,,,Matches,Copa del Rey,2024-2025
36ba66aa,Carlos Marín,es ESP,GK,27,40,40,"3,600",40.0,0,0,0,0,0,0,4,0,0.00,0.00,0.00,0.00,0.00,Matches,Copa del Rey,2024-2025
450ca3c1,Cristian Carracedo,es ESP,"FW,MF",28,40,38,"3,284",36.5,5,11,16,3,2,2,12,0,0.14,0.30,0.44,0.08,0.38,Matches,Copa del Rey,2024-2025
6e36226f,Isma Ruiz,es ESP,MF,23,35,35,"2,949",32.8,2,0,2,2,0,0,6,0,0.06,0.00,0.06,0.06,0.06,Matches,Copa del Rey,2024-2025
fdaaeda4,Albarrán,es ESP,DF,30,36,33,"2,953",32.8,4,2,6,4,0,0,11,0,0.12,0.06,0.18,0.12,0.18,Matches,Copa del Rey,2024-2025
85c05bac,Antonio Casas,es ESP,FW,24,39,32,"2,650",29.4,10,1,11,10,0,0,10,1,0.34,0.03,0.37,0.34,0.37,Matches,Copa del Rey,2024-2025
93551864,Álex Sala,es ESP,MF,23,37,32,"2,622",29.1,5,5,10,4,1,1,11,0,0.17,0.17,0.34,0.14,0.31,Matches,Copa del Rey,2024-2025
09e81276,Jacobo,es ESP,"FW,MF",27,34,30,"2,575",28.6,9,6,15,6,3,3,5,1,0.31,0.21,0.52,0.21,0.42,Matches,Copa del Rey,2024-2025
47d9e72a,Xavi Sintes,es ESP,DF,22,35,27,"2,503",27.8,0,1,1,0,0,0,4,0,0.00,0.04,0.04,0.00,0.04,Matches,Copa del Rey,2024-2025
da4e70e5,Calderón,es ESP,DF,24,32,23,"2,207",24.5,0,1,1,0,0,0,8,1,0.00,0.04,0.04,0.00,0.04,Matches,Copa del Rey,2024-2025
3e5a168c,Carlos Isaac,es ESP,DF,26,29,23,"2,025",22.5,0,3,3,0,0,0,6,0,0.00,0.13,0.13,0.00,0.13,Matches,Copa del Rey,2024-2025
49d089cd,Marvel,es ESP,DF,21,27,23,"2,024",22.5,0,0,0,0,0,0,10,0,0.00,0.00,0.00,0.00,0.00,Matches,Copa del Rey,2024-2025
c9e65bc5,Theo Zidane,fr FRA,MF,22,36,22,"1,832",20.4,5,1,6,5,0,0,9,1,0.25,0.05,0.29,0.25,0.29,Matches,Copa del Rey,2024-2025
e2e23679,Adrián Lapeña,es ESP,DF,28,17,17,"1,512",16.8,1,0,1,1,0,0,6,1,0.06,0.00,0.06,0.06,0.06,Matches,Copa del Rey,2024-2025
58e85e92,Adilson,pt POR,"FW,MF",27,22,16,"1,377",15.3,3,2,5,3,0,0,1,0,0.20,0.13,0.33,0.20,0.33,Matches,Copa del Rey,2024-2025
f9358b61,Pedro Ortiz,es ESP,MF,23,18,11,992,11.0,4,1,5,4,0,0,3,0,0.36,0.09,0.45,0.36,0.45,Matches,Copa del Rey,2024-2025
696b0f1e,Nikolay Obolsky,ru RUS,FW,27,33,10,"1,071",11.9,3,3,6,3,0,0,2,0,0.25,0.25,0.50,0.25,0.50,Matches,Copa del Rey,2024-2025
8e049cbd,José Martínez,es ESP,DF,31,12,10,798,8.9,1,0,1,1,0,0,3,1,0.11,0.00,0.11,0.11,0.11,Matches,Copa del Rey,2024-2025
087b9a0d,Ander Yoldi,es ESP,"MF,FW",22,40,9,"1,250",13.9,3,1,4,2,1,1,4,0,0.22,0.07,0.29,0.14,0.22,Matches,Copa del Rey,2024-2025
8a704594,Rubén Alves,es ESP,DF,29,10,9,725,8.1,2,0,2,2,0,0,5,0,0.25,0.00,0.25,0.25,0.25,Matches,Copa del Rey,2024-2025
505d9778,Genaro Rodríguez Serrano,es ESP,"MF,DF",26,21,8,743,8.3,0,1,1,0,0,0,6,0,0.00,0.12,0.12,0.00,0.12,Matches,Copa del Rey,2024-2025
d4808594,Jon Magunazelaia,es ESP,MF,23,20,5,580,6.4,0,0,0,0,0,0,4,1,0.00,0.00,0.00,0.00,0.00,Matches,Copa del Rey,2024-2025
2b6dc4d7,Kuki,es ESP,MF,26,13,2,264,2.9,0,0,0,0,0,0,1,0,0.00,0.00,0.00,0.00,0.00,Matches,Copa del Rey,2024-2025
4387dd60,Ramon Vila,es ESP,GK,22,2,2,180,2.0,0,0,0,0,0,0,0,0,0.00,0.00,0.00,0.00,0.00,Matches,Copa del Rey,2024-2025
84a85b48,Alberto Del Moral,es ESP,MF,24,5,2,179,2.0,0,0,0,0,0,0,0,0,0.00,0.00,0.00,0.00,0.00,Matches,Copa del Rey,2024-2025
83c6fd46,Matías Barboza,es ESP,DF,22,2,1,103,1.1,0,0,0,0,0,0,0,0,0.00,0.00,0.00,0.00,0.00,Matches,Copa del Rey,2024-2025
1ca5791d,Alex López,es ESP,DF,18,2,1,97,1.1,0,0,0,0,0,0,0,0,0.00,0.00,0.00,0.00,0.00,Matches,Copa del Rey,2024-2025
a67d98d5,Adrián Vázquez,es ESP,DF,20,2,1,93,1.0,0,1,1,0,0,0,0,0,0.00,0.97,0.97,0.00,0.97,Matches,Copa del Rey,2024-2025
091795f2,Gabriele Corbo,it ITA,DF,24,3,0,135,1.5,0,0,0,0,0,0,0,0,0.00,0.00,0.00,0.00,0.00,Matches,Copa del Rey,2024-2025
e9619634,Jude Soonsup-Bell,th THA,FW,20,7,0,82,0.9,0,0,0,0,0,0,0,0,0.00,0.00,0.00,0.00,0.00,Matches,Copa del Rey,2024-2025
7f652567,Ntji Tounkara,ml MLI,MF,19,2,0,18,0.2,0,0,0,0,0,0,0,0,0.00,0.00,0.00,0.00,0.00,Matches,Copa del Rey,2024-2025
d91b4dcb,Alejandro Arévalo,es ESP,GK,16,0,0,,,,,,,,,,,,,,,,Matches,Copa del Rey,2024-2025
2494a390,Víctor Blanco,es ESP,MF,21,0,0,,,,,,,,,,,,,,,,Matches,Copa del Rey,2024-2025
0e2d4cb8,Bugui,es ESP,MF,19,0,0,,,,,,,,,,,,,,,,Matches,Copa del Rey,2024-2025
e2ec5065,Molina,es ESP,MF,21,0,0,,,,,,,,,,,,,,,,Matches,Copa del Rey,2024-2025
3d0765f7,Pablo Muñoz,es ESP,MF,19,0,0,,,,,,,,,,,,,,,,Matches,Copa del Rey,2024-2025
335747a5,Josema Ortiz,es ESP,DF,20,0,0,,,,,,,,,,,,,,,,Matches,Copa del Rey,2024-2025
2db6cec5,Cristian Osca,es ESP,DF,19,0,0,,,,,,,,,,,,,,,,Matches,Copa del Rey,2024-2025
e1820276,Mikel Carro,es ESP,MF,25,1,1,90,1.0,0,0,0,0,0,0,0,0,0.00,0.00,0.00,0.00,0.00,Matches,Copa del Rey,2024-2025
56750d95,Juanjo Chavalés,es ESP,DF,30,1,1,90,1.0,0,0,0,0,0,0,1,0,0.00,0.00,0.00,0.00,0.00,Matches,Copa del Rey,2024-2025
28998bfe,Iñaki León,es ESP,DF,24,1,1,90,1.0,0,0,0,0,0,0,0,0,0.00,0.00,0.00,0.00,0.00,Matches,Copa del Rey,2024-2025
d073042f,Gonzalo Llerena,es ESP,DF,34,1,1,90,1.0,0,0,0,0,0,0,1,0,0.00,0.00,0.00,0.00,0.00,Matches,Copa del Rey,2024-2025
b867e203,Samu Manchon,es ESP,MF,27,1,1,90,1.0,0,0,0,0,0,0,0,0,0.00,0.00,0.00,0.00,0.00,Matches,Copa del Rey,2024-2025
ac20ad04,Sergio Gómez,es ESP,MF,34,1,1,56,0.6,0,0,0,0,0,0,0,0,0.00,0.00,0.00,0.00,0.00,Matches,Copa del Rey,2024-2025
b70696f9,Margallo,es ESP,MF,25,1,1,56,0.6,0,0,0,0,0,0,0,0,0.00,0.00,0.00,0.00,0.00,Matches,Copa del Rey,2024-2025
1fa7496d,Adrià Mercadal,es ESP,FW,24,1,1,56,0.6,0,0,0,0,0,0,0,0,0.00,0.00,0.00,0.00,0.00,Matches,Copa del Rey,2024-2025
0ee56be7,Nando Copete,es ESP,FW,32,1,0,34,0.4,0,0,0,0,0,0,0,0,0.00,0.00,0.00,0.00,0.00,Matches,Copa del Rey,2024-2025
4943afc2,Alberto Páez,,MF,,1,0,34,0.4,0,0,0,0,0,0,0,0,0.00,0.00,0.00,0.00,0.00,Matches,Copa del Rey,2024-2025
e2dcc60e,Moises Parra Gutierrez,es ESP,MF,22,1,0,34,0.4,0,0,0,0,0,0,0,0,0.00,0.00,0.00,0.00,0.00,Matches,Copa del Rey,2024-2025
391c6e43,Manuel Cedenilla,es ESP,DF,26,0,0,,,,,,,,,,,,,,,,Matches,Copa del Rey,2024-2025
dd341a67,Luis Fernando Télles,mx MEX,MF,32,0,0,,,,,,,,,,,,,,,,Matches,Copa del Rey,2024-2025
4c21556e,Kellyan,es ESP,GK,25,0,0,,,,,,,,,,,,,,,,Matches,Copa del Rey,2024-2025
291945d8,Emmanuel Attipoe,gh GHA,MF,24,1,1,90,1.0,0,0,0,0,0,0,1,0,0.00,0.00,0.00,0.00,0.00,Matches,Copa del Rey,2024-2025
815b2400,Francisco de Borja Domingo,es ESP,FW,28,1,1,90,1.0,0,0,0,0,0,0,1,0,0.00,0.00,0.00,0.00,0.00,Matches,Copa del Rey,2024-2025
e3d0a984,Marvin,gq EQG,DF,26,1,1,90,1.0,0,0,0,0,0,0,0,0,0.00,0.00,0.00,0.00,0.00,Matches,Copa del Rey,2024-2025
7e685978,Matheus,br BRA,DF,28,1,1,90,1.0,0,0,0,0,0,0,0,0,0.00,0.00,0.00,0.00,0.00,Matches,Copa del Rey,2024-2025
066092d5,Pablo Rodriguez,es ESP,GK,25,1,1,90,1.0,0,0,0,0,0,0,0,0,0.00,0.00,0.00,0.00,0.00,Matches,Copa del Rey,2024-2025
c53445f5,Mario Sanchez,es ESP,DF,22,1,1,90,1.0,0,0,0,0,0,0,0,0,0.00,0.00,0.00,0.00,0.00,Matches,Copa del Rey,2024-2025
02ccdbb4,Antonio Ponce,es ESP,MF,24,1,1,89,1.0,0,0,0,0,0,0,2,1,0.00,0.00,0.00,0.00,0.00,Matches,Copa del Rey,2024-2025
84eb6e4f,Osama,dz ALG,FW,24,1,1,72,0.8,0,0,0,0,0,0,0,0,0.00,0.00,0.00,0.00,0.00,Matches,Copa del Rey,2024-2025
55eec681,Javier Tapia,es ESP,DF,21,1,1,72,0.8,1,0,1,1,0,0,0,0,1.25,0.00,1.25,1.25,1.25,Matches,Copa del Rey,2024-2025
ac303f78,Erik Aguado,mx MEX,MF,25,1,1,57,0.6,0,0,0,0,0,0,0,0,0.00,0.00,0.00,0.00,0.00,Matches,Copa del Rey,2024-2025
58eb3554,Antonio Pacheco,es ESP,MF,27,1,1,45,0.5,0,0,0,0,0,0,0,0,0.00,0.00,0.00,0.00,0.00,Matches,Copa del Rey,2024-2025
efa2e49b,Raly Cabral,cv CPV,FW,27,1,0,45,0.5,0,0,0,0,0,0,0,0,0.00,0.00,0.00,0.00,0.00,Matches,Copa del Rey,2024-2025
31bb5d0b,Álvaro Cámara,es ESP,FW,22,1,0,33,0.4,0,0,0,0,0,0,0,0,0.00,0.00,0.00,0.00,0.00,Matches,Copa del Rey,2024-2025
0a0778df,Julio Rodao,es ESP,DF,27,1,0,18,0.2,0,0,0,0,0,0,0,0,0.00,0.00,0.00,0.00,0.00,Matches,Copa del Rey,2024-2025
394a136a,Dani Salas,es ESP,FW,25,1,0,18,0.2,0,0,0,0,0,0,0,0,0.00,0.00,0.00,0.00,0.00,Matches,Copa del Rey,2024-2025
a397726a,Ale Benítez,es ESP,MF,24,0,0,,,,,,,,,,,,,,,,Matches,Copa del Rey,2024-2025
1186b730,Răzvan Ochiroșii,ro ROU,"DF,MF",35,0,0,,,,,,,,,,,,,,,,Matches,Copa del Rey,2024-2025
828ab640,Manuel Pavón,es ESP,DF,40,0,0,,,,,,,,,,,,,,,,Matches,Copa del Rey,2024-2025
802705b0,David Rosón,es ESP,MF,21,0,0,,,,,,,,,,,,,,,,Matches,Copa del Rey,2024-2025
9a31ee52,Sebas,es ESP,GK,32,0,0,,,,,,,,,,,,,,,,Matches,Copa del Rey,2024-2025
b22492fa,Pau Tejon,es ESP,MF,21,0,0,,,,,,,,,,,,,,,,Matches,Copa del Rey,2024-2025
acb478b4,Martín Artetxe,es ESP,GK,27,1,1,90,1.0,0,0,0,0,0,0,0,0,0.00,0.00,0.00,0.00,0.00,Matches,Copa del Rey,2024-2025
a4ce360c,Julen Etxeberria,es ESP,DF,27,1,1,90,1.0,0,0,0,0,0,0,0,0,0.00,0.00,0.00,0.00,0.00,Matches,Copa del Rey,2024-2025
806872d2,Jon Gaztañaga,es ESP,DF,33,1,1,90,1.0,0,0,0,0,0,0,0,0,0.00,0.00,0.00,0.00,0.00,Matches,Copa del Rey,2024-2025
ae498101,Julen Olasagasti,es ESP,DF,24,1,1,90,1.0,0,0,0,0,0,0,0,0,0.00,0.00,0.00,0.00,0.00,Matches,Copa del Rey,2024-2025
2f6ae2c0,Sansinenea,es ESP,DF,29,1,1,90,1.0,0,0,0,0,0,0,1,0,0.00,0.00,0.00,0.00,0.00,Matches,Copa del Rey,2024-2025
811e96f9,Julen Zubillaga,es ESP,MF,23,1,1,90,1.0,0,0,0,0,0,0,0,0,0.00,0.00,0.00,0.00,0.00,Matches,Copa del Rey,2024-2025
b709564a,Borja López,es ESP,FW,25,1,1,76,0.8,0,0,0,0,0,0,0,0,0.00,0.00,0.00,0.00,0.00,Matches,Copa del Rey,2024-2025
fb51d746,Alexander Iriondo,es ESP,DF,30,1,1,59,0.7,0,0,0,0,0,0,1,0,0.00,0.00,0.00,0.00,0.00,Matches,Copa del Rey,2024-2025
980c1400,Eneko Lizaso,es ESP,MF,21,1,1,59,0.7,0,0,0,0,0,0,0,0,0.00,0.00,0.00,0.00,0.00,Matches,Copa del Rey,2024-2025
c608b954,Iker Salamanca,,MF,,1,1,59,0.7,0,0,0,0,0,0,0,0,0.00,0.00,0.00,0.00,0.00,Matches,Copa del Rey,2024-2025
aa7da569,Eñaut Mendía,es ESP,MF,25,1,1,14,0.2,0,0,0,0,0,0,0,0,0.00,0.00,0.00,0.00,0.00,Matches,Copa del Rey,2024-2025
43b4ea05,Beñat González,es ESP,MF,23,1,0,76,0.8,0,0,0,0,0,0,0,0,0.00,0.00,0.00,0.00,0.00,Matches,Copa del Rey,2024-2025
96aa9eec,Eizagirre,es ESP,FW,24,1,0,31,0.3,0,0,0,0,0,0,0,0,0.00,0.00,0.00,0.00,0.00,Matches,Copa del Rey,2024-2025
bd132650,Asier Lazcano,es ESP,DF,21,1,0,31,0.3,0,0,0,0,0,0,0,0,0.00,0.00,0.00,0.00,0.00,Matches,Copa del Rey,2024-2025
e02b4473,Markel Pita,es ESP,FW,23,1,0,31,0.3,0,0,0,0,0,0,0,0,0.00,0.00,0.00,0.00,0.00,Matches,Copa del Rey,2024-2025
5c7f9055,Ander Bengoechea,,FW,,1,0,14,0.2,0,0,0,0,0,0,0,0,0.00,0.00,0.00,0.00,0.00,Matches,Copa del Rey,2024-2025
7271880b,Ibai Agirre,,FW,,0,0,,,,,,,,,,,,,,,,Matches,Copa del Rey,2024-2025
5688bbf5,Eguren,es ESP,DF,30,0,0,,,,,,,,,,,,,,,,Matches,Copa del Rey,2024-2025
af8882b4,Koldo Ferrer,es ESP,MF,22,0,0,,,,,,,,,,,,,,,,Matches,Copa del Rey,2024-2025
d69541ec,Aitor Morcillo,es ESP,DF,29,0,0,,,,,,,,,,,,,,,,Matches,Copa del Rey,2024-2025
0ff91068,Alejandro Nores,es ESP,DF,19,0,0,,,,,,,,,,,,,,,,Matches,Copa del Rey,2024-2025
a6f1f5bc,Unai Vea,es ESP,GK,22,0,0,,,,,,,,,,,,,,,,Matches,Copa del Rey,2024-2025
374ee424,Álex Remiro,es ESP,GK,29,36,36,"3,240",36.0,0,0,0,0,0,0,0,0,0.00,0.00,0.00,0.00,0.00,Matches,Copa del Rey,2024-2025
3ee0dd59,Martín Zubimendi,es ESP,MF,25,36,33,"2,962",32.9,2,1,3,2,0,0,6,0,0.06,0.03,0.09,0.06,0.09,Matches,Copa del Rey,2024-2025
01e5f06e,Sergio Gómez,es ESP,MF,23,37,31,"2,738",30.4,2,5,7,2,0,0,4,0,0.07,0.16,0.23,0.07,0.23,Matches,Copa del Rey,2024-2025
dc7a172e,Jon Aramburu,ve VEN,DF,22,35,28,"2,460",27.3,1,1,2,1,0,0,8,0,0.04,0.04,0.07,0.04,0.07,Matches,Copa del Rey,2024-2025
8c3c640c,Mikel Oyarzabal,es ESP,FW,27,35,28,"2,250",25.0,9,3,12,5,4,4,4,1,0.36,0.12,0.48,0.20,0.32,Matches,Copa del Rey,2024-2025
16aa3654,Takefusa Kubo,jp JPN,"MF,FW",23,36,27,"2,372",26.4,5,0,5,5,0,0,5,0,0.19,0.00,0.19,0.19,0.19,Matches,Copa del Rey,2024-2025
5c7845f6,Igor Zubeldia,es ESP,DF,27,28,27,"2,269",25.2,0,0,0,0,0,0,6,1,0.00,0.00,0.00,0.00,0.00,Matches,Copa del Rey,2024-2025
e9ada8cf,Javi López,es ESP,DF,22,29,21,"1,936",21.5,0,0,0,0,0,0,4,0,0.00,0.00,0.00,0.00,0.00,Matches,Copa del Rey,2024-2025
1e1378e1,Luka Sučić,hr CRO,MF,21,29,21,"1,792",19.9,1,1,2,1,0,0,4,0,0.05,0.05,0.10,0.05,0.10,Matches,Copa del Rey,2024-2025
288e1e13,Nayef Aguerd,ma MAR,DF,28,21,21,"1,760",19.6,0,0,0,0,0,0,5,0,0.00,0.00,0.00,0.00,0.00,Matches,Copa del Rey,2024-2025
c9e39d91,Brais Méndez,es ESP,"MF,FW",27,27,19,"1,531",17.0,3,2,5,3,0,0,4,0,0.18,0.12,0.29,0.18,0.29,Matches,Copa del Rey,2024-2025
f7dc2ae5,Aritz Elustondo,es ESP,DF,30,22,16,"1,457",16.2,0,0,0,0,0,0,2,1,0.00,0.00,0.00,0.00,0.00,Matches,Copa del Rey,2024-2025
200e89e1,Ander Barrenetxea,es ESP,MF,22,30,14,"1,263",14.0,1,3,4,1,0,0,6,0,0.07,0.21,0.29,0.07,0.29,Matches,Copa del Rey,2024-2025
a83c19cf,Pablo Marín,es ESP,MF,21,23,14,"1,239",13.8,1,2,3,1,0,0,3,0,0.07,0.15,0.22,0.07,0.22,Matches,Copa del Rey,2024-2025
228b0d9d,Aihen Muñoz,es ESP,DF,26,21,13,"1,098",12.2,0,0,0,0,0,0,5,0,0.00,0.00,0.00,0.00,0.00,Matches,Copa del Rey,2024-2025
8eb55dbb,Sheraldo Becker,sr SUR,"MF,FW",29,22,11,995,11.1,2,1,3,2,0,0,1,1,0.18,0.09,0.27,0.18,0.27,Matches,Copa del Rey,2024-2025
068f4dec,Beñat Turrientes,es ESP,MF,22,21,11,942,10.5,0,0,0,0,0,0,4,0,0.00,0.00,0.00,0.00,0.00,Matches,Copa del Rey,2024-2025
d0b8e745,Orri Steinn Óskarsson,is ISL,FW,19,23,9,944,10.5,3,0,3,3,0,0,1,0,0.29,0.00,0.29,0.29,0.29,Matches,Copa del Rey,2024-2025
44150beb,Jon Pacheco,es ESP,DF,23,14,9,854,9.5,0,0,0,0,0,0,3,0,0.00,0.00,0.00,0.00,0.00,Matches,Copa del Rey,2024-2025
a4b1028a,Hamari Traoré,ml MLI,DF,32,11,9,700,7.8,0,1,1,0,0,0,2,0,0.00,0.13,0.13,0.00,0.13,Matches,Copa del Rey,2024-2025
3d99999d,Olasagasti,es ESP,MF,23,22,7,857,9.5,1,1,2,1,0,0,2,0,0.11,0.11,0.21,0.11,0.21,Matches,Copa del Rey,2024-2025
df33ecb5,Jon Martin,es ESP,DF,18,13,6,904,10.0,0,1,1,0,0,0,2,0,0.00,0.10,0.10,0.00,0.10,Matches,Copa del Rey,2024-2025
686cbe7d,Umar Sadiq,ng NGA,FW,27,7,2,227,2.5,0,0,0,0,0,0,1,0,0.00,0.00,0.00,0.00,0.00,Matches,Copa del Rey,2024-2025
f0fe87dc,Unai Marrero,es ESP,GK,22,2,2,180,2.0,0,0,0,0,0,0,0,0,0.00,0.00,0.00,0.00,0.00,Matches,Copa del Rey,2024-2025
7c2c671c,Arkaitz Mariezkurrena,es ESP,FW,19,9,1,241,2.7,2,0,2,2,0,0,1,0,0.75,0.00,0.75,0.75,0.75,Matches,Copa del Rey,2024-2025
7f14ec2a,Arsen Zakharyan,ru RUS,MF,21,3,1,73,0.8,1,0,1,1,0,0,0,0,1.23,0.00,1.23,1.23,1.23,Matches,Copa del Rey,2024-2025
c4f5eb61,Urko González,es ESP,MF,23,1,1,45,0.5,0,0,0,0,0,0,1,0,0.00,0.00,0.00,0.00,0.00,Matches,Copa del Rey,2024-2025
1d1691ad,Álvaro Odriozola,es ESP,DF,28,2,0,43,0.5,0,0,0,0,0,0,1,0,0.00,0.00,0.00,0.00,0.00,Matches,Copa del Rey,2024-2025
423680ee,Daniel Díaz,es ESP,FW,18,1,0,10,0.1,0,0,0,0,0,0,0,0,0.00,0.00,0.00,0.00,0.00,Matches,Copa del Rey,2024-2025
1406fae0,Luken Beitia,es ESP,DF,20,1,0,8,0.1,0,0,0,0,0,0,0,0,0.00,0.00,0.00,0.00,0.00,Matches,Copa del Rey,2024-2025
d4808594,Jon Magunazelaia,es ESP,MF,23,2,0,7,0.1,0,0,0,0,0,0,0,0,0.00,0.00,0.00,0.00,0.00,Matches,Copa del Rey,2024-2025
ef96e7bf,Egoitz Arana,es ESP,GK,22,0,0,,,,,,,,,,,,,,,,Matches,Copa del Rey,2024-2025
e056fea9,Jon Balda,es ESP,DF,22,0,0,,,,,,,,,,,,,,,,Matches,Copa del Rey,2024-2025
7645a52a,Aitor Fraga,es ESP,GK,21,0,0,,,,,,,,,,,,,,,,Matches,Copa del Rey,2024-2025
5192bf16,Mikel Goti,es ESP,MF,22,0,0,,,,,,,,,,,,,,,,Matches,Copa del Rey,2024-2025
9d112f56,Alex Marchal,es ESP,MF,16,0,0,,,,,,,,,,,,,,,,Matches,Copa del Rey,2024-2025
0607a092,Iñaki Rupérez,es ESP,DF,21,0,0,,,,,,,,,,,,,,,,Matches,Copa del Rey,2024-2025
3c0713de,Iker Balda,es ESP,DF,21,1,1,120,1.3,0,0,0,0,0,0,0,0,0.00,0.00,0.00,0.00,0.00,Matches,Copa del Rey,2024-2025
2ce6e3b9,Alejandro Parada,es ESP,DF,25,1,1,120,1.3,0,0,0,0,0,0,1,0,0.00,0.00,0.00,0.00,0.00,Matches,Copa del Rey,2024-2025
cbca1551,Pinillos,es ESP,GK,31,1,1,120,1.3,0,0,0,0,0,0,1,0,0.00,0.00,0.00,0.00,0.00,Matches,Copa del Rey,2024-2025
b8ed98b4,Aitor Perez,,DF,,1,1,111,1.2,0,0,0,0,0,0,2,1,0.00,0.00,0.00,0.00,0.00,Matches,Copa del Rey,2024-2025
272c198a,Mario León,es ESP,DF,32,1,1,105,1.2,0,0,0,0,0,0,2,1,0.00,0.00,0.00,0.00,0.00,Matches,Copa del Rey,2024-2025
05046c83,Andreu Talarn,es ESP,DF,20,1,1,104,1.2,0,0,0,0,0,0,0,0,0.00,0.00,0.00,0.00,0.00,Matches,Copa del Rey,2024-2025
d3c23048,Alex Aguado,es ESP,MF,25,1,1,68,0.8,0,0,0,0,0,0,0,0,0.00,0.00,0.00,0.00,0.00,Matches,Copa del Rey,2024-2025
e2d83f77,Íñigo Jiménez,es ESP,MF,31,1,1,64,0.7,0,0,0,0,0,0,0,0,0.00,0.00,0.00,0.00,0.00,Matches,Copa del Rey,2024-2025
681af0ea,Fernando Rubio,es ESP,MF,31,1,1,64,0.7,0,0,0,0,0,0,0,0,0.00,0.00,0.00,0.00,0.00,Matches,Copa del Rey,2024-2025
8a9b637c,Luis Jiménez,es ESP,FW,23,1,1,55,0.6,0,0,0,0,0,0,0,0,0.00,0.00,0.00,0.00,0.00,Matches,Copa del Rey,2024-2025
144533ba,Diego Lacruz,es ESP,FW,30,1,1,55,0.6,0,0,0,0,0,0,0,0,0.00,0.00,0.00,0.00,0.00,Matches,Copa del Rey,2024-2025
52c933ed,Kevin,es ESP,FW,23,1,0,65,0.7,0,0,0,0,0,0,1,0,0.00,0.00,0.00,0.00,0.00,Matches,Copa del Rey,2024-2025
4ec2ca32,Losantos,,FW,,1,0,65,0.7,0,0,0,0,0,0,0,0,0.00,0.00,0.00,0.00,0.00,Matches,Copa del Rey,2024-2025
f07bdb2d,Unai Ayensa,,MF,,1,0,56,0.6,0,0,0,0,0,0,0,0,0.00,0.00,0.00,0.00,0.00,Matches,Copa del Rey,2024-2025
b2298e5f,Gonzalo Casas,es ESP,MF,16,1,0,56,0.6,0,0,0,0,0,0,0,0,0.00,0.00,0.00,0.00,0.00,Matches,Copa del Rey,2024-2025
f96a7560,Francisco José Sota Bernard,es ESP,MF,33,1,0,52,0.6,0,0,0,0,0,0,0,0,0.00,0.00,0.00,0.00,0.00,Matches,Copa del Rey,2024-2025
54a453e1,Sergio Martínez,es ESP,DF,23,1,0,16,0.2,0,0,0,0,0,0,0,0,0.00,0.00,0.00,0.00,0.00,Matches,Copa del Rey,2024-2025
1fea78c3,Ignacio Cuartero,,,,0,0,,,,,,,,,,,,,,,,Matches,Copa del Rey,2024-2025
bccc63b7,Aitor Equiza,es ESP,GK,24,0,0,,,,,,,,,,,,,,,,Matches,Copa del Rey,2024-2025
7a5ece9d,Arturo Fernández,es ESP,FW,30,0,0,,,,,,,,,,,,,,,,Matches,Copa del Rey,2024-2025
15aa558d,Rubén Morillas,es ESP,MF,30,0,0,,,,,,,,,,,,,,,,Matches,Copa del Rey,2024-2025
7a812334,Hugo Riccobene,es ESP,MF,21,0,0,,,,,,,,,,,,,,,,Matches,Copa del Rey,2024-2025
6da7850e,Gil Bertrana,es ESP,DF,27,1,1,90,1.0,0,0,0,0,0,0,0,0,0.00,0.00,0.00,0.00,0.00,Matches,Copa del Rey,2024-2025
23ef716c,David Busquets,es ESP,DF,35,1,1,90,1.0,0,0,0,0,0,0,1,0,0.00,0.00,0.00,0.00,0.00,Matches,Copa del Rey,2024-2025
31d1b17a,Roger Cunill,es ESP,FW,26,1,1,90,1.0,0,0,0,0,0,0,1,0,0.00,0.00,0.00,0.00,0.00,Matches,Copa del Rey,2024-2025
a483c1e3,Agustín Mora,es ESP,GK,23,1,1,90,1.0,0,0,0,0,0,0,0,0,0.00,0.00,0.00,0.00,0.00,Matches,Copa del Rey,2024-2025
091d0e3c,Nil Pradas,es ESP,MF,25,1,1,90,1.0,0,0,0,0,0,0,0,0,0.00,0.00,0.00,0.00,0.00,Matches,Copa del Rey,2024-2025
76c77f3e,Martí Riera,es ESP,MF,22,1,1,90,1.0,0,0,0,0,0,0,0,0,0.00,0.00,0.00,0.00,0.00,Matches,Copa del Rey,2024-2025
72d3c028,Ot Bofill,es ESP,DF,29,1,1,80,0.9,0,0,0,0,0,0,0,0,0.00,0.00,0.00,0.00,0.00,Matches,Copa del Rey,2024-2025
c02c4496,Ignasi Quer,es ESP,FW,20,1,1,70,0.8,0,0,0,0,0,0,0,0,0.00,0.00,0.00,0.00,0.00,Matches,Copa del Rey,2024-2025
fa735e8b,Dídac Serra,,FW,,1,1,70,0.8,0,0,0,0,0,0,0,0,0.00,0.00,0.00,0.00,0.00,Matches,Copa del Rey,2024-2025
9f52b210,Pius Quer,,MF,,1,1,64,0.7,0,0,0,0,0,0,0,0,0.00,0.00,0.00,0.00,0.00,Matches,Copa del Rey,2024-2025
95380762,Arnau Prat,,DF,,1,1,63,0.7,0,0,0,0,0,0,0,0,0.00,0.00,0.00,0.00,0.00,Matches,Copa del Rey,2024-2025
a5cdfad0,Marcel Bellido,,MF,,1,0,27,0.3,0,0,0,0,0,0,0,0,0.00,0.00,0.00,0.00,0.00,Matches,Copa del Rey,2024-2025
d87be602,Marc Colomer,es ESP,MF,23,1,0,26,0.3,0,0,0,0,0,0,0,0,0.00,0.00,0.00,0.00,0.00,Matches,Copa del Rey,2024-2025
b10de50d,Max Morell,es ESP,FW,27,1,0,20,0.2,0,0,0,0,0,0,0,0,0.00,0.00,0.00,0.00,0.00,Matches,Copa del Rey,2024-2025
b4c01de1,Ignasi Armengou,es ESP,FW,26,1,0,10,0.1,0,0,0,0,0,0,0,0,0.00,0.00,0.00,0.00,0.00,Matches,Copa del Rey,2024-2025
4de542ca,Alfons Senyé,,DF,,1,0,9,0.1,0,0,0,0,0,0,2,1,0.00,0.00,0.00,0.00,0.00,Matches,Copa del Rey,2024-2025
810fdc38,Edgar Banús,,DF,,0,0,,,,,,,,,,,,,,,,Matches,Copa del Rey,2024-2025
e2bdff46,Castanyer,es ESP,DF,26,0,0,,,,,,,,,,,,,,,,Matches,Copa del Rey,2024-2025
b0446393,Marc Domènech,,DF,,0,0,,,,,,,,,,,,,,,,Matches,Copa del Rey,2024-2025
9390dd57,El Hadji Diaby,,FW,,0,0,,,,,,,,,,,,,,,,Matches,Copa del Rey,2024-2025
7ccfe6ef,Izan Pérez,,DF,,0,0,,,,,,,,,,,,,,,,Matches,Copa del Rey,2024-2025
cc4edd57,Sergi Taulats,,GK,,0,0,,,,,,,,,,,,,,,,Matches,Copa del Rey,2024-2025
90df343e,Carlos Vicente,es ESP,MF,25,37,35,"3,092",34.4,5,5,10,4,1,1,3,0,0.15,0.15,0.29,0.12,0.26,Matches,Copa del Rey,2024-2025
66654daa,Nahuel Tenaglia,ar ARG,DF,28,34,33,"2,922",32.5,2,1,3,2,0,0,11,0,0.06,0.03,0.09,0.06,0.09,Matches,Copa del Rey,2024-2025
9970da54,Antonio Sivera,es ESP,GK,27,32,32,"2,810",31.2,0,0,0,0,0,0,6,1,0.00,0.00,0.00,0.00,0.00,Matches,Copa del Rey,2024-2025
506daeac,Antonio Blanco,es ESP,MF,24,35,32,"2,727",30.3,0,1,1,0,0,0,11,1,0.00,0.03,0.03,0.00,0.03,Matches,Copa del Rey,2024-2025
ffacd3d5,Manu Sánchez,es ESP,DF,23,33,30,"2,634",29.3,1,0,1,1,0,0,6,1,0.03,0.00,0.03,0.03,0.03,Matches,Copa del Rey,2024-2025
e897d8ba,Kiké,es ESP,FW,34,35,29,"2,542",28.2,13,0,13,10,3,3,5,1,0.46,0.00,0.46,0.35,0.35,Matches,Copa del Rey,2024-2025
2bc7f211,Abdel Abqar,ma MAR,DF,25,29,29,"2,463",27.4,0,1,1,0,0,0,13,0,0.00,0.04,0.04,0.00,0.04,Matches,Copa del Rey,2024-2025
4c0a6a48,Jon Guridi,es ESP,MF,29,33,27,"2,080",23.1,3,1,4,2,1,1,6,0,0.13,0.04,0.17,0.09,0.13,Matches,Copa del Rey,2024-2025
8e48dc61,Ander Guevara,es ESP,MF,27,33,20,"1,947",21.6,0,1,1,0,0,0,3,0,0.00,0.05,0.05,0.00,0.05,Matches,Copa del Rey,2024-2025
698f11e3,Moussa Diarra,ml MLI,DF,23,26,20,"1,866",20.7,0,0,0,0,0,0,6,0,0.00,0.00,0.00,0.00,0.00,Matches,Copa del Rey,2024-2025
91ee5785,Santiago Mouriño,uy URU,DF,22,25,20,"1,849",20.5,0,1,1,0,0,0,7,0,0.00,0.05,0.05,0.00,0.05,Matches,Copa del Rey,2024-2025
64035864,Carlos Martín,es ESP,"MF,FW",22,26,16,"1,333",14.8,2,2,4,2,0,0,3,0,0.14,0.14,0.27,0.14,0.27,Matches,Copa del Rey,2024-2025
2a0c8ba4,Joan Jordán,es ESP,MF,30,25,15,"1,414",15.7,5,2,7,2,3,4,4,0,0.32,0.13,0.45,0.13,0.25,Matches,Copa del Rey,2024-2025
6c811eb7,Carles Aleñá,es ESP,MF,26,14,13,"1,090",12.1,0,2,2,0,0,0,1,0,0.00,0.17,0.17,0.00,0.17,Matches,Copa del Rey,2024-2025
f3945e07,Toni Martínez,es ESP,FW,27,28,9,"1,012",11.2,4,0,4,4,0,0,1,0,0.36,0.00,0.36,0.36,0.36,Matches,Copa del Rey,2024-2025
f61143dd,Tomás Conechny,ar ARG,"MF,FW",26,22,9,847,9.4,1,0,1,1,0,0,8,0,0.11,0.00,0.11,0.11,0.11,Matches,Copa del Rey,2024-2025
20c88f8f,Facundo Garcés,my MAS,DF,24,10,7,678,7.5,0,0,0,0,0,0,2,0,0.00,0.00,0.00,0.00,0.00,Matches,Copa del Rey,2024-2025
a35134ae,Aleksandar Sedlar,rs SRB,DF,32,9,7,594,6.6,0,0,0,0,0,0,1,1,0.00,0.00,0.00,0.00,0.00,Matches,Copa del Rey,2024-2025
4e257184,Stoichkov,es ESP,"MF,FW",30,16,6,699,7.8,0,1,1,0,0,0,1,0,0.00,0.13,0.13,0.00,0.13,Matches,Copa del Rey,2024-2025
9fb45456,Carlos Benavídez,uy URU,MF,26,18,6,487,5.4,1,1,2,1,0,0,3,0,0.18,0.18,0.37,0.18,0.37,Matches,Copa del Rey,2024-2025
9b30eda5,Pica,es ESP,DF,22,9,5,499,5.5,0,0,0,0,0,0,1,0,0.00,0.00,0.00,0.00,0.00,Matches,Copa del Rey,2024-2025
d6e3d7fb,Jesús Owono,gq EQG,GK,23,6,5,487,5.4,0,0,0,0,0,0,0,0,0.00,0.00,0.00,0.00,0.00,Matches,Copa del Rey,2024-2025
9a796115,Abde Rebbach,dz ALG,"MF,FW",25,8,4,385,4.3,0,0,0,0,0,0,1,0,0.00,0.00,0.00,0.00,0.00,Matches,Copa del Rey,2024-2025
57be54ec,Asier Villalibre,es ESP,FW,26,16,2,333,3.7,1,1,2,0,1,1,2,0,0.27,0.27,0.54,0.00,0.27,Matches,Copa del Rey,2024-2025
5458f670,Hugo Novoa,es ESP,"MF,DF",21,5,2,237,2.6,0,0,0,0,0,0,0,0,0.00,0.00,0.00,0.00,0.00,Matches,Copa del Rey,2024-2025
ca6edaa0,Luka Romero,ar ARG,"MF,FW",19,6,2,199,2.2,0,0,0,0,0,1,0,0,0.00,0.00,0.00,0.00,0.00,Matches,Copa del Rey,2024-2025
53440b64,Pau Cabanes,es ESP,MF,19,6,2,188,2.1,0,0,0,0,0,0,1,0,0.00,0.00,0.00,0.00,0.00,Matches,Copa del Rey,2024-2025
bf17fb4a,Adrian Rodriguez,es ESP,GK,23,2,1,122,1.4,0,0,0,0,0,0,1,0,0.00,0.00,0.00,0.00,0.00,Matches,Copa del Rey,2024-2025
eb3dd471,Luis Rioja,es ESP,"FW,MF",30,1,0,23,0.3,0,0,0,0,0,0,0,0,0.00,0.00,0.00,0.00,0.00,Matches,Copa del Rey,2024-2025
f8672605,Daouda Doumbia,ml MLI,MF,22,0,0,,,,,,,,,,,,,,,,Matches,Copa del Rey,2024-2025
9e85dbeb,Alejandro Jay Agustín,es ESP,MF,22,0,0,,,,,,,,,,,,,,,,Matches,Copa del Rey,2024-2025
a6b6c1cf,Julen Lartitegi,es ESP,FW,20,0,0,,,,,,,,,,,,,,,,Matches,Copa del Rey,2024-2025
48e96631,Egoitz Muñoz,es ESP,DF,19,0,0,,,,,,,,,,,,,,,,Matches,Copa del Rey,2024-2025
dc5ea86b,Eneko Ortiz,es ESP,MF,21,0,0,,,,,,,,,,,,,,,,Matches,Copa del Rey,2024-2025
ae14af56,Joaquín Panichelli,ar ARG,FW,21,0,0,,,,,,,,,,,,,,,,Matches,Copa del Rey,2024-2025
76b73a4b,Lander Pinillos,es ESP,MF,20,0,0,,,,,,,,,,,,,,,,Matches,Copa del Rey,2024-2025
4920e27b,Grégoire Swiderski,ca CAN,GK,18,0,0,,,,,,,,,,,,,,,,Matches,Copa del Rey,2024-2025
e4cbb095,Altube,es ESP,GK,24,2,2,210,2.3,0,0,0,0,0,0,0,0,0.00,0.00,0.00,0.00,0.00,Matches,Copa del Rey,2024-2025
933de879,Carlos Gutiérrez,es ESP,DF,32,2,2,210,2.3,0,0,0,0,0,0,0,0,0.00,0.00,0.00,0.00,0.00,Matches,Copa del Rey,2024-2025
24ade474,Aleix Gorjon,es ESP,DF,21,2,2,170,1.9,0,0,0,0,0,0,0,0,0.00,0.00,0.00,0.00,0.00,Matches,Copa del Rey,2024-2025
fbddd52a,Julen Castañeda,es ESP,DF,33,2,2,154,1.7,0,0,0,0,0,0,0,0,0.00,0.00,0.00,0.00,0.00,Matches,Copa del Rey,2024-2025
88b8bf8b,Karlo Špeljak,hr CRO,MF,21,2,2,149,1.7,0,0,0,0,0,0,0,0,0.00,0.00,0.00,0.00,0.00,Matches,Copa del Rey,2024-2025
15c601ec,Mancebo,es ESP,MF,28,2,2,132,1.5,0,0,0,0,0,0,0,0,0.00,0.00,0.00,0.00,0.00,Matches,Copa del Rey,2024-2025
40b38d21,Kiké,es ESP,FW,35,2,1,165,1.8,0,0,0,0,0,0,1,0,0.00,0.00,0.00,0.00,0.00,Matches,Copa del Rey,2024-2025
25f77e63,Carlos Ramos Blanco,es ESP,MF,29,2,1,165,1.8,0,0,0,0,0,0,0,0,0.00,0.00,0.00,0.00,0.00,Matches,Copa del Rey,2024-2025
bbf23a57,Eduard Campabadal,es ESP,DF,31,2,1,146,1.6,1,0,1,1,0,0,1,0,0.62,0.00,0.62,0.62,0.62,Matches,Copa del Rey,2024-2025
1ee31ac9,Roni,es ESP,FW,30,2,1,125,1.4,0,0,0,0,0,0,1,0,0.00,0.00,0.00,0.00,0.00,Matches,Copa del Rey,2024-2025
8a2e8f54,Guillermo Macho,es ESP,MF,21,1,1,120,1.3,0,0,0,0,0,0,1,0,0.00,0.00,0.00,0.00,0.00,Matches,Copa del Rey,2024-2025
6c49ca2e,Luis Rivas,co COL,FW,21,1,1,90,1.0,0,0,0,0,0,0,0,0,0.00,0.00,0.00,0.00,0.00,Matches,Copa del Rey,2024-2025
7976bcf7,Joel Priego,es ESP,FW,25,1,1,80,0.9,0,0,0,0,0,0,0,0,0.00,0.00,0.00,0.00,0.00,Matches,Copa del Rey,2024-2025
e0e03f80,José Carlos,es ESP,DF,28,1,1,64,0.7,0,0,0,0,0,0,0,0,0.00,0.00,0.00,0.00,0.00,Matches,Copa del Rey,2024-2025
1624d75b,Pablo Clavería,es ESP,MF,28,2,1,61,0.7,0,0,0,0,0,0,1,0,0.00,0.00,0.00,0.00,0.00,Matches,Copa del Rey,2024-2025
f0d37caa,Rafa Tresaco,es ESP,FW,23,2,0,71,0.8,0,0,0,0,0,0,0,0,0.00,0.00,0.00,0.00,0.00,Matches,Copa del Rey,2024-2025
bd2418b9,Sergio Nieto,es ESP,DF,25,1,0,56,0.6,0,0,0,0,0,0,0,0,0.00,0.00,0.00,0.00,0.00,Matches,Copa del Rey,2024-2025
981fadd0,Bolo,es ESP,DF,23,1,0,40,0.4,0,0,0,0,0,0,0,0,0.00,0.00,0.00,0.00,0.00,Matches,Copa del Rey,2024-2025
5a693c44,Rufino Lucero,ar ARG,DF,22,1,0,12,0.1,1,0,1,1,0,0,0,0,7.50,0.00,7.50,7.50,7.50,Matches,Copa del Rey,2024-2025
633bf2f5,Dani Hernández,es ESP,FW,32,0,0,,,,,,,,,,,,,,,,Matches,Copa del Rey,2024-2025
d258c8c3,Fermín Sobrón,es ESP,GK,28,0,0,,,,,,,,,,,,,,,,Matches,Copa del Rey,2024-2025
6e345987,Mario Fernández,es ESP,MF,21,1,1,90,1.0,0,0,0,0,0,0,0,0,0.00,0.00,0.00,0.00,0.00,Matches,Copa del Rey,2024-2025
9e42fd2c,Diego Jiménez López,es ESP,DF,32,1,1,90,1.0,0,0,0,0,0,0,0,0,0.00,0.00,0.00,0.00,0.00,Matches,Copa del Rey,2024-2025
f23110f7,Álex Lluch,es ESP,DF,20,1,1,90,1.0,0,0,0,0,0,0,1,0,0.00,0.00,0.00,0.00,0.00,Matches,Copa del Rey,2024-2025
6cdc93b1,Maurizio Pochettino,es ESP,FW,23,1,1,90,1.0,0,0,0,0,0,0,0,0,0.00,0.00,0.00,0.00,0.00,Matches,Copa del Rey,2024-2025
deef3232,David Sánchez,es ESP,FW,24,1,1,90,1.0,0,0,0,0,0,0,0,0,0.00,0.00,0.00,0.00,0.00,Matches,Copa del Rey,2024-2025
b570bded,Jaume Villar,es ESP,DF,26,1,1,90,1.0,0,0,0,0,0,0,1,0,0.00,0.00,0.00,0.00,0.00,Matches,Copa del Rey,2024-2025
3047ebdc,Simón Lecea,es ESP,DF,23,1,1,59,0.7,0,0,0,0,0,0,0,0,0.00,0.00,0.00,0.00,0.00,Matches,Copa del Rey,2024-2025
1aac3925,Alejandro Sánchez,es ESP,MF,20,1,1,59,0.7,0,0,0,0,0,0,0,0,0.00,0.00,0.00,0.00,0.00,Matches,Copa del Rey,2024-2025
1a590807,Jose Ramon,es ESP,MF,16,1,1,45,0.5,0,0,0,0,0,0,0,0,0.00,0.00,0.00,0.00,0.00,Matches,Copa del Rey,2024-2025
52d4d87e,Onofre Riera,es ESP,MF,29,1,1,45,0.5,0,0,0,0,0,0,0,0,0.00,0.00,0.00,0.00,0.00,Matches,Copa del Rey,2024-2025
47d3aa1b,Cristian Torrelavid,es ESP,GK,20,1,1,24,0.3,0,0,0,0,0,0,0,0,0.00,0.00,0.00,0.00,0.00,Matches,Copa del Rey,2024-2025
0dce7191,Eduardo Frías,es ESP,GK,25,1,0,66,0.7,0,0,0,0,0,0,0,0,0.00,0.00,0.00,0.00,0.00,Matches,Copa del Rey,2024-2025
8367e7bc,Jorge Bengoetxea,es ESP,DF,27,1,0,45,0.5,1,0,1,1,0,0,0,0,2.00,0.00,2.00,2.00,2.00,Matches,Copa del Rey,2024-2025
2d7b7d56,Juankar Martínez,es ESP,FW,30,1,0,45,0.5,0,1,1,0,0,0,1,0,0.00,2.00,2.00,0.00,2.00,Matches,Copa del Rey,2024-2025
aec2a1f3,Francisco Alejandro Navalón Bagur,es ESP,FW,26,1,0,31,0.3,0,0,0,0,0,0,0,0,0.00,0.00,0.00,0.00,0.00,Matches,Copa del Rey,2024-2025
4283924f,Caturla,es ESP,MF,27,1,0,31,0.3,0,0,0,0,0,0,0,0,0.00,0.00,0.00,0.00,0.00,Matches,Copa del Rey,2024-2025
96dc9469,Cristian Cruz,es ESP,DF,31,0,0,,,,,,,,,,,,,,,,Matches,Copa del Rey,2024-2025
2a17c205,Carlos Inglada,es ESP,DF,25,0,0,,,,,,,,,,,,,,,,Matches,Copa del Rey,2024-2025
3492c38d,Fran Núñez,do DOM,FW,29,0,0,,,,,,,,,,,,,,,,Matches,Copa del Rey,2024-2025
f0ce419d,Joan Campins,es ESP,DF,29,1,1,90,1.0,0,0,0,0,0,0,1,0,0.00,0.00,0.00,0.00,0.00,Matches,Copa del Rey,2024-2025
72dd82a4,Adrià Gené Sans,es ESP,FW,25,1,1,90,1.0,0,0,0,0,0,0,0,0,0.00,0.00,0.00,0.00,0.00,Matches,Copa del Rey,2024-2025
036336ce,Iñaki,es ESP,GK,27,1,1,90,1.0,0,0,0,0,0,0,0,0,0.00,0.00,0.00,0.00,0.00,Matches,Copa del Rey,2024-2025
fa8beb90,Quadri Liameed,ng NGA,MF,22,1,1,90,1.0,0,0,0,0,0,0,1,0,0.00,0.00,0.00,0.00,0.00,Matches,Copa del Rey,2024-2025
d3126573,Guillem Naranjo,es ESP,FW,24,1,1,90,1.0,0,0,0,0,0,0,0,0,0.00,0.00,0.00,0.00,0.00,Matches,Copa del Rey,2024-2025
6dd29a83,Miguel Opere,es ESP,DF,23,1,1,90,1.0,0,0,0,0,0,0,0,0,0.00,0.00,0.00,0.00,0.00,Matches,Copa del Rey,2024-2025
d576f396,Marc Fuentes,es ESP,DF,22,1,1,81,0.9,0,0,0,0,0,0,1,0,0.00,0.00,0.00,0.00,0.00,Matches,Copa del Rey,2024-2025
5c842ede,Xavi Estacio,es ESP,DF,23,1,1,74,0.8,0,0,0,0,0,0,0,0,0.00,0.00,0.00,0.00,0.00,Matches,Copa del Rey,2024-2025
5691a0c1,Adrián Lledó,es ESP,MF,27,1,1,45,0.5,0,0,0,0,0,0,0,0,0.00,0.00,0.00,0.00,0.00,Matches,Copa del Rey,2024-2025
d9393d4f,Fran Pérez,es ESP,MF,26,1,1,45,0.5,0,0,0,0,0,0,0,0,0.00,0.00,0.00,0.00,0.00,Matches,Copa del Rey,2024-2025
bea7243b,Diego Iglesias,es ESP,MF,23,1,1,40,0.4,0,0,0,0,0,0,0,0,0.00,0.00,0.00,0.00,0.00,Matches,Copa del Rey,2024-2025
85983e88,Unai García,es ESP,FW,22,1,0,50,0.6,0,0,0,0,0,0,0,0,0.00,0.00,0.00,0.00,0.00,Matches,Copa del Rey,2024-2025
6d8c69a7,Fernando Cortijo,es ESP,DF,24,1,0,45,0.5,1,0,1,1,0,0,0,0,2.00,0.00,2.00,2.00,2.00,Matches,Copa del Rey,2024-2025
a9008019,Juanan,es ESP,DF,34,1,0,45,0.5,0,0,0,0,0,0,0,0,0.00,0.00,0.00,0.00,0.00,Matches,Copa del Rey,2024-2025
fc06d50a,Iker Garcia,es ESP,MF,21,1,0,16,0.2,0,0,0,0,0,0,0,0,0.00,0.00,0.00,0.00,0.00,Matches,Copa del Rey,2024-2025
70a35e9f,Solbes,es ESP,DF,24,1,0,9,0.1,0,0,0,0,0,0,0,0,0.00,0.00,0.00,0.00,0.00,Matches,Copa del Rey,2024-2025
d78f01b2,Musa Isah,ng NGA,FW,22,0,0,,,,,,,,,,,,,,,,Matches,Copa del Rey,2024-2025
8dfabb0d,Yeray Izquierdo,es ESP,DF,21,0,0,,,,,,,,,,,,,,,,Matches,Copa del Rey,2024-2025
43895efc,Andreu Lladonosa,,GK,,0,0,,,,,,,,,,,,,,,,Matches,Copa del Rey,2024-2025
d220bc16,Óscar Rubio Fauria,es ESP,"DF,MF",40,0,0,,,,,,,,,,,,,,,,Matches,Copa del Rey,2024-2025
2a65ac39,Adriá Aliaga,es ESP,GK,29,1,1,90,1.0,0,0,0,0,0,0,0,0,0.00,0.00,0.00,0.00,0.00,Matches,Copa del Rey,2024-2025
1518ecbb,Sergio Ayala,es ESP,DF,31,1,1,90,1.0,0,0,0,0,0,0,0,0,0.00,0.00,0.00,0.00,0.00,Matches,Copa del Rey,2024-2025
5ea5d373,Pol Ballesteros,es ESP,MF,27,1,1,90,1.0,0,0,0,0,0,0,0,0,0.00,0.00,0.00,0.00,0.00,Matches,Copa del Rey,2024-2025
f4e6dd6e,Lluis Estebe,es ESP,FW,19,1,1,90,1.0,0,0,0,0,0,0,0,0,0.00,0.00,0.00,0.00,0.00,Matches,Copa del Rey,2024-2025
5871a72f,Lucas Pariente,es ESP,DF,22,1,1,90,1.0,0,0,0,0,0,0,0,0,0.00,0.00,0.00,0.00,0.00,Matches,Copa del Rey,2024-2025
a4c99667,Vitalie Pentelei,,DF,,1,1,90,1.0,0,0,0,0,0,0,0,0,0.00,0.00,0.00,0.00,0.00,Matches,Copa del Rey,2024-2025
4100f6c7,Ton Alcover,es ESP,MF,34,1,1,76,0.8,0,0,0,0,0,0,1,0,0.00,0.00,0.00,0.00,0.00,Matches,Copa del Rey,2024-2025
f53aea9b,Joel Marín,es ESP,MF,26,1,1,76,0.8,0,0,0,0,0,0,0,0,0.00,0.00,0.00,0.00,0.00,Matches,Copa del Rey,2024-2025
8680161b,Sanku Jabbie,,FW,,1,1,65,0.7,1,0,1,1,0,0,1,0,1.38,0.00,1.38,1.38,1.38,Matches,Copa del Rey,2024-2025
70fc7baf,Jaume Fernández,,MF,,1,1,58,0.6,0,0,0,0,0,0,0,0,0.00,0.00,0.00,0.00,0.00,Matches,Copa del Rey,2024-2025
275422e0,Mahamadou Jabbie,sl SLE,DF,30,1,1,58,0.6,0,0,0,0,0,0,0,0,0.00,0.00,0.00,0.00,0.00,Matches,Copa del Rey,2024-2025
119d9379,Maldonado,es ESP,FW,21,1,0,32,0.4,0,0,0,0,0,0,0,0,0.00,0.00,0.00,0.00,0.00,Matches,Copa del Rey,2024-2025
fd31ede1,Ramon Marimon,es ESP,DF,30,1,0,32,0.4,0,0,0,0,0,0,0,0,0.00,0.00,0.00,0.00,0.00,Matches,Copa del Rey,2024-2025
4a34fc5c,Carlos,es ESP,FW,27,1,0,25,0.3,0,0,0,0,0,0,0,0,0.00,0.00,0.00,0.00,0.00,Matches,Copa del Rey,2024-2025
35cf43b1,Haji Ceesay,es ESP,DF,25,1,0,14,0.2,0,0,0,0,0,0,0,0,0.00,0.00,0.00,0.00,0.00,Matches,Copa del Rey,2024-2025
d7364e28,Aaron Jaye,,FW,,1,0,14,0.2,0,0,0,0,0,0,0,0,0.00,0.00,0.00,0.00,0.00,Matches,Copa del Rey,2024-2025
f0549819,Camilo Barrera,,FW,,0,0,,,,,,,,,,,,,,,,Matches,Copa del Rey,2024-2025
edeeb342,Abdou Mendy,sn SEN,GK,21,0,0,,,,,,,,,,,,,,,,Matches,Copa del Rey,2024-2025
0ec16032,Max Rodriguez,,DF,,0,0,,,,,,,,,,,,,,,,Matches,Copa del Rey,2024-2025
38d8857e,Rubi,es ESP,DF,29,0,0,,,,,,,,,,,,,,,,Matches,Copa del Rey,2024-2025
05cb788c,Josep Serrano,,MF,,0,0,,,,,,,,,,,,,,,,Matches,Copa del Rey,2024-2025
4f9b7744,Manu Fernández,es ESP,DF,21,1,1,90,1.0,0,0,0,0,0,0,0,0,0.00,0.00,0.00,0.00,0.00,Matches,Copa del Rey,2024-2025
3806d748,Pedro Fernández,es ESP,DF,21,1,1,90,1.0,0,0,0,0,0,0,0,0,0.00,0.00,0.00,0.00,0.00,Matches,Copa del Rey,2024-2025
3edd62c5,Sergio Fernández,es ESP,DF,22,1,1,90,1.0,0,0,0,0,0,0,0,0,0.00,0.00,0.00,0.00,0.00,Matches,Copa del Rey,2024-2025
4f68b734,Mauro,es ESP,DF,30,1,1,90,1.0,0,0,0,0,0,0,0,0,0.00,0.00,0.00,0.00,0.00,Matches,Copa del Rey,2024-2025
6cb9b7e5,Javi Sánchez,es ESP,GK,34,1,1,90,1.0,0,0,0,0,0,0,0,0,0.00,0.00,0.00,0.00,0.00,Matches,Copa del Rey,2024-2025
bb5f67a2,Juanma Segura,es ESP,MF,22,1,1,90,1.0,0,0,0,0,0,0,0,0,0.00,0.00,0.00,0.00,0.00,Matches,Copa del Rey,2024-2025
8c2a65d4,Carlos Fernández,es ESP,FW,33,1,1,72,0.8,0,0,0,0,0,0,0,0,0.00,0.00,0.00,0.00,0.00,Matches,Copa del Rey,2024-2025
4dafbe15,Soma,es ESP,FW,20,1,1,72,0.8,0,0,0,0,0,0,0,0,0.00,0.00,0.00,0.00,0.00,Matches,Copa del Rey,2024-2025
f9656e16,Juan Cámara,es ESP,MF,30,1,1,64,0.7,0,0,0,0,0,0,0,0,0.00,0.00,0.00,0.00,0.00,Matches,Copa del Rey,2024-2025
c11e4302,Mario Martos,es ESP,MF,32,1,1,45,0.5,0,0,0,0,0,0,0,0,0.00,0.00,0.00,0.00,0.00,Matches,Copa del Rey,2024-2025
fb198949,Adri Paz,es ESP,MF,32,1,1,45,0.5,0,0,0,0,0,0,1,0,0.00,0.00,0.00,0.00,0.00,Matches,Copa del Rey,2024-2025
d543bfd1,Wisdom Awusi,gh GHA,MF,20,1,0,45,0.5,0,0,0,0,0,0,0,0,0.00,0.00,0.00,0.00,0.00,Matches,Copa del Rey,2024-2025
57ecb2b9,Miguel Alberto García Díaz,es ESP,MF,33,1,0,26,0.3,0,0,0,0,0,0,0,0,0.00,0.00,0.00,0.00,0.00,Matches,Copa del Rey,2024-2025
5788870f,Agus Alonso,es ESP,FW,29,1,0,18,0.2,0,0,0,0,0,0,0,0,0.00,0.00,0.00,0.00,0.00,Matches,Copa del Rey,2024-2025
933e8c8a,Javi Moyano,es ESP,DF,38,1,0,18,0.2,0,0,0,0,0,0,0,0,0.00,0.00,0.00,0.00,0.00,Matches,Copa del Rey,2024-2025
2429dc4e,Curro Burgos,es ESP,DF,20,1,0,13,0.1,0,0,0,0,0,0,0,1,0.00,0.00,0.00,0.00,0.00,Matches,Copa del Rey,2024-2025
1da3da15,José Antonio Espín,es ESP,DF,39,0,0,,,,,,,,,,,,,,,,Matches,Copa del Rey,2024-2025
76d08c7a,Óscar Lozano,es ESP,FW,28,0,0,,,,,,,,,,,,,,,,Matches,Copa del Rey,2024-2025
7e49b437,Álvaro Muñiz,es ESP,MF,35,0,0,,,,,,,,,,,,,,,,Matches,Copa del Rey,2024-2025
caf2e3db,Alejandro Palop,es ESP,GK,20,0,0,,,,,,,,,,,,,,,,Matches,Copa del Rey,2024-2025
31a98017,Fernando Rodríguez,es ESP,FW,37,0,0,,,,,,,,,,,,,,,,Matches,Copa del Rey,2024-2025
25bcd651,Sergio Rodríguez,es ESP,DF,34,0,0,,,,,,,,,,,,,,,,Matches,Copa del Rey,2024-2025
aba22b87,Carlos Gamallo,es ESP,DF,24,1,1,90,1.0,0,0,0,0,0,0,0,0,0.00,0.00,0.00,0.00,0.00,Matches,Copa del Rey,2024-2025
658f1d5a,Jorge González,es ESP,DF,24,1,1,90,1.0,0,0,0,0,0,0,0,0,0.00,0.00,0.00,0.00,0.00,Matches,Copa del Rey,2024-2025
802325a1,Denis López,es ESP,FW,29,1,1,90,1.0,0,0,0,0,0,0,1,0,0.00,0.00,0.00,0.00,0.00,Matches,Copa del Rey,2024-2025
a704851a,Iago Meijide,es ESP,MF,21,1,1,90,1.0,0,0,0,0,0,0,0,0,0.00,0.00,0.00,0.00,0.00,Matches,Copa del Rey,2024-2025
809fb368,Iván Rellán,es ESP,DF,22,1,1,90,1.0,0,0,0,0,0,0,0,0,0.00,0.00,0.00,0.00,0.00,Matches,Copa del Rey,2024-2025
94ff8e60,Pablo Vigo,es ESP,DF,39,1,1,90,1.0,0,0,0,0,0,0,0,0,0.00,0.00,0.00,0.00,0.00,Matches,Copa del Rey,2024-2025
14a060f0,Adrián Castro,es ESP,GK,20,1,1,63,0.7,0,0,0,0,0,0,0,0,0.00,0.00,0.00,0.00,0.00,Matches,Copa del Rey,2024-2025
938fcd63,Xian Alvite,es ESP,MF,26,1,1,61,0.7,0,0,0,0,0,0,0,0,0.00,0.00,0.00,0.00,0.00,Matches,Copa del Rey,2024-2025
b40bce11,Alejandro Segade,es ESP,FW,24,1,1,61,0.7,0,0,0,0,0,0,1,0,0.00,0.00,0.00,0.00,0.00,Matches,Copa del Rey,2024-2025
7bdc32f4,Carlos Díaz,es ESP,MF,28,1,1,54,0.6,0,0,0,0,0,0,0,0,0.00,0.00,0.00,0.00,0.00,Matches,Copa del Rey,2024-2025
ebd8c644,Christian Rey,es ESP,MF,26,1,1,54,0.6,0,0,0,0,0,0,0,0,0.00,0.00,0.00,0.00,0.00,Matches,Copa del Rey,2024-2025
b883dc39,Lucas Ferreiro,es ESP,MF,24,1,0,36,0.4,0,0,0,0,0,0,0,0,0.00,0.00,0.00,0.00,0.00,Matches,Copa del Rey,2024-2025
f96e31b2,Cristian Quintans,es ESP,FW,26,1,0,36,0.4,0,0,0,0,0,0,0,0,0.00,0.00,0.00,0.00,0.00,Matches,Copa del Rey,2024-2025
ad812f51,Antón Cambeiro,es ESP,MF,21,1,0,29,0.3,0,0,0,0,0,0,0,0,0.00,0.00,0.00,0.00,0.00,Matches,Copa del Rey,2024-2025
bc7e04fa,Sito Vilas,es ESP,MF,23,1,0,29,0.3,0,0,0,0,0,0,0,0,0.00,0.00,0.00,0.00,0.00,Matches,Copa del Rey,2024-2025
8f4ea963,David Lameiro,es ESP,GK,32,1,0,27,0.3,0,0,0,0,0,0,0,0,0.00,0.00,0.00,0.00,0.00,Matches,Copa del Rey,2024-2025
5167f69e,Gabriel Ares,es ESP,DF,19,0,0,,,,,,,,,,,,,,,,Matches,Copa del Rey,2024-2025
a03a6f38,Miguel Cagiao,es ESP,MF,20,0,0,,,,,,,,,,,,,,,,Matches,Copa del Rey,2024-2025
0400998a,Pedro Carpente,es ESP,FW,20,0,0,,,,,,,,,,,,,,,,Matches,Copa del Rey,2024-2025
65fbe5b4,David Lago,es ESP,DF,21,0,0,,,,,,,,,,,,,,,,Matches,Copa del Rey,2024-2025
4424427d,Alejandro Miranda,es ESP,FW,18,0,0,,,,,,,,,,,,,,,,Matches,Copa del Rey,2024-2025
6030526a,Mario Seoane,es ESP,MF,20,0,0,,,,,,,,,,,,,,,,Matches,Copa del Rey,2024-2025
73a57c3a,Youssouf Diarra,ml MLI,"MF,FW",25,42,39,"3,369",37.4,5,3,8,5,0,0,4,0,0.13,0.08,0.21,0.13,0.21,Matches,Copa del Rey,2024-2025
5fa69055,Jérémy Mellot,fr FRA,DF,30,40,38,"3,475",38.6,0,2,2,0,0,0,8,1,0.00,0.05,0.05,0.00,0.05,Matches,Copa del Rey,2024-2025
5dd16ace,Sergio González,es ESP,"DF,MF",27,37,36,"3,021",33.6,1,1,2,1,0,0,11,1,0.03,0.03,0.06,0.03,0.06,Matches,Copa del Rey,2024-2025
acf5410c,Luismi,es ESP,MF,23,38,33,"2,870",31.9,2,8,10,2,0,1,2,1,0.06,0.25,0.31,0.06,0.31,Matches,Copa del Rey,2024-2025
ccaa5728,Waldo Rubio,es ESP,MF,28,35,31,"2,299",25.5,2,4,6,2,0,0,3,1,0.08,0.16,0.23,0.08,0.23,Matches,Copa del Rey,2024-2025
bea8d8b7,José León Bernal,es ESP,DF,29,29,28,"2,500",27.8,3,0,3,3,0,0,2,1,0.11,0.00,0.11,0.11,0.11,Matches,Copa del Rey,2024-2025
f0cde899,David Rodríguez,es ESP,DF,24,37,25,"2,347",26.1,1,0,1,1,0,0,11,0,0.04,0.00,0.04,0.04,0.04,Matches,Copa del Rey,2024-2025
8c2c48a9,Yann Bodiger,fr FRA,MF,29,27,24,"1,890",21.0,0,0,0,0,0,0,5,0,0.00,0.00,0.00,0.00,0.00,Matches,Copa del Rey,2024-2025
e4346678,Édgar Badía,es ESP,GK,32,22,22,"1,980",22.0,0,0,0,0,0,0,1,0,0.00,0.00,0.00,0.00,0.00,Matches,Copa del Rey,2024-2025
82e9b89d,Enric Gallego,es ESP,FW,37,34,20,"1,836",20.4,7,0,7,7,0,1,8,0,0.34,0.00,0.34,0.34,0.34,Matches,Copa del Rey,2024-2025
f8d8532b,Aarón Martin,es ESP,MF,17,28,18,"1,620",18.0,2,2,4,2,0,0,5,0,0.11,0.11,0.22,0.11,0.22,Matches,Copa del Rey,2024-2025
bd267b8d,Aitor Sanz,es ESP,MF,39,17,16,"1,284",14.3,0,0,0,0,0,0,7,0,0.00,0.00,0.00,0.00,0.00,Matches,Copa del Rey,2024-2025
2afb7b21,Maikel Mesa,es ESP,FW,33,31,15,"1,369",15.2,4,0,4,4,0,0,4,0,0.26,0.00,0.26,0.26,0.26,Matches,Copa del Rey,2024-2025
c117ee1f,Salvi,es ESP,GK,24,15,15,"1,350",15.0,0,0,0,0,0,0,3,1,0.00,0.00,0.00,0.00,0.00,Matches,Copa del Rey,2024-2025
8cfc2f69,Ángel Rodríguez,es ESP,FW,37,25,12,973,10.8,1,0,1,1,0,1,1,0,0.09,0.00,0.09,0.09,0.09,Matches,Copa del Rey,2024-2025
b3a267f0,Anthony Landazuri,ec ECU,DF,27,11,11,844,9.4,1,1,2,1,0,0,2,1,0.11,0.11,0.21,0.11,0.21,Matches,Copa del Rey,2024-2025
4a5f2032,Josep Antoni Gayá,es ESP,DF,24,12,10,936,10.4,0,1,1,0,0,0,4,0,0.00,0.10,0.10,0.00,0.10,Matches,Copa del Rey,2024-2025
d854c9d0,Fernando Medrano,es ESP,DF,24,18,10,860,9.6,0,1,1,0,0,0,4,0,0.00,0.10,0.10,0.00,0.10,Matches,Copa del Rey,2024-2025
4aa253fd,Álex Cantero,es ESP,"MF,FW",24,27,9,938,10.4,2,4,6,2,0,0,3,0,0.19,0.38,0.58,0.19,0.58,Matches,Copa del Rey,2024-2025
87e0d045,Juande,es ESP,DF,25,11,9,731,8.1,0,0,0,0,0,0,1,0,0.00,0.00,0.00,0.00,0.00,Matches,Copa del Rey,2024-2025
8a704594,Rubén Alves,es ESP,DF,29,9,7,599,6.7,1,0,1,1,0,0,0,0,0.15,0.00,0.15,0.15,0.15,Matches,Copa del Rey,2024-2025
4dc07b51,César Álvarez,es ESP,DF,21,12,6,722,8.0,0,0,0,0,0,0,2,1,0.00,0.00,0.00,0.00,0.00,Matches,Copa del Rey,2024-2025
37452c75,Tomeu Nadal,es ESP,GK,35,5,5,450,5.0,0,0,0,0,0,0,2,0,0.00,0.00,0.00,0.00,0.00,Matches,Copa del Rey,2024-2025
8499c713,Marlos Moreno,co COL,MF,27,23,4,644,7.2,0,0,0,0,0,0,1,0,0.00,0.00,0.00,0.00,0.00,Matches,Copa del Rey,2024-2025
5418d47c,Fabio González,es ESP,MF,27,13,4,469,5.2,0,0,0,0,0,0,2,1,0.00,0.00,0.00,0.00,0.00,Matches,Copa del Rey,2024-2025
58a3a572,Adrián Guerrero,es ESP,DF,26,6,4,365,4.1,0,0,0,0,0,0,0,0,0.00,0.00,0.00,0.00,0.00,Matches,Copa del Rey,2024-2025
e2f9bca9,Daniel Fernández,es ESP,MF,16,10,4,321,3.6,1,0,1,1,0,0,0,0,0.28,0.00,0.28,0.28,0.28,Matches,Copa del Rey,2024-2025
8dbf0e8f,Teto Martín,es ESP,"MF,FW",22,21,2,559,6.2,0,0,0,0,0,0,2,0,0.00,0.00,0.00,0.00,0.00,Matches,Copa del Rey,2024-2025
4b7adc37,Yanis Senhadji,es ESP,FW,19,7,1,194,2.2,0,1,1,0,0,0,0,0,0.00,0.46,0.46,0.00,0.46,Matches,Copa del Rey,2024-2025
e4c7d4bb,Jorge Padilla,es ESP,FW,23,6,1,145,1.6,0,0,0,0,0,0,0,0,0.00,0.00,0.00,0.00,0.00,Matches,Copa del Rey,2024-2025
b3a2168d,Álex Corredera,es ESP,MF,28,3,1,94,1.0,0,0,0,0,0,0,0,0,0.00,0.00,0.00,0.00,0.00,Matches,Copa del Rey,2024-2025
c7fcb18f,Adri Pérez,es ESP,DF,21,2,1,57,0.6,0,0,0,0,0,0,0,0,0.00,0.00,0.00,0.00,0.00,Matches,Copa del Rey,2024-2025
f7e2871f,Gabriel Palmero,my MAS,DF,22,1,1,45,0.5,0,0,0,0,0,0,0,0,0.00,0.00,0.00,0.00,0.00,Matches,Copa del Rey,2024-2025
95fb7c1b,Alassán Manjam,gw GNB,FW,21,2,0,77,0.9,0,0,0,0,0,0,0,0,0.00,0.00,0.00,0.00,0.00,Matches,Copa del Rey,2024-2025
7371b7fe,Francisco Sabina,es ESP,FW,20,1,0,31,0.3,0,0,0,0,0,0,0,0,0.00,0.00,0.00,0.00,0.00,Matches,Copa del Rey,2024-2025
e5e8bada,Dylan,es ESP,MF,18,2,0,28,0.3,0,0,0,0,0,0,0,0,0.00,0.00,0.00,0.00,0.00,Matches,Copa del Rey,2024-2025
1aea8b86,Matías Pezzolesi,ar ARG,DF,21,1,0,17,0.2,0,0,0,0,0,0,0,0,0.00,0.00,0.00,0.00,0.00,Matches,Copa del Rey,2024-2025
7646c2d7,Aáron Alonso,es ESP,GK,19,0,0,,,,,,,,,,,,,,,,Matches,Copa del Rey,2024-2025
444610e8,Jose Amo,es ESP,DF,26,0,0,,,,,,,,,,,,,,,,Matches,Copa del Rey,2024-2025
894559b1,Ethyan González,es ESP,FW,22,0,0,,,,,,,,,,,,,,,,Matches,Copa del Rey,2024-2025
f989972f,Gabriel Lozano,es ESP,GK,20,0,0,,,,,,,,,,,,,,,,Matches,Copa del Rey,2024-2025
97ceacc3,Moha,es ESP,GK,24,0,0,,,,,,,,,,,,,,,,Matches,Copa del Rey,2024-2025
6c994aff,Sergio Padilla,es ESP,GK,19,0,0,,,,,,,,,,,,,,,,Matches,Copa del Rey,2024-2025
f9a53c29,Álvaro Romero,es ESP,MF,28,0,0,,,,,,,,,,,,,,,,Matches,Copa del Rey,2024-2025
cfc10b4b,Yerover,es ESP,MF,18,0,0,,,,,,,,,,,,,,,,Matches,Copa del Rey,2024-2025
b7c159a2,Daniel Lavela,es ESP,DF,23,1,1,90,1.0,0,0,0,0,0,0,0,0,0.00,0.00,0.00,0.00,0.00,Matches,Copa del Rey,2024-2025
ee8508c0,Jan Oblak,si SVN,GK,31,36,36,"3,240",36.0,0,0,0,0,0,0,0,0,0.00,0.00,0.00,0.00,0.00,Matches,Copa del Rey,2024-2025
15ab5a2b,Julián Álvarez,ar ARG,FW,24,37,30,"2,509",27.9,17,4,21,13,4,4,5,0,0.61,0.14,0.75,0.47,0.61,Matches,Copa del Rey,2024-2025
df69b544,Antoine Griezmann,fr FRA,"FW,MF",33,38,29,"2,469",27.4,8,7,15,7,1,2,2,0,0.29,0.26,0.55,0.26,0.51,Matches,Copa del Rey,2024-2025
02c15616,Marcos Llorente,es ESP,"DF,MF",29,33,28,"2,513",27.9,2,4,6,2,0,0,0,1,0.07,0.14,0.21,0.07,0.21,Matches,Copa del Rey,2024-2025
45736cec,Pablo Barrios,es ESP,MF,21,31,28,"2,330",25.9,1,4,5,1,0,0,4,1,0.04,0.15,0.19,0.04,0.19,Matches,Copa del Rey,2024-2025
a6536561,Giuliano Simeone,ar ARG,MF,21,33,26,"1,926",21.4,2,6,8,2,0,0,4,0,0.09,0.28,0.37,0.09,0.37,Matches,Copa del Rey,2024-2025
9a64e67e,Robin Le Normand,es ESP,DF,27,27,24,"2,151",23.9,1,0,1,1,0,0,8,0,0.04,0.00,0.04,0.04,0.04,Matches,Copa del Rey,2024-2025
162efffd,Rodrigo De Paul,ar ARG,MF,30,34,23,"2,106",23.4,3,5,8,3,0,0,7,0,0.13,0.21,0.34,0.13,0.34,Matches,Copa del Rey,2024-2025
4f28a6ff,Clément Lenglet,fr FRA,DF,29,23,23,"1,972",21.9,2,1,3,2,0,0,9,0,0.09,0.05,0.14,0.09,0.14,Matches,Copa del Rey,2024-2025
a4b00319,Javi Galán,es ESP,DF,29,25,21,"1,784",19.8,0,3,3,0,0,0,8,0,0.00,0.15,0.15,0.00,0.15,Matches,Copa del Rey,2024-2025
2a295d33,Samuel Lino,br BRA,MF,24,31,21,"1,552",17.2,3,4,7,3,0,0,3,0,0.17,0.23,0.41,0.17,0.41,Matches,Copa del Rey,2024-2025
f0da930c,José María Giménez,uy URU,DF,29,27,20,"1,999",22.2,0,1,1,0,0,0,5,0,0.00,0.05,0.05,0.00,0.05,Matches,Copa del Rey,2024-2025
55126f3b,Koke,es ESP,MF,32,32,20,"1,926",21.4,1,1,2,1,0,0,4,0,0.05,0.05,0.09,0.05,0.09,Matches,Copa del Rey,2024-2025
c2731c10,Conor Gallagher,eng ENG,MF,24,32,19,"1,633",18.1,3,3,6,3,0,0,2,0,0.17,0.17,0.33,0.17,0.33,Matches,Copa del Rey,2024-2025
23610943,Nahuel Molina,ar ARG,DF,26,30,17,"1,590",17.7,0,3,3,0,0,0,1,0,0.00,0.17,0.17,0.00,0.17,Matches,Copa del Rey,2024-2025
e92cd3f7,Alexander Sørloth,no NOR,FW,28,35,15,"1,566",17.4,20,2,22,19,1,1,4,0,1.15,0.11,1.26,1.09,1.21,Matches,Copa del Rey,2024-2025
c20bdcd7,Reinildo Mandava,mz MOZ,"DF,MF",30,19,10,941,10.5,0,0,0,0,0,0,4,0,0.00,0.00,0.00,0.00,0.00,Matches,Copa del Rey,2024-2025
53cad200,César Azpilicueta,es ESP,DF,34,14,10,875,9.7,1,0,1,1,0,0,1,0,0.10,0.00,0.10,0.10,0.10,Matches,Copa del Rey,2024-2025
5dfc6ad5,Axel Witsel,be BEL,DF,35,14,9,852,9.5,0,1,1,0,0,0,1,0,0.00,0.11,0.11,0.00,0.11,Matches,Copa del Rey,2024-2025
65154df0,Rodrigo Riquelme,es ESP,"MF,DF",24,16,4,516,5.7,0,1,1,0,0,0,0,0,0.00,0.17,0.17,0.00,0.17,Matches,Copa del Rey,2024-2025
01eb744d,Ángel Correa,ar ARG,FW,29,31,3,805,8.9,4,1,5,4,0,0,3,1,0.45,0.11,0.56,0.45,0.56,Matches,Copa del Rey,2024-2025
a111cf41,Juan Musso,ar ARG,GK,30,2,2,180,2.0,0,0,0,0,0,0,0,0,0.00,0.00,0.00,0.00,0.00,Matches,Copa del Rey,2024-2025
4dbd0916,Thomas Lemar,fr FRA,MF,28,5,0,85,0.9,0,0,0,0,0,0,0,0,0.00,0.00,0.00,0.00,0.00,Matches,Copa del Rey,2024-2025
5b9067c9,Adrian Niño,es ESP,FW,20,1,0,12,0.1,0,0,0,0,0,0,0,0,0.00,0.00,0.00,0.00,0.00,Matches,Copa del Rey,2024-2025
b8be4b5f,Rayane Belaid,es ESP,DF,19,0,0,,,,,,,,,,,,,,,,Matches,Copa del Rey,2024-2025
73df4173,Aitor Gismera,es ESP,MF,20,0,0,,,,,,,,,,,,,,,,Matches,Copa del Rey,2024-2025
f0f4671c,Antonio Gomis,es ESP,GK,21,0,0,,,,,,,,,,,,,,,,Matches,Copa del Rey,2024-2025
d58f4c7a,Alejandro Iturbe,es ESP,GK,20,0,0,,,,,,,,,,,,,,,,Matches,Copa del Rey,2024-2025
bd4e074e,Omar Janneh,es ESP,FW,17,0,0,,,,,,,,,,,,,,,,Matches,Copa del Rey,2024-2025
9b94c838,Ilias Kostis,gr GRE,DF,21,0,0,,,,,,,,,,,,,,,,Matches,Copa del Rey,2024-2025
771ded26,Horaţiu Moldovan,ro ROU,GK,26,0,0,,,,,,,,,,,,,,,,Matches,Copa del Rey,2024-2025
0a8fd9cb,Javier Serrano,es ESP,MF,21,0,0,,,,,,,,,,,,,,,,Matches,Copa del Rey,2024-2025
5c76ec4d,Gerónimo Spina,ar ARG,DF,19,0,0,,,,,,,,,,,,,,,,Matches,Copa del Rey,2024-2025
722494dc,Arthur Vermeeren,be BEL,MF,19,0,0,,,,,,,,,,,,,,,,Matches,Copa del Rey,2024-2025
0d9b2d31,Pedri,es ESP,MF,21,37,35,"2,879",32.0,4,5,9,4,0,0,3,0,0.13,0.16,0.28,0.13,0.28,Matches,Copa del Rey,2024-2025
3423f250,Raphinha,br BRA,"MF,FW",27,36,32,"2,839",31.5,18,9,27,16,2,2,4,0,0.57,0.29,0.86,0.51,0.79,Matches,Copa del Rey,2024-2025
8d78e732,Robert Lewandowski,pl POL,FW,35,34,32,"2,667",29.6,27,2,29,24,3,4,1,0,0.91,0.07,0.98,0.81,0.88,Matches,Copa del Rey,2024-2025
82ec26c1,Lamine Yamal,es ESP,"MF,FW",17,35,31,"2,856",31.7,9,13,22,9,0,0,3,0,0.28,0.41,0.69,0.28,0.69,Matches,Copa del Rey,2024-2025
cc7888f3,Pau Cubarsí,es ESP,DF,17,35,29,"2,618",29.1,0,3,3,0,0,0,3,0,0.00,0.10,0.10,0.00,0.10,Matches,Copa del Rey,2024-2025
4d1666ff,Jules Koundé,fr FRA,DF,25,32,29,"2,605",28.9,2,3,5,2,0,0,4,0,0.07,0.10,0.17,0.07,0.17,Matches,Copa del Rey,2024-2025
3fc45c73,Iñigo Martínez,es ESP,DF,33,28,28,"2,490",27.7,0,4,4,0,0,0,5,0,0.00,0.14,0.14,0.00,0.14,Matches,Copa del Rey,2024-2025
5ccc9672,Alejandro Balde,es ESP,DF,20,32,26,"2,284",25.4,0,4,4,0,0,0,2,0,0.00,0.16,0.16,0.00,0.16,Matches,Copa del Rey,2024-2025
2ef08833,Marc Casado,es ESP,MF,20,23,20,"1,611",17.9,1,3,4,1,0,0,4,1,0.06,0.17,0.22,0.06,0.22,Matches,Copa del Rey,2024-2025
cc1c5035,Iñaki Peña,es ESP,GK,25,16,15,"1,396",15.5,0,0,0,0,0,0,1,0,0.00,0.00,0.00,0.00,0.00,Matches,Copa del Rey,2024-2025
01b8a2b2,Wojciech Szczęsny,pl POL,GK,34,15,15,"1,350",15.0,0,0,0,0,0,0,0,0,0.00,0.00,0.00,0.00,0.00,Matches,Copa del Rey,2024-2025
2bed3eab,Eric García,es ESP,"DF,MF",23,29,14,"1,566",17.4,2,3,5,2,0,0,4,0,0.11,0.17,0.29,0.11,0.29,Matches,Copa del Rey,2024-2025
19cae58d,Gavi,es ESP,MF,19,26,14,"1,085",12.1,1,1,2,1,0,0,4,0,0.08,0.08,0.17,0.08,0.17,Matches,Copa del Rey,2024-2025
ae44e8e2,Dani Olmo,es ESP,MF,26,25,13,"1,212",13.5,10,3,13,8,2,2,1,0,0.74,0.22,0.97,0.59,0.82,Matches,Copa del Rey,2024-2025
c1fe5f0b,Fermin López,es ESP,MF,21,28,12,"1,252",13.9,6,5,11,6,0,0,4,1,0.43,0.36,0.79,0.43,0.79,Matches,Copa del Rey,2024-2025
9e1035f8,Ferrán Torres,es ESP,"FW,MF",24,27,12,"1,106",12.3,10,6,16,10,0,0,1,1,0.81,0.49,1.30,0.81,1.30,Matches,Copa del Rey,2024-2025
b792c59d,Gerard Martín,es ESP,DF,22,28,11,"1,038",11.5,1,3,4,1,0,0,2,0,0.09,0.26,0.35,0.09,0.35,Matches,Copa del Rey,2024-2025
2bef2bca,Ronald Araújo,uy URU,DF,25,12,11,754,8.4,1,1,2,1,0,0,3,0,0.12,0.12,0.24,0.12,0.24,Matches,Copa del Rey,2024-2025
1bacc518,Frenkie de Jong,nl NED,MF,27,26,9,"1,143",12.7,2,2,4,2,0,0,3,0,0.16,0.16,0.31,0.16,0.31,Matches,Copa del Rey,2024-2025
6f51e382,Marc-André ter Stegen,de GER,GK,32,8,8,674,7.5,0,0,0,0,0,0,0,0,0.00,0.00,0.00,0.00,0.00,Matches,Copa del Rey,2024-2025
2e31f3a6,Héctor Fort,es ESP,DF,17,17,5,585,6.5,0,0,0,0,0,0,2,0,0.00,0.00,0.00,0.00,0.00,Matches,Copa del Rey,2024-2025
04e531b6,Pablo Torre,es ESP,MF,21,10,4,310,3.4,3,1,4,3,0,0,0,0,0.87,0.29,1.16,0.87,1.16,Matches,Copa del Rey,2024-2025
29117812,Marc Bernal,es ESP,MF,17,3,3,242,2.7,0,0,0,0,0,0,2,0,0.00,0.00,0.00,0.00,0.00,Matches,Copa del Rey,2024-2025
0ba976e4,Ansu Fati,es ESP,MF,21,6,3,233,2.6,0,0,0,0,0,0,1,0,0.00,0.00,0.00,0.00,0.00,Matches,Copa del Rey,2024-2025
e6e7c819,Pau Victor,es ESP,FW,22,21,2,319,3.5,2,1,3,2,0,0,2,0,0.56,0.28,0.85,0.56,0.85,Matches,Copa del Rey,2024-2025
1cb49278,Andreas Christensen,dk DEN,DF,28,5,2,254,2.8,0,0,0,0,0,0,3,0,0.00,0.00,0.00,0.00,0.00,Matches,Copa del Rey,2024-2025
88507352,Sergi Dominguez,es ESP,DF,19,3,2,172,1.9,0,0,0,0,0,0,1,0,0.00,0.00,0.00,0.00,0.00,Matches,Copa del Rey,2024-2025
f9cbad15,Daniel Rodriguez,es ESP,MF,18,1,1,37,0.4,0,0,0,0,0,0,0,0,0.00,0.00,0.00,0.00,0.00,Matches,Copa del Rey,2024-2025
031e0283,Ander Astralaga,es ESP,GK,20,0,0,,,,,,,,,,,,,,,,Matches,Copa del Rey,2024-2025
2c6f1580,Álvaro Cortés,es ESP,DF,19,0,0,,,,,,,,,,,,,,,,Matches,Copa del Rey,2024-2025
2eefd1b3,Andres Cuenca,es ESP,DF,17,0,0,,,,,,,,,,,,,,,,Matches,Copa del Rey,2024-2025
64f76c60,Noah Darvich,de GER,MF,17,0,0,,,,,,,,,,,,,,,,Matches,Copa del Rey,2024-2025
47952f83,Landry Farré,es ESP,DF,17,0,0,,,,,,,,,,,,,,,,Matches,Copa del Rey,2024-2025
4390bf25,Guillermo Fernandez,es ESP,MF,16,0,0,,,,,,,,,,,,,,,,Matches,Copa del Rey,2024-2025
285ff324,Toni Fernández,es ESP,MF,16,0,0,,,,,,,,,,,,,,,,Matches,Copa del Rey,2024-2025
497144d6,Diego Kochen,us USA,GK,18,0,0,,,,,,,,,,,,,,,,Matches,Copa del Rey,2024-2025
30426d5a,Alexis Olmedo,es ESP,DF,18,0,0,,,,,,,,,,,,,,,,Matches,Copa del Rey,2024-2025
97022551,Álex Valle,es ESP,DF,20,0,0,,,,,,,,,,,,,,,,Matches,Copa del Rey,2024-2025
0b8c9180,Áron Yaakobishvili,hu HUN,GK,18,0,0,,,,,,,,,,,,,,,,Matches,Copa del Rey,2024-2025
de3b5d82,Nando Almodóvar,es ESP,GK,20,1,1,90,1.0,0,0,0,0,0,0,0,0,0.00,0.00,0.00,0.00,0.00,Matches,Copa del Rey,2024-2025
913e81fb,José Artiles,es ESP,MF,31,1,1,90,1.0,0,0,0,0,0,0,1,0,0.00,0.00,0.00,0.00,0.00,Matches,Copa del Rey,2024-2025
f64627b1,Rubén Cantero,,DF,,1,1,90,1.0,0,0,0,0,0,0,0,0,0.00,0.00,0.00,0.00,0.00,Matches,Copa del Rey,2024-2025
1c5ed435,Josema,es ESP,DF,32,1,1,90,1.0,0,0,0,0,0,0,0,0,0.00,0.00,0.00,0.00,0.00,Matches,Copa del Rey,2024-2025
ad186bd7,Marcos Mendes,gw GNB,FW,31,1,1,90,1.0,0,0,0,0,0,0,0,0,0.00,0.00,0.00,0.00,0.00,Matches,Copa del Rey,2024-2025
94dfc647,Alejandro Sotillos,es ESP,DF,26,1,1,90,1.0,0,0,0,0,0,0,0,0,0.00,0.00,0.00,0.00,0.00,Matches,Copa del Rey,2024-2025
65d75fe7,Alberto Retuerta,es ESP,DF,22,1,1,83,0.9,0,0,0,0,0,0,1,0,0.00,0.00,0.00,0.00,0.00,Matches,Copa del Rey,2024-2025
92dc3d1b,Aranda,es ESP,MF,23,1,1,72,0.8,0,0,0,0,0,0,0,0,0.00,0.00,0.00,0.00,0.00,Matches,Copa del Rey,2024-2025
1e115d93,Alvaro Hernaiz,es ESP,MF,26,1,1,63,0.7,0,0,0,0,0,0,0,0,0.00,0.00,0.00,0.00,0.00,Matches,Copa del Rey,2024-2025
b7bce02e,Javi Moreno,es ESP,FW,27,1,1,63,0.7,0,0,0,0,0,0,0,0,0.00,0.00,0.00,0.00,0.00,Matches,Copa del Rey,2024-2025
b60a352e,Mario,es ESP,MF,27,1,1,45,0.5,0,0,0,0,0,0,0,0,0.00,0.00,0.00,0.00,0.00,Matches,Copa del Rey,2024-2025
dda02bd2,Carlos Mangada,es ESP,MF,23,1,0,45,0.5,0,0,0,0,0,0,0,0,0.00,0.00,0.00,0.00,0.00,Matches,Copa del Rey,2024-2025
1fae1014,Nico Espinosa,es ESP,FW,23,1,0,27,0.3,0,0,0,0,0,0,0,0,0.00,0.00,0.00,0.00,0.00,Matches,Copa del Rey,2024-2025
97a3ce3b,Oriol Puig,es ESP,MF,23,1,0,27,0.3,0,0,0,0,0,0,0,0,0.00,0.00,0.00,0.00,0.00,Matches,Copa del Rey,2024-2025
06424feb,Agustín Coscia,ar ARG,FW,27,1,0,18,0.2,0,0,0,0,0,0,0,0,0.00,0.00,0.00,0.00,0.00,Matches,Copa del Rey,2024-2025
2b363866,Rafa,es ESP,MF,20,1,0,7,0.1,0,0,0,0,0,0,0,0,0.00,0.00,0.00,0.00,0.00,Matches,Copa del Rey,2024-2025
6970bedb,Carlos Abad,es ESP,GK,29,0,0,,,,,,,,,,,,,,,,Matches,Copa del Rey,2024-2025
0ad92b52,Franck Angong,cm CMR,MF,22,0,0,,,,,,,,,,,,,,,,Matches,Copa del Rey,2024-2025
1c612231,Richmon Dapaah,es ESP,FW,22,0,0,,,,,,,,,,,,,,,,Matches,Copa del Rey,2024-2025
80a0c8c7,Antonio Montoro,es ESP,DF,27,0,0,,,,,,,,,,,,,,,,Matches,Copa del Rey,2024-2025
7f7537a8,Roger,es ESP,MF,26,0,0,,,,,,,,,,,,,,,,Matches,Copa del Rey,2024-2025
81bca102,Samuel Vazquez,es ESP,FW,23,0,0,,,,,,,,,,,,,,,,Matches,Copa del Rey,2024-2025
3adfa4a6,Gonzalo Crettaz,ar ARG,GK,24,40,39,"3,517",39.1,0,0,0,0,0,0,1,0,0.00,0.00,0.00,0.00,0.00,Matches,Copa del Rey,2024-2025
3a780635,Alberto Jiménez,es ESP,DF,31,38,37,"3,173",35.3,2,0,2,2,0,0,12,1,0.06,0.00,0.06,0.06,0.06,Matches,Copa del Rey,2024-2025
a686ef30,Thomas van den Belt,nl NED,MF,23,39,34,"3,077",34.2,6,3,9,6,0,0,10,0,0.18,0.09,0.26,0.18,0.26,Matches,Copa del Rey,2024-2025
a317252f,Daijiro Chirino,cw CUW,"DF,MF",22,38,34,"3,000",33.3,0,3,3,0,0,0,10,1,0.00,0.09,0.09,0.00,0.09,Matches,Copa del Rey,2024-2025
5553259e,Raúl Sánchez,es ESP,"MF,FW",47,34,33,"2,765",30.7,12,4,16,12,0,0,6,0,0.39,0.13,0.52,0.39,0.52,Matches,Copa del Rey,2024-2025
885b845e,Jozhua Vertrouwd,nl NED,DF,19,33,30,"2,633",29.3,1,2,3,1,0,0,4,0,0.03,0.07,0.10,0.03,0.10,Matches,Copa del Rey,2024-2025
498858d5,Álex Calatrava,es ESP,"MF,FW",24,32,26,"2,227",24.7,6,11,17,6,0,0,7,0,0.24,0.44,0.69,0.24,0.69,Matches,Copa del Rey,2024-2025
d03abe50,Israel Suero,es ESP,"MF,FW",30,38,25,"2,310",25.7,11,2,13,9,2,3,3,0,0.43,0.08,0.51,0.35,0.43,Matches,Copa del Rey,2024-2025
6e047492,Kenneth Obinna Mamah,ng NGA,"MF,FW",26,24,22,"1,895",21.1,4,1,5,4,0,0,1,0,0.19,0.05,0.24,0.19,0.24,Matches,Copa del Rey,2024-2025
2937e493,Moyita,es ESP,MF,31,29,20,"1,756",19.5,2,1,3,2,0,0,5,0,0.10,0.05,0.15,0.10,0.15,Matches,Copa del Rey,2024-2025
8640db0f,Jesús,es ESP,FW,27,34,16,"1,791",19.9,3,2,5,3,0,0,1,0,0.15,0.10,0.25,0.15,0.25,Matches,Copa del Rey,2024-2025
2775c549,Douglas Aurélio,pt POR,"FW,MF",25,24,16,"1,329",14.8,3,0,3,3,0,0,1,0,0.20,0.00,0.20,0.20,0.20,Matches,Copa del Rey,2024-2025
8ee275b6,Óscar Gil,es ESP,"DF,MF",29,19,16,"1,141",12.7,1,0,1,1,0,0,4,0,0.08,0.00,0.08,0.08,0.08,Matches,Copa del Rey,2024-2025
5a6b06cd,Ousmane Camara,gn GUI,FW,22,16,12,"1,042",11.6,3,0,3,3,0,0,2,0,0.26,0.00,0.26,0.26,0.26,Matches,Copa del Rey,2024-2025
922da988,Awer Mabil,au AUS,"MF,FW",28,14,11,"1,042",11.6,0,6,6,0,0,0,1,0,0.00,0.52,0.52,0.00,0.52,Matches,Copa del Rey,2024-2025
e36f9794,Salva Ruiz,es ESP,DF,29,20,10,"1,032",11.5,0,0,0,0,0,0,3,0,0.00,0.00,0.00,0.00,0.00,Matches,Copa del Rey,2024-2025
9050ddc4,Jetro Willems,nl NED,DF,30,20,10,959,10.7,1,1,2,1,0,0,5,0,0.09,0.09,0.19,0.09,0.19,Matches,Copa del Rey,2024-2025
69216171,Josep Calavera,es ESP,MF,24,19,10,840,9.3,0,0,0,0,0,0,1,1,0.00,0.00,0.00,0.00,0.00,Matches,Copa del Rey,2024-2025
db159803,Mats Seuntjens,nl NED,"MF,FW",32,12,10,787,8.7,0,2,2,0,0,0,1,0,0.00,0.23,0.23,0.00,0.23,Matches,Copa del Rey,2024-2025
0841f1d8,Jorge Zarfino,uy URU,MF,32,12,8,556,6.2,0,1,1,0,0,0,3,1,0.00,0.16,0.16,0.00,0.16,Matches,Copa del Rey,2024-2025
e4787d6f,Brian Cipenga,cd COD,"MF,FW",26,15,7,686,7.6,3,1,4,3,0,0,0,0,0.39,0.13,0.52,0.39,0.52,Matches,Copa del Rey,2024-2025
d48a1284,Juan Escobar,py PAR,DF,29,9,7,474,5.3,0,0,0,0,0,0,2,0,0.00,0.00,0.00,0.00,0.00,Matches,Copa del Rey,2024-2025
934a0957,Albert Lottin,fr FRA,"MF,FW",22,15,6,669,7.4,1,2,3,1,0,0,2,0,0.13,0.27,0.40,0.13,0.40,Matches,Copa del Rey,2024-2025
a1935e34,Gonzalo Pastor,es ESP,"MF,FW",18,15,5,650,7.2,0,0,0,0,0,0,0,0,0.00,0.00,0.00,0.00,0.00,Matches,Copa del Rey,2024-2025
de903ae2,Daniel Villahermosa,es ESP,"MF,FW",23,12,5,462,5.1,0,2,2,0,0,0,1,0,0.00,0.39,0.39,0.00,0.39,Matches,Copa del Rey,2024-2025
65988c73,Nick Markanich,us USA,FW,24,13,5,423,4.7,2,0,2,2,0,0,2,0,0.43,0.00,0.43,0.43,0.43,Matches,Copa del Rey,2024-2025
fb59286d,Miloš Jojić,rs SRB,"MF,FW",32,11,3,373,4.1,0,0,0,0,0,0,1,0,0.00,0.00,0.00,0.00,0.00,Matches,Copa del Rey,2024-2025
375d09c9,Amir Abedzadeh,ir IRN,GK,31,3,3,263,2.9,0,0,0,0,0,0,0,0,0.00,0.00,0.00,0.00,0.00,Matches,Copa del Rey,2024-2025
3464782e,Pere Marco,es ESP,FW,20,6,1,173,1.9,1,0,1,1,0,0,0,0,0.52,0.00,0.52,0.52,0.52,Matches,Copa del Rey,2024-2025
ef3ff984,David Bosilj,si SVN,FW,22,10,1,167,1.9,1,0,1,1,0,0,0,0,0.54,0.00,0.54,0.54,0.54,Matches,Copa del Rey,2024-2025
412b5722,Mamadou Traoré,ml MLI,GK,22,6,0,129,1.4,0,0,0,0,0,0,0,0,0.00,0.00,0.00,0.00,0.00,Matches,Copa del Rey,2024-2025
187562b3,Santi Borikó,gq EQG,DF,21,4,0,106,1.2,0,0,0,0,0,0,0,0,0.00,0.00,0.00,0.00,0.00,Matches,Copa del Rey,2024-2025
e23d7f98,Iker Punzano,es ESP,MF,20,1,0,23,0.3,0,0,0,0,0,0,0,0,0.00,0.00,0.00,0.00,0.00,Matches,Copa del Rey,2024-2025
736fdc1b,José Albert,es ESP,DF,20,0,0,,,,,,,,,,,,,,,,Matches,Copa del Rey,2024-2025
0f85eaf3,Mauro Costa,es ESP,MF,20,0,0,,,,,,,,,,,,,,,,Matches,Copa del Rey,2024-2025
c3209df1,Toni Gabarri,es ESP,MF,22,0,0,,,,,,,,,,,,,,,,Matches,Copa del Rey,2024-2025
e287eefa,Brian Schwake,us USA,GK,22,0,0,,,,,,,,,,,,,,,,Matches,Copa del Rey,2024-2025
4fc5bd89,Sergi Torner,es ESP,GK,20,0,0,,,,,,,,,,,,,,,,Matches,Copa del Rey,2024-2025
d95c5270,Jorge Valverde,,GK,,0,0,,,,,,,,,,,,,,,,Matches,Copa del Rey,2024-2025
0959c2a2,Federico Valverde,uy URU,"MF,DF",26,36,34,"3,032",33.7,6,4,10,6,0,0,4,0,0.18,0.12,0.30,0.18,0.30,Matches,Copa del Rey,2024-2025
42fd9c7f,Kylian Mbappé,fr FRA,FW,25,34,34,"2,907",32.3,31,3,34,24,7,9,3,1,0.96,0.09,1.05,0.74,0.84,Matches,Copa del Rey,2024-2025
4f255115,Aurélien Tchouaméni,fr FRA,"DF,MF",24,32,31,"2,689",29.9,0,0,0,0,0,0,5,0,0.00,0.00,0.00,0.00,0.00,Matches,Copa del Rey,2024-2025
1840e36d,Thibaut Courtois,be BEL,GK,32,30,30,"2,700",30.0,0,0,0,0,0,0,1,0,0.00,0.00,0.00,0.00,0.00,Matches,Copa del Rey,2024-2025
57d88cf9,Jude Bellingham,eng ENG,MF,21,31,29,"2,488",27.6,9,8,17,8,1,2,5,1,0.33,0.29,0.61,0.29,0.58,Matches,Copa del Rey,2024-2025
18b896d6,Antonio Rüdiger,de GER,DF,31,29,26,"2,291",25.5,0,0,0,0,0,0,3,0,0.00,0.00,0.00,0.00,0.00,Matches,Copa del Rey,2024-2025
fd51b456,Lucas Vázquez,es ESP,DF,33,32,25,"2,189",24.3,1,5,6,1,0,0,4,0,0.04,0.21,0.25,0.04,0.25,Matches,Copa del Rey,2024-2025
7111d552,Vinicius Júnior,br BRA,"FW,MF",24,30,24,"2,253",25.0,11,8,19,9,2,3,8,1,0.44,0.32,0.76,0.36,0.68,Matches,Copa del Rey,2024-2025
7226539b,Fran Garcia,es ESP,DF,24,31,24,"2,171",24.1,0,2,2,0,0,0,0,0,0.00,0.08,0.08,0.00,0.08,Matches,Copa del Rey,2024-2025
8f5e92a6,Rodrygo,br BRA,"MF,FW",23,30,22,"1,928",21.4,6,5,11,6,0,0,0,0,0.28,0.23,0.51,0.28,0.51,Matches,Copa del Rey,2024-2025
4731cd4c,Raúl Asencio,es ESP,DF,21,23,18,"1,670",18.6,0,1,1,0,0,0,3,0,0.00,0.05,0.05,0.00,0.05,Matches,Copa del Rey,2024-2025
6025fab1,Luka Modrić,hr CRO,MF,38,35,17,"1,827",20.3,2,6,8,2,0,0,7,0,0.10,0.30,0.39,0.10,0.39,Matches,Copa del Rey,2024-2025
407feb71,Brahim Díaz,ma MAR,"MF,FW",24,31,16,"1,385",15.4,4,2,6,4,0,0,0,0,0.26,0.13,0.39,0.26,0.39,Matches,Copa del Rey,2024-2025
c0617e2b,Dani Ceballos,es ESP,MF,27,23,15,"1,215",13.5,0,0,0,0,0,0,4,0,0.00,0.00,0.00,0.00,0.00,Matches,Copa del Rey,2024-2025
3741ca58,Arda Güler,tr TUR,"MF,FW",19,28,14,"1,250",13.9,3,4,7,3,0,0,1,0,0.22,0.29,0.50,0.22,0.50,Matches,Copa del Rey,2024-2025
3cefcaef,Ferland Mendy,fr FRA,DF,29,14,12,"1,005",11.2,0,1,1,0,0,0,1,1,0.00,0.09,0.09,0.00,0.09,Matches,Copa del Rey,2024-2025
7b9c2d84,Eduardo Camavinga,fr FRA,"MF,DF",21,19,11,"1,102",12.2,1,2,3,1,0,0,2,0,0.08,0.16,0.25,0.08,0.25,Matches,Copa del Rey,2024-2025
2784f898,Éder Militão,br BRA,DF,26,12,11,938,10.4,1,1,2,1,0,0,2,0,0.10,0.10,0.19,0.10,0.19,Matches,Copa del Rey,2024-2025
3061e1ec,Andriy Lunin,ua UKR,GK,25,7,7,630,7.0,0,1,1,0,0,0,0,0,0.00,0.14,0.14,0.00,0.14,Matches,Copa del Rey,2024-2025
4958bfb2,Dani Carvajal,es ESP,DF,32,8,7,609,6.8,1,0,1,1,0,0,1,0,0.15,0.00,0.15,0.15,0.15,Matches,Copa del Rey,2024-2025
05439de2,David Alaba,at AUT,DF,32,7,4,317,3.5,0,0,0,0,0,0,1,0,0.00,0.00,0.00,0.00,0.00,Matches,Copa del Rey,2024-2025
a2728fbf,Endrick,br BRA,FW,18,22,3,363,4.0,1,0,1,1,0,0,1,0,0.25,0.00,0.25,0.25,0.25,Matches,Copa del Rey,2024-2025
4772b1d1,Jacobo Ramón,es ESP,DF,19,3,2,204,2.3,1,0,1,1,0,0,1,0,0.44,0.00,0.44,0.44,0.44,Matches,Copa del Rey,2024-2025
c2111b45,Jesús Vallejo,es ESP,DF,27,4,1,138,1.5,0,1,1,0,0,0,0,0,0.00,0.65,0.65,0.00,0.65,Matches,Copa del Rey,2024-2025
5e550a91,Fran,es ESP,GK,19,1,1,90,1.0,0,0,0,0,0,0,0,0,0.00,0.00,0.00,0.00,0.00,Matches,Copa del Rey,2024-2025
74c2d562,Gonzalo García,es ESP,MF,20,3,0,56,0.6,0,1,1,0,0,0,0,0,0.00,1.61,1.61,0.00,1.61,Matches,Copa del Rey,2024-2025
f8b5680f,Víctor Muñoz,es ESP,FW,21,2,0,36,0.4,0,0,0,0,0,0,0,0,0.00,0.00,0.00,0.00,0.00,Matches,Copa del Rey,2024-2025
39ef21fa,Chema,es ESP,MF,19,2,0,12,0.1,0,0,0,0,0,0,0,0,0.00,0.00,0.00,0.00,0.00,Matches,Copa del Rey,2024-2025
beae81e1,Lorenzo Aguado,es ESP,DF,21,2,0,5,0.1,0,0,0,0,0,0,0,0,0.00,0.00,0.00,0.00,0.00,Matches,Copa del Rey,2024-2025
79310b33,Daniel Yáñez,es ESP,MF,17,1,0,2,0.0,0,0,0,0,0,0,0,0,0.00,0.00,0.00,0.00,0.00,Matches,Copa del Rey,2024-2025
2b16b2f5,Diego Aguado,es ESP,DF,17,0,0,,,,,,,,,,,,,,,,Matches,Copa del Rey,2024-2025
aa2aab45,David Jiménez,es ESP,DF,20,0,0,,,,,,,,,,,,,,,,Matches,Copa del Rey,2024-2025
8f6272c2,Youssef Lekhedim,es ESP,DF,18,0,0,,,,,,,,,,,,,,,,Matches,Copa del Rey,2024-2025
b2cd9dff,Sergio Mestre,es ESP,GK,19,0,0,,,,,,,,,,,,,,,,Matches,Copa del Rey,2024-2025
ce299469,Mario Rivas,es ESP,DF,17,0,0,,,,,,,,,,,,,,,,Matches,Copa del Rey,2024-2025
ad15a64d,Victor Valdepeñas,es ESP,DF,17,0,0,,,,,,,,,,,,,,,,Matches,Copa del Rey,2024-2025
9c698855,Alberto Martín,es ESP,FW,27,2,2,240,2.7,0,1,1,0,0,0,1,0,0.00,0.37,0.37,0.00,0.37,Matches,Copa del Rey,2024-2025
24bf2a09,Álvaro de Pablo,es ESP,GK,21,2,2,240,2.7,0,0,0,0,0,0,0,0,0.00,0.00,0.00,0.00,0.00,Matches,Copa del Rey,2024-2025
298874bd,Mario Rivas,es ESP,FW,24,2,2,240,2.7,0,0,0,0,0,0,0,0,0.00,0.00,0.00,0.00,0.00,Matches,Copa del Rey,2024-2025
278cab98,Alejandro Toper,es ESP,MF,21,2,2,240,2.7,0,0,0,0,0,0,0,0,0.00,0.00,0.00,0.00,0.00,Matches,Copa del Rey,2024-2025
ae2100a8,Carlos Pascual,es ESP,DF,24,2,2,218,2.4,0,0,0,0,0,0,2,0,0.00,0.00,0.00,0.00,0.00,Matches,Copa del Rey,2024-2025
7d475e24,Alpha,es ESP,"MF,DF",22,2,2,199,2.2,0,0,0,0,0,0,0,0,0.00,0.00,0.00,0.00,0.00,Matches,Copa del Rey,2024-2025
fdec5fc3,Álex Moreno,es ESP,MF,23,2,2,176,2.0,0,0,0,0,0,0,1,0,0.00,0.00,0.00,0.00,0.00,Matches,Copa del Rey,2024-2025
0ab3d502,Jorge Campos,es ESP,"MF,DF",24,2,2,159,1.8,0,0,0,0,0,0,1,0,0.00,0.00,0.00,0.00,0.00,Matches,Copa del Rey,2024-2025
8fc389d9,Ibrahim Facoli Doumbia,ci CIV,DF,26,2,2,134,1.5,0,0,0,0,0,0,1,0,0.00,0.00,0.00,0.00,0.00,Matches,Copa del Rey,2024-2025
b5c52ee6,Fernando Díaz,es ESP,DF,24,2,2,101,1.1,0,0,0,0,0,0,0,0,0.00,0.00,0.00,0.00,0.00,Matches,Copa del Rey,2024-2025
921eb323,Adilson Fernandes,pt POR,MF,25,2,1,85,0.9,0,0,0,0,0,0,2,0,0.00,0.00,0.00,0.00,0.00,Matches,Copa del Rey,2024-2025
669ad1c2,Filipe Sissé,pt POR,MF,23,1,1,45,0.5,0,0,0,0,0,0,1,0,0.00,0.00,0.00,0.00,0.00,Matches,Copa del Rey,2024-2025
3605b3af,Vitolo,es ESP,FW,26,2,0,150,1.7,0,0,0,0,0,0,0,0,0.00,0.00,0.00,0.00,0.00,Matches,Copa del Rey,2024-2025
fee6d9c3,Adrián Carrión,es ESP,MF,22,2,0,139,1.5,2,0,2,2,0,0,1,0,1.29,0.00,1.29,1.29,1.29,Matches,Copa del Rey,2024-2025
a8582d6b,César Llopis,es ESP,DF,24,2,0,106,1.2,0,0,0,0,0,0,0,0,0.00,0.00,0.00,0.00,0.00,Matches,Copa del Rey,2024-2025
cec550a2,Deiby Ochoa,co COL,DF,24,2,0,63,0.7,0,0,0,0,0,0,0,0,0.00,0.00,0.00,0.00,0.00,Matches,Copa del Rey,2024-2025
4e2267e3,Caio Lopes,br BRA,MF,23,1,0,50,0.6,0,0,0,0,0,0,0,0,0.00,0.00,0.00,0.00,0.00,Matches,Copa del Rey,2024-2025
4e78892c,Pedro Luz,pt POR,MF,19,1,0,31,0.3,0,0,0,0,0,0,0,0,0.00,0.00,0.00,0.00,0.00,Matches,Copa del Rey,2024-2025
92eda807,Ayoub El Battioui,es ESP,FW,23,1,0,24,0.3,0,0,0,0,0,0,0,0,0.00,0.00,0.00,0.00,0.00,Matches,Copa del Rey,2024-2025
2a38f23a,Cassio,br BRA,MF,25,0,0,,,,,,,,,,,,,,,,Matches,Copa del Rey,2024-2025
77fa0631,Antonio Celada,es ESP,GK,22,0,0,,,,,,,,,,,,,,,,Matches,Copa del Rey,2024-2025
3cf3e1aa,Bassirou Lo,,FW,,0,0,,,,,,,,,,,,,,,,Matches,Copa del Rey,2024-2025
58182774,Pedro Méndez,es ESP,FW,20,0,0,,,,,,,,,,,,,,,,Matches,Copa del Rey,2024-2025
7406a454,José Ángel Ayala,es ESP,MF,24,1,1,90,1.0,0,0,0,0,0,0,0,0,0.00,0.00,0.00,0.00,0.00,Matches,Copa del Rey,2024-2025
90950f35,Alberto Bernardo,es ESP,DF,25,1,1,90,1.0,0,1,1,0,0,0,0,0,0.00,1.00,1.00,0.00,1.00,Matches,Copa del Rey,2024-2025
bdddd546,Pablo Brea,es ESP,GK,23,1,1,90,1.0,0,0,0,0,0,0,0,0,0.00,0.00,0.00,0.00,0.00,Matches,Copa del Rey,2024-2025
182d895d,Yago Gandoy,es ESP,FW,25,1,1,90,1.0,0,0,0,0,0,0,0,0,0.00,0.00,0.00,0.00,0.00,Matches,Copa del Rey,2024-2025
5df62a54,Fernando Harta,es ESP,MF,24,1,1,90,1.0,0,0,0,0,0,0,0,0,0.00,0.00,0.00,0.00,0.00,Matches,Copa del Rey,2024-2025
bbcd66bb,Tito,es ESP,DF,22,1,1,90,1.0,1,0,1,1,0,0,1,0,1.00,0.00,1.00,1.00,1.00,Matches,Copa del Rey,2024-2025
021930ab,Aarón González,es ESP,DF,20,1,1,84,0.9,0,0,0,0,0,0,0,0,0.00,0.00,0.00,0.00,0.00,Matches,Copa del Rey,2024-2025
3e1858af,Alexander,ar ARG,MF,35,1,1,73,0.8,0,0,0,0,0,0,0,0,0.00,0.00,0.00,0.00,0.00,Matches,Copa del Rey,2024-2025
49cdf79d,Mario González,es ESP,DF,26,1,1,73,0.8,0,0,0,0,0,0,0,0,0.00,0.00,0.00,0.00,0.00,Matches,Copa del Rey,2024-2025
910ba7a3,Ariel Herrero,es ESP,FW,25,1,1,73,0.8,0,0,0,0,0,0,0,0,0.00,0.00,0.00,0.00,0.00,Matches,Copa del Rey,2024-2025
dd23936d,Álvaro José,es ESP,FW,21,1,1,62,0.7,0,0,0,0,0,0,0,0,0.00,0.00,0.00,0.00,0.00,Matches,Copa del Rey,2024-2025
8e1847ed,Axel Garcia,es ESP,DF,19,1,0,28,0.3,0,0,0,0,0,0,0,0,0.00,0.00,0.00,0.00,0.00,Matches,Copa del Rey,2024-2025
0ae4c6f4,Manolo Ortiz,es ESP,DF,23,1,0,17,0.2,0,0,0,0,0,0,0,0,0.00,0.00,0.00,0.00,0.00,Matches,Copa del Rey,2024-2025
ada1a5fc,Cesar Rodriguez,ve VEN,MF,24,1,0,17,0.2,0,0,0,0,0,0,0,0,0.00,0.00,0.00,0.00,0.00,Matches,Copa del Rey,2024-2025
d6adfb33,Ian Tejero,es ESP,FW,18,1,0,17,0.2,0,0,0,0,0,0,0,0,0.00,0.00,0.00,0.00,0.00,Matches,Copa del Rey,2024-2025
b4541446,Sergi González,es ESP,DF,29,1,0,6,0.1,0,0,0,0,0,0,0,0,0.00,0.00,0.00,0.00,0.00,Matches,Copa del Rey,2024-2025
2c3579ea,Isma Aizpiri,es ESP,MF,26,0,0,,,,,,,,,,,,,,,,Matches,Copa del Rey,2024-2025
6459972a,David Alguacil,es ESP,GK,20,0,0,,,,,,,,,,,,,,,,Matches,Copa del Rey,2024-2025
44d5b2ac,Gonzalo Calçada,es ESP,MF,23,0,0,,,,,,,,,,,,,,,,Matches,Copa del Rey,2024-2025
95739a25,Iván García,es ESP,DF,20,0,0,,,,,,,,,,,,,,,,Matches,Copa del Rey,2024-2025
a0bacb6e,Diego Montaño,es ESP,DF,19,0,0,,,,,,,,,,,,,,,,Matches,Copa del Rey,2024-2025
1244839a,Jacobo de Oro,es ESP,MF,20,0,0,,,,,,,,,,,,,,,,Matches,Copa del Rey,2024-2025
f7ddfb93,Pedro Alejandro Zalaya,es ESP,DF,26,4,4,360,4.0,0,0,0,0,0,0,1,0,0.00,0.00,0.00,0.00,0.00,Matches,Copa del Rey,2024-2025
a10ed4f7,Patricio Guillén,uy URU,GK,39,4,4,360,4.0,0,0,0,0,0,0,0,0,0.00,0.00,0.00,0.00,0.00,Matches,Copa del Rey,2024-2025
713141c7,Jairo Noriega,,MF,,4,4,303,3.4,2,1,3,2,0,0,0,0,0.59,0.30,0.89,0.59,0.89,Matches,Copa del Rey,2024-2025
71cfe443,Alejandro Fidalgo,es ESP,MF,23,4,4,302,3.4,0,0,0,0,0,0,2,0,0.00,0.00,0.00,0.00,0.00,Matches,Copa del Rey,2024-2025
02f0ce29,Francisco Carmona,es ESP,DF,25,4,3,271,3.0,0,0,0,0,0,0,1,0,0.00,0.00,0.00,0.00,0.00,Matches,Copa del Rey,2024-2025
68f5a0c1,Raúl Prada,es ESP,DF,23,3,3,269,3.0,0,0,0,0,0,0,0,0,0.00,0.00,0.00,0.00,0.00,Matches,Copa del Rey,2024-2025
2d0003e5,Miguel Prado,es ESP,DF,25,4,3,268,3.0,0,0,0,0,0,0,1,0,0.00,0.00,0.00,0.00,0.00,Matches,Copa del Rey,2024-2025
45a759dc,Jerin Ramos,cv CPV,MF,28,4,3,243,2.7,1,0,1,1,0,0,1,0,0.37,0.00,0.37,0.37,0.37,Matches,Copa del Rey,2024-2025
dbeadfd4,Gonzalo Di Renzo,ar ARG,FW,28,4,3,238,2.6,1,1,2,1,0,0,0,0,0.38,0.38,0.76,0.38,0.76,Matches,Copa del Rey,2024-2025
ddd83967,Ángel Sánchez,es ESP,"MF,FW",27,4,2,199,2.2,2,0,2,2,0,0,1,0,0.90,0.00,0.90,0.90,0.90,Matches,Copa del Rey,2024-2025
15b8a37d,Alberto Gil,es ESP,"MF,FW",27,3,2,182,2.0,0,0,0,0,0,0,0,0,0.00,0.00,0.00,0.00,0.00,Matches,Copa del Rey,2024-2025
be9e62cc,Josema,es ESP,"MF,FW",24,2,2,161,1.8,0,0,0,0,0,0,0,0,0.00,0.00,0.00,0.00,0.00,Matches,Copa del Rey,2024-2025
9bc61c29,Fullana,es ESP,MF,34,4,1,143,1.6,0,0,0,0,0,0,0,0,0.00,0.00,0.00,0.00,0.00,Matches,Copa del Rey,2024-2025
4811b6e9,Álex Gil,es ESP,MF,26,4,1,143,1.6,0,1,1,0,0,0,0,0,0.00,0.63,0.63,0.00,0.63,Matches,Copa del Rey,2024-2025
5c1bcebf,Javier Carbonell,es ESP,FW,27,4,1,138,1.5,0,0,0,0,0,0,0,0,0.00,0.00,0.00,0.00,0.00,Matches,Copa del Rey,2024-2025
d8be599e,Hugo Sanz,es ESP,DF,22,2,1,99,1.1,0,0,0,0,0,0,0,0,0.00,0.00,0.00,0.00,0.00,Matches,Copa del Rey,2024-2025
3cb89f9d,Andrada,es ESP,DF,29,2,1,92,1.0,0,0,0,0,0,0,0,0,0.00,0.00,0.00,0.00,0.00,Matches,Copa del Rey,2024-2025
2357b9df,Moisés Laínez,es ESP,DF,27,1,1,90,1.0,0,0,0,0,0,0,0,0,0.00,0.00,0.00,0.00,0.00,Matches,Copa del Rey,2024-2025
8bb773b8,Iván del Olmo,es ESP,MF,20,2,1,80,0.9,0,0,0,0,0,0,1,0,0.00,0.00,0.00,0.00,0.00,Matches,Copa del Rey,2024-2025
f0753883,Juanma Bravo,es ESP,MF,26,1,0,19,0.2,0,0,0,0,0,0,0,0,0.00,0.00,0.00,0.00,0.00,Matches,Copa del Rey,2024-2025
519fcf7f,Raúl Marqueta,es ESP,GK,29,0,0,,,,,,,,,,,,,,,,Matches,Copa del Rey,2024-2025
60bb7e62,Juanmi Callejón,es ESP,MF,37,1,1,90,1.0,0,0,0,0,0,0,0,0,0.00,0.00,0.00,0.00,0.00,Matches,Copa del Rey,2024-2025
953a59e6,Diego Díaz,es ESP,MF,29,1,1,90,1.0,0,0,0,0,0,0,0,0,0.00,0.00,0.00,0.00,0.00,Matches,Copa del Rey,2024-2025
3ab345c0,Moussa Gueye,sn SEN,FW,25,1,1,90,1.0,0,0,0,0,0,0,0,0,0.00,0.00,0.00,0.00,0.00,Matches,Copa del Rey,2024-2025
e6c70f2f,Miguel Núñez,es ESP,MF,37,1,1,90,1.0,0,0,0,0,0,0,0,0,0.00,0.00,0.00,0.00,0.00,Matches,Copa del Rey,2024-2025
07917ffe,Pablo Platero,es ESP,MF,25,1,1,90,1.0,0,0,0,0,0,0,0,0,0.00,0.00,0.00,0.00,0.00,Matches,Copa del Rey,2024-2025
57ef6e74,Tala,es ESP,DF,23,1,1,90,1.0,0,0,0,0,0,0,0,0,0.00,0.00,0.00,0.00,0.00,Matches,Copa del Rey,2024-2025
f9560607,José Pardo,es ESP,DF,36,0,0,,,,,,,,,,,,,,,,Matches,Copa del Rey,2024-2025
9d54f365,Cris Alonso,es ESP,MF,36,1,1,90,1.0,0,0,0,0,0,0,0,0,0.00,0.00,0.00,0.00,0.00,Matches,Copa del Rey,2024-2025
f32c66c9,Javi Alonso,es ESP,MF,32,1,1,90,1.0,0,0,0,0,0,0,0,0,0.00,0.00,0.00,0.00,0.00,Matches,Copa del Rey,2024-2025
0b598953,Andrés Barrera,es ESP,MF,26,1,1,90,1.0,0,0,0,0,0,0,0,0,0.00,0.00,0.00,0.00,0.00,Matches,Copa del Rey,2024-2025
0a682182,Cali,es ESP,MF,33,1,1,90,1.0,0,0,0,0,0,0,0,0,0.00,0.00,0.00,0.00,0.00,Matches,Copa del Rey,2024-2025
94cc8205,Sergio Delgado,es ESP,GK,23,1,1,90,1.0,0,0,0,0,0,0,0,0,0.00,0.00,0.00,0.00,0.00,Matches,Copa del Rey,2024-2025
a08e2d4e,Marcos Iglesias,es ESP,FW,34,1,1,90,1.0,0,0,0,0,0,0,0,0,0.00,0.00,0.00,0.00,0.00,Matches,Copa del Rey,2024-2025
90ed19ca,Román Llavona,es ESP,DF,30,1,1,90,1.0,0,0,0,0,0,0,0,0,0.00,0.00,0.00,0.00,0.00,Matches,Copa del Rey,2024-2025
a3e60a5d,Aser Martín,es ESP,MF,31,1,1,90,1.0,0,0,0,0,0,0,0,0,0.00,0.00,0.00,0.00,0.00,Matches,Copa del Rey,2024-2025
c98b6c60,Michu,es ESP,DF,25,1,1,90,1.0,0,0,0,0,0,0,0,0,0.00,0.00,0.00,0.00,0.00,Matches,Copa del Rey,2024-2025
7dcd0c17,Manuel Pérez,es ESP,DF,21,1,1,90,1.0,0,0,0,0,0,0,0,0,0.00,0.00,0.00,0.00,0.00,Matches,Copa del Rey,2024-2025
4e0d65db,Santi,es ESP,DF,23,1,1,90,1.0,0,0,0,0,0,0,0,0,0.00,0.00,0.00,0.00,0.00,Matches,Copa del Rey,2024-2025
d1acd742,Sergio Álvarez,es ESP,MF,21,0,0,,,,,,,,,,,,,,,,Matches,Copa del Rey,2024-2025
653d9d96,Pablo Iglesias,es ESP,MF,24,0,0,,,,,,,,,,,,,,,,Matches,Copa del Rey,2024-2025
977012ab,Yeray Martinez,es ESP,GK,21,0,0,,,,,,,,,,,,,,,,Matches,Copa del Rey,2024-2025
0f36f7c0,Diego Mon,es ESP,DF,37,0,0,,,,,,,,,,,,,,,,Matches,Copa del Rey,2024-2025
4d61295c,Miguel Plaza,es ESP,MF,27,0,0,,,,,,,,,,,,,,,,Matches,Copa del Rey,2024-2025
d6c6ad24,Robi Toral,es ESP,MF,40,0,0,,,,,,,,,,,,,,,,Matches,Copa del Rey,2024-2025
ae345ea5,Viti,es ESP,MF,22,0,0,,,,,,,,,,,,,,,,Matches,Copa del Rey,2024-2025
422b05e3,José Corpas,es ESP,"DF,MF",33,34,34,"2,872",31.9,6,6,12,4,2,3,12,0,0.19,0.19,0.38,0.13,0.31,Matches,Copa del Rey,2024-2025
41417804,Jon Mikel Magunagoitia,es ESP,GK,23,32,32,"2,880",32.0,1,0,1,1,0,0,1,0,0.03,0.00,0.03,0.03,0.03,Matches,Copa del Rey,2024-2025
debc6b55,Jon Bautista,es ESP,FW,29,37,31,"2,597",28.9,11,4,15,11,0,0,5,1,0.38,0.14,0.52,0.38,0.52,Matches,Copa del Rey,2024-2025
c77a8043,Antonio Puertas,es ESP,"MF,FW",32,41,29,"2,549",28.3,5,5,10,5,0,0,6,0,0.18,0.18,0.35,0.18,0.35,Matches,Copa del Rey,2024-2025
88d91621,Sergio Álvarez,es ESP,MF,32,38,28,"2,790",31.0,0,0,0,0,0,0,5,1,0.00,0.00,0.00,0.00,0.00,Matches,Copa del Rey,2024-2025
f28876e5,Aritz Arambarri,es ESP,DF,26,32,27,"2,413",26.8,0,0,0,0,0,0,7,1,0.00,0.00,0.00,0.00,0.00,Matches,Copa del Rey,2024-2025
857cb4f3,Peru Nolaskoain,es ESP,MF,25,36,27,"2,396",26.6,2,0,2,2,0,0,8,0,0.08,0.00,0.08,0.08,0.08,Matches,Copa del Rey,2024-2025
bef22bc4,Matheus Pereira da Silva,br BRA,MF,26,32,27,"2,195",24.4,1,4,5,1,0,0,9,0,0.04,0.16,0.21,0.04,0.21,Matches,Copa del Rey,2024-2025
850c0a0d,Anaitz Arbilla,es ESP,DF,37,26,26,"2,324",25.8,0,0,0,0,0,0,10,1,0.00,0.00,0.00,0.00,0.00,Matches,Copa del Rey,2024-2025
b397e44a,Cristian Gutierrez,es ESP,DF,23,32,25,"2,198",24.4,0,3,3,0,0,0,1,0,0.00,0.12,0.12,0.00,0.12,Matches,Copa del Rey,2024-2025
a2d9cf74,Pascu,es ESP,"MF,FW",21,40,23,"1,975",21.9,5,2,7,5,0,0,4,0,0.23,0.09,0.32,0.23,0.32,Matches,Copa del Rey,2024-2025
d858d079,Sergio Cubero Ezcurra,es ESP,DF,24,27,21,"2,002",22.2,0,2,2,0,0,0,1,0,0.00,0.09,0.09,0.00,0.09,Matches,Copa del Rey,2024-2025
d2c8aacc,Xeber,es ESP,"MF,FW",27,33,20,"1,915",21.3,1,1,2,1,0,0,2,0,0.05,0.05,0.09,0.05,0.09,Matches,Copa del Rey,2024-2025
352c723b,Hodei Arrillaga,,DF,,31,17,"1,576",17.5,0,0,0,0,0,0,1,0,0.00,0.00,0.00,0.00,0.00,Matches,Copa del Rey,2024-2025
5a341c79,Jon Guruzeta,es ESP,MF,24,33,16,"1,399",15.5,3,3,6,3,0,0,4,0,0.19,0.19,0.39,0.19,0.39,Matches,Copa del Rey,2024-2025
cf27a443,Álvaro Carrillo,es ESP,DF,22,21,15,"1,293",14.4,1,0,1,1,0,0,9,2,0.07,0.00,0.07,0.07,0.07,Matches,Copa del Rey,2024-2025
4d7a011a,Ander Madariaga,es ESP,MF,22,26,13,"1,408",15.6,3,0,3,3,0,0,2,0,0.19,0.00,0.19,0.19,0.19,Matches,Copa del Rey,2024-2025
82328faf,Daniel Fuzato,br BRA,GK,27,10,10,900,10.0,0,0,0,0,0,0,0,0,0.00,0.00,0.00,0.00,0.00,Matches,Copa del Rey,2024-2025
7f203b54,Chema,es ESP,DF,32,13,9,869,9.7,1,0,1,1,0,0,9,1,0.10,0.00,0.10,0.10,0.10,Matches,Copa del Rey,2024-2025
01d45441,Arnau Comas,es ESP,DF,24,9,9,676,7.5,0,0,0,0,0,0,1,0,0.00,0.00,0.00,0.00,0.00,Matches,Copa del Rey,2024-2025
3672b352,Javi Martínez,es ESP,MF,24,16,7,617,6.9,0,0,0,0,0,0,2,0,0.00,0.00,0.00,0.00,0.00,Matches,Copa del Rey,2024-2025
1fa0e5fa,Iván Gil,es ESP,"MF,FW",24,11,6,467,5.2,0,1,1,0,0,0,3,0,0.00,0.19,0.19,0.00,0.19,Matches,Copa del Rey,2024-2025
ddd5348b,Martín Merquelanz,es ESP,MF,29,15,5,436,4.8,0,1,1,0,0,0,2,0,0.00,0.21,0.21,0.00,0.21,Matches,Copa del Rey,2024-2025
636eae97,Toni Villa,es ESP,MF,29,16,4,474,5.3,0,1,1,0,0,0,3,0,0.00,0.19,0.19,0.00,0.19,Matches,Copa del Rey,2024-2025
b750381a,Kento Hashimoto,jp JPN,MF,30,7,1,139,1.5,0,0,0,0,0,0,1,0,0.00,0.00,0.00,0.00,0.00,Matches,Copa del Rey,2024-2025
ad2ce3a1,Borislav Stankov,bg BUL,FW,22,5,0,37,0.4,0,1,1,0,0,0,0,0,0.00,2.43,2.43,0.00,2.43,Matches,Copa del Rey,2024-2025
3efcea0e,Aitor Galarza,es ESP,FW,22,5,0,34,0.4,0,0,0,0,0,0,0,0,0.00,0.00,0.00,0.00,0.00,Matches,Copa del Rey,2024-2025
f4fa1d95,Oscar Carrasco Sojo,es ESP,MF,21,3,0,10,0.1,0,0,0,0,0,0,0,0,0.00,0.00,0.00,0.00,0.00,Matches,Copa del Rey,2024-2025
13fef0ed,Iker Alday,es ESP,DF,21,1,0,5,0.1,0,0,0,0,0,0,0,0,0.00,0.00,0.00,0.00,0.00,Matches,Copa del Rey,2024-2025
88746e0b,Marc Delgado,es ESP,MF,19,0,0,,,,,,,,,,,,,,,,Matches,Copa del Rey,2024-2025
f240be08,Álex Domínguez,es ESP,GK,26,0,0,,,,,,,,,,,,,,,,Matches,Copa del Rey,2024-2025
d11abbaa,Raul Giménez,es ESP,DF,20,0,0,,,,,,,,,,,,,,,,Matches,Copa del Rey,2024-2025
16588c11,Ibon Ispizua,es ESP,GK,21,0,0,,,,,,,,,,,,,,,,Matches,Copa del Rey,2024-2025
39467c34,Endika Mateos,es ESP,FW,20,0,0,,,,,,,,,,,,,,,,Matches,Copa del Rey,2024-2025
f807f8b3,Yanis Rahmani,fr FRA,"FW,MF",29,0,0,,,,,,,,,,,,,,,,Matches,Copa del Rey,2024-2025
d5fb228d,Ekaitz Redondo,es ESP,FW,19,0,0,,,,,,,,,,,,,,,,Matches,Copa del Rey,2024-2025
02faa2c5,Samu Mayo,es ESP,MF,23,4,4,360,4.0,0,0,0,0,0,0,1,0,0.00,0.00,0.00,0.00,0.00,Matches,Copa del Rey,2024-2025
87842bc2,Manuel Vizoso,es ESP,GK,21,4,4,360,4.0,0,0,0,0,0,0,0,0,0.00,0.00,0.00,0.00,0.00,Matches,Copa del Rey,2024-2025
1a463377,Yelko Pino,es ESP,MF,27,4,4,345,3.8,2,0,2,2,0,0,1,0,0.52,0.00,0.52,0.52,0.52,Matches,Copa del Rey,2024-2025
193df1c9,Javier Fontán,es ESP,"DF,MF",24,4,4,336,3.7,1,1,2,1,0,0,2,0,0.27,0.27,0.54,0.27,0.54,Matches,Copa del Rey,2024-2025
61cb5b75,Iago Novo,es ESP,MF,25,4,4,332,3.7,0,0,0,0,0,0,1,0,0.00,0.00,0.00,0.00,0.00,Matches,Copa del Rey,2024-2025
76ee80ee,Héctor Hernández,es ESP,"DF,MF",33,4,4,279,3.1,1,0,1,1,0,0,0,0,0.32,0.00,0.32,0.32,0.32,Matches,Copa del Rey,2024-2025
2f0f75d6,Xabi Dominguez,es ESP,MF,21,4,3,252,2.8,0,1,1,0,0,0,0,0,0.00,0.36,0.36,0.00,0.36,Matches,Copa del Rey,2024-2025
0d5377e0,Mario Gómez,es ESP,DF,29,3,3,252,2.8,0,0,0,0,0,0,0,0,0.00,0.00,0.00,0.00,0.00,Matches,Copa del Rey,2024-2025
3e999e3d,Pelayo Suárez,es ESP,DF,26,3,3,250,2.8,0,0,0,0,0,0,2,0,0.00,0.00,0.00,0.00,0.00,Matches,Copa del Rey,2024-2025
6aa3e860,Chiqui,es ESP,MF,26,3,3,216,2.4,1,1,2,1,0,0,0,0,0.42,0.42,0.83,0.42,0.83,Matches,Copa del Rey,2024-2025
df96cb8a,Dali,es ESP,FW,24,4,2,232,2.6,2,0,2,2,0,0,1,0,0.78,0.00,0.78,0.78,0.78,Matches,Copa del Rey,2024-2025
634f7504,Benjamín Garay,ar ARG,DF,24,4,2,179,2.0,0,0,0,0,0,0,0,0,0.00,0.00,0.00,0.00,0.00,Matches,Copa del Rey,2024-2025
84899954,Carlos López,es ESP,FW,28,3,2,145,1.6,0,0,0,0,0,0,0,0,0.00,0.00,0.00,0.00,0.00,Matches,Copa del Rey,2024-2025
dc574cb6,Rufo Sánchez,es ESP,FW,37,4,1,122,1.4,1,1,2,1,0,0,0,0,0.74,0.74,1.48,0.74,1.48,Matches,Copa del Rey,2024-2025
b6598988,Igor Irazu,es ESP,DF,22,3,1,118,1.3,0,0,0,0,0,0,0,0,0.00,0.00,0.00,0.00,0.00,Matches,Copa del Rey,2024-2025
f86a8f3a,Álex González,es ESP,FW,34,4,0,152,1.7,0,0,0,0,0,0,0,0,0.00,0.00,0.00,0.00,0.00,Matches,Copa del Rey,2024-2025
f5ca0a22,Rares Mezdrea,ro ROU,MF,22,3,0,30,0.3,0,1,1,0,0,0,0,0,0.00,3.00,3.00,0.00,3.00,Matches,Copa del Rey,2024-2025
280307c5,Edu Sousa,es ESP,GK,33,0,0,,0.0,0,0,0,0,0,0,1,0,,,,,,Matches,Copa del Rey,2024-2025
17b43d6b,Jesús Cambil,es ESP,MF,25,0,0,,,,,,,,,,,,,,,,Matches,Copa del Rey,2024-2025
5c30acc7,Canosa,es ESP,MF,19,0,0,,,,,,,,,,,,,,,,Matches,Copa del Rey,2024-2025
4ac7608e,Diego González,es ESP,DF,29,0,0,,,,,,,,,,,,,,,,Matches,Copa del Rey,2024-2025
3c8b0b02,David Marqués,es ESP,DF,19,0,0,,,,,,,,,,,,,,,,Matches,Copa del Rey,2024-2025
e749ad57,Iván Casado Ortiz,es ESP,DF,31,2,2,180,2.0,0,0,0,0,0,0,0,0,0.00,0.00,0.00,0.00,0.00,Matches,Copa del Rey,2024-2025
11977994,Carlos Cristeto,es ESP,MF,30,2,2,180,2.0,0,0,0,0,0,0,1,0,0.00,0.00,0.00,0.00,0.00,Matches,Copa del Rey,2024-2025
4e21d3ed,Souleymane Gassama,ml MLI,DF,25,2,2,180,2.0,0,0,0,0,0,0,0,0,0.00,0.00,0.00,0.00,0.00,Matches,Copa del Rey,2024-2025
ec81ad5b,Juancho,co COL,MF,28,2,2,176,2.0,0,0,0,0,0,0,0,0,0.00,0.00,0.00,0.00,0.00,Matches,Copa del Rey,2024-2025
5ed6bd7d,Alvarito,es ESP,MF,31,2,2,158,1.8,0,0,0,0,0,0,0,0,0.00,0.00,0.00,0.00,0.00,Matches,Copa del Rey,2024-2025
58591b42,Curro Muñoz,es ESP,MF,21,2,2,158,1.8,0,0,0,0,0,0,1,0,0.00,0.00,0.00,0.00,0.00,Matches,Copa del Rey,2024-2025
932efe41,Murua,es ESP,DF,27,2,2,157,1.7,0,0,0,0,0,0,1,0,0.00,0.00,0.00,0.00,0.00,Matches,Copa del Rey,2024-2025
39f30611,Stephane Emaná,cm CMR,FW,30,2,2,148,1.6,0,0,0,0,0,0,0,0,0.00,0.00,0.00,0.00,0.00,Matches,Copa del Rey,2024-2025
6afee323,Antonio Amaro,es ESP,DF,32,1,1,90,1.0,0,0,0,0,0,0,0,0,0.00,0.00,0.00,0.00,0.00,Matches,Copa del Rey,2024-2025
0e359178,Eric,es ESP,GK,21,1,1,90,1.0,0,0,0,0,0,0,0,0,0.00,0.00,0.00,0.00,0.00,Matches,Copa del Rey,2024-2025
a582f862,Jon Villanueva,es ESP,GK,34,1,1,90,1.0,0,0,0,0,0,0,0,0,0.00,0.00,0.00,0.00,0.00,Matches,Copa del Rey,2024-2025
158e687c,Caramelo,es ESP,MF,29,2,1,88,1.0,1,0,1,1,0,0,0,0,1.02,0.00,1.02,1.02,1.02,Matches,Copa del Rey,2024-2025
19f98ce0,Martín Galván,mx MEX,FW,31,2,1,80,0.9,0,0,0,0,0,0,0,0,0.00,0.00,0.00,0.00,0.00,Matches,Copa del Rey,2024-2025
91e0d307,Jesús Ares,es ESP,FW,21,1,0,34,0.4,0,0,0,0,0,0,0,0,0.00,0.00,0.00,0.00,0.00,Matches,Copa del Rey,2024-2025
64f77fe0,Gustavo Carmona,mx MEX,MF,29,2,0,27,0.3,0,0,0,0,0,0,0,0,0.00,0.00,0.00,0.00,0.00,Matches,Copa del Rey,2024-2025
049c2adb,Diego Benito Rey,es ESP,MF,35,1,0,22,0.2,0,0,0,0,0,0,1,0,0.00,0.00,0.00,0.00,0.00,Matches,Copa del Rey,2024-2025
757a8573,Maikel Villajos,es ESP,FW,25,1,0,17,0.2,0,0,0,0,0,0,0,0,0.00,0.00,0.00,0.00,0.00,Matches,Copa del Rey,2024-2025
8d365418,Óscar Lorenzo,es ESP,FW,24,1,0,15,0.2,0,0,0,0,0,0,0,0,0.00,0.00,0.00,0.00,0.00,Matches,Copa del Rey,2024-2025
abd48cbf,Ian De Oliveira,ad AND,DF,19,0,0,,,,,,,,,,,,,,,,Matches,Copa del Rey,2024-2025
b8a12de6,Javi Navas,es ESP,MF,33,0,0,,,,,,,,,,,,,,,,Matches,Copa del Rey,2024-2025
e0b4ff40,Yago Rodríguez,,DF,,0,0,,,,,,,,,,,,,,,,Matches,Copa del Rey,2024-2025
4ff590bb,Abel,es ESP,DF,28,1,1,120,1.3,0,0,0,0,0,0,0,0,0.00,0.00,0.00,0.00,0.00,Matches,Copa del Rey,2024-2025
5f114c62,Fernán Ferreiroa,es ESP,MF,29,1,1,120,1.3,0,0,0,0,0,0,0,0,0.00,0.00,0.00,0.00,0.00,Matches,Copa del Rey,2024-2025
7f862a0b,Diego Gómez,es ESP,FW,25,1,1,120,1.3,0,0,0,0,0,0,1,0,0.00,0.00,0.00,0.00,0.00,Matches,Copa del Rey,2024-2025
2e9674b5,Héctor Oliva,es ESP,GK,20,1,1,120,1.3,0,0,0,0,0,0,0,0,0.00,0.00,0.00,0.00,0.00,Matches,Copa del Rey,2024-2025
7a94655c,Manu Olmedilla,es ESP,MF,35,1,1,120,1.3,1,0,1,1,0,0,0,0,0.75,0.00,0.75,0.75,0.75,Matches,Copa del Rey,2024-2025
a4ea9b5e,Juan Silva,es ESP,DF,25,1,1,120,1.3,0,0,0,0,0,0,0,0,0.00,0.00,0.00,0.00,0.00,Matches,Copa del Rey,2024-2025
c0a2f61b,Sergi Molina,es ESP,DF,24,1,1,104,1.2,0,0,0,0,0,0,1,0,0.00,0.00,0.00,0.00,0.00,Matches,Copa del Rey,2024-2025
5da895d7,Fernando Llorente,es ESP,MF,33,1,1,80,0.9,0,0,0,0,0,0,0,0,0.00,0.00,0.00,0.00,0.00,Matches,Copa del Rey,2024-2025
f7e2871f,Gabriel Palmero,my MAS,DF,22,1,1,64,0.7,0,0,0,0,0,0,0,0,0.00,0.00,0.00,0.00,0.00,Matches,Copa del Rey,2024-2025
f28ef84c,Ignacio Tellechea,es ESP,FW,27,1,1,64,0.7,0,0,0,0,0,0,0,0,0.00,0.00,0.00,0.00,0.00,Matches,Copa del Rey,2024-2025
b9584701,Javier Borrego Sánchez,es ESP,FW,27,1,1,45,0.5,0,0,0,0,0,0,0,0,0.00,0.00,0.00,0.00,0.00,Matches,Copa del Rey,2024-2025
dc25aca5,Miguel Berlanga,es ESP,FW,23,1,0,75,0.8,0,0,0,0,0,0,0,0,0.00,0.00,0.00,0.00,0.00,Matches,Copa del Rey,2024-2025
ad45ae5b,Pedro Astray,es ESP,MF,32,1,0,56,0.6,0,0,0,0,0,0,0,0,0.00,0.00,0.00,0.00,0.00,Matches,Copa del Rey,2024-2025
de5a1f8a,Chupo Yubero,es ESP,MF,33,1,0,56,0.6,0,0,0,0,0,0,0,0,0.00,0.00,0.00,0.00,0.00,Matches,Copa del Rey,2024-2025
35554a44,Hugo Díaz,es ESP,DF,27,1,0,40,0.4,0,0,0,0,0,0,0,0,0.00,0.00,0.00,0.00,0.00,Matches,Copa del Rey,2024-2025
2c51516b,Hugo Marcos,es ESP,DF,21,1,0,16,0.2,0,0,0,0,0,0,0,0,0.00,0.00,0.00,0.00,0.00,Matches,Copa del Rey,2024-2025
28509505,Guillermo,es ESP,DF,18,0,0,,,,,,,,,,,,,,,,Matches,Copa del Rey,2024-2025
f26c027b,Pablo Vicente,es ESP,GK,36,0,0,,,,,,,,,,,,,,,,Matches,Copa del Rey,2024-2025
c252c705,Gaëtan Poussin,fr FRA,GK,25,33,32,"2,915",32.4,1,0,1,1,0,0,2,0,0.03,0.00,0.03,0.03,0.03,Matches,Copa del Rey,2024-2025
3264a506,Bernardo Vital,pt POR,DF,23,33,31,"2,841",31.6,0,0,0,0,0,0,10,0,0.00,0.00,0.00,0.00,0.00,Matches,Copa del Rey,2024-2025
a685f013,Lluis López,es ESP,DF,27,29,29,"2,538",28.2,0,1,1,0,0,0,6,1,0.00,0.04,0.04,0.00,0.04,Matches,Copa del Rey,2024-2025
36a88831,Francho Serrano,es ESP,"MF,DF",22,37,28,"2,599",28.9,4,2,6,4,0,0,3,0,0.14,0.07,0.21,0.14,0.21,Matches,Copa del Rey,2024-2025
6724c5a9,Iván Calero,es ESP,DF,29,34,28,"2,470",27.4,0,2,2,0,0,0,10,1,0.00,0.07,0.07,0.00,0.07,Matches,Copa del Rey,2024-2025
086c1437,Dani Tasende,es ESP,"DF,MF",24,34,27,"2,359",26.2,2,7,9,2,0,0,9,1,0.08,0.27,0.34,0.08,0.34,Matches,Copa del Rey,2024-2025
26615dea,Adrián Liso,es ESP,"MF,FW",19,40,25,"2,491",27.7,4,1,5,4,0,0,2,0,0.14,0.04,0.18,0.14,0.18,Matches,Copa del Rey,2024-2025
c5eaff5c,Ager Aketxe,es ESP,"MF,FW",30,36,22,"1,884",20.9,2,3,5,2,0,1,4,0,0.10,0.14,0.24,0.10,0.24,Matches,Copa del Rey,2024-2025
e59c9d0d,Samed Baždar,ba BIH,"FW,MF",20,31,20,"1,693",18.8,4,4,8,4,0,0,6,1,0.21,0.21,0.43,0.21,0.43,Matches,Copa del Rey,2024-2025
03049c8c,Keidi Bare,al ALB,MF,26,21,20,"1,650",18.3,0,2,2,0,0,1,6,0,0.00,0.11,0.11,0.00,0.11,Matches,Copa del Rey,2024-2025
c05de865,Soberón,es ESP,FW,27,24,20,"1,488",16.5,10,2,12,8,2,2,5,0,0.60,0.12,0.73,0.48,0.60,Matches,Copa del Rey,2024-2025
9e098912,Toni Moya,es ESP,MF,26,36,19,"1,906",21.2,0,6,6,0,0,0,7,0,0.00,0.28,0.28,0.00,0.28,Matches,Copa del Rey,2024-2025
82b27ccb,Jair Amador,gq EQG,DF,34,23,18,"1,653",18.4,2,2,4,2,0,0,5,0,0.11,0.11,0.22,0.11,0.22,Matches,Copa del Rey,2024-2025
a461f098,Adu Ares,es ESP,"MF,DF",22,30,18,"1,468",16.3,2,1,3,2,0,0,9,0,0.12,0.06,0.18,0.12,0.18,Matches,Copa del Rey,2024-2025
9b2779f5,Ivan Azón,es ESP,FW,21,24,15,"1,457",16.2,7,2,9,7,0,0,2,0,0.43,0.12,0.56,0.43,0.56,Matches,Copa del Rey,2024-2025
4a8a93f9,Marcos Luna,es ESP,"DF,MF",21,26,15,"1,422",15.8,2,2,4,2,0,0,7,0,0.13,0.13,0.25,0.13,0.25,Matches,Copa del Rey,2024-2025
4f8a9f70,Kervin Arriaga,hn HON,"MF,DF",26,17,15,"1,314",14.6,1,0,1,1,0,0,8,0,0.07,0.00,0.07,0.07,0.07,Matches,Copa del Rey,2024-2025
21bf9d41,Enrique Clemente,es ESP,DF,25,20,15,"1,314",14.6,1,0,1,1,0,0,4,1,0.07,0.00,0.07,0.07,0.07,Matches,Copa del Rey,2024-2025
5a705641,Marc Aguado,es ESP,MF,24,17,15,"1,025",11.4,0,0,0,0,0,0,2,0,0.00,0.00,0.00,0.00,0.00,Matches,Copa del Rey,2024-2025
8bab63be,Pau Sans,es ESP,"MF,FW",19,31,10,"1,210",13.4,3,2,5,3,0,0,4,0,0.22,0.15,0.37,0.22,0.37,Matches,Copa del Rey,2024-2025
0b2c8585,Raúl Guti,es ESP,MF,27,11,10,877,9.7,2,0,2,2,0,0,3,0,0.21,0.00,0.21,0.21,0.21,Matches,Copa del Rey,2024-2025
fe5f2ab8,Joan Femenías,es ESP,GK,27,10,10,865,9.6,0,0,0,0,0,0,1,0,0.00,0.00,0.00,0.00,0.00,Matches,Copa del Rey,2024-2025
0e5ddc7c,Dani Gómez,es ESP,FW,26,14,8,673,7.5,4,1,5,2,2,2,1,1,0.53,0.13,0.67,0.27,0.40,Matches,Copa del Rey,2024-2025
44330c36,Alberto Marí,es ESP,FW,23,27,6,706,7.8,3,1,4,3,0,0,2,0,0.38,0.13,0.51,0.38,0.51,Matches,Copa del Rey,2024-2025
d166c007,Sergio Bermejo,es ESP,MF,26,8,3,270,3.0,0,0,0,0,0,0,1,0,0.00,0.00,0.00,0.00,0.00,Matches,Copa del Rey,2024-2025
950dd6ab,Sebastián Kóša,sk SVK,DF,20,4,2,196,2.2,0,0,0,0,0,0,2,0,0.00,0.00,0.00,0.00,0.00,Matches,Copa del Rey,2024-2025
91738147,Carlos Nieto,es ESP,MF,28,3,1,77,0.9,0,0,0,0,0,0,1,0,0.00,0.00,0.00,0.00,0.00,Matches,Copa del Rey,2024-2025
ec14bc12,Cuenca,es ESP,FW,21,1,0,32,0.4,0,0,0,0,0,0,0,0,0.00,0.00,0.00,0.00,0.00,Matches,Copa del Rey,2024-2025
78cfb00c,Hugo Pinilla,es ESP,MF,18,1,0,16,0.2,0,0,0,0,0,0,0,0,0.00,0.00,0.00,0.00,0.00,Matches,Copa del Rey,2024-2025
ee5a9b0c,Lucas Terrer,es ESP,MF,19,1,0,12,0.1,0,0,0,0,0,0,0,0,0.00,0.00,0.00,0.00,0.00,Matches,Copa del Rey,2024-2025
b1077661,Jaime Vallejo Mellado,es ESP,DF,22,2,0,11,0.1,0,0,0,0,0,0,0,0,0.00,0.00,0.00,0.00,0.00,Matches,Copa del Rey,2024-2025
87e89eb4,Cristian Álvarez,ar ARG,GK,38,0,0,,,,,,,,,,,,,,,,Matches,Copa del Rey,2024-2025
195cdec8,Chema Aragues,es ESP,FW,20,0,0,,,,,,,,,,,,,,,,Matches,Copa del Rey,2024-2025
2bc07568,Hugo Barrachina,es ESP,DF,17,0,0,,,,,,,,,,,,,,,,Matches,Copa del Rey,2024-2025
e728e91e,Carlos Calavia,es ESP,GK,21,0,0,,,,,,,,,,,,,,,,Matches,Copa del Rey,2024-2025
7d6cbddc,Juan Carlos,es ESP,DF,18,0,0,,,,,,,,,,,,,,,,Matches,Copa del Rey,2024-2025
fc701f70,Hugo Carrillo,es ESP,DF,22,0,0,,,,,,,,,,,,,,,,Matches,Copa del Rey,2024-2025
f3451c66,Gori,es ESP,MF,22,0,0,,,,,,,,,,,,,,,,Matches,Copa del Rey,2024-2025
fc3d2006,Jaume Grau,es ESP,MF,27,0,0,,,,,,,,,,,,,,,,Matches,Copa del Rey,2024-2025
74c18daf,Guillermo Labrador,es ESP,GK,23,0,0,,,,,,,,,,,,,,,,Matches,Copa del Rey,2024-2025
197038af,Quentin Lecoeuche,fr FRA,"DF,MF",30,0,0,,,,,,,,,,,,,,,,Matches,Copa del Rey,2024-2025
a105826d,Aitor Mañas,es ESP,FW,21,0,0,,,,,,,,,,,,,,,,Matches,Copa del Rey,2024-2025
a14c6a53,Juan Sabater,,MF,,0,0,,,,,,,,,,,,,,,,Matches,Copa del Rey,2024-2025
21bdd04f,Yussif Saidu,gh GHA,MF,19,0,0,,,,,,,,,,,,,,,,Matches,Copa del Rey,2024-2025
23a1cf34,Juanma Álvarez,es ESP,MF,28,1,1,90,1.0,1,0,1,0,1,1,0,0,1.00,0.00,1.00,0.00,0.00,Matches,Copa del Rey,2024-2025
697c34ea,Fran Fernández,es ESP,GK,25,1,1,90,1.0,0,0,0,0,0,0,0,0,0.00,0.00,0.00,0.00,0.00,Matches,Copa del Rey,2024-2025
da73840d,Víctor Montero,,DF,,1,1,90,1.0,0,0,0,0,0,0,0,0,0.00,0.00,0.00,0.00,0.00,Matches,Copa del Rey,2024-2025
a643f2e1,Álvaro Perera,,DF,,1,1,90,1.0,0,0,0,0,0,0,0,0,0.00,0.00,0.00,0.00,0.00,Matches,Copa del Rey,2024-2025
823bdfb0,Ismael Perera,,DF,,1,1,90,1.0,0,0,0,0,0,0,0,0,0.00,0.00,0.00,0.00,0.00,Matches,Copa del Rey,2024-2025
f18da960,Adolfo Rosado,es ESP,MF,22,1,1,90,1.0,0,0,0,0,0,0,0,0,0.00,0.00,0.00,0.00,0.00,Matches,Copa del Rey,2024-2025
d3ac3b52,Jorge Rodríguez,,DF,,1,1,73,0.8,0,0,0,0,0,0,1,0,0.00,0.00,0.00,0.00,0.00,Matches,Copa del Rey,2024-2025
84caa9c5,Samuel López,es ESP,MF,28,1,1,60,0.7,0,0,0,0,0,0,0,0,0.00,0.00,0.00,0.00,0.00,Matches,Copa del Rey,2024-2025
3ac6e72c,Adrián Maya,,FW,,1,1,60,0.7,0,0,0,0,0,0,0,0,0.00,0.00,0.00,0.00,0.00,Matches,Copa del Rey,2024-2025
afe57afa,David Sánchez,es ESP,FW,23,1,1,46,0.5,0,0,0,0,0,0,0,0,0.00,0.00,0.00,0.00,0.00,Matches,Copa del Rey,2024-2025
78ec1592,Nene Valverde,,FW,,1,1,46,0.5,0,0,0,0,0,0,0,0,0.00,0.00,0.00,0.00,0.00,Matches,Copa del Rey,2024-2025
947f22ec,José Luis Fonseca Cortés,,MF,,1,0,44,0.5,0,0,0,0,0,0,0,0,0.00,0.00,0.00,0.00,0.00,Matches,Copa del Rey,2024-2025
a934b11c,Nacho Píriz,es ESP,MF,25,1,0,44,0.5,0,0,0,0,0,0,0,0,0.00,0.00,0.00,0.00,0.00,Matches,Copa del Rey,2024-2025
641ee9a5,Cano,es ESP,FW,23,1,0,30,0.3,0,0,0,0,0,0,0,0,0.00,0.00,0.00,0.00,0.00,Matches,Copa del Rey,2024-2025
d37fad83,Leo Rivas,es ESP,MF,25,1,0,30,0.3,0,0,0,0,0,0,0,0,0.00,0.00,0.00,0.00,0.00,Matches,Copa del Rey,2024-2025
08cefa7b,Ruby,es ESP,DF,23,1,0,17,0.2,0,0,0,0,0,0,0,0,0.00,0.00,0.00,0.00,0.00,Matches,Copa del Rey,2024-2025
ebfb11cc,Nando Cabeza,es ESP,FW,26,0,0,,,,,,,,,,,,,,,,Matches,Copa del Rey,2024-2025
00a88a5b,Javi Casero,es ESP,FW,28,0,0,,,,,,,,,,,,,,,,Matches,Copa del Rey,2024-2025
b702385d,Guillermo Fernández,es ESP,GK,15,0,0,,,,,,,,,,,,,,,,Matches,Copa del Rey,2024-2025
4761223b,Mario Martín,es ESP,MF,19,0,0,,,,,,,,,,,,,,,,Matches,Copa del Rey,2024-2025
90c1a22d,Mora,es ESP,MF,20,0,0,,,,,,,,,,,,,,,,Matches,Copa del Rey,2024-2025
d52a0fe2,Kevin Reyes,es ESP,DF,18,0,0,,,,,,,,,,,,,,,,Matches,Copa del Rey,2024-2025
b857bd29,Antonio Raillo,es ESP,DF,32,36,36,"3,207",35.6,2,0,2,2,0,0,7,1,0.06,0.00,0.06,0.06,0.06,Matches,Copa del Rey,2024-2025
070a3904,Sergi Darder,es ESP,MF,30,38,34,"2,744",30.5,2,6,8,2,0,0,4,0,0.07,0.20,0.26,0.07,0.26,Matches,Copa del Rey,2024-2025
30061f53,Dominik Greif,sk SVK,GK,27,31,31,"2,790",31.0,0,0,0,0,0,0,1,0,0.00,0.00,0.00,0.00,0.00,Matches,Copa del Rey,2024-2025
f2c6ac01,Martin Valjent,sk SVK,DF,28,31,31,"2,763",30.7,3,0,3,3,0,0,4,0,0.10,0.00,0.10,0.10,0.10,Matches,Copa del Rey,2024-2025
76c2a023,Samu Costa,pt POR,MF,23,32,31,"2,649",29.4,0,2,2,0,0,0,10,1,0.00,0.07,0.07,0.00,0.07,Matches,Copa del Rey,2024-2025
608f2092,Johan Mojica,co COL,DF,31,36,30,"2,755",30.6,1,2,3,1,0,0,5,0,0.03,0.07,0.10,0.03,0.10,Matches,Copa del Rey,2024-2025
5db04597,Pablo Maffeo,es ESP,DF,27,30,28,"2,368",26.3,0,2,2,0,0,0,7,0,0.00,0.08,0.08,0.00,0.08,Matches,Copa del Rey,2024-2025
70f8e0bd,Dani Rodríguez,es ESP,"MF,FW",36,37,26,"2,162",24.0,4,7,11,4,0,0,5,0,0.17,0.29,0.46,0.17,0.46,Matches,Copa del Rey,2024-2025
0cadc46d,Vedat Muriqi,xk KVX,FW,30,29,24,"2,058",22.9,7,2,9,5,2,3,1,2,0.31,0.09,0.39,0.22,0.31,Matches,Copa del Rey,2024-2025
11fd2b75,Omar Mascarell,gq EQG,MF,31,32,21,"1,992",22.1,1,0,1,1,0,0,5,1,0.05,0.00,0.05,0.05,0.05,Matches,Copa del Rey,2024-2025
e7af9060,Cyle Larin,ca CAN,FW,29,32,21,"1,764",19.6,7,2,9,6,1,1,4,0,0.36,0.10,0.46,0.31,0.41,Matches,Copa del Rey,2024-2025
0f26ffd7,Copete,es ESP,DF,24,25,16,"1,528",17.0,0,0,0,0,0,0,6,0,0.00,0.00,0.00,0.00,0.00,Matches,Copa del Rey,2024-2025
a0255c67,Manu Morlanes,es ESP,MF,25,23,15,"1,338",14.9,0,0,0,0,0,0,7,0,0.00,0.00,0.00,0.00,0.00,Matches,Copa del Rey,2024-2025
c997b942,Roberto Navarro,es ESP,MF,22,23,15,"1,278",14.2,1,0,1,1,0,0,3,0,0.07,0.00,0.07,0.07,0.07,Matches,Copa del Rey,2024-2025
13ddc856,Takuma Asano,jp JPN,"MF,FW",29,21,13,"1,054",11.7,2,1,3,2,0,0,0,0,0.17,0.09,0.26,0.17,0.26,Matches,Copa del Rey,2024-2025
a254bbe0,Antonio Sánchez,es ESP,"MF,DF",27,33,12,"1,395",15.5,0,0,0,0,0,0,3,0,0.00,0.00,0.00,0.00,0.00,Matches,Copa del Rey,2024-2025
5fd5e542,Mateu Morey,es ESP,DF,24,16,8,741,8.2,0,0,0,0,0,0,1,0,0.00,0.00,0.00,0.00,0.00,Matches,Copa del Rey,2024-2025
924ff27e,Leo Román,es ESP,GK,24,7,7,630,7.0,0,0,0,0,0,0,0,0,0.00,0.00,0.00,0.00,0.00,Matches,Copa del Rey,2024-2025
8e088e04,Toni Lato,es ESP,DF,26,14,7,621,6.9,0,0,0,0,0,0,1,1,0.00,0.00,0.00,0.00,0.00,Matches,Copa del Rey,2024-2025
d1b060e2,Abdón Prats,es ESP,"FW,MF",31,24,3,456,5.1,2,0,2,1,1,1,4,0,0.39,0.00,0.39,0.20,0.20,Matches,Copa del Rey,2024-2025
54880c9b,Marc Domenech,es ESP,"FW,MF",18,10,3,303,3.4,0,0,0,0,0,0,0,0,0.00,0.00,0.00,0.00,0.00,Matches,Copa del Rey,2024-2025
0924357d,David López,es ESP,DF,21,2,2,169,1.9,0,0,0,0,0,0,0,0,0.00,0.00,0.00,0.00,0.00,Matches,Copa del Rey,2024-2025
4acd733a,Valery Fernández,es ESP,MF,24,18,1,309,3.4,2,0,2,2,0,0,1,0,0.58,0.00,0.58,0.58,0.58,Matches,Copa del Rey,2024-2025
dc6c2f02,Chiquinho,pt POR,MF,24,8,1,146,1.6,0,0,0,0,0,0,2,0,0.00,0.00,0.00,0.00,0.00,Matches,Copa del Rey,2024-2025
cf9bdd43,Siebe Van Der Heyden,be BEL,DF,26,2,1,97,1.1,0,0,0,0,0,0,0,0,0.00,0.00,0.00,0.00,0.00,Matches,Copa del Rey,2024-2025
38b0cf42,Javier Llabrés,es ESP,MF,21,1,1,57,0.6,0,0,0,0,0,0,0,0,0.00,0.00,0.00,0.00,0.00,Matches,Copa del Rey,2024-2025
59bb99d1,Jan Salas,es ESP,MF,18,4,0,43,0.5,0,0,0,0,0,0,0,0,0.00,0.00,0.00,0.00,0.00,Matches,Copa del Rey,2024-2025
410b16e3,Daniel Luna,co COL,MF,21,2,0,20,0.2,0,0,0,0,0,0,0,0,0.00,0.00,0.00,0.00,0.00,Matches,Copa del Rey,2024-2025
75751c99,Iván Cuéllar,es ESP,GK,40,0,0,,,,,,,,,,,,,,,,Matches,Copa del Rey,2024-2025
a2b1bca6,Pere Joan,es ESP,GK,22,0,0,,,,,,,,,,,,,,,,Matches,Copa del Rey,2024-2025
2a0e06a2,Sebastian Wade,es ESP,DF,21,0,0,,,,,,,,,,,,,,,,Matches,Copa del Rey,2024-2025
87ed4238,David Agudo,es ESP,FW,35,1,1,90,1.0,1,0,1,1,0,0,0,0,1.00,0.00,1.00,1.00,1.00,Matches,Copa del Rey,2024-2025
b1d0783d,Cancelo,es ESP,DF,22,1,1,90,1.0,0,0,0,0,0,0,0,0,0.00,0.00,0.00,0.00,0.00,Matches,Copa del Rey,2024-2025
f4083834,Iván Morales,es ESP,GK,20,1,1,90,1.0,0,0,0,0,0,0,0,0,0.00,0.00,0.00,0.00,0.00,Matches,Copa del Rey,2024-2025
5b7f4b48,Pedro Morillo,es ESP,DF,25,1,1,90,1.0,0,0,0,0,0,0,1,0,0.00,0.00,0.00,0.00,0.00,Matches,Copa del Rey,2024-2025
da445780,Moyano,es ESP,MF,24,1,1,90,1.0,0,0,0,0,0,0,0,0,0.00,0.00,0.00,0.00,0.00,Matches,Copa del Rey,2024-2025
5b1b4ef1,Iván Vela,es ESP,DF,22,1,1,90,1.0,0,0,0,0,0,0,1,0,0.00,0.00,0.00,0.00,0.00,Matches,Copa del Rey,2024-2025
93e24a4a,Manuel Molina,es ESP,MF,25,1,1,76,0.8,0,0,0,0,0,0,0,0,0.00,0.00,0.00,0.00,0.00,Matches,Copa del Rey,2024-2025
ae606779,Rafael Manosalva,es ESP,DF,22,1,1,72,0.8,0,0,0,0,0,0,0,0,0.00,0.00,0.00,0.00,0.00,Matches,Copa del Rey,2024-2025
95ca2210,Ignacio Fernández Losada,es ESP,MF,29,1,1,63,0.7,0,0,0,0,0,0,0,0,0.00,0.00,0.00,0.00,0.00,Matches,Copa del Rey,2024-2025
d8e64494,Rubén Navas,es ESP,MF,21,1,1,63,0.7,0,0,0,0,0,0,0,0,0.00,0.00,0.00,0.00,0.00,Matches,Copa del Rey,2024-2025
22348610,Sergio Rivera,es ESP,MF,23,1,1,62,0.7,0,1,1,0,0,0,0,0,0.00,1.45,1.45,0.00,1.45,Matches,Copa del Rey,2024-2025
b2072e4c,Hugo Fuentes,,MF,,1,0,28,0.3,0,0,0,0,0,0,0,0,0.00,0.00,0.00,0.00,0.00,Matches,Copa del Rey,2024-2025
04b8d5c8,Javier Hervás,es ESP,MF,35,1,0,27,0.3,0,0,0,0,0,0,1,0,0.00,0.00,0.00,0.00,0.00,Matches,Copa del Rey,2024-2025
1f9d2b69,Joselillo,es ESP,FW,27,1,0,27,0.3,0,0,0,0,0,0,0,0,0.00,0.00,0.00,0.00,0.00,Matches,Copa del Rey,2024-2025
dff35885,José Cruz,es ESP,DF,35,1,0,18,0.2,0,0,0,0,0,0,0,0,0.00,0.00,0.00,0.00,0.00,Matches,Copa del Rey,2024-2025
0cb01365,Álvaro Cascajo,es ESP,FW,23,1,0,14,0.2,0,0,0,0,0,0,0,0,0.00,0.00,0.00,0.00,0.00,Matches,Copa del Rey,2024-2025
888d2be3,Álex Bonilla,es ESP,MF,19,0,0,,,,,,,,,,,,,,,,Matches,Copa del Rey,2024-2025
70a73af0,Rafael Castilla,es ESP,DF,21,0,0,,,,,,,,,,,,,,,,Matches,Copa del Rey,2024-2025
489daa12,Benito Del Valle,es ESP,GK,27,0,0,,,,,,,,,,,,,,,,Matches,Copa del Rey,2024-2025
d0718fbf,Alberto García,es ESP,MF,26,0,0,,,,,,,,,,,,,,,,Matches,Copa del Rey,2024-2025
d6c4bb1c,Ángel Granados,es ESP,DF,20,0,0,,,,,,,,,,,,,,,,Matches,Copa del Rey,2024-2025
c5847665,Carlos Mora,es ESP,DF,25,0,0,,,,,,,,,,,,,,,,Matches,Copa del Rey,2024-2025
6eaed4eb,Florian Lejeune,fr FRA,DF,33,37,37,"3,325",36.9,2,3,5,2,0,0,8,0,0.05,0.08,0.14,0.05,0.14,Matches,Copa del Rey,2024-2025
b1b99435,Andrei Ratiu,ro ROU,"DF,MF",26,35,34,"3,065",34.1,2,3,5,2,0,0,5,0,0.06,0.09,0.15,0.06,0.15,Matches,Copa del Rey,2024-2025
fc627681,Augusto Batalla,ar ARG,GK,28,32,32,"2,880",32.0,0,0,0,0,0,0,6,0,0.00,0.00,0.00,0.00,0.00,Matches,Copa del Rey,2024-2025
38ce1150,Jorge de Frutos,es ESP,"MF,FW",27,36,30,"2,495",27.7,6,3,9,6,0,0,3,1,0.22,0.11,0.32,0.22,0.32,Matches,Copa del Rey,2024-2025
63c5e56b,Pep Chavarría,es ESP,DF,26,34,28,"2,585",28.7,0,1,1,0,0,0,3,0,0.00,0.03,0.03,0.00,0.03,Matches,Copa del Rey,2024-2025
90bbd822,Álvaro García,es ESP,"MF,FW",31,36,28,"2,559",28.4,4,5,9,4,0,0,4,0,0.14,0.18,0.32,0.14,0.32,Matches,Copa del Rey,2024-2025
49dbab27,Isaac Palazón Camacho,es ESP,"MF,FW",29,35,25,"2,162",24.0,4,4,8,4,0,0,5,0,0.17,0.17,0.33,0.17,0.33,Matches,Copa del Rey,2024-2025
9a0408b6,Pathé Ciss,sn SEN,"MF,DF",30,33,25,"2,140",23.8,4,1,5,4,0,0,12,0,0.17,0.04,0.21,0.17,0.21,Matches,Copa del Rey,2024-2025
5487adcd,Abdul Mumin,gh GHA,DF,26,24,24,"2,017",22.4,2,1,3,2,0,0,6,1,0.09,0.04,0.13,0.09,0.13,Matches,Copa del Rey,2024-2025
88050721,Unai López,es ESP,MF,28,32,23,"1,707",19.0,3,1,4,3,0,0,9,1,0.16,0.05,0.21,0.16,0.21,Matches,Copa del Rey,2024-2025
592f3158,Óscar Valentín,es ESP,MF,29,34,18,"1,835",20.4,0,0,0,0,0,0,5,0,0.00,0.00,0.00,0.00,0.00,Matches,Copa del Rey,2024-2025
db8f0eba,Adri Embarba,es ESP,"MF,FW",32,35,18,"1,607",17.9,1,1,2,1,0,0,4,0,0.06,0.06,0.11,0.06,0.11,Matches,Copa del Rey,2024-2025
a6103274,Randy Nteka,ao ANG,FW,26,24,16,"1,129",12.5,3,0,3,3,0,0,6,0,0.24,0.00,0.24,0.24,0.24,Matches,Copa del Rey,2024-2025
873619c6,Sergio Camello,es ESP,FW,23,23,14,"1,134",12.6,3,2,5,3,0,0,2,0,0.24,0.16,0.40,0.24,0.40,Matches,Copa del Rey,2024-2025
eea5130e,Pedro Díaz,es ESP,MF,26,26,12,"1,211",13.5,3,0,3,3,0,1,2,0,0.22,0.00,0.22,0.22,0.22,Matches,Copa del Rey,2024-2025
cee88597,Iván Balliu,al ALB,DF,32,25,12,"1,200",13.3,0,0,0,0,0,0,3,0,0.00,0.00,0.00,0.00,0.00,Matches,Copa del Rey,2024-2025
132ac341,Aridane Hernández,es ESP,DF,35,14,11,"1,025",11.4,0,0,0,0,0,0,1,0,0.00,0.00,0.00,0.00,0.00,Matches,Copa del Rey,2024-2025
db001fa9,Alfonso Espino,uy URU,DF,32,16,9,833,9.3,0,1,1,0,0,0,4,0,0.00,0.11,0.11,0.00,0.11,Matches,Copa del Rey,2024-2025
ac454a4f,Gerard Gumbau,es ESP,MF,29,22,7,849,9.4,0,1,1,0,0,0,4,0,0.00,0.11,0.11,0.00,0.11,Matches,Copa del Rey,2024-2025
e1846dde,Dani Cárdenas,es ESP,GK,27,6,6,540,6.0,0,0,0,0,0,0,0,0,0.00,0.00,0.00,0.00,0.00,Matches,Copa del Rey,2024-2025
fc647b34,Óscar Trejo,ar ARG,MF,36,19,6,496,5.5,1,0,1,1,0,0,1,0,0.18,0.00,0.18,0.18,0.18,Matches,Copa del Rey,2024-2025
32974271,Sergi Guardiola,es ESP,FW,33,16,1,362,4.0,0,0,0,0,0,0,1,0,0.00,0.00,0.00,0.00,0.00,Matches,Copa del Rey,2024-2025
715bf047,James Rodríguez,co COL,MF,33,6,1,140,1.6,0,0,0,0,0,0,1,0,0.00,0.00,0.00,0.00,0.00,Matches,Copa del Rey,2024-2025
ce46e850,Pelayo Fernandez,es ESP,DF,21,2,1,98,1.1,0,0,0,0,0,0,1,0,0.00,0.00,0.00,0.00,0.00,Matches,Copa del Rey,2024-2025
7ecd41a2,Etienne Eto'o,cm CMR,FW,21,2,0,40,0.4,0,0,0,0,0,0,0,0,0.00,0.00,0.00,0.00,0.00,Matches,Copa del Rey,2024-2025
02ef8778,Raúl de Tomás,es ESP,FW,29,2,0,22,0.2,0,0,0,0,0,0,0,0,0.00,0.00,0.00,0.00,0.00,Matches,Copa del Rey,2024-2025
dc7f6e3f,Juanpe,es ESP,GK,23,0,0,,,,,,,,,,,,,,,,Matches,Copa del Rey,2024-2025
26ff6313,Marco de las Sías,es ESP,DF,18,0,0,,,,,,,,,,,,,,,,Matches,Copa del Rey,2024-2025
26d3a4b0,Sergio Lozano,es ESP,DF,18,0,0,,,,,,,,,,,,,,,,Matches,Copa del Rey,2024-2025
b151a3f2,Diego Méndez,es ESP,MF,20,0,0,,,,,,,,,,,,,,,,Matches,Copa del Rey,2024-2025
535771bb,Joni Montiel,es ESP,MF,25,0,0,,,,,,,,,,,,,,,,Matches,Copa del Rey,2024-2025
117cd0a8,Morro,es ESP,GK,23,0,0,,,,,,,,,,,,,,,,Matches,Copa del Rey,2024-2025
13c3bec9,Borja García,es ESP,DF,34,2,2,180,2.0,0,0,0,0,0,0,1,0,0.00,0.00,0.00,0.00,0.00,Matches,Copa del Rey,2024-2025
2655a060,Revi,es ESP,FW,26,2,2,180,2.0,1,0,1,1,0,0,1,0,0.50,0.00,0.50,0.50,0.50,Matches,Copa del Rey,2024-2025
a649ec4a,Jon Tena,es ESP,GK,31,2,2,180,2.0,0,0,0,0,0,0,0,0,0.00,0.00,0.00,0.00,0.00,Matches,Copa del Rey,2024-2025
f9677bc6,Beñat de Jesús,es ESP,DF,22,2,2,165,1.8,0,0,0,0,0,0,2,0,0.00,0.00,0.00,0.00,0.00,Matches,Copa del Rey,2024-2025
4eb2b72f,Urki Txoperena,es ESP,MF,25,2,2,160,1.8,0,0,0,0,0,0,2,0,0.00,0.00,0.00,0.00,0.00,Matches,Copa del Rey,2024-2025
ac92df21,Huidobro,es ESP,MF,29,2,1,111,1.2,0,0,0,0,0,0,0,0,0.00,0.00,0.00,0.00,0.00,Matches,Copa del Rey,2024-2025
acde0e37,Luis Bilbao,es ESP,MF,21,2,1,108,1.2,1,0,1,1,0,0,0,0,0.83,0.00,0.83,0.83,0.83,Matches,Copa del Rey,2024-2025
a9628d37,Ekaitz,es ESP,MF,33,2,1,99,1.1,0,0,0,0,0,0,1,0,0.00,0.00,0.00,0.00,0.00,Matches,Copa del Rey,2024-2025
96efb39a,Markel Artetxe,es ESP,DF,25,1,1,90,1.0,0,0,0,0,0,0,0,0,0.00,0.00,0.00,0.00,0.00,Matches,Copa del Rey,2024-2025
f4d29bce,Oier López,es ESP,DF,22,1,1,90,1.0,0,0,0,0,0,0,0,0,0.00,0.00,0.00,0.00,0.00,Matches,Copa del Rey,2024-2025
c41b5036,Aritz Muguruza,es ESP,DF,22,1,1,90,1.0,0,0,0,0,0,0,0,0,0.00,0.00,0.00,0.00,0.00,Matches,Copa del Rey,2024-2025
784c3b8b,Víctor Taranilla,es ESP,MF,25,1,1,90,1.0,0,0,0,0,0,0,0,0,0.00,0.00,0.00,0.00,0.00,Matches,Copa del Rey,2024-2025
55e5f05c,Imanol Torre,es ESP,DF,23,1,1,90,1.0,0,0,0,0,0,0,0,0,0.00,0.00,0.00,0.00,0.00,Matches,Copa del Rey,2024-2025
d4425629,Kepa Uriarte,es ESP,FW,22,1,1,87,1.0,0,0,0,0,0,0,0,0,0.00,0.00,0.00,0.00,0.00,Matches,Copa del Rey,2024-2025
539bccd4,Unai Naveira,es ESP,MF,23,2,1,81,0.9,0,0,0,0,0,0,0,0,0.00,0.00,0.00,0.00,0.00,Matches,Copa del Rey,2024-2025
0e46a1d0,Jesús Martínez,es ESP,MF,20,1,1,69,0.8,0,0,0,0,0,0,0,0,0.00,0.00,0.00,0.00,0.00,Matches,Copa del Rey,2024-2025
d0273760,Unai Díez,es ESP,FW,23,2,1,66,0.7,0,0,0,0,0,0,0,0,0.00,0.00,0.00,0.00,0.00,Matches,Copa del Rey,2024-2025
bea2537a,Maroan Sannadi,ma MAR,FW,23,1,0,20,0.2,0,0,0,0,0,0,0,0,0.00,0.00,0.00,0.00,0.00,Matches,Copa del Rey,2024-2025
4c8fea3e,Iker Pedernales,es ESP,DF,25,1,0,15,0.2,0,0,0,0,0,0,0,0,0.00,0.00,0.00,0.00,0.00,Matches,Copa del Rey,2024-2025
3a566b0e,Aimar Vicandi,es ESP,FW,19,1,0,9,0.1,0,0,0,0,0,0,0,0,0.00,0.00,0.00,0.00,0.00,Matches,Copa del Rey,2024-2025
bc12085a,Aymane Jelbat,ma MAR,DF,24,0,0,,,,,,,,,,,,,,,,Matches,Copa del Rey,2024-2025
f715fa2f,Unai Pérez,es ESP,GK,22,0,0,,,,,,,,,,,,,,,,Matches,Copa del Rey,2024-2025
fe636aaf,Arnau Campeny,es ESP,DF,27,2,2,180,2.0,0,0,0,0,0,0,0,0,0.00,0.00,0.00,0.00,0.00,Matches,Copa del Rey,2024-2025
5d2b6df0,Juan Flere,ar ARG,GK,26,2,2,180,2.0,0,0,0,0,0,0,1,0,0.00,0.00,0.00,0.00,0.00,Matches,Copa del Rey,2024-2025
9dabee18,John Neeskens,us USA,DF,30,2,2,180,2.0,1,0,1,1,0,0,0,0,0.50,0.00,0.50,0.50,0.50,Matches,Copa del Rey,2024-2025
7a817e10,Escoruela,es ESP,"MF,DF",28,2,2,179,2.0,0,1,1,0,0,0,1,0,0.00,0.50,0.50,0.00,0.50,Matches,Copa del Rey,2024-2025
75a2c066,Jordi Cano,es ESP,"MF,FW",29,2,2,175,1.9,0,1,1,0,0,0,0,0,0.00,0.51,0.51,0.00,0.51,Matches,Copa del Rey,2024-2025
d751ab2b,Marcel,es ESP,MF,27,2,2,162,1.8,0,0,0,0,0,0,0,0,0.00,0.00,0.00,0.00,0.00,Matches,Copa del Rey,2024-2025
0e14171a,Àlex Cano,es ESP,DF,36,2,2,130,1.4,0,0,0,0,0,0,0,0,0.00,0.00,0.00,0.00,0.00,Matches,Copa del Rey,2024-2025
ca8804de,Juan Mahicas,es ESP,FW,23,2,2,129,1.4,1,0,1,1,0,0,0,0,0.70,0.00,0.70,0.70,0.70,Matches,Copa del Rey,2024-2025
07a2db8a,Adnane Ghailan,es ESP,MF,23,2,1,130,1.4,0,0,0,0,0,0,0,0,0.00,0.00,0.00,0.00,0.00,Matches,Copa del Rey,2024-2025
891233aa,Meshak Babanzila,ga GAB,MF,23,2,1,108,1.2,0,0,0,0,0,0,0,0,0.00,0.00,0.00,0.00,0.00,Matches,Copa del Rey,2024-2025
6d040a53,Eric Pimentel,,FW,,2,1,107,1.2,1,0,1,1,0,0,0,0,0.84,0.00,0.84,0.84,0.84,Matches,Copa del Rey,2024-2025
887cd99a,Noel Carbonell Bosch,es ESP,MF,29,1,1,90,1.0,0,0,0,0,0,0,0,0,0.00,0.00,0.00,0.00,0.00,Matches,Copa del Rey,2024-2025
a7898be0,Gerard Urbina,es ESP,DF,22,1,1,89,1.0,0,0,0,0,0,0,0,0,0.00,0.00,0.00,0.00,0.00,Matches,Copa del Rey,2024-2025
0a6b8020,Albert Marti,es ESP,MF,26,2,1,50,0.6,0,0,0,0,0,0,0,0,0.00,0.00,0.00,0.00,0.00,Matches,Copa del Rey,2024-2025
c6c7df74,Gilbert,es ESP,FW,25,2,0,55,0.6,0,0,0,0,0,0,0,0,0.00,0.00,0.00,0.00,0.00,Matches,Copa del Rey,2024-2025
afca315a,Alex Plà,es ESP,MF,32,1,0,34,0.4,0,0,0,0,0,0,0,0,0.00,0.00,0.00,0.00,0.00,Matches,Copa del Rey,2024-2025
354e9af4,Manel Lozano,es ESP,DF,21,1,0,1,0.0,0,0,0,0,0,0,1,0,0.00,0.00,0.00,0.00,0.00,Matches,Copa del Rey,2024-2025
c20bb1ab,Sicu,,FW,,1,0,1,0.0,0,0,0,0,0,0,0,0,0.00,0.00,0.00,0.00,0.00,Matches,Copa del Rey,2024-2025
0d4d4a74,Aiman Boussid,ma MAR,MF,20,0,0,,,,,,,,,,,,,,,,Matches,Copa del Rey,2024-2025
ab303495,Jorge Carreón,es ESP,MF,26,0,0,,,,,,,,,,,,,,,,Matches,Copa del Rey,2024-2025
a5fb737d,Pol Cordero,es ESP,GK,21,0,0,,,,,,,,,,,,,,,,Matches,Copa del Rey,2024-2025
e430ebed,Albert García,,,,0,0,,,,,,,,,,,,,,,,Matches,Copa del Rey,2024-2025
868a4a39,Abubacarry Juwara,es ESP,FW,21,0,0,,,,,,,,,,,,,,,,Matches,Copa del Rey,2024-2025
f331f879,Arnau Villa,es ESP,DF,20,0,0,,,,,,,,,,,,,,,,Matches,Copa del Rey,2024-2025
d4c5280b,Enrique Royo,es ESP,GK,33,3,3,360,4.0,0,0,0,0,0,0,0,0,0.00,0.00,0.00,0.00,0.00,Matches,Copa del Rey,2024-2025
c7c7202e,Beñat Almandoz,es ESP,DF,21,3,3,259,2.9,0,0,0,0,0,0,0,0,0.00,0.00,0.00,0.00,0.00,Matches,Copa del Rey,2024-2025
68e1650f,Enzo Facchin,it ITA,MF,22,3,3,258,2.9,0,0,0,0,0,0,0,0,0.00,0.00,0.00,0.00,0.00,Matches,Copa del Rey,2024-2025
0d59a25e,Francisco Bonilla,es ESP,MF,21,3,3,244,2.7,0,0,0,0,0,0,1,0,0.00,0.00,0.00,0.00,0.00,Matches,Copa del Rey,2024-2025
e801fc5c,Víctor Aliaga,es ESP,MF,26,2,2,240,2.7,0,0,0,0,0,0,0,0,0.00,0.00,0.00,0.00,0.00,Matches,Copa del Rey,2024-2025
34c6e9f4,Pol Arnau,es ESP,DF,19,2,2,240,2.7,0,0,0,0,0,0,0,0,0.00,0.00,0.00,0.00,0.00,Matches,Copa del Rey,2024-2025
d9321b18,Iván Garrido,es ESP,MF,20,2,2,240,2.7,0,0,0,0,0,0,1,0,0.00,0.00,0.00,0.00,0.00,Matches,Copa del Rey,2024-2025
0ee9ec32,Pau López,es ESP,FW,28,3,2,202,2.2,0,0,0,0,0,0,0,0,0.00,0.00,0.00,0.00,0.00,Matches,Copa del Rey,2024-2025
500d98fe,Mario Nájera,es ESP,FW,21,3,2,199,2.2,0,0,0,0,0,0,0,0,0.00,0.00,0.00,0.00,0.00,Matches,Copa del Rey,2024-2025
5026d2fb,Julen Monreal,es ESP,DF,31,2,2,180,2.0,0,0,0,0,0,0,0,0,0.00,0.00,0.00,0.00,0.00,Matches,Copa del Rey,2024-2025
ae9a0a47,Ricardo de Moraes,br BRA,MF,20,2,2,120,1.3,0,0,0,0,0,0,0,0,0.00,0.00,0.00,0.00,0.00,Matches,Copa del Rey,2024-2025
08c78aed,Eloy Moreno,es ESP,DF,20,2,1,180,2.0,0,0,0,0,0,0,1,0,0.00,0.00,0.00,0.00,0.00,Matches,Copa del Rey,2024-2025
282a47d6,Álex Gualda,es ESP,MF,26,2,1,167,1.9,0,0,0,0,0,0,0,0,0.00,0.00,0.00,0.00,0.00,Matches,Copa del Rey,2024-2025
b32b7d1b,Imanol Sarriegi,es ESP,MF,29,2,1,166,1.8,0,0,0,0,0,0,1,0,0.00,0.00,0.00,0.00,0.00,Matches,Copa del Rey,2024-2025
1dcbc8dd,Marc Fernández,es ESP,DF,19,1,1,120,1.3,0,0,0,0,0,0,0,0,0.00,0.00,0.00,0.00,0.00,Matches,Copa del Rey,2024-2025
cae9b671,Andoni Ugarte,es ESP,DF,29,1,1,120,1.3,0,0,0,0,0,0,0,0,0.00,0.00,0.00,0.00,0.00,Matches,Copa del Rey,2024-2025
6ee8c05f,Juan Agüero,es ESP,MF,25,2,0,107,1.2,0,0,0,0,0,0,1,0,0.00,0.00,0.00,0.00,0.00,Matches,Copa del Rey,2024-2025
8a1b02e0,Madrazo,es ESP,FW,31,2,0,102,1.1,0,0,0,0,0,0,0,0,0.00,0.00,0.00,0.00,0.00,Matches,Copa del Rey,2024-2025
db07d92c,Yasim Iribarren,es ESP,DF,29,2,0,85,0.9,0,0,0,0,0,0,1,0,0.00,0.00,0.00,0.00,0.00,Matches,Copa del Rey,2024-2025
60035815,Andrei Lupu,ro ROU,FW,26,1,0,51,0.6,0,0,0,0,0,0,0,0,0.00,0.00,0.00,0.00,0.00,Matches,Copa del Rey,2024-2025
0fdb35d0,Iván Estrecha,es ESP,FW,21,1,0,34,0.4,0,0,0,0,0,0,0,0,0.00,0.00,0.00,0.00,0.00,Matches,Copa del Rey,2024-2025
0d83be95,Antonio Caballero,es ESP,MF,30,1,0,30,0.3,0,0,0,0,0,0,1,0,0.00,0.00,0.00,0.00,0.00,Matches,Copa del Rey,2024-2025
a6a4b412,Álvaro Mateo,es ESP,DF,27,1,0,16,0.2,0,0,0,0,0,0,0,0,0.00,0.00,0.00,0.00,0.00,Matches,Copa del Rey,2024-2025
0af382fa,Álvaro Barrero,es ESP,FW,26,0,0,,,,,,,,,,,,,,,,Matches,Copa del Rey,2024-2025
40573a21,Alejandro Daza,es ESP,GK,22,0,0,,,,,,,,,,,,,,,,Matches,Copa del Rey,2024-2025
e0c5b74e,Gonzalo Ardura,es ESP,GK,22,1,1,120,1.3,0,0,0,0,0,0,0,0,0.00,0.00,0.00,0.00,0.00,Matches,Copa del Rey,2024-2025
aebd7f17,Mateo Arellano,es ESP,MF,26,1,1,120,1.3,0,0,0,0,0,0,0,0,0.00,0.00,0.00,0.00,0.00,Matches,Copa del Rey,2024-2025
530e8214,Dominique Mendy,sn SEN,DF,25,1,1,120,1.3,0,0,0,0,0,0,0,0,0.00,0.00,0.00,0.00,0.00,Matches,Copa del Rey,2024-2025
af90cc5d,Alex Reyes Reyes,es ESP,MF,23,1,1,120,1.3,0,0,0,0,0,0,0,0,0.00,0.00,0.00,0.00,0.00,Matches,Copa del Rey,2024-2025
c4b471af,Matheus da Silva Aleixo,br BRA,DF,29,1,1,120,1.3,0,0,0,0,0,0,0,0,0.00,0.00,0.00,0.00,0.00,Matches,Copa del Rey,2024-2025
e48fc706,Victor Gonzalez,es ESP,MF,27,1,1,107,1.2,0,0,0,0,0,0,0,0,0.00,0.00,0.00,0.00,0.00,Matches,Copa del Rey,2024-2025
b3d279c3,Paul Otia,cm CMR,DF,28,1,1,107,1.2,0,0,0,0,0,0,0,0,0.00,0.00,0.00,0.00,0.00,Matches,Copa del Rey,2024-2025
7bc731c1,Lucas Suárez,es ESP,MF,23,1,1,69,0.8,0,0,0,0,0,0,0,0,0.00,0.00,0.00,0.00,0.00,Matches,Copa del Rey,2024-2025
a3013eab,Álvaro García,es ESP,DF,26,1,1,62,0.7,0,0,0,0,0,0,0,0,0.00,0.00,0.00,0.00,0.00,Matches,Copa del Rey,2024-2025
1393db94,Cristian García,es ESP,FW,32,1,1,58,0.6,0,0,0,0,0,0,1,0,0.00,0.00,0.00,0.00,0.00,Matches,Copa del Rey,2024-2025
4cdd9f26,Kike Meaurio,,FW,,1,1,58,0.6,0,0,0,0,0,0,0,0,0.00,0.00,0.00,0.00,0.00,Matches,Copa del Rey,2024-2025
59533f80,Álex Barrera,es ESP,MF,33,1,0,62,0.7,0,0,0,0,0,0,0,0,0.00,0.00,0.00,0.00,0.00,Matches,Copa del Rey,2024-2025
074aa689,Steven,es ESP,FW,27,1,0,62,0.7,0,0,0,0,0,0,0,0,0.00,0.00,0.00,0.00,0.00,Matches,Copa del Rey,2024-2025
7f67938d,Leyder Trujillo,es ESP,DF,27,1,0,58,0.6,0,0,0,0,0,0,0,0,0.00,0.00,0.00,0.00,0.00,Matches,Copa del Rey,2024-2025
df5d2689,Jacques Bayo,fr FRA,FW,27,1,0,51,0.6,0,0,0,0,0,0,0,0,0.00,0.00,0.00,0.00,0.00,Matches,Copa del Rey,2024-2025
816d36ea,Izan Garcia,es ESP,MF,19,1,0,13,0.1,0,0,0,0,0,0,0,0,0.00,0.00,0.00,0.00,0.00,Matches,Copa del Rey,2024-2025
0cfa4dc8,Mateo Rodriguez,es ESP,MF,19,1,0,13,0.1,0,0,0,0,0,0,0,0,0.00,0.00,0.00,0.00,0.00,Matches,Copa del Rey,2024-2025
26113e48,Berto,es ESP,GK,24,0,0,,,,,,,,,,,,,,,,Matches,Copa del Rey,2024-2025
429abfbd,Ismael Fagir,es ESP,FW,26,0,0,,,,,,,,,,,,,,,,Matches,Copa del Rey,2024-2025
175c9e74,Hugo Hilt,fr FRA,MF,21,0,0,,,,,,,,,,,,,,,,Matches,Copa del Rey,2024-2025
923603bd,Mathieu Mvondo,cm CMR,MF,24,0,0,,,,,,,,,,,,,,,,Matches,Copa del Rey,2024-2025
982249d0,Iván Martínez,es ESP,GK,27,2,2,180,2.0,0,0,0,0,0,0,0,0,0.00,0.00,0.00,0.00,0.00,Matches,Copa del Rey,2024-2025
ae4c1c99,Álvaro Mayorga,es ESP,DF,25,2,2,180,2.0,0,1,1,0,0,0,0,0,0.00,0.50,0.50,0.00,0.50,Matches,Copa del Rey,2024-2025
fe79021c,Víctor Olmedo,es ESP,DF,25,2,2,180,2.0,0,0,0,0,0,0,0,0,0.00,0.00,0.00,0.00,0.00,Matches,Copa del Rey,2024-2025
da697ed9,Antonio López,es ESP,MF,24,2,2,176,2.0,0,1,1,0,0,0,0,0,0.00,0.51,0.51,0.00,0.51,Matches,Copa del Rey,2024-2025
670d766a,Mounir Errahaly,ma MAR,DF,24,2,2,171,1.9,0,0,0,0,0,0,1,0,0.00,0.00,0.00,0.00,0.00,Matches,Copa del Rey,2024-2025
42db40a0,Relu,es ESP,MF,26,2,2,160,1.8,2,0,2,2,0,0,0,0,1.13,0.00,1.13,1.13,1.13,Matches,Copa del Rey,2024-2025
2ead652d,Diegode Pedro,es ESP,MF,21,2,1,110,1.2,1,1,2,1,0,0,0,0,0.82,0.82,1.64,0.82,1.64,Matches,Copa del Rey,2024-2025
2b2ddadd,Morros,es ESP,DF,28,2,1,94,1.0,0,0,0,0,0,0,0,0,0.00,0.00,0.00,0.00,0.00,Matches,Copa del Rey,2024-2025
2713f373,Gabri,es ESP,DF,25,1,1,90,1.0,0,0,0,0,0,0,0,0,0.00,0.00,0.00,0.00,0.00,Matches,Copa del Rey,2024-2025
6709cf3a,Javier Solsona,es ESP,FW,26,1,1,89,1.0,0,0,0,0,0,0,0,0,0.00,0.00,0.00,0.00,0.00,Matches,Copa del Rey,2024-2025
abee9efe,Pau Pérez,es ESP,MF,25,1,1,86,1.0,0,0,0,0,0,0,1,0,0.00,0.00,0.00,0.00,0.00,Matches,Copa del Rey,2024-2025
11d5c7f2,Teddy Sutherland,eng ENG,FW,24,2,1,82,0.9,0,0,0,0,0,0,0,0,0.00,0.00,0.00,0.00,0.00,Matches,Copa del Rey,2024-2025
4948d950,Juanje,es ESP,FW,24,1,1,72,0.8,0,0,0,0,0,0,0,1,0.00,0.00,0.00,0.00,0.00,Matches,Copa del Rey,2024-2025
fbd11862,Tiko Iniesta,es ESP,MF,23,1,1,70,0.8,0,0,0,0,0,0,1,0,0.00,0.00,0.00,0.00,0.00,Matches,Copa del Rey,2024-2025
d6315e0a,Juan Satoca,es ESP,MF,25,1,1,66,0.7,0,0,0,0,0,0,0,0,0.00,0.00,0.00,0.00,0.00,Matches,Copa del Rey,2024-2025
c368ec89,Sergio Sanchís,es ESP,FW,24,1,0,28,0.3,1,0,1,1,0,0,1,0,3.21,0.00,3.21,3.21,3.21,Matches,Copa del Rey,2024-2025
4c951c0e,Tomás Senestrari,ar ARG,MF,22,1,0,24,0.3,1,0,1,1,0,1,0,0,3.75,0.00,3.75,3.75,3.75,Matches,Copa del Rey,2024-2025
a4d5d953,Ismael Medina,,MF,,1,0,9,0.1,0,1,1,0,0,0,0,0,0.00,10.00,10.00,0.00,10.00,Matches,Copa del Rey,2024-2025
d608c832,Alex Meca,es ESP,MF,19,1,0,4,0.0,0,0,0,0,0,0,0,0,0.00,0.00,0.00,0.00,0.00,Matches,Copa del Rey,2024-2025
edb84fcf,José Manuel Gil,,DF,,1,0,1,0.0,0,0,0,0,0,0,1,0,0.00,0.00,0.00,0.00,0.00,Matches,Copa del Rey,2024-2025
730a925d,Felipe Goun,es ESP,DF,20,0,0,,,,,,,,,,,,,,,,Matches,Copa del Rey,2024-2025
eea6ec10,Borja Martí,es ESP,GK,20,0,0,,,,,,,,,,,,,,,,Matches,Copa del Rey,2024-2025
713be438,José Naranjo,es ESP,DF,19,0,0,,,,,,,,,,,,,,,,Matches,Copa del Rey,2024-2025
a14b6bda,Diego Crespo,es ESP,DF,33,1,1,90,1.0,0,0,0,0,0,0,0,0,0.00,0.00,0.00,0.00,0.00,Matches,Copa del Rey,2024-2025
a85c6c1a,Rafael Hidalgo,es ESP,GK,25,1,1,90,1.0,0,0,0,0,0,0,0,0,0.00,0.00,0.00,0.00,0.00,Matches,Copa del Rey,2024-2025
f41479f9,Lucho,es ESP,DF,35,1,1,90,1.0,0,0,0,0,0,0,1,0,0.00,0.00,0.00,0.00,0.00,Matches,Copa del Rey,2024-2025
dfb6b422,Mohamed Rekrouk,es ESP,MF,31,1,1,90,1.0,0,0,0,0,0,0,0,0,0.00,0.00,0.00,0.00,0.00,Matches,Copa del Rey,2024-2025
72eb2f10,Dani Solbes,es ESP,DF,24,1,1,90,1.0,1,0,1,1,0,0,1,0,1.00,0.00,1.00,1.00,1.00,Matches,Copa del Rey,2024-2025
b127b5ab,Arturo Peralta,es ESP,MF,26,1,1,88,1.0,0,0,0,0,0,0,0,1,0.00,0.00,0.00,0.00,0.00,Matches,Copa del Rey,2024-2025
f9df6dbc,Roberto Pérez,,DF,,1,1,88,1.0,0,0,0,0,0,0,0,0,0.00,0.00,0.00,0.00,0.00,Matches,Copa del Rey,2024-2025
48ad8e8f,Adrián León,es ESP,MF,34,1,1,87,1.0,0,0,0,0,0,0,0,0,0.00,0.00,0.00,0.00,0.00,Matches,Copa del Rey,2024-2025
6f4eed35,Saihou Gassama,gm GAM,FW,30,1,1,80,0.9,0,0,0,0,0,0,0,0,0.00,0.00,0.00,0.00,0.00,Matches,Copa del Rey,2024-2025
dd664955,Javier Rami,es ESP,MF,31,1,1,65,0.7,0,0,0,0,0,0,0,0,0.00,0.00,0.00,0.00,0.00,Matches,Copa del Rey,2024-2025
c23e0222,Alberto de Sus,es ESP,MF,26,1,1,64,0.7,0,0,0,0,0,0,0,0,0.00,0.00,0.00,0.00,0.00,Matches,Copa del Rey,2024-2025
e4297007,Diego Tena,es ESP,FW,22,1,0,26,0.3,0,0,0,0,0,0,0,0,0.00,0.00,0.00,0.00,0.00,Matches,Copa del Rey,2024-2025
5a3da31d,Francisco Valdés,es ESP,FW,27,1,0,25,0.3,0,0,0,0,0,0,0,0,0.00,0.00,0.00,0.00,0.00,Matches,Copa del Rey,2024-2025
61749511,Íñigo Pérez,es ESP,MF,43,1,0,10,0.1,0,0,0,0,0,0,0,0,0.00,0.00,0.00,0.00,0.00,Matches,Copa del Rey,2024-2025
2399e8b5,Jorge Ruiz,es ESP,DF,22,1,0,3,0.0,0,0,0,0,0,0,0,0,0.00,0.00,0.00,0.00,0.00,Matches,Copa del Rey,2024-2025
fc35e3fd,Cristian Gutiérrez,,DF,,1,0,2,0.0,0,0,0,0,0,0,0,0,0.00,0.00,0.00,0.00,0.00,Matches,Copa del Rey,2024-2025
ae9fade0,Marcos Alba,,GK,,0,0,,,,,,,,,,,,,,,,Matches,Copa del Rey,2024-2025
43a314e9,Hamza Bouyadi,,FW,,0,0,,,,,,,,,,,,,,,,Matches,Copa del Rey,2024-2025
5202ab1a,Alejandro Izquierdo,,MF,,0,0,,,,,,,,,,,,,,,,Matches,Copa del Rey,2024-2025
13f620bc,Victor Martin,,,,0,0,,,,,,,,,,,,,,,,Matches,Copa del Rey,2024-2025
724a8bbc,Felix Quintana,,FW,,0,0,,,,,,,,,,,,,,,,Matches,Copa del Rey,2024-2025
1f8a425a,Emilio Solbes,,GK,,0,0,,,,,,,,,,,,,,,,Matches,Copa del Rey,2024-2025
ab13a5aa,Vicente Guaita,es ESP,GK,37,34,34,"3,060",34.0,0,0,0,0,0,0,0,0,0.00,0.00,0.00,0.00,0.00,Matches,Copa del Rey,2024-2025
056269d7,Óscar Mingueza,es ESP,"MF,DF",25,34,31,"2,729",30.3,4,6,10,4,0,0,6,1,0.13,0.20,0.33,0.13,0.33,Matches,Copa del Rey,2024-2025
f4290206,Marcos Alonso,es ESP,DF,33,31,29,"2,647",29.4,3,0,3,0,3,3,10,2,0.10,0.00,0.10,0.00,0.00,Matches,Copa del Rey,2024-2025
ed5c5fa3,Fran Beltrán,es ESP,MF,25,34,29,"2,421",26.9,2,1,3,2,0,0,3,0,0.07,0.04,0.11,0.07,0.11,Matches,Copa del Rey,2024-2025
08ec5e71,Javi Rodríguez,es ESP,DF,21,36,26,"2,514",27.9,3,2,5,3,0,0,7,0,0.11,0.07,0.18,0.11,0.18,Matches,Copa del Rey,2024-2025
5cfec13d,Carl Starfelt,se SWE,DF,29,28,26,"2,270",25.2,1,0,1,1,0,0,5,0,0.04,0.00,0.04,0.04,0.04,Matches,Copa del Rey,2024-2025
75645f0e,Borja Iglesias,es ESP,FW,31,37,24,"1,952",21.7,11,3,14,11,0,0,2,0,0.51,0.14,0.65,0.51,0.65,Matches,Copa del Rey,2024-2025
f4c69aa6,Ilaix Moriba,gn GUI,MF,21,33,22,"2,132",23.7,1,1,2,1,0,0,9,1,0.04,0.04,0.08,0.04,0.08,Matches,Copa del Rey,2024-2025
7dcf86f6,Iago Aspas,es ESP,"FW,MF",36,30,19,"1,745",19.4,10,5,15,5,5,6,6,1,0.52,0.26,0.77,0.26,0.52,Matches,Copa del Rey,2024-2025
8d6a9c93,Sergio Carreira,es ESP,MF,23,23,19,"1,656",18.4,0,4,4,0,0,0,1,0,0.00,0.22,0.22,0.00,0.22,Matches,Copa del Rey,2024-2025
6f392eb8,Hugo Álvarez,es ESP,MF,21,26,16,"1,572",17.5,4,3,7,4,0,0,6,0,0.23,0.17,0.40,0.23,0.40,Matches,Copa del Rey,2024-2025
6db116ec,Pablo Durán,es ESP,"FW,MF",23,27,15,"1,394",15.5,4,4,8,4,0,0,3,0,0.26,0.26,0.52,0.26,0.52,Matches,Copa del Rey,2024-2025
184fe4b2,Williot Swedberg,se SWE,"FW,MF",20,32,15,"1,348",15.0,4,5,9,4,0,0,1,0,0.27,0.33,0.60,0.27,0.60,Matches,Copa del Rey,2024-2025
3aa74860,Hugo Sotelo,es ESP,MF,20,24,15,"1,254",13.9,0,0,0,0,0,0,5,0,0.00,0.00,0.00,0.00,0.00,Matches,Copa del Rey,2024-2025
1c772b46,Alfon,es ESP,"FW,MF",25,26,14,"1,371",15.2,5,2,7,5,0,0,1,1,0.33,0.13,0.46,0.33,0.46,Matches,Copa del Rey,2024-2025
3521abfe,Carlos Dominguez,es ESP,DF,23,19,13,"1,181",13.1,0,0,0,0,0,0,1,0,0.00,0.00,0.00,0.00,0.00,Matches,Copa del Rey,2024-2025
22371dee,Damián Rodríguez,es ESP,MF,21,17,10,927,10.3,0,0,0,0,0,0,3,0,0.00,0.00,0.00,0.00,0.00,Matches,Copa del Rey,2024-2025
b2bd0f6c,Jonathan Bamba,ci CIV,"MF,FW",28,12,10,811,9.0,0,1,1,0,0,0,1,0,0.00,0.11,0.11,0.00,0.11,Matches,Copa del Rey,2024-2025
675cacff,Fer López,es ESP,"FW,MF",20,17,7,671,7.5,2,0,2,2,0,0,2,0,0.27,0.00,0.27,0.27,0.27,Matches,Copa del Rey,2024-2025
edd4e7a5,Yoel Lago,es ESP,DF,20,8,7,583,6.5,0,1,1,0,0,0,2,0,0.00,0.15,0.15,0.00,0.15,Matches,Copa del Rey,2024-2025
758dd7f0,Javier Manquillo,es ESP,DF,30,10,7,515,5.7,0,0,0,0,0,0,1,0,0.00,0.00,0.00,0.00,0.00,Matches,Copa del Rey,2024-2025
853ca71c,Anastasios Douvikas,gr GRE,FW,24,20,6,700,7.8,3,1,4,3,0,0,2,0,0.39,0.13,0.51,0.39,0.51,Matches,Copa del Rey,2024-2025
b4819112,Jailson Siqueira,br BRA,DF,28,13,6,614,6.8,0,0,0,0,0,0,2,0,0.00,0.00,0.00,0.00,0.00,Matches,Copa del Rey,2024-2025
ea0aa7e0,Mihailo Ristić,rs SRB,"MF,DF",28,10,6,429,4.8,0,1,1,0,0,0,1,0,0.00,0.21,0.21,0.00,0.21,Matches,Copa del Rey,2024-2025
cde52ef5,Iván Villar,es ESP,GK,27,4,4,360,4.0,0,0,0,0,0,0,0,0,0.00,0.00,0.00,0.00,0.00,Matches,Copa del Rey,2024-2025
41521385,Iker Losada,es ESP,"MF,FW",22,12,4,358,4.0,1,0,1,1,0,0,2,0,0.25,0.00,0.25,0.25,0.25,Matches,Copa del Rey,2024-2025
5e1028e5,Franco Cervi,ar ARG,"MF,FW",30,7,4,273,3.0,0,0,0,0,0,0,1,0,0.00,0.00,0.00,0.00,0.00,Matches,Copa del Rey,2024-2025
e9241b40,Luca de la Torre,us USA,MF,26,1,0,4,0.0,0,0,0,0,0,0,0,0,0.00,0.00,0.00,0.00,0.00,Matches,Copa del Rey,2024-2025
18abe173,Joseph Aidoo,gh GHA,DF,28,1,0,2,0.0,0,0,0,0,0,0,0,0,0.00,0.00,0.00,0.00,0.00,Matches,Copa del Rey,2024-2025
75a66bed,Tadeo Allende,ar ARG,MF,25,1,0,2,0.0,0,0,0,0,0,0,1,0,0.00,0.00,0.00,0.00,0.00,Matches,Copa del Rey,2024-2025
29dd3b2e,Jones El-Abdellaoui,ma MAR,FW,18,0,0,,,,,,,,,,,,,,,,Matches,Copa del Rey,2024-2025
ed4e911a,Martín Conde,es ESP,DF,21,0,0,,,,,,,,,,,,,,,,Matches,Copa del Rey,2024-2025
4e9548a4,César Fernández,es ESP,GK,20,0,0,,,,,,,,,,,,,,,,Matches,Copa del Rey,2024-2025
ca316820,Miguel Román,es ESP,MF,21,0,0,,,,,,,,,,,,,,,,Matches,Copa del Rey,2024-2025
5c4a7d66,Marc Vidal,es ESP,GK,24,0,0,,,,,,,,,,,,,,,,Matches,Copa del Rey,2024-2025
b261ed19,Ignasi Vilarrasa,es ESP,"MF,DF",24,41,40,"3,349",37.2,1,8,9,0,1,1,3,1,0.03,0.21,0.24,0.00,0.21,Matches,Copa del Rey,2024-2025
978cd030,Jorge Pulido,es ESP,DF,33,36,36,"3,181",35.3,2,1,3,2,0,0,12,2,0.06,0.03,0.08,0.06,0.08,Matches,Copa del Rey,2024-2025
a6f3fe84,Óscar Sielva,es ESP,MF,32,35,34,"2,851",31.7,6,1,7,1,5,6,13,2,0.19,0.03,0.22,0.03,0.06,Matches,Copa del Rey,2024-2025
ae0b87db,Patrick Soko,cm CMR,"FW,MF",26,37,34,"2,684",29.8,13,4,17,13,0,0,3,0,0.44,0.13,0.57,0.44,0.57,Matches,Copa del Rey,2024-2025
e4365d4a,Dani Jiménez,es ESP,GK,34,32,32,"2,857",31.7,0,0,0,0,0,0,3,0,0.00,0.00,0.00,0.00,0.00,Matches,Copa del Rey,2024-2025
ea06b5c4,Iker Kortajarena,es ESP,MF,24,39,32,"2,722",30.2,4,4,8,4,0,0,3,0,0.13,0.13,0.26,0.13,0.26,Matches,Copa del Rey,2024-2025
8611e214,Miguel Loureiro,es ESP,DF,27,31,30,"2,647",29.4,3,1,4,3,0,0,8,1,0.10,0.03,0.14,0.10,0.14,Matches,Copa del Rey,2024-2025
9d4c3227,Gerard Valentín,es ESP,"MF,DF",31,38,30,"2,401",26.7,1,4,5,1,0,0,9,0,0.04,0.15,0.19,0.04,0.19,Matches,Copa del Rey,2024-2025
346feec5,Jérémy Blasco,fr FRA,DF,25,32,29,"2,411",26.8,1,0,1,1,0,0,2,0,0.04,0.00,0.04,0.04,0.04,Matches,Copa del Rey,2024-2025
bb4b1242,Sergi Enrich,es ESP,FW,34,37,26,"2,170",24.1,7,0,7,7,0,0,2,0,0.29,0.00,0.29,0.29,0.29,Matches,Copa del Rey,2024-2025
e9fbcc21,Joaquín Muñoz,es ESP,"MF,FW",25,35,18,"1,680",18.7,7,3,10,7,0,0,5,0,0.37,0.16,0.54,0.37,0.54,Matches,Copa del Rey,2024-2025
957251b2,Ruben Pulido Peñas,es ESP,DF,23,23,18,"1,492",16.6,1,0,1,1,0,0,6,0,0.06,0.00,0.06,0.06,0.06,Matches,Copa del Rey,2024-2025
b68138a8,Javier Hernández,es ESP,MF,20,26,16,"1,364",15.2,1,1,2,1,0,0,6,0,0.07,0.07,0.13,0.07,0.13,Matches,Copa del Rey,2024-2025
703962e1,Javi Pérez,es ESP,MF,28,21,16,"1,324",14.7,1,1,2,1,0,0,4,0,0.07,0.07,0.14,0.07,0.14,Matches,Copa del Rey,2024-2025
8fa6026e,Tony Abad,es ESP,"DF,MF",27,39,14,"1,787",19.9,0,0,0,0,0,0,5,0,0.00,0.00,0.00,0.00,0.00,Matches,Copa del Rey,2024-2025
5556d20b,Jordi,es ESP,MF,23,29,11,"1,146",12.7,2,0,2,2,0,0,5,0,0.16,0.00,0.16,0.16,0.16,Matches,Copa del Rey,2024-2025
3c3bd9fa,Diego González,es ESP,"DF,MF",25,23,11,"1,055",11.7,1,2,3,1,0,0,4,1,0.09,0.17,0.26,0.09,0.26,Matches,Copa del Rey,2024-2025
e0140385,Hugo Vallejo,es ESP,"MF,FW",24,27,10,"1,234",13.7,2,2,4,2,0,0,3,1,0.15,0.15,0.29,0.15,0.29,Matches,Copa del Rey,2024-2025
8f29e08b,Juan Pérez,es ESP,GK,28,9,9,738,8.2,0,0,0,0,0,0,0,1,0.00,0.00,0.00,0.00,0.00,Matches,Copa del Rey,2024-2025
e330a39b,Iker Unzueta,es ESP,FW,25,26,8,837,9.3,1,1,2,1,0,0,2,0,0.11,0.11,0.22,0.11,0.22,Matches,Copa del Rey,2024-2025
0370609a,Javier Mier,es ESP,MF,25,21,6,743,8.3,1,0,1,1,0,0,4,0,0.12,0.00,0.12,0.12,0.12,Matches,Copa del Rey,2024-2025
248c409d,Moisés Delgado,es ESP,DF,30,7,1,218,2.4,0,0,0,0,0,0,0,0,0.00,0.00,0.00,0.00,0.00,Matches,Copa del Rey,2024-2025
7db7e7d6,Adrián Pereda,es ESP,GK,21,3,1,181,2.0,0,0,0,0,0,0,0,0,0.00,0.00,0.00,0.00,0.00,Matches,Copa del Rey,2024-2025
4adbda62,Ayman Arguigue,ma MAR,FW,19,8,0,89,1.0,0,0,0,0,0,0,1,0,0.00,0.00,0.00,0.00,0.00,Matches,Copa del Rey,2024-2025
da439830,Willy Chatiliez,cl CHI,MF,19,6,0,87,1.0,1,1,2,1,0,0,0,0,1.03,1.03,2.07,1.03,2.07,Matches,Copa del Rey,2024-2025
d78c9429,Axel Bejarano Fernandez,es ESP,FW,19,3,0,34,0.4,0,0,0,0,0,0,0,0,0.00,0.00,0.00,0.00,0.00,Matches,Copa del Rey,2024-2025
f861a4d2,Raúl Ojeda,es ESP,FW,19,1,0,17,0.2,0,0,0,0,0,0,0,0,0.00,0.00,0.00,0.00,0.00,Matches,Copa del Rey,2024-2025
cc3a680d,Hugo Anglada,es ESP,DF,20,1,0,6,0.1,0,0,0,0,0,0,0,0,0.00,0.00,0.00,0.00,0.00,Matches,Copa del Rey,2024-2025
5dd86009,Jaime Escario,es ESP,MF,21,1,0,1,0.0,0,0,0,0,0,0,0,0,0.00,0.00,0.00,0.00,0.00,Matches,Copa del Rey,2024-2025
60d0acd8,Raúl Alarcón,es ESP,DF,19,0,0,,,,,,,,,,,,,,,,Matches,Copa del Rey,2024-2025
b1ca9991,Sergi Armero,es ESP,FW,22,0,0,,,,,,,,,,,,,,,,Matches,Copa del Rey,2024-2025
4478e381,Álex Fita,,DF,,0,0,,,,,,,,,,,,,,,,Matches,Copa del Rey,2024-2025
6e218c09,Eloy Moreno,es ESP,GK,19,0,0,,,,,,,,,,,,,,,,Matches,Copa del Rey,2024-2025
5cb4b948,Álvaro Novials,,MF,,0,0,,,,,,,,,,,,,,,,Matches,Copa del Rey,2024-2025
61f3ef70,Mohammed Saadouni,es ESP,DF,19,0,0,,,,,,,,,,,,,,,,Matches,Copa del Rey,2024-2025
8a83aeb6,Miguel Torguet,es ESP,DF,21,0,0,,,,,,,,,,,,,,,,Matches,Copa del Rey,2024-2025
0b85df35,Marc Torra,es ESP,FW,19,0,0,,,,,,,,,,,,,,,,Matches,Copa del Rey,2024-2025
c94c0368,Adrián Almendros,,MF,,1,1,90,1.0,0,0,0,0,0,0,1,0,0.00,0.00,0.00,0.00,0.00,Matches,Copa del Rey,2024-2025
4522a689,Álvaro García,es ESP,DF,24,1,1,90,1.0,0,0,0,0,0,0,0,0,0.00,0.00,0.00,0.00,0.00,Matches,Copa del Rey,2024-2025
5305103a,Magan,es ESP,DF,21,1,1,90,1.0,0,0,0,0,0,0,0,0,0.00,0.00,0.00,0.00,0.00,Matches,Copa del Rey,2024-2025
2e7fd128,Nando Mata,es ESP,GK,24,1,1,90,1.0,0,0,0,0,0,0,0,0,0.00,0.00,0.00,0.00,0.00,Matches,Copa del Rey,2024-2025
902ed905,David Serrano,es ESP,DF,27,1,1,90,1.0,0,0,0,0,0,0,0,0,0.00,0.00,0.00,0.00,0.00,Matches,Copa del Rey,2024-2025
3abc5e19,Suso,es ESP,FW,17,1,1,90,1.0,0,0,0,0,0,0,0,0,0.00,0.00,0.00,0.00,0.00,Matches,Copa del Rey,2024-2025
529ed263,Jesús Salmerón,es ESP,MF,27,1,1,75,0.8,0,0,0,0,0,0,0,0,0.00,0.00,0.00,0.00,0.00,Matches,Copa del Rey,2024-2025
0ec62e91,Greci,es ESP,FW,29,1,1,74,0.8,0,0,0,0,0,0,0,0,0.00,0.00,0.00,0.00,0.00,Matches,Copa del Rey,2024-2025
8fac535b,Adrián Romero,es ESP,MF,25,1,1,74,0.8,0,0,0,0,0,0,0,0,0.00,0.00,0.00,0.00,0.00,Matches,Copa del Rey,2024-2025
9ae8381d,Miguel Muelas,es ESP,DF,23,1,1,68,0.8,0,0,0,0,0,0,0,0,0.00,0.00,0.00,0.00,0.00,Matches,Copa del Rey,2024-2025
54e45c2b,Manu García,es ESP,FW,25,1,1,58,0.6,0,0,0,0,0,0,0,0,0.00,0.00,0.00,0.00,0.00,Matches,Copa del Rey,2024-2025
a89c1162,Fuentes,es ESP,FW,27,1,0,32,0.4,0,0,0,0,0,0,0,0,0.00,0.00,0.00,0.00,0.00,Matches,Copa del Rey,2024-2025
1dc69db4,More,es ESP,MF,21,1,0,22,0.2,0,0,0,0,0,0,0,0,0.00,0.00,0.00,0.00,0.00,Matches,Copa del Rey,2024-2025
49e5e1dc,Jaime Fernández,es ESP,DF,29,1,0,16,0.2,0,0,0,0,0,0,0,0,0.00,0.00,0.00,0.00,0.00,Matches,Copa del Rey,2024-2025
f912ca97,Javito,es ESP,MF,26,1,0,16,0.2,0,0,0,0,0,0,0,0,0.00,0.00,0.00,0.00,0.00,Matches,Copa del Rey,2024-2025
b2fc9e2a,Mario Pantrigo,es ESP,MF,19,1,0,15,0.2,0,0,0,0,0,0,0,0,0.00,0.00,0.00,0.00,0.00,Matches,Copa del Rey,2024-2025
611752ee,Ayoub Abader,ma MAR,FW,22,0,0,,,,,,,,,,,,,,,,Matches,Copa del Rey,2024-2025
84570bd9,Daniel Argumánez,es ESP,DF,25,0,0,,,,,,,,,,,,,,,,Matches,Copa del Rey,2024-2025
03956a50,Doute,es ESP,FW,24,0,0,,,,,,,,,,,,,,,,Matches,Copa del Rey,2024-2025
9ca0bfae,Hugo Jiménez,es ESP,GK,20,0,0,,,,,,,,,,,,,,,,Matches,Copa del Rey,2024-2025
e32287e9,Christian Moliner,es ESP,FW,18,0,0,,,,,,,,,,,,,,,,Matches,Copa del Rey,2024-2025
76518d8e,Taras Tsvirinkalo,es ESP,DF,19,0,0,,,,,,,,,,,,,,,,Matches,Copa del Rey,2024-2025
307fcd26,Andrés Fernández,es ESP,GK,37,41,41,"3,690",41.0,0,0,0,0,0,0,3,0,0.00,0.00,0.00,0.00,0.00,Matches,Copa del Rey,2024-2025
01cc0c90,Unai Elgezabal,es ESP,DF,31,40,40,"3,600",40.0,0,0,0,0,0,0,9,0,0.00,0.00,0.00,0.00,0.00,Matches,Copa del Rey,2024-2025
56bcaaa0,Carlos Álvarez,es ESP,"MF,FW",20,42,39,"3,386",37.6,7,11,18,7,0,0,4,0,0.19,0.29,0.48,0.19,0.48,Matches,Copa del Rey,2024-2025
e8a0d2f7,Oriol Rey,es ESP,MF,26,39,37,"3,231",35.9,0,3,3,0,0,0,10,0,0.00,0.08,0.08,0.00,0.08,Matches,Copa del Rey,2024-2025
4a478107,José Luis Morales,es ESP,"FW,MF",37,42,36,"2,661",29.6,11,4,15,11,0,0,4,0,0.37,0.14,0.51,0.37,0.51,Matches,Copa del Rey,2024-2025
c748a0b2,Diego Pampín,es ESP,DF,24,35,33,"3,006",33.4,1,2,3,1,0,0,4,0,0.03,0.06,0.09,0.03,0.09,Matches,Copa del Rey,2024-2025
ecc77652,Pablo Martínez,es ESP,MF,26,36,32,"2,559",28.4,3,2,5,2,1,2,0,0,0.11,0.07,0.18,0.07,0.14,Matches,Copa del Rey,2024-2025
66d0860c,Brugui,es ESP,"FW,MF",27,37,31,"2,449",27.2,11,4,15,11,0,0,4,0,0.40,0.15,0.55,0.40,0.55,Matches,Copa del Rey,2024-2025
3da1b6ed,Giorgi Kochorashvili,ge GEO,MF,25,35,29,"2,603",28.9,6,4,10,5,1,1,6,0,0.21,0.14,0.35,0.17,0.31,Matches,Copa del Rey,2024-2025
5932c94a,Adrián de la Fuente,es ESP,DF,25,32,28,"2,529",28.1,2,1,3,0,2,2,12,1,0.07,0.04,0.11,0.00,0.04,Matches,Copa del Rey,2024-2025
40498af1,Andrés García,es ESP,DF,21,22,22,"1,936",21.5,3,3,6,3,0,0,3,0,0.14,0.14,0.28,0.14,0.28,Matches,Copa del Rey,2024-2025
2fbe6af0,Iván Romero,es ESP,FW,23,35,19,"1,865",20.7,9,4,13,7,2,2,1,0,0.43,0.19,0.63,0.34,0.53,Matches,Copa del Rey,2024-2025
de204fbb,Jorge Cabello,es ESP,DF,20,20,15,"1,464",16.3,0,0,0,0,0,0,5,0,0.00,0.00,0.00,0.00,0.00,Matches,Copa del Rey,2024-2025
ad1ffcfd,Vicente Iborra,es ESP,"MF,DF",36,26,10,958,10.6,1,0,1,0,1,1,4,0,0.09,0.00,0.09,0.00,0.00,Matches,Copa del Rey,2024-2025
3dfc70ed,Sergio Lozano,es ESP,MF,25,40,9,"1,203",13.4,0,3,3,0,0,0,4,0,0.00,0.22,0.22,0.00,0.22,Matches,Copa del Rey,2024-2025
cacfc380,Marcos Navarro,es ESP,DF,20,10,9,707,7.9,0,0,0,0,0,0,2,0,0.00,0.00,0.00,0.00,0.00,Matches,Copa del Rey,2024-2025
acc1aefa,Ángel Algobia,es ESP,MF,25,23,8,799,8.9,2,1,3,2,0,0,2,0,0.23,0.11,0.34,0.23,0.34,Matches,Copa del Rey,2024-2025
174f09a6,Ignasi Miquel,es ESP,DF,31,9,8,700,7.8,0,0,0,0,0,0,2,0,0.00,0.00,0.00,0.00,0.00,Matches,Copa del Rey,2024-2025
20588520,Xavi Grande,es ESP,DF,19,16,8,624,6.9,0,0,0,0,0,0,0,0,0.00,0.00,0.00,0.00,0.00,Matches,Copa del Rey,2024-2025
14f9a9f7,Manu,es ESP,DF,28,5,4,327,3.6,0,0,0,0,0,0,2,0,0.00,0.00,0.00,0.00,0.00,Matches,Copa del Rey,2024-2025
d7d3c5f3,Carlos Espí,es ESP,FW,19,36,1,510,5.7,6,2,8,6,0,0,0,0,1.06,0.35,1.41,1.06,1.41,Matches,Copa del Rey,2024-2025
d6ed4376,Álex Forés,es ESP,FW,23,18,1,402,4.5,5,1,6,5,0,0,2,0,1.12,0.22,1.34,1.12,1.34,Matches,Copa del Rey,2024-2025
14e05913,Alfonso Pastor,es ESP,GK,23,1,1,90,1.0,0,0,0,0,0,0,0,0,0.00,0.00,0.00,0.00,0.00,Matches,Copa del Rey,2024-2025
bcd0b89f,Mohamed Bouldini,ma MAR,FW,28,2,1,82,0.9,0,0,0,0,0,0,0,0,0.00,0.00,0.00,0.00,0.00,Matches,Copa del Rey,2024-2025
e2290a67,Fabrício,br BRA,FW,23,8,0,130,1.4,0,0,0,0,0,0,1,0,0.00,0.00,0.00,0.00,0.00,Matches,Copa del Rey,2024-2025
9dfdbdeb,Óscar Clemente,es ESP,MF,25,8,0,54,0.6,0,0,0,0,0,0,1,0,0.00,0.00,0.00,0.00,0.00,Matches,Copa del Rey,2024-2025
66c86ef6,Borja Cortina,es ESP,DF,18,1,0,13,0.1,0,0,0,0,0,0,0,0,0.00,0.00,0.00,0.00,0.00,Matches,Copa del Rey,2024-2025
9ced4eb5,Víctor Fernández,es ESP,FW,16,1,0,1,0.0,0,0,0,0,0,0,0,0,0.00,0.00,0.00,0.00,0.00,Matches,Copa del Rey,2024-2025
6e3326a5,Edgar Alcañiz,es ESP,MF,19,0,0,,,,,,,,,,,,,,,,Matches,Copa del Rey,2024-2025
f38284bb,Alejandro Primo,es ESP,GK,20,0,0,,,,,,,,,,,,,,,,Matches,Copa del Rey,2024-2025
0e6fd505,David Sellés,es ESP,DF,21,0,0,,,,,,,,,,,,,,,,Matches,Copa del Rey,2024-2025
67669ce7,Aarón Escandell,es ESP,GK,28,41,41,"3,690",41.0,0,0,0,0,0,0,3,0,0.00,0.00,0.00,0.00,0.00,Matches,Copa del Rey,2024-2025
dd672e1f,Dani Calvo,es ESP,DF,30,41,41,"3,668",40.8,2,3,5,2,0,0,9,0,0.05,0.07,0.12,0.05,0.12,Matches,Copa del Rey,2024-2025
ad9fdbf3,Santiago Colombatto,ar ARG,MF,27,39,37,"3,244",36.0,4,3,7,3,1,1,8,0,0.11,0.08,0.19,0.08,0.17,Matches,Copa del Rey,2024-2025
3ed2a79b,Alexandre Alemão,br BRA,FW,26,40,35,"2,971",33.0,14,4,18,14,0,0,3,0,0.42,0.12,0.55,0.42,0.55,Matches,Copa del Rey,2024-2025
545e2f01,David Costas,es ESP,DF,29,31,29,"2,566",28.5,1,1,2,1,0,0,5,0,0.04,0.04,0.07,0.04,0.07,Matches,Copa del Rey,2024-2025
c998f00f,Ilyas Chaira,ma MAR,"MF,FW",23,31,28,"2,234",24.8,7,3,10,7,0,0,8,0,0.28,0.12,0.40,0.28,0.40,Matches,Copa del Rey,2024-2025
e0979e74,Haissem Hassan,eg EGY,MF,22,39,25,"2,203",24.5,4,3,7,4,0,0,4,0,0.16,0.12,0.29,0.16,0.29,Matches,Copa del Rey,2024-2025
be834ad7,Kwasi Sibo,gh GHA,MF,26,34,24,"2,264",25.2,1,1,2,1,0,0,10,0,0.04,0.04,0.08,0.04,0.08,Matches,Copa del Rey,2024-2025
8648c59f,Oier Luengo,es ESP,DF,26,28,24,"2,097",23.3,2,1,3,2,0,0,8,1,0.09,0.04,0.13,0.09,0.13,Matches,Copa del Rey,2024-2025
e2e9c250,Santi Cazorla,es ESP,"MF,FW",39,32,24,"1,900",21.1,3,5,8,1,2,3,1,0,0.14,0.24,0.38,0.05,0.28,Matches,Copa del Rey,2024-2025
89becc10,Rahim Bonkano,ne NIG,DF,22,25,21,"1,854",20.6,0,1,1,0,0,0,4,0,0.00,0.05,0.05,0.00,0.05,Matches,Copa del Rey,2024-2025
43742e87,Carlos Pomares Rayo,es ESP,DF,31,26,18,"1,660",18.4,0,2,2,0,0,0,3,0,0.00,0.11,0.11,0.00,0.11,Matches,Copa del Rey,2024-2025
3a9c4b7b,Nacho Vidal,es ESP,DF,29,18,18,"1,598",17.8,4,0,4,4,0,0,4,0,0.23,0.00,0.23,0.23,0.23,Matches,Copa del Rey,2024-2025
a62b4888,Jaime Seoane,es ESP,MF,27,27,18,"1,480",16.4,3,1,4,3,0,0,5,0,0.18,0.06,0.24,0.18,0.24,Matches,Copa del Rey,2024-2025
8c87339e,Sebas Moyano,es ESP,MF,27,36,14,"1,335",14.8,0,5,5,0,0,0,3,0,0.00,0.34,0.34,0.00,0.34,Matches,Copa del Rey,2024-2025
8e010ff4,Francisco Portillo,es ESP,MF,34,22,11,"1,025",11.4,1,1,2,1,0,0,2,0,0.09,0.09,0.18,0.09,0.18,Matches,Copa del Rey,2024-2025
d30c7094,Federico Viñas,uy URU,FW,26,16,10,673,7.5,1,0,1,1,0,0,3,0,0.13,0.00,0.13,0.13,0.13,Matches,Copa del Rey,2024-2025
7244b474,Lucas Ahijado,es ESP,DF,29,16,8,781,8.7,1,2,3,1,0,0,3,0,0.12,0.23,0.35,0.12,0.35,Matches,Copa del Rey,2024-2025
60abea75,César de la Hoz,es ESP,MF,32,12,8,644,7.2,0,0,0,0,0,0,2,0,0.00,0.00,0.00,0.00,0.00,Matches,Copa del Rey,2024-2025
84a85b48,Alberto Del Moral,es ESP,MF,24,12,7,539,6.0,1,1,2,1,0,0,1,0,0.17,0.17,0.33,0.17,0.33,Matches,Copa del Rey,2024-2025
31d45cc8,Álvaro Lemos,es ESP,DF,31,9,6,507,5.6,0,0,0,0,0,0,2,0,0.00,0.00,0.00,0.00,0.00,Matches,Copa del Rey,2024-2025
f20fce1b,Paulino,es ESP,"MF,FW",27,25,4,626,7.0,1,1,2,1,0,0,3,0,0.14,0.14,0.29,0.14,0.29,Matches,Copa del Rey,2024-2025
b7be25ab,Álex Cardero,es ESP,MF,20,21,3,597,6.6,1,1,2,1,0,0,4,0,0.15,0.15,0.30,0.15,0.30,Matches,Copa del Rey,2024-2025
c52e0263,Jaime Vázquez,es ESP,DF,18,5,3,405,4.5,0,0,0,0,0,0,2,0,0.00,0.00,0.00,0.00,0.00,Matches,Copa del Rey,2024-2025
b143ac89,Daniel George Paraschiv,ro ROU,FW,25,28,2,615,6.8,3,1,4,3,0,0,1,0,0.44,0.15,0.59,0.44,0.59,Matches,Copa del Rey,2024-2025
daa2eab3,Carlos Dotor,es ESP,MF,23,6,2,191,2.1,0,0,0,0,0,0,1,0,0.00,0.00,0.00,0.00,0.00,Matches,Copa del Rey,2024-2025
cdc96214,Quentin Braat,fr FRA,GK,27,1,1,90,1.0,0,0,0,0,0,0,1,0,0.00,0.00,0.00,0.00,0.00,Matches,Copa del Rey,2024-2025
7942a27b,Mascarenhas,pt POR,"FW,MF",24,5,0,92,1.0,0,0,0,0,0,0,0,0,0.00,0.00,0.00,0.00,0.00,Matches,Copa del Rey,2024-2025
a21da004,Chukwuma Eze,ng NGA,DF,20,1,0,22,0.2,0,0,0,0,0,0,0,0,0.00,0.00,0.00,0.00,0.00,Matches,Copa del Rey,2024-2025
8c593db1,Omar Falah,es ESP,DF,20,1,0,8,0.1,0,0,0,0,0,0,0,0,0.00,0.00,0.00,0.00,0.00,Matches,Copa del Rey,2024-2025
5b4a3e76,Marco Esteban,es ESP,DF,18,0,0,,,,,,,,,,,,,,,,Matches,Copa del Rey,2024-2025
21536a0c,Lamine Gueye,sn SEN,FW,19,0,0,,,,,,,,,,,,,,,,Matches,Copa del Rey,2024-2025
bd60f608,Adrián Lopes,,DF,,0,0,,,,,,,,,,,,,,,,Matches,Copa del Rey,2024-2025
3ca65ee1,Santiago Miguélez,es ESP,FW,22,0,0,,,,,,,,,,,,,,,,Matches,Copa del Rey,2024-2025
e4f5680f,Miguel Narváez,es ESP,GK,22,0,0,,,,,,,,,,,,,,,,Matches,Copa del Rey,2024-2025
01cab116,Borja Sánchez Laborde,es ESP,MF,28,0,0,,,,,,,,,,,,,,,,Matches,Copa del Rey,2024-2025
711ebbb2,Diego Tejon,es ESP,MF,22,0,0,,,,,,,,,,,,,,,,Matches,Copa del Rey,2024-2025
f3ff0234,Rubén Valdera,es ESP,MF,21,0,0,,,,,,,,,,,,,,,,Matches,Copa del Rey,2024-2025
605a643c,Oriol Ayala Serra,es ESP,DF,27,2,2,210,2.3,1,0,1,1,0,0,0,0,0.43,0.00,0.43,0.43,0.43,Matches,Copa del Rey,2024-2025
a95cdcb3,Pol Ballesté,es ESP,GK,28,2,2,210,2.3,0,0,0,0,0,0,1,0,0.00,0.00,0.00,0.00,0.00,Matches,Copa del Rey,2024-2025
452f37d0,Arnau Forés,,DF,,2,2,199,2.2,0,1,1,0,0,0,1,0,0.00,0.45,0.45,0.00,0.45,Matches,Copa del Rey,2024-2025
2386f488,Joaquin Peñalver,es ESP,"MF,FW",20,2,2,187,2.1,1,0,1,1,0,0,0,0,0.48,0.00,0.48,0.48,0.48,Matches,Copa del Rey,2024-2025
39907cac,Guillem Terma,,MF,,2,2,179,2.0,0,0,0,0,0,0,0,0,0.00,0.00,0.00,0.00,0.00,Matches,Copa del Rey,2024-2025
31415456,Uri,es ESP,MF,32,2,2,176,2.0,0,0,0,0,0,0,1,0,0.00,0.00,0.00,0.00,0.00,Matches,Copa del Rey,2024-2025
2d7bb1c3,Pedro,es ESP,MF,32,2,2,142,1.6,0,0,0,0,0,0,0,0,0.00,0.00,0.00,0.00,0.00,Matches,Copa del Rey,2024-2025
c5cbcd73,Robert Costa,es ESP,DF,30,2,1,152,1.7,0,0,0,0,0,0,0,0,0.00,0.00,0.00,0.00,0.00,Matches,Copa del Rey,2024-2025
2b5e50b2,Chema Moreno,es ESP,FW,31,2,1,121,1.3,0,0,0,0,0,1,0,0,0.00,0.00,0.00,0.00,0.00,Matches,Copa del Rey,2024-2025
30ed487c,Marc Mas,es ESP,FW,34,1,1,120,1.3,0,0,0,0,0,0,0,0,0.00,0.00,0.00,0.00,0.00,Matches,Copa del Rey,2024-2025
5081db7a,Pau Salvans,es ESP,MF,25,1,1,90,1.0,0,0,0,0,0,0,0,0,0.00,0.00,0.00,0.00,0.00,Matches,Copa del Rey,2024-2025
aab7b1dd,Yaya Sidibé,ml MLI,DF,27,1,1,90,1.0,0,0,0,0,0,0,0,0,0.00,0.00,0.00,0.00,0.00,Matches,Copa del Rey,2024-2025
06a9a610,Albert Torras,es ESP,MF,28,2,1,89,1.0,0,0,0,0,0,0,0,0,0.00,0.00,0.00,0.00,0.00,Matches,Copa del Rey,2024-2025
d57da172,Roger Barnils,es ESP,DF,30,1,1,58,0.6,0,0,0,0,0,0,1,0,0.00,0.00,0.00,0.00,0.00,Matches,Copa del Rey,2024-2025
b31f8576,Juvanteny,es ESP,DF,24,1,1,58,0.6,0,0,0,0,0,0,0,0,0.00,0.00,0.00,0.00,0.00,Matches,Copa del Rey,2024-2025
dee7765b,Jordi Manzano,,MF,,2,0,68,0.8,0,0,0,0,0,0,0,0,0.00,0.00,0.00,0.00,0.00,Matches,Copa del Rey,2024-2025
a770da00,Sergi Marcillo,es ESP,MF,22,1,0,62,0.7,0,0,0,0,0,0,0,0,0.00,0.00,0.00,0.00,0.00,Matches,Copa del Rey,2024-2025
d6e984cb,Óscar Gonpi,es ESP,FW,23,2,0,54,0.6,0,0,0,0,0,0,0,0,0.00,0.00,0.00,0.00,0.00,Matches,Copa del Rey,2024-2025
f560b52c,David López,es ESP,MF,27,1,0,22,0.2,0,0,0,0,0,0,0,0,0.00,0.00,0.00,0.00,0.00,Matches,Copa del Rey,2024-2025
3f3431dc,Marc Comamala,,,,1,0,12,0.1,0,0,0,0,0,0,0,0,0.00,0.00,0.00,0.00,0.00,Matches,Copa del Rey,2024-2025
14a2dad5,Joan Maynau,es ESP,DF,28,1,0,11,0.1,0,1,1,0,0,0,0,0,0.00,8.18,8.18,0.00,8.18,Matches,Copa del Rey,2024-2025
89b9861c,Sergio Cortés,,DF,,0,0,,,,,,,,,,,,,,,,Matches,Copa del Rey,2024-2025
593707a4,Jan Danés,es ESP,GK,19,0,0,,,,,,,,,,,,,,,,Matches,Copa del Rey,2024-2025
cf6b50a6,Guillem Farres,,MF,,0,0,,,,,,,,,,,,,,,,Matches,Copa del Rey,2024-2025
ef8cd852,Marti Puigbert,,MF,,0,0,,,,,,,,,,,,,,,,Matches,Copa del Rey,2024-2025
5aa1265d,Raúl Bernabeu,es ESP,GK,30,2,2,210,2.3,0,0,0,0,0,0,0,0,0.00,0.00,0.00,0.00,0.00,Matches,Copa del Rey,2024-2025
2232dc1c,Pedro Inglés,es ESP,DF,27,2,2,210,2.3,0,0,0,0,0,0,1,0,0.00,0.00,0.00,0.00,0.00,Matches,Copa del Rey,2024-2025
0c565664,Titi,es ESP,DF,31,2,2,210,2.3,0,0,0,0,0,0,0,0,0.00,0.00,0.00,0.00,0.00,Matches,Copa del Rey,2024-2025
80741b7c,Yuya Yoshimura,jp JPN,FW,26,2,2,210,2.3,0,0,0,0,0,0,1,0,0.00,0.00,0.00,0.00,0.00,Matches,Copa del Rey,2024-2025
11515c01,Luis Castillo,es ESP,MF,27,2,2,124,1.4,0,0,0,0,0,0,0,0,0.00,0.00,0.00,0.00,0.00,Matches,Copa del Rey,2024-2025
0ff67313,Joan Monterde,es ESP,FW,26,2,1,160,1.8,0,0,0,0,0,0,1,0,0.00,0.00,0.00,0.00,0.00,Matches,Copa del Rey,2024-2025
859c3660,Jose Álvarez,,FW,,2,1,147,1.6,0,0,0,0,0,0,1,0,0.00,0.00,0.00,0.00,0.00,Matches,Copa del Rey,2024-2025
b66d2d54,Sergio Rodríguez,es ESP,MF,21,1,1,120,1.3,0,0,0,0,0,0,0,0,0.00,0.00,0.00,0.00,0.00,Matches,Copa del Rey,2024-2025
779fbbc0,Pablo Olivares,es ESP,MF,22,1,1,104,1.2,0,0,0,0,0,0,0,0,0.00,0.00,0.00,0.00,0.00,Matches,Copa del Rey,2024-2025
2f384abc,Antonio Sabastro,es ESP,FW,28,1,1,104,1.2,0,0,0,0,0,0,0,0,0.00,0.00,0.00,0.00,0.00,Matches,Copa del Rey,2024-2025
1f182db0,Jairo Cárcaba,es ESP,FW,32,1,1,90,1.0,0,0,0,0,0,0,0,0,0.00,0.00,0.00,0.00,0.00,Matches,Copa del Rey,2024-2025
661298e5,Marcos Recuenco,,DF,,1,1,77,0.9,0,0,0,0,0,0,0,0,0.00,0.00,0.00,0.00,0.00,Matches,Copa del Rey,2024-2025
13d0a431,Héctor Rubio,es ESP,MF,32,1,1,63,0.7,0,0,0,0,0,0,0,0,0.00,0.00,0.00,0.00,0.00,Matches,Copa del Rey,2024-2025
fdeca30c,Jesús Serrano,es ESP,FW,20,1,1,50,0.6,0,0,0,0,0,0,0,0,0.00,0.00,0.00,0.00,0.00,Matches,Copa del Rey,2024-2025
1b5c67a3,Raul Caballero,es ESP,FW,23,2,0,86,1.0,1,0,1,1,0,0,1,0,1.05,0.00,1.05,1.05,1.05,Matches,Copa del Rey,2024-2025
c7029ec1,Bema Sina,gh GHA,DF,21,1,0,43,0.5,0,0,0,0,0,0,1,0,0.00,0.00,0.00,0.00,0.00,Matches,Copa del Rey,2024-2025
bed8960f,Pablo Mendoza,es ESP,FW,18,1,0,16,0.2,0,0,0,0,0,0,0,0,0.00,0.00,0.00,0.00,0.00,Matches,Copa del Rey,2024-2025
72618b0f,Mark Motilla,,,,1,0,16,0.2,0,0,0,0,0,0,0,0,0.00,0.00,0.00,0.00,0.00,Matches,Copa del Rey,2024-2025
799264f4,Kain Amoud,ma MAR,FW,27,0,0,,,,,,,,,,,,,,,,Matches,Copa del Rey,2024-2025
2c7fc3c4,Manuel Corrochano,,GK,,0,0,,,,,,,,,,,,,,,,Matches,Copa del Rey,2024-2025
5d99027d,Alvaro Hormiga,es ESP,GK,23,0,0,,,,,,,,,,,,,,,,Matches,Copa del Rey,2024-2025
9fd4cdc6,Kliti Valisi,es ESP,FW,21,0,0,,,,,,,,,,,,,,,,Matches,Copa del Rey,2024-2025
06af1c11,Enol Coto,es ESP,DF,23,1,1,90,1.0,0,0,0,0,0,0,0,0,0.00,0.00,0.00,0.00,0.00,Matches,Copa del Rey,2024-2025
ba08c8a5,Mikel Kortazar,es ESP,DF,25,1,1,90,1.0,0,0,0,0,0,0,0,0,0.00,0.00,0.00,0.00,0.00,Matches,Copa del Rey,2024-2025
9d257e9b,Álvaro Marín,es ESP,FW,21,1,1,90,1.0,0,0,0,0,0,0,0,0,0.00,0.00,0.00,0.00,0.00,Matches,Copa del Rey,2024-2025
b4b20712,Unai Marino,es ESP,GK,24,1,1,90,1.0,0,0,0,0,0,0,0,0,0.00,0.00,0.00,0.00,0.00,Matches,Copa del Rey,2024-2025
749f886f,Álvaro Muñoz,es ESP,MF,23,1,1,90,1.0,0,0,0,0,0,0,0,0,0.00,0.00,0.00,0.00,0.00,Matches,Copa del Rey,2024-2025
9b66aafc,Daniel Selma,es ESP,FW,23,1,1,90,1.0,0,0,0,0,0,0,0,0,0.00,0.00,0.00,0.00,0.00,Matches,Copa del Rey,2024-2025
415290df,Aly Coulibaly,fr FRA,MF,28,1,1,79,0.9,0,0,0,0,0,0,0,0,0.00,0.00,0.00,0.00,0.00,Matches,Copa del Rey,2024-2025
74b0e3ce,Jon Aurtenetxe,es ESP,DF,32,1,1,72,0.8,0,0,0,0,0,0,0,0,0.00,0.00,0.00,0.00,0.00,Matches,Copa del Rey,2024-2025
6588900e,Mauro Bravo,us USA,MF,25,1,1,72,0.8,0,0,0,0,0,0,0,0,0.00,0.00,0.00,0.00,0.00,Matches,Copa del Rey,2024-2025
bdef8cdb,Jordi Calavera,es ESP,DF,28,1,1,72,0.8,0,0,0,0,0,0,0,0,0.00,0.00,0.00,0.00,0.00,Matches,Copa del Rey,2024-2025
d841acc9,Berto,es ESP,MF,26,1,1,45,0.5,0,0,0,0,0,0,0,0,0.00,0.00,0.00,0.00,0.00,Matches,Copa del Rey,2024-2025
d9bcd8a3,Alejandro Carbonell,es ESP,DF,23,1,0,45,0.5,0,0,0,0,0,0,0,0,0.00,0.00,0.00,0.00,0.00,Matches,Copa del Rey,2024-2025
ba5a9545,Pablo Hervías,es ESP,MF,31,1,0,18,0.2,0,0,0,0,0,0,0,0,0.00,0.00,0.00,0.00,0.00,Matches,Copa del Rey,2024-2025
f43e37cc,Kaxe,es ESP,"FW,MF",30,1,0,18,0.2,0,0,0,0,0,0,0,0,0.00,0.00,0.00,0.00,0.00,Matches,Copa del Rey,2024-2025
c312f6be,Iñigo Muñoz,es ESP,MF,27,1,0,18,0.2,0,0,0,0,0,0,0,0,0.00,0.00,0.00,0.00,0.00,Matches,Copa del Rey,2024-2025
82c08beb,Jon Ander Amelibia,es ESP,DF,30,1,0,11,0.1,0,0,0,0,0,0,0,0,0.00,0.00,0.00,0.00,0.00,Matches,Copa del Rey,2024-2025
9e2ff294,Nassourou Ben Hamed,cm CMR,MF,22,0,0,,,,,,,,,,,,,,,,Matches,Copa del Rey,2024-2025
1d2f903a,Sergio Camacho,es ESP,DF,22,0,0,,,,,,,,,,,,,,,,Matches,Copa del Rey,2024-2025
54a9bc73,Gaizka Campos Bahillo,es ESP,GK,27,0,0,,,,,,,,,,,,,,,,Matches,Copa del Rey,2024-2025
570352f9,Sergio Molina,es ESP,MF,28,2,2,180,2.0,0,0,0,0,0,0,0,0,0.00,0.00,0.00,0.00,0.00,Matches,Copa del Rey,2024-2025
29b9c501,Álvaro Martín de Frías,es ESP,"MF,FW",23,2,2,156,1.7,0,0,0,0,0,0,0,0,0.00,0.00,0.00,0.00,0.00,Matches,Copa del Rey,2024-2025
f934c5c9,Lauti,uy URU,FW,23,2,2,153,1.7,0,0,0,0,0,0,0,0,0.00,0.00,0.00,0.00,0.00,Matches,Copa del Rey,2024-2025
9cdb0015,Pablo Trigueros,es ESP,DF,31,2,1,135,1.5,0,0,0,0,0,0,0,0,0.00,0.00,0.00,0.00,0.00,Matches,Copa del Rey,2024-2025
3afeb49f,Nieto,es ESP,FW,26,2,1,117,1.3,0,0,0,0,0,0,0,0,0.00,0.00,0.00,0.00,0.00,Matches,Copa del Rey,2024-2025
89c4c23e,Josep Cerdà,es ESP,MF,21,2,1,106,1.2,0,0,0,0,0,0,0,0,0.00,0.00,0.00,0.00,0.00,Matches,Copa del Rey,2024-2025
b39b2cba,Christos Almpanis,gr GRE,FW,29,2,1,96,1.1,0,0,0,0,0,0,0,0,0.00,0.00,0.00,0.00,0.00,Matches,Copa del Rey,2024-2025
b91cf5e0,Marc Bombardó,es ESP,DF,18,1,1,90,1.0,0,0,0,0,0,0,0,0,0.00,0.00,0.00,0.00,0.00,Matches,Copa del Rey,2024-2025
3409fb23,Jesús Clemente,es ESP,DF,23,1,1,90,1.0,1,0,1,1,0,0,0,0,1.00,0.00,1.00,1.00,1.00,Matches,Copa del Rey,2024-2025
ab445c5d,Ivan Dominguez,ad AND,DF,18,1,1,90,1.0,0,0,0,0,0,0,0,0,0.00,0.00,0.00,0.00,0.00,Matches,Copa del Rey,2024-2025
f8dd13c6,César Morgado,es ESP,DF,31,1,1,90,1.0,0,0,0,0,0,0,0,0,0.00,0.00,0.00,0.00,0.00,Matches,Copa del Rey,2024-2025
b5bdf144,Oier Olazábal,es ESP,GK,34,1,1,90,1.0,0,0,0,0,0,0,0,0,0.00,0.00,0.00,0.00,0.00,Matches,Copa del Rey,2024-2025
ea294d3d,Nico Ratti,it ITA,GK,30,1,1,90,1.0,0,0,0,0,0,0,0,0,0.00,0.00,0.00,0.00,0.00,Matches,Copa del Rey,2024-2025
faaae7b2,Jake Ruby,ca CAN,DF,24,1,1,90,1.0,0,1,1,0,0,0,0,0,0.00,1.00,1.00,0.00,1.00,Matches,Copa del Rey,2024-2025
31e24fd1,Pau Casadesús,es ESP,DF,20,1,1,73,0.8,0,0,0,0,0,0,0,0,0.00,0.00,0.00,0.00,0.00,Matches,Copa del Rey,2024-2025
6941883f,Erik Morán,es ESP,MF,33,2,1,65,0.7,0,0,0,0,0,0,0,0,0.00,0.00,0.00,0.00,0.00,Matches,Copa del Rey,2024-2025
b1298ab3,Assane,sn SEN,MF,24,1,1,63,0.7,1,0,1,1,0,0,0,0,1.43,0.00,1.43,1.43,1.43,Matches,Copa del Rey,2024-2025
b8e1cf4a,Juanda Fuentes,co COL,MF,21,2,1,59,0.7,0,0,0,0,0,0,0,0,0.00,0.00,0.00,0.00,0.00,Matches,Copa del Rey,2024-2025
9af88279,Diego Alende,es ESP,DF,26,1,1,45,0.5,0,0,0,0,0,0,0,0,0.00,0.00,0.00,0.00,0.00,Matches,Copa del Rey,2024-2025
c5456acc,Álvaro Peña,es ESP,MF,32,2,0,59,0.7,0,0,0,0,0,0,0,0,0.00,0.00,0.00,0.00,0.00,Matches,Copa del Rey,2024-2025
a87e5826,Luismi,es ESP,FW,26,2,0,43,0.5,0,1,1,0,0,0,1,0,0.00,2.09,2.09,0.00,2.09,Matches,Copa del Rey,2024-2025
71059868,Bilal Achhiba,es ESP,FW,19,0,0,,,,,,,,,,,,,,,,Matches,Copa del Rey,2024-2025
6a284f29,Carlos Boga Sauque,es ESP,GK,19,0,0,,,,,,,,,,,,,,,,Matches,Copa del Rey,2024-2025
5eace48e,Albert Rosas,ad AND,FW,21,0,0,,,,,,,,,,,,,,,,Matches,Copa del Rey,2024-2025
970ed894,Alfonso,es ESP,GK,23,2,2,240,2.7,0,0,0,0,0,0,1,0,0.00,0.00,0.00,0.00,0.00,Matches,Copa del Rey,2024-2025
02e4da70,José Antonio Caro,es ESP,DF,31,2,2,240,2.7,0,0,0,0,0,0,0,0,0.00,0.00,0.00,0.00,0.00,Matches,Copa del Rey,2024-2025
d08a62ed,Goma,es ESP,MF,26,2,2,240,2.7,0,0,0,0,0,0,1,0,0.00,0.00,0.00,0.00,0.00,Matches,Copa del Rey,2024-2025
27383431,Antonio Marín,es ESP,DF,28,2,2,240,2.7,0,0,0,0,0,0,0,0,0.00,0.00,0.00,0.00,0.00,Matches,Copa del Rey,2024-2025
65eaa4b1,Diego Mirapeix,es ESP,DF,24,2,2,240,2.7,0,0,0,0,0,0,0,0,0.00,0.00,0.00,0.00,0.00,Matches,Copa del Rey,2024-2025
0e63bf86,Alfonso Candelas,es ESP,MF,29,2,2,199,2.2,0,1,1,0,0,0,0,0,0.00,0.45,0.45,0.00,0.45,Matches,Copa del Rey,2024-2025
c0178833,Marchena,es ESP,MF,22,2,2,163,1.8,0,0,0,0,0,0,0,0,0.00,0.00,0.00,0.00,0.00,Matches,Copa del Rey,2024-2025
9f3f9fbf,Rubén Mesa Visiga,es ESP,FW,32,2,2,152,1.7,2,0,2,2,0,0,0,0,1.18,0.00,1.18,1.18,1.18,Matches,Copa del Rey,2024-2025
55e4bdf0,Alejandro Carrasco,es ESP,MF,20,2,2,135,1.5,0,1,1,0,0,0,1,0,0.00,0.67,0.67,0.00,0.67,Matches,Copa del Rey,2024-2025
00c963e8,Ekhiotz Orobio,es ESP,FW,22,2,2,127,1.4,1,0,1,1,0,0,0,0,0.71,0.00,0.71,0.71,0.71,Matches,Copa del Rey,2024-2025
5d386f04,Juan Aguilera,es ESP,MF,21,2,1,169,1.9,0,0,0,0,0,0,0,0,0.00,0.00,0.00,0.00,0.00,Matches,Copa del Rey,2024-2025
02832672,Ramón Blázquez,es ESP,MF,27,2,1,138,1.5,0,0,0,0,0,0,0,0,0.00,0.00,0.00,0.00,0.00,Matches,Copa del Rey,2024-2025
7a415b25,Jacques Dago,ci CIV,FW,25,2,0,89,1.0,1,1,2,1,0,0,1,0,1.01,1.01,2.02,1.01,2.02,Matches,Copa del Rey,2024-2025
1b779e27,Jorge Luis García Salmón,es ESP,MF,31,2,0,77,0.9,1,0,1,1,0,0,0,0,1.17,0.00,1.17,1.17,1.17,Matches,Copa del Rey,2024-2025
12c19fda,Hugo,es ESP,MF,34,1,0,57,0.6,0,0,0,0,0,0,0,0,0.00,0.00,0.00,0.00,0.00,Matches,Copa del Rey,2024-2025
ac997287,Mati Castillo,es ESP,FW,23,1,0,56,0.6,0,0,0,0,0,0,0,0,0.00,0.00,0.00,0.00,0.00,Matches,Copa del Rey,2024-2025
293c7e7a,Eric Gómez,es ESP,MF,20,1,0,39,0.4,0,0,0,0,0,0,0,0,0.00,0.00,0.00,0.00,0.00,Matches,Copa del Rey,2024-2025
ce098db1,Fran Lara,es ESP,MF,31,1,0,38,0.4,0,0,0,0,0,0,0,0,0.00,0.00,0.00,0.00,0.00,Matches,Copa del Rey,2024-2025
f7817394,Robin Lafarge,fr FRA,DF,32,1,0,1,0.0,0,0,0,0,0,0,0,0,0.00,0.00,0.00,0.00,0.00,Matches,Copa del Rey,2024-2025
d997129c,Pablo Aguilar,es ESP,FW,18,0,0,,,,,,,,,,,,,,,,Matches,Copa del Rey,2024-2025
8b850c50,Francisco Callejón,es ESP,MF,26,0,0,,,,,,,,,,,,,,,,Matches,Copa del Rey,2024-2025
783b0a8f,David Gil,es ESP,GK,20,0,0,,,,,,,,,,,,,,,,Matches,Copa del Rey,2024-2025
6def305f,Álvaro Hidalgo,es ESP,MF,18,0,0,,,,,,,,,,,,,,,,Matches,Copa del Rey,2024-2025
6dbf13be,Ruizma,es ESP,MF,21,0,0,,,,,,,,,,,,,,,,Matches,Copa del Rey,2024-2025
e620ca59,Álvaro Clausí,es ESP,MF,31,2,2,210,2.3,0,0,0,0,0,0,1,0,0.00,0.00,0.00,0.00,0.00,Matches,Copa del Rey,2024-2025
9d60c8b6,Adrián Crespo,es ESP,DF,31,2,2,210,2.3,0,0,0,0,0,0,0,0,0.00,0.00,0.00,0.00,0.00,Matches,Copa del Rey,2024-2025
1a563b04,Joserra,es ESP,DF,25,2,2,210,2.3,0,0,0,0,0,0,0,0,0.00,0.00,0.00,0.00,0.00,Matches,Copa del Rey,2024-2025
5e85bab4,Javi Barrio,es ESP,DF,33,2,2,186,2.1,0,0,0,0,0,0,0,0,0.00,0.00,0.00,0.00,0.00,Matches,Copa del Rey,2024-2025
fd6116ae,Deco,es ESP,MF,28,2,2,186,2.1,1,0,1,1,0,0,1,0,0.48,0.00,0.48,0.48,0.48,Matches,Copa del Rey,2024-2025
8b788040,Jaime Sancho González,es ESP,MF,23,2,1,125,1.4,0,0,0,0,0,0,2,1,0.00,0.00,0.00,0.00,0.00,Matches,Copa del Rey,2024-2025
f128d1e4,Christian Martínez Díaz,es ESP,FW,23,2,1,123,1.4,1,1,2,0,1,1,1,0,0.73,0.73,1.46,0.00,0.73,Matches,Copa del Rey,2024-2025
8a10fd62,Antonio Navas,es ESP,DF,29,1,1,120,1.3,0,0,0,0,0,0,0,0,0.00,0.00,0.00,0.00,0.00,Matches,Copa del Rey,2024-2025
6f9c93d4,Izán Rodríguez,es ESP,GK,22,1,1,120,1.3,0,0,0,0,0,0,1,0,0.00,0.00,0.00,0.00,0.00,Matches,Copa del Rey,2024-2025
483efb6f,Pepe Bernal,es ESP,MF,31,2,1,103,1.1,0,1,1,0,0,0,0,0,0.00,0.87,0.87,0.00,0.87,Matches,Copa del Rey,2024-2025
0c824c97,Salinas,es ESP,FW,27,2,1,96,1.1,0,0,0,0,0,0,0,0,0.00,0.00,0.00,0.00,0.00,Matches,Copa del Rey,2024-2025
61517fcd,Iván Martínez,es ESP,DF,22,1,1,90,1.0,0,0,0,0,0,0,0,0,0.00,0.00,0.00,0.00,0.00,Matches,Copa del Rey,2024-2025
2a2c1cb3,Diego Nieves,es ESP,GK,25,1,1,90,1.0,0,0,0,0,0,0,1,0,0.00,0.00,0.00,0.00,0.00,Matches,Copa del Rey,2024-2025
ab41e595,Jorge Sarmiento,es ESP,MF,23,2,1,89,1.0,0,0,0,0,0,0,0,0,0.00,0.00,0.00,0.00,0.00,Matches,Copa del Rey,2024-2025
d85fadb5,Viñuela,es ESP,FW,26,1,1,79,0.9,0,0,0,0,0,0,0,0,0.00,0.00,0.00,0.00,0.00,Matches,Copa del Rey,2024-2025
eba75e33,Álvaro García,es ESP,MF,24,1,1,58,0.6,1,0,1,1,0,0,0,0,1.55,0.00,1.55,1.55,1.55,Matches,Copa del Rey,2024-2025
bc519940,Iker San Vicente,es ESP,DF,23,2,0,34,0.4,0,0,0,0,0,0,0,0,0.00,0.00,0.00,0.00,0.00,Matches,Copa del Rey,2024-2025
683d7c00,Marcos Carrillo,es ESP,MF,22,1,0,32,0.4,0,0,0,0,0,0,0,0,0.00,0.00,0.00,0.00,0.00,Matches,Copa del Rey,2024-2025
814ca4c5,Adrián,es ESP,MF,28,1,0,23,0.3,0,0,0,0,0,0,0,0,0.00,0.00,0.00,0.00,0.00,Matches,Copa del Rey,2024-2025
4152785b,Sergio Arévalo,es ESP,DF,22,0,0,,,,,,,,,,,,,,,,Matches,Copa del Rey,2024-2025
e51e7841,Iker Bidauzarraga,,DF,,0,0,,,,,,,,,,,,,,,,Matches,Copa del Rey,2024-2025
eeca85e2,Mario Valiente,,FW,,0,0,,,,,,,,,,,,,,,,Matches,Copa del Rey,2024-2025
a9ab3b32,Pablo Cuñat,es ESP,GK,22,35,35,"3,150",35.0,0,0,0,0,0,0,2,0,0.00,0.00,0.00,0.00,0.00,Matches,Copa del Rey,2024-2025
ba71d071,Pedro Alcalá,es ESP,DF,35,30,29,"2,614",29.0,0,0,0,0,0,0,5,0,0.00,0.00,0.00,0.00,0.00,Matches,Copa del Rey,2024-2025
72b07a9c,Kiko Olivas,es ESP,DF,35,28,27,"2,380",26.4,0,0,0,0,0,0,3,0,0.00,0.00,0.00,0.00,0.00,Matches,Copa del Rey,2024-2025
355c883a,Martin Agirregabiria,es ESP,DF,28,29,26,"2,286",25.4,1,1,2,1,0,0,8,0,0.04,0.04,0.08,0.04,0.08,Matches,Copa del Rey,2024-2025
5296b908,Mini,es ESP,MF,25,35,24,"2,202",24.5,1,0,1,1,0,0,11,0,0.04,0.00,0.04,0.04,0.04,Matches,Copa del Rey,2024-2025
74e0a984,Damián Musto,ar ARG,MF,37,25,24,"1,887",21.0,0,0,0,0,0,0,13,1,0.00,0.00,0.00,0.00,0.00,Matches,Copa del Rey,2024-2025
bdc7dbb0,Andy,es ESP,MF,34,36,23,"2,214",24.6,4,1,5,1,3,3,4,0,0.16,0.04,0.20,0.04,0.08,Matches,Copa del Rey,2024-2025
1f875ef8,Jorge Moreno,es ESP,DF,23,23,21,"1,890",21.0,0,0,0,0,0,0,5,0,0.00,0.00,0.00,0.00,0.00,Matches,Copa del Rey,2024-2025
5a36f180,Dani Escriche,es ESP,"MF,FW",26,36,21,"1,783",19.8,0,3,3,0,0,0,8,0,0.00,0.15,0.15,0.00,0.15,Matches,Copa del Rey,2024-2025
53c2f200,Gastón Valles,uy URU,FW,23,25,20,"1,792",19.9,3,0,3,3,0,0,1,0,0.15,0.00,0.15,0.15,0.15,Matches,Copa del Rey,2024-2025
75b7058f,Nikola Šipčić,me MNE,DF,29,21,19,"1,617",18.0,0,0,0,0,0,0,2,0,0.00,0.00,0.00,0.00,0.00,Matches,Copa del Rey,2024-2025
2ceb58ab,Jairo Izquierdo,es ESP,"MF,DF",30,20,17,"1,401",15.6,1,2,3,1,0,0,2,0,0.06,0.13,0.19,0.06,0.19,Matches,Copa del Rey,2024-2025
83fd9572,Cédric Teguia,es ESP,"MF,FW",22,21,16,"1,360",15.1,2,1,3,2,0,0,1,0,0.13,0.07,0.20,0.13,0.20,Matches,Copa del Rey,2024-2025
b1298ab3,Assane,sn SEN,MF,24,16,15,"1,278",14.2,0,0,0,0,0,0,2,0,0.00,0.00,0.00,0.00,0.00,Matches,Copa del Rey,2024-2025
8cfd90fe,Luis Muñoz,es ESP,"MF,FW",27,20,14,"1,235",13.7,3,2,5,1,2,2,4,0,0.22,0.15,0.36,0.07,0.22,Matches,Copa del Rey,2024-2025
e29d1111,Nacho,es ESP,DF,35,14,14,"1,125",12.5,2,3,5,2,0,0,5,0,0.16,0.24,0.40,0.16,0.40,Matches,Copa del Rey,2024-2025
29ad0dd4,Álex Millán,es ESP,FW,24,19,13,"1,118",12.4,6,0,6,5,1,2,0,0,0.48,0.00,0.48,0.40,0.40,Matches,Copa del Rey,2024-2025
7f72a644,José Antonio Ríos,es ESP,DF,34,17,11,"1,071",11.9,0,1,1,0,0,0,1,0,0.00,0.08,0.08,0.00,0.08,Matches,Copa del Rey,2024-2025
9dfdbdeb,Óscar Clemente,es ESP,MF,25,18,11,"1,032",11.5,0,2,2,0,0,0,0,0,0.00,0.17,0.17,0.00,0.17,Matches,Copa del Rey,2024-2025
eb4fd509,Andrija Vukčević,me MNE,DF,27,23,11,999,11.1,0,0,0,0,0,0,6,0,0.00,0.00,0.00,0.00,0.00,Matches,Copa del Rey,2024-2025
410b16e3,Daniel Luna,co COL,MF,21,17,11,950,10.6,3,1,4,3,0,0,2,0,0.28,0.09,0.38,0.28,0.38,Matches,Copa del Rey,2024-2025
b5077003,Alfredo Ortuño,es ESP,FW,33,35,10,"1,111",12.3,0,0,0,0,0,0,2,0,0.00,0.00,0.00,0.00,0.00,Matches,Copa del Rey,2024-2025
d068118b,Salim El Jebari,ma MAR,"FW,MF",20,16,9,821,9.1,2,2,4,2,0,0,2,0,0.22,0.22,0.44,0.22,0.44,Matches,Copa del Rey,2024-2025
7afb1573,Pepín,gq EQG,MF,27,13,9,648,7.2,1,0,1,1,0,0,4,0,0.14,0.00,0.14,0.14,0.14,Matches,Copa del Rey,2024-2025
70283ec6,Julián Delmás,es ESP,"DF,MF",29,15,6,695,7.7,0,0,0,0,0,0,1,0,0.00,0.00,0.00,0.00,0.00,Matches,Copa del Rey,2024-2025
4a763ba9,Rafael Nuñez,do DOM,"MF,FW",22,14,6,616,6.8,1,1,2,1,0,0,0,0,0.15,0.15,0.29,0.15,0.29,Matches,Copa del Rey,2024-2025
2cfb6e88,Hugo González,es ESP,"MF,FW",21,17,6,607,6.7,0,0,0,0,0,0,0,0,0.00,0.00,0.00,0.00,0.00,Matches,Copa del Rey,2024-2025
33d2c795,Toni Fuidias,es ESP,GK,23,5,5,450,5.0,0,0,0,0,0,0,0,0,0.00,0.00,0.00,0.00,0.00,Matches,Copa del Rey,2024-2025
92333a82,Jesús Hernández,es ESP,DF,20,5,4,345,3.8,0,0,0,0,0,0,3,0,0.00,0.00,0.00,0.00,0.00,Matches,Copa del Rey,2024-2025
23a250d1,Pocho Román,it ITA,MF,20,19,3,567,6.3,2,0,2,2,0,0,3,0,0.32,0.00,0.32,0.32,0.32,Matches,Copa del Rey,2024-2025
b78d5131,Jhafets Reyes,ec ECU,GK,17,2,2,180,2.0,0,0,0,0,0,0,0,0,0.00,0.00,0.00,0.00,0.00,Matches,Copa del Rey,2024-2025
82b05005,Carmelo Sánchez,es ESP,MF,22,5,0,131,1.5,0,0,0,0,0,0,0,0,0.00,0.00,0.00,0.00,0.00,Matches,Copa del Rey,2024-2025
058379c9,Checo,es ESP,DF,19,1,0,25,0.3,0,0,0,0,0,0,0,0,0.00,0.00,0.00,0.00,0.00,Matches,Copa del Rey,2024-2025
360bdcee,Angel Andugar,es ESP,DF,22,0,0,,,,,,,,,,,,,,,,Matches,Copa del Rey,2024-2025
0284f8ea,Nono Gómez,es ESP,GK,19,0,0,,,,,,,,,,,,,,,,Matches,Copa del Rey,2024-2025
61363329,Daniel Manzanares,es ESP,FW,20,0,0,,,,,,,,,,,,,,,,Matches,Copa del Rey,2024-2025
210f5781,Lázaro Rubio,es ESP,DF,20,0,0,,,,,,,,,,,,,,,,Matches,Copa del Rey,2024-2025
ec1a731e,Víctor Chust,es ESP,DF,24,40,38,"3,441",38.2,3,1,4,3,0,0,8,0,0.08,0.03,0.10,0.08,0.10,Matches,Copa del Rey,2024-2025
fea23125,David Gil,es ESP,GK,30,36,36,"3,183",35.4,0,0,0,0,0,0,1,1,0.00,0.00,0.00,0.00,0.00,Matches,Copa del Rey,2024-2025
c4b888df,Isaac Carcelen,es ESP,DF,31,32,29,"2,543",28.3,1,0,1,1,0,0,7,0,0.04,0.00,0.04,0.04,0.04,Matches,Copa del Rey,2024-2025
a83d8b0c,Javier Ontiveros,es ESP,"MF,FW",26,35,28,"2,452",27.2,10,6,16,10,0,1,9,1,0.37,0.22,0.59,0.37,0.59,Matches,Copa del Rey,2024-2025
036bba5f,Rubén Alcaraz,es ESP,MF,33,29,25,"2,122",23.6,3,1,4,1,2,3,10,0,0.13,0.04,0.17,0.04,0.08,Matches,Copa del Rey,2024-2025
c60e0d74,Bojan Kovačević,rs SRB,DF,20,27,24,"2,264",25.2,0,0,0,0,0,0,2,0,0.00,0.00,0.00,0.00,0.00,Matches,Copa del Rey,2024-2025
44e07fac,Chris Ramos,es ESP,FW,27,37,24,"2,227",24.7,10,1,11,9,1,1,1,0,0.40,0.04,0.44,0.36,0.40,Matches,Copa del Rey,2024-2025
19b776e9,Rubén Sobrino,es ESP,"MF,FW",32,39,24,"2,107",23.4,4,0,4,4,0,0,8,0,0.17,0.00,0.17,0.17,0.17,Matches,Copa del Rey,2024-2025
2e3995cd,Brian Ocampo,uy URU,"MF,FW",25,34,22,"1,809",20.1,1,3,4,1,0,0,8,1,0.05,0.15,0.20,0.05,0.20,Matches,Copa del Rey,2024-2025
25bfee29,Mario Climent,es ESP,"DF,MF",22,21,20,"1,728",19.2,3,4,7,3,0,0,1,0,0.16,0.21,0.36,0.16,0.36,Matches,Copa del Rey,2024-2025
19fdd28f,Jose Matos,es ESP,DF,29,27,19,"1,715",19.1,1,2,3,1,0,0,4,1,0.05,0.10,0.16,0.05,0.16,Matches,Copa del Rey,2024-2025
aa677a35,Álex Fernández,es ESP,MF,31,33,19,"1,713",19.0,7,2,9,3,4,4,4,0,0.37,0.11,0.47,0.16,0.26,Matches,Copa del Rey,2024-2025
72a84002,Fali,es ESP,"DF,MF",30,22,19,"1,578",17.5,0,0,0,0,0,0,11,1,0.00,0.00,0.00,0.00,0.00,Matches,Copa del Rey,2024-2025
e08647d6,Carlos Fernández,es ESP,"FW,MF",28,32,18,"1,607",17.9,1,1,2,1,0,0,5,0,0.06,0.06,0.11,0.06,0.11,Matches,Copa del Rey,2024-2025
d925b04e,Moussa Diakité,ml MLI,MF,20,22,17,"1,415",15.7,2,0,2,2,0,0,4,1,0.13,0.00,0.13,0.13,0.13,Matches,Copa del Rey,2024-2025
0ae4e09a,Roger Martí,es ESP,FW,33,22,14,"1,118",12.4,4,3,7,4,0,0,4,0,0.32,0.24,0.56,0.32,0.56,Matches,Copa del Rey,2024-2025
efecd633,Fede San Emeterio,es ESP,MF,27,22,13,"1,177",13.1,0,0,0,0,0,0,7,1,0.00,0.00,0.00,0.00,0.00,Matches,Copa del Rey,2024-2025
5ca20b7a,Joseba Zaldúa,es ESP,DF,32,21,12,"1,060",11.8,0,0,0,0,0,0,4,0,0.00,0.00,0.00,0.00,0.00,Matches,Copa del Rey,2024-2025
62a583ee,José Antonio,es ESP,MF,20,22,10,836,9.3,1,0,1,1,0,0,1,0,0.11,0.00,0.11,0.11,0.11,Matches,Copa del Rey,2024-2025
3f79a1c8,Gonzalo Escalante,ar ARG,MF,31,24,9,971,10.8,1,1,2,1,0,0,2,0,0.09,0.09,0.19,0.09,0.19,Matches,Copa del Rey,2024-2025
3d7e48ce,Iván Alejo,es ESP,"MF,DF",29,18,9,848,9.4,0,2,2,0,0,0,5,0,0.00,0.21,0.21,0.00,0.21,Matches,Copa del Rey,2024-2025
379652be,Óscar Melendo,es ESP,"MF,FW",26,21,8,793,8.8,2,2,4,2,0,0,0,0,0.23,0.23,0.45,0.23,0.45,Matches,Copa del Rey,2024-2025
86a2ba20,Rominigue Kouamé,ml MLI,MF,27,13,8,767,8.5,0,1,1,0,0,0,2,0,0.00,0.12,0.12,0.00,0.12,Matches,Copa del Rey,2024-2025
d919d7f2,Antonio Cristian Glauder García,ph PHI,DF,28,12,7,755,8.4,0,1,1,0,0,0,1,0,0.00,0.12,0.12,0.00,0.12,Matches,Copa del Rey,2024-2025
81a606fc,Churripi,es ESP,GK,30,5,4,414,4.6,0,0,0,0,0,0,1,0,0.00,0.00,0.00,0.00,0.00,Matches,Copa del Rey,2024-2025
84b7090a,Iker Recio,es ESP,DF,23,3,3,270,3.0,0,0,0,0,0,0,1,0,0.00,0.00,0.00,0.00,0.00,Matches,Copa del Rey,2024-2025
7378ea1b,Victor Wehbi,br BRA,GK,21,2,2,180,2.0,0,0,0,0,0,0,0,0,0.00,0.00,0.00,0.00,0.00,Matches,Copa del Rey,2024-2025
dfe5caa2,Francisco Mwepu,zm ZAM,FW,24,9,1,205,2.3,1,0,1,1,0,0,0,0,0.44,0.00,0.44,0.44,0.44,Matches,Copa del Rey,2024-2025
99ea2ddd,Tomás Alarcón,cl CHI,"DF,MF",25,3,0,85,0.9,0,0,0,0,0,0,1,0,0.00,0.00,0.00,0.00,0.00,Matches,Copa del Rey,2024-2025
8c6d0e32,Borja Vázquez,es ESP,FW,19,1,0,17,0.2,0,0,0,0,0,0,0,0,0.00,0.00,0.00,0.00,0.00,Matches,Copa del Rey,2024-2025
b415e88e,Ismael Álvarez,es ESP,FW,16,1,0,4,0.0,0,0,0,0,0,0,0,0,0.00,0.00,0.00,0.00,0.00,Matches,Copa del Rey,2024-2025
f0f499ea,Karl Etta Eyong,cm CMR,FW,20,1,0,3,0.0,0,0,0,0,0,0,0,0,0.00,0.00,0.00,0.00,0.00,Matches,Copa del Rey,2024-2025
335bd531,Samu Almagro,es ESP,DF,18,0,0,,,,,,,,,,,,,,,,Matches,Copa del Rey,2024-2025
d414facd,Pablo Barea,es ESP,DF,19,0,0,,,,,,,,,,,,,,,,Matches,Copa del Rey,2024-2025
42a028c5,Álvaro Bastida,es ESP,MF,20,0,0,,,,,,,,,,,,,,,,Matches,Copa del Rey,2024-2025
120ae3b6,Julio Cabrera,es ESP,DF,20,0,0,,,,,,,,,,,,,,,,Matches,Copa del Rey,2024-2025
75190f28,Peter Chikola,zm ZAM,FW,21,0,0,,,,,,,,,,,,,,,,Matches,Copa del Rey,2024-2025
6ed694ec,Marcos Denia,es ESP,FW,20,0,0,,,,,,,,,,,,,,,,Matches,Copa del Rey,2024-2025
dc455b6c,Juan Díaz,es ESP,DF,18,0,0,,,,,,,,,,,,,,,,Matches,Copa del Rey,2024-2025
01bc7456,Rubén Domínguez,es ESP,,37,0,0,,,,,,,,,,,,,,,,Matches,Copa del Rey,2024-2025
01251d17,Luis Morales,es ESP,FW,19,0,0,,,,,,,,,,,,,,,,Matches,Copa del Rey,2024-2025
0d890724,Ángel Pérez,es ESP,GK,19,0,0,,,,,,,,,,,,,,,,Matches,Copa del Rey,2024-2025
1d4f35c7,Marco Viciana,es ESP,DF,19,0,0,,,,,,,,,,,,,,,,Matches,Copa del Rey,2024-2025
4c06204f,Hugo Bautista,es ESP,"MF,DF",21,3,3,270,3.0,0,0,0,0,0,0,1,0,0.00,0.00,0.00,0.00,0.00,Matches,Copa del Rey,2024-2025
c001c7e7,Israel,es ESP,DF,26,3,3,270,3.0,0,0,0,0,0,0,1,0,0.00,0.00,0.00,0.00,0.00,Matches,Copa del Rey,2024-2025
5b32f041,Dani Santigosa,es ESP,DF,30,3,3,270,3.0,0,0,0,0,0,0,0,0,0.00,0.00,0.00,0.00,0.00,Matches,Copa del Rey,2024-2025
f6f1f905,Sito,es ESP,"MF,DF",26,3,3,270,3.0,4,0,4,2,2,2,0,0,1.33,0.00,1.33,0.67,0.67,Matches,Copa del Rey,2024-2025
b4f1e2bb,Arnau Fàbrega,es ESP,GK,24,3,3,265,2.9,0,0,0,0,0,0,0,0,0.00,0.00,0.00,0.00,0.00,Matches,Copa del Rey,2024-2025
dd6990fd,Óscar Font,es ESP,DF,30,3,3,249,2.8,0,0,0,0,0,0,0,0,0.00,0.00,0.00,0.00,0.00,Matches,Copa del Rey,2024-2025
7518f912,Javier López,es ESP,MF,25,3,3,243,2.7,0,0,0,0,0,0,0,0,0.00,0.00,0.00,0.00,0.00,Matches,Copa del Rey,2024-2025
beb625b5,Albin,es ESP,MF,22,3,3,229,2.5,0,0,0,0,0,0,0,0,0.00,0.00,0.00,0.00,0.00,Matches,Copa del Rey,2024-2025
fc18cb89,Jaime Ara,es ESP,MF,26,3,3,224,2.5,0,1,1,0,0,0,0,0,0.00,0.40,0.40,0.00,0.40,Matches,Copa del Rey,2024-2025
b40d435c,Marc Prat,es ESP,FW,23,3,2,175,1.9,0,0,0,0,0,0,0,0,0.00,0.00,0.00,0.00,0.00,Matches,Copa del Rey,2024-2025
5864054a,El Haddaddi,es ESP,"MF,FW",27,2,2,114,1.3,0,0,0,0,0,0,0,0,0.00,0.00,0.00,0.00,0.00,Matches,Copa del Rey,2024-2025
b7323222,Guille,es ESP,FW,27,3,1,138,1.5,0,0,0,0,0,0,1,0,0.00,0.00,0.00,0.00,0.00,Matches,Copa del Rey,2024-2025
1ea05073,De Mesa,es ESP,FW,33,2,1,87,1.0,2,0,2,2,0,0,0,0,2.07,0.00,2.07,2.07,2.07,Matches,Copa del Rey,2024-2025
64aa5feb,Gastón Iñigo,,DF,,3,0,68,0.8,0,0,0,0,0,0,0,0,0.00,0.00,0.00,0.00,0.00,Matches,Copa del Rey,2024-2025
64f4a2dd,Aldair Ruiz,cu CUB,FW,26,1,0,30,0.3,0,0,0,0,0,0,0,0,0.00,0.00,0.00,0.00,0.00,Matches,Copa del Rey,2024-2025
82a0c619,Jurgi Oteo,es ESP,FW,27,2,0,26,0.3,0,0,0,0,0,0,0,0,0.00,0.00,0.00,0.00,0.00,Matches,Copa del Rey,2024-2025
7ee2471f,Manuel Castillo,es ESP,DF,26,2,0,23,0.3,0,0,0,0,0,0,0,0,0.00,0.00,0.00,0.00,0.00,Matches,Copa del Rey,2024-2025
2fcc43e6,Ángel Rueda,es ESP,DF,21,1,0,14,0.2,0,0,0,0,0,0,0,0,0.00,0.00,0.00,0.00,0.00,Matches,Copa del Rey,2024-2025
d97e276a,Víctor Méndez,es ESP,GK,24,1,0,5,0.1,0,0,0,0,0,0,0,0,0.00,0.00,0.00,0.00,0.00,Matches,Copa del Rey,2024-2025
24b38880,José Damián,es ESP,DF,21,0,0,,,,,,,,,,,,,,,,Matches,Copa del Rey,2024-2025
3048d64e,Agustín,es ESP,MF,31,1,1,90,1.0,0,0,0,0,0,0,0,0,0.00,0.00,0.00,0.00,0.00,Matches,Copa del Rey,2024-2025
91884ab8,Antonio Benítez,es ESP,DF,32,1,1,90,1.0,0,0,0,0,0,0,0,0,0.00,0.00,0.00,0.00,0.00,Matches,Copa del Rey,2024-2025
ed5519cf,Samuel Fernández,es ESP,DF,36,1,1,90,1.0,0,0,0,0,0,0,0,0,0.00,0.00,0.00,0.00,0.00,Matches,Copa del Rey,2024-2025
532c7e96,Jaime León,es ESP,DF,24,1,1,90,1.0,0,0,0,0,0,0,0,0,0.00,0.00,0.00,0.00,0.00,Matches,Copa del Rey,2024-2025
50b819b4,David Montero,,DF,,1,1,90,1.0,0,0,0,0,0,0,0,0,0.00,0.00,0.00,0.00,0.00,Matches,Copa del Rey,2024-2025
8d9a9079,Enrique Reguero Cotrina,es ESP,GK,37,1,1,90,1.0,0,0,0,0,0,0,0,0,0.00,0.00,0.00,0.00,0.00,Matches,Copa del Rey,2024-2025
798bfadb,Dani Guerrero,es ESP,FW,28,1,1,74,0.8,0,0,0,0,0,0,0,0,0.00,0.00,0.00,0.00,0.00,Matches,Copa del Rey,2024-2025
6768b564,Sergio,es ESP,MF,24,1,1,74,0.8,0,0,0,0,0,0,0,0,0.00,0.00,0.00,0.00,0.00,Matches,Copa del Rey,2024-2025
02edbdb8,José Miguel,es ESP,MF,35,1,1,67,0.7,0,0,0,0,0,0,0,0,0.00,0.00,0.00,0.00,0.00,Matches,Copa del Rey,2024-2025
5e7d0315,Juanito,es ESP,MF,37,1,1,58,0.6,0,0,0,0,0,0,1,0,0.00,0.00,0.00,0.00,0.00,Matches,Copa del Rey,2024-2025
5c2e135c,Mawi,es ESP,MF,31,1,1,57,0.6,0,0,0,0,0,0,0,0,0.00,0.00,0.00,0.00,0.00,Matches,Copa del Rey,2024-2025
7f3916af,Popi,es ESP,FW,23,1,0,33,0.4,0,0,0,0,0,0,0,0,0.00,0.00,0.00,0.00,0.00,Matches,Copa del Rey,2024-2025
22797b58,Cristian Pecci Macías,es ESP,DF,36,1,0,32,0.4,0,0,0,0,0,0,0,0,0.00,0.00,0.00,0.00,0.00,Matches,Copa del Rey,2024-2025
cfc8192b,Alberto Ramos,es ESP,MF,24,1,0,23,0.3,0,0,0,0,0,0,0,0,0.00,0.00,0.00,0.00,0.00,Matches,Copa del Rey,2024-2025
3512de57,Rafa Natera,es ESP,FW,21,1,0,16,0.2,0,0,0,0,0,0,0,0,0.00,0.00,0.00,0.00,0.00,Matches,Copa del Rey,2024-2025
9710c9f1,Adrián Pascual,es ESP,FW,26,1,0,16,0.2,0,0,0,0,0,0,0,0,0.00,0.00,0.00,0.00,0.00,Matches,Copa del Rey,2024-2025
bd69a524,Jesús Flores,es ESP,DF,18,0,0,,,,,,,,,,,,,,,,Matches,Copa del Rey,2024-2025
e9aa97f3,Diego Manzorro,,FW,,0,0,,,,,,,,,,,,,,,,Matches,Copa del Rey,2024-2025
cca3769a,Alex Montesinos,,DF,,0,0,,,,,,,,,,,,,,,,Matches,Copa del Rey,2024-2025
3f4701a0,Francisco Morales,es ESP,GK,24,0,0,,,,,,,,,,,,,,,,Matches,Copa del Rey,2024-2025
23bce2ec,Raúl Sánchez,es ESP,DF,26,0,0,,,,,,,,,,,,,,,,Matches,Copa del Rey,2024-2025
96553f88,Antonio Tocino,es ESP,MF,20,0,0,,,,,,,,,,,,,,,,Matches,Copa del Rey,2024-2025
