PlayerID,Name,nationality,position,age,games,games_starts,minutes,minutes_90s,goals,assists,goals_assists,goals_pens,pens_made,pens_att,cards_yellow,cards_red,goals_per90,assists_per90,goals_assists_per90,goals_pens_per90,goals_assists_pens_per90,matches,League,Season
98a4ff8b,Axel Frugone,uy URU,DF,21-008,10,10,898,10.0,0,0,0,0,0,0,4,0,0.00,0.00,0.00,0.00,0.00,Matches,Copa CONMEBOL Sudamericana,2026
e809b44b,Lucas Agazzi,uy URU,MF,20-342,10,10,888,9.9,0,3,3,0,0,0,0,0,0.00,0.30,0.30,0.00,0.30,Matches,Copa CONMEBOL Sudamericana,2026
a1b1bc28,Brian Montenegro,py PAR,"FW,MF",32-303,9,9,806,9.0,4,0,4,4,0,1,0,0,0.45,0.00,0.45,0.45,0.45,Matches,Copa CONMEBOL Sudamericana,2026
cac921e2,Mauricio Amaro,uy URU,MF,20-264,9,9,804,8.9,0,0,0,0,0,0,5,0,0.00,0.00,0.00,0.00,0.00,Matches,Copa CONMEBOL Sudamericana,2026
c126a817,Kevin Dawson,uy URU,GK,34-060,9,9,750,8.3,0,0,0,0,0,0,0,0,0.00,0.00,0.00,0.00,0.00,Matches,Copa CONMEBOL Sudamericana,2026
1ac629b0,Guillermo de los Santos,uy URU,DF,35-053,8,8,662,7.4,0,0,0,0,0,0,1,0,0.00,0.00,0.00,0.00,0.00,Matches,Copa CONMEBOL Sudamericana,2026
9e1943d7,Alexander Machado,uy URU,FW,23-316,10,8,640,7.1,1,1,2,1,0,0,1,0,0.14,0.14,0.28,0.14,0.28,Matches,Copa CONMEBOL Sudamericana,2026
f3865cca,Mateo Caballero,uy URU,DF,18-226,8,5,487,5.4,0,0,0,0,0,0,1,0,0.00,0.00,0.00,0.00,0.00,Matches,Copa CONMEBOL Sudamericana,2026
1b386012,Germán Barrios,uy URU,MF,22-073,6,5,460,5.1,0,0,0,0,0,0,1,0,0.00,0.00,0.00,0.00,0.00,Matches,Copa CONMEBOL Sudamericana,2026
75766362,Nicolás Wunsch,uy URU,MF,22-299,9,5,446,5.0,0,1,1,0,0,0,0,0,0.00,0.20,0.20,0.00,0.20,Matches,Copa CONMEBOL Sudamericana,2026
a7a39276,Alan Torterolo,uy URU,FW,18-096,9,5,428,4.8,0,0,0,0,0,0,3,0,0.00,0.00,0.00,0.00,0.00,Matches,Copa CONMEBOL Sudamericana,2026
785f4439,Lucas de los Santos,uy URU,MF,24-257,6,5,420,4.7,0,0,0,0,0,0,1,0,0.00,0.00,0.00,0.00,0.00,Matches,Copa CONMEBOL Sudamericana,2026
03fa8b66,Xavier Biscayzacú,mx MEX,MF,21-012,6,5,368,4.1,1,0,1,1,0,0,1,0,0.24,0.00,0.24,0.24,0.24,Matches,Copa CONMEBOL Sudamericana,2026
91b8e2e1,Facundo Castro,uy URU,"FW,MF",31-077,6,4,328,3.6,1,1,2,1,0,0,0,0,0.27,0.27,0.55,0.27,0.55,Matches,Copa CONMEBOL Sudamericana,2026
38e36bc9,Francisco Sorondo,uy URU,DF,17-238,5,3,388,4.3,0,0,0,0,0,0,0,0,0.00,0.00,0.00,0.00,0.00,Matches,Copa CONMEBOL Sudamericana,2026
ffc3c92e,Juan Jorge,uy URU,MF,21-352,4,3,214,2.4,0,0,0,0,0,0,2,0,0.00,0.00,0.00,0.00,0.00,Matches,Copa CONMEBOL Sudamericana,2026
de9dd5be,Juan Pablo Goicochea,pe PER,FW,21-087,3,2,124,1.4,0,0,0,0,0,0,2,1,0.00,0.00,0.00,0.00,0.00,Matches,Copa CONMEBOL Sudamericana,2026
ccb1a048,Erico Cuello,uy URU,MF,20-319,5,1,134,1.5,0,0,0,0,0,0,1,0,0.00,0.00,0.00,0.00,0.00,Matches,Copa CONMEBOL Sudamericana,2026
ea3e6b8b,Lucas Machado,uy URU,GK,27-364,1,1,90,1.0,0,0,0,0,0,0,0,0,0.00,0.00,0.00,0.00,0.00,Matches,Copa CONMEBOL Sudamericana,2026
ec97db61,Lautaro Navarro,uy URU,FW,18-058,4,1,85,0.9,0,0,0,0,0,0,1,0,0.00,0.00,0.00,0.00,0.00,Matches,Copa CONMEBOL Sudamericana,2026
7bbadcd7,Nicolás Medina,ar ARG,MF,23-035,2,1,79,0.9,0,0,0,0,0,0,1,0,0.00,0.00,0.00,0.00,0.00,Matches,Copa CONMEBOL Sudamericana,2026
94d3350f,Marco Saravia,pe PER,DF,27-062,1,1,31,0.3,0,0,0,0,0,0,0,0,0.00,0.00,0.00,0.00,0.00,Matches,Copa CONMEBOL Sudamericana,2026
f3381616,Brian Lozano,uy URU,MF,32-045,7,0,177,2.0,0,0,0,0,0,0,1,0,0.00,0.00,0.00,0.00,0.00,Matches,Copa CONMEBOL Sudamericana,2026
42fde7fb,Santino Bruschi,uy URU,MF,20-047,4,0,57,0.6,0,0,0,0,0,0,1,0,0.00,0.00,0.00,0.00,0.00,Matches,Copa CONMEBOL Sudamericana,2026
bc14f35f,Valentín Rodríguez,uy URU,DF,24-300,3,0,49,0.5,0,0,0,0,0,0,1,0,0.00,0.00,0.00,0.00,0.00,Matches,Copa CONMEBOL Sudamericana,2026
963e6759,Geanfranco Rodríguez,uy URU,MF,19-249,3,0,29,0.3,0,0,0,0,0,0,0,0,0.00,0.00,0.00,0.00,0.00,Matches,Copa CONMEBOL Sudamericana,2026
e3f6e636,Diego Abella,uy URU,MF,18-231,0,0,,,,,,,,,,,,,,,,Matches,Copa CONMEBOL Sudamericana,2026
25392b5c,Daniel Martínez,uy URU,DF,19-096,0,0,,,,,,,,,,,,,,,,Matches,Copa CONMEBOL Sudamericana,2026
34300f95,Bruno Simone,uy URU,GK,21-286,0,0,,,,,,,,,,,,,,,,Matches,Copa CONMEBOL Sudamericana,2026
01e85f52,Horacio Benincasa,pe PER,DF,31-363,9,9,810,9.0,0,0,0,0,0,0,2,0,0.00,0.00,0.00,0.00,0.00,Matches,Copa CONMEBOL Sudamericana,2026
823ef460,Agustín Gómez,ar ARG,DF,29-224,9,9,810,9.0,0,0,0,0,0,0,1,0,0.00,0.00,0.00,0.00,0.00,Matches,Copa CONMEBOL Sudamericana,2026
708bb670,Orlando Núñez,pe PER,DF,26-083,9,9,810,9.0,0,0,0,0,0,0,2,0,0.00,0.00,0.00,0.00,0.00,Matches,Copa CONMEBOL Sudamericana,2026
f47c1ed4,Patrick Zubczuk,pe PER,GK,31-047,9,9,810,9.0,0,0,0,0,0,0,0,0,0.00,0.00,0.00,0.00,0.00,Matches,Copa CONMEBOL Sudamericana,2026
e78cff74,Agustín González Pereira,uy URU,MF,29-074,8,8,675,7.5,0,1,1,0,0,0,2,0,0.00,0.13,0.13,0.00,0.13,Matches,Copa CONMEBOL Sudamericana,2026
6eeefe55,Miguel Graneros,ar ARG,FW,29-346,9,8,656,7.3,0,1,1,0,0,0,0,0,0.00,0.14,0.14,0.00,0.14,Matches,Copa CONMEBOL Sudamericana,2026
0867ab52,Francisco Arancibia,cl CHI,"MF,FW",29-148,9,8,589,6.5,2,0,2,2,0,0,2,0,0.31,0.00,0.31,0.31,0.31,Matches,Copa CONMEBOL Sudamericana,2026
79d00979,Carlos Ramos,ve VEN,MF,26-318,9,7,662,7.4,0,1,1,0,0,0,1,0,0.00,0.14,0.14,0.00,0.14,Matches,Copa CONMEBOL Sudamericana,2026
e72d30cf,Erick Canales,pe PER,DF,24-306,7,7,549,6.1,0,0,0,0,0,0,3,1,0.00,0.00,0.00,0.00,0.00,Matches,Copa CONMEBOL Sudamericana,2026
8184304e,Beto da Silva,pe PER,"MF,FW",29-102,9,6,537,6.0,3,2,5,2,1,1,3,0,0.50,0.34,0.84,0.34,0.67,Matches,Copa CONMEBOL Sudamericana,2026
08dfb765,Claudio Torrejón,pe PER,MF,32-330,5,5,450,5.0,0,0,0,0,0,0,1,0,0.00,0.00,0.00,0.00,0.00,Matches,Copa CONMEBOL Sudamericana,2026
41bddc56,José Luis Sinisterra,co COL,MF,27-260,9,5,392,4.4,0,0,0,0,0,0,1,0,0.00,0.00,0.00,0.00,0.00,Matches,Copa CONMEBOL Sudamericana,2026
07c47a45,Kevin Sandoval,pe PER,MF,28-341,8,3,362,4.0,0,1,1,0,0,0,1,0,0.00,0.25,0.25,0.00,0.25,Matches,Copa CONMEBOL Sudamericana,2026
40773aa4,Aldair Salazar,pe PER,DF,31-233,5,2,250,2.8,2,0,2,2,0,0,2,0,0.72,0.00,0.72,0.72,0.72,Matches,Copa CONMEBOL Sudamericana,2026
1acb00f5,Adrián Ascues,pe PER,MF,23-145,6,2,215,2.4,1,1,2,1,0,0,0,0,0.42,0.42,0.84,0.42,0.84,Matches,Copa CONMEBOL Sudamericana,2026
1c0554ad,Christopher Olivares,pe PER,FW,27-006,7,1,133,1.5,0,0,0,0,0,0,0,0,0.00,0.00,0.00,0.00,0.00,Matches,Copa CONMEBOL Sudamericana,2026
f7e1e683,Xavi Moreno,pe PER,MF,22-239,2,1,82,0.9,0,0,0,0,0,0,1,0,0.00,0.00,0.00,0.00,0.00,Matches,Copa CONMEBOL Sudamericana,2026
6ebebae4,Jefferson Portales,pe PER,DF,28-131,2,0,22,0.2,0,0,0,0,0,0,0,0,0.00,0.00,0.00,0.00,0.00,Matches,Copa CONMEBOL Sudamericana,2026
7152815d,Inti Garrafa,pe PER,MF,30-211,1,0,21,0.2,0,0,0,0,0,0,1,0,0.00,0.00,0.00,0.00,0.00,Matches,Copa CONMEBOL Sudamericana,2026
03d6043d,Sharif Ramírez,pe PER,FW,23-027,1,0,11,0.1,1,0,1,1,0,0,0,0,8.18,0.00,8.18,8.18,8.18,Matches,Copa CONMEBOL Sudamericana,2026
eca245d5,Samir Villacorta,pe PER,DF,21-239,1,0,2,0.0,0,0,0,0,0,0,0,0,0.00,0.00,0.00,0.00,0.00,Matches,Copa CONMEBOL Sudamericana,2026
1afb4a1c,Juniors Barbieri,pe PER,GK,30-079,0,0,,,,,,,,,,,,,,,,Matches,Copa CONMEBOL Sudamericana,2026
65771967,Paulo Rodríguez,pe PER,FW,23-023,0,0,,,,,,,,,,,,,,,,Matches,Copa CONMEBOL Sudamericana,2026
18c697e8,Gabriel Brazão,br BRA,GK,25-186,10,10,900,10.0,0,0,0,0,0,0,2,0,0.00,0.00,0.00,0.00,0.00,Matches,Copa CONMEBOL Sudamericana,2026
a5549ec1,Luan Peres Petroni,br BRA,DF,31-264,9,9,789,8.8,0,0,0,0,0,0,2,1,0.00,0.00,0.00,0.00,0.00,Matches,Copa CONMEBOL Sudamericana,2026
ec95088d,Igor Vinícius de Souza,br BRA,DF,29-008,7,7,630,7.0,0,1,1,0,0,0,2,0,0.00,0.14,0.14,0.00,0.14,Matches,Copa CONMEBOL Sudamericana,2026
bffd5e50,Rony,br BRA,"MF,FW",30-333,8,7,610,6.8,0,0,0,0,0,0,3,0,0.00,0.00,0.00,0.00,0.00,Matches,Copa CONMEBOL Sudamericana,2026
ffca53e1,Álvaro Barreal,ar ARG,MF,25-235,10,6,607,6.7,1,0,1,1,0,0,3,0,0.15,0.00,0.15,0.15,0.15,Matches,Copa CONMEBOL Sudamericana,2026
139113e4,Thaciano,br BRA,"FW,MF",30-332,8,5,467,5.2,2,0,2,2,0,0,1,0,0.39,0.00,0.39,0.39,0.39,Matches,Copa CONMEBOL Sudamericana,2026
d3b888e3,Christian Oliva,uy URU,MF,29-312,6,5,432,4.8,0,1,1,0,0,0,0,0,0.00,0.21,0.21,0.00,0.21,Matches,Copa CONMEBOL Sudamericana,2026
12207ec1,Gonzalo Escobar,ar ARG,DF,29-024,5,5,417,4.6,0,1,1,0,0,0,2,0,0.00,0.22,0.22,0.00,0.22,Matches,Copa CONMEBOL Sudamericana,2026
1b2f1090,Adonis Frías,ar ARG,DF,28-023,5,5,405,4.5,0,0,0,0,0,0,1,0,0.00,0.00,0.00,0.00,0.00,Matches,Copa CONMEBOL Sudamericana,2026
3f384407,Gabriel Bontempo,br BRA,MF,21-083,8,5,395,4.4,0,0,0,0,0,0,2,0,0.00,0.00,0.00,0.00,0.00,Matches,Copa CONMEBOL Sudamericana,2026
01819e70,Gabriel Menino,br BRA,MF,25-192,8,4,428,4.8,1,0,1,1,0,0,2,0,0.21,0.00,0.21,0.21,0.21,Matches,Copa CONMEBOL Sudamericana,2026
72d0e1b6,Gabriel Barbosa,br BRA,FW,29-222,5,4,360,4.0,3,0,3,2,1,1,1,0,0.75,0.00,0.75,0.50,0.50,Matches,Copa CONMEBOL Sudamericana,2026
5b6e7010,Zé Ivaldo,br BRA,DF,29-047,5,4,358,4.0,0,0,0,0,0,0,1,0,0.00,0.00,0.00,0.00,0.00,Matches,Copa CONMEBOL Sudamericana,2026
69384e5d,Neymar,br BRA,"MF,FW",34-063,4,4,358,4.0,3,2,5,2,1,1,3,0,0.75,0.50,1.26,0.50,1.01,Matches,Copa CONMEBOL Sudamericana,2026
3630db1a,João Schmidt,br BRA,MF,32-325,7,4,354,3.9,0,0,0,0,0,0,2,0,0.00,0.00,0.00,0.00,0.00,Matches,Copa CONMEBOL Sudamericana,2026
c7771fd8,Vinicius Lira,br BRA,DF,18-179,5,4,353,3.9,0,0,0,0,0,0,1,0,0.00,0.00,0.00,0.00,0.00,Matches,Copa CONMEBOL Sudamericana,2026
0d51aa96,Gustavo Henrique,br BRA,MF,21-002,4,4,321,3.6,0,0,0,0,0,0,2,0,0.00,0.00,0.00,0.00,0.00,Matches,Copa CONMEBOL Sudamericana,2026
5eaf85b5,Lucas Veríssimo,br BRA,DF,30-281,3,3,270,3.0,0,0,0,0,0,0,0,0,0.00,0.00,0.00,0.00,0.00,Matches,Copa CONMEBOL Sudamericana,2026
f47a530a,Willian Arão,br BRA,MF,33-127,6,3,264,2.9,0,0,0,0,0,0,0,0,0.00,0.00,0.00,0.00,0.00,Matches,Copa CONMEBOL Sudamericana,2026
d66ed604,Miguel Terceros,bo BOL,"FW,MF",21-349,4,3,216,2.4,0,0,0,0,0,0,0,0,0.00,0.00,0.00,0.00,0.00,Matches,Copa CONMEBOL Sudamericana,2026
ddd07a25,Moises,br BRA,MF,29-219,6,2,223,2.5,1,1,2,1,0,0,0,0,0.40,0.40,0.81,0.40,0.81,Matches,Copa CONMEBOL Sudamericana,2026
28b89ba7,Lautaro Díaz,ar ARG,FW,27-323,4,2,172,1.9,1,0,1,1,0,0,0,0,0.52,0.00,0.52,0.52,0.52,Matches,Copa CONMEBOL Sudamericana,2026
634b1413,Zé Rafael,br BRA,MF,32-297,4,2,160,1.8,1,1,2,1,0,0,1,0,0.56,0.56,1.13,0.56,1.13,Matches,Copa CONMEBOL Sudamericana,2026
a9f8c8c2,Alexis Duarte,py PAR,DF,26-028,1,1,90,1.0,0,0,0,0,0,0,1,0,0.00,0.00,0.00,0.00,0.00,Matches,Copa CONMEBOL Sudamericana,2026
47431289,Mayke,br BRA,DF,33-150,1,1,90,1.0,0,0,0,0,0,0,0,0,0.00,0.00,0.00,0.00,0.00,Matches,Copa CONMEBOL Sudamericana,2026
90a38ca7,Gustavo Caballero,py PAR,FW,24-200,1,1,45,0.5,0,0,0,0,0,0,0,0,0.00,0.00,0.00,0.00,0.00,Matches,Copa CONMEBOL Sudamericana,2026
e8c4a824,Benjamín Rollheiser,ar ARG,"FW,MF",26-016,8,0,97,1.1,0,0,0,0,0,0,1,0,0.00,0.00,0.00,0.00,0.00,Matches,Copa CONMEBOL Sudamericana,2026
86c79c42,João Othavio Basso,br BRA,DF,29-086,2,0,47,0.5,0,0,0,0,0,0,0,0,0.00,0.00,0.00,0.00,0.00,Matches,Copa CONMEBOL Sudamericana,2026
5042b172,Robinho Junior,br BRA,MF,18-113,2,0,14,0.2,0,0,0,0,0,0,0,0,0.00,0.00,0.00,0.00,0.00,Matches,Copa CONMEBOL Sudamericana,2026
a471bfdf,Fernando Pradella,br BRA,FW,17-280,1,0,14,0.2,0,0,0,0,0,0,0,0,0.00,0.00,0.00,0.00,0.00,Matches,Copa CONMEBOL Sudamericana,2026
f1cfc209,Tomás Rincón,ve VEN,MF,38-086,1,0,10,0.1,0,0,0,0,0,0,1,0,0.00,0.00,0.00,0.00,0.00,Matches,Copa CONMEBOL Sudamericana,2026
91c13988,João Ananias,br BRA,DF,19-056,0,0,,,,,,,,,,,,,,,,Matches,Copa CONMEBOL Sudamericana,2026
858e2e40,Diogenes,br BRA,GK,25-093,0,0,,,,,,,,,,,,,,,,Matches,Copa CONMEBOL Sudamericana,2026
464456f9,Rodrigo Falcão,br BRA,GK,21-017,0,0,,,,,,,,,,,,,,,,Matches,Copa CONMEBOL Sudamericana,2026
fdc4897c,Rafael Gonzaga,br BRA,DF,18-061,0,0,,,,,,,,,,,,,,,,Matches,Copa CONMEBOL Sudamericana,2026
e987e031,João Pedro Chermont,br BRA,DF,20-081,0,0,,,,,,,,,,,,,,,,Matches,Copa CONMEBOL Sudamericana,2026
4d982baf,Tiquinho Soares,br BRA,FW,35-082,0,0,,,,,,,,,,,,,,,,Matches,Copa CONMEBOL Sudamericana,2026
55cc2965,Mateus Xavier,br BRA,MF,18-284,0,0,,,,,,,,,,,,,,,,Matches,Copa CONMEBOL Sudamericana,2026
0a7c2b06,Facundo Cambeses,ar ARG,GK,29-000,12,12,"1,080",12.0,0,0,0,0,0,0,1,0,0.00,0.00,0.00,0.00,0.00,Matches,Copa CONMEBOL Sudamericana,2026
f080dd22,Santiago Sosa,ar ARG,MF,26-341,12,12,"1,080",12.0,0,1,1,0,0,0,3,0,0.00,0.08,0.08,0.00,0.08,Matches,Copa CONMEBOL Sudamericana,2026
79ad7358,Gabriel Rojas,ar ARG,DF,28-291,11,11,990,11.0,1,3,4,1,0,0,2,0,0.09,0.27,0.36,0.09,0.36,Matches,Copa CONMEBOL Sudamericana,2026
5099e15e,Santiago Solari,ar ARG,"FW,MF",28-080,12,11,946,10.5,2,2,4,2,0,0,3,0,0.19,0.19,0.38,0.19,0.38,Matches,Copa CONMEBOL Sudamericana,2026
134bd6e4,Ezequiel Cannavo,ar ARG,DF,23-301,9,9,810,9.0,0,0,0,0,0,0,1,0,0.00,0.00,0.00,0.00,0.00,Matches,Copa CONMEBOL Sudamericana,2026
28c96f20,Marco Di Cesare,ar ARG,DF,24-069,10,9,798,8.9,2,0,2,2,0,0,6,1,0.23,0.00,0.23,0.23,0.23,Matches,Copa CONMEBOL Sudamericana,2026
6c513f98,Adrián Martínez,ar ARG,FW,33-276,10,9,792,8.8,4,0,4,3,1,2,3,0,0.45,0.00,0.45,0.34,0.34,Matches,Copa CONMEBOL Sudamericana,2026
74b76abc,Matko Miljevic,us USA,MF,24-335,10,8,547,6.1,0,0,0,0,0,0,5,1,0.00,0.00,0.00,0.00,0.00,Matches,Copa CONMEBOL Sudamericana,2026
f61143dd,Tomás Conechny,ar ARG,"FW,MF",28-010,12,5,590,6.6,3,2,5,3,0,0,2,0,0.46,0.31,0.76,0.46,0.76,Matches,Copa CONMEBOL Sudamericana,2026
f07e11d8,Adrián Fernández,ar ARG,"MF,FW",24-324,9,5,482,5.4,1,1,2,1,0,0,1,0,0.19,0.19,0.37,0.19,0.37,Matches,Copa CONMEBOL Sudamericana,2026
e0991c04,Marcos Rojo,ar ARG,DF,36-020,6,5,380,4.2,0,0,0,0,0,0,1,0,0.00,0.00,0.00,0.00,0.00,Matches,Copa CONMEBOL Sudamericana,2026
de16bb25,Franco Pardo,ar ARG,DF,29-004,9,4,472,5.2,0,0,0,0,0,0,2,0,0.00,0.00,0.00,0.00,0.00,Matches,Copa CONMEBOL Sudamericana,2026
3ae8029b,Baltasar Rodríguez,ar ARG,MF,22-274,8,4,367,4.1,0,1,1,0,0,0,2,0,0.00,0.25,0.25,0.00,0.25,Matches,Copa CONMEBOL Sudamericana,2026
7faaf973,Duván Vergara,co COL,"FW,MF",29-212,9,4,346,3.8,2,0,2,2,0,0,2,0,0.52,0.00,0.52,0.52,0.52,Matches,Copa CONMEBOL Sudamericana,2026
84c478aa,Agustín García Basso,ar ARG,DF,34-014,5,4,333,3.7,0,0,0,0,0,0,2,0,0.00,0.00,0.00,0.00,0.00,Matches,Copa CONMEBOL Sudamericana,2026
8127de9b,Nazareno Colombo,ar ARG,DF,27-020,7,4,328,3.6,0,0,0,0,0,0,1,0,0.00,0.00,0.00,0.00,0.00,Matches,Copa CONMEBOL Sudamericana,2026
803d5265,Federico Zaracho,ar ARG,MF,28-030,10,3,354,3.9,0,0,0,0,0,0,1,0,0.00,0.00,0.00,0.00,0.00,Matches,Copa CONMEBOL Sudamericana,2026
17cddb4d,Bruno Zuculini,ar ARG,MF,33-007,10,3,336,3.7,0,1,1,0,0,0,1,0,0.00,0.27,0.27,0.00,0.27,Matches,Copa CONMEBOL Sudamericana,2026
2d4eefca,Gastón Martirena,uy URU,"MF,DF",26-094,4,3,260,2.9,0,0,0,0,0,0,0,0,0.00,0.00,0.00,0.00,0.00,Matches,Copa CONMEBOL Sudamericana,2026
707b98f1,Valentin Carboni,ar ARG,FW,21-035,5,3,202,2.2,0,0,0,0,0,0,1,0,0.00,0.00,0.00,0.00,0.00,Matches,Copa CONMEBOL Sudamericana,2026
e91c3cc9,Juan Nardoni,ar ARG,MF,23-269,2,2,126,1.4,0,0,0,0,0,0,1,0,0.00,0.00,0.00,0.00,0.00,Matches,Copa CONMEBOL Sudamericana,2026
464e03ef,Damián Pizarro,cl CHI,FW,21-012,2,2,115,1.3,0,1,1,0,0,0,0,0,0.00,0.78,0.78,0.00,0.78,Matches,Copa CONMEBOL Sudamericana,2026
1a0e5cb7,Alan Forneris,ar ARG,MF,21-071,1,0,32,0.4,0,0,0,0,0,0,1,0,0.00,0.00,0.00,0.00,0.00,Matches,Copa CONMEBOL Sudamericana,2026
3be76aa4,Tobías Rubio,ar ARG,DF,21-256,1,0,12,0.1,0,0,0,0,0,0,1,0,0.00,0.00,0.00,0.00,0.00,Matches,Copa CONMEBOL Sudamericana,2026
449f86ae,Ezequiel Pérez,ar ARG,MF,17-321,1,0,7,0.1,0,0,0,0,0,0,0,0,0.00,0.00,0.00,0.00,0.00,Matches,Copa CONMEBOL Sudamericana,2026
6d550725,Ignacio Rodríguez,ar ARG,MF,24-046,1,0,7,0.1,0,0,0,0,0,0,0,0,0.00,0.00,0.00,0.00,0.00,Matches,Copa CONMEBOL Sudamericana,2026
6e531115,Benjamín González,ar ARG,DF,18-320,0,0,,,,,,,,,,,,,,,,Matches,Copa CONMEBOL Sudamericana,2026
63b77bfa,Tomás Pérez,ar ARG,FW,19-347,0,0,,,,,,,,,,,,,,,,Matches,Copa CONMEBOL Sudamericana,2026
e9c30bb7,Gonzalo Sosa,ar ARG,MF,21-035,0,0,,,,,,,,,,,,,,,,Matches,Copa CONMEBOL Sudamericana,2026
bafc3bbe,Matías Tagliamonte,ar ARG,GK,28-049,0,0,,,,,,,,,,,,,,,,Matches,Copa CONMEBOL Sudamericana,2026
a6bf551f,Alejandro Tello,ar ARG,MF,18-060,0,0,,,,,,,,,,,,,,,,Matches,Copa CONMEBOL Sudamericana,2026
6ce17eba,Santiago Rojas,py PAR,GK,30-004,15,15,"1,350",15.0,0,1,1,0,0,0,3,0,0.00,0.07,0.07,0.00,0.07,Matches,Copa CONMEBOL Sudamericana,2026
a37be3f0,Alexis Cañete,py PAR,DF,22-225,15,15,"1,327",14.7,0,3,3,0,0,0,1,0,0.00,0.20,0.20,0.00,0.20,Matches,Copa CONMEBOL Sudamericana,2026
93949d6e,Hugo Valdez,py PAR,MF,30-303,14,14,"1,109",12.3,4,2,6,3,1,1,4,0,0.32,0.16,0.49,0.24,0.41,Matches,Copa CONMEBOL Sudamericana,2026
b3c07e26,Thomas Gutiérrez,ve VEN,DF,26-039,11,11,981,10.9,1,1,2,1,0,0,2,0,0.09,0.09,0.18,0.09,0.18,Matches,Copa CONMEBOL Sudamericana,2026
0c988c31,Roberto Ramírez,py PAR,MF,25-315,13,11,977,10.9,0,0,0,0,0,0,6,1,0.00,0.00,0.00,0.00,0.00,Matches,Copa CONMEBOL Sudamericana,2026
eebb97e5,Orlando Gaona Lugo,py PAR,MF,35-258,14,10,877,9.7,1,2,3,1,0,0,0,0,0.10,0.21,0.31,0.10,0.31,Matches,Copa CONMEBOL Sudamericana,2026
e05a69f2,Fernando Díaz,py PAR,DF,25-040,11,10,825,9.2,0,0,0,0,0,0,1,0,0.00,0.00,0.00,0.00,0.00,Matches,Copa CONMEBOL Sudamericana,2026
fca3f384,Richard Prieto,py PAR,"MF,DF",29-043,11,8,753,8.4,1,0,1,1,0,0,2,0,0.12,0.00,0.12,0.12,0.12,Matches,Copa CONMEBOL Sudamericana,2026
78ce299f,Fabrizio Jara,py PAR,MF,23-233,11,8,718,8.0,0,0,0,0,0,0,0,0,0.00,0.00,0.00,0.00,0.00,Matches,Copa CONMEBOL Sudamericana,2026
9603d928,Josué Colmán,py PAR,"MF,FW",27-258,11,7,583,6.5,2,0,2,1,1,1,1,0,0.31,0.00,0.31,0.15,0.15,Matches,Copa CONMEBOL Sudamericana,2026
38871093,Carlos Espinola,py PAR,DF,26-105,10,6,613,6.8,0,1,1,0,0,0,2,0,0.00,0.15,0.15,0.00,0.15,Matches,Copa CONMEBOL Sudamericana,2026
8dc33be7,Juan Feliú,py PAR,DF,25-061,5,5,439,4.9,0,0,0,0,0,0,1,0,0.00,0.00,0.00,0.00,0.00,Matches,Copa CONMEBOL Sudamericana,2026
5940a329,Hugo Benítez,py PAR,FW,22-253,9,5,413,4.6,2,0,2,2,0,0,1,0,0.44,0.00,0.44,0.44,0.44,Matches,Copa CONMEBOL Sudamericana,2026
aeb4464f,Mauro Coronel,py PAR,DF,17-319,5,5,405,4.5,0,0,0,0,0,0,2,0,0.00,0.00,0.00,0.00,0.00,Matches,Copa CONMEBOL Sudamericana,2026
7a447474,Ignacio Bailone,ar ARG,FW,32-079,13,4,478,5.3,2,0,2,1,1,1,1,0,0.38,0.00,0.38,0.19,0.19,Matches,Copa CONMEBOL Sudamericana,2026
4b35fc17,Lucas Gonzalez,py PAR,FW,28-173,8,4,416,4.6,1,1,2,1,0,0,0,0,0.22,0.22,0.43,0.22,0.43,Matches,Copa CONMEBOL Sudamericana,2026
7f2107eb,Roque Santa Cruz,py PAR,FW,44-236,8,4,324,3.6,1,0,1,1,0,0,0,0,0.28,0.00,0.28,0.28,0.28,Matches,Copa CONMEBOL Sudamericana,2026
7dcb872d,Danilo Santacruz,py PAR,MF,30-301,7,3,379,4.2,2,1,3,2,0,0,3,0,0.47,0.24,0.71,0.47,0.71,Matches,Copa CONMEBOL Sudamericana,2026
003cbff7,Alejandro Samudio,py PAR,MF,26-287,8,3,341,3.8,2,1,3,2,0,0,1,0,0.53,0.26,0.79,0.53,0.79,Matches,Copa CONMEBOL Sudamericana,2026
717a9f84,Sebastián Vargas,py PAR,"MF,DF",24-082,5,3,290,3.2,1,0,1,1,0,0,0,0,0.31,0.00,0.31,0.31,0.31,Matches,Copa CONMEBOL Sudamericana,2026
1cadf964,Leandro Meza,py PAR,MF,24-125,8,3,279,3.1,0,0,0,0,0,0,1,0,0.00,0.00,0.00,0.00,0.00,Matches,Copa CONMEBOL Sudamericana,2026
1c86f480,Carlos Arrua,py PAR,MF,28-253,6,3,251,2.8,0,1,1,0,0,0,2,0,0.00,0.36,0.36,0.00,0.36,Matches,Copa CONMEBOL Sudamericana,2026
0eddc85a,Gastón Benítez,py PAR,DF,23-323,3,3,195,2.2,1,0,1,1,0,0,0,0,0.46,0.00,0.46,0.46,0.46,Matches,Copa CONMEBOL Sudamericana,2026
fd350fba,Silvio Torales,py PAR,MF,34-198,4,2,152,1.7,0,0,0,0,0,0,0,0,0.00,0.00,0.00,0.00,0.00,Matches,Copa CONMEBOL Sudamericana,2026
c927a6e5,Líder Cáceres,py PAR,DF,21-060,4,1,102,1.1,0,1,1,0,0,0,0,0,0.00,0.88,0.88,0.00,0.88,Matches,Copa CONMEBOL Sudamericana,2026
faa2c63e,Maximiliano Garrone,ar ARG,DF,19-111,1,1,90,1.0,0,0,0,0,0,0,1,0,0.00,0.00,0.00,0.00,0.00,Matches,Copa CONMEBOL Sudamericana,2026
63a2365d,Mauricio Cabrera,,MF,,3,1,79,0.9,0,1,1,0,0,0,0,0,0.00,1.14,1.14,0.00,1.14,Matches,Copa CONMEBOL Sudamericana,2026
75a41acc,Matías Almeida,py PAR,FW,21-027,4,0,55,0.6,0,0,0,0,0,0,0,0,0.00,0.00,0.00,0.00,0.00,Matches,Copa CONMEBOL Sudamericana,2026
2a11e5a6,Franco Pelozo,ar ARG,FW,20-241,2,0,43,0.5,0,0,0,0,0,0,0,0,0.00,0.00,0.00,0.00,0.00,Matches,Copa CONMEBOL Sudamericana,2026
847023c7,Jorge Trinidad,py PAR,DF,23-069,1,0,3,0.0,0,0,0,0,0,0,0,0,0.00,0.00,0.00,0.00,0.00,Matches,Copa CONMEBOL Sudamericana,2026
8acd593e,Gerardo Amílcar Ortiz,py PAR,GK,37-015,0,0,,,,,,,,,,,,,,,,Matches,Copa CONMEBOL Sudamericana,2026
0bf6b89a,Alexis Cuello,ar ARG,FW,26-050,12,12,"1,080",12.0,4,3,7,3,1,2,4,0,0.33,0.25,0.58,0.25,0.50,Matches,Copa CONMEBOL Sudamericana,2026
4c3e3d0a,Nicolás Tripichio,ar ARG,MF,30-094,12,12,"1,018",11.3,0,0,0,0,0,0,5,0,0.00,0.00,0.00,0.00,0.00,Matches,Copa CONMEBOL Sudamericana,2026
0d425331,Orlando Gill,py PAR,GK,25-302,11,11,990,11.0,0,0,0,0,0,0,0,0,0.00,0.00,0.00,0.00,0.00,Matches,Copa CONMEBOL Sudamericana,2026
5432fe10,Ezequiel Herrera,ar ARG,DF,23-077,11,11,977,10.9,0,0,0,0,0,0,1,0,0.00,0.00,0.00,0.00,0.00,Matches,Copa CONMEBOL Sudamericana,2026
4e32c2d6,Jhohan Romaña,co COL,DF,27-208,10,10,855,9.5,0,0,0,0,0,0,3,0,0.00,0.00,0.00,0.00,0.00,Matches,Copa CONMEBOL Sudamericana,2026
7b33603b,Gastón Hernández,ar ARG,DF,28-080,9,9,798,8.9,0,0,0,0,0,0,2,0,0.00,0.00,0.00,0.00,0.00,Matches,Copa CONMEBOL Sudamericana,2026
e1e47f6e,Ignacio Perruzzi,ar ARG,MF,21-004,12,9,789,8.8,0,0,0,0,0,0,2,0,0.00,0.00,0.00,0.00,0.00,Matches,Copa CONMEBOL Sudamericana,2026
62b0b5ad,Facundo Gulli,ar ARG,"MF,FW",20-196,11,9,645,7.2,0,2,2,0,0,0,2,0,0.00,0.28,0.28,0.00,0.28,Matches,Copa CONMEBOL Sudamericana,2026
d2e6d986,Mathías De Ritis,uy URU,DF,23-068,8,7,532,5.9,0,2,2,0,0,0,2,0,0.00,0.34,0.34,0.00,0.34,Matches,Copa CONMEBOL Sudamericana,2026
635c9552,Ezequiel Cerutti,ar ARG,"MF,FW",34-082,7,6,427,4.7,0,0,0,0,0,0,1,0,0.00,0.00,0.00,0.00,0.00,Matches,Copa CONMEBOL Sudamericana,2026
9855b2d2,Teo Rodríguez,ar ARG,"DF,MF",20-179,8,5,533,5.9,0,0,0,0,0,0,1,0,0.00,0.00,0.00,0.00,0.00,Matches,Copa CONMEBOL Sudamericana,2026
de7ce7b1,Gregorio Rodríguez,ar ARG,"MF,FW",26-082,10,5,441,4.9,2,0,2,2,0,0,0,0,0.41,0.00,0.41,0.41,0.41,Matches,Copa CONMEBOL Sudamericana,2026
de8bad41,Gonzalo Abrego,ar ARG,MF,26-092,10,5,424,4.7,0,0,0,0,0,0,1,0,0.00,0.00,0.00,0.00,0.00,Matches,Copa CONMEBOL Sudamericana,2026
2513a588,Luciano Vietto,ar ARG,"MF,FW",32-125,9,4,411,4.6,2,0,2,2,0,0,2,0,0.44,0.00,0.44,0.44,0.44,Matches,Copa CONMEBOL Sudamericana,2026
22070e3e,Agustín Ladstatter,ar ARG,MF,20-308,9,4,395,4.4,0,0,0,0,0,0,0,1,0.00,0.00,0.00,0.00,0.00,Matches,Copa CONMEBOL Sudamericana,2026
0c1481b0,Fabricio López,ar ARG,DF,23-139,4,2,238,2.6,0,0,0,0,0,0,1,0,0.00,0.00,0.00,0.00,0.00,Matches,Copa CONMEBOL Sudamericana,2026
8681ad73,Mauricio Cardillo,ar ARG,MF,23-029,7,2,225,2.5,0,0,0,0,0,0,0,0,0.00,0.00,0.00,0.00,0.00,Matches,Copa CONMEBOL Sudamericana,2026
5c6051ad,Guzmán Corujo,uy URU,DF,29-250,3,2,192,2.1,0,0,0,0,0,0,0,0,0.00,0.00,0.00,0.00,0.00,Matches,Copa CONMEBOL Sudamericana,2026
eb1df660,Manuel Insaurralde,ar ARG,MF,27-068,3,2,133,1.5,1,0,1,1,0,0,0,0,0.68,0.00,0.68,0.68,0.68,Matches,Copa CONMEBOL Sudamericana,2026
e1358992,Matías Reali,ar ARG,MF,28-146,5,1,172,1.9,0,0,0,0,0,0,0,0,0.00,0.00,0.00,0.00,0.00,Matches,Copa CONMEBOL Sudamericana,2026
b2fabf7e,Nahuel Barrios,ar ARG,MF,27-337,3,1,113,1.3,0,1,1,0,0,0,0,0,0.00,0.80,0.80,0.00,0.80,Matches,Copa CONMEBOL Sudamericana,2026
5d448a04,José Devecchi,ar ARG,GK,30-274,1,1,90,1.0,0,0,0,0,0,0,1,0,0.00,0.00,0.00,0.00,0.00,Matches,Copa CONMEBOL Sudamericana,2026
9b68edc2,Franco Lorenzón,ar ARG,DF,25-021,1,1,90,1.0,0,0,0,0,0,0,1,0,0.00,0.00,0.00,0.00,0.00,Matches,Copa CONMEBOL Sudamericana,2026
3d72b784,Lautaro Montenegro,ar ARG,DF,21-042,1,1,90,1.0,0,0,0,0,0,0,1,0,0.00,0.00,0.00,0.00,0.00,Matches,Copa CONMEBOL Sudamericana,2026
c89d0b23,Rodrigo Auzmendi,ar ARG,FW,25-097,3,0,89,1.0,2,0,2,2,0,0,0,0,2.02,0.00,2.02,2.02,2.02,Matches,Copa CONMEBOL Sudamericana,2026
c78eb31f,Diego Herazo,co COL,FW,29-360,4,0,70,0.8,1,1,2,1,0,0,0,0,1.29,1.29,2.57,1.29,2.57,Matches,Copa CONMEBOL Sudamericana,2026
98dc6e33,Juan Rattalino,ar ARG,MF,22-076,3,0,33,0.4,0,0,0,0,0,0,0,0,0.00,0.00,0.00,0.00,0.00,Matches,Copa CONMEBOL Sudamericana,2026
33359192,Francisco Perruzzi,ar ARG,MF,24-219,3,0,6,0.1,0,0,0,0,0,0,0,0,0.00,0.00,0.00,0.00,0.00,Matches,Copa CONMEBOL Sudamericana,2026
84d5fd29,Facundo Altamirano,ar ARG,GK,30-019,0,0,,,,,,,,,,,,,,,,Matches,Copa CONMEBOL Sudamericana,2026
7ba8f32a,Nicolás Blanco,ar ARG,DF,18-364,0,0,,,,,,,,,,,,,,,,Matches,Copa CONMEBOL Sudamericana,2026
535f8db8,Matías Hernández,ar ARG,FW,20-307,0,0,,,,,,,,,,,,,,,,Matches,Copa CONMEBOL Sudamericana,2026
405bc2d8,Alejo Rivas,ar ARG,MF,20-052,0,0,,,,,,,,,,,,,,,,Matches,Copa CONMEBOL Sudamericana,2026
d01e269b,Branco Salinardi,ar ARG,FW,18-348,0,0,,,,,,,,,,,,,,,,Matches,Copa CONMEBOL Sudamericana,2026
ceca5969,Santiago Etchebarne,uy URU,DF,31-220,7,7,630,7.0,0,0,0,0,0,0,3,0,0.00,0.00,0.00,0.00,0.00,Matches,Copa CONMEBOL Sudamericana,2026
0b0c09b0,Rodrigo Rodríguez,uy URU,GK,30-135,7,7,630,7.0,0,0,0,0,0,0,0,0,0.00,0.00,0.00,0.00,0.00,Matches,Copa CONMEBOL Sudamericana,2026
73a14e21,Federico Paz,ar ARG,MF,31-150,7,7,586,6.5,2,1,3,2,0,0,0,0,0.31,0.15,0.46,0.31,0.46,Matches,Copa CONMEBOL Sudamericana,2026
fdbe4956,José Luis Cazares,ec ECU,MF,34-330,7,7,572,6.4,0,0,0,0,0,0,3,0,0.00,0.00,0.00,0.00,0.00,Matches,Copa CONMEBOL Sudamericana,2026
b04397f6,Stefano Viera,ec ECU,MF,21-156,7,7,524,5.8,0,0,0,0,0,0,0,0,0.00,0.00,0.00,0.00,0.00,Matches,Copa CONMEBOL Sudamericana,2026
675f45e5,José Luis Marrufo,ve VEN,DF,29-332,6,6,540,6.0,0,0,0,0,0,0,2,0,0.00,0.00,0.00,0.00,0.00,Matches,Copa CONMEBOL Sudamericana,2026
518888d1,Luis Ayala Brucil,ec ECU,DF,32-197,7,6,520,5.8,0,1,1,0,0,0,2,0,0.00,0.17,0.17,0.00,0.17,Matches,Copa CONMEBOL Sudamericana,2026
5173507d,Gastón Blanc,ar ARG,MF,29-199,7,6,504,5.6,1,0,1,1,0,0,2,0,0.18,0.00,0.18,0.18,0.18,Matches,Copa CONMEBOL Sudamericana,2026
9b42f01c,Franco Posse,uy URU,FW,25-200,7,5,443,4.9,1,1,2,1,0,0,1,0,0.20,0.20,0.41,0.20,0.41,Matches,Copa CONMEBOL Sudamericana,2026
3362dde8,Matías Miranda,ar ARG,MF,25-339,6,4,332,3.7,0,0,0,0,0,0,1,0,0.00,0.00,0.00,0.00,0.00,Matches,Copa CONMEBOL Sudamericana,2026
a3a715d2,Martín Tello,ec ECU,MF,21-205,5,4,284,3.2,0,0,0,0,0,0,0,0,0.00,0.00,0.00,0.00,0.00,Matches,Copa CONMEBOL Sudamericana,2026
e08e6f56,Juan Espinoza,ec ECU,DF,22-296,4,3,304,3.4,0,0,0,0,0,0,0,0,0.00,0.00,0.00,0.00,0.00,Matches,Copa CONMEBOL Sudamericana,2026
9764b9f6,Luca Ferro,ar ARG,FW,24-246,6,2,232,2.6,1,0,1,1,0,1,1,0,0.39,0.00,0.39,0.39,0.39,Matches,Copa CONMEBOL Sudamericana,2026
a215e90f,Jimmy Bolaños,ec ECU,DF,25-234,2,2,124,1.4,0,0,0,0,0,0,0,0,0.00,0.00,0.00,0.00,0.00,Matches,Copa CONMEBOL Sudamericana,2026
92ec480f,Carlos Estacio,ec ECU,DF,28-180,4,1,162,1.8,0,0,0,0,0,0,0,0,0.00,0.00,0.00,0.00,0.00,Matches,Copa CONMEBOL Sudamericana,2026
494bf1ce,Jordán Mohor,ec ECU,DF,25-118,4,1,137,1.5,0,0,0,0,0,0,0,0,0.00,0.00,0.00,0.00,0.00,Matches,Copa CONMEBOL Sudamericana,2026
7dbafd25,Marlon Medranda,ec ECU,DF,26-325,1,1,90,1.0,0,0,0,0,0,0,0,0,0.00,0.00,0.00,0.00,0.00,Matches,Copa CONMEBOL Sudamericana,2026
0d50e8a9,Toño Espinoza,ec ECU,DF,30-053,1,1,59,0.7,0,0,0,0,0,0,0,0,0.00,0.00,0.00,0.00,0.00,Matches,Copa CONMEBOL Sudamericana,2026
32fc974a,Jeison Chala,ec ECU,MF,31-122,5,0,110,1.2,0,1,1,0,0,0,0,0,0.00,0.82,0.82,0.00,0.82,Matches,Copa CONMEBOL Sudamericana,2026
aada367d,Tommy Chamba,ec ECU,MF,21-168,3,0,67,0.7,0,0,0,0,0,0,0,0,0.00,0.00,0.00,0.00,0.00,Matches,Copa CONMEBOL Sudamericana,2026
4f30cf5d,Carlos Caicedo,ec ECU,MF,18-357,4,0,37,0.4,0,0,0,0,0,0,0,0,0.00,0.00,0.00,0.00,0.00,Matches,Copa CONMEBOL Sudamericana,2026
f9cfd5d1,José Klinger,ec ECU,FW,21-030,1,0,23,0.3,0,0,0,0,0,0,0,0,0.00,0.00,0.00,0.00,0.00,Matches,Copa CONMEBOL Sudamericana,2026
5cff1eb5,José Zambrano,ec ECU,MF,22-361,3,0,20,0.2,0,0,0,0,0,0,0,0,0.00,0.00,0.00,0.00,0.00,Matches,Copa CONMEBOL Sudamericana,2026
faa82ea1,Darwin Cuero,ec ECU,GK,31-177,0,0,,,,,,,,,,,,,,,,Matches,Copa CONMEBOL Sudamericana,2026
7a4829e1,John Jairo Jiménez,ec ECU,DF,31-006,0,0,,,,,,,,,,,,,,,,Matches,Copa CONMEBOL Sudamericana,2026
495c0b80,Andrés Ramos,ec ECU,FW,22-057,0,0,,,,,,,,,,,,,,,,Matches,Copa CONMEBOL Sudamericana,2026
20864f93,Marcos Maitán,ve VEN,DF,17-356,9,9,810,9.0,0,,,0,0,0,3,0,0.00,,,0.00,,Matches,Copa CONMEBOL Sudamericana,2026
0023571b,Felipe Jaramillo,co COL,"MF,DF",29-356,10,9,791,8.8,0,,,0,0,0,2,0,0.00,,,0.00,,Matches,Copa CONMEBOL Sudamericana,2026
0149ea85,Yerwin Sulbarán,ve VEN,"MF,FW",18-037,9,9,686,7.6,0,,,0,0,0,1,1,0.00,,,0.00,,Matches,Copa CONMEBOL Sudamericana,2026
420bedbb,Richard Peralta,pa PAN,DF,32-201,9,8,738,8.2,0,,,0,0,0,3,0,0.00,,,0.00,,Matches,Copa CONMEBOL Sudamericana,2026
303e4c9d,Cristian Ramírez,ve VEN,"MF,DF",22-231,9,8,679,7.5,0,,,0,0,0,1,0,0.00,,,0.00,,Matches,Copa CONMEBOL Sudamericana,2026
dc192a0a,Jeferson Caraballo,ve VEN,MF,23-336,9,8,615,6.8,1,,,1,0,0,0,0,0.15,,,0.15,,Matches,Copa CONMEBOL Sudamericana,2026
36273c40,Fernando Basante,ve VEN,"MF,FW",22-257,9,8,559,6.2,1,,,1,0,0,3,0,0.16,,,0.16,,Matches,Copa CONMEBOL Sudamericana,2026
e1fe0643,Jean Colorado,co COL,"DF,MF",25-210,8,7,611,6.8,0,,,0,0,0,4,0,0.00,,,0.00,,Matches,Copa CONMEBOL Sudamericana,2026
de5527ef,Eduardo Lima,ve VEN,GK,33-182,7,7,608,6.8,0,,,0,0,0,0,0,0.00,,,0.00,,Matches,Copa CONMEBOL Sudamericana,2026
b0aff02d,Joyce Rios,co COL,DF,27-330,7,7,597,6.6,0,,,0,0,0,1,0,0.00,,,0.00,,Matches,Copa CONMEBOL Sudamericana,2026
5859c41f,Maelo Renteria,ec ECU,FW,22-055,9,5,570,6.3,2,,,2,0,0,0,0,0.32,,,0.32,,Matches,Copa CONMEBOL Sudamericana,2026
3793968d,Santiago Natera,ve VEN,"MF,DF",20-199,8,4,378,4.2,0,,,0,0,0,0,0,0.00,,,0.00,,Matches,Copa CONMEBOL Sudamericana,2026
77c585ef,Henrry Díaz,ve VEN,MF,18-037,6,4,276,3.1,0,,,0,0,0,1,0,0.00,,,0.00,,Matches,Copa CONMEBOL Sudamericana,2026
f29c9a57,Thomas Riveros,ve VEN,GK,24-186,4,3,292,3.2,0,,,0,0,0,1,0,0.00,,,0.00,,Matches,Copa CONMEBOL Sudamericana,2026
0eb93295,Edder Farías,ve VEN,FW,37-362,6,3,231,2.6,1,,,1,0,0,1,0,0.39,,,0.39,,Matches,Copa CONMEBOL Sudamericana,2026
6c647ddd,Elvis Perlaza,co COL,DF,37-033,3,3,230,2.6,0,,,0,0,0,2,0,0.00,,,0.00,,Matches,Copa CONMEBOL Sudamericana,2026
b95d7ff4,Ronald Rodríguez,ve VEN,FW,21-001,5,2,198,2.2,3,,,3,0,0,0,1,1.36,,,1.36,,Matches,Copa CONMEBOL Sudamericana,2026
cfbe750b,Franklin González,ve VEN,FW,29-114,5,2,194,2.2,0,,,0,0,0,1,0,0.00,,,0.00,,Matches,Copa CONMEBOL Sudamericana,2026
ed0ed41e,Saul Herrera,ve VEN,MF,17-154,8,1,256,2.8,0,,,0,0,0,1,0,0.00,,,0.00,,Matches,Copa CONMEBOL Sudamericana,2026
bf969c79,Dhylan Castillo,ve VEN,MF,23-053,5,1,144,1.6,0,,,0,0,0,0,0,0.00,,,0.00,,Matches,Copa CONMEBOL Sudamericana,2026
25ab3a4e,Ricardo Rincones,ve VEN,DF,17-150,1,1,90,1.0,0,,,0,0,0,0,0,0.00,,,0.00,,Matches,Copa CONMEBOL Sudamericana,2026
d172f27d,Wilmer Vallenilla,ve VEN,DF,18-153,1,1,90,1.0,0,,,0,0,0,1,0,0.00,,,0.00,,Matches,Copa CONMEBOL Sudamericana,2026
2dbb9d9b,Edgar Leonardo Carrión,ve VEN,MF,24-276,4,0,63,0.7,0,,,0,0,0,0,0,0.00,,,0.00,,Matches,Copa CONMEBOL Sudamericana,2026
ff376394,Jesús Paz,ve VEN,DF,24-331,1,0,33,0.4,0,,,0,0,0,0,0,0.00,,,0.00,,Matches,Copa CONMEBOL Sudamericana,2026
d75fadc0,Antonio Romero,ve VEN,"FW,MF",29-083,1,0,25,0.3,0,,,0,0,0,0,0,0.00,,,0.00,,Matches,Copa CONMEBOL Sudamericana,2026
f9e3d7a1,Saúl Asibe,ve VEN,MF,20-305,3,0,22,0.2,0,,,0,0,0,0,0,0.00,,,0.00,,Matches,Copa CONMEBOL Sudamericana,2026
b8345d22,Leandro Rodríguez,ve VEN,MF,20-302,2,0,18,0.2,0,,,0,0,0,0,0,0.00,,,0.00,,Matches,Copa CONMEBOL Sudamericana,2026
556034e1,José Carrasco,ve VEN,FW,18-232,1,0,12,0.1,0,,,0,0,0,0,0,0.00,,,0.00,,Matches,Copa CONMEBOL Sudamericana,2026
002313e9,Yulwuis Pérez,ve VEN,DF,20-202,1,0,10,0.1,0,,,0,0,0,0,0,0.00,,,0.00,,Matches,Copa CONMEBOL Sudamericana,2026
e0a1f68a,Dioner Fuentes,ve VEN,DF,17-308,0,0,,,,,,,,,,,,,,,,Matches,Copa CONMEBOL Sudamericana,2026
0c07275a,Edward Osorio,ve VEN,MF,20-219,0,0,,,,,,,,,,,,,,,,Matches,Copa CONMEBOL Sudamericana,2026
73f7bae6,Bruno Antúnez,uy URU,GK,23-068,10,10,900,10.0,0,0,0,0,0,0,1,0,0.00,0.00,0.00,0.00,0.00,Matches,Copa CONMEBOL Sudamericana,2026
1175d526,Leandro Suhr,uy URU,FW,28-197,10,9,656,7.3,2,1,3,2,0,0,1,0,0.27,0.14,0.41,0.27,0.41,Matches,Copa CONMEBOL Sudamericana,2026
c2d3a4d3,Fredy Martínez,uy URU,DF,24-343,10,8,755,8.4,1,1,2,1,0,0,4,0,0.12,0.12,0.24,0.12,0.24,Matches,Copa CONMEBOL Sudamericana,2026
5d667a70,Agustín Amado,uy URU,MF,25-062,10,8,729,8.1,0,1,1,0,0,0,1,0,0.00,0.12,0.12,0.00,0.12,Matches,Copa CONMEBOL Sudamericana,2026
19613c1b,Francisco Barrios,uy URU,MF,24-049,10,8,661,7.3,0,0,0,0,0,0,2,0,0.00,0.00,0.00,0.00,0.00,Matches,Copa CONMEBOL Sudamericana,2026
c3b2271b,Ignacio Fernandez,uy URU,DF,17-119,8,8,565,6.3,0,0,0,0,0,0,1,0,0.00,0.00,0.00,0.00,0.00,Matches,Copa CONMEBOL Sudamericana,2026
49817de5,Juan Acosta,uy URU,DF,32-149,9,7,653,7.3,0,0,0,0,0,0,2,0,0.00,0.00,0.00,0.00,0.00,Matches,Copa CONMEBOL Sudamericana,2026
3aa39510,Martín González,uy URU,DF,31-277,7,7,605,6.7,0,0,0,0,0,0,2,0,0.00,0.00,0.00,0.00,0.00,Matches,Copa CONMEBOL Sudamericana,2026
89d94c2f,Alexander González,uy URU,FW,23-244,9,6,519,5.8,1,0,1,1,0,1,1,0,0.17,0.00,0.17,0.17,0.17,Matches,Copa CONMEBOL Sudamericana,2026
3d0c30fc,Mateo Rivero,uy URU,DF,21-199,5,5,450,5.0,0,0,0,0,0,0,1,0,0.00,0.00,0.00,0.00,0.00,Matches,Copa CONMEBOL Sudamericana,2026
9f685883,Gonzalo Reyna,ar ARG,MF,19-260,6,5,325,3.6,0,0,0,0,0,0,0,0,0.00,0.00,0.00,0.00,0.00,Matches,Copa CONMEBOL Sudamericana,2026
2673e0a8,Franco Pérez,uy URU,FW,24-251,9,4,479,5.3,0,1,1,0,0,0,2,0,0.00,0.19,0.19,0.00,0.19,Matches,Copa CONMEBOL Sudamericana,2026
848f0ed6,Francisco Bonfiglio,es ESP,FW,24-097,10,4,391,4.3,2,0,2,2,0,0,0,0,0.46,0.00,0.46,0.46,0.46,Matches,Copa CONMEBOL Sudamericana,2026
da5458bd,Federico Dafonte,uy URU,MF,21-122,6,4,321,3.6,0,1,1,0,0,0,0,0,0.00,0.28,0.28,0.00,0.28,Matches,Copa CONMEBOL Sudamericana,2026
5b03add2,Yair González,ar ARG,FW,24-019,9,3,453,5.0,1,0,1,1,0,0,4,0,0.20,0.00,0.20,0.20,0.20,Matches,Copa CONMEBOL Sudamericana,2026
00d0289a,Kevin Sotto,uy URU,DF,20-077,4,3,315,3.5,0,0,0,0,0,0,1,0,0.00,0.00,0.00,0.00,0.00,Matches,Copa CONMEBOL Sudamericana,2026
2c851997,Gastón Ramírez,uy URU,"FW,MF",35-128,7,3,234,2.6,1,0,1,1,0,0,1,0,0.38,0.00,0.38,0.38,0.38,Matches,Copa CONMEBOL Sudamericana,2026
30af5ce0,Jairo O'Neill,uy URU,DF,24-252,4,3,202,2.2,1,0,1,1,0,0,1,0,0.45,0.00,0.45,0.45,0.45,Matches,Copa CONMEBOL Sudamericana,2026
b74f14a7,Facundo Muñoa,uy URU,MF,21-302,4,2,243,2.7,0,1,1,0,0,0,0,0,0.00,0.37,0.37,0.00,0.37,Matches,Copa CONMEBOL Sudamericana,2026
d9316472,Agustín Aguirre,ar ARG,DF,22-087,5,1,190,2.1,0,0,0,0,0,0,0,0,0.00,0.00,0.00,0.00,0.00,Matches,Copa CONMEBOL Sudamericana,2026
8d8f0a14,Marco Mancebo,uy URU,DF,24-342,2,1,94,1.0,0,0,0,0,0,0,1,1,0.00,0.00,0.00,0.00,0.00,Matches,Copa CONMEBOL Sudamericana,2026
22472982,Lautaro Vázquez,uy URU,DF,19-338,2,1,64,0.7,0,0,0,0,0,0,1,0,0.00,0.00,0.00,0.00,0.00,Matches,Copa CONMEBOL Sudamericana,2026
c2335490,Rafael Haller,uy URU,DF,25-235,1,0,45,0.5,0,0,0,0,0,0,0,0,0.00,0.00,0.00,0.00,0.00,Matches,Copa CONMEBOL Sudamericana,2026
03dd83a6,Marcelo Hornos,uy URU,FW,17-168,2,0,30,0.3,0,0,0,0,0,0,0,0,0.00,0.00,0.00,0.00,0.00,Matches,Copa CONMEBOL Sudamericana,2026
f90f059e,Juan González,uy URU,GK,32-273,0,0,,,,,,,,,,,,,,,,Matches,Copa CONMEBOL Sudamericana,2026
cd3303fa,Andrés Romero,ve VEN,MF,23-033,0,0,,,,,,,,,,,,,,,,Matches,Copa CONMEBOL Sudamericana,2026
f5dfc256,Léo Jardim,br BRA,GK,31-020,10,10,900,10.0,0,0,0,0,0,0,0,0,0.00,0.00,0.00,0.00,0.00,Matches,Copa CONMEBOL Sudamericana,2026
168a2e81,Robert Renan,br BRA,DF,22-180,10,10,900,10.0,0,0,0,0,0,0,0,0,0.00,0.00,0.00,0.00,0.00,Matches,Copa CONMEBOL Sudamericana,2026
76a82373,Andrés Gómez,co COL,"MF,FW",23-209,9,9,759,8.4,0,1,1,0,0,0,3,0,0.00,0.12,0.12,0.00,0.12,Matches,Copa CONMEBOL Sudamericana,2026
c6e5d20f,Thiago Mendes,br BRA,MF,34-025,9,9,755,8.4,2,0,2,2,0,0,4,0,0.24,0.00,0.24,0.24,0.24,Matches,Copa CONMEBOL Sudamericana,2026
c28df63c,Nuno Gonçalo Moreira,pt POR,"MF,FW",26-297,10,9,623,6.9,1,0,1,1,0,0,1,0,0.14,0.00,0.14,0.14,0.14,Matches,Copa CONMEBOL Sudamericana,2026
b084cda6,Alan Saldivia,uy URU,DF,24-003,7,7,630,7.0,0,0,0,0,0,0,2,0,0.00,0.00,0.00,0.00,0.00,Matches,Copa CONMEBOL Sudamericana,2026
6ae4627b,Cauan Barros,br BRA,MF,21-338,8,6,539,6.0,3,0,3,3,0,0,1,1,0.50,0.00,0.50,0.50,0.50,Matches,Copa CONMEBOL Sudamericana,2026
25a0cb08,Paulo Henrique,br BRA,DF,29-258,7,6,490,5.4,0,2,2,0,0,0,2,0,0.00,0.37,0.37,0.00,0.37,Matches,Copa CONMEBOL Sudamericana,2026
5f2caf8f,Tchê Tchê,br BRA,MF,33-222,7,6,489,5.4,1,0,1,1,0,0,1,0,0.18,0.00,0.18,0.18,0.18,Matches,Copa CONMEBOL Sudamericana,2026
defce7f1,Lucas Piton,br BRA,DF,25-182,8,6,450,5.0,0,0,0,0,0,0,0,0,0.00,0.00,0.00,0.00,0.00,Matches,Copa CONMEBOL Sudamericana,2026
92f9ace5,David,br BRA,FW,30-174,8,6,440,4.9,2,2,4,2,0,0,0,0,0.41,0.41,0.82,0.41,0.82,Matches,Copa CONMEBOL Sudamericana,2026
14100165,Hugo Moura,br BRA,MF,28-096,6,5,366,4.1,0,0,0,0,0,0,0,0,0.00,0.00,0.00,0.00,0.00,Matches,Copa CONMEBOL Sudamericana,2026
6f1a7f76,José Luis Rodríguez Bebanz,uy URU,DF,29-026,7,4,467,5.2,1,3,4,1,0,0,2,0,0.19,0.58,0.77,0.19,0.77,Matches,Copa CONMEBOL Sudamericana,2026
7e49bdbd,Cuiabano,br BRA,DF,23-052,6,4,417,4.6,2,3,5,2,0,0,1,0,0.43,0.65,1.08,0.43,1.08,Matches,Copa CONMEBOL Sudamericana,2026
f338069c,Johan Rojas,co COL,"MF,FW",23-201,8,3,319,3.5,0,1,1,0,0,0,0,0,0.00,0.28,0.28,0.00,0.28,Matches,Copa CONMEBOL Sudamericana,2026
574fff8c,Carlos Cuesta,co COL,DF,27-031,3,3,270,3.0,0,0,0,0,0,0,0,0,0.00,0.00,0.00,0.00,0.00,Matches,Copa CONMEBOL Sudamericana,2026
0ef89a37,Philippe Coutinho,br BRA,MF,33-301,3,3,257,2.9,1,0,1,1,0,0,0,0,0.35,0.00,0.35,0.35,0.35,Matches,Copa CONMEBOL Sudamericana,2026
279508bf,Brenner,br BRA,FW,26-083,6,2,221,2.5,1,0,1,1,0,0,1,0,0.41,0.00,0.41,0.41,0.41,Matches,Copa CONMEBOL Sudamericana,2026
f397ba12,Marino Hinestroza,co COL,MF,23-275,6,1,197,2.2,0,0,0,0,0,0,0,0,0.00,0.00,0.00,0.00,0.00,Matches,Copa CONMEBOL Sudamericana,2026
578606a7,Claudio Spinelli,ar ARG,FW,28-292,5,1,158,1.8,1,0,1,1,0,0,0,0,0.57,0.00,0.57,0.57,0.57,Matches,Copa CONMEBOL Sudamericana,2026
077faf72,Matheus França,br BRA,FW,22-008,3,0,65,0.7,0,0,0,0,0,0,0,0,0.00,0.00,0.00,0.00,0.00,Matches,Copa CONMEBOL Sudamericana,2026
eda38706,Adson,br BRA,MF,25-185,2,0,56,0.6,0,0,0,0,0,0,0,0,0.00,0.00,0.00,0.00,0.00,Matches,Copa CONMEBOL Sudamericana,2026
0f687c73,João Vitor,br BRA,FW,17-148,3,0,35,0.4,0,0,0,0,0,0,0,0,0.00,0.00,0.00,0.00,0.00,Matches,Copa CONMEBOL Sudamericana,2026
56a85c3b,Gabriel Souza,br BRA,MF,21-094,2,0,25,0.3,0,0,0,0,0,0,0,0,0.00,0.00,0.00,0.00,0.00,Matches,Copa CONMEBOL Sudamericana,2026
0bedf7a0,Andrey,br BRA,MF,18-063,1,0,23,0.3,0,0,0,0,0,0,0,0,0.00,0.00,0.00,0.00,0.00,Matches,Copa CONMEBOL Sudamericana,2026
f065866a,João Pedro,br BRA,MF,20-355,1,0,8,0.1,0,0,0,0,0,0,0,0,0.00,0.00,0.00,0.00,0.00,Matches,Copa CONMEBOL Sudamericana,2026
19536a8f,Avellar,br BRA,DF,20-032,1,0,6,0.1,0,0,0,0,0,0,0,0,0.00,0.00,0.00,0.00,0.00,Matches,Copa CONMEBOL Sudamericana,2026
a92be6c1,Lucas Freitas,br BRA,DF,25-079,1,0,3,0.0,0,0,0,0,0,0,0,0,0.00,0.00,0.00,0.00,0.00,Matches,Copa CONMEBOL Sudamericana,2026
df090e8c,Guilherme Estrella,br BRA,MF,20-352,0,0,,,,,,,,,,,,,,,,Matches,Copa CONMEBOL Sudamericana,2026
82328faf,Daniel Fuzato,br BRA,GK,28-279,0,0,,,,,,,,,,,,,,,,Matches,Copa CONMEBOL Sudamericana,2026
cc68c4d3,Victor Luis,br BRA,DF,32-290,0,0,,,,,,,,,,,,,,,,Matches,Copa CONMEBOL Sudamericana,2026
664a3912,Walace,br BRA,DF,21-033,0,0,,,,,,,,,,,,,,,,Matches,Copa CONMEBOL Sudamericana,2026
81be82e9,Wéverton,br BRA,GK,38-117,10,10,900,10.0,0,1,1,0,0,0,1,0,0.00,0.10,0.10,0.00,0.10,Matches,Copa CONMEBOL Sudamericana,2026
8b529245,Carlos Vinícius,br BRA,FW,31-015,10,10,833,9.3,7,0,7,6,1,1,1,0,0.76,0.00,0.76,0.65,0.65,Matches,Copa CONMEBOL Sudamericana,2026
a664b026,Cristian Pavón,ar ARG,"DF,MF",30-078,10,8,718,8.0,0,0,0,0,0,0,2,0,0.00,0.00,0.00,0.00,0.00,Matches,Copa CONMEBOL Sudamericana,2026
73bec74e,Viery,br BRA,DF,21-097,7,7,630,7.0,0,0,0,0,0,0,2,0,0.00,0.00,0.00,0.00,0.00,Matches,Copa CONMEBOL Sudamericana,2026
4f0fbd15,Francis Amuzu,be BEL,"MF,FW",26-229,9,7,588,6.5,1,2,3,1,0,0,0,0,0.15,0.31,0.46,0.15,0.46,Matches,Copa CONMEBOL Sudamericana,2026
e91c3cc9,Juan Nardoni,ar ARG,MF,23-269,7,7,518,5.8,1,1,2,1,0,0,1,0,0.17,0.17,0.35,0.17,0.35,Matches,Copa CONMEBOL Sudamericana,2026
fd8ce644,Erick Noriega,pe PER,MF,24-169,7,6,530,5.9,1,1,2,1,0,0,1,0,0.17,0.17,0.34,0.17,0.34,Matches,Copa CONMEBOL Sudamericana,2026
63969d01,Marlon,br BRA,DF,28-324,6,6,525,5.8,1,1,2,1,0,0,1,0,0.17,0.17,0.34,0.17,0.34,Matches,Copa CONMEBOL Sudamericana,2026
7120a04d,Tetê,br BRA,"MF,FW",26-053,8,6,420,4.7,1,0,1,1,0,0,0,0,0.21,0.00,0.21,0.21,0.21,Matches,Copa CONMEBOL Sudamericana,2026
ae03ce49,Gustavo Martins Santos,br BRA,DF,23-241,7,5,534,5.9,0,2,2,0,0,0,1,0,0.00,0.34,0.34,0.00,0.34,Matches,Copa CONMEBOL Sudamericana,2026
5a1ce0cb,José Enamorado,co COL,MF,27-086,9,5,467,5.2,0,1,1,0,0,0,1,0,0.00,0.19,0.19,0.00,0.19,Matches,Copa CONMEBOL Sudamericana,2026
3626f7d9,Fabián Balbuena,py PAR,DF,34-229,5,5,405,4.5,0,0,0,0,0,0,0,0,0.00,0.00,0.00,0.00,0.00,Matches,Copa CONMEBOL Sudamericana,2026
a2f7f47c,Miguel Monsalve,co COL,MF,22-041,6,5,288,3.2,0,0,0,0,0,0,1,0,0.00,0.00,0.00,0.00,0.00,Matches,Copa CONMEBOL Sudamericana,2026
48b3dd60,Arthur Melo,br BRA,MF,29-240,5,4,404,4.5,0,0,0,0,0,0,1,0,0.00,0.00,0.00,0.00,0.00,Matches,Copa CONMEBOL Sudamericana,2026
25b28b59,Wagner,br BRA,DF,26-260,3,3,226,2.5,0,0,0,0,0,0,2,1,0.00,0.00,0.00,0.00,0.00,Matches,Copa CONMEBOL Sudamericana,2026
31d1ed52,João Pedro,br BRA,DF,29-145,4,3,213,2.4,0,0,0,0,0,0,0,0,0.00,0.00,0.00,0.00,0.00,Matches,Copa CONMEBOL Sudamericana,2026
f049a2fe,Gabriel Mec,br BRA,MF,17-363,7,2,266,3.0,0,0,0,0,0,0,2,0,0.00,0.00,0.00,0.00,0.00,Matches,Copa CONMEBOL Sudamericana,2026
701bb051,Caio Paulista,br BRA,DF,27-333,4,2,226,2.5,0,0,0,0,0,0,0,0,0.00,0.00,0.00,0.00,0.00,Matches,Copa CONMEBOL Sudamericana,2026
5c0eca35,Leonel Pérez,ar ARG,MF,21-243,3,2,181,2.0,0,0,0,0,0,0,0,0,0.00,0.00,0.00,0.00,0.00,Matches,Copa CONMEBOL Sudamericana,2026
9a05bad9,Pedro Gabriel,br BRA,DF,18-307,2,2,166,1.8,0,0,0,0,0,0,1,0,0.00,0.00,0.00,0.00,0.00,Matches,Copa CONMEBOL Sudamericana,2026
4e50f20e,Edenílson,br BRA,MF,36-112,3,2,152,1.7,1,0,1,1,0,0,0,0,0.59,0.00,0.59,0.59,0.59,Matches,Copa CONMEBOL Sudamericana,2026
8b9ebd03,Willian,br BRA,MF,37-243,6,1,247,2.7,0,0,0,0,0,0,0,0,0.00,0.00,0.00,0.00,0.00,Matches,Copa CONMEBOL Sudamericana,2026
2830b8f7,Dodi,br BRA,MF,29-357,6,1,184,2.0,0,0,0,0,0,0,2,0,0.00,0.00,0.00,0.00,0.00,Matches,Copa CONMEBOL Sudamericana,2026
8cc36186,Bernardo Zortea,br BRA,MF,19-019,2,1,56,0.6,0,0,0,0,0,0,0,0,0.00,0.00,0.00,0.00,0.00,Matches,Copa CONMEBOL Sudamericana,2026
56224aa6,Andre Martins,br BRA,MF,24-113,3,0,51,0.6,0,0,0,0,0,0,2,0,0.00,0.00,0.00,0.00,0.00,Matches,Copa CONMEBOL Sudamericana,2026
fd771f95,Martin Braithwaite,dk DEN,"FW,MF",34-308,3,0,45,0.5,0,0,0,0,0,0,0,0,0.00,0.00,0.00,0.00,0.00,Matches,Copa CONMEBOL Sudamericana,2026
fdd2f275,Marcos Rocha,br BRA,DF,37-119,1,0,45,0.5,0,0,0,0,0,0,0,0,0.00,0.00,0.00,0.00,0.00,Matches,Copa CONMEBOL Sudamericana,2026
1fe12f16,Roger Fernandes,br BRA,FW,17-345,2,0,33,0.4,0,0,0,0,0,0,0,0,0.00,0.00,0.00,0.00,0.00,Matches,Copa CONMEBOL Sudamericana,2026
c8b76684,Jeferson Forneck,br BRA,MF,19-116,1,0,5,0.1,0,0,0,0,0,0,0,0,0.00,0.00,0.00,0.00,0.00,Matches,Copa CONMEBOL Sudamericana,2026
4535ab5d,Alexander Aravena,cl CHI,"FW,MF",23-215,0,0,,,,,,,,,,,,,,,,Matches,Copa CONMEBOL Sudamericana,2026
e5819c51,Thiago Beltrame,br BRA,GK,22-281,0,0,,,,,,,,,,,,,,,,Matches,Copa CONMEBOL Sudamericana,2026
a24714b4,Gabriel Chapecó,br BRA,GK,26-011,0,0,,,,,,,,,,,,,,,,Matches,Copa CONMEBOL Sudamericana,2026
25b26e2e,Franco Cristaldo,ar ARG,MF,29-237,0,0,,,,,,,,,,,,,,,,Matches,Copa CONMEBOL Sudamericana,2026
ef49e2ed,Luis Eduardo,br BRA,DF,18-083,0,0,,,,,,,,,,,,,,,,Matches,Copa CONMEBOL Sudamericana,2026
36e163aa,Riquelme Freitas,br BRA,MF,19-239,0,0,,,,,,,,,,,,,,,,Matches,Copa CONMEBOL Sudamericana,2026
5b37f2f8,Walter Kannemann,ar ARG,DF,35-026,0,0,,,,,,,,,,,,,,,,Matches,Copa CONMEBOL Sudamericana,2026
aa98440f,Tiago,br BRA,MF,18-066,0,0,,,,,,,,,,,,,,,,Matches,Copa CONMEBOL Sudamericana,2026
707fcc63,Ignacio Arce,ar ARG,GK,34-001,12,12,"1,080",12.0,0,0,0,0,0,0,4,0,0.00,0.00,0.00,0.00,0.00,Matches,Copa CONMEBOL Sudamericana,2026
55d7093b,Cristian Paz,ar ARG,DF,30-350,12,12,"1,062",11.8,0,0,0,0,0,0,2,0,0.00,0.00,0.00,0.00,0.00,Matches,Copa CONMEBOL Sudamericana,2026
e7815a02,Nicolás Sansotre,ar ARG,"DF,MF",32-213,12,12,"1,055",11.7,0,0,0,0,0,0,1,0,0.00,0.00,0.00,0.00,0.00,Matches,Copa CONMEBOL Sudamericana,2026
d96469f1,Antony Alonso,ar ARG,"MF,FW",27-333,12,12,979,10.9,2,0,2,2,0,0,2,0,0.18,0.00,0.18,0.18,0.18,Matches,Copa CONMEBOL Sudamericana,2026
2f6ff462,Jonathan Herrera,ar ARG,FW,34-205,12,9,725,8.1,0,0,0,0,0,0,3,0,0.00,0.00,0.00,0.00,0.00,Matches,Copa CONMEBOL Sudamericana,2026
6cc0a227,Pedro Ramírez,ar ARG,"DF,MF",26-005,9,9,713,7.9,0,0,0,0,0,0,1,0,0.00,0.00,0.00,0.00,0.00,Matches,Copa CONMEBOL Sudamericana,2026
37077a8b,Pablo Monje,ar ARG,MF,29-062,11,8,708,7.9,0,0,0,0,0,0,1,0,0.00,0.00,0.00,0.00,0.00,Matches,Copa CONMEBOL Sudamericana,2026
edbdf494,Jonatan Goitía,ar ARG,MF,31-250,12,8,695,7.7,0,0,0,0,0,0,4,1,0.00,0.00,0.00,0.00,0.00,Matches,Copa CONMEBOL Sudamericana,2026
6108df6f,Juan Randazzo,ar ARG,DF,31-180,9,7,662,7.4,0,0,0,0,0,0,1,0,0.00,0.00,0.00,0.00,0.00,Matches,Copa CONMEBOL Sudamericana,2026
ee2bdcb7,Facundo Miño,ar ARG,DF,26-175,11,7,653,7.3,0,0,0,0,0,0,4,0,0.00,0.00,0.00,0.00,0.00,Matches,Copa CONMEBOL Sudamericana,2026
4032a5b0,Alexander Díaz,ar ARG,"FW,MF",26-018,9,7,525,5.8,0,0,0,0,0,0,0,0,0.00,0.00,0.00,0.00,0.00,Matches,Copa CONMEBOL Sudamericana,2026
600cb6b1,Nicólas Watson,ar ARG,MF,27-322,8,5,443,4.9,0,0,0,0,0,0,2,0,0.00,0.00,0.00,0.00,0.00,Matches,Copa CONMEBOL Sudamericana,2026
0e8cbfc4,Miguel Barbieri,ar ARG,DF,32-228,7,5,425,4.7,0,0,0,0,0,0,4,0,0.00,0.00,0.00,0.00,0.00,Matches,Copa CONMEBOL Sudamericana,2026
ab84ccab,Rodrigo Gallo,ar ARG,DF,25-156,6,5,328,3.6,0,0,0,0,0,0,2,0,0.00,0.00,0.00,0.00,0.00,Matches,Copa CONMEBOL Sudamericana,2026
b7b1dea7,Nicolás Benegas,ar ARG,FW,30-039,11,4,446,5.0,1,0,1,1,0,0,5,0,0.20,0.00,0.20,0.20,0.20,Matches,Copa CONMEBOL Sudamericana,2026
fd4c1b7a,Matías García,ar ARG,MF,30-149,7,4,371,4.1,0,0,0,0,0,0,3,0,0.00,0.00,0.00,0.00,0.00,Matches,Copa CONMEBOL Sudamericana,2026
9687232d,Mariano Bracamonte,ar ARG,DF,26-350,3,3,254,2.8,0,0,0,0,0,0,1,0,0.00,0.00,0.00,0.00,0.00,Matches,Copa CONMEBOL Sudamericana,2026
2ce68c10,Gabriel Obredor,ar ARG,FW,29-093,12,2,415,4.6,0,0,0,0,0,0,2,0,0.00,0.00,0.00,0.00,0.00,Matches,Copa CONMEBOL Sudamericana,2026
a6756735,José Ingratti,ar ARG,FW,25-255,1,1,45,0.5,0,0,0,0,0,0,0,0,0.00,0.00,0.00,0.00,0.00,Matches,Copa CONMEBOL Sudamericana,2026
e87e9c52,Mauro Smarra Vargas,ar ARG,FW,26-344,2,0,58,0.6,0,0,0,0,0,0,0,0,0.00,0.00,0.00,0.00,0.00,Matches,Copa CONMEBOL Sudamericana,2026
bb2ffda5,Rodrigo Sayavedra,ar ARG,FW,30-262,3,0,48,0.5,0,0,0,0,0,0,1,0,0.00,0.00,0.00,0.00,0.00,Matches,Copa CONMEBOL Sudamericana,2026
17682846,Alejo Dramisino,ar ARG,MF,25-355,3,0,46,0.5,0,0,0,0,0,0,0,0,0.00,0.00,0.00,0.00,0.00,Matches,Copa CONMEBOL Sudamericana,2026
d446b144,Ángel Stringa,ar ARG,FW,30-003,1,0,36,0.4,0,0,0,0,0,0,1,0,0.00,0.00,0.00,0.00,0.00,Matches,Copa CONMEBOL Sudamericana,2026
1e9ff026,Leonardo Landriel,ar ARG,MF,29-269,2,0,20,0.2,0,0,0,0,0,0,1,0,0.00,0.00,0.00,0.00,0.00,Matches,Copa CONMEBOL Sudamericana,2026
3eaf851f,Mateo Ramírez,ar ARG,MF,31-081,1,0,16,0.2,0,0,0,0,0,0,1,0,0.00,0.00,0.00,0.00,0.00,Matches,Copa CONMEBOL Sudamericana,2026
e7ba6063,Gonzalo Flores,ar ARG,FW,24-046,1,0,9,0.1,0,0,0,0,0,0,0,0,0.00,0.00,0.00,0.00,0.00,Matches,Copa CONMEBOL Sudamericana,2026
c4789f7e,Nicolás Caro,ar ARG,DF,30-340,0,0,,,,,,,,,,,,,,,,Matches,Copa CONMEBOL Sudamericana,2026
473004fb,Lautaro Duarte,ar ARG,,21-017,0,0,,,,,,,,,,,,,,,,Matches,Copa CONMEBOL Sudamericana,2026
15f33e9e,Dariel Ganly,ar ARG,MF,20-035,0,0,,,,,,,,,,,,,,,,Matches,Copa CONMEBOL Sudamericana,2026
54892f1a,Ramón Gonzalez,ar ARG,FW,24-010,0,0,,,,,,,,,,,,,,,,Matches,Copa CONMEBOL Sudamericana,2026
63b9e3c3,Nsumoh Kalu,sk SVK,FW,24-299,0,0,,,,,,,,,,,,,,,,Matches,Copa CONMEBOL Sudamericana,2026
59977f76,Iván López,ar ARG,GK,30-051,0,0,,,,,,,,,,,,,,,,Matches,Copa CONMEBOL Sudamericana,2026
5745e13b,Johan Gutiérrez,bo BOL,GK,29-194,1,1,90,1.0,0,0,0,0,0,0,0,0,0.00,0.00,0.00,0.00,0.00,Matches,Copa CONMEBOL Sudamericana,2026
bc165f69,Leonardo Montenegro,bo BOL,DF,21-018,1,1,90,1.0,0,0,0,0,0,0,0,0,0.00,0.00,0.00,0.00,0.00,Matches,Copa CONMEBOL Sudamericana,2026
f07e9b95,Luis Palma,py PAR,MF,31-249,1,1,90,1.0,0,0,0,0,0,0,1,0,0.00,0.00,0.00,0.00,0.00,Matches,Copa CONMEBOL Sudamericana,2026
dc17d14c,Francisco Rodriguez Zegada,bo BOL,DF,31-230,1,1,90,1.0,0,0,0,0,0,0,0,0,0.00,0.00,0.00,0.00,0.00,Matches,Copa CONMEBOL Sudamericana,2026
26bf8a3c,Juan Villavicencio,bo BOL,MF,18-281,1,1,90,1.0,0,0,0,0,0,0,0,0,0.00,0.00,0.00,0.00,0.00,Matches,Copa CONMEBOL Sudamericana,2026
5f15302c,Thomaz,br BRA,MF,39-342,1,1,84,0.9,0,0,0,0,0,0,2,1,0.00,0.00,0.00,0.00,0.00,Matches,Copa CONMEBOL Sudamericana,2026
d522a78b,Saúl Torres,bo BOL,DF,36-018,1,1,83,0.9,0,0,0,0,0,0,0,0,0.00,0.00,0.00,0.00,0.00,Matches,Copa CONMEBOL Sudamericana,2026
505c5f1a,Gustavo Cristaldo,py PAR,MF,36-313,1,1,70,0.8,0,0,0,0,0,0,0,0,0.00,0.00,0.00,0.00,0.00,Matches,Copa CONMEBOL Sudamericana,2026
a6aebf60,Rudy Cardozo,bo BOL,MF,36-054,1,1,59,0.7,0,0,0,0,0,0,0,0,0.00,0.00,0.00,0.00,0.00,Matches,Copa CONMEBOL Sudamericana,2026
f067d873,Diego Navarro,bo BOL,FW,33-122,1,1,59,0.7,0,0,0,0,0,0,1,0,0.00,0.00,0.00,0.00,0.00,Matches,Copa CONMEBOL Sudamericana,2026
f5277538,Rodrigo Rivas Gonzalez,co COL,FW,28-363,1,1,59,0.7,0,0,0,0,0,0,0,0,0.00,0.00,0.00,0.00,0.00,Matches,Copa CONMEBOL Sudamericana,2026
c4dbd5b8,Jonatan Cristaldo,ar ARG,FW,37-035,1,0,31,0.3,0,0,0,0,0,0,0,0,0.00,0.00,0.00,0.00,0.00,Matches,Copa CONMEBOL Sudamericana,2026
5cd099b9,Daniel Rojas,bo BOL,MF,26-046,1,0,31,0.3,0,0,0,0,0,0,0,0,0.00,0.00,0.00,0.00,0.00,Matches,Copa CONMEBOL Sudamericana,2026
911d3312,Willie,br BRA,"FW,MF",32-329,1,0,31,0.3,0,0,0,0,0,0,0,0,0.00,0.00,0.00,0.00,0.00,Matches,Copa CONMEBOL Sudamericana,2026
f34cc57f,Rafael Lutkowski,br BRA,FW,26-169,1,0,20,0.2,0,0,0,0,0,0,1,0,0.00,0.00,0.00,0.00,0.00,Matches,Copa CONMEBOL Sudamericana,2026
15387a67,Diego Vargas,,DF,,1,0,7,0.1,0,0,0,0,0,0,0,0,0.00,0.00,0.00,0.00,0.00,Matches,Copa CONMEBOL Sudamericana,2026
2f5bb736,Dalmiro Chuipa,bo BOL,DF,19-026,0,0,,,,,,,,,,,,,,,,Matches,Copa CONMEBOL Sudamericana,2026
92e6fd9c,Pablo Grass,bo BOL,DF,20-348,0,0,,,,,,,,,,,,,,,,Matches,Copa CONMEBOL Sudamericana,2026
62dbc21f,Heber Leaños,bo BOL,DF,35-294,0,0,,,,,,,,,,,,,,,,Matches,Copa CONMEBOL Sudamericana,2026
33e3e128,Ronny Montero,bo BOL,DF,34-329,0,0,,,,,,,,,,,,,,,,Matches,Copa CONMEBOL Sudamericana,2026
5117b1da,David Morales,,MF,,0,0,,,,,,,,,,,,,,,,Matches,Copa CONMEBOL Sudamericana,2026
eef32dc1,Jhunior Vera,bo BOL,GK,23-016,0,0,,,,,,,,,,,,,,,,Matches,Copa CONMEBOL Sudamericana,2026
699777b8,Rodrigo Zamora,,,,0,0,,,,,,,,,,,,,,,,Matches,Copa CONMEBOL Sudamericana,2026
bc07974b,Matías Abisab,uy URU,MF,32-211,1,1,90,1.0,0,0,0,0,0,0,0,0,0.00,0.00,0.00,0.00,0.00,Matches,Copa CONMEBOL Sudamericana,2026
eb4a5d82,Danny Bejarano,bo BOL,MF,32-096,1,1,90,1.0,0,0,0,0,0,0,1,0,0.00,0.00,0.00,0.00,0.00,Matches,Copa CONMEBOL Sudamericana,2026
03c94eec,Bayron Garces,co COL,FW,32-314,1,1,90,1.0,3,0,3,3,0,0,0,0,3.00,0.00,3.00,3.00,3.00,Matches,Copa CONMEBOL Sudamericana,2026
cd624f05,Diago Giménez,ar ARG,DF,28-343,1,1,90,1.0,0,0,0,0,0,0,0,0,0.00,0.00,0.00,0.00,0.00,Matches,Copa CONMEBOL Sudamericana,2026
e07e7325,Roberto Melgar Simoes,bo BOL,MF,19-290,1,1,90,1.0,1,0,1,1,0,0,0,0,1.00,0.00,1.00,1.00,1.00,Matches,Copa CONMEBOL Sudamericana,2026
6713da0e,Braulio Uraezaña,bo BOL,GK,31-014,1,1,90,1.0,0,0,0,0,0,0,0,0,0.00,0.00,0.00,0.00,0.00,Matches,Copa CONMEBOL Sudamericana,2026
4a203a6d,Roberto Hinojosa,co COL,MF,26-281,1,1,70,0.8,0,1,1,0,0,0,0,0,0.00,1.29,1.29,0.00,1.29,Matches,Copa CONMEBOL Sudamericana,2026
780803d8,Cesar Menacho,bo BOL,FW,26-243,1,1,70,0.8,1,1,2,1,0,0,0,0,1.29,1.29,2.57,1.29,2.57,Matches,Copa CONMEBOL Sudamericana,2026
ae557d57,Miguel Villarroel,bo BOL,MF,23-089,1,1,70,0.8,0,1,1,0,0,0,0,0,0.00,1.29,1.29,0.00,1.29,Matches,Copa CONMEBOL Sudamericana,2026
bcccfe93,Eduardo Álvarez,bo BOL,DF,23-000,1,1,45,0.5,0,1,1,0,0,0,1,0,0.00,2.00,2.00,0.00,2.00,Matches,Copa CONMEBOL Sudamericana,2026
96bdf262,Juan Gabriel Valverde,bo BOL,DF,35-289,1,1,45,0.5,0,0,0,0,0,0,0,0,0.00,0.00,0.00,0.00,0.00,Matches,Copa CONMEBOL Sudamericana,2026
88c53e1e,José María Carrasco,bo BOL,DF,28-236,1,0,45,0.5,0,0,0,0,0,0,0,0,0.00,0.00,0.00,0.00,0.00,Matches,Copa CONMEBOL Sudamericana,2026
5c3b0925,Moisés Villarroel Angulo,bo BOL,MF,27-225,1,0,45,0.5,0,0,0,0,0,0,1,0,0.00,0.00,0.00,0.00,0.00,Matches,Copa CONMEBOL Sudamericana,2026
0357679d,Jeyson Chura,bo BOL,MF,24-065,1,0,20,0.2,0,1,1,0,0,0,0,0,0.00,4.50,4.50,0.00,4.50,Matches,Copa CONMEBOL Sudamericana,2026
8313e55a,Esdras Mendoza,bo BOL,MF,22-182,1,0,20,0.2,0,0,0,0,0,0,0,0,0.00,0.00,0.00,0.00,0.00,Matches,Copa CONMEBOL Sudamericana,2026
fb32f91e,Anthony Vásquez,co COL,FW,23-284,1,0,20,0.2,0,0,0,0,0,0,0,0,0.00,0.00,0.00,0.00,0.00,Matches,Copa CONMEBOL Sudamericana,2026
9707ecb4,Gustavo Almada,bo BOL,GK,31-345,0,0,,,,,,,,,,,,,,,,Matches,Copa CONMEBOL Sudamericana,2026
de31e1f9,Mauricio Cabral,bo BOL,FW,25-155,0,0,,,,,,,,,,,,,,,,Matches,Copa CONMEBOL Sudamericana,2026
6e78908c,Guilmar Centella,bo BOL,MF,21-014,0,0,,,,,,,,,,,,,,,,Matches,Copa CONMEBOL Sudamericana,2026
62966f56,Luis Chávez,bo BOL,MF,19-222,0,0,,,,,,,,,,,,,,,,Matches,Copa CONMEBOL Sudamericana,2026
772e88b5,Denilson Durán,bo BOL,DF,23-016,0,0,,,,,,,,,,,,,,,,Matches,Copa CONMEBOL Sudamericana,2026
4d54c92e,Auli Oliveros,co COL,MF,24-251,0,0,,,,,,,,,,,,,,,,Matches,Copa CONMEBOL Sudamericana,2026
acd77848,Saúl Severiche,bo BOL,DF,23-327,0,0,,,,,,,,,,,,,,,,Matches,Copa CONMEBOL Sudamericana,2026
cbf54f3a,Walter Tandazo,pe PER,MF,25-299,8,8,689,7.7,0,0,0,0,0,0,3,0,0.00,0.00,0.00,0.00,0.00,Matches,Copa CONMEBOL Sudamericana,2026
f1ff14eb,Jesús Alcantar,mx MEX,DF,22-253,9,7,720,8.0,1,0,1,1,0,0,1,0,0.12,0.00,0.12,0.12,0.12,Matches,Copa CONMEBOL Sudamericana,2026
a87ef33f,Matias Zegarra,pe PER,"DF,MF",19-114,8,7,630,7.0,1,1,2,1,0,0,2,1,0.14,0.14,0.29,0.14,0.29,Matches,Copa CONMEBOL Sudamericana,2026
1b9399bc,Bernardo Cuesta,ar ARG,FW,37-110,9,7,620,6.9,3,2,5,3,0,1,1,1,0.44,0.29,0.73,0.44,0.73,Matches,Copa CONMEBOL Sudamericana,2026
c82c362a,Jhonny Vidales,pe PER,"MF,FW",33-352,9,7,593,6.6,2,0,2,0,2,2,0,0,0.30,0.00,0.30,0.00,0.00,Matches,Copa CONMEBOL Sudamericana,2026
d19ff8ab,Javier Salas,mx MEX,"MF,DF",32-232,8,7,581,6.5,0,0,0,0,0,0,1,0,0.00,0.00,0.00,0.00,0.00,Matches,Copa CONMEBOL Sudamericana,2026
3ed907b6,Matías Lazo,pe PER,DF,22-272,7,7,506,5.6,0,1,1,0,0,0,3,0,0.00,0.18,0.18,0.00,0.18,Matches,Copa CONMEBOL Sudamericana,2026
61447b81,Jorge Cabezudo,pe PER,GK,24-170,5,5,450,5.0,0,0,0,0,0,0,0,0,0.00,0.00,0.00,0.00,0.00,Matches,Copa CONMEBOL Sudamericana,2026
1a8ed4a1,Lautaro Guzmán,ar ARG,MF,26-081,8,5,379,4.2,0,0,0,0,0,0,0,1,0.00,0.00,0.00,0.00,0.00,Matches,Copa CONMEBOL Sudamericana,2026
1cc64c10,Alejandro Ramos,pe PER,"DF,MF",27-208,5,5,342,3.8,0,0,0,0,0,0,0,0,0.00,0.00,0.00,0.00,0.00,Matches,Copa CONMEBOL Sudamericana,2026
6d7ae09e,Pablo Erustes,ar ARG,"MF,FW",32-016,9,4,479,5.3,1,0,1,1,0,0,0,0,0.19,0.00,0.19,0.19,0.19,Matches,Copa CONMEBOL Sudamericana,2026
bf63f7ce,Alec Deneumostier,pe PER,DF,26-339,5,4,408,4.5,1,0,1,1,0,0,2,0,0.22,0.00,0.22,0.22,0.22,Matches,Copa CONMEBOL Sudamericana,2026
e1d6f441,Carlos Cáceda,pe PER,GK,34-194,4,4,360,4.0,0,0,0,0,0,0,0,0,0.00,0.00,0.00,0.00,0.00,Matches,Copa CONMEBOL Sudamericana,2026
10426eef,Cristian Bordacahar,ar ARG,"MF,DF",34-164,5,4,358,4.0,2,0,2,2,0,0,1,0,0.50,0.00,0.50,0.50,0.50,Matches,Copa CONMEBOL Sudamericana,2026
9be7ace2,Nicolás Quagliata,uy URU,"MF,FW",26-308,4,4,340,3.8,1,1,2,1,0,0,0,0,0.26,0.26,0.53,0.26,0.53,Matches,Copa CONMEBOL Sudamericana,2026
12254e96,Horacio Orzán,ar ARG,"MF,DF",37-360,5,4,304,3.4,0,0,0,0,0,0,0,0,0.00,0.00,0.00,0.00,0.00,Matches,Copa CONMEBOL Sudamericana,2026
d48a1284,Juan Escobar,py PAR,DF,30-280,4,3,315,3.5,0,0,0,0,0,0,1,0,0.00,0.00,0.00,0.00,0.00,Matches,Copa CONMEBOL Sudamericana,2026
335da781,Franco Zanelatto,pe PER,"MF,FW",25-335,6,3,197,2.2,0,1,1,0,0,0,0,0,0.00,0.46,0.46,0.00,0.46,Matches,Copa CONMEBOL Sudamericana,2026
2ebf6eb4,Jhamir D'Arrigo,pe PER,MF,26-145,7,1,175,1.9,0,0,0,0,0,0,1,0,0.00,0.00,0.00,0.00,0.00,Matches,Copa CONMEBOL Sudamericana,2026
8898f8a2,Jeriel Córdova,ve VEN,FW,23-295,5,1,137,1.5,1,1,2,1,0,0,2,0,0.66,0.66,1.31,0.66,1.31,Matches,Copa CONMEBOL Sudamericana,2026
53c46377,Nelson Cabanillas,pe PER,DF,26-060,2,1,56,0.6,0,1,1,0,0,0,0,0,0.00,1.61,1.61,0.00,1.61,Matches,Copa CONMEBOL Sudamericana,2026
e3184e4b,Gian García,pe PER,MF,20-176,1,1,45,0.5,0,0,0,0,0,0,0,0,0.00,0.00,0.00,0.00,0.00,Matches,Copa CONMEBOL Sudamericana,2026
7f3db7a2,Yimy Gamero,pe PER,MF,24-092,4,0,79,0.9,0,0,0,0,0,0,0,0,0.00,0.00,0.00,0.00,0.00,Matches,Copa CONMEBOL Sudamericana,2026
e8b677af,Jefferson Cáceres,pe PER,MF,23-230,2,0,36,0.4,0,0,0,0,0,0,0,0,0.00,0.00,0.00,0.00,0.00,Matches,Copa CONMEBOL Sudamericana,2026
13afda18,Nicolas Figueroa,pe PER,FW,23-320,3,0,23,0.3,0,0,0,0,0,0,0,0,0.00,0.00,0.00,0.00,0.00,Matches,Copa CONMEBOL Sudamericana,2026
ed573984,José Ryu Yabiku,pe PER,FW,19-166,1,0,1,0.0,0,0,0,0,0,0,0,0,0.00,0.00,0.00,0.00,0.00,Matches,Copa CONMEBOL Sudamericana,2026
7ebf6c49,Patricio Núnez,pe PER,MF,18-298,0,0,,,,,,,,,,,,,,,,Matches,Copa CONMEBOL Sudamericana,2026
539f6761,Rafael Pires,br BRA,GK,36-290,10,10,900,10.0,0,0,0,0,0,0,0,0,0.00,0.00,0.00,0.00,0.00,Matches,Copa CONMEBOL Sudamericana,2026
6922f806,Jonathan Calleri,ar ARG,FW,32-198,10,9,813,9.0,6,0,6,5,1,1,1,0,0.66,0.00,0.66,0.55,0.55,Matches,Copa CONMEBOL Sudamericana,2026
e1524457,José Sabino,br BRA,DF,29-166,9,9,765,8.5,1,0,1,1,0,0,0,0,0.12,0.00,0.12,0.12,0.12,Matches,Copa CONMEBOL Sudamericana,2026
108fe016,Marcos Antônio,br BRA,MF,25-300,10,8,768,8.5,0,2,2,0,0,0,0,0,0.00,0.23,0.23,0.00,0.23,Matches,Copa CONMEBOL Sudamericana,2026
320de24c,Danielzinho,br BRA,MF,31-156,8,8,639,7.1,1,1,2,1,0,0,0,0,0.14,0.14,0.28,0.14,0.28,Matches,Copa CONMEBOL Sudamericana,2026
ad7d6437,Damián Bobadilla,py PAR,MF,24-272,9,8,625,6.9,0,1,1,0,0,0,1,0,0.00,0.14,0.14,0.00,0.14,Matches,Copa CONMEBOL Sudamericana,2026
a548281c,Alan Franco,ar ARG,DF,29-180,8,8,623,6.9,0,0,0,0,0,0,2,0,0.00,0.00,0.00,0.00,0.00,Matches,Copa CONMEBOL Sudamericana,2026
24ce161c,Luciano,br BRA,"FW,MF",32-326,9,7,618,6.9,2,1,3,2,0,1,2,0,0.29,0.15,0.44,0.29,0.44,Matches,Copa CONMEBOL Sudamericana,2026
58933a04,Lucas Ramon,br BRA,DF,32-033,6,6,520,5.8,0,1,1,0,0,0,0,0,0.00,0.17,0.17,0.00,0.17,Matches,Copa CONMEBOL Sudamericana,2026
411d2dc0,Enzo Díaz,ar ARG,DF,30-123,7,6,518,5.8,0,1,1,0,0,0,3,0,0.00,0.17,0.17,0.00,0.17,Matches,Copa CONMEBOL Sudamericana,2026
f9acca3a,Wendell,br BRA,"DF,MF",32-263,5,4,381,4.2,0,1,1,0,0,0,2,0,0.00,0.24,0.24,0.00,0.24,Matches,Copa CONMEBOL Sudamericana,2026
f11cb3b7,Maik,br BRA,"DF,MF",21-096,4,4,340,3.8,0,0,0,0,0,0,0,0,0.00,0.00,0.00,0.00,0.00,Matches,Copa CONMEBOL Sudamericana,2026
3a243771,Pablo Maia,br BRA,MF,24-089,8,3,335,3.7,0,0,0,0,0,0,1,0,0.00,0.00,0.00,0.00,0.00,Matches,Copa CONMEBOL Sudamericana,2026
269dbfc6,Robert Arboleda,ec ECU,DF,34-169,6,3,317,3.5,0,0,0,0,0,0,0,0,0.00,0.00,0.00,0.00,0.00,Matches,Copa CONMEBOL Sudamericana,2026
2b53f7a5,Cauly Oliveira Souza,br BRA,"MF,FW",30-206,7,3,295,3.3,1,0,1,0,1,1,0,0,0.31,0.00,0.31,0.00,0.00,Matches,Copa CONMEBOL Sudamericana,2026
2b622f01,Lucas Moura,br BRA,"MF,FW",33-239,7,3,292,3.2,1,1,2,0,1,1,0,0,0.31,0.31,0.62,0.00,0.31,Matches,Copa CONMEBOL Sudamericana,2026
c56dc39e,Rafael Tolói,it ITA,DF,35-181,3,3,270,3.0,0,0,0,0,0,0,2,0,0.00,0.00,0.00,0.00,0.00,Matches,Copa CONMEBOL Sudamericana,2026
cdbd6b8a,Gonzalo Tapia,cl CHI,FW,24-050,6,2,208,2.3,0,0,0,0,0,0,0,0,0.00,0.00,0.00,0.00,0.00,Matches,Copa CONMEBOL Sudamericana,2026
1414e902,Ferreira,br BRA,"MF,FW",28-099,7,2,201,2.2,3,0,3,3,0,0,2,0,1.34,0.00,1.34,1.34,1.34,Matches,Copa CONMEBOL Sudamericana,2026
105132cd,Artur,br BRA,MF,28-053,2,2,179,2.0,0,1,1,0,0,0,0,0,0.00,0.50,0.50,0.00,0.50,Matches,Copa CONMEBOL Sudamericana,2026
dde93e2c,André Silva,br BRA,FW,28-310,6,1,111,1.2,0,0,0,0,0,0,1,0,0.00,0.00,0.00,0.00,0.00,Matches,Copa CONMEBOL Sudamericana,2026
d93eadad,Djhordney Ferreira,br BRA,MF,18-296,1,1,45,0.5,0,0,0,0,0,0,1,0,0.00,0.00,0.00,0.00,0.00,Matches,Copa CONMEBOL Sudamericana,2026
d28b4a9d,Dória,br BRA,DF,31-152,1,0,45,0.5,0,0,0,0,0,0,0,0,0.00,0.00,0.00,0.00,0.00,Matches,Copa CONMEBOL Sudamericana,2026
839c14e1,Cédric Soares,pt POR,"DF,MF",34-221,3,0,39,0.4,0,0,0,0,0,0,0,0,0.00,0.00,0.00,0.00,0.00,Matches,Copa CONMEBOL Sudamericana,2026
12a226cf,Luan Silva,br BRA,MF,27-026,3,0,24,0.3,0,0,0,0,0,0,0,0,0.00,0.00,0.00,0.00,0.00,Matches,Copa CONMEBOL Sudamericana,2026
719aab45,Nahuel Ferraresi,ve VEN,DF,27-141,2,0,21,0.2,0,0,0,0,0,0,0,0,0.00,0.00,0.00,0.00,0.00,Matches,Copa CONMEBOL Sudamericana,2026
10eb3647,Pedrinho,br BRA,MF,18-350,1,0,6,0.1,0,0,0,0,0,0,0,0,0.00,0.00,0.00,0.00,0.00,Matches,Copa CONMEBOL Sudamericana,2026
3988393d,Nicolas,br BRA,DF,19-001,1,0,1,0.0,0,0,0,0,0,0,0,0,0.00,0.00,0.00,0.00,0.00,Matches,Copa CONMEBOL Sudamericana,2026
d377cac1,Tetê,br BRA,FW,18-360,1,0,1,0.0,0,0,0,0,0,0,0,0,0.00,0.00,0.00,0.00,0.00,Matches,Copa CONMEBOL Sudamericana,2026
5c07e176,Carlos Coronel,py PAR,GK,29-101,0,0,,,,,,,,,,,,,,,,Matches,Copa CONMEBOL Sudamericana,2026
1d6ffbb1,Lucca Marques,br BRA,FW,18-299,0,0,,,,,,,,,,,,,,,,Matches,Copa CONMEBOL Sudamericana,2026
b3be99e3,João Moreira,pt POR,DF,21-323,0,0,,,,,,,,,,,,,,,,Matches,Copa CONMEBOL Sudamericana,2026
784f2ef7,Felipe Negrucci,br BRA,DF,21-340,0,0,,,,,,,,,,,,,,,,Matches,Copa CONMEBOL Sudamericana,2026
be817fc6,Young,br BRA,GK,24-033,0,0,,,,,,,,,,,,,,,,Matches,Copa CONMEBOL Sudamericana,2026
b8f09f19,Sebastián Pérez Kirby,cl CHI,GK,35-219,8,8,720,8.0,0,0,0,0,0,0,1,0,0.00,0.00,0.00,0.00,0.00,Matches,Copa CONMEBOL Sudamericana,2026
bf8f3f59,Sebastián Gallegos,uy URU,MF,34-081,8,8,714,7.9,1,1,2,1,0,0,2,0,0.13,0.13,0.25,0.13,0.25,Matches,Copa CONMEBOL Sudamericana,2026
c300c5e4,Dilan Zúñiga,cl CHI,"DF,MF",29-257,8,8,713,7.9,0,1,1,0,0,0,2,0,0.00,0.13,0.13,0.00,0.13,Matches,Copa CONMEBOL Sudamericana,2026
3928933a,Ian Garguez,cl CHI,"DF,MF",21-065,8,8,624,6.9,1,1,2,1,0,0,1,0,0.14,0.14,0.29,0.14,0.29,Matches,Copa CONMEBOL Sudamericana,2026
88d268c8,Julián Fernández,ar ARG,MF,31-018,8,8,604,6.7,1,3,4,1,0,0,5,1,0.15,0.45,0.60,0.15,0.60,Matches,Copa CONMEBOL Sudamericana,2026
f9c22ce9,Nelson Da Silva,ar ARG,FW,29-227,8,6,579,6.4,4,1,5,4,0,0,1,0,0.62,0.16,0.78,0.62,0.78,Matches,Copa CONMEBOL Sudamericana,2026
3f5b6c8d,Vicente Espinoza,cl CHI,DF,22-146,6,6,540,6.0,1,0,1,1,0,0,3,0,0.17,0.00,0.17,0.17,0.17,Matches,Copa CONMEBOL Sudamericana,2026
2c24fe94,Fernando Meza,ar ARG,DF,36-019,6,5,500,5.6,0,0,0,0,0,0,3,1,0.00,0.00,0.00,0.00,0.00,Matches,Copa CONMEBOL Sudamericana,2026
fbcb25ab,José Bizama,cl CHI,DF,31-288,5,5,399,4.4,0,0,0,0,0,0,2,0,0.00,0.00,0.00,0.00,0.00,Matches,Copa CONMEBOL Sudamericana,2026
e9446176,Francisco Montes,cl CHI,MF,21-335,7,5,383,4.3,1,0,1,1,0,0,3,0,0.23,0.00,0.23,0.23,0.23,Matches,Copa CONMEBOL Sudamericana,2026
f45634a9,Martín Araya,cl CHI,MF,20-194,4,4,231,2.6,1,1,2,1,0,0,0,0,0.39,0.39,0.78,0.39,0.78,Matches,Copa CONMEBOL Sudamericana,2026
def9e710,Jonathan Benítez,ar ARG,MF,34-217,8,3,281,3.1,0,0,0,0,0,0,5,0,0.00,0.00,0.00,0.00,0.00,Matches,Copa CONMEBOL Sudamericana,2026
b8fc737c,César Munder,cu CUB,MF,26-092,4,3,267,3.0,1,0,1,1,0,0,0,0,0.34,0.00,0.34,0.34,0.34,Matches,Copa CONMEBOL Sudamericana,2026
8cce9a77,Bryan Carrasco,cl CHI,MF,35-068,8,2,280,3.1,0,0,0,0,0,1,0,0,0.00,0.00,0.00,0.00,0.00,Matches,Copa CONMEBOL Sudamericana,2026
c1d69313,Jason León,cl CHI,MF,25-333,6,2,253,2.8,0,1,1,0,0,0,1,0,0.00,0.36,0.36,0.00,0.36,Matches,Copa CONMEBOL Sudamericana,2026
5e288e7a,Gonzalo Tapia,cl CHI,FW,30-044,5,2,231,2.6,0,0,0,0,0,0,0,0,0.00,0.00,0.00,0.00,0.00,Matches,Copa CONMEBOL Sudamericana,2026
4b364742,Ronnie Fernández,cl CHI,FW,35-069,3,2,186,2.1,1,0,1,1,0,0,1,0,0.48,0.00,0.48,0.48,0.48,Matches,Copa CONMEBOL Sudamericana,2026
37f827ec,Enzo Roco,cl CHI,DF,33-236,2,1,135,1.5,0,0,0,0,0,0,0,0,0.00,0.00,0.00,0.00,0.00,Matches,Copa CONMEBOL Sudamericana,2026
19f3220d,Antonio Ceza,cl CHI,DF,23-137,2,1,46,0.5,0,0,0,0,0,0,1,0,0.00,0.00,0.00,0.00,0.00,Matches,Copa CONMEBOL Sudamericana,2026
0c29b78c,Joe Abrigo,cl CHI,MF,31-018,1,1,45,0.5,0,1,1,0,0,0,0,0,0.00,2.00,2.00,0.00,2.00,Matches,Copa CONMEBOL Sudamericana,2026
54d9d292,Nicolás Alonso Meza Muñoz,cl CHI,MF,23-362,6,0,107,1.2,0,0,0,0,0,0,0,0,0.00,0.00,0.00,0.00,0.00,Matches,Copa CONMEBOL Sudamericana,2026
65550b83,Ian Alegría,cl CHI,FW,17-341,1,0,20,0.2,0,1,1,0,0,0,0,0,0.00,4.50,4.50,0.00,4.50,Matches,Copa CONMEBOL Sudamericana,2026
218d4c1a,Dilan Salgado,cl CHI,MF,22-271,1,0,11,0.1,0,0,0,0,0,0,0,0,0.00,0.00,0.00,0.00,0.00,Matches,Copa CONMEBOL Sudamericana,2026
2881394e,Albert Gómez,,FW,,1,0,4,0.0,0,0,0,0,0,0,0,0,0.00,0.00,0.00,0.00,0.00,Matches,Copa CONMEBOL Sudamericana,2026
04ee3cdc,Sebastián Salas,cl CHI,GK,24-348,0,0,,,,,,,,,,,,,,,,Matches,Copa CONMEBOL Sudamericana,2026
094c0621,Rodrigo Insúa,ar ARG,"MF,DF",28-114,12,12,"1,080",12.0,3,0,3,1,2,2,2,0,0.25,0.00,0.25,0.08,0.08,Matches,Copa CONMEBOL Sudamericana,2026
1e594292,Iván Tapia,ar ARG,MF,27-137,12,12,935,10.4,1,1,2,1,0,0,0,0,0.10,0.10,0.19,0.10,0.19,Matches,Copa CONMEBOL Sudamericana,2026
3372ab71,Marcelo Miño,ar ARG,GK,28-231,11,11,979,10.9,0,0,0,0,0,0,1,0,0.00,0.00,0.00,0.00,0.00,Matches,Copa CONMEBOL Sudamericana,2026
77c42172,Tomás Porra,ar ARG,MF,22-090,12,11,911,10.1,0,2,2,0,0,0,3,0,0.00,0.20,0.20,0.00,0.20,Matches,Copa CONMEBOL Sudamericana,2026
4958ceac,Fernando Tobio,ar ARG,DF,36-173,10,10,891,9.9,1,0,1,1,0,0,0,0,0.10,0.00,0.10,0.10,0.10,Matches,Copa CONMEBOL Sudamericana,2026
d64d46e4,Nicolás Capraro,ar ARG,DF,28-037,10,8,772,8.6,0,0,0,0,0,0,1,0,0.00,0.00,0.00,0.00,0.00,Matches,Copa CONMEBOL Sudamericana,2026
8d7881e1,Facundo Bruera,ar ARG,FW,27-198,11,8,722,8.0,1,1,2,1,0,0,5,0,0.12,0.12,0.25,0.12,0.25,Matches,Copa CONMEBOL Sudamericana,2026
15bf7de8,Dardo Miloc,ar ARG,MF,35-175,11,7,699,7.8,0,0,0,0,0,0,3,0,0.00,0.00,0.00,0.00,0.00,Matches,Copa CONMEBOL Sudamericana,2026
a62813d2,Jhonatan Candia,uy URU,FW,31-025,10,7,583,6.5,1,0,1,1,0,0,1,0,0.15,0.00,0.15,0.15,0.15,Matches,Copa CONMEBOL Sudamericana,2026
16f7625e,Rafael Barrios,ar ARG,"MF,DF",32-321,8,7,482,5.4,0,0,0,0,0,0,0,0,0.00,0.00,0.00,0.00,0.00,Matches,Copa CONMEBOL Sudamericana,2026
125e771a,Gonzalo Morales,ar ARG,FW,23-036,10,6,543,6.0,1,0,1,1,0,0,1,0,0.17,0.00,0.17,0.17,0.17,Matches,Copa CONMEBOL Sudamericana,2026
74223a01,Gastón Campi,ar ARG,DF,35-003,7,6,542,6.0,0,0,0,0,0,0,2,0,0.00,0.00,0.00,0.00,0.00,Matches,Copa CONMEBOL Sudamericana,2026
328cb061,Nicolás Demartini,ar ARG,DF,26-156,6,6,540,6.0,0,1,1,0,0,0,2,0,0.00,0.17,0.17,0.00,0.17,Matches,Copa CONMEBOL Sudamericana,2026
75c06d00,Iván Guaraz,ar ARG,MF,20-333,8,5,400,4.4,0,0,0,0,0,0,2,0,0.00,0.00,0.00,0.00,0.00,Matches,Copa CONMEBOL Sudamericana,2026
879d015a,Kevin Jappert,ar ARG,"DF,MF",22-043,6,4,375,4.2,1,0,1,1,0,0,0,0,0.24,0.00,0.24,0.24,0.24,Matches,Copa CONMEBOL Sudamericana,2026
3fd3bf8a,Damián Martínez,ar ARG,MF,36-068,6,4,319,3.5,0,0,0,0,0,0,0,0,0.00,0.00,0.00,0.00,0.00,Matches,Copa CONMEBOL Sudamericana,2026
e01ca8f4,Gonzalo Maroni,ar ARG,"MF,FW",27-022,8,3,374,4.2,1,0,1,1,0,0,2,0,0.24,0.00,0.24,0.24,0.24,Matches,Copa CONMEBOL Sudamericana,2026
b75a1b03,Yonatthan Rak,uy URU,DF,32-234,4,2,191,2.1,0,0,0,0,0,0,0,0,0.00,0.00,0.00,0.00,0.00,Matches,Copa CONMEBOL Sudamericana,2026
b47b5b30,Norberto Briasco,am ARM,FW,30-039,6,1,170,1.9,0,0,0,0,0,0,0,0,0.00,0.00,0.00,0.00,0.00,Matches,Copa CONMEBOL Sudamericana,2026
ca252a8a,Lucas Gamba,ar ARG,MF,38-289,4,1,102,1.1,1,0,1,1,0,0,0,0,0.88,0.00,0.88,0.88,0.88,Matches,Copa CONMEBOL Sudamericana,2026
93649708,Juan Espínola,py PAR,GK,31-158,2,1,101,1.1,0,0,0,0,0,0,0,0,0.00,0.00,0.00,0.00,0.00,Matches,Copa CONMEBOL Sudamericana,2026
be50f4be,Manuel Agustín Duarte,ar ARG,MF,24-229,3,0,62,0.7,0,0,0,0,0,0,0,0,0.00,0.00,0.00,0.00,0.00,Matches,Copa CONMEBOL Sudamericana,2026
5eff45c2,Enzo Taborda,ar ARG,FW,20-324,3,0,57,0.6,0,0,0,0,0,0,0,0,0.00,0.00,0.00,0.00,0.00,Matches,Copa CONMEBOL Sudamericana,2026
5bc7c208,Rodrigo Bogarín,py PAR,"FW,MF",28-320,2,0,27,0.3,0,0,0,0,0,0,0,0,0.00,0.00,0.00,0.00,0.00,Matches,Copa CONMEBOL Sudamericana,2026
e1dac904,Maximiliano Puig,ar ARG,MF,25-203,2,0,23,0.3,0,0,0,0,0,0,0,0,0.00,0.00,0.00,0.00,0.00,Matches,Copa CONMEBOL Sudamericana,2026
f2f3d87c,Valentino Gandín,ar ARG,FW,18-322,0,0,,,,,,,,,,,,,,,,Matches,Copa CONMEBOL Sudamericana,2026
8f2ed127,Yeison Gordillo,co COL,MF,33-288,0,0,,,,,,,,,,,,,,,,Matches,Copa CONMEBOL Sudamericana,2026
2b1afba8,Juan Insúa,ar ARG,GK,21-095,0,0,,,,,,,,,,,,,,,,Matches,Copa CONMEBOL Sudamericana,2026
769ddbea,Tomas Lavezzi,,FW,,0,0,,,,,,,,,,,,,,,,Matches,Copa CONMEBOL Sudamericana,2026
6eee3607,Wilfredo Rivera,pr PUR,FW,22-177,0,0,,,,,,,,,,,,,,,,Matches,Copa CONMEBOL Sudamericana,2026
412d5bfc,Yhonattan Yustiz,ve VEN,GK,34-072,10,10,900,10.0,0,,,0,0,0,2,0,0.00,,,0.00,,Matches,Copa CONMEBOL Sudamericana,2026
44611070,George Ayine,gh GHA,MF,27-127,10,10,873,9.7,1,,,1,0,0,1,0,0.10,,,0.10,,Matches,Copa CONMEBOL Sudamericana,2026
71b6c2d7,Richard Figueroa,ve VEN,MF,29-248,10,10,830,9.2,2,,,2,0,0,1,0,0.22,,,0.22,,Matches,Copa CONMEBOL Sudamericana,2026
4eba9598,Miku,ve VEN,"MF,FW",40-233,10,10,798,8.9,4,,,2,2,2,3,0,0.45,,,0.23,,Matches,Copa CONMEBOL Sudamericana,2026
ae6f3778,Yolfran Caricote,ve VEN,DF,27-012,9,9,810,9.0,0,,,0,0,0,3,0,0.00,,,0.00,,Matches,Copa CONMEBOL Sudamericana,2026
e482ac41,Isaac Ramírez,ve VEN,DF,24-265,9,8,765,8.5,0,,,0,0,0,4,0,0.00,,,0.00,,Matches,Copa CONMEBOL Sudamericana,2026
45c0d04d,Andrés Ferro,ve VEN,DF,24-250,8,8,720,8.0,0,,,0,0,0,1,0,0.00,,,0.00,,Matches,Copa CONMEBOL Sudamericana,2026
cf7fe63a,David Zalzman,ve VEN,MF,30-036,9,8,547,6.1,1,,,1,0,0,3,0,0.16,,,0.16,,Matches,Copa CONMEBOL Sudamericana,2026
9845f58f,Kavier Ortiz,ec ECU,FW,24-004,10,6,603,6.7,3,,,3,0,0,1,0,0.45,,,0.45,,Matches,Copa CONMEBOL Sudamericana,2026
450fca65,Saimon Ramírez,ve VEN,MF,24-086,10,6,525,5.8,0,,,0,0,0,1,0,0.00,,,0.00,,Matches,Copa CONMEBOL Sudamericana,2026
02c9243f,Ely Valderrey,ve VEN,DF,39-345,6,6,479,5.3,0,,,0,0,0,1,0,0.00,,,0.00,,Matches,Copa CONMEBOL Sudamericana,2026
15176ea1,Francisco Manenti,ar ARG,DF,29-339,5,5,450,5.0,0,,,0,0,0,3,0,0.00,,,0.00,,Matches,Copa CONMEBOL Sudamericana,2026
a46fac7b,Jeilerth Navarro,ve VEN,MF,20-339,8,4,389,4.3,0,,,0,0,0,0,0,0.00,,,0.00,,Matches,Copa CONMEBOL Sudamericana,2026
ec804c19,Angel Jaimes,ve VEN,DF,20-127,4,4,360,4.0,0,,,0,0,0,1,0,0.00,,,0.00,,Matches,Copa CONMEBOL Sudamericana,2026
8f4b4b80,Jeizon Ramírez,ve VEN,FW,25-016,5,4,293,3.3,1,,,1,0,0,1,0,0.31,,,0.31,,Matches,Copa CONMEBOL Sudamericana,2026
0c564c76,Rafael Sangiovani,ar ARG,MF,28-009,9,1,304,3.4,0,,,0,0,0,2,0,0.00,,,0.00,,Matches,Copa CONMEBOL Sudamericana,2026
8bef0b41,Rafael Acosta,ve VEN,MF,37-055,4,1,92,1.0,0,,,0,0,0,2,0,0.00,,,0.00,,Matches,Copa CONMEBOL Sudamericana,2026
b03b699b,Marlon Díaz,ve VEN,FW,22-087,8,0,96,1.1,0,,,0,0,0,0,0,0.00,,,0.00,,Matches,Copa CONMEBOL Sudamericana,2026
bb5ac1ee,Agustín Bianciotti,ar ARG,FW,22-098,4,0,34,0.4,1,,,1,0,0,0,0,2.65,,,2.65,,Matches,Copa CONMEBOL Sudamericana,2026
5f105cd2,Javier Gimenez,ve VEN,MF,20-235,4,0,24,0.3,0,,,0,0,0,0,0,0.00,,,0.00,,Matches,Copa CONMEBOL Sudamericana,2026
c4bbea4c,Robert Garcés,ve VEN,MF,33-004,1,0,7,0.1,0,,,0,0,0,1,0,0.00,,,0.00,,Matches,Copa CONMEBOL Sudamericana,2026
903cfff4,Alejandro Hernandez,ve VEN,DF,18-067,1,0,1,0.0,0,,,0,0,0,0,0,0.00,,,0.00,,Matches,Copa CONMEBOL Sudamericana,2026
5949f324,Christian Camarillo,ve VEN,MF,23-167,0,0,,,,,,,,,,,,,,,,Matches,Copa CONMEBOL Sudamericana,2026
7eab69bd,Jesus Lara,ve VEN,GK,19-293,0,0,,,,,,,,,,,,,,,,Matches,Copa CONMEBOL Sudamericana,2026
bc7e6130,Nicol Martinez Montes,ve VEN,FW,20-275,0,0,,,,,,,,,,,,,,,,Matches,Copa CONMEBOL Sudamericana,2026
d8ee3674,Alexander Nieves,ve VEN,FW,19-308,0,0,,,,,,,,,,,,,,,,Matches,Copa CONMEBOL Sudamericana,2026
56eae987,Jack Paiva,ve VEN,MF,26-098,0,0,,,,,,,,,,,,,,,,Matches,Copa CONMEBOL Sudamericana,2026
a685e8dc,Enderson Plana,,,,0,0,,,,,,,,,,,,,,,,Matches,Copa CONMEBOL Sudamericana,2026
3d8791e3,Alexis Rodriguez,ve VEN,MF,19-041,0,0,,,,,,,,,,,,,,,,Matches,Copa CONMEBOL Sudamericana,2026
83a299a7,José Urbina,,,,0,0,,,,,,,,,,,,,,,,Matches,Copa CONMEBOL Sudamericana,2026
8986fdd8,Andrés Felipe Román,co COL,DF,30-186,13,13,"1,170",13.0,0,1,1,0,0,0,5,0,0.00,0.08,0.08,0.00,0.08,Matches,Copa CONMEBOL Sudamericana,2026
7dc4f16a,Milton Casco,ar ARG,DF,37-363,12,12,"1,055",11.7,2,2,4,2,0,0,5,0,0.17,0.17,0.34,0.17,0.34,Matches,Copa CONMEBOL Sudamericana,2026
f12f32a5,Juan Manuel Rengifo,co COL,MF,21-007,15,11,976,10.8,5,5,10,5,0,0,3,0,0.46,0.46,0.92,0.46,0.92,Matches,Copa CONMEBOL Sudamericana,2026
ef88f778,Alfredo Morelos,co COL,FW,29-292,13,11,882,9.8,9,2,11,7,2,4,5,0,0.92,0.20,1.12,0.71,0.92,Matches,Copa CONMEBOL Sudamericana,2026
b997c3de,Mateus Uribe,co COL,MF,35-019,14,11,880,9.8,1,0,1,1,0,0,2,0,0.10,0.00,0.10,0.10,0.10,Matches,Copa CONMEBOL Sudamericana,2026
751faa38,Andrés Sarmiento,co COL,MF,28-084,15,11,853,9.5,2,4,6,2,0,0,0,0,0.21,0.42,0.63,0.21,0.63,Matches,Copa CONMEBOL Sudamericana,2026
bc115c92,Cesar Haydar,co COL,DF,25-009,10,10,900,10.0,0,0,0,0,0,0,2,0,0.00,0.00,0.00,0.00,0.00,Matches,Copa CONMEBOL Sudamericana,2026
b027ebdd,Simon Garcia,co COL,DF,21-088,10,9,863,9.6,0,0,0,0,0,0,1,0,0.00,0.00,0.00,0.00,0.00,Matches,Copa CONMEBOL Sudamericana,2026
718c76da,Nicolás Rodríguez,co COL,MF,21-349,11,8,610,6.8,0,2,2,0,0,0,1,0,0.00,0.30,0.30,0.00,0.30,Matches,Copa CONMEBOL Sudamericana,2026
d7a3b09f,Harlen Castillo,co COL,GK,32-235,7,7,630,7.0,0,0,0,0,0,0,0,0,0.00,0.00,0.00,0.00,0.00,Matches,Copa CONMEBOL Sudamericana,2026
82b1198a,David Ospina,co COL,GK,37-221,7,7,630,7.0,0,0,0,0,0,0,0,0,0.00,0.00,0.00,0.00,0.00,Matches,Copa CONMEBOL Sudamericana,2026
5ca52045,Jorman Campuzano,co COL,MF,29-344,10,7,625,6.9,0,0,0,0,0,0,2,1,0.00,0.00,0.00,0.00,0.00,Matches,Copa CONMEBOL Sudamericana,2026
e82b25f5,Edwin Cardona,co COL,"MF,FW",33-122,12,7,597,6.6,1,2,3,1,0,0,5,0,0.15,0.30,0.45,0.15,0.45,Matches,Copa CONMEBOL Sudamericana,2026
fea73077,Juan Zapata,co COL,MF,25-325,8,7,576,6.4,0,0,0,0,0,0,3,0,0.00,0.00,0.00,0.00,0.00,Matches,Copa CONMEBOL Sudamericana,2026
6c4f744d,William Tesillo,co COL,DF,36-066,7,7,572,6.4,1,1,2,1,0,0,2,1,0.16,0.16,0.31,0.16,0.31,Matches,Copa CONMEBOL Sudamericana,2026
8499c713,Marlos Moreno,co COL,MF,29-201,14,6,597,6.6,2,1,3,2,0,0,2,0,0.30,0.15,0.45,0.30,0.45,Matches,Copa CONMEBOL Sudamericana,2026
d7f77f30,Néider Parra,co COL,DF,20-344,5,4,375,4.2,0,0,0,0,0,0,1,0,0.00,0.00,0.00,0.00,0.00,Matches,Copa CONMEBOL Sudamericana,2026
14a8c907,Samuel Velásquez,co COL,DF,22-315,5,4,353,3.9,0,0,0,0,0,0,1,0,0.00,0.00,0.00,0.00,0.00,Matches,Copa CONMEBOL Sudamericana,2026
fea9401e,Cristian Arango,co COL,"MF,FW",31-031,8,4,279,3.1,1,0,1,1,0,0,1,0,0.32,0.00,0.32,0.32,0.32,Matches,Copa CONMEBOL Sudamericana,2026
218d336c,Dairon Asprilla,co COL,FW,33-319,13,3,484,5.4,2,2,4,2,0,0,1,0,0.37,0.37,0.74,0.37,0.74,Matches,Copa CONMEBOL Sudamericana,2026
2b40500f,Eduard Bello,ve VEN,MF,30-232,9,3,310,3.4,2,1,3,1,1,1,2,1,0.58,0.29,0.87,0.29,0.58,Matches,Copa CONMEBOL Sudamericana,2026
83811662,Cristian Uribe,co COL,DF,18-184,2,1,107,1.2,0,0,0,0,0,0,0,0,0.00,0.00,0.00,0.00,0.00,Matches,Copa CONMEBOL Sudamericana,2026
207ea81f,Kevin Cataño,co COL,GK,22-304,1,1,90,1.0,0,0,0,0,0,0,0,0,0.00,0.00,0.00,0.00,0.00,Matches,Copa CONMEBOL Sudamericana,2026
50cea07f,Matias Lozano,co COL,MF,17-290,3,1,81,0.9,1,0,1,1,0,0,0,0,1.11,0.00,1.11,1.11,1.11,Matches,Copa CONMEBOL Sudamericana,2026
8b6ac404,Juan Bauza,ar ARG,MF,29-341,6,0,110,1.2,1,0,1,1,0,0,0,0,0.82,0.00,0.82,0.82,0.82,Matches,Copa CONMEBOL Sudamericana,2026
9c18e72f,Elkin Rivero,co COL,MF,20-041,2,0,33,0.4,0,0,0,0,0,0,0,0,0.00,0.00,0.00,0.00,0.00,Matches,Copa CONMEBOL Sudamericana,2026
bc22091c,Juan Rosa,co COL,DF,18-279,2,0,29,0.3,0,0,0,0,0,0,0,0,0.00,0.00,0.00,0.00,0.00,Matches,Copa CONMEBOL Sudamericana,2026
1c19ba0a,Andrés Marín,,DF,,3,0,19,0.2,0,0,0,0,0,0,0,0,0.00,0.00,0.00,0.00,0.00,Matches,Copa CONMEBOL Sudamericana,2026
908804bf,Robinson García,co COL,DF,20-310,1,0,1,0.0,0,0,0,0,0,0,0,0,0.00,0.00,0.00,0.00,0.00,Matches,Copa CONMEBOL Sudamericana,2026
c7efe22e,Xavi Ríos,co COL,DF,20-070,0,0,,,,,,,,,,,,,,,,Matches,Copa CONMEBOL Sudamericana,2026
36401694,Edimer Zea,,GK,,0,0,,,,,,,,,,,,,,,,Matches,Copa CONMEBOL Sudamericana,2026
0518a77f,Tomás Ahumada,cl CHI,GK,24-289,8,8,720,8.0,0,0,0,0,0,0,0,0,0.00,0.00,0.00,0.00,0.00,Matches,Copa CONMEBOL Sudamericana,2026
21c18c2e,Daniel Piña,cl CHI,DF,24-144,8,8,720,8.0,0,0,0,0,0,0,1,0,0.00,0.00,0.00,0.00,0.00,Matches,Copa CONMEBOL Sudamericana,2026
2280b419,Esteban Matus,cl CHI,"MF,DF",24-056,8,8,698,7.8,0,2,2,0,0,0,0,0,0.00,0.26,0.26,0.00,0.26,Matches,Copa CONMEBOL Sudamericana,2026
e020cfc4,Marcelo Ortiz,ar ARG,DF,32-086,7,7,617,6.9,0,1,1,0,0,0,2,0,0.00,0.15,0.15,0.00,0.15,Matches,Copa CONMEBOL Sudamericana,2026
4d69c83e,Enzo Ferrario,cl CHI,DF,26-037,7,7,613,6.8,1,0,1,1,0,0,0,0,0.15,0.00,0.15,0.15,0.15,Matches,Copa CONMEBOL Sudamericana,2026
2bfe4d59,Marco Collao,cl CHI,MF,27-363,7,7,533,5.9,0,0,0,0,0,0,4,1,0.00,0.00,0.00,0.00,0.00,Matches,Copa CONMEBOL Sudamericana,2026
c4ec812a,Nicolás Aedo,cl CHI,"MF,DF",25-003,8,7,520,5.8,0,2,2,0,0,0,1,0,0.00,0.35,0.35,0.00,0.35,Matches,Copa CONMEBOL Sudamericana,2026
16234532,Federico Mateos,ar ARG,MF,33-012,8,6,589,6.5,1,0,1,1,0,0,3,1,0.15,0.00,0.15,0.15,0.15,Matches,Copa CONMEBOL Sudamericana,2026
9c874e17,Rodrigo Cabral,ar ARG,"MF,FW",25-244,8,5,430,4.8,1,0,1,0,1,1,1,0,0.21,0.00,0.21,0.00,0.00,Matches,Copa CONMEBOL Sudamericana,2026
d2c72e69,Diego Coelho,uy URU,FW,31-071,8,5,402,4.5,1,0,1,1,0,1,0,0,0.22,0.00,0.22,0.22,0.22,Matches,Copa CONMEBOL Sudamericana,2026
2e0d1e5b,Giovani Chiaverano,ar ARG,"MF,FW",20-323,8,4,373,4.1,2,1,3,2,0,0,2,0,0.48,0.24,0.72,0.48,0.72,Matches,Copa CONMEBOL Sudamericana,2026
95bca53e,Franco Troyansky,ar ARG,FW,29-034,8,3,351,3.9,2,0,2,2,0,0,2,0,0.51,0.00,0.51,0.51,0.51,Matches,Copa CONMEBOL Sudamericana,2026
7749d702,Paolo Guajardo,cl CHI,MF,22-317,7,3,328,3.6,0,1,1,0,0,0,0,0,0.00,0.27,0.27,0.00,0.27,Matches,Copa CONMEBOL Sudamericana,2026
6a39b3fc,Michael Fuentes,cl CHI,MF,27-317,4,3,227,2.5,0,0,0,0,0,0,0,0,0.00,0.00,0.00,0.00,0.00,Matches,Copa CONMEBOL Sudamericana,2026
e765f061,Martín Jiménez,cl CHI,DF,18-062,5,2,142,1.6,0,0,0,0,0,0,0,0,0.00,0.00,0.00,0.00,0.00,Matches,Copa CONMEBOL Sudamericana,2026
ffdb2ec3,Mario Sandoval,cl CHI,MF,18-245,5,1,178,2.0,0,0,0,0,0,0,2,0,0.00,0.00,0.00,0.00,0.00,Matches,Copa CONMEBOL Sudamericana,2026
c40717f5,Favian Loyola,cl CHI,MF,20-326,7,1,165,1.8,0,0,0,0,0,0,0,0,0.00,0.00,0.00,0.00,0.00,Matches,Copa CONMEBOL Sudamericana,2026
b8f9b52d,Diego Monreal,cl CHI,DF,23-216,3,1,108,1.2,0,0,0,0,0,0,0,0,0.00,0.00,0.00,0.00,0.00,Matches,Copa CONMEBOL Sudamericana,2026
28937156,Oliver Rojas,cl CHI,DF,25-302,2,1,99,1.1,0,0,0,0,0,0,0,0,0.00,0.00,0.00,0.00,0.00,Matches,Copa CONMEBOL Sudamericana,2026
c3e1eded,Raimundo Rebolledo,cl CHI,MF,28-330,1,1,81,0.9,0,0,0,0,0,0,0,0,0.00,0.00,0.00,0.00,0.00,Matches,Copa CONMEBOL Sudamericana,2026
320c2f6f,Pedro Garrido,cl CHI,GK,22-162,0,0,,,,,,,,,,,,,,,,Matches,Copa CONMEBOL Sudamericana,2026
24b259d5,Tomás Leyton,,,,0,0,,,,,,,,,,,,,,,,Matches,Copa CONMEBOL Sudamericana,2026
5e3a7b73,Bryan Soto,cl CHI,MF,24-301,0,0,,,,,,,,,,,,,,,,Matches,Copa CONMEBOL Sudamericana,2026
7b0cecae,Martín Valdés,cl CHI,MF,19-286,0,0,,,,,,,,,,,,,,,,Matches,Copa CONMEBOL Sudamericana,2026
080f60f8,Vicente Zenteno,,MF,,0,0,,,,,,,,,,,,,,,,Matches,Copa CONMEBOL Sudamericana,2026
821f3647,Gabriel Castellón,cl CHI,GK,32-213,8,8,720,8.0,0,0,0,0,0,0,1,0,0.00,0.00,0.00,0.00,0.00,Matches,Copa CONMEBOL Sudamericana,2026
c554f760,Fabián Hormazábal,cl CHI,"MF,DF",29-348,8,8,712,7.9,1,1,2,1,0,0,2,0,0.13,0.13,0.25,0.13,0.25,Matches,Copa CONMEBOL Sudamericana,2026
838dea0a,Franco Calderón,ar ARG,DF,27-331,7,7,630,7.0,0,0,0,0,0,0,0,0,0.00,0.00,0.00,0.00,0.00,Matches,Copa CONMEBOL Sudamericana,2026
0c72fa20,Matías Zaldivia,cl CHI,DF,35-077,7,7,630,7.0,1,0,1,1,0,0,1,0,0.14,0.00,0.14,0.14,0.14,Matches,Copa CONMEBOL Sudamericana,2026
873126a4,Nicolás Ramírez Aguilera,cl CHI,DF,28-343,8,7,580,6.4,1,0,1,1,0,0,0,0,0.16,0.00,0.16,0.16,0.16,Matches,Copa CONMEBOL Sudamericana,2026
bd603c00,Eduardo Vargas,cl CHI,"FW,MF",36-140,8,7,580,6.4,2,1,3,2,0,0,0,0,0.31,0.16,0.47,0.31,0.47,Matches,Copa CONMEBOL Sudamericana,2026
334e5b0f,Javier Urzúa,cl CHI,MF,26-231,8,7,548,6.1,2,0,2,2,0,0,2,0,0.33,0.00,0.33,0.33,0.33,Matches,Copa CONMEBOL Sudamericana,2026
d92370d3,Israel Poblete,cl CHI,MF,30-291,8,6,538,6.0,0,1,1,0,0,0,0,0,0.00,0.17,0.17,0.00,0.17,Matches,Copa CONMEBOL Sudamericana,2026
56413b1f,Charles Aránguiz,cl CHI,MF,36-357,6,6,476,5.3,0,0,0,0,0,0,0,0,0.00,0.00,0.00,0.00,0.00,Matches,Copa CONMEBOL Sudamericana,2026
b49944a9,Maximiliano Guerrero,cl CHI,MF,26-084,8,4,470,5.2,2,1,3,2,0,0,0,0,0.38,0.19,0.57,0.38,0.57,Matches,Copa CONMEBOL Sudamericana,2026
b4e5ce55,Lucas Assadi,cl CHI,"MF,FW",22-091,5,4,347,3.9,0,1,1,0,0,0,0,0,0.00,0.26,0.26,0.00,0.26,Matches,Copa CONMEBOL Sudamericana,2026
54059668,Marcelo Morales,cl CHI,"MF,DF",22-307,5,4,344,3.8,0,0,0,0,0,0,4,0,0.00,0.00,0.00,0.00,0.00,Matches,Copa CONMEBOL Sudamericana,2026
18a3f871,Juan Martín Lucero,ar ARG,FW,34-130,4,3,288,3.2,0,1,1,0,0,0,1,1,0.00,0.31,0.31,0.00,0.31,Matches,Copa CONMEBOL Sudamericana,2026
629c7046,Lucas Romero,py PAR,MF,23-223,4,3,187,2.1,0,0,0,0,0,0,1,0,0.00,0.00,0.00,0.00,0.00,Matches,Copa CONMEBOL Sudamericana,2026
c22b0e4a,Ignacio Vásquez,cl CHI,MF,19-322,7,2,212,2.4,0,1,1,0,0,0,0,0,0.00,0.42,0.42,0.00,0.42,Matches,Copa CONMEBOL Sudamericana,2026
79d6b72a,Felipe Salomoni,ar ARG,"MF,DF",23-012,4,2,120,1.3,0,1,1,0,0,0,0,1,0.00,0.75,0.75,0.00,0.75,Matches,Copa CONMEBOL Sudamericana,2026
11dc66ce,Diego Vargas,cl CHI,MF,19-221,2,2,119,1.3,0,0,0,0,0,0,0,0,0.00,0.00,0.00,0.00,0.00,Matches,Copa CONMEBOL Sudamericana,2026
f3e5f80c,Octavio Rivero,uy URU,FW,34-075,2,1,92,1.0,0,0,0,0,0,0,1,0,0.00,0.00,0.00,0.00,0.00,Matches,Copa CONMEBOL Sudamericana,2026
d13159ec,Agustin Arce,cl CHI,MF,21-075,3,0,108,1.2,1,1,2,1,0,0,0,0,0.83,0.83,1.67,0.83,1.67,Matches,Copa CONMEBOL Sudamericana,2026
955b2e8a,Marcelo Díaz,cl CHI,MF,39-100,2,0,53,0.6,0,0,0,0,0,0,0,1,0.00,0.00,0.00,0.00,0.00,Matches,Copa CONMEBOL Sudamericana,2026
e05cfe8e,Lucas Barrera,cl CHI,MF,19-353,1,0,45,0.5,0,0,0,0,0,0,1,0,0.00,0.00,0.00,0.00,0.00,Matches,Copa CONMEBOL Sudamericana,2026
424ed4fb,Jhon Cortes,cl CHI,FW,17-259,1,0,27,0.3,0,0,0,0,0,0,0,0,0.00,0.00,0.00,0.00,0.00,Matches,Copa CONMEBOL Sudamericana,2026
3a384d63,Nicolás Fernández,cl CHI,"DF,MF",26-249,2,0,18,0.2,0,0,0,0,0,0,0,0,0.00,0.00,0.00,0.00,0.00,Matches,Copa CONMEBOL Sudamericana,2026
fb5cb727,Martin Espinoza,cl CHI,FW,19-356,1,0,3,0.0,0,0,0,0,0,0,0,0,0.00,0.00,0.00,0.00,0.00,Matches,Copa CONMEBOL Sudamericana,2026
ea551bee,Vicente Ramírez,cl CHI,FW,18-349,0,0,,,,,,,,,,,,,,,,Matches,Copa CONMEBOL Sudamericana,2026
6f2a247a,Matías Riquelme,cl CHI,MF,18-312,0,0,,,,,,,,,,,,,,,,Matches,Copa CONMEBOL Sudamericana,2026
784b7ba0,Elías Rojas,cl CHI,MF,18-141,0,0,,,,,,,,,,,,,,,,Matches,Copa CONMEBOL Sudamericana,2026
699cfab0,Bianneider Tamayo,ve VEN,DF,21-086,0,0,,,,,,,,,,,,,,,,Matches,Copa CONMEBOL Sudamericana,2026
8c484be7,Cristopher Toselli,cl CHI,GK,37-298,0,0,,,,,,,,,,,,,,,,Matches,Copa CONMEBOL Sudamericana,2026
daef201f,Pedro Cabral,br BRA,FW,27-014,1,1,90,1.0,0,0,0,0,0,0,0,0,0.00,0.00,0.00,0.00,0.00,Matches,Copa CONMEBOL Sudamericana,2026
616ce35f,Thiago Chavez,bo BOL,DF,18-115,1,1,90,1.0,0,0,0,0,0,0,0,0,0.00,0.00,0.00,0.00,0.00,Matches,Copa CONMEBOL Sudamericana,2026
0a0e5d44,Carlos Enrique Áñez,bo BOL,MF,30-277,1,1,90,1.0,0,0,0,0,0,0,0,0,0.00,0.00,0.00,0.00,0.00,Matches,Copa CONMEBOL Sudamericana,2026
33c24be0,Gastón Gómez,ar ARG,GK,30-036,1,1,90,1.0,0,0,0,0,0,0,0,0,0.00,0.00,0.00,0.00,0.00,Matches,Copa CONMEBOL Sudamericana,2026
9829e5bd,Milciades Portillo,py PAR,DF,34-047,1,1,90,1.0,0,0,0,0,0,0,0,0,0.00,0.00,0.00,0.00,0.00,Matches,Copa CONMEBOL Sudamericana,2026
73fdbfcf,Enrique Flores,bo BOL,DF,32-067,1,1,70,0.8,0,0,0,0,0,0,1,0,0.00,0.00,0.00,0.00,0.00,Matches,Copa CONMEBOL Sudamericana,2026
38d5918a,Thiago Ribeiro da Silva,br BRA,MF,41-076,1,1,58,0.6,0,0,0,0,0,0,1,0,0.00,0.00,0.00,0.00,0.00,Matches,Copa CONMEBOL Sudamericana,2026
ee17ba2b,Joaquín Barro,,DF,,1,1,45,0.5,0,0,0,0,0,0,0,0,0.00,0.00,0.00,0.00,0.00,Matches,Copa CONMEBOL Sudamericana,2026
655951bd,Ramiro Cristóbal,uy URU,MF,29-364,1,1,45,0.5,0,0,0,0,0,0,0,0,0.00,0.00,0.00,0.00,0.00,Matches,Copa CONMEBOL Sudamericana,2026
5cb07820,Dener Da Silva,bo BOL,FW,20-210,1,1,45,0.5,0,0,0,0,0,0,0,0,0.00,0.00,0.00,0.00,0.00,Matches,Copa CONMEBOL Sudamericana,2026
000b90df,Héctor Sánchez,bo BOL,MF,28-350,1,1,33,0.4,0,0,0,0,0,0,0,1,0.00,0.00,0.00,0.00,0.00,Matches,Copa CONMEBOL Sudamericana,2026
33878ea4,Sergio Gil,bo BOL,DF,28-290,1,0,45,0.5,0,0,0,0,0,0,0,0,0.00,0.00,0.00,0.00,0.00,Matches,Copa CONMEBOL Sudamericana,2026
d73fa7d8,Milton Maciel,py PAR,MF,26-208,1,0,45,0.5,0,0,0,0,0,0,0,0,0.00,0.00,0.00,0.00,0.00,Matches,Copa CONMEBOL Sudamericana,2026
4bf5509e,Nicolas Masskooni,bo BOL,MF,22-227,1,0,45,0.5,0,0,0,0,0,0,0,0,0.00,0.00,0.00,0.00,0.00,Matches,Copa CONMEBOL Sudamericana,2026
58409aca,Andrés Moreno,bo BOL,MF,23-182,1,0,32,0.4,0,0,0,0,0,0,1,0,0.00,0.00,0.00,0.00,0.00,Matches,Copa CONMEBOL Sudamericana,2026
70e51a15,Samuel Garzón,bo BOL,FW,26-332,1,0,20,0.2,0,0,0,0,0,0,0,0,0.00,0.00,0.00,0.00,0.00,Matches,Copa CONMEBOL Sudamericana,2026
26cd2a51,Juan Carlos Parada,bo BOL,MF,29-110,0,0,,,,,,,,,,,,,,,,Matches,Copa CONMEBOL Sudamericana,2026
09f08a7b,Rafael Corrales,,DF,,0,0,,,,,,,,,,,,,,,,Matches,Copa CONMEBOL Sudamericana,2026
0a841e9c,Manuel Ferrel,bo BOL,GK,24-198,0,0,,,,,,,,,,,,,,,,Matches,Copa CONMEBOL Sudamericana,2026
be203bd6,Roler Ferrufino,bo BOL,FW,25-181,0,0,,,,,,,,,,,,,,,,Matches,Copa CONMEBOL Sudamericana,2026
ad1af9bd,Pablo Melgar,,,,0,0,,,,,,,,,,,,,,,,Matches,Copa CONMEBOL Sudamericana,2026
c9fcc231,Rafinha,bo BOL,MF,34-110,0,0,,,,,,,,,,,,,,,,Matches,Copa CONMEBOL Sudamericana,2026
c5672c64,Kevin Becerra,ec ECU,DF,30-094,9,9,797,8.9,0,0,0,0,0,0,0,0,0.00,0.00,0.00,0.00,0.00,Matches,Copa CONMEBOL Sudamericana,2026
cf80e8df,Alejandro Hohberg,pe PER,MF,34-201,9,9,788,8.8,7,3,10,5,2,3,0,0,0.80,0.34,1.14,0.57,0.91,Matches,Copa CONMEBOL Sudamericana,2026
590c3053,Carlos Garcés,ec ECU,FW,36-039,9,9,766,8.5,8,0,8,7,1,1,3,0,0.94,0.00,0.94,0.82,0.82,Matches,Copa CONMEBOL Sudamericana,2026
b4e74116,Ademar Robles,pe PER,"MF,DF",31-131,9,9,748,8.3,0,1,1,0,0,0,0,0,0.00,0.12,0.12,0.00,0.12,Matches,Copa CONMEBOL Sudamericana,2026
902c6b91,Claudio Núñez,py PAR,DF,30-141,8,7,585,6.5,0,0,0,0,0,0,1,0,0.00,0.00,0.00,0.00,0.00,Matches,Copa CONMEBOL Sudamericana,2026
c850305b,Neri Bandiera,ar ARG,MF,36-280,9,7,582,6.5,4,0,4,4,0,0,0,0,0.62,0.00,0.62,0.62,0.62,Matches,Copa CONMEBOL Sudamericana,2026
74f94ea2,Gerson Barreto,pe PER,MF,30-234,7,7,559,6.2,0,1,1,0,0,0,2,0,0.00,0.16,0.16,0.00,0.16,Matches,Copa CONMEBOL Sudamericana,2026
c1ef74f2,Rotceh Aguilar,pe PER,"DF,MF",24-301,8,7,524,5.8,0,0,0,0,0,0,2,0,0.00,0.00,0.00,0.00,0.00,Matches,Copa CONMEBOL Sudamericana,2026
dc91fa52,Cristian Souza,uy URU,MF,30-224,7,6,498,5.5,1,2,3,1,0,0,0,0,0.18,0.36,0.54,0.18,0.54,Matches,Copa CONMEBOL Sudamericana,2026
c0aa58a7,Ítalo Espinoza,pe PER,GK,29-357,5,5,450,5.0,0,0,0,0,0,0,0,0,0.00,0.00,0.00,0.00,0.00,Matches,Copa CONMEBOL Sudamericana,2026
1e777d4a,Marcos Martinich,ar ARG,"DF,MF",29-244,6,5,436,4.8,0,0,0,0,0,0,0,0,0.00,0.00,0.00,0.00,0.00,Matches,Copa CONMEBOL Sudamericana,2026
861e90f9,Maximiliano Amondarain,uy URU,DF,33-077,8,4,484,5.4,0,0,0,0,0,0,1,0,0.00,0.00,0.00,0.00,0.00,Matches,Copa CONMEBOL Sudamericana,2026
7d434ba3,Gonzalo Falcón,uy URU,GK,29-144,4,4,360,4.0,0,0,0,0,0,0,0,0,0.00,0.00,0.00,0.00,0.00,Matches,Copa CONMEBOL Sudamericana,2026
c79b66ac,Santiago Arias,uy URU,MF,30-294,6,3,248,2.8,0,1,1,0,0,0,3,0,0.00,0.36,0.36,0.00,0.36,Matches,Copa CONMEBOL Sudamericana,2026
0e3605e8,Matías Succar,pe PER,MF,27-052,9,2,328,3.6,2,0,2,2,0,0,1,0,0.55,0.00,0.55,0.55,0.55,Matches,Copa CONMEBOL Sudamericana,2026
8bb87b90,Alonso Yovera,pe PER,DF,25-057,4,2,137,1.5,0,0,0,0,0,0,0,0,0.00,0.00,0.00,0.00,0.00,Matches,Copa CONMEBOL Sudamericana,2026
05725a70,Henry Caparó,pe PER,MF,21-071,3,1,169,1.9,0,0,0,0,0,0,0,0,0.00,0.00,0.00,0.00,0.00,Matches,Copa CONMEBOL Sudamericana,2026
df53dd5a,Sebastian Cavero,pe PER,DF,23-293,5,1,154,1.7,0,0,0,0,0,0,2,0,0.00,0.00,0.00,0.00,0.00,Matches,Copa CONMEBOL Sudamericana,2026
f15bea93,Gonzalo Aguirre,pe PER,MF,22-338,5,1,144,1.6,0,2,2,0,0,0,0,0,0.00,1.25,1.25,0.00,1.25,Matches,Copa CONMEBOL Sudamericana,2026
abe4fb02,Ray Sandoval,pe PER,MF,31-055,4,1,118,1.3,0,0,0,0,0,0,0,0,0.00,0.00,0.00,0.00,0.00,Matches,Copa CONMEBOL Sudamericana,2026
5183d996,Álvaro Rojas,pe PER,MF,21-028,3,0,35,0.4,0,0,0,0,0,0,0,0,0.00,0.00,0.00,0.00,0.00,Matches,Copa CONMEBOL Sudamericana,2026
8d062f52,Nadhir Coluinga,pe PER,FW,22-061,0,0,,,,,,,,,,,,,,,,Matches,Copa CONMEBOL Sudamericana,2026
b38c285e,Renzo Salazar,pe PER,DF,23-000,0,0,,,,,,,,,,,,,,,,Matches,Copa CONMEBOL Sudamericana,2026
d66a9b83,Felipe Cairus,uy URU,MF,25-346,10,10,799,8.9,1,1,2,1,0,0,4,0,0.11,0.11,0.23,0.11,0.23,Matches,Copa CONMEBOL Sudamericana,2026
79e51865,Felipe Martín Álvarez,ar ARG,DF,21-342,9,9,810,9.0,2,0,2,2,0,0,0,0,0.22,0.00,0.22,0.22,0.22,Matches,Copa CONMEBOL Sudamericana,2026
bc168be7,Guillermo Cotugno,uy URU,DF,31-028,9,9,714,7.9,1,0,1,1,0,0,3,0,0.13,0.00,0.13,0.13,0.13,Matches,Copa CONMEBOL Sudamericana,2026
9a9a8669,Tomás Habib,ar ARG,FW,23-343,10,8,665,7.4,2,1,3,2,0,0,1,0,0.27,0.14,0.41,0.27,0.41,Matches,Copa CONMEBOL Sudamericana,2026
89b0924c,Álex Vázquez,uy URU,MF,24-031,10,7,698,7.8,2,1,3,2,0,0,2,0,0.26,0.13,0.39,0.26,0.39,Matches,Copa CONMEBOL Sudamericana,2026
ae7782c7,Ignacio Brazionis,uy URU,DF,24-115,7,7,630,7.0,1,0,1,1,0,0,2,0,0.14,0.00,0.14,0.14,0.14,Matches,Copa CONMEBOL Sudamericana,2026
018c71c6,Yury Oyarzo,uy URU,DF,18-117,9,7,516,5.7,2,0,2,2,0,0,2,0,0.35,0.00,0.35,0.35,0.35,Matches,Copa CONMEBOL Sudamericana,2026
e956d980,Esteban Da Silva,uy URU,MF,25-030,9,6,564,6.3,1,0,1,1,0,0,1,0,0.16,0.00,0.16,0.16,0.16,Matches,Copa CONMEBOL Sudamericana,2026
cf89fb82,Federico Varese,uy URU,GK,23-015,6,6,540,6.0,0,0,0,0,0,0,2,0,0.00,0.00,0.00,0.00,0.00,Matches,Copa CONMEBOL Sudamericana,2026
fd49ad52,Erik de los Santos,uy URU,MF,27-083,9,5,521,5.8,0,0,0,0,0,0,1,0,0.00,0.00,0.00,0.00,0.00,Matches,Copa CONMEBOL Sudamericana,2026
a030a97f,Sebastián da Silva,uy URU,MF,23-346,6,5,405,4.5,1,0,1,1,0,1,2,0,0.22,0.00,0.22,0.22,0.22,Matches,Copa CONMEBOL Sudamericana,2026
c3993773,Agustín Álvarez Wallace,uy URU,MF,24-354,6,4,412,4.6,0,1,1,0,0,0,1,0,0.00,0.22,0.22,0.00,0.22,Matches,Copa CONMEBOL Sudamericana,2026
18f519fb,Facundo Machado,uy URU,GK,22-080,4,4,360,4.0,0,0,0,0,0,0,0,0,0.00,0.00,0.00,0.00,0.00,Matches,Copa CONMEBOL Sudamericana,2026
59c1c595,Juancho Pérez,ar ARG,MF,21-352,5,4,219,2.4,0,1,1,0,0,0,1,0,0.00,0.41,0.41,0.00,0.41,Matches,Copa CONMEBOL Sudamericana,2026
039bbec8,Robinson Ferreira,uy URU,DF,34-033,6,3,393,4.4,0,1,1,0,0,0,1,0,0.00,0.23,0.23,0.00,0.23,Matches,Copa CONMEBOL Sudamericana,2026
f9f559bf,Juan Bosca,uy URU,MF,20-361,5,3,310,3.4,0,0,0,0,0,0,2,0,0.00,0.00,0.00,0.00,0.00,Matches,Copa CONMEBOL Sudamericana,2026
7d8a3b88,Bautista Tomatis,ar ARG,FW,21-241,7,3,210,2.3,1,0,1,1,0,0,1,0,0.43,0.00,0.43,0.43,0.43,Matches,Copa CONMEBOL Sudamericana,2026
6d831090,Facundo González,uy URU,DF,20-364,9,2,351,3.9,0,0,0,0,0,0,2,0,0.00,0.00,0.00,0.00,0.00,Matches,Copa CONMEBOL Sudamericana,2026
8bb5edc5,Rodrigo Dudok,uy URU,FW,18-260,4,2,210,2.3,1,0,1,1,0,0,0,0,0.43,0.00,0.43,0.43,0.43,Matches,Copa CONMEBOL Sudamericana,2026
6fe88dde,Facundo Parada,uy URU,DF,26-071,2,2,110,1.2,0,0,0,0,0,0,1,0,0.00,0.00,0.00,0.00,0.00,Matches,Copa CONMEBOL Sudamericana,2026
31d72695,Iván Manzur,ar ARG,FW,21-073,4,1,130,1.4,1,0,1,1,0,0,2,0,0.69,0.00,0.69,0.69,0.69,Matches,Copa CONMEBOL Sudamericana,2026
bfd8b7c6,Axel Atum,ar ARG,MF,20-097,2,1,115,1.3,0,0,0,0,0,0,0,0,0.00,0.00,0.00,0.00,0.00,Matches,Copa CONMEBOL Sudamericana,2026
8c79c2b7,Thiago Espinosa,uy URU,DF,21-151,1,1,72,0.8,0,1,1,0,0,0,0,0,0.00,1.25,1.25,0.00,1.25,Matches,Copa CONMEBOL Sudamericana,2026
d14fed5f,Franco Suárez,uy URU,MF,22-199,2,1,68,0.8,1,0,1,1,0,0,0,0,1.32,0.00,1.32,1.32,1.32,Matches,Copa CONMEBOL Sudamericana,2026
cf402a8b,Nicolás Sosa,uy URU,"FW,MF",30-003,5,0,99,1.1,0,0,0,0,0,0,0,0,0.00,0.00,0.00,0.00,0.00,Matches,Copa CONMEBOL Sudamericana,2026
f2cc42fb,Diego Cheuquepal,ar ARG,DF,19-113,3,0,24,0.3,0,0,0,0,0,0,1,0,0.00,0.00,0.00,0.00,0.00,Matches,Copa CONMEBOL Sudamericana,2026
369a6c2a,Thiago Fernández,uy URU,FW,19-076,0,0,,,,,,,,,,,,,,,,Matches,Copa CONMEBOL Sudamericana,2026
0b66c018,Germán Peralta,uy URU,DF,22-082,0,0,,,,,,,,,,,,,,,,Matches,Copa CONMEBOL Sudamericana,2026
f2e5d390,Alan Barrionuevo,ar ARG,DF,29-097,12,12,"1,080",12.0,2,2,4,2,0,0,1,0,0.17,0.17,0.33,0.17,0.33,Matches,Copa CONMEBOL Sudamericana,2026
ffab97dd,Jalil Elías,sy SYR,MF,29-349,12,12,"1,045",11.6,1,0,1,1,0,0,0,0,0.09,0.00,0.09,0.09,0.09,Matches,Copa CONMEBOL Sudamericana,2026
2ca3d7f2,Ignacio Russo,ar ARG,FW,25-117,12,12,"1,040",11.6,4,2,6,4,0,0,1,0,0.35,0.17,0.52,0.35,0.52,Matches,Copa CONMEBOL Sudamericana,2026
32a9f0f0,Federico Álvarez,ar ARG,DF,31-245,12,11,"1,000",11.1,0,1,1,0,0,0,2,0,0.00,0.09,0.09,0.00,0.09,Matches,Copa CONMEBOL Sudamericana,2026
21faad0e,Felipe Zenobio,ar ARG,GK,25-322,11,11,990,11.0,0,0,0,0,0,0,0,0,0.00,0.00,0.00,0.00,0.00,Matches,Copa CONMEBOL Sudamericana,2026
3c7a3791,Joaquín Laso,ar ARG,DF,35-279,11,11,957,10.6,0,0,0,0,0,0,3,0,0.00,0.00,0.00,0.00,0.00,Matches,Copa CONMEBOL Sudamericana,2026
07453486,Bruno Leyes,ar ARG,MF,24-161,11,11,866,9.6,0,0,0,0,0,0,4,0,0.00,0.00,0.00,0.00,0.00,Matches,Copa CONMEBOL Sudamericana,2026
e76ff509,José Romero,ar ARG,FW,23-015,11,10,761,8.5,6,2,8,6,0,0,1,0,0.71,0.24,0.95,0.71,0.95,Matches,Copa CONMEBOL Sudamericana,2026
0a7d98ae,Santiago López,ar ARG,"MF,FW",20-059,11,7,641,7.1,0,2,2,0,0,0,1,0,0.00,0.28,0.28,0.00,0.28,Matches,Copa CONMEBOL Sudamericana,2026
eb55b9f5,Valentín Moreno,ar ARG,DF,23-049,6,6,472,5.2,0,0,0,0,0,0,2,0,0.00,0.00,0.00,0.00,0.00,Matches,Copa CONMEBOL Sudamericana,2026
504cd579,Tiago Serrago,ar ARG,MF,22-063,9,5,441,4.9,1,0,1,1,0,0,0,0,0.20,0.00,0.20,0.20,0.20,Matches,Copa CONMEBOL Sudamericana,2026
4874cad4,Elías Cabrera,ar ARG,MF,23-043,7,5,401,4.5,0,0,0,0,0,0,2,0,0.00,0.00,0.00,0.00,0.00,Matches,Copa CONMEBOL Sudamericana,2026
a694431e,Jabes Saralegui,ar ARG,MF,22-362,5,5,333,3.7,0,1,1,0,0,0,0,0,0.00,0.27,0.27,0.00,0.27,Matches,Copa CONMEBOL Sudamericana,2026
57148654,Martín Garay,ar ARG,DF,26-301,7,3,397,4.4,0,1,1,0,0,0,1,0,0.00,0.23,0.23,0.00,0.23,Matches,Copa CONMEBOL Sudamericana,2026
bd35fdf5,Sebastián Medina,ar ARG,MF,26-025,8,2,244,2.7,0,0,0,0,0,0,0,0,0.00,0.00,0.00,0.00,0.00,Matches,Copa CONMEBOL Sudamericana,2026
8b6d7b27,Ramón Arias,uy URU,DF,33-256,6,2,203,2.3,0,0,0,0,0,0,0,0,0.00,0.00,0.00,0.00,0.00,Matches,Copa CONMEBOL Sudamericana,2026
42cdf326,Guillermo Soto,cl CHI,DF,32-089,3,2,192,2.1,0,0,0,0,0,0,0,0,0.00,0.00,0.00,0.00,0.00,Matches,Copa CONMEBOL Sudamericana,2026
2fafa9ad,Alfio Oviedo,py PAR,FW,30-112,8,1,236,2.6,1,0,1,1,0,0,2,0,0.38,0.00,0.38,0.38,0.38,Matches,Copa CONMEBOL Sudamericana,2026
cd00ceea,Gonzalo Nicolás Martínez,ar ARG,MF,32-300,8,1,208,2.3,1,0,1,1,0,0,1,0,0.43,0.00,0.43,0.43,0.43,Matches,Copa CONMEBOL Sudamericana,2026
7799ee6f,Gonzalo Piñeiro,ar ARG,MF,25-188,4,1,113,1.3,0,0,0,0,0,0,2,0,0.00,0.00,0.00,0.00,0.00,Matches,Copa CONMEBOL Sudamericana,2026
3db19a37,Tomás Sultani,ar ARG,GK,27-291,1,1,90,1.0,0,0,0,0,0,0,0,0,0.00,0.00,0.00,0.00,0.00,Matches,Copa CONMEBOL Sudamericana,2026
55551a71,Nahuel Banegas,ar ARG,DF,29-185,2,1,80,0.9,0,0,0,0,0,0,0,0,0.00,0.00,0.00,0.00,0.00,Matches,Copa CONMEBOL Sudamericana,2026
710eecee,Manuel Fernández,ar ARG,FW,21-183,4,0,38,0.4,0,0,0,0,0,0,0,0,0.00,0.00,0.00,0.00,0.00,Matches,Copa CONMEBOL Sudamericana,2026
58754597,Joaquín Mosqueira,ar ARG,MF,21-159,4,0,37,0.4,0,0,0,0,0,0,0,0,0.00,0.00,0.00,0.00,0.00,Matches,Copa CONMEBOL Sudamericana,2026
d9f256c1,Ignacio Peluffo,,FW,,1,0,15,0.2,0,0,0,0,0,0,0,0,0.00,0.00,0.00,0.00,0.00,Matches,Copa CONMEBOL Sudamericana,2026
d59c8af0,Luka Fuster,ar ARG,GK,19-243,0,0,,,,,,,,,,,,,,,,Matches,Copa CONMEBOL Sudamericana,2026
80fbd865,Germán Guiffrey,ar ARG,DF,28-099,0,0,,,,,,,,,,,,,,,,Matches,Copa CONMEBOL Sudamericana,2026
abe841b4,Angelo Marchese,ar ARG,DF,21-250,0,0,,,,,,,,,,,,,,,,Matches,Copa CONMEBOL Sudamericana,2026
2f4baa35,Marco Rivas,pe PER,MF,17-329,0,0,,,,,,,,,,,,,,,,Matches,Copa CONMEBOL Sudamericana,2026
10fb4c99,Alan Sebastian Lezcano,ar ARG,MF,19-060,0,0,,,,,,,,,,,,,,,,Matches,Copa CONMEBOL Sudamericana,2026
ba8b91f4,Juan Villalba,ar ARG,DF,20-025,0,0,,,,,,,,,,,,,,,,Matches,Copa CONMEBOL Sudamericana,2026
ddae1696,Omar Carabalí,cl CHI,GK,28-301,7,7,630,7.0,0,0,0,0,0,0,2,0,0.00,0.00,0.00,0.00,0.00,Matches,Copa CONMEBOL Sudamericana,2026
27c9b858,Felipe Ogaz,cl CHI,MF,22-337,7,7,605,6.7,1,1,2,1,0,0,2,0,0.15,0.15,0.30,0.15,0.30,Matches,Copa CONMEBOL Sudamericana,2026
d266af3b,Francisco González,ar ARG,"MF,FW",25-003,8,7,523,5.8,2,3,5,2,0,0,0,0,0.34,0.52,0.86,0.34,0.86,Matches,Copa CONMEBOL Sudamericana,2026
6c535d18,Felipe Faúndez,cl CHI,DF,20-013,7,6,553,6.1,0,0,0,0,0,0,1,0,0.00,0.00,0.00,0.00,0.00,Matches,Copa CONMEBOL Sudamericana,2026
ac2206e1,Miguel Brizuela,ar ARG,DF,29-094,6,6,531,5.9,1,0,1,1,0,0,0,0,0.17,0.00,0.17,0.17,0.17,Matches,Copa CONMEBOL Sudamericana,2026
0ca56107,Luis Pavez Muñoz,cl CHI,DF,30-204,6,6,524,5.8,0,0,0,0,0,0,4,0,0.00,0.00,0.00,0.00,0.00,Matches,Copa CONMEBOL Sudamericana,2026
a246f365,Juan Leiva,cl CHI,MF,32-149,7,6,505,5.6,0,0,0,0,0,0,0,0,0.00,0.00,0.00,0.00,0.00,Matches,Copa CONMEBOL Sudamericana,2026
a423f339,Arnaldo Castillo,py PAR,FW,28-335,8,6,479,5.3,2,0,2,2,0,0,2,0,0.38,0.00,0.38,0.38,0.38,Matches,Copa CONMEBOL Sudamericana,2026
9ad1a13c,Alan Robledo,ar ARG,DF,28-051,5,5,450,5.0,0,0,0,0,0,0,0,0,0.00,0.00,0.00,0.00,0.00,Matches,Copa CONMEBOL Sudamericana,2026
55f096b1,Martín Sarrafiore,ar ARG,"MF,FW",28-263,7,5,417,4.6,2,0,2,2,0,0,2,0,0.43,0.00,0.43,0.43,0.43,Matches,Copa CONMEBOL Sudamericana,2026
8ce6beb9,Bastián Yañez,cl CHI,MF,24-292,8,4,398,4.4,1,0,1,1,0,0,0,0,0.23,0.00,0.23,0.23,0.23,Matches,Copa CONMEBOL Sudamericana,2026
3e315f27,Nicolás Garrido,cl CHI,DF,23-225,4,4,360,4.0,0,0,0,0,0,0,2,0,0.00,0.00,0.00,0.00,0.00,Matches,Copa CONMEBOL Sudamericana,2026
ad052490,Bryan Rabello,cl CHI,MF,31-328,4,3,269,3.0,1,1,2,1,0,0,1,0,0.33,0.33,0.67,0.33,0.67,Matches,Copa CONMEBOL Sudamericana,2026
a9d74210,Joaquín Tapia,cl CHI,MF,21-106,5,3,269,3.0,0,0,0,0,0,0,0,0,0.00,0.00,0.00,0.00,0.00,Matches,Copa CONMEBOL Sudamericana,2026
bd659846,Thiago Vecino,uy URU,FW,27-043,7,2,262,2.9,1,0,1,0,1,1,2,0,0.34,0.00,0.34,0.00,0.00,Matches,Copa CONMEBOL Sudamericana,2026
6248d2f8,Leandro Díaz,cl CHI,DF,27-013,4,2,205,2.3,0,0,0,0,0,0,0,0,0.00,0.00,0.00,0.00,0.00,Matches,Copa CONMEBOL Sudamericana,2026
be6ff7fc,Benjamín Schamine,ar ARG,MF,22-167,6,2,196,2.2,0,0,0,0,0,0,1,0,0.00,0.00,0.00,0.00,0.00,Matches,Copa CONMEBOL Sudamericana,2026
9d40ec32,Benjamín Rojas,cl CHI,DF,25-039,3,2,183,2.0,0,0,0,0,0,0,1,0,0.00,0.00,0.00,0.00,0.00,Matches,Copa CONMEBOL Sudamericana,2026
7552df4c,Martín Maturana,cl CHI,MF,22-081,3,1,103,1.1,1,1,2,1,0,0,0,0,0.87,0.87,1.75,0.87,1.75,Matches,Copa CONMEBOL Sudamericana,2026
307901c9,Gabriel Pinto,cl CHI,MF,21-043,3,1,99,1.1,0,0,0,0,0,0,0,0,0.00,0.00,0.00,0.00,0.00,Matches,Copa CONMEBOL Sudamericana,2026
52a253d3,Cristian Morales,cl CHI,DF,19-158,1,1,90,1.0,0,0,0,0,0,0,0,0,0.00,0.00,0.00,0.00,0.00,Matches,Copa CONMEBOL Sudamericana,2026
29be2382,Jorge Peña,cl CHI,GK,25-266,1,1,90,1.0,0,0,0,0,0,0,0,0,0.00,0.00,0.00,0.00,0.00,Matches,Copa CONMEBOL Sudamericana,2026
b437f315,Esteban Calderón,cl CHI,FW,22-055,2,1,79,0.9,0,0,0,0,0,0,0,0,0.00,0.00,0.00,0.00,0.00,Matches,Copa CONMEBOL Sudamericana,2026
31987733,Rodrigo Godoy,cl CHI,FW,20-214,5,0,91,1.0,0,0,0,0,0,0,0,0,0.00,0.00,0.00,0.00,0.00,Matches,Copa CONMEBOL Sudamericana,2026
bb7a8dd8,José Movillo,cl CHI,DF,19-064,1,0,9,0.1,0,0,0,0,0,0,0,0,0.00,0.00,0.00,0.00,0.00,Matches,Copa CONMEBOL Sudamericana,2026
556f8f36,Gastón Olveira,py PAR,GK,32-353,13,13,"1,170",13.0,0,0,0,0,0,0,2,0,0.00,0.00,0.00,0.00,0.00,Matches,Copa CONMEBOL Sudamericana,2026
878dbd04,Mateo Gamarra,py PAR,DF,25-171,13,12,"1,047",11.6,1,2,3,1,0,0,3,0,0.09,0.17,0.26,0.09,0.26,Matches,Copa CONMEBOL Sudamericana,2026
6d9dc5be,Raúl Cáceres,py PAR,DF,34-203,12,12,"1,042",11.6,0,2,2,0,0,0,1,1,0.00,0.17,0.17,0.00,0.17,Matches,Copa CONMEBOL Sudamericana,2026
fdf6c477,Richard Ortiz,py PAR,MF,35-322,14,11,996,11.1,2,0,2,2,0,0,4,0,0.18,0.00,0.18,0.18,0.18,Matches,Copa CONMEBOL Sudamericana,2026
cb53231b,Juan Vera,py PAR,DF,27-063,12,10,904,10.0,0,0,0,0,0,0,4,0,0.00,0.00,0.00,0.00,0.00,Matches,Copa CONMEBOL Sudamericana,2026
e39c1d7b,Juan Fernando Alfaro,ar ARG,MF,26-175,13,9,818,9.1,0,0,0,0,0,0,2,0,0.00,0.00,0.00,0.00,0.00,Matches,Copa CONMEBOL Sudamericana,2026
fd25e4d7,Alan Rodríguez,py PAR,DF,25-237,10,9,785,8.7,0,2,2,0,0,0,1,0,0.00,0.23,0.23,0.00,0.23,Matches,Copa CONMEBOL Sudamericana,2026
d1c0722b,Eduardo Delmás,py PAR,"MF,FW",18-355,11,9,577,6.4,1,1,2,1,0,0,1,0,0.16,0.16,0.31,0.16,0.31,Matches,Copa CONMEBOL Sudamericana,2026
926f893c,Adrián Alcaraz,py PAR,FW,26-193,15,8,856,9.5,6,1,7,4,2,2,4,0,0.63,0.11,0.74,0.42,0.53,Matches,Copa CONMEBOL Sudamericana,2026
305752e4,Hugo Quintana,py PAR,"MF,FW",24-150,14,8,834,9.3,2,2,4,2,0,0,0,0,0.22,0.22,0.43,0.22,0.43,Matches,Copa CONMEBOL Sudamericana,2026
dfb39ac2,Alex Franco,py PAR,MF,24-263,14,8,633,7.0,1,1,2,1,0,0,2,0,0.14,0.14,0.28,0.14,0.28,Matches,Copa CONMEBOL Sudamericana,2026
5439dba0,Sebastián Ferreira,py PAR,FW,28-055,11,8,572,6.4,1,0,1,1,0,1,2,1,0.16,0.00,0.16,0.16,0.16,Matches,Copa CONMEBOL Sudamericana,2026
be9126e8,Gustavo Vargas,py PAR,DF,24-192,8,7,662,7.4,2,0,2,2,0,0,1,1,0.27,0.00,0.27,0.27,0.27,Matches,Copa CONMEBOL Sudamericana,2026
d5351e90,Rubén Lezcano,py PAR,"FW,MF",22-059,8,6,510,5.7,2,0,2,2,0,0,1,0,0.35,0.00,0.35,0.35,0.35,Matches,Copa CONMEBOL Sudamericana,2026
bfdcc1e4,Ivan Leguizamon,py PAR,"FW,MF",23-280,8,5,456,5.1,2,0,2,2,0,0,2,0,0.39,0.00,0.39,0.39,0.39,Matches,Copa CONMEBOL Sudamericana,2026
5f7d6d59,Fernando David Cardozo,py PAR,"MF,DF",25-060,7,4,355,3.9,0,0,0,0,0,0,1,0,0.00,0.00,0.00,0.00,0.00,Matches,Copa CONMEBOL Sudamericana,2026
84c0768a,Aníbal Chalá,ec ECU,DF,29-335,6,4,328,3.6,0,0,0,0,0,0,0,0,0.00,0.00,0.00,0.00,0.00,Matches,Copa CONMEBOL Sudamericana,2026
2bc8597b,Richard Sánchez,py PAR,MF,30-011,5,3,327,3.6,1,1,2,1,0,0,0,0,0.28,0.28,0.55,0.28,0.55,Matches,Copa CONMEBOL Sudamericana,2026
741654f7,Bryan Bentaberry,uy URU,DF,29-078,6,3,294,3.3,0,0,0,0,0,0,1,0,0.00,0.00,0.00,0.00,0.00,Matches,Copa CONMEBOL Sudamericana,2026
f0d27de7,Hugo Sandoval,py PAR,FW,26-059,7,3,290,3.2,1,0,1,1,0,0,1,0,0.31,0.00,0.31,0.31,0.31,Matches,Copa CONMEBOL Sudamericana,2026
559c0731,Rodrigo Pérez,uy URU,MF,29-260,8,3,258,2.9,0,0,0,0,0,0,0,0,0.00,0.00,0.00,0.00,0.00,Matches,Copa CONMEBOL Sudamericana,2026
47da61aa,Sebastián Lentinelly,uy URU,GK,28-245,2,2,180,2.0,0,0,0,0,0,0,0,0,0.00,0.00,0.00,0.00,0.00,Matches,Copa CONMEBOL Sudamericana,2026
9f21e3fd,César Olmedo,py PAR,DF,23-040,2,2,180,2.0,0,0,0,0,0,0,2,0,0.00,0.00,0.00,0.00,0.00,Matches,Copa CONMEBOL Sudamericana,2026
426c3982,Rodney Redes,py PAR,"MF,FW",26-046,4,2,159,1.8,0,0,0,0,0,0,0,0,0.00,0.00,0.00,0.00,0.00,Matches,Copa CONMEBOL Sudamericana,2026
4a0383c0,Franco Alfonso,ar ARG,MF,23-340,4,2,156,1.7,0,0,0,0,0,0,1,0,0.00,0.00,0.00,0.00,0.00,Matches,Copa CONMEBOL Sudamericana,2026
d5ac2471,Alejandro Silva González,uy URU,MF,36-217,4,1,143,1.6,1,0,1,0,1,1,0,0,0.63,0.00,0.63,0.00,0.00,Matches,Copa CONMEBOL Sudamericana,2026
6570794d,Tiago Caballero,py PAR,MF,20-317,4,1,141,1.6,0,0,0,0,0,0,2,0,0.00,0.00,0.00,0.00,0.00,Matches,Copa CONMEBOL Sudamericana,2026
02d5694b,Bernardo Benítez,py PAR,MF,23-146,3,0,72,0.8,0,0,0,0,0,0,2,0,0.00,0.00,0.00,0.00,0.00,Matches,Copa CONMEBOL Sudamericana,2026
5166fdc0,Luis Abreu,py PAR,MF,22-052,1,0,12,0.1,0,0,0,0,0,0,0,0,0.00,0.00,0.00,0.00,0.00,Matches,Copa CONMEBOL Sudamericana,2026
8117b16b,Lucas Ramirez,py PAR,DF,21-036,1,0,12,0.1,0,0,0,0,0,0,0,0,0.00,0.00,0.00,0.00,0.00,Matches,Copa CONMEBOL Sudamericana,2026
4b325367,Faustino Barone,uy URU,FW,19-333,0,0,,,,,,,,,,,,,,,,Matches,Copa CONMEBOL Sudamericana,2026
093ed503,Facundo Insfrán,py PAR,GK,19-340,0,0,,,,,,,,,,,,,,,,Matches,Copa CONMEBOL Sudamericana,2026
dfeabc37,Alan Ledesma,py PAR,MF,17-217,0,0,,,,,,,,,,,,,,,,Matches,Copa CONMEBOL Sudamericana,2026
4a934935,Lucas Verza,py PAR,GK,24-360,0,0,,,,,,,,,,,,,,,,Matches,Copa CONMEBOL Sudamericana,2026
a922bc6c,Luciano Pons,ar ARG,FW,35-356,15,15,"1,344",14.9,7,0,7,7,0,1,2,0,0.47,0.00,0.47,0.47,0.47,Matches,Copa CONMEBOL Sudamericana,2026
102a620f,Felix Charrupí,co COL,MF,24-331,14,13,"1,141",12.7,1,0,1,1,0,0,4,1,0.08,0.00,0.08,0.08,0.08,Matches,Copa CONMEBOL Sudamericana,2026
05200fe1,Aldair Gutiérrez,co COL,DF,27-296,12,12,"1,023",11.4,0,2,2,0,0,0,3,0,0.00,0.18,0.18,0.00,0.18,Matches,Copa CONMEBOL Sudamericana,2026
cfc0c4ad,Kevin Londoño,co COL,MF,32-137,15,12,936,10.4,2,2,4,2,0,0,3,0,0.19,0.19,0.38,0.19,0.38,Matches,Copa CONMEBOL Sudamericana,2026
fd931198,Jefferson Mena,co COL,DF,36-298,12,11,"1,035",11.5,0,0,0,0,0,0,4,0,0.00,0.00,0.00,0.00,0.00,Matches,Copa CONMEBOL Sudamericana,2026
ea36e829,José García,co COL,DF,22-299,12,10,925,10.3,0,1,1,0,0,0,0,0,0.00,0.10,0.10,0.00,0.10,Matches,Copa CONMEBOL Sudamericana,2026
e7cacfe4,Fabián Sambueza,ar ARG,MF,37-251,10,10,856,9.5,1,2,3,1,0,0,3,1,0.11,0.21,0.32,0.11,0.32,Matches,Copa CONMEBOL Sudamericana,2026
ac330d8c,Fredy Hinestroza,co COL,DF,36-004,10,10,819,9.1,0,0,0,0,0,0,5,0,0.00,0.00,0.00,0.00,0.00,Matches,Copa CONMEBOL Sudamericana,2026
0c855cba,Aldair Quintana,co COL,GK,31-272,9,9,810,9.0,0,0,0,0,0,0,0,0,0.00,0.00,0.00,0.00,0.00,Matches,Copa CONMEBOL Sudamericana,2026
457e8ce5,John Fredy Salazar,co COL,MF,31-008,14,9,745,8.3,1,0,1,1,0,0,0,0,0.12,0.00,0.12,0.12,0.12,Matches,Copa CONMEBOL Sudamericana,2026
042bdc11,Martín Rea,uy URU,DF,28-147,7,7,550,6.1,0,1,1,0,0,0,2,0,0.00,0.16,0.16,0.00,0.16,Matches,Copa CONMEBOL Sudamericana,2026
6548e1f1,Aldair Zárate,co COL,MF,27-046,12,7,500,5.6,1,0,1,1,0,0,1,0,0.18,0.00,0.18,0.18,0.18,Matches,Copa CONMEBOL Sudamericana,2026
2ca7201b,Enmerson Batalla,co COL,MF,24-283,10,6,622,6.9,3,1,4,3,0,0,1,0,0.43,0.14,0.58,0.43,0.58,Matches,Copa CONMEBOL Sudamericana,2026
c62260ab,Luis Erney Vasquez,co COL,GK,30-039,6,6,540,6.0,0,0,0,0,0,0,0,0,0.00,0.00,0.00,0.00,0.00,Matches,Copa CONMEBOL Sudamericana,2026
862f88a7,Gustavo Charrupí,co COL,MF,21-256,8,6,379,4.2,0,0,0,0,0,0,2,0,0.00,0.00,0.00,0.00,0.00,Matches,Copa CONMEBOL Sudamericana,2026
09e208ba,Leonardo Flores Soto,ve VEN,MF,30-247,15,5,746,8.3,1,1,2,1,0,0,1,0,0.12,0.12,0.24,0.12,0.24,Matches,Copa CONMEBOL Sudamericana,2026
10af93d4,Juan Camilo Mosquera,co COL,MF,23-269,14,5,561,6.2,1,2,3,1,0,0,2,0,0.16,0.32,0.48,0.16,0.48,Matches,Copa CONMEBOL Sudamericana,2026
7d4bdf0f,Carlos De Las Salas,co COL,DF,27-348,6,5,454,5.0,0,0,0,0,0,0,1,0,0.00,0.00,0.00,0.00,0.00,Matches,Copa CONMEBOL Sudamericana,2026
5abf2810,Israel Alba,co COL,DF,30-338,5,3,268,3.0,0,0,0,0,0,0,1,0,0.00,0.00,0.00,0.00,0.00,Matches,Copa CONMEBOL Sudamericana,2026
be49c8e1,Carlos Romaña,co COL,DF,26-150,13,2,343,3.8,0,0,0,0,0,0,2,0,0.00,0.00,0.00,0.00,0.00,Matches,Copa CONMEBOL Sudamericana,2026
ea868537,Faber Gil,co COL,MF,31-026,3,2,100,1.1,0,0,0,0,0,0,0,0,0.00,0.00,0.00,0.00,0.00,Matches,Copa CONMEBOL Sudamericana,2026
880e4b93,Brandon Caicedo,co COL,DF,24-335,9,0,89,1.0,0,1,1,0,0,0,2,0,0.00,1.01,1.01,0.00,1.01,Matches,Copa CONMEBOL Sudamericana,2026
df1425b1,Gleyfer Medina,,FW,,4,0,47,0.5,0,0,0,0,0,0,1,0,0.00,0.00,0.00,0.00,0.00,Matches,Copa CONMEBOL Sudamericana,2026
f98dec4d,Luis Matheus,,,,0,0,,,,,,,,,,,,,,,,Matches,Copa CONMEBOL Sudamericana,2026
2d504f2f,Adrián Murillo,,FW,,0,0,,,,,,,,,,,,,,,,Matches,Copa CONMEBOL Sudamericana,2026
7346c018,Santiago Velásquez,co COL,MF,18-305,0,0,,,,,,,,,,,,,,,,Matches,Copa CONMEBOL Sudamericana,2026
c4b04715,Gerónimo Bortagaray,uy URU,DF,25-247,8,8,720,8.0,0,,,0,0,0,2,0,0.00,,,0.00,,Matches,Copa CONMEBOL Sudamericana,2026
002435ee,Joel Graterol,ve VEN,GK,28-329,8,8,720,8.0,0,,,0,0,0,1,0,0.00,,,0.00,,Matches,Copa CONMEBOL Sudamericana,2026
099fbd44,Robinson Flores,ve VEN,"MF,FW",27-360,10,8,709,7.9,2,,,2,0,0,0,0,0.25,,,0.25,,Matches,Copa CONMEBOL Sudamericana,2026
7aab6b84,Gustavo González,ve VEN,MF,30-048,8,8,624,6.9,1,,,1,0,0,3,0,0.14,,,0.14,,Matches,Copa CONMEBOL Sudamericana,2026
ba3b6083,Jefre Vargas,ve VEN,"DF,MF",31-087,9,7,680,7.6,1,,,1,0,0,3,0,0.13,,,0.13,,Matches,Copa CONMEBOL Sudamericana,2026
7359b20b,Jean Castillo,ve VEN,MF,23-187,10,7,679,7.5,2,,,2,0,0,2,0,0.27,,,0.27,,Matches,Copa CONMEBOL Sudamericana,2026
2d96d754,Pablo Lima,uy URU,MF,35-233,9,7,628,7.0,0,,,0,0,0,0,0,0.00,,,0.00,,Matches,Copa CONMEBOL Sudamericana,2026
2ca0811a,Edwuin Pernía,ve VEN,FW,31-056,9,7,611,6.8,3,,,1,2,2,1,0,0.44,,,0.15,,Matches,Copa CONMEBOL Sudamericana,2026
30cda59f,Jiovany Ramos,pa PAN,DF,29-073,6,6,533,5.9,0,,,0,0,0,2,0,0.00,,,0.00,,Matches,Copa CONMEBOL Sudamericana,2026
9a41182b,Stefan Obradovic,rs SRB,DF,22-182,6,5,485,5.4,0,,,0,0,0,3,0,0.00,,,0.00,,Matches,Copa CONMEBOL Sudamericana,2026
60455c26,Daniel Saggiomo,ve VEN,"FW,MF",28-061,7,5,359,4.0,0,,,0,0,0,2,0,0.00,,,0.00,,Matches,Copa CONMEBOL Sudamericana,2026
56ee2518,José Chávez,ve VEN,"MF,FW",29-250,8,4,417,4.6,1,,,1,0,0,1,0,0.22,,,0.22,,Matches,Copa CONMEBOL Sudamericana,2026
25338427,José Manuel Velázquez,ve VEN,"DF,MF",35-213,4,4,335,3.7,1,,,1,0,0,1,0,0.27,,,0.27,,Matches,Copa CONMEBOL Sudamericana,2026
47a8af3d,Jhon Marchán,ve VEN,MF,27-219,7,4,310,3.4,0,,,0,0,0,2,0,0.00,,,0.00,,Matches,Copa CONMEBOL Sudamericana,2026
d9600938,Andrés Ponce,ve VEN,FW,29-149,7,3,313,3.5,1,,,1,0,0,1,0,0.29,,,0.29,,Matches,Copa CONMEBOL Sudamericana,2026
5dcb4ac4,Junior Moreno,ve VEN,MF,32-263,8,3,279,3.1,0,,,0,0,0,2,0,0.00,,,0.00,,Matches,Copa CONMEBOL Sudamericana,2026
81069528,Roberto Rosales,ve VEN,DF,37-140,5,3,271,3.0,0,,,0,0,0,1,0,0.00,,,0.00,,Matches,Copa CONMEBOL Sudamericana,2026
e117703a,Giovani Bamba,ao ANG,MF,26-281,5,3,254,2.8,0,,,0,0,0,3,0,0.00,,,0.00,,Matches,Copa CONMEBOL Sudamericana,2026
d78499f8,Gerardo Padrón,ve VEN,"MF,DF",23-160,5,2,195,2.2,0,,,0,0,0,2,0,0.00,,,0.00,,Matches,Copa CONMEBOL Sudamericana,2026
1762df27,Geremías Meléndez,ve VEN,DF,30-339,4,2,185,2.1,0,,,0,0,0,0,0,0.00,,,0.00,,Matches,Copa CONMEBOL Sudamericana,2026
d643e29c,Luis Romero,ve VEN,GK,35-144,2,2,180,2.0,0,,,0,0,0,0,0,0.00,,,0.00,,Matches,Copa CONMEBOL Sudamericana,2026
4bdb2713,Luis Casiani,ve VEN,"MF,DF",24-263,5,2,169,1.9,0,,,0,0,0,1,0,0.00,,,0.00,,Matches,Copa CONMEBOL Sudamericana,2026
4a2aff81,Heiber Linares,ve VEN,DF,25-259,3,2,166,1.8,0,,,0,0,0,0,0,0.00,,,0.00,,Matches,Copa CONMEBOL Sudamericana,2026
ac825259,Jayson Martínez,ve VEN,MF,24-271,4,0,55,0.6,0,,,0,0,0,0,0,0.00,,,0.00,,Matches,Copa CONMEBOL Sudamericana,2026
d279d762,João Ferreira Barros,pt POR,FW,20-089,2,0,23,0.3,0,,,0,0,0,1,0,0.00,,,0.00,,Matches,Copa CONMEBOL Sudamericana,2026
3699aa99,Harrison Contreras,ve VEN,MF,37-080,0,0,,,,,,,,,,,,,,,,Matches,Copa CONMEBOL Sudamericana,2026
a950bbc7,Eduardo Herrera,ve VEN,GK,32-307,0,0,,,,,,,,,,,,,,,,Matches,Copa CONMEBOL Sudamericana,2026
ed3b1065,Diego Osorio,ve VEN,FW,21-104,0,0,,,,,,,,,,,,,,,,Matches,Copa CONMEBOL Sudamericana,2026
42cecd07,Pierangelo Pagnano,ve VEN,MF,24-224,0,0,,,,,,,,,,,,,,,,Matches,Copa CONMEBOL Sudamericana,2026
6182a455,Leander Pimentel,ve VEN,MF,18-254,0,0,,,,,,,,,,,,,,,,Matches,Copa CONMEBOL Sudamericana,2026
75961dc4,David Rodríguez,ve VEN,FW,17-219,0,0,,,,,,,,,,,,,,,,Matches,Copa CONMEBOL Sudamericana,2026
3c72a6cb,Rolando Silva,ec ECU,GK,30-298,7,7,630,7.0,0,0,0,0,0,0,1,0,0.00,0.00,0.00,0.00,0.00,Matches,Copa CONMEBOL Sudamericana,2026
a51cce5d,Sergio Vasquez,ec ECU,MF,22-095,7,7,619,6.9,1,0,1,0,1,1,1,0,0.15,0.00,0.15,0.00,0.00,Matches,Copa CONMEBOL Sudamericana,2026
d5d84019,Beder Caicedo,ec ECU,DF,33-331,7,7,580,6.4,0,0,0,0,0,0,1,0,0.00,0.00,0.00,0.00,0.00,Matches,Copa CONMEBOL Sudamericana,2026
6188fdbd,Walter Herrera,ar ARG,"FW,MF",28-091,7,7,564,6.3,2,0,2,1,1,1,2,0,0.32,0.00,0.32,0.16,0.16,Matches,Copa CONMEBOL Sudamericana,2026
0bbfa2e1,Renni Xaramilo,ec ECU,"MF,DF",27-301,7,7,502,5.6,1,0,1,1,0,0,1,0,0.18,0.00,0.18,0.18,0.18,Matches,Copa CONMEBOL Sudamericana,2026
d3a1dd7c,Pedro Pablo Velasco,ec ECU,DF,32-284,7,6,569,6.3,0,0,0,0,0,0,1,0,0.00,0.00,0.00,0.00,0.00,Matches,Copa CONMEBOL Sudamericana,2026
71cfc4e8,Stefano Callegari,ar ARG,DF,29-093,7,5,486,5.4,0,0,0,0,0,0,2,0,0.00,0.00,0.00,0.00,0.00,Matches,Copa CONMEBOL Sudamericana,2026
c109f946,Sixto Mina,ec ECU,DF,26-161,6,5,368,4.1,0,0,0,0,0,0,2,0,0.00,0.00,0.00,0.00,0.00,Matches,Copa CONMEBOL Sudamericana,2026
92a95ba1,Oscar Quiñonez,ec ECU,DF,25-049,5,4,370,4.1,1,0,1,1,0,0,2,0,0.24,0.00,0.24,0.24,0.24,Matches,Copa CONMEBOL Sudamericana,2026
f99cfccb,Valentín Burgoa,ar ARG,MF,26-091,7,4,333,3.7,0,2,2,0,0,0,0,0,0.00,0.54,0.54,0.00,0.54,Matches,Copa CONMEBOL Sudamericana,2026
118366d9,Paul Charpentier,ar ARG,"FW,MF",25-343,5,4,281,3.1,0,0,0,0,0,0,5,1,0.00,0.00,0.00,0.00,0.00,Matches,Copa CONMEBOL Sudamericana,2026
4820cdb1,Bryan Viñán,ec ECU,MF,25-293,5,2,249,2.8,0,1,1,0,0,0,0,0,0.00,0.36,0.36,0.00,0.36,Matches,Copa CONMEBOL Sudamericana,2026
6123aa99,Michael Bermúdez,ec ECU,FW,20-086,5,2,205,2.3,1,1,2,1,0,0,1,0,0.44,0.44,0.88,0.44,0.88,Matches,Copa CONMEBOL Sudamericana,2026
b96f8245,Alan Lorenzo,ar ARG,DF,27-256,3,2,175,1.9,1,0,1,1,0,0,1,1,0.51,0.00,0.51,0.51,0.51,Matches,Copa CONMEBOL Sudamericana,2026
6731c0cd,Diego Armas,ec ECU,MF,35-281,3,2,167,1.9,0,0,0,0,0,0,0,0,0.00,0.00,0.00,0.00,0.00,Matches,Copa CONMEBOL Sudamericana,2026
ea83f5c2,Ángel Mena,ec ECU,"MF,FW",38-078,3,2,110,1.2,1,0,1,1,0,0,0,1,0.82,0.00,0.82,0.82,0.82,Matches,Copa CONMEBOL Sudamericana,2026
09286f88,Gonzalo Rostagno,ar ARG,MF,24-148,3,2,107,1.2,0,0,0,0,0,0,0,0,0.00,0.00,0.00,0.00,0.00,Matches,Copa CONMEBOL Sudamericana,2026
c1d1912b,Eber Caicedo,ec ECU,FW,34-341,5,1,161,1.8,0,0,0,0,0,0,0,0,0.00,0.00,0.00,0.00,0.00,Matches,Copa CONMEBOL Sudamericana,2026
853e9aaa,Nixon Molina,ec ECU,MF,33-014,2,1,135,1.5,0,0,0,0,0,0,1,0,0.00,0.00,0.00,0.00,0.00,Matches,Copa CONMEBOL Sudamericana,2026
fd45e55e,Erick Plúas,ec ECU,MF,24-020,5,0,120,1.3,0,0,0,0,0,0,1,0,0.00,0.00,0.00,0.00,0.00,Matches,Copa CONMEBOL Sudamericana,2026
9140477a,Luis Garcés,ec ECU,FW,19-240,3,0,26,0.3,0,1,1,0,0,0,1,0,0.00,3.46,3.46,0.00,3.46,Matches,Copa CONMEBOL Sudamericana,2026
608f76e5,Erick Zambrano,ec ECU,FW,18-146,1,0,9,0.1,1,0,1,1,0,0,0,0,10.00,0.00,10.00,10.00,10.00,Matches,Copa CONMEBOL Sudamericana,2026
6ba61c9c,Eddie Hernandez,,,,1,0,5,0.1,0,0,0,0,0,0,0,0,0.00,0.00,0.00,0.00,0.00,Matches,Copa CONMEBOL Sudamericana,2026
e8c3924f,Yinsop Bravo,,,,0,0,,,,,,,,,,,,,,,,Matches,Copa CONMEBOL Sudamericana,2026
8881bfd3,Anderson Cordova,ec ECU,MF,19-015,0,0,,,,,,,,,,,,,,,,Matches,Copa CONMEBOL Sudamericana,2026
31580a96,Sleyder Mairongo,ec ECU,MF,17-176,0,0,,,,,,,,,,,,,,,,Matches,Copa CONMEBOL Sudamericana,2026
e9e69471,Christian Ortíz,ec ECU,MF,18-094,0,0,,,,,,,,,,,,,,,,Matches,Copa CONMEBOL Sudamericana,2026
8e986b73,Jordy Ortiz,ec ECU,GK,22-310,0,0,,,,,,,,,,,,,,,,Matches,Copa CONMEBOL Sudamericana,2026
ae7059b1,Marlon Quiñones,ec ECU,DF,25-049,0,0,,,,,,,,,,,,,,,,Matches,Copa CONMEBOL Sudamericana,2026
94d121ad,Sabino Quiñónez,ec ECU,MF,19-271,0,0,,,,,,,,,,,,,,,,Matches,Copa CONMEBOL Sudamericana,2026
6574251a,Franco Gastón Romero,uy URU,DF,31-057,9,8,726,8.1,1,0,1,1,0,0,2,0,0.12,0.00,0.12,0.12,0.12,Matches,Copa CONMEBOL Sudamericana,2026
e1ae2215,Franco Torgnascioli,uy URU,GK,35-228,8,8,720,8.0,0,0,0,0,0,0,0,0,0.00,0.00,0.00,0.00,0.00,Matches,Copa CONMEBOL Sudamericana,2026
520bc333,Esteban Obregón,ar ARG,FW,24-167,9,7,710,7.9,2,2,4,2,0,0,2,0,0.25,0.25,0.51,0.25,0.51,Matches,Copa CONMEBOL Sudamericana,2026
3d04af76,Facundo Silvera,uy URU,DF,29-079,9,7,662,7.4,0,0,0,0,0,0,4,0,0.00,0.00,0.00,0.00,0.00,Matches,Copa CONMEBOL Sudamericana,2026
d0908723,Salomón Rodríguez,uy URU,FW,26-052,8,7,657,7.3,6,0,6,4,2,2,4,0,0.82,0.00,0.82,0.55,0.55,Matches,Copa CONMEBOL Sudamericana,2026
a2e9f252,Gary Kagelmacher,uy URU,DF,37-353,7,7,630,7.0,0,1,1,0,0,0,1,0,0.00,0.14,0.14,0.00,0.14,Matches,Copa CONMEBOL Sudamericana,2026
1bbc96a2,Franco Pizzichillo,uy URU,MF,30-096,9,7,604,6.7,0,0,0,0,0,0,2,0,0.00,0.00,0.00,0.00,0.00,Matches,Copa CONMEBOL Sudamericana,2026
8ea7acfd,Eduardo Agüero,uy URU,DF,22-054,6,6,450,5.0,1,0,1,1,0,0,0,0,0.20,0.00,0.20,0.20,0.20,Matches,Copa CONMEBOL Sudamericana,2026
00724694,Ramiro Lecchini,uy URU,FW,18-259,7,6,415,4.6,0,0,0,0,0,0,2,0,0.00,0.00,0.00,0.00,0.00,Matches,Copa CONMEBOL Sudamericana,2026
ba6d8435,Gonzalo Montes,uy URU,"FW,MF",31-108,8,5,533,5.9,0,0,0,0,0,0,3,0,0.00,0.00,0.00,0.00,0.00,Matches,Copa CONMEBOL Sudamericana,2026
cca1e0b5,Pablo Siles,uy URU,MF,28-268,6,5,451,5.0,0,0,0,0,0,0,2,1,0.00,0.00,0.00,0.00,0.00,Matches,Copa CONMEBOL Sudamericana,2026
7429850a,Ezequiel Busquets,uy URU,DF,25-167,9,5,428,4.8,0,0,0,0,0,0,3,0,0.00,0.00,0.00,0.00,0.00,Matches,Copa CONMEBOL Sudamericana,2026
412f2985,Bautista Kociubinski,ar ARG,MF,24-348,7,5,428,4.8,1,0,1,1,0,0,2,0,0.21,0.00,0.21,0.21,0.21,Matches,Copa CONMEBOL Sudamericana,2026
5b3b6118,Sebastián Cáceres,uy URU,MF,26-084,9,5,395,4.4,0,0,0,0,0,0,4,0,0.00,0.00,0.00,0.00,0.00,Matches,Copa CONMEBOL Sudamericana,2026
581d6164,Lucas Duré,uy URU,MF,20-170,7,3,344,3.8,1,1,2,1,0,0,0,0,0.26,0.26,0.52,0.26,0.52,Matches,Copa CONMEBOL Sudamericana,2026
9e50dc2c,José Tarán,uy URU,MF,21-011,6,3,308,3.4,0,0,0,0,0,0,1,0,0.00,0.00,0.00,0.00,0.00,Matches,Copa CONMEBOL Sudamericana,2026
8061027f,Diogo Guzmán,ar ARG,MF,20-131,6,3,292,3.2,0,0,0,0,0,0,3,1,0.00,0.00,0.00,0.00,0.00,Matches,Copa CONMEBOL Sudamericana,2026
9c5daa24,Juan Quintana,uy URU,FW,26-095,5,3,273,3.0,0,0,0,0,0,0,0,0,0.00,0.00,0.00,0.00,0.00,Matches,Copa CONMEBOL Sudamericana,2026
8388e127,Nahuel Da Silva,br BRA,FW,21-000,8,3,265,2.9,1,0,1,1,0,0,1,1,0.34,0.00,0.34,0.34,0.34,Matches,Copa CONMEBOL Sudamericana,2026
dcab7580,Gastón Rodríguez,uy URU,GK,32-056,2,2,180,2.0,0,0,0,0,0,0,0,0,0.00,0.00,0.00,0.00,0.00,Matches,Copa CONMEBOL Sudamericana,2026
3ae8d22a,Kevin Silva,ar ARG,DF,22-358,2,2,180,2.0,0,0,0,0,0,0,0,0,0.00,0.00,0.00,0.00,0.00,Matches,Copa CONMEBOL Sudamericana,2026
d346536a,Luka Andrade,ar ARG,FW,19-096,4,2,141,1.6,1,0,1,1,0,0,1,0,0.64,0.00,0.64,0.64,0.64,Matches,Copa CONMEBOL Sudamericana,2026
7aef485b,Facundo Martínez,uy URU,FW,18-064,1,1,58,0.6,0,0,0,0,0,0,0,0,0.00,0.00,0.00,0.00,0.00,Matches,Copa CONMEBOL Sudamericana,2026
e7e6d624,Andrés Muñoz,uy URU,FW,19-253,1,0,14,0.2,0,0,0,0,0,0,0,0,0.00,0.00,0.00,0.00,0.00,Matches,Copa CONMEBOL Sudamericana,2026
0b53856e,Jean López,uy URU,DF,18-062,0,0,,,,,,,,,,,,,,,,Matches,Copa CONMEBOL Sudamericana,2026
f0b2b1e8,Ignacio Molina,uy URU,FW,18-124,0,0,,,,,,,,,,,,,,,,Matches,Copa CONMEBOL Sudamericana,2026
500a6469,Fabricio Silveira,uy URU,DF,21-203,0,0,,,,,,,,,,,,,,,,Matches,Copa CONMEBOL Sudamericana,2026
42b998d5,Valentino Würth,uy URU,DF,18-323,0,0,,,,,,,,,,,,,,,,Matches,Copa CONMEBOL Sudamericana,2026
9cf03f55,Matías Dufour,uy URU,GK,27-044,13,13,"1,169",13.0,0,0,0,0,0,0,4,1,0.00,0.00,0.00,0.00,0.00,Matches,Copa CONMEBOL Sudamericana,2026
b377627b,César Benítez,py PAR,DF,35-322,12,11,"1,015",11.3,0,0,0,0,0,0,0,0,0.00,0.00,0.00,0.00,0.00,Matches,Copa CONMEBOL Sudamericana,2026
0a206ab6,Agustín Da Silveira,uy URU,DF,25-119,11,11,945,10.5,0,0,0,0,0,0,4,0,0.00,0.00,0.00,0.00,0.00,Matches,Copa CONMEBOL Sudamericana,2026
de669df4,Clementino González,py PAR,FW,35-309,15,10,904,10.0,1,1,2,1,0,0,2,0,0.10,0.10,0.20,0.10,0.20,Matches,Copa CONMEBOL Sudamericana,2026
4187a5e0,Gustavo Viera,py PAR,MF,30-224,10,10,868,9.6,1,0,1,1,0,1,4,0,0.10,0.00,0.10,0.10,0.10,Matches,Copa CONMEBOL Sudamericana,2026
c68b02d8,Sergio Mendoza,py PAR,DF,31-317,12,10,825,9.2,1,0,1,1,0,0,4,0,0.11,0.00,0.11,0.11,0.11,Matches,Copa CONMEBOL Sudamericana,2026
748d8423,Luis de la Cruz,py PAR,"MF,DF",35-017,11,10,812,9.0,0,0,0,0,0,0,3,0,0.00,0.00,0.00,0.00,0.00,Matches,Copa CONMEBOL Sudamericana,2026
3ca2045b,Pedro Zarza,py PAR,MF,18-284,12,10,792,8.8,1,1,2,1,0,0,1,0,0.11,0.11,0.23,0.11,0.23,Matches,Copa CONMEBOL Sudamericana,2026
d62591d0,Fernando Romero,py PAR,"FW,MF",25-350,13,9,788,8.8,3,1,4,3,0,0,0,0,0.34,0.11,0.46,0.34,0.46,Matches,Copa CONMEBOL Sudamericana,2026
8ec75cfb,Tomas Rayer,ar ARG,MF,24-209,12,9,733,8.1,0,1,1,0,0,0,2,0,0.00,0.12,0.12,0.00,0.12,Matches,Copa CONMEBOL Sudamericana,2026
a77a59f0,Nelson Gauto,py PAR,MF,22-269,12,9,705,7.8,1,1,2,1,0,0,3,0,0.13,0.13,0.26,0.13,0.26,Matches,Copa CONMEBOL Sudamericana,2026
810e6e93,Bruno Valdez,py PAR,DF,33-185,7,7,630,7.0,1,1,2,0,1,1,2,0,0.14,0.14,0.29,0.00,0.14,Matches,Copa CONMEBOL Sudamericana,2026
383cd3de,Tobías Morinigo,py PAR,"MF,DF",20-199,10,7,613,6.8,2,1,3,2,0,0,3,0,0.29,0.15,0.44,0.29,0.44,Matches,Copa CONMEBOL Sudamericana,2026
384e58ff,Néstor Camacho,py PAR,FW,38-176,11,7,499,5.5,5,0,5,2,3,3,1,0,0.90,0.00,0.90,0.36,0.36,Matches,Copa CONMEBOL Sudamericana,2026
ef75154a,Axel Cañete,py PAR,DF,24-118,7,6,524,5.8,0,0,0,0,0,0,1,0,0.00,0.00,0.00,0.00,0.00,Matches,Copa CONMEBOL Sudamericana,2026
21972535,Lucas Gonzalez,ar ARG,"MF,FW",21-279,8,4,422,4.7,1,0,1,1,0,0,1,0,0.21,0.00,0.21,0.21,0.21,Matches,Copa CONMEBOL Sudamericana,2026
a0db5ebf,Ronaldo Báez,py PAR,MF,28-017,13,3,453,5.0,0,1,1,0,0,0,2,0,0.00,0.20,0.20,0.00,0.20,Matches,Copa CONMEBOL Sudamericana,2026
c4d89558,Diego Melgarejo,py PAR,DF,29-202,8,3,394,4.4,0,0,0,0,0,0,0,0,0.00,0.00,0.00,0.00,0.00,Matches,Copa CONMEBOL Sudamericana,2026
2bea0550,Maximiliano Centurión,ar ARG,DF,27-048,3,3,241,2.7,0,0,0,0,0,0,1,0,0.00,0.00,0.00,0.00,0.00,Matches,Copa CONMEBOL Sudamericana,2026
39ff0940,Nicolás Maná,ar ARG,"MF,FW",32-015,6,2,218,2.4,1,0,1,1,0,0,1,0,0.41,0.00,0.41,0.41,0.41,Matches,Copa CONMEBOL Sudamericana,2026
7e2cb135,Victor Samudio,py PAR,GK,38-327,2,2,180,2.0,0,0,0,0,0,0,0,0,0.00,0.00,0.00,0.00,0.00,Matches,Copa CONMEBOL Sudamericana,2026
46c46c2a,Fabrizio Baruja,py PAR,MF,19-240,4,2,179,2.0,0,0,0,0,0,0,2,0,0.00,0.00,0.00,0.00,0.00,Matches,Copa CONMEBOL Sudamericana,2026
16f10b57,Armando Ruiz Díaz,py PAR,DF,32-269,4,2,171,1.9,0,0,0,0,0,0,0,0,0.00,0.00,0.00,0.00,0.00,Matches,Copa CONMEBOL Sudamericana,2026
fef662ec,Alan Cano,py PAR,FW,20-356,3,2,133,1.5,0,0,0,0,0,0,0,0,0.00,0.00,0.00,0.00,0.00,Matches,Copa CONMEBOL Sudamericana,2026
d1fbc25a,Jorge Marcelino,py PAR,"MF,FW",20-247,2,2,108,1.2,0,0,0,0,0,0,0,0,0.00,0.00,0.00,0.00,0.00,Matches,Copa CONMEBOL Sudamericana,2026
a0cc13ce,Fernando Román,py PAR,DF,25-045,2,1,109,1.2,0,0,0,0,0,0,1,0,0.00,0.00,0.00,0.00,0.00,Matches,Copa CONMEBOL Sudamericana,2026
a29481fe,Óscar Guillermo Giménez Irala,py PAR,FW,35-348,13,0,278,3.1,0,2,2,0,0,0,3,0,0.00,0.65,0.65,0.00,0.65,Matches,Copa CONMEBOL Sudamericana,2026
caa5654e,Hermes Villalba,py PAR,DF,35-015,3,0,109,1.2,0,0,0,0,0,0,2,0,0.00,0.00,0.00,0.00,0.00,Matches,Copa CONMEBOL Sudamericana,2026
99bd9692,Randy Báez,,DF,,1,0,32,0.4,0,0,0,0,0,0,0,0,0.00,0.00,0.00,0.00,0.00,Matches,Copa CONMEBOL Sudamericana,2026
aae0cd41,Denis Acosta,py PAR,DF,24-030,0,0,,,,,,,,,,,,,,,,Matches,Copa CONMEBOL Sudamericana,2026
048bc79d,Alessandro Alfonso,,GK,,0,0,,,,,,,,,,,,,,,,Matches,Copa CONMEBOL Sudamericana,2026
20637f0e,Maximiliano Ayala,,,,0,0,,,,,,,,,,,,,,,,Matches,Copa CONMEBOL Sudamericana,2026
0ec71481,Juanito,es ESP,MF,36-030,0,0,,,,,,,,,,,,,,,,Matches,Copa CONMEBOL Sudamericana,2026
38dcb23a,Brahian Leguizamon,py PAR,MF,16-289,0,0,,,,,,,,,,,,,,,,Matches,Copa CONMEBOL Sudamericana,2026
3c885620,Alejandro Notario,,,,0,0,,,,,,,,,,,,,,,,Matches,Copa CONMEBOL Sudamericana,2026
b8903db3,Erick Perleche,pe PER,DF,25-237,8,8,720,8.0,0,1,1,0,0,0,0,0,0.00,0.12,0.12,0.00,0.12,Matches,Copa CONMEBOL Sudamericana,2026
1abe20d9,Daniel Prieto,pe PER,GK,30-203,8,8,720,8.0,0,0,0,0,0,0,0,0,0.00,0.00,0.00,0.00,0.00,Matches,Copa CONMEBOL Sudamericana,2026
6777012a,Anthony Gordillo,pe PER,DF,31-344,8,8,712,7.9,0,0,0,0,0,0,2,0,0.00,0.00,0.00,0.00,0.00,Matches,Copa CONMEBOL Sudamericana,2026
371ddec3,Germán Díaz,ar ARG,MF,29-295,9,8,684,7.6,0,0,0,0,0,0,1,0,0.00,0.00,0.00,0.00,0.00,Matches,Copa CONMEBOL Sudamericana,2026
64d36568,Cristian Penilla,ec ECU,"MF,FW",34-342,9,8,663,7.4,0,0,0,0,0,0,0,0,0.00,0.00,0.00,0.00,0.00,Matches,Copa CONMEBOL Sudamericana,2026
4389e2c3,Román Suárez,ar ARG,DF,25-047,8,7,673,7.5,0,0,0,0,0,0,4,1,0.00,0.00,0.00,0.00,0.00,Matches,Copa CONMEBOL Sudamericana,2026
edae7f67,Hernan Lupu,pe PER,MF,22-084,9,7,575,6.4,1,0,1,1,0,0,1,0,0.16,0.00,0.16,0.16,0.16,Matches,Copa CONMEBOL Sudamericana,2026
6c173396,José Villegas,ar ARG,DF,29-357,6,6,457,5.1,0,0,0,0,0,0,3,1,0.00,0.00,0.00,0.00,0.00,Matches,Copa CONMEBOL Sudamericana,2026
1c394e00,Franco Coronel,ar ARG,"FW,MF",32-275,7,5,462,5.1,3,1,4,3,0,0,1,0,0.58,0.19,0.78,0.58,0.78,Matches,Copa CONMEBOL Sudamericana,2026
8fee951a,Valentín Robaldo,ar ARG,"FW,MF",25-340,9,5,425,4.7,1,0,1,1,0,0,0,0,0.21,0.00,0.21,0.21,0.21,Matches,Copa CONMEBOL Sudamericana,2026
3e9b30a0,Elian Muñoz,ar ARG,MF,25-262,8,5,397,4.4,0,1,1,0,0,0,2,0,0.00,0.23,0.23,0.00,0.23,Matches,Copa CONMEBOL Sudamericana,2026
307bd59e,Stefano Fernández,pe PER,MF,24-056,6,4,310,3.4,0,0,0,0,0,0,2,0,0.00,0.00,0.00,0.00,0.00,Matches,Copa CONMEBOL Sudamericana,2026
0474f0c5,Jimmy Pérez,pe PER,MF,25-094,7,3,369,4.1,1,0,1,1,0,0,0,0,0.24,0.00,0.24,0.24,0.24,Matches,Copa CONMEBOL Sudamericana,2026
a3e6e1d8,Williams Guzmán,pe PER,DF,25-231,4,3,272,3.0,1,0,1,1,0,0,0,0,0.33,0.00,0.33,0.33,0.33,Matches,Copa CONMEBOL Sudamericana,2026
e499a25f,Franchesco Flores,pe PER,"MF,FW",24-298,7,2,285,3.2,1,1,2,1,0,0,1,0,0.32,0.32,0.63,0.32,0.63,Matches,Copa CONMEBOL Sudamericana,2026
283910fe,Guillermo Larios,pe PER,"MF,FW",23-333,5,2,224,2.5,0,1,1,0,0,0,0,0,0.00,0.40,0.40,0.00,0.40,Matches,Copa CONMEBOL Sudamericana,2026
885851cb,José Luján,pe PER,DF,29-087,3,2,213,2.4,0,0,0,0,0,0,0,0,0.00,0.00,0.00,0.00,0.00,Matches,Copa CONMEBOL Sudamericana,2026
438ae01e,Christian Valladolid,pe PER,FW,21-345,2,2,135,1.5,0,0,0,0,0,0,1,0,0.00,0.00,0.00,0.00,0.00,Matches,Copa CONMEBOL Sudamericana,2026
5e456962,Jorge del Castillo,pe PER,"MF,FW",21-193,4,2,118,1.3,1,0,1,1,0,0,0,0,0.76,0.00,0.76,0.76,0.76,Matches,Copa CONMEBOL Sudamericana,2026
96cec05b,Éder Hermoza,pe PER,GK,36-005,1,1,90,1.0,0,0,0,0,0,0,0,0,0.00,0.00,0.00,0.00,0.00,Matches,Copa CONMEBOL Sudamericana,2026
364c9e09,Juan Quiñónes,pe PER,DF,25-015,1,1,90,1.0,0,0,0,0,0,0,0,0,0.00,0.00,0.00,0.00,0.00,Matches,Copa CONMEBOL Sudamericana,2026
70f49135,Luiggi Alburqueque,pe PER,DF,23-146,2,1,86,1.0,0,0,0,0,0,0,1,0,0.00,0.00,0.00,0.00,0.00,Matches,Copa CONMEBOL Sudamericana,2026
7b9ed245,Mariano Barreda,pe PER,MF,22-306,3,1,79,0.9,0,0,0,0,0,0,0,0,0.00,0.00,0.00,0.00,0.00,Matches,Copa CONMEBOL Sudamericana,2026
eded32e6,Jesús Mendieta,pe PER,"DF,MF",27-363,4,0,97,1.1,0,0,0,0,0,0,0,0,0.00,0.00,0.00,0.00,0.00,Matches,Copa CONMEBOL Sudamericana,2026
9ec926eb,Juan Delgado,pe PER,MF,20-336,2,0,14,0.2,0,0,0,0,0,0,0,0,0.00,0.00,0.00,0.00,0.00,Matches,Copa CONMEBOL Sudamericana,2026
a1e3777d,Jesus Rossi,pe PER,GK,23-001,0,0,,,,,,,,,,,,,,,,Matches,Copa CONMEBOL Sudamericana,2026
02bae49b,Frankarlos Benítez,ve VEN,GK,21-341,9,9,810,9.0,0,,,0,0,0,0,0,0.00,,,0.00,,Matches,Copa CONMEBOL Sudamericana,2026
819ff474,Irving Gudiño,pa PAN,MF,25-145,10,9,783,8.7,0,,,0,0,0,2,0,0.00,,,0.00,,Matches,Copa CONMEBOL Sudamericana,2026
81067cb6,Francisco La Mantía,ve VEN,DF,30-044,8,8,720,8.0,1,,,0,1,1,2,0,0.12,,,0.00,,Matches,Copa CONMEBOL Sudamericana,2026
5338dd82,Jesús Yendis,ve VEN,DF,28-050,8,8,673,7.5,1,,,1,0,0,1,1,0.13,,,0.13,,Matches,Copa CONMEBOL Sudamericana,2026
ccc10a2d,Ángel Figueroa,ve VEN,MF,20-315,9,7,528,5.9,1,,,1,0,0,0,0,0.17,,,0.17,,Matches,Copa CONMEBOL Sudamericana,2026
56b8126a,Luis Mago,ve VEN,DF,31-206,6,6,540,6.0,0,,,0,0,1,3,0,0.00,,,0.00,,Matches,Copa CONMEBOL Sudamericana,2026
dcef98f7,Jesús Quintero,ve VEN,DF,25-067,6,6,540,6.0,0,,,0,0,0,1,0,0.00,,,0.00,,Matches,Copa CONMEBOL Sudamericana,2026
6f2ebc13,Eduardo Fereira,ve VEN,DF,25-192,6,6,525,5.8,0,,,0,0,0,2,0,0.00,,,0.00,,Matches,Copa CONMEBOL Sudamericana,2026
096a15fa,Aytor Herrera,ve VEN,DF,18-160,7,6,515,5.7,0,,,0,0,0,0,0,0.00,,,0.00,,Matches,Copa CONMEBOL Sudamericana,2026
1f2f3863,Michael Covea,ve VEN,MF,32-231,7,6,503,5.6,1,,,1,0,0,3,0,0.18,,,0.18,,Matches,Copa CONMEBOL Sudamericana,2026
4be5aa49,Robert Hernández,ve VEN,MF,32-207,8,6,400,4.4,0,,,0,0,0,2,0,0.00,,,0.00,,Matches,Copa CONMEBOL Sudamericana,2026
149e370b,Mauricio Márquez,ve VEN,"MF,FW",25-020,7,5,457,5.1,0,,,0,0,0,3,0,0.00,,,0.00,,Matches,Copa CONMEBOL Sudamericana,2026
8ab98f4f,Néstor Adrián Fernández,py PAR,FW,33-248,7,5,447,5.0,1,,,0,1,2,2,0,0.20,,,0.00,,Matches,Copa CONMEBOL Sudamericana,2026
f842609f,Miguel Vegas,ve VEN,MF,19-322,7,5,394,4.4,0,,,0,0,0,0,0,0.00,,,0.00,,Matches,Copa CONMEBOL Sudamericana,2026
5ba39651,Lucciano Reinoso,ve VEN,"FW,MF",19-273,7,4,325,3.6,1,,,1,0,0,2,0,0.28,,,0.28,,Matches,Copa CONMEBOL Sudamericana,2026
8b524e80,Christian Larotonda,ve VEN,MF,26-318,9,3,393,4.4,1,,,1,0,0,0,0,0.23,,,0.23,,Matches,Copa CONMEBOL Sudamericana,2026
79b8998d,Charly Vegas,ve VEN,MF,19-020,8,3,280,3.1,1,,,1,0,0,3,0,0.32,,,0.32,,Matches,Copa CONMEBOL Sudamericana,2026
a204a831,Juan González,co COL,FW,20-021,7,2,232,2.6,2,,,2,0,0,2,0,0.78,,,0.78,,Matches,Copa CONMEBOL Sudamericana,2026
24c75149,Chris Martinez,,MF,,7,2,212,2.4,1,,,1,0,0,1,0,0.42,,,0.42,,Matches,Copa CONMEBOL Sudamericana,2026
215c2401,Wilfred Correa,ve VEN,MF,20-113,3,2,161,1.8,0,,,0,0,0,2,0,0.00,,,0.00,,Matches,Copa CONMEBOL Sudamericana,2026
b6f6cc54,Juan Vegas,ve VEN,GK,21-057,1,1,90,1.0,0,,,0,0,0,0,0,0.00,,,0.00,,Matches,Copa CONMEBOL Sudamericana,2026
42d2d092,Luis Maestre,ve VEN,MF,20-333,2,1,79,0.9,0,,,0,0,0,1,0,0.00,,,0.00,,Matches,Copa CONMEBOL Sudamericana,2026
ca3ad1ae,Juan Uribe,ve VEN,FW,17-356,5,0,167,1.9,0,,,0,0,0,3,0,0.00,,,0.00,,Matches,Copa CONMEBOL Sudamericana,2026
c744087f,José Rondón,ve VEN,MF,20-264,2,0,37,0.4,0,,,0,0,0,0,0,0.00,,,0.00,,Matches,Copa CONMEBOL Sudamericana,2026
6bea8333,Diego Gudino,,DF,,2,0,27,0.3,0,,,0,0,0,0,0,0.00,,,0.00,,Matches,Copa CONMEBOL Sudamericana,2026
af55da33,Rodhier Lezama,ve VEN,MF,20-087,1,0,15,0.2,0,,,0,0,0,0,0,0.00,,,0.00,,Matches,Copa CONMEBOL Sudamericana,2026
bd46562d,Erickson Lira,ve VEN,DF,18-298,0,0,,,,,,,,,,,,,,,,Matches,Copa CONMEBOL Sudamericana,2026
49df3ddc,Luigi Pagano,ve VEN,DF,17-274,0,0,,,,,,,,,,,,,,,,Matches,Copa CONMEBOL Sudamericana,2026
cc3b4444,Jorge Enrique Arias,co COL,DF,33-147,14,14,"1,260",14.0,0,0,0,0,0,0,4,0,0.00,0.00,0.00,0.00,0.00,Matches,Copa CONMEBOL Sudamericana,2026
ebaa3683,Diego Novoa,co COL,GK,36-313,14,14,"1,260",14.0,0,0,0,0,0,0,3,0,0.00,0.00,0.00,0.00,0.00,Matches,Copa CONMEBOL Sudamericana,2026
492f7668,Mateo García,co COL,MF,27-224,14,14,"1,071",11.9,2,0,2,2,0,0,5,1,0.17,0.00,0.17,0.17,0.17,Matches,Copa CONMEBOL Sudamericana,2026
c1e5ab87,Rodrigo Contreras,ar ARG,FW,30-164,13,13,"1,030",11.4,6,0,6,5,1,1,4,0,0.52,0.00,0.52,0.44,0.44,Matches,Copa CONMEBOL Sudamericana,2026
ce3041e5,Andrés Llinás,co COL,DF,29-015,13,13,993,11.0,2,0,2,2,0,0,3,0,0.18,0.00,0.18,0.18,0.18,Matches,Copa CONMEBOL Sudamericana,2026
9765a9dd,Sebastián Valencia,co COL,DF,29-280,13,12,983,10.9,2,4,6,2,0,0,3,0,0.18,0.37,0.55,0.18,0.55,Matches,Copa CONMEBOL Sudamericana,2026
8dcb2b73,Rodrigo Ureña,cl CHI,MF,33-039,12,12,976,10.8,0,3,3,0,0,0,5,1,0.00,0.28,0.28,0.00,0.28,Matches,Copa CONMEBOL Sudamericana,2026
b53310c1,Leonardo Castro,co COL,"FW,MF",33-299,12,12,921,10.2,6,0,6,6,0,0,4,0,0.59,0.00,0.59,0.59,0.59,Matches,Copa CONMEBOL Sudamericana,2026
7f0ec66c,Carlos Sarabia,co COL,DF,20-300,11,11,895,9.9,1,2,3,1,0,0,0,0,0.10,0.20,0.30,0.10,0.30,Matches,Copa CONMEBOL Sudamericana,2026
95902737,Sergio Mosquera,co COL,DF,32-059,11,9,825,9.2,0,0,0,0,0,0,1,0,0.00,0.00,0.00,0.00,0.00,Matches,Copa CONMEBOL Sudamericana,2026
e7f69a30,David Macalister Silva,co COL,MF,39-117,9,8,595,6.6,1,1,2,1,0,0,3,1,0.15,0.15,0.30,0.15,0.30,Matches,Copa CONMEBOL Sudamericana,2026
0cc00553,Darwin Quintero,co COL,MF,38-202,12,5,431,4.8,0,2,2,0,0,0,1,0,0.00,0.42,0.42,0.00,0.42,Matches,Copa CONMEBOL Sudamericana,2026
cbed8f9e,Stiven Vega,co COL,MF,27-322,13,4,537,6.0,0,0,0,0,0,0,1,0,0.00,0.00,0.00,0.00,0.00,Matches,Copa CONMEBOL Sudamericana,2026
731ba146,Danovis Banguero,co COL,DF,36-164,11,3,415,4.6,0,0,0,0,0,0,2,0,0.00,0.00,0.00,0.00,0.00,Matches,Copa CONMEBOL Sudamericana,2026
561af97d,Julián Angulo,co COL,MF,23-330,12,3,387,4.3,0,0,0,0,0,0,2,0,0.00,0.00,0.00,0.00,0.00,Matches,Copa CONMEBOL Sudamericana,2026
d1ca3243,Beckham Castro,co COL,"FW,MF",22-209,12,3,373,4.1,3,3,6,3,0,0,2,0,0.72,0.72,1.45,0.72,1.45,Matches,Copa CONMEBOL Sudamericana,2026
f2950f57,Edgar Elizalde,uy URU,DF,26-041,5,3,343,3.8,0,1,1,0,0,0,1,0,0.00,0.26,0.26,0.00,0.26,Matches,Copa CONMEBOL Sudamericana,2026
a30b7f4f,Samuel Martín,,DF,,6,3,280,3.1,0,0,0,0,0,0,0,0,0.00,0.00,0.00,0.00,0.00,Matches,Copa CONMEBOL Sudamericana,2026
61e5f84b,Sebastián Viveros,co COL,"MF,DF",21-109,9,2,364,4.0,0,2,2,0,0,0,1,0,0.00,0.49,0.49,0.00,0.49,Matches,Copa CONMEBOL Sudamericana,2026
bbc6ed5c,Alex Moreno,co COL,DF,24-074,2,2,180,2.0,0,0,0,0,0,0,0,0,0.00,0.00,0.00,0.00,0.00,Matches,Copa CONMEBOL Sudamericana,2026
66116290,Radamel Falcao,co COL,MF,40-058,5,1,176,2.0,1,0,1,0,1,1,1,0,0.51,0.00,0.51,0.00,0.00,Matches,Copa CONMEBOL Sudamericana,2026
36b1c79f,Alex Castro,co COL,MF,32-032,3,1,149,1.7,0,0,0,0,0,0,0,0,0.00,0.00,0.00,0.00,0.00,Matches,Copa CONMEBOL Sudamericana,2026
d4f1cfb5,Jorge Cabezas,co COL,FW,22-215,5,1,141,1.6,0,0,0,0,0,0,1,0,0.00,0.00,0.00,0.00,0.00,Matches,Copa CONMEBOL Sudamericana,2026
489f6f84,Guillermo de Amores,uy URU,GK,31-172,1,1,90,1.0,0,0,0,0,0,0,0,0,0.00,0.00,0.00,0.00,0.00,Matches,Copa CONMEBOL Sudamericana,2026
9bae8633,Dewar Victoria,co COL,MF,25-021,3,1,80,0.9,0,0,0,0,0,0,1,0,0.00,0.00,0.00,0.00,0.00,Matches,Copa CONMEBOL Sudamericana,2026
cded28f9,Brayan Campáz,co COL,FW,21-189,1,0,12,0.1,0,0,0,0,0,0,0,0,0.00,0.00,0.00,0.00,0.00,Matches,Copa CONMEBOL Sudamericana,2026
41d46d40,Sebastián Mosquera,co COL,FW,19-126,0,0,,,,,,,,,,,,,,,,Matches,Copa CONMEBOL Sudamericana,2026
1bc5a3a9,David Rodríguez,co COL,MF,17-288,0,0,,,,,,,,,,,,,,,,Matches,Copa CONMEBOL Sudamericana,2026
3ec3c1c9,Lucas Martínez Quarta,ar ARG,DF,29-334,12,12,"1,070",11.9,1,0,1,1,0,0,3,0,0.08,0.00,0.08,0.08,0.08,Matches,Copa CONMEBOL Sudamericana,2026
0c0f1cd3,Aníbal Moreno,ar ARG,MF,26-331,12,12,"1,029",11.4,0,2,2,0,0,0,0,0,0.00,0.17,0.17,0.00,0.17,Matches,Copa CONMEBOL Sudamericana,2026
e699d3db,Tomás Galván,ar ARG,MF,25-363,12,12,846,9.4,2,1,3,2,0,0,0,0,0.21,0.11,0.32,0.21,0.32,Matches,Copa CONMEBOL Sudamericana,2026
83340875,Santiago Beltrán,ar ARG,GK,21-187,12,11,"1,035",11.5,0,0,0,0,0,0,0,0,0.00,0.00,0.00,0.00,0.00,Matches,Copa CONMEBOL Sudamericana,2026
374d5158,Gonzalo Montiel,ar ARG,DF,29-098,11,11,990,11.0,4,1,5,2,2,2,2,0,0.36,0.09,0.45,0.18,0.27,Matches,Copa CONMEBOL Sudamericana,2026
c1e3b5e9,Lautaro Rivero,ar ARG,DF,22-159,11,11,969,10.8,1,0,1,1,0,0,5,0,0.09,0.00,0.09,0.09,0.09,Matches,Copa CONMEBOL Sudamericana,2026
8b3b381b,Fausto Vera,ar ARG,MF,26-014,11,11,902,10.0,0,0,0,0,0,0,2,1,0.00,0.00,0.00,0.00,0.00,Matches,Copa CONMEBOL Sudamericana,2026
60e86875,Sebastián Driussi,ar ARG,"FW,MF",30-059,10,10,750,8.3,3,0,3,3,0,0,0,0,0.36,0.00,0.36,0.36,0.36,Matches,Copa CONMEBOL Sudamericana,2026
f9e8a841,Ian Subiabre,ar ARG,MF,19-098,12,6,566,6.3,1,2,3,1,0,0,2,0,0.16,0.32,0.48,0.16,0.48,Matches,Copa CONMEBOL Sudamericana,2026
540d0b37,Juan Quintero,co COL,MF,33-081,10,6,493,5.5,2,2,4,2,0,1,0,0,0.37,0.37,0.73,0.37,0.73,Matches,Copa CONMEBOL Sudamericana,2026
69a6523a,Facundo Colidio,ar ARG,"FW,MF",26-095,8,6,441,4.9,1,1,2,1,0,0,0,1,0.20,0.20,0.41,0.20,0.41,Matches,Copa CONMEBOL Sudamericana,2026
81442ecb,Marcos Acuña,ar ARG,DF,34-163,7,5,477,5.3,0,0,0,0,0,0,5,0,0.00,0.00,0.00,0.00,0.00,Matches,Copa CONMEBOL Sudamericana,2026
08eb3b58,Matías Viña,uy URU,"DF,MF",28-151,8,5,402,4.5,0,0,0,0,0,0,6,1,0.00,0.00,0.00,0.00,0.00,Matches,Copa CONMEBOL Sudamericana,2026
62420800,Joaquín Freitas,ar ARG,"FW,MF",19-128,7,3,390,4.3,1,0,1,1,0,0,1,0,0.23,0.00,0.23,0.23,0.23,Matches,Copa CONMEBOL Sudamericana,2026
f3bb9f59,Kendry Páez,ec ECU,MF,18-340,5,2,205,2.3,0,0,0,0,0,0,0,0,0.00,0.00,0.00,0.00,0.00,Matches,Copa CONMEBOL Sudamericana,2026
3906e923,Paulo Díaz,cl CHI,DF,31-227,5,2,197,2.2,0,0,0,0,0,0,1,0,0.00,0.00,0.00,0.00,0.00,Matches,Copa CONMEBOL Sudamericana,2026
a8eeadaf,Giuliano Galoppo,ar ARG,MF,26-295,7,1,224,2.5,0,0,0,0,0,0,1,0,0.00,0.00,0.00,0.00,0.00,Matches,Copa CONMEBOL Sudamericana,2026
c3c12758,Maximiliano Salas,ar ARG,FW,28-129,8,1,207,2.3,1,0,1,1,0,0,1,0,0.43,0.00,0.43,0.43,0.43,Matches,Copa CONMEBOL Sudamericana,2026
a61bbe15,Agustín Ruberto,ar ARG,FW,20-085,3,1,124,1.4,0,0,0,0,0,0,1,0,0.00,0.00,0.00,0.00,0.00,Matches,Copa CONMEBOL Sudamericana,2026
f595ea9c,Facundo González,ar ARG,DF,20-006,2,1,108,1.2,0,0,0,0,0,0,0,0,0.00,0.00,0.00,0.00,0.00,Matches,Copa CONMEBOL Sudamericana,2026
c393c3d9,Kevin Castaño,co COL,MF,25-192,5,1,96,1.1,0,0,0,0,0,0,0,0,0.00,0.00,0.00,0.00,0.00,Matches,Copa CONMEBOL Sudamericana,2026
82549f54,Fabricio Bustos,ar ARG,DF,29-346,1,1,90,1.0,0,0,0,0,0,0,0,0,0.00,0.00,0.00,0.00,0.00,Matches,Copa CONMEBOL Sudamericana,2026
b3e42951,Franco Armani,ar ARG,GK,39-175,1,1,45,0.5,0,0,0,0,0,0,0,0,0.00,0.00,0.00,0.00,0.00,Matches,Copa CONMEBOL Sudamericana,2026
8d88e3be,Santiago Lencina,ar ARG,MF,20-217,4,0,67,0.7,0,0,0,0,0,0,0,0,0.00,0.00,0.00,0.00,0.00,Matches,Copa CONMEBOL Sudamericana,2026
05df2936,Juan Meza,ar ARG,MF,18-026,1,0,39,0.4,0,1,1,0,0,0,0,0,0.00,2.31,2.31,0.00,2.31,Matches,Copa CONMEBOL Sudamericana,2026
7ecb2377,Cristian Jaime,ar ARG,FW,19-269,1,0,19,0.2,0,0,0,0,0,0,0,0,0.00,0.00,0.00,0.00,0.00,Matches,Copa CONMEBOL Sudamericana,2026
2f9ae3a1,Juan Portillo,ar ARG,"DF,MF",25-326,1,0,16,0.2,0,0,0,0,0,0,0,0,0.00,0.00,0.00,0.00,0.00,Matches,Copa CONMEBOL Sudamericana,2026
12b4b194,Lautaro Pereyra,ar ARG,MF,18-012,1,0,7,0.1,0,0,0,0,0,0,0,0,0.00,0.00,0.00,0.00,0.00,Matches,Copa CONMEBOL Sudamericana,2026
d2313e46,Ezequiel Centurión,ar ARG,GK,28-324,0,0,,,,,,,,,,,,,,,,Matches,Copa CONMEBOL Sudamericana,2026
8e97a57b,Matías Galarza,py PAR,MF,24-057,0,0,,,,,,,,,,,,,,,,Matches,Copa CONMEBOL Sudamericana,2026
78104f06,Ulises Giménez,ar ARG,DF,20-098,0,0,,,,,,,,,,,,,,,,Matches,Copa CONMEBOL Sudamericana,2026
662e20a9,Franco Jaroszewicz,ar ARG,GK,19-124,0,0,,,,,,,,,,,,,,,,Matches,Copa CONMEBOL Sudamericana,2026
8c725b43,Germán Pezzella,ar ARG,DF,34-286,0,0,,,,,,,,,,,,,,,,Matches,Copa CONMEBOL Sudamericana,2026
40424ddf,Yonathan Cabral,ar ARG,DF,33-334,1,1,90,1.0,0,0,0,0,0,0,0,0,0.00,0.00,0.00,0.00,0.00,Matches,Copa CONMEBOL Sudamericana,2026
b95ddcde,Luca Giossa,uy URU,GK,25-320,1,1,90,1.0,0,0,0,0,0,0,0,0,0.00,0.00,0.00,0.00,0.00,Matches,Copa CONMEBOL Sudamericana,2026
4bb23ee3,Gustavo Mendoza,bo BOL,FW,21-333,1,1,90,1.0,0,0,0,0,0,0,0,0,0.00,0.00,0.00,0.00,0.00,Matches,Copa CONMEBOL Sudamericana,2026
1c528b0c,Diego Mercado,,,,1,1,90,1.0,0,0,0,0,0,0,0,0,0.00,0.00,0.00,0.00,0.00,Matches,Copa CONMEBOL Sudamericana,2026
a3eb6b73,Adalid Terrazas,bo BOL,MF,25-227,1,1,90,1.0,0,2,2,0,0,0,0,0,0.00,2.00,2.00,0.00,2.00,Matches,Copa CONMEBOL Sudamericana,2026
05c3e4f3,Lider Yanarico,bo BOL,DF,19-113,1,1,90,1.0,0,0,0,0,0,0,0,0,0.00,0.00,0.00,0.00,0.00,Matches,Copa CONMEBOL Sudamericana,2026
1569aeb7,Andrés Córdoba,co COL,FW,28-190,1,1,79,0.9,1,0,1,1,0,0,0,0,1.14,0.00,1.14,1.14,1.14,Matches,Copa CONMEBOL Sudamericana,2026
9351aad5,Cristhian Machado,bo BOL,MF,35-293,1,1,79,0.9,0,0,0,0,0,0,0,0,0.00,0.00,0.00,0.00,0.00,Matches,Copa CONMEBOL Sudamericana,2026
38e58289,José Briceño,bo BOL,FW,24-079,1,1,63,0.7,1,0,1,1,0,0,0,0,1.43,0.00,1.43,1.43,1.43,Matches,Copa CONMEBOL Sudamericana,2026
bfebbc6a,Julio Herrera,bo BOL,MF,27-057,1,1,63,0.7,0,0,0,0,0,0,0,0,0.00,0.00,0.00,0.00,0.00,Matches,Copa CONMEBOL Sudamericana,2026
918a67b8,Ramiro Ballivián,bo BOL,DF,34-001,1,1,58,0.6,0,0,0,0,0,0,1,0,0.00,0.00,0.00,0.00,0.00,Matches,Copa CONMEBOL Sudamericana,2026
5af315ed,Ronald Bustos,bo BOL,FW,22-023,1,0,32,0.4,0,0,0,0,0,0,0,0,0.00,0.00,0.00,0.00,0.00,Matches,Copa CONMEBOL Sudamericana,2026
958e0fc7,Marcelo De Lima Castro,bo BOL,DF,21-001,1,0,27,0.3,0,0,0,0,0,0,0,0,0.00,0.00,0.00,0.00,0.00,Matches,Copa CONMEBOL Sudamericana,2026
f4773a5c,Pablo Vaca,bo BOL,MF,23-313,1,0,27,0.3,0,0,0,0,0,0,0,0,0.00,0.00,0.00,0.00,0.00,Matches,Copa CONMEBOL Sudamericana,2026
6598571f,Kevin Gutiérrez,bo BOL,FW,18-266,1,0,11,0.1,0,0,0,0,0,0,0,0,0.00,0.00,0.00,0.00,0.00,Matches,Copa CONMEBOL Sudamericana,2026
eb508677,Alexi Medina,ar ARG,DF,30-285,1,0,11,0.1,0,0,0,0,0,0,0,0,0.00,0.00,0.00,0.00,0.00,Matches,Copa CONMEBOL Sudamericana,2026
ce227e89,E. Aguilar,,,,0,0,,,,,,,,,,,,,,,,Matches,Copa CONMEBOL Sudamericana,2026
d79ee87c,Lucas Galarza,py PAR,GK,25-173,0,0,,,,,,,,,,,,,,,,Matches,Copa CONMEBOL Sudamericana,2026
fb874483,Saulo Guerra,bo BOL,MF,33-207,0,0,,,,,,,,,,,,,,,,Matches,Copa CONMEBOL Sudamericana,2026
48ada31e,Juan Magallanes,bo BOL,MF,23-097,0,0,,,,,,,,,,,,,,,,Matches,Copa CONMEBOL Sudamericana,2026
4ea0deb0,Rafael Menacho,bo BOL,FW,24-288,0,0,,,,,,,,,,,,,,,,Matches,Copa CONMEBOL Sudamericana,2026
152f61bd,César Romero,bo BOL,DF,24-249,0,0,,,,,,,,,,,,,,,,Matches,Copa CONMEBOL Sudamericana,2026
34710e8f,Jaime Villamil,bo BOL,DF,33-186,0,0,,,,,,,,,,,,,,,,Matches,Copa CONMEBOL Sudamericana,2026
a59c090b,Éverson,br BRA,GK,35-261,10,10,900,10.0,0,1,1,0,0,0,0,0,0.00,0.10,0.10,0.00,0.10,Matches,Copa CONMEBOL Sudamericana,2026
ed9f7cfe,Renan Lodi,br BRA,"DF,MF",28-001,10,10,895,9.9,0,1,1,0,0,0,2,0,0.00,0.10,0.10,0.00,0.10,Matches,Copa CONMEBOL Sudamericana,2026
33fca7f7,Victor Hugo,br BRA,"MF,FW",21-333,10,10,811,9.0,3,1,4,3,0,0,0,0,0.33,0.11,0.44,0.33,0.44,Matches,Copa CONMEBOL Sudamericana,2026
c76b161b,Alan Franco,ec ECU,"MF,DF",27-231,9,9,810,9.0,0,1,1,0,0,0,2,0,0.00,0.11,0.11,0.00,0.11,Matches,Copa CONMEBOL Sudamericana,2026
a378a02a,Ruan,br BRA,DF,26-306,9,9,789,8.8,1,0,1,1,0,0,4,0,0.11,0.00,0.11,0.11,0.11,Matches,Copa CONMEBOL Sudamericana,2026
33a1f72e,Hulk,br BRA,"FW,MF",39-258,10,9,756,8.4,1,3,4,1,0,0,1,0,0.12,0.36,0.48,0.12,0.48,Matches,Copa CONMEBOL Sudamericana,2026
5c8615dd,Tomás Cuello,ar ARG,"MF,FW",26-035,10,7,620,6.9,2,1,3,2,0,0,0,0,0.29,0.15,0.44,0.29,0.44,Matches,Copa CONMEBOL Sudamericana,2026
b18a3023,Júnior Alonso,py PAR,DF,33-059,6,6,540,6.0,0,0,0,0,0,0,1,0,0.00,0.00,0.00,0.00,0.00,Matches,Copa CONMEBOL Sudamericana,2026
eadc8e4f,Ángelo Preciado,ec ECU,"MF,DF",28-050,6,4,368,4.1,0,0,0,0,0,0,1,0,0.00,0.00,0.00,0.00,0.00,Matches,Copa CONMEBOL Sudamericana,2026
6b21b7b5,Reinier,br BRA,FW,24-080,9,4,361,4.0,1,1,2,1,0,0,0,0,0.25,0.25,0.50,0.25,0.50,Matches,Copa CONMEBOL Sudamericana,2026
005ca692,Maycon,br BRA,MF,28-268,4,4,357,4.0,0,0,0,0,0,0,0,0,0.00,0.00,0.00,0.00,0.00,Matches,Copa CONMEBOL Sudamericana,2026
ab4b3e35,Bernard,br BRA,"MF,FW",33-213,7,4,313,3.5,1,0,1,1,0,0,0,0,0.29,0.00,0.29,0.29,0.29,Matches,Copa CONMEBOL Sudamericana,2026
ae067682,Tomás Pérez,ar ARG,MF,20-226,5,4,295,3.3,0,0,0,0,0,0,1,0,0.00,0.00,0.00,0.00,0.00,Matches,Copa CONMEBOL Sudamericana,2026
8ee6a7c1,Iván Román,cl CHI,DF,19-271,4,4,283,3.1,1,0,1,1,0,0,2,0,0.32,0.00,0.32,0.32,0.32,Matches,Copa CONMEBOL Sudamericana,2026
2964fd20,Gustavo Scarpa,br BRA,"MF,FW",32-094,9,3,306,3.4,1,0,1,1,0,0,0,0,0.29,0.00,0.29,0.29,0.29,Matches,Copa CONMEBOL Sudamericana,2026
f2c1300a,Vitor Hugo,br BRA,DF,34-324,3,3,268,3.0,0,0,0,0,0,0,1,0,0.00,0.00,0.00,0.00,0.00,Matches,Copa CONMEBOL Sudamericana,2026
0b618504,Natanael,br BRA,DF,24-094,3,3,196,2.2,0,1,1,0,0,0,0,1,0.00,0.46,0.46,0.00,0.46,Matches,Copa CONMEBOL Sudamericana,2026
895ef5ec,Dudu,br BRA,MF,34-092,9,2,260,2.9,2,0,2,2,0,0,0,0,0.69,0.00,0.69,0.69,0.69,Matches,Copa CONMEBOL Sudamericana,2026
6a7fb945,Igor Gomes,br BRA,MF,27-023,5,2,231,2.6,0,0,0,0,0,0,1,0,0.00,0.00,0.00,0.00,0.00,Matches,Copa CONMEBOL Sudamericana,2026
0f714df2,Mateo Cassierra,co COL,FW,28-361,7,2,210,2.3,0,0,0,0,0,0,0,0,0.00,0.00,0.00,0.00,0.00,Matches,Copa CONMEBOL Sudamericana,2026
b5bf1770,Lyanco,br BRA,DF,29-067,2,1,94,1.0,0,0,0,0,0,0,0,0,0.00,0.00,0.00,0.00,0.00,Matches,Copa CONMEBOL Sudamericana,2026
9cfd5b00,Alan Minda,ec ECU,"FW,MF",22-330,4,0,74,0.8,0,0,0,0,0,0,0,0,0.00,0.00,0.00,0.00,0.00,Matches,Copa CONMEBOL Sudamericana,2026
431e42f4,Mamady Cissé,gn GUI,MF,19-098,3,0,69,0.8,0,0,0,0,0,0,0,0,0.00,0.00,0.00,0.00,0.00,Matches,Copa CONMEBOL Sudamericana,2026
b13e7a78,Alexsander,br BRA,MF,22-183,1,0,15,0.2,0,0,0,0,0,0,1,0,0.00,0.00,0.00,0.00,0.00,Matches,Copa CONMEBOL Sudamericana,2026
d0fcac4f,Kauã Pascini,br BRA,DF,18-035,1,0,5,0.1,0,0,0,0,0,0,0,0,0.00,0.00,0.00,0.00,0.00,Matches,Copa CONMEBOL Sudamericana,2026
506b023e,Pedro Cobra,br BRA,GK,19-328,0,0,,,,,,,,,,,,,,,,Matches,Copa CONMEBOL Sudamericana,2026
012beb6e,Gabriel Delfim,br BRA,GK,23-273,0,0,,,,,,,,,,,,,,,,Matches,Copa CONMEBOL Sudamericana,2026
fe4c3b03,Índio,br BRA,MF,18-006,0,0,,,,,,,,,,,,,,,,Matches,Copa CONMEBOL Sudamericana,2026
d6667807,Patrick Silva,br BRA,MF,22-021,0,0,,,,,,,,,,,,,,,,Matches,Copa CONMEBOL Sudamericana,2026
8b98f7ed,Cauã Soares,br BRA,FW,17-283,0,0,,,,,,,,,,,,,,,,Matches,Copa CONMEBOL Sudamericana,2026
971e8602,Vitão,br BRA,DF,18-036,0,0,,,,,,,,,,,,,,,,Matches,Copa CONMEBOL Sudamericana,2026
212e857f,David Cabezas,ec ECU,GK,30-301,7,7,630,7.0,0,0,0,0,0,0,1,0,0.00,0.00,0.00,0.00,0.00,Matches,Copa CONMEBOL Sudamericana,2026
786b77d2,Iván Zambrano,ec ECU,MF,28-364,7,7,630,7.0,1,1,2,1,0,0,3,0,0.14,0.14,0.29,0.14,0.29,Matches,Copa CONMEBOL Sudamericana,2026
e44ba1d0,Elvis Patta,ec ECU,DF,35-143,7,7,585,6.5,0,0,0,0,0,0,1,0,0.00,0.00,0.00,0.00,0.00,Matches,Copa CONMEBOL Sudamericana,2026
794c00a7,Jackson Rodríguez,ec ECU,DF,27-184,7,7,566,6.3,0,0,0,0,0,0,3,0,0.00,0.00,0.00,0.00,0.00,Matches,Copa CONMEBOL Sudamericana,2026
4e96ca9d,Vilinton Branda,ec ECU,MF,24-137,7,6,560,6.2,2,1,3,2,0,0,0,0,0.32,0.16,0.48,0.32,0.48,Matches,Copa CONMEBOL Sudamericana,2026
a790c91f,Ariel García,ec ECU,DF,26-060,6,6,528,5.9,0,0,0,0,0,0,1,0,0.00,0.00,0.00,0.00,0.00,Matches,Copa CONMEBOL Sudamericana,2026
72f6ad7b,Bryan Corozo,ec ECU,MF,25-233,7,6,492,5.5,1,0,1,1,0,0,1,0,0.18,0.00,0.18,0.18,0.18,Matches,Copa CONMEBOL Sudamericana,2026
73d9f30e,Antony Chére,ec ECU,"FW,MF",29-225,7,5,441,4.9,2,1,3,2,0,0,1,0,0.41,0.20,0.61,0.41,0.61,Matches,Copa CONMEBOL Sudamericana,2026
f17e9adb,Carlos Gruezo,ec ECU,DF,26-026,5,4,372,4.1,0,1,1,0,0,0,2,0,0.00,0.24,0.24,0.00,0.24,Matches,Copa CONMEBOL Sudamericana,2026
057a5b5e,Bryan Caicedo,ec ECU,DF,25-099,4,4,360,4.0,0,0,0,0,0,0,1,0,0.00,0.00,0.00,0.00,0.00,Matches,Copa CONMEBOL Sudamericana,2026
382eac0e,Jawer Guisamano,ec ECU,MF,29-168,6,4,304,3.4,0,1,1,0,0,0,0,0,0.00,0.30,0.30,0.00,0.30,Matches,Copa CONMEBOL Sudamericana,2026
2d25a7bd,Gabriel Cortez,ec ECU,FW,30-181,6,3,336,3.7,1,2,3,1,0,0,2,0,0.27,0.54,0.80,0.27,0.80,Matches,Copa CONMEBOL Sudamericana,2026
8ec080ea,Hansel Batalla,ec ECU,MF,28-151,5,3,286,3.2,0,0,0,0,0,0,1,0,0.00,0.00,0.00,0.00,0.00,Matches,Copa CONMEBOL Sudamericana,2026
51d59303,Jostin Bravo,ec ECU,"MF,FW",25-023,5,3,232,2.6,0,0,0,0,0,0,0,0,0.00,0.00,0.00,0.00,0.00,Matches,Copa CONMEBOL Sudamericana,2026
dd102a05,Sander Bueno,ec ECU,MF,21-072,7,2,183,2.0,0,0,0,0,0,0,0,0,0.00,0.00,0.00,0.00,0.00,Matches,Copa CONMEBOL Sudamericana,2026
c2192f47,Dany Coronel,ec ECU,"MF,FW",23-218,2,2,180,2.0,0,0,0,0,0,0,0,0,0.00,0.00,0.00,0.00,0.00,Matches,Copa CONMEBOL Sudamericana,2026
3afbaa6a,Cristhian Valencia,ec ECU,MF,26-246,4,1,97,1.1,0,0,0,0,0,0,1,0,0.00,0.00,0.00,0.00,0.00,Matches,Copa CONMEBOL Sudamericana,2026
32015774,Rody Zambrano,ec ECU,"DF,MF",33-047,2,0,64,0.7,0,0,0,0,0,0,0,0,0.00,0.00,0.00,0.00,0.00,Matches,Copa CONMEBOL Sudamericana,2026
0d78ec9f,Steve Castro,ec ECU,MF,26-349,1,0,45,0.5,0,0,0,0,0,0,1,0,0.00,0.00,0.00,0.00,0.00,Matches,Copa CONMEBOL Sudamericana,2026
83344f20,Jhon Cifuente,ec ECU,FW,33-260,2,0,35,0.4,0,0,0,0,0,0,0,0,0.00,0.00,0.00,0.00,0.00,Matches,Copa CONMEBOL Sudamericana,2026
22c3d115,Manuel Lucas,ec ECU,DF,33-025,1,0,3,0.0,0,0,0,0,0,0,0,0,0.00,0.00,0.00,0.00,0.00,Matches,Copa CONMEBOL Sudamericana,2026
1948b81a,Enrique Caicedo,,,,1,0,1,0.0,0,0,0,0,0,0,0,0,0.00,0.00,0.00,0.00,0.00,Matches,Copa CONMEBOL Sudamericana,2026
7f74db7f,Ariel Bao,ec ECU,GK,19-273,0,0,,,,,,,,,,,,,,,,Matches,Copa CONMEBOL Sudamericana,2026
9a59aa03,Johan Estacio,,GK,,0,0,,,,,,,,,,,,,,,,Matches,Copa CONMEBOL Sudamericana,2026
f31ccd9c,Jostyn Mina,ec ECU,GK,24-229,0,0,,,,,,,,,,,,,,,,Matches,Copa CONMEBOL Sudamericana,2026
c955eab3,Nicolás Marotta,ar ARG,DF,29-107,13,13,"1,170",13.0,1,0,1,1,0,0,1,0,0.08,0.00,0.08,0.08,0.08,Matches,Copa CONMEBOL Sudamericana,2026
068a5d22,Juan Franco,py PAR,MF,23-226,14,13,"1,094",12.2,0,1,1,0,0,0,3,0,0.00,0.08,0.08,0.00,0.08,Matches,Copa CONMEBOL Sudamericana,2026
3721f656,Wilfrido Báez,py PAR,MF,31-295,14,13,"1,043",11.6,2,6,8,2,0,1,2,0,0.17,0.52,0.69,0.17,0.69,Matches,Copa CONMEBOL Sudamericana,2026
f5c79ebc,Lucas Monzón,ar ARG,DF,23-090,13,12,"1,087",12.1,0,0,0,0,0,0,6,0,0.00,0.00,0.00,0.00,0.00,Matches,Copa CONMEBOL Sudamericana,2026
08d5622a,Nelson Ferreira,py PAR,GK,28-076,12,12,"1,080",12.0,0,0,0,0,0,0,2,0,0.00,0.00,0.00,0.00,0.00,Matches,Copa CONMEBOL Sudamericana,2026
1bd32fd1,José Espínola,py PAR,MF,25-021,14,12,"1,071",11.9,1,1,2,1,0,0,2,0,0.08,0.08,0.17,0.08,0.17,Matches,Copa CONMEBOL Sudamericana,2026
20ca526a,Facundo Echeguren,py PAR,DF,22-167,12,12,"1,007",11.2,0,0,0,0,0,0,2,0,0.00,0.00,0.00,0.00,0.00,Matches,Copa CONMEBOL Sudamericana,2026
de9f8159,Allan Wlk,py PAR,FW,23-039,11,10,860,9.6,6,0,6,6,0,0,0,0,0.63,0.00,0.63,0.63,0.63,Matches,Copa CONMEBOL Sudamericana,2026
df47bd45,Kevin Parzajuk,py PAR,FW,23-212,12,10,698,7.8,1,3,4,1,0,0,1,0,0.13,0.39,0.52,0.13,0.52,Matches,Copa CONMEBOL Sudamericana,2026
ff2fb6bc,Aldo González,py PAR,"MF,FW",29-193,12,8,723,8.0,6,1,7,6,0,0,0,0,0.75,0.12,0.87,0.75,0.87,Matches,Copa CONMEBOL Sudamericana,2026
c748dfc9,Pedro Rios,,"DF,MF",,10,8,660,7.3,0,2,2,0,0,0,0,1,0.00,0.27,0.27,0.00,0.27,Matches,Copa CONMEBOL Sudamericana,2026
d2b1ce9d,Junior Noguera,py PAR,MF,23-336,6,6,427,4.7,1,0,1,1,0,0,0,0,0.21,0.00,0.21,0.21,0.21,Matches,Copa CONMEBOL Sudamericana,2026
5e54675e,Eliezer Barreto,py PAR,DF,18-193,5,4,341,3.8,0,0,0,0,0,0,0,0,0.00,0.00,0.00,0.00,0.00,Matches,Copa CONMEBOL Sudamericana,2026
5f210955,Ronal Domínguez,py PAR,MF,33-264,5,4,283,3.1,0,0,0,0,0,0,1,0,0.00,0.00,0.00,0.00,0.00,Matches,Copa CONMEBOL Sudamericana,2026
52aa728a,Héctor López,py PAR,MF,20-044,9,3,381,4.2,0,0,0,0,0,0,1,0,0.00,0.00,0.00,0.00,0.00,Matches,Copa CONMEBOL Sudamericana,2026
5da08ba3,Richart Ortiz,py PAR,FW,31-095,10,3,352,3.9,1,0,1,1,0,0,1,0,0.26,0.00,0.26,0.26,0.26,Matches,Copa CONMEBOL Sudamericana,2026
7aacadb0,Claudio Figueredo,py PAR,DF,26-344,5,3,302,3.4,0,0,0,0,0,0,1,0,0.00,0.00,0.00,0.00,0.00,Matches,Copa CONMEBOL Sudamericana,2026
33b8aafe,Dairon Mosquera,co COL,DF,33-260,5,3,290,3.2,0,0,0,0,0,0,0,0,0.00,0.00,0.00,0.00,0.00,Matches,Copa CONMEBOL Sudamericana,2026
f5ee81ee,Luis Cardozo,py PAR,DF,37-181,2,2,180,2.0,0,0,0,0,0,0,0,0,0.00,0.00,0.00,0.00,0.00,Matches,Copa CONMEBOL Sudamericana,2026
09c45ad4,Óscar Toledo,py PAR,GK,26-338,2,2,180,2.0,0,0,0,0,0,0,0,0,0.00,0.00,0.00,0.00,0.00,Matches,Copa CONMEBOL Sudamericana,2026
8ccdf708,Juan Nuñez,py PAR,DF,36-230,2,2,149,1.7,0,0,0,0,0,0,2,0,0.00,0.00,0.00,0.00,0.00,Matches,Copa CONMEBOL Sudamericana,2026
b4be4eb3,Luis Mendoza,py PAR,DF,29-287,3,2,119,1.3,0,0,0,0,0,0,0,0,0.00,0.00,0.00,0.00,0.00,Matches,Copa CONMEBOL Sudamericana,2026
a389f69c,Manuel Schupp,py PAR,MF,19-276,8,1,261,2.9,0,0,0,0,0,0,0,0,0.00,0.00,0.00,0.00,0.00,Matches,Copa CONMEBOL Sudamericana,2026
a5173332,Claudio Garay,py PAR,MF,30-059,8,1,194,2.2,0,0,0,0,0,0,0,0,0.00,0.00,0.00,0.00,0.00,Matches,Copa CONMEBOL Sudamericana,2026
9499ac89,Marcos Pereira,py PAR,DF,23-257,3,1,122,1.4,0,0,0,0,0,0,0,0,0.00,0.00,0.00,0.00,0.00,Matches,Copa CONMEBOL Sudamericana,2026
6c025d65,Marcelo Cañete,ar ARG,MF,35-358,5,1,93,1.0,0,0,0,0,0,0,1,0,0.00,0.00,0.00,0.00,0.00,Matches,Copa CONMEBOL Sudamericana,2026
f29716ef,Fernando Galeano,py PAR,MF,26-338,2,1,91,1.0,0,0,0,0,0,0,0,0,0.00,0.00,0.00,0.00,0.00,Matches,Copa CONMEBOL Sudamericana,2026
7fe90163,Andrés Marsengo,ar ARG,GK,23-344,1,1,90,1.0,0,0,0,0,0,0,0,0,0.00,0.00,0.00,0.00,0.00,Matches,Copa CONMEBOL Sudamericana,2026
dd6b84a2,Julio Domínguez Castillo,py PAR,MF,34-002,1,1,71,0.8,0,0,0,0,0,0,0,0,0.00,0.00,0.00,0.00,0.00,Matches,Copa CONMEBOL Sudamericana,2026
24da7fb3,Juan Falcon,,MF,,2,1,59,0.7,0,0,0,0,0,0,0,0,0.00,0.00,0.00,0.00,0.00,Matches,Copa CONMEBOL Sudamericana,2026
34830686,Brahian Ferreira,py PAR,FW,23-279,4,0,110,1.2,0,1,1,0,0,0,0,0,0.00,0.82,0.82,0.00,0.82,Matches,Copa CONMEBOL Sudamericana,2026
d21ae125,Thiago Vidal,py PAR,FW,23-065,5,0,93,1.0,0,0,0,0,0,0,1,0,0.00,0.00,0.00,0.00,0.00,Matches,Copa CONMEBOL Sudamericana,2026
3905ea16,Francisco Pacher,py PAR,MF,24-120,3,0,54,0.6,0,0,0,0,0,0,0,0,0.00,0.00,0.00,0.00,0.00,Matches,Copa CONMEBOL Sudamericana,2026
95ced740,Iván Piris,py PAR,DF,37-030,2,0,32,0.4,0,0,0,0,0,0,0,0,0.00,0.00,0.00,0.00,0.00,Matches,Copa CONMEBOL Sudamericana,2026
a74178b3,Giuseppe Guggiari,,,,1,0,31,0.3,0,0,0,0,0,0,1,0,0.00,0.00,0.00,0.00,0.00,Matches,Copa CONMEBOL Sudamericana,2026
c83267d4,Blas Medina,py PAR,DF,29-362,2,0,22,0.2,0,0,0,0,0,0,0,0,0.00,0.00,0.00,0.00,0.00,Matches,Copa CONMEBOL Sudamericana,2026
f64d12ae,Mathías Masi,py PAR,,21-228,1,0,14,0.2,0,0,0,0,0,0,0,0,0.00,0.00,0.00,0.00,0.00,Matches,Copa CONMEBOL Sudamericana,2026
5622322b,Derlis Orué,py PAR,MF,37-097,1,0,14,0.2,0,0,0,0,0,0,0,0,0.00,0.00,0.00,0.00,0.00,Matches,Copa CONMEBOL Sudamericana,2026
a3c11c0e,Carlos Vera,py PAR,MF,37-207,1,0,1,0.0,0,0,0,0,0,0,0,0,0.00,0.00,0.00,0.00,0.00,Matches,Copa CONMEBOL Sudamericana,2026
b5380d3f,Franco Bechtholdt,ar ARG,DF,32-237,8,8,720,8.0,0,0,0,0,0,0,3,0,0.00,0.00,0.00,0.00,0.00,Matches,Copa CONMEBOL Sudamericana,2026
973e4321,Agustín Nadruz,uy URU,MF,29-284,8,8,711,7.9,2,0,2,2,0,0,0,0,0.25,0.00,0.25,0.25,0.25,Matches,Copa CONMEBOL Sudamericana,2026
a5c7be0d,Steffan Pino,cl CHI,FW,32-042,8,7,659,7.3,4,0,4,3,1,2,4,0,0.55,0.00,0.55,0.41,0.41,Matches,Copa CONMEBOL Sudamericana,2026
c1a72c24,Bryan Carvallo,cl CHI,MF,29-206,8,7,613,6.8,1,3,4,1,0,0,0,0,0.15,0.44,0.59,0.15,0.59,Matches,Copa CONMEBOL Sudamericana,2026
ab7e4938,Julián Brea,ar ARG,"FW,MF",26-181,7,7,544,6.0,1,1,2,1,0,0,1,0,0.17,0.17,0.33,0.17,0.33,Matches,Copa CONMEBOL Sudamericana,2026
e07b39bf,José Tiznado,cl CHI,DF,31-218,6,6,540,6.0,0,0,0,0,0,0,2,0,0.00,0.00,0.00,0.00,0.00,Matches,Copa CONMEBOL Sudamericana,2026
ba17426d,Guillermo Pacheco,cl CHI,DF,36-364,8,6,513,5.7,1,2,3,1,0,0,2,0,0.18,0.35,0.53,0.18,0.53,Matches,Copa CONMEBOL Sudamericana,2026
d6cc3b04,César Yanis,pa PAN,MF,30-071,7,6,472,5.2,0,1,1,0,0,0,0,0,0.00,0.19,0.19,0.00,0.19,Matches,Copa CONMEBOL Sudamericana,2026
798f8fb4,Alejandro Santander,cl CHI,GK,23-155,5,5,450,5.0,0,0,0,0,0,0,1,0,0.00,0.00,0.00,0.00,0.00,Matches,Copa CONMEBOL Sudamericana,2026
89cb0f91,Christian Moreno,ar ARG,DF,29-347,5,5,405,4.5,0,0,0,0,0,0,1,0,0.00,0.00,0.00,0.00,0.00,Matches,Copa CONMEBOL Sudamericana,2026
093d9afc,Rodrigo Sandoval,cl CHI,DF,25-078,6,5,310,3.4,0,0,0,0,0,0,2,0,0.00,0.00,0.00,0.00,0.00,Matches,Copa CONMEBOL Sudamericana,2026
bca4d331,Juan Fuentes,cl CHI,"DF,MF",31-019,6,5,307,3.4,0,0,0,0,0,0,0,0,0.00,0.00,0.00,0.00,0.00,Matches,Copa CONMEBOL Sudamericana,2026
8657e860,Aaron Astudillo,ve VEN,"DF,MF",25-357,6,4,450,5.0,0,1,1,0,0,0,0,0,0.00,0.20,0.20,0.00,0.20,Matches,Copa CONMEBOL Sudamericana,2026
98d1510a,Jorge Pinos,ec ECU,GK,36-183,3,3,270,3.0,0,0,0,0,0,0,0,0,0.00,0.00,0.00,0.00,0.00,Matches,Copa CONMEBOL Sudamericana,2026
62fef5a7,Benjamin Ramirez,cl CHI,MF,20-032,3,2,101,1.1,0,0,0,0,0,0,0,0,0.00,0.00,0.00,0.00,0.00,Matches,Copa CONMEBOL Sudamericana,2026
908969dd,Benjamin Valenzuela Gonzalez,cl CHI,DF,21-005,5,1,151,1.7,1,0,1,1,0,0,0,0,0.60,0.00,0.60,0.60,0.60,Matches,Copa CONMEBOL Sudamericana,2026
62bcbe91,Antonio Castillo,cl CHI,DF,27-145,2,1,122,1.4,0,0,0,0,0,0,0,0,0.00,0.00,0.00,0.00,0.00,Matches,Copa CONMEBOL Sudamericana,2026
f99586e2,Benjamin Moreno,cl CHI,MF,20-079,3,1,101,1.1,0,0,0,0,0,0,2,1,0.00,0.00,0.00,0.00,0.00,Matches,Copa CONMEBOL Sudamericana,2026
4c34b852,Matías Sepúlveda,cl CHI,FW,19-325,2,1,50,0.6,0,0,0,0,0,0,0,0,0.00,0.00,0.00,0.00,0.00,Matches,Copa CONMEBOL Sudamericana,2026
f9728b43,Esteban Valencia,cl CHI,MF,26-239,5,0,138,1.5,0,1,1,0,0,0,2,0,0.00,0.65,0.65,0.00,0.65,Matches,Copa CONMEBOL Sudamericana,2026
859451ea,Renato Huerta,cl CHI,FW,22-051,3,0,136,1.5,0,0,0,0,0,0,0,0,0.00,0.00,0.00,0.00,0.00,Matches,Copa CONMEBOL Sudamericana,2026
6c3e094c,Franco Frías,ar ARG,FW,24-023,3,0,99,1.1,2,0,2,2,0,0,1,0,1.82,0.00,1.82,1.82,1.82,Matches,Copa CONMEBOL Sudamericana,2026
f5ed4104,Sergio Carrasco,cl CHI,FW,21-097,1,0,11,0.1,0,0,0,0,0,0,0,0,0.00,0.00,0.00,0.00,0.00,Matches,Copa CONMEBOL Sudamericana,2026
359c8d5f,Dennis Leyton,cl CHI,MF,18-121,0,0,,,,,,,,,,,,,,,,Matches,Copa CONMEBOL Sudamericana,2026
609d1344,Oliver Ramis,cl CHI,MF,19-267,0,0,,,,,,,,,,,,,,,,Matches,Copa CONMEBOL Sudamericana,2026
5d321936,Milán Roki,cl CHI,MF,18-163,0,0,,,,,,,,,,,,,,,,Matches,Copa CONMEBOL Sudamericana,2026
4812b235,Vicente Rubio,cl CHI,MF,17-149,0,0,,,,,,,,,,,,,,,,Matches,Copa CONMEBOL Sudamericana,2026
07cfa354,Benjamín Villarroel,,,,0,0,,,,,,,,,,,,,,,,Matches,Copa CONMEBOL Sudamericana,2026
7b40dacc,Patricio Boolsen,ar ARG,DF,28-071,7,7,630,7.0,0,0,0,0,0,0,1,0,0.00,0.00,0.00,0.00,0.00,Matches,Copa CONMEBOL Sudamericana,2026
f6c68b8d,Facundo Ferrero,ar ARG,GK,31-035,7,7,630,7.0,0,0,0,0,0,0,0,0,0.00,0.00,0.00,0.00,0.00,Matches,Copa CONMEBOL Sudamericana,2026
01917515,Santiago Postel,ar ARG,DF,23-014,7,7,630,7.0,0,0,0,0,0,0,2,0,0.00,0.00,0.00,0.00,0.00,Matches,Copa CONMEBOL Sudamericana,2026
9886a027,Edison Vega,ec ECU,MF,36-032,7,6,545,6.1,0,0,0,0,0,0,1,0,0.00,0.00,0.00,0.00,0.00,Matches,Copa CONMEBOL Sudamericana,2026
a548428a,Nicolás Leguizamón,ar ARG,"FW,MF",31-073,7,5,413,4.6,2,0,2,2,0,0,1,0,0.44,0.00,0.44,0.44,0.44,Matches,Copa CONMEBOL Sudamericana,2026
4287aeea,Marcos Andrés López,ec ECU,DF,33-064,5,5,300,3.3,1,0,1,1,0,0,0,0,0.30,0.00,0.30,0.30,0.30,Matches,Copa CONMEBOL Sudamericana,2026
6b4b0bae,Carlos Arboleda,ec ECU,"DF,MF",35-075,6,4,411,4.6,0,2,2,0,0,0,0,0,0.00,0.44,0.44,0.00,0.44,Matches,Copa CONMEBOL Sudamericana,2026
884f00d7,Eddie Guevara,ec ECU,"MF,DF",36-007,5,4,342,3.8,0,0,0,0,0,0,1,0,0.00,0.00,0.00,0.00,0.00,Matches,Copa CONMEBOL Sudamericana,2026
687712f2,Germán Rivero,ar ARG,FW,34-023,7,4,341,3.8,1,2,3,1,0,0,1,0,0.26,0.53,0.79,0.26,0.79,Matches,Copa CONMEBOL Sudamericana,2026
4d24c218,Lucas Mancinelli,ar ARG,MF,36-277,5,4,316,3.5,0,0,0,0,0,0,0,0,0.00,0.00,0.00,0.00,0.00,Matches,Copa CONMEBOL Sudamericana,2026
e6ee013c,David González,ar ARG,MF,22-275,6,4,301,3.3,1,0,1,1,0,0,2,0,0.30,0.00,0.30,0.30,0.30,Matches,Copa CONMEBOL Sudamericana,2026
bd73371a,Melvin Díaz,ec ECU,MF,24-134,4,4,282,3.1,0,0,0,0,0,0,0,0,0.00,0.00,0.00,0.00,0.00,Matches,Copa CONMEBOL Sudamericana,2026
48b57a12,Yeltzin Erique,ec ECU,DF,23-013,4,3,226,2.5,0,0,0,0,0,0,0,0,0.00,0.00,0.00,0.00,0.00,Matches,Copa CONMEBOL Sudamericana,2026
7b66d351,Bryan García,ec ECU,MF,25-081,4,3,217,2.4,0,0,0,0,0,0,0,0,0.00,0.00,0.00,0.00,0.00,Matches,Copa CONMEBOL Sudamericana,2026
5fed7e5b,Jorge Ordoñez,ec ECU,MF,30-286,7,2,310,3.4,1,1,2,0,1,1,0,0,0.29,0.29,0.58,0.00,0.29,Matches,Copa CONMEBOL Sudamericana,2026
b494ccf5,Romario Ibarra,ec ECU,MF,31-197,4,2,127,1.4,0,0,0,0,0,0,0,0,0.00,0.00,0.00,0.00,0.00,Matches,Copa CONMEBOL Sudamericana,2026
65badf44,Mateo Maccari,ar ARG,MF,25-107,2,2,98,1.1,0,0,0,0,0,0,0,1,0.00,0.00,0.00,0.00,0.00,Matches,Copa CONMEBOL Sudamericana,2026
c436e5fd,Ignacio Mosquera,ec ECU,DF,22-050,4,1,223,2.5,0,0,0,0,0,0,0,0,0.00,0.00,0.00,0.00,0.00,Matches,Copa CONMEBOL Sudamericana,2026
c6f21917,Matías Klimowicz,ar ARG,FW,19-016,4,1,132,1.5,1,0,1,1,0,0,1,0,0.68,0.00,0.68,0.68,0.68,Matches,Copa CONMEBOL Sudamericana,2026
3303476f,Ivan Piedra,ec ECU,DF,26-017,1,1,69,0.8,0,0,0,0,0,0,0,0,0.00,0.00,0.00,0.00,0.00,Matches,Copa CONMEBOL Sudamericana,2026
4a5177d7,Romey Morocho,ec ECU,MF,27-326,1,1,56,0.6,0,0,0,0,0,0,0,0,0.00,0.00,0.00,0.00,0.00,Matches,Copa CONMEBOL Sudamericana,2026
746b26af,Jeremy Chacón,ec ECU,MF,23-029,6,0,174,1.9,0,0,0,0,0,0,1,0,0.00,0.00,0.00,0.00,0.00,Matches,Copa CONMEBOL Sudamericana,2026
d433f12c,Jeremy Mejía,ec ECU,MF,19-222,2,0,72,0.8,0,0,0,0,0,0,0,1,0.00,0.00,0.00,0.00,0.00,Matches,Copa CONMEBOL Sudamericana,2026
948f4b78,Josué Méndez,ec ECU,GK,20-028,0,0,,,,,,,,,,,,,,,,Matches,Copa CONMEBOL Sudamericana,2026
9908e7ea,Ethan Minda,ec ECU,GK,21-279,0,0,,,,,,,,,,,,,,,,Matches,Copa CONMEBOL Sudamericana,2026
3469a4a7,Martín Sigüenza,ec ECU,FW,17-138,0,0,,,,,,,,,,,,,,,,Matches,Copa CONMEBOL Sudamericana,2026
d2f7cc1f,Julio Valencia,ec ECU,FW,45-068,0,0,,,,,,,,,,,,,,,,Matches,Copa CONMEBOL Sudamericana,2026
ce1c0b3e,Omar Andres Bertel,co COL,DF,29-212,15,15,"1,324",14.7,0,2,2,0,0,0,1,0,0.00,0.14,0.14,0.00,0.14,Matches,Copa CONMEBOL Sudamericana,2026
31e0d112,Yeison Guzmán,co COL,"FW,MF",28-018,15,15,"1,300",14.4,9,1,10,5,4,4,2,0,0.62,0.07,0.69,0.35,0.42,Matches,Copa CONMEBOL Sudamericana,2026
5c653950,Rafael Carrascal,co COL,MF,33-134,14,14,"1,243",13.8,1,3,4,1,0,0,7,0,0.07,0.22,0.29,0.07,0.29,Matches,Copa CONMEBOL Sudamericana,2026
40c4ad77,Mateo Castillo,co COL,DF,23-025,14,14,"1,168",13.0,2,0,2,2,0,0,2,0,0.15,0.00,0.15,0.15,0.15,Matches,Copa CONMEBOL Sudamericana,2026
3a3f66c4,Marlon Torres,co COL,DF,29-357,13,12,"1,090",12.1,0,0,0,0,0,0,4,1,0.00,0.00,0.00,0.00,0.00,Matches,Copa CONMEBOL Sudamericana,2026
5768f04a,Josen Escobar,co COL,MF,21-118,12,11,"1,027",11.4,1,1,2,1,0,0,9,1,0.09,0.09,0.18,0.09,0.18,Matches,Copa CONMEBOL Sudamericana,2026
cb8d9aff,Jhon Palacios,co COL,MF,20-250,13,11,826,9.2,1,1,2,1,0,0,4,0,0.11,0.11,0.22,0.11,0.22,Matches,Copa CONMEBOL Sudamericana,2026
c9bc1b99,Jean,br BRA,GK,30-165,9,9,810,9.0,0,0,0,0,0,0,3,0,0.00,0.00,0.00,0.00,0.00,Matches,Copa CONMEBOL Sudamericana,2026
9cacb8e1,Andrés Mosquera Guardia,co COL,DF,36-048,11,8,807,9.0,0,0,0,0,0,0,2,0,0.00,0.00,0.00,0.00,0.00,Matches,Copa CONMEBOL Sudamericana,2026
60df0676,Jan Lucumí González,co COL,"MF,FW",22-057,12,8,662,7.4,0,1,1,0,0,0,2,0,0.00,0.14,0.14,0.00,0.14,Matches,Copa CONMEBOL Sudamericana,2026
86046c18,Nicolás Hernández,co COL,DF,28-081,8,8,630,7.0,0,0,0,0,0,0,1,1,0.00,0.00,0.00,0.00,0.00,Matches,Copa CONMEBOL Sudamericana,2026
f0ef8291,Jorge Valencia,ec ECU,FW,30-027,11,8,602,6.7,3,0,3,3,0,0,1,0,0.45,0.00,0.45,0.45,0.45,Matches,Copa CONMEBOL Sudamericana,2026
4b3208f0,Jorge Iván Soto,co COL,GK,32-250,6,6,540,6.0,0,0,0,0,0,0,0,0,0.00,0.00,0.00,0.00,0.00,Matches,Copa CONMEBOL Sudamericana,2026
ed6ea4d9,Darwin Machís,ve VEN,MF,33-061,12,6,484,5.4,0,2,2,0,0,0,2,1,0.00,0.37,0.37,0.00,0.37,Matches,Copa CONMEBOL Sudamericana,2026
a72d14de,Dylan Borrero,co COL,MF,24-094,7,5,404,4.5,1,0,1,1,0,0,0,0,0.22,0.00,0.22,0.22,0.22,Matches,Copa CONMEBOL Sudamericana,2026
6d8e10c7,José Cavadía,co COL,MF,19-200,8,4,340,3.8,0,0,0,0,0,0,2,0,0.00,0.00,0.00,0.00,0.00,Matches,Copa CONMEBOL Sudamericana,2026
27ac9614,Kevin Angulo,co COL,FW,17-279,8,4,308,3.4,0,1,1,0,0,0,0,0,0.00,0.29,0.29,0.00,0.29,Matches,Copa CONMEBOL Sudamericana,2026
c7230a25,Tomas Ángel,co COL,FW,23-048,4,2,200,2.2,0,0,0,0,0,0,0,0,0.00,0.00,0.00,0.00,0.00,Matches,Copa CONMEBOL Sudamericana,2026
b62b61f8,Joel Romero,co COL,MF,20-090,9,1,214,2.4,1,0,1,1,0,0,1,0,0.42,0.00,0.42,0.42,0.42,Matches,Copa CONMEBOL Sudamericana,2026
3b5411f5,Luis Mina,co COL,DF,21-117,3,1,164,1.8,0,0,0,0,0,0,2,0,0.00,0.00,0.00,0.00,0.00,Matches,Copa CONMEBOL Sudamericana,2026
1d3ba8a5,Cristian Tovar,co COL,DF,27-338,2,1,121,1.3,0,0,0,0,0,0,0,1,0.00,0.00,0.00,0.00,0.00,Matches,Copa CONMEBOL Sudamericana,2026
d2133232,Carlos José Sierra,co COL,MF,35-166,1,1,45,0.5,0,0,0,0,0,0,0,0,0.00,0.00,0.00,0.00,0.00,Matches,Copa CONMEBOL Sudamericana,2026
1c886b0e,Daniel Rosero,co COL,DF,32-185,1,1,45,0.5,0,0,0,0,0,0,1,0,0.00,0.00,0.00,0.00,0.00,Matches,Copa CONMEBOL Sudamericana,2026
164b4bae,Yojan Garcés,co COL,FW,19-317,7,0,180,2.0,0,0,0,0,0,0,3,0,0.00,0.00,0.00,0.00,0.00,Matches,Copa CONMEBOL Sudamericana,2026
c693cf7c,Adrián Ramos,co COL,FW,40-077,7,0,99,1.1,0,0,0,0,0,0,1,0,0.00,0.00,0.00,0.00,0.00,Matches,Copa CONMEBOL Sudamericana,2026
0d93febc,Jhon Murillo,ve VEN,"FW,MF",30-139,3,0,85,0.9,0,0,0,0,0,0,0,0,0.00,0.00,0.00,0.00,0.00,Matches,Copa CONMEBOL Sudamericana,2026
fe460951,David Mina,co COL,DF,26-362,3,0,36,0.4,0,0,0,0,0,0,0,0,0.00,0.00,0.00,0.00,0.00,Matches,Copa CONMEBOL Sudamericana,2026
fe00b4f9,Bryan Correa,co COL,DF,22-025,3,0,27,0.3,0,0,0,0,0,0,0,0,0.00,0.00,0.00,0.00,0.00,Matches,Copa CONMEBOL Sudamericana,2026
17ad17e3,Camilo Amu,co COL,MF,18-026,0,0,,,,,,,,,,,,,,,,Matches,Copa CONMEBOL Sudamericana,2026
b4bd31c4,Jhordy Camacho,co COL,,19-292,0,0,,,,,,,,,,,,,,,,Matches,Copa CONMEBOL Sudamericana,2026
a7b5c466,Miguel Martínez,py PAR,GK,26,43,43,"3,870",43.0,0,0,0,0,0,0,2,0,0.00,0.00,0.00,0.00,0.00,Matches,Copa CONMEBOL Sudamericana,2025
fd622bea,Julio César González Trinidad,py PAR,DF,32,35,34,"2,982",33.1,1,0,1,1,0,0,9,0,0.03,0.00,0.03,0.03,0.03,Matches,Copa CONMEBOL Sudamericana,2025
077f13d1,Diego Valdez,py PAR,MF,31,31,27,"2,122",23.6,2,0,2,2,0,0,10,1,0.08,0.00,0.08,0.08,0.08,Matches,Copa CONMEBOL Sudamericana,2025
1e777d4a,Marcos Martinich,ar ARG,DF,28,27,25,"2,161",24.0,0,0,0,0,0,0,11,2,0.00,0.00,0.00,0.00,0.00,Matches,Copa CONMEBOL Sudamericana,2025
693f0bd0,Francisco Báez,py PAR,DF,33,27,22,"2,023",22.5,1,1,2,1,0,0,8,0,0.04,0.04,0.09,0.04,0.09,Matches,Copa CONMEBOL Sudamericana,2025
003cbff7,Alejandro Samudio,py PAR,"MF,FW",25,33,21,"1,809",20.1,3,1,4,3,0,0,1,1,0.15,0.05,0.20,0.15,0.20,Matches,Copa CONMEBOL Sudamericana,2025
9b1dc8ab,Giovanni Bogado,py PAR,MF,23,22,20,"1,841",20.5,3,2,5,1,2,3,4,0,0.15,0.10,0.24,0.05,0.15,Matches,Copa CONMEBOL Sudamericana,2025
e498257c,Víctor Ezequiel Salazar,ar ARG,DF,31,23,20,"1,643",18.3,0,2,2,0,0,0,9,0,0.00,0.11,0.11,0.00,0.11,Matches,Copa CONMEBOL Sudamericana,2025
b946bd35,Estivel Moreira,py PAR,MF,25,29,18,"1,723",19.1,3,0,3,3,0,0,4,0,0.16,0.00,0.16,0.16,0.16,Matches,Copa CONMEBOL Sudamericana,2025
e773fec5,Luis Ortiz,py PAR,MF,25,22,16,"1,468",16.3,3,2,5,3,0,0,4,0,0.18,0.12,0.31,0.18,0.31,Matches,Copa CONMEBOL Sudamericana,2025
25aac791,Luca Falabella,ar ARG,DF,25,21,16,"1,368",15.2,0,0,0,0,0,0,2,1,0.00,0.00,0.00,0.00,0.00,Matches,Copa CONMEBOL Sudamericana,2025
eb6e8325,Pablo Aranda,ar ARG,"DF,MF",23,25,15,"1,505",16.7,1,0,1,1,0,0,11,2,0.06,0.00,0.06,0.06,0.06,Matches,Copa CONMEBOL Sudamericana,2025
3ade69ed,Elías Sarquis,py PAR,"FW,MF",33,27,15,"1,416",15.7,3,3,6,3,0,0,6,0,0.19,0.19,0.38,0.19,0.38,Matches,Copa CONMEBOL Sudamericana,2025
29885059,Elvio Vera,py PAR,"MF,FW",24,16,15,"1,329",14.8,7,2,9,4,3,3,2,0,0.47,0.14,0.61,0.27,0.41,Matches,Copa CONMEBOL Sudamericana,2025
7221c7da,Clever Ferreira,py PAR,DF,21,15,15,"1,298",14.4,0,0,0,0,0,0,3,0,0.00,0.00,0.00,0.00,0.00,Matches,Copa CONMEBOL Sudamericana,2025
2e92fbf9,Fredy Vera,py PAR,MF,26,39,12,"1,545",17.2,1,5,6,1,0,0,3,0,0.06,0.29,0.35,0.06,0.35,Matches,Copa CONMEBOL Sudamericana,2025
a5d3be61,Cristhian Ocampos,py PAR,FW,25,18,12,"1,101",12.2,4,1,5,4,0,1,2,0,0.33,0.08,0.41,0.33,0.41,Matches,Copa CONMEBOL Sudamericana,2025
f40c27e6,Tomás Lezcano,py PAR,DF,29,13,12,955,10.6,0,0,0,0,0,0,2,1,0.00,0.00,0.00,0.00,0.00,Matches,Copa CONMEBOL Sudamericana,2025
fbb72a61,Jonathan Benítez,py PAR,MF,24,22,11,"1,032",11.5,0,0,0,0,0,0,5,0,0.00,0.00,0.00,0.00,0.00,Matches,Copa CONMEBOL Sudamericana,2025
c1fcb24b,Diego Fabián Barreto,py PAR,"MF,FW",31,16,11,813,9.0,1,1,2,1,0,0,1,0,0.11,0.11,0.22,0.11,0.22,Matches,Copa CONMEBOL Sudamericana,2025
6bf6ddf6,Édgar Zaracho,py PAR,MF,35,14,10,880,9.8,0,0,0,0,0,0,1,0,0.00,0.00,0.00,0.00,0.00,Matches,Copa CONMEBOL Sudamericana,2025
35aecc50,Sebastian Aranda,,"MF,FW",,9,9,495,5.5,0,0,0,0,0,0,2,0,0.00,0.00,0.00,0.00,0.00,Matches,Copa CONMEBOL Sudamericana,2025
93949d6e,Hugo Valdez,py PAR,MF,29,18,8,907,10.1,5,0,5,5,0,0,4,0,0.50,0.00,0.50,0.50,0.50,Matches,Copa CONMEBOL Sudamericana,2025
f2296aa1,Hugo Benítez,py PAR,DF,25,9,8,661,7.3,0,0,0,0,0,0,1,1,0.00,0.00,0.00,0.00,0.00,Matches,Copa CONMEBOL Sudamericana,2025
ff782c2e,Mathias Leon,py PAR,"MF,FW",22,15,7,704,7.8,0,1,1,0,0,0,3,0,0.00,0.13,0.13,0.00,0.13,Matches,Copa CONMEBOL Sudamericana,2025
1dc14feb,Aaron Páez,py PAR,"MF,FW",19,10,7,493,5.5,1,1,2,1,0,0,0,0,0.18,0.18,0.37,0.18,0.37,Matches,Copa CONMEBOL Sudamericana,2025
dd49d339,Juan Gonzalez,py PAR,FW,19,7,7,322,3.6,0,0,0,0,0,0,1,0,0.00,0.00,0.00,0.00,0.00,Matches,Copa CONMEBOL Sudamericana,2025
38d98ae3,Kevin Isa,ar ARG,"MF,FW",23,8,6,304,3.4,0,0,0,0,0,0,1,0,0.00,0.00,0.00,0.00,0.00,Matches,Copa CONMEBOL Sudamericana,2025
e72724a9,Miguel Benítez,py PAR,DF,27,8,5,542,6.0,0,0,0,0,0,0,1,0,0.00,0.00,0.00,0.00,0.00,Matches,Copa CONMEBOL Sudamericana,2025
189d9c64,Nicolás Barrientos,ar ARG,MF,29,9,5,464,5.2,0,0,0,0,0,0,2,0,0.00,0.00,0.00,0.00,0.00,Matches,Copa CONMEBOL Sudamericana,2025
87a021b0,Roland Escobar,py PAR,FW,23,12,4,489,5.4,0,0,0,0,0,0,3,0,0.00,0.00,0.00,0.00,0.00,Matches,Copa CONMEBOL Sudamericana,2025
0659ed39,Alex Servian,py PAR,"DF,MF",19,9,4,343,3.8,0,0,0,0,0,0,2,0,0.00,0.00,0.00,0.00,0.00,Matches,Copa CONMEBOL Sudamericana,2025
b2e0aa19,Elías Rodas,py PAR,DF,16,4,4,282,3.1,0,0,0,0,0,0,1,0,0.00,0.00,0.00,0.00,0.00,Matches,Copa CONMEBOL Sudamericana,2025
2ff9f1f9,Jorge Sanguina,py PAR,FW,25,12,3,458,5.1,4,0,4,3,1,2,3,0,0.79,0.00,0.79,0.59,0.59,Matches,Copa CONMEBOL Sudamericana,2025
67954db8,Marcelo Paredes,py PAR,MF,32,9,3,283,3.1,0,1,1,0,0,0,1,0,0.00,0.32,0.32,0.00,0.32,Matches,Copa CONMEBOL Sudamericana,2025
dde345cb,Sergio Fretes,py PAR,MF,25,6,3,198,2.2,1,0,1,1,0,0,0,0,0.45,0.00,0.45,0.45,0.45,Matches,Copa CONMEBOL Sudamericana,2025
de9f8159,Allan Wlk,py PAR,FW,21,14,2,444,4.9,1,1,2,1,0,0,1,0,0.20,0.20,0.41,0.20,0.41,Matches,Copa CONMEBOL Sudamericana,2025
f9957d29,Alberto Contrera,py PAR,MF,32,3,2,150,1.7,0,0,0,0,0,0,0,0,0.00,0.00,0.00,0.00,0.00,Matches,Copa CONMEBOL Sudamericana,2025
4559c439,Gustavo Herrero,py PAR,MF,19,4,1,134,1.5,0,0,0,0,0,0,0,0,0.00,0.00,0.00,0.00,0.00,Matches,Copa CONMEBOL Sudamericana,2025
fc527024,Juan Torales,py PAR,DF,19,3,1,124,1.4,0,0,0,0,0,0,0,0,0.00,0.00,0.00,0.00,0.00,Matches,Copa CONMEBOL Sudamericana,2025
c26a8bda,Ronald Peralta,,MF,,3,1,103,1.1,0,0,0,0,0,0,1,0,0.00,0.00,0.00,0.00,0.00,Matches,Copa CONMEBOL Sudamericana,2025
912b87b7,Fredderick Alfonso,py PAR,MF,28,2,1,96,1.1,0,0,0,0,0,0,0,0,0.00,0.00,0.00,0.00,0.00,Matches,Copa CONMEBOL Sudamericana,2025
bef5b159,Ángel Sánchez,py PAR,GK,23,1,1,90,1.0,0,0,0,0,0,0,1,0,0.00,0.00,0.00,0.00,0.00,Matches,Copa CONMEBOL Sudamericana,2025
5f0e3a53,Walter Cabrera,py PAR,DF,35,1,1,61,0.7,0,0,0,0,0,0,0,0,0.00,0.00,0.00,0.00,0.00,Matches,Copa CONMEBOL Sudamericana,2025
3042e997,Ezequiel González,py PAR,FW,18,2,1,47,0.5,0,0,0,0,0,0,0,0,0.00,0.00,0.00,0.00,0.00,Matches,Copa CONMEBOL Sudamericana,2025
41e4ac9b,Bruno Barja,uy URU,FW,22,5,0,87,1.0,0,0,0,0,0,0,2,0,0.00,0.00,0.00,0.00,0.00,Matches,Copa CONMEBOL Sudamericana,2025
28931573,Marcos Peña,py PAR,FW,21,1,0,23,0.3,0,0,0,0,0,0,0,0,0.00,0.00,0.00,0.00,0.00,Matches,Copa CONMEBOL Sudamericana,2025
669ad503,Aldo Pérez,py PAR,GK,24,0,0,,,,,,,,,,,,,,,,Matches,Copa CONMEBOL Sudamericana,2025
562a13c8,Junior Ramón Balbuena,py PAR,GK,30,0,0,,,,,,,,,,,,,,,,Matches,Copa CONMEBOL Sudamericana,2025
132bb875,Mauro Goicoechea,uy URU,GK,36,37,37,"3,330",37.0,0,0,0,0,0,0,1,0,0.00,0.00,0.00,0.00,0.00,Matches,Copa CONMEBOL Sudamericana,2025
06b6eb10,Lucas Sanseviero,uy URU,FW,24,35,28,"2,513",27.9,5,1,6,5,0,0,2,0,0.18,0.04,0.21,0.18,0.21,Matches,Copa CONMEBOL Sudamericana,2025
5efb80d5,Emiliano Velázquez,uy URU,DF,30,29,28,"2,455",27.3,1,0,1,1,0,0,6,1,0.04,0.00,0.04,0.04,0.04,Matches,Copa CONMEBOL Sudamericana,2025
8ea14d54,Seba Fernández,uy URU,FW,39,36,28,"2,262",25.1,10,1,11,8,2,2,1,1,0.40,0.04,0.44,0.32,0.36,Matches,Copa CONMEBOL Sudamericana,2025
76d845f3,Matias Gonzalez,uy URU,DF,22,26,26,"2,256",25.1,3,0,3,3,0,0,7,0,0.12,0.00,0.12,0.12,0.12,Matches,Copa CONMEBOL Sudamericana,2025
991f4565,Santiago Romero,uy URU,MF,34,30,26,"2,193",24.4,3,0,3,3,0,0,12,2,0.12,0.00,0.12,0.12,0.12,Matches,Copa CONMEBOL Sudamericana,2025
52619797,Leandro Sosa,uy URU,"DF,MF",33,28,24,"2,002",22.2,0,1,1,0,0,0,3,1,0.00,0.04,0.04,0.00,0.04,Matches,Copa CONMEBOL Sudamericana,2025
696ad43a,Sergio Núñez,uy URU,FW,24,36,23,"1,990",22.1,5,0,5,5,0,1,1,0,0.23,0.00,0.23,0.23,0.23,Matches,Copa CONMEBOL Sudamericana,2025
bd4bc81e,Mateo Peralta,uy URU,MF,18,31,22,"1,860",20.7,2,0,2,2,0,0,4,0,0.10,0.00,0.10,0.10,0.10,Matches,Copa CONMEBOL Sudamericana,2025
c3209d02,Luis Femia,uy URU,FW,22,34,20,"1,864",20.7,2,0,2,2,0,0,1,0,0.10,0.00,0.10,0.10,0.10,Matches,Copa CONMEBOL Sudamericana,2025
a571fb9d,Renzo Rabino,uy URU,DF,27,23,18,"1,653",18.4,0,1,1,0,0,0,5,0,0.00,0.05,0.05,0.00,0.05,Matches,Copa CONMEBOL Sudamericana,2025
f9c59412,Mateo Argüello,uy URU,DF,22,21,15,"1,446",16.1,0,0,0,0,0,0,3,0,0.00,0.00,0.00,0.00,0.00,Matches,Copa CONMEBOL Sudamericana,2025
437c560b,Camilo Mayada,uy URU,"DF,MF",34,14,14,"1,232",13.7,2,0,2,2,0,0,4,0,0.15,0.00,0.15,0.15,0.15,Matches,Copa CONMEBOL Sudamericana,2025
0720e2ea,Ignacio Pais,ar ARG,MF,24,14,14,"1,228",13.6,0,0,0,0,0,0,4,0,0.00,0.00,0.00,0.00,0.00,Matches,Copa CONMEBOL Sudamericana,2025
298cfacb,Ignacio Pintos,uy URU,MF,20,18,14,"1,132",12.6,0,1,1,0,0,0,5,0,0.00,0.08,0.08,0.00,0.08,Matches,Copa CONMEBOL Sudamericana,2025
ca15fdf2,Maximiliano Perg,uy URU,DF,33,18,12,"1,215",13.5,0,0,0,0,0,0,4,1,0.00,0.00,0.00,0.00,0.00,Matches,Copa CONMEBOL Sudamericana,2025
17d9bdef,Joaquín Fernández,uy URU,MF,21,24,9,951,10.6,1,1,2,0,1,1,4,0,0.09,0.09,0.19,0.00,0.09,Matches,Copa CONMEBOL Sudamericana,2025
8fbdda2e,Mario Risso,uy URU,DF,37,10,8,705,7.8,1,0,1,1,0,0,2,0,0.13,0.00,0.13,0.13,0.13,Matches,Copa CONMEBOL Sudamericana,2025
bd3cc47c,Juan Rinaldi,ar ARG,DF,24,7,7,630,7.0,1,0,1,1,0,0,1,0,0.14,0.00,0.14,0.14,0.14,Matches,Copa CONMEBOL Sudamericana,2025
6d831090,Facundo González,uy URU,DF,19,9,6,461,5.1,0,0,0,0,0,0,1,0,0.00,0.00,0.00,0.00,0.00,Matches,Copa CONMEBOL Sudamericana,2025
e7818b41,Evelio Cardozo,ar ARG,FW,23,12,5,465,5.2,1,0,1,1,0,0,0,0,0.19,0.00,0.19,0.19,0.19,Matches,Copa CONMEBOL Sudamericana,2025
3ea3cc7e,Juan Millán,uy URU,MF,23,7,5,461,5.1,1,0,1,0,1,1,1,0,0.20,0.00,0.20,0.00,0.00,Matches,Copa CONMEBOL Sudamericana,2025
94fab5e1,Valentin Sanchez,ar ARG,MF,22,8,5,393,4.4,1,0,1,1,0,0,2,0,0.23,0.00,0.23,0.23,0.23,Matches,Copa CONMEBOL Sudamericana,2025
bbef7361,Ezequiel Velázquez,uy URU,MF,17,13,4,480,5.3,0,0,0,0,0,0,3,0,0.00,0.00,0.00,0.00,0.00,Matches,Copa CONMEBOL Sudamericana,2025
56f2e516,Brandão,br BRA,FW,20,11,3,367,4.1,0,0,0,0,0,0,3,1,0.00,0.00,0.00,0.00,0.00,Matches,Copa CONMEBOL Sudamericana,2025
aca03bc9,Nicolás Azambuja,uy URU,MF,16,7,2,202,2.2,0,0,0,0,0,0,0,0,0.00,0.00,0.00,0.00,0.00,Matches,Copa CONMEBOL Sudamericana,2025
b938ea4d,Jairo Amaro,uy URU,MF,22,7,1,167,1.9,0,0,0,0,0,0,0,0,0.00,0.00,0.00,0.00,0.00,Matches,Copa CONMEBOL Sudamericana,2025
0c463c70,Hernán Novick,uy URU,"FW,MF",36,4,1,120,1.3,0,0,0,0,0,0,2,0,0.00,0.00,0.00,0.00,0.00,Matches,Copa CONMEBOL Sudamericana,2025
b57dd1f8,Maximiliano Cantera,uy URU,MF,31,3,1,89,1.0,0,0,0,0,0,0,0,0,0.00,0.00,0.00,0.00,0.00,Matches,Copa CONMEBOL Sudamericana,2025
e6f82df4,Santiago Sosa,uy URU,DF,16,1,1,53,0.6,0,0,0,0,0,0,0,0,0.00,0.00,0.00,0.00,0.00,Matches,Copa CONMEBOL Sudamericana,2025
9998f968,Michael López,ar ARG,FW,27,7,0,141,1.6,1,0,1,1,0,0,1,0,0.64,0.00,0.64,0.64,0.64,Matches,Copa CONMEBOL Sudamericana,2025
81745770,Emiliano Figueroa,uy URU,DF,17,2,0,48,0.5,0,0,0,0,0,0,0,0,0.00,0.00,0.00,0.00,0.00,Matches,Copa CONMEBOL Sudamericana,2025
3b0dd654,Facundo Balatti,uy URU,DF,16,3,0,37,0.4,0,0,0,0,0,0,0,0,0.00,0.00,0.00,0.00,0.00,Matches,Copa CONMEBOL Sudamericana,2025
bc3682c3,Alexander Velázquez,uy URU,MF,17,2,0,29,0.3,0,0,0,0,0,0,0,0,0.00,0.00,0.00,0.00,0.00,Matches,Copa CONMEBOL Sudamericana,2025
c030bc08,Axel Montaña,uy URU,MF,18,2,0,28,0.3,0,0,0,0,0,0,0,0,0.00,0.00,0.00,0.00,0.00,Matches,Copa CONMEBOL Sudamericana,2025
e4338419,Francisco Martinicorena,uy URU,FW,20,3,0,22,0.2,0,0,0,0,0,0,0,0,0.00,0.00,0.00,0.00,0.00,Matches,Copa CONMEBOL Sudamericana,2025
0a934dc0,Diego Píriz,uy URU,FW,18,3,0,16,0.2,0,0,0,0,0,0,1,0,0.00,0.00,0.00,0.00,0.00,Matches,Copa CONMEBOL Sudamericana,2025
04590ec7,Gonzalo Rodríguez,uy URU,DF,20,1,0,11,0.1,0,0,0,0,0,0,0,0,0.00,0.00,0.00,0.00,0.00,Matches,Copa CONMEBOL Sudamericana,2025
eaab8424,Fabricio Roldán,uy URU,FW,19,2,0,10,0.1,0,0,0,0,0,0,1,0,0.00,0.00,0.00,0.00,0.00,Matches,Copa CONMEBOL Sudamericana,2025
40d55aac,Felipe Cabrera,uy URU,DF,18,1,0,8,0.1,0,0,0,0,0,0,0,0,0.00,0.00,0.00,0.00,0.00,Matches,Copa CONMEBOL Sudamericana,2025
50ef7f6d,Miguel González,uy URU,GK,17,0,0,,,,,,,,,,,,,,,,Matches,Copa CONMEBOL Sudamericana,2025
d4e2fa98,Benjamín Ilama,uy URU,DF,19,0,0,,,,,,,,,,,,,,,,Matches,Copa CONMEBOL Sudamericana,2025
67b676ef,Emiliano Macchi,uy URU,DF,18,0,0,,,,,,,,,,,,,,,,Matches,Copa CONMEBOL Sudamericana,2025
1d24131d,Kevin Martínez,uy URU,GK,19,0,0,,,,,,,,,,,,,,,,Matches,Copa CONMEBOL Sudamericana,2025
b7fb91ce,José Río,uy URU,GK,21,0,0,,,,,,,,,,,,,,,,Matches,Copa CONMEBOL Sudamericana,2025
7aa882a2,Lucas Halter,br BRA,DF,24,33,33,"2,904",32.3,4,1,5,4,0,0,8,1,0.12,0.03,0.15,0.12,0.15,Matches,Copa CONMEBOL Sudamericana,2025
21803aa2,Lucas Arcanjo,br BRA,GK,26,29,29,"2,545",28.3,0,0,0,0,0,0,3,0,0.00,0.00,0.00,0.00,0.00,Matches,Copa CONMEBOL Sudamericana,2025
7b9ab588,Zé Marcos,br BRA,DF,26,28,26,"2,426",27.0,1,1,2,1,0,0,6,0,0.04,0.04,0.07,0.04,0.07,Matches,Copa CONMEBOL Sudamericana,2025
b7838aad,Gabriel Baralhas,br BRA,MF,26,28,26,"2,276",25.3,2,1,3,2,0,0,10,0,0.08,0.04,0.12,0.08,0.12,Matches,Copa CONMEBOL Sudamericana,2025
c7495dda,Renato Kayser,br BRA,FW,28,30,25,"2,083",23.1,9,0,9,8,1,1,3,0,0.39,0.00,0.39,0.35,0.35,Matches,Copa CONMEBOL Sudamericana,2025
8edcad0d,Erick,br BRA,"MF,FW",27,31,25,"2,054",22.8,3,5,8,3,0,0,8,0,0.13,0.22,0.35,0.13,0.35,Matches,Copa CONMEBOL Sudamericana,2025
cc119c66,Ronald,br BRA,MF,27,29,23,"1,871",20.8,0,2,2,0,0,0,7,0,0.00,0.10,0.10,0.00,0.10,Matches,Copa CONMEBOL Sudamericana,2025
6d9dc5be,Raúl Cáceres,py PAR,"DF,MF",33,20,20,"1,685",18.7,2,2,4,2,0,0,6,0,0.11,0.11,0.21,0.11,0.21,Matches,Copa CONMEBOL Sudamericana,2025
91c2ee76,Matheusinho,br BRA,MF,27,29,18,"1,768",19.6,4,1,5,2,2,2,5,1,0.20,0.05,0.25,0.10,0.15,Matches,Copa CONMEBOL Sudamericana,2025
fdf88bc0,Ramon,br BRA,"DF,MF",23,18,18,"1,620",18.0,0,0,0,0,0,0,4,0,0.00,0.00,0.00,0.00,0.00,Matches,Copa CONMEBOL Sudamericana,2025
21a260a8,Aitor Cantalapiedra,es ESP,"MF,FW",28,19,18,"1,275",14.2,3,3,6,3,0,0,2,0,0.21,0.21,0.42,0.21,0.42,Matches,Copa CONMEBOL Sudamericana,2025
96f82d0a,Willian,br BRA,MF,31,20,16,"1,411",15.7,1,0,1,1,0,0,8,0,0.06,0.00,0.06,0.06,0.06,Matches,Copa CONMEBOL Sudamericana,2025
c455a045,Camutanga,br BRA,DF,31,15,15,"1,238",13.8,0,0,0,0,0,0,7,0,0.00,0.00,0.00,0.00,0.00,Matches,Copa CONMEBOL Sudamericana,2025
01dc4e41,EDU,br BRA,DF,24,20,12,"1,074",11.9,0,0,0,0,0,0,2,0,0.00,0.00,0.00,0.00,0.00,Matches,Copa CONMEBOL Sudamericana,2025
7910d817,Jamerson,br BRA,DF,26,12,12,"1,026",11.4,0,2,2,0,0,0,0,0,0.00,0.18,0.18,0.00,0.18,Matches,Copa CONMEBOL Sudamericana,2025
deb6b945,Osvaldo,br BRA,MF,37,27,11,996,11.1,0,2,2,0,0,0,3,0,0.00,0.18,0.18,0.00,0.18,Matches,Copa CONMEBOL Sudamericana,2025
8a0a73ad,Lucas Braga,br BRA,"MF,DF",28,21,11,968,10.8,1,0,1,1,0,0,1,0,0.09,0.00,0.09,0.09,0.09,Matches,Copa CONMEBOL Sudamericana,2025
2a5cdcd1,Ricardo,br BRA,MF,30,20,11,882,9.8,0,0,0,0,0,0,3,0,0.00,0.00,0.00,0.00,0.00,Matches,Copa CONMEBOL Sudamericana,2025
a921647d,Claudinho,br BRA,"DF,MF",24,15,9,901,10.0,0,0,0,0,0,0,5,0,0.00,0.00,0.00,0.00,0.00,Matches,Copa CONMEBOL Sudamericana,2025
8b89c34e,Janderson,br BRA,"FW,MF",25,11,9,729,8.1,1,0,1,1,0,0,3,0,0.12,0.00,0.12,0.12,0.12,Matches,Copa CONMEBOL Sudamericana,2025
602d20ae,Thiago,br BRA,GK,25,9,8,785,8.7,0,0,0,0,0,0,0,0,0.00,0.00,0.00,0.00,0.00,Matches,Copa CONMEBOL Sudamericana,2025
37ef00eb,Maykon Jesus,br BRA,"DF,MF",19,9,8,766,8.5,0,0,0,0,0,0,1,0,0.00,0.00,0.00,0.00,0.00,Matches,Copa CONMEBOL Sudamericana,2025
d75471eb,João Pedro Pepê,br BRA,MF,27,14,6,654,7.3,0,0,0,0,0,0,3,1,0.00,0.00,0.00,0.00,0.00,Matches,Copa CONMEBOL Sudamericana,2025
f961d4c2,Neris,br BRA,DF,32,10,6,534,5.9,0,0,0,0,0,0,1,1,0.00,0.00,0.00,0.00,0.00,Matches,Copa CONMEBOL Sudamericana,2025
c9ed46c4,Gustavo Silva,br BRA,"MF,FW",27,10,6,480,5.3,0,2,2,0,0,0,0,0,0.00,0.37,0.37,0.00,0.37,Matches,Copa CONMEBOL Sudamericana,2025
675cf0be,Renzo López,uy URU,FW,30,23,5,651,7.2,1,0,1,1,0,0,4,0,0.14,0.00,0.14,0.14,0.14,Matches,Copa CONMEBOL Sudamericana,2025
598917cf,Wellington Rato,br BRA,"FW,MF",32,5,3,212,2.4,1,0,1,1,0,0,0,0,0.42,0.00,0.42,0.42,0.42,Matches,Copa CONMEBOL Sudamericana,2025
c9ebe876,Dudu,br BRA,MF,25,12,2,319,3.5,0,0,0,0,0,0,7,2,0.00,0.00,0.00,0.00,0.00,Matches,Copa CONMEBOL Sudamericana,2025
a5898315,Paulo Roberto,br BRA,DF,19,2,2,96,1.1,0,0,0,0,0,0,0,0,0.00,0.00,0.00,0.00,0.00,Matches,Copa CONMEBOL Sudamericana,2025
e2290a67,Fabrício,br BRA,MF,24,17,1,393,4.4,0,2,2,0,0,0,0,0,0.00,0.46,0.46,0.00,0.46,Matches,Copa CONMEBOL Sudamericana,2025
37fe7c99,Carlinhos,br BRA,FW,27,6,1,165,1.8,1,0,1,1,0,0,2,1,0.55,0.00,0.55,0.55,0.55,Matches,Copa CONMEBOL Sudamericana,2025
d73461ea,Romarinho,br BRA,MF,34,5,1,124,1.4,0,0,0,0,0,0,0,0,0.00,0.00,0.00,0.00,0.00,Matches,Copa CONMEBOL Sudamericana,2025
f93ed0df,Gabriel,br BRA,GK,32,1,1,90,1.0,0,0,0,0,0,0,0,0,0.00,0.00,0.00,0.00,0.00,Matches,Copa CONMEBOL Sudamericana,2025
ad5524cf,Wendell,br BRA,MF,19,1,1,66,0.7,0,0,0,0,0,0,0,0,0.00,0.00,0.00,0.00,0.00,Matches,Copa CONMEBOL Sudamericana,2025
a3818875,Leo Augusto Pereira,br BRA,"FW,MF",24,6,0,166,1.8,0,0,0,0,0,0,0,0,0.00,0.00,0.00,0.00,0.00,Matches,Copa CONMEBOL Sudamericana,2025
5a9b1b3b,Felipe Cardoso,br BRA,MF,21,3,0,78,0.9,0,0,0,0,0,0,0,0,0.00,0.00,0.00,0.00,0.00,Matches,Copa CONMEBOL Sudamericana,2025
27c23008,Carlos Eduardo,br BRA,"FW,MF",28,2,0,41,0.5,0,0,0,0,0,0,0,0,0.00,0.00,0.00,0.00,0.00,Matches,Copa CONMEBOL Sudamericana,2025
1af67930,Kike Saverio,es ESP,MF,25,2,0,33,0.4,0,0,0,0,0,0,0,0,0.00,0.00,0.00,0.00,0.00,Matches,Copa CONMEBOL Sudamericana,2025
b4c136b7,Ruben Rodrigues,pt POR,"FW,MF",28,4,0,26,0.3,0,0,0,0,0,0,0,0,0.00,0.00,0.00,0.00,0.00,Matches,Copa CONMEBOL Sudamericana,2025
0ea6e37d,Ismael,pt POR,MF,25,1,0,18,0.2,0,0,0,0,0,0,0,0,0.00,0.00,0.00,0.00,0.00,Matches,Copa CONMEBOL Sudamericana,2025
c43d6582,Andrei,br BRA,DF,19,0,0,,,,,,,,,,,,,,,,Matches,Copa CONMEBOL Sudamericana,2025
4e2f45ec,Davi Barbosa,br BRA,GK,18,0,0,,,,,,,,,,,,,,,,Matches,Copa CONMEBOL Sudamericana,2025
4edc21a7,Edenilson,br BRA,MF,19,0,0,,,,,,,,,,,,,,,,Matches,Copa CONMEBOL Sudamericana,2025
84cf5a2e,Fintelman,br BRA,GK,23,0,0,,,,,,,,,,,,,,,,Matches,Copa CONMEBOL Sudamericana,2025
de3dc682,Hugo,br BRA,DF,23,0,0,,,,,,,,,,,,,,,,Matches,Copa CONMEBOL Sudamericana,2025
dba9eb68,Kauan,br BRA,DF,17,0,0,,,,,,,,,,,,,,,,Matches,Copa CONMEBOL Sudamericana,2025
6b772a62,Lucas Lohan,br BRA,MF,18,0,0,,,,,,,,,,,,,,,,Matches,Copa CONMEBOL Sudamericana,2025
bf1dcf73,Yuri Sena,br BRA,GK,24,0,0,,,,,,,,,,,,,,,,Matches,Copa CONMEBOL Sudamericana,2025
ad967d57,Thiaguinho,br BRA,MF,27,0,0,,,,,,,,,,,,,,,,Matches,Copa CONMEBOL Sudamericana,2025
705fa555,Kauan Vitor,br BRA,FW,18,0,0,,,,,,,,,,,,,,,,Matches,Copa CONMEBOL Sudamericana,2025
827d6315,Bruno Xavier,br BRA,MF,28,0,0,,,,,,,,,,,,,,,,Matches,Copa CONMEBOL Sudamericana,2025
b8de8627,Vicente Bernedo,cl CHI,GK,24,30,30,"2,700",30.0,0,0,0,0,0,0,3,0,0.00,0.00,0.00,0.00,0.00,Matches,Copa CONMEBOL Sudamericana,2025
3247a433,Branco Ampuero,cl CHI,DF,31,29,28,"2,434",27.0,1,0,1,1,0,0,6,0,0.04,0.00,0.04,0.04,0.04,Matches,Copa CONMEBOL Sudamericana,2025
b3894f09,Daniel González,cl CHI,DF,22,28,27,"2,327",25.9,1,0,1,1,0,0,4,1,0.04,0.00,0.04,0.04,0.04,Matches,Copa CONMEBOL Sudamericana,2025
b2756758,Fernando Zampedri,cl CHI,FW,36,25,25,"2,176",24.2,16,3,19,10,6,7,10,0,0.66,0.12,0.79,0.41,0.54,Matches,Copa CONMEBOL Sudamericana,2025
3fbe573e,Jhojan Valencia,co COL,MF,28,28,25,"2,019",22.4,0,7,7,0,0,0,5,0,0.00,0.31,0.31,0.00,0.31,Matches,Copa CONMEBOL Sudamericana,2025
663712f0,Clemente Montes,cl CHI,"MF,FW",23,28,22,"1,795",19.9,6,2,8,6,0,0,5,0,0.30,0.10,0.40,0.30,0.40,Matches,Copa CONMEBOL Sudamericana,2025
563a68ad,Gary Medel,cl CHI,"MF,DF",37,22,22,"1,728",19.2,0,0,0,0,0,0,9,1,0.00,0.00,0.00,0.00,0.00,Matches,Copa CONMEBOL Sudamericana,2025
a3a8d0ca,Cristián Cuevas,cl CHI,"MF,DF",29,23,21,"1,836",20.4,2,1,3,2,0,0,9,1,0.10,0.05,0.15,0.10,0.15,Matches,Copa CONMEBOL Sudamericana,2025
45ef7845,Eugenio Mena,cl CHI,DF,36,22,21,"1,710",19.0,1,3,4,1,0,0,6,0,0.05,0.16,0.21,0.05,0.21,Matches,Copa CONMEBOL Sudamericana,2025
2b40500f,Eduard Bello,ve VEN,"MF,FW",29,26,16,"1,457",16.2,6,2,8,6,0,0,0,0,0.37,0.12,0.49,0.37,0.49,Matches,Copa CONMEBOL Sudamericana,2025
ca480ae0,Tomás Astaburuaga,cl CHI,DF,28,22,14,"1,437",16.0,1,1,2,1,0,0,2,0,0.06,0.06,0.13,0.06,0.13,Matches,Copa CONMEBOL Sudamericana,2025
71005acd,Diego Valencia,cl CHI,"MF,FW",25,25,14,"1,404",15.6,4,2,6,3,1,1,6,1,0.26,0.13,0.38,0.19,0.32,Matches,Copa CONMEBOL Sudamericana,2025
d4814e00,Fernando Zuqui,ar ARG,MF,33,12,12,857,9.5,1,0,1,1,0,0,1,0,0.11,0.00,0.11,0.11,0.11,Matches,Copa CONMEBOL Sudamericana,2025
bf73f5ce,Carlos Arancibia,cl CHI,DF,21,14,10,"1,024",11.4,0,2,2,0,0,0,4,1,0.00,0.18,0.18,0.00,0.18,Matches,Copa CONMEBOL Sudamericana,2025
b8101a0e,Jader,br BRA,"MF,FW",21,11,9,733,8.1,2,1,3,2,0,0,2,0,0.25,0.12,0.37,0.25,0.37,Matches,Copa CONMEBOL Sudamericana,2025
7f2677af,Alfred Canales,cl CHI,MF,24,26,8,"1,187",13.2,1,2,3,1,0,0,2,0,0.08,0.15,0.23,0.08,0.23,Matches,Copa CONMEBOL Sudamericana,2025
ea8d470b,Agustín Farías,ar ARG,"MF,DF",37,15,7,600,6.7,0,0,0,0,0,0,4,0,0.00,0.00,0.00,0.00,0.00,Matches,Copa CONMEBOL Sudamericana,2025
c93636e1,Juan Rossel,cl CHI,"FW,MF",19,19,6,547,6.1,1,0,1,1,0,0,1,0,0.16,0.00,0.16,0.16,0.16,Matches,Copa CONMEBOL Sudamericana,2025
0f8c5483,Diego Corral,cl CHI,"FW,MF",19,20,3,468,5.2,1,0,1,1,0,0,4,0,0.19,0.00,0.19,0.19,0.19,Matches,Copa CONMEBOL Sudamericana,2025
03b14784,Dylan Escobar,cl CHI,"MF,DF",24,7,3,211,2.3,0,0,0,0,0,0,2,1,0.00,0.00,0.00,0.00,0.00,Matches,Copa CONMEBOL Sudamericana,2025
2a21537a,Ignacio Pérez,cl CHI,"MF,DF",18,7,2,245,2.7,0,0,0,0,0,0,3,1,0.00,0.00,0.00,0.00,0.00,Matches,Copa CONMEBOL Sudamericana,2025
42cdf326,Guillermo Soto,cl CHI,MF,31,5,2,241,2.7,0,0,0,0,0,0,0,0,0.00,0.00,0.00,0.00,0.00,Matches,Copa CONMEBOL Sudamericana,2025
a3e0cf65,José Salas,,DF,,2,1,134,1.5,0,0,0,0,0,0,0,0,0.00,0.00,0.00,0.00,0.00,Matches,Copa CONMEBOL Sudamericana,2025
a1daf1f9,Leenhan Romero,ve VEN,MF,18,4,1,115,1.3,0,0,0,0,0,0,1,0,0.00,0.00,0.00,0.00,0.00,Matches,Copa CONMEBOL Sudamericana,2025
98c8ab4b,Nicolás Letelier,cl CHI,MF,20,2,1,46,0.5,0,0,0,0,0,0,1,0,0.00,0.00,0.00,0.00,0.00,Matches,Copa CONMEBOL Sudamericana,2025
129e6852,Vicente Cárcamo,cl CHI,MF,19,3,0,66,0.7,0,0,0,0,0,0,0,0,0.00,0.00,0.00,0.00,0.00,Matches,Copa CONMEBOL Sudamericana,2025
0867ab52,Francisco Arancibia,cl CHI,"FW,MF",28,2,0,23,0.3,0,0,0,0,0,0,0,0,0.00,0.00,0.00,0.00,0.00,Matches,Copa CONMEBOL Sudamericana,2025
630cf2f5,Axel Cerda,cl CHI,FW,18,3,0,8,0.1,0,0,0,0,0,0,1,0,0.00,0.00,0.00,0.00,0.00,Matches,Copa CONMEBOL Sudamericana,2025
d6085271,Martín Contreras,cl CHI,GK,19,0,0,,,,,,,,,,,,,,,,Matches,Copa CONMEBOL Sudamericana,2025
3f0fc01e,Darío Melo,cl CHI,GK,30,0,0,,,,,,,,,,,,,,,,Matches,Copa CONMEBOL Sudamericana,2025
90193161,Jeffrey Sekgota,za RSA,DF,18,0,0,,,,,,,,,,,,,,,,Matches,Copa CONMEBOL Sudamericana,2025
c87837d2,Francisco Váldes,cl CHI,GK,18,0,0,,,,,,,,,,,,,,,,Matches,Copa CONMEBOL Sudamericana,2025
0c855cba,Aldair Quintana,co COL,GK,30,44,44,"3,960",44.0,0,0,0,0,0,0,3,0,0.00,0.00,0.00,0.00,0.00,Matches,Copa CONMEBOL Sudamericana,2025
fd931198,Jefferson Mena,co COL,DF,35,40,37,"3,323",36.9,1,0,1,1,0,0,9,0,0.03,0.00,0.03,0.03,0.03,Matches,Copa CONMEBOL Sudamericana,2025
a922bc6c,Luciano Pons,ar ARG,FW,34,39,35,"3,052",33.9,18,5,23,13,5,7,10,0,0.53,0.15,0.68,0.38,0.53,Matches,Copa CONMEBOL Sudamericana,2025
cfc0c4ad,Kevin Londoño,co COL,MF,31,43,35,"2,953",32.8,2,6,8,2,0,0,7,0,0.06,0.18,0.24,0.06,0.24,Matches,Copa CONMEBOL Sudamericana,2025
e7cacfe4,Fabián Sambueza,ar ARG,"MF,FW",36,33,32,"2,811",31.2,6,10,16,5,1,1,11,0,0.19,0.32,0.51,0.16,0.48,Matches,Copa CONMEBOL Sudamericana,2025
bf3758d2,Carlos Henao,co COL,DF,36,35,30,"2,761",30.7,1,1,2,1,0,0,10,1,0.03,0.03,0.07,0.03,0.07,Matches,Copa CONMEBOL Sudamericana,2025
05200fe1,Aldair Gutiérrez,co COL,DF,26,30,25,"2,300",25.6,0,2,2,0,0,0,11,1,0.00,0.08,0.08,0.00,0.08,Matches,Copa CONMEBOL Sudamericana,2025
6548e1f1,Aldair Zárate,co COL,MF,25,35,25,"2,095",23.3,0,0,0,0,0,0,6,0,0.00,0.00,0.00,0.00,0.00,Matches,Copa CONMEBOL Sudamericana,2025
7d4bdf0f,Carlos De Las Salas,co COL,DF,26,23,22,"1,895",21.1,0,1,1,0,0,0,6,1,0.00,0.05,0.05,0.00,0.05,Matches,Copa CONMEBOL Sudamericana,2025
893441d1,Edwin Fabricio Castro Barros,co COL,MF,32,21,21,"1,844",20.5,2,0,2,2,0,0,3,1,0.10,0.00,0.10,0.10,0.10,Matches,Copa CONMEBOL Sudamericana,2025
ac330d8c,Fredy Hinestroza,co COL,DF,34,23,20,"1,784",19.8,0,1,1,0,0,0,9,0,0.00,0.05,0.05,0.00,0.05,Matches,Copa CONMEBOL Sudamericana,2025
09e208ba,Leonardo Flores Soto,ve VEN,MF,29,38,19,"1,865",20.7,4,3,7,4,0,0,9,3,0.19,0.14,0.34,0.19,0.34,Matches,Copa CONMEBOL Sudamericana,2025
862f88a7,Gustavo Charrupí,co COL,MF,20,18,18,"1,385",15.4,0,0,0,0,0,0,3,1,0.00,0.00,0.00,0.00,0.00,Matches,Copa CONMEBOL Sudamericana,2025
be49c8e1,Carlos Romaña,co COL,DF,25,27,17,"1,745",19.4,1,0,1,1,0,0,8,0,0.05,0.00,0.05,0.05,0.05,Matches,Copa CONMEBOL Sudamericana,2025
c82190b5,Bayron Duarte,co COL,DF,21,17,16,"1,190",13.2,0,2,2,0,0,0,5,1,0.00,0.15,0.15,0.00,0.15,Matches,Copa CONMEBOL Sudamericana,2025
ea868537,Faber Gil,co COL,MF,29,22,14,"1,160",12.9,3,1,4,3,0,0,4,0,0.23,0.08,0.31,0.23,0.31,Matches,Copa CONMEBOL Sudamericana,2025
b6832e5e,Jhon Vasquez,co COL,"MF,FW",29,30,11,"1,093",12.1,2,0,2,2,0,0,5,1,0.16,0.00,0.16,0.16,0.16,Matches,Copa CONMEBOL Sudamericana,2025
f5b1f55f,Diego Chávez,ar ARG,MF,27,22,8,860,9.6,0,0,0,0,0,0,1,0,0.00,0.00,0.00,0.00,0.00,Matches,Copa CONMEBOL Sudamericana,2025
7fdcf661,Neyder Moreno,co COL,MF,27,17,8,827,9.2,2,1,3,2,0,0,2,0,0.22,0.11,0.33,0.22,0.33,Matches,Copa CONMEBOL Sudamericana,2025
ea36e829,José García,co COL,DF,21,14,8,822,9.1,0,1,1,0,0,0,1,0,0.00,0.11,0.11,0.00,0.11,Matches,Copa CONMEBOL Sudamericana,2025
10af93d4,Juan Camilo Mosquera,co COL,MF,22,21,8,775,8.6,2,0,2,2,0,0,3,0,0.23,0.00,0.23,0.23,0.23,Matches,Copa CONMEBOL Sudamericana,2025
0a396655,Frank Castañeda,co COL,MF,30,15,8,702,7.8,5,2,7,4,1,1,1,0,0.64,0.26,0.90,0.51,0.77,Matches,Copa CONMEBOL Sudamericana,2025
d9600938,Andrés Ponce,ve VEN,FW,28,8,5,374,4.2,0,0,0,0,0,0,1,0,0.00,0.00,0.00,0.00,0.00,Matches,Copa CONMEBOL Sudamericana,2025
9ff0aa5e,Sherman Cárdenas,co COL,"MF,FW",35,10,5,344,3.8,0,0,0,0,0,0,0,0,0.00,0.00,0.00,0.00,0.00,Matches,Copa CONMEBOL Sudamericana,2025
637be30b,Santiago Jiménez,co COL,DF,26,8,4,414,4.6,0,0,0,0,0,0,3,0,0.00,0.00,0.00,0.00,0.00,Matches,Copa CONMEBOL Sudamericana,2025
102a620f,Felix Charrupí,co COL,"MF,DF",23,12,4,406,4.5,0,0,0,0,0,0,3,1,0.00,0.00,0.00,0.00,0.00,Matches,Copa CONMEBOL Sudamericana,2025
b1deecf8,Cristián Zapata,co COL,DF,38,6,4,401,4.5,1,0,1,1,0,0,1,0,0.22,0.00,0.22,0.22,0.22,Matches,Copa CONMEBOL Sudamericana,2025
4b3f2936,Adalberto Peñaranda,ve VEN,"MF,FW",27,10,4,357,4.0,1,1,2,0,1,1,1,0,0.25,0.25,0.50,0.00,0.25,Matches,Copa CONMEBOL Sudamericana,2025
df1425b1,Gleyfer Medina,,FW,,18,3,342,3.8,3,0,3,3,0,0,1,0,0.79,0.00,0.79,0.79,0.79,Matches,Copa CONMEBOL Sudamericana,2025
fceadb9b,Alejandro Artunduaga,co COL,DF,27,4,3,201,2.2,0,0,0,0,0,0,0,0,0.00,0.00,0.00,0.00,0.00,Matches,Copa CONMEBOL Sudamericana,2025
5021438a,Jean Carlos Blanco,co COL,FW,32,8,2,333,3.7,0,0,0,0,0,0,1,0,0.00,0.00,0.00,0.00,0.00,Matches,Copa CONMEBOL Sudamericana,2025
6fe53d33,Andrés Andrade,co COL,MF,35,5,2,193,2.1,0,1,1,0,0,0,0,0,0.00,0.47,0.47,0.00,0.47,Matches,Copa CONMEBOL Sudamericana,2025
c62260ab,Luis Erney Vasquez,co COL,GK,28,2,2,180,2.0,0,0,0,0,0,0,2,0,0.00,0.00,0.00,0.00,0.00,Matches,Copa CONMEBOL Sudamericana,2025
a0dabe24,Alejandro Moralez,co COL,DF,23,2,2,180,2.0,0,0,0,0,0,0,0,0,0.00,0.00,0.00,0.00,0.00,Matches,Copa CONMEBOL Sudamericana,2025
7e88757f,Andrés Ibargüen,co COL,"MF,FW",32,3,2,168,1.9,0,0,0,0,0,0,0,1,0.00,0.00,0.00,0.00,0.00,Matches,Copa CONMEBOL Sudamericana,2025
5abf2810,Israel Alba,co COL,"MF,DF",29,3,2,102,1.1,0,0,0,0,0,0,0,0,0.00,0.00,0.00,0.00,0.00,Matches,Copa CONMEBOL Sudamericana,2025
06d9a2de,Larry Vásquez,ve VEN,MF,33,1,1,70,0.8,0,0,0,0,0,0,0,0,0.00,0.00,0.00,0.00,0.00,Matches,Copa CONMEBOL Sudamericana,2025
f80e725c,Jhon Rivas,,FW,,1,0,24,0.3,0,0,0,0,0,0,0,0,0.00,0.00,0.00,0.00,0.00,Matches,Copa CONMEBOL Sudamericana,2025
49301ac4,Edgar Delgado,,,,0,0,,,,,,,,,,,,,,,,Matches,Copa CONMEBOL Sudamericana,2025
f98dec4d,Luis Matheus,,,,0,0,,,,,,,,,,,,,,,,Matches,Copa CONMEBOL Sudamericana,2025
2d504f2f,Adrián Murillo,,FW,,0,0,,,,,,,,,,,,,,,,Matches,Copa CONMEBOL Sudamericana,2025
4d0a1225,Harold Tenorio,,,,0,0,,,,,,,,,,,,,,,,Matches,Copa CONMEBOL Sudamericana,2025
9df9baab,Yimmi Chará,co COL,MF,33,53,49,"3,938",43.8,3,8,11,3,0,0,2,0,0.07,0.18,0.25,0.07,0.25,Matches,Copa CONMEBOL Sudamericana,2025
56d59ae0,Cristian Báez,py PAR,DF,34,44,43,"3,787",42.1,2,1,3,2,0,2,8,1,0.05,0.02,0.07,0.05,0.07,Matches,Copa CONMEBOL Sudamericana,2025
9c520755,Jhomier Guerrero,co COL,DF,23,49,43,"3,718",41.3,2,2,4,2,0,0,9,0,0.05,0.05,0.10,0.05,0.10,Matches,Copa CONMEBOL Sudamericana,2025
71849534,Didier Moreno,co COL,MF,33,43,41,"3,478",38.6,4,2,6,4,0,0,12,1,0.10,0.05,0.16,0.10,0.16,Matches,Copa CONMEBOL Sudamericana,2025
ac5ffc5e,Guillermo Paiva,py PAR,"FW,MF",27,47,39,"3,052",33.9,10,6,16,9,1,3,10,1,0.29,0.18,0.47,0.27,0.44,Matches,Copa CONMEBOL Sudamericana,2025
c5443ac8,Daniel Rivera,co COL,DF,25,34,31,"2,722",30.2,0,0,0,0,0,0,7,1,0.00,0.00,0.00,0.00,0.00,Matches,Copa CONMEBOL Sudamericana,2025
5a1ce0cb,José Enamorado,co COL,"MF,FW",26,47,30,"2,663",29.6,9,7,16,9,0,0,11,1,0.30,0.24,0.54,0.30,0.54,Matches,Copa CONMEBOL Sudamericana,2025
c7d333ec,Bryan Castrillón,co COL,"MF,FW",25,47,29,"2,333",25.9,10,7,17,9,1,1,4,1,0.39,0.27,0.66,0.35,0.62,Matches,Copa CONMEBOL Sudamericana,2025
3c00b4c7,Edwin Herrera,co COL,DF,26,38,28,"2,665",29.6,1,1,2,0,1,2,9,0,0.03,0.03,0.07,0.00,0.03,Matches,Copa CONMEBOL Sudamericana,2025
9dd245c3,Mauro Silveira,uy URU,GK,24,27,27,"2,414",26.8,0,0,0,0,0,0,3,1,0.00,0.00,0.00,0.00,0.00,Matches,Copa CONMEBOL Sudamericana,2025
03a04d29,Jeison Suarez,co COL,DF,27,26,25,"2,250",25.0,1,3,4,1,0,0,3,0,0.04,0.12,0.16,0.04,0.16,Matches,Copa CONMEBOL Sudamericana,2025
fae8f607,Guillermo Celis,co COL,MF,31,23,20,"1,574",17.5,0,0,0,0,0,0,6,0,0.00,0.00,0.00,0.00,0.00,Matches,Copa CONMEBOL Sudamericana,2025
62849d22,Santiago Mele,uy URU,GK,27,18,18,"1,534",17.0,0,0,0,0,0,0,3,1,0.00,0.00,0.00,0.00,0.00,Matches,Copa CONMEBOL Sudamericana,2025
d33ae8b9,Jesús Rivas,co COL,MF,27,23,18,"1,389",15.4,3,0,3,3,0,0,5,0,0.19,0.00,0.19,0.19,0.19,Matches,Copa CONMEBOL Sudamericana,2025
73a221b1,Jermein Peña,co COL,DF,25,18,17,"1,499",16.7,1,0,1,1,0,0,2,2,0.06,0.00,0.06,0.06,0.06,Matches,Copa CONMEBOL Sudamericana,2025
32b32e92,José Abad Cuenú,co COL,DF,29,18,15,"1,344",14.9,0,0,0,0,0,0,7,1,0.00,0.00,0.00,0.00,0.00,Matches,Copa CONMEBOL Sudamericana,2025
09a9e921,Carlos Bacca,co COL,FW,38,19,14,989,11.0,4,2,6,3,1,1,2,0,0.36,0.18,0.55,0.27,0.46,Matches,Copa CONMEBOL Sudamericana,2025
3ddf8cb9,Steven Rodríguez,co COL,"FW,MF",26,47,12,"1,535",17.1,12,0,12,8,4,5,4,2,0.70,0.00,0.70,0.47,0.47,Matches,Copa CONMEBOL Sudamericana,2025
9dec573b,Carlos Esparragoza,co COL,MF,25,22,12,"1,005",11.2,0,1,1,0,0,0,4,0,0.00,0.09,0.09,0.00,0.09,Matches,Copa CONMEBOL Sudamericana,2025
df64e45e,Fabián Ángel,co COL,MF,24,30,11,"1,414",15.7,3,0,3,3,0,0,4,0,0.19,0.00,0.19,0.19,0.19,Matches,Copa CONMEBOL Sudamericana,2025
6129132f,Jefferson Martinez,co COL,GK,31,11,9,905,10.1,0,0,0,0,0,0,2,0,0.00,0.00,0.00,0.00,0.00,Matches,Copa CONMEBOL Sudamericana,2025
abe7a9c6,Jordan Barrera,co COL,MF,18,14,9,732,8.1,1,2,3,1,0,0,1,0,0.12,0.25,0.37,0.12,0.37,Matches,Copa CONMEBOL Sudamericana,2025
165afe13,Teófilo Gutiérrez,co COL,"MF,FW",39,35,6,"1,144",12.7,1,3,4,1,0,0,5,0,0.08,0.24,0.31,0.08,0.31,Matches,Copa CONMEBOL Sudamericana,2025
8fefde24,Jhon Navia,co COL,DF,21,7,6,477,5.3,0,0,0,0,0,0,2,0,0.00,0.00,0.00,0.00,0.00,Matches,Copa CONMEBOL Sudamericana,2025
457e8ce5,John Fredy Salazar,co COL,MF,29,12,5,515,5.7,0,0,0,0,0,0,0,0,0.00,0.00,0.00,0.00,0.00,Matches,Copa CONMEBOL Sudamericana,2025
9bfa2f52,Deiber Caicedo,co COL,MF,24,13,5,501,5.6,0,1,1,0,0,0,1,0,0.00,0.18,0.18,0.00,0.18,Matches,Copa CONMEBOL Sudamericana,2025
1d8885d7,Luis González,ve VEN,MF,34,14,5,470,5.2,2,1,3,0,2,2,0,0,0.38,0.19,0.57,0.00,0.19,Matches,Copa CONMEBOL Sudamericana,2025
2f0dcbb7,Yeferson Moreno,co COL,DF,21,8,5,417,4.6,0,0,0,0,0,0,1,0,0.00,0.00,0.00,0.00,0.00,Matches,Copa CONMEBOL Sudamericana,2025
c40fd3bb,Jhon Vélez,co COL,MF,21,7,5,377,4.2,0,0,0,0,0,0,1,0,0.00,0.00,0.00,0.00,0.00,Matches,Copa CONMEBOL Sudamericana,2025
312755e2,Lucas Monzón,uy URU,DF,23,7,4,393,4.4,0,0,0,0,0,0,0,0,0.00,0.00,0.00,0.00,0.00,Matches,Copa CONMEBOL Sudamericana,2025
663690a1,Howell Mena,co COL,DF,23,3,3,195,2.2,0,0,0,0,0,0,1,1,0.00,0.00,0.00,0.00,0.00,Matches,Copa CONMEBOL Sudamericana,2025
a23ce55f,Yani Quintero,co COL,MF,22,11,2,330,3.7,0,0,0,0,0,0,0,0,0.00,0.00,0.00,0.00,0.00,Matches,Copa CONMEBOL Sudamericana,2025
6ba69171,Carlos Cantillo,co COL,"MF,DF",21,4,2,197,2.2,0,0,0,0,0,0,0,0,0.00,0.00,0.00,0.00,0.00,Matches,Copa CONMEBOL Sudamericana,2025
1b2d5570,Harold Rivera,co COL,MF,31,3,2,139,1.5,0,0,0,0,0,0,0,0,0.00,0.00,0.00,0.00,0.00,Matches,Copa CONMEBOL Sudamericana,2025
0a6666ea,Miller Bacca,co COL,FW,21,5,2,118,1.3,0,0,0,0,0,0,0,0,0.00,0.00,0.00,0.00,0.00,Matches,Copa CONMEBOL Sudamericana,2025
f3afff11,Andrés Colorado,co COL,MF,26,3,1,146,1.6,0,0,0,0,0,0,0,0,0.00,0.00,0.00,0.00,0.00,Matches,Copa CONMEBOL Sudamericana,2025
9e3f8c40,Jhon Lerma,co COL,DF,22,1,1,90,1.0,0,0,0,0,0,0,1,0,0.00,0.00,0.00,0.00,0.00,Matches,Copa CONMEBOL Sudamericana,2025
dbbac7a1,Joel Canchimbo,co COL,FW,19,13,0,248,2.8,3,1,4,3,0,0,0,0,1.09,0.36,1.45,1.09,1.45,Matches,Copa CONMEBOL Sudamericana,2025
1137e64a,Jesus Diaz,co COL,FW,20,4,0,63,0.7,0,0,0,0,0,0,0,0,0.00,0.00,0.00,0.00,0.00,Matches,Copa CONMEBOL Sudamericana,2025
58907c8f,Leider Berdugo,co COL,MF,22,2,0,44,0.5,0,0,0,0,0,0,0,0,0.00,0.00,0.00,0.00,0.00,Matches,Copa CONMEBOL Sudamericana,2025
2264e79b,Marco Pérez,co COL,"FW,MF",34,3,0,43,0.5,0,0,0,0,0,0,1,0,0.00,0.00,0.00,0.00,0.00,Matches,Copa CONMEBOL Sudamericana,2025
4ed6dfd8,Stiwart Acuña,co COL,FW,25,3,0,27,0.3,0,0,0,0,0,0,0,0,0.00,0.00,0.00,0.00,0.00,Matches,Copa CONMEBOL Sudamericana,2025
ab8880b4,Fernando Caicedo,co COL,DF,24,2,0,27,0.3,0,0,0,0,0,0,1,0,0.00,0.00,0.00,0.00,0.00,Matches,Copa CONMEBOL Sudamericana,2025
f0dc6cec,Miguel Agámez,co COL,MF,15,2,0,25,0.3,0,0,0,0,0,0,2,0,0.00,0.00,0.00,0.00,0.00,Matches,Copa CONMEBOL Sudamericana,2025
861a4850,Jaime Acosta,co COL,GK,23,0,0,,,,,,,,,,,,,,,,Matches,Copa CONMEBOL Sudamericana,2025
4926a9be,Sebastian Borja,,,,0,0,,,,,,,,,,,,,,,,Matches,Copa CONMEBOL Sudamericana,2025
14a0eea6,Omar Cassiani,,DF,,0,0,,,,,,,,,,,,,,,,Matches,Copa CONMEBOL Sudamericana,2025
21f41dc2,Alexandro Licona,co COL,FW,20,0,0,,,,,,,,,,,,,,,,Matches,Copa CONMEBOL Sudamericana,2025
21831538,Diego Mendoza,co COL,MF,24,0,0,,,,,,,,,,,,,,,,Matches,Copa CONMEBOL Sudamericana,2025
ab836683,Carlos Olmos,,DF,,0,0,,,,,,,,,,,,,,,,Matches,Copa CONMEBOL Sudamericana,2025
7975e587,Luis Cangá,ec ECU,DF,29,36,36,"3,184",35.4,3,1,4,3,0,0,11,1,0.08,0.03,0.11,0.08,0.11,Matches,Copa CONMEBOL Sudamericana,2025
4705ea86,Byron Palacios,ec ECU,FW,29,40,32,"2,484",27.6,18,3,21,17,1,1,3,0,0.65,0.11,0.76,0.62,0.72,Matches,Copa CONMEBOL Sudamericana,2025
a8456000,Jerónimo Cacciabue,ar ARG,MF,27,33,31,"2,448",27.2,0,0,0,0,0,0,6,0,0.00,0.00,0.00,0.00,0.00,Matches,Copa CONMEBOL Sudamericana,2025
284516e5,Gregori Anangonó,ec ECU,DF,26,34,30,"2,545",28.3,1,3,4,1,0,0,12,2,0.04,0.11,0.14,0.04,0.14,Matches,Copa CONMEBOL Sudamericana,2025
0b713184,Clavijo Romero,ec ECU,MF,24,35,27,"2,322",25.8,2,4,6,2,0,0,3,0,0.08,0.16,0.23,0.08,0.23,Matches,Copa CONMEBOL Sudamericana,2025
31d68775,Azarias Londoño,pa PAN,MF,23,34,25,"2,327",25.9,7,10,17,5,2,2,5,0,0.27,0.39,0.66,0.19,0.58,Matches,Copa CONMEBOL Sudamericana,2025
39ec0118,Carlos Medina,ec ECU,DF,23,28,23,"2,199",24.4,1,1,2,1,0,0,1,0,0.04,0.04,0.08,0.04,0.08,Matches,Copa CONMEBOL Sudamericana,2025
55854df0,Luis Moreno,ec ECU,MF,19,32,23,"2,093",23.3,1,1,2,1,0,0,5,0,0.04,0.04,0.09,0.04,0.09,Matches,Copa CONMEBOL Sudamericana,2025
5b96081a,Mauro Díaz,ar ARG,MF,33,31,23,"1,976",22.0,4,8,12,4,0,0,5,0,0.18,0.36,0.55,0.18,0.55,Matches,Copa CONMEBOL Sudamericana,2025
8827c189,Rafael Romo,ve VEN,GK,34,23,22,"2,013",22.4,0,0,0,0,0,0,2,0,0.00,0.00,0.00,0.00,0.00,Matches,Copa CONMEBOL Sudamericana,2025
e618a559,Daykol Romero,ec ECU,"MF,DF",23,35,21,"1,998",22.2,0,5,5,0,0,0,4,0,0.00,0.23,0.23,0.00,0.23,Matches,Copa CONMEBOL Sudamericana,2025
84b6acaa,Jhon Chancellor,ve VEN,DF,33,24,19,"1,645",18.3,0,0,0,0,0,0,6,0,0.00,0.00,0.00,0.00,0.00,Matches,Copa CONMEBOL Sudamericana,2025
62842524,Mauricio Alonso,uy URU,MF,30,22,19,"1,409",15.7,7,1,8,7,0,0,2,0,0.45,0.06,0.51,0.45,0.51,Matches,Copa CONMEBOL Sudamericana,2025
00c46b13,Eddy Mejía,ec ECU,"DF,MF",24,23,17,"1,530",17.0,1,3,4,1,0,0,1,0,0.06,0.18,0.24,0.06,0.24,Matches,Copa CONMEBOL Sudamericana,2025
6ac0f09f,Johan Lara,ec ECU,GK,25,17,17,"1,452",16.1,0,0,0,0,0,0,0,0,0.00,0.00,0.00,0.00,0.00,Matches,Copa CONMEBOL Sudamericana,2025
f2a276d1,Ismael Díaz,pa PAN,"MF,FW",27,16,16,"1,388",15.4,7,1,8,4,3,3,0,0,0.45,0.06,0.52,0.26,0.32,Matches,Copa CONMEBOL Sudamericana,2025
8c9f9ed2,Alex Rodríguez,ec ECU,MF,21,31,12,"1,251",13.9,1,3,4,1,0,0,4,1,0.07,0.22,0.29,0.07,0.29,Matches,Copa CONMEBOL Sudamericana,2025
c6aca1d2,Eric Valencia,ec ECU,"DF,MF",21,20,10,"1,041",11.6,0,0,0,0,0,0,3,0,0.00,0.00,0.00,0.00,0.00,Matches,Copa CONMEBOL Sudamericana,2025
682e47b3,José Fajardo,pa PAN,"FW,MF",31,27,8,"1,062",11.8,10,1,11,8,2,2,6,0,0.85,0.08,0.93,0.68,0.76,Matches,Copa CONMEBOL Sudamericana,2025
32553711,Jesus Castillo,ec ECU,"DF,MF",25,10,8,711,7.9,0,0,0,0,0,0,1,0,0.00,0.00,0.00,0.00,0.00,Matches,Copa CONMEBOL Sudamericana,2025
a0e8b82c,Facundo Martínez,ar ARG,MF,39,19,6,655,7.3,0,1,1,0,0,0,3,1,0.00,0.14,0.14,0.00,0.14,Matches,Copa CONMEBOL Sudamericana,2025
78486274,Marcos Sevillano,ec ECU,DF,22,7,6,570,6.3,0,0,0,0,0,0,1,0,0.00,0.00,0.00,0.00,0.00,Matches,Copa CONMEBOL Sudamericana,2025
2fcc0c39,Rooney Troya,ec ECU,MF,18,18,3,435,4.8,0,0,0,0,0,0,2,0,0.00,0.00,0.00,0.00,0.00,Matches,Copa CONMEBOL Sudamericana,2025
c436e5fd,Ignacio Mosquera,ec ECU,DF,20,5,2,181,2.0,0,0,0,0,0,0,0,0,0.00,0.00,0.00,0.00,0.00,Matches,Copa CONMEBOL Sudamericana,2025
f71cecaf,Isaac Sánchez,ec ECU,MF,18,11,1,202,2.2,0,0,0,0,0,0,0,0,0.00,0.00,0.00,0.00,0.00,Matches,Copa CONMEBOL Sudamericana,2025
0e515243,Elías Valencia,ec ECU,GK,22,2,1,135,1.5,0,0,0,0,0,0,0,0,0.00,0.00,0.00,0.00,0.00,Matches,Copa CONMEBOL Sudamericana,2025
b7ed84b8,Renato Caicedo,ec ECU,DF,16,2,1,78,0.9,0,0,0,0,0,0,0,0,0.00,0.00,0.00,0.00,0.00,Matches,Copa CONMEBOL Sudamericana,2025
d73fa7d8,Milton Maciel,py PAR,MF,25,7,1,77,0.9,0,0,0,0,0,0,0,0,0.00,0.00,0.00,0.00,0.00,Matches,Copa CONMEBOL Sudamericana,2025
f748d835,Saenddy Yánez,ec ECU,FW,23,6,0,67,0.7,1,0,1,1,0,0,0,1,1.34,0.00,1.34,1.34,1.34,Matches,Copa CONMEBOL Sudamericana,2025
818adb9e,Andrew Draper,ec ECU,MF,23,2,0,16,0.2,0,0,0,0,0,0,0,0,0.00,0.00,0.00,0.00,0.00,Matches,Copa CONMEBOL Sudamericana,2025
560db1a0,Jackson Mina,ec ECU,MF,18,1,0,5,0.1,0,0,0,0,0,0,0,0,0.00,0.00,0.00,0.00,0.00,Matches,Copa CONMEBOL Sudamericana,2025
6a0c7a59,Eduardo Bumbila,ec ECU,DF,18,0,0,,,,,,,,,,,,,,,,Matches,Copa CONMEBOL Sudamericana,2025
d6d83d47,Jean Chalá,ec ECU,FW,21,0,0,,,,,,,,,,,,,,,,Matches,Copa CONMEBOL Sudamericana,2025
c7aa0b74,Jeysinio Chala,ec ECU,MF,17,0,0,,,,,,,,,,,,,,,,Matches,Copa CONMEBOL Sudamericana,2025
639f5c2e,Keiner Charcopa,,,,0,0,,,,,,,,,,,,,,,,Matches,Copa CONMEBOL Sudamericana,2025
c32fce5c,Lucas Cueva Gordillo,ec ECU,MF,23,0,0,,,,,,,,,,,,,,,,Matches,Copa CONMEBOL Sudamericana,2025
f9d66d9a,Darwin Nazareno,ec ECU,DF,20,0,0,,,,,,,,,,,,,,,,Matches,Copa CONMEBOL Sudamericana,2025
935c70c4,Darwin Quiñonez,ec ECU,DF,18,0,0,,,,,,,,,,,,,,,,Matches,Copa CONMEBOL Sudamericana,2025
4199f7de,Paulo Riande,ec ECU,MF,17,0,0,,,,,,,,,,,,,,,,Matches,Copa CONMEBOL Sudamericana,2025
fe0a346d,Santi Ramos Mingo,ar ARG,DF,23,33,33,"2,926",32.5,0,0,0,0,0,0,9,1,0.00,0.00,0.00,0.00,0.00,Matches,Copa CONMEBOL Sudamericana,2025
c2abc321,Luciano Juba,br BRA,DF,25,35,33,"2,877",32.0,6,4,10,6,0,0,2,0,0.19,0.13,0.31,0.19,0.31,Matches,Copa CONMEBOL Sudamericana,2025
a99138af,Jean Lucas,br BRA,MF,26,34,33,"2,674",29.7,3,1,4,3,0,0,3,2,0.10,0.03,0.13,0.10,0.13,Matches,Copa CONMEBOL Sudamericana,2025
711c08dc,Ronaldo,br BRA,GK,28,28,28,"2,448",27.2,0,1,1,0,0,0,1,0,0.00,0.04,0.04,0.00,0.04,Matches,Copa CONMEBOL Sudamericana,2025
d87e2cae,Willian José,br BRA,FW,33,33,28,"2,115",23.5,11,6,17,8,3,5,3,0,0.47,0.26,0.72,0.34,0.60,Matches,Copa CONMEBOL Sudamericana,2025
4b7d58c2,Ademir Santos,br BRA,"FW,MF",29,30,26,"1,971",21.9,2,6,8,2,0,0,7,0,0.09,0.27,0.37,0.09,0.37,Matches,Copa CONMEBOL Sudamericana,2025
68fb50a2,Everton Ribeiro,br BRA,MF,35,31,25,"1,925",21.4,2,4,6,1,1,1,5,1,0.09,0.19,0.28,0.05,0.23,Matches,Copa CONMEBOL Sudamericana,2025
91bf16f7,David Duarte,br BRA,DF,30,25,24,"2,207",24.5,1,1,2,1,0,0,4,0,0.04,0.04,0.08,0.04,0.08,Matches,Copa CONMEBOL Sudamericana,2025
1338e42b,Gilberto,br BRA,DF,31,23,21,"1,777",19.7,1,0,1,1,0,0,6,0,0.05,0.00,0.05,0.05,0.05,Matches,Copa CONMEBOL Sudamericana,2025
56088230,Erick Pulga,br BRA,"FW,MF",24,24,20,"1,687",18.7,3,3,6,3,0,0,3,0,0.16,0.16,0.32,0.16,0.32,Matches,Copa CONMEBOL Sudamericana,2025
6140be7b,Nicolás Acevedo,uy URU,MF,25,32,18,"1,690",18.8,0,1,1,0,0,0,6,0,0.00,0.05,0.05,0.00,0.05,Matches,Copa CONMEBOL Sudamericana,2025
08ac23b7,Caio Alexandre,br BRA,MF,25,21,17,"1,303",14.5,0,1,1,0,0,0,4,0,0.00,0.07,0.07,0.00,0.07,Matches,Copa CONMEBOL Sudamericana,2025
fdd60087,Santiago Arias,co COL,DF,33,21,15,"1,419",15.8,0,0,0,0,0,0,3,0,0.00,0.00,0.00,0.00,0.00,Matches,Copa CONMEBOL Sudamericana,2025
453bdfb9,Marcos Felipe,br BRA,GK,28,11,10,972,10.8,0,0,0,0,0,0,0,0,0.00,0.00,0.00,0.00,0.00,Matches,Copa CONMEBOL Sudamericana,2025
4fd28619,Gabriel,br BRA,DF,23,13,10,948,10.5,0,0,0,0,0,0,4,0,0.00,0.00,0.00,0.00,0.00,Matches,Copa CONMEBOL Sudamericana,2025
17734ea0,Kayky Chagas,br BRA,MF,21,26,8,890,9.9,1,2,3,1,0,0,2,0,0.10,0.20,0.30,0.10,0.30,Matches,Copa CONMEBOL Sudamericana,2025
c04ebe99,Rodrigo Nestor,br BRA,"MF,FW",24,22,8,875,9.7,5,0,5,5,0,0,5,0,0.51,0.00,0.51,0.51,0.51,Matches,Copa CONMEBOL Sudamericana,2025
1159e4ae,Michel Araujo,uy URU,MF,28,24,8,852,9.5,4,1,5,4,0,0,3,0,0.42,0.11,0.53,0.42,0.53,Matches,Copa CONMEBOL Sudamericana,2025
8ccc9220,Luciano Rodríguez,uy URU,FW,21,18,8,791,8.8,2,0,2,2,0,0,1,0,0.23,0.00,0.23,0.23,0.23,Matches,Copa CONMEBOL Sudamericana,2025
2b53f7a5,Cauly Oliveira Souza,br BRA,"FW,MF",29,29,7,910,10.1,1,3,4,1,0,0,2,0,0.10,0.30,0.40,0.10,0.40,Matches,Copa CONMEBOL Sudamericana,2025
054849d2,Iago,br BRA,"DF,MF",27,15,7,626,7.0,1,0,1,1,0,0,2,0,0.14,0.00,0.14,0.14,0.14,Matches,Copa CONMEBOL Sudamericana,2025
85d69267,Mateo Sanabria,ar ARG,MF,20,10,7,569,6.3,1,0,1,1,0,0,3,1,0.16,0.00,0.16,0.16,0.16,Matches,Copa CONMEBOL Sudamericana,2025
fefa9b9a,Kanu,br BRA,DF,27,7,7,513,5.7,0,0,0,0,0,0,0,1,0.00,0.00,0.00,0.00,0.00,Matches,Copa CONMEBOL Sudamericana,2025
8a826636,Erick,br BRA,"MF,DF",27,16,6,683,7.6,1,0,1,1,0,0,3,0,0.13,0.00,0.13,0.13,0.13,Matches,Copa CONMEBOL Sudamericana,2025
77ee5b27,Tiago,br BRA,FW,19,25,5,902,10.0,3,2,5,3,0,0,2,0,0.30,0.20,0.50,0.30,0.50,Matches,Copa CONMEBOL Sudamericana,2025
dfddb0f9,Rezende,br BRA,"MF,DF",30,11,5,580,6.4,0,0,0,0,0,0,0,0,0.00,0.00,0.00,0.00,0.00,Matches,Copa CONMEBOL Sudamericana,2025
3ac829b6,Fredi Gomes,br BRA,DF,18,1,1,90,1.0,0,0,0,0,0,0,0,0,0.00,0.00,0.00,0.00,0.00,Matches,Copa CONMEBOL Sudamericana,2025
9fd07241,Zé Guilherme,br BRA,DF,19,3,0,86,1.0,0,0,0,0,0,0,0,0,0.00,0.00,0.00,0.00,0.00,Matches,Copa CONMEBOL Sudamericana,2025
a3bbbdc7,Ruan Pablo,br BRA,FW,16,5,0,51,0.6,0,0,0,0,0,0,1,0,0.00,0.00,0.00,0.00,0.00,Matches,Copa CONMEBOL Sudamericana,2025
1c8f7804,Kauê Junior,br BRA,FW,15,1,0,4,0.0,0,0,0,0,0,0,0,0,0.00,0.00,0.00,0.00,0.00,Matches,Copa CONMEBOL Sudamericana,2025
ed05acdc,Danilo Fernandes,br BRA,GK,36,0,0,,0.0,0,0,0,0,0,0,1,0,,,,,,Matches,Copa CONMEBOL Sudamericana,2025
b257849f,Lyan Araujo,br BRA,FW,15,0,0,,,,,,,,,,,,,,,,Matches,Copa CONMEBOL Sudamericana,2025
3f07bf62,João Coni,br BRA,MF,18,0,0,,,,,,,,,,,,,,,,Matches,Copa CONMEBOL Sudamericana,2025
1c5c98ed,Dell,br BRA,FW,16,0,0,,,,,,,,,,,,,,,,Matches,Copa CONMEBOL Sudamericana,2025
b5cd8162,Roger Gabriel,br BRA,MF,17,0,0,,,,,,,,,,,,,,,,Matches,Copa CONMEBOL Sudamericana,2025
8b7b78ac,Luiz Gustavo,br BRA,DF,18,0,0,,,,,,,,,,,,,,,,Matches,Copa CONMEBOL Sudamericana,2025
a02530a1,Jota,br BRA,MF,20,0,0,,,,,,,,,,,,,,,,Matches,Copa CONMEBOL Sudamericana,2025
90654a7f,Kauã,br BRA,DF,21,0,0,,,,,,,,,,,,,,,,Matches,Copa CONMEBOL Sudamericana,2025
b211048f,David Martins,br BRA,MF,17,0,0,,,,,,,,,,,,,,,,Matches,Copa CONMEBOL Sudamericana,2025
d0102ca0,João Paulo,br BRA,GK,29,0,0,,,,,,,,,,,,,,,,Matches,Copa CONMEBOL Sudamericana,2025
f28ea184,Sidney,br BRA,MF,18,0,0,,,,,,,,,,,,,,,,Matches,Copa CONMEBOL Sudamericana,2025
8fe7df30,Vitinho,br BRA,MF,20,0,0,,,,,,,,,,,,,,,,Matches,Copa CONMEBOL Sudamericana,2025
ab040f4b,John Narvaez,ec ECU,DF,33,28,27,"2,378",26.4,0,1,1,0,0,0,11,1,0.00,0.04,0.04,0.00,0.04,Matches,Copa CONMEBOL Sudamericana,2025
c0f1e597,Carlos Cabello,pe PER,"MF,FW",27,30,26,"2,319",25.8,4,7,11,4,0,0,5,1,0.16,0.27,0.43,0.16,0.43,Matches,Copa CONMEBOL Sudamericana,2025
b4e74116,Ademar Robles,pe PER,MF,30,33,25,"2,409",26.8,0,0,0,0,0,0,2,0,0.00,0.00,0.00,0.00,0.00,Matches,Copa CONMEBOL Sudamericana,2025
74f94ea2,Gerson Barreto,pe PER,MF,29,29,25,"2,276",25.3,0,2,2,0,0,0,5,0,0.00,0.08,0.08,0.00,0.08,Matches,Copa CONMEBOL Sudamericana,2025
13718190,Fernando Bersano,ar ARG,"DF,MF",27,29,23,"2,234",24.8,1,3,4,1,0,1,4,0,0.04,0.12,0.16,0.04,0.16,Matches,Copa CONMEBOL Sudamericana,2025
77e9a4e7,Joao Rojas,ec ECU,"MF,FW",35,24,23,"1,920",21.3,4,4,8,4,0,0,4,1,0.19,0.19,0.37,0.19,0.37,Matches,Copa CONMEBOL Sudamericana,2025
9229471b,Gu-Rum Choi,pe PER,DF,26,25,22,"1,977",22.0,1,0,1,1,0,0,2,1,0.05,0.00,0.05,0.05,0.05,Matches,Copa CONMEBOL Sudamericana,2025
bd5e38d5,D'Alessandro Montenegro,pe PER,"DF,MF",21,30,22,"1,900",21.1,2,4,6,2,0,0,4,0,0.09,0.19,0.28,0.09,0.28,Matches,Copa CONMEBOL Sudamericana,2025
c9f6b46c,Ángel Pérez,pe PER,"MF,DF",35,25,21,"1,745",19.4,0,0,0,0,0,0,5,1,0.00,0.00,0.00,0.00,0.00,Matches,Copa CONMEBOL Sudamericana,2025
99df54e2,Carlos Grados,pe PER,GK,29,20,20,"1,800",20.0,0,0,0,0,0,0,4,0,0.00,0.00,0.00,0.00,0.00,Matches,Copa CONMEBOL Sudamericana,2025
20027b45,Jhair Soto,pe PER,DF,21,25,19,"1,736",19.3,1,0,1,1,0,0,3,0,0.05,0.00,0.05,0.05,0.05,Matches,Copa CONMEBOL Sudamericana,2025
b6962661,Víctor Cedrón,pe PER,"MF,FW",31,17,17,"1,377",15.3,2,2,4,2,0,1,3,0,0.13,0.13,0.26,0.13,0.26,Matches,Copa CONMEBOL Sudamericana,2025
c82c362a,Jhonny Vidales,pe PER,FW,32,16,16,"1,283",14.3,13,2,15,13,0,0,0,1,0.91,0.14,1.05,0.91,1.05,Matches,Copa CONMEBOL Sudamericana,2025
537c6b97,Mauro Da Luz,uy URU,"FW,MF",30,23,15,"1,405",15.6,6,2,8,6,0,1,3,1,0.38,0.13,0.51,0.38,0.51,Matches,Copa CONMEBOL Sudamericana,2025
96cec05b,Éder Hermoza,pe PER,GK,34,15,15,"1,350",15.0,0,0,0,0,0,0,0,0,0.00,0.00,0.00,0.00,0.00,Matches,Copa CONMEBOL Sudamericana,2025
e426b012,Gustavo Dulanto,pe PER,DF,29,14,14,"1,260",14.0,1,0,1,1,0,0,4,0,0.07,0.00,0.07,0.07,0.07,Matches,Copa CONMEBOL Sudamericana,2025
4303d431,Axel Moyano,pe PER,MF,24,20,10,734,8.2,0,1,1,0,0,0,5,2,0.00,0.12,0.12,0.00,0.12,Matches,Copa CONMEBOL Sudamericana,2025
dfad0f62,Paolo Fuentes,pe PER,DF,28,10,9,725,8.1,0,0,0,0,0,0,1,1,0.00,0.00,0.00,0.00,0.00,Matches,Copa CONMEBOL Sudamericana,2025
a41bec00,Hernán Rengifo,pe PER,FW,41,25,7,821,9.1,3,0,3,3,0,0,2,1,0.33,0.00,0.33,0.33,0.33,Matches,Copa CONMEBOL Sudamericana,2025
a286e68e,Nazareno Bazán,ar ARG,"FW,MF",25,16,6,661,7.3,4,1,5,1,3,3,3,0,0.54,0.14,0.68,0.14,0.27,Matches,Copa CONMEBOL Sudamericana,2025
b03965c3,Oscar Pinto,pe PER,"MF,FW",23,21,6,595,6.6,0,0,0,0,0,0,2,0,0.00,0.00,0.00,0.00,0.00,Matches,Copa CONMEBOL Sudamericana,2025
8ab98f4f,Néstor Adrián Fernández,py PAR,FW,32,8,5,349,3.9,0,0,0,0,0,0,0,0,0.00,0.00,0.00,0.00,0.00,Matches,Copa CONMEBOL Sudamericana,2025
38851eb2,Carlos Ascues,pe PER,"MF,DF",32,8,4,389,4.3,0,1,1,0,0,0,2,0,0.00,0.23,0.23,0.00,0.23,Matches,Copa CONMEBOL Sudamericana,2025
507e3fb8,Arthur Gutiérrez,pe PER,DF,24,8,4,309,3.4,0,0,0,0,0,0,0,0,0.00,0.00,0.00,0.00,0.00,Matches,Copa CONMEBOL Sudamericana,2025
b07e3ee1,Josué Alvino,pe PER,"DF,MF",21,8,3,277,3.1,0,0,0,0,0,0,0,0,0.00,0.00,0.00,0.00,0.00,Matches,Copa CONMEBOL Sudamericana,2025
1f2a2c1e,Gonzalo Mugica,ar ARG,MF,25,1,1,5,0.1,0,0,0,0,0,0,0,0,0.00,0.00,0.00,0.00,0.00,Matches,Copa CONMEBOL Sudamericana,2025
1174df30,Alexander Hidalgo,pe PER,MF,21,4,0,65,0.7,0,0,0,0,0,0,0,0,0.00,0.00,0.00,0.00,0.00,Matches,Copa CONMEBOL Sudamericana,2025
857b5815,Jair Reyes,pe PER,MF,20,3,0,52,0.6,0,0,0,0,0,0,1,1,0.00,0.00,0.00,0.00,0.00,Matches,Copa CONMEBOL Sudamericana,2025
b056a85a,Jhojan Garcilazo,pe PER,FW,20,4,0,50,0.6,0,0,0,0,0,0,0,0,0.00,0.00,0.00,0.00,0.00,Matches,Copa CONMEBOL Sudamericana,2025
65771967,Paulo Rodríguez,pe PER,FW,21,1,0,22,0.2,0,0,0,0,0,0,1,0,0.00,0.00,0.00,0.00,0.00,Matches,Copa CONMEBOL Sudamericana,2025
0745c48c,Edú Azañero,pe PER,GK,24,0,0,,,,,,,,,,,,,,,,Matches,Copa CONMEBOL Sudamericana,2025
ed132cc7,Mateo Carabajal,ar ARG,DF,27,34,34,"3,001",33.3,0,2,2,0,0,0,8,1,0.00,0.06,0.06,0.00,0.06,Matches,Copa CONMEBOL Sudamericana,2025
ea1ab6f4,Guido Villar,ar ARG,GK,26,33,33,"2,956",32.8,0,0,0,0,0,0,2,0,0.00,0.00,0.00,0.00,0.00,Matches,Copa CONMEBOL Sudamericana,2025
0185fa9e,Matías Fernández Cordero,cl CHI,"DF,MF",29,30,28,"2,530",28.1,0,4,4,0,0,0,8,0,0.00,0.14,0.14,0.00,0.14,Matches,Copa CONMEBOL Sudamericana,2025
e653e37a,Richard Schunke,ar ARG,DF,33,30,27,"2,443",27.1,0,0,0,0,0,0,6,1,0.00,0.00,0.00,0.00,0.00,Matches,Copa CONMEBOL Sudamericana,2025
59af87af,Patrik Mercado,ec ECU,MF,21,35,26,"2,175",24.2,4,8,12,4,0,0,3,0,0.17,0.33,0.50,0.17,0.50,Matches,Copa CONMEBOL Sudamericana,2025
578606a7,Claudio Spinelli,ar ARG,FW,27,36,25,"2,280",25.3,20,1,21,19,1,1,6,0,0.79,0.04,0.83,0.75,0.79,Matches,Copa CONMEBOL Sudamericana,2025
8108e985,Gustavo Cortez,ec ECU,DF,27,27,25,"2,079",23.1,0,1,1,0,0,0,1,0,0.00,0.04,0.04,0.00,0.04,Matches,Copa CONMEBOL Sudamericana,2025
6e98c19f,Jordy Alcivar,ec ECU,MF,25,31,23,"2,078",23.1,2,2,4,2,0,0,2,0,0.09,0.09,0.17,0.09,0.17,Matches,Copa CONMEBOL Sudamericana,2025
db0c5324,Jhegson Méndez,ec ECU,MF,27,30,22,"2,023",22.5,0,0,0,0,0,0,5,0,0.00,0.00,0.00,0.00,0.00,Matches,Copa CONMEBOL Sudamericana,2025
f7618fbb,Emerson Pata,ec ECU,MF,20,26,21,"1,562",17.4,2,5,7,2,0,0,2,0,0.12,0.29,0.40,0.12,0.40,Matches,Copa CONMEBOL Sudamericana,2025
76cf9432,Michael Hoyos,ar ARG,FW,33,33,18,"1,485",16.5,10,3,13,7,3,3,2,0,0.61,0.18,0.79,0.42,0.61,Matches,Copa CONMEBOL Sudamericana,2025
ee94efbc,Layan Loor,ec ECU,"DF,MF",23,23,15,"1,463",16.3,0,4,4,0,0,0,2,0,0.00,0.25,0.25,0.00,0.25,Matches,Copa CONMEBOL Sudamericana,2025
754368cb,Juan Cazares,ec ECU,MF,32,23,13,"1,220",13.6,3,4,7,3,0,0,1,0,0.22,0.30,0.52,0.22,0.52,Matches,Copa CONMEBOL Sudamericana,2025
c57cc4aa,Thiago Santamaría,ar ARG,DF,21,18,13,"1,192",13.2,0,1,1,0,0,0,3,0,0.00,0.08,0.08,0.00,0.08,Matches,Copa CONMEBOL Sudamericana,2025
2bbf5f10,Luis Felipe Zárate,py PAR,DF,24,15,13,"1,143",12.7,3,1,4,3,0,0,3,1,0.24,0.08,0.31,0.24,0.31,Matches,Copa CONMEBOL Sudamericana,2025
f2f06df9,Renato Ibarra,ec ECU,MF,34,23,12,998,11.1,1,2,3,1,0,0,1,0,0.09,0.18,0.27,0.09,0.27,Matches,Copa CONMEBOL Sudamericana,2025
fdb68e2a,Junior Sornoza,ec ECU,MF,31,27,11,"1,132",12.6,4,2,6,4,0,0,4,0,0.32,0.16,0.48,0.32,0.48,Matches,Copa CONMEBOL Sudamericana,2025
bb967f0b,Cristian Zabala,ar ARG,MF,26,15,11,874,9.7,1,0,1,1,0,0,3,0,0.10,0.00,0.10,0.10,0.10,Matches,Copa CONMEBOL Sudamericana,2025
ada8ae53,Andy Velasco,ec ECU,DF,28,10,9,781,8.7,0,0,0,0,0,0,5,1,0.00,0.00,0.00,0.00,0.00,Matches,Copa CONMEBOL Sudamericana,2025
93ce404f,Arón Rodríguez,ec ECU,MF,25,20,8,859,9.5,5,3,8,5,0,0,2,0,0.52,0.31,0.84,0.52,0.84,Matches,Copa CONMEBOL Sudamericana,2025
2ca5a720,Jean Arroyo,ec ECU,MF,21,23,8,806,9.0,3,3,6,3,0,0,2,0,0.33,0.33,0.67,0.33,0.67,Matches,Copa CONMEBOL Sudamericana,2025
b7fc1a71,Ronald Briones,ec ECU,MF,24,13,8,756,8.4,2,1,3,2,0,0,2,0,0.24,0.12,0.36,0.24,0.36,Matches,Copa CONMEBOL Sudamericana,2025
3e241193,Justin Lerma,ec ECU,MF,16,9,8,699,7.8,0,0,0,0,0,0,0,0,0.00,0.00,0.00,0.00,0.00,Matches,Copa CONMEBOL Sudamericana,2025
5dc01a84,Darwin Guagua,ec ECU,MF,17,13,7,673,7.5,2,1,3,2,0,0,2,0,0.27,0.13,0.40,0.27,0.40,Matches,Copa CONMEBOL Sudamericana,2025
edf42402,Moisés Ramírez,ec ECU,GK,24,6,6,540,6.0,0,0,0,0,0,0,0,0,0.00,0.00,0.00,0.00,0.00,Matches,Copa CONMEBOL Sudamericana,2025
92a95ba1,Oscar Quiñonez,ec ECU,DF,23,9,5,519,5.8,0,0,0,0,0,0,0,0,0.00,0.00,0.00,0.00,0.00,Matches,Copa CONMEBOL Sudamericana,2025
f94eb3da,Jeison Medina,co COL,FW,29,12,5,497,5.5,3,0,3,3,0,0,3,0,0.54,0.00,0.54,0.54,0.54,Matches,Copa CONMEBOL Sudamericana,2025
1a88918b,Yandri Vásquez,ec ECU,FW,18,9,3,295,3.3,0,0,0,0,0,0,0,0,0.00,0.00,0.00,0.00,0.00,Matches,Copa CONMEBOL Sudamericana,2025
b494ccf5,Romario Ibarra,ec ECU,MF,30,7,2,247,2.7,0,1,1,0,0,0,0,0,0.00,0.36,0.36,0.00,0.36,Matches,Copa CONMEBOL Sudamericana,2025
3e2130a7,Eduardo Bores,ve VEN,GK,22,2,1,104,1.2,0,0,0,0,0,0,1,0,0.00,0.00,0.00,0.00,0.00,Matches,Copa CONMEBOL Sudamericana,2025
7b66d351,Bryan García,ec ECU,MF,24,2,0,56,0.6,0,0,0,0,0,0,1,0,0.00,0.00,0.00,0.00,0.00,Matches,Copa CONMEBOL Sudamericana,2025
44642875,Ariel Angulo,ec ECU,MF,19,0,0,,,,,,,,,,,,,,,,Matches,Copa CONMEBOL Sudamericana,2025
25ecf5f8,Zair Arroyo,ec ECU,MF,16,0,0,,,,,,,,,,,,,,,,Matches,Copa CONMEBOL Sudamericana,2025
8d9057e3,Jeremy Caicedo,ec ECU,GK,20,0,0,,,,,,,,,,,,,,,,Matches,Copa CONMEBOL Sudamericana,2025
5001f455,Christian Garcia,ec ECU,DF,20,0,0,,,,,,,,,,,,,,,,Matches,Copa CONMEBOL Sudamericana,2025
a2ce97ae,Cristhian Loor,ec ECU,GK,18,0,0,,,,,,,,,,,,,,,,Matches,Copa CONMEBOL Sudamericana,2025
e8fae7ca,Luis Quiñonez,ec ECU,MF,20,0,0,,,,,,,,,,,,,,,,Matches,Copa CONMEBOL Sudamericana,2025
fe5f7532,Elkin Ruiz,ec ECU,DF,18,0,0,,,,,,,,,,,,,,,,Matches,Copa CONMEBOL Sudamericana,2025
ae03e436,Santiago Sánchez,ec ECU,FW,18,0,0,,,,,,,,,,,,,,,,Matches,Copa CONMEBOL Sudamericana,2025
15825726,Fábio,br BRA,GK,44,38,38,"3,420",38.0,0,0,0,0,0,0,2,0,0.00,0.00,0.00,0.00,0.00,Matches,Copa CONMEBOL Sudamericana,2025
b9863758,Juan Freytes,ar ARG,DF,25,33,33,"2,924",32.5,0,0,0,0,0,0,8,1,0.00,0.00,0.00,0.00,0.00,Matches,Copa CONMEBOL Sudamericana,2025
2b124c8c,Martinelli,br BRA,MF,23,33,32,"2,721",30.2,3,2,5,3,0,0,6,0,0.10,0.07,0.17,0.10,0.17,Matches,Copa CONMEBOL Sudamericana,2025
d000ffc7,Renê,br BRA,DF,32,28,27,"2,362",26.2,2,0,2,2,0,0,3,0,0.08,0.00,0.08,0.08,0.08,Matches,Copa CONMEBOL Sudamericana,2025
4f5a2f38,Agustín Canobbio,uy URU,MF,26,30,27,"2,108",23.4,4,2,6,3,1,1,6,0,0.17,0.09,0.26,0.13,0.21,Matches,Copa CONMEBOL Sudamericana,2025
0c870df5,Samuel Xavier,br BRA,DF,34,29,26,"2,385",26.5,4,1,5,4,0,0,5,0,0.15,0.04,0.19,0.15,0.19,Matches,Copa CONMEBOL Sudamericana,2025
eadc7b45,Hércules,br BRA,MF,24,34,26,"2,160",24.0,3,1,4,3,0,0,1,0,0.12,0.04,0.17,0.12,0.17,Matches,Copa CONMEBOL Sudamericana,2025
f3cc4a6e,Kevin Serna,co COL,MF,27,33,25,"2,086",23.2,7,5,12,7,0,0,3,0,0.30,0.22,0.52,0.30,0.52,Matches,Copa CONMEBOL Sudamericana,2025
86e7deaf,Thiago Silva,br BRA,DF,40,25,24,"2,157",24.0,2,0,2,2,0,0,1,0,0.08,0.00,0.08,0.08,0.08,Matches,Copa CONMEBOL Sudamericana,2025
9ccf4e14,Germán Cano,ar ARG,FW,36,22,18,"1,498",16.6,6,0,6,5,1,1,1,0,0.36,0.00,0.36,0.30,0.30,Matches,Copa CONMEBOL Sudamericana,2025
0ac3d7d8,Everaldo Stum,br BRA,FW,33,28,15,"1,352",15.0,2,0,2,2,0,1,2,0,0.13,0.00,0.13,0.13,0.13,Matches,Copa CONMEBOL Sudamericana,2025
363ba6d7,Luciano Acosta,ar ARG,MF,30,16,15,"1,199",13.3,3,2,5,3,0,0,5,0,0.23,0.15,0.38,0.23,0.38,Matches,Copa CONMEBOL Sudamericana,2025
2e005e3b,Ignácio,br BRA,DF,28,19,13,"1,147",12.7,0,0,0,0,0,0,2,1,0.00,0.00,0.00,0.00,0.00,Matches,Copa CONMEBOL Sudamericana,2025
d215c7de,Lima,br BRA,MF,28,28,12,"1,094",12.2,2,1,3,2,0,0,3,0,0.16,0.08,0.25,0.16,0.25,Matches,Copa CONMEBOL Sudamericana,2025
86d96066,Jhon Arias,co COL,"MF,FW",27,12,12,"1,079",12.0,1,4,5,0,1,1,1,0,0.08,0.33,0.42,0.00,0.33,Matches,Copa CONMEBOL Sudamericana,2025
ca34fa2e,Facundo Bernal,uy URU,MF,21,22,11,"1,037",11.5,0,0,0,0,0,0,8,0,0.00,0.00,0.00,0.00,0.00,Matches,Copa CONMEBOL Sudamericana,2025
6975a3e1,Guga,br BRA,"DF,MF",26,17,11,992,11.0,1,1,2,1,0,0,1,0,0.09,0.09,0.18,0.09,0.18,Matches,Copa CONMEBOL Sudamericana,2025
b91a6912,Nonato,br BRA,MF,26,20,8,914,10.2,2,1,3,2,0,0,4,0,0.20,0.10,0.30,0.20,0.30,Matches,Copa CONMEBOL Sudamericana,2025
bb23a0e7,Gabriel Fuentes,co COL,DF,27,11,8,825,9.2,0,0,0,0,0,0,2,0,0.00,0.00,0.00,0.00,0.00,Matches,Copa CONMEBOL Sudamericana,2025
23593121,Ganso,br BRA,MF,35,17,7,644,7.2,1,0,1,1,0,0,2,0,0.14,0.00,0.14,0.14,0.14,Matches,Copa CONMEBOL Sudamericana,2025
132880e0,John Kennedy,br BRA,FW,22,17,6,626,7.0,2,1,3,1,1,1,1,0,0.29,0.14,0.43,0.14,0.29,Matches,Copa CONMEBOL Sudamericana,2025
98558c11,Keno,br BRA,MF,35,18,4,509,5.7,1,2,3,1,0,0,1,0,0.18,0.35,0.53,0.18,0.53,Matches,Copa CONMEBOL Sudamericana,2025
12748e35,Manoel,br BRA,DF,34,5,4,345,3.8,0,0,0,0,0,0,0,0,0.00,0.00,0.00,0.00,0.00,Matches,Copa CONMEBOL Sudamericana,2025
bbb6c951,Yeferson Soteldo,ve VEN,MF,27,17,3,496,5.5,2,2,4,2,0,0,0,0,0.36,0.36,0.73,0.36,0.73,Matches,Copa CONMEBOL Sudamericana,2025
5408d2b2,Thiago dos Santos,br BRA,"MF,DF",35,10,3,287,3.2,0,0,0,0,0,0,2,0,0.00,0.00,0.00,0.00,0.00,Matches,Copa CONMEBOL Sudamericana,2025
243f4a0b,Otávio,br BRA,MF,30,6,2,217,2.4,0,0,0,0,0,0,0,0,0.00,0.00,0.00,0.00,0.00,Matches,Copa CONMEBOL Sudamericana,2025
394256c4,Davi Schuindt,br BRA,DF,20,2,2,180,2.0,0,0,0,0,0,0,0,0,0.00,0.00,0.00,0.00,0.00,Matches,Copa CONMEBOL Sudamericana,2025
94325798,Julio Cesar,br BRA,DF,18,3,2,176,2.0,0,1,1,0,0,0,0,0,0.00,0.51,0.51,0.00,0.51,Matches,Copa CONMEBOL Sudamericana,2025
3261d0e4,Santiago Moreno,co COL,MF,24,5,2,154,1.7,0,0,0,0,0,0,2,0,0.00,0.00,0.00,0.00,0.00,Matches,Copa CONMEBOL Sudamericana,2025
48048864,Igor Rabello,br BRA,DF,29,4,2,144,1.6,0,0,0,0,0,0,2,1,0.00,0.00,0.00,0.00,0.00,Matches,Copa CONMEBOL Sudamericana,2025
ce31d798,Riquelme,br BRA,MF,17,6,0,99,1.1,0,0,0,0,0,0,1,0,0.00,0.00,0.00,0.00,0.00,Matches,Copa CONMEBOL Sudamericana,2025
c67a5e1d,Joaquín Lavega,uy URU,FW,19,2,0,67,0.7,0,0,0,0,0,0,0,0,0.00,0.00,0.00,0.00,0.00,Matches,Copa CONMEBOL Sudamericana,2025
d5351e90,Rubén Lezcano,py PAR,MF,20,4,0,57,0.6,0,0,0,0,0,0,0,0,0.00,0.00,0.00,0.00,0.00,Matches,Copa CONMEBOL Sudamericana,2025
879d5577,Paulo Baya,br BRA,MF,25,4,0,38,0.4,1,1,2,1,0,0,0,0,2.37,2.37,4.74,2.37,4.74,Matches,Copa CONMEBOL Sudamericana,2025
7d20cf39,Isaque,br BRA,MF,17,1,0,22,0.2,0,0,0,0,0,0,0,0,0.00,0.00,0.00,0.00,0.00,Matches,Copa CONMEBOL Sudamericana,2025
83a6367a,Renato Augusto,br BRA,MF,36,2,0,20,0.2,0,0,0,0,0,0,0,0,0.00,0.00,0.00,0.00,0.00,Matches,Copa CONMEBOL Sudamericana,2025
b3cafda8,Marcelo Pitaluga,br BRA,GK,22,0,0,,0.0,0,0,0,0,0,0,1,0,,,,,,Matches,Copa CONMEBOL Sudamericana,2025
b7a95ab2,Vitor Eudes,br BRA,GK,26,0,0,,,,,,,,,,,,,,,,Matches,Copa CONMEBOL Sudamericana,2025
f19ac307,Léo Jance,br BRA,DF,19,0,0,,,,,,,,,,,,,,,,Matches,Copa CONMEBOL Sudamericana,2025
8c76d939,João Loiola,br BRA,DF,19,0,0,,,,,,,,,,,,,,,,Matches,Copa CONMEBOL Sudamericana,2025
7a64a82b,Vagno,br BRA,MF,17,0,0,,,,,,,,,,,,,,,,Matches,Copa CONMEBOL Sudamericana,2025
0249917e,Wallace,br BRA,DF,17,0,0,,,,,,,,,,,,,,,,Matches,Copa CONMEBOL Sudamericana,2025
c1d24e84,Stalin Segura,ec ECU,DF,25,38,38,"3,303",36.7,2,0,2,2,0,0,9,1,0.05,0.00,0.05,0.05,0.05,Matches,Copa CONMEBOL Sudamericana,2025
a3a2d176,Jonnathan Mina,ec ECU,"DF,MF",29,39,37,"3,279",36.4,1,12,13,1,0,0,4,0,0.03,0.33,0.36,0.03,0.36,Matches,Copa CONMEBOL Sudamericana,2025
0bbfa2e1,Renni Xaramilo,ec ECU,MF,26,39,37,"3,223",35.8,1,1,2,1,0,0,11,0,0.03,0.03,0.06,0.03,0.06,Matches,Copa CONMEBOL Sudamericana,2025
c3bb78dc,Hamilton Piedra,ec ECU,GK,31,34,34,"3,059",34.0,0,0,0,0,0,0,1,1,0.00,0.00,0.00,0.00,0.00,Matches,Copa CONMEBOL Sudamericana,2025
7e8eb95e,John Ontaneda,ec ECU,DF,28,36,33,"2,984",33.2,4,1,5,4,0,0,12,0,0.12,0.03,0.15,0.12,0.15,Matches,Copa CONMEBOL Sudamericana,2025
c2c3d4c5,Ulises Ciccioli,ar ARG,"DF,MF",21,36,33,"2,806",31.2,2,3,5,2,0,0,8,1,0.06,0.10,0.16,0.06,0.16,Matches,Copa CONMEBOL Sudamericana,2025
0df485bd,Angelo Mina,ec ECU,"MF,FW",25,36,28,"2,440",27.1,2,1,3,2,0,0,4,0,0.07,0.04,0.11,0.07,0.11,Matches,Copa CONMEBOL Sudamericana,2025
a1b1bc28,Brian Montenegro,py PAR,FW,31,34,28,"2,388",26.5,12,4,16,12,0,1,0,0,0.45,0.15,0.60,0.45,0.60,Matches,Copa CONMEBOL Sudamericana,2025
43b37a34,Luis Cano,ec ECU,"MF,FW",25,29,24,"1,991",22.1,8,6,14,8,0,0,3,1,0.36,0.27,0.63,0.36,0.63,Matches,Copa CONMEBOL Sudamericana,2025
6ec9a4db,Carlos Rolón,py PAR,DF,32,30,22,"1,996",22.2,1,1,2,1,0,0,5,1,0.05,0.05,0.09,0.05,0.09,Matches,Copa CONMEBOL Sudamericana,2025
0f02fceb,Michael Carcelen,ec ECU,"FW,MF",27,23,17,"1,503",16.7,8,6,14,8,0,1,6,1,0.48,0.36,0.84,0.48,0.84,Matches,Copa CONMEBOL Sudamericana,2025
deafbd46,Daniel Patiño,ec ECU,"DF,MF",31,22,16,"1,308",14.5,0,0,0,0,0,0,2,0,0.00,0.00,0.00,0.00,0.00,Matches,Copa CONMEBOL Sudamericana,2025
0f2ff991,Agostino Spina,ar ARG,MF,23,19,15,"1,223",13.6,0,3,3,0,0,0,7,1,0.00,0.22,0.22,0.00,0.22,Matches,Copa CONMEBOL Sudamericana,2025
4133bfbf,Bruno Miranda,bo BOL,FW,26,21,13,"1,245",13.8,8,2,10,8,0,0,1,0,0.58,0.14,0.72,0.58,0.72,Matches,Copa CONMEBOL Sudamericana,2025
0138a10e,Jorge Almagro,ec ECU,MF,23,26,13,"1,137",12.6,2,3,5,2,0,0,2,0,0.16,0.24,0.40,0.16,0.40,Matches,Copa CONMEBOL Sudamericana,2025
b7fc1a71,Ronald Briones,ec ECU,MF,24,13,11,889,9.9,2,1,3,2,0,0,3,0,0.20,0.10,0.30,0.20,0.30,Matches,Copa CONMEBOL Sudamericana,2025
35fd6633,José Juan Vázquez,mx MEX,MF,36,14,8,674,7.5,0,0,0,0,0,0,0,0,0.00,0.00,0.00,0.00,0.00,Matches,Copa CONMEBOL Sudamericana,2025
a79cb011,Cristhoper Zambrano,ec ECU,"MF,FW",20,22,7,786,8.7,2,4,6,2,0,0,0,0,0.23,0.46,0.69,0.23,0.69,Matches,Copa CONMEBOL Sudamericana,2025
c1a52f98,Édson Reséndez,mx MEX,GK,29,6,6,539,6.0,0,0,0,0,0,0,0,0,0.00,0.00,0.00,0.00,0.00,Matches,Copa CONMEBOL Sudamericana,2025
1fb22224,Snayder Porozo,ec ECU,"FW,MF",17,16,4,452,5.0,1,0,1,1,0,0,1,0,0.20,0.00,0.20,0.20,0.20,Matches,Copa CONMEBOL Sudamericana,2025
26fdba1d,Ederson Quiñónez,ec ECU,MF,21,12,4,416,4.6,1,0,1,1,0,0,3,0,0.22,0.00,0.22,0.22,0.22,Matches,Copa CONMEBOL Sudamericana,2025
0486c2a1,Virgilio Olaya,ec ECU,DF,16,5,4,264,2.9,0,0,0,0,0,0,0,0,0.00,0.00,0.00,0.00,0.00,Matches,Copa CONMEBOL Sudamericana,2025
b4344765,Elian Pepinos,ec ECU,"MF,DF",23,13,3,448,5.0,0,0,0,0,0,0,3,0,0.00,0.00,0.00,0.00,0.00,Matches,Copa CONMEBOL Sudamericana,2025
81084052,Daniel Porozo,ec ECU,FW,27,5,1,170,1.9,0,0,0,0,0,0,0,0,0.00,0.00,0.00,0.00,0.00,Matches,Copa CONMEBOL Sudamericana,2025
ccf6b10e,Thiago Serpa,br BRA,MF,25,9,1,161,1.8,0,0,0,0,0,0,0,0,0.00,0.00,0.00,0.00,0.00,Matches,Copa CONMEBOL Sudamericana,2025
0838d5dd,Jonny Uchuari,ec ECU,MF,31,8,1,153,1.7,0,0,0,0,0,0,0,0,0.00,0.00,0.00,0.00,0.00,Matches,Copa CONMEBOL Sudamericana,2025
2782b079,Fernando Illescas,mx MEX,MF,25,4,1,77,0.9,0,0,0,0,0,0,0,0,0.00,0.00,0.00,0.00,0.00,Matches,Copa CONMEBOL Sudamericana,2025
b89a7707,Byron Carabalí,ec ECU,DF,21,1,1,45,0.5,0,0,0,0,0,0,0,0,0.00,0.00,0.00,0.00,0.00,Matches,Copa CONMEBOL Sudamericana,2025
76d384a9,Edison Gruezo,ec ECU,,17,13,0,367,4.1,2,1,3,2,0,0,2,0,0.49,0.25,0.74,0.49,0.74,Matches,Copa CONMEBOL Sudamericana,2025
17390286,Mario Sanabria,ar ARG,FW,22,6,0,98,1.1,0,0,0,0,0,0,0,0,0.00,0.00,0.00,0.00,0.00,Matches,Copa CONMEBOL Sudamericana,2025
fe2175a3,Maverick Vera,,MF,,2,0,62,0.7,0,0,0,0,0,0,0,0,0.00,0.00,0.00,0.00,0.00,Matches,Copa CONMEBOL Sudamericana,2025
5c63fee7,Adonys Quiñonez,,,,1,0,32,0.4,0,0,0,0,0,0,0,0,0.00,0.00,0.00,0.00,0.00,Matches,Copa CONMEBOL Sudamericana,2025
9b94991b,Nicolas Velasco,ec ECU,,15,1,0,4,0.0,0,0,0,0,0,0,0,0,0.00,0.00,0.00,0.00,0.00,Matches,Copa CONMEBOL Sudamericana,2025
db6755a7,Jefferson Cabezas,ec ECU,GK,20,1,0,1,0.0,0,0,0,0,0,0,0,0,0.00,0.00,0.00,0.00,0.00,Matches,Copa CONMEBOL Sudamericana,2025
aee0f861,Joshua Canales,hn HON,MF,24,1,0,1,0.0,0,0,0,0,0,0,0,0,0.00,0.00,0.00,0.00,0.00,Matches,Copa CONMEBOL Sudamericana,2025
156000fe,Dario Torres,,,,1,0,1,0.0,0,0,0,0,0,0,0,1,0.00,0.00,0.00,0.00,0.00,Matches,Copa CONMEBOL Sudamericana,2025
d864a2bd,Manuel Anchundia,ec ECU,,17,0,0,,,,,,,,,,,,,,,,Matches,Copa CONMEBOL Sudamericana,2025
7d177b62,Edu Arboleda,ec ECU,MF,18,0,0,,,,,,,,,,,,,,,,Matches,Copa CONMEBOL Sudamericana,2025
7faa45a7,Rafael Bautista,,,,0,0,,,,,,,,,,,,,,,,Matches,Copa CONMEBOL Sudamericana,2025
f120b483,Jeremy Caicedo,ec ECU,FW,18,0,0,,,,,,,,,,,,,,,,Matches,Copa CONMEBOL Sudamericana,2025
afab43ac,Jose Caicedo,ec ECU,,17,0,0,,,,,,,,,,,,,,,,Matches,Copa CONMEBOL Sudamericana,2025
a1cfdcba,Jeydon Chala,,,,0,0,,,,,,,,,,,,,,,,Matches,Copa CONMEBOL Sudamericana,2025
66924054,Giovanny Espinoza,,,,0,0,,,,,,,,,,,,,,,,Matches,Copa CONMEBOL Sudamericana,2025
580018bc,Erick Klinger,ec ECU,DF,17,0,0,,,,,,,,,,,,,,,,Matches,Copa CONMEBOL Sudamericana,2025
125c3889,Sleider Mancilla,ec ECU,DF,17,0,0,,,,,,,,,,,,,,,,Matches,Copa CONMEBOL Sudamericana,2025
370d5aae,Jonathan Mina,ec ECU,MF,18,0,0,,,,,,,,,,,,,,,,Matches,Copa CONMEBOL Sudamericana,2025
75d5fe81,Alex Zova,ec ECU,DF,18,0,0,,,,,,,,,,,,,,,,Matches,Copa CONMEBOL Sudamericana,2025
ca6050cb,Alan Aguerre,ar ARG,GK,34,30,30,"2,700",30.0,0,0,0,0,0,0,2,0,0.00,0.00,0.00,0.00,0.00,Matches,Copa CONMEBOL Sudamericana,2025
45cfa4ba,Leonardo Heredia,ar ARG,"FW,MF",29,30,28,"2,172",24.1,6,2,8,5,1,2,0,0,0.25,0.08,0.33,0.21,0.29,Matches,Copa CONMEBOL Sudamericana,2025
c5510535,Jose Florentín,py PAR,MF,28,29,26,"2,292",25.5,4,1,5,4,0,0,2,0,0.16,0.04,0.20,0.16,0.20,Matches,Copa CONMEBOL Sudamericana,2025
f865dc98,Jonathan Galván,ar ARG,"DF,MF",32,26,26,"2,206",24.5,1,2,3,1,0,0,6,2,0.04,0.08,0.12,0.04,0.12,Matches,Copa CONMEBOL Sudamericana,2025
192c89a6,Braian Cufré,ar ARG,DF,28,25,22,"1,910",21.2,0,1,1,0,0,0,0,0,0.00,0.05,0.05,0.00,0.05,Matches,Copa CONMEBOL Sudamericana,2025
422ca36a,Lucas Abascia,ar ARG,DF,29,22,19,"1,727",19.2,1,1,2,1,0,0,6,0,0.05,0.05,0.10,0.05,0.10,Matches,Copa CONMEBOL Sudamericana,2025
e5a62424,Gastón Verón,ar ARG,"FW,MF",23,27,18,"1,511",16.8,7,3,10,5,2,2,4,0,0.42,0.18,0.60,0.30,0.48,Matches,Copa CONMEBOL Sudamericana,2025
426ec996,Iván Gómez,ar ARG,MF,27,21,18,"1,481",16.5,2,3,5,2,0,0,2,0,0.12,0.18,0.30,0.12,0.30,Matches,Copa CONMEBOL Sudamericana,2025
540d11f2,Santiago Moyano,ar ARG,DF,27,19,15,"1,407",15.6,0,1,1,0,0,0,4,0,0.00,0.06,0.06,0.00,0.06,Matches,Copa CONMEBOL Sudamericana,2025
c1e3b5e9,Lautaro Rivero,ar ARG,DF,21,14,14,"1,260",14.0,2,1,3,2,0,0,1,0,0.14,0.07,0.21,0.14,0.21,Matches,Copa CONMEBOL Sudamericana,2025
87cfb885,Matías Perelló,ar ARG,"MF,FW",23,26,14,"1,258",14.0,5,3,8,5,0,0,3,0,0.36,0.21,0.57,0.36,0.57,Matches,Copa CONMEBOL Sudamericana,2025
88ad94f7,Luis Angulo,co COL,"MF,FW",20,16,13,989,11.0,1,4,5,1,0,0,4,0,0.09,0.36,0.46,0.09,0.46,Matches,Copa CONMEBOL Sudamericana,2025
fe529f25,Matías Vera,ar ARG,MF,29,14,10,974,10.8,0,0,0,0,0,0,3,0,0.00,0.00,0.00,0.00,0.00,Matches,Copa CONMEBOL Sudamericana,2025
feda6a9c,Fernando Martínez,ar ARG,"MF,DF",24,13,10,887,9.9,1,0,1,1,0,0,1,0,0.10,0.00,0.10,0.10,0.10,Matches,Copa CONMEBOL Sudamericana,2025
aa07f770,Iván Pillud,ar ARG,"DF,MF",38,11,9,700,7.8,0,1,1,0,0,0,0,0,0.00,0.13,0.13,0.00,0.13,Matches,Copa CONMEBOL Sudamericana,2025
37236393,Yuri Casermeiro,ar ARG,DF,22,12,8,756,8.4,0,0,0,0,0,0,1,0,0.00,0.00,0.00,0.00,0.00,Matches,Copa CONMEBOL Sudamericana,2025
d8dcc840,Lucas Besozzi,ar ARG,MF,22,13,7,614,6.8,2,1,3,2,0,0,2,0,0.29,0.15,0.44,0.29,0.44,Matches,Copa CONMEBOL Sudamericana,2025
0085841a,Matías Godoy,ar ARG,"MF,FW",23,7,7,388,4.3,0,0,0,0,0,0,2,0,0.00,0.00,0.00,0.00,0.00,Matches,Copa CONMEBOL Sudamericana,2025
f66eb198,Dylan Glaby,ar ARG,"MF,DF",28,12,6,601,6.7,0,0,0,0,0,0,0,0,0.00,0.00,0.00,0.00,0.00,Matches,Copa CONMEBOL Sudamericana,2025
488f3ee3,Facundo Mansilla,ar ARG,DF,25,7,6,585,6.5,0,0,0,0,0,0,1,0,0.00,0.00,0.00,0.00,0.00,Matches,Copa CONMEBOL Sudamericana,2025
aa1f30ec,Leonardo Marchi,ar ARG,"MF,DF",28,7,6,506,5.6,0,1,1,0,0,0,2,0,0.00,0.18,0.18,0.00,0.18,Matches,Copa CONMEBOL Sudamericana,2025
2aebc81b,Fernando Juárez,ar ARG,MF,26,10,5,492,5.5,0,0,0,0,0,0,1,0,0.00,0.00,0.00,0.00,0.00,Matches,Copa CONMEBOL Sudamericana,2025
c3fb942c,Juan Pignani,ar ARG,DF,23,6,5,479,5.3,0,0,0,0,0,0,2,1,0.00,0.00,0.00,0.00,0.00,Matches,Copa CONMEBOL Sudamericana,2025
9be7ace2,Nicolás Quagliata,uy URU,"MF,FW",25,10,4,435,4.8,0,1,1,0,0,0,0,0,0.00,0.21,0.21,0.00,0.21,Matches,Copa CONMEBOL Sudamericana,2025
ee525b1c,Gonzalo Trindade,ar ARG,"MF,DF",20,5,4,345,3.8,0,0,0,0,0,0,1,0,0.00,0.00,0.00,0.00,0.00,Matches,Copa CONMEBOL Sudamericana,2025
3ad28381,Diego Barrera,ar ARG,"MF,FW",20,24,3,717,8.0,3,0,3,3,0,0,0,0,0.38,0.00,0.38,0.38,0.38,Matches,Copa CONMEBOL Sudamericana,2025
8b03eaf6,Favio Cabral,ar ARG,FW,23,17,3,447,5.0,1,0,1,1,0,0,2,0,0.20,0.00,0.20,0.20,0.20,Matches,Copa CONMEBOL Sudamericana,2025
3c05c659,Sebastián Cristóforo,uy URU,MF,31,15,3,390,4.3,0,0,0,0,0,0,1,0,0.00,0.00,0.00,0.00,0.00,Matches,Copa CONMEBOL Sudamericana,2025
29d08c06,Nazareno Funez,ar ARG,FW,23,12,3,346,3.8,0,2,2,0,0,0,2,0,0.00,0.52,0.52,0.00,0.52,Matches,Copa CONMEBOL Sudamericana,2025
4aeb00f4,David Zalazar,ar ARG,"MF,FW",22,10,3,297,3.3,0,0,0,0,0,0,0,0,0.00,0.00,0.00,0.00,0.00,Matches,Copa CONMEBOL Sudamericana,2025
4a0383c0,Franco Alfonso,ar ARG,MF,22,9,2,313,3.5,0,0,0,0,0,0,2,0,0.00,0.00,0.00,0.00,0.00,Matches,Copa CONMEBOL Sudamericana,2025
994f9a18,Juan Zozaya,ar ARG,GK,23,2,2,180,2.0,0,0,0,0,0,0,0,0,0.00,0.00,0.00,0.00,0.00,Matches,Copa CONMEBOL Sudamericana,2025
48b7f4fc,Lucas Varaldo,ar ARG,FW,22,2,2,112,1.2,0,0,0,0,0,0,0,0,0.00,0.00,0.00,0.00,0.00,Matches,Copa CONMEBOL Sudamericana,2025
e63b0283,Cristian Vega,ar ARG,MF,31,2,1,121,1.3,0,0,0,0,0,0,0,0,0.00,0.00,0.00,0.00,0.00,Matches,Copa CONMEBOL Sudamericana,2025
cc5273ac,Lautaro Bursich,ar ARG,GK,22,0,0,,,,,,,,,,,,,,,,Matches,Copa CONMEBOL Sudamericana,2025
3f359b3d,Manuel Palavecino,ar ARG,MF,22,0,0,,,,,,,,,,,,,,,,Matches,Copa CONMEBOL Sudamericana,2025
9b0b1108,Galván Vittar,ar ARG,DF,20,0,0,,,,,,,,,,,,,,,,Matches,Copa CONMEBOL Sudamericana,2025
9b0e3c8e,Dennis Quintero,ec ECU,DF,27,33,32,"2,744",30.5,1,0,1,1,0,0,4,0,0.03,0.00,0.03,0.03,0.03,Matches,Copa CONMEBOL Sudamericana,2025
64d36568,Cristian Penilla,ec ECU,"MF,FW",33,34,31,"2,448",27.2,7,4,11,7,0,0,5,0,0.26,0.15,0.40,0.26,0.40,Matches,Copa CONMEBOL Sudamericana,2025
741654f7,Bryan Bentaberry,uy URU,DF,28,29,29,"2,370",26.3,0,0,0,0,0,0,9,3,0.00,0.00,0.00,0.00,0.00,Matches,Copa CONMEBOL Sudamericana,2025
3b749b90,Rodrigo Formento,uy URU,GK,25,28,28,"2,520",28.0,0,1,1,0,0,0,2,0,0.00,0.04,0.04,0.00,0.04,Matches,Copa CONMEBOL Sudamericana,2025
372db116,Kevin Peralta,ec ECU,"DF,MF",27,29,25,"2,022",22.5,1,1,2,1,0,0,7,0,0.04,0.04,0.09,0.04,0.09,Matches,Copa CONMEBOL Sudamericana,2025
022c5161,Esteban Dávila,ec ECU,MF,28,28,24,"2,122",23.6,0,1,1,0,0,0,6,1,0.00,0.04,0.04,0.00,0.04,Matches,Copa CONMEBOL Sudamericana,2025
18cad0fa,Stiven Tapiero,co COL,MF,33,30,22,"2,219",24.7,2,0,2,2,0,0,6,0,0.08,0.00,0.08,0.08,0.08,Matches,Copa CONMEBOL Sudamericana,2025
4ef76234,Glendys Mina,ec ECU,"DF,MF",28,32,22,"2,132",23.7,0,1,1,0,0,0,5,0,0.00,0.04,0.04,0.00,0.04,Matches,Copa CONMEBOL Sudamericana,2025
c86826b0,Luis Arce,ec ECU,MF,31,26,19,"1,739",19.3,2,2,4,2,0,0,3,0,0.10,0.10,0.21,0.10,0.21,Matches,Copa CONMEBOL Sudamericana,2025
a91490b9,Carlos Alfredo Orejuela Quiñónez,ec ECU,MF,31,24,18,"1,517",16.9,4,1,5,3,1,1,5,1,0.24,0.06,0.30,0.18,0.24,Matches,Copa CONMEBOL Sudamericana,2025
d24f6e62,Ángel Gracia,ec ECU,"MF,DF",35,25,18,"1,447",16.1,4,5,9,3,1,2,4,1,0.25,0.31,0.56,0.19,0.50,Matches,Copa CONMEBOL Sudamericana,2025
413663e3,Jonathan David dos Santos Duré,uy URU,FW,32,17,15,"1,228",13.6,5,0,5,3,2,2,1,1,0.37,0.00,0.37,0.22,0.22,Matches,Copa CONMEBOL Sudamericana,2025
187915ec,Walter Chala,ec ECU,DF,24,17,12,"1,101",12.2,0,0,0,0,0,0,7,0,0.00,0.00,0.00,0.00,0.00,Matches,Copa CONMEBOL Sudamericana,2025
d1b0016a,Luis Haquín,bo BOL,DF,27,12,11,990,11.0,2,0,2,1,1,1,2,1,0.18,0.00,0.18,0.09,0.09,Matches,Copa CONMEBOL Sudamericana,2025
4133bfbf,Bruno Miranda,bo BOL,FW,26,14,10,813,9.0,4,1,5,4,0,0,2,0,0.44,0.11,0.55,0.44,0.55,Matches,Copa CONMEBOL Sudamericana,2025
e4c40db1,Robert Burbano,ec ECU,MF,29,17,9,901,10.0,2,0,2,1,1,1,0,0,0.20,0.00,0.20,0.10,0.10,Matches,Copa CONMEBOL Sudamericana,2025
453f51e1,Elián Caicedo,ec ECU,"FW,MF",19,18,8,959,10.7,3,4,7,3,0,0,0,0,0.28,0.38,0.66,0.28,0.66,Matches,Copa CONMEBOL Sudamericana,2025
401256cf,Renny Simisterra,ec ECU,"FW,MF",27,19,8,773,8.6,0,1,1,0,0,0,1,0,0.00,0.12,0.12,0.00,0.12,Matches,Copa CONMEBOL Sudamericana,2025
ade9ef1d,Wilman Pabón,ec ECU,GK,29,8,8,720,8.0,0,0,0,0,0,0,0,0,0.00,0.00,0.00,0.00,0.00,Matches,Copa CONMEBOL Sudamericana,2025
b525a112,Joaquín Vergés,uy URU,"MF,FW",32,15,6,634,7.0,2,2,4,2,0,1,3,0,0.28,0.28,0.57,0.28,0.57,Matches,Copa CONMEBOL Sudamericana,2025
62842524,Mauricio Alonso,uy URU,MF,30,15,5,638,7.1,1,1,2,1,0,0,0,0,0.14,0.14,0.28,0.14,0.28,Matches,Copa CONMEBOL Sudamericana,2025
32356724,José Quiñones,co COL,DF,22,10,5,557,6.2,0,0,0,0,0,0,2,1,0.00,0.00,0.00,0.00,0.00,Matches,Copa CONMEBOL Sudamericana,2025
5fda9867,Jerry Parrales,ec ECU,DF,27,7,4,471,5.2,0,0,0,0,0,0,1,0,0.00,0.00,0.00,0.00,0.00,Matches,Copa CONMEBOL Sudamericana,2025
b7aa972c,Bagner Delgado,ec ECU,MF,29,18,4,416,4.6,1,0,1,1,0,0,0,0,0.22,0.00,0.22,0.22,0.22,Matches,Copa CONMEBOL Sudamericana,2025
745f30d6,Jairón Charcopa,ec ECU,FW,21,9,4,312,3.5,0,1,1,0,0,0,0,0,0.00,0.29,0.29,0.00,0.29,Matches,Copa CONMEBOL Sudamericana,2025
7033b4ea,Arnaldo Zambrano,ec ECU,MF,23,8,4,297,3.3,0,0,0,0,0,0,0,1,0.00,0.00,0.00,0.00,0.00,Matches,Copa CONMEBOL Sudamericana,2025
a6aaba93,Matías Rigoleto,uy URU,"FW,MF",29,7,4,294,3.3,0,0,0,0,0,0,1,0,0.00,0.00,0.00,0.00,0.00,Matches,Copa CONMEBOL Sudamericana,2025
655951bd,Ramiro Cristóbal,uy URU,MF,28,4,4,270,3.0,0,0,0,0,0,0,0,0,0.00,0.00,0.00,0.00,0.00,Matches,Copa CONMEBOL Sudamericana,2025
2ff0999f,Marcos Olmedo,ec ECU,MF,25,4,3,215,2.4,0,0,0,0,0,0,0,0,0.00,0.00,0.00,0.00,0.00,Matches,Copa CONMEBOL Sudamericana,2025
37fdc62b,Brayan Angulo,ec ECU,FW,29,5,2,213,2.4,1,0,1,1,0,0,1,0,0.42,0.00,0.42,0.42,0.42,Matches,Copa CONMEBOL Sudamericana,2025
0d78ec9f,Steve Castro,ec ECU,DF,25,5,1,125,1.4,0,0,0,0,0,0,0,0,0.00,0.00,0.00,0.00,0.00,Matches,Copa CONMEBOL Sudamericana,2025
37e0fb11,Pedro Perlaza,ec ECU,MF,33,1,1,45,0.5,0,0,0,0,0,0,0,0,0.00,0.00,0.00,0.00,0.00,Matches,Copa CONMEBOL Sudamericana,2025
e8cb9946,Jefferson Arce,ec ECU,MF,24,7,0,91,1.0,0,0,0,0,0,0,1,0,0.00,0.00,0.00,0.00,0.00,Matches,Copa CONMEBOL Sudamericana,2025
283cab4c,Jeremy Cusme,ec ECU,DF,21,2,0,23,0.3,0,0,0,0,0,0,0,0,0.00,0.00,0.00,0.00,0.00,Matches,Copa CONMEBOL Sudamericana,2025
72ed80a3,José Collaguazo,ec ECU,GK,18,0,0,,,,,,,,,,,,,,,,Matches,Copa CONMEBOL Sudamericana,2025
3a75e94f,Jhon Shulqui,,,,0,0,,,,,,,,,,,,,,,,Matches,Copa CONMEBOL Sudamericana,2025
b7fabb26,Christian Tapia,ec ECU,GK,23,0,0,,,,,,,,,,,,,,,,Matches,Copa CONMEBOL Sudamericana,2025
be8a645b,Jean Pestaña,co COL,DF,27,43,42,"3,746",41.6,3,0,3,3,0,0,12,0,0.07,0.00,0.07,0.07,0.07,Matches,Copa CONMEBOL Sudamericana,2025
5c653950,Rafael Carrascal,co COL,MF,32,42,39,"3,551",39.5,3,2,5,1,2,3,12,1,0.08,0.05,0.13,0.03,0.08,Matches,Copa CONMEBOL Sudamericana,2025
4b3208f0,Jorge Iván Soto,co COL,GK,31,37,37,"3,330",37.0,0,1,1,0,0,0,5,0,0.00,0.03,0.03,0.00,0.03,Matches,Copa CONMEBOL Sudamericana,2025
69b57d35,Cristian Barrios,co COL,"MF,FW",26,38,32,"2,804",31.2,5,8,13,5,0,0,2,1,0.16,0.26,0.42,0.16,0.42,Matches,Copa CONMEBOL Sudamericana,2025
4e2c6749,Sebastián Navarro,co COL,MF,24,40,29,"2,401",26.7,1,2,3,1,0,0,5,1,0.04,0.07,0.11,0.04,0.11,Matches,Copa CONMEBOL Sudamericana,2025
40c4ad77,Mateo Castillo,co COL,DF,21,30,25,"2,244",24.9,0,2,2,0,0,0,5,1,0.00,0.08,0.08,0.00,0.08,Matches,Copa CONMEBOL Sudamericana,2025
fe460951,David Mina,co COL,DF,25,29,24,"2,171",24.1,0,5,5,0,0,0,9,0,0.00,0.21,0.21,0.00,0.21,Matches,Copa CONMEBOL Sudamericana,2025
60df0676,Jan Lucumí González,co COL,"FW,MF",20,41,24,"2,077",23.1,2,5,7,2,0,0,7,1,0.09,0.22,0.30,0.09,0.30,Matches,Copa CONMEBOL Sudamericana,2025
ce1c0b3e,Omar Andres Bertel,co COL,DF,28,26,23,"1,972",21.9,0,2,2,0,0,0,2,0,0.00,0.09,0.09,0.00,0.09,Matches,Copa CONMEBOL Sudamericana,2025
7db45978,Luis Ramos,pe PER,FW,25,35,23,"1,921",21.3,10,3,13,10,0,0,5,0,0.47,0.14,0.61,0.47,0.61,Matches,Copa CONMEBOL Sudamericana,2025
5768f04a,Josen Escobar,co COL,MF,20,22,20,"1,762",19.6,2,0,2,2,0,0,9,0,0.10,0.00,0.10,0.10,0.10,Matches,Copa CONMEBOL Sudamericana,2025
b25e597e,Rodrigo Holgado,my MAS,FW,29,28,20,"1,637",18.2,7,2,9,7,0,0,3,0,0.38,0.11,0.49,0.38,0.49,Matches,Copa CONMEBOL Sudamericana,2025
7faaf973,Duván Vergara,co COL,"MF,FW",28,22,18,"1,696",18.8,7,2,9,5,2,2,3,0,0.37,0.11,0.48,0.27,0.37,Matches,Copa CONMEBOL Sudamericana,2025
9cacb8e1,Andrés Mosquera Guardia,co COL,DF,34,23,18,"1,612",17.9,0,0,0,0,0,0,4,0,0.00,0.00,0.00,0.00,0.00,Matches,Copa CONMEBOL Sudamericana,2025
6e15c550,Brayan Medina,co COL,DF,22,17,17,"1,503",16.7,0,1,1,0,0,0,7,0,0.00,0.06,0.06,0.00,0.06,Matches,Copa CONMEBOL Sudamericana,2025
1d3ba8a5,Cristian Tovar,co COL,DF,26,22,16,"1,482",16.5,1,0,1,1,0,0,3,1,0.06,0.00,0.06,0.06,0.06,Matches,Copa CONMEBOL Sudamericana,2025
ea35ffb9,Yerson Candelo,co COL,DF,32,20,15,"1,368",15.2,0,1,1,0,0,0,3,0,0.00,0.07,0.07,0.00,0.07,Matches,Copa CONMEBOL Sudamericana,2025
0422ea9f,Daniel Bocanegra,co COL,DF,37,16,14,"1,287",14.3,0,0,0,0,0,0,2,0,0.00,0.00,0.00,0.00,0.00,Matches,Copa CONMEBOL Sudamericana,2025
6d8e10c7,José Cavadía,co COL,MF,18,24,14,"1,197",13.3,1,2,3,1,0,0,7,2,0.08,0.15,0.23,0.08,0.23,Matches,Copa CONMEBOL Sudamericana,2025
b0818269,Esneyder Mena,co COL,"DF,MF",27,14,12,"1,084",12.0,1,2,3,1,0,0,1,0,0.08,0.17,0.25,0.08,0.25,Matches,Copa CONMEBOL Sudamericana,2025
540d0b37,Juan Quintero,co COL,"MF,FW",32,14,12,"1,075",11.9,3,3,6,3,0,0,0,1,0.25,0.25,0.50,0.25,0.50,Matches,Copa CONMEBOL Sudamericana,2025
8ce30c57,Éder Álvarez Balanta,co COL,MF,31,12,12,896,10.0,1,1,2,1,0,0,7,0,0.10,0.10,0.20,0.10,0.20,Matches,Copa CONMEBOL Sudamericana,2025
cb8d9aff,Jhon Palacios,co COL,"MF,FW",19,19,10,912,10.1,3,2,5,3,0,0,4,0,0.30,0.20,0.49,0.30,0.49,Matches,Copa CONMEBOL Sudamericana,2025
e41c025a,Luis Gómez,co COL,"FW,MF",25,18,9,755,8.4,2,0,2,2,0,0,3,0,0.24,0.00,0.24,0.24,0.24,Matches,Copa CONMEBOL Sudamericana,2025
ea474687,Santiago Silva,uy URU,GK,25,8,8,720,8.0,0,0,0,0,0,0,0,0,0.00,0.00,0.00,0.00,0.00,Matches,Copa CONMEBOL Sudamericana,2025
b62b61f8,Joel Romero,co COL,"MF,FW",19,18,8,696,7.7,0,1,1,0,0,0,2,0,0.00,0.13,0.13,0.00,0.13,Matches,Copa CONMEBOL Sudamericana,2025
a72d14de,Dylan Borrero,co COL,MF,23,17,7,716,8.0,4,0,4,4,0,0,2,0,0.50,0.00,0.50,0.50,0.50,Matches,Copa CONMEBOL Sudamericana,2025
002435ee,Joel Graterol,ve VEN,GK,27,7,7,630,7.0,0,0,0,0,0,0,0,0,0.00,0.00,0.00,0.00,0.00,Matches,Copa CONMEBOL Sudamericana,2025
7dcb8cb2,Andrés Roa,co COL,"MF,FW",31,11,7,498,5.5,0,2,2,0,0,0,2,0,0.00,0.36,0.36,0.00,0.36,Matches,Copa CONMEBOL Sudamericana,2025
6c149b4d,Franco Leys,ar ARG,MF,31,11,6,480,5.3,0,0,0,0,0,0,6,1,0.00,0.00,0.00,0.00,0.00,Matches,Copa CONMEBOL Sudamericana,2025
792aecce,Luis Alejandro Paz,co COL,MF,36,11,5,424,4.7,0,0,0,0,0,0,2,0,0.00,0.00,0.00,0.00,0.00,Matches,Copa CONMEBOL Sudamericana,2025
164b4bae,Yojan Garcés,co COL,FW,18,16,4,495,5.5,2,1,3,2,0,0,4,0,0.36,0.18,0.55,0.36,0.55,Matches,Copa CONMEBOL Sudamericana,2025
0d93febc,Jhon Murillo,ve VEN,"FW,MF",29,11,4,399,4.4,0,0,0,0,0,0,1,0,0.00,0.00,0.00,0.00,0.00,Matches,Copa CONMEBOL Sudamericana,2025
c693cf7c,Adrián Ramos,co COL,FW,39,16,3,427,4.7,2,0,2,2,0,0,1,0,0.42,0.00,0.42,0.42,0.42,Matches,Copa CONMEBOL Sudamericana,2025
86046c18,Nicolás Hernández,co COL,DF,27,4,3,279,3.1,0,0,0,0,0,0,3,0,0.00,0.00,0.00,0.00,0.00,Matches,Copa CONMEBOL Sudamericana,2025
ea471391,Joider Micolta,co COL,MF,22,11,2,225,2.5,1,0,1,1,0,0,0,1,0.40,0.00,0.40,0.40,0.40,Matches,Copa CONMEBOL Sudamericana,2025
27ac9614,Kevin Angulo,co COL,FW,16,13,1,301,3.3,0,0,0,0,0,0,0,0,0.00,0.00,0.00,0.00,0.00,Matches,Copa CONMEBOL Sudamericana,2025
fe00b4f9,Bryan Correa,co COL,DF,20,4,1,167,1.9,0,0,0,0,0,0,0,0,0.00,0.00,0.00,0.00,0.00,Matches,Copa CONMEBOL Sudamericana,2025
91ce75c8,Kener González,co COL,MF,19,4,1,162,1.8,0,0,0,0,0,0,0,0,0.00,0.00,0.00,0.00,0.00,Matches,Copa CONMEBOL Sudamericana,2025
40df9e07,Manuel Caicedo,co COL,DF,21,1,0,45,0.5,0,0,0,0,0,0,0,0,0.00,0.00,0.00,0.00,0.00,Matches,Copa CONMEBOL Sudamericana,2025
54cbef2d,Jerónimo López,co COL,MF,19,1,0,45,0.5,0,0,0,0,0,0,0,0,0.00,0.00,0.00,0.00,0.00,Matches,Copa CONMEBOL Sudamericana,2025
e0418886,Sebastián Quiñones,,,,1,0,7,0.1,0,0,0,0,0,0,0,0,0.00,0.00,0.00,0.00,0.00,Matches,Copa CONMEBOL Sudamericana,2025
46d46c63,Dominic Hernández,,FW,,1,0,1,0.0,0,0,0,0,0,0,0,0,0.00,0.00,0.00,0.00,0.00,Matches,Copa CONMEBOL Sudamericana,2025
d196b641,Juan Aponzá,co COL,MF,16,0,0,,,,,,,,,,,,,,,,Matches,Copa CONMEBOL Sudamericana,2025
cd6f2011,Victor Braroba,,DF,,0,0,,,,,,,,,,,,,,,,Matches,Copa CONMEBOL Sudamericana,2025
262e5496,Camilo Quiñones,co COL,FW,19,0,0,,,,,,,,,,,,,,,,Matches,Copa CONMEBOL Sudamericana,2025
b9bc0667,Alexis Sinisterra,,GK,,0,0,,,,,,,,,,,,,,,,Matches,Copa CONMEBOL Sudamericana,2025
5f951ef1,Andrés Tello,co COL,MF,28,0,0,,,,,,,,,,,,,,,,Matches,Copa CONMEBOL Sudamericana,2025
931d5350,James Aguirre,co COL,GK,32,39,39,"3,510",39.0,0,0,0,0,0,0,8,0,0.00,0.00,0.00,0.00,0.00,Matches,Copa CONMEBOL Sudamericana,2025
915e4322,Juan David Cuesta,co COL,DF,27,37,37,"3,256",36.2,0,3,3,0,0,0,5,0,0.00,0.08,0.08,0.00,0.08,Matches,Copa CONMEBOL Sudamericana,2025
cfaf9525,Dayro Moreno,co COL,FW,39,40,35,"3,074",34.2,14,2,16,10,4,4,7,0,0.41,0.06,0.47,0.29,0.35,Matches,Copa CONMEBOL Sudamericana,2025
df782c79,Michael Barrios,co COL,"MF,FW",33,36,35,"2,664",29.6,8,3,11,7,1,1,5,0,0.27,0.10,0.37,0.24,0.34,Matches,Copa CONMEBOL Sudamericana,2025
492f7668,Mateo García,co COL,MF,26,33,33,"2,599",28.9,1,1,2,1,0,0,12,0,0.03,0.03,0.07,0.03,0.07,Matches,Copa CONMEBOL Sudamericana,2025
08b1c6d9,Iván Rojas,co COL,MF,27,37,30,"2,547",28.3,0,1,1,0,0,0,3,0,0.00,0.04,0.04,0.00,0.04,Matches,Copa CONMEBOL Sudamericana,2025
be22bb53,Jorge Cardona,co COL,DF,25,33,27,"2,289",25.4,2,0,2,2,0,0,10,1,0.08,0.00,0.08,0.08,0.08,Matches,Copa CONMEBOL Sudamericana,2025
d2415f74,Jerson Malagón,co COL,DF,31,28,26,"2,256",25.1,2,1,3,2,0,0,6,0,0.08,0.04,0.12,0.08,0.12,Matches,Copa CONMEBOL Sudamericana,2025
f08505db,Jefry Zapata,co COL,"MF,FW",24,38,25,"1,907",21.2,9,3,12,9,0,1,13,1,0.42,0.14,0.57,0.42,0.57,Matches,Copa CONMEBOL Sudamericana,2025
a0f0e472,Alejandro García,co COL,MF,23,28,23,"1,726",19.2,1,1,2,1,0,0,2,0,0.05,0.05,0.10,0.05,0.10,Matches,Copa CONMEBOL Sudamericana,2025
2b6a34b1,Juan Patiño,co COL,DF,26,21,21,"1,832",20.4,0,1,1,0,0,0,6,1,0.00,0.05,0.05,0.00,0.05,Matches,Copa CONMEBOL Sudamericana,2025
41cddd16,Jáider Riquett,co COL,DF,34,22,17,"1,592",17.7,0,0,0,0,0,0,6,1,0.00,0.00,0.00,0.00,0.00,Matches,Copa CONMEBOL Sudamericana,2025
2b2c7d68,Mateo Zuleta,co COL,"MF,FW",22,38,16,"1,929",21.4,3,5,8,3,0,0,7,0,0.14,0.23,0.37,0.14,0.37,Matches,Copa CONMEBOL Sudamericana,2025
e6c60bab,Juan Castaño,co COL,DF,26,25,15,"1,519",16.9,1,0,1,1,0,0,7,1,0.06,0.00,0.06,0.06,0.06,Matches,Copa CONMEBOL Sudamericana,2025
1680bb3c,Luis Palacios,co COL,"MF,DF",23,33,12,"1,597",17.7,2,2,4,2,0,0,4,0,0.11,0.11,0.23,0.11,0.23,Matches,Copa CONMEBOL Sudamericana,2025
13137b39,Kevin Cuesta,co COL,DF,24,13,12,"1,009",11.2,1,0,1,1,0,0,3,0,0.09,0.00,0.09,0.09,0.09,Matches,Copa CONMEBOL Sudamericana,2025
be7bbd53,Kevin Tamayo,co COL,DF,25,12,12,977,10.9,0,0,0,0,0,0,6,0,0.00,0.00,0.00,0.00,0.00,Matches,Copa CONMEBOL Sudamericana,2025
6a3c222c,Robert Mejía,co COL,MF,24,13,12,913,10.1,1,0,1,1,0,0,5,1,0.10,0.00,0.10,0.10,0.10,Matches,Copa CONMEBOL Sudamericana,2025
eedac811,Luis Sánchez,co COL,"MF,FW",24,12,12,893,9.9,1,0,1,1,0,0,2,0,0.10,0.00,0.10,0.10,0.10,Matches,Copa CONMEBOL Sudamericana,2025
de144a9b,Johan Esteban Beltrán,co COL,MF,25,29,8,"1,071",11.9,0,3,3,0,0,0,1,0,0.00,0.25,0.25,0.00,0.25,Matches,Copa CONMEBOL Sudamericana,2025
6acc0b39,Efraín Navarro,co COL,DF,25,8,8,660,7.3,0,0,0,0,0,0,1,0,0.00,0.00,0.00,0.00,0.00,Matches,Copa CONMEBOL Sudamericana,2025
e41c025a,Luis Gómez,co COL,MF,25,17,7,733,8.1,0,4,4,0,0,0,1,0,0.00,0.49,0.49,0.00,0.49,Matches,Copa CONMEBOL Sudamericana,2025
64b12717,Joan Parra,co COL,GK,24,7,7,630,7.0,0,0,0,0,0,0,2,0,0.00,0.00,0.00,0.00,0.00,Matches,Copa CONMEBOL Sudamericana,2025
5051c723,Joel Contreras,co COL,MF,25,17,6,564,6.3,1,0,1,1,0,0,5,0,0.16,0.00,0.16,0.16,0.16,Matches,Copa CONMEBOL Sudamericana,2025
011b2621,Deiner Quiñónez,co COL,"MF,FW",29,13,6,513,5.7,0,3,3,0,0,0,0,0,0.00,0.53,0.53,0.00,0.53,Matches,Copa CONMEBOL Sudamericana,2025
079d4bba,Hugo Dorrego,uy URU,MF,31,9,5,484,5.4,0,1,1,0,0,0,2,0,0.00,0.19,0.19,0.00,0.19,Matches,Copa CONMEBOL Sudamericana,2025
b1a673e2,Juan García,co COL,MF,27,14,5,375,4.2,0,0,0,0,0,0,4,0,0.00,0.00,0.00,0.00,0.00,Matches,Copa CONMEBOL Sudamericana,2025
36839110,Juan Díaz,co COL,MF,23,19,4,641,7.1,0,0,0,0,0,0,4,1,0.00,0.00,0.00,0.00,0.00,Matches,Copa CONMEBOL Sudamericana,2025
7e88757f,Andrés Ibargüen,co COL,MF,32,8,3,368,4.1,0,0,0,0,0,0,0,0,0.00,0.00,0.00,0.00,0.00,Matches,Copa CONMEBOL Sudamericana,2025
e0edb46c,Mateo Rodas,co COL,DF,27,5,3,338,3.8,0,0,0,0,0,0,3,0,0.00,0.00,0.00,0.00,0.00,Matches,Copa CONMEBOL Sudamericana,2025
9e243bfd,Gilbert Álvarez,bo BOL,FW,32,15,2,326,3.6,1,0,1,1,0,1,1,0,0.28,0.00,0.28,0.28,0.28,Matches,Copa CONMEBOL Sudamericana,2025
43dbdd7c,Tomas García,co COL,MF,18,3,1,170,1.9,0,0,0,0,0,0,1,0,0.00,0.00,0.00,0.00,0.00,Matches,Copa CONMEBOL Sudamericana,2025
788d7a55,Manuel Arteaga,ec ECU,MF,25,4,1,130,1.4,0,0,0,0,0,0,1,1,0.00,0.00,0.00,0.00,0.00,Matches,Copa CONMEBOL Sudamericana,2025
a5708270,Daniel Quiñones,co COL,DF,25,1,1,69,0.8,0,0,0,0,0,0,0,0,0.00,0.00,0.00,0.00,0.00,Matches,Copa CONMEBOL Sudamericana,2025
2f9a3027,Yeiler Valencia,co COL,DF,20,4,0,134,1.5,0,0,0,0,0,0,1,0,0.00,0.00,0.00,0.00,0.00,Matches,Copa CONMEBOL Sudamericana,2025
ba807576,Santiago Cubides,co COL,FW,24,2,0,26,0.3,0,0,0,0,0,0,0,0,0.00,0.00,0.00,0.00,0.00,Matches,Copa CONMEBOL Sudamericana,2025
518acf1a,Hian Rincon,,DF,,1,0,15,0.2,0,0,0,0,0,0,0,0,0.00,0.00,0.00,0.00,0.00,Matches,Copa CONMEBOL Sudamericana,2025
9a4a6aca,Jorman Beltran,,,,0,0,,,,,,,,,,,,,,,,Matches,Copa CONMEBOL Sudamericana,2025
4c9ea9de,Juan Gallego,co COL,GK,20,0,0,,,,,,,,,,,,,,,,Matches,Copa CONMEBOL Sudamericana,2025
6959a3a1,Santiago Mera,co COL,FW,23,0,0,,,,,,,,,,,,,,,,Matches,Copa CONMEBOL Sudamericana,2025
daa9273b,Junior Orobio,,MF,,0,0,,,,,,,,,,,,,,,,Matches,Copa CONMEBOL Sudamericana,2025
a585c949,Stalin Valencia,ec ECU,DF,21,0,0,,,,,,,,,,,,,,,,Matches,Copa CONMEBOL Sudamericana,2025
c92f60f6,Kevin Villada,co COL,FW,17,0,0,,,,,,,,,,,,,,,,Matches,Copa CONMEBOL Sudamericana,2025
cbf54f3a,Walter Tandazo,pe PER,MF,24,34,31,"2,748",30.5,0,1,1,0,0,0,5,1,0.00,0.03,0.03,0.00,0.03,Matches,Copa CONMEBOL Sudamericana,2025
e1d6f441,Carlos Cáceda,pe PER,GK,33,28,28,"2,520",28.0,0,0,0,0,0,0,0,0,0.00,0.00,0.00,0.00,0.00,Matches,Copa CONMEBOL Sudamericana,2025
fd5b0b52,Leonel González,ar ARG,DF,30,30,27,"2,449",27.2,2,1,3,2,0,0,10,2,0.07,0.04,0.11,0.07,0.11,Matches,Copa CONMEBOL Sudamericana,2025
12254e96,Horacio Orzán,ar ARG,"MF,DF",36,28,27,"2,345",26.1,0,0,0,0,0,0,8,1,0.00,0.00,0.00,0.00,0.00,Matches,Copa CONMEBOL Sudamericana,2025
10426eef,Cristian Bordacahar,ar ARG,"MF,FW",33,29,26,"2,101",23.3,3,5,8,3,0,1,5,0,0.13,0.21,0.34,0.13,0.34,Matches,Copa CONMEBOL Sudamericana,2025
3ed907b6,Matías Lazo,pe PER,DF,21,33,25,"2,396",26.6,4,2,6,4,0,0,2,0,0.15,0.08,0.23,0.15,0.23,Matches,Copa CONMEBOL Sudamericana,2025
f910551d,Pier Barrios,ar ARG,DF,34,30,25,"2,163",24.0,1,0,1,1,0,0,10,0,0.04,0.00,0.04,0.04,0.04,Matches,Copa CONMEBOL Sudamericana,2025
cc6cf17f,Tomás Martínez,ar ARG,"MF,FW",29,35,21,"1,921",21.3,3,3,6,3,0,0,4,0,0.14,0.14,0.28,0.14,0.28,Matches,Copa CONMEBOL Sudamericana,2025
4daa5791,Mathias Llontop,pe PER,DF,22,22,19,"1,602",17.8,0,2,2,0,0,0,1,0,0.00,0.11,0.11,0.00,0.11,Matches,Copa CONMEBOL Sudamericana,2025
bf63f7ce,Alec Deneumostier,pe PER,DF,25,20,17,"1,414",15.7,1,0,1,1,0,0,4,0,0.06,0.00,0.06,0.06,0.06,Matches,Copa CONMEBOL Sudamericana,2025
1a8ed4a1,Lautaro Guzmán,ar ARG,MF,25,30,16,"1,489",16.5,4,3,7,4,0,0,5,0,0.24,0.18,0.42,0.24,0.42,Matches,Copa CONMEBOL Sudamericana,2025
c2a00ab8,Alexis Arias,pe PER,MF,29,25,15,"1,119",12.4,1,0,1,1,0,0,1,0,0.08,0.00,0.08,0.08,0.08,Matches,Copa CONMEBOL Sudamericana,2025
1b9399bc,Bernardo Cuesta,ar ARG,FW,36,19,14,"1,359",15.1,4,3,7,4,0,0,4,1,0.26,0.20,0.46,0.26,0.46,Matches,Copa CONMEBOL Sudamericana,2025
eb442b0c,Kenji Cabrera,pe PER,MF,22,16,14,"1,275",14.2,6,2,8,4,2,2,3,0,0.42,0.14,0.56,0.28,0.42,Matches,Copa CONMEBOL Sudamericana,2025
1cc64c10,Alejandro Ramos,pe PER,DF,26,22,12,"1,124",12.5,2,1,3,2,0,0,3,1,0.16,0.08,0.24,0.16,0.24,Matches,Copa CONMEBOL Sudamericana,2025
c82c362a,Jhonny Vidales,pe PER,"MF,FW",32,14,12,963,10.7,6,2,8,6,0,0,1,1,0.56,0.19,0.75,0.56,0.75,Matches,Copa CONMEBOL Sudamericana,2025
53c46377,Nelson Cabanillas,pe PER,DF,24,19,10,866,9.6,0,2,2,0,0,0,3,0,0.00,0.21,0.21,0.00,0.21,Matches,Copa CONMEBOL Sudamericana,2025
de7ce7b1,Gregorio Rodríguez,ar ARG,"MF,FW",25,27,8,879,9.8,3,2,5,3,0,0,1,0,0.31,0.20,0.51,0.31,0.51,Matches,Copa CONMEBOL Sudamericana,2025
9be7ace2,Nicolás Quagliata,uy URU,MF,25,16,8,785,8.7,3,4,7,3,0,0,1,0,0.34,0.46,0.80,0.34,0.80,Matches,Copa CONMEBOL Sudamericana,2025
61447b81,Jorge Cabezudo,pe PER,GK,23,7,7,630,7.0,0,0,0,0,0,0,1,0,0.00,0.00,0.00,0.00,0.00,Matches,Copa CONMEBOL Sudamericana,2025
88d57c5d,Facundo Castro,ar ARG,FW,28,11,7,542,6.0,5,0,5,5,0,0,0,0,0.83,0.00,0.83,0.83,0.83,Matches,Copa CONMEBOL Sudamericana,2025
812ce7e1,Percy Liza,pe PER,FW,24,20,6,671,7.5,3,0,3,3,0,0,5,0,0.40,0.00,0.40,0.40,0.40,Matches,Copa CONMEBOL Sudamericana,2025
2ebf6eb4,Jhamir D'Arrigo,pe PER,MF,25,12,6,651,7.2,0,0,0,0,0,0,3,0,0.00,0.00,0.00,0.00,0.00,Matches,Copa CONMEBOL Sudamericana,2025
7b9ed245,Mariano Barreda,pe PER,FW,21,9,1,221,2.5,1,0,1,1,0,0,0,0,0.41,0.00,0.41,0.41,0.41,Matches,Copa CONMEBOL Sudamericana,2025
e3184e4b,Gian García,pe PER,MF,19,5,1,121,1.3,0,0,0,0,0,0,1,0,0.00,0.00,0.00,0.00,0.00,Matches,Copa CONMEBOL Sudamericana,2025
e23f3ad0,Piero Vivanco,pe PER,MF,25,5,1,121,1.3,0,0,0,0,0,0,0,0,0.00,0.00,0.00,0.00,0.00,Matches,Copa CONMEBOL Sudamericana,2025
a4218fcd,Diego Rodríguez,pe PER,DF,22,1,1,45,0.5,0,0,0,0,0,0,0,0,0.00,0.00,0.00,0.00,0.00,Matches,Copa CONMEBOL Sudamericana,2025
9baba1c6,Anderson Pumacajia,pe PER,MF,19,1,0,23,0.3,0,0,0,0,0,0,0,0,0.00,0.00,0.00,0.00,0.00,Matches,Copa CONMEBOL Sudamericana,2025
d9f711ed,Emilio Saba,ps PLE,DF,23,2,0,23,0.3,0,0,0,0,0,0,1,0,0.00,0.00,0.00,0.00,0.00,Matches,Copa CONMEBOL Sudamericana,2025
ab176047,Michel Estela,,FW,,1,0,4,0.0,0,0,0,0,0,0,0,0,0.00,0.00,0.00,0.00,0.00,Matches,Copa CONMEBOL Sudamericana,2025
0a9db931,César Doy,pe PER,MF,19,0,0,,,,,,,,,,,,,,,,Matches,Copa CONMEBOL Sudamericana,2025
eaf61734,Ricardo Farro,pe PER,GK,39,0,0,,,,,,,,,,,,,,,,Matches,Copa CONMEBOL Sudamericana,2025
7f3db7a2,Yimy Gamero,pe PER,MF,23,0,0,,,,,,,,,,,,,,,,Matches,Copa CONMEBOL Sudamericana,2025
6a8e3483,Deval Muñoz,pe PER,,20,0,0,,,,,,,,,,,,,,,,Matches,Copa CONMEBOL Sudamericana,2025
7ebf6c49,Patricio Núnez,pe PER,MF,17,0,0,,,,,,,,,,,,,,,,Matches,Copa CONMEBOL Sudamericana,2025
ed573984,José Ryu Yabiku,pe PER,FW,18,0,0,,,,,,,,,,,,,,,,Matches,Copa CONMEBOL Sudamericana,2025
0c29b78c,Joe Abrigo,cl CHI,"MF,FW",29,29,29,"2,466",27.4,10,4,14,10,0,0,5,0,0.36,0.15,0.51,0.36,0.51,Matches,Copa CONMEBOL Sudamericana,2025
b8f09f19,Sebastián Pérez Kirby,cl CHI,GK,34,27,27,"2,430",27.0,0,0,0,0,0,0,4,0,0.00,0.00,0.00,0.00,0.00,Matches,Copa CONMEBOL Sudamericana,2025
8cce9a77,Bryan Carrasco,cl CHI,MF,34,26,25,"1,978",22.0,4,3,7,3,1,2,6,0,0.18,0.14,0.32,0.14,0.27,Matches,Copa CONMEBOL Sudamericana,2025
88d268c8,Julián Fernández,ar ARG,MF,29,25,24,"1,867",20.7,0,1,1,0,0,0,10,0,0.00,0.05,0.05,0.00,0.05,Matches,Copa CONMEBOL Sudamericana,2025
91085a37,Cristián Suárez,cl CHI,DF,37,25,23,"2,106",23.4,1,0,1,1,0,0,5,0,0.04,0.00,0.04,0.04,0.04,Matches,Copa CONMEBOL Sudamericana,2025
2c24fe94,Fernando Meza,ar ARG,"DF,MF",34,24,22,"1,950",21.7,1,0,1,1,0,0,4,1,0.05,0.00,0.05,0.05,0.05,Matches,Copa CONMEBOL Sudamericana,2025
c300c5e4,Dilan Zúñiga,cl CHI,"DF,MF",28,22,21,"1,916",21.3,0,3,3,0,0,0,6,0,0.00,0.14,0.14,0.00,0.14,Matches,Copa CONMEBOL Sudamericana,2025
c1d69313,Jason León,cl CHI,DF,24,28,19,"1,787",19.9,1,1,2,1,0,0,3,0,0.05,0.05,0.10,0.05,0.10,Matches,Copa CONMEBOL Sudamericana,2025
47b94865,Junior Marabel,py PAR,FW,26,29,17,"1,687",18.7,8,3,11,7,1,1,2,0,0.43,0.16,0.59,0.37,0.53,Matches,Copa CONMEBOL Sudamericana,2025
def9e710,Jonathan Benítez,ar ARG,MF,33,20,16,"1,293",14.4,1,4,5,1,0,0,6,1,0.07,0.28,0.35,0.07,0.35,Matches,Copa CONMEBOL Sudamericana,2025
3928933a,Ian Garguez,cl CHI,DF,19,21,15,"1,347",15.0,2,2,4,2,0,0,4,0,0.13,0.13,0.27,0.13,0.27,Matches,Copa CONMEBOL Sudamericana,2025
19f3220d,Antonio Ceza,cl CHI,DF,22,19,15,"1,276",14.2,2,1,3,2,0,0,2,0,0.14,0.07,0.21,0.14,0.21,Matches,Copa CONMEBOL Sudamericana,2025
a604c25c,Ariel Martínez,cl CHI,MF,31,18,14,"1,152",12.8,0,2,2,0,0,0,6,0,0.00,0.16,0.16,0.00,0.16,Matches,Copa CONMEBOL Sudamericana,2025
0e740cff,Junior Arias,uy URU,FW,31,28,11,"1,206",13.4,6,0,6,5,1,1,1,0,0.45,0.00,0.45,0.37,0.37,Matches,Copa CONMEBOL Sudamericana,2025
5e288e7a,Gonzalo Tapia,cl CHI,"MF,FW",28,21,8,875,9.7,2,2,4,2,0,0,3,0,0.21,0.21,0.41,0.21,0.41,Matches,Copa CONMEBOL Sudamericana,2025
085e3d90,Pablo Parra,cl CHI,MF,30,23,8,874,9.7,1,1,2,0,1,1,4,0,0.10,0.10,0.21,0.00,0.10,Matches,Copa CONMEBOL Sudamericana,2025
e9446176,Francisco Montes,cl CHI,MF,20,14,7,686,7.6,0,0,0,0,0,0,3,0,0.00,0.00,0.00,0.00,0.00,Matches,Copa CONMEBOL Sudamericana,2025
3f5b6c8d,Vicente Espinoza,cl CHI,DF,21,11,7,578,6.4,0,0,0,0,0,0,0,1,0.00,0.00,0.00,0.00,0.00,Matches,Copa CONMEBOL Sudamericana,2025
fbcb25ab,José Bizama,cl CHI,DF,30,9,6,594,6.6,1,0,1,1,0,0,2,0,0.15,0.00,0.15,0.15,0.15,Matches,Copa CONMEBOL Sudamericana,2025
91b8e2e1,Facundo Castro,uy URU,"MF,FW",30,8,4,298,3.3,1,0,1,1,0,0,1,2,0.30,0.00,0.30,0.30,0.30,Matches,Copa CONMEBOL Sudamericana,2025
4b364742,Ronnie Fernández,cl CHI,FW,34,13,3,345,3.8,0,0,0,0,0,0,2,0,0.00,0.00,0.00,0.00,0.00,Matches,Copa CONMEBOL Sudamericana,2025
04ee3cdc,Sebastián Salas,cl CHI,GK,23,3,3,270,3.0,0,0,0,0,0,0,1,0,0.00,0.00,0.00,0.00,0.00,Matches,Copa CONMEBOL Sudamericana,2025
65550b83,Ian Alegría,cl CHI,MF,16,5,3,217,2.4,0,0,0,0,0,0,0,0,0.00,0.00,0.00,0.00,0.00,Matches,Copa CONMEBOL Sudamericana,2025
54d9d292,Nicolás Alonso Meza Muñoz,cl CHI,MF,22,5,2,222,2.5,0,0,0,0,0,0,0,0,0.00,0.00,0.00,0.00,0.00,Matches,Copa CONMEBOL Sudamericana,2025
218d4c1a,Dilan Salgado,cl CHI,MF,21,10,1,172,1.9,0,1,1,0,0,0,1,0,0.00,0.52,0.52,0.00,0.52,Matches,Copa CONMEBOL Sudamericana,2025
8ee6a7c1,Iván Román,cl CHI,DF,18,1,0,45,0.5,0,0,0,0,0,0,0,0,0.00,0.00,0.00,0.00,0.00,Matches,Copa CONMEBOL Sudamericana,2025
4dbcbfa3,Diego Garcia,cl CHI,DF,17,1,0,19,0.2,0,0,0,0,0,0,0,0,0.00,0.00,0.00,0.00,0.00,Matches,Copa CONMEBOL Sudamericana,2025
66a9c761,Benjamin Soto,cl CHI,FW,22,3,0,7,0.1,0,0,0,0,0,0,0,0,0.00,0.00,0.00,0.00,0.00,Matches,Copa CONMEBOL Sudamericana,2025
3b46e0ca,Dixon Contreras,cl CHI,GK,22,0,0,,,,,,,,,,,,,,,,Matches,Copa CONMEBOL Sudamericana,2025
bce96219,Mateo Martin,ar ARG,MF,19,0,0,,,,,,,,,,,,,,,,Matches,Copa CONMEBOL Sudamericana,2025
4c532308,Breno,br BRA,MF,19,33,31,"2,522",28.0,1,1,2,1,0,0,10,1,0.04,0.04,0.07,0.04,0.07,Matches,Copa CONMEBOL Sudamericana,2025
2a5bc0cd,Matheuzinho,br BRA,"DF,MF",24,31,28,"2,632",29.2,2,3,5,2,0,0,12,0,0.07,0.10,0.17,0.07,0.17,Matches,Copa CONMEBOL Sudamericana,2025
c02e5af1,Hugo Souza,br BRA,GK,26,26,26,"2,340",26.0,0,0,0,0,0,0,3,0,0.00,0.00,0.00,0.00,0.00,Matches,Copa CONMEBOL Sudamericana,2025
a025365f,Raniele,br BRA,"MF,DF",28,30,25,"2,013",22.4,2,1,3,2,0,0,7,0,0.09,0.04,0.13,0.09,0.13,Matches,Copa CONMEBOL Sudamericana,2025
fa066690,Gustavo Henrique,br BRA,DF,31,23,23,"2,070",23.0,3,0,3,3,0,0,5,0,0.13,0.00,0.13,0.13,0.13,Matches,Copa CONMEBOL Sudamericana,2025
b8a72293,Matheus Bidu,br BRA,"DF,MF",25,26,23,"1,965",21.8,0,2,2,0,0,0,7,0,0.00,0.09,0.09,0.00,0.09,Matches,Copa CONMEBOL Sudamericana,2025
65159211,Yuri Alberto,br BRA,FW,23,26,21,"2,005",22.3,10,2,12,8,2,3,3,0,0.45,0.09,0.54,0.36,0.45,Matches,Copa CONMEBOL Sudamericana,2025
7483d9f9,André Ramalho,br BRA,DF,32,21,20,"1,780",19.8,0,0,0,0,0,0,4,0,0.00,0.00,0.00,0.00,0.00,Matches,Copa CONMEBOL Sudamericana,2025
fdd26d71,Fabrizio Angileri,ar ARG,DF,30,28,17,"1,638",18.2,0,0,0,0,0,0,4,0,0.00,0.00,0.00,0.00,0.00,Matches,Copa CONMEBOL Sudamericana,2025
8f696594,Memphis,nl NED,FW,30,23,17,"1,544",17.2,6,3,9,5,1,2,4,0,0.35,0.17,0.52,0.29,0.47,Matches,Copa CONMEBOL Sudamericana,2025
c8364e8e,José Andrés Martínez,ve VEN,MF,30,24,17,"1,396",15.5,1,1,2,1,0,0,11,2,0.06,0.06,0.13,0.06,0.13,Matches,Copa CONMEBOL Sudamericana,2025
005ca692,Maycon,br BRA,MF,27,25,16,"1,491",16.6,3,0,3,2,1,1,4,0,0.18,0.00,0.18,0.12,0.12,Matches,Copa CONMEBOL Sudamericana,2025
27f4a416,Cacá,br BRA,DF,25,18,16,"1,408",15.6,2,0,2,2,0,0,4,0,0.13,0.00,0.13,0.13,0.13,Matches,Copa CONMEBOL Sudamericana,2025
7527558b,André Carrillo,pe PER,MF,33,22,16,"1,279",14.2,1,0,1,1,0,0,3,0,0.07,0.00,0.07,0.07,0.07,Matches,Copa CONMEBOL Sudamericana,2025
42b3b51f,Rodrigo Garro,ar ARG,"MF,FW",27,19,15,"1,410",15.7,0,3,3,0,0,0,6,0,0.00,0.19,0.19,0.00,0.19,Matches,Copa CONMEBOL Sudamericana,2025
cd51f56f,João Pedro,br BRA,DF,21,16,13,"1,242",13.8,0,1,1,0,0,0,4,0,0.00,0.07,0.07,0.00,0.07,Matches,Copa CONMEBOL Sudamericana,2025
8d835047,Gui Negão,br BRA,"FW,MF",17,22,12,945,10.5,3,1,4,3,0,0,3,0,0.29,0.10,0.38,0.29,0.38,Matches,Copa CONMEBOL Sudamericana,2025
36edfb9b,Ángel Romero,py PAR,"FW,MF",32,27,11,"1,068",11.9,0,1,1,0,0,0,4,1,0.00,0.08,0.08,0.00,0.08,Matches,Copa CONMEBOL Sudamericana,2025
64c98878,Talles Magno,br BRA,"MF,FW",22,24,10,961,10.7,1,1,2,1,0,0,2,0,0.09,0.09,0.19,0.09,0.19,Matches,Copa CONMEBOL Sudamericana,2025
c0a8860f,Félix Torres Caicedo,ec ECU,DF,28,10,8,647,7.2,0,0,0,0,0,0,1,0,0.00,0.00,0.00,0.00,0.00,Matches,Copa CONMEBOL Sudamericana,2025
6ff91a3a,Charles Rigon Matos,br BRA,"MF,DF",28,17,6,571,6.3,1,0,1,1,0,0,3,1,0.16,0.00,0.16,0.16,0.16,Matches,Copa CONMEBOL Sudamericana,2025
e671b482,Felipe Longo,br BRA,GK,19,6,6,540,6.0,0,0,0,0,0,0,0,0,0.00,0.00,0.00,0.00,0.00,Matches,Copa CONMEBOL Sudamericana,2025
bd2593f3,Hugo,br BRA,"MF,DF",27,10,6,457,5.1,0,0,0,0,0,0,1,0,0.00,0.00,0.00,0.00,0.00,Matches,Copa CONMEBOL Sudamericana,2025
93573ea1,Ryan Gustavo,br BRA,MF,21,16,5,527,5.9,0,0,0,0,0,0,1,0,0.00,0.00,0.00,0.00,0.00,Matches,Copa CONMEBOL Sudamericana,2025
7c736064,Matheus Donelli,br BRA,GK,22,5,5,450,5.0,0,0,0,0,0,0,1,0,0.00,0.00,0.00,0.00,0.00,Matches,Copa CONMEBOL Sudamericana,2025
a9e68c94,Vitinho,br BRA,FW,31,12,4,479,5.3,0,3,3,0,0,0,0,0,0.00,0.56,0.56,0.00,0.56,Matches,Copa CONMEBOL Sudamericana,2025
5c983aa2,Dieguinho,br BRA,"MF,FW",17,13,4,451,5.0,0,1,1,0,0,0,0,0,0.00,0.20,0.20,0.00,0.20,Matches,Copa CONMEBOL Sudamericana,2025
ce705c56,Kayke,br BRA,"MF,FW",20,8,4,358,4.0,0,1,1,0,0,0,0,0,0.00,0.25,0.25,0.00,0.25,Matches,Copa CONMEBOL Sudamericana,2025
8d9544ea,Igor Coronado,br BRA,MF,32,6,3,342,3.8,1,0,1,1,0,0,1,0,0.26,0.00,0.26,0.26,0.26,Matches,Copa CONMEBOL Sudamericana,2025
6294bc9d,Héctor,es ESP,"FW,MF",29,9,3,246,2.7,1,0,1,1,0,0,0,0,0.37,0.00,0.37,0.37,0.37,Matches,Copa CONMEBOL Sudamericana,2025
d7a180bc,Léo Mana,br BRA,DF,20,4,3,225,2.5,0,0,0,0,0,0,0,0,0.00,0.00,0.00,0.00,0.00,Matches,Copa CONMEBOL Sudamericana,2025
867660e8,André,br BRA,MF,18,9,1,315,3.5,2,0,2,2,0,0,0,0,0.57,0.00,0.57,0.57,0.57,Matches,Copa CONMEBOL Sudamericana,2025
e75dc411,Alex Santana,br BRA,MF,29,3,1,106,1.2,0,0,0,0,0,0,0,0,0.00,0.00,0.00,0.00,0.00,Matches,Copa CONMEBOL Sudamericana,2025
456ce27f,Kauê,br BRA,GK,20,1,1,90,1.0,0,0,0,0,0,0,0,0,0.00,0.00,0.00,0.00,0.00,Matches,Copa CONMEBOL Sudamericana,2025
a4b1b158,Bahia,br BRA,MF,19,2,1,49,0.5,0,0,0,0,0,0,0,0,0.00,0.00,0.00,0.00,0.00,Matches,Copa CONMEBOL Sudamericana,2025
c8a4d35a,Guilherme Amorim,br BRA,,17,0,0,,,,,,,,,,,,,,,,Matches,Copa CONMEBOL Sudamericana,2025
6404c1d8,Gabriel Caipira,br BRA,DF,19,0,0,,,,,,,,,,,,,,,,Matches,Copa CONMEBOL Sudamericana,2025
16acd7a9,Jacaré,,,,0,0,,,,,,,,,,,,,,,,Matches,Copa CONMEBOL Sudamericana,2025
1c8f7804,Kauê Junior,br BRA,FW,15,0,0,,,,,,,,,,,,,,,,Matches,Copa CONMEBOL Sudamericana,2025
6ec37f2e,Diego Palacios,ec ECU,DF,25,0,0,,,,,,,,,,,,,,,,Matches,Copa CONMEBOL Sudamericana,2025
8aae94b9,Mamadou Mbaye,sn SEN,DF,26,21,20,"1,661",18.5,0,,,0,0,0,8,0,0.00,,,0.00,,Matches,Copa CONMEBOL Sudamericana,2025
0000cdb9,Junior Cedeño,ve VEN,MF,33,22,18,"1,542",17.1,0,,,0,0,0,5,0,0.00,,,0.00,,Matches,Copa CONMEBOL Sudamericana,2025
d643e29c,Luis Romero,ve VEN,GK,34,16,16,"1,391",15.5,0,,,0,0,0,5,1,0.00,,,0.00,,Matches,Copa CONMEBOL Sudamericana,2025
4bdb2713,Luis Casiani,ve VEN,"DF,MF",23,21,14,"1,395",15.5,0,,,0,0,0,5,0,0.00,,,0.00,,Matches,Copa CONMEBOL Sudamericana,2025
3699aa99,Harrison Contreras,ve VEN,MF,36,16,14,"1,211",13.5,1,,,1,0,0,1,0,0.07,,,0.07,,Matches,Copa CONMEBOL Sudamericana,2025
4a2aff81,Heiber Linares,ve VEN,"DF,MF",24,16,12,"1,008",11.2,0,,,0,0,0,4,0,0.00,,,0.00,,Matches,Copa CONMEBOL Sudamericana,2025
2ca0811a,Edwuin Pernía,ve VEN,FW,29,12,12,920,10.2,9,,,6,3,3,6,0,0.88,,,0.59,,Matches,Copa CONMEBOL Sudamericana,2025
fe0670bd,Abdul Awudu,gh GHA,"MF,FW",24,20,11,"1,059",11.8,1,,,1,0,0,8,1,0.08,,,0.08,,Matches,Copa CONMEBOL Sudamericana,2025
a44bf7f4,Edwin Peraza,ve VEN,DF,31,16,11,"1,004",11.2,0,,,0,0,0,1,0,0.00,,,0.00,,Matches,Copa CONMEBOL Sudamericana,2025
d78499f8,Gerardo Padrón,ve VEN,MF,22,12,11,994,11.0,2,,,2,0,0,3,0,0.18,,,0.18,,Matches,Copa CONMEBOL Sudamericana,2025
30cda59f,Jiovany Ramos,pa PAN,DF,28,11,11,990,11.0,0,,,0,0,0,2,0,0.00,,,0.00,,Matches,Copa CONMEBOL Sudamericana,2025
b033cf84,Yanniel Hernández,ve VEN,"DF,MF",27,12,11,967,10.7,0,,,0,0,0,2,0,0.00,,,0.00,,Matches,Copa CONMEBOL Sudamericana,2025
164a8fdd,Dimas Meza,ve VEN,"MF,FW",30,16,11,830,9.2,0,,,0,0,0,1,0,0.00,,,0.00,,Matches,Copa CONMEBOL Sudamericana,2025
46796044,Raudy Guerrero,ve VEN,"MF,DF",31,18,11,805,8.9,1,,,0,1,1,1,1,0.11,,,0.00,,Matches,Copa CONMEBOL Sudamericana,2025
d9600938,Andrés Ponce,ve VEN,"FW,MF",28,13,10,865,9.6,2,,,2,0,0,3,0,0.21,,,0.21,,Matches,Copa CONMEBOL Sudamericana,2025
ba3b6083,Jefre Vargas,ve VEN,DF,30,11,9,879,9.8,0,,,0,0,0,1,0,0.00,,,0.00,,Matches,Copa CONMEBOL Sudamericana,2025
5dd79047,Andrés Mehring,ar ARG,GK,30,9,8,766,8.5,0,,,0,0,0,1,0,0.00,,,0.00,,Matches,Copa CONMEBOL Sudamericana,2025
d78f01b2,Musa Isah,ng NGA,MF,23,8,8,631,7.0,0,,,0,0,0,1,0,0.00,,,0.00,,Matches,Copa CONMEBOL Sudamericana,2025
82562d80,Junior Paredes,ve VEN,FW,24,13,8,586,6.5,4,,,3,1,1,5,1,0.61,,,0.46,,Matches,Copa CONMEBOL Sudamericana,2025
5ea4c786,Óscar González,ve VEN,DF,33,11,7,750,8.3,0,,,0,0,0,2,0,0.00,,,0.00,,Matches,Copa CONMEBOL Sudamericana,2025
3ba189d9,Kaya Makosso,km COM,MF,26,10,6,568,6.3,0,,,0,0,0,1,0,0.00,,,0.00,,Matches,Copa CONMEBOL Sudamericana,2025
a86d93db,Rubén Rojas,ve VEN,"MF,FW",32,14,6,485,5.4,1,,,1,0,0,0,0,0.19,,,0.19,,Matches,Copa CONMEBOL Sudamericana,2025
da2ced9c,Neftali Manzambi,ao ANG,"FW,MF",27,11,5,574,6.4,2,,,1,1,1,3,0,0.31,,,0.16,,Matches,Copa CONMEBOL Sudamericana,2025
5dff4549,Anthony Shimaga,ng NGA,DF,25,6,5,452,5.0,0,,,0,0,0,1,0,0.00,,,0.00,,Matches,Copa CONMEBOL Sudamericana,2025
02f1bd16,Jorge Echeverría,ve VEN,"MF,FW",24,10,5,441,4.9,0,,,0,0,0,3,0,0.00,,,0.00,,Matches,Copa CONMEBOL Sudamericana,2025
ad7b9f1c,Riki Mangana,ve VEN,"DF,MF",25,7,4,364,4.0,1,,,1,0,0,2,0,0.25,,,0.25,,Matches,Copa CONMEBOL Sudamericana,2025
38385a7d,Meireles Injai,gn GUI,DF,21,4,4,360,4.0,0,,,0,0,0,3,0,0.00,,,0.00,,Matches,Copa CONMEBOL Sudamericana,2025
a30a52ab,Miguel Tavares,pt POR,MF,26,9,3,360,4.0,1,,,1,0,0,0,0,0.25,,,0.25,,Matches,Copa CONMEBOL Sudamericana,2025
1b09b065,Salim Khelifi,tn TUN,"MF,FW",31,7,3,316,3.5,1,,,1,0,0,0,0,0.28,,,0.28,,Matches,Copa CONMEBOL Sudamericana,2025
68c5e669,Oscar Hernández,ve VEN,MF,31,8,3,290,3.2,0,,,0,0,0,0,0,0.00,,,0.00,,Matches,Copa CONMEBOL Sudamericana,2025
ac825259,Jayson Martínez,ve VEN,MF,23,7,2,243,2.7,0,,,0,0,0,1,1,0.00,,,0.00,,Matches,Copa CONMEBOL Sudamericana,2025
ae109ace,Ignacio Figueroa,ar ARG,MF,24,4,2,186,2.1,0,,,0,0,0,0,0,0.00,,,0.00,,Matches,Copa CONMEBOL Sudamericana,2025
a950bbc7,Eduardo Herrera,ve VEN,GK,31,2,2,180,2.0,0,,,0,0,0,0,0,0.00,,,0.00,,Matches,Copa CONMEBOL Sudamericana,2025
e4238927,Aboubakar Diabagaté,ci CIV,MF,19,7,1,163,1.8,0,,,0,0,0,1,0,0.00,,,0.00,,Matches,Copa CONMEBOL Sudamericana,2025
ed3b1065,Diego Osorio,ve VEN,FW,20,3,1,89,1.0,0,,,0,0,0,1,0,0.00,,,0.00,,Matches,Copa CONMEBOL Sudamericana,2025
e8fd51df,Jhosniel Beleño,ve VEN,MF,20,1,1,45,0.5,0,,,0,0,0,1,0,0.00,,,0.00,,Matches,Copa CONMEBOL Sudamericana,2025
dc4e196e,Rafael Arace,ve VEN,"FW,MF",29,6,0,88,1.0,0,,,0,0,0,0,0,0.00,,,0.00,,Matches,Copa CONMEBOL Sudamericana,2025
42cecd07,Pierangelo Pagnano,ve VEN,MF,23,1,0,25,0.3,0,,,0,0,0,0,0,0.00,,,0.00,,Matches,Copa CONMEBOL Sudamericana,2025
3cc40bc9,Carlos Velasquez,,MF,,2,0,21,0.2,0,,,0,0,0,0,0,0.00,,,0.00,,Matches,Copa CONMEBOL Sudamericana,2025
7d8e27c4,Marco Antonio Bustillo,ve VEN,FW,28,3,0,16,0.2,0,,,0,0,0,0,0,0.00,,,0.00,,Matches,Copa CONMEBOL Sudamericana,2025
f189b20d,Rui Alleyne,ve VEN,GK,19,0,0,,,,,,,,,,,,,,,,Matches,Copa CONMEBOL Sudamericana,2025
a6289c3e,Oscar Conde,ve VEN,DF,22,0,0,,,,,,,,,,,,,,,,Matches,Copa CONMEBOL Sudamericana,2025
3891d7e8,Fernando Garcia,,MF,,0,0,,,,,,,,,,,,,,,,Matches,Copa CONMEBOL Sudamericana,2025
b754484b,Rafael Marin,,FW,,0,0,,,,,,,,,,,,,,,,Matches,Copa CONMEBOL Sudamericana,2025
6182a455,Leander Pimentel,ve VEN,MF,17,0,0,,,,,,,,,,,,,,,,Matches,Copa CONMEBOL Sudamericana,2025
cc1f1305,Yeiker Rebolledo,ve VEN,DF,20,0,0,,,,,,,,,,,,,,,,Matches,Copa CONMEBOL Sudamericana,2025
9afd18e2,Lautaro Amade,ar ARG,GK,25,37,37,"3,330",37.0,0,0,0,0,0,0,2,0,0.00,0.00,0.00,0.00,0.00,Matches,Copa CONMEBOL Sudamericana,2025
bc168be7,Guillermo Cotugno,uy URU,DF,29,34,34,"2,999",33.3,3,1,4,3,0,0,10,0,0.09,0.03,0.12,0.09,0.12,Matches,Copa CONMEBOL Sudamericana,2025
039bbec8,Robinson Ferreira,uy URU,DF,32,36,33,"3,023",33.6,1,0,1,1,0,0,7,0,0.03,0.00,0.03,0.03,0.03,Matches,Copa CONMEBOL Sudamericana,2025
e956d980,Esteban Da Silva,uy URU,MF,23,33,30,"2,608",29.0,6,2,8,6,0,0,4,0,0.21,0.07,0.28,0.21,0.28,Matches,Copa CONMEBOL Sudamericana,2025
64ee22b9,Gastón Bueno,uy URU,DF,39,28,23,"2,069",23.0,0,0,0,0,0,0,4,1,0.00,0.00,0.00,0.00,0.00,Matches,Copa CONMEBOL Sudamericana,2025
8c79c2b7,Thiago Espinosa,uy URU,DF,20,27,23,"1,878",20.9,3,0,3,3,0,0,5,0,0.14,0.00,0.14,0.14,0.14,Matches,Copa CONMEBOL Sudamericana,2025
7d8a3b88,Bautista Tomatis,ar ARG,FW,20,29,22,"1,767",19.6,4,1,5,4,0,0,3,0,0.20,0.05,0.25,0.20,0.25,Matches,Copa CONMEBOL Sudamericana,2025
ae7782c7,Ignacio Brazionis,uy URU,DF,23,21,21,"1,764",19.6,0,0,0,0,0,0,5,1,0.00,0.00,0.00,0.00,0.00,Matches,Copa CONMEBOL Sudamericana,2025
afc7a109,Mateo Caceres,ar ARG,MF,22,18,18,"1,481",16.5,2,0,2,2,0,0,2,0,0.12,0.00,0.12,0.12,0.12,Matches,Copa CONMEBOL Sudamericana,2025
d66a9b83,Felipe Cairus,uy URU,MF,24,23,16,"1,520",16.9,0,1,1,0,0,0,5,0,0.00,0.06,0.06,0.00,0.06,Matches,Copa CONMEBOL Sudamericana,2025
082d1db5,Sebastián Sosa,uy URU,FW,30,16,14,"1,188",13.2,6,1,7,4,2,2,2,1,0.45,0.08,0.53,0.30,0.38,Matches,Copa CONMEBOL Sudamericana,2025
3e844d0c,Lucas Rodríguez,uy URU,MF,31,16,13,"1,267",14.1,0,0,0,0,0,0,4,0,0.00,0.00,0.00,0.00,0.00,Matches,Copa CONMEBOL Sudamericana,2025
f9f559bf,Juan Bosca,uy URU,MF,19,24,12,"1,186",13.2,0,0,0,0,0,0,4,1,0.00,0.00,0.00,0.00,0.00,Matches,Copa CONMEBOL Sudamericana,2025
312755e2,Lucas Monzón,uy URU,DF,23,12,12,"1,080",12.0,1,0,1,1,0,0,3,0,0.08,0.00,0.08,0.08,0.08,Matches,Copa CONMEBOL Sudamericana,2025
cfd4363e,Santiago Ramírez Debali,uy URU,DF,26,20,12,917,10.2,2,0,2,2,0,0,5,1,0.20,0.00,0.20,0.20,0.20,Matches,Copa CONMEBOL Sudamericana,2025
8aaef78e,Agustín Pereira,uy URU,DF,23,13,10,901,10.0,4,0,4,4,0,0,5,2,0.40,0.00,0.40,0.40,0.40,Matches,Copa CONMEBOL Sudamericana,2025
89b0924c,Álex Vázquez,uy URU,MF,22,12,10,768,8.5,0,0,0,0,0,0,5,1,0.00,0.00,0.00,0.00,0.00,Matches,Copa CONMEBOL Sudamericana,2025
31d72695,Iván Manzur,ar ARG,FW,20,15,8,715,7.9,2,0,2,2,0,0,2,0,0.25,0.00,0.25,0.25,0.25,Matches,Copa CONMEBOL Sudamericana,2025
40269e37,Hugo Silveira,uy URU,FW,31,13,7,709,7.9,1,0,1,1,0,0,3,0,0.13,0.00,0.13,0.13,0.13,Matches,Copa CONMEBOL Sudamericana,2025
edb9c55f,Jorge Severo,uy URU,FW,19,17,7,697,7.7,0,0,0,0,0,0,2,0,0.00,0.00,0.00,0.00,0.00,Matches,Copa CONMEBOL Sudamericana,2025
018c71c6,Yury Oyarzo,uy URU,DF,17,13,7,550,6.1,0,0,0,0,0,0,3,0,0.00,0.00,0.00,0.00,0.00,Matches,Copa CONMEBOL Sudamericana,2025
61b70b21,Yonatan Rodríguez,uy URU,MF,31,9,6,540,6.0,0,0,0,0,0,0,3,0,0.00,0.00,0.00,0.00,0.00,Matches,Copa CONMEBOL Sudamericana,2025
6d831090,Facundo González,uy URU,DF,19,9,6,531,5.9,1,0,1,0,1,1,2,0,0.17,0.00,0.17,0.00,0.00,Matches,Copa CONMEBOL Sudamericana,2025
f2cc42fb,Diego Cheuquepal,ar ARG,DF,18,10,5,451,5.0,0,0,0,0,0,0,2,0,0.00,0.00,0.00,0.00,0.00,Matches,Copa CONMEBOL Sudamericana,2025
79e51865,Felipe Martín Álvarez,ar ARG,DF,20,9,5,440,4.9,1,0,1,1,0,0,0,1,0.20,0.00,0.20,0.20,0.20,Matches,Copa CONMEBOL Sudamericana,2025
d14fed5f,Franco Suárez,uy URU,MF,21,10,4,328,3.6,0,0,0,0,0,0,0,0,0.00,0.00,0.00,0.00,0.00,Matches,Copa CONMEBOL Sudamericana,2025
56b4aec9,Pablo Viudez,uy URU,FW,20,7,4,295,3.3,0,0,0,0,0,0,0,0,0.00,0.00,0.00,0.00,0.00,Matches,Copa CONMEBOL Sudamericana,2025
90fb7598,José Pablo Varela,uy URU,FW,36,5,3,263,2.9,0,1,1,0,0,0,0,0,0.00,0.34,0.34,0.00,0.34,Matches,Copa CONMEBOL Sudamericana,2025
2656e891,Maximiliano Pinela,uy URU,DF,19,9,2,372,4.1,0,0,0,0,0,0,1,0,0.00,0.00,0.00,0.00,0.00,Matches,Copa CONMEBOL Sudamericana,2025
a92c629d,Matias Fonseca,uy URU,FW,23,5,1,184,2.0,0,0,0,0,0,0,0,1,0.00,0.00,0.00,0.00,0.00,Matches,Copa CONMEBOL Sudamericana,2025
7c9dd4c3,Anderson Rodríguez,uy URU,FW,18,6,1,150,1.7,0,0,0,0,0,0,1,0,0.00,0.00,0.00,0.00,0.00,Matches,Copa CONMEBOL Sudamericana,2025
e47fa39c,Agustín Kahl,ar ARG,FW,21,2,1,97,1.1,0,0,0,0,0,0,0,0,0.00,0.00,0.00,0.00,0.00,Matches,Copa CONMEBOL Sudamericana,2025
26626c5f,David Alfaro,uy URU,MF,18,2,0,90,1.0,0,0,0,0,0,0,1,0,0.00,0.00,0.00,0.00,0.00,Matches,Copa CONMEBOL Sudamericana,2025
bfd8b7c6,Axel Atum,ar ARG,MF,19,4,0,84,0.9,0,0,0,0,0,0,0,1,0.00,0.00,0.00,0.00,0.00,Matches,Copa CONMEBOL Sudamericana,2025
fd746885,Esteban de Lima,uy URU,DF,19,3,0,39,0.4,0,0,0,0,0,0,0,0,0.00,0.00,0.00,0.00,0.00,Matches,Copa CONMEBOL Sudamericana,2025
0cd08fac,Augusto Scarone,uy URU,FW,20,3,0,29,0.3,0,0,0,0,0,0,0,0,0.00,0.00,0.00,0.00,0.00,Matches,Copa CONMEBOL Sudamericana,2025
716aa214,Carlos Hernandez,pa PAN,FW,19,2,0,21,0.2,0,0,0,0,0,0,0,0,0.00,0.00,0.00,0.00,0.00,Matches,Copa CONMEBOL Sudamericana,2025
aee24043,Rodrigo Mederos,uy URU,MF,19,1,0,7,0.1,0,0,0,0,0,0,0,0,0.00,0.00,0.00,0.00,0.00,Matches,Copa CONMEBOL Sudamericana,2025
272e35af,Francisco Havranek,,MF,21,1,0,6,0.1,0,0,0,0,0,0,0,0,0.00,0.00,0.00,0.00,0.00,Matches,Copa CONMEBOL Sudamericana,2025
b4d3a3c0,Lucca Loprete,uy URU,MF,18,1,0,2,0.0,0,0,0,0,0,0,0,0,0.00,0.00,0.00,0.00,0.00,Matches,Copa CONMEBOL Sudamericana,2025
f891ab2c,Juan Dalies,uy URU,GK,21,0,0,,,,,,,,,,,,,,,,Matches,Copa CONMEBOL Sudamericana,2025
1288cbf7,Jhon Escobar,co COL,DF,18,0,0,,,,,,,,,,,,,,,,Matches,Copa CONMEBOL Sudamericana,2025
18f519fb,Facundo Machado,uy URU,GK,21,0,0,,,,,,,,,,,,,,,,Matches,Copa CONMEBOL Sudamericana,2025
e09d4461,Widen Saucedo,bo BOL,DF,27,27,25,"2,090",23.2,3,6,9,3,0,0,6,0,0.13,0.26,0.39,0.13,0.39,Matches,Copa CONMEBOL Sudamericana,2025
4bb23ee3,Gustavo Mendoza,bo BOL,MF,20,27,24,"2,102",23.4,1,4,5,1,0,0,1,0,0.04,0.17,0.21,0.04,0.21,Matches,Copa CONMEBOL Sudamericana,2025
f1cad4df,Erwin Sánchez,bo BOL,FW,32,28,21,"1,770",19.7,2,4,6,2,0,0,1,0,0.10,0.20,0.31,0.10,0.31,Matches,Copa CONMEBOL Sudamericana,2025
43d27dcd,Luis René Barboza,bo BOL,DF,31,22,20,"1,783",19.8,6,0,6,6,0,0,5,0,0.30,0.00,0.30,0.30,0.30,Matches,Copa CONMEBOL Sudamericana,2025
73fdbfcf,Enrique Flores,bo BOL,DF,30,25,19,"1,830",20.3,0,5,5,0,0,0,1,0,0.00,0.25,0.25,0.00,0.25,Matches,Copa CONMEBOL Sudamericana,2025
e135053f,Santiago Arce,bo BOL,MF,24,22,18,"1,545",17.2,0,1,1,0,0,0,9,0,0.00,0.06,0.06,0.00,0.06,Matches,Copa CONMEBOL Sudamericana,2025
3c491f8a,Leonardo Justiniano,bo BOL,DF,23,21,16,"1,507",16.7,1,0,1,1,0,0,2,0,0.06,0.00,0.06,0.06,0.06,Matches,Copa CONMEBOL Sudamericana,2025
bfebbc6a,Julio Herrera,bo BOL,FW,25,25,16,"1,402",15.6,3,4,7,0,3,3,5,0,0.19,0.26,0.45,0.00,0.26,Matches,Copa CONMEBOL Sudamericana,2025
a3eb6b73,Adalid Terrazas,bo BOL,MF,24,17,16,"1,285",14.3,7,2,9,6,1,2,2,0,0.49,0.14,0.63,0.42,0.56,Matches,Copa CONMEBOL Sudamericana,2025
6598571f,Kevin Gutiérrez,bo BOL,FW,17,19,15,"1,309",14.5,0,0,0,0,0,0,0,0,0.00,0.00,0.00,0.00,0.00,Matches,Copa CONMEBOL Sudamericana,2025
fb32f91e,Anthony Vásquez,co COL,FW,22,15,15,"1,179",13.1,12,1,13,9,3,3,1,0,0.92,0.08,0.99,0.69,0.76,Matches,Copa CONMEBOL Sudamericana,2025
a3a5cc1d,José Peñarrieta,bo BOL,GK,36,13,12,"1,161",12.9,0,0,0,0,0,0,1,0,0.00,0.00,0.00,0.00,0.00,Matches,Copa CONMEBOL Sudamericana,2025
4d8fef83,Cristian Valencia,co COL,DF,33,14,12,"1,133",12.6,0,0,0,0,0,0,3,0,0.00,0.00,0.00,0.00,0.00,Matches,Copa CONMEBOL Sudamericana,2025
b95ddcde,Luca Giossa,uy URU,GK,24,12,12,995,11.1,0,0,0,0,0,0,4,1,0.00,0.00,0.00,0.00,0.00,Matches,Copa CONMEBOL Sudamericana,2025
1c528b0c,Diego Mercado,,MF,,12,9,835,9.3,1,0,1,1,0,0,2,0,0.11,0.00,0.11,0.11,0.11,Matches,Copa CONMEBOL Sudamericana,2025
e20ffa69,Juan Carlos Montenegro,bo BOL,FW,27,13,9,717,8.0,1,4,5,1,0,0,2,0,0.13,0.50,0.63,0.13,0.63,Matches,Copa CONMEBOL Sudamericana,2025
958e0fc7,Marcelo De Lima Castro,bo BOL,DF,19,17,8,880,9.8,2,2,4,2,0,0,3,0,0.20,0.20,0.41,0.20,0.41,Matches,Copa CONMEBOL Sudamericana,2025
76f638ae,Hernán Rodríguez,bo BOL,FW,28,17,7,605,6.7,0,1,1,0,0,0,0,0,0.00,0.15,0.15,0.00,0.15,Matches,Copa CONMEBOL Sudamericana,2025
c51843ea,José Martínes,bo BOL,FW,22,8,6,541,6.0,3,1,4,3,0,1,0,1,0.50,0.17,0.67,0.50,0.67,Matches,Copa CONMEBOL Sudamericana,2025
8ba6fbcc,Rodrigo Saracho,ar ARG,GK,31,6,6,540,6.0,0,0,0,0,0,0,2,0,0.00,0.00,0.00,0.00,0.00,Matches,Copa CONMEBOL Sudamericana,2025
afcca759,Huberth Sánchez,co COL,DF,27,7,5,454,5.0,0,0,0,0,0,0,2,0,0.00,0.00,0.00,0.00,0.00,Matches,Copa CONMEBOL Sudamericana,2025
a387563a,Adriel Fernández,bo BOL,MF,28,7,5,351,3.9,0,0,0,0,0,0,0,0,0.00,0.00,0.00,0.00,0.00,Matches,Copa CONMEBOL Sudamericana,2025
f5e73636,Ivan Huayhuata,bo BOL,DF,35,6,5,291,3.2,0,0,0,0,0,0,1,0,0.00,0.00,0.00,0.00,0.00,Matches,Copa CONMEBOL Sudamericana,2025
d7661110,Oswaldo Blanco,co COL,FW,33,10,4,571,6.3,3,0,3,0,3,3,0,0,0.47,0.00,0.47,0.00,0.00,Matches,Copa CONMEBOL Sudamericana,2025
5b41c3de,Rodrigo Vargas Castillo,bo BOL,FW,30,8,4,309,3.4,3,0,3,3,0,0,0,0,0.87,0.00,0.87,0.87,0.87,Matches,Copa CONMEBOL Sudamericana,2025
f0131b85,Sebastian Villarroel,bo BOL,,17,4,4,225,2.5,0,0,0,0,0,0,1,0,0.00,0.00,0.00,0.00,0.00,Matches,Copa CONMEBOL Sudamericana,2025
a515364c,Rodrigo López,py PAR,MF,22,12,3,414,4.6,2,2,4,2,0,0,0,0,0.43,0.43,0.87,0.43,0.87,Matches,Copa CONMEBOL Sudamericana,2025
eebddba2,Mario Otazú,py PAR,MF,28,11,3,358,4.0,4,0,4,4,0,0,2,0,1.01,0.00,1.01,1.01,1.01,Matches,Copa CONMEBOL Sudamericana,2025
8ede4586,Alcides Ávalos,py PAR,FW,20,9,3,291,3.2,3,0,3,3,0,0,1,0,0.93,0.00,0.93,0.93,0.93,Matches,Copa CONMEBOL Sudamericana,2025
7dc863c0,Sebastián Viveros,co COL,MF,27,6,3,271,3.0,1,0,1,1,0,0,4,0,0.33,0.00,0.33,0.33,0.33,Matches,Copa CONMEBOL Sudamericana,2025
05c3e4f3,Lider Yanarico,bo BOL,DF,18,11,2,367,4.1,0,1,1,0,0,0,1,0,0.00,0.25,0.25,0.00,0.25,Matches,Copa CONMEBOL Sudamericana,2025
f1da04ed,Carlos Suárez,ve VEN,MF,32,7,2,234,2.6,0,0,0,0,0,0,2,0,0.00,0.00,0.00,0.00,0.00,Matches,Copa CONMEBOL Sudamericana,2025
66c498c1,Maximo Alonso,uy URU,FW,22,7,1,129,1.4,0,2,2,0,0,0,1,0,0.00,1.40,1.40,0.00,1.40,Matches,Copa CONMEBOL Sudamericana,2025
3509576f,Cesar Yucra,bo BOL,MF,21,3,0,60,0.7,0,0,0,0,0,0,0,0,0.00,0.00,0.00,0.00,0.00,Matches,Copa CONMEBOL Sudamericana,2025
04b47c99,Angel Vaca,bo BOL,MF,23,2,0,11,0.1,0,0,0,0,0,0,2,0,0.00,0.00,0.00,0.00,0.00,Matches,Copa CONMEBOL Sudamericana,2025
21f6e2f0,Munir Montenegro,bo BOL,MF,18,1,0,5,0.1,0,0,0,0,0,0,0,0,0.00,0.00,0.00,0.00,0.00,Matches,Copa CONMEBOL Sudamericana,2025
d982716f,Anthony Arandia,bo BOL,FW,18,1,0,2,0.0,0,0,0,0,0,0,0,0,0.00,0.00,0.00,0.00,0.00,Matches,Copa CONMEBOL Sudamericana,2025
9606263d,Gustavo Salvatierra,bo BOL,GK,32,0,0,,,,,,,,,,,,,,,,Matches,Copa CONMEBOL Sudamericana,2025
12319122,Jesus Saucedo,bo BOL,FW,19,0,0,,,,,,,,,,,,,,,,Matches,Copa CONMEBOL Sudamericana,2025
37f0823e,Luis Zambrano,bo BOL,GK,15,0,0,,,,,,,,,,,,,,,,Matches,Copa CONMEBOL Sudamericana,2025
9fe38594,Carlos Sejas,bo BOL,DF,21,28,28,"2,353",26.1,3,4,7,3,0,0,6,2,0.11,0.15,0.27,0.11,0.27,Matches,Copa CONMEBOL Sudamericana,2025
2bec1063,Jair Torrico,bo BOL,DF,38,27,24,"2,199",24.4,2,7,9,1,1,1,7,0,0.08,0.29,0.37,0.04,0.33,Matches,Copa CONMEBOL Sudamericana,2025
c8f9a488,Rodrigo Ramallo,bo BOL,"FW,MF",34,24,23,"1,935",21.5,10,5,15,10,0,1,10,2,0.47,0.23,0.70,0.47,0.70,Matches,Copa CONMEBOL Sudamericana,2025
be7bcbe9,Didí Torrico,bo BOL,MF,36,22,22,"1,840",20.4,1,0,1,1,0,0,9,1,0.05,0.00,0.05,0.05,0.05,Matches,Copa CONMEBOL Sudamericana,2025
ca5160b4,Alfredo Amarilla,py PAR,MF,23,24,21,"1,845",20.5,0,2,2,0,0,0,7,2,0.00,0.10,0.10,0.00,0.10,Matches,Copa CONMEBOL Sudamericana,2025
e970b458,Alan Terrazas,ar ARG,FW,25,18,17,"1,313",14.6,3,2,5,3,0,0,2,0,0.21,0.14,0.34,0.21,0.34,Matches,Copa CONMEBOL Sudamericana,2025
918a67b8,Ramiro Ballivián,bo BOL,DF,32,26,15,"1,515",16.8,1,0,1,1,0,0,4,0,0.06,0.00,0.06,0.06,0.06,Matches,Copa CONMEBOL Sudamericana,2025
a62a4be8,Leonardo Viviani,bo BOL,FW,17,22,14,"1,392",15.5,7,2,9,7,0,0,3,1,0.45,0.13,0.58,0.45,0.58,Matches,Copa CONMEBOL Sudamericana,2025
cee8ec2a,David Akologo,bo BOL,GK,27,14,14,"1,255",13.9,0,0,0,0,0,0,2,0,0.00,0.00,0.00,0.00,0.00,Matches,Copa CONMEBOL Sudamericana,2025
afcca759,Huberth Sánchez,co COL,DF,27,14,14,"1,174",13.0,3,0,3,3,0,0,6,2,0.23,0.00,0.23,0.23,0.23,Matches,Copa CONMEBOL Sudamericana,2025
288901de,Marcelo Gonzales,bo BOL,MF,19,14,14,"1,023",11.4,0,0,0,0,0,0,1,1,0.00,0.00,0.00,0.00,0.00,Matches,Copa CONMEBOL Sudamericana,2025
01e760e5,Iván Vidaurre,bo BOL,MF,37,15,13,"1,016",11.3,0,0,0,0,0,0,5,0,0.00,0.00,0.00,0.00,0.00,Matches,Copa CONMEBOL Sudamericana,2025
a387563a,Adriel Fernández,bo BOL,MF,28,16,13,933,10.4,2,2,4,1,1,1,0,0,0.19,0.19,0.39,0.10,0.29,Matches,Copa CONMEBOL Sudamericana,2025
959f6021,David Robles,py PAR,DF,33,12,12,"1,026",11.4,4,1,5,1,3,3,0,0,0.35,0.09,0.44,0.09,0.18,Matches,Copa CONMEBOL Sudamericana,2025
b4d3c56e,Cristian Enciso,py PAR,DF,33,10,10,889,9.9,0,0,0,0,0,0,3,1,0.00,0.00,0.00,0.00,0.00,Matches,Copa CONMEBOL Sudamericana,2025
4ca04d3a,Luis Cárdenas,bo BOL,GK,33,9,9,810,9.0,0,0,0,0,0,0,1,0,0.00,0.00,0.00,0.00,0.00,Matches,Copa CONMEBOL Sudamericana,2025
f5e73636,Ivan Huayhuata,bo BOL,DF,35,13,9,715,7.9,3,0,3,1,2,3,2,1,0.38,0.00,0.38,0.13,0.13,Matches,Copa CONMEBOL Sudamericana,2025
d5249e8b,Oscar Vaca,bo BOL,MF,36,10,8,724,8.0,0,1,1,0,0,0,1,0,0.00,0.12,0.12,0.00,0.12,Matches,Copa CONMEBOL Sudamericana,2025
121bc114,Amílcar Sánchez,bo BOL,MF,34,19,8,665,7.4,0,0,0,0,0,0,2,0,0.00,0.00,0.00,0.00,0.00,Matches,Copa CONMEBOL Sudamericana,2025
29350943,Joel Terrazas,bo BOL,GK,20,8,7,635,7.1,0,0,0,0,0,0,0,0,0.00,0.00,0.00,0.00,0.00,Matches,Copa CONMEBOL Sudamericana,2025
87a021b0,Roland Escobar,py PAR,FW,23,7,5,448,5.0,3,1,4,3,0,0,1,0,0.60,0.20,0.80,0.60,0.80,Matches,Copa CONMEBOL Sudamericana,2025
d7661110,Oswaldo Blanco,co COL,FW,33,14,4,568,6.3,3,0,3,1,2,3,1,0,0.48,0.00,0.48,0.16,0.16,Matches,Copa CONMEBOL Sudamericana,2025
6bcaa7bf,Guimer Justiniano,bo BOL,DF,35,7,4,452,5.0,0,0,0,0,0,0,3,0,0.00,0.00,0.00,0.00,0.00,Matches,Copa CONMEBOL Sudamericana,2025
e5d46564,Michael Ortega,co COL,MF,33,7,4,401,4.5,2,1,3,0,2,2,0,0,0.45,0.22,0.67,0.00,0.22,Matches,Copa CONMEBOL Sudamericana,2025
1432c274,Jair Reinoso,bo BOL,FW,39,5,4,334,3.7,5,1,6,4,1,1,1,0,1.35,0.27,1.62,1.08,1.35,Matches,Copa CONMEBOL Sudamericana,2025
ce194c8b,Miguel Mendoza,py PAR,FW,26,8,3,295,3.3,0,0,0,0,0,0,0,0,0.00,0.00,0.00,0.00,0.00,Matches,Copa CONMEBOL Sudamericana,2025
a115eaaa,Anderson Rey,bo BOL,FW,30,4,3,212,2.4,0,0,0,0,0,0,1,0,0.00,0.00,0.00,0.00,0.00,Matches,Copa CONMEBOL Sudamericana,2025
ba94063c,Ariel Flores,bo BOL,GK,20,9,2,345,3.8,0,0,0,0,0,0,2,0,0.00,0.00,0.00,0.00,0.00,Matches,Copa CONMEBOL Sudamericana,2025
63e31cb7,Brayan Aranibar,bo BOL,MF,26,8,2,233,2.6,0,0,0,0,0,0,0,0,0.00,0.00,0.00,0.00,0.00,Matches,Copa CONMEBOL Sudamericana,2025
c6735ac8,José Verdún,py PAR,FW,32,6,1,153,1.7,0,1,1,0,0,0,1,0,0.00,0.59,0.59,0.00,0.59,Matches,Copa CONMEBOL Sudamericana,2025
df3f8dd7,Sergio Ferreira,bo BOL,FW,21,6,1,142,1.6,0,0,0,0,0,0,1,0,0.00,0.00,0.00,0.00,0.00,Matches,Copa CONMEBOL Sudamericana,2025
742471bb,Jhosep Michel,bo BOL,MF,16,4,1,79,0.9,0,0,0,0,0,0,2,1,0.00,0.00,0.00,0.00,0.00,Matches,Copa CONMEBOL Sudamericana,2025
b002fb0c,Fernando Arispe,bo BOL,FW,16,1,1,70,0.8,0,0,0,0,0,0,0,0,0.00,0.00,0.00,0.00,0.00,Matches,Copa CONMEBOL Sudamericana,2025
086cb2c0,Wesley,br BRA,FW,27,7,0,101,1.1,1,0,1,1,0,0,0,0,0.89,0.00,0.89,0.89,0.89,Matches,Copa CONMEBOL Sudamericana,2025
205e5b36,José Berrios,,DF,,3,0,57,0.6,0,0,0,0,0,0,1,0,0.00,0.00,0.00,0.00,0.00,Matches,Copa CONMEBOL Sudamericana,2025
553f9c82,Fabinho,br BRA,MF,29,1,0,31,0.3,0,0,0,0,0,0,0,0,0.00,0.00,0.00,0.00,0.00,Matches,Copa CONMEBOL Sudamericana,2025
db8135d9,Enrique Troncoso,bo BOL,MF,23,3,0,29,0.3,0,0,0,0,0,0,0,0,0.00,0.00,0.00,0.00,0.00,Matches,Copa CONMEBOL Sudamericana,2025
6ae88324,Anghelo Sejas,,MF,,1,0,19,0.2,0,0,0,0,0,0,0,0,0.00,0.00,0.00,0.00,0.00,Matches,Copa CONMEBOL Sudamericana,2025
9b359f2f,Cristhian Abastoflor,bo BOL,MF,23,0,0,,,,,,,,,,,,,,,,Matches,Copa CONMEBOL Sudamericana,2025
59c7a6be,Jaime Alberto Cornejo,bo BOL,MF,30,0,0,,,,,,,,,,,,,,,,Matches,Copa CONMEBOL Sudamericana,2025
cd8303ee,Santiago Carrasco,,,,0,0,,,,,,,,,,,,,,,,Matches,Copa CONMEBOL Sudamericana,2025
d521907b,Matias Cortez,bo BOL,GK,18,0,0,,,,,,,,,,,,,,,,Matches,Copa CONMEBOL Sudamericana,2025
5338dd82,Jesús Yendis,ve VEN,DF,26,24,24,"2,128",23.6,0,,,0,0,0,8,0,0.00,,,0.00,,Matches,Copa CONMEBOL Sudamericana,2025
02bae49b,Frankarlos Benítez,ve VEN,GK,20,22,22,"1,980",22.0,0,,,0,0,0,2,0,0.00,,,0.00,,Matches,Copa CONMEBOL Sudamericana,2025
56b8126a,Luis Mago,ve VEN,DF,30,21,20,"1,830",20.3,0,,,0,0,0,4,0,0.00,,,0.00,,Matches,Copa CONMEBOL Sudamericana,2025
efdb0dd2,Edgardo Rito,ve VEN,DF,28,22,20,"1,742",19.4,0,,,0,0,0,6,1,0.00,,,0.00,,Matches,Copa CONMEBOL Sudamericana,2025
1f2f3863,Michael Covea,ve VEN,"FW,MF",31,25,19,"1,585",17.6,5,,,3,2,2,9,0,0.28,,,0.17,,Matches,Copa CONMEBOL Sudamericana,2025
5551dc42,Vicente Rodríguez,ve VEN,MF,30,18,14,"1,209",13.4,0,,,0,0,0,3,0,0.00,,,0.00,,Matches,Copa CONMEBOL Sudamericana,2025
8898f8a2,Jeriel Córdova,ve VEN,FW,22,16,14,"1,179",13.1,5,,,5,0,0,11,1,0.38,,,0.38,,Matches,Copa CONMEBOL Sudamericana,2025
81067cb6,Francisco La Mantía,ve VEN,DF,28,14,13,"1,173",13.0,1,,,1,0,0,2,0,0.08,,,0.08,,Matches,Copa CONMEBOL Sudamericana,2025
56ee2518,José Chávez,ve VEN,"MF,FW",28,18,13,"1,072",11.9,7,,,7,0,1,4,0,0.59,,,0.59,,Matches,Copa CONMEBOL Sudamericana,2025
571052a8,Leslie Heráldez,pa PAN,MF,31,18,13,"1,015",11.3,1,,,1,0,0,2,0,0.09,,,0.09,,Matches,Copa CONMEBOL Sudamericana,2025
f842609f,Miguel Vegas,ve VEN,MF,18,16,12,920,10.2,0,,,0,0,0,3,0,0.00,,,0.00,,Matches,Copa CONMEBOL Sudamericana,2025
837bd7eb,Ender Echenique,ve VEN,"FW,MF",20,12,10,900,10.0,4,,,4,0,0,3,0,0.40,,,0.40,,Matches,Copa CONMEBOL Sudamericana,2025
5ba39651,Lucciano Reinoso,ve VEN,"FW,MF",18,18,10,892,9.9,1,,,1,0,0,3,0,0.10,,,0.10,,Matches,Copa CONMEBOL Sudamericana,2025
149e370b,Mauricio Márquez,ve VEN,"FW,MF",23,12,10,817,9.1,2,,,2,0,0,2,0,0.22,,,0.22,,Matches,Copa CONMEBOL Sudamericana,2025
819ff474,Irving Gudiño,pa PAN,MF,24,11,8,766,8.5,0,,,0,0,0,2,0,0.00,,,0.00,,Matches,Copa CONMEBOL Sudamericana,2025
dcef98f7,Jesús Quintero,ve VEN,DF,23,9,8,741,8.2,1,,,1,0,0,2,0,0.12,,,0.12,,Matches,Copa CONMEBOL Sudamericana,2025
cb98d15d,Daniel Aguilar,mx MEX,MF,26,12,7,610,6.8,1,,,1,0,0,2,0,0.15,,,0.15,,Matches,Copa CONMEBOL Sudamericana,2025
9ccbbda8,Brayan Rodríguez,ve VEN,DF,28,8,7,600,6.7,0,,,0,0,0,3,0,0.00,,,0.00,,Matches,Copa CONMEBOL Sudamericana,2025
215c2401,Wilfred Correa,ve VEN,"MF,FW",19,12,7,582,6.5,0,,,0,0,0,1,0,0.00,,,0.00,,Matches,Copa CONMEBOL Sudamericana,2025
a59bfab5,Néstor Jiménez,ve VEN,"MF,DF",21,18,6,620,6.9,0,,,0,0,0,5,2,0.00,,,0.00,,Matches,Copa CONMEBOL Sudamericana,2025
357b4056,Daniel Rivillo,ve VEN,DF,28,9,5,398,4.4,0,,,0,0,0,0,1,0.00,,,0.00,,Matches,Copa CONMEBOL Sudamericana,2025
9686ef02,Deivid Tegues,ve VEN,"FW,MF",20,11,4,412,4.6,1,,,1,0,0,1,0,0.22,,,0.22,,Matches,Copa CONMEBOL Sudamericana,2025
1851186e,Blessing Edet,ng NGA,DF,20,5,4,364,4.0,0,,,0,0,0,1,0,0.00,,,0.00,,Matches,Copa CONMEBOL Sudamericana,2025
ccc10a2d,Ángel Figueroa,ve VEN,"MF,FW",19,16,3,543,6.0,0,,,0,0,0,3,0,0.00,,,0.00,,Matches,Copa CONMEBOL Sudamericana,2025
e0f03a5a,Johan Murillo,co COL,"MF,FW",23,9,3,313,3.5,0,,,0,0,0,1,0,0.00,,,0.00,,Matches,Copa CONMEBOL Sudamericana,2025
2c127b6f,Wuilker Faríñez,ve VEN,GK,26,3,3,270,3.0,0,,,0,0,0,0,0,0.00,,,0.00,,Matches,Copa CONMEBOL Sudamericana,2025
c744087f,José Rondón,ve VEN,FW,19,6,2,222,2.5,0,,,0,0,1,0,0,0.00,,,0.00,,Matches,Copa CONMEBOL Sudamericana,2025
24c75149,Chris Martinez,,"MF,FW",,7,2,215,2.4,0,,,0,0,0,0,0,0.00,,,0.00,,Matches,Copa CONMEBOL Sudamericana,2025
79b8998d,Charly Vegas,ve VEN,FW,17,7,1,150,1.7,0,,,0,0,0,0,0,0.00,,,0.00,,Matches,Copa CONMEBOL Sudamericana,2025
b6f6cc54,Juan Vegas,ve VEN,GK,19,1,1,90,1.0,0,,,0,0,0,0,0,0.00,,,0.00,,Matches,Copa CONMEBOL Sudamericana,2025
096a15fa,Aytor Herrera,ve VEN,DF,17,3,1,70,0.8,0,,,0,0,0,0,0,0.00,,,0.00,,Matches,Copa CONMEBOL Sudamericana,2025
6e363453,Marco Morigi,ve VEN,MF,17,3,0,83,0.9,0,,,0,0,0,0,0,0.00,,,0.00,,Matches,Copa CONMEBOL Sudamericana,2025
8d9d7507,Piero Mollica,ve VEN,DF,19,1,0,52,0.6,0,,,0,0,0,0,0,0.00,,,0.00,,Matches,Copa CONMEBOL Sudamericana,2025
4c1550de,Lewuis Peña,ve VEN,FW,20,3,0,48,0.5,0,,,0,0,0,0,0,0.00,,,0.00,,Matches,Copa CONMEBOL Sudamericana,2025
3f3e9981,Shola Oduoye,ng NGA,FW,19,3,0,36,0.4,0,,,0,0,0,1,0,0.00,,,0.00,,Matches,Copa CONMEBOL Sudamericana,2025
af55da33,Rodhier Lezama,ve VEN,MF,19,0,0,,,,,,,,,,,,,,,,Matches,Copa CONMEBOL Sudamericana,2025
a59c090b,Éverson,br BRA,GK,34,36,36,"3,240",36.0,0,0,0,0,0,0,8,0,0.00,0.00,0.00,0.00,0.00,Matches,Copa CONMEBOL Sudamericana,2025
b18a3023,Júnior Alonso,py PAR,DF,31,31,31,"2,610",29.0,1,1,2,1,0,0,6,2,0.03,0.03,0.07,0.03,0.07,Matches,Copa CONMEBOL Sudamericana,2025
c76b161b,Alan Franco,ec ECU,MF,26,30,30,"2,628",29.2,1,0,1,1,0,0,4,0,0.03,0.00,0.03,0.03,0.03,Matches,Copa CONMEBOL Sudamericana,2025
bffd5e50,Rony,br BRA,"FW,MF",29,35,29,"2,500",27.8,6,5,11,6,0,0,4,1,0.22,0.18,0.40,0.22,0.40,Matches,Copa CONMEBOL Sudamericana,2025
33a1f72e,Hulk,br BRA,"FW,MF",38,33,27,"2,438",27.1,8,6,14,7,1,1,9,0,0.30,0.22,0.52,0.26,0.48,Matches,Copa CONMEBOL Sudamericana,2025
2964fd20,Gustavo Scarpa,br BRA,MF,31,36,25,"2,302",25.6,1,3,4,1,0,0,3,0,0.04,0.12,0.16,0.04,0.16,Matches,Copa CONMEBOL Sudamericana,2025
0b618504,Natanael,br BRA,"DF,MF",23,34,24,"2,142",23.8,1,0,1,1,0,0,2,0,0.04,0.00,0.04,0.04,0.04,Matches,Copa CONMEBOL Sudamericana,2025
6a7fb945,Igor Gomes,br BRA,MF,25,34,21,"1,824",20.3,4,3,7,4,0,0,3,1,0.20,0.15,0.35,0.20,0.35,Matches,Copa CONMEBOL Sudamericana,2025
2b15a82a,Guilherme Arana,br BRA,"DF,MF",27,25,20,"1,748",19.4,1,1,2,1,0,0,7,0,0.05,0.05,0.10,0.05,0.10,Matches,Copa CONMEBOL Sudamericana,2025
f2c1300a,Vitor Hugo,br BRA,DF,33,23,20,"1,639",18.2,3,0,3,3,0,0,3,1,0.16,0.00,0.16,0.16,0.16,Matches,Copa CONMEBOL Sudamericana,2025
b5bf1770,Lyanco,br BRA,DF,27,17,17,"1,410",15.7,0,0,0,0,0,0,10,2,0.00,0.00,0.00,0.00,0.00,Matches,Copa CONMEBOL Sudamericana,2025
8b3b381b,Fausto Vera,ar ARG,MF,24,18,15,"1,127",12.5,1,0,1,1,0,0,3,0,0.08,0.00,0.08,0.08,0.08,Matches,Copa CONMEBOL Sudamericana,2025
5c8615dd,Tomás Cuello,ar ARG,"MF,FW",24,16,14,"1,203",13.4,1,1,2,1,0,0,3,1,0.07,0.07,0.15,0.07,0.15,Matches,Copa CONMEBOL Sudamericana,2025
895ef5ec,Dudu,br BRA,MF,33,18,14,"1,048",11.6,3,2,5,3,0,0,1,0,0.26,0.17,0.43,0.26,0.43,Matches,Copa CONMEBOL Sudamericana,2025
ab4b3e35,Bernard,br BRA,"MF,FW",32,30,12,"1,210",13.4,1,1,2,1,0,0,4,0,0.07,0.07,0.15,0.07,0.15,Matches,Copa CONMEBOL Sudamericana,2025
cf316639,Renzo Saravia,ar ARG,"DF,MF",31,19,12,"1,065",11.8,0,0,0,0,0,0,2,0,0.00,0.00,0.00,0.00,0.00,Matches,Copa CONMEBOL Sudamericana,2025
ae23d044,Rubens,br BRA,"MF,DF",23,13,11,"1,033",11.5,1,0,1,1,0,0,2,0,0.09,0.00,0.09,0.09,0.09,Matches,Copa CONMEBOL Sudamericana,2025
701bb051,Caio Paulista,br BRA,"MF,DF",26,20,10,885,9.8,0,0,0,0,0,0,2,0,0.00,0.00,0.00,0.00,0.00,Matches,Copa CONMEBOL Sudamericana,2025
01819e70,Gabriel Menino,br BRA,"MF,DF",24,23,9,889,9.9,1,1,2,1,0,0,1,0,0.10,0.10,0.20,0.10,0.20,Matches,Copa CONMEBOL Sudamericana,2025
b13e7a78,Alexsander,br BRA,MF,21,14,8,828,9.2,1,0,1,1,0,0,3,0,0.11,0.00,0.11,0.11,0.11,Matches,Copa CONMEBOL Sudamericana,2025
8ee6a7c1,Iván Román,cl CHI,DF,18,12,8,701,7.8,0,0,0,0,0,0,4,0,0.00,0.00,0.00,0.00,0.00,Matches,Copa CONMEBOL Sudamericana,2025
a378a02a,Ruan,br BRA,DF,25,11,7,811,9.0,1,0,1,1,0,0,4,0,0.11,0.00,0.11,0.11,0.11,Matches,Copa CONMEBOL Sudamericana,2025
1cb046cd,Biel,br BRA,"MF,FW",23,17,6,595,6.6,1,2,3,1,0,0,1,0,0.15,0.30,0.45,0.15,0.45,Matches,Copa CONMEBOL Sudamericana,2025
6b21b7b5,Reinier,br BRA,"FW,MF",23,13,3,333,3.7,0,0,0,0,0,0,2,0,0.00,0.00,0.00,0.00,0.00,Matches,Copa CONMEBOL Sudamericana,2025
d6667807,Patrick Silva,br BRA,MF,20,3,2,224,2.5,0,0,0,0,0,0,0,0,0.00,0.00,0.00,0.00,0.00,Matches,Copa CONMEBOL Sudamericana,2025
a5dedc6e,Rômulo,br BRA,DF,21,3,2,209,2.3,0,0,0,0,0,0,1,0,0.00,0.00,0.00,0.00,0.00,Matches,Copa CONMEBOL Sudamericana,2025
48048864,Igor Rabello,br BRA,DF,29,4,2,189,2.1,0,0,0,0,0,0,0,0,0.00,0.00,0.00,0.00,0.00,Matches,Copa CONMEBOL Sudamericana,2025
012beb6e,Gabriel Delfim,br BRA,GK,22,2,2,180,2.0,0,0,0,0,0,0,0,0,0.00,0.00,0.00,0.00,0.00,Matches,Copa CONMEBOL Sudamericana,2025
9109e933,Júnior Santos,br BRA,FW,30,16,1,361,4.0,2,0,2,2,0,0,1,0,0.50,0.00,0.50,0.50,0.50,Matches,Copa CONMEBOL Sudamericana,2025
e8ed7091,João Marcelo,br BRA,FW,19,7,0,68,0.8,1,1,2,1,0,0,0,0,1.32,1.32,2.65,1.32,2.65,Matches,Copa CONMEBOL Sudamericana,2025
61a05353,Brahian Palacios,co COL,MF,22,1,0,8,0.1,0,0,0,0,0,0,0,0,0.00,0.00,0.00,0.00,0.00,Matches,Copa CONMEBOL Sudamericana,2025
6fefa986,Cadu,br BRA,FW,20,1,0,7,0.1,0,0,0,0,0,0,0,0,0.00,0.00,0.00,0.00,0.00,Matches,Copa CONMEBOL Sudamericana,2025
f689c342,Isaac,br BRA,FW,20,1,0,6,0.1,0,0,0,0,0,0,0,0,0.00,0.00,0.00,0.00,0.00,Matches,Copa CONMEBOL Sudamericana,2025
80d18f26,Mateus Iseppe,br BRA,MF,18,1,0,3,0.0,0,0,0,0,0,0,0,0,0.00,0.00,0.00,0.00,0.00,Matches,Copa CONMEBOL Sudamericana,2025
69c4d392,Pedro Ataíde,br BRA,FW,19,0,0,,,,,,,,,,,,,,,,Matches,Copa CONMEBOL Sudamericana,2025
283b8443,João Gabriel Santos,br BRA,FW,15,0,0,,,,,,,,,,,,,,,,Matches,Copa CONMEBOL Sudamericana,2025
fe4c3b03,Índio,br BRA,MF,16,0,0,,,,,,,,,,,,,,,,Matches,Copa CONMEBOL Sudamericana,2025
a42637d3,Zé Phelipe,br BRA,MF,19,0,0,,,,,,,,,,,,,,,,Matches,Copa CONMEBOL Sudamericana,2025
5d839567,David Ramos,br BRA,MF,19,0,0,,,,,,,,,,,,,,,,Matches,Copa CONMEBOL Sudamericana,2025
f0b3d428,Robert,br BRA,GK,19,0,0,,,,,,,,,,,,,,,,Matches,Copa CONMEBOL Sudamericana,2025
971e8602,Vitão,br BRA,DF,16,0,0,,,,,,,,,,,,,,,,Matches,Copa CONMEBOL Sudamericana,2025
dc3e5f0e,Wallysson,br BRA,FW,16,0,0,,,,,,,,,,,,,,,,Matches,Copa CONMEBOL Sudamericana,2025
f624379d,Iván Colman,ar ARG,MF,29,35,35,"3,027",33.6,6,18,24,3,3,4,4,0,0.18,0.54,0.71,0.09,0.62,Matches,Copa CONMEBOL Sudamericana,2025
7b485136,Álvaro Ampuero,pe PER,DF,32,35,34,"2,996",33.3,2,1,3,2,0,0,6,0,0.06,0.03,0.09,0.06,0.09,Matches,Copa CONMEBOL Sudamericana,2025
d2ed83dd,Carlo Diez,pe PER,MF,28,35,34,"2,720",30.2,1,2,3,1,0,0,3,0,0.03,0.07,0.10,0.03,0.10,Matches,Copa CONMEBOL Sudamericana,2025
c358dc54,Oswaldo Valenzuela,pe PER,"DF,MF",24,33,33,"2,942",32.7,0,1,1,0,0,0,8,0,0.00,0.03,0.03,0.00,0.03,Matches,Copa CONMEBOL Sudamericana,2025
9ebe2571,Aldair Fuentes,pe PER,"MF,DF",27,33,33,"2,851",31.7,3,0,3,3,0,0,10,2,0.09,0.00,0.09,0.09,0.09,Matches,Copa CONMEBOL Sudamericana,2025
563b6eca,Pedro Díaz,pe PER,GK,26,31,31,"2,790",31.0,0,1,1,0,0,0,4,0,0.00,0.03,0.03,0.00,0.03,Matches,Copa CONMEBOL Sudamericana,2025
0a598474,Marlon Ruidías,pe PER,DF,25,34,31,"2,569",28.5,1,2,3,1,0,0,10,1,0.04,0.07,0.11,0.04,0.11,Matches,Copa CONMEBOL Sudamericana,2025
4f9d6159,Nicolás Silva,ar ARG,MF,35,34,31,"2,375",26.4,3,5,8,3,0,0,4,0,0.11,0.19,0.30,0.11,0.30,Matches,Copa CONMEBOL Sudamericana,2025
fe6ad9bb,Lucas Colitto,ar ARG,"FW,MF",30,28,25,"2,148",23.9,4,10,14,4,0,1,1,0,0.17,0.42,0.59,0.17,0.59,Matches,Copa CONMEBOL Sudamericana,2025
a5f03b13,Facundo Callejo,ar ARG,"MF,FW",32,30,25,"2,122",23.6,24,4,28,21,3,3,3,0,1.02,0.17,1.19,0.89,1.06,Matches,Copa CONMEBOL Sudamericana,2025
42949815,Carlos Gamarra,pe PER,"MF,DF",24,25,18,"1,585",17.6,0,1,1,0,0,0,3,1,0.00,0.06,0.06,0.00,0.06,Matches,Copa CONMEBOL Sudamericana,2025
94d3350f,Marco Saravia,pe PER,"MF,DF",25,15,15,"1,343",14.9,2,0,2,2,0,0,4,0,0.13,0.00,0.13,0.13,0.13,Matches,Copa CONMEBOL Sudamericana,2025
5efebf63,Pierre da Silva,us USA,"MF,FW",26,29,14,"1,318",14.6,2,0,2,2,0,0,5,1,0.14,0.00,0.14,0.14,0.14,Matches,Copa CONMEBOL Sudamericana,2025
bb02ca73,Juan Manuel Tévez,ar ARG,"FW,MF",37,35,10,"1,185",13.2,11,0,11,8,3,3,6,0,0.84,0.00,0.84,0.61,0.61,Matches,Copa CONMEBOL Sudamericana,2025
4437f720,José Zevallos,pe PER,"DF,MF",26,22,4,568,6.3,0,0,0,0,0,0,1,0,0.00,0.00,0.00,0.00,0.00,Matches,Copa CONMEBOL Sudamericana,2025
5289940a,Andy Vidal,pe PER,GK,30,4,4,360,4.0,0,0,0,0,0,0,1,0,0.00,0.00,0.00,0.00,0.00,Matches,Copa CONMEBOL Sudamericana,2025
4d70636b,Miguel Aucca,pe PER,MF,26,23,3,527,5.9,2,0,2,2,0,0,4,0,0.34,0.00,0.34,0.34,0.34,Matches,Copa CONMEBOL Sudamericana,2025
00c07475,Alessandro Milesi,pe PER,DF,25,18,3,436,4.8,0,0,0,0,0,0,2,0,0.00,0.00,0.00,0.00,0.00,Matches,Copa CONMEBOL Sudamericana,2025
22b24aa0,Alex Custodio,pe PER,DF,21,15,2,375,4.2,0,0,0,0,0,0,3,1,0.00,0.00,0.00,0.00,0.00,Matches,Copa CONMEBOL Sudamericana,2025
8cc6f3dd,Julián Aquino,ar ARG,MF,20,9,0,140,1.6,0,0,0,0,0,0,1,0,0.00,0.00,0.00,0.00,0.00,Matches,Copa CONMEBOL Sudamericana,2025
1fb3ef5c,Pablo Cárdenas,cl CHI,DF,24,5,0,45,0.5,0,0,0,0,0,0,0,0,0.00,0.00,0.00,0.00,0.00,Matches,Copa CONMEBOL Sudamericana,2025
a671d650,Santiago Gálvez,pe PER,FW,21,3,0,21,0.2,0,0,0,0,0,0,0,0,0.00,0.00,0.00,0.00,0.00,Matches,Copa CONMEBOL Sudamericana,2025
d77c1c45,Anthony Aoki,pe PER,MF,24,1,0,2,0.0,0,0,0,0,0,0,0,0,0.00,0.00,0.00,0.00,0.00,Matches,Copa CONMEBOL Sudamericana,2025
bcf56445,Eslyn Correa,pe PER,MF,19,0,0,,,,,,,,,,,,,,,,Matches,Copa CONMEBOL Sudamericana,2025
a65bf5ad,Sergio Quillahuaman,pe PER,MF,17,0,0,,,,,,,,,,,,,,,,Matches,Copa CONMEBOL Sudamericana,2025
3a6de75e,Sebastian Zarabia,pe PER,MF,19,0,0,,,,,,,,,,,,,,,,Matches,Copa CONMEBOL Sudamericana,2025
71862cd6,Fabio Pereyra,ar ARG,DF,35,31,30,"2,611",29.0,2,0,2,2,0,0,8,1,0.07,0.00,0.07,0.07,0.07,Matches,Copa CONMEBOL Sudamericana,2025
89c136f6,Hernán Galíndez,ec ECU,GK,37,27,27,"2,430",27.0,0,0,0,0,0,0,1,0,0.00,0.00,0.00,0.00,0.00,Matches,Copa CONMEBOL Sudamericana,2025
0ac8475f,Leonardo Gil,ar ARG,MF,33,29,27,"2,429",27.0,1,3,4,1,0,0,5,0,0.04,0.11,0.15,0.04,0.15,Matches,Copa CONMEBOL Sudamericana,2025
78d48e60,César Ibáñez,ar ARG,DF,25,27,27,"2,289",25.4,1,0,1,1,0,0,9,0,0.04,0.00,0.04,0.04,0.04,Matches,Copa CONMEBOL Sudamericana,2025
74b76abc,Matko Miljevic,us USA,MF,23,30,27,"2,217",24.6,7,3,10,4,3,3,8,0,0.28,0.12,0.41,0.16,0.28,Matches,Copa CONMEBOL Sudamericana,2025
14efa370,Tomás Guidara,ar ARG,DF,28,26,24,"2,161",24.0,0,2,2,0,0,0,8,0,0.00,0.08,0.08,0.00,0.08,Matches,Copa CONMEBOL Sudamericana,2025
5c0eca35,Leonel Pérez,ar ARG,MF,20,25,23,"1,953",21.7,0,0,0,0,0,0,6,0,0.00,0.00,0.00,0.00,0.00,Matches,Copa CONMEBOL Sudamericana,2025
9492f6e2,Eric Ramírez,ar ARG,"FW,MF",28,26,15,"1,294",14.4,3,1,4,2,1,1,5,0,0.21,0.07,0.28,0.14,0.21,Matches,Copa CONMEBOL Sudamericana,2025
18950a80,Marco Pellegrino,ar ARG,DF,22,15,14,"1,278",14.2,1,0,1,1,0,0,4,0,0.07,0.00,0.07,0.07,0.07,Matches,Copa CONMEBOL Sudamericana,2025
55ce9bfd,Walter Mazzantti,ar ARG,MF,28,16,13,"1,096",12.2,2,2,4,2,0,0,1,0,0.16,0.16,0.33,0.16,0.33,Matches,Copa CONMEBOL Sudamericana,2025
d9ebfcfa,Gabriel Alanís,ar ARG,MF,30,18,13,"1,067",11.9,0,0,0,0,0,0,0,0,0.00,0.00,0.00,0.00,0.00,Matches,Copa CONMEBOL Sudamericana,2025
ab874ea3,Pedro Ojeda,ar ARG,MF,27,26,12,"1,244",13.8,2,2,4,2,0,0,3,0,0.14,0.14,0.29,0.14,0.29,Matches,Copa CONMEBOL Sudamericana,2025
42b1a58a,Nehuén Paz,ar ARG,DF,31,11,11,990,11.0,0,0,0,0,0,0,1,0,0.00,0.00,0.00,0.00,0.00,Matches,Copa CONMEBOL Sudamericana,2025
7a012117,Juan Bisanz,ar ARG,MF,23,16,11,984,10.9,0,1,1,0,0,0,1,0,0.00,0.09,0.09,0.00,0.09,Matches,Copa CONMEBOL Sudamericana,2025
9c874e17,Rodrigo Cabral,ar ARG,MF,24,18,11,728,8.1,1,1,2,1,0,0,5,0,0.12,0.12,0.25,0.12,0.25,Matches,Copa CONMEBOL Sudamericana,2025
74d84a14,Luciano Giménez,ar ARG,FW,24,11,10,789,8.8,2,1,3,2,0,0,2,1,0.23,0.11,0.34,0.23,0.34,Matches,Copa CONMEBOL Sudamericana,2025
f775c775,Leonardo Sequeira,ar ARG,"FW,MF",29,22,9,955,10.6,1,0,1,1,0,1,3,0,0.09,0.00,0.09,0.09,0.09,Matches,Copa CONMEBOL Sudamericana,2025
035db54d,Hernán De La Fuente,ar ARG,DF,28,13,8,709,7.9,0,0,0,0,0,0,2,0,0.00,0.00,0.00,0.00,0.00,Matches,Copa CONMEBOL Sudamericana,2025
bd7e2715,Agustín Urzi,ar ARG,MF,24,22,7,831,9.2,1,1,2,1,0,0,1,0,0.11,0.11,0.22,0.11,0.22,Matches,Copa CONMEBOL Sudamericana,2025
75aed4a8,Leandro Lescano,ar ARG,DF,21,12,5,619,6.9,2,1,3,2,0,0,3,0,0.29,0.15,0.44,0.29,0.44,Matches,Copa CONMEBOL Sudamericana,2025
a919be14,Matías Tissera,ar ARG,FW,28,18,5,461,5.1,2,1,3,2,0,0,0,0,0.39,0.20,0.59,0.39,0.59,Matches,Copa CONMEBOL Sudamericana,2025
6afd25e6,Hugo Nervo,ar ARG,DF,34,6,5,451,5.0,1,0,1,1,0,0,1,0,0.20,0.00,0.20,0.20,0.20,Matches,Copa CONMEBOL Sudamericana,2025
a3f3cf7a,Sebastián Meza,ar ARG,GK,24,5,5,450,5.0,0,0,0,0,0,0,3,0,0.00,0.00,0.00,0.00,0.00,Matches,Copa CONMEBOL Sudamericana,2025
d3b58aaa,Facundo Waller,uy URU,MF,27,7,5,444,4.9,0,1,1,0,0,0,1,0,0.00,0.20,0.20,0.00,0.20,Matches,Copa CONMEBOL Sudamericana,2025
b1665f1b,Nicolás Omar Goitea,ar ARG,DF,27,5,2,274,3.0,0,0,0,0,0,0,0,0,0.00,0.00,0.00,0.00,0.00,Matches,Copa CONMEBOL Sudamericana,2025
0d7ad669,Franco Watson,ar ARG,MF,25,5,2,197,2.2,0,0,0,0,0,0,0,0,0.00,0.00,0.00,0.00,0.00,Matches,Copa CONMEBOL Sudamericana,2025
b537d6e6,Daniel Zabala,ar ARG,DF,22,2,2,101,1.1,0,0,0,0,0,0,0,0,0.00,0.00,0.00,0.00,0.00,Matches,Copa CONMEBOL Sudamericana,2025
2bfc68c3,Lucas Carrizo,ar ARG,MF,27,3,1,96,1.1,0,0,0,0,0,0,0,0,0.00,0.00,0.00,0.00,0.00,Matches,Copa CONMEBOL Sudamericana,2025
7d270ea5,Lautaro Mora,ar ARG,MF,18,1,1,59,0.7,0,0,0,0,0,0,0,0,0.00,0.00,0.00,0.00,0.00,Matches,Copa CONMEBOL Sudamericana,2025
db5ee72d,Ramón Ábila,ar ARG,FW,35,13,0,261,2.9,0,0,0,0,0,0,1,0,0.00,0.00,0.00,0.00,0.00,Matches,Copa CONMEBOL Sudamericana,2025
31db1f95,Taiel Peralta,ar ARG,MF,16,5,0,58,0.6,0,0,0,0,0,0,0,0,0.00,0.00,0.00,0.00,0.00,Matches,Copa CONMEBOL Sudamericana,2025
45075f2f,Víctor Cantillo,co COL,MF,31,2,0,29,0.3,0,0,0,0,0,0,0,0,0.00,0.00,0.00,0.00,0.00,Matches,Copa CONMEBOL Sudamericana,2025
c043d0ed,Luca Babino,ar ARG,MF,19,0,0,,,,,,,,,,,,,,,,Matches,Copa CONMEBOL Sudamericana,2025
db8c83e8,Ignacio Campo,ar ARG,DF,19,0,0,,,,,,,,,,,,,,,,Matches,Copa CONMEBOL Sudamericana,2025
7079cb81,Nazareno Durán,ar ARG,,20,0,0,,,,,,,,,,,,,,,,Matches,Copa CONMEBOL Sudamericana,2025
0de1d20d,Santiago Moya,ar ARG,DF,21,0,0,,,,,,,,,,,,,,,,Matches,Copa CONMEBOL Sudamericana,2025
bccbcdc2,Milton Ríos,ar ARG,MF,20,0,0,,,,,,,,,,,,,,,,Matches,Copa CONMEBOL Sudamericana,2025
0631feb2,Aguilar Samaniego,ar ARG,DF,20,0,0,,,,,,,,,,,,,,,,Matches,Copa CONMEBOL Sudamericana,2025
0f2ff991,Agostino Spina,ar ARG,MF,23,0,0,,,,,,,,,,,,,,,,Matches,Copa CONMEBOL Sudamericana,2025
cbceba4f,Ángel Benítez,py PAR,"MF,DF",29,41,37,"3,318",36.9,1,0,1,1,0,0,11,2,0.03,0.00,0.03,0.03,0.03,Matches,Copa CONMEBOL Sudamericana,2025
52036d9a,Alfredo Aguilar,py PAR,GK,36,34,34,"3,033",33.7,0,1,1,0,0,0,4,0,0.00,0.03,0.03,0.00,0.03,Matches,Copa CONMEBOL Sudamericana,2025
8d528e7c,Alexis Villalba,py PAR,DF,26,33,32,"2,911",32.3,1,0,1,1,0,0,14,1,0.03,0.00,0.03,0.03,0.03,Matches,Copa CONMEBOL Sudamericana,2025
900551c9,Walter González,py PAR,FW,29,37,26,"2,370",26.3,8,3,11,7,1,2,8,0,0.30,0.11,0.42,0.27,0.38,Matches,Copa CONMEBOL Sudamericana,2025
3c611168,Lautaro Comas,ar ARG,MF,30,37,24,"2,208",24.5,5,5,10,4,1,2,4,0,0.20,0.20,0.41,0.16,0.37,Matches,Copa CONMEBOL Sudamericana,2025
dbeab38d,Julio Báez,py PAR,MF,25,34,24,"2,010",22.3,0,3,3,0,0,0,1,0,0.00,0.13,0.13,0.00,0.13,Matches,Copa CONMEBOL Sudamericana,2025
6e62658c,Marcelo Pérez,py PAR,FW,23,31,20,"1,736",19.3,7,2,9,5,2,3,3,1,0.36,0.10,0.47,0.26,0.36,Matches,Copa CONMEBOL Sudamericana,2025
1aa192b1,Santiago Ocampos,py PAR,DF,23,25,19,"1,796",20.0,0,1,1,0,0,0,3,0,0.00,0.05,0.05,0.00,0.05,Matches,Copa CONMEBOL Sudamericana,2025
a073f172,Jonathan Ramos,py PAR,"MF,FW",17,29,19,"1,255",13.9,1,0,1,1,0,0,4,0,0.07,0.00,0.07,0.07,0.07,Matches,Copa CONMEBOL Sudamericana,2025
f5c79ebc,Lucas Monzón,ar ARG,DF,22,18,18,"1,582",17.6,0,0,0,0,0,0,5,1,0.00,0.00,0.00,0.00,0.00,Matches,Copa CONMEBOL Sudamericana,2025
e3d97ec9,Víctor Quintana,py PAR,MF,21,19,18,"1,569",17.4,2,0,2,2,0,0,7,0,0.11,0.00,0.11,0.11,0.11,Matches,Copa CONMEBOL Sudamericana,2025
91628779,Sebastián Maldonado,py PAR,DF,24,21,16,"1,351",15.0,0,0,0,0,0,0,1,0,0.00,0.00,0.00,0.00,0.00,Matches,Copa CONMEBOL Sudamericana,2025
ab4ceec8,Fernando Benitez,mx MEX,MF,25,35,15,"1,283",14.3,1,0,1,1,0,0,7,0,0.07,0.00,0.07,0.07,0.07,Matches,Copa CONMEBOL Sudamericana,2025
a4e51420,Iván Arturo Torres,py PAR,"DF,MF",33,17,14,"1,316",14.6,0,1,1,0,0,0,4,0,0.00,0.07,0.07,0.00,0.07,Matches,Copa CONMEBOL Sudamericana,2025
385547bf,Rodrigo Alborno,py PAR,DF,31,15,14,"1,259",14.0,1,0,1,1,0,0,1,0,0.07,0.00,0.07,0.07,0.07,Matches,Copa CONMEBOL Sudamericana,2025
a6961543,Rodi Ferreira,py PAR,DF,26,15,13,"1,240",13.8,0,1,1,0,0,0,3,1,0.00,0.07,0.07,0.00,0.07,Matches,Copa CONMEBOL Sudamericana,2025
12b69e69,Adrián Brizuela,py PAR,DF,20,14,12,983,10.9,1,0,1,1,0,0,3,0,0.09,0.00,0.09,0.09,0.09,Matches,Copa CONMEBOL Sudamericana,2025
9996fdef,Walter Rodríguez,py PAR,MF,29,24,11,"1,014",11.3,0,0,0,0,0,0,7,0,0.00,0.00,0.00,0.00,0.00,Matches,Copa CONMEBOL Sudamericana,2025
7bda3d90,Pablo César Aguilar,py PAR,DF,37,14,11,943,10.5,0,0,0,0,0,0,4,0,0.00,0.00,0.00,0.00,0.00,Matches,Copa CONMEBOL Sudamericana,2025
16261349,Kevin Pereira,py PAR,"MF,FW",21,24,10,"1,178",13.1,2,2,4,2,0,0,1,0,0.15,0.15,0.31,0.15,0.31,Matches,Copa CONMEBOL Sudamericana,2025
29885059,Elvio Vera,py PAR,"MF,FW",24,15,10,972,10.8,2,1,3,2,0,0,0,1,0.19,0.09,0.28,0.19,0.28,Matches,Copa CONMEBOL Sudamericana,2025
c1fc8004,Alberto Espínola,py PAR,DF,33,11,10,888,9.9,0,1,1,0,0,0,2,1,0.00,0.10,0.10,0.00,0.10,Matches,Copa CONMEBOL Sudamericana,2025
b566d4d7,Julián Marchio,ar ARG,DF,24,11,10,877,9.7,1,0,1,1,0,0,4,2,0.10,0.00,0.10,0.10,0.10,Matches,Copa CONMEBOL Sudamericana,2025
877d1631,Sergio Díaz,py PAR,"MF,FW",26,16,9,794,8.8,2,1,3,2,0,1,2,0,0.23,0.11,0.34,0.23,0.34,Matches,Copa CONMEBOL Sudamericana,2025
6036bafd,Darío Ríos,ar ARG,MF,29,12,9,690,7.7,0,0,0,0,0,0,3,0,0.00,0.00,0.00,0.00,0.00,Matches,Copa CONMEBOL Sudamericana,2025
df85d472,Federico Santander,py PAR,FW,33,21,8,882,9.8,1,2,3,1,0,0,3,0,0.10,0.20,0.31,0.10,0.31,Matches,Copa CONMEBOL Sudamericana,2025
c7e8178d,Angel Espinola,ar ARG,GK,22,9,8,747,8.3,0,0,0,0,0,0,0,0,0.00,0.00,0.00,0.00,0.00,Matches,Copa CONMEBOL Sudamericana,2025
248dee8e,Brahian Ayala,py PAR,"MF,FW",29,20,7,795,8.8,2,0,2,1,1,2,6,1,0.23,0.00,0.23,0.11,0.11,Matches,Copa CONMEBOL Sudamericana,2025
60caf930,Oscar Caceres,,FW,,11,6,349,3.9,1,0,1,1,0,0,0,0,0.26,0.00,0.26,0.26,0.26,Matches,Copa CONMEBOL Sudamericana,2025
7ab9a99a,Mathías Suárez,py PAR,DF,19,7,5,458,5.1,0,0,0,0,0,0,1,0,0.00,0.00,0.00,0.00,0.00,Matches,Copa CONMEBOL Sudamericana,2025
05ff2f3a,Guillermo Hauché,ar ARG,MF,31,10,4,420,4.7,0,0,0,0,0,0,3,0,0.00,0.00,0.00,0.00,0.00,Matches,Copa CONMEBOL Sudamericana,2025
773801e8,Aldo Parra,py PAR,MF,22,11,3,336,3.7,0,0,0,0,0,0,0,0,0.00,0.00,0.00,0.00,0.00,Matches,Copa CONMEBOL Sudamericana,2025
b259bc00,Felipe Pasadore,ar ARG,"FW,MF",24,8,3,253,2.8,0,0,0,0,0,0,1,0,0.00,0.00,0.00,0.00,0.00,Matches,Copa CONMEBOL Sudamericana,2025
5ffcb475,Francisco Mongelos,py PAR,GK,19,2,2,180,2.0,0,0,0,0,0,0,0,0,0.00,0.00,0.00,0.00,0.00,Matches,Copa CONMEBOL Sudamericana,2025
c15460c3,Marcelo Jiménez,py PAR,DF,27,1,1,90,1.0,0,0,0,0,0,0,0,0,0.00,0.00,0.00,0.00,0.00,Matches,Copa CONMEBOL Sudamericana,2025
ca741c48,Blas Escobar,py PAR,FW,20,3,1,89,1.0,0,0,0,0,0,0,0,0,0.00,0.00,0.00,0.00,0.00,Matches,Copa CONMEBOL Sudamericana,2025
1bbc6223,Thiago Franco,py PAR,MF,18,1,1,45,0.5,0,0,0,0,0,0,0,0,0.00,0.00,0.00,0.00,0.00,Matches,Copa CONMEBOL Sudamericana,2025
8f587f69,Elías Contreras,ar ARG,MF,27,2,0,69,0.8,0,0,0,0,0,0,0,0,0.00,0.00,0.00,0.00,0.00,Matches,Copa CONMEBOL Sudamericana,2025
09eea71c,Joelson Gamarra,py PAR,MF,17,1,0,17,0.2,0,0,0,0,0,0,0,0,0.00,0.00,0.00,0.00,0.00,Matches,Copa CONMEBOL Sudamericana,2025
e6e2ae05,Fernando Bobadilla,py PAR,MF,21,1,0,14,0.2,0,0,0,0,0,0,0,0,0.00,0.00,0.00,0.00,0.00,Matches,Copa CONMEBOL Sudamericana,2025
079d4bba,Hugo Dorrego,uy URU,MF,31,2,0,10,0.1,0,0,0,0,0,0,0,0,0.00,0.00,0.00,0.00,0.00,Matches,Copa CONMEBOL Sudamericana,2025
bd350c15,Thiago Cáceres,py PAR,DF,20,1,0,6,0.1,0,0,0,0,0,0,0,0,0.00,0.00,0.00,0.00,0.00,Matches,Copa CONMEBOL Sudamericana,2025
cdd486ac,Diego Arzamendia,py PAR,DF,20,0,0,,,,,,,,,,,,,,,,Matches,Copa CONMEBOL Sudamericana,2025
12f418aa,Josías Bobadilla,,,,0,0,,,,,,,,,,,,,,,,Matches,Copa CONMEBOL Sudamericana,2025
3477ee24,Jonathan Diaz,py PAR,DF,19,0,0,,,,,,,,,,,,,,,,Matches,Copa CONMEBOL Sudamericana,2025
0da70b89,Sebastian Ferreira,,MF,,0,0,,,,,,,,,,,,,,,,Matches,Copa CONMEBOL Sudamericana,2025
27571c80,Hugo Gaona,py PAR,GK,20,0,0,,,,,,,,,,,,,,,,Matches,Copa CONMEBOL Sudamericana,2025
97e6a9f6,Joaquín Parede,py PAR,DF,21,0,0,,,,,,,,,,,,,,,,Matches,Copa CONMEBOL Sudamericana,2025
f5dfc256,Léo Jardim,br BRA,GK,29,36,36,"3,235",35.9,0,0,0,0,0,0,2,1,0.00,0.00,0.00,0.00,0.00,Matches,Copa CONMEBOL Sudamericana,2025
c28df63c,Nuno Gonçalo Moreira,pt POR,"MF,FW",25,36,35,"2,549",28.3,7,5,12,7,0,0,4,0,0.25,0.18,0.42,0.25,0.42,Matches,Copa CONMEBOL Sudamericana,2025
288647fc,Rayan,br BRA,"MF,FW",18,34,32,"2,835",31.5,14,1,15,12,2,2,4,0,0.44,0.03,0.48,0.38,0.41,Matches,Copa CONMEBOL Sudamericana,2025
0ef89a37,Philippe Coutinho,br BRA,MF,32,30,30,"2,403",26.7,5,3,8,5,0,0,3,1,0.19,0.11,0.30,0.19,0.30,Matches,Copa CONMEBOL Sudamericana,2025
defce7f1,Lucas Piton,br BRA,DF,24,30,29,"2,545",28.3,1,7,8,1,0,0,5,0,0.04,0.25,0.28,0.04,0.28,Matches,Copa CONMEBOL Sudamericana,2025
25a0cb08,Paulo Henrique,br BRA,DF,28,28,28,"2,490",27.7,1,8,9,1,0,0,11,1,0.04,0.29,0.33,0.04,0.33,Matches,Copa CONMEBOL Sudamericana,2025
14100165,Hugo Moura,br BRA,"MF,DF",27,33,28,"2,411",26.8,0,1,1,0,0,0,6,2,0.00,0.04,0.04,0.00,0.04,Matches,Copa CONMEBOL Sudamericana,2025
06cc28cd,Pablo Vegetti,ar ARG,FW,36,35,27,"2,335",25.9,14,1,15,11,3,3,3,0,0.54,0.04,0.58,0.42,0.46,Matches,Copa CONMEBOL Sudamericana,2025
5f2caf8f,Tchê Tchê,br BRA,MF,32,29,24,"2,000",22.2,1,0,1,1,0,0,3,0,0.05,0.00,0.05,0.05,0.05,Matches,Copa CONMEBOL Sudamericana,2025
a92be6c1,Lucas Freitas,br BRA,DF,24,21,19,"1,552",17.2,1,0,1,1,0,0,4,0,0.06,0.00,0.06,0.06,0.06,Matches,Copa CONMEBOL Sudamericana,2025
d60cf08d,João Victor,br BRA,DF,26,16,16,"1,435",15.9,1,0,1,1,0,0,3,0,0.06,0.00,0.06,0.06,0.06,Matches,Copa CONMEBOL Sudamericana,2025
6ae4627b,Cauan Barros,br BRA,MF,20,17,16,"1,340",14.9,1,0,1,1,0,0,5,0,0.07,0.00,0.07,0.07,0.07,Matches,Copa CONMEBOL Sudamericana,2025
6f1a7f76,José Luis Rodríguez Bebanz,uy URU,DF,27,25,15,"1,446",16.1,2,2,4,2,0,0,0,0,0.12,0.12,0.25,0.12,0.25,Matches,Copa CONMEBOL Sudamericana,2025
168a2e81,Robert Renan,br BRA,DF,21,15,15,"1,287",14.3,0,0,0,0,0,0,2,0,0.00,0.00,0.00,0.00,0.00,Matches,Copa CONMEBOL Sudamericana,2025
574fff8c,Carlos Cuesta,co COL,DF,25,13,12,"1,092",12.1,1,0,1,1,0,0,3,0,0.08,0.00,0.08,0.08,0.08,Matches,Copa CONMEBOL Sudamericana,2025
76a82373,Andrés Gómez,co COL,MF,22,16,10,"1,028",11.4,1,5,6,1,0,0,1,0,0.09,0.44,0.53,0.09,0.53,Matches,Copa CONMEBOL Sudamericana,2025
f3466edc,Jair,br BRA,MF,30,11,7,559,6.2,0,0,0,0,0,0,3,0,0.00,0.00,0.00,0.00,0.00,Matches,Copa CONMEBOL Sudamericana,2025
92f9ace5,David,br BRA,"MF,FW",29,24,5,750,8.3,2,3,5,2,0,0,3,1,0.24,0.36,0.60,0.24,0.60,Matches,Copa CONMEBOL Sudamericana,2025
35f270b7,Mateus Cocão,br BRA,MF,22,19,5,593,6.6,0,0,0,0,0,0,1,0,0.00,0.00,0.00,0.00,0.00,Matches,Copa CONMEBOL Sudamericana,2025
2d215840,Paulinho,br BRA,MF,28,11,4,310,3.4,0,0,0,0,0,0,2,0,0.00,0.00,0.00,0.00,0.00,Matches,Copa CONMEBOL Sudamericana,2025
c6e5d20f,Thiago Mendes,br BRA,MF,32,8,3,300,3.3,0,0,0,0,0,0,1,0,0.00,0.00,0.00,0.00,0.00,Matches,Copa CONMEBOL Sudamericana,2025
351780d8,Benjamín Garré,ar ARG,MF,24,10,3,293,3.3,0,0,0,0,0,0,1,0,0.00,0.00,0.00,0.00,0.00,Matches,Copa CONMEBOL Sudamericana,2025
8b7b78ac,Luiz Gustavo,br BRA,DF,18,5,3,288,3.2,0,0,0,0,0,0,3,0,0.00,0.00,0.00,0.00,0.00,Matches,Copa CONMEBOL Sudamericana,2025
dbe5a587,Mauricio Lemos,uy URU,DF,29,4,3,243,2.7,0,0,0,0,0,0,0,0,0.00,0.00,0.00,0.00,0.00,Matches,Copa CONMEBOL Sudamericana,2025
077faf72,Matheus França,br BRA,"MF,FW",20,15,2,386,4.3,0,0,0,0,0,0,1,0,0.00,0.00,0.00,0.00,0.00,Matches,Copa CONMEBOL Sudamericana,2025
cc68c4d3,Victor Luis,br BRA,"MF,DF",31,7,2,273,3.0,0,0,0,0,0,0,0,1,0.00,0.00,0.00,0.00,0.00,Matches,Copa CONMEBOL Sudamericana,2025
96d8b3d1,Lucas Oliveira,br BRA,DF,28,8,2,259,2.9,0,0,0,0,0,0,1,0,0.00,0.00,0.00,0.00,0.00,Matches,Copa CONMEBOL Sudamericana,2025
aea6ca59,Loide Augusto,ao ANG,MF,24,10,2,192,2.1,0,0,0,0,0,0,1,0,0.00,0.00,0.00,0.00,0.00,Matches,Copa CONMEBOL Sudamericana,2025
58ae47b2,Dimitri Payet,fr FRA,MF,37,4,2,191,2.1,0,2,2,0,0,0,0,0,0.00,0.94,0.94,0.00,0.94,Matches,Copa CONMEBOL Sudamericana,2025
82328faf,Daniel Fuzato,br BRA,GK,27,3,2,182,2.0,0,0,0,0,0,0,0,0,0.00,0.00,0.00,0.00,0.00,Matches,Copa CONMEBOL Sudamericana,2025
ff112582,Juan Sforza,ar ARG,MF,22,2,1,71,0.8,0,0,0,0,0,0,0,0,0.00,0.00,0.00,0.00,0.00,Matches,Copa CONMEBOL Sudamericana,2025
eda38706,Adson,br BRA,MF,24,10,0,210,2.3,0,0,0,0,0,0,0,0,0.00,0.00,0.00,0.00,0.00,Matches,Copa CONMEBOL Sudamericana,2025
56a85c3b,Gabriel Souza,br BRA,MF,20,12,0,136,1.5,2,0,2,2,0,0,0,0,1.32,0.00,1.32,1.32,1.32,Matches,Copa CONMEBOL Sudamericana,2025
ae530c73,Alex Teixeira,br BRA,"FW,MF",35,9,0,118,1.3,0,0,0,0,0,0,1,0,0.00,0.00,0.00,0.00,0.00,Matches,Copa CONMEBOL Sudamericana,2025
c27450ec,Leandrinho,br BRA,DF,19,2,0,57,0.6,0,0,0,0,0,0,0,0,0.00,0.00,0.00,0.00,0.00,Matches,Copa CONMEBOL Sudamericana,2025
ad792e99,Lukas Zuccarello,br BRA,MF,18,2,0,24,0.3,0,0,0,0,0,0,0,0,0.00,0.00,0.00,0.00,0.00,Matches,Copa CONMEBOL Sudamericana,2025
df090e8c,Guilherme Estrella,br BRA,MF,19,1,0,19,0.2,0,0,0,0,0,0,0,0,0.00,0.00,0.00,0.00,0.00,Matches,Copa CONMEBOL Sudamericana,2025
1d5d1d4a,Leo Jacó,br BRA,FW,19,2,0,16,0.2,0,0,0,0,0,0,0,0,0.00,0.00,0.00,0.00,0.00,Matches,Copa CONMEBOL Sudamericana,2025
dc7acc74,Jean Meneses,cl CHI,"FW,MF",31,1,0,1,0.0,0,0,0,0,0,0,0,0,0.00,0.00,0.00,0.00,0.00,Matches,Copa CONMEBOL Sudamericana,2025
ad5cd8fb,Allan,br BRA,GK,21,0,0,,,,,,,,,,,,,,,,Matches,Copa CONMEBOL Sudamericana,2025
19536a8f,Avellar,br BRA,DF,18,0,0,,,,,,,,,,,,,,,,Matches,Copa CONMEBOL Sudamericana,2025
edb1ff12,Euder,br BRA,MF,19,0,0,,,,,,,,,,,,,,,,Matches,Copa CONMEBOL Sudamericana,2025
de789253,Phillipe Gabriel,br BRA,GK,18,0,0,,,,,,,,,,,,,,,,Matches,Copa CONMEBOL Sudamericana,2025
2b256166,Diego Minete,br BRA,FW,16,0,0,,,,,,,,,,,,,,,,Matches,Copa CONMEBOL Sudamericana,2025
df4b335a,Pablo,br BRA,GK,21,0,0,,,,,,,,,,,,,,,,Matches,Copa CONMEBOL Sudamericana,2025
0636d932,Paulinho,br BRA,DF,19,0,0,,,,,,,,,,,,,,,,Matches,Copa CONMEBOL Sudamericana,2025
fb6530de,Josef de Souza,br BRA,MF,35,0,0,,,,,,,,,,,,,,,,Matches,Copa CONMEBOL Sudamericana,2025
b77a8393,Breno Vereza,br BRA,DF,17,0,0,,,,,,,,,,,,,,,,Matches,Copa CONMEBOL Sudamericana,2025
02291928,Agustín Manzur,ps PLE,MF,24,40,39,"3,292",36.6,5,5,10,2,3,4,8,0,0.14,0.14,0.27,0.05,0.19,Matches,Copa CONMEBOL Sudamericana,2025
6359a492,Alcides Benítez,py PAR,"MF,DF",22,41,39,"3,218",35.8,2,3,5,2,0,0,4,0,0.06,0.08,0.14,0.06,0.14,Matches,Copa CONMEBOL Sudamericana,2025
425ccb0d,Luis Martínez,py PAR,MF,24,34,32,"2,665",29.6,0,3,3,0,0,0,6,1,0.00,0.10,0.10,0.00,0.10,Matches,Copa CONMEBOL Sudamericana,2025
b80f4cdf,Fernando Fernández,py PAR,"FW,MF",33,36,32,"2,563",28.5,13,6,19,13,0,0,5,0,0.46,0.21,0.67,0.46,0.67,Matches,Copa CONMEBOL Sudamericana,2025
068b8f0e,Mario López Quintana,py PAR,DF,29,35,31,"2,686",29.8,0,0,0,0,0,0,6,0,0.00,0.00,0.00,0.00,0.00,Matches,Copa CONMEBOL Sudamericana,2025
317b8abf,Alexis Cantero,py PAR,"DF,MF",21,21,20,"1,637",18.2,1,1,2,1,0,0,3,0,0.05,0.05,0.11,0.05,0.11,Matches,Copa CONMEBOL Sudamericana,2025
669ad503,Aldo Pérez,py PAR,GK,24,19,19,"1,710",19.0,0,0,0,0,0,0,1,0,0.00,0.00,0.00,0.00,0.00,Matches,Copa CONMEBOL Sudamericana,2025
be9126e8,Gustavo Vargas,py PAR,DF,23,19,19,"1,710",19.0,0,0,0,0,0,0,3,0,0.00,0.00,0.00,0.00,0.00,Matches,Copa CONMEBOL Sudamericana,2025
fced7132,Derlis Rodríguez,py PAR,MF,27,19,19,"1,545",17.2,5,3,8,4,1,1,2,0,0.29,0.17,0.47,0.23,0.41,Matches,Copa CONMEBOL Sudamericana,2025
1e88f0fc,Alcides Barbotte,py PAR,DF,22,21,18,"1,663",18.5,3,1,4,3,0,0,5,0,0.16,0.05,0.22,0.16,0.22,Matches,Copa CONMEBOL Sudamericana,2025
4d0d5020,Alexandro Maidana,py PAR,DF,19,23,18,"1,644",18.3,3,1,4,3,0,0,5,2,0.16,0.05,0.22,0.16,0.22,Matches,Copa CONMEBOL Sudamericana,2025
a057d59b,Sebastián Zaracho,py PAR,DF,26,19,18,"1,631",18.1,1,1,2,1,0,0,3,0,0.06,0.06,0.11,0.06,0.11,Matches,Copa CONMEBOL Sudamericana,2025
60abc068,Ivan Ramirez,py PAR,FW,20,23,18,"1,409",15.7,8,5,13,6,2,2,9,0,0.51,0.32,0.83,0.38,0.70,Matches,Copa CONMEBOL Sudamericana,2025
88f76c19,Jhon Jairo Sánchez,ec ECU,"MF,FW",25,19,16,"1,344",14.9,4,1,5,4,0,0,2,0,0.27,0.07,0.33,0.27,0.33,Matches,Copa CONMEBOL Sudamericana,2025
312a2c4d,Aldo Maíz,py PAR,MF,24,32,15,"1,562",17.4,0,1,1,0,0,0,8,0,0.00,0.06,0.06,0.00,0.06,Matches,Copa CONMEBOL Sudamericana,2025
035d1fc2,Daniel Pérez,py PAR,DF,31,18,15,"1,350",15.0,1,0,1,1,0,0,1,0,0.07,0.00,0.07,0.07,0.07,Matches,Copa CONMEBOL Sudamericana,2025
6cb18573,William Mendieta,py PAR,"FW,MF",36,25,14,"1,078",12.0,4,2,6,4,0,0,2,0,0.33,0.17,0.50,0.33,0.50,Matches,Copa CONMEBOL Sudamericana,2025
2587f99f,Thiago Servín,py PAR,DF,21,16,13,"1,093",12.1,0,0,0,0,0,0,3,0,0.00,0.00,0.00,0.00,0.00,Matches,Copa CONMEBOL Sudamericana,2025
189d9c64,Nicolás Barrientos,ar ARG,MF,29,15,13,920,10.2,0,0,0,0,0,0,0,0,0.00,0.00,0.00,0.00,0.00,Matches,Copa CONMEBOL Sudamericana,2025
ca4a086a,Danil Lipovoy,py PAR,"MF,DF",25,27,12,"1,339",14.9,7,0,7,5,2,2,6,0,0.47,0.00,0.47,0.34,0.34,Matches,Copa CONMEBOL Sudamericana,2025
8d2ed026,Martín Rodríguez,uy URU,GK,35,12,12,"1,080",12.0,0,0,0,0,0,0,0,0,0.00,0.00,0.00,0.00,0.00,Matches,Copa CONMEBOL Sudamericana,2025
62667393,Gaspar Servio,ar ARG,GK,32,10,10,899,10.0,3,0,3,0,3,3,2,1,0.30,0.00,0.30,0.00,0.00,Matches,Copa CONMEBOL Sudamericana,2025
d22d0a38,Richard Torales,py PAR,FW,23,34,8,"1,127",12.5,5,1,6,5,0,0,3,1,0.40,0.08,0.48,0.40,0.48,Matches,Copa CONMEBOL Sudamericana,2025
a0cc13ce,Fernando Román,py PAR,DF,23,12,6,599,6.7,0,0,0,0,0,0,2,0,0.00,0.00,0.00,0.00,0.00,Matches,Copa CONMEBOL Sudamericana,2025
3bb7dd1b,Bruno Piñatares,uy URU,MF,34,12,6,486,5.4,0,0,0,0,0,0,0,0,0.00,0.00,0.00,0.00,0.00,Matches,Copa CONMEBOL Sudamericana,2025
6c4ab96a,Ángel Aquino,py PAR,DF,20,4,4,326,3.6,0,0,0,0,0,0,1,0,0.00,0.00,0.00,0.00,0.00,Matches,Copa CONMEBOL Sudamericana,2025
17664d16,Cesar Mino,py PAR,MF,17,14,3,391,4.3,1,2,3,1,0,0,1,0,0.23,0.46,0.69,0.23,0.69,Matches,Copa CONMEBOL Sudamericana,2025
82a3eceb,Marcos Giménez,py PAR,GK,20,3,3,270,3.0,0,0,0,0,0,0,0,0,0.00,0.00,0.00,0.00,0.00,Matches,Copa CONMEBOL Sudamericana,2025
9901f13a,Juan Gabriel Patiño,py PAR,DF,35,8,2,245,2.7,0,0,0,0,0,0,1,0,0.00,0.00,0.00,0.00,0.00,Matches,Copa CONMEBOL Sudamericana,2025
1f414c1a,Alan Romero,py PAR,MF,18,5,2,163,1.8,1,0,1,1,0,0,0,0,0.55,0.00,0.55,0.55,0.55,Matches,Copa CONMEBOL Sudamericana,2025
a2594f8b,Victor Céspedes,py PAR,FW,21,15,1,375,4.2,0,0,0,0,0,0,4,0,0.00,0.00,0.00,0.00,0.00,Matches,Copa CONMEBOL Sudamericana,2025
0024ad5b,Wilson Ibarrola,py PAR,DF,28,10,1,336,3.7,0,0,0,0,0,0,0,0,0.00,0.00,0.00,0.00,0.00,Matches,Copa CONMEBOL Sudamericana,2025
86b16dba,Alan Pereira,py PAR,FW,25,15,1,324,3.6,0,0,0,0,0,0,0,0,0.00,0.00,0.00,0.00,0.00,Matches,Copa CONMEBOL Sudamericana,2025
90fbbf29,Patricio Corone,,DF,,7,1,148,1.6,0,0,0,0,0,0,0,0,0.00,0.00,0.00,0.00,0.00,Matches,Copa CONMEBOL Sudamericana,2025
cdf48467,Giovanni Gómez,py PAR,MF,17,5,1,132,1.5,0,0,0,0,0,0,0,0,0.00,0.00,0.00,0.00,0.00,Matches,Copa CONMEBOL Sudamericana,2025
3fe56260,Octavio Alfonso,py PAR,MF,19,6,1,106,1.2,0,1,1,0,0,0,0,0,0.00,0.85,0.85,0.00,0.85,Matches,Copa CONMEBOL Sudamericana,2025
3f88bcae,Víctor Cabañas,py PAR,DF,21,3,1,76,0.8,0,0,0,0,0,0,0,0,0.00,0.00,0.00,0.00,0.00,Matches,Copa CONMEBOL Sudamericana,2025
282206c9,Anderson Legüizamón,py PAR,FW,18,1,1,56,0.6,0,0,0,0,0,0,0,0,0.00,0.00,0.00,0.00,0.00,Matches,Copa CONMEBOL Sudamericana,2025
0e396984,Leonardo Rolón,py PAR,FW,21,3,0,53,0.6,0,0,0,0,0,0,0,1,0.00,0.00,0.00,0.00,0.00,Matches,Copa CONMEBOL Sudamericana,2025
212d9c31,Jonatan Benítez,py PAR,MF,17,1,0,45,0.5,0,0,0,0,0,0,0,0,0.00,0.00,0.00,0.00,0.00,Matches,Copa CONMEBOL Sudamericana,2025
a2da43a6,Lucas Gómez,py PAR,MF,19,6,0,41,0.5,0,0,0,0,0,0,0,0,0.00,0.00,0.00,0.00,0.00,Matches,Copa CONMEBOL Sudamericana,2025
ceb20cb3,Paul Riveros,py PAR,DF,27,1,0,22,0.2,0,0,0,0,0,0,0,0,0.00,0.00,0.00,0.00,0.00,Matches,Copa CONMEBOL Sudamericana,2025
2dabaa7c,Gustavo Marecos,py PAR,MF,23,2,0,19,0.2,0,0,0,0,0,0,0,0,0.00,0.00,0.00,0.00,0.00,Matches,Copa CONMEBOL Sudamericana,2025
40dd0212,Nelson Romero,py PAR,FW,40,3,0,15,0.2,1,0,1,1,0,0,0,0,6.00,0.00,6.00,6.00,6.00,Matches,Copa CONMEBOL Sudamericana,2025
9f5dd0c3,Antonio Marín,py PAR,FW,25,1,0,13,0.1,0,0,0,0,0,0,0,0,0.00,0.00,0.00,0.00,0.00,Matches,Copa CONMEBOL Sudamericana,2025
bb6cf5e7,Jesús Alvarenga,py PAR,MF,21,0,0,,,,,,,,,,,,,,,,Matches,Copa CONMEBOL Sudamericana,2025
b6af7357,Marino Arzamendia,py PAR,GK,27,0,0,,,,,,,,,,,,,,,,Matches,Copa CONMEBOL Sudamericana,2025
055db3ca,Luis Ayala,ar ARG,MF,19,0,0,,,,,,,,,,,,,,,,Matches,Copa CONMEBOL Sudamericana,2025
7f77e7b0,Kevin Lezcano,py PAR,GK,19,0,0,,,,,,,,,,,,,,,,Matches,Copa CONMEBOL Sudamericana,2025
f78e4453,Fernando Martínez,,GK,,0,0,,,,,,,,,,,,,,,,Matches,Copa CONMEBOL Sudamericana,2025
bed4564f,José Sosa,,MF,,0,0,,,,,,,,,,,,,,,,Matches,Copa CONMEBOL Sudamericana,2025
dcd25514,Juan Cuellar,bo BOL,MF,18,28,28,"2,451",27.2,2,2,4,2,0,0,6,1,0.07,0.07,0.15,0.07,0.15,Matches,Copa CONMEBOL Sudamericana,2025
e5b3efd1,Raúl Castro,bo BOL,MF,35,27,27,"2,302",25.6,2,3,5,2,0,0,9,2,0.08,0.12,0.20,0.08,0.20,Matches,Copa CONMEBOL Sudamericana,2025
37f856f9,Joaquín Lencinas,ar ARG,DF,36,26,25,"2,206",24.5,1,1,2,1,0,0,5,1,0.04,0.04,0.08,0.04,0.08,Matches,Copa CONMEBOL Sudamericana,2025
62bcae83,Daniel Camacho,bo BOL,MF,26,25,25,"1,933",21.5,5,1,6,2,3,3,8,1,0.23,0.05,0.28,0.09,0.14,Matches,Copa CONMEBOL Sudamericana,2025
8313e55a,Esdras Mendoza,bo BOL,MF,21,25,24,"1,918",21.3,2,1,3,2,0,0,6,1,0.09,0.05,0.14,0.09,0.14,Matches,Copa CONMEBOL Sudamericana,2025
cd624f05,Diago Giménez,ar ARG,MF,27,23,23,"1,844",20.5,1,0,1,0,1,1,6,2,0.05,0.00,0.05,0.00,0.00,Matches,Copa CONMEBOL Sudamericana,2025
2d638d10,Agustin Jara,ar ARG,DF,32,22,20,"1,707",19.0,3,0,3,3,0,0,7,0,0.16,0.00,0.16,0.16,0.16,Matches,Copa CONMEBOL Sudamericana,2025
5b2c8e04,Joel Calicho,bo BOL,MF,29,22,20,"1,571",17.5,3,3,6,3,0,0,9,3,0.17,0.17,0.34,0.17,0.34,Matches,Copa CONMEBOL Sudamericana,2025
5647558f,Guilder Cuellar,bo BOL,MF,25,25,19,"1,691",18.8,3,2,5,3,0,0,3,0,0.16,0.11,0.27,0.16,0.27,Matches,Copa CONMEBOL Sudamericana,2025
eef32dc1,Jhunior Vera,bo BOL,GK,21,17,16,"1,475",16.4,0,0,0,0,0,0,3,1,0.00,0.00,0.00,0.00,0.00,Matches,Copa CONMEBOL Sudamericana,2025
d0d82cbe,Jose Alipaz,bo BOL,FW,22,26,14,"1,338",14.9,1,2,3,1,0,0,0,0,0.07,0.13,0.20,0.07,0.20,Matches,Copa CONMEBOL Sudamericana,2025
5745e13b,Johan Gutiérrez,bo BOL,GK,28,14,14,"1,196",13.3,0,1,1,0,0,0,2,0,0.00,0.08,0.08,0.00,0.08,Matches,Copa CONMEBOL Sudamericana,2025
b44f9f2d,José Antonio Pinto,bo BOL,MF,24,19,13,"1,318",14.6,0,0,0,0,0,0,8,2,0.00,0.00,0.00,0.00,0.00,Matches,Copa CONMEBOL Sudamericana,2025
8fc13cd2,Tommy Tobar,co COL,FW,38,11,9,768,8.5,2,0,2,2,0,0,4,0,0.23,0.00,0.23,0.23,0.23,Matches,Copa CONMEBOL Sudamericana,2025
00e0f042,Denilson Valda,bo BOL,DF,27,17,7,871,9.7,0,0,0,0,0,0,3,0,0.00,0.00,0.00,0.00,0.00,Matches,Copa CONMEBOL Sudamericana,2025
48ada31e,Juan Magallanes,bo BOL,MF,22,18,7,684,7.6,0,0,0,0,0,0,2,0,0.00,0.00,0.00,0.00,0.00,Matches,Copa CONMEBOL Sudamericana,2025
c7c8df2d,Maximiliano Núñez,ar ARG,"FW,MF",38,12,7,648,7.2,1,2,3,1,0,0,0,0,0.14,0.28,0.42,0.14,0.42,Matches,Copa CONMEBOL Sudamericana,2025
9646f17f,Felipe Mejía,ec ECU,FW,29,9,6,456,5.1,2,0,2,2,0,0,0,0,0.39,0.00,0.39,0.39,0.39,Matches,Copa CONMEBOL Sudamericana,2025
4bf6c47a,Brayan Calderón,bo BOL,MF,26,7,5,409,4.5,0,0,0,0,0,0,1,0,0.00,0.00,0.00,0.00,0.00,Matches,Copa CONMEBOL Sudamericana,2025
a88c6070,Pablo César Luján,bo BOL,MF,21,21,4,637,7.1,0,1,1,0,0,0,0,0,0.00,0.14,0.14,0.00,0.14,Matches,Copa CONMEBOL Sudamericana,2025
c72beb85,Carlos Ribera,bo BOL,MF,27,6,4,274,3.0,0,0,0,0,0,0,2,0,0.00,0.00,0.00,0.00,0.00,Matches,Copa CONMEBOL Sudamericana,2025
ba2cedb9,Wagner Pinote,br BRA,MF,24,8,3,303,3.4,0,0,0,0,0,0,0,0,0.00,0.00,0.00,0.00,0.00,Matches,Copa CONMEBOL Sudamericana,2025
33a81304,Erick Cano,bo BOL,MF,25,7,3,205,2.3,0,0,0,0,0,0,1,0,0.00,0.00,0.00,0.00,0.00,Matches,Copa CONMEBOL Sudamericana,2025
8d14fd83,Luciano Sanhueza,ar ARG,FW,28,9,2,329,3.7,2,0,2,2,0,0,0,1,0.55,0.00,0.55,0.55,0.55,Matches,Copa CONMEBOL Sudamericana,2025
6fa3a035,Kevin Aladesanmi,co COL,FW,26,5,2,200,2.2,1,1,2,1,0,0,0,0,0.45,0.45,0.90,0.45,0.90,Matches,Copa CONMEBOL Sudamericana,2025
00932553,Diego Callau,,,,3,1,117,1.3,0,0,0,0,0,0,1,0,0.00,0.00,0.00,0.00,0.00,Matches,Copa CONMEBOL Sudamericana,2025
c6788cdd,J Abrego,bo BOL,FW,21,5,1,101,1.1,0,0,0,0,0,0,1,0,0.00,0.00,0.00,0.00,0.00,Matches,Copa CONMEBOL Sudamericana,2025
a1d4fca1,Mario Cuadiay,bo BOL,MF,18,1,1,52,0.6,0,0,0,0,0,0,1,0,0.00,0.00,0.00,0.00,0.00,Matches,Copa CONMEBOL Sudamericana,2025
061f1eed,Bryan Cabezas,ec ECU,MF,27,10,0,202,2.2,0,1,1,0,0,0,1,0,0.00,0.45,0.45,0.00,0.45,Matches,Copa CONMEBOL Sudamericana,2025
cf22cc05,Julio Lazarte,bo BOL,DF,16,3,0,53,0.6,0,0,0,0,0,0,0,0,0.00,0.00,0.00,0.00,0.00,Matches,Copa CONMEBOL Sudamericana,2025
71e82e44,Paolo Alcocer,bo BOL,MF,24,2,0,29,0.3,0,0,0,0,0,0,0,0,0.00,0.00,0.00,0.00,0.00,Matches,Copa CONMEBOL Sudamericana,2025
700dc73b,Santiago Rojas,bo BOL,GK,17,1,0,25,0.3,0,0,0,0,0,0,0,0,0.00,0.00,0.00,0.00,0.00,Matches,Copa CONMEBOL Sudamericana,2025
1609ff9c,Alvaro Cuestas,bo BOL,DF,29,2,0,20,0.2,0,0,0,0,0,0,0,0,0.00,0.00,0.00,0.00,0.00,Matches,Copa CONMEBOL Sudamericana,2025
f71167f3,Carlos Pessoa,bo BOL,DF,18,1,0,10,0.1,0,0,0,0,0,0,0,0,0.00,0.00,0.00,0.00,0.00,Matches,Copa CONMEBOL Sudamericana,2025
3ce17e92,Samyr Mendoza,,FW,,1,0,8,0.1,0,0,0,0,0,0,0,0,0.00,0.00,0.00,0.00,0.00,Matches,Copa CONMEBOL Sudamericana,2025
71e3ef9c,Fernando Vera,,,,1,0,6,0.1,0,0,0,0,0,0,0,0,0.00,0.00,0.00,0.00,0.00,Matches,Copa CONMEBOL Sudamericana,2025
b04d4118,Sebastian Chavez,bo BOL,MF,15,1,0,4,0.0,0,0,0,0,0,0,0,0,0.00,0.00,0.00,0.00,0.00,Matches,Copa CONMEBOL Sudamericana,2025
a41157ea,Luis Arcani,bo BOL,DF,19,0,0,,,,,,,,,,,,,,,,Matches,Copa CONMEBOL Sudamericana,2025
fdf92e57,Shaiel Gandarillas,bo BOL,DF,20,0,0,,,,,,,,,,,,,,,,Matches,Copa CONMEBOL Sudamericana,2025
c487b152,Paolo García,bo BOL,GK,22,0,0,,,,,,,,,,,,,,,,Matches,Copa CONMEBOL Sudamericana,2025
d87c9050,Matias Morales,,MF,,0,0,,,,,,,,,,,,,,,,Matches,Copa CONMEBOL Sudamericana,2025
045f8de6,Massimo Rinaldi,bo BOL,MF,18,0,0,,,,,,,,,,,,,,,,Matches,Copa CONMEBOL Sudamericana,2025
0c849cc1,Juan Villarreal,,,,0,0,,,,,,,,,,,,,,,,Matches,Copa CONMEBOL Sudamericana,2025
54c192aa,Leonel Justiniano,bo BOL,MF,32,24,24,"1,939",21.5,6,1,7,6,0,0,10,1,0.28,0.05,0.32,0.28,0.32,Matches,Copa CONMEBOL Sudamericana,2025
939c97cf,José Sagredo,bo BOL,DF,30,25,22,"1,944",21.6,1,1,2,1,0,0,12,2,0.05,0.05,0.09,0.05,0.09,Matches,Copa CONMEBOL Sudamericana,2025
f64fd92a,Antonio Melgar,bo BOL,MF,30,26,21,"1,827",20.3,9,5,14,8,1,1,6,1,0.44,0.25,0.69,0.39,0.64,Matches,Copa CONMEBOL Sudamericana,2025
6ed98536,Carlos Lampe,bo BOL,GK,37,20,20,"1,800",20.0,0,0,0,0,0,0,4,0,0.00,0.00,0.00,0.00,0.00,Matches,Copa CONMEBOL Sudamericana,2025
c0ac473b,Escleizon Freita,bo BOL,DF,18,27,20,"1,798",20.0,1,3,4,1,0,0,6,0,0.05,0.15,0.20,0.05,0.20,Matches,Copa CONMEBOL Sudamericana,2025
59d7849a,Jhon Velásquez,bo BOL,MF,21,23,19,"1,685",18.7,10,10,20,10,0,0,3,0,0.53,0.53,1.07,0.53,1.07,Matches,Copa CONMEBOL Sudamericana,2025
89991de2,Jesús Manuel Sagredo,bo BOL,DF,30,22,17,"1,563",17.4,1,1,2,1,0,0,8,0,0.06,0.06,0.12,0.06,0.12,Matches,Copa CONMEBOL Sudamericana,2025
6c5b59c5,Robson Matheus,bo BOL,MF,22,19,17,"1,429",15.9,1,7,8,1,0,0,3,1,0.06,0.44,0.50,0.06,0.50,Matches,Copa CONMEBOL Sudamericana,2025
b2694e42,Dorny Romero,do DOM,FW,27,25,16,"1,507",16.7,15,3,18,11,4,4,0,0,0.90,0.18,1.07,0.66,0.84,Matches,Copa CONMEBOL Sudamericana,2025
b85390ea,Ervin Vaca,bo BOL,MF,20,24,15,"1,460",16.2,2,0,2,2,0,0,2,0,0.12,0.00,0.12,0.12,0.12,Matches,Copa CONMEBOL Sudamericana,2025
3d0fd3d7,Patito Rodríguez,ar ARG,"FW,MF",34,21,12,"1,161",12.9,5,3,8,5,0,0,5,1,0.39,0.23,0.62,0.39,0.62,Matches,Copa CONMEBOL Sudamericana,2025
c6549bd1,Miguel Ángel Torrén,ar ARG,DF,36,15,12,"1,052",11.7,0,0,0,0,0,0,7,1,0.00,0.00,0.00,0.00,0.00,Matches,Copa CONMEBOL Sudamericana,2025
560ad467,Erwin Saavedra,bo BOL,MF,28,21,11,"1,066",11.8,7,2,9,7,0,0,4,0,0.59,0.17,0.76,0.59,0.76,Matches,Copa CONMEBOL Sudamericana,2025
622ded42,Yomar Rocha,bo BOL,DF,21,15,11,778,8.6,1,2,3,1,0,0,2,1,0.12,0.23,0.35,0.12,0.35,Matches,Copa CONMEBOL Sudamericana,2025
6e7d7a7a,Martín Cauteruccio,uy URU,FW,37,15,10,865,9.6,8,3,11,8,0,1,1,0,0.83,0.31,1.14,0.83,1.14,Matches,Copa CONMEBOL Sudamericana,2025
92996242,Santiago Echeverría,ar ARG,DF,34,11,9,786,8.7,1,0,1,1,0,0,1,2,0.11,0.00,0.11,0.11,0.11,Matches,Copa CONMEBOL Sudamericana,2025
30f90535,Fábio,br BRA,FW,27,11,9,781,8.7,6,3,9,6,0,1,0,0,0.69,0.35,1.04,0.69,1.04,Matches,Copa CONMEBOL Sudamericana,2025
be1395da,Damián Batallini,ar ARG,"FW,MF",28,9,8,495,5.5,1,0,1,1,0,0,3,1,0.18,0.00,0.18,0.18,0.18,Matches,Copa CONMEBOL Sudamericana,2025
7a17b42b,Luiz Paz,bo BOL,DF,20,22,7,906,10.1,1,1,2,1,0,0,5,0,0.10,0.10,0.20,0.10,0.20,Matches,Copa CONMEBOL Sudamericana,2025
e7849712,Ramiro Vaca,bo BOL,MF,25,7,6,577,6.4,0,7,7,0,0,0,1,0,0.00,1.09,1.09,0.00,1.09,Matches,Copa CONMEBOL Sudamericana,2025
c90c6120,Jesus Velasquez,bo BOL,,18,11,6,551,6.1,1,0,1,1,0,0,1,0,0.16,0.00,0.16,0.16,0.16,Matches,Copa CONMEBOL Sudamericana,2025
c2b0169e,Federico Lanzillota,ar ARG,GK,32,6,6,540,6.0,0,0,0,0,0,0,1,0,0.00,0.00,0.00,0.00,0.00,Matches,Copa CONMEBOL Sudamericana,2025
3c061eea,Daniel Cataño,co COL,MF,33,10,6,511,5.7,2,3,5,2,0,0,2,1,0.35,0.53,0.88,0.35,0.88,Matches,Copa CONMEBOL Sudamericana,2025
66bad6a7,Rubén Ramírez,ve VEN,DF,29,7,5,384,4.3,0,0,0,0,0,0,2,0,0.00,0.00,0.00,0.00,0.00,Matches,Copa CONMEBOL Sudamericana,2025
8363a7e8,Jairo Quinteros,bo BOL,DF,23,5,4,368,4.1,1,0,1,1,0,0,2,0,0.24,0.00,0.24,0.24,0.24,Matches,Copa CONMEBOL Sudamericana,2025
216890da,Fernando Mena,bo BOL,DF,16,8,4,366,4.1,0,0,0,0,0,0,1,0,0.00,0.00,0.00,0.00,0.00,Matches,Copa CONMEBOL Sudamericana,2025
d48edda3,Ignacio Gariglio,ar ARG,DF,26,5,4,344,3.8,0,0,0,0,0,0,0,0,0.00,0.00,0.00,0.00,0.00,Matches,Copa CONMEBOL Sudamericana,2025
abdc880b,Rubén Cordano,bo BOL,GK,26,3,3,270,3.0,0,0,0,0,0,0,0,0,0.00,0.00,0.00,0.00,0.00,Matches,Copa CONMEBOL Sudamericana,2025
b7dbcb69,Bruno Sávio,br BRA,"FW,MF",30,4,2,214,2.4,0,1,1,0,0,0,1,1,0.00,0.42,0.42,0.00,0.42,Matches,Copa CONMEBOL Sudamericana,2025
70668b8f,Anderson Ayhuana,bo BOL,DF,19,5,2,189,2.1,0,0,0,0,0,0,2,0,0.00,0.00,0.00,0.00,0.00,Matches,Copa CONMEBOL Sudamericana,2025
c0d60179,Diego Méndez,bo BOL,GK,34,1,1,90,1.0,0,0,0,0,0,0,0,0,0.00,0.00,0.00,0.00,0.00,Matches,Copa CONMEBOL Sudamericana,2025
8d8c3337,Bruno Méndez,bo BOL,MF,18,4,1,79,0.9,0,0,0,0,0,0,0,0,0.00,0.00,0.00,0.00,0.00,Matches,Copa CONMEBOL Sudamericana,2025
52100700,Luis Sabja,bo BOL,MF,16,3,0,43,0.5,0,0,0,0,0,0,1,0,0.00,0.00,0.00,0.00,0.00,Matches,Copa CONMEBOL Sudamericana,2025
65887ecb,Luis Limpias,bo BOL,,17,1,0,22,0.2,0,0,0,0,0,0,0,0,0.00,0.00,0.00,0.00,0.00,Matches,Copa CONMEBOL Sudamericana,2025
8019644f,Heiden Butron,bo BOL,DF,18,2,0,21,0.2,0,0,0,0,0,0,0,0,0.00,0.00,0.00,0.00,0.00,Matches,Copa CONMEBOL Sudamericana,2025
6b14e687,Henry Vaca,bo BOL,FW,27,1,0,7,0.1,0,0,0,0,0,0,0,0,0.00,0.00,0.00,0.00,0.00,Matches,Copa CONMEBOL Sudamericana,2025
8d4ce233,Mixael Ceron,bo BOL,DF,16,1,0,3,0.0,0,0,0,0,0,0,0,0,0.00,0.00,0.00,0.00,0.00,Matches,Copa CONMEBOL Sudamericana,2025
7c547eb2,Deybi Choque,bo BOL,MF,18,0,0,,,,,,,,,,,,,,,,Matches,Copa CONMEBOL Sudamericana,2025
da755beb,Santos García,bo BOL,MF,16,0,0,,,,,,,,,,,,,,,,Matches,Copa CONMEBOL Sudamericana,2025
29e0ab5d,Yeferson Mamani,bo BOL,MF,19,0,0,,,,,,,,,,,,,,,,Matches,Copa CONMEBOL Sudamericana,2025
b014438b,Israel Urey,bo BOL,MF,18,0,0,,,,,,,,,,,,,,,,Matches,Copa CONMEBOL Sudamericana,2025
6398f68a,César Castro,py PAR,"DF,MF",31,40,40,"3,366",37.4,0,0,0,0,0,0,5,0,0.00,0.00,0.00,0.00,0.00,Matches,Copa CONMEBOL Sudamericana,2025
3c015ca3,Pedro Sosa,py PAR,DF,33,39,36,"3,306",36.7,1,1,2,1,0,0,7,0,0.03,0.03,0.05,0.03,0.05,Matches,Copa CONMEBOL Sudamericana,2025
8dc33be7,Juan Feliú,py PAR,DF,23,31,25,"2,183",24.3,0,1,1,0,0,0,5,1,0.00,0.04,0.04,0.00,0.04,Matches,Copa CONMEBOL Sudamericana,2025
8a40e433,Angel Martínez,py PAR,GK,22,24,23,"2,115",23.5,0,0,0,0,0,0,3,0,0.00,0.00,0.00,0.00,0.00,Matches,Copa CONMEBOL Sudamericana,2025
4a7533f4,Sergio Sanabria,py PAR,MF,25,24,22,"1,967",21.9,0,0,0,0,0,0,6,0,0.00,0.00,0.00,0.00,0.00,Matches,Copa CONMEBOL Sudamericana,2025
c5e1be3b,César Ramírez,py PAR,DF,21,23,21,"1,929",21.4,1,0,1,1,0,0,2,0,0.05,0.00,0.05,0.05,0.05,Matches,Copa CONMEBOL Sudamericana,2025
8bf18949,Carlos Servin,py PAR,GK,37,21,21,"1,845",20.5,0,0,0,0,0,0,0,0,0.00,0.00,0.00,0.00,0.00,Matches,Copa CONMEBOL Sudamericana,2025
e05a69f2,Fernando Díaz,py PAR,DF,23,22,19,"1,744",19.4,0,0,0,0,0,0,4,0,0.00,0.00,0.00,0.00,0.00,Matches,Copa CONMEBOL Sudamericana,2025
6f04c221,Ronald Cornet,py PAR,"MF,FW",22,28,19,"1,732",19.2,4,1,5,4,0,0,7,1,0.21,0.05,0.26,0.21,0.26,Matches,Copa CONMEBOL Sudamericana,2025
a34eb64e,Franco Aragón,ar ARG,MF,30,23,19,"1,612",17.9,1,0,1,1,0,0,4,0,0.06,0.00,0.06,0.06,0.06,Matches,Copa CONMEBOL Sudamericana,2025
6c3923a6,Amin Molinas,py PAR,MF,19,22,18,"1,197",13.3,3,0,3,3,0,0,1,1,0.23,0.00,0.23,0.23,0.23,Matches,Copa CONMEBOL Sudamericana,2025
f861b23c,Miguel Barreto,py PAR,DF,27,20,16,"1,274",14.2,0,1,1,0,0,0,5,2,0.00,0.07,0.07,0.00,0.07,Matches,Copa CONMEBOL Sudamericana,2025
feefb5d2,Rodrigo Ruiz Díaz,py PAR,FW,26,20,16,"1,244",13.8,2,1,3,0,2,3,0,0,0.14,0.07,0.22,0.00,0.07,Matches,Copa CONMEBOL Sudamericana,2025
0587d389,Brahian Fernández,py PAR,MF,23,19,14,"1,238",13.8,1,0,1,1,0,0,4,0,0.07,0.00,0.07,0.07,0.07,Matches,Copa CONMEBOL Sudamericana,2025
4e9c6441,Elías Alfonso,py PAR,MF,25,25,14,"1,141",12.7,2,4,6,0,2,2,5,0,0.16,0.32,0.47,0.00,0.32,Matches,Copa CONMEBOL Sudamericana,2025
483efaae,Diego Acosta,py PAR,FW,22,26,13,"1,262",14.0,6,1,7,4,2,2,4,1,0.43,0.07,0.50,0.29,0.36,Matches,Copa CONMEBOL Sudamericana,2025
96ac8009,Óscar Romero,py PAR,MF,25,20,13,"1,026",11.4,1,0,1,1,0,0,4,0,0.09,0.00,0.09,0.09,0.09,Matches,Copa CONMEBOL Sudamericana,2025
495f4028,Orlando Colmán,py PAR,MF,22,24,12,"1,181",13.1,1,1,2,1,0,0,7,0,0.08,0.08,0.15,0.08,0.15,Matches,Copa CONMEBOL Sudamericana,2025
cdbdebf9,Marcelo Acosta,py PAR,MF,24,18,11,"1,060",11.8,2,0,2,2,0,0,2,0,0.17,0.00,0.17,0.17,0.17,Matches,Copa CONMEBOL Sudamericana,2025
47f0b2bc,Jesús Llano,py PAR,MF,23,24,11,"1,024",11.4,2,2,4,2,0,0,2,0,0.18,0.18,0.35,0.18,0.35,Matches,Copa CONMEBOL Sudamericana,2025
b4a2baab,Juan Camilo Saiz,co COL,DF,32,12,10,907,10.1,0,0,0,0,0,0,2,0,0.00,0.00,0.00,0.00,0.00,Matches,Copa CONMEBOL Sudamericana,2025
05ea084c,Henry Riquelme,,"MF,FW",,11,10,692,7.7,0,2,2,0,0,0,0,0,0.00,0.26,0.26,0.00,0.26,Matches,Copa CONMEBOL Sudamericana,2025
8f2aa5c9,Sergio Bareiro,py PAR,"FW,MF",26,20,9,866,9.6,3,1,4,3,0,1,1,0,0.31,0.10,0.42,0.31,0.42,Matches,Copa CONMEBOL Sudamericana,2025
fa0129e6,Esteban Maidana,py PAR,"DF,MF",25,12,9,767,8.5,0,0,0,0,0,0,2,0,0.00,0.00,0.00,0.00,0.00,Matches,Copa CONMEBOL Sudamericana,2025
935acd76,Mathías Martínez,py PAR,MF,30,16,8,839,9.3,0,1,1,0,0,0,5,1,0.00,0.11,0.11,0.00,0.11,Matches,Copa CONMEBOL Sudamericana,2025
3edb8114,Fernando Ruiz Díaz,py PAR,FW,22,18,8,696,7.7,1,0,1,1,0,0,1,0,0.13,0.00,0.13,0.13,0.13,Matches,Copa CONMEBOL Sudamericana,2025
c5579c5c,René Rodriguez,py PAR,DF,23,11,7,697,7.7,0,0,0,0,0,0,1,0,0.00,0.00,0.00,0.00,0.00,Matches,Copa CONMEBOL Sudamericana,2025
5c82562f,Fernando Cáceres,py PAR,FW,28,15,6,650,7.2,7,1,8,4,3,3,3,0,0.97,0.14,1.11,0.55,0.69,Matches,Copa CONMEBOL Sudamericana,2025
55c5d7c3,Franco Costa,ar ARG,MF,33,13,6,582,6.5,0,1,1,0,0,0,0,0,0.00,0.15,0.15,0.00,0.15,Matches,Copa CONMEBOL Sudamericana,2025
dde345cb,Sergio Fretes,py PAR,MF,25,21,5,855,9.5,2,2,4,2,0,0,4,0,0.21,0.21,0.42,0.21,0.42,Matches,Copa CONMEBOL Sudamericana,2025
22ba389b,Ulises Coronel,py PAR,MF,26,7,4,404,4.5,0,1,1,0,0,0,2,0,0.00,0.22,0.22,0.00,0.22,Matches,Copa CONMEBOL Sudamericana,2025
23171c9c,Fabricio Brener,ar ARG,MF,26,7,4,382,4.2,0,0,0,0,0,0,1,0,0.00,0.00,0.00,0.00,0.00,Matches,Copa CONMEBOL Sudamericana,2025
15c095c3,William Casanova,py PAR,MF,21,8,2,252,2.8,0,0,0,0,0,0,1,0,0.00,0.00,0.00,0.00,0.00,Matches,Copa CONMEBOL Sudamericana,2025
0024ad5b,Wilson Ibarrola,py PAR,"MF,DF",28,7,2,235,2.6,0,0,0,0,0,0,0,0,0.00,0.00,0.00,0.00,0.00,Matches,Copa CONMEBOL Sudamericana,2025
8361279b,Marcos Caballero,py PAR,FW,22,5,2,202,2.2,1,0,1,0,1,1,1,0,0.45,0.00,0.45,0.00,0.00,Matches,Copa CONMEBOL Sudamericana,2025
458c4edc,Rony Gimenez,,MF,,2,2,136,1.5,0,0,0,0,0,0,0,0,0.00,0.00,0.00,0.00,0.00,Matches,Copa CONMEBOL Sudamericana,2025
e11c602c,Walter Bogado,py PAR,MF,25,2,2,131,1.5,0,0,0,0,0,0,0,0,0.00,0.00,0.00,0.00,0.00,Matches,Copa CONMEBOL Sudamericana,2025
5f210955,Ronal Domínguez,py PAR,DF,32,3,1,153,1.7,0,0,0,0,0,0,1,0,0.00,0.00,0.00,0.00,0.00,Matches,Copa CONMEBOL Sudamericana,2025
37c2745e,Víctor Argüello,py PAR,FW,23,5,1,105,1.2,0,0,0,0,0,0,0,0,0.00,0.00,0.00,0.00,0.00,Matches,Copa CONMEBOL Sudamericana,2025
9bb43003,Mattías Parris,py PAR,DF,22,1,1,90,1.0,0,0,0,0,0,0,0,0,0.00,0.00,0.00,0.00,0.00,Matches,Copa CONMEBOL Sudamericana,2025
71356718,Alan Veiga,,MF,,1,1,45,0.5,0,0,0,0,0,0,0,0,0.00,0.00,0.00,0.00,0.00,Matches,Copa CONMEBOL Sudamericana,2025
c834688e,Julio Vargas,py PAR,DF,18,1,1,26,0.3,0,0,0,0,0,0,0,0,0.00,0.00,0.00,0.00,0.00,Matches,Copa CONMEBOL Sudamericana,2025
240073c9,Enrique Balbuena,py PAR,FW,22,3,0,57,0.6,0,0,0,0,0,0,0,0,0.00,0.00,0.00,0.00,0.00,Matches,Copa CONMEBOL Sudamericana,2025
7535fb22,Luis Delgadillo,py PAR,MF,18,1,0,45,0.5,0,0,0,0,0,0,1,0,0.00,0.00,0.00,0.00,0.00,Matches,Copa CONMEBOL Sudamericana,2025
23733610,Richard Brítez,py PAR,FW,25,1,0,34,0.4,0,0,0,0,0,0,1,0,0.00,0.00,0.00,0.00,0.00,Matches,Copa CONMEBOL Sudamericana,2025
5215b27b,Alex Franco,py PAR,MF,20,1,0,25,0.3,0,0,0,0,0,0,0,0,0.00,0.00,0.00,0.00,0.00,Matches,Copa CONMEBOL Sudamericana,2025
d19a116b,Miguel Urquiza,py PAR,GK,24,0,0,,0.0,0,0,0,0,0,0,2,0,,,,,,Matches,Copa CONMEBOL Sudamericana,2025
9b70d8d0,Juan Armoa,,,,0,0,,,,,,,,,,,,,,,,Matches,Copa CONMEBOL Sudamericana,2025
505a8bda,Adrián Cárdenas,py PAR,FW,21,0,0,,,,,,,,,,,,,,,,Matches,Copa CONMEBOL Sudamericana,2025
9f2d46dd,Diego Salazar,,MF,,0,0,,,,,,,,,,,,,,,,Matches,Copa CONMEBOL Sudamericana,2025
3836b6f6,Franco Petroli,ar ARG,GK,26,32,32,"2,880",32.0,0,1,1,0,0,0,3,0,0.00,0.03,0.03,0.00,0.03,Matches,Copa CONMEBOL Sudamericana,2025
255d1969,Roberto Nicolás Fernández,uy URU,MF,26,29,28,"2,312",25.7,2,3,5,2,0,0,15,0,0.08,0.12,0.19,0.08,0.19,Matches,Copa CONMEBOL Sudamericana,2025
7b2c18c0,Mateo Mendoza,ar ARG,DF,20,28,27,"2,460",27.3,0,0,0,0,0,0,12,0,0.00,0.00,0.00,0.00,0.00,Matches,Copa CONMEBOL Sudamericana,2025
5ce77553,Vicente Poggi,uy URU,MF,22,31,25,"1,900",21.1,1,2,3,1,0,0,7,0,0.05,0.09,0.14,0.05,0.14,Matches,Copa CONMEBOL Sudamericana,2025
413acb9d,Federico Rasmussen,ar ARG,DF,32,23,22,"1,924",21.4,0,0,0,0,0,0,3,0,0.00,0.00,0.00,0.00,0.00,Matches,Copa CONMEBOL Sudamericana,2025
00345a70,Lucas Arce,ar ARG,DF,27,25,18,"1,663",18.5,0,1,1,0,0,0,4,0,0.00,0.05,0.05,0.00,0.05,Matches,Copa CONMEBOL Sudamericana,2025
5bf873f8,Facundo Altamira,,"MF,FW",,24,18,"1,427",15.9,2,0,2,2,0,0,4,0,0.13,0.00,0.13,0.13,0.13,Matches,Copa CONMEBOL Sudamericana,2025
ecbc4397,Santino Andino,ar ARG,"MF,FW",19,21,17,"1,452",16.1,4,1,5,4,0,0,3,1,0.25,0.06,0.31,0.25,0.31,Matches,Copa CONMEBOL Sudamericana,2025
7e96e68a,Juan Morán,ar ARG,DF,18,17,17,"1,394",15.5,0,0,0,0,0,0,4,0,0.00,0.00,0.00,0.00,0.00,Matches,Copa CONMEBOL Sudamericana,2025
b5a3e7fe,Agustín Auzmendi,ar ARG,FW,27,23,17,"1,393",15.5,5,0,5,4,1,1,2,0,0.32,0.00,0.32,0.26,0.26,Matches,Copa CONMEBOL Sudamericana,2025
f0ce425d,Juan Meli,ar ARG,"DF,MF",24,18,15,"1,354",15.0,0,0,0,0,0,0,5,0,0.00,0.00,0.00,0.00,0.00,Matches,Copa CONMEBOL Sudamericana,2025
9546e026,Luca Martínez,mx MEX,FW,24,26,12,"1,218",13.5,2,1,3,2,0,0,1,0,0.15,0.07,0.22,0.15,0.22,Matches,Copa CONMEBOL Sudamericana,2025
de8bad41,Gonzalo Abrego,ar ARG,MF,25,21,12,"1,173",13.0,0,0,0,0,0,0,2,0,0.00,0.00,0.00,0.00,0.00,Matches,Copa CONMEBOL Sudamericana,2025
8ce6beb9,Bastián Yañez,cl CHI,"MF,FW",23,20,11,967,10.7,0,2,2,0,0,0,2,0,0.00,0.19,0.19,0.00,0.19,Matches,Copa CONMEBOL Sudamericana,2025
07453486,Bruno Leyes,ar ARG,MF,23,13,10,952,10.6,0,0,0,0,0,0,3,0,0.00,0.00,0.00,0.00,0.00,Matches,Copa CONMEBOL Sudamericana,2025
d48a1284,Juan Escobar,py PAR,DF,29,10,10,831,9.2,0,0,0,0,0,0,2,0,0.00,0.00,0.00,0.00,0.00,Matches,Copa CONMEBOL Sudamericana,2025
688aaca2,Leonardo Jara,ar ARG,DF,33,11,9,719,8.0,0,0,0,0,0,0,1,0,0.00,0.00,0.00,0.00,0.00,Matches,Copa CONMEBOL Sudamericana,2025
24377e64,Guillermo Matías Fernández,ar ARG,MF,33,13,8,810,9.0,0,0,0,0,0,0,6,0,0.00,0.00,0.00,0.00,0.00,Matches,Copa CONMEBOL Sudamericana,2025
5bf6b9f3,Daniel Barrea,ar ARG,"FW,MF",23,21,7,863,9.6,1,0,1,1,0,0,5,1,0.10,0.00,0.10,0.10,0.10,Matches,Copa CONMEBOL Sudamericana,2025
df47bd45,Kevin Parzajuk,py PAR,FW,22,11,7,570,6.3,0,1,1,0,0,0,0,0,0.00,0.16,0.16,0.00,0.16,Matches,Copa CONMEBOL Sudamericana,2025
4f133282,Tomás Rossi,ar ARG,DF,25,8,5,455,5.1,0,0,0,0,0,0,1,0,0.00,0.00,0.00,0.00,0.00,Matches,Copa CONMEBOL Sudamericana,2025
ab3ff6e2,Maxi González,ar ARG,MF,20,7,5,406,4.5,0,0,0,0,0,0,2,0,0.00,0.00,0.00,0.00,0.00,Matches,Copa CONMEBOL Sudamericana,2025
acda2c2d,Leandro Quiroz,ar ARG,DF,21,4,3,315,3.5,0,0,0,0,0,0,1,0,0.00,0.00,0.00,0.00,0.00,Matches,Copa CONMEBOL Sudamericana,2025
7be5e556,Luciano Pascual,,MF,,9,3,233,2.6,0,0,0,0,0,0,1,0,0.00,0.00,0.00,0.00,0.00,Matches,Copa CONMEBOL Sudamericana,2025
056798cb,Claudio Valverde,ar ARG,"MF,DF",22,4,3,203,2.3,0,0,0,0,0,0,0,0,0.00,0.00,0.00,0.00,0.00,Matches,Copa CONMEBOL Sudamericana,2025
2adb3393,Matías González,ar ARG,MF,25,6,2,291,3.2,0,0,0,0,0,0,0,0,0.00,0.00,0.00,0.00,0.00,Matches,Copa CONMEBOL Sudamericana,2025
ffbe25eb,Misael Sosa,ar ARG,MF,23,11,2,264,2.9,0,0,0,0,0,0,2,0,0.00,0.00,0.00,0.00,0.00,Matches,Copa CONMEBOL Sudamericana,2025
ff94c3e2,Juan Pérez,co COL,MF,20,4,2,216,2.4,0,0,0,0,0,0,0,0,0.00,0.00,0.00,0.00,0.00,Matches,Copa CONMEBOL Sudamericana,2025
c30ea98b,Tomás Pozzo,ar ARG,MF,24,8,1,238,2.6,0,0,0,0,0,0,1,0,0.00,0.00,0.00,0.00,0.00,Matches,Copa CONMEBOL Sudamericana,2025
39e9c09a,Walter Montoya,ar ARG,MF,31,6,1,234,2.6,0,0,0,0,0,0,1,0,0.00,0.00,0.00,0.00,0.00,Matches,Copa CONMEBOL Sudamericana,2025
a4757fc4,Juan Bautista Cejas,ar ARG,MF,26,2,1,72,0.8,0,0,0,0,0,0,0,0,0.00,0.00,0.00,0.00,0.00,Matches,Copa CONMEBOL Sudamericana,2025
7b12b0f1,Martín Pino,ar ARG,FW,26,1,1,56,0.6,0,0,0,0,0,0,0,0,0.00,0.00,0.00,0.00,0.00,Matches,Copa CONMEBOL Sudamericana,2025
798800fa,Enzo Barrionuevo,ar ARG,MF,19,2,1,54,0.6,0,0,0,0,0,0,0,0,0.00,0.00,0.00,0.00,0.00,Matches,Copa CONMEBOL Sudamericana,2025
5fff6887,Maximiliano Porcel,ar ARG,MF,19,3,0,90,1.0,0,0,0,0,0,0,0,0,0.00,0.00,0.00,0.00,0.00,Matches,Copa CONMEBOL Sudamericana,2025
9a8e9ca7,Silvio Ulariaga,ar ARG,FW,22,3,0,49,0.5,0,0,0,0,0,0,0,0,0.00,0.00,0.00,0.00,0.00,Matches,Copa CONMEBOL Sudamericana,2025
4776c629,Facundo Ardiles,ar ARG,DF,26,1,0,45,0.5,0,0,0,0,0,0,0,0,0.00,0.00,0.00,0.00,0.00,Matches,Copa CONMEBOL Sudamericana,2025
47588fca,Santiago Martínez,ar ARG,MF,21,2,0,28,0.3,0,0,0,0,0,0,0,0,0.00,0.00,0.00,0.00,0.00,Matches,Copa CONMEBOL Sudamericana,2025
0dd2a48c,Roberto Ramírez,ar ARG,GK,28,0,0,,0.0,0,0,0,0,0,0,1,0,,,,,,Matches,Copa CONMEBOL Sudamericana,2025
a73a302e,Nicolás Cláa,ar ARG,GK,20,0,0,,,,,,,,,,,,,,,,Matches,Copa CONMEBOL Sudamericana,2025
05b90a9f,Santiago Correa,ar ARG,GK,18,0,0,,,,,,,,,,,,,,,,Matches,Copa CONMEBOL Sudamericana,2025
982c96ca,Francisco Facello,ar ARG,DF,22,0,0,,,,,,,,,,,,,,,,Matches,Copa CONMEBOL Sudamericana,2025
171069b8,Matias Funes,ar ARG,DF,19,0,0,,,,,,,,,,,,,,,,Matches,Copa CONMEBOL Sudamericana,2025
21981f02,Tomás Menegón,ar ARG,FW,20,0,0,,,,,,,,,,,,,,,,Matches,Copa CONMEBOL Sudamericana,2025
777b24b9,Gerónimo Montivero,ar ARG,DF,19,0,0,,,,,,,,,,,,,,,,Matches,Copa CONMEBOL Sudamericana,2025
dbaecc24,Pedro Paillalef,ar ARG,DF,19,0,0,,,,,,,,,,,,,,,,Matches,Copa CONMEBOL Sudamericana,2025
6108aa3c,Edilson Salinas,ar ARG,GK,22,0,0,,,,,,,,,,,,,,,,Matches,Copa CONMEBOL Sudamericana,2025
806ba274,Mariano Santiago,ar ARG,MF,23,0,0,,,,,,,,,,,,,,,,Matches,Copa CONMEBOL Sudamericana,2025
adbef920,Ezequiel Tejada,ar ARG,MF,20,0,0,,,,,,,,,,,,,,,,Matches,Copa CONMEBOL Sudamericana,2025
de17a20c,Agustín Villalobos,ar ARG,DF,21,0,0,,,,,,,,,,,,,,,,Matches,Copa CONMEBOL Sudamericana,2025
d1c92690,Guillermo Vizcarra,bo BOL,GK,31,29,29,"2,610",29.0,0,0,0,0,0,0,0,0,0.00,0.00,0.00,0.00,0.00,Matches,Copa CONMEBOL Sudamericana,2025
0dca7f25,Fernando Gaibor,ec ECU,MF,33,32,26,"2,293",25.5,2,3,5,1,1,1,2,0,0.08,0.12,0.20,0.04,0.16,Matches,Copa CONMEBOL Sudamericana,2025
e4b72e34,Miguel Trauco,pe PER,DF,32,27,24,"2,204",24.5,0,2,2,0,0,0,5,0,0.00,0.08,0.08,0.00,0.08,Matches,Copa CONMEBOL Sudamericana,2025
759a7452,Renzo Garcés,pe PER,DF,28,25,24,"2,130",23.7,1,1,2,1,0,0,7,2,0.04,0.04,0.08,0.04,0.08,Matches,Copa CONMEBOL Sudamericana,2025
e43dc6bb,Erick Castillo,ec ECU,"MF,FW",29,25,24,"1,913",21.3,4,5,9,3,1,1,3,1,0.19,0.24,0.42,0.14,0.38,Matches,Copa CONMEBOL Sudamericana,2025
89b72f6c,Carlos Zambrano,pe PER,DF,35,20,20,"1,594",17.7,0,0,0,0,0,0,7,3,0.00,0.00,0.00,0.00,0.00,Matches,Copa CONMEBOL Sudamericana,2025
ba6f6876,Kevin Quevedo,pe PER,MF,27,23,20,"1,485",16.5,4,3,7,4,0,0,5,1,0.24,0.18,0.42,0.24,0.42,Matches,Copa CONMEBOL Sudamericana,2025
fd8ce644,Erick Noriega,pe PER,"DF,MF",23,21,19,"1,738",19.3,2,0,2,2,0,0,2,0,0.10,0.00,0.10,0.10,0.10,Matches,Copa CONMEBOL Sudamericana,2025
dcebe285,Hernán Barcos,ar ARG,FW,40,27,17,"1,524",16.9,8,3,11,5,3,3,4,2,0.47,0.18,0.65,0.30,0.47,Matches,Copa CONMEBOL Sudamericana,2025
3d9c1055,Pablo Ceppelini,uy URU,"MF,FW",33,25,16,"1,480",16.4,2,3,5,1,1,1,2,1,0.12,0.18,0.30,0.06,0.24,Matches,Copa CONMEBOL Sudamericana,2025
4d26ae2d,Guillermo Enrique,ar ARG,DF,24,18,16,"1,306",14.5,1,0,1,1,0,0,2,0,0.07,0.00,0.07,0.07,0.07,Matches,Copa CONMEBOL Sudamericana,2025
ae6657a1,Paolo Guerrero,pe PER,FW,41,22,15,"1,427",15.9,14,2,16,11,3,4,6,1,0.88,0.13,1.01,0.69,0.82,Matches,Copa CONMEBOL Sudamericana,2025
dd68b7fc,Marco Huamán,pe PER,"DF,MF",22,18,14,"1,324",14.7,0,0,0,0,0,0,0,0,0.00,0.00,0.00,0.00,0.00,Matches,Copa CONMEBOL Sudamericana,2025
a2232656,Alan Cantero,ar ARG,"MF,FW",26,19,14,"1,130",12.6,3,2,5,3,0,0,1,0,0.24,0.16,0.40,0.24,0.40,Matches,Copa CONMEBOL Sudamericana,2025
d8370e82,Jesús Castillo,pe PER,MF,28,21,13,"1,228",13.6,1,1,2,1,0,0,5,0,0.07,0.07,0.15,0.07,0.15,Matches,Copa CONMEBOL Sudamericana,2025
87980875,Ricardo Lagos,pe PER,DF,28,14,10,896,10.0,1,1,2,1,0,0,1,0,0.10,0.10,0.20,0.10,0.20,Matches,Copa CONMEBOL Sudamericana,2025
f85a89cb,Josué Estrada,pe PER,DF,30,11,8,760,8.4,1,0,1,1,0,0,2,0,0.12,0.00,0.12,0.12,0.12,Matches,Copa CONMEBOL Sudamericana,2025
eda8506a,Sergio Peña,pe PER,"MF,FW",29,11,8,563,6.3,2,2,4,1,1,2,2,1,0.32,0.32,0.64,0.16,0.48,Matches,Copa CONMEBOL Sudamericana,2025
2ebf6eb4,Jhamir D'Arrigo,pe PER,"MF,FW",25,15,7,683,7.6,0,2,2,0,0,0,0,0,0.00,0.26,0.26,0.00,0.26,Matches,Copa CONMEBOL Sudamericana,2025
05714089,Gaspar Gentile,ar ARG,"MF,FW",29,16,6,722,8.0,2,0,2,2,0,0,2,0,0.25,0.00,0.25,0.25,0.25,Matches,Copa CONMEBOL Sudamericana,2025
e0420e10,Piero Cari,pe PER,MF,17,15,6,585,6.5,1,1,2,1,0,0,3,0,0.15,0.15,0.31,0.15,0.31,Matches,Copa CONMEBOL Sudamericana,2025
85bd0aac,Ángelo Campos,pe PER,GK,31,6,6,540,6.0,0,0,0,0,0,0,0,0,0.00,0.00,0.00,0.00,0.00,Matches,Copa CONMEBOL Sudamericana,2025
2ae026d4,Alessandro Burlamaqui,pe PER,MF,22,8,6,478,5.3,0,0,0,0,0,0,2,0,0.00,0.00,0.00,0.00,0.00,Matches,Copa CONMEBOL Sudamericana,2025
0556d895,Gianfranco Chávez,pe PER,DF,26,10,5,531,5.9,0,0,0,0,0,0,1,0,0.00,0.00,0.00,0.00,0.00,Matches,Copa CONMEBOL Sudamericana,2025
3ca2e2b5,Jean Archimbaud,pe PER,"MF,DF",30,13,5,494,5.5,0,0,0,0,0,0,5,0,0.00,0.00,0.00,0.00,0.00,Matches,Copa CONMEBOL Sudamericana,2025
c4bfc6c5,Pedro Aquino,pe PER,MF,29,9,5,446,5.0,2,0,2,2,0,0,0,0,0.40,0.00,0.40,0.40,0.40,Matches,Copa CONMEBOL Sudamericana,2025
741de875,Jhoao Velásquez,pe PER,DF,19,5,4,370,4.1,0,0,0,0,0,0,0,0,0.00,0.00,0.00,0.00,0.00,Matches,Copa CONMEBOL Sudamericana,2025
fb7b1378,Pablo Lavandeira,uy URU,MF,34,5,4,298,3.3,1,0,1,1,0,0,0,1,0.30,0.00,0.30,0.30,0.30,Matches,Copa CONMEBOL Sudamericana,2025
0e3605e8,Matías Succar,pe PER,FW,25,18,3,405,4.5,0,0,0,0,0,0,2,0,0.00,0.00,0.00,0.00,0.00,Matches,Copa CONMEBOL Sudamericana,2025
9ec926eb,Juan Delgado,pe PER,"MF,DF",19,4,3,247,2.7,0,0,0,0,0,0,0,0,0.00,0.00,0.00,0.00,0.00,Matches,Copa CONMEBOL Sudamericana,2025
587dbced,Bassco Soyer,pe PER,MF,18,4,2,193,2.1,1,0,1,1,0,0,0,0,0.47,0.00,0.47,0.47,0.47,Matches,Copa CONMEBOL Sudamericana,2025
0890c640,Brian Arias,pe PER,DF,18,2,2,180,2.0,0,0,0,0,0,0,0,0,0.00,0.00,0.00,0.00,0.00,Matches,Copa CONMEBOL Sudamericana,2025
f15bea93,Gonzalo Aguirre,pe PER,MF,21,8,1,233,2.6,0,0,0,0,0,0,1,0,0.00,0.00,0.00,0.00,0.00,Matches,Copa CONMEBOL Sudamericana,2025
5a6750be,Carlos Gómez,pe PER,DF,19,3,1,136,1.5,0,0,0,0,0,0,1,0,0.00,0.00,0.00,0.00,0.00,Matches,Copa CONMEBOL Sudamericana,2025
9f8e0976,Nicolás Amasifuen,pe PER,DF,19,1,1,90,1.0,0,0,0,0,0,0,1,0,0.00,0.00,0.00,0.00,0.00,Matches,Copa CONMEBOL Sudamericana,2025
c8ac098b,Mauricio Arrasco,pe PER,FW,20,1,1,45,0.5,0,0,0,0,0,0,0,0,0.00,0.00,0.00,0.00,0.00,Matches,Copa CONMEBOL Sudamericana,2025
a7b2919b,Víctor Guzmán,pe PER,FW,18,1,0,33,0.4,0,0,0,0,0,0,0,0,0.00,0.00,0.00,0.00,0.00,Matches,Copa CONMEBOL Sudamericana,2025
8addeeb0,Said Peralta,pe PER,FW,21,1,0,15,0.2,0,0,0,0,0,0,0,0,0.00,0.00,0.00,0.00,0.00,Matches,Copa CONMEBOL Sudamericana,2025
c9565aec,Rait Alarcón,pe PER,DF,19,0,0,,,,,,,,,,,,,,,,Matches,Copa CONMEBOL Sudamericana,2025
72c305bd,Angel De La Cruz,pe PER,GK,22,0,0,,,,,,,,,,,,,,,,Matches,Copa CONMEBOL Sudamericana,2025
fba79ac8,Tiago Volpi,br BRA,GK,34,32,32,"2,880",32.0,2,0,2,0,2,2,2,0,0.06,0.00,0.06,0.00,0.00,Matches,Copa CONMEBOL Sudamericana,2025
63969d01,Marlon,br BRA,DF,27,31,31,"2,765",30.7,1,2,3,1,0,0,8,0,0.03,0.07,0.10,0.03,0.10,Matches,Copa CONMEBOL Sudamericana,2025
25b28b59,Wagner,br BRA,DF,25,29,26,"2,369",26.3,0,2,2,0,0,0,3,0,0.00,0.08,0.08,0.00,0.08,Matches,Copa CONMEBOL Sudamericana,2025
2830b8f7,Dodi,br BRA,MF,28,32,26,"2,343",26.0,0,1,1,0,0,0,9,1,0.00,0.04,0.04,0.00,0.04,Matches,Copa CONMEBOL Sudamericana,2025
4e50f20e,Edenílson,br BRA,MF,35,31,25,"1,802",20.0,3,2,5,3,0,0,6,0,0.15,0.10,0.25,0.15,0.25,Matches,Copa CONMEBOL Sudamericana,2025
99b63a82,Alysson Edward,br BRA,"MF,FW",18,31,21,"1,718",19.1,1,2,3,1,0,0,6,0,0.05,0.10,0.16,0.05,0.16,Matches,Copa CONMEBOL Sudamericana,2025
5b37f2f8,Walter Kannemann,ar ARG,DF,33,20,19,"1,723",19.1,0,0,0,0,0,0,8,1,0.00,0.00,0.00,0.00,0.00,Matches,Copa CONMEBOL Sudamericana,2025
fd771f95,Martin Braithwaite,dk DEN,FW,33,18,18,"1,456",16.2,6,1,7,2,4,4,3,0,0.37,0.06,0.43,0.12,0.19,Matches,Copa CONMEBOL Sudamericana,2025
ae03ce49,Gustavo Martins Santos,br BRA,DF,22,19,15,"1,320",14.7,2,0,2,2,0,0,4,0,0.14,0.00,0.14,0.14,0.14,Matches,Copa CONMEBOL Sudamericana,2025
079dc403,Cristian Olivera,uy URU,"MF,FW",22,22,15,"1,285",14.3,2,0,2,2,0,0,3,0,0.14,0.00,0.14,0.14,0.14,Matches,Copa CONMEBOL Sudamericana,2025
a664b026,Cristian Pavón,ar ARG,MF,29,28,14,"1,373",15.3,0,7,7,0,0,0,6,0,0.00,0.46,0.46,0.00,0.46,Matches,Copa CONMEBOL Sudamericana,2025
fd8ce644,Erick Noriega,pe PER,"DF,MF",23,14,14,"1,184",13.2,0,0,0,0,0,0,3,0,0.00,0.00,0.00,0.00,0.00,Matches,Copa CONMEBOL Sudamericana,2025
05b642f7,Mathías Villasanti,py PAR,MF,28,16,14,"1,150",12.8,0,0,0,0,0,0,5,0,0.00,0.00,0.00,0.00,0.00,Matches,Copa CONMEBOL Sudamericana,2025
4f0fbd15,Francis Amuzu,be BEL,MF,25,22,13,"1,145",12.7,4,2,6,4,0,0,4,0,0.31,0.16,0.47,0.31,0.47,Matches,Copa CONMEBOL Sudamericana,2025
48b3dd60,Arthur Melo,br BRA,MF,28,13,13,"1,082",12.0,0,0,0,0,0,0,3,1,0.00,0.00,0.00,0.00,0.00,Matches,Copa CONMEBOL Sudamericana,2025
fdd2f275,Marcos Rocha,br BRA,DF,36,12,12,959,10.7,0,0,0,0,0,0,1,0,0.00,0.00,0.00,0.00,0.00,Matches,Copa CONMEBOL Sudamericana,2025
8b529245,Carlos Vinícius,br BRA,FW,29,14,12,942,10.5,12,1,13,9,3,3,3,1,1.15,0.10,1.24,0.86,0.96,Matches,Copa CONMEBOL Sudamericana,2025
25b26e2e,Franco Cristaldo,ar ARG,MF,28,30,11,"1,259",14.0,1,3,4,1,0,0,1,0,0.07,0.21,0.29,0.07,0.29,Matches,Copa CONMEBOL Sudamericana,2025
cdd22fcf,Gustavo Cuellar,co COL,MF,32,17,10,881,9.8,0,0,0,0,0,0,3,0,0.00,0.00,0.00,0.00,0.00,Matches,Copa CONMEBOL Sudamericana,2025
7cab69b5,Jemerson,br BRA,DF,32,9,8,770,8.6,1,0,1,1,0,0,3,0,0.12,0.00,0.12,0.12,0.12,Matches,Copa CONMEBOL Sudamericana,2025
c6ec0258,Lucas Esteves,br BRA,"DF,MF",24,10,8,671,7.5,0,0,0,0,0,0,1,0,0.00,0.00,0.00,0.00,0.00,Matches,Copa CONMEBOL Sudamericana,2025
56224aa6,Andre Martins,br BRA,FW,23,25,6,793,8.8,5,2,7,5,0,0,3,0,0.57,0.23,0.79,0.57,0.79,Matches,Copa CONMEBOL Sudamericana,2025
dfb81359,Camilo,br BRA,"MF,DF",25,16,6,735,8.2,0,0,0,0,0,0,2,0,0.00,0.00,0.00,0.00,0.00,Matches,Copa CONMEBOL Sudamericana,2025
a24714b4,Gabriel Chapecó,br BRA,GK,24,6,6,540,6.0,0,0,0,0,0,0,2,1,0.00,0.00,0.00,0.00,0.00,Matches,Copa CONMEBOL Sudamericana,2025
9331bda6,Igor Serrote,br BRA,DF,19,7,6,512,5.7,0,0,0,0,0,0,2,0,0.00,0.00,0.00,0.00,0.00,Matches,Copa CONMEBOL Sudamericana,2025
31d1ed52,João Pedro,br BRA,DF,28,7,6,454,5.0,0,0,0,0,0,0,0,0,0.00,0.00,0.00,0.00,0.00,Matches,Copa CONMEBOL Sudamericana,2025
289dc81e,João Lucas,br BRA,DF,26,10,5,506,5.6,0,0,0,0,0,0,1,0,0.00,0.00,0.00,0.00,0.00,Matches,Copa CONMEBOL Sudamericana,2025
e75dc411,Alex Santana,br BRA,MF,29,8,4,389,4.3,0,0,0,0,0,0,5,0,0.00,0.00,0.00,0.00,0.00,Matches,Copa CONMEBOL Sudamericana,2025
36e163aa,Riquelme Freitas,br BRA,"MF,FW",18,10,4,388,4.3,0,0,0,0,0,0,0,0,0.00,0.00,0.00,0.00,0.00,Matches,Copa CONMEBOL Sudamericana,2025
8b9ebd03,Willian,br BRA,MF,36,6,4,308,3.4,1,2,3,0,1,1,0,0,0.29,0.58,0.88,0.00,0.58,Matches,Copa CONMEBOL Sudamericana,2025
4535ab5d,Alexander Aravena,cl CHI,MF,22,22,3,581,6.5,3,0,3,3,0,0,1,0,0.46,0.00,0.46,0.46,0.46,Matches,Copa CONMEBOL Sudamericana,2025
484ebdb0,Matias Arezo,uy URU,FW,22,8,3,268,3.0,1,1,2,1,0,0,1,0,0.34,0.34,0.67,0.34,0.67,Matches,Copa CONMEBOL Sudamericana,2025
3626f7d9,Fabián Balbuena,py PAR,DF,33,3,3,225,2.5,1,0,1,1,0,0,0,0,0.40,0.00,0.40,0.40,0.40,Matches,Copa CONMEBOL Sudamericana,2025
a2f7f47c,Miguel Monsalve,co COL,"MF,FW",20,9,2,297,3.3,0,1,1,0,0,0,2,0,0.00,0.30,0.30,0.00,0.30,Matches,Copa CONMEBOL Sudamericana,2025
5334ff3f,Ronald,br BRA,DF,21,6,1,233,2.6,0,0,0,0,0,0,0,0,0.00,0.00,0.00,0.00,0.00,Matches,Copa CONMEBOL Sudamericana,2025
fa00f0c9,Nathan,br BRA,MF,28,2,1,90,1.0,0,0,0,0,0,0,0,0,0.00,0.00,0.00,0.00,0.00,Matches,Copa CONMEBOL Sudamericana,2025
fd47b4f2,Rodrigo Ely,br BRA,DF,31,2,1,40,0.4,0,0,0,0,0,0,0,0,0.00,0.00,0.00,0.00,0.00,Matches,Copa CONMEBOL Sudamericana,2025
73bec74e,Viery,br BRA,DF,20,3,0,50,0.6,0,0,0,0,0,0,0,0,0.00,0.00,0.00,0.00,0.00,Matches,Copa CONMEBOL Sudamericana,2025
b9047077,Jardiel,br BRA,FW,19,5,0,41,0.5,0,0,0,0,0,0,0,0,0.00,0.00,0.00,0.00,0.00,Matches,Copa CONMEBOL Sudamericana,2025
e5819c51,Thiago Beltrame,br BRA,GK,21,0,0,,,,,,,,,,,,,,,,Matches,Copa CONMEBOL Sudamericana,2025
ca151606,Luan Cândido,br BRA,DF,23,0,0,,,,,,,,,,,,,,,,Matches,Copa CONMEBOL Sudamericana,2025
ef49e2ed,Luis Eduardo,br BRA,DF,17,0,0,,,,,,,,,,,,,,,,Matches,Copa CONMEBOL Sudamericana,2025
e782f07b,Enzo,br BRA,DF,22,0,0,,,,,,,,,,,,,,,,Matches,Copa CONMEBOL Sudamericana,2025
1ab6778b,Jorge,br BRA,GK,23,0,0,,,,,,,,,,,,,,,,Matches,Copa CONMEBOL Sudamericana,2025
f049a2fe,Gabriel Mec,br BRA,FW,16,0,0,,,,,,,,,,,,,,,,Matches,Copa CONMEBOL Sudamericana,2025
aa98440f,Tiago,br BRA,MF,16,0,0,,,,,,,,,,,,,,,,Matches,Copa CONMEBOL Sudamericana,2025
fa36577e,Leandro Requena,ar ARG,GK,37,27,27,"2,430",27.0,0,0,0,0,0,0,2,0,0.00,0.00,0.00,0.00,0.00,Matches,Copa CONMEBOL Sudamericana,2025
39498508,Misael Dávila,cl CHI,"MF,DF",33,28,26,"2,298",25.5,4,2,6,4,0,0,1,0,0.16,0.08,0.23,0.16,0.23,Matches,Copa CONMEBOL Sudamericana,2025
69a9711c,César Fuentes,cl CHI,MF,31,26,22,"1,854",20.6,0,2,2,0,0,0,4,1,0.00,0.10,0.10,0.00,0.10,Matches,Copa CONMEBOL Sudamericana,2025
53bdece3,Edson Puch,cl CHI,"FW,MF",38,23,21,"1,755",19.5,3,3,6,2,1,3,8,0,0.15,0.15,0.31,0.10,0.26,Matches,Copa CONMEBOL Sudamericana,2025
a5c7be0d,Steffan Pino,cl CHI,FW,30,26,18,"1,639",18.2,5,2,7,4,1,1,11,0,0.27,0.11,0.38,0.22,0.33,Matches,Copa CONMEBOL Sudamericana,2025
a1292990,Álvaro Ramos,cl CHI,"FW,MF",32,25,17,"1,663",18.5,11,0,11,11,0,1,2,0,0.60,0.00,0.60,0.60,0.60,Matches,Copa CONMEBOL Sudamericana,2025
0de68d90,Luis Casanova,cl CHI,DF,32,20,17,"1,371",15.2,0,0,0,0,0,0,5,0,0.00,0.00,0.00,0.00,0.00,Matches,Copa CONMEBOL Sudamericana,2025
fdfa10a3,Diego Orellana,cl CHI,"MF,DF",31,26,16,"1,573",17.5,0,1,1,0,0,0,5,0,0.00,0.06,0.06,0.00,0.06,Matches,Copa CONMEBOL Sudamericana,2025
c0e00166,Dilan Rojas,cl CHI,DF,20,19,16,"1,353",15.0,0,1,1,0,0,0,2,0,0.00,0.07,0.07,0.00,0.07,Matches,Copa CONMEBOL Sudamericana,2025
bd5fc10e,Salvador Sánchez,ar ARG,DF,29,15,15,"1,350",15.0,0,1,1,0,0,0,4,0,0.00,0.07,0.07,0.00,0.07,Matches,Copa CONMEBOL Sudamericana,2025
7835d137,Matías Blásquez,cl CHI,DF,33,20,14,"1,338",14.9,0,0,0,0,0,0,3,1,0.00,0.00,0.00,0.00,0.00,Matches,Copa CONMEBOL Sudamericana,2025
66acfc2a,Marcelo Jorquera,cl CHI,DF,32,16,14,"1,196",13.3,0,4,4,0,0,0,2,0,0.00,0.30,0.30,0.00,0.30,Matches,Copa CONMEBOL Sudamericana,2025
12d85887,César González,cl CHI,"MF,FW",28,21,13,"1,167",13.0,1,4,5,1,0,0,6,1,0.08,0.31,0.39,0.08,0.39,Matches,Copa CONMEBOL Sudamericana,2025
813dc3a5,Marcos Gómez,py PAR,MF,23,14,12,918,10.2,0,0,0,0,0,0,4,0,0.00,0.00,0.00,0.00,0.00,Matches,Copa CONMEBOL Sudamericana,2025
5e3a7b73,Bryan Soto,cl CHI,MF,23,18,9,915,10.2,2,0,2,2,0,0,9,1,0.20,0.00,0.20,0.20,0.20,Matches,Copa CONMEBOL Sudamericana,2025
4e02059a,Enzo Hoyos,ar ARG,"MF,FW",24,20,9,869,9.7,2,1,3,1,1,1,7,1,0.21,0.10,0.31,0.10,0.21,Matches,Copa CONMEBOL Sudamericana,2025
6414d2de,Agustín Venezia,ar ARG,MF,21,12,9,719,8.0,0,1,1,0,0,0,3,0,0.00,0.13,0.13,0.00,0.13,Matches,Copa CONMEBOL Sudamericana,2025
975fe54d,Hans Salinas,cl CHI,DF,34,20,8,871,9.7,0,1,1,0,0,0,3,0,0.00,0.10,0.10,0.00,0.10,Matches,Copa CONMEBOL Sudamericana,2025
cd6010ce,Tiago Ferreyra,ar ARG,DF,22,7,7,619,6.9,0,0,0,0,0,0,4,0,0.00,0.00,0.00,0.00,0.00,Matches,Copa CONMEBOL Sudamericana,2025
eb5bc3eb,Enric Saborit,es ESP,DF,32,8,6,547,6.1,2,0,2,2,0,0,0,0,0.33,0.00,0.33,0.33,0.33,Matches,Copa CONMEBOL Sudamericana,2025
2511d6e7,Juan Pablo Gómez,ar ARG,DF,33,6,5,492,5.5,0,0,0,0,0,0,1,0,0.00,0.00,0.00,0.00,0.00,Matches,Copa CONMEBOL Sudamericana,2025
829c051c,Anthony Henríquez,cl CHI,MF,18,8,5,292,3.2,0,0,0,0,0,0,0,0,0.00,0.00,0.00,0.00,0.00,Matches,Copa CONMEBOL Sudamericana,2025
e0adeaad,Matías Moya,ar ARG,MF,26,16,4,583,6.5,0,0,0,0,0,0,2,0,0.00,0.00,0.00,0.00,0.00,Matches,Copa CONMEBOL Sudamericana,2025
6e8f3f6c,Carlos Rodríguez,uy URU,DF,34,6,4,396,4.4,0,0,0,0,0,0,1,0,0.00,0.00,0.00,0.00,0.00,Matches,Copa CONMEBOL Sudamericana,2025
6699d5f0,Daniel Castillo,cl CHI,GK,34,3,3,270,3.0,0,0,0,0,0,0,1,0,0.00,0.00,0.00,0.00,0.00,Matches,Copa CONMEBOL Sudamericana,2025
fa05e7f6,Diego Fernández Castro,cl CHI,MF,26,9,3,256,2.8,1,1,2,1,0,0,1,0,0.35,0.35,0.70,0.35,0.70,Matches,Copa CONMEBOL Sudamericana,2025
5e92f266,Rubén Farfán,cl CHI,MF,33,7,3,251,2.8,0,0,0,0,0,0,1,0,0.00,0.00,0.00,0.00,0.00,Matches,Copa CONMEBOL Sudamericana,2025
16a50756,Juan Bacca,co COL,MF,20,6,3,249,2.8,0,0,0,0,0,0,0,0,0.00,0.00,0.00,0.00,0.00,Matches,Copa CONMEBOL Sudamericana,2025
38e74d69,Bayron Barrera,cl CHI,MF,16,3,2,126,1.4,0,0,0,0,0,0,0,0,0.00,0.00,0.00,0.00,0.00,Matches,Copa CONMEBOL Sudamericana,2025
010aac9f,Lucas Marcotti,cl CHI,FW,20,2,1,73,0.8,0,0,0,0,0,0,0,0,0.00,0.00,0.00,0.00,0.00,Matches,Copa CONMEBOL Sudamericana,2025
ea2d5f8f,Leonardo Troncoso,cl CHI,MF,19,1,1,53,0.6,0,0,0,0,0,0,0,0,0.00,0.00,0.00,0.00,0.00,Matches,Copa CONMEBOL Sudamericana,2025
8a26ea71,Javier Parraguez,cl CHI,FW,35,6,0,103,1.1,1,1,2,1,0,0,0,0,0.87,0.87,1.75,0.87,1.75,Matches,Copa CONMEBOL Sudamericana,2025
5ec2b36f,Henry Binimelis,cl CHI,GK,18,0,0,,,,,,,,,,,,,,,,Matches,Copa CONMEBOL Sudamericana,2025
db17b139,Renato Gajardo,cl CHI,MF,19,0,0,,,,,,,,,,,,,,,,Matches,Copa CONMEBOL Sudamericana,2025
1da0652e,Matías Reyes,cl CHI,GK,20,0,0,,,,,,,,,,,,,,,,Matches,Copa CONMEBOL Sudamericana,2025
f07d5b4d,Nahuel Losada,ar ARG,GK,31,31,31,"2,745",30.5,0,0,0,0,0,0,1,0,0.00,0.00,0.00,0.00,0.00,Matches,Copa CONMEBOL Sudamericana,2025
6d8d706a,Sasha Marcich,ar ARG,DF,26,31,27,"2,500",27.8,1,6,7,1,0,0,4,0,0.04,0.22,0.25,0.04,0.25,Matches,Copa CONMEBOL Sudamericana,2025
1b677f5e,Agustín Cardozo,ar ARG,MF,27,29,26,"2,346",26.1,0,0,0,0,0,0,9,1,0.00,0.00,0.00,0.00,0.00,Matches,Copa CONMEBOL Sudamericana,2025
5f424f35,Eduardo Salvio,ar ARG,MF,34,31,26,"2,202",24.5,5,1,6,3,2,2,0,0,0.20,0.04,0.25,0.12,0.16,Matches,Copa CONMEBOL Sudamericana,2025
cf5c3ef1,Carlos Izquierdoz,ar ARG,DF,36,26,25,"2,275",25.3,0,0,0,0,0,0,1,1,0.00,0.00,0.00,0.00,0.00,Matches,Copa CONMEBOL Sudamericana,2025
058c938c,Marcelino Moreno,ar ARG,MF,30,28,24,"2,168",24.1,5,2,7,5,0,0,2,0,0.21,0.08,0.29,0.21,0.29,Matches,Copa CONMEBOL Sudamericana,2025
cede2aa9,Gonzalo Pérez,uy URU,"DF,MF",24,24,19,"1,603",17.8,0,1,1,0,0,0,3,0,0.00,0.06,0.06,0.00,0.06,Matches,Copa CONMEBOL Sudamericana,2025
b5143c97,Walter Bou,ar ARG,FW,31,25,19,"1,578",17.5,6,2,8,5,1,1,2,0,0.34,0.11,0.46,0.29,0.40,Matches,Copa CONMEBOL Sudamericana,2025
44c271db,Ramiro Carrera,ar ARG,MF,31,20,19,"1,462",16.2,1,1,2,1,0,0,8,0,0.06,0.06,0.12,0.06,0.12,Matches,Copa CONMEBOL Sudamericana,2025
e4b8c5b6,Ezequiel Muñoz,ar ARG,DF,34,20,15,"1,382",15.4,0,1,1,0,0,0,2,0,0.00,0.07,0.07,0.00,0.07,Matches,Copa CONMEBOL Sudamericana,2025
215cb5d2,Agustín Medina,,MF,,25,14,"1,379",15.3,0,0,0,0,0,0,6,0,0.00,0.00,0.00,0.00,0.00,Matches,Copa CONMEBOL Sudamericana,2025
fb591f74,Ronaldo Dejesús,py PAR,DF,23,15,13,"1,168",13.0,0,0,0,0,0,0,2,0,0.00,0.00,0.00,0.00,0.00,Matches,Copa CONMEBOL Sudamericana,2025
a76f6e93,Alexis Segovia,ar ARG,MF,20,20,11,925,10.3,1,0,1,1,0,0,0,0,0.10,0.00,0.10,0.10,0.10,Matches,Copa CONMEBOL Sudamericana,2025
97d24b73,José Canale,py PAR,DF,28,10,10,882,9.8,4,0,4,4,0,0,1,0,0.41,0.00,0.41,0.41,0.41,Matches,Copa CONMEBOL Sudamericana,2025
5a39b971,Armando Méndez,uy URU,DF,28,16,9,860,9.6,0,0,0,0,0,0,4,0,0.00,0.00,0.00,0.00,0.00,Matches,Copa CONMEBOL Sudamericana,2025
dababecf,Dylan Aquino,ar ARG,"MF,FW",19,29,8,"1,080",12.0,0,2,2,0,0,0,4,0,0.00,0.17,0.17,0.00,0.17,Matches,Copa CONMEBOL Sudamericana,2025
da71df54,Rodrigo Castillo,ar ARG,FW,25,15,8,782,8.7,7,1,8,7,0,0,1,1,0.81,0.12,0.92,0.81,0.92,Matches,Copa CONMEBOL Sudamericana,2025
0d7ad669,Franco Watson,ar ARG,MF,25,10,8,567,6.3,1,1,2,1,0,0,0,0,0.16,0.16,0.32,0.16,0.32,Matches,Copa CONMEBOL Sudamericana,2025
46667801,Juan Ramírez,ar ARG,MF,31,17,6,518,5.8,0,0,0,0,0,0,0,0,0.00,0.00,0.00,0.00,0.00,Matches,Copa CONMEBOL Sudamericana,2025
1e72d119,Felipe Peña,ar ARG,MF,23,9,6,476,5.3,0,1,1,0,0,0,2,0,0.00,0.19,0.19,0.00,0.19,Matches,Copa CONMEBOL Sudamericana,2025
fa828ce6,Alexis Canelo,ar ARG,"FW,MF",32,25,5,627,7.0,1,3,4,1,0,0,1,0,0.14,0.43,0.57,0.14,0.57,Matches,Copa CONMEBOL Sudamericana,2025
242d37f3,Nicolás Morgantini,ar ARG,DF,30,6,4,391,4.3,0,0,0,0,0,0,1,0,0.00,0.00,0.00,0.00,0.00,Matches,Copa CONMEBOL Sudamericana,2025
db887bdf,Juan Cáceres,py PAR,DF,24,3,3,270,3.0,0,1,1,0,0,0,1,0,0.00,0.33,0.33,0.00,0.33,Matches,Copa CONMEBOL Sudamericana,2025
548ffe4c,Bruno Cabrera,ar ARG,"FW,MF",21,6,3,246,2.7,0,0,0,0,0,0,2,0,0.00,0.00,0.00,0.00,0.00,Matches,Copa CONMEBOL Sudamericana,2025
4216c0a6,Luciano Romero,ar ARG,DF,19,3,3,219,2.4,0,0,0,0,0,0,1,0,0.00,0.00,0.00,0.00,0.00,Matches,Copa CONMEBOL Sudamericana,2025
42d44ed9,Franco Orozco,ar ARG,MF,23,6,2,209,2.3,0,0,0,0,0,0,0,0,0.00,0.00,0.00,0.00,0.00,Matches,Copa CONMEBOL Sudamericana,2025
2a3af4d5,Lautaro Acosta,ar ARG,MF,36,9,2,147,1.6,1,0,1,1,0,0,1,0,0.61,0.00,0.61,0.61,0.61,Matches,Copa CONMEBOL Sudamericana,2025
119a4577,Lautaro Morales,ar ARG,GK,25,2,1,135,1.5,0,0,0,0,0,0,0,0,0.00,0.00,0.00,0.00,0.00,Matches,Copa CONMEBOL Sudamericana,2025
348ea312,Facundo Sánchez,ar ARG,MF,19,5,1,126,1.4,0,0,0,0,0,0,0,0,0.00,0.00,0.00,0.00,0.00,Matches,Copa CONMEBOL Sudamericana,2025
5dbf09fb,Leonel Cardozo,ar ARG,DF,21,2,1,96,1.1,0,0,0,0,0,0,1,0,0.00,0.00,0.00,0.00,0.00,Matches,Copa CONMEBOL Sudamericana,2025
f3739b14,Tobías Quiroz,ar ARG,DF,19,1,1,90,1.0,0,0,0,0,0,0,1,0,0.00,0.00,0.00,0.00,0.00,Matches,Copa CONMEBOL Sudamericana,2025
be4f969a,Agustín Rodríguez,ar ARG,MF,20,2,1,77,0.9,0,0,0,0,0,0,0,0,0.00,0.00,0.00,0.00,0.00,Matches,Copa CONMEBOL Sudamericana,2025
1b9d4ba0,Óctavio Ontivero,ar ARG,DF,19,1,1,76,0.8,0,0,0,0,0,0,0,0,0.00,0.00,0.00,0.00,0.00,Matches,Copa CONMEBOL Sudamericana,2025
02812c91,Thomás de Martis,ar ARG,FW,16,1,0,12,0.1,0,0,0,0,0,0,0,0,0.00,0.00,0.00,0.00,0.00,Matches,Copa CONMEBOL Sudamericana,2025
67e9b274,Mariano Gerez,ar ARG,MF,19,1,0,11,0.1,0,0,0,0,0,0,0,0,0.00,0.00,0.00,0.00,0.00,Matches,Copa CONMEBOL Sudamericana,2025
44b5be2b,Luciano Boggio,it ITA,MF,25,1,0,9,0.1,0,0,0,0,0,0,0,0,0.00,0.00,0.00,0.00,0.00,Matches,Copa CONMEBOL Sudamericana,2025
4d4e5519,Elías Brito,ar ARG,DF,19,1,0,3,0.0,0,0,0,0,0,0,0,0,0.00,0.00,0.00,0.00,0.00,Matches,Copa CONMEBOL Sudamericana,2025
a3fbcd10,Jeremías Chavero,ar ARG,FW,18,1,0,2,0.0,0,0,0,0,0,0,0,0,0.00,0.00,0.00,0.00,0.00,Matches,Copa CONMEBOL Sudamericana,2025
651a9554,Benjamin Acosta,ar ARG,FW,18,0,0,,,,,,,,,,,,,,,,Matches,Copa CONMEBOL Sudamericana,2025
0cb4ecf1,Fabricio Acosta,ar ARG,DF,20,0,0,,,,,,,,,,,,,,,,Matches,Copa CONMEBOL Sudamericana,2025
c263af80,Brian Aguilar,ar ARG,DF,21,0,0,,,,,,,,,,,,,,,,Matches,Copa CONMEBOL Sudamericana,2025
a73a302e,Nicolás Cláa,ar ARG,GK,20,0,0,,,,,,,,,,,,,,,,Matches,Copa CONMEBOL Sudamericana,2025
bf32ec3a,Evaristo Dieguiz,ar ARG,GK,19,0,0,,,,,,,,,,,,,,,,Matches,Copa CONMEBOL Sudamericana,2025
39b3e1a9,Thiago Laplace,ar ARG,MF,18,0,0,,,,,,,,,,,,,,,,Matches,Copa CONMEBOL Sudamericana,2025
b8edd937,Edwin Schulz,ar ARG,FW,21,0,0,,,,,,,,,,,,,,,,Matches,Copa CONMEBOL Sudamericana,2025
27fc0198,Leandro Zazpe,uy URU,"DF,MF",30,34,34,"3,022",33.6,1,0,1,1,0,0,10,1,0.03,0.00,0.03,0.03,0.03,Matches,Copa CONMEBOL Sudamericana,2025
2d96d754,Pablo Lima,uy URU,MF,34,33,30,"2,610",29.0,2,0,2,0,2,2,5,0,0.07,0.00,0.07,0.00,0.00,Matches,Copa CONMEBOL Sudamericana,2025
dce69a7c,Francisco Cerro,ar ARG,MF,36,29,26,"2,006",22.3,0,0,0,0,0,0,8,0,0.00,0.00,0.00,0.00,0.00,Matches,Copa CONMEBOL Sudamericana,2025
e2a379e3,Andrew Teuten,uy URU,DF,26,32,25,"2,271",25.2,0,0,0,0,0,0,6,0,0.00,0.00,0.00,0.00,0.00,Matches,Copa CONMEBOL Sudamericana,2025
7dafa714,Mateo Acosta,uy URU,DF,21,28,24,"2,038",22.6,1,0,1,1,0,0,9,0,0.04,0.00,0.04,0.04,0.04,Matches,Copa CONMEBOL Sudamericana,2025
9dd245c3,Mauro Silveira,uy URU,GK,24,21,21,"1,890",21.0,0,0,0,0,0,0,1,0,0.00,0.00,0.00,0.00,0.00,Matches,Copa CONMEBOL Sudamericana,2025
c903d70a,Sebastián Figueredo,uy URU,DF,23,21,21,"1,834",20.4,0,0,0,0,0,0,4,0,0.00,0.00,0.00,0.00,0.00,Matches,Copa CONMEBOL Sudamericana,2025
eaa5c295,Nicolás Ferreira,uy URU,FW,22,22,20,"1,604",17.8,1,0,1,1,0,0,2,0,0.06,0.00,0.06,0.06,0.06,Matches,Copa CONMEBOL Sudamericana,2025
34207941,Emiliano García,uy URU,DF,35,20,19,"1,671",18.6,0,0,0,0,0,0,9,1,0.00,0.00,0.00,0.00,0.00,Matches,Copa CONMEBOL Sudamericana,2025
c89d592c,Bruno Veglio,uy URU,MF,26,29,18,"1,478",16.4,2,0,2,2,0,0,2,0,0.12,0.00,0.12,0.12,0.12,Matches,Copa CONMEBOL Sudamericana,2025
b04fb001,Martín Suárez,uy URU,DF,20,25,17,"1,457",16.2,1,0,1,1,0,0,5,0,0.06,0.00,0.06,0.06,0.06,Matches,Copa CONMEBOL Sudamericana,2025
74507e77,Paulo Lima,uy URU,DF,33,18,16,"1,512",16.8,1,0,1,1,0,0,4,1,0.06,0.00,0.06,0.06,0.06,Matches,Copa CONMEBOL Sudamericana,2025
49c0394e,Jhonny da Silva,uy URU,GK,33,15,15,"1,350",15.0,0,0,0,0,0,0,1,0,0.00,0.00,0.00,0.00,0.00,Matches,Copa CONMEBOL Sudamericana,2025
15d92bd3,Rodrigo Rivero,uy URU,MF,29,19,14,"1,250",13.9,5,1,6,1,4,4,4,0,0.36,0.07,0.43,0.07,0.14,Matches,Copa CONMEBOL Sudamericana,2025
5ed78e99,Joaquín Zeballos,uy URU,FW,28,20,14,"1,069",11.9,2,1,3,2,0,0,2,1,0.17,0.08,0.25,0.17,0.25,Matches,Copa CONMEBOL Sudamericana,2025
a2726ed8,Germán Gabriel,uy URU,DF,30,12,12,964,10.7,0,0,0,0,0,0,3,0,0.00,0.00,0.00,0.00,0.00,Matches,Copa CONMEBOL Sudamericana,2025
29935309,Nicolás Queiroz,uy URU,MF,28,25,11,"1,150",12.8,2,0,2,2,0,0,0,0,0.16,0.00,0.16,0.16,0.16,Matches,Copa CONMEBOL Sudamericana,2025
df47bd45,Kevin Parzajuk,py PAR,FW,22,13,10,887,9.9,0,0,0,0,0,0,4,0,0.00,0.00,0.00,0.00,0.00,Matches,Copa CONMEBOL Sudamericana,2025
ee6efa45,Jonás Luna,ar ARG,MF,19,13,10,863,9.6,0,0,0,0,0,0,6,1,0.00,0.00,0.00,0.00,0.00,Matches,Copa CONMEBOL Sudamericana,2025
2c3d372f,Alan García,uy URU,DF,25,11,9,771,8.6,1,0,1,1,0,0,3,0,0.12,0.00,0.12,0.12,0.12,Matches,Copa CONMEBOL Sudamericana,2025
23d94c75,Esteban Crucci,uy URU,FW,18,14,8,617,6.9,2,0,2,1,1,1,3,0,0.29,0.00,0.29,0.15,0.15,Matches,Copa CONMEBOL Sudamericana,2025
0b2a91fa,Guillermo Borthagaray,uy URU,DF,19,7,7,573,6.4,0,0,0,0,0,0,1,1,0.00,0.00,0.00,0.00,0.00,Matches,Copa CONMEBOL Sudamericana,2025
2693ee61,Nicolás Royon,uy URU,FW,34,17,6,650,7.2,1,0,1,1,0,0,3,0,0.14,0.00,0.14,0.14,0.14,Matches,Copa CONMEBOL Sudamericana,2025
0dab9943,Tabaré Viúdez,uy URU,"FW,MF",35,15,6,519,5.8,0,0,0,0,0,0,1,0,0.00,0.00,0.00,0.00,0.00,Matches,Copa CONMEBOL Sudamericana,2025
b92f7a76,Santiago Guzmán,uy URU,FW,20,14,3,429,4.8,0,0,0,0,0,0,5,1,0.00,0.00,0.00,0.00,0.00,Matches,Copa CONMEBOL Sudamericana,2025
7b04e0a7,Pablo Suárez,uy URU,FW,19,11,3,362,4.0,0,1,1,0,0,0,3,0,0.00,0.25,0.25,0.00,0.25,Matches,Copa CONMEBOL Sudamericana,2025
b76727b0,Guillermo Wagner,uy URU,MF,23,9,3,343,3.8,0,0,0,0,0,0,1,0,0.00,0.00,0.00,0.00,0.00,Matches,Copa CONMEBOL Sudamericana,2025
b5728713,Mateo Martínez,uy URU,FW,18,10,3,315,3.5,0,0,0,0,0,0,2,0,0.00,0.00,0.00,0.00,0.00,Matches,Copa CONMEBOL Sudamericana,2025
2d79c2e5,Rodrigo Amaral,uy URU,FW,27,7,1,165,1.8,0,0,0,0,0,0,0,1,0.00,0.00,0.00,0.00,0.00,Matches,Copa CONMEBOL Sudamericana,2025
b7fb91ce,José Río,uy URU,GK,21,1,1,90,1.0,0,0,0,0,0,0,0,0,0.00,0.00,0.00,0.00,0.00,Matches,Copa CONMEBOL Sudamericana,2025
e8628328,Juan Rodríguez,uy URU,FW,18,17,0,409,4.5,1,0,1,1,0,0,5,0,0.22,0.00,0.22,0.22,0.22,Matches,Copa CONMEBOL Sudamericana,2025
f32a5851,Luciano Cosentino,uy URU,FW,23,7,0,114,1.3,1,0,1,1,0,0,0,0,0.79,0.00,0.79,0.79,0.79,Matches,Copa CONMEBOL Sudamericana,2025
8617e3d9,Matías Aguirregaray,uy URU,"DF,MF",35,3,0,73,0.8,0,0,0,0,0,0,0,0,0.00,0.00,0.00,0.00,0.00,Matches,Copa CONMEBOL Sudamericana,2025
894c4822,Martín Bértola,uy URU,FW,18,4,0,54,0.6,0,0,0,0,0,0,2,0,0.00,0.00,0.00,0.00,0.00,Matches,Copa CONMEBOL Sudamericana,2025
0bc667e0,Christian Franco,uy URU,FW,25,3,0,47,0.5,0,0,0,0,0,0,0,0,0.00,0.00,0.00,0.00,0.00,Matches,Copa CONMEBOL Sudamericana,2025
6c65c195,Felipe Serrés,uy URU,FW,18,2,0,14,0.2,0,0,0,0,0,0,1,0,0.00,0.00,0.00,0.00,0.00,Matches,Copa CONMEBOL Sudamericana,2025
01ede9c5,Matias Alegría,co COL,FW,15,0,0,,,,,,,,,,,,,,,,Matches,Copa CONMEBOL Sudamericana,2025
e6c3a9ca,Lucas Cesano,uy URU,DF,16,0,0,,,,,,,,,,,,,,,,Matches,Copa CONMEBOL Sudamericana,2025
4ddf2e81,Gerónimo Govea,bo BOL,GK,16,0,0,,,,,,,,,,,,,,,,Matches,Copa CONMEBOL Sudamericana,2025
1d0885af,Cristofer Marques,uy URU,DF,17,0,0,,,,,,,,,,,,,,,,Matches,Copa CONMEBOL Sudamericana,2025
68812755,Franco Nanni,uy URU,DF,16,0,0,,,,,,,,,,,,,,,,Matches,Copa CONMEBOL Sudamericana,2025
83317c6a,Rodrigo Novo,uy URU,MF,19,0,0,,,,,,,,,,,,,,,,Matches,Copa CONMEBOL Sudamericana,2025
a14cf2e4,Pablo Aránguiz,cl CHI,"MF,FW",27,26,25,"2,130",23.7,11,3,14,7,4,5,9,0,0.46,0.13,0.59,0.30,0.42,Matches,Copa CONMEBOL Sudamericana,2025
048057ce,Ignacio Jeraldino,cl CHI,FW,29,27,23,"1,949",21.7,6,2,8,5,1,1,5,0,0.28,0.09,0.37,0.23,0.32,Matches,Copa CONMEBOL Sudamericana,2025
9adcb86f,Valentín Vidal,cl CHI,DF,20,23,21,"1,906",21.2,0,0,0,0,0,0,4,0,0.00,0.00,0.00,0.00,0.00,Matches,Copa CONMEBOL Sudamericana,2025
38802f7d,Ariel Uribe,cl CHI,"MF,FW",25,24,19,"1,688",18.8,1,1,2,1,0,0,4,1,0.05,0.05,0.11,0.05,0.11,Matches,Copa CONMEBOL Sudamericana,2025
ca3b76dc,Martín Parra,cl CHI,GK,24,18,18,"1,620",18.0,0,0,0,0,0,0,3,0,0.00,0.00,0.00,0.00,0.00,Matches,Copa CONMEBOL Sudamericana,2025
f2323153,Gabriel Norambuena,cl CHI,"DF,MF",21,23,18,"1,513",16.8,1,1,2,1,0,0,3,0,0.06,0.06,0.12,0.06,0.12,Matches,Copa CONMEBOL Sudamericana,2025
e6b39bee,Kevin Contreras,,"MF,DF",,18,16,"1,335",14.8,1,0,1,1,0,0,3,0,0.07,0.00,0.07,0.07,0.07,Matches,Copa CONMEBOL Sudamericana,2025
b408d178,Bruno Jáuregui,cl CHI,MF,21,22,14,"1,284",14.3,1,0,1,1,0,0,5,1,0.07,0.00,0.07,0.07,0.07,Matches,Copa CONMEBOL Sudamericana,2025
973e4321,Agustín Nadruz,uy URU,MF,28,17,13,"1,242",13.8,0,0,0,0,0,0,2,0,0.00,0.00,0.00,0.00,0.00,Matches,Copa CONMEBOL Sudamericana,2025
ca7b9c17,Fernando Ovelar,py PAR,"MF,FW",21,20,13,"1,112",12.4,0,0,0,0,0,0,0,0,0.00,0.00,0.00,0.00,0.00,Matches,Copa CONMEBOL Sudamericana,2025
91c3b3fb,Simón Ramírez,cl CHI,DF,26,13,13,"1,064",11.8,0,0,0,0,0,0,4,0,0.00,0.00,0.00,0.00,0.00,Matches,Copa CONMEBOL Sudamericana,2025
e1ae2215,Franco Torgnascioli,uy URU,GK,34,12,12,"1,080",12.0,0,0,0,0,0,0,1,0,0.00,0.00,0.00,0.00,0.00,Matches,Copa CONMEBOL Sudamericana,2025
8ab552c8,Sebastián Pereira,cl CHI,DF,26,16,12,"1,020",11.3,1,0,1,1,0,0,5,1,0.09,0.00,0.09,0.09,0.09,Matches,Copa CONMEBOL Sudamericana,2025
699cfab0,Bianneider Tamayo,ve VEN,DF,20,12,12,"1,006",11.2,0,0,0,0,0,0,4,1,0.00,0.00,0.00,0.00,0.00,Matches,Copa CONMEBOL Sudamericana,2025
a089163c,Gonzalo Castellani,ar ARG,MF,37,13,11,"1,011",11.2,1,0,1,1,0,0,5,0,0.09,0.00,0.09,0.09,0.09,Matches,Copa CONMEBOL Sudamericana,2025
aa385931,Fabricio Formiliano,uy URU,DF,32,11,11,990,11.0,0,0,0,0,0,0,3,0,0.00,0.00,0.00,0.00,0.00,Matches,Copa CONMEBOL Sudamericana,2025
8c227c1b,Felipe Espinoza,cl CHI,"DF,MF",25,15,11,922,10.2,1,1,2,1,0,0,3,0,0.10,0.10,0.20,0.10,0.20,Matches,Copa CONMEBOL Sudamericana,2025
308990ee,Nicolás Díaz Huincales,cl CHI,DF,25,10,10,875,9.7,0,0,0,0,0,0,2,0,0.00,0.00,0.00,0.00,0.00,Matches,Copa CONMEBOL Sudamericana,2025
e11f5921,Matías Marín,cl CHI,MF,25,11,8,646,7.2,2,1,3,2,0,0,2,0,0.28,0.14,0.42,0.28,0.42,Matches,Copa CONMEBOL Sudamericana,2025
4daeea42,Franco Ratotti,ar ARG,FW,19,10,6,656,7.3,1,2,3,1,0,0,3,0,0.14,0.27,0.41,0.14,0.41,Matches,Copa CONMEBOL Sudamericana,2025
e753aa9e,Matías Suárez,ar ARG,"FW,MF",36,8,5,446,5.0,1,0,1,0,1,1,2,1,0.20,0.00,0.20,0.00,0.00,Matches,Copa CONMEBOL Sudamericana,2025
4971e653,Cristian Insaurralde,ar ARG,"FW,MF",33,13,5,440,4.9,1,0,1,0,1,1,3,0,0.20,0.00,0.20,0.00,0.00,Matches,Copa CONMEBOL Sudamericana,2025
20a8ae09,Rodrigo Vásquez,cl CHI,"MF,FW",19,12,4,496,5.5,1,0,1,1,0,0,0,0,0.18,0.00,0.18,0.18,0.18,Matches,Copa CONMEBOL Sudamericana,2025
c1a72c24,Bryan Carvallo,cl CHI,"MF,FW",28,15,4,448,5.0,0,0,0,0,0,0,3,0,0.00,0.00,0.00,0.00,0.00,Matches,Copa CONMEBOL Sudamericana,2025
0b9d1b8e,Brayan Véjar,cl CHI,"DF,MF",29,12,4,430,4.8,0,0,0,0,0,0,1,0,0.00,0.00,0.00,0.00,0.00,Matches,Copa CONMEBOL Sudamericana,2025
cfe6a741,Rodrigo Alarcón,cl CHI,DF,19,4,4,331,3.7,0,0,0,0,0,0,0,0,0.00,0.00,0.00,0.00,0.00,Matches,Copa CONMEBOL Sudamericana,2025
76480e85,Leonardo Naranjo,cl CHI,MF,20,5,4,278,3.1,0,0,0,0,0,0,1,0,0.00,0.00,0.00,0.00,0.00,Matches,Copa CONMEBOL Sudamericana,2025
9339e4be,Ignacio Núñez,cl CHI,MF,34,6,3,307,3.4,1,0,1,1,0,0,0,0,0.29,0.00,0.29,0.29,0.29,Matches,Copa CONMEBOL Sudamericana,2025
4433a173,Felipe Massri,ps PLE,MF,22,5,3,278,3.1,1,0,1,1,0,0,0,0,0.32,0.00,0.32,0.32,0.32,Matches,Copa CONMEBOL Sudamericana,2025
99620d8e,Cris Montes,es ESP,MF,27,5,3,266,3.0,0,0,0,0,0,0,0,0,0.00,0.00,0.00,0.00,0.00,Matches,Copa CONMEBOL Sudamericana,2025
2c6c031e,Milovan Celis,cl CHI,DF,18,10,2,312,3.5,0,0,0,0,0,0,0,1,0.00,0.00,0.00,0.00,0.00,Matches,Copa CONMEBOL Sudamericana,2025
ce8ece8e,Bastián Roco,cl CHI,DF,21,2,2,180,2.0,0,0,0,0,0,0,2,0,0.00,0.00,0.00,0.00,0.00,Matches,Copa CONMEBOL Sudamericana,2025
fc99e2c2,Diego Robles,cl CHI,FW,17,2,1,82,0.9,0,0,0,0,0,0,0,0,0.00,0.00,0.00,0.00,0.00,Matches,Copa CONMEBOL Sudamericana,2025
859451ea,Renato Huerta,cl CHI,FW,20,4,0,107,1.2,0,1,1,0,0,0,0,0,0.00,0.84,0.84,0.00,0.84,Matches,Copa CONMEBOL Sudamericana,2025
7380ba2b,Enzo Uribe,cl CHI,GK,20,0,0,,,,,,,,,,,,,,,,Matches,Copa CONMEBOL Sudamericana,2025
a80af0d9,Patricio Álvarez,pe PER,GK,31,34,34,"3,060",34.0,3,0,3,0,3,4,1,0,0.09,0.00,0.09,0.00,0.00,Matches,Copa CONMEBOL Sudamericana,2025
0fd65836,Rodrigo Tapia,ar ARG,DF,30,34,34,"3,013",33.5,0,1,1,0,0,0,7,0,0.00,0.03,0.03,0.00,0.03,Matches,Copa CONMEBOL Sudamericana,2025
b11883e8,Rafael Guarderas,pe PER,MF,31,31,30,"2,654",29.5,1,1,2,1,0,0,7,0,0.03,0.03,0.07,0.03,0.07,Matches,Copa CONMEBOL Sudamericana,2025
53599e0e,Daniel Franco,ar ARG,DF,33,32,27,"2,534",28.2,0,1,1,0,0,0,5,0,0.00,0.04,0.04,0.00,0.04,Matches,Copa CONMEBOL Sudamericana,2025
346031dc,José Bolivar,pe PER,DF,25,29,27,"2,414",26.8,2,0,2,2,0,0,4,0,0.07,0.00,0.07,0.07,0.07,Matches,Copa CONMEBOL Sudamericana,2025
c850305b,Neri Bandiera,ar ARG,"MF,FW",35,32,27,"2,226",24.7,10,4,14,10,0,0,0,1,0.40,0.16,0.57,0.40,0.57,Matches,Copa CONMEBOL Sudamericana,2025
98f6f5c6,Diego Soto,pe PER,MF,23,27,25,"2,226",24.7,1,1,2,1,0,0,1,1,0.04,0.04,0.08,0.04,0.08,Matches,Copa CONMEBOL Sudamericana,2025
7a4296e1,Raúl Ruidíaz,pe PER,FW,34,26,24,"1,954",21.7,8,4,12,3,5,5,5,1,0.37,0.18,0.55,0.14,0.32,Matches,Copa CONMEBOL Sudamericana,2025
d5054cad,Jeremy Rostaing,pe PER,"DF,MF",29,28,23,"2,083",23.1,0,1,1,0,0,0,5,2,0.00,0.04,0.04,0.00,0.04,Matches,Copa CONMEBOL Sudamericana,2025
6f5aae09,Paulo de la Cruz,pe PER,MF,25,25,20,"1,723",19.1,2,1,3,2,0,0,2,0,0.10,0.05,0.16,0.10,0.16,Matches,Copa CONMEBOL Sudamericana,2025
d49554fd,Rodrigo Vilca,pe PER,MF,25,23,17,"1,363",15.1,2,3,5,2,0,0,1,0,0.13,0.20,0.33,0.13,0.33,Matches,Copa CONMEBOL Sudamericana,2025
6009bf94,Juan Fernando Garro,ar ARG,MF,32,24,17,"1,242",13.8,2,2,4,2,0,0,2,0,0.14,0.14,0.29,0.14,0.29,Matches,Copa CONMEBOL Sudamericana,2025
5390d0b9,Elsar Rodas,pe PER,"DF,MF",30,26,15,"1,479",16.4,0,0,0,0,0,0,3,0,0.00,0.00,0.00,0.00,0.00,Matches,Copa CONMEBOL Sudamericana,2025
b914468d,Tomás Sandoval,ar ARG,FW,25,30,11,"1,181",13.1,4,2,6,4,0,0,3,1,0.30,0.15,0.46,0.30,0.46,Matches,Copa CONMEBOL Sudamericana,2025
6d9aedd3,Benjamín García,ar ARG,MF,24,17,11,868,9.6,0,0,0,0,0,0,1,0,0.00,0.00,0.00,0.00,0.00,Matches,Copa CONMEBOL Sudamericana,2025
cbea8172,Fabio Renato Rojas,pe PER,DF,25,15,10,930,10.3,0,2,2,0,0,0,2,0,0.00,0.19,0.19,0.00,0.19,Matches,Copa CONMEBOL Sudamericana,2025
1c0554ad,Christopher Olivares,pe PER,"MF,FW",25,21,8,865,9.6,2,2,4,2,0,1,1,0,0.21,0.21,0.42,0.21,0.42,Matches,Copa CONMEBOL Sudamericana,2025
f34cf1eb,Jherson Reyes,pe PER,"DF,MF",20,17,8,805,8.9,1,0,1,1,0,0,3,0,0.11,0.00,0.11,0.11,0.11,Matches,Copa CONMEBOL Sudamericana,2025
7c19c3af,César Vásquez,pe PER,"FW,MF",22,25,4,629,7.0,1,1,2,1,0,0,1,0,0.14,0.14,0.29,0.14,0.29,Matches,Copa CONMEBOL Sudamericana,2025
168940f7,Leonel Solís,pe PER,MF,28,10,4,386,4.3,0,1,1,0,0,0,1,0,0.00,0.23,0.23,0.00,0.23,Matches,Copa CONMEBOL Sudamericana,2025
3b53b3dd,Francesco Cavagna,pe PER,DF,24,6,4,327,3.6,0,0,0,0,0,0,0,0,0.00,0.00,0.00,0.00,0.00,Matches,Copa CONMEBOL Sudamericana,2025
22707b69,Joel Herrera,pe PER,MF,20,16,3,384,4.3,1,1,2,1,0,0,0,0,0.23,0.23,0.47,0.23,0.47,Matches,Copa CONMEBOL Sudamericana,2025
d232a082,Arnold Flores,pe PER,MF,20,3,1,112,1.2,0,0,0,0,0,0,1,0,0.00,0.00,0.00,0.00,0.00,Matches,Copa CONMEBOL Sudamericana,2025
781d1e3f,Aarom Fuentes,pe PER,GK,22,1,1,90,1.0,0,0,0,0,0,0,0,0,0.00,0.00,0.00,0.00,0.00,Matches,Copa CONMEBOL Sudamericana,2025
51d95a46,Yamir Ruidíaz,pe PER,FW,23,1,0,17,0.2,0,0,0,0,0,0,0,0,0.00,0.00,0.00,0.00,0.00,Matches,Copa CONMEBOL Sudamericana,2025
eb476ff8,Henri Espinoza,,,,1,0,11,0.1,0,0,0,0,0,0,0,0,0.00,0.00,0.00,0.00,0.00,Matches,Copa CONMEBOL Sudamericana,2025
71653351,Adriel Trelles,pe PER,MF,20,1,0,1,0.0,0,0,0,0,0,0,0,0,0.00,0.00,0.00,0.00,0.00,Matches,Copa CONMEBOL Sudamericana,2025
76e4a41c,Alvaro Reynoso,pe PER,GK,21,0,0,,,,,,,,,,,,,,,,Matches,Copa CONMEBOL Sudamericana,2025
06061f47,Breyner Vilela,,GK,,0,0,,,,,,,,,,,,,,,,Matches,Copa CONMEBOL Sudamericana,2025
33330466,Enrique Bologna,ar ARG,GK,42,32,32,"2,880",32.0,0,0,0,0,0,0,2,0,0.00,0.00,0.00,0.00,0.00,Matches,Copa CONMEBOL Sudamericana,2025
b9412d9e,Kevin Facundo Gutiérrez,ar ARG,MF,27,30,28,"2,455",27.3,0,1,1,0,0,0,6,0,0.00,0.04,0.04,0.00,0.04,Matches,Copa CONMEBOL Sudamericana,2025
c20a7043,Alexis Soto,ar ARG,"DF,MF",31,28,28,"2,329",25.9,0,6,6,0,0,0,4,2,0.00,0.23,0.23,0.00,0.23,Matches,Copa CONMEBOL Sudamericana,2025
27aecc44,Lucas Ferreira,uy URU,DF,24,26,25,"2,207",24.5,1,1,2,1,0,0,6,0,0.04,0.04,0.08,0.04,0.08,Matches,Copa CONMEBOL Sudamericana,2025
8d69f8f3,Abiel Osorio,ar ARG,"FW,MF",22,29,25,"2,167",24.1,6,1,7,4,2,3,7,1,0.25,0.04,0.29,0.17,0.21,Matches,Copa CONMEBOL Sudamericana,2025
134bd6e4,Ezequiel Cannavo,ar ARG,"DF,MF",22,26,25,"2,097",23.3,1,1,2,1,0,0,3,0,0.04,0.04,0.09,0.04,0.09,Matches,Copa CONMEBOL Sudamericana,2025
cc704b9f,Aaron Nicolás Molinas,ar ARG,MF,24,27,25,"1,890",21.0,2,3,5,2,0,0,4,0,0.10,0.14,0.24,0.10,0.24,Matches,Copa CONMEBOL Sudamericana,2025
9dde0ebb,César Pérez,cl CHI,MF,22,20,19,"1,463",16.3,3,0,3,3,0,0,2,0,0.18,0.00,0.18,0.18,0.18,Matches,Copa CONMEBOL Sudamericana,2025
14cc32a6,Rafael Marcelo Delgado,ar ARG,DF,35,21,18,"1,690",18.8,2,0,2,2,0,0,4,1,0.11,0.00,0.11,0.11,0.11,Matches,Copa CONMEBOL Sudamericana,2025
a15750e1,Damián Fernández,ar ARG,DF,24,15,15,"1,299",14.4,0,0,0,0,0,0,1,0,0.00,0.00,0.00,0.00,0.00,Matches,Copa CONMEBOL Sudamericana,2025
be06718c,Juan Miritello,ar ARG,FW,25,26,14,"1,377",15.3,8,2,10,8,0,1,3,1,0.52,0.13,0.65,0.52,0.65,Matches,Copa CONMEBOL Sudamericana,2025
fc63eb31,Emanuel Aguilera,ar ARG,DF,35,17,14,"1,179",13.1,0,0,0,0,0,0,2,0,0.00,0.00,0.00,0.00,0.00,Matches,Copa CONMEBOL Sudamericana,2025
528b1be4,Lucas González,ar ARG,"MF,FW",24,19,14,936,10.4,1,4,5,1,0,0,2,0,0.10,0.38,0.48,0.10,0.48,Matches,Copa CONMEBOL Sudamericana,2025
ba1f3f64,Gastón Togni,ar ARG,"MF,FW",27,12,11,886,9.8,5,1,6,5,0,0,1,0,0.51,0.10,0.61,0.51,0.61,Matches,Copa CONMEBOL Sudamericana,2025
1b37c107,Juan Gutierrez,uy URU,"MF,FW",22,12,10,737,8.2,1,0,1,1,0,0,0,0,0.12,0.00,0.12,0.12,0.12,Matches,Copa CONMEBOL Sudamericana,2025
d266af3b,Francisco González,ar ARG,"FW,MF",23,14,7,733,8.1,1,1,2,1,0,0,2,0,0.12,0.12,0.25,0.12,0.25,Matches,Copa CONMEBOL Sudamericana,2025
3362dde8,Matías Miranda,ar ARG,MF,24,11,6,511,5.7,1,0,1,1,0,0,1,0,0.18,0.00,0.18,0.18,0.18,Matches,Copa CONMEBOL Sudamericana,2025
a5737fd0,Kevin Balanta,co COL,DF,27,5,5,421,4.7,0,0,0,0,0,0,2,0,0.00,0.00,0.00,0.00,0.00,Matches,Copa CONMEBOL Sudamericana,2025
be6ff7fc,Benjamín Schamine,ar ARG,MF,21,16,4,541,6.0,0,2,2,0,0,0,4,0,0.00,0.33,0.33,0.00,0.33,Matches,Copa CONMEBOL Sudamericana,2025
098a28f8,Agustin Hausch,ar ARG,"MF,DF",21,10,4,405,4.5,0,0,0,0,0,0,1,0,0.00,0.00,0.00,0.00,0.00,Matches,Copa CONMEBOL Sudamericana,2025
3be76aa4,Tobías Rubio,ar ARG,DF,20,8,4,405,4.5,0,0,0,0,0,0,2,0,0.00,0.00,0.00,0.00,0.00,Matches,Copa CONMEBOL Sudamericana,2025
62eef061,David Barbona,ar ARG,MF,29,21,3,624,6.9,0,0,0,0,0,0,1,0,0.00,0.00,0.00,0.00,0.00,Matches,Copa CONMEBOL Sudamericana,2025
cfe8fb62,Matías Ramírez,ar ARG,"MF,FW",25,10,3,368,4.1,0,1,1,0,0,0,2,0,0.00,0.24,0.24,0.00,0.24,Matches,Copa CONMEBOL Sudamericana,2025
ab3ff6e2,Maxi González,ar ARG,MF,20,8,3,351,3.9,0,0,0,0,0,0,0,0,0.00,0.00,0.00,0.00,0.00,Matches,Copa CONMEBOL Sudamericana,2025
5c514884,Lenny Lobato,br BRA,MF,23,11,2,437,4.9,0,0,0,0,0,0,0,0,0.00,0.00,0.00,0.00,0.00,Matches,Copa CONMEBOL Sudamericana,2025
7c884b79,Damián Pérez,ar ARG,DF,36,3,2,225,2.5,0,0,0,0,0,0,0,0,0.00,0.00,0.00,0.00,0.00,Matches,Copa CONMEBOL Sudamericana,2025
9857c88f,Santiago Sosa,ar ARG,MF,20,6,2,196,2.2,0,0,0,0,0,0,1,0,0.00,0.00,0.00,0.00,0.00,Matches,Copa CONMEBOL Sudamericana,2025
74fef6d2,Gaston Gonzalez,ar ARG,FW,23,6,1,168,1.9,0,0,0,0,0,0,0,0,0.00,0.00,0.00,0.00,0.00,Matches,Copa CONMEBOL Sudamericana,2025
b62ca703,Nicolás Palavecino,ar ARG,FW,21,4,1,107,1.2,0,0,0,0,0,0,0,0,0.00,0.00,0.00,0.00,0.00,Matches,Copa CONMEBOL Sudamericana,2025
dd7e0773,Valentín Larralde,ar ARG,MF,24,4,1,103,1.1,0,0,0,0,0,0,1,0,0.00,0.00,0.00,0.00,0.00,Matches,Copa CONMEBOL Sudamericana,2025
f3c6ba68,Agustín Sienra,ar ARG,DF,25,1,1,90,1.0,0,0,0,0,0,0,0,0,0.00,0.00,0.00,0.00,0.00,Matches,Copa CONMEBOL Sudamericana,2025
251ea0b9,Mateo Aguiar,ar ARG,MF,17,5,0,97,1.1,0,0,0,0,0,0,0,0,0.00,0.00,0.00,0.00,0.00,Matches,Copa CONMEBOL Sudamericana,2025
21a529cf,Nicolás Stefanelli,ar ARG,"FW,MF",30,5,0,65,0.7,0,0,0,0,0,0,0,0,0.00,0.00,0.00,0.00,0.00,Matches,Copa CONMEBOL Sudamericana,2025
ca39d38f,Lucas Souto,ar ARG,DF,26,3,0,50,0.6,0,0,0,0,0,0,1,0,0.00,0.00,0.00,0.00,0.00,Matches,Copa CONMEBOL Sudamericana,2025
307002fa,Esteban Lucero,ar ARG,DF,19,1,0,36,0.4,0,0,0,0,0,0,1,0,0.00,0.00,0.00,0.00,0.00,Matches,Copa CONMEBOL Sudamericana,2025
e3ec96c1,Luciano Ramón Herrera,ar ARG,MF,28,1,0,21,0.2,0,0,0,0,0,0,0,0,0.00,0.00,0.00,0.00,0.00,Matches,Copa CONMEBOL Sudamericana,2025
e2525aa4,Ignacio Galván,ar ARG,DF,22,0,0,,,,,,,,,,,,,,,,Matches,Copa CONMEBOL Sudamericana,2025
21e457c9,Uriel La Roza,ar ARG,FW,19,0,0,,,,,,,,,,,,,,,,Matches,Copa CONMEBOL Sudamericana,2025
70d628a1,Roberto León,ar ARG,GK,23,0,0,,,,,,,,,,,,,,,,Matches,Copa CONMEBOL Sudamericana,2025
5d5946a4,Facundo Masuero,ar ARG,GK,24,0,0,,,,,,,,,,,,,,,,Matches,Copa CONMEBOL Sudamericana,2025
7b0c4d94,Facundo Noguera,ar ARG,FW,18,0,0,,,,,,,,,,,,,,,,Matches,Copa CONMEBOL Sudamericana,2025
70ce8fa7,Josue Reinatti,ar ARG,GK,21,0,0,,,,,,,,,,,,,,,,Matches,Copa CONMEBOL Sudamericana,2025
731ba146,Danovis Banguero,co COL,DF,35,39,36,"3,339",37.1,2,6,8,2,0,0,11,1,0.05,0.16,0.22,0.05,0.22,Matches,Copa CONMEBOL Sudamericana,2025
cc3b4444,Jorge Enrique Arias,co COL,DF,32,36,34,"3,118",34.6,1,1,2,1,0,0,16,1,0.03,0.03,0.06,0.03,0.06,Matches,Copa CONMEBOL Sudamericana,2025
1f102340,Nicolás Árevalo,co COL,MF,21,35,33,"2,775",30.8,1,3,4,1,0,0,7,1,0.03,0.10,0.13,0.03,0.13,Matches,Copa CONMEBOL Sudamericana,2025
cbed8f9e,Stiven Vega,co COL,MF,26,34,28,"2,435",27.1,0,2,2,0,0,0,5,0,0.00,0.07,0.07,0.00,0.07,Matches,Copa CONMEBOL Sudamericana,2025
ce3041e5,Andrés Llinás,co COL,DF,27,24,24,"2,143",23.8,1,0,1,1,0,0,6,0,0.04,0.00,0.04,0.04,0.04,Matches,Copa CONMEBOL Sudamericana,2025
2e3dbaa5,Álvaro David Montero,co COL,GK,29,23,23,"2,070",23.0,0,1,1,0,0,0,6,0,0.00,0.04,0.04,0.00,0.04,Matches,Copa CONMEBOL Sudamericana,2025
65766650,Daniel Ruiz Rivera,co COL,MF,23,26,22,"1,833",20.4,3,3,6,2,1,2,4,0,0.15,0.15,0.29,0.10,0.25,Matches,Copa CONMEBOL Sudamericana,2025
9bae8633,Dewar Victoria,co COL,MF,23,28,18,"1,600",17.8,1,0,1,1,0,0,10,1,0.06,0.00,0.06,0.06,0.06,Matches,Copa CONMEBOL Sudamericana,2025
d1ca3243,Beckham Castro,co COL,MF,21,20,18,"1,323",14.7,7,2,9,7,0,0,3,0,0.48,0.14,0.61,0.48,0.61,Matches,Copa CONMEBOL Sudamericana,2025
95902737,Sergio Mosquera,co COL,DF,30,20,17,"1,550",17.2,0,0,0,0,0,0,7,1,0.00,0.00,0.00,0.00,0.00,Matches,Copa CONMEBOL Sudamericana,2025
b53310c1,Leonardo Castro,co COL,FW,32,20,17,"1,362",15.1,9,0,9,5,4,5,5,1,0.59,0.00,0.59,0.33,0.33,Matches,Copa CONMEBOL Sudamericana,2025
ac8b2421,Helibelton Palacios,co COL,DF,31,28,15,"1,644",18.3,2,1,3,2,0,0,6,0,0.11,0.05,0.16,0.11,0.16,Matches,Copa CONMEBOL Sudamericana,2025
ebaa3683,Diego Novoa,co COL,GK,35,17,15,"1,425",15.8,0,0,0,0,0,0,4,0,0.00,0.00,0.00,0.00,0.00,Matches,Copa CONMEBOL Sudamericana,2025
e22564a0,Juan Pablo Vargas,cr CRC,DF,29,15,13,"1,200",13.3,0,0,0,0,0,0,4,1,0.00,0.00,0.00,0.00,0.00,Matches,Copa CONMEBOL Sudamericana,2025
a30b7f4f,Samuel Martín,,DF,,13,13,"1,091",12.1,0,1,1,0,0,0,2,0,0.00,0.08,0.08,0.00,0.08,Matches,Copa CONMEBOL Sudamericana,2025
9200fab7,Néiser Villarreal,co COL,"MF,FW",19,15,13,965,10.7,0,2,2,0,0,0,1,0,0.00,0.19,0.19,0.00,0.19,Matches,Copa CONMEBOL Sudamericana,2025
3c061eea,Daniel Cataño,co COL,"MF,FW",33,20,12,"1,058",11.8,1,2,3,1,0,0,5,0,0.09,0.17,0.26,0.09,0.26,Matches,Copa CONMEBOL Sudamericana,2025
e5cf6aeb,Sander Navarro,co COL,DF,21,15,12,929,10.3,0,0,0,0,0,0,1,0,0.00,0.00,0.00,0.00,0.00,Matches,Copa CONMEBOL Sudamericana,2025
36b1c79f,Alex Castro,co COL,MF,30,13,12,915,10.2,1,1,2,1,0,0,3,1,0.10,0.10,0.20,0.10,0.20,Matches,Copa CONMEBOL Sudamericana,2025
66294099,Santiago Giordana,ar ARG,FW,29,33,11,"1,204",13.4,4,3,7,4,0,1,5,1,0.30,0.22,0.52,0.30,0.52,Matches,Copa CONMEBOL Sudamericana,2025
7b4c7966,Juan Carlos Pereira,co COL,MF,31,17,11,"1,107",12.3,2,0,2,2,0,0,4,2,0.16,0.00,0.16,0.16,0.16,Matches,Copa CONMEBOL Sudamericana,2025
1684fe95,Luis Marimón,co COL,FW,20,23,11,"1,005",11.2,3,0,3,3,0,0,5,0,0.27,0.00,0.27,0.27,0.27,Matches,Copa CONMEBOL Sudamericana,2025
d4f1cfb5,Jorge Cabezas,co COL,"FW,MF",21,14,9,734,8.2,0,0,0,0,0,0,4,0,0.00,0.00,0.00,0.00,0.00,Matches,Copa CONMEBOL Sudamericana,2025
1974fc49,Kevin Palacios,co COL,MF,25,15,8,827,9.2,5,0,5,5,0,0,2,0,0.54,0.00,0.54,0.54,0.54,Matches,Copa CONMEBOL Sudamericana,2025
15cda5f6,Edwin Mosquera,co COL,MF,23,15,8,774,8.6,0,0,0,0,0,0,2,0,0.00,0.00,0.00,0.00,0.00,Matches,Copa CONMEBOL Sudamericana,2025
66116290,Radamel Falcao,co COL,FW,38,12,8,738,8.2,6,0,6,5,1,1,3,0,0.73,0.00,0.73,0.61,0.61,Matches,Copa CONMEBOL Sudamericana,2025
fdac9284,Jhon Córdoba,co COL,"MF,FW",24,20,7,783,8.7,2,1,3,2,0,0,0,0,0.23,0.11,0.34,0.23,0.34,Matches,Copa CONMEBOL Sudamericana,2025
bbc6ed5c,Alex Moreno,co COL,DF,23,7,7,630,7.0,0,0,0,0,0,0,2,0,0.00,0.00,0.00,0.00,0.00,Matches,Copa CONMEBOL Sudamericana,2025
e7f69a30,David Macalister Silva,co COL,"MF,FW",38,9,6,539,6.0,1,2,3,1,0,0,1,0,0.17,0.33,0.50,0.17,0.50,Matches,Copa CONMEBOL Sudamericana,2025
e7037a4f,Jader Valencia,co COL,MF,25,13,6,524,5.8,3,1,4,3,0,0,0,0,0.52,0.17,0.69,0.52,0.69,Matches,Copa CONMEBOL Sudamericana,2025
007be212,Daniel Mantilla,co COL,MF,28,9,5,468,5.2,0,3,3,0,0,0,3,0,0.00,0.58,0.58,0.00,0.58,Matches,Copa CONMEBOL Sudamericana,2025
61e5f84b,Sebastián Viveros,co COL,MF,20,7,5,397,4.4,1,1,2,1,0,0,0,0,0.23,0.23,0.45,0.23,0.45,Matches,Copa CONMEBOL Sudamericana,2025
489f6f84,Guillermo de Amores,uy URU,GK,30,5,5,375,4.2,0,0,0,0,0,0,2,0,0.00,0.00,0.00,0.00,0.00,Matches,Copa CONMEBOL Sudamericana,2025
2b1ac5aa,Delvin Alfonzo,ve VEN,DF,24,5,5,360,4.0,0,1,1,0,0,0,1,0,0.00,0.25,0.25,0.00,0.25,Matches,Copa CONMEBOL Sudamericana,2025
32484ad4,Nicolás Giraldo,co COL,DF,31,5,4,290,3.2,0,1,1,0,0,0,0,0,0.00,0.31,0.31,0.00,0.31,Matches,Copa CONMEBOL Sudamericana,2025
f8cfae1f,Iván Arboleda,co COL,GK,28,3,3,270,3.0,0,0,0,0,0,0,0,1,0.00,0.00,0.00,0.00,0.00,Matches,Copa CONMEBOL Sudamericana,2025
c8d5ac07,Juan Ramírez,co COL,MF,22,6,2,226,2.5,0,0,0,0,0,0,1,0,0.00,0.00,0.00,0.00,0.00,Matches,Copa CONMEBOL Sudamericana,2025
102a620f,Felix Charrupí,co COL,"MF,FW",23,7,2,179,2.0,0,0,0,0,0,0,0,0,0.00,0.00,0.00,0.00,0.00,Matches,Copa CONMEBOL Sudamericana,2025
7f0ec66c,Carlos Sarabia,co COL,DF,19,3,2,177,2.0,0,0,0,0,0,0,0,0,0.00,0.00,0.00,0.00,0.00,Matches,Copa CONMEBOL Sudamericana,2025
6697cafb,Jhoan Hernández,co COL,DF,18,2,2,135,1.5,0,0,0,0,0,0,0,0,0.00,0.00,0.00,0.00,0.00,Matches,Copa CONMEBOL Sudamericana,2025
2845448d,Brayan Cuero,co COL,MF,20,8,1,238,2.6,0,0,0,0,0,0,1,0,0.00,0.00,0.00,0.00,0.00,Matches,Copa CONMEBOL Sudamericana,2025
b7dbcb69,Bruno Sávio,br BRA,MF,30,5,1,128,1.4,0,0,0,0,0,0,2,0,0.00,0.00,0.00,0.00,0.00,Matches,Copa CONMEBOL Sudamericana,2025
ab5939db,Juan Carvajal,co COL,FW,21,2,1,95,1.1,1,0,1,1,0,0,0,0,0.95,0.00,0.95,0.95,0.95,Matches,Copa CONMEBOL Sudamericana,2025
41d46d40,Sebastián Mosquera,co COL,MF,18,5,1,78,0.9,0,0,0,0,0,0,0,0,0.00,0.00,0.00,0.00,0.00,Matches,Copa CONMEBOL Sudamericana,2025
ea11b08c,Cristián Cañozales,co COL,FW,25,7,0,145,1.6,1,0,1,1,0,0,1,0,0.62,0.00,0.62,0.62,0.62,Matches,Copa CONMEBOL Sudamericana,2025
c8784e81,Neymar Sánchez,co COL,MF,21,1,0,24,0.3,0,0,0,0,0,0,1,0,0.00,0.00,0.00,0.00,0.00,Matches,Copa CONMEBOL Sudamericana,2025
630e44bb,Iván Díaz,co COL,GK,17,0,0,,,,,,,,,,,,,,,,Matches,Copa CONMEBOL Sudamericana,2025
5a52945e,Bayron García,co COL,MF,19,0,0,,,,,,,,,,,,,,,,Matches,Copa CONMEBOL Sudamericana,2025
82b3b950,Santiago Gómez,co COL,FW,29,0,0,,,,,,,,,,,,,,,,Matches,Copa CONMEBOL Sudamericana,2025
bff68b94,Cristian Quiñones,co COL,GK,20,0,0,,,,,,,,,,,,,,,,Matches,Copa CONMEBOL Sudamericana,2025
49f67ad1,Cristian Uparela,co COL,DF,17,0,0,,,,,,,,,,,,,,,,Matches,Copa CONMEBOL Sudamericana,2025
97221222,Carlos Rivero,ve VEN,DF,32,26,25,"2,280",25.3,0,,,0,0,0,2,0,0.00,,,0.00,,Matches,Copa CONMEBOL Sudamericana,2025
56f6d192,Jorge Gutiérrez,pa PAN,DF,26,25,25,"2,250",25.0,1,,,1,0,0,1,0,0.04,,,0.04,,Matches,Copa CONMEBOL Sudamericana,2025
bec14497,José Alí Meza,ve VEN,FW,33,25,22,"1,857",20.6,10,,,8,2,3,5,0,0.48,,,0.39,,Matches,Copa CONMEBOL Sudamericana,2025
b4181fbc,Luis Angel Peña,ve VEN,DF,22,25,21,"1,868",20.8,1,,,1,0,0,4,0,0.05,,,0.05,,Matches,Copa CONMEBOL Sudamericana,2025
5903eca2,Keiber Lamadrid,ve VEN,"MF,FW",21,22,21,"1,803",20.0,6,,,6,0,0,3,0,0.30,,,0.30,,Matches,Copa CONMEBOL Sudamericana,2025
420bedbb,Richard Peralta,pa PAN,DF,31,25,20,"2,001",22.2,3,,,1,2,2,1,0,0.13,,,0.04,,Matches,Copa CONMEBOL Sudamericana,2025
08582cd2,Rommell Ibarra,ve VEN,"MF,DF",24,21,19,"1,580",17.6,0,,,0,0,0,4,0,0.00,,,0.00,,Matches,Copa CONMEBOL Sudamericana,2025
7faa05a9,Juan Perdomo,ve VEN,MF,24,20,15,"1,233",13.7,0,,,0,0,0,3,1,0.00,,,0.00,,Matches,Copa CONMEBOL Sudamericana,2025
1bdd77c8,Cristopher Varela,ve VEN,GK,25,13,13,"1,170",13.0,0,,,0,0,0,2,0,0.00,,,0.00,,Matches,Copa CONMEBOL Sudamericana,2025
e8ee0b0c,Carlos Faya,ve VEN,MF,23,13,13,"1,060",11.8,3,,,3,0,0,2,0,0.25,,,0.25,,Matches,Copa CONMEBOL Sudamericana,2025
30c22d81,Anthony Uribe,ve VEN,FW,34,18,13,"1,046",11.6,5,,,4,1,2,1,0,0.43,,,0.34,,Matches,Copa CONMEBOL Sudamericana,2025
759b9e0d,Yackson Rivas,ve VEN,"FW,MF",22,25,12,"1,181",13.1,7,,,6,1,1,5,0,0.53,,,0.46,,Matches,Copa CONMEBOL Sudamericana,2025
fa85610b,Juan Castellanos,ve VEN,MF,29,23,12,963,10.7,2,,,2,0,0,3,0,0.19,,,0.19,,Matches,Copa CONMEBOL Sudamericana,2025
de5527ef,Eduardo Lima,ve VEN,GK,32,11,10,945,10.5,0,,,0,0,0,0,0,0.00,,,0.00,,Matches,Copa CONMEBOL Sudamericana,2025
18e808bc,Francisco Flores,ve VEN,"MF,DF",34,18,10,874,9.7,1,,,0,1,1,7,1,0.10,,,0.00,,Matches,Copa CONMEBOL Sudamericana,2025
f23ee400,Sebastián Castillo,ve VEN,"MF,FW",19,21,9,925,10.3,3,,,3,0,0,1,0,0.29,,,0.29,,Matches,Copa CONMEBOL Sudamericana,2025
33657c0b,Carlos Rojas,ve VEN,DF,21,8,7,441,4.9,1,,,1,0,0,5,0,0.20,,,0.20,,Matches,Copa CONMEBOL Sudamericana,2025
b6e57df0,José Enrique Caraballo,ve VEN,"MF,FW",28,13,4,347,3.9,1,,,1,0,0,1,0,0.26,,,0.26,,Matches,Copa CONMEBOL Sudamericana,2025
0e966ac2,Joiser Arias,ve VEN,MF,26,12,3,352,3.9,1,,,1,0,0,4,1,0.26,,,0.26,,Matches,Copa CONMEBOL Sudamericana,2025
dde7dbb9,Giancarlo Schiavone,ve VEN,GK,31,3,3,225,2.5,0,,,0,0,0,0,0,0.00,,,0.00,,Matches,Copa CONMEBOL Sudamericana,2025
6f2ebc13,Eduardo Fereira,ve VEN,DF,24,10,2,260,2.9,1,,,1,0,0,1,0,0.35,,,0.35,,Matches,Copa CONMEBOL Sudamericana,2025
970fa944,Brayan Alcócer,ve VEN,FW,21,2,2,137,1.5,0,,,0,0,0,0,0,0.00,,,0.00,,Matches,Copa CONMEBOL Sudamericana,2025
b19cec6c,Miguel González,ve VEN,FW,20,8,1,157,1.7,0,,,0,0,0,0,0,0.00,,,0.00,,Matches,Copa CONMEBOL Sudamericana,2025
4d17df3e,Yordan Osorio,ve VEN,DF,30,3,1,144,1.6,1,,,1,0,0,0,0,0.62,,,0.62,,Matches,Copa CONMEBOL Sudamericana,2025
19ce7563,Genderson Ascanio,ve VEN,DF,21,1,1,90,1.0,0,,,0,0,0,0,0,0.00,,,0.00,,Matches,Copa CONMEBOL Sudamericana,2025
eb09b1ee,Elias Romero,ve VEN,MF,28,1,1,90,1.0,0,,,0,0,0,0,0,0.00,,,0.00,,Matches,Copa CONMEBOL Sudamericana,2025
29a80ad4,Diego Osio,ve VEN,DF,28,2,1,49,0.5,0,,,0,0,0,0,0,0.00,,,0.00,,Matches,Copa CONMEBOL Sudamericana,2025
99315f46,Manuel Sulbarán,ve VEN,MF,21,12,0,258,2.9,1,,,1,0,0,1,0,0.35,,,0.35,,Matches,Copa CONMEBOL Sudamericana,2025
84435226,Ángel Peñaranda,ve VEN,DF,19,1,0,45,0.5,0,,,0,0,0,0,0,0.00,,,0.00,,Matches,Copa CONMEBOL Sudamericana,2025
f78e8d35,Bryan Duarte,,MF,,2,0,16,0.2,0,,,0,0,0,0,0,0.00,,,0.00,,Matches,Copa CONMEBOL Sudamericana,2025
b8f3905d,Anthwan Diaz,,MF,,1,0,13,0.1,0,,,0,0,0,0,0,0.00,,,0.00,,Matches,Copa CONMEBOL Sudamericana,2025
275d84de,César Da Silva,ve VEN,MF,20,0,0,,,,,,,,,,,,,,,,Matches,Copa CONMEBOL Sudamericana,2025
768729e0,Giovanni Dolgetta,ve VEN,MF,30,0,0,,,,,,,,,,,,,,,,Matches,Copa CONMEBOL Sudamericana,2025
98863408,Naygers Flores,,MF,,0,0,,,,,,,,,,,,,,,,Matches,Copa CONMEBOL Sudamericana,2025
d070a18a,Mayken González,ve VEN,FW,18,0,0,,,,,,,,,,,,,,,,Matches,Copa CONMEBOL Sudamericana,2025
ef8b925c,Carlos Lanza,,,,0,0,,,,,,,,,,,,,,,,Matches,Copa CONMEBOL Sudamericana,2025
132b343b,Abraham Pacheco,ve VEN,GK,16,0,0,,,,,,,,,,,,,,,,Matches,Copa CONMEBOL Sudamericana,2025
41a06a0d,Yaicar Perdomo,ve VEN,DF,18,0,0,,,,,,,,,,,,,,,,Matches,Copa CONMEBOL Sudamericana,2025
90ae9b2f,Jorge Sánchez,ve VEN,GK,18,0,0,,,,,,,,,,,,,,,,Matches,Copa CONMEBOL Sudamericana,2025
cc1b28de,Victor Saya,,,,0,0,,,,,,,,,,,,,,,,Matches,Copa CONMEBOL Sudamericana,2025
73f7bae6,Bruno Antúnez,uy URU,GK,22,33,33,"2,970",33.0,0,0,0,0,0,0,2,0,0.00,0.00,0.00,0.00,0.00,Matches,Copa CONMEBOL Sudamericana,2025
1a8d239e,Mauricio Vera,ar ARG,MF,26,30,29,"2,451",27.2,0,0,0,0,0,0,14,1,0.00,0.00,0.00,0.00,0.00,Matches,Copa CONMEBOL Sudamericana,2025
c2d3a4d3,Fredy Martínez,uy URU,DF,23,28,28,"2,369",26.3,0,0,0,0,0,0,6,0,0.00,0.00,0.00,0.00,0.00,Matches,Copa CONMEBOL Sudamericana,2025
c16ab6bc,Augustin Anello,it ITA,"FW,MF",22,34,28,"2,187",24.3,9,0,9,7,2,2,6,0,0.37,0.00,0.37,0.29,0.29,Matches,Copa CONMEBOL Sudamericana,2025
49817de5,Juan Acosta,uy URU,DF,31,29,27,"2,301",25.6,1,0,1,1,0,0,6,1,0.04,0.00,0.04,0.04,0.04,Matches,Copa CONMEBOL Sudamericana,2025
5d667a70,Agustín Amado,uy URU,MF,23,32,26,"2,384",26.5,0,1,1,0,0,0,13,1,0.00,0.04,0.04,0.00,0.04,Matches,Copa CONMEBOL Sudamericana,2025
a35ee3a5,Baltasar Barcia,uy URU,MF,23,29,24,"1,826",20.3,2,0,2,2,0,0,3,0,0.10,0.00,0.10,0.10,0.10,Matches,Copa CONMEBOL Sudamericana,2025
54d8e26a,Agustín Albarracín,uy URU,FW,19,28,23,"1,578",17.5,9,0,9,9,0,0,2,0,0.51,0.00,0.51,0.51,0.51,Matches,Copa CONMEBOL Sudamericana,2025
5325ff6e,Marcos Gómez,uy URU,DF,20,23,20,"1,757",19.5,1,0,1,1,0,0,7,0,0.05,0.00,0.05,0.05,0.05,Matches,Copa CONMEBOL Sudamericana,2025
3d0c30fc,Mateo Rivero,uy URU,DF,20,20,20,"1,755",19.5,0,0,0,0,0,0,4,0,0.00,0.00,0.00,0.00,0.00,Matches,Copa CONMEBOL Sudamericana,2025
c4b04715,Gerónimo Bortagaray,uy URU,DF,24,19,19,"1,710",19.0,1,0,1,1,0,0,3,0,0.05,0.00,0.05,0.05,0.05,Matches,Copa CONMEBOL Sudamericana,2025
3aa39510,Martín González,uy URU,DF,30,20,18,"1,589",17.7,2,0,2,2,0,0,4,1,0.11,0.00,0.11,0.11,0.11,Matches,Copa CONMEBOL Sudamericana,2025
23f9e9d3,Felipe Avenatti,uy URU,FW,31,15,13,"1,071",11.9,5,0,5,4,1,1,1,0,0.42,0.00,0.42,0.34,0.34,Matches,Copa CONMEBOL Sudamericana,2025
89d94c2f,Alexander González,uy URU,FW,22,20,10,914,10.2,1,3,4,1,0,0,3,0,0.10,0.30,0.39,0.10,0.39,Matches,Copa CONMEBOL Sudamericana,2025
1b37c107,Juan Gutierrez,uy URU,MF,22,15,9,941,10.5,4,0,4,4,0,0,0,0,0.38,0.00,0.38,0.38,0.38,Matches,Copa CONMEBOL Sudamericana,2025
ec149b00,Guillermo López,uy URU,FW,22,23,9,861,9.6,2,0,2,2,0,0,1,0,0.21,0.00,0.21,0.21,0.21,Matches,Copa CONMEBOL Sudamericana,2025
30af5ce0,Jairo O'Neill,uy URU,DF,23,18,8,904,10.0,0,0,0,0,0,0,2,0,0.00,0.00,0.00,0.00,0.00,Matches,Copa CONMEBOL Sudamericana,2025
b74f14a7,Facundo Muñoa,uy URU,MF,20,26,7,"1,029",11.4,2,3,5,2,0,0,2,0,0.17,0.26,0.44,0.17,0.44,Matches,Copa CONMEBOL Sudamericana,2025
6b49c610,Gastón Pérez,uy URU,MF,25,7,7,487,5.4,0,1,1,0,0,0,2,0,0.00,0.18,0.18,0.00,0.18,Matches,Copa CONMEBOL Sudamericana,2025
25aca468,Facundo Rodríguez,uy URU,FW,29,21,6,569,6.3,4,0,4,4,0,0,3,0,0.63,0.00,0.63,0.63,0.63,Matches,Copa CONMEBOL Sudamericana,2025
4cf1d77f,Gustavo Viera,uy URU,FW,24,27,5,753,8.4,2,1,3,2,0,0,6,0,0.24,0.12,0.36,0.24,0.36,Matches,Copa CONMEBOL Sudamericana,2025
4d8f9584,Valentín Adamo,uy URU,FW,22,17,5,734,8.2,1,1,2,1,0,0,4,0,0.12,0.12,0.25,0.12,0.25,Matches,Copa CONMEBOL Sudamericana,2025
6a2c1e9f,Alex Silva,uy URU,DF,31,8,5,532,5.9,0,1,1,0,0,0,2,0,0.00,0.17,0.17,0.00,0.17,Matches,Copa CONMEBOL Sudamericana,2025
6e3a4fea,Felipe Chiappini,uy URU,MF,21,12,5,457,5.1,1,0,1,1,0,0,2,0,0.20,0.00,0.20,0.20,0.20,Matches,Copa CONMEBOL Sudamericana,2025
c2335490,Rafael Haller,uy URU,DF,24,8,4,436,4.8,0,0,0,0,0,0,0,0,0.00,0.00,0.00,0.00,0.00,Matches,Copa CONMEBOL Sudamericana,2025
19613c1b,Francisco Barrios,uy URU,MF,22,7,4,377,4.2,0,0,0,0,0,0,0,0,0.00,0.00,0.00,0.00,0.00,Matches,Copa CONMEBOL Sudamericana,2025
90c57ab0,Ernesto Hernández,uy URU,GK,39,4,4,360,4.0,0,0,0,0,0,0,1,1,0.00,0.00,0.00,0.00,0.00,Matches,Copa CONMEBOL Sudamericana,2025
da5458bd,Federico Dafonte,uy URU,MF,20,5,4,306,3.4,0,0,0,0,0,0,1,0,0.00,0.00,0.00,0.00,0.00,Matches,Copa CONMEBOL Sudamericana,2025
cd3303fa,Andrés Romero,ve VEN,MF,21,5,2,233,2.6,0,0,0,0,0,0,3,1,0.00,0.00,0.00,0.00,0.00,Matches,Copa CONMEBOL Sudamericana,2025
f9d3a747,Lucas Lemos,uy URU,DF,24,7,2,201,2.2,0,0,0,0,0,0,2,0,0.00,0.00,0.00,0.00,0.00,Matches,Copa CONMEBOL Sudamericana,2025
6e6aae9b,Nicolás Campos,uy URU,FW,19,4,1,153,1.7,0,0,0,0,0,0,0,0,0.00,0.00,0.00,0.00,0.00,Matches,Copa CONMEBOL Sudamericana,2025
d14fed5f,Franco Suárez,uy URU,MF,21,3,1,109,1.2,0,0,0,0,0,0,1,0,0.00,0.00,0.00,0.00,0.00,Matches,Copa CONMEBOL Sudamericana,2025
710e8162,Joaquín Robatto,uy URU,DF,21,1,1,90,1.0,0,0,0,0,0,0,0,0,0.00,0.00,0.00,0.00,0.00,Matches,Copa CONMEBOL Sudamericana,2025
8317e485,Freddy Noguera,py PAR,FW,21,11,0,142,1.6,2,0,2,2,0,0,2,0,1.27,0.00,1.27,1.27,1.27,Matches,Copa CONMEBOL Sudamericana,2025
00d0289a,Kevin Sotto,uy URU,DF,19,1,0,17,0.2,0,0,0,0,0,0,0,0,0.00,0.00,0.00,0.00,0.00,Matches,Copa CONMEBOL Sudamericana,2025
8d8f0a14,Marco Mancebo,uy URU,DF,23,1,0,8,0.1,0,0,0,0,0,0,1,0,0.00,0.00,0.00,0.00,0.00,Matches,Copa CONMEBOL Sudamericana,2025
ae0b5250,Agustín Granja,uy URU,DF,19,0,0,,,,,,,,,,,,,,,,Matches,Copa CONMEBOL Sudamericana,2025
8b40e598,Brian Pintos,uy URU,MF,17,0,0,,,,,,,,,,,,,,,,Matches,Copa CONMEBOL Sudamericana,2025
7ea9294d,Lucas Ramírez,uy URU,MF,18,0,0,,,,,,,,,,,,,,,,Matches,Copa CONMEBOL Sudamericana,2025
2cd45366,Randall Rodríguez,uy URU,GK,21,0,0,,,,,,,,,,,,,,,,Matches,Copa CONMEBOL Sudamericana,2025
a030518e,Pablo da Rosa,uy URU,FW,16,0,0,,,,,,,,,,,,,,,,Matches,Copa CONMEBOL Sudamericana,2025
65e2c4c9,Tomás Silvera,uy URU,DF,21,0,0,,,,,,,,,,,,,,,,Matches,Copa CONMEBOL Sudamericana,2025
09e2ec04,José Torres,uy URU,GK,18,0,0,,,,,,,,,,,,,,,,Matches,Copa CONMEBOL Sudamericana,2025
44249332,Andrés Torrico,bo BOL,MF,20,27,25,"2,228",24.8,2,1,3,2,0,0,2,0,0.08,0.04,0.12,0.08,0.12,Matches,Copa CONMEBOL Sudamericana,2025
dadb4a83,Jhojan Arce pari,bo BOL,,19,26,24,"2,042",22.7,0,0,0,0,0,0,5,1,0.00,0.00,0.00,0.00,0.00,Matches,Copa CONMEBOL Sudamericana,2025
d522a78b,Saúl Torres,bo BOL,DF,34,28,22,"1,970",21.9,2,2,4,2,0,0,5,0,0.09,0.09,0.18,0.09,0.18,Matches,Copa CONMEBOL Sudamericana,2025
ee2a3b83,Jorge Rojas,bo BOL,DF,31,27,20,"1,520",16.9,2,4,6,2,0,0,6,1,0.12,0.24,0.36,0.12,0.36,Matches,Copa CONMEBOL Sudamericana,2025
184ea568,William Álvarez,bo BOL,FW,29,28,19,"1,757",19.5,7,6,13,6,1,1,3,1,0.36,0.31,0.67,0.31,0.61,Matches,Copa CONMEBOL Sudamericana,2025
bc046c6d,Luis Demiquel,bo BOL,DF,25,20,19,"1,666",18.5,0,0,0,0,0,0,3,0,0.00,0.00,0.00,0.00,0.00,Matches,Copa CONMEBOL Sudamericana,2025
8f848aa4,Edisson Restrepo,co COL,DF,28,19,19,"1,641",18.2,1,0,1,1,0,1,4,0,0.05,0.00,0.05,0.05,0.05,Matches,Copa CONMEBOL Sudamericana,2025
8407af66,Diego Hoyos,bo BOL,MF,32,21,19,"1,447",16.1,2,2,4,2,0,0,8,1,0.12,0.12,0.25,0.12,0.25,Matches,Copa CONMEBOL Sudamericana,2025
013fc9b2,Oscar Baldomar,bo BOL,DF,28,24,17,"1,531",17.0,0,0,0,0,0,0,6,0,0.00,0.00,0.00,0.00,0.00,Matches,Copa CONMEBOL Sudamericana,2025
fb874483,Saulo Guerra,bo BOL,MF,32,25,16,"1,224",13.6,4,5,9,3,1,1,6,1,0.29,0.37,0.66,0.22,0.59,Matches,Copa CONMEBOL Sudamericana,2025
31c57582,Pedro Galindo,bo BOL,GK,30,15,15,"1,350",15.0,0,0,0,0,0,0,4,0,0.00,0.00,0.00,0.00,0.00,Matches,Copa CONMEBOL Sudamericana,2025
bb7b9a93,Saidt Mustafá,bo BOL,GK,35,15,15,"1,350",15.0,0,0,0,0,0,0,2,0,0.00,0.00,0.00,0.00,0.00,Matches,Copa CONMEBOL Sudamericana,2025
c89626ce,Duban Palacio,co COL,MF,27,27,13,"1,416",15.7,6,6,12,6,0,1,12,1,0.38,0.38,0.76,0.38,0.76,Matches,Copa CONMEBOL Sudamericana,2025
1c4136dc,Pedro Azogue,bo BOL,"FW,MF",30,22,13,"1,091",12.1,2,1,3,2,0,0,5,0,0.16,0.08,0.25,0.16,0.25,Matches,Copa CONMEBOL Sudamericana,2025
c7c8df2d,Maximiliano Núñez,ar ARG,"FW,MF",38,16,13,937,10.4,4,4,8,1,3,3,2,0,0.38,0.38,0.77,0.10,0.48,Matches,Copa CONMEBOL Sudamericana,2025
92996242,Santiago Echeverría,ar ARG,DF,34,9,9,810,9.0,0,0,0,0,0,0,4,0,0.00,0.00,0.00,0.00,0.00,Matches,Copa CONMEBOL Sudamericana,2025
d9480a73,Luis Pavia,bo BOL,MF,25,22,7,890,9.9,1,0,1,1,0,0,4,0,0.10,0.00,0.10,0.10,0.10,Matches,Copa CONMEBOL Sudamericana,2025
dbdd8aa9,Martín Prost,ar ARG,FW,36,8,6,544,6.0,5,0,5,5,0,0,1,0,0.83,0.00,0.83,0.83,0.83,Matches,Copa CONMEBOL Sudamericana,2025
d53776c0,Victor Abrego,bo BOL,FW,27,6,5,444,4.9,1,0,1,0,1,1,1,0,0.20,0.00,0.20,0.00,0.00,Matches,Copa CONMEBOL Sudamericana,2025
7f7bc312,Javier Guerra,bo BOL,DF,20,6,4,382,4.2,1,0,1,1,0,0,2,0,0.24,0.00,0.24,0.24,0.24,Matches,Copa CONMEBOL Sudamericana,2025
cab3d28c,Moisés Acuña,ve VEN,DF,28,4,4,360,4.0,0,0,0,0,0,0,2,0,0.00,0.00,0.00,0.00,0.00,Matches,Copa CONMEBOL Sudamericana,2025
8fc13cd2,Tommy Tobar,co COL,FW,38,5,4,329,3.7,3,1,4,3,0,0,1,1,0.82,0.27,1.09,0.82,1.09,Matches,Copa CONMEBOL Sudamericana,2025
13d2ec7f,Leonel Mansilla,ar ARG,FW,26,8,3,340,3.8,2,1,3,2,0,0,0,1,0.53,0.26,0.79,0.53,0.79,Matches,Copa CONMEBOL Sudamericana,2025
cafa853f,Nelson Amarilla,py PAR,DF,37,7,3,305,3.4,0,1,1,0,0,0,2,1,0.00,0.30,0.30,0.00,0.30,Matches,Copa CONMEBOL Sudamericana,2025
c9886af7,Agustin Gutierrez,bo BOL,FW,19,5,3,270,3.0,0,0,0,0,0,0,0,0,0.00,0.00,0.00,0.00,0.00,Matches,Copa CONMEBOL Sudamericana,2025
3dacd511,Diego Diellos,ar ARG,FW,31,6,3,234,2.6,1,0,1,1,0,0,0,0,0.38,0.00,0.38,0.38,0.38,Matches,Copa CONMEBOL Sudamericana,2025
685fbdf3,Martín Payares,co COL,DF,29,6,2,251,2.8,0,0,0,0,0,0,0,0,0.00,0.00,0.00,0.00,0.00,Matches,Copa CONMEBOL Sudamericana,2025
0d7d2ee7,Luis Zeballos,bo BOL,FW,22,6,2,213,2.4,1,0,1,1,0,0,1,0,0.42,0.00,0.42,0.42,0.42,Matches,Copa CONMEBOL Sudamericana,2025
bc165f69,Leonardo Montenegro,bo BOL,DF,19,3,2,147,1.6,0,0,0,0,0,0,1,0,0.00,0.00,0.00,0.00,0.00,Matches,Copa CONMEBOL Sudamericana,2025
dc489c52,Alfredo García,bo BOL,FW,22,13,1,252,2.8,2,1,3,2,0,0,1,0,0.71,0.36,1.07,0.71,1.07,Matches,Copa CONMEBOL Sudamericana,2025
173530a8,Kevin Quiroz,bo BOL,MF,20,5,1,169,1.9,0,1,1,0,0,0,0,0,0.00,0.53,0.53,0.00,0.53,Matches,Copa CONMEBOL Sudamericana,2025
6a96c0be,Carlos Roca,bo BOL,DF,27,3,1,169,1.9,0,0,0,0,0,0,2,1,0.00,0.00,0.00,0.00,0.00,Matches,Copa CONMEBOL Sudamericana,2025
b57a0636,Daniel Mancílla,bo BOL,DF,33,7,1,153,1.7,0,0,0,0,0,0,2,1,0.00,0.00,0.00,0.00,0.00,Matches,Copa CONMEBOL Sudamericana,2025
51d3832b,Johan Bocanegra,co COL,MF,26,1,0,28,0.3,0,0,0,0,0,0,0,0,0.00,0.00,0.00,0.00,0.00,Matches,Copa CONMEBOL Sudamericana,2025
99c6d6ce,Kevin Torres,co COL,MF,22,1,0,1,0.0,0,0,0,0,0,0,0,0,0.00,0.00,0.00,0.00,0.00,Matches,Copa CONMEBOL Sudamericana,2025
cd512de9,Jorge Mejía,bo BOL,GK,22,0,0,,,,,,,,,,,,,,,,Matches,Copa CONMEBOL Sudamericana,2025
e1c5dfe3,Juan Muruchi,bo BOL,FW,19,0,0,,,,,,,,,,,,,,,,Matches,Copa CONMEBOL Sudamericana,2025
821f3647,Gabriel Castellón,cl CHI,GK,31,26,26,"2,340",26.0,0,1,1,0,0,0,2,0,0.00,0.04,0.04,0.00,0.04,Matches,Copa CONMEBOL Sudamericana,2025
0c72fa20,Matías Zaldivia,cl CHI,DF,34,27,25,"2,250",25.0,2,1,3,2,0,0,3,0,0.08,0.04,0.12,0.08,0.12,Matches,Copa CONMEBOL Sudamericana,2025
56413b1f,Charles Aránguiz,cl CHI,MF,35,25,24,"2,034",22.6,6,4,10,1,5,6,7,1,0.27,0.18,0.44,0.04,0.22,Matches,Copa CONMEBOL Sudamericana,2025
c554f760,Fabián Hormazábal,cl CHI,"DF,MF",28,26,24,"2,017",22.4,2,2,4,2,0,0,4,1,0.09,0.09,0.18,0.09,0.18,Matches,Copa CONMEBOL Sudamericana,2025
b5206b67,Matías Sepúlveda,cl CHI,"MF,DF",25,24,23,"1,863",20.7,2,4,6,2,0,0,5,1,0.10,0.19,0.29,0.10,0.29,Matches,Copa CONMEBOL Sudamericana,2025
334e5b0f,Javier Urzúa,cl CHI,"MF,FW",25,26,23,"1,810",20.1,5,2,7,5,0,0,3,1,0.25,0.10,0.35,0.25,0.35,Matches,Copa CONMEBOL Sudamericana,2025
838dea0a,Franco Calderón,ar ARG,DF,26,23,22,"1,960",21.8,1,0,1,1,0,0,5,1,0.05,0.00,0.05,0.05,0.05,Matches,Copa CONMEBOL Sudamericana,2025
5c339cf6,Lucas Di Yorio,ar ARG,FW,28,27,21,"1,732",19.2,12,1,13,12,0,0,4,1,0.62,0.05,0.68,0.62,0.68,Matches,Copa CONMEBOL Sudamericana,2025
d92370d3,Israel Poblete,cl CHI,"MF,FW",29,28,19,"1,700",18.9,1,1,2,1,0,0,4,0,0.05,0.05,0.11,0.05,0.11,Matches,Copa CONMEBOL Sudamericana,2025
955b2e8a,Marcelo Díaz,cl CHI,MF,38,21,19,"1,435",15.9,0,0,0,0,0,0,4,1,0.00,0.00,0.00,0.00,0.00,Matches,Copa CONMEBOL Sudamericana,2025
873126a4,Nicolás Ramírez Aguilera,cl CHI,DF,27,21,17,"1,359",15.1,0,0,0,0,0,0,3,0,0.00,0.00,0.00,0.00,0.00,Matches,Copa CONMEBOL Sudamericana,2025
c18bd878,Leandro Fernández,ar ARG,FW,33,23,13,"1,369",15.2,7,4,11,6,1,3,3,0,0.46,0.26,0.72,0.39,0.66,Matches,Copa CONMEBOL Sudamericana,2025
b49944a9,Maximiliano Guerrero,cl CHI,"MF,FW",25,18,12,"1,124",12.5,2,3,5,2,0,0,3,1,0.16,0.24,0.40,0.16,0.40,Matches,Copa CONMEBOL Sudamericana,2025
a4d527c6,Nicolás Guerra,cl CHI,FW,26,20,12,951,10.6,3,3,6,3,0,1,4,0,0.28,0.28,0.57,0.28,0.57,Matches,Copa CONMEBOL Sudamericana,2025
3a384d63,Nicolás Fernández,cl CHI,"MF,DF",25,14,8,720,8.0,0,1,1,0,0,0,1,0,0.00,0.12,0.12,0.00,0.12,Matches,Copa CONMEBOL Sudamericana,2025
c1e5ab87,Rodrigo Contreras,ar ARG,FW,29,24,7,926,10.3,9,1,10,7,2,2,5,1,0.87,0.10,0.97,0.68,0.78,Matches,Copa CONMEBOL Sudamericana,2025
b4e5ce55,Lucas Assadi,cl CHI,FW,21,16,7,826,9.2,4,6,10,4,0,0,1,0,0.44,0.65,1.09,0.44,1.09,Matches,Copa CONMEBOL Sudamericana,2025
839687d4,Ignacio Tapia,cl CHI,DF,25,8,7,545,6.1,0,0,0,0,0,0,0,0,0.00,0.00,0.00,0.00,0.00,Matches,Copa CONMEBOL Sudamericana,2025
79d6b72a,Felipe Salomoni,ar ARG,"MF,DF",21,12,5,615,6.8,1,1,2,1,0,0,5,0,0.15,0.15,0.29,0.15,0.29,Matches,Copa CONMEBOL Sudamericana,2025
8c484be7,Cristopher Toselli,cl CHI,GK,36,4,4,360,4.0,0,0,0,0,0,0,0,0,0.00,0.00,0.00,0.00,0.00,Matches,Copa CONMEBOL Sudamericana,2025
7b3a2080,Antonio Díaz,cl CHI,MF,24,9,3,296,3.3,0,0,0,0,0,0,2,0,0.00,0.00,0.00,0.00,0.00,Matches,Copa CONMEBOL Sudamericana,2025
e89e76d9,Flavio Moya,cl CHI,MF,19,9,2,251,2.8,0,0,0,0,0,0,1,0,0.00,0.00,0.00,0.00,0.00,Matches,Copa CONMEBOL Sudamericana,2025
aa385931,Fabricio Formiliano,uy URU,DF,32,2,2,180,2.0,0,0,0,0,0,0,0,0,0.00,0.00,0.00,0.00,0.00,Matches,Copa CONMEBOL Sudamericana,2025
063125ca,Sebastián Rodríguez,uy URU,MF,32,6,1,238,2.6,0,0,0,0,0,0,2,0,0.00,0.00,0.00,0.00,0.00,Matches,Copa CONMEBOL Sudamericana,2025
ba6d8435,Gonzalo Montes,uy URU,MF,30,11,1,207,2.3,0,1,1,0,0,0,0,0,0.00,0.43,0.43,0.00,0.43,Matches,Copa CONMEBOL Sudamericana,2025
f82150c8,Julian Alfaro,cl CHI,MF,23,1,1,56,0.6,0,0,0,0,0,0,0,0,0.00,0.00,0.00,0.00,0.00,Matches,Copa CONMEBOL Sudamericana,2025
d13159ec,Agustin Arce,cl CHI,MF,20,1,1,56,0.6,0,0,0,0,0,0,1,0,0.00,0.00,0.00,0.00,0.00,Matches,Copa CONMEBOL Sudamericana,2025
a9ea4eeb,David Retamal,cl CHI,DF,21,1,1,45,0.5,0,0,0,0,0,0,1,0,0.00,0.00,0.00,0.00,0.00,Matches,Copa CONMEBOL Sudamericana,2025
c22b0e4a,Ignacio Vásquez,cl CHI,MF,18,2,0,75,0.8,0,0,0,0,0,0,0,0,0.00,0.00,0.00,0.00,0.00,Matches,Copa CONMEBOL Sudamericana,2025
744729b5,Jose Castro,cl CHI,DF,23,2,0,50,0.6,0,0,0,0,0,0,0,0,0.00,0.00,0.00,0.00,0.00,Matches,Copa CONMEBOL Sudamericana,2025
6b2ef1a6,Ignacio Sáez,cl CHI,GK,19,0,0,,,,,,,,,,,,,,,,Matches,Copa CONMEBOL Sudamericana,2025
6436748b,Rodrigo Rey,ar ARG,GK,33,32,32,"2,880",32.0,0,0,0,0,0,0,1,0,0.00,0.00,0.00,0.00,0.00,Matches,Copa CONMEBOL Sudamericana,2025
dd5ddb83,Kevin Lomónaco,ar ARG,DF,23,30,30,"2,605",28.9,0,0,0,0,0,0,4,1,0.00,0.00,0.00,0.00,0.00,Matches,Copa CONMEBOL Sudamericana,2025
ff749703,Felipe Loyola,cl CHI,MF,24,28,24,"2,097",23.3,7,3,10,6,1,1,5,0,0.30,0.13,0.43,0.26,0.39,Matches,Copa CONMEBOL Sudamericana,2025
7e157454,Sebastián Valdez,ar ARG,DF,29,26,23,"2,144",23.8,0,0,0,0,0,0,4,0,0.00,0.00,0.00,0.00,0.00,Matches,Copa CONMEBOL Sudamericana,2025
dc93fa94,Federico Vera,ar ARG,DF,26,25,23,"1,895",21.1,0,0,0,0,0,0,5,0,0.00,0.00,0.00,0.00,0.00,Matches,Copa CONMEBOL Sudamericana,2025
b6781b67,Gabriel Ávalos,py PAR,FW,34,29,21,"1,824",20.3,12,2,14,10,2,3,4,0,0.59,0.10,0.69,0.49,0.59,Matches,Copa CONMEBOL Sudamericana,2025
f49fd6b5,Luciano Cabral,cl CHI,MF,29,29,19,"1,744",19.4,2,3,5,2,0,0,5,1,0.10,0.15,0.26,0.10,0.26,Matches,Copa CONMEBOL Sudamericana,2025
b14f755d,Iván Marcone,ar ARG,MF,34,24,19,"1,718",19.1,0,1,1,0,0,0,6,0,0.00,0.05,0.05,0.00,0.05,Matches,Copa CONMEBOL Sudamericana,2025
8f2ac304,Santiago Montiel,ar ARG,"MF,FW",24,23,18,"1,623",18.0,2,3,5,1,1,1,7,1,0.11,0.17,0.28,0.06,0.22,Matches,Copa CONMEBOL Sudamericana,2025
69b553f7,Diego Tarzia,ar ARG,"MF,FW",21,26,16,"1,283",14.3,0,1,1,0,0,0,3,0,0.00,0.07,0.07,0.00,0.07,Matches,Copa CONMEBOL Sudamericana,2025
58d81550,Lautaro Millán,cl CHI,"MF,FW",19,20,15,"1,119",12.4,2,0,2,2,0,0,1,0,0.16,0.00,0.16,0.16,0.16,Matches,Copa CONMEBOL Sudamericana,2025
617ee116,Rodrigo Fernández,uy URU,MF,29,18,13,"1,118",12.4,0,0,0,0,0,0,7,1,0.00,0.00,0.00,0.00,0.00,Matches,Copa CONMEBOL Sudamericana,2025
5b0041f5,Matías Abaldo,uy URU,"MF,FW",20,13,12,919,10.2,1,0,1,1,0,0,0,0,0.10,0.00,0.10,0.10,0.10,Matches,Copa CONMEBOL Sudamericana,2025
dd403465,Pablo Galdames Millán,cl CHI,"MF,FW",28,22,9,958,10.6,1,2,3,1,0,1,2,0,0.09,0.19,0.28,0.09,0.28,Matches,Copa CONMEBOL Sudamericana,2025
f5122c46,Adrián Sporle,ar ARG,DF,29,10,9,722,8.0,1,1,2,1,0,0,1,0,0.12,0.12,0.25,0.12,0.25,Matches,Copa CONMEBOL Sudamericana,2025
2f2475da,Facundo Zabala,ar ARG,DF,26,11,8,775,8.6,0,1,1,0,0,0,3,0,0.00,0.12,0.12,0.00,0.12,Matches,Copa CONMEBOL Sudamericana,2025
0f9d8e45,Leonardo Godoy,ar ARG,DF,29,12,8,751,8.3,0,1,1,0,0,0,4,0,0.00,0.12,0.12,0.00,0.12,Matches,Copa CONMEBOL Sudamericana,2025
17e03cdd,Álvaro Angulo,co COL,DF,27,14,7,779,8.7,3,0,3,3,0,0,4,0,0.35,0.00,0.35,0.35,0.35,Matches,Copa CONMEBOL Sudamericana,2025
55ce9bfd,Walter Mazzantti,ar ARG,"FW,MF",28,11,7,601,6.7,0,0,0,0,0,0,3,0,0.00,0.00,0.00,0.00,0.00,Matches,Copa CONMEBOL Sudamericana,2025
653222cd,Nicolás Freire,ar ARG,DF,30,9,6,569,6.3,1,0,1,1,0,0,2,0,0.16,0.00,0.16,0.16,0.16,Matches,Copa CONMEBOL Sudamericana,2025
62437b4f,Ignacio Pussetto,ar ARG,FW,29,12,6,513,5.7,0,0,0,0,0,0,4,0,0.00,0.00,0.00,0.00,0.00,Matches,Copa CONMEBOL Sudamericana,2025
0448c34f,Santiago Hidalgo,ar ARG,"FW,MF",19,9,5,492,5.5,0,0,0,0,0,0,2,0,0.00,0.00,0.00,0.00,0.00,Matches,Copa CONMEBOL Sudamericana,2025
9a091625,Franco Paredes,ar ARG,DF,25,9,5,470,5.2,0,0,0,0,0,0,4,1,0.00,0.00,0.00,0.00,0.00,Matches,Copa CONMEBOL Sudamericana,2025
1ebb2579,Jonathan De Irastorza,ar ARG,DF,19,5,5,396,4.4,0,0,0,0,0,0,2,0,0.00,0.00,0.00,0.00,0.00,Matches,Copa CONMEBOL Sudamericana,2025
966e3b08,Matías Giménez,ar ARG,FW,25,13,4,462,5.1,0,2,2,0,0,0,1,0,0.00,0.39,0.39,0.00,0.39,Matches,Copa CONMEBOL Sudamericana,2025
e1cf57c7,Federico Mancuello,ar ARG,MF,35,14,2,311,3.5,1,1,2,0,1,1,2,0,0.29,0.29,0.58,0.00,0.29,Matches,Copa CONMEBOL Sudamericana,2025
82318d24,Milton Valenzuela,ar ARG,DF,26,5,2,175,1.9,0,0,0,0,0,0,1,0,0.00,0.00,0.00,0.00,0.00,Matches,Copa CONMEBOL Sudamericana,2025
12357769,Santiago Salle,ar ARG,FW,20,3,1,131,1.5,0,0,0,0,0,0,0,0,0.00,0.00,0.00,0.00,0.00,Matches,Copa CONMEBOL Sudamericana,2025
5eff45c2,Enzo Taborda,ar ARG,FW,19,3,1,126,1.4,0,0,0,0,0,0,0,0,0.00,0.00,0.00,0.00,0.00,Matches,Copa CONMEBOL Sudamericana,2025
7e020448,Mateo Pérez,ar ARG,MF,19,3,1,122,1.4,0,0,0,0,0,0,0,0,0.00,0.00,0.00,0.00,0.00,Matches,Copa CONMEBOL Sudamericana,2025
979678b0,Joel Medina,ar ARG,MF,17,1,1,90,1.0,0,0,0,0,0,0,1,0,0.00,0.00,0.00,0.00,0.00,Matches,Copa CONMEBOL Sudamericana,2025
3fc0e136,Ignacio Maestro Puch,ar ARG,FW,21,7,0,147,1.6,0,1,1,0,0,0,0,0,0.00,0.61,0.61,0.00,0.61,Matches,Copa CONMEBOL Sudamericana,2025
23a250d1,Pocho Román,it ITA,FW,20,1,0,34,0.4,0,0,0,0,0,0,0,0,0.00,0.00,0.00,0.00,0.00,Matches,Copa CONMEBOL Sudamericana,2025
6b084305,Rubén Martínez,ar ARG,MF,20,1,0,8,0.1,0,0,0,0,0,0,0,0,0.00,0.00,0.00,0.00,0.00,Matches,Copa CONMEBOL Sudamericana,2025
6a9e4913,Joaquín Blázquez,ar ARG,GK,24,0,0,,,,,,,,,,,,,,,,Matches,Copa CONMEBOL Sudamericana,2025
50dda0c0,Gonzalo Bordón,ar ARG,DF,19,0,0,,,,,,,,,,,,,,,,Matches,Copa CONMEBOL Sudamericana,2025
45fadae1,Fernando Closter,ar ARG,DF,16,0,0,,,,,,,,,,,,,,,,Matches,Copa CONMEBOL Sudamericana,2025
36cb53e7,Juan Fedorco,ar ARG,DF,24,0,0,,,,,,,,,,,,,,,,Matches,Copa CONMEBOL Sudamericana,2025
61f3caa5,Nicolás Garrido,ar ARG,DF,19,0,0,,,,,,,,,,,,,,,,Matches,Copa CONMEBOL Sudamericana,2025
1cb8e301,Alan Laprida,ar ARG,FW,20,0,0,,,,,,,,,,,,,,,,Matches,Copa CONMEBOL Sudamericana,2025
0a7d98ae,Santiago López,ar ARG,MF,18,0,0,,,,,,,,,,,,,,,,Matches,Copa CONMEBOL Sudamericana,2025
c921e659,Brian Martínez,ar ARG,"FW,MF",25,0,0,,,,,,,,,,,,,,,,Matches,Copa CONMEBOL Sudamericana,2025
4cfc6ffa,Kevin Medina,ar ARG,FW,19,0,0,,,,,,,,,,,,,,,,Matches,Copa CONMEBOL Sudamericana,2025
b22d0e90,Josias Palais,ar ARG,MF,18,0,0,,,,,,,,,,,,,,,,Matches,Copa CONMEBOL Sudamericana,2025
d42f6326,Cássio,br BRA,GK,37,35,35,"3,086",34.3,0,0,0,0,0,0,6,0,0.00,0.00,0.00,0.00,0.00,Matches,Copa CONMEBOL Sudamericana,2025
1a36e9cb,Kaiki Bruno,br BRA,DF,21,34,34,"2,993",33.3,1,5,6,1,0,0,10,0,0.03,0.15,0.18,0.03,0.18,Matches,Copa CONMEBOL Sudamericana,2025
470d197b,Fabrício Bruno,br BRA,DF,28,33,33,"2,950",32.8,3,0,3,3,0,0,9,1,0.09,0.00,0.09,0.09,0.09,Matches,Copa CONMEBOL Sudamericana,2025
0cf465f2,Kaio Jorge,br BRA,FW,23,33,33,"2,588",28.8,21,8,29,20,1,2,4,1,0.73,0.28,1.01,0.70,0.97,Matches,Copa CONMEBOL Sudamericana,2025
2dc5144f,Lucas Villalba,ar ARG,DF,30,32,32,"2,864",31.8,1,0,1,1,0,0,10,0,0.03,0.00,0.03,0.03,0.03,Matches,Copa CONMEBOL Sudamericana,2025
d89e48b8,Lucas Romero,ar ARG,MF,30,33,32,"2,832",31.5,1,3,4,1,0,0,12,0,0.03,0.10,0.13,0.03,0.13,Matches,Copa CONMEBOL Sudamericana,2025
b04ee927,Matheus Pereira,br BRA,MF,28,34,32,"2,793",31.0,7,7,14,7,0,0,7,0,0.23,0.23,0.45,0.23,0.45,Matches,Copa CONMEBOL Sudamericana,2025
1c646218,Lucas Silva,br BRA,MF,31,34,32,"2,751",30.6,2,2,4,2,0,0,8,0,0.07,0.07,0.13,0.07,0.13,Matches,Copa CONMEBOL Sudamericana,2025
a856b456,Christian,br BRA,MF,24,30,29,"2,357",26.2,5,2,7,5,0,0,9,0,0.19,0.08,0.27,0.19,0.27,Matches,Copa CONMEBOL Sudamericana,2025
d4d0a9ad,William,br BRA,DF,29,30,25,"2,281",25.3,0,6,6,0,0,0,4,1,0.00,0.24,0.24,0.00,0.24,Matches,Copa CONMEBOL Sudamericana,2025
5da33b33,Wanderson,br BRA,MF,30,27,25,"1,792",19.9,0,2,2,0,0,0,2,0,0.00,0.10,0.10,0.00,0.10,Matches,Copa CONMEBOL Sudamericana,2025
a25c009d,Jonathan,br BRA,DF,20,13,10,798,8.9,0,1,1,0,0,0,1,1,0.00,0.11,0.11,0.00,0.11,Matches,Copa CONMEBOL Sudamericana,2025
72d0e1b6,Gabriel Barbosa,br BRA,"FW,MF",28,30,9,"1,083",12.0,6,2,8,5,1,2,7,0,0.50,0.17,0.66,0.42,0.58,Matches,Copa CONMEBOL Sudamericana,2025
1a234d32,Carlos Eduardo,br BRA,MF,35,29,9,906,10.1,1,0,1,1,0,0,1,1,0.10,0.00,0.10,0.10,0.10,Matches,Copa CONMEBOL Sudamericana,2025
a9cc58fe,Fagner,br BRA,DF,35,10,9,830,9.2,0,0,0,0,0,0,1,0,0.00,0.00,0.00,0.00,0.00,Matches,Copa CONMEBOL Sudamericana,2025
a2d9f138,Matheus Henrique,br BRA,MF,27,17,8,723,8.0,0,0,0,0,0,0,3,0,0.00,0.00,0.00,0.00,0.00,Matches,Copa CONMEBOL Sudamericana,2025
a9c426f6,Keny Arroyo,ec ECU,MF,18,13,7,646,7.2,2,1,3,2,0,0,4,0,0.28,0.14,0.42,0.28,0.42,Matches,Copa CONMEBOL Sudamericana,2025
26db8853,Walace,br BRA,MF,29,17,4,384,4.3,0,0,0,0,0,0,4,0,0.00,0.00,0.00,0.00,0.00,Matches,Copa CONMEBOL Sudamericana,2025
6ecfd382,Kauã Prates,br BRA,DF,16,8,4,341,3.8,0,0,0,0,0,0,1,0,0.00,0.00,0.00,0.00,0.00,Matches,Copa CONMEBOL Sudamericana,2025
47e05bd9,Léo Aragão,br BRA,GK,22,4,3,334,3.7,0,0,0,0,0,0,1,0,0.00,0.00,0.00,0.00,0.00,Matches,Copa CONMEBOL Sudamericana,2025
59878425,Marquinhos,br BRA,MF,21,17,2,384,4.3,0,0,0,0,0,0,1,0,0.00,0.00,0.00,0.00,0.00,Matches,Copa CONMEBOL Sudamericana,2025
8e16dd48,Luis Sinisterra,co COL,MF,25,11,2,326,3.6,2,1,3,2,0,0,0,0,0.55,0.28,0.83,0.55,0.83,Matches,Copa CONMEBOL Sudamericana,2025
e18b8c9e,João Marcelo,br BRA,DF,24,4,2,226,2.5,0,0,0,0,0,0,0,0,0.00,0.00,0.00,0.00,0.00,Matches,Copa CONMEBOL Sudamericana,2025
895ef5ec,Dudu,br BRA,"MF,FW",33,5,2,215,2.4,1,0,1,1,0,0,0,0,0.42,0.00,0.42,0.42,0.42,Matches,Copa CONMEBOL Sudamericana,2025
936f721d,Kauã Moraes,br BRA,DF,18,5,2,197,2.2,0,0,0,0,0,0,0,0,0.00,0.00,0.00,0.00,0.00,Matches,Copa CONMEBOL Sudamericana,2025
878dbd04,Mateo Gamarra,py PAR,DF,24,2,1,154,1.7,0,0,0,0,0,0,0,0,0.00,0.00,0.00,0.00,0.00,Matches,Copa CONMEBOL Sudamericana,2025
62e02b9b,João Wellington,br BRA,MF,21,5,1,139,1.5,0,0,0,0,0,0,0,0,0.00,0.00,0.00,0.00,0.00,Matches,Copa CONMEBOL Sudamericana,2025
199a71d2,Rayan Passaglia Lelis,br BRA,MF,18,1,1,64,0.7,0,0,0,0,0,0,1,0,0.00,0.00,0.00,0.00,0.00,Matches,Copa CONMEBOL Sudamericana,2025
715fc0fe,Yannick Bolasie,cd COD,"FW,MF",35,18,0,177,2.0,0,1,1,0,0,0,1,0,0.00,0.51,0.51,0.00,0.51,Matches,Copa CONMEBOL Sudamericana,2025
28b89ba7,Lautaro Díaz,ar ARG,FW,26,6,0,85,0.9,0,0,0,0,0,0,0,0,0.00,0.00,0.00,0.00,0.00,Matches,Copa CONMEBOL Sudamericana,2025
2ebfb12f,Ryan Guilherme,br BRA,MF,22,3,0,56,0.6,0,0,0,0,0,0,0,0,0.00,0.00,0.00,0.00,0.00,Matches,Copa CONMEBOL Sudamericana,2025
492ade3c,Kenji,br BRA,FW,19,3,0,39,0.4,0,0,0,0,0,0,0,0,0.00,0.00,0.00,0.00,0.00,Matches,Copa CONMEBOL Sudamericana,2025
4565dde3,Rodriguinho,br BRA,MF,21,1,0,15,0.2,0,0,0,0,0,0,0,0,0.00,0.00,0.00,0.00,0.00,Matches,Copa CONMEBOL Sudamericana,2025
fc2c5692,Juan Ignacio Dinenno,ar ARG,FW,30,1,0,12,0.1,0,0,0,0,0,0,0,0,0.00,0.00,0.00,0.00,0.00,Matches,Copa CONMEBOL Sudamericana,2025
9e91b234,Murilo Rhikman,br BRA,MF,18,2,0,8,0.1,0,0,0,0,0,0,0,0,0.00,0.00,0.00,0.00,0.00,Matches,Copa CONMEBOL Sudamericana,2025
63969d01,Marlon,br BRA,DF,27,1,0,6,0.1,0,0,0,0,0,0,0,0,0.00,0.00,0.00,0.00,0.00,Matches,Copa CONMEBOL Sudamericana,2025
59b55d8c,José,br BRA,MF,19,1,0,1,0.0,0,0,0,0,0,0,0,0,0.00,0.00,0.00,0.00,0.00,Matches,Copa CONMEBOL Sudamericana,2025
637c7c17,Bruno Alves,br BRA,DF,19,0,0,,,,,,,,,,,,,,,,Matches,Copa CONMEBOL Sudamericana,2025
9841c617,Cauan Baptistella,it ITA,MF,17,0,0,,,,,,,,,,,,,,,,Matches,Copa CONMEBOL Sudamericana,2025
650ca5cd,Fernando,br BRA,FW,19,0,0,,,,,,,,,,,,,,,,Matches,Copa CONMEBOL Sudamericana,2025
a9452270,Rhuan Gabriel,br BRA,MF,18,0,0,,,,,,,,,,,,,,,,Matches,Copa CONMEBOL Sudamericana,2025
47a5dad0,Vitor Lamounier,br BRA,GK,17,0,0,,,,,,,,,,,,,,,,Matches,Copa CONMEBOL Sudamericana,2025
b93ab927,Marcelo,br BRA,GK,18,0,0,,,,,,,,,,,,,,,,Matches,Copa CONMEBOL Sudamericana,2025
b23013d3,Otávio,br BRA,GK,19,0,0,,,,,,,,,,,,,,,,Matches,Copa CONMEBOL Sudamericana,2025
1b7824ba,Gino Santilli,ar ARG,GK,23,36,36,"3,240",36.0,1,0,1,1,0,0,2,0,0.03,0.00,0.03,0.03,0.03,Matches,Copa CONMEBOL Sudamericana,2025
b97a9973,Sebastián Assis,uy URU,MF,31,32,32,"2,786",31.0,1,0,1,1,0,0,10,0,0.03,0.00,0.03,0.03,0.03,Matches,Copa CONMEBOL Sudamericana,2025
4b97f876,Facundo Bonifazi,uy URU,DF,29,33,32,"2,714",30.2,2,0,2,2,0,0,9,0,0.07,0.00,0.07,0.07,0.07,Matches,Copa CONMEBOL Sudamericana,2025
12975989,Alan Di Pippa,ar ARG,MF,24,31,27,"2,371",26.3,1,0,1,1,0,0,3,0,0.04,0.00,0.04,0.04,0.04,Matches,Copa CONMEBOL Sudamericana,2025
2061a518,Franco Rossi,uy URU,FW,22,31,22,"1,884",20.9,10,1,11,9,1,1,6,1,0.48,0.05,0.53,0.43,0.48,Matches,Copa CONMEBOL Sudamericana,2025
fb0757fa,Lucas Correa,uy URU,DF,28,26,19,"1,781",19.8,1,0,1,1,0,0,10,0,0.05,0.00,0.05,0.05,0.05,Matches,Copa CONMEBOL Sudamericana,2025
52f9fbe9,Martin Gianoli,uy URU,DF,24,21,19,"1,667",18.5,0,0,0,0,0,0,5,0,0.00,0.00,0.00,0.00,0.00,Matches,Copa CONMEBOL Sudamericana,2025
3ec4981d,Nicolás Bertochi,ar ARG,MF,35,25,19,"1,516",16.8,5,0,5,3,2,3,11,0,0.30,0.00,0.30,0.18,0.18,Matches,Copa CONMEBOL Sudamericana,2025
1e27204d,Maximiliano Añasco,uy URU,MF,23,34,18,"1,949",21.7,4,0,4,4,0,0,5,0,0.18,0.00,0.18,0.18,0.18,Matches,Copa CONMEBOL Sudamericana,2025
2c3d372f,Alan García,uy URU,DF,25,18,16,"1,470",16.3,0,1,1,0,0,0,2,0,0.00,0.06,0.06,0.00,0.06,Matches,Copa CONMEBOL Sudamericana,2025
6fe88dde,Facundo Parada,uy URU,DF,25,22,15,"1,274",14.2,0,2,2,0,0,0,3,1,0.00,0.14,0.14,0.00,0.14,Matches,Copa CONMEBOL Sudamericana,2025
3a9c0731,Matías Mir,es ESP,MF,21,19,15,"1,244",13.8,4,1,5,4,0,0,2,0,0.29,0.07,0.36,0.29,0.36,Matches,Copa CONMEBOL Sudamericana,2025
169291a1,Cristian González,uy URU,MF,26,19,13,"1,159",12.9,0,0,0,0,0,0,4,0,0.00,0.00,0.00,0.00,0.00,Matches,Copa CONMEBOL Sudamericana,2025
dba35b6e,Mauro Brasil,uy URU,DF,25,15,13,"1,023",11.4,1,0,1,1,0,0,4,0,0.09,0.00,0.09,0.09,0.09,Matches,Copa CONMEBOL Sudamericana,2025
31bdec66,Agustín Pérez,uy URU,MF,24,26,11,"1,067",11.9,1,0,1,1,0,0,6,0,0.08,0.00,0.08,0.08,0.08,Matches,Copa CONMEBOL Sudamericana,2025
7bc32912,Leandro Otormín,uy URU,FW,28,15,11,920,10.2,3,2,5,2,1,1,2,0,0.29,0.20,0.49,0.20,0.39,Matches,Copa CONMEBOL Sudamericana,2025
41369acf,Facundo Peraza,uy URU,FW,32,19,10,989,11.0,1,0,1,1,0,0,3,0,0.09,0.00,0.09,0.09,0.09,Matches,Copa CONMEBOL Sudamericana,2025
707ba477,Julián Contrera,ar ARG,MF,21,16,10,909,10.1,1,1,2,1,0,0,4,1,0.10,0.10,0.20,0.10,0.20,Matches,Copa CONMEBOL Sudamericana,2025
22472982,Lautaro Vázquez,uy URU,DF,18,12,10,861,9.6,0,0,0,0,0,0,0,0,0.00,0.00,0.00,0.00,0.00,Matches,Copa CONMEBOL Sudamericana,2025
064baebb,Brian Ferrares,uy URU,DF,24,11,9,719,8.0,0,0,0,0,0,0,3,0,0.00,0.00,0.00,0.00,0.00,Matches,Copa CONMEBOL Sudamericana,2025
b2aa318f,Bruno Hernández,uy URU,FW,20,15,9,621,6.9,0,0,0,0,0,0,1,0,0.00,0.00,0.00,0.00,0.00,Matches,Copa CONMEBOL Sudamericana,2025
215df1e0,Federico Medina,ar ARG,MF,20,21,8,816,9.1,0,1,1,0,0,0,2,0,0.00,0.11,0.11,0.00,0.11,Matches,Copa CONMEBOL Sudamericana,2025
ec16b82a,Mauricio Affonso,uy URU,FW,33,15,7,723,8.0,1,0,1,1,0,0,2,0,0.12,0.00,0.12,0.12,0.12,Matches,Copa CONMEBOL Sudamericana,2025
2dba357e,Ezequiel Olivera,uy URU,DF,21,11,6,502,5.6,0,0,0,0,0,0,2,0,0.00,0.00,0.00,0.00,0.00,Matches,Copa CONMEBOL Sudamericana,2025
7cab7bea,Mario García,uy URU,MF,25,10,3,490,5.4,0,0,0,0,0,0,0,0,0.00,0.00,0.00,0.00,0.00,Matches,Copa CONMEBOL Sudamericana,2025
f7f5afc8,Gabriel Rossetto,br BRA,FW,24,8,3,365,4.1,0,0,0,0,0,0,2,1,0.00,0.00,0.00,0.00,0.00,Matches,Copa CONMEBOL Sudamericana,2025
0263ea1a,Mauro Alfonso,uy URU,DF,22,5,3,264,2.9,0,0,0,0,0,0,3,1,0.00,0.00,0.00,0.00,0.00,Matches,Copa CONMEBOL Sudamericana,2025
8260fd3e,Jeremías Pérez Tica,ar ARG,FW,21,5,3,200,2.2,0,0,0,0,0,0,1,0,0.00,0.00,0.00,0.00,0.00,Matches,Copa CONMEBOL Sudamericana,2025
4b8150e0,Maicol Píriz,uy URU,DF,24,4,2,226,2.5,0,0,0,0,0,0,0,0,0.00,0.00,0.00,0.00,0.00,Matches,Copa CONMEBOL Sudamericana,2025
7483b57d,Ihojan Pérez,uy URU,MF,18,5,2,207,2.3,1,1,2,1,0,0,1,0,0.43,0.43,0.87,0.43,0.87,Matches,Copa CONMEBOL Sudamericana,2025
a0f37882,Jeremías Gallard,ar ARG,MF,20,5,2,195,2.2,0,0,0,0,0,0,2,0,0.00,0.00,0.00,0.00,0.00,Matches,Copa CONMEBOL Sudamericana,2025
323ee87e,Federico Pintado,uy URU,GK,23,1,1,90,1.0,0,0,0,0,0,0,0,0,0.00,0.00,0.00,0.00,0.00,Matches,Copa CONMEBOL Sudamericana,2025
ccb1a048,Erico Cuello,uy URU,MF,19,3,1,82,0.9,0,0,0,0,0,0,2,0,0.00,0.00,0.00,0.00,0.00,Matches,Copa CONMEBOL Sudamericana,2025
ea6993ac,Enrique Almeida,uy URU,FW,19,5,0,117,1.3,2,0,2,2,0,0,0,0,1.54,0.00,1.54,1.54,1.54,Matches,Copa CONMEBOL Sudamericana,2025
a79d83d4,Santiago Rollano,uy URU,FW,20,1,0,17,0.2,0,0,0,0,0,0,0,0,0.00,0.00,0.00,0.00,0.00,Matches,Copa CONMEBOL Sudamericana,2025
e83b8522,Franco Delgado,uy URU,FW,19,4,0,15,0.2,0,0,0,0,0,0,0,0,0.00,0.00,0.00,0.00,0.00,Matches,Copa CONMEBOL Sudamericana,2025
dbf21d44,Leonardo Amaral,uy URU,FW,21,1,0,12,0.1,0,0,0,0,0,0,0,0,0.00,0.00,0.00,0.00,0.00,Matches,Copa CONMEBOL Sudamericana,2025
54bc83cf,Facundo da Costa,uy URU,FW,21,0,0,,,,,,,,,,,,,,,,Matches,Copa CONMEBOL Sudamericana,2025
eb474cc3,Thomas González,uy URU,FW,20,0,0,,,,,,,,,,,,,,,,Matches,Copa CONMEBOL Sudamericana,2025
060d7443,Fernando Prado,uy URU,DF,23,0,0,,,,,,,,,,,,,,,,Matches,Copa CONMEBOL Sudamericana,2025
08dfb765,Claudio Torrejón,pe PER,MF,31,30,28,"2,314",25.7,1,2,3,1,0,0,5,1,0.04,0.08,0.12,0.04,0.12,Matches,Copa CONMEBOL Sudamericana,2025
91ec8fd7,Jimmy Valoyes,co COL,DF,38,29,27,"2,466",27.4,4,0,4,4,0,0,9,1,0.15,0.00,0.15,0.15,0.15,Matches,Copa CONMEBOL Sudamericana,2025
590c3053,Carlos Garcés,ec ECU,FW,34,30,27,"2,446",27.2,9,3,12,9,0,2,7,1,0.33,0.11,0.44,0.33,0.44,Matches,Copa CONMEBOL Sudamericana,2025
861e90f9,Maximiliano Amondarain,uy URU,DF,32,26,26,"2,259",25.1,1,0,1,1,0,0,7,1,0.04,0.00,0.04,0.04,0.04,Matches,Copa CONMEBOL Sudamericana,2025
53144c79,Leonel Galeano,ar ARG,DF,33,23,22,"1,848",20.5,0,1,1,0,0,0,5,1,0.00,0.05,0.05,0.00,0.05,Matches,Copa CONMEBOL Sudamericana,2025
c79b66ac,Santiago Arias,uy URU,MF,29,26,21,"1,897",21.1,1,0,1,1,0,0,16,2,0.05,0.00,0.05,0.05,0.05,Matches,Copa CONMEBOL Sudamericana,2025
0ae22e0a,Cristian Neira,pe PER,MF,24,29,21,"1,740",19.3,2,4,6,2,0,0,2,0,0.10,0.21,0.31,0.10,0.31,Matches,Copa CONMEBOL Sudamericana,2025
e78cff74,Agustín González Pereira,uy URU,MF,28,24,20,"1,679",18.7,0,3,3,0,0,0,5,0,0.00,0.16,0.16,0.00,0.16,Matches,Copa CONMEBOL Sudamericana,2025
809b80c1,Juan Bolado,ar ARG,GK,27,19,19,"1,709",19.0,0,0,0,0,0,0,3,1,0.00,0.00,0.00,0.00,0.00,Matches,Copa CONMEBOL Sudamericana,2025
8184304e,Beto da Silva,pe PER,"MF,FW",28,29,19,"1,566",17.4,4,4,8,4,0,0,5,0,0.23,0.23,0.46,0.23,0.46,Matches,Copa CONMEBOL Sudamericana,2025
e877a307,Luis Benites,pe PER,MF,28,31,15,"1,388",15.4,6,2,8,4,2,2,6,1,0.39,0.13,0.52,0.26,0.39,Matches,Copa CONMEBOL Sudamericana,2025
f85a89cb,Josué Estrada,pe PER,"DF,MF",30,17,15,"1,367",15.2,2,2,4,2,0,0,3,0,0.13,0.13,0.26,0.13,0.26,Matches,Copa CONMEBOL Sudamericana,2025
365cc07b,Ignacio Barrios,uy URU,GK,32,16,15,"1,351",15.0,0,0,0,0,0,0,0,1,0.00,0.00,0.00,0.00,0.00,Matches,Copa CONMEBOL Sudamericana,2025
cf80e8df,Alejandro Hohberg,pe PER,MF,33,16,15,"1,180",13.1,5,3,8,5,0,0,2,0,0.38,0.23,0.61,0.38,0.61,Matches,Copa CONMEBOL Sudamericana,2025
fa0517cc,Danilo Ortiz,py PAR,DF,32,15,14,"1,270",14.1,3,0,3,3,0,0,3,0,0.21,0.00,0.21,0.21,0.21,Matches,Copa CONMEBOL Sudamericana,2025
f7b6ea32,Juan Romagnoli,ar ARG,MF,28,12,9,748,8.3,1,3,4,1,0,0,0,0,0.12,0.36,0.48,0.12,0.48,Matches,Copa CONMEBOL Sudamericana,2025
a3f159c9,Alexi Gómez,pe PER,"DF,MF",31,10,8,680,7.6,0,1,1,0,0,0,6,0,0.00,0.13,0.13,0.00,0.13,Matches,Copa CONMEBOL Sudamericana,2025
05714089,Gaspar Gentile,ar ARG,MF,29,10,8,644,7.2,2,1,3,2,0,0,1,0,0.28,0.14,0.42,0.28,0.42,Matches,Copa CONMEBOL Sudamericana,2025
746bb3cc,Osnar Noronha,pe PER,"FW,MF",33,23,7,744,8.3,3,1,4,3,0,0,1,0,0.36,0.12,0.48,0.36,0.48,Matches,Copa CONMEBOL Sudamericana,2025
59b46f82,João Ortiz,cl CHI,"MF,DF",33,14,7,587,6.5,1,1,2,1,0,0,2,0,0.15,0.15,0.31,0.15,0.31,Matches,Copa CONMEBOL Sudamericana,2025
96fc37a4,Didier La Torre,pe PER,"FW,MF",22,18,6,704,7.8,2,1,3,2,0,0,0,0,0.26,0.13,0.38,0.26,0.38,Matches,Copa CONMEBOL Sudamericana,2025
df53dd5a,Sebastian Cavero,pe PER,"DF,MF",22,7,6,474,5.3,0,1,1,0,0,0,1,0,0.00,0.19,0.19,0.00,0.19,Matches,Copa CONMEBOL Sudamericana,2025
dc91fa52,Cristian Souza,uy URU,"MF,FW",29,14,5,604,6.7,1,2,3,1,0,0,0,0,0.15,0.30,0.45,0.15,0.45,Matches,Copa CONMEBOL Sudamericana,2025
d63275fe,Alfredo Ramúa,ar ARG,MF,38,22,4,614,6.8,0,1,1,0,0,0,4,0,0.00,0.15,0.15,0.00,0.15,Matches,Copa CONMEBOL Sudamericana,2025
57376761,Christian Cueva,pe PER,"MF,FW",33,10,4,385,4.3,5,2,7,3,2,2,2,0,1.17,0.47,1.64,0.70,1.17,Matches,Copa CONMEBOL Sudamericana,2025
7f3db7a2,Yimy Gamero,pe PER,MF,23,6,4,385,4.3,0,0,0,0,0,0,1,0,0.00,0.00,0.00,0.00,0.00,Matches,Copa CONMEBOL Sudamericana,2025
f15bea93,Gonzalo Aguirre,pe PER,MF,21,8,4,355,3.9,0,0,0,0,0,0,0,0,0.00,0.00,0.00,0.00,0.00,Matches,Copa CONMEBOL Sudamericana,2025
1acb00f5,Adrián Ascues,pe PER,"MF,FW",22,11,4,347,3.9,0,1,1,0,0,0,1,0,0.00,0.26,0.26,0.00,0.26,Matches,Copa CONMEBOL Sudamericana,2025
5b0d9630,Rudy Palomino,pe PER,"DF,MF",26,11,3,418,4.6,0,0,0,0,0,0,0,0,0.00,0.00,0.00,0.00,0.00,Matches,Copa CONMEBOL Sudamericana,2025
67fc9d40,Denzel Caña,pe PER,GK,21,1,1,90,1.0,0,0,0,0,0,0,0,0,0.00,0.00,0.00,0.00,0.00,Matches,Copa CONMEBOL Sudamericana,2025
039398ce,Pedro Ibáñez,pe PER,DF,24,1,1,90,1.0,0,0,0,0,0,0,1,0,0.00,0.00,0.00,0.00,0.00,Matches,Copa CONMEBOL Sudamericana,2025
abe4fb02,Ray Sandoval,pe PER,"FW,MF",29,5,0,80,0.9,0,0,0,0,0,0,0,0,0.00,0.00,0.00,0.00,0.00,Matches,Copa CONMEBOL Sudamericana,2025
9f8e0976,Nicolás Amasifuen,pe PER,DF,19,4,0,55,0.6,0,0,0,0,0,0,1,0,0.00,0.00,0.00,0.00,0.00,Matches,Copa CONMEBOL Sudamericana,2025
78d06178,Harol Rodríguez,pe PER,MF,18,0,0,,,,,,,,,,,,,,,,Matches,Copa CONMEBOL Sudamericana,2025
3c72a6cb,Rolando Silva,ec ECU,GK,29,39,39,"3,481",38.7,0,1,1,0,0,0,2,1,0.00,0.03,0.03,0.00,0.03,Matches,Copa CONMEBOL Sudamericana,2025
d3a1dd7c,Pedro Pablo Velasco,ec ECU,DF,31,37,36,"3,167",35.2,2,3,5,2,0,0,11,1,0.06,0.09,0.14,0.06,0.14,Matches,Copa CONMEBOL Sudamericana,2025
6188fdbd,Walter Herrera,ar ARG,"FW,MF",27,38,34,"2,925",32.5,10,2,12,5,5,6,5,1,0.31,0.06,0.37,0.15,0.22,Matches,Copa CONMEBOL Sudamericana,2025
d5d84019,Beder Caicedo,ec ECU,DF,32,35,33,"2,870",31.9,1,0,1,1,0,0,12,0,0.03,0.00,0.03,0.03,0.03,Matches,Copa CONMEBOL Sudamericana,2025
853e9aaa,Nixon Molina,ec ECU,MF,31,38,30,"2,655",29.5,1,2,3,1,0,0,7,0,0.03,0.07,0.10,0.03,0.10,Matches,Copa CONMEBOL Sudamericana,2025
a51cce5d,Sergio Vasquez,ec ECU,MF,21,37,30,"2,595",28.8,1,4,5,1,0,0,7,1,0.03,0.14,0.17,0.03,0.17,Matches,Copa CONMEBOL Sudamericana,2025
ae7059b1,Marlon Quiñones,ec ECU,DF,23,28,27,"2,438",27.1,0,1,1,0,0,0,3,0,0.00,0.04,0.04,0.00,0.04,Matches,Copa CONMEBOL Sudamericana,2025
bf7d1725,Gabriel Achilier,ec ECU,DF,39,25,25,"2,143",23.8,1,0,1,1,0,0,7,0,0.04,0.00,0.04,0.04,0.04,Matches,Copa CONMEBOL Sudamericana,2025
ea83f5c2,Ángel Mena,ec ECU,"MF,FW",37,26,24,"2,036",22.6,5,4,9,3,2,2,3,0,0.22,0.18,0.40,0.13,0.31,Matches,Copa CONMEBOL Sudamericana,2025
7f06a1d2,Bruno Caicedo,ec ECU,MF,20,30,21,"1,867",20.7,3,3,6,3,0,0,5,0,0.14,0.14,0.29,0.14,0.29,Matches,Copa CONMEBOL Sudamericana,2025
cb5e158d,Gaston Arturia,ar ARG,DF,25,21,19,"1,655",18.4,0,0,0,0,0,0,9,2,0.00,0.00,0.00,0.00,0.00,Matches,Copa CONMEBOL Sudamericana,2025
df076b73,Jefferson Valverde,ec ECU,MF,25,17,16,"1,343",14.9,0,0,0,0,0,0,4,1,0.00,0.00,0.00,0.00,0.00,Matches,Copa CONMEBOL Sudamericana,2025
61568679,Alan Olinick,ar ARG,MF,24,21,14,"1,203",13.4,1,0,1,1,0,0,2,0,0.07,0.00,0.07,0.07,0.07,Matches,Copa CONMEBOL Sudamericana,2025
4820cdb1,Bryan Viñán,ec ECU,"DF,MF",24,26,12,"1,252",13.9,3,2,5,3,0,0,3,1,0.22,0.14,0.36,0.22,0.36,Matches,Copa CONMEBOL Sudamericana,2025
1791ab7c,Miguel Parrales,ec ECU,FW,29,12,11,915,10.2,7,2,9,6,1,1,2,0,0.69,0.20,0.89,0.59,0.79,Matches,Copa CONMEBOL Sudamericana,2025
f99cfccb,Valentín Burgoa,ar ARG,MF,25,14,9,802,8.9,1,0,1,1,0,0,1,0,0.11,0.00,0.11,0.11,0.11,Matches,Copa CONMEBOL Sudamericana,2025
7e298135,Nazareno Romero,ar ARG,"DF,MF",24,14,9,801,8.9,0,0,0,0,0,0,2,0,0.00,0.00,0.00,0.00,0.00,Matches,Copa CONMEBOL Sudamericana,2025
6123aa99,Michael Bermúdez,ec ECU,"FW,MF",19,18,8,707,7.9,1,1,2,1,0,0,0,0,0.13,0.13,0.25,0.13,0.25,Matches,Copa CONMEBOL Sudamericana,2025
6731c0cd,Diego Armas,ec ECU,MF,34,21,7,795,8.8,1,1,2,1,0,0,0,1,0.11,0.11,0.23,0.11,0.23,Matches,Copa CONMEBOL Sudamericana,2025
c109f946,Sixto Mina,ec ECU,DF,25,16,7,632,7.0,0,0,0,0,0,0,3,0,0.00,0.00,0.00,0.00,0.00,Matches,Copa CONMEBOL Sudamericana,2025
d797920d,Octavio Bianchi,ar ARG,FW,29,21,7,625,6.9,1,0,1,1,0,0,0,0,0.14,0.00,0.14,0.14,0.14,Matches,Copa CONMEBOL Sudamericana,2025
78e0ec4f,Marcos Mejía,ec ECU,MF,26,19,6,652,7.2,0,0,0,0,0,0,0,0,0.00,0.00,0.00,0.00,0.00,Matches,Copa CONMEBOL Sudamericana,2025
da279be6,Ramiro Luna,ar ARG,MF,29,19,4,607,6.7,1,2,3,1,0,0,2,0,0.15,0.30,0.44,0.15,0.44,Matches,Copa CONMEBOL Sudamericana,2025
18558eb2,Bryan Quiñonez,ec ECU,DF,21,16,4,473,5.3,0,0,0,0,0,0,0,1,0.00,0.00,0.00,0.00,0.00,Matches,Copa CONMEBOL Sudamericana,2025
e9e69471,Christian Ortíz,ec ECU,MF,17,6,3,215,2.4,0,0,0,0,0,0,1,0,0.00,0.00,0.00,0.00,0.00,Matches,Copa CONMEBOL Sudamericana,2025
75647efa,Néider Ospina,co COL,MF,22,4,1,162,1.8,1,0,1,1,0,0,0,0,0.56,0.00,0.56,0.56,0.56,Matches,Copa CONMEBOL Sudamericana,2025
8e986b73,Jordy Ortiz,ec ECU,GK,21,2,1,114,1.3,0,0,0,0,0,0,0,0,0.00,0.00,0.00,0.00,0.00,Matches,Copa CONMEBOL Sudamericana,2025
9e60c4ef,Randy Meneses,ec ECU,DF,20,2,1,72,0.8,0,0,0,0,0,0,0,0,0.00,0.00,0.00,0.00,0.00,Matches,Copa CONMEBOL Sudamericana,2025
e8c3924f,Yinsop Bravo,,MF,,1,1,67,0.7,0,0,0,0,0,0,0,0,0.00,0.00,0.00,0.00,0.00,Matches,Copa CONMEBOL Sudamericana,2025
604b8595,Ariel Suarez,ec ECU,MF,20,1,1,64,0.7,0,0,0,0,0,0,0,0,0.00,0.00,0.00,0.00,0.00,Matches,Copa CONMEBOL Sudamericana,2025
c2192f47,Dany Coronel,ec ECU,FW,22,9,0,82,0.9,0,0,0,0,0,0,0,0,0.00,0.00,0.00,0.00,0.00,Matches,Copa CONMEBOL Sudamericana,2025
94d121ad,Sabino Quiñónez,ec ECU,MF,18,2,0,19,0.2,0,0,0,0,0,0,0,0,0.00,0.00,0.00,0.00,0.00,Matches,Copa CONMEBOL Sudamericana,2025
608f76e5,Erick Zambrano,ec ECU,FW,17,3,0,16,0.2,0,0,0,0,0,0,0,0,0.00,0.00,0.00,0.00,0.00,Matches,Copa CONMEBOL Sudamericana,2025
92987dc1,Johan Guerrero,ec ECU,DF,19,1,0,1,0.0,0,0,0,0,0,0,0,0,0.00,0.00,0.00,0.00,0.00,Matches,Copa CONMEBOL Sudamericana,2025
a859c557,Yandry Mosquera,ec ECU,MF,19,1,0,1,0.0,0,0,0,0,0,0,0,0,0.00,0.00,0.00,0.00,0.00,Matches,Copa CONMEBOL Sudamericana,2025
38bcd7c9,Mathias Carabali,ec ECU,,18,0,0,,,,,,,,,,,,,,,,Matches,Copa CONMEBOL Sudamericana,2025
6ba61c9c,Eddie Hernandez,,,,0,0,,,,,,,,,,,,,,,,Matches,Copa CONMEBOL Sudamericana,2025
bcebe911,Juan Lupu,ec ECU,GK,18,0,0,,,,,,,,,,,,,,,,Matches,Copa CONMEBOL Sudamericana,2025
fd45e55e,Erick Plúas,ec ECU,MF,22,0,0,,,,,,,,,,,,,,,,Matches,Copa CONMEBOL Sudamericana,2025
5c3452f4,Isaac Prado,br BRA,FW,30,0,0,,,,,,,,,,,,,,,,Matches,Copa CONMEBOL Sudamericana,2025
f81eebd7,Juan Sánchez,ec ECU,FW,16,0,0,,,,,,,,,,,,,,,,Matches,Copa CONMEBOL Sudamericana,2025
01c7c243,José Ignacio González,cl CHI,GK,35,28,28,"2,520",28.0,0,0,0,0,0,0,4,0,0.00,0.00,0.00,0.00,0.00,Matches,Copa CONMEBOL Sudamericana,2025
2f8929bd,Álvaro Madrid,cl CHI,MF,29,28,27,"2,338",26.0,1,3,4,1,0,0,4,1,0.04,0.12,0.15,0.04,0.15,Matches,Copa CONMEBOL Sudamericana,2025
10c29b7b,Alan Medina,uy URU,"MF,FW",26,28,26,"2,210",24.6,4,0,4,4,0,0,9,1,0.16,0.00,0.16,0.16,0.16,Matches,Copa CONMEBOL Sudamericana,2025
cd91ec40,Ramiro González Hernández,ar ARG,DF,34,22,22,"1,903",21.1,1,0,1,1,0,0,6,1,0.05,0.00,0.05,0.05,0.05,Matches,Copa CONMEBOL Sudamericana,2025
5900d826,Benjamín Berríos,cl CHI,"MF,DF",26,23,22,"1,892",21.0,0,1,1,0,0,0,5,0,0.00,0.05,0.05,0.00,0.05,Matches,Copa CONMEBOL Sudamericana,2025
b7bb6052,Diego Oyarzún,cl CHI,DF,32,22,19,"1,798",20.0,0,0,0,0,0,0,2,0,0.00,0.00,0.00,0.00,0.00,Matches,Copa CONMEBOL Sudamericana,2025
0201a97a,Hugo Magallanes,uy URU,DF,27,21,19,"1,603",17.8,0,0,0,0,0,0,5,2,0.00,0.00,0.00,0.00,0.00,Matches,Copa CONMEBOL Sudamericana,2025
e300f036,Lucas Soto,cl CHI,"DF,MF",21,20,17,"1,381",15.3,0,0,0,0,0,0,8,2,0.00,0.00,0.00,0.00,0.00,Matches,Copa CONMEBOL Sudamericana,2025
68a38211,Matias Ibacache,cl CHI,DF,26,22,16,"1,397",15.5,0,0,0,0,0,0,4,0,0.00,0.00,0.00,0.00,0.00,Matches,Copa CONMEBOL Sudamericana,2025
586f1d3e,Nicolás Baeza,cl CHI,"DF,MF",27,22,15,"1,368",15.2,2,1,3,2,0,0,2,0,0.13,0.07,0.20,0.13,0.20,Matches,Copa CONMEBOL Sudamericana,2025
c675e3de,Emiliano Ramos,cl CHI,"MF,DF",19,23,14,"1,243",13.8,2,1,3,2,0,0,4,0,0.14,0.07,0.22,0.14,0.22,Matches,Copa CONMEBOL Sudamericana,2025
082d1db5,Sebastián Sosa,uy URU,FW,30,15,14,"1,215",13.5,6,3,9,3,3,3,4,0,0.44,0.22,0.67,0.22,0.44,Matches,Copa CONMEBOL Sudamericana,2025
e06742be,Joaquín Moya,cl CHI,MF,31,24,14,"1,209",13.4,1,0,1,1,0,0,3,0,0.07,0.00,0.07,0.07,0.07,Matches,Copa CONMEBOL Sudamericana,2025
d2a78b5e,Rodrigo Piñeiro,uy URU,"MF,FW",25,17,10,970,10.8,1,0,1,1,0,0,2,0,0.09,0.00,0.09,0.09,0.09,Matches,Copa CONMEBOL Sudamericana,2025
c3e1eded,Raimundo Rebolledo,cl CHI,"DF,MF",27,14,9,713,7.9,0,0,0,0,0,0,3,0,0.00,0.00,0.00,0.00,0.00,Matches,Copa CONMEBOL Sudamericana,2025
ad513a6b,Juan Ignacio Ramírez,uy URU,FW,27,12,7,655,7.3,2,2,4,0,2,2,3,0,0.27,0.27,0.55,0.00,0.27,Matches,Copa CONMEBOL Sudamericana,2025
58080b7a,Matías Campos López,cl CHI,FW,33,22,7,645,7.2,1,0,1,1,0,0,2,1,0.14,0.00,0.14,0.14,0.14,Matches,Copa CONMEBOL Sudamericana,2025
7221d0a5,Cristian Palacios,uy URU,FW,34,19,6,653,7.3,3,1,4,3,0,0,1,0,0.41,0.14,0.55,0.41,0.55,Matches,Copa CONMEBOL Sudamericana,2025
4805e620,Diego García Medina,cl CHI,DF,28,11,6,584,6.5,0,0,0,0,0,0,2,1,0.00,0.00,0.00,0.00,0.00,Matches,Copa CONMEBOL Sudamericana,2025
f82150c8,Julian Alfaro,cl CHI,"MF,FW",23,11,6,501,5.6,1,0,1,1,0,0,5,0,0.18,0.00,0.18,0.18,0.18,Matches,Copa CONMEBOL Sudamericana,2025
3d0ce7ad,Enrique Serje,co COL,MF,29,10,6,407,4.5,0,0,0,0,0,0,3,0,0.00,0.00,0.00,0.00,0.00,Matches,Copa CONMEBOL Sudamericana,2025
279cc0e8,Diego Hernández,uy URU,MF,24,8,5,423,4.7,0,1,1,0,0,0,2,0,0.00,0.21,0.21,0.00,0.21,Matches,Copa CONMEBOL Sudamericana,2025
ea136209,Martín Guzmán,,"DF,MF",,11,4,425,4.7,0,1,1,0,0,0,1,0,0.00,0.21,0.21,0.00,0.21,Matches,Copa CONMEBOL Sudamericana,2025
9f6cb667,Vicente Vega,cl CHI,DF,20,4,3,291,3.2,0,0,0,0,0,0,2,0,0.00,0.00,0.00,0.00,0.00,Matches,Copa CONMEBOL Sudamericana,2025
2741eeff,Joan Cruz,cl CHI,"MF,FW",21,9,2,252,2.8,0,0,0,0,0,0,1,0,0.00,0.00,0.00,0.00,0.00,Matches,Copa CONMEBOL Sudamericana,2025
2ac3c23f,Sergio Hernández,mx MEX,MF,22,5,2,189,2.1,1,1,2,1,0,0,0,0,0.48,0.48,0.95,0.48,0.95,Matches,Copa CONMEBOL Sudamericana,2025
ce62caf8,Claudio González,cl CHI,GK,34,2,2,180,2.0,0,0,0,0,0,0,0,0,0.00,0.00,0.00,0.00,0.00,Matches,Copa CONMEBOL Sudamericana,2025
45a91d07,Juan Delgado,cl CHI,DF,31,8,1,280,3.1,0,0,0,0,0,0,0,0,0.00,0.00,0.00,0.00,0.00,Matches,Copa CONMEBOL Sudamericana,2025
654aa21b,Byron Navarro,cl CHI,FW,21,2,1,90,1.0,0,0,0,0,0,0,0,0,0.00,0.00,0.00,0.00,0.00,Matches,Copa CONMEBOL Sudamericana,2025
6454ab03,Felipe Villagrán,cl CHI,MF,27,1,0,20,0.2,0,1,1,0,0,0,1,0,0.00,4.50,4.50,0.00,4.50,Matches,Copa CONMEBOL Sudamericana,2025
5be3642e,Cristóbal Chadwick,cl CHI,FW,19,0,0,,,,,,,,,,,,,,,,Matches,Copa CONMEBOL Sudamericana,2025
68f84424,Isaac Esquenazi,cl CHI,GK,20,0,0,,,,,,,,,,,,,,,,Matches,Copa CONMEBOL Sudamericana,2025
1cd0d1a5,Bastián Tapia,cl CHI,DF,22,0,0,,,,,,,,,,,,,,,,Matches,Copa CONMEBOL Sudamericana,2025
ab892f78,Fernando Arismendi,uy URU,MF,33,29,25,"2,247",25.0,8,5,13,8,0,0,6,0,0.32,0.20,0.52,0.32,0.52,Matches,Copa CONMEBOL Sudamericana,2025
e4e69b59,Jhoni Ramallo,bo BOL,MF,20,25,24,"2,037",22.6,1,4,5,1,0,0,5,1,0.04,0.18,0.22,0.04,0.22,Matches,Copa CONMEBOL Sudamericana,2025
59e205c0,Sergio Villamil,bo BOL,MF,30,27,23,"1,872",20.8,1,1,2,1,0,0,7,1,0.05,0.05,0.10,0.05,0.10,Matches,Copa CONMEBOL Sudamericana,2025
54f089b4,Augusto Seimandi,ar ARG,DF,29,22,22,"1,735",19.3,0,1,1,0,0,0,7,3,0.00,0.05,0.05,0.00,0.05,Matches,Copa CONMEBOL Sudamericana,2025
30cf013d,Samuel Galindo,bo BOL,MF,32,25,19,"1,714",19.0,3,6,9,2,1,1,7,0,0.16,0.32,0.47,0.11,0.42,Matches,Copa CONMEBOL Sudamericana,2025
91afcaf8,Andrés Landa,bo BOL,DF,29,23,18,"1,750",19.4,2,0,2,2,0,0,2,0,0.10,0.00,0.10,0.10,0.10,Matches,Copa CONMEBOL Sudamericana,2025
d146b436,Bruno Poveda,bo BOL,GK,21,17,14,"1,333",14.8,0,0,0,0,0,0,1,0,0.00,0.00,0.00,0.00,0.00,Matches,Copa CONMEBOL Sudamericana,2025
ff0f5d07,Fabricio Vasquez,bo BOL,FW,21,20,14,"1,261",14.0,8,0,8,8,0,0,1,0,0.57,0.00,0.57,0.57,0.57,Matches,Copa CONMEBOL Sudamericana,2025
15387a67,Diego Vargas,,DF,,23,14,"1,245",13.8,0,1,1,0,0,0,6,0,0.00,0.07,0.07,0.00,0.07,Matches,Copa CONMEBOL Sudamericana,2025
37643c21,Roberto Rivas,bo BOL,GK,39,14,14,"1,187",13.2,0,0,0,0,0,0,2,0,0.00,0.00,0.00,0.00,0.00,Matches,Copa CONMEBOL Sudamericana,2025
42b5494d,Joel Bejarano,bo BOL,MF,28,15,14,"1,162",12.9,0,1,1,0,0,0,8,0,0.00,0.08,0.08,0.00,0.08,Matches,Copa CONMEBOL Sudamericana,2025
264ffe7c,Kevin Ceceri,ar ARG,DF,28,14,12,"1,159",12.9,0,0,0,0,0,0,4,0,0.00,0.00,0.00,0.00,0.00,Matches,Copa CONMEBOL Sudamericana,2025
a9494d8f,Dico Roca,bo BOL,DF,28,17,9,955,10.6,1,0,1,1,0,0,3,0,0.09,0.00,0.09,0.09,0.09,Matches,Copa CONMEBOL Sudamericana,2025
17cf1d22,Schneider Peña,bo BOL,FW,20,18,9,844,9.4,3,1,4,3,0,0,2,0,0.32,0.11,0.43,0.32,0.43,Matches,Copa CONMEBOL Sudamericana,2025
a6cc0e65,Alexis Ribera,bo BOL,MF,29,19,8,812,9.0,1,0,1,1,0,0,4,0,0.11,0.00,0.11,0.11,0.11,Matches,Copa CONMEBOL Sudamericana,2025
34710e8f,Jaime Villamil,bo BOL,DF,32,14,8,807,9.0,0,0,0,0,0,0,3,0,0.00,0.00,0.00,0.00,0.00,Matches,Copa CONMEBOL Sudamericana,2025
94cee425,Joel López Pissano,ar ARG,MF,28,10,8,711,7.9,4,2,6,4,0,0,1,0,0.51,0.25,0.76,0.51,0.76,Matches,Copa CONMEBOL Sudamericana,2025
c997824a,Federico Andrada,ar ARG,FW,30,12,8,605,6.7,5,1,6,5,0,0,2,0,0.74,0.15,0.89,0.74,0.89,Matches,Copa CONMEBOL Sudamericana,2025
6cc2be84,Diego Ureña,,,,10,7,657,7.3,0,0,0,0,0,0,2,0,0.00,0.00,0.00,0.00,0.00,Matches,Copa CONMEBOL Sudamericana,2025
87715149,Raúl Becerra,ar ARG,FW,37,8,7,517,5.7,1,0,1,1,0,0,0,0,0.17,0.00,0.17,0.17,0.17,Matches,Copa CONMEBOL Sudamericana,2025
fd4b1c7a,Daniel Aponte,bo BOL,DF,20,11,6,608,6.8,0,0,0,0,0,0,2,1,0.00,0.00,0.00,0.00,0.00,Matches,Copa CONMEBOL Sudamericana,2025
ad7eaed8,Jhojan Vargas,bo BOL,FW,19,12,6,565,6.3,0,0,0,0,0,0,0,0,0.00,0.00,0.00,0.00,0.00,Matches,Copa CONMEBOL Sudamericana,2025
f0a2fa90,Aldair Mamani,bo BOL,MF,19,9,6,507,5.6,0,1,1,0,0,0,2,0,0.00,0.18,0.18,0.00,0.18,Matches,Copa CONMEBOL Sudamericana,2025
74ff7d03,Thomas Monterubianessi,ar ARG,FW,25,8,6,448,5.0,3,1,4,3,0,0,3,0,0.60,0.20,0.80,0.60,0.80,Matches,Copa CONMEBOL Sudamericana,2025
f205555c,Moisés Calero,bo BOL,MF,26,11,5,399,4.4,0,1,1,0,0,0,0,0,0.00,0.23,0.23,0.00,0.23,Matches,Copa CONMEBOL Sudamericana,2025
e0c13750,Gery Tapia,,FW,,5,5,372,4.1,0,0,0,0,0,0,0,0,0.00,0.00,0.00,0.00,0.00,Matches,Copa CONMEBOL Sudamericana,2025
c0116ce2,Felipe,es ESP,DF,22,5,4,399,4.4,0,1,1,0,0,0,3,0,0.00,0.23,0.23,0.00,0.23,Matches,Copa CONMEBOL Sudamericana,2025
cd9c09b9,Ferddy Roca,bo BOL,FW,24,12,4,379,4.2,0,1,1,0,0,0,0,0,0.00,0.24,0.24,0.00,0.24,Matches,Copa CONMEBOL Sudamericana,2025
81eacbcd,Bruno Vides,ar ARG,"FW,MF",31,6,3,317,3.5,3,1,4,0,3,3,2,0,0.85,0.28,1.14,0.00,0.28,Matches,Copa CONMEBOL Sudamericana,2025
179cbe4d,Santiago Paz,bo BOL,MF,20,2,2,180,2.0,0,0,0,0,0,0,0,0,0.00,0.00,0.00,0.00,0.00,Matches,Copa CONMEBOL Sudamericana,2025
06ea3a60,Ezequiel Michelli,ar ARG,DF,34,2,2,157,1.7,1,0,1,1,0,0,0,0,0.57,0.00,0.57,0.57,0.57,Matches,Copa CONMEBOL Sudamericana,2025
5af315ed,Ronald Bustos,bo BOL,FW,20,3,2,154,1.7,0,0,0,0,0,0,0,0,0.00,0.00,0.00,0.00,0.00,Matches,Copa CONMEBOL Sudamericana,2025
7895a4dd,Luis Serrano,bo BOL,MF,26,3,1,98,1.1,0,0,0,0,0,0,2,0,0.00,0.00,0.00,0.00,0.00,Matches,Copa CONMEBOL Sudamericana,2025
83baf4d3,Abraham Cabrera,bo BOL,DF,33,1,1,45,0.5,0,0,0,0,0,0,0,0,0.00,0.00,0.00,0.00,0.00,Matches,Copa CONMEBOL Sudamericana,2025
7a51c8cc,Miguel Escobar,ar ARG,MF,29,6,0,166,1.8,0,0,0,0,0,0,0,0,0.00,0.00,0.00,0.00,0.00,Matches,Copa CONMEBOL Sudamericana,2025
e88dead5,Alejandro Medina,bo BOL,FW,28,1,0,19,0.2,0,0,0,0,0,0,1,0,0.00,0.00,0.00,0.00,0.00,Matches,Copa CONMEBOL Sudamericana,2025
5f241083,Sebastián Valdez,,MF,,1,0,11,0.1,0,0,0,0,0,0,0,0,0.00,0.00,0.00,0.00,0.00,Matches,Copa CONMEBOL Sudamericana,2025
485fc113,Josue Luna,bo BOL,MF,19,0,0,,,,,,,,,,,,,,,,Matches,Copa CONMEBOL Sudamericana,2025
45c0d04d,Andrés Ferro,ve VEN,DF,23,24,24,"2,113",23.5,2,,,1,1,1,5,1,0.09,,,0.04,,Matches,Copa CONMEBOL Sudamericana,2025
44611070,George Ayine,gh GHA,MF,26,22,19,"1,622",18.0,2,,,2,0,0,5,0,0.11,,,0.11,,Matches,Copa CONMEBOL Sudamericana,2025
8887d4d9,Luis Terán,ve VEN,GK,31,18,18,"1,620",18.0,0,,,0,0,0,1,0,0.00,,,0.00,,Matches,Copa CONMEBOL Sudamericana,2025
ae6f3778,Yolfran Caricote,ve VEN,DF,25,19,17,"1,530",17.0,0,,,0,0,0,7,0,0.00,,,0.00,,Matches,Copa CONMEBOL Sudamericana,2025
8f4b4b80,Jeizon Ramírez,ve VEN,"FW,MF",23,24,15,"1,364",15.2,4,,,4,0,0,4,0,0.26,,,0.26,,Matches,Copa CONMEBOL Sudamericana,2025
a3ecaa06,Eduardo Zapata,co COL,DF,25,16,15,"1,348",15.0,0,,,0,0,0,2,0,0.00,,,0.00,,Matches,Copa CONMEBOL Sudamericana,2025
02c9243f,Ely Valderrey,ve VEN,DF,38,16,14,"1,225",13.6,0,,,0,0,0,2,0,0.00,,,0.00,,Matches,Copa CONMEBOL Sudamericana,2025
19b1ebc9,Francisco Funes,ar ARG,MF,23,23,13,"1,332",14.8,1,,,1,0,0,5,0,0.07,,,0.07,,Matches,Copa CONMEBOL Sudamericana,2025
00c25f16,Carlos Paraco,ve VEN,FW,21,13,13,"1,109",12.3,3,,,3,0,0,1,0,0.24,,,0.24,,Matches,Copa CONMEBOL Sudamericana,2025
4eba9598,Miku,ve VEN,"FW,MF",39,16,13,"1,079",12.0,7,,,6,1,1,6,1,0.58,,,0.50,,Matches,Copa CONMEBOL Sudamericana,2025
71b6c2d7,Richard Figueroa,ve VEN,MF,28,17,11,"1,096",12.2,4,,,4,0,0,1,0,0.33,,,0.33,,Matches,Copa CONMEBOL Sudamericana,2025
794bf4c6,Gonzalo Jaqué,ar ARG,"DF,MF",28,11,11,988,11.0,0,,,0,0,0,6,1,0.00,,,0.00,,Matches,Copa CONMEBOL Sudamericana,2025
a46fac7b,Jeilerth Navarro,ve VEN,"MF,FW",19,13,10,731,8.1,0,,,0,0,0,3,0,0.00,,,0.00,,Matches,Copa CONMEBOL Sudamericana,2025
889dfc23,Gabriel de León,uy URU,"DF,MF",31,9,9,795,8.8,0,,,0,0,0,3,0,0.00,,,0.00,,Matches,Copa CONMEBOL Sudamericana,2025
bc7e6130,Nicol Martinez Montes,ve VEN,MF,19,16,8,770,8.6,0,,,0,0,0,1,1,0.00,,,0.00,,Matches,Copa CONMEBOL Sudamericana,2025
cf0d21e9,Gastón Poncet,uy URU,FW,33,9,8,568,6.3,4,,,4,0,0,0,0,0.63,,,0.63,,Matches,Copa CONMEBOL Sudamericana,2025
e6d9afe1,Samuel Aspajo,ve VEN,GK,19,7,7,630,7.0,0,,,0,0,0,0,0,0.00,,,0.00,,Matches,Copa CONMEBOL Sudamericana,2025
f880da9f,Walter Araújo,py PAR,MF,29,11,7,584,6.5,0,,,0,0,0,1,0,0.00,,,0.00,,Matches,Copa CONMEBOL Sudamericana,2025
ac825259,Jayson Martínez,ve VEN,FW,23,8,6,542,6.0,0,,,0,0,0,1,0,0.00,,,0.00,,Matches,Copa CONMEBOL Sudamericana,2025
3d8791e3,Alexis Rodriguez,ve VEN,MF,17,7,6,359,4.0,1,,,1,0,0,0,0,0.25,,,0.25,,Matches,Copa CONMEBOL Sudamericana,2025
39e5eb04,Felipe Cifuentes,co COL,FW,22,13,5,586,6.5,1,,,1,0,0,3,0,0.15,,,0.15,,Matches,Copa CONMEBOL Sudamericana,2025
34abc8af,Leonardo Pérez,ve VEN,DF,21,7,5,474,5.3,0,,,0,0,0,3,0,0.00,,,0.00,,Matches,Copa CONMEBOL Sudamericana,2025
20de1091,Angelo Lucena,ve VEN,"MF,FW",22,10,5,394,4.4,2,,,2,0,0,1,0,0.46,,,0.46,,Matches,Copa CONMEBOL Sudamericana,2025
cf7fe63a,David Zalzman,ve VEN,MF,28,10,5,376,4.2,1,,,1,0,0,3,0,0.24,,,0.24,,Matches,Copa CONMEBOL Sudamericana,2025
ec804c19,Angel Jaimes,ve VEN,DF,19,4,4,360,4.0,0,,,0,0,0,0,0,0.00,,,0.00,,Matches,Copa CONMEBOL Sudamericana,2025
205145c2,Néstor Cova,ve VEN,DF,29,6,4,322,3.6,0,,,0,0,0,1,0,0.00,,,0.00,,Matches,Copa CONMEBOL Sudamericana,2025
754ea02e,Daniel Linarez,ve VEN,DF,32,4,3,282,3.1,0,,,0,0,0,1,0,0.00,,,0.00,,Matches,Copa CONMEBOL Sudamericana,2025
c4bbea4c,Robert Garcés,ve VEN,MF,31,10,2,189,2.1,1,,,1,0,0,3,0,0.48,,,0.48,,Matches,Copa CONMEBOL Sudamericana,2025
bc9eb05d,Emmanuel Verde,,MF,,5,2,172,1.9,0,,,0,0,0,2,0,0.00,,,0.00,,Matches,Copa CONMEBOL Sudamericana,2025
4c1550de,Lewuis Peña,ve VEN,FW,20,8,1,313,3.5,2,,,2,0,0,2,1,0.58,,,0.58,,Matches,Copa CONMEBOL Sudamericana,2025
e5c38035,Richard José Blanco,ve VEN,FW,43,8,1,270,3.0,1,,,1,0,0,1,1,0.33,,,0.33,,Matches,Copa CONMEBOL Sudamericana,2025
5f105cd2,Javier Gimenez,ve VEN,FW,19,7,1,116,1.3,1,,,1,0,0,2,0,0.78,,,0.78,,Matches,Copa CONMEBOL Sudamericana,2025
884da95a,Carlos Díaz,ve VEN,DF,23,3,1,104,1.2,0,,,0,0,0,0,0,0.00,,,0.00,,Matches,Copa CONMEBOL Sudamericana,2025
579fbea5,Alan Vasquez,ve VEN,GK,16,1,1,90,1.0,0,,,0,0,0,0,0,0.00,,,0.00,,Matches,Copa CONMEBOL Sudamericana,2025
851cb33b,Sneider Navarro,ve VEN,MF,19,1,1,82,0.9,1,,,1,0,0,0,0,1.10,,,1.10,,Matches,Copa CONMEBOL Sudamericana,2025
6a455db1,Jostin Valencia,ec ECU,FW,20,3,1,78,0.9,0,,,0,0,0,0,0,0.00,,,0.00,,Matches,Copa CONMEBOL Sudamericana,2025
e5d2072c,Gustavo Siqueira,br BRA,MF,20,2,0,33,0.4,0,,,0,0,0,0,0,0.00,,,0.00,,Matches,Copa CONMEBOL Sudamericana,2025
dafdecef,Steven Pabón,ve VEN,DF,23,3,0,20,0.2,0,,,0,0,0,0,0,0.00,,,0.00,,Matches,Copa CONMEBOL Sudamericana,2025
a69d7a0f,Yhonnier Lozada,ve VEN,MF,19,3,0,17,0.2,0,,,0,0,0,1,0,0.00,,,0.00,,Matches,Copa CONMEBOL Sudamericana,2025
d8ee3674,Alexander Nieves,ve VEN,MF,18,3,0,15,0.2,0,,,0,0,0,0,0,0.00,,,0.00,,Matches,Copa CONMEBOL Sudamericana,2025
f9438faa,Angel Rodriguez,ve VEN,MF,17,1,0,14,0.2,0,,,0,0,0,0,0,0.00,,,0.00,,Matches,Copa CONMEBOL Sudamericana,2025
4fb69f87,Salvador Bolívar,ve VEN,FW,18,0,0,,,,,,,,,,,,,,,,Matches,Copa CONMEBOL Sudamericana,2025
5949f324,Christian Camarillo,ve VEN,MF,22,0,0,,,,,,,,,,,,,,,,Matches,Copa CONMEBOL Sudamericana,2025
903cfff4,Alejandro Hernandez,ve VEN,DF,16,0,0,,,,,,,,,,,,,,,,Matches,Copa CONMEBOL Sudamericana,2025
7eab69bd,Jesus Lara,ve VEN,GK,18,0,0,,,,,,,,,,,,,,,,Matches,Copa CONMEBOL Sudamericana,2025
e420086a,Luis Rodriguez,ve VEN,DF,18,0,0,,,,,,,,,,,,,,,,Matches,Copa CONMEBOL Sudamericana,2025
8f91146c,Adrián Rojas,ve VEN,DF,18,0,0,,,,,,,,,,,,,,,,Matches,Copa CONMEBOL Sudamericana,2025
109f1904,Adriangel Torrealba,ve VEN,FW,19,0,0,,,,,,,,,,,,,,,,Matches,Copa CONMEBOL Sudamericana,2025
85e0feab,Mateo Del Blanco,ar ARG,"DF,MF",21,31,27,"2,482",27.6,1,5,6,1,0,0,1,0,0.04,0.18,0.22,0.04,0.22,Matches,Copa CONMEBOL Sudamericana,2025
363fa6bd,Mauro Pittón,ar ARG,MF,30,29,27,"2,272",25.2,2,1,3,2,0,0,4,0,0.08,0.04,0.12,0.08,0.12,Matches,Copa CONMEBOL Sudamericana,2025
6027a024,Mauricio Martínez,ar ARG,"MF,DF",31,30,25,"2,145",23.8,3,0,3,3,0,0,6,0,0.13,0.00,0.13,0.13,0.13,Matches,Copa CONMEBOL Sudamericana,2025
24e2e2a6,Lautaro Vargas,ar ARG,DF,19,25,23,"2,074",23.0,0,0,0,0,0,0,5,0,0.00,0.00,0.00,0.00,0.00,Matches,Copa CONMEBOL Sudamericana,2025
16e54624,Valentín Fascendini,ar ARG,DF,21,21,20,"1,738",19.3,0,0,0,0,0,0,5,0,0.00,0.00,0.00,0.00,0.00,Matches,Copa CONMEBOL Sudamericana,2025
37dfd961,Julián Palacios,ar ARG,MF,25,29,20,"1,601",17.8,1,3,4,1,0,0,5,0,0.06,0.17,0.22,0.06,0.22,Matches,Copa CONMEBOL Sudamericana,2025
bafc3bbe,Matías Tagliamonte,ar ARG,GK,26,18,18,"1,620",18.0,0,0,0,0,0,0,3,0,0.00,0.00,0.00,0.00,0.00,Matches,Copa CONMEBOL Sudamericana,2025
09538c47,Franco Fragapane,ar ARG,MF,31,30,18,"1,549",17.2,1,2,3,1,0,0,3,1,0.06,0.12,0.17,0.06,0.17,Matches,Copa CONMEBOL Sudamericana,2025
d535f426,Marcelo Estigarribia,ar ARG,FW,29,27,16,"1,601",17.8,5,1,6,5,0,0,2,0,0.28,0.06,0.34,0.28,0.34,Matches,Copa CONMEBOL Sudamericana,2025
de16bb25,Franco Pardo,ar ARG,DF,27,17,16,"1,412",15.7,0,0,0,0,0,0,2,1,0.00,0.00,0.00,0.00,0.00,Matches,Copa CONMEBOL Sudamericana,2025
a5ac5b47,Cristian Tarragona,ar ARG,FW,33,16,15,"1,145",12.7,4,2,6,3,1,1,2,0,0.31,0.16,0.47,0.24,0.39,Matches,Copa CONMEBOL Sudamericana,2025
ca252a8a,Lucas Gamba,ar ARG,FW,37,28,14,"1,412",15.7,4,2,6,4,0,0,2,0,0.25,0.13,0.38,0.25,0.38,Matches,Copa CONMEBOL Sudamericana,2025
d99c8e00,Thiago Cardozo,uy URU,GK,28,14,14,"1,256",14.0,0,0,0,0,0,0,0,1,0.00,0.00,0.00,0.00,0.00,Matches,Copa CONMEBOL Sudamericana,2025
8cd70adc,Claudio Corvalán,ar ARG,DF,35,14,12,"1,005",11.2,0,0,0,0,0,0,5,0,0.00,0.00,0.00,0.00,0.00,Matches,Copa CONMEBOL Sudamericana,2025
60b81c1b,Maizon Rodríguez,uy URU,DF,21,11,11,990,11.0,0,0,0,0,0,0,2,0,0.00,0.00,0.00,0.00,0.00,Matches,Copa CONMEBOL Sudamericana,2025
d12f8940,Rafael Profini,ar ARG,MF,21,17,10,871,9.7,0,1,1,0,0,0,5,0,0.00,0.10,0.10,0.00,0.10,Matches,Copa CONMEBOL Sudamericana,2025
89fd5410,Agustín Colazo,ar ARG,FW,24,20,9,865,9.6,3,1,4,3,0,0,4,0,0.31,0.10,0.42,0.31,0.42,Matches,Copa CONMEBOL Sudamericana,2025
300753b4,Ezequiel Ham,sy SYR,MF,30,15,9,799,8.9,1,1,2,1,0,0,1,0,0.11,0.11,0.23,0.11,0.23,Matches,Copa CONMEBOL Sudamericana,2025
70e92629,Francisco Gerometta,ar ARG,DF,25,9,8,688,7.6,0,0,0,0,0,0,0,0,0.00,0.00,0.00,0.00,0.00,Matches,Copa CONMEBOL Sudamericana,2025
25da3c90,Jerónimo Domina,ar ARG,FW,19,12,8,655,7.3,0,1,1,0,0,0,3,0,0.00,0.14,0.14,0.00,0.14,Matches,Copa CONMEBOL Sudamericana,2025
e6ff541d,Bruno Pittón,ar ARG,DF,31,10,8,620,6.9,0,0,0,0,0,0,2,0,0.00,0.00,0.00,0.00,0.00,Matches,Copa CONMEBOL Sudamericana,2025
6bee1610,Juan Ludueña,ar ARG,DF,21,9,7,669,7.4,0,0,0,0,0,0,1,0,0.00,0.00,0.00,0.00,0.00,Matches,Copa CONMEBOL Sudamericana,2025
0af517c2,Nicolás Paz,ar ARG,DF,22,12,7,398,4.4,0,0,0,0,0,0,1,0,0.00,0.00,0.00,0.00,0.00,Matches,Copa CONMEBOL Sudamericana,2025
b62ca703,Nicolás Palavecino,ar ARG,MF,21,10,4,403,4.5,0,0,0,0,0,0,2,0,0.00,0.00,0.00,0.00,0.00,Matches,Copa CONMEBOL Sudamericana,2025
5be69b74,Lionel Verde,ar ARG,MF,20,14,3,470,5.2,2,0,2,2,0,0,0,0,0.38,0.00,0.38,0.38,0.38,Matches,Copa CONMEBOL Sudamericana,2025
3ca6106c,Augusto Solari,ar ARG,MF,33,12,2,405,4.5,1,0,1,1,0,0,1,0,0.22,0.00,0.22,0.22,0.22,Matches,Copa CONMEBOL Sudamericana,2025
a7d668f3,Emiliano Álvarez,uy URU,DF,23,6,1,151,1.7,0,0,0,0,0,0,0,0,0.00,0.00,0.00,0.00,0.00,Matches,Copa CONMEBOL Sudamericana,2025
b3b92d75,Diego Díaz,ar ARG,FW,23,13,0,188,2.1,1,0,1,1,0,0,0,0,0.48,0.00,0.48,0.48,0.48,Matches,Copa CONMEBOL Sudamericana,2025
5e4e7cca,José Enrique Angulo,ec ECU,FW,29,2,0,57,0.6,0,0,0,0,0,0,0,0,0.00,0.00,0.00,0.00,0.00,Matches,Copa CONMEBOL Sudamericana,2025
f53eb86a,Ezequiel Cañete,ar ARG,MF,25,2,0,46,0.5,0,0,0,0,0,0,0,0,0.00,0.00,0.00,0.00,0.00,Matches,Copa CONMEBOL Sudamericana,2025
d62bf368,Santiago Grella,ar ARG,MF,19,1,0,35,0.4,0,0,0,0,0,0,0,0,0.00,0.00,0.00,0.00,0.00,Matches,Copa CONMEBOL Sudamericana,2025
bbef1106,Misael Aguirre,ar ARG,FW,17,0,0,,,,,,,,,,,,,,,,Matches,Copa CONMEBOL Sudamericana,2025
cb5e158d,Gaston Arturia,ar ARG,DF,25,0,0,,,,,,,,,,,,,,,,Matches,Copa CONMEBOL Sudamericana,2025
e05a69f2,Fernando Díaz,py PAR,DF,23,0,0,,,,,,,,,,,,,,,,Matches,Copa CONMEBOL Sudamericana,2025
a7245aa0,Durso,ar ARG,GK,25,0,0,,,,,,,,,,,,,,,,Matches,Copa CONMEBOL Sudamericana,2025
1817c289,Emiliano Giannunzio,ar ARG,MF,43,0,0,,,,,,,,,,,,,,,,Matches,Copa CONMEBOL Sudamericana,2025
160aac38,Lucas Meuli,ar ARG,GK,23,0,0,,,,,,,,,,,,,,,,Matches,Copa CONMEBOL Sudamericana,2025
9188b4b3,Francisco Pumpido,mx MEX,MF,20,0,0,,,,,,,,,,,,,,,,Matches,Copa CONMEBOL Sudamericana,2025
e89e6f1b,Mateo Raschia,ar ARG,MF,19,0,0,,,,,,,,,,,,,,,,Matches,Copa CONMEBOL Sudamericana,2025
