PlayerID,Name,nationality,position,age,games,games_starts,minutes,minutes_90s,goals,assists,goals_assists,goals_pens,pens_made,pens_att,cards_yellow,cards_red,goals_per90,assists_per90,goals_assists_per90,goals_pens_per90,goals_assists_pens_per90,matches,League,Season
5cc3ce65,Shea Charles,nir NIR,MF,20,43,42,"3,631",40.3,1,5,6,1,0,0,10,0,0.02,0.12,0.15,0.02,0.15,Matches,FA Cup,2024-2025
9469fb13,Barry Bannan,sct SCO,MF,34,41,40,"3,461",38.5,4,5,9,4,0,0,7,0,0.10,0.13,0.23,0.10,0.23,Matches,FA Cup,2024-2025
9019e4d8,James Beadle,eng ENG,GK,20,38,38,"3,420",38.0,0,0,0,0,0,0,2,0,0.00,0.00,0.00,0.00,0.00,Matches,FA Cup,2024-2025
dc092f62,Josh Windass,eng ENG,"MF,FW",30,44,38,"3,222",35.8,13,5,18,12,1,2,8,0,0.36,0.14,0.50,0.34,0.47,Matches,FA Cup,2024-2025
531a4aa8,Yan Valery,tn TUN,"DF,MF",25,39,38,"3,154",35.0,3,4,7,3,0,0,7,0,0.09,0.11,0.20,0.09,0.20,Matches,FA Cup,2024-2025
bbdb2789,Djeidi Gassama,mr MTN,MF,20,43,36,"2,975",33.1,7,1,8,7,0,0,4,0,0.21,0.03,0.24,0.21,0.24,Matches,FA Cup,2024-2025
7af88b33,Max Lowe,eng ENG,DF,27,34,31,"2,684",29.8,0,0,0,0,0,0,2,0,0.00,0.00,0.00,0.00,0.00,Matches,FA Cup,2024-2025
dc82e7f1,Marvin Johnson,eng ENG,"MF,DF",33,41,30,"2,795",31.1,0,2,2,0,0,0,3,0,0.00,0.06,0.06,0.00,0.06,Matches,FA Cup,2024-2025
c21da05c,Di'Shon Bernard,jm JAM,DF,23,27,26,"2,235",24.8,2,0,2,2,0,0,9,2,0.08,0.00,0.08,0.08,0.08,Matches,FA Cup,2024-2025
d9524d3b,Michael Ihiekwe,eng ENG,DF,31,22,20,"1,821",20.2,2,0,2,2,0,0,2,0,0.10,0.00,0.10,0.10,0.10,Matches,FA Cup,2024-2025
4133cfcf,Svante Ingelsson,se SWE,MF,26,35,19,"1,692",18.8,1,5,6,1,0,0,5,0,0.05,0.27,0.32,0.05,0.32,Matches,FA Cup,2024-2025
65b091e9,Dominic Iorfa,eng ENG,DF,29,22,17,"1,435",15.9,1,0,1,1,0,0,4,0,0.06,0.00,0.06,0.06,0.06,Matches,FA Cup,2024-2025
b93da142,Michael Smith,eng ENG,FW,32,41,16,"1,844",20.5,8,4,12,7,1,1,3,0,0.39,0.20,0.59,0.34,0.54,Matches,FA Cup,2024-2025
8a53d24b,Ike Ugbo,ca CAN,FW,25,34,15,"1,278",14.2,0,0,0,0,0,1,1,0,0.00,0.00,0.00,0.00,0.00,Matches,FA Cup,2024-2025
d2583bce,Callum Paterson,sct SCO,"MF,FW",29,27,14,"1,187",13.2,6,2,8,6,0,0,2,0,0.45,0.15,0.61,0.45,0.61,Matches,FA Cup,2024-2025
1043a909,Pol Valentín,es ESP,"MF,DF",27,34,13,"1,527",17.0,1,0,1,1,0,0,4,0,0.06,0.00,0.06,0.06,0.06,Matches,FA Cup,2024-2025
cf7836a2,Anthony Musaba,nl NED,"MF,FW",23,29,12,"1,328",14.8,3,6,9,3,0,0,0,0,0.20,0.41,0.61,0.20,0.61,Matches,FA Cup,2024-2025
b2856bc0,Jamal Lowe,jm JAM,"FW,MF",30,24,12,960,10.7,3,2,5,3,0,0,2,0,0.28,0.19,0.47,0.28,0.47,Matches,FA Cup,2024-2025
9d9a71c1,Akin Famewo,eng ENG,DF,25,13,11,938,10.4,0,1,1,0,0,0,2,0,0.00,0.10,0.10,0.00,0.10,Matches,FA Cup,2024-2025
cd1f3385,Pierce Charles,nir NIR,GK,19,8,8,720,8.0,0,0,0,0,0,0,1,0,0.00,0.00,0.00,0.00,0.00,Matches,FA Cup,2024-2025
93affd76,Liam Palmer,sct SCO,"DF,MF",32,23,7,876,9.7,0,0,0,0,0,0,3,0,0.00,0.00,0.00,0.00,0.00,Matches,FA Cup,2024-2025
97333cf5,Stuart Armstrong,sct SCO,MF,32,11,6,536,6.0,0,1,1,0,0,0,0,0,0.00,0.17,0.17,0.00,0.17,Matches,FA Cup,2024-2025
55e1f45d,Ryo Hatsuse,jp JPN,DF,27,6,5,348,3.9,0,0,0,0,0,0,1,0,0.00,0.00,0.00,0.00,0.00,Matches,FA Cup,2024-2025
3f7e8bde,Gabriel Otegbayo,,DF,,11,4,480,5.3,1,0,1,1,0,0,0,0,0.19,0.00,0.19,0.19,0.19,Matches,FA Cup,2024-2025
422862ea,Nathaniel Chalobah,eng ENG,MF,29,16,4,444,4.9,0,0,0,0,0,0,3,0,0.00,0.00,0.00,0.00,0.00,Matches,FA Cup,2024-2025
4bfa13ab,Olaf Kobacki,pl POL,"FW,MF",23,12,4,369,4.1,0,0,0,0,0,0,1,0,0.00,0.00,0.00,0.00,0.00,Matches,FA Cup,2024-2025
f9de9c23,Charlie McNeill,eng ENG,"FW,MF",20,4,0,57,0.6,0,0,0,0,0,0,0,0,0.00,0.00,0.00,0.00,0.00,Matches,FA Cup,2024-2025
abddf25d,Ibrahim Cissoko,nl NED,MF,21,5,0,56,0.6,0,0,0,0,0,0,1,0,0.00,0.00,0.00,0.00,0.00,Matches,FA Cup,2024-2025
7fd1abc5,Bambo Diaby,sn SEN,DF,26,0,0,,,,,,,,,,,,,,,,Matches,FA Cup,2024-2025
acc25f5a,Sean Fusire,zw ZIM,MF,19,0,0,,,,,,,,,,,,,,,,Matches,FA Cup,2024-2025
d822a850,Ben Hamer,eng ENG,GK,36,0,0,,,,,,,,,,,,,,,,Matches,FA Cup,2024-2025
a289aca0,Grant Smith,eng ENG,GK,30,45,45,"4,050",45.0,0,0,0,0,0,0,4,0,0.00,0.00,0.00,0.00,0.00,Matches,FA Cup,2024-2025
6d764149,Michael Cheek,eng ENG,FW,32,45,44,"3,786",42.1,25,7,32,16,9,10,8,0,0.59,0.17,0.76,0.38,0.55,Matches,FA Cup,2024-2025
ed8c9785,Ben Thompson,eng ENG,MF,28,42,38,"3,354",37.3,6,1,7,6,0,0,8,0,0.16,0.03,0.19,0.16,0.19,Matches,FA Cup,2024-2025
c1395580,Danny Imray,eng ENG,MF,21,39,37,"3,195",35.5,1,5,6,1,0,0,6,0,0.03,0.14,0.17,0.03,0.17,Matches,FA Cup,2024-2025
22ae4aeb,Jude Arthurs,eng ENG,MF,22,41,37,"3,146",35.0,4,1,5,4,0,0,6,0,0.11,0.03,0.14,0.11,0.14,Matches,FA Cup,2024-2025
c04df1db,Corey Whitley,eng ENG,"MF,FW",33,44,36,"3,203",35.6,2,5,7,2,0,0,3,0,0.06,0.14,0.20,0.06,0.20,Matches,FA Cup,2024-2025
2941cd2a,Kamarl Grant,eng ENG,DF,21,40,34,"2,962",32.9,2,2,4,2,0,0,10,1,0.06,0.06,0.12,0.06,0.12,Matches,FA Cup,2024-2025
0185c62c,Idris Odutayo,eng ENG,"MF,DF",21,34,32,"2,794",31.0,1,4,5,1,0,0,3,0,0.03,0.13,0.16,0.03,0.16,Matches,FA Cup,2024-2025
1a58621c,Cameron Congreve,wls WAL,MF,20,40,32,"2,409",26.8,5,6,11,5,0,0,0,0,0.19,0.22,0.41,0.19,0.41,Matches,FA Cup,2024-2025
690a024b,Omar Sowunmi,eng ENG,DF,28,34,29,"2,633",29.3,5,0,5,5,0,0,6,1,0.17,0.00,0.17,0.17,0.17,Matches,FA Cup,2024-2025
a88cb6f0,Byron Webster,eng ENG,DF,37,28,27,"2,407",26.7,1,0,1,1,0,0,4,0,0.04,0.00,0.04,0.04,0.04,Matches,FA Cup,2024-2025
dda3bca4,Ashley Charles,gd GRN,MF,25,28,25,"1,979",22.0,0,1,1,0,0,0,5,1,0.00,0.05,0.05,0.00,0.05,Matches,FA Cup,2024-2025
dd46bb28,Callum Reynolds,eng ENG,DF,34,20,17,"1,520",16.9,1,1,2,1,0,0,1,0,0.06,0.06,0.12,0.06,0.12,Matches,FA Cup,2024-2025
c6e3041b,Deji Elerewe,eng ENG,DF,20,17,17,"1,465",16.3,1,2,3,1,0,0,3,0,0.06,0.12,0.18,0.06,0.18,Matches,FA Cup,2024-2025
9350ccef,Adam Mayor,eng ENG,"DF,MF",19,17,15,"1,231",13.7,0,0,0,0,0,0,5,0,0.00,0.00,0.00,0.00,0.00,Matches,FA Cup,2024-2025
874125a3,Carl Jenkinson,eng ENG,DF,32,11,9,693,7.7,0,0,0,0,0,0,3,1,0.00,0.00,0.00,0.00,0.00,Matches,FA Cup,2024-2025
5f7faece,Louis Dennis,eng ENG,"FW,MF",31,17,6,669,7.4,2,0,2,2,0,0,0,0,0.27,0.00,0.27,0.27,0.27,Matches,FA Cup,2024-2025
313ba4ae,Olufela Olomola,eng ENG,FW,26,16,6,605,6.7,1,1,2,1,0,0,2,0,0.15,0.15,0.30,0.15,0.30,Matches,FA Cup,2024-2025
ba9f861a,Brooklyn Ilunga,eng ENG,MF,20,17,4,590,6.6,0,2,2,0,0,0,0,0,0.00,0.31,0.31,0.00,0.31,Matches,FA Cup,2024-2025
be26ecbe,Lewis Leigh,eng ENG,MF,20,17,3,539,6.0,1,2,3,1,0,0,1,1,0.17,0.33,0.50,0.17,0.50,Matches,FA Cup,2024-2025
db35ec0a,Nicke Kabamba,eng ENG,FW,31,19,3,444,4.9,2,0,2,2,0,0,1,0,0.41,0.00,0.41,0.41,0.41,Matches,FA Cup,2024-2025
71629af8,Levi Amantchi,eng ENG,FW,23,14,2,361,4.0,0,0,0,0,0,0,0,0,0.00,0.00,0.00,0.00,0.00,Matches,FA Cup,2024-2025
fdc7b4a3,Harry McKirdy,eng ENG,MF,27,9,2,291,3.2,2,0,2,2,0,0,1,0,0.62,0.00,0.62,0.62,0.62,Matches,FA Cup,2024-2025
2a2338d3,Besart Topalloj,eng ENG,MF,23,3,2,207,2.3,0,0,0,0,0,0,2,1,0.00,0.00,0.00,0.00,0.00,Matches,FA Cup,2024-2025
78823723,Marcus Dinanga,eng ENG,FW,27,7,1,268,3.0,0,0,0,0,0,0,0,0,0.00,0.00,0.00,0.00,0.00,Matches,FA Cup,2024-2025
7be4311f,Maldini Kacurri,al ALB,DF,18,3,1,124,1.4,0,0,0,0,0,0,0,0,0.00,0.00,0.00,0.00,0.00,Matches,FA Cup,2024-2025
54362ad7,Sam Long,eng ENG,GK,21,1,1,90,1.0,0,0,0,0,0,0,0,0,0.00,0.00,0.00,0.00,0.00,Matches,FA Cup,2024-2025
e1672820,Josh Passley,eng ENG,MF,29,4,1,75,0.8,0,0,0,0,0,0,0,0,0.00,0.00,0.00,0.00,0.00,Matches,FA Cup,2024-2025
236d96ba,Marcus Ifill,eng ENG,"DF,MF",20,6,0,104,1.2,0,0,0,0,0,0,0,0,0.00,0.00,0.00,0.00,0.00,Matches,FA Cup,2024-2025
1e06ad45,Nathan Paul-Laval,,MF,,3,0,75,0.8,0,1,1,0,0,0,0,0,0.00,1.20,1.20,0.00,1.20,Matches,FA Cup,2024-2025
6d80ba53,Joshua Thomas,wls WAL,FW,21,3,0,24,0.3,0,0,0,0,0,0,0,0,0.00,0.00,0.00,0.00,0.00,Matches,FA Cup,2024-2025
186a1172,Saul Kader,eng ENG,FW,20,1,0,8,0.1,0,0,0,0,0,0,1,0,0.00,0.00,0.00,0.00,0.00,Matches,FA Cup,2024-2025
29c9978a,Taylor Foran,eng ENG,DF,20,0,0,,,,,,,,,,,,,,,,Matches,FA Cup,2024-2025
5d48a0bd,Harry John Haines,,GK,,0,0,,,,,,,,,,,,,,,,Matches,FA Cup,2024-2025
610fd49f,George Penn,,MF,,0,0,,,,,,,,,,,,,,,,Matches,FA Cup,2024-2025
148d44fa,Joshua Tobin,eng ENG,MF,20,0,0,,,,,,,,,,,,,,,,Matches,FA Cup,2024-2025
6d2c6cda,Carl Piergianni,eng ENG,DF,32,44,44,"3,949",43.9,3,1,4,3,0,0,9,0,0.07,0.02,0.09,0.07,0.09,Matches,FA Cup,2024-2025
a044cd17,Jordan Roberts,eng ENG,MF,30,42,38,"3,210",35.7,4,1,5,4,0,0,8,0,0.11,0.03,0.14,0.11,0.14,Matches,FA Cup,2024-2025
c169b01f,Murphy Cooper,eng ENG,GK,22,37,37,"3,330",37.0,0,0,0,0,0,0,1,0,0.00,0.00,0.00,0.00,0.00,Matches,FA Cup,2024-2025
a7b27bcf,Jamie Reid,nir NIR,"FW,MF",30,42,35,"3,056",34.0,8,4,12,7,1,2,2,0,0.24,0.12,0.35,0.21,0.32,Matches,FA Cup,2024-2025
390a1184,Louis Thompson,wls WAL,MF,29,40,34,"3,008",33.4,2,2,4,2,0,0,12,1,0.06,0.06,0.12,0.06,0.12,Matches,FA Cup,2024-2025
82362769,Daniel Kemp,eng ENG,MF,25,40,33,"2,972",33.0,10,4,14,10,0,1,5,0,0.30,0.12,0.42,0.30,0.42,Matches,FA Cup,2024-2025
b4329a7d,Daniel Phillips,tt TRI,MF,23,42,31,"2,739",30.4,0,0,0,0,0,0,12,0,0.00,0.00,0.00,0.00,0.00,Matches,FA Cup,2024-2025
b6ad1bf5,Luther Wildin,ag ATG,DF,26,29,29,"2,610",29.0,0,2,2,0,0,0,3,0,0.00,0.07,0.07,0.00,0.07,Matches,FA Cup,2024-2025
84dd2a1f,Dan Butler,eng ENG,DF,29,32,28,"2,510",27.9,0,0,0,0,0,0,7,0,0.00,0.00,0.00,0.00,0.00,Matches,FA Cup,2024-2025
4d90ce8c,Harvey White,eng ENG,MF,22,41,23,"2,265",25.2,2,3,5,1,1,1,5,0,0.08,0.12,0.20,0.04,0.16,Matches,FA Cup,2024-2025
55a60af5,Lewis Freestone,eng ENG,DF,24,26,20,"2,034",22.6,0,1,1,0,0,0,8,0,0.00,0.04,0.04,0.00,0.04,Matches,FA Cup,2024-2025
7aee4dd3,Charlie Goode,eng ENG,DF,28,21,17,"1,521",16.9,0,0,0,0,0,0,3,0,0.00,0.00,0.00,0.00,0.00,Matches,FA Cup,2024-2025
4b441f92,Eli King,wls WAL,MF,21,28,16,"1,361",15.1,1,3,4,1,0,0,2,0,0.07,0.20,0.26,0.07,0.26,Matches,FA Cup,2024-2025
24eb832f,Elliott List,eng ENG,"MF,FW",27,39,15,"1,599",17.8,4,1,5,4,0,0,2,0,0.23,0.06,0.28,0.23,0.28,Matches,FA Cup,2024-2025
8388065a,Dan Sweeney,eng ENG,DF,30,21,14,"1,236",13.7,1,1,2,1,0,0,3,0,0.07,0.07,0.15,0.07,0.15,Matches,FA Cup,2024-2025
89a323f2,Nathan Thompson,eng ENG,DF,33,15,14,"1,174",13.0,0,0,0,0,0,0,2,0,0.00,0.00,0.00,0.00,0.00,Matches,FA Cup,2024-2025
ec480591,Nick Freeman,eng ENG,"DF,MF",28,29,13,"1,307",14.5,0,2,2,0,0,0,1,0,0.00,0.14,0.14,0.00,0.14,Matches,FA Cup,2024-2025
517c8ee3,Kane Smith,eng ENG,DF,28,14,13,"1,087",12.1,0,0,0,0,0,0,2,0,0.00,0.00,0.00,0.00,0.00,Matches,FA Cup,2024-2025
e58d5a69,Brandon Hanlan,eng ENG,FW,27,16,12,"1,036",11.5,2,0,2,2,0,0,0,0,0.17,0.00,0.17,0.17,0.17,Matches,FA Cup,2024-2025
8cb3d531,Jake Young,eng ENG,"FW,MF",23,29,11,918,10.2,4,0,4,4,0,0,0,0,0.39,0.00,0.39,0.39,0.39,Matches,FA Cup,2024-2025
d42adb69,Taye Ashby-Hammond,eng ENG,GK,25,9,9,810,9.0,0,0,0,0,0,0,0,0,0.00,0.00,0.00,0.00,0.00,Matches,FA Cup,2024-2025
a9a2f0b5,Tyreece Simpson,kn SKN,FW,22,19,7,638,7.1,0,0,0,0,0,0,1,0,0.00,0.00,0.00,0.00,0.00,Matches,FA Cup,2024-2025
fb4de109,Louis Appere,sct SCO,FW,25,17,7,634,7.0,0,2,2,0,0,0,0,0,0.00,0.28,0.28,0.00,0.28,Matches,FA Cup,2024-2025
1566e437,Kyle Edwards,eng ENG,MF,26,8,5,340,3.8,0,0,0,0,0,0,0,0,0.00,0.00,0.00,0.00,0.00,Matches,FA Cup,2024-2025
e9ec272c,Jake Forster-Caskey,eng ENG,MF,30,3,1,45,0.5,0,1,1,0,0,0,0,0,0.00,2.00,2.00,0.00,2.00,Matches,FA Cup,2024-2025
0d832e3f,Aaron Pressley,sct SCO,FW,23,4,0,84,0.9,0,0,0,0,0,0,1,0,0.00,0.00,0.00,0.00,0.00,Matches,FA Cup,2024-2025
282cee33,Ken Aboh,eng ENG,"FW,MF",19,3,0,61,0.7,0,0,0,0,0,0,1,0,0.00,0.00,0.00,0.00,0.00,Matches,FA Cup,2024-2025
306eba32,Ellis Bates,,DF,,1,0,4,0.0,0,0,0,0,0,0,0,0,0.00,0.00,0.00,0.00,0.00,Matches,FA Cup,2024-2025
ed8c9785,Ben Thompson,eng ENG,MF,28,1,0,1,0.0,0,0,0,0,0,0,0,0,0.00,0.00,0.00,0.00,0.00,Matches,FA Cup,2024-2025
0248e806,Dean Bouzanis,au AUS,GK,33,0,0,,,,,,,,,,,,,,,,Matches,FA Cup,2024-2025
9b094575,Ryan Doherty,,MF,,0,0,,,,,,,,,,,,,,,,Matches,FA Cup,2024-2025
76db74ab,Rylee Mitchell,,GK,,0,0,,,,,,,,,,,,,,,,Matches,FA Cup,2024-2025
5ed75de9,Max Woodford,,MF,,0,0,,,,,,,,,,,,,,,,Matches,FA Cup,2024-2025
59eadf36,Nathan Cameron,eng ENG,DF,32,1,1,90,1.0,0,0,0,0,0,0,0,0,0.00,0.00,0.00,0.00,0.00,Matches,FA Cup,2024-2025
59bbf7bd,Laiith Fairnie,eng ENG,DF,19,1,1,90,1.0,0,0,0,0,0,0,0,0,0.00,0.00,0.00,0.00,0.00,Matches,FA Cup,2024-2025
88f3319b,Keziah Martin,bm BER,MF,24,1,1,90,1.0,0,0,0,0,0,0,0,0,0.00,0.00,0.00,0.00,0.00,Matches,FA Cup,2024-2025
d282397b,Roddy McGlinchey,eng ENG,MF,20,1,1,90,1.0,0,0,0,0,0,0,0,0,0.00,0.00,0.00,0.00,0.00,Matches,FA Cup,2024-2025
e407c596,Paul White,ie IRL,GK,29,1,1,90,1.0,0,0,0,0,0,0,0,0,0.00,0.00,0.00,0.00,0.00,Matches,FA Cup,2024-2025
900298b0,Cornell MacDonald,eng ENG,DF,22,1,1,84,0.9,0,0,0,0,0,0,0,0,0.00,0.00,0.00,0.00,0.00,Matches,FA Cup,2024-2025
e60f37af,Sam Mantom,eng ENG,MF,32,1,1,84,0.9,0,0,0,0,0,0,0,0,0.00,0.00,0.00,0.00,0.00,Matches,FA Cup,2024-2025
b7fe4155,Liam McAlinden,ie IRL,DF,30,1,1,84,0.9,0,0,0,0,0,0,0,0,0.00,0.00,0.00,0.00,0.00,Matches,FA Cup,2024-2025
94f2be0a,Terell Pennant,eng ENG,MF,21,1,1,71,0.8,0,0,0,0,0,0,0,0,0.00,0.00,0.00,0.00,0.00,Matches,FA Cup,2024-2025
42e998df,Fenton Heard,eng ENG,MF,19,1,1,60,0.7,0,0,0,0,0,0,1,0,0.00,0.00,0.00,0.00,0.00,Matches,FA Cup,2024-2025
335dc64a,Luke Benbow,eng ENG,FW,32,1,1,59,0.7,0,0,0,0,0,0,2,1,0.00,0.00,0.00,0.00,0.00,Matches,FA Cup,2024-2025
cee1ed44,Gerry McDonagh,ie IRL,FW,26,1,0,30,0.3,0,0,0,0,0,0,0,0,0.00,0.00,0.00,0.00,0.00,Matches,FA Cup,2024-2025
81f5774b,Dempsey Arlott-John,eng ENG,MF,22,1,0,19,0.2,0,0,0,0,0,0,0,0,0.00,0.00,0.00,0.00,0.00,Matches,FA Cup,2024-2025
03a68583,Jaden Gary Charles,eng ENG,DF,22,1,0,6,0.1,0,0,0,0,0,0,1,0,0.00,0.00,0.00,0.00,0.00,Matches,FA Cup,2024-2025
ad4437c6,Dan King,eng ENG,MF,23,1,0,6,0.1,0,0,0,0,0,0,0,0,0.00,0.00,0.00,0.00,0.00,Matches,FA Cup,2024-2025
f191cdaf,Mason Rees,eng ENG,MF,18,1,0,6,0.1,0,0,0,0,0,0,0,0,0.00,0.00,0.00,0.00,0.00,Matches,FA Cup,2024-2025
21a0436a,Josh Green,wls WAL,DF,29,0,0,,,,,,,,,,,,,,,,Matches,FA Cup,2024-2025
5a43346a,Sheridon Martinez,eng ENG,GK,31,0,0,,,,,,,,,,,,,,,,Matches,FA Cup,2024-2025
fceeba0f,Ethan McLeod,eng ENG,FW,20,0,0,,,,,,,,,,,,,,,,Matches,FA Cup,2024-2025
550af617,Callum Wilson,eng ENG,DF,20,0,0,,,,,,,,,,,,,,,,Matches,FA Cup,2024-2025
bfa6049d,Luke McGee,eng ENG,GK,28,46,46,"4,140",46.0,0,0,0,0,0,0,5,0,0.00,0.00,0.00,0.00,0.00,Matches,FA Cup,2024-2025
81560b83,Jordan Turnbull,eng ENG,DF,29,44,44,"3,920",43.6,1,1,2,1,0,0,9,0,0.02,0.02,0.05,0.02,0.05,Matches,FA Cup,2024-2025
fd7991f9,Omari Patrick,eng ENG,MF,28,46,40,"3,382",37.6,11,4,15,10,1,1,4,0,0.29,0.11,0.40,0.27,0.37,Matches,FA Cup,2024-2025
724f4950,Lee O'Connor,ie IRL,"DF,MF",24,42,39,"3,446",38.3,0,1,1,0,0,0,8,0,0.00,0.03,0.03,0.00,0.03,Matches,FA Cup,2024-2025
36b04f86,Cameron Norman,eng ENG,"MF,DF",28,41,36,"3,068",34.1,3,4,7,3,0,0,6,1,0.09,0.12,0.21,0.09,0.21,Matches,FA Cup,2024-2025
e4f433e5,Connor Jennings,eng ENG,"MF,FW",32,44,32,"2,999",33.3,4,3,7,4,0,0,3,0,0.12,0.09,0.21,0.12,0.21,Matches,FA Cup,2024-2025
bdea0a80,Tom Davies,eng ENG,DF,32,34,31,"2,817",31.3,1,0,1,1,0,0,10,1,0.03,0.00,0.03,0.03,0.03,Matches,FA Cup,2024-2025
f2d69174,Sam Finley,eng ENG,MF,31,33,29,"2,591",28.8,2,1,3,2,0,0,9,1,0.07,0.03,0.10,0.07,0.10,Matches,FA Cup,2024-2025
2f71153c,Connor Wood,eng ENG,DF,28,34,29,"2,541",28.2,0,1,1,0,0,0,6,1,0.00,0.04,0.04,0.00,0.04,Matches,FA Cup,2024-2025
10dfd703,Christopher Merrie,eng ENG,MF,25,32,25,"2,238",24.9,0,1,1,0,0,0,1,0,0.00,0.04,0.04,0.00,0.04,Matches,FA Cup,2024-2025
e7b25e72,Kristian Dennis,eng ENG,FW,34,37,22,"1,889",21.0,9,1,10,9,0,0,4,0,0.43,0.05,0.48,0.43,0.48,Matches,FA Cup,2024-2025
09690bbb,Regan Hendry,sct SCO,MF,26,26,20,"1,801",20.0,3,4,7,3,0,0,7,1,0.15,0.20,0.35,0.15,0.35,Matches,FA Cup,2024-2025
d5bb505a,Kieron Morris,eng ENG,MF,30,28,20,"1,653",18.4,1,3,4,1,0,0,2,0,0.05,0.16,0.22,0.05,0.22,Matches,FA Cup,2024-2025
1022b2a6,Harvey Saunders,eng ENG,"FW,MF",27,37,16,"1,731",19.2,1,2,3,1,0,0,4,0,0.05,0.10,0.16,0.05,0.16,Matches,FA Cup,2024-2025
2433ab42,Josh Davison,eng ENG,FW,24,32,13,"1,257",14.0,3,1,4,3,0,0,4,0,0.21,0.07,0.29,0.21,0.29,Matches,FA Cup,2024-2025
85a6376e,Zak Bradshaw,eng ENG,"MF,DF",20,27,11,"1,163",12.9,0,1,1,0,0,0,4,0,0.00,0.08,0.08,0.00,0.08,Matches,FA Cup,2024-2025
135d87a4,Josh Hawkes,eng ENG,"MF,FW",25,23,11,924,10.3,2,5,7,1,1,2,1,0,0.19,0.49,0.68,0.10,0.58,Matches,FA Cup,2024-2025
6158b76c,Luke Norris,eng ENG,FW,31,13,8,713,7.9,1,0,1,0,1,1,4,0,0.13,0.00,0.13,0.00,0.00,Matches,FA Cup,2024-2025
3051504f,Sol Solomon,eng ENG,"MF,FW",23,14,7,644,7.2,2,0,2,2,0,0,1,0,0.28,0.00,0.28,0.28,0.28,Matches,FA Cup,2024-2025
27e86656,Declan Drysdale,eng ENG,DF,24,8,7,605,6.7,0,0,0,0,0,0,5,2,0.00,0.00,0.00,0.00,0.00,Matches,FA Cup,2024-2025
53edc917,Saidou Khan,gm GAM,MF,28,10,6,601,6.7,0,0,0,0,0,0,3,0,0.00,0.00,0.00,0.00,0.00,Matches,FA Cup,2024-2025
0861bc1a,Brad Walker,eng ENG,DF,28,8,6,543,6.0,0,1,1,0,0,0,1,0,0.00,0.17,0.17,0.00,0.17,Matches,FA Cup,2024-2025
ea1094af,Jake Garrett,eng ENG,MF,21,11,6,467,5.2,1,0,1,1,0,0,2,0,0.19,0.00,0.19,0.19,0.19,Matches,FA Cup,2024-2025
ca47d43c,Samuel Taylor,eng ENG,MF,19,11,2,258,2.9,0,0,0,0,0,0,1,0,0.00,0.00,0.00,0.00,0.00,Matches,FA Cup,2024-2025
f10f90a8,Josh Williams,wls WAL,MF,20,2,0,16,0.2,0,0,0,0,0,0,0,0,0.00,0.00,0.00,0.00,0.00,Matches,FA Cup,2024-2025
a7673a15,Sam Mather,eng ENG,FW,19,2,0,5,0.1,0,0,0,0,0,0,0,0,0.00,0.00,0.00,0.00,0.00,Matches,FA Cup,2024-2025
fd957dfb,Joe Murphy,ie IRL,GK,42,0,0,,0.0,0,0,0,0,0,0,1,0,,,,,,Matches,FA Cup,2024-2025
9c0dddbe,Reuben Egan,ie IRL,GK,19,0,0,,,,,,,,,,,,,,,,Matches,FA Cup,2024-2025
06a441c4,Louis Jackson,sct SCO,DF,18,0,0,,,,,,,,,,,,,,,,Matches,FA Cup,2024-2025
a8100b7e,Sean Roughan,ie IRL,DF,20,46,46,"4,140",46.0,1,3,4,1,0,0,3,0,0.02,0.07,0.09,0.02,0.09,Matches,FA Cup,2024-2025
beecc37c,Tendayi Darikwa,zw ZIM,"MF,DF",32,44,44,"3,819",42.4,5,4,9,5,0,0,8,0,0.12,0.09,0.21,0.12,0.21,Matches,FA Cup,2024-2025
be77b9f6,Paudie O'Connor,ie IRL,DF,27,39,38,"3,376",37.5,3,5,8,3,0,0,11,2,0.08,0.13,0.21,0.08,0.21,Matches,FA Cup,2024-2025
eafaafa5,George Wickens,eng ENG,GK,22,36,36,"3,224",35.8,0,0,0,0,0,0,4,0,0.00,0.00,0.00,0.00,0.00,Matches,FA Cup,2024-2025
6e92d06e,Conor McGrandles,sct SCO,MF,28,42,36,"3,146",35.0,0,0,0,0,0,0,8,0,0.00,0.00,0.00,0.00,0.00,Matches,FA Cup,2024-2025
397fee0f,Ben House,eng ENG,"FW,MF",25,41,34,"2,635",29.3,6,3,9,6,0,0,12,0,0.20,0.10,0.31,0.20,0.31,Matches,FA Cup,2024-2025
46800ad5,Jovon Makama,eng ENG,"FW,MF",20,38,29,"2,290",25.4,7,6,13,7,0,0,5,0,0.28,0.24,0.51,0.28,0.51,Matches,FA Cup,2024-2025
87b5716f,Ethan Erhahon,sct SCO,MF,23,31,28,"2,401",26.7,0,1,1,0,0,0,8,1,0.00,0.04,0.04,0.00,0.04,Matches,FA Cup,2024-2025
aab8c9af,Adam Jackson,eng ENG,DF,30,27,26,"2,242",24.9,2,2,4,2,0,0,6,1,0.08,0.08,0.16,0.08,0.16,Matches,FA Cup,2024-2025
5540a6a0,Dominic Jefferies,wls WAL,MF,22,34,24,"2,078",23.1,3,3,6,3,0,0,4,0,0.13,0.13,0.26,0.13,0.26,Matches,FA Cup,2024-2025
3de66055,Reeco Hackett-Fairchild,lc LCA,MF,26,33,23,"2,109",23.4,4,3,7,4,0,1,4,0,0.17,0.13,0.30,0.17,0.30,Matches,FA Cup,2024-2025
527f75c6,Tom Bayliss,eng ENG,MF,25,34,22,"2,013",22.4,3,4,7,3,0,0,4,0,0.13,0.18,0.31,0.13,0.31,Matches,FA Cup,2024-2025
429f107b,Ethan Hamilton,sct SCO,MF,25,32,16,"1,549",17.2,0,1,1,0,0,0,3,0,0.00,0.06,0.06,0.00,0.06,Matches,FA Cup,2024-2025
cc972962,Tom Hamer,eng ENG,DF,24,23,14,"1,363",15.1,2,1,3,2,0,0,1,0,0.13,0.07,0.20,0.13,0.20,Matches,FA Cup,2024-2025
95471a13,James Collins,ie IRL,FW,33,20,14,"1,296",14.4,10,0,10,9,1,2,2,0,0.69,0.00,0.69,0.62,0.62,Matches,FA Cup,2024-2025
a624d600,Bailey-Tye Cadamarteri,jm JAM,FW,19,23,13,"1,122",12.5,5,0,5,5,0,0,1,0,0.40,0.00,0.40,0.40,0.40,Matches,FA Cup,2024-2025
5a214fbf,Lewis Montsma,nl NED,DF,26,16,12,"1,140",12.7,1,1,2,1,0,0,2,0,0.08,0.08,0.16,0.08,0.16,Matches,FA Cup,2024-2025
029e591c,Jack Moylan,ie IRL,MF,22,28,11,"1,228",13.6,2,0,2,1,1,1,1,0,0.15,0.00,0.15,0.07,0.07,Matches,FA Cup,2024-2025
3cd71209,Freddie Draper,eng ENG,FW,20,38,10,"1,277",14.2,4,0,4,3,1,1,3,0,0.28,0.00,0.28,0.21,0.21,Matches,FA Cup,2024-2025
f7299b39,Zach Jeacock,eng ENG,GK,23,11,10,916,10.2,0,0,0,0,0,0,1,0,0.00,0.00,0.00,0.00,0.00,Matches,FA Cup,2024-2025
9bc48002,Erik Ring,se SWE,MF,22,24,9,864,9.6,3,2,5,3,0,0,0,0,0.31,0.21,0.52,0.31,0.52,Matches,FA Cup,2024-2025
f4c17979,Joe Gardner,eng ENG,MF,19,11,4,362,4.0,1,0,1,1,0,0,0,1,0.25,0.00,0.25,0.25,0.25,Matches,FA Cup,2024-2025
6c3cb56e,Dylan Duffy,ie IRL,MF,21,8,3,301,3.3,0,0,0,0,0,0,2,0,0.00,0.00,0.00,0.00,0.00,Matches,FA Cup,2024-2025
28be6141,JJ McKiernan,nir NIR,MF,22,12,2,245,2.7,0,0,0,0,0,0,0,0,0.00,0.00,0.00,0.00,0.00,Matches,FA Cup,2024-2025
987718f5,Sam Clucas,eng ENG,MF,33,8,2,233,2.6,1,0,1,1,0,0,1,0,0.39,0.00,0.39,0.39,0.39,Matches,FA Cup,2024-2025
b4390912,Robert Street,eng ENG,"FW,MF",22,6,0,57,0.6,0,0,0,0,0,0,0,0,0.00,0.00,0.00,0.00,0.00,Matches,FA Cup,2024-2025
e82650ba,Zane Okoro,eng ENG,FW,17,2,0,40,0.4,0,0,0,0,0,0,0,0,0.00,0.00,0.00,0.00,0.00,Matches,FA Cup,2024-2025
25f3d9b6,Jay Benn,eng ENG,"DF,MF",22,0,0,,,,,,,,,,,,,,,,Matches,FA Cup,2024-2025
e8d79a63,Michael Kamara,eng ENG,DF,18,0,0,,,,,,,,,,,,,,,,Matches,FA Cup,2024-2025
92e2d075,James Pardington,eng ENG,GK,24,0,0,,,,,,,,,,,,,,,,Matches,FA Cup,2024-2025
6625dc22,Tyler Walker,eng ENG,FW,27,0,0,,,,,,,,,,,,,,,,Matches,FA Cup,2024-2025
387ac5d8,Charlie Raglan,eng ENG,DF,31,41,40,"3,674",40.8,5,1,6,5,0,0,8,0,0.12,0.02,0.15,0.12,0.15,Matches,FA Cup,2024-2025
9cca4f93,Mark Kitching,eng ENG,"MF,DF",28,40,35,"3,165",35.2,3,3,6,3,0,0,4,0,0.09,0.09,0.17,0.09,0.17,Matches,FA Cup,2024-2025
687edb27,Mathew Hudson,eng ENG,GK,26,35,35,"3,150",35.0,0,0,0,0,0,0,3,0,0.00,0.00,0.00,0.00,0.00,Matches,FA Cup,2024-2025
1c9c1f51,Reagan Ogle,eng ENG,DF,25,36,34,"2,969",33.0,1,1,2,1,0,0,5,0,0.03,0.03,0.06,0.03,0.06,Matches,FA Cup,2024-2025
da18e5b2,Mike Fondop-Talom,cm CMR,FW,30,45,32,"3,187",35.4,17,5,22,16,1,2,7,0,0.48,0.14,0.62,0.45,0.59,Matches,FA Cup,2024-2025
d3082f30,Jake Caprice,eng ENG,"MF,DF",31,40,32,"2,746",30.5,2,3,5,2,0,0,6,0,0.07,0.10,0.16,0.07,0.16,Matches,FA Cup,2024-2025
58d0198f,Tom Conlon,eng ENG,MF,28,30,29,"2,354",26.2,0,3,3,0,0,0,6,0,0.00,0.11,0.11,0.00,0.11,Matches,FA Cup,2024-2025
62156ac0,Josh Lundstram,eng ENG,"MF,FW",25,37,28,"2,326",25.8,5,2,7,5,0,0,1,0,0.19,0.08,0.27,0.19,0.27,Matches,FA Cup,2024-2025
c256ceeb,Manny Monthe,cm CMR,DF,29,27,27,"2,429",27.0,4,1,5,4,0,0,5,0,0.15,0.04,0.19,0.15,0.19,Matches,FA Cup,2024-2025
a2d2dbf3,Shaun Hobson,eng ENG,DF,26,21,19,"1,726",19.2,0,0,0,0,0,0,2,0,0.00,0.00,0.00,0.00,0.00,Matches,FA Cup,2024-2025
c3ac50ff,Tom Pett,eng ENG,MF,32,21,19,"1,664",18.5,0,5,5,0,0,0,4,0,0.00,0.27,0.27,0.00,0.27,Matches,FA Cup,2024-2025
0e459095,Jordan Rossiter,eng ENG,MF,27,21,18,"1,500",16.7,0,2,2,0,0,0,4,0,0.00,0.12,0.12,0.00,0.12,Matches,FA Cup,2024-2025
da3c6e0a,Jake Leake,eng ENG,"DF,MF",21,16,15,"1,261",14.0,0,0,0,0,0,0,1,0,0.00,0.00,0.00,0.00,0.00,Matches,FA Cup,2024-2025
f01b35ea,James Norwood,eng ENG,"FW,MF",33,25,14,"1,261",14.0,8,2,10,7,1,1,5,0,0.57,0.14,0.71,0.50,0.64,Matches,FA Cup,2024-2025
2d74fdac,Will Sutton,eng ENG,DF,21,15,13,"1,055",11.7,0,1,1,0,0,0,3,0,0.00,0.09,0.09,0.00,0.09,Matches,FA Cup,2024-2025
a56de69c,Jesurun Uchegbulam,eng ENG,"MF,FW",23,27,12,"1,324",14.7,1,1,2,1,0,0,3,0,0.07,0.07,0.14,0.07,0.14,Matches,FA Cup,2024-2025
91cd24fc,Dan Gardner,eng ENG,"MF,FW",34,21,10,943,10.5,0,4,4,0,0,0,5,0,0.00,0.38,0.38,0.00,0.38,Matches,FA Cup,2024-2025
a79f64f0,Tom Donaghy,eng ENG,GK,21,10,10,900,10.0,0,0,0,0,0,0,0,0,0.00,0.00,0.00,0.00,0.00,Matches,FA Cup,2024-2025
19dc8fb7,Billy Waters,eng ENG,FW,29,13,9,689,7.7,2,0,2,2,0,1,1,0,0.26,0.00,0.26,0.26,0.26,Matches,FA Cup,2024-2025
b20eece9,Harry Charsley,ie IRL,"MF,FW",27,11,7,606,6.7,2,0,2,2,0,0,0,0,0.30,0.00,0.30,0.30,0.30,Matches,FA Cup,2024-2025
05f6be0b,Joe Pritchard,eng ENG,"MF,FW",27,14,6,778,8.6,2,2,4,1,1,1,4,0,0.23,0.23,0.46,0.12,0.35,Matches,FA Cup,2024-2025
b9d3d3fd,Vimal Yoganathan,wls WAL,"MF,FW",18,14,6,598,6.6,1,0,1,1,0,0,2,0,0.15,0.00,0.15,0.15,0.15,Matches,FA Cup,2024-2025
987718f5,Sam Clucas,eng ENG,MF,33,7,6,574,6.4,0,2,2,0,0,0,4,0,0.00,0.31,0.31,0.00,0.31,Matches,FA Cup,2024-2025
51cb4026,Kian Harratt,eng ENG,FW,22,9,6,574,6.4,2,0,2,2,0,0,0,0,0.31,0.00,0.31,0.31,0.31,Matches,FA Cup,2024-2025
3766178e,Oliver Hammond,wls WAL,"MF,FW",21,8,6,483,5.4,0,0,0,0,0,0,0,0,0.00,0.00,0.00,0.00,0.00,Matches,FA Cup,2024-2025
1e7cc357,Josh Kay,eng ENG,MF,27,21,5,759,8.4,1,2,3,1,0,0,5,1,0.12,0.24,0.36,0.12,0.36,Matches,FA Cup,2024-2025
adb9f204,Joe Garner,eng ENG,"FW,MF",36,14,5,460,5.1,2,0,2,1,1,1,2,0,0.39,0.00,0.39,0.20,0.20,Matches,FA Cup,2024-2025
8c8b941f,Matt Worthington,eng ENG,"MF,FW",26,9,5,425,4.7,0,0,0,0,0,0,2,0,0.00,0.00,0.00,0.00,0.00,Matches,FA Cup,2024-2025
b55820e5,Josh Stones,eng ENG,FW,20,6,5,363,4.0,4,2,6,4,0,0,3,0,0.99,0.50,1.49,0.99,1.49,Matches,FA Cup,2024-2025
f3051c6f,Kai Payne,eng ENG,MF,19,4,4,326,3.6,0,0,0,0,0,0,0,0,0.00,0.00,0.00,0.00,0.00,Matches,FA Cup,2024-2025
f310dd7e,Kane Drummond,eng ENG,FW,23,7,4,312,3.5,0,0,0,0,0,0,0,0,0.00,0.00,0.00,0.00,0.00,Matches,FA Cup,2024-2025
8331d73f,Callum Dolan,eng ENG,"MF,FW",23,6,3,249,2.8,0,0,0,0,0,0,1,0,0.00,0.00,0.00,0.00,0.00,Matches,FA Cup,2024-2025
013a61ae,Otis Khan,pk PAK,MF,28,7,2,247,2.7,1,0,1,1,0,0,2,1,0.36,0.00,0.36,0.36,0.36,Matches,FA Cup,2024-2025
b3502edd,Alex Reid,eng ENG,FW,28,5,2,175,1.9,0,0,0,0,0,0,0,0,0.00,0.00,0.00,0.00,0.00,Matches,FA Cup,2024-2025
3e38b72f,Corry Evans,nir NIR,MF,34,6,2,161,1.8,0,0,0,0,0,0,0,0,0.00,0.00,0.00,0.00,0.00,Matches,FA Cup,2024-2025
c7dbfb76,Jake Dennis,wls WAL,GK,19,1,1,90,1.0,0,0,0,0,0,0,0,0,0.00,0.00,0.00,0.00,0.00,Matches,FA Cup,2024-2025
ca47d43c,Samuel Taylor,eng ENG,FW,19,1,0,25,0.3,0,0,0,0,0,0,0,0,0.00,0.00,0.00,0.00,0.00,Matches,FA Cup,2024-2025
e462fbb9,Jack Stretton,eng ENG,FW,22,1,0,1,0.0,0,0,0,0,0,0,0,0,0.00,0.00,0.00,0.00,0.00,Matches,FA Cup,2024-2025
7a5e2895,Liam Hogan,eng ENG,"DF,MF",35,0,0,,,,,,,,,,,,,,,,Matches,FA Cup,2024-2025
fe962aa9,Scott Moloney,eng ENG,GK,23,0,0,,,,,,,,,,,,,,,,Matches,FA Cup,2024-2025
9f0a817d,Connor Hall,eng ENG,DF,31,44,44,"3,956",44.0,0,0,0,0,0,0,4,0,0.00,0.00,0.00,0.00,0.00,Matches,FA Cup,2024-2025
18d5581c,Ryan Croasdale,eng ENG,MF,29,45,39,"3,539",39.3,4,5,9,4,0,0,9,0,0.10,0.13,0.23,0.10,0.23,Matches,FA Cup,2024-2025
7531a03a,Jesse Debrah,eng ENG,DF,24,35,33,"2,969",33.0,2,0,2,2,0,0,4,0,0.06,0.00,0.06,0.06,0.06,Matches,FA Cup,2024-2025
5eacb157,Lorent Tolaj,ch SUI,"FW,MF",22,37,30,"2,623",29.1,14,8,22,12,2,3,5,0,0.48,0.27,0.75,0.41,0.69,Matches,FA Cup,2024-2025
7da19fab,Jayden Stockley,eng ENG,FW,30,38,29,"2,595",28.8,11,6,17,11,0,0,5,0,0.38,0.21,0.59,0.38,0.59,Matches,FA Cup,2024-2025
7642d200,Ben Garrity,eng ENG,MF,27,29,27,"2,382",26.5,5,3,8,5,0,0,3,0,0.19,0.11,0.30,0.19,0.30,Matches,FA Cup,2024-2025
c9093a1a,Kyle Alex John,eng ENG,"MF,DF",23,28,24,"2,038",22.6,0,2,2,0,0,0,4,0,0.00,0.09,0.09,0.00,0.09,Matches,FA Cup,2024-2025
f6799cd2,Ben Amos,eng ENG,GK,34,23,23,"2,070",23.0,0,0,0,0,0,0,2,0,0.00,0.00,0.00,0.00,0.00,Matches,FA Cup,2024-2025
7b5cb32e,Connor Ripley,eng ENG,GK,31,23,23,"2,070",23.0,0,0,0,0,0,0,1,0,0.00,0.00,0.00,0.00,0.00,Matches,FA Cup,2024-2025
62d6f536,Nathan Smith,eng ENG,DF,28,24,22,"1,878",20.9,0,1,1,0,0,0,2,0,0.00,0.05,0.05,0.00,0.05,Matches,FA Cup,2024-2025
c81659bd,Ronan Curtis,ie IRL,"FW,MF",28,42,20,"2,011",22.3,5,5,10,5,0,0,4,1,0.22,0.22,0.45,0.22,0.45,Matches,FA Cup,2024-2025
e3d729a6,Thomas Sang,eng ENG,"DF,MF",25,28,19,"1,773",19.7,0,2,2,0,0,0,2,2,0.00,0.10,0.10,0.00,0.10,Matches,FA Cup,2024-2025
846ac45b,Ben Heneghan,eng ENG,DF,30,25,18,"1,736",19.3,0,0,0,0,0,0,4,0,0.00,0.00,0.00,0.00,0.00,Matches,FA Cup,2024-2025
ceb3632f,Brandon Cover,jm JAM,"MF,DF",20,19,17,"1,432",15.9,2,0,2,2,0,0,3,0,0.13,0.00,0.13,0.13,0.13,Matches,FA Cup,2024-2025
dba74cd3,Mitchell Clark,wls WAL,MF,25,20,16,"1,438",16.0,1,1,2,1,0,0,4,1,0.06,0.06,0.13,0.06,0.13,Matches,FA Cup,2024-2025
c5a26988,Ethan Chislett,eng ENG,"MF,FW",24,25,16,"1,394",15.5,4,1,5,3,1,1,3,0,0.26,0.06,0.32,0.19,0.26,Matches,FA Cup,2024-2025
f4c20cb3,George Byers,sct SCO,MF,28,23,14,"1,343",14.9,2,1,3,2,0,0,3,0,0.13,0.07,0.20,0.13,0.20,Matches,FA Cup,2024-2025
186d09b8,Sam Hart,eng ENG,"MF,DF",27,22,12,"1,121",12.5,1,0,1,1,0,0,3,0,0.08,0.00,0.08,0.08,0.08,Matches,FA Cup,2024-2025
3c066877,Rekeem Harper,eng ENG,MF,24,18,12,941,10.5,1,0,1,1,0,0,4,1,0.10,0.00,0.10,0.10,0.10,Matches,FA Cup,2024-2025
63341879,Jack Shorrock,eng ENG,"MF,DF",17,17,12,867,9.6,2,2,4,2,0,0,2,0,0.21,0.21,0.42,0.21,0.42,Matches,FA Cup,2024-2025
a7588cdc,Antwoine Hackford,eng ENG,"FW,MF",20,24,11,922,10.2,4,1,5,4,0,0,1,0,0.39,0.10,0.49,0.39,0.49,Matches,FA Cup,2024-2025
9cc89e44,Rhys Walters,,MF,,13,11,852,9.5,0,0,0,0,0,0,0,0,0.00,0.00,0.00,0.00,0.00,Matches,FA Cup,2024-2025
c53df8ff,Ruari Paton,sct SCO,FW,23,19,9,745,8.3,1,1,2,1,0,0,2,0,0.12,0.12,0.24,0.12,0.24,Matches,FA Cup,2024-2025
657792ee,Rico Richards,eng ENG,"MF,FW",20,27,8,923,10.3,3,3,6,3,0,0,1,0,0.29,0.29,0.59,0.29,0.59,Matches,FA Cup,2024-2025
abe6f455,Jaheim Headley,eng ENG,MF,22,8,7,641,7.1,3,2,5,3,0,0,0,0,0.42,0.28,0.70,0.42,0.70,Matches,FA Cup,2024-2025
c03c8acd,Conor Grant,eng ENG,MF,29,4,4,288,3.2,0,0,0,0,0,0,0,0,0.00,0.00,0.00,0.00,0.00,Matches,FA Cup,2024-2025
4c5835e6,Benicio Boaitey,eng ENG,MF,20,10,3,359,4.0,0,2,2,0,0,0,2,0,0.00,0.50,0.50,0.00,0.50,Matches,FA Cup,2024-2025
e000b843,Jason Lowe,eng ENG,MF,32,11,3,252,2.8,0,0,0,0,0,0,1,0,0.00,0.00,0.00,0.00,0.00,Matches,FA Cup,2024-2025
b8ef2272,Jemiah Umolu,eng ENG,FW,18,9,0,140,1.6,0,1,1,0,0,0,0,0,0.00,0.64,0.64,0.00,0.64,Matches,FA Cup,2024-2025
294ebd30,Baylee Dipepa,eng ENG,FW,17,3,0,63,0.7,0,0,0,0,0,0,0,0,0.00,0.00,0.00,0.00,0.00,Matches,FA Cup,2024-2025
9d96bcca,Diamond Edwards,,MF,20,1,0,12,0.1,0,0,0,0,0,0,0,0,0.00,0.00,0.00,0.00,0.00,Matches,FA Cup,2024-2025
f0dce158,Funso Ojo,be BEL,MF,32,1,0,4,0.0,0,0,0,0,0,0,0,0,0.00,0.00,0.00,0.00,0.00,Matches,FA Cup,2024-2025
09b62860,James Plant,eng ENG,MF,19,1,0,1,0.0,0,0,0,0,0,0,0,0,0.00,0.00,0.00,0.00,0.00,Matches,FA Cup,2024-2025
d04f6407,Nathan Broome,eng ENG,GK,22,0,0,,,,,,,,,,,,,,,,Matches,FA Cup,2024-2025
ef491564,Mateus Fernandes,pt POR,MF,20,36,34,"2,909",32.3,2,4,6,2,0,0,8,0,0.06,0.12,0.19,0.06,0.19,Matches,FA Cup,2024-2025
984a5a64,Kyle Walker-Peters,eng ENG,"MF,DF",27,33,33,"2,918",32.4,0,2,2,0,0,0,5,0,0.00,0.06,0.06,0.00,0.06,Matches,FA Cup,2024-2025
47327321,Taylor Harwood-Bellis,eng ENG,DF,22,34,32,"2,825",31.4,1,0,1,1,0,0,9,0,0.03,0.00,0.03,0.03,0.03,Matches,FA Cup,2024-2025
466fb2c5,Aaron Ramsdale,eng ENG,GK,26,30,30,"2,700",30.0,0,0,0,0,0,0,2,0,0.00,0.00,0.00,0.00,0.00,Matches,FA Cup,2024-2025
4115ce4e,Jan Bednarek,pl POL,DF,28,30,30,"2,531",28.1,2,0,2,2,0,0,7,0,0.07,0.00,0.07,0.07,0.07,Matches,FA Cup,2024-2025
69fdb896,Flynn Downes,eng ENG,MF,25,27,25,"2,151",23.9,1,0,1,1,0,0,12,0,0.04,0.00,0.04,0.04,0.04,Matches,FA Cup,2024-2025
328f7d51,Joe Aribo,ng NGA,MF,28,32,21,"2,013",22.4,3,0,3,3,0,0,1,0,0.13,0.00,0.13,0.13,0.13,Matches,FA Cup,2024-2025
bdcc89ae,Tyler Dibling,eng ENG,"MF,FW",18,33,20,"1,874",20.8,2,0,2,2,0,0,6,0,0.10,0.00,0.10,0.10,0.10,Matches,FA Cup,2024-2025
1df4a109,Lesley Ugochukwu,fr FRA,MF,20,26,18,"1,655",18.4,1,1,2,1,0,0,7,0,0.05,0.05,0.11,0.05,0.11,Matches,FA Cup,2024-2025
847b53eb,Ryan Manning,ie IRL,"DF,MF",28,24,18,"1,462",16.2,0,1,1,0,0,0,2,0,0.00,0.06,0.06,0.00,0.06,Matches,FA Cup,2024-2025
a62f8bf1,Kamaldeen Sulemana,gh GHA,"FW,MF",22,26,17,"1,402",15.6,1,1,2,1,0,0,2,0,0.06,0.06,0.13,0.06,0.13,Matches,FA Cup,2024-2025
6adbc307,Jack Stephens,eng ENG,DF,30,19,17,"1,389",15.4,1,0,1,1,0,0,2,2,0.06,0.00,0.06,0.06,0.06,Matches,FA Cup,2024-2025
580bcd18,Yukinari Sugawara,jp JPN,"MF,DF",24,30,16,"1,557",17.3,1,1,2,1,0,0,4,0,0.06,0.06,0.12,0.06,0.12,Matches,FA Cup,2024-2025
68c720b5,Adam Armstrong,eng ENG,"FW,MF",27,20,15,"1,248",13.9,2,2,4,2,0,1,4,0,0.14,0.14,0.29,0.14,0.29,Matches,FA Cup,2024-2025
05e8ca6d,Cameron Archer,eng ENG,FW,23,35,13,"1,441",16.0,2,0,2,2,0,1,0,0,0.12,0.00,0.12,0.12,0.12,Matches,FA Cup,2024-2025
c07b7c5c,James Bree,eng ENG,"DF,MF",26,17,13,"1,075",11.9,0,1,1,0,0,0,0,0,0.00,0.08,0.08,0.00,0.08,Matches,FA Cup,2024-2025
c06d1086,Paul Onuachu,ng NGA,FW,30,25,11,"1,050",11.7,4,1,5,4,0,0,4,0,0.34,0.09,0.43,0.34,0.43,Matches,FA Cup,2024-2025
4ccf2d5b,Nathan Wood-Gordon,eng ENG,DF,22,11,9,773,8.6,0,0,0,0,0,0,2,0,0.00,0.00,0.00,0.00,0.00,Matches,FA Cup,2024-2025
5e105217,William Smallbone,ie IRL,MF,24,18,6,690,7.7,1,0,1,1,0,0,1,0,0.13,0.00,0.13,0.13,0.13,Matches,FA Cup,2024-2025
a7f95b1f,Welington,br BRA,"MF,DF",23,10,6,482,5.4,0,0,0,0,0,0,1,0,0.00,0.00,0.00,0.00,0.00,Matches,FA Cup,2024-2025
36c2ca73,Alex McCarthy,eng ENG,GK,34,5,5,450,5.0,0,0,0,0,0,0,0,0,0.00,0.00,0.00,0.00,0.00,Matches,FA Cup,2024-2025
99813635,Adam Lallana,eng ENG,MF,36,14,5,361,4.0,0,2,2,0,0,0,4,0,0.00,0.50,0.50,0.00,0.50,Matches,FA Cup,2024-2025
57827369,Ben Brereton,cl CHI,"FW,MF",25,10,4,449,5.0,0,0,0,0,0,0,1,0,0.00,0.00,0.00,0.00,0.00,Matches,FA Cup,2024-2025
18986367,Ross Stewart,sct SCO,FW,28,12,4,389,4.3,1,0,1,1,0,0,1,0,0.23,0.00,0.23,0.23,0.23,Matches,FA Cup,2024-2025
d56543a0,Ryan Fraser,sct SCO,"MF,DF",30,8,4,306,3.4,0,0,0,0,0,0,0,1,0.00,0.00,0.00,0.00,0.00,Matches,FA Cup,2024-2025
cc2d7ad5,Charlie Taylor,eng ENG,DF,30,8,3,356,4.0,0,0,0,0,0,0,1,0,0.00,0.00,0.00,0.00,0.00,Matches,FA Cup,2024-2025
bdf3a08e,Joe Lumley,eng ENG,GK,29,3,3,270,3.0,0,0,0,0,0,0,0,0,0.00,0.00,0.00,0.00,0.00,Matches,FA Cup,2024-2025
a39d11bc,Armel Bella Kotchap,de GER,DF,22,4,2,331,3.7,0,0,0,0,0,0,0,0,0.00,0.00,0.00,0.00,0.00,Matches,FA Cup,2024-2025
0da5076f,Albert Grønbaek,dk DEN,"MF,FW",23,4,2,143,1.6,0,0,0,0,0,0,0,0,0.00,0.00,0.00,0.00,0.00,Matches,FA Cup,2024-2025
2a616c85,Jay Robinson,eng ENG,MF,17,4,1,137,1.5,0,0,0,0,0,0,0,0,0.00,0.00,0.00,0.00,0.00,Matches,FA Cup,2024-2025
beb391dd,Maxwel Cornet,ci CIV,MF,27,2,1,72,0.8,0,0,0,0,0,0,1,0,0.00,0.00,0.00,0.00,0.00,Matches,FA Cup,2024-2025
007414dd,Samuel Edozie,eng ENG,"FW,MF",21,2,0,65,0.7,0,0,0,0,0,0,1,0,0.00,0.00,0.00,0.00,0.00,Matches,FA Cup,2024-2025
9eedf0e0,Samuel Amo-Ameyaw,eng ENG,"FW,MF",18,2,0,28,0.3,0,0,0,0,0,0,1,0,0.00,0.00,0.00,0.00,0.00,Matches,FA Cup,2024-2025
e2b2a181,Joachim Kayi Sanda,fr FRA,DF,17,2,0,14,0.2,0,0,0,0,0,0,0,0,0.00,0.00,0.00,0.00,0.00,Matches,FA Cup,2024-2025
be90c4b0,Ronnie Edwards,eng ENG,DF,21,1,0,12,0.1,0,0,0,0,0,0,0,0,0.00,0.00,0.00,0.00,0.00,Matches,FA Cup,2024-2025
4abac767,Carlos Alcaraz,ar ARG,MF,21,1,0,10,0.1,0,0,0,0,0,0,0,0,0.00,0.00,0.00,0.00,0.00,Matches,FA Cup,2024-2025
ed23d14e,Jayden Moore,,DF,,0,0,,,,,,,,,,,,,,,,Matches,FA Cup,2024-2025
fd1c27b8,Joe O'Brien-Whitmarsh,ie IRL,MF,19,0,0,,,,,,,,,,,,,,,,Matches,FA Cup,2024-2025
834fea76,Torbjørn Heggem,no NOR,DF,25,45,45,"4,010",44.6,1,2,3,1,0,0,3,0,0.02,0.04,0.07,0.02,0.07,Matches,FA Cup,2024-2025
3ec9195b,Darnell Furlong,eng ENG,DF,28,42,42,"3,706",41.2,1,3,4,1,0,0,8,1,0.02,0.07,0.10,0.02,0.10,Matches,FA Cup,2024-2025
361b8b6c,Alex Mowatt,eng ENG,MF,29,43,39,"3,351",37.2,7,2,9,7,0,0,5,0,0.19,0.05,0.24,0.19,0.24,Matches,FA Cup,2024-2025
2fa188f2,Tom Fellows,eng ENG,MF,21,45,35,"2,872",31.9,4,14,18,4,0,0,4,0,0.13,0.44,0.56,0.13,0.56,Matches,FA Cup,2024-2025
87f7500e,Karlan Grant,eng ENG,"MF,FW",26,43,34,"2,930",32.6,7,2,9,7,0,0,2,0,0.22,0.06,0.28,0.22,0.28,Matches,FA Cup,2024-2025
c908a1bc,Jayson Molumby,ie IRL,MF,24,37,30,"2,702",30.0,4,1,5,4,0,0,11,1,0.13,0.03,0.17,0.13,0.17,Matches,FA Cup,2024-2025
6ea97fd5,Alex Palmer,eng ENG,GK,27,30,30,"2,700",30.0,0,0,0,0,0,0,2,0,0.00,0.00,0.00,0.00,0.00,Matches,FA Cup,2024-2025
18e96f64,Kyle Bartley,eng ENG,DF,33,31,30,"2,610",29.0,0,0,0,0,0,0,5,1,0.00,0.00,0.00,0.00,0.00,Matches,FA Cup,2024-2025
e96d5560,Callum Styles,hu HUN,"DF,MF",24,34,29,"2,613",29.0,3,1,4,3,0,0,11,1,0.10,0.03,0.14,0.10,0.14,Matches,FA Cup,2024-2025
bc0bfc64,Josh Maja,ng NGA,FW,25,26,26,"2,056",22.8,12,2,14,12,0,0,2,0,0.53,0.09,0.61,0.53,0.61,Matches,FA Cup,2024-2025
9bd73cce,Michael Johnston,ie IRL,MF,25,40,25,"2,069",23.0,3,5,8,3,0,0,3,0,0.13,0.22,0.35,0.13,0.35,Matches,FA Cup,2024-2025
d0042ab9,Mason Holgate,jm JAM,DF,27,26,21,"1,983",22.0,1,1,2,1,0,0,2,0,0.05,0.05,0.09,0.05,0.09,Matches,FA Cup,2024-2025
646ee278,John Swift,eng ENG,MF,29,36,19,"1,741",19.3,3,1,4,3,0,0,4,0,0.16,0.05,0.21,0.16,0.21,Matches,FA Cup,2024-2025
f522d7ec,Grady Diangana,cd COD,"MF,FW",26,34,14,"1,494",16.6,4,3,7,4,0,0,1,0,0.24,0.18,0.42,0.24,0.42,Matches,FA Cup,2024-2025
d6192210,Semi Ajayi,ng NGA,DF,30,15,14,"1,228",13.6,0,0,0,0,0,0,4,0,0.00,0.00,0.00,0.00,0.00,Matches,FA Cup,2024-2025
b9403c99,Isaac Price,nir NIR,MF,20,15,13,"1,049",11.7,1,1,2,1,0,0,2,0,0.09,0.09,0.17,0.09,0.17,Matches,FA Cup,2024-2025
68c720b5,Adam Armstrong,eng ENG,"FW,MF",27,16,12,"1,008",11.2,3,0,3,2,1,1,0,0,0.27,0.00,0.27,0.18,0.18,Matches,FA Cup,2024-2025
aa61b4a3,Joe Wildsmith,eng ENG,GK,28,10,10,900,10.0,0,0,0,0,0,0,1,0,0.00,0.00,0.00,0.00,0.00,Matches,FA Cup,2024-2025
faed84db,Uroš Račić,rs SRB,MF,26,21,9,916,10.2,0,2,2,0,0,0,2,0,0.00,0.20,0.20,0.00,0.20,Matches,FA Cup,2024-2025
b9334454,Ousmane Diakité,ml MLI,"MF,DF",24,22,9,860,9.6,0,0,0,0,0,0,1,0,0.00,0.00,0.00,0.00,0.00,Matches,FA Cup,2024-2025
45194ce9,Jed Wallace,eng ENG,"MF,FW",30,29,6,809,9.0,1,1,2,1,0,0,2,0,0.11,0.11,0.22,0.11,0.22,Matches,FA Cup,2024-2025
d6303703,Joshua Griffiths,eng ENG,GK,22,6,6,540,6.0,0,0,0,0,0,0,0,0,0.00,0.00,0.00,0.00,0.00,Matches,FA Cup,2024-2025
92df535b,Will Lankshear,eng ENG,FW,19,11,4,350,3.9,0,0,0,0,0,0,2,0,0.00,0.00,0.00,0.00,0.00,Matches,FA Cup,2024-2025
8ac454b5,Paddy McNair,nir NIR,DF,29,2,2,93,1.0,0,0,0,0,0,0,0,0,0.00,0.00,0.00,0.00,0.00,Matches,FA Cup,2024-2025
e814e1cf,Lewis Dobbin,eng ENG,MF,21,17,1,340,3.8,0,0,0,0,0,0,0,0,0.00,0.00,0.00,0.00,0.00,Matches,FA Cup,2024-2025
d4cfc93c,Daryl Dike,us USA,MF,24,11,1,227,2.5,1,1,2,1,0,0,1,0,0.40,0.40,0.79,0.40,0.79,Matches,FA Cup,2024-2025
5736378a,Devante Cole,eng ENG,FW,29,14,0,163,1.8,0,0,0,0,0,0,0,0,0.00,0.00,0.00,0.00,0.00,Matches,FA Cup,2024-2025
d80b1835,Gianluca Frabotta,it ITA,"DF,MF",25,6,0,65,0.7,0,0,0,0,0,0,0,0,0.00,0.00,0.00,0.00,0.00,Matches,FA Cup,2024-2025
8a03364a,Tamer Bani Odeh,jo JOR,FW,20,4,0,53,0.6,0,1,1,0,0,0,1,0,0.00,1.70,1.70,0.00,1.70,Matches,FA Cup,2024-2025
df554821,Harry Whitwell,eng ENG,MF,18,1,0,13,0.1,0,0,0,0,0,0,0,0,0.00,0.00,0.00,0.00,0.00,Matches,FA Cup,2024-2025
52f8322e,Ollie Bostock,wls WAL,FW,17,0,0,,,,,,,,,,,,,,,,Matches,FA Cup,2024-2025
f738734d,Ted Cann,eng ENG,GK,23,0,0,,,,,,,,,,,,,,,,Matches,FA Cup,2024-2025
2a7f6393,Muhamed Diomande,eng ENG,DF,18,0,0,,,,,,,,,,,,,,,,Matches,FA Cup,2024-2025
b5609935,Mo Faal,eng ENG,FW,21,0,0,,,,,,,,,,,,,,,,Matches,FA Cup,2024-2025
4e15e6a7,Reece Hall,eng ENG,DF,20,0,0,,,,,,,,,,,,,,,,Matches,FA Cup,2024-2025
42e998df,Fenton Heard,eng ENG,MF,19,0,0,,,,,,,,,,,,,,,,Matches,FA Cup,2024-2025
a332fb7a,Jamal Mohammed,eng ENG,DF,18,0,0,,,,,,,,,,,,,,,,Matches,FA Cup,2024-2025
5e1e16a1,Deago Nelson,eng ENG,DF,18,0,0,,,,,,,,,,,,,,,,Matches,FA Cup,2024-2025
c221c545,Michael Parker,eng ENG,DF,19,0,0,,,,,,,,,,,,,,,,Matches,FA Cup,2024-2025
4ed3f5c4,Caleb Taylor,eng ENG,DF,21,0,0,,,,,,,,,,,,,,,,Matches,FA Cup,2024-2025
e4a588a7,Viktor Johansson,se SWE,GK,25,46,46,"4,140",46.0,0,0,0,0,0,0,4,0,0.00,0.00,0.00,0.00,0.00,Matches,FA Cup,2024-2025
0895ffb1,Bae Junho,kr KOR,MF,20,45,37,"3,260",36.2,3,5,8,3,0,0,5,0,0.08,0.14,0.22,0.08,0.22,Matches,FA Cup,2024-2025
fc571dff,Wouter Burger,nl NED,MF,23,39,37,"3,002",33.4,1,1,2,1,0,0,10,0,0.03,0.03,0.06,0.03,0.06,Matches,FA Cup,2024-2025
2876eaa3,Ben Wilmot,eng ENG,DF,24,39,36,"3,242",36.0,3,0,3,3,0,0,9,0,0.08,0.00,0.08,0.08,0.08,Matches,FA Cup,2024-2025
c19cfdae,Junior Tchamadeu,cm CMR,DF,20,41,35,"3,136",34.8,1,2,3,1,0,0,10,0,0.03,0.06,0.09,0.03,0.09,Matches,FA Cup,2024-2025
4f21d3af,Ashley Phillips,wls WAL,DF,19,35,35,"3,077",34.2,0,0,0,0,0,0,6,0,0.00,0.00,0.00,0.00,0.00,Matches,FA Cup,2024-2025
3fa733bc,Million Manhoef,nl NED,"MF,FW",22,34,28,"2,422",26.9,5,5,10,5,0,0,1,0,0.19,0.19,0.37,0.19,0.37,Matches,FA Cup,2024-2025
d77edba6,Lewis Koumas,wls WAL,MF,18,43,26,"2,441",27.1,3,2,5,3,0,0,5,0,0.11,0.07,0.18,0.11,0.18,Matches,FA Cup,2024-2025
c4720845,Andrew Moran,ie IRL,MF,20,35,26,"2,357",26.2,4,3,7,4,0,0,9,0,0.15,0.11,0.27,0.15,0.27,Matches,FA Cup,2024-2025
55b7061a,Eric Bocat,fr FRA,DF,25,30,23,"2,041",22.7,0,1,1,0,0,0,1,0,0.00,0.04,0.04,0.00,0.04,Matches,FA Cup,2024-2025
bcfb0142,Ben Gibson,eng ENG,DF,31,24,22,"1,946",21.6,3,0,3,3,0,0,6,0,0.14,0.00,0.14,0.14,0.14,Matches,FA Cup,2024-2025
4506aec5,Thomas Cannon,ie IRL,FW,21,22,22,"1,857",20.6,9,1,10,6,3,4,3,0,0.44,0.05,0.48,0.29,0.34,Matches,FA Cup,2024-2025
a506a036,Tatsuki Seko,jp JPN,MF,26,25,18,"1,597",17.7,0,0,0,0,0,0,1,0,0.00,0.00,0.00,0.00,0.00,Matches,FA Cup,2024-2025
1b278bf5,Lewis Baker,eng ENG,MF,29,19,16,"1,475",16.4,6,2,8,4,2,2,3,0,0.37,0.12,0.49,0.24,0.37,Matches,FA Cup,2024-2025
6bf53300,Jordan Thompson,nir NIR,MF,27,23,13,"1,353",15.0,0,1,1,0,0,0,7,0,0.00,0.07,0.07,0.00,0.07,Matches,FA Cup,2024-2025
607581fc,Michael Rose,sct SCO,DF,28,22,13,"1,296",14.4,0,0,0,0,0,0,3,0,0.00,0.00,0.00,0.00,0.00,Matches,FA Cup,2024-2025
17d4507a,Enda Stevens,ie IRL,DF,34,18,13,"1,194",13.3,0,2,2,0,0,0,3,0,0.00,0.15,0.15,0.00,0.15,Matches,FA Cup,2024-2025
1ea00b03,Lynden Gooch,us USA,"DF,MF",28,20,12,"1,038",11.5,0,1,1,0,0,0,3,0,0.00,0.09,0.09,0.00,0.09,Matches,FA Cup,2024-2025
8450467d,Ali Al Hamadi,iq IRQ,FW,22,15,11,829,9.2,2,0,2,2,0,0,2,0,0.22,0.00,0.22,0.22,0.22,Matches,FA Cup,2024-2025
44361ade,Sam Gallagher,eng ENG,"FW,MF",28,22,9,"1,024",11.4,3,1,4,3,0,0,5,0,0.26,0.09,0.35,0.26,0.35,Matches,FA Cup,2024-2025
a6b461e7,Ben Pearson,eng ENG,MF,29,13,8,570,6.3,0,0,0,0,0,0,5,0,0.00,0.00,0.00,0.00,0.00,Matches,FA Cup,2024-2025
5567d6f5,Nathan Lowe,eng ENG,"FW,MF",18,10,5,468,5.2,1,0,1,1,0,0,2,0,0.19,0.00,0.19,0.19,0.19,Matches,FA Cup,2024-2025
c19a2df1,Josh Wilson-Esbrand,eng ENG,"DF,MF",21,6,4,269,3.0,0,1,1,0,0,0,0,0,0.00,0.33,0.33,0.00,0.33,Matches,FA Cup,2024-2025
e765162e,Sol Sidibé,eng ENG,MF,17,8,3,306,3.4,0,1,1,0,0,0,0,0,0.00,0.29,0.29,0.00,0.29,Matches,FA Cup,2024-2025
f0068e0f,Josh Laurent,eng ENG,MF,29,3,3,270,3.0,0,0,0,0,0,0,3,0,0.00,0.00,0.00,0.00,0.00,Matches,FA Cup,2024-2025
f8ae30b2,Emre Tezgel,eng ENG,FW,18,12,2,298,3.3,0,0,0,0,0,0,1,0,0.00,0.00,0.00,0.00,0.00,Matches,FA Cup,2024-2025
770f1584,Bosun Lawal,ie IRL,DF,21,7,1,206,2.3,0,0,0,0,0,0,0,0,0.00,0.00,0.00,0.00,0.00,Matches,FA Cup,2024-2025
74cae353,Niall Ennis,eng ENG,FW,25,9,1,195,2.2,0,0,0,0,0,0,0,0,0.00,0.00,0.00,0.00,0.00,Matches,FA Cup,2024-2025
8a56c04c,Ryan Mmaee,ma MAR,FW,26,3,1,111,1.2,0,0,0,0,0,0,0,0,0.00,0.00,0.00,0.00,0.00,Matches,FA Cup,2024-2025
3f332394,André Vidigal,ao ANG,"FW,MF",25,10,0,104,1.2,0,0,0,0,0,0,0,0,0.00,0.00,0.00,0.00,0.00,Matches,FA Cup,2024-2025
437f821e,Jaden Dixon,eng ENG,DF,17,2,0,11,0.1,0,0,0,0,0,0,0,0,0.00,0.00,0.00,0.00,0.00,Matches,FA Cup,2024-2025
6d477b52,Daniel Johnson,jm JAM,MF,31,1,0,5,0.1,0,0,0,0,0,0,0,0,0.00,0.00,0.00,0.00,0.00,Matches,FA Cup,2024-2025
27e95c19,Freddie Anderson,eng ENG,DF,17,0,0,,,,,,,,,,,,,,,,Matches,FA Cup,2024-2025
3539472e,Jack Bonham,ie IRL,GK,30,0,0,,,,,,,,,,,,,,,,Matches,FA Cup,2024-2025
3307fc06,Chiboso Chibueze,eng ENG,MF,18,0,0,,,,,,,,,,,,,,,,Matches,FA Cup,2024-2025
700639ef,Favour Fawunmi,eng ENG,MF,18,0,0,,,,,,,,,,,,,,,,Matches,FA Cup,2024-2025
4999f2fa,Frank Fielding,eng ENG,GK,36,0,0,,,,,,,,,,,,,,,,Matches,FA Cup,2024-2025
fd0e019a,Jake Griffin,ie IRL,DF,18,0,0,,,,,,,,,,,,,,,,Matches,FA Cup,2024-2025
daa76e1b,Jack Griffiths,eng ENG,MF,19,0,0,,,,,,,,,,,,,,,,Matches,FA Cup,2024-2025
4ed47c2c,Rakealan Jeffers,eng ENG,FW,19,0,0,,,,,,,,,,,,,,,,Matches,FA Cup,2024-2025
aae7a8d0,Darius Lipsiuc,ie IRL,MF,18,0,0,,,,,,,,,,,,,,,,Matches,FA Cup,2024-2025
aee1324c,William Smith,eng ENG,MF,18,0,0,,,,,,,,,,,,,,,,Matches,FA Cup,2024-2025
bb0de511,Kieron Willox,sct SCO,MF,18,0,0,,,,,,,,,,,,,,,,Matches,FA Cup,2024-2025
a0961a90,Joe Powell,eng ENG,MF,25,46,44,"3,964",44.0,1,8,9,1,0,0,4,0,0.02,0.18,0.20,0.02,0.20,Matches,FA Cup,2024-2025
4bf39bcc,Hakeem Odoffin,eng ENG,"DF,MF",26,44,44,"3,936",43.7,5,1,6,5,0,0,6,0,0.11,0.02,0.14,0.11,0.14,Matches,FA Cup,2024-2025
5bc2f6ca,Reece James,eng ENG,DF,30,43,42,"3,597",40.0,2,2,4,2,0,0,3,0,0.05,0.05,0.10,0.05,0.10,Matches,FA Cup,2024-2025
7010570a,Sam Nombe,eng ENG,"FW,MF",25,43,40,"3,442",38.2,14,5,19,13,1,1,4,0,0.37,0.13,0.50,0.34,0.47,Matches,FA Cup,2024-2025
28e65539,Cameron Humphreys,eng ENG,"DF,MF",25,40,39,"3,444",38.3,2,1,3,2,0,0,4,0,0.05,0.03,0.08,0.05,0.08,Matches,FA Cup,2024-2025
f2639dc1,Mallik Wilks,eng ENG,"FW,MF",25,41,39,"3,287",36.5,9,4,13,8,1,1,10,0,0.25,0.11,0.36,0.22,0.33,Matches,FA Cup,2024-2025
4d5ecb73,Joe Rafferty,ie IRL,DF,30,39,38,"3,383",37.6,1,1,2,1,0,0,5,0,0.03,0.03,0.05,0.03,0.05,Matches,FA Cup,2024-2025
d0330b1d,Dillon Phillips,eng ENG,GK,29,33,32,"2,889",32.1,0,0,0,0,0,0,1,0,0.00,0.00,0.00,0.00,0.00,Matches,FA Cup,2024-2025
0a143120,Zak Jules,sct SCO,DF,27,22,22,"1,846",20.5,2,0,2,2,0,0,4,0,0.10,0.00,0.10,0.10,0.10,Matches,FA Cup,2024-2025
260af28b,Jonson Clarke-Harris,jm JAM,FW,30,29,19,"1,722",19.1,7,1,8,4,3,3,2,0,0.37,0.05,0.42,0.21,0.26,Matches,FA Cup,2024-2025
a9b1c319,Pelly Ruddock Mpanzu,cd COD,MF,31,18,18,"1,517",16.9,1,1,2,1,0,0,0,0,0.06,0.06,0.12,0.06,0.12,Matches,FA Cup,2024-2025
c03348f6,Louie Sibley,eng ENG,MF,22,21,16,"1,360",15.1,2,1,3,2,0,0,3,0,0.13,0.07,0.20,0.13,0.20,Matches,FA Cup,2024-2025
f92eb2a4,Liam Kelly,sct SCO,MF,34,18,15,"1,313",14.6,1,1,2,1,0,0,2,0,0.07,0.07,0.14,0.07,0.14,Matches,FA Cup,2024-2025
872891bc,Cameron Dawson,eng ENG,GK,29,14,14,"1,251",13.9,0,0,0,0,0,0,1,0,0.00,0.00,0.00,0.00,0.00,Matches,FA Cup,2024-2025
700fdf7c,Jamie McCart,sct SCO,DF,27,16,13,"1,157",12.9,0,0,0,0,0,0,2,0,0.00,0.00,0.00,0.00,0.00,Matches,FA Cup,2024-2025
12665c30,Christ Tiéhi,ci CIV,MF,26,16,13,"1,113",12.4,0,2,2,0,0,0,3,0,0.00,0.16,0.16,0.00,0.16,Matches,FA Cup,2024-2025
6a8c0786,Shaun McWilliams,eng ENG,"MF,DF",25,24,12,"1,105",12.3,0,0,0,0,0,0,2,0,0.00,0.00,0.00,0.00,0.00,Matches,FA Cup,2024-2025
6e287b7a,André Green,eng ENG,"MF,FW",26,13,8,681,7.6,3,4,7,3,0,0,0,0,0.40,0.53,0.93,0.40,0.93,Matches,FA Cup,2024-2025
1c3a435a,Alex MacDonald,sct SCO,"MF,DF",34,15,8,612,6.8,1,0,1,1,0,0,1,0,0.15,0.00,0.15,0.15,0.15,Matches,FA Cup,2024-2025
a36d4785,Jordan Hugill,eng ENG,FW,32,28,7,863,9.6,1,0,1,1,0,0,3,0,0.10,0.00,0.10,0.10,0.10,Matches,FA Cup,2024-2025
5dd438af,Sean Raggett,eng ENG,DF,31,9,6,650,7.2,1,1,2,1,0,0,3,0,0.14,0.14,0.28,0.14,0.28,Matches,FA Cup,2024-2025
6cb7f041,Cohen Bramall,eng ENG,"MF,DF",28,16,5,802,8.9,0,0,0,0,0,0,1,0,0.00,0.00,0.00,0.00,0.00,Matches,FA Cup,2024-2025
fdf9edec,Joseph Hungbo,eng ENG,"MF,FW",24,13,5,488,5.4,0,0,0,0,0,0,1,0,0.00,0.00,0.00,0.00,0.00,Matches,FA Cup,2024-2025
d4446516,Jack Holmes,eng ENG,"MF,FW",22,28,3,615,6.8,0,0,0,0,0,0,0,0,0.00,0.00,0.00,0.00,0.00,Matches,FA Cup,2024-2025
95d39da6,Joshua Kayode,ng NGA,FW,31,11,1,155,1.7,0,0,0,0,0,0,0,0,0.00,0.00,0.00,0.00,0.00,Matches,FA Cup,2024-2025
861e9b3b,Daniel Gore,eng ENG,MF,19,3,1,149,1.7,0,1,1,0,0,0,0,0,0.00,0.60,0.60,0.00,0.60,Matches,FA Cup,2024-2025
a42bbccc,Detlef Osong,eng ENG,FW,19,6,1,100,1.1,0,0,0,0,0,0,0,0,0.00,0.00,0.00,0.00,0.00,Matches,FA Cup,2024-2025
aa583204,Ciaran McGuckin,nir NIR,FW,20,3,1,68,0.8,0,0,0,0,0,0,0,0,0.00,0.00,0.00,0.00,0.00,Matches,FA Cup,2024-2025
0dc238bb,Hamish Douglas,eng ENG,MF,19,2,0,31,0.3,0,0,0,0,0,0,1,0,0.00,0.00,0.00,0.00,0.00,Matches,FA Cup,2024-2025
a0d66f6e,Louis Bassett,,GK,,0,0,,,,,,,,,,,,,,,,Matches,FA Cup,2024-2025
daf1e346,James Clarke,,MF,,0,0,,,,,,,,,,,,,,,,Matches,FA Cup,2024-2025
9e06dcaa,Lewis Clarke,,MF,,0,0,,,,,,,,,,,,,,,,Matches,FA Cup,2024-2025
d7bf6080,Harrison Duncan,,DF,,0,0,,,,,,,,,,,,,,,,Matches,FA Cup,2024-2025
ac790a5d,Dean Gardner,,MF,,0,0,,,,,,,,,,,,,,,,Matches,FA Cup,2024-2025
e806687c,Ben Hatton,,MF,,0,0,,,,,,,,,,,,,,,,Matches,FA Cup,2024-2025
eeabcc26,Jake Hull,eng ENG,DF,22,0,0,,,,,,,,,,,,,,,,Matches,FA Cup,2024-2025
9e190b20,Kane Richardson,eng ENG,MF,17,0,0,,,,,,,,,,,,,,,,Matches,FA Cup,2024-2025
6db00ad8,Enzio Boldewijn,nl NED,"MF,DF",31,45,41,"3,639",40.4,2,1,3,2,0,0,3,0,0.05,0.02,0.07,0.05,0.07,Matches,FA Cup,2024-2025
5c15638f,Jack Cook,eng ENG,DF,30,36,35,"3,119",34.7,2,1,3,2,0,0,12,0,0.06,0.03,0.09,0.06,0.09,Matches,FA Cup,2024-2025
c4ff4d0e,Max Kretzschmar,eng ENG,MF,30,39,35,"2,886",32.1,3,9,12,3,0,0,9,1,0.09,0.28,0.37,0.09,0.37,Matches,FA Cup,2024-2025
8aa5f52c,Adrian Mariappa,jm JAM,DF,37,41,33,"3,081",34.2,0,0,0,0,0,0,9,1,0.00,0.00,0.00,0.00,0.00,Matches,FA Cup,2024-2025
a653f8a7,Kallum Cesay,sl SLE,MF,21,37,33,"2,917",32.4,6,0,6,6,0,0,7,0,0.19,0.00,0.19,0.19,0.19,Matches,FA Cup,2024-2025
b3502edd,Alex Reid,eng ENG,FW,28,30,30,"2,698",30.0,16,0,16,11,5,5,5,0,0.53,0.00,0.53,0.37,0.37,Matches,FA Cup,2024-2025
ad28ee23,Anthony Georgiou,cy CYP,"DF,MF",27,34,26,"2,310",25.7,1,3,4,1,0,0,4,0,0.04,0.12,0.16,0.04,0.16,Matches,FA Cup,2024-2025
455e2591,Alex Dyer,ms MSR,MF,34,32,21,"2,028",22.5,0,0,0,0,0,0,9,0,0.00,0.00,0.00,0.00,0.00,Matches,FA Cup,2024-2025
6d1a159d,Micah Obiero,eng ENG,"FW,MF",23,35,21,"1,919",21.3,3,1,4,3,0,0,5,0,0.14,0.05,0.19,0.14,0.19,Matches,FA Cup,2024-2025
9c194ec4,Sam Ashford,eng ENG,"FW,MF",28,28,20,"1,764",19.6,7,1,8,6,1,1,2,0,0.36,0.05,0.41,0.31,0.36,Matches,FA Cup,2024-2025
9672abe8,Joshua Grant,eng ENG,"DF,MF",25,23,17,"1,465",16.3,3,0,3,3,0,0,2,0,0.18,0.00,0.18,0.18,0.18,Matches,FA Cup,2024-2025
e6514c9c,Dominic Hutchinson,eng ENG,"MF,DF",22,29,15,"1,501",16.7,1,1,2,1,0,0,3,0,0.06,0.06,0.12,0.06,0.12,Matches,FA Cup,2024-2025
adc4a193,Jaydn Mundle-Smith,eng ENG,DF,24,17,15,"1,385",15.4,0,5,5,0,0,0,3,1,0.00,0.32,0.32,0.00,0.32,Matches,FA Cup,2024-2025
a71ebcc8,Jack Wells-Morrison,eng ENG,MF,20,16,15,"1,334",14.8,0,1,1,0,0,0,3,0,0.00,0.07,0.07,0.00,0.07,Matches,FA Cup,2024-2025
4f334ed9,Luca Gunter,eng ENG,GK,19,14,14,"1,260",14.0,0,0,0,0,0,0,1,0,0.00,0.00,0.00,0.00,0.00,Matches,FA Cup,2024-2025
cfdd6846,Connor McAvoy,sct SCO,DF,22,16,13,"1,174",13.0,0,0,0,0,0,0,4,0,0.00,0.00,0.00,0.00,0.00,Matches,FA Cup,2024-2025
11661c16,Harrison Sohna,eng ENG,MF,22,18,13,"1,134",12.6,3,2,5,3,0,0,3,0,0.24,0.16,0.40,0.24,0.40,Matches,FA Cup,2024-2025
16cf322d,Deonysus Woodman,eng ENG,"DF,MF",21,12,9,773,8.6,0,0,0,0,0,0,2,0,0.00,0.00,0.00,0.00,0.00,Matches,FA Cup,2024-2025
412bed19,Archie Matthews,eng ENG,GK,22,9,9,741,8.2,0,0,0,0,0,0,0,0,0.00,0.00,0.00,0.00,0.00,Matches,FA Cup,2024-2025
539455f1,Mason Barrett,eng ENG,"DF,MF",24,9,9,699,7.8,0,0,0,0,0,0,1,0,0.00,0.00,0.00,0.00,0.00,Matches,FA Cup,2024-2025
4504f157,Samuel Howes,eng ENG,GK,26,8,8,650,7.2,0,0,0,0,0,0,0,0,0.00,0.00,0.00,0.00,0.00,Matches,FA Cup,2024-2025
a8c40a73,Craig Eastmond,eng ENG,MF,33,12,8,649,7.2,0,1,1,0,0,0,7,2,0.00,0.14,0.14,0.00,0.14,Matches,FA Cup,2024-2025
130915c8,Will Randall,eng ENG,"MF,DF",27,11,8,621,6.9,0,0,0,0,0,0,2,0,0.00,0.00,0.00,0.00,0.00,Matches,FA Cup,2024-2025
9af37034,Dante Baptiste,eng ENG,GK,22,7,7,630,7.0,0,0,0,0,0,0,1,0,0.00,0.00,0.00,0.00,0.00,Matches,FA Cup,2024-2025
6625dc22,Tyler Walker,eng ENG,FW,27,8,7,575,6.4,1,2,3,1,0,0,1,0,0.16,0.31,0.47,0.16,0.47,Matches,FA Cup,2024-2025
3ad76a60,Callum McFarlane,eng ENG,"FW,MF",20,8,6,634,7.0,3,0,3,3,0,0,0,0,0.43,0.00,0.43,0.43,0.43,Matches,FA Cup,2024-2025
98a62bc6,Henry Sandat,eng ENG,"MF,FW",19,14,6,542,6.0,1,0,1,1,0,0,0,0,0.17,0.00,0.17,0.17,0.17,Matches,FA Cup,2024-2025
df4e3865,Toby Steward,eng ENG,GK,19,6,6,540,6.0,0,0,0,0,0,0,0,0,0.00,0.00,0.00,0.00,0.00,Matches,FA Cup,2024-2025
597d0f13,Mustapha Carayol,gm GAM,"DF,MF",35,12,5,572,6.4,1,1,2,1,0,0,1,0,0.16,0.16,0.31,0.16,0.31,Matches,FA Cup,2024-2025
2c358941,Christian Scott,eng ENG,MF,19,14,5,488,5.4,0,0,0,0,0,0,1,0,0.00,0.00,0.00,0.00,0.00,Matches,FA Cup,2024-2025
9b1da146,Elliot Thorpe,wls WAL,MF,23,10,4,452,5.0,0,0,0,0,0,0,1,0,0.00,0.00,0.00,0.00,0.00,Matches,FA Cup,2024-2025
1415840f,Brandon Mason,eng ENG,"MF,DF",26,7,4,396,4.4,0,0,0,0,0,0,3,0,0.00,0.00,0.00,0.00,0.00,Matches,FA Cup,2024-2025
c332dfe1,Yacouba Traore,eng ENG,"DF,MF",19,7,3,201,2.2,0,0,0,0,0,0,2,0,0.00,0.00,0.00,0.00,0.00,Matches,FA Cup,2024-2025
8f910eb1,Jacob Adams,,GK,,4,2,319,3.5,0,0,0,0,0,0,0,0,0.00,0.00,0.00,0.00,0.00,Matches,FA Cup,2024-2025
d1c509d9,Luke Dreher,eng ENG,MF,25,3,2,131,1.5,0,0,0,0,0,0,0,0,0.00,0.00,0.00,0.00,0.00,Matches,FA Cup,2024-2025
dd6be055,Taylor Clark,eng ENG,DF,19,2,1,56,0.6,0,0,0,0,0,0,0,0,0.00,0.00,0.00,0.00,0.00,Matches,FA Cup,2024-2025
bb165e36,Sean Jordon Adarkwa,eng ENG,FW,23,2,0,40,0.4,0,0,0,0,0,0,0,0,0.00,0.00,0.00,0.00,0.00,Matches,FA Cup,2024-2025
a3d04dc8,Todd Miller,eng ENG,MF,21,3,0,38,0.4,0,0,0,0,0,0,0,0,0.00,0.00,0.00,0.00,0.00,Matches,FA Cup,2024-2025
ccb62b10,Jahmari Clarke,jm JAM,FW,20,2,0,33,0.4,0,0,0,0,0,0,0,0,0.00,0.00,0.00,0.00,0.00,Matches,FA Cup,2024-2025
10ae58a8,Jeffrey Sekyere,be BEL,FW,20,4,0,17,0.2,0,0,0,0,0,0,0,0,0.00,0.00,0.00,0.00,0.00,Matches,FA Cup,2024-2025
296904e8,Tobi Omole,eng ENG,DF,24,3,0,12,0.1,0,0,0,0,0,0,0,0,0.00,0.00,0.00,0.00,0.00,Matches,FA Cup,2024-2025
776270a4,Jedidiah Brown,eng ENG,FW,25,1,0,2,0.0,0,0,0,0,0,0,0,0,0.00,0.00,0.00,0.00,0.00,Matches,FA Cup,2024-2025
61ece6ec,Jacob Berkeley-Agyepong,gd GRN,MF,27,0,0,,,,,,,,,,,,,,,,Matches,FA Cup,2024-2025
cce0ae26,Nathan Harness,eng ENG,GK,24,0,0,,,,,,,,,,,,,,,,Matches,FA Cup,2024-2025
df5c6206,James Hillson,eng ENG,GK,23,0,0,,,,,,,,,,,,,,,,Matches,FA Cup,2024-2025
fb798777,Henry Jeffcott,eng ENG,DF,20,0,0,,,,,,,,,,,,,,,,Matches,FA Cup,2024-2025
8f63e08a,Declan Phillips,,MF,,0,0,,,,,,,,,,,,,,,,Matches,FA Cup,2024-2025
a5ca9127,Conor Coventry,ie IRL,MF,24,44,44,"3,810",42.3,1,2,3,1,0,0,11,0,0.02,0.05,0.07,0.02,0.07,Matches,FA Cup,2024-2025
bba2a6a4,Macaulay Gillesphey,eng ENG,DF,28,44,43,"3,881",43.1,5,3,8,5,0,0,3,0,0.12,0.07,0.19,0.12,0.19,Matches,FA Cup,2024-2025
075ee463,Joshua Edwards,eng ENG,"DF,MF",24,38,38,"3,132",34.8,1,5,6,1,0,0,5,0,0.03,0.14,0.17,0.03,0.17,Matches,FA Cup,2024-2025
2b5b375a,Tyreece Campbell,jm JAM,"MF,FW",20,44,37,"3,267",36.3,7,1,8,7,0,0,5,0,0.19,0.03,0.22,0.19,0.22,Matches,FA Cup,2024-2025
d6d15aea,Greg Docherty,sct SCO,MF,27,40,37,"3,160",35.1,4,2,6,4,0,0,6,1,0.11,0.06,0.17,0.11,0.17,Matches,FA Cup,2024-2025
cda3eb58,Lloyd Jones,eng ENG,DF,28,36,35,"3,104",34.5,3,0,3,3,0,0,6,0,0.09,0.00,0.09,0.09,0.09,Matches,FA Cup,2024-2025
6f487e5d,Thierry Small,eng ENG,"MF,DF",19,39,32,"2,861",31.8,2,3,5,2,0,0,6,0,0.06,0.09,0.16,0.06,0.16,Matches,FA Cup,2024-2025
2aaadf33,Luke Berry,eng ENG,MF,32,41,32,"2,420",26.9,7,5,12,7,0,0,9,0,0.26,0.19,0.45,0.26,0.45,Matches,FA Cup,2024-2025
dc31b84c,Kayne Ramsey,eng ENG,"DF,MF",23,32,30,"2,656",29.5,1,1,2,1,0,0,4,0,0.03,0.03,0.07,0.03,0.07,Matches,FA Cup,2024-2025
4e43f8c0,Matthew Godden,eng ENG,FW,33,41,29,"2,510",27.9,18,1,19,15,3,3,1,0,0.65,0.04,0.68,0.54,0.57,Matches,FA Cup,2024-2025
02bed2cb,William Mannion,eng ENG,GK,26,28,27,"2,475",27.5,0,0,0,0,0,0,0,0,0.00,0.00,0.00,0.00,0.00,Matches,FA Cup,2024-2025
152bcd76,Alex Mitchell,eng ENG,DF,22,31,26,"2,339",26.0,2,1,3,2,0,0,6,0,0.08,0.04,0.12,0.08,0.12,Matches,FA Cup,2024-2025
fb1fe4d6,Ashley Maynard-Brewer,au AUS,GK,25,19,19,"1,665",18.5,0,0,0,0,0,0,3,0,0.00,0.00,0.00,0.00,0.00,Matches,FA Cup,2024-2025
fb69f073,Karoy Anderson,jm JAM,MF,19,38,16,"1,669",18.5,2,0,2,2,0,0,8,0,0.11,0.00,0.11,0.11,0.11,Matches,FA Cup,2024-2025
ce3da348,Miles Leaburn,eng ENG,FW,20,27,14,"1,346",15.0,6,2,8,6,0,0,2,0,0.40,0.13,0.53,0.40,0.53,Matches,FA Cup,2024-2025
a8f37ecb,Gassan Yahyai,ma MAR,FW,24,19,11,837,9.3,1,1,2,1,0,0,1,0,0.11,0.11,0.22,0.11,0.22,Matches,FA Cup,2024-2025
858409be,Allan Campbell,sct SCO,MF,26,12,6,552,6.1,0,1,1,0,0,0,1,0,0.00,0.16,0.16,0.00,0.16,Matches,FA Cup,2024-2025
1512c4f6,Terry Taylor,sct SCO,MF,23,8,6,516,5.7,0,0,0,0,0,0,1,0,0.00,0.00,0.00,0.00,0.00,Matches,FA Cup,2024-2025
76269a4e,Tennai Watson,eng ENG,"MF,DF",27,16,6,501,5.6,0,1,1,0,0,0,1,0,0.00,0.18,0.18,0.00,0.18,Matches,FA Cup,2024-2025
5fca0d38,Daniel Kanu,sl SLE,"FW,MF",19,17,5,589,6.5,1,0,1,1,0,0,1,0,0.15,0.00,0.15,0.15,0.15,Matches,FA Cup,2024-2025
dc43f033,Rarmani Edmonds-Green,eng ENG,DF,25,11,5,557,6.2,1,0,1,1,0,0,3,0,0.16,0.00,0.16,0.16,0.16,Matches,FA Cup,2024-2025
6e90b2f7,Tom McIntyre,sct SCO,DF,25,10,4,327,3.6,0,0,0,0,0,0,0,0,0.00,0.00,0.00,0.00,0.00,Matches,FA Cup,2024-2025
4f4a7bcb,Alexander Gilbert,ie IRL,MF,22,12,2,305,3.4,0,4,4,0,0,0,2,0,0.00,1.18,1.18,0.00,1.18,Matches,FA Cup,2024-2025
392954e2,Zach Mitchell,eng ENG,DF,19,1,1,90,1.0,0,0,0,0,0,0,0,0,0.00,0.00,0.00,0.00,0.00,Matches,FA Cup,2024-2025
3595affe,Dan Potts,eng ENG,DF,30,1,1,74,0.8,0,0,0,0,0,0,1,0,0.00,0.00,0.00,0.00,0.00,Matches,FA Cup,2024-2025
c3afe72e,Chuks Aneke,eng ENG,"FW,MF",31,26,0,637,7.1,1,5,6,1,0,0,3,1,0.14,0.71,0.85,0.14,0.85,Matches,FA Cup,2024-2025
5713eac3,Micah Mbick,eng ENG,FW,17,4,0,64,0.7,0,0,0,0,0,0,0,0,0.00,0.00,0.00,0.00,0.00,Matches,FA Cup,2024-2025
9a008f51,Danny Hylton,eng ENG,FW,35,6,0,60,0.7,1,0,1,1,0,0,1,0,1.50,0.00,1.50,1.50,1.50,Matches,FA Cup,2024-2025
27c08f02,Kaheim Dixon,jm JAM,FW,19,3,0,58,0.6,0,0,0,0,0,0,0,0,0.00,0.00,0.00,0.00,0.00,Matches,FA Cup,2024-2025
d40d1777,Joshua Laqeretabua,fj FIJ,DF,18,2,0,13,0.1,0,0,0,0,0,0,0,0,0.00,0.00,0.00,0.00,0.00,Matches,FA Cup,2024-2025
244dacbb,Ibrahim Fullah,eng ENG,MF,17,1,0,6,0.1,0,0,0,0,0,0,0,0,0.00,0.00,0.00,0.00,0.00,Matches,FA Cup,2024-2025
0a79fc2d,Kai Enslin,jp JPN,MF,18,1,0,3,0.0,0,0,0,0,0,0,0,0,0.00,0.00,0.00,0.00,0.00,Matches,FA Cup,2024-2025
0248e806,Dean Bouzanis,au AUS,GK,33,0,0,,,,,,,,,,,,,,,,Matches,FA Cup,2024-2025
4ecc9246,Tayo Edun,eng ENG,"DF,MF",26,0,0,,,,,,,,,,,,,,,,Matches,FA Cup,2024-2025
9cba5b1a,Tommy Reid,eng ENG,GK,19,0,0,,,,,,,,,,,,,,,,Matches,FA Cup,2024-2025
2d82641c,Oliver Casey,eng ENG,DF,23,43,43,"3,814",42.4,3,1,4,3,0,0,6,0,0.07,0.02,0.09,0.07,0.09,Matches,FA Cup,2024-2025
8ba29cfb,Lee Evans,wls WAL,MF,30,42,40,"3,520",39.1,4,5,9,1,3,3,11,0,0.10,0.13,0.23,0.03,0.15,Matches,FA Cup,2024-2025
65c3efa2,Odeluga Offiah,eng ENG,DF,21,40,40,"3,486",38.7,1,1,2,1,0,0,3,0,0.03,0.03,0.05,0.03,0.05,Matches,FA Cup,2024-2025
1c12ee0a,Rob Apter,sct SCO,MF,21,45,40,"3,201",35.6,8,3,11,8,0,0,0,0,0.22,0.08,0.31,0.22,0.31,Matches,FA Cup,2024-2025
af49fb14,Harry Tyrer,eng ENG,GK,22,38,38,"3,420",38.0,0,0,0,0,0,0,5,0,0.00,0.00,0.00,0.00,0.00,Matches,FA Cup,2024-2025
f2893f70,Albie Morgan,eng ENG,MF,24,36,36,"3,156",35.1,5,8,13,5,0,0,3,0,0.14,0.23,0.37,0.14,0.37,Matches,FA Cup,2024-2025
eeb6551f,Ashley Fletcher,eng ENG,FW,28,41,32,"2,476",27.5,11,8,19,11,0,0,0,1,0.40,0.29,0.69,0.40,0.69,Matches,FA Cup,2024-2025
33e2d513,James Husband,eng ENG,DF,30,34,31,"2,663",29.6,3,1,4,3,0,0,8,0,0.10,0.03,0.14,0.10,0.14,Matches,FA Cup,2024-2025
de83e2e0,Hayden Coulson,eng ENG,"DF,MF",26,35,26,"2,303",25.6,0,0,0,0,0,0,4,0,0.00,0.00,0.00,0.00,0.00,Matches,FA Cup,2024-2025
e9d29bb8,Kyle Joseph,sct SCO,FW,22,24,24,"1,981",22.0,7,3,10,7,0,0,3,0,0.32,0.14,0.45,0.32,0.45,Matches,FA Cup,2024-2025
1db3715b,Sonny Carey,eng ENG,MF,23,33,23,"2,095",23.3,8,0,8,7,1,1,3,0,0.34,0.00,0.34,0.30,0.30,Matches,FA Cup,2024-2025
63ffd16e,CJ Hamilton,ie IRL,MF,29,34,22,"2,109",23.4,3,5,8,3,0,0,1,0,0.13,0.21,0.34,0.13,0.34,Matches,FA Cup,2024-2025
0ff967f7,Matthew Pennington,eng ENG,DF,29,21,18,"1,609",17.9,0,0,0,0,0,0,2,0,0.00,0.00,0.00,0.00,0.00,Matches,FA Cup,2024-2025
74cae353,Niall Ennis,eng ENG,FW,25,19,17,"1,417",15.7,7,2,9,7,0,0,0,0,0.44,0.13,0.57,0.44,0.57,Matches,FA Cup,2024-2025
a0e00e23,Elkan Baggott,id IDN,DF,21,18,15,"1,332",14.8,0,1,1,0,0,0,3,0,0.00,0.07,0.07,0.00,0.07,Matches,FA Cup,2024-2025
5d3ec9c5,Jordan Gabriel,eng ENG,DF,25,30,13,"1,382",15.4,0,3,3,0,0,0,2,0,0.00,0.20,0.20,0.00,0.20,Matches,FA Cup,2024-2025
ed8d597c,Dominic Ballard,eng ENG,"FW,MF",19,18,10,793,8.8,1,0,1,1,0,0,1,0,0.11,0.00,0.11,0.11,0.11,Matches,FA Cup,2024-2025
89265c89,Richard O'Donnell,eng ENG,GK,35,6,6,540,6.0,0,0,0,0,0,0,0,0,0.00,0.00,0.00,0.00,0.00,Matches,FA Cup,2024-2025
99666073,Oliver Norburn,gd GRN,MF,31,8,6,509,5.7,0,0,0,0,0,0,5,0,0.00,0.00,0.00,0.00,0.00,Matches,FA Cup,2024-2025
9c8bd93c,Tom Bloxham,eng ENG,FW,21,14,5,662,7.4,2,3,5,2,0,0,0,0,0.27,0.41,0.68,0.27,0.68,Matches,FA Cup,2024-2025
e8a427a3,Elliot Embleton,eng ENG,MF,25,15,4,481,5.3,0,1,1,0,0,0,0,0,0.00,0.19,0.19,0.00,0.19,Matches,FA Cup,2024-2025
3b8b641c,Jordan Rhodes,sct SCO,FW,34,21,3,548,6.1,0,1,1,0,0,0,2,0,0.00,0.16,0.16,0.00,0.16,Matches,FA Cup,2024-2025
71df6e0e,Jake Beesley,eng ENG,"FW,MF",27,22,3,484,5.4,1,1,2,1,0,0,3,1,0.19,0.19,0.37,0.19,0.37,Matches,FA Cup,2024-2025
e76ad32b,Sam Silvera,au AUS,MF,23,15,3,454,5.0,1,1,2,1,0,0,3,0,0.20,0.20,0.40,0.20,0.40,Matches,FA Cup,2024-2025
6612cd8c,Josh Onomah,eng ENG,MF,27,15,3,357,4.0,1,0,1,1,0,0,0,0,0.25,0.00,0.25,0.25,0.25,Matches,FA Cup,2024-2025
9610c9c1,Ryan Finnigan,eng ENG,MF,20,8,2,207,2.3,1,0,1,1,0,0,0,0,0.43,0.00,0.43,0.43,0.43,Matches,FA Cup,2024-2025
5397e7d8,Daniel Grimshaw,eng ENG,GK,26,2,2,180,2.0,0,0,0,0,0,0,0,0,0.00,0.00,0.00,0.00,0.00,Matches,FA Cup,2024-2025
d813936f,Zachary Ashworth,wls WAL,DF,21,6,1,185,2.1,0,0,0,0,0,0,1,0,0.00,0.00,0.00,0.00,0.00,Matches,FA Cup,2024-2025
3957f7ae,Terry Bondo,eng ENG,FW,17,3,0,58,0.6,0,0,0,0,0,0,0,0,0.00,0.00,0.00,0.00,0.00,Matches,FA Cup,2024-2025
235a62f8,Dominic Thompson,eng ENG,"DF,MF",24,3,0,38,0.4,0,0,0,0,0,0,0,0,0.00,0.00,0.00,0.00,0.00,Matches,FA Cup,2024-2025
914cabbb,Andy Lyons,ie IRL,"DF,MF",23,1,0,19,0.2,0,0,0,0,0,0,0,0,0.00,0.00,0.00,0.00,0.00,Matches,FA Cup,2024-2025
a5ebc83a,MacKenzie Chapman,eng ENG,GK,21,0,0,,,,,,,,,,,,,,,,Matches,FA Cup,2024-2025
e70e6657,Dan Sassi,eng ENG,DF,20,0,0,,,,,,,,,,,,,,,,Matches,FA Cup,2024-2025
58448fbb,Milan van Ewijk,nl NED,"DF,MF",23,45,45,"4,010",44.6,2,2,4,2,0,0,1,0,0.04,0.04,0.09,0.04,0.09,Matches,FA Cup,2024-2025
4d395e2b,Jack Rudoni,eng ENG,MF,24,43,40,"3,502",38.9,9,12,21,9,0,0,3,0,0.23,0.31,0.54,0.23,0.54,Matches,FA Cup,2024-2025
6a471ee8,Bobby Thomas,eng ENG,DF,23,38,37,"3,334",37.0,5,0,5,5,0,0,4,0,0.13,0.00,0.13,0.13,0.13,Matches,FA Cup,2024-2025
5e67ea3a,Tatsuhiro Sakamoto,jp JPN,"MF,FW",27,42,30,"2,587",28.7,4,6,10,4,0,0,4,0,0.14,0.21,0.35,0.14,0.35,Matches,FA Cup,2024-2025
a4183553,Joël Latibeaudière,jm JAM,DF,24,33,29,"2,574",28.6,0,0,0,0,0,0,5,0,0.00,0.00,0.00,0.00,0.00,Matches,FA Cup,2024-2025
9f12e0f8,Oliver Dovin,se SWE,GK,22,28,28,"2,467",27.4,0,0,0,0,0,0,1,0,0.00,0.00,0.00,0.00,0.00,Matches,FA Cup,2024-2025
26d3b5be,Ellis Simms,eng ENG,FW,23,43,26,"2,286",25.4,6,2,8,6,0,1,1,0,0.24,0.08,0.31,0.24,0.31,Matches,FA Cup,2024-2025
23aa33e2,Liam Kitching,eng ENG,DF,24,27,26,"2,284",25.4,0,1,1,0,0,0,7,0,0.00,0.04,0.04,0.00,0.04,Matches,FA Cup,2024-2025
9722d36c,Josh Eccles,eng ENG,MF,24,39,25,"2,340",26.0,3,3,6,3,0,0,6,0,0.12,0.12,0.23,0.12,0.23,Matches,FA Cup,2024-2025
e8cc2cbb,Victor Torp,dk DEN,MF,25,36,25,"2,107",23.4,6,4,10,5,1,2,2,0,0.26,0.17,0.43,0.21,0.38,Matches,FA Cup,2024-2025
7b4a62af,Ben Sheaf,eng ENG,MF,26,29,23,"2,130",23.7,0,2,2,0,0,0,6,0,0.00,0.08,0.08,0.00,0.08,Matches,FA Cup,2024-2025
676b6c9b,Jake Bidwell,eng ENG,"DF,MF",31,29,23,"2,062",22.9,1,1,2,1,0,0,5,0,0.04,0.04,0.09,0.04,0.09,Matches,FA Cup,2024-2025
91cd37b7,Haji Wright,us USA,"MF,FW",26,27,21,"1,947",21.6,12,1,13,11,1,1,1,0,0.55,0.05,0.60,0.51,0.55,Matches,FA Cup,2024-2025
36e88fbc,Luis Binks,eng ENG,DF,22,22,21,"1,852",20.6,0,1,1,0,0,0,7,0,0.00,0.05,0.05,0.00,0.05,Matches,FA Cup,2024-2025
2a158ded,Jay Dasilva,wls WAL,"DF,MF",26,31,20,"1,807",20.1,0,1,1,0,0,0,2,1,0.00,0.05,0.05,0.00,0.05,Matches,FA Cup,2024-2025
0d5a541f,Ephron Mason-Clark,jm JAM,"MF,FW",24,30,17,"1,630",18.1,5,5,10,5,0,0,2,0,0.28,0.28,0.55,0.28,0.55,Matches,FA Cup,2024-2025
81a487b9,Matt Grimes,eng ENG,MF,29,16,15,"1,366",15.2,2,1,3,2,0,0,4,0,0.13,0.07,0.20,0.13,0.20,Matches,FA Cup,2024-2025
fb152f96,Brandon Thomas-Asante,gh GHA,FW,25,36,14,"1,449",16.1,4,3,7,4,0,0,3,0,0.25,0.19,0.43,0.25,0.43,Matches,FA Cup,2024-2025
f679abe1,Bradley Collins,eng ENG,GK,27,15,14,"1,313",14.6,0,0,0,0,0,0,2,0,0.00,0.00,0.00,0.00,0.00,Matches,FA Cup,2024-2025
2c183a79,Jamie Allen,eng ENG,MF,29,21,12,"1,004",11.2,0,0,0,0,0,0,1,0,0.00,0.00,0.00,0.00,0.00,Matches,FA Cup,2024-2025
9cd23b05,Norman Bassette,be BEL,FW,19,25,11,907,10.1,2,0,2,2,0,0,5,0,0.20,0.00,0.20,0.20,0.20,Matches,FA Cup,2024-2025
0118dd71,Ben Wilson,eng ENG,GK,31,4,4,360,4.0,0,0,0,0,0,0,1,0,0.00,0.00,0.00,0.00,0.00,Matches,FA Cup,2024-2025
8b6bfc53,Jamie Paterson,eng ENG,"FW,MF",32,8,0,79,0.9,1,0,1,1,0,0,1,0,1.14,0.00,1.14,1.14,1.14,Matches,FA Cup,2024-2025
453f566a,Kasey Palmer,jm JAM,MF,27,3,0,54,0.6,1,0,1,1,0,0,1,0,1.67,0.00,1.67,1.67,1.67,Matches,FA Cup,2024-2025
76c1ea7c,Raphael Borges Rodrigues,au AUS,MF,20,3,0,10,0.1,0,0,0,0,0,0,0,0,0.00,0.00,0.00,0.00,0.00,Matches,FA Cup,2024-2025
8e24902a,Fabio Tavares,eng ENG,FW,23,1,0,1,0.0,0,0,0,0,0,0,0,0,0.00,0.00,0.00,0.00,0.00,Matches,FA Cup,2024-2025
baf7624c,Kai Andrews,wls WAL,MF,17,0,0,,,,,,,,,,,,,,,,Matches,FA Cup,2024-2025
eaaa7fd3,Luke Bell,,GK,,0,0,,,,,,,,,,,,,,,,Matches,FA Cup,2024-2025
08243f52,Harvey Broad,,DF,,0,0,,,,,,,,,,,,,,,,Matches,FA Cup,2024-2025
49f8cc54,Jack Burroughs,sct SCO,"DF,MF",23,0,0,,,,,,,,,,,,,,,,Matches,FA Cup,2024-2025
87caf38a,Aidan Dausch,eng ENG,FW,18,0,0,,,,,,,,,,,,,,,,Matches,FA Cup,2024-2025
fe44269d,Ryan Howley,wls WAL,MF,20,0,0,,,,,,,,,,,,,,,,Matches,FA Cup,2024-2025
03b2e5dd,Isaac Moore,eng ENG,MF,18,0,0,,,,,,,,,,,,,,,,Matches,FA Cup,2024-2025
b50efed4,Callum Perry,,DF,,0,0,,,,,,,,,,,,,,,,Matches,FA Cup,2024-2025
00f1cbc0,Daniel Rachel,eng ENG,GK,18,0,0,,,,,,,,,,,,,,,,Matches,FA Cup,2024-2025
0164f65e,Greg Sandiford,gd GRN,DF,19,0,0,,,,,,,,,,,,,,,,Matches,FA Cup,2024-2025
1a066e69,Maxime Estève,fr FRA,DF,22,46,46,"4,055",45.1,1,0,1,1,0,0,3,0,0.02,0.00,0.02,0.02,0.02,Matches,FA Cup,2024-2025
259fea27,James Trafford,eng ENG,GK,21,45,45,"4,050",45.0,0,0,0,0,0,0,7,0,0.00,0.00,0.00,0.00,0.00,Matches,FA Cup,2024-2025
f6d7d690,Josh Cullen,ie IRL,MF,28,44,43,"3,801",42.2,2,3,5,2,0,0,11,0,0.05,0.07,0.12,0.05,0.12,Matches,FA Cup,2024-2025
e4238fb1,Jaidon Anthony,eng ENG,MF,24,43,42,"3,661",40.7,8,7,15,8,0,0,4,0,0.20,0.17,0.37,0.20,0.37,Matches,FA Cup,2024-2025
24fae784,Connor Roberts,wls WAL,DF,28,41,40,"3,636",40.4,2,3,5,2,0,0,4,0,0.05,0.07,0.12,0.05,0.12,Matches,FA Cup,2024-2025
d313e8ff,CJ Egan-Riley,eng ENG,DF,21,41,40,"3,601",40.0,1,1,2,1,0,0,7,1,0.02,0.02,0.05,0.02,0.05,Matches,FA Cup,2024-2025
47369df8,Josh Brownhill,eng ENG,MF,28,42,39,"3,474",38.6,18,6,24,15,3,3,5,0,0.47,0.16,0.62,0.39,0.54,Matches,FA Cup,2024-2025
5d68f5b2,Lucas,br BRA,DF,23,34,32,"2,794",31.0,0,2,2,0,0,0,7,0,0.00,0.06,0.06,0.00,0.06,Matches,FA Cup,2024-2025
b3f36e72,Zian Flemming,nl NED,FW,25,35,28,"2,424",26.9,12,4,16,12,0,0,3,0,0.45,0.15,0.59,0.45,0.59,Matches,FA Cup,2024-2025
f0068e0f,Josh Laurent,eng ENG,MF,29,42,25,"2,451",27.2,2,2,4,2,0,0,4,0,0.07,0.07,0.15,0.07,0.15,Matches,FA Cup,2024-2025
ca22ccb0,Hannibal Mejbri,tn TUN,MF,21,37,23,"1,924",21.4,1,4,5,1,0,0,8,1,0.05,0.19,0.23,0.05,0.23,Matches,FA Cup,2024-2025
d2b32e91,Bashir Humphreys,eng ENG,DF,21,25,20,"1,777",19.7,1,2,3,1,0,0,3,1,0.05,0.10,0.15,0.05,0.15,Matches,FA Cup,2024-2025
fc076f78,Luca Koleosho,it ITA,MF,19,28,20,"1,677",18.6,2,0,2,2,0,0,4,0,0.11,0.00,0.11,0.11,0.11,Matches,FA Cup,2024-2025
f84a807c,Lyle Foster,za RSA,"FW,MF",23,28,17,"1,590",17.7,2,5,7,2,0,0,4,0,0.11,0.28,0.40,0.11,0.40,Matches,FA Cup,2024-2025
57760e66,Marcus Edwards,eng ENG,MF,25,14,12,936,10.4,1,1,2,1,0,0,1,0,0.10,0.10,0.19,0.10,0.19,Matches,FA Cup,2024-2025
ac0d576d,Jeremy Sarmiento,ec ECU,MF,22,35,11,"1,166",13.0,4,0,4,4,0,0,4,0,0.31,0.00,0.31,0.31,0.31,Matches,FA Cup,2024-2025
4ab53cdb,Jay Rodriguez,eng ENG,FW,35,20,8,747,8.3,2,0,2,1,1,1,1,0,0.24,0.00,0.24,0.12,0.12,Matches,FA Cup,2024-2025
a5212312,Joe Worrall,eng ENG,DF,27,9,3,285,3.2,0,1,1,0,0,0,1,0,0.00,0.32,0.32,0.00,0.32,Matches,FA Cup,2024-2025
9295dc1c,Vitinho,br BRA,MF,25,3,3,235,2.6,1,1,2,1,0,0,0,0,0.38,0.38,0.77,0.38,0.77,Matches,FA Cup,2024-2025
02953b59,Andreas Hountondji,bj BEN,"MF,FW",22,9,2,209,2.3,0,0,0,0,0,0,0,0,0.00,0.00,0.00,0.00,0.00,Matches,FA Cup,2024-2025
1d042188,Dara O'Shea,ie IRL,DF,25,2,2,180,2.0,1,0,1,1,0,0,0,0,0.50,0.00,0.50,0.50,0.50,Matches,FA Cup,2024-2025
debe38a0,John Egan,ie IRL,DF,31,7,1,165,1.8,0,0,0,0,0,0,0,0,0.00,0.00,0.00,0.00,0.00,Matches,FA Cup,2024-2025
2691c772,Ashley Barnes,eng ENG,FW,34,13,1,134,1.5,1,1,2,1,0,0,1,0,0.67,0.67,1.34,0.67,1.34,Matches,FA Cup,2024-2025
eba1e557,Han-Noah Massengo,fr FRA,MF,23,8,1,97,1.1,0,1,1,0,0,0,1,0,0.00,0.93,0.93,0.00,0.93,Matches,FA Cup,2024-2025
6658971d,Václav Hladký,cz CZE,GK,33,1,1,90,1.0,0,0,0,0,0,0,0,0,0.00,0.00,0.00,0.00,0.00,Matches,FA Cup,2024-2025
35516eac,Wilson Odobert,fr FRA,MF,19,1,1,89,1.0,1,0,1,1,0,0,0,0,1.01,0.00,1.01,1.01,1.01,Matches,FA Cup,2024-2025
a1dd3b81,Enock Agyei,be BEL,FW,19,3,0,58,0.6,0,0,0,0,0,0,0,0,0.00,0.00,0.00,0.00,0.00,Matches,FA Cup,2024-2025
d7f99582,Benson Manuel,ao ANG,"FW,MF",27,3,0,46,0.5,1,0,1,1,0,0,1,0,1.96,0.00,1.96,1.96,1.96,Matches,FA Cup,2024-2025
2ee5b0c9,Zeki Amdouni,ch SUI,"FW,MF",23,2,0,35,0.4,1,0,1,1,0,0,0,0,2.57,0.00,2.57,2.57,2.57,Matches,FA Cup,2024-2025
b66b8d5e,Oliver Sonne,pe PER,DF,23,2,0,25,0.3,0,0,0,0,0,0,0,0,0.00,0.00,0.00,0.00,0.00,Matches,FA Cup,2024-2025
c4e87b8b,Wout Weghorst,nl NED,FW,31,2,0,25,0.3,0,0,0,0,0,0,0,0,0.00,0.00,0.00,0.00,0.00,Matches,FA Cup,2024-2025
07d65234,Anass Zaroury,ma MAR,"FW,MF",23,1,0,25,0.3,0,0,0,0,0,0,0,0,0.00,0.00,0.00,0.00,0.00,Matches,FA Cup,2024-2025
4b1d5a70,Shurandy Sambo,cw CUW,DF,22,1,0,19,0.2,0,0,0,0,0,0,0,0,0.00,0.00,0.00,0.00,0.00,Matches,FA Cup,2024-2025
f72293fc,Jóhann Berg Guðmundsson,is ISL,"FW,MF",33,1,0,16,0.2,1,0,1,1,0,0,0,0,5.63,0.00,5.63,5.63,5.63,Matches,FA Cup,2024-2025
ab651565,Nathan Redmond,eng ENG,"FW,MF",30,2,0,14,0.2,0,1,1,0,0,0,0,0,0.00,6.43,6.43,0.00,6.43,Matches,FA Cup,2024-2025
3727dd3c,Jonjo Shelvey,eng ENG,MF,32,2,0,12,0.1,0,0,0,0,0,0,0,0,0.00,0.00,0.00,0.00,0.00,Matches,FA Cup,2024-2025
e1618c22,Aaron Ramsey,eng ENG,MF,21,1,0,7,0.1,0,0,0,0,0,0,0,0,0.00,0.00,0.00,0.00,0.00,Matches,FA Cup,2024-2025
22a93e73,Luke McNally,ie IRL,DF,24,2,0,4,0.0,0,0,0,0,0,0,0,0,0.00,0.00,0.00,0.00,0.00,Matches,FA Cup,2024-2025
98e0d76c,Jaydon Amauri Banel,nl NED,"FW,MF",19,0,0,,,,,,,,,,,,,,,,Matches,FA Cup,2024-2025
b737f944,Hannes Delcroix,ht HAI,DF,25,0,0,,,,,,,,,,,,,,,,Matches,FA Cup,2024-2025
2e590065,Owen Dodgson,eng ENG,"DF,MF",21,0,0,,,,,,,,,,,,,,,,Matches,FA Cup,2024-2025
3d554589,Hjalmar Ekdal,se SWE,DF,25,0,0,,,,,,,,,,,,,,,,Matches,FA Cup,2024-2025
667b65da,Etienne Green,eng ENG,GK,24,0,0,,,,,,,,,,,,,,,,Matches,FA Cup,2024-2025
37bffbb2,Will Hugill,eng ENG,MF,20,0,0,,,,,,,,,,,,,,,,Matches,FA Cup,2024-2025
3de29a71,Vernon Masara,eng ENG,MF,17,0,0,,,,,,,,,,,,,,,,Matches,FA Cup,2024-2025
9ff4987f,Tommy McDermott,eng ENG,MF,19,0,0,,,,,,,,,,,,,,,,Matches,FA Cup,2024-2025
5a425cab,Scott Twine,eng ENG,"FW,MF",25,0,0,,,,,,,,,,,,,,,,Matches,FA Cup,2024-2025
7314bba4,Shane Duffy,ie IRL,DF,32,45,45,"4,040",44.9,4,0,4,4,0,0,4,0,0.09,0.00,0.09,0.09,0.09,Matches,FA Cup,2024-2025
1b40049a,Borja Sainz,es ESP,"FW,MF",23,41,41,"3,607",40.1,18,4,22,18,0,0,8,0,0.45,0.10,0.55,0.45,0.55,Matches,FA Cup,2024-2025
984eb48c,Callum Doyle,eng ENG,DF,20,40,38,"3,440",38.2,1,7,8,1,0,0,11,0,0.03,0.18,0.21,0.03,0.21,Matches,FA Cup,2024-2025
e082af5b,Angus Gunn,sct SCO,GK,28,35,35,"3,104",34.5,0,0,0,0,0,0,1,0,0.00,0.00,0.00,0.00,0.00,Matches,FA Cup,2024-2025
7dc1de91,Kellen Fisher,eng ENG,"DF,MF",20,38,34,"2,692",29.9,0,4,4,0,0,0,10,0,0.00,0.13,0.13,0.00,0.13,Matches,FA Cup,2024-2025
471f16b3,Kenny McLean,sct SCO,"MF,DF",32,34,33,"2,994",33.3,0,4,4,0,0,0,6,1,0.00,0.12,0.12,0.00,0.12,Matches,FA Cup,2024-2025
7271a7d4,Ante Crnac,hr CRO,"FW,MF",20,38,29,"2,495",27.7,7,4,11,7,0,0,2,0,0.25,0.14,0.40,0.25,0.40,Matches,FA Cup,2024-2025
a8d4428b,Josh Sargent,us USA,FW,24,32,28,"2,500",27.8,15,5,20,14,1,2,3,0,0.54,0.18,0.72,0.50,0.68,Matches,FA Cup,2024-2025
b6d1cf5c,Marcelino Núñez,cl CHI,MF,24,32,27,"2,245",24.9,6,4,10,6,0,0,5,0,0.24,0.16,0.40,0.24,0.40,Matches,FA Cup,2024-2025
4d960fc3,Emiliano Marcondes,dk DEN,"MF,FW",29,33,25,"2,280",25.3,5,6,11,5,0,0,5,0,0.20,0.24,0.43,0.20,0.43,Matches,FA Cup,2024-2025
9ade9ce1,Anis Ben Slimane,tn TUN,MF,23,33,25,"2,091",23.2,2,2,4,2,0,0,6,0,0.09,0.09,0.17,0.09,0.17,Matches,FA Cup,2024-2025
bec98750,José Cordoba,pa PAN,DF,23,34,24,"2,103",23.4,1,0,1,1,0,0,4,1,0.04,0.00,0.04,0.04,0.04,Matches,FA Cup,2024-2025
558807c0,Jack Stacey,eng ENG,"DF,MF",28,41,20,"2,143",23.8,2,6,8,2,0,0,5,0,0.08,0.25,0.34,0.08,0.34,Matches,FA Cup,2024-2025
1df214c1,Oscar Schwartau,dk DEN,"MF,FW",18,40,17,"1,564",17.4,1,0,1,1,0,0,3,0,0.06,0.00,0.06,0.06,0.06,Matches,FA Cup,2024-2025
953c30b0,Jakob Sørensen,dk DEN,MF,26,27,14,"1,327",14.7,0,0,0,0,0,0,2,0,0.00,0.00,0.00,0.00,0.00,Matches,FA Cup,2024-2025
b17008fc,Benjamin Chrisene,eng ENG,DF,20,26,12,"1,150",12.8,1,0,1,1,0,0,2,0,0.08,0.00,0.08,0.08,0.08,Matches,FA Cup,2024-2025
b6db05c3,Jacob Wright,eng ENG,MF,18,15,10,888,9.9,0,4,4,0,0,0,2,0,0.00,0.41,0.41,0.00,0.41,Matches,FA Cup,2024-2025
754e3f2d,George Long,eng ENG,GK,30,9,8,765,8.5,0,0,0,0,0,0,0,0,0.00,0.00,0.00,0.00,0.00,Matches,FA Cup,2024-2025
bc62d898,Amankwah Forson,gh GHA,"MF,FW",21,21,8,727,8.1,2,2,4,2,0,0,2,0,0.25,0.25,0.50,0.25,0.50,Matches,FA Cup,2024-2025
e814e1cf,Lewis Dobbin,eng ENG,"FW,MF",21,10,8,640,7.1,2,0,2,2,0,0,1,0,0.28,0.00,0.28,0.28,0.28,Matches,FA Cup,2024-2025
baf80e27,Lucien Mahovo,eng ENG,DF,19,8,6,524,5.8,0,0,0,0,0,0,0,0,0.00,0.00,0.00,0.00,0.00,Matches,FA Cup,2024-2025
007b39a5,Onel Hernández,cu CUB,FW,31,23,5,639,7.1,0,3,3,0,0,0,2,0,0.00,0.42,0.42,0.00,0.42,Matches,FA Cup,2024-2025
e1bf7567,Vicente Reyes,cl CHI,GK,20,4,3,271,3.0,0,0,0,0,0,0,0,0,0.00,0.00,0.00,0.00,0.00,Matches,FA Cup,2024-2025
1a28b886,Ruairi Mcconville,nir NIR,DF,19,8,3,205,2.3,0,0,0,0,0,0,0,0,0.00,0.00,0.00,0.00,0.00,Matches,FA Cup,2024-2025
54ba5d19,Gabriel Forsyth,sct SCO,MF,17,5,2,163,1.8,0,0,0,0,0,0,0,0,0.00,0.00,0.00,0.00,0.00,Matches,FA Cup,2024-2025
e4b6d914,Liam Gibbs,eng ENG,MF,21,9,1,212,2.4,0,0,0,0,0,0,0,0,0.00,0.00,0.00,0.00,0.00,Matches,FA Cup,2024-2025
19a9cb70,Kaide Gordon,eng ENG,FW,19,10,1,181,2.0,1,0,1,1,0,0,1,0,0.50,0.00,0.50,0.50,0.50,Matches,FA Cup,2024-2025
2691c772,Ashley Barnes,eng ENG,FW,34,8,1,173,1.9,0,0,0,0,0,0,1,0,0.00,0.00,0.00,0.00,0.00,Matches,FA Cup,2024-2025
742ea558,Matěj Jurásek,cz CZE,FW,20,2,1,83,0.9,0,0,0,0,0,0,0,0,0.00,0.00,0.00,0.00,0.00,Matches,FA Cup,2024-2025
0aeeed3f,Christian Fassnacht,ch SUI,FW,30,3,1,82,0.9,0,0,0,0,0,0,0,0,0.00,0.00,0.00,0.00,0.00,Matches,FA Cup,2024-2025
e9254eec,Grant Hanley,sct SCO,DF,32,3,1,79,0.9,0,0,0,0,0,0,0,0,0.00,0.00,0.00,0.00,0.00,Matches,FA Cup,2024-2025
fd195bd7,Elliot Myles,wls WAL,FW,17,3,0,45,0.5,0,0,0,0,0,0,0,0,0.00,0.00,0.00,0.00,0.00,Matches,FA Cup,2024-2025
291e3ec3,Adam Idah,ie IRL,FW,23,1,0,30,0.3,0,0,0,0,0,0,0,0,0.00,0.00,0.00,0.00,0.00,Matches,FA Cup,2024-2025
a6fbfa77,Abu Kamara,eng ENG,"FW,MF",21,2,0,17,0.2,0,0,0,0,0,0,0,0,0.00,0.00,0.00,0.00,0.00,Matches,FA Cup,2024-2025
9936c8e1,Brad Hills,eng ENG,DF,20,3,0,16,0.2,0,0,0,0,0,0,0,0,0.00,0.00,0.00,0.00,0.00,Matches,FA Cup,2024-2025
282cee33,Ken Aboh,eng ENG,"FW,MF",19,0,0,,,,,,,,,,,,,,,,Matches,FA Cup,2024-2025
f670e314,Daniel Barden,wls WAL,GK,23,0,0,,,,,,,,,,,,,,,,Matches,FA Cup,2024-2025
76f24ab5,AJ Bridge,eng ENG,MF,19,0,0,,,,,,,,,,,,,,,,Matches,FA Cup,2024-2025
47a43e82,Uriah Djedje,eng ENG,MF,18,0,0,,,,,,,,,,,,,,,,Matches,FA Cup,2024-2025
1dd36d06,Dylan Jones,,FW,,0,0,,,,,,,,,,,,,,,,Matches,FA Cup,2024-2025
70e9afd8,Archie Mair,sct SCO,GK,23,0,0,,,,,,,,,,,,,,,,Matches,FA Cup,2024-2025
0d70a9e6,Errol Mundle-Smith,eng ENG,FW,18,0,0,,,,,,,,,,,,,,,,Matches,FA Cup,2024-2025
35be8087,Tony Springett,ie IRL,MF,21,0,0,,,,,,,,,,,,,,,,Matches,FA Cup,2024-2025
11e3b2ee,Jaden Warner,eng ENG,DF,21,0,0,,,,,,,,,,,,,,,,Matches,FA Cup,2024-2025
457cb02f,Ivor Pandur,hr CRO,GK,24,44,44,"3,960",44.0,0,0,0,0,0,0,3,0,0.00,0.00,0.00,0.00,0.00,Matches,FA Cup,2024-2025
97aba136,Lewie Coyle,eng ENG,DF,28,44,42,"3,717",41.3,1,2,3,1,0,0,6,0,0.02,0.05,0.07,0.02,0.07,Matches,FA Cup,2024-2025
e5c107a1,Alfie Jones,ca CAN,DF,26,41,37,"3,389",37.7,0,0,0,0,0,0,8,0,0.00,0.00,0.00,0.00,0.00,Matches,FA Cup,2024-2025
315eb8f6,Sean McLoughlin,ie IRL,DF,27,37,37,"3,213",35.7,0,1,1,0,0,0,6,0,0.00,0.03,0.03,0.00,0.03,Matches,FA Cup,2024-2025
ba4d4908,Regan Slater,eng ENG,MF,24,44,36,"2,966",33.0,1,1,2,1,0,0,6,0,0.03,0.03,0.06,0.03,0.06,Matches,FA Cup,2024-2025
29c29cef,Charlie Hughes,eng ENG,DF,20,27,26,"2,345",26.1,1,1,2,1,0,0,9,0,0.04,0.04,0.08,0.04,0.08,Matches,FA Cup,2024-2025
a6fbfa77,Abu Kamara,eng ENG,"MF,FW",21,36,25,"2,256",25.1,5,3,8,5,0,0,1,0,0.20,0.12,0.32,0.20,0.32,Matches,FA Cup,2024-2025
81255c03,João Pedro,it ITA,FW,32,35,25,"2,145",23.8,6,2,8,6,0,0,4,1,0.25,0.08,0.34,0.25,0.34,Matches,FA Cup,2024-2025
2c08cab0,Gustavo Puerta,co COL,MF,21,30,22,"1,889",21.0,0,0,0,0,0,0,3,1,0.00,0.00,0.00,0.00,0.00,Matches,FA Cup,2024-2025
ad1f61f3,Steven Alzate,co COL,MF,25,28,21,"1,941",21.6,0,1,1,0,0,0,2,0,0.00,0.05,0.05,0.00,0.05,Matches,FA Cup,2024-2025
01962d0d,Joe Gelhardt,eng ENG,"MF,FW",22,20,19,"1,593",17.7,5,0,5,3,2,2,4,0,0.28,0.00,0.28,0.17,0.17,Matches,FA Cup,2024-2025
e0d1510a,Cody Drameh,eng ENG,DF,22,28,17,"1,649",18.3,1,1,2,1,0,0,2,0,0.05,0.05,0.11,0.05,0.11,Matches,FA Cup,2024-2025
2f0cfc9b,Xavier Simons,eng ENG,MF,21,20,13,"1,208",13.4,2,0,2,2,0,0,3,0,0.15,0.00,0.15,0.15,0.15,Matches,FA Cup,2024-2025
e9d29bb8,Kyle Joseph,sct SCO,"FW,MF",22,16,13,"1,009",11.2,0,0,0,0,0,0,0,0,0.00,0.00,0.00,0.00,0.00,Matches,FA Cup,2024-2025
6456e745,Abdülkadir Ömür,tr TUR,"MF,FW",25,20,12,"1,064",11.8,0,0,0,0,0,0,1,0,0.00,0.00,0.00,0.00,0.00,Matches,FA Cup,2024-2025
453f566a,Kasey Palmer,jm JAM,MF,27,26,11,"1,086",12.1,1,2,3,1,0,1,2,0,0.08,0.17,0.25,0.08,0.25,Matches,FA Cup,2024-2025
73b1d65b,Ryan Giles,eng ENG,DF,24,16,11,904,10.0,0,0,0,0,0,0,0,0,0.00,0.00,0.00,0.00,0.00,Matches,FA Cup,2024-2025
b6cafcad,Bachir Belloumi,dz ALG,"FW,MF",22,10,10,815,9.1,2,2,4,2,0,0,1,0,0.22,0.22,0.44,0.22,0.44,Matches,FA Cup,2024-2025
ec11ecf8,Chris Bedia,ci CIV,FW,28,21,9,921,10.2,3,0,3,2,1,1,0,0,0.29,0.00,0.29,0.20,0.20,Matches,FA Cup,2024-2025
10876d02,Marvin Mehlem,de GER,MF,26,16,9,902,10.0,0,3,3,0,0,0,2,0,0.00,0.30,0.30,0.00,0.30,Matches,FA Cup,2024-2025
43f5d4e6,Matt Crooks,eng ENG,"MF,FW",30,18,9,789,8.8,3,0,3,3,0,0,4,1,0.34,0.00,0.34,0.34,0.34,Matches,FA Cup,2024-2025
dab84ad2,Mason Burstow,eng ENG,"FW,MF",20,31,8,953,10.6,2,1,3,2,0,0,1,0,0.19,0.09,0.28,0.19,0.28,Matches,FA Cup,2024-2025
debe38a0,John Egan,ie IRL,DF,31,11,8,730,8.1,0,0,0,0,0,0,1,0,0.00,0.00,0.00,0.00,0.00,Matches,FA Cup,2024-2025
983515f8,Liam Millar,ca CAN,"MF,FW",24,11,6,619,6.9,1,2,3,1,0,0,3,0,0.15,0.29,0.44,0.15,0.44,Matches,FA Cup,2024-2025
9af7cc6d,Ryan Longman,eng ENG,"MF,FW",23,9,6,478,5.3,1,0,1,1,0,0,0,0,0.19,0.00,0.19,0.19,0.19,Matches,FA Cup,2024-2025
7dffa52c,Óscar Zambrano,ec ECU,MF,20,8,5,390,4.3,1,1,2,1,0,0,0,0,0.23,0.23,0.46,0.23,0.46,Matches,FA Cup,2024-2025
2875c756,Matty Jacob,eng ENG,DF,23,8,4,447,5.0,1,0,1,1,0,0,2,0,0.20,0.00,0.20,0.20,0.20,Matches,FA Cup,2024-2025
27504df8,Lincoln,br BRA,MF,25,11,4,420,4.7,0,1,1,0,0,0,0,0,0.00,0.21,0.21,0.00,0.21,Matches,FA Cup,2024-2025
bebe4df1,Finley Burns,eng ENG,"DF,MF",21,9,4,311,3.5,0,0,0,0,0,0,1,0,0.00,0.00,0.00,0.00,0.00,Matches,FA Cup,2024-2025
15944afd,Eliot Matazo,be BEL,MF,22,6,4,300,3.3,1,0,1,1,0,0,1,0,0.30,0.00,0.30,0.30,0.30,Matches,FA Cup,2024-2025
7c2a398c,Nordin Amrabat,ma MAR,MF,37,10,2,288,3.2,0,1,1,0,0,0,0,0,0.00,0.31,0.31,0.00,0.31,Matches,FA Cup,2024-2025
810912d5,Carl Rushworth,eng ENG,GK,23,2,2,180,2.0,0,0,0,0,0,0,0,0,0.00,0.00,0.00,0.00,0.00,Matches,FA Cup,2024-2025
bd885979,Louie Barry,eng ENG,MF,21,4,2,165,1.8,0,0,0,0,0,0,0,0,0.00,0.00,0.00,0.00,0.00,Matches,FA Cup,2024-2025
213ab9bb,Oscar Estupiñan,co COL,FW,27,2,2,147,1.6,1,0,1,0,1,1,0,0,0.61,0.00,0.61,0.00,0.00,Matches,FA Cup,2024-2025
3ce6c74d,Harry Vaughan,ie IRL,MF,20,3,1,103,1.1,0,0,0,0,0,0,1,0,0.00,0.00,0.00,0.00,0.00,Matches,FA Cup,2024-2025
f471718a,William Jarvis,eng ENG,MF,21,6,0,161,1.8,0,0,0,0,0,0,0,0,0.00,0.00,0.00,0.00,0.00,Matches,FA Cup,2024-2025
4f20f4af,Tyrell Sellars-Fleming,eng ENG,MF,19,4,0,8,0.1,0,0,0,0,0,0,0,0,0.00,0.00,0.00,0.00,0.00,Matches,FA Cup,2024-2025
cce3472d,Stanley Ashbee,ie IRL,DF,17,0,0,,,,,,,,,,,,,,,,Matches,FA Cup,2024-2025
2fa9f1e9,Rocco Coyle,eng ENG,MF,17,0,0,,,,,,,,,,,,,,,,Matches,FA Cup,2024-2025
3708655f,Brandon Fleming,eng ENG,"DF,MF",24,0,0,,,,,,,,,,,,,,,,Matches,FA Cup,2024-2025
28efa226,Thimothee Lo Tutala,fr FRA,GK,21,0,0,,,,,,,,,,,,,,,,Matches,FA Cup,2024-2025
a1f5c9e1,Zane Myers,eng ENG,DF,18,0,0,,,,,,,,,,,,,,,,Matches,FA Cup,2024-2025
abc06eb3,Anthony Racioppi,ch SUI,GK,25,0,0,,,,,,,,,,,,,,,,Matches,FA Cup,2024-2025
10efd0e1,Jean Seri,ci CIV,MF,33,0,0,,,,,,,,,,,,,,,,Matches,FA Cup,2024-2025
fa027b60,Doğukan Sınık,tr TUR,MF,25,0,0,,,,,,,,,,,,,,,,Matches,FA Cup,2024-2025
596088c2,Andy Smith,sct SCO,DF,22,0,0,,,,,,,,,,,,,,,,Matches,FA Cup,2024-2025
4575b888,Nathan Tinsdale,,MF,,0,0,,,,,,,,,,,,,,,,Matches,FA Cup,2024-2025
f7722d79,Malvind Benning,eng ENG,"DF,MF",30,44,39,"3,622",40.2,3,5,8,2,1,1,10,0,0.07,0.12,0.20,0.05,0.17,Matches,FA Cup,2024-2025
afd24e42,Alex Gilliead,eng ENG,MF,28,42,37,"3,251",36.1,0,1,1,0,0,0,5,0,0.00,0.03,0.03,0.00,0.03,Matches,FA Cup,2024-2025
9a87aaad,Luca Hoole,wls WAL,"DF,MF",22,39,36,"3,210",35.7,1,2,3,1,0,0,6,0,0.03,0.06,0.08,0.03,0.08,Matches,FA Cup,2024-2025
185321d3,Josh Feeney,eng ENG,DF,19,37,35,"3,134",34.8,1,2,3,1,0,0,5,1,0.03,0.06,0.09,0.03,0.09,Matches,FA Cup,2024-2025
0bcb6e61,George Lloyd,eng ENG,FW,24,44,34,"2,998",33.3,5,3,8,5,0,0,6,0,0.15,0.09,0.24,0.15,0.24,Matches,FA Cup,2024-2025
7abbf224,Morgan Feeney,eng ENG,DF,25,36,34,"2,962",32.9,1,1,2,1,0,0,4,0,0.03,0.03,0.06,0.03,0.06,Matches,FA Cup,2024-2025
e66b6ae0,John Marquis,eng ENG,FW,32,40,34,"2,878",32.0,11,1,12,9,2,5,5,1,0.34,0.03,0.38,0.28,0.31,Matches,FA Cup,2024-2025
dd26b605,Jamal Blackman,eng ENG,GK,30,27,27,"2,430",27.0,0,0,0,0,0,0,1,0,0.00,0.00,0.00,0.00,0.00,Matches,FA Cup,2024-2025
a42ee10f,Aaron Pierre,gd GRN,DF,31,33,27,"2,396",26.6,3,1,4,3,0,0,9,0,0.11,0.04,0.15,0.11,0.15,Matches,FA Cup,2024-2025
f0dce158,Funso Ojo,be BEL,MF,32,31,22,"2,021",22.5,0,2,2,0,0,0,7,0,0.00,0.09,0.09,0.00,0.09,Matches,FA Cup,2024-2025
01ba3996,Taylor Perry,eng ENG,MF,23,34,20,"1,723",19.1,3,1,4,3,0,0,4,0,0.16,0.05,0.21,0.16,0.21,Matches,FA Cup,2024-2025
2eac1788,Toby Savin,ga GAB,GK,24,19,19,"1,710",19.0,0,0,0,0,0,0,2,0,0.00,0.00,0.00,0.00,0.00,Matches,FA Cup,2024-2025
1c86192d,Leo Castledine,eng ENG,MF,18,23,18,"1,444",16.0,2,0,2,2,0,0,4,0,0.12,0.00,0.12,0.12,0.12,Matches,FA Cup,2024-2025
e9f39c42,Aristote Nsiala,cd COD,DF,32,20,16,"1,415",15.7,1,0,1,1,0,0,4,1,0.06,0.00,0.06,0.06,0.06,Matches,FA Cup,2024-2025
3c13cd5d,Jordan Shipley,ie IRL,MF,26,33,14,"1,521",16.9,2,2,4,2,0,0,2,0,0.12,0.12,0.24,0.12,0.24,Matches,FA Cup,2024-2025
9c8bd93c,Tom Bloxham,eng ENG,"MF,FW",21,22,14,"1,277",14.2,4,1,5,4,0,0,0,0,0.28,0.07,0.35,0.28,0.35,Matches,FA Cup,2024-2025
f744b4df,Dominic Gape,eng ENG,MF,29,16,14,"1,144",12.7,0,0,0,0,0,0,4,0,0.00,0.00,0.00,0.00,0.00,Matches,FA Cup,2024-2025
f85a3b7b,George Nurse,eng ENG,"DF,MF",25,22,14,"1,077",12.0,0,0,0,0,0,0,2,0,0.00,0.00,0.00,0.00,0.00,Matches,FA Cup,2024-2025
6459ee4e,Carl Winchester,nir NIR,MF,31,15,12,"1,038",11.5,1,0,1,1,0,0,3,0,0.09,0.00,0.09,0.09,0.09,Matches,FA Cup,2024-2025
0e459095,Jordan Rossiter,eng ENG,MF,27,15,10,889,9.9,0,0,0,0,0,0,2,0,0.00,0.00,0.00,0.00,0.00,Matches,FA Cup,2024-2025
a98a15b2,Harrison Biggins,eng ENG,MF,28,17,7,729,8.1,0,0,0,0,0,0,3,0,0.00,0.00,0.00,0.00,0.00,Matches,FA Cup,2024-2025
345fc437,Tommi O'Reilly,eng ENG,MF,20,12,6,572,6.4,0,1,1,0,0,0,3,0,0.00,0.16,0.16,0.00,0.16,Matches,FA Cup,2024-2025
187ab096,Charles Sagoe Jr,eng ENG,MF,20,13,5,492,5.5,0,0,0,0,0,0,0,0,0.00,0.00,0.00,0.00,0.00,Matches,FA Cup,2024-2025
edcc71c2,David Wheeler,eng ENG,"MF,FW",33,10,4,458,5.1,0,0,0,0,0,0,1,0,0.00,0.00,0.00,0.00,0.00,Matches,FA Cup,2024-2025
b00ec28d,Vadaine Oliver,eng ENG,"FW,MF",32,13,4,400,4.4,2,1,3,2,0,0,1,0,0.45,0.23,0.68,0.45,0.68,Matches,FA Cup,2024-2025
05fffa8e,Callum Stewart,eng ENG,"FW,MF",22,15,3,380,4.2,0,1,1,0,0,0,2,0,0.00,0.24,0.24,0.00,0.24,Matches,FA Cup,2024-2025
95d39da6,Joshua Kayode,ng NGA,FW,31,5,1,156,1.7,0,0,0,0,0,0,1,0,0.00,0.00,0.00,0.00,0.00,Matches,FA Cup,2024-2025
2348dd38,Isaac England,,DF,,2,0,14,0.2,0,0,0,0,0,0,1,0,0.00,0.00,0.00,0.00,0.00,Matches,FA Cup,2024-2025
675ec481,Ricardo Dinanga,ie IRL,FW,22,1,0,8,0.1,0,0,0,0,0,0,0,0,0.00,0.00,0.00,0.00,0.00,Matches,FA Cup,2024-2025
10b963bb,Jack Loughran,,MF,,1,0,2,0.0,0,0,0,0,0,0,0,0,0.00,0.00,0.00,0.00,0.00,Matches,FA Cup,2024-2025
ea8f5878,Joe Morris,,MF,,0,0,,,,,,,,,,,,,,,,Matches,FA Cup,2024-2025
11c4745b,Joe Young,eng ENG,GK,21,0,0,,,,,,,,,,,,,,,,Matches,FA Cup,2024-2025
710d9a8e,George Johnston,sct SCO,DF,25,38,37,"3,241",36.0,0,1,1,0,0,0,8,0,0.00,0.03,0.03,0.00,0.03,Matches,FA Cup,2024-2025
01df3960,Josh Cogley,eng ENG,"MF,DF",28,42,37,"3,056",34.0,1,7,8,1,0,0,7,1,0.03,0.21,0.24,0.03,0.24,Matches,FA Cup,2024-2025
fa60d2ba,Aaron Collins,wls WAL,"FW,MF",27,45,36,"3,215",35.7,12,4,16,12,0,0,4,0,0.34,0.11,0.45,0.34,0.45,Matches,FA Cup,2024-2025
ea8daeb6,George Thomason,eng ENG,MF,23,38,35,"3,040",33.8,4,3,7,4,0,0,11,0,0.12,0.09,0.21,0.12,0.21,Matches,FA Cup,2024-2025
d5ff481a,Szabolcs Schön,hu HUN,MF,23,39,34,"2,713",30.1,1,4,5,1,0,0,8,0,0.03,0.13,0.17,0.03,0.17,Matches,FA Cup,2024-2025
5c42b6b6,John McAtee,eng ENG,"FW,MF",25,45,31,"2,789",31.0,11,3,14,11,0,0,6,0,0.35,0.10,0.45,0.35,0.45,Matches,FA Cup,2024-2025
c30e605a,Josh Sheehan,wls WAL,MF,29,34,29,"2,499",27.8,3,5,8,3,0,0,8,0,0.11,0.18,0.29,0.11,0.29,Matches,FA Cup,2024-2025
5cfbc814,Nathan Baxter,eng ENG,GK,25,26,26,"2,340",26.0,0,0,0,0,0,0,4,0,0.00,0.00,0.00,0.00,0.00,Matches,FA Cup,2024-2025
82edbfad,Ricardo Santos,,DF,29,25,25,"2,181",24.2,1,0,1,1,0,0,7,0,0.04,0.00,0.04,0.04,0.04,Matches,FA Cup,2024-2025
7076b0a6,Luke Southwood,nir NIR,GK,26,20,20,"1,800",20.0,0,0,0,0,0,0,2,0,0.00,0.00,0.00,0.00,0.00,Matches,FA Cup,2024-2025
7748a7c5,Jay Matete,eng ENG,MF,23,35,18,"1,802",20.0,3,1,4,3,0,0,9,0,0.15,0.05,0.20,0.15,0.20,Matches,FA Cup,2024-2025
d1c76d12,William Forrester,eng ENG,DF,23,23,18,"1,713",19.0,0,0,0,0,0,0,3,0,0.00,0.00,0.00,0.00,0.00,Matches,FA Cup,2024-2025
ceb6af14,Eoin Toal,nir NIR,DF,25,19,18,"1,548",17.2,2,2,4,2,0,0,2,0,0.12,0.12,0.23,0.12,0.23,Matches,FA Cup,2024-2025
dd17696c,Aaron Morley,eng ENG,MF,24,19,18,"1,539",17.1,4,3,7,3,1,1,4,1,0.23,0.18,0.41,0.18,0.35,Matches,FA Cup,2024-2025
971732b6,Gethin Jones,au AUS,"DF,MF",28,23,16,"1,516",16.8,0,1,1,0,0,0,4,0,0.00,0.06,0.06,0.00,0.06,Matches,FA Cup,2024-2025
0a16eb36,Jordi Osei-Tutu,eng ENG,"MF,DF",25,32,15,"1,615",17.9,1,2,3,1,0,0,7,0,0.06,0.11,0.17,0.06,0.17,Matches,FA Cup,2024-2025
a8f0023c,Dion Charles,nir NIR,FW,28,24,15,"1,278",14.2,7,3,10,5,2,3,1,0,0.49,0.21,0.70,0.35,0.56,Matches,FA Cup,2024-2025
e3c24495,Victor Adeboyejo,eng ENG,FW,26,27,12,"1,190",13.2,3,0,3,3,0,0,2,0,0.23,0.00,0.23,0.23,0.23,Matches,FA Cup,2024-2025
5d6a3340,Christian Joseph,lc LCA,DF,24,16,12,"1,073",11.9,2,0,2,2,0,0,2,0,0.17,0.00,0.17,0.17,0.17,Matches,FA Cup,2024-2025
f1c42eb3,Alex Murphy,ie IRL,"DF,MF",20,13,11,967,10.7,2,0,2,2,0,0,1,0,0.19,0.00,0.19,0.19,0.19,Matches,FA Cup,2024-2025
489941ab,Joel Randall,eng ENG,"MF,FW",24,19,10,949,10.5,1,3,4,1,0,0,1,0,0.09,0.28,0.38,0.09,0.38,Matches,FA Cup,2024-2025
a75a81bd,Klaidi Lolos,gr GRE,"MF,FW",22,24,8,841,9.3,2,2,4,2,0,0,5,0,0.21,0.21,0.43,0.21,0.43,Matches,FA Cup,2024-2025
bfec5edf,Kyle Dempsey,eng ENG,MF,28,15,8,737,8.2,3,2,5,3,0,0,2,0,0.37,0.24,0.61,0.37,0.61,Matches,FA Cup,2024-2025
18a15e5e,Randell Williams,eng ENG,MF,27,16,7,745,8.3,1,2,3,1,0,0,7,0,0.12,0.24,0.36,0.12,0.36,Matches,FA Cup,2024-2025
b1313ec4,Scott Arfield,ca CAN,MF,35,12,3,312,3.5,0,1,1,0,0,0,1,0,0.00,0.29,0.29,0.00,0.29,Matches,FA Cup,2024-2025
d90a63ec,Carlos Mendes Gomes,gw GNB,MF,25,11,2,313,3.5,0,0,0,0,0,0,0,0,0.00,0.00,0.00,0.00,0.00,Matches,FA Cup,2024-2025
f18cb843,Sam Inwood,nir NIR,DF,18,2,2,180,2.0,0,0,0,0,0,0,0,0,0.00,0.00,0.00,0.00,0.00,Matches,FA Cup,2024-2025
aa79bfc8,Dave Abimbola,,FW,,4,1,104,1.2,0,0,0,0,0,0,0,0,0.00,0.00,0.00,0.00,0.00,Matches,FA Cup,2024-2025
e78c79a4,Jack Iredale,au AUS,DF,28,1,1,70,0.8,0,0,0,0,0,0,0,0,0.00,0.00,0.00,0.00,0.00,Matches,FA Cup,2024-2025
60cc6488,Sonny Sharples,,MF,,3,1,49,0.5,0,0,0,0,0,0,0,0,0.00,0.00,0.00,0.00,0.00,Matches,FA Cup,2024-2025
df2caddd,Kion Etete,eng ENG,FW,22,5,0,78,0.9,0,0,0,0,0,0,0,0,0.00,0.00,0.00,0.00,0.00,Matches,FA Cup,2024-2025
f32c503d,Daeshon Lawrence,,MF,,2,0,44,0.5,0,0,0,0,0,0,0,0,0.00,0.00,0.00,0.00,0.00,Matches,FA Cup,2024-2025
917f5f60,Harrison Rice,,MF,,1,0,1,0.0,0,0,0,0,0,0,0,0,0.00,0.00,0.00,0.00,0.00,Matches,FA Cup,2024-2025
ce953f8d,Sean Hogan,,MF,,0,0,,,,,,,,,,,,,,,,Matches,FA Cup,2024-2025
e369a3d5,Luke Hutchinson,eng ENG,GK,,0,0,,,,,,,,,,,,,,,,Matches,FA Cup,2024-2025
f6852c82,Harley Irwin,eng ENG,MF,17,0,0,,,,,,,,,,,,,,,,Matches,FA Cup,2024-2025
2b1d5481,Luke Matheson,eng ENG,DF,20,0,0,,,,,,,,,,,,,,,,Matches,FA Cup,2024-2025
30040f5d,Dan Nlundulu,eng ENG,FW,25,0,0,,,,,,,,,,,,,,,,Matches,FA Cup,2024-2025
5ee078da,George Langston,eng ENG,DF,21,42,42,"3,731",41.5,0,4,4,0,0,0,9,0,0.00,0.10,0.10,0.00,0.10,Matches,FA Cup,2024-2025
88ddc295,Louie Annesley,gi GIB,"DF,MF",24,42,42,"3,635",40.4,2,1,3,2,0,0,8,0,0.05,0.02,0.07,0.05,0.07,Matches,FA Cup,2024-2025
ac487578,Matt Robinson,eng ENG,MF,30,43,38,"3,319",36.9,3,2,5,3,0,0,4,0,0.08,0.05,0.14,0.08,0.14,Matches,FA Cup,2024-2025
ac0dfdfa,Ryan Clampin,eng ENG,DF,25,35,33,"2,802",31.1,0,4,4,0,0,0,6,1,0.00,0.13,0.13,0.00,0.13,Matches,FA Cup,2024-2025
f3c5191c,James Vennings,eng ENG,"MF,DF",24,33,31,"2,825",31.4,0,1,1,0,0,0,9,1,0.00,0.03,0.03,0.00,0.03,Matches,FA Cup,2024-2025
c629112f,Kyrell Lisbie,jm JAM,"MF,FW",20,40,30,"2,554",28.4,13,1,14,13,0,0,7,0,0.46,0.04,0.49,0.46,0.49,Matches,FA Cup,2024-2025
93a09a47,John Akinde,eng ENG,"FW,MF",35,40,28,"2,559",28.4,10,4,14,6,4,4,12,1,0.35,0.14,0.49,0.21,0.35,Matches,FA Cup,2024-2025
4862e1cb,Marley Marshall-Miranda,eng ENG,"MF,DF",21,31,27,"2,231",24.8,1,0,1,1,0,0,16,1,0.04,0.00,0.04,0.04,0.04,Matches,FA Cup,2024-2025
4494c4f1,Jermaine Francis,gd GRN,"MF,FW",22,29,26,"2,398",26.6,8,0,8,8,0,0,8,0,0.30,0.00,0.30,0.30,0.30,Matches,FA Cup,2024-2025
01c46bde,Chay Cooper,eng ENG,MF,22,43,26,"2,302",25.6,4,6,10,4,0,0,6,1,0.16,0.23,0.39,0.16,0.39,Matches,FA Cup,2024-2025
d15e3efb,Tom Blackwell,eng ENG,"MF,FW",23,42,24,"2,128",23.6,2,2,4,2,0,0,2,0,0.08,0.08,0.17,0.08,0.17,Matches,FA Cup,2024-2025
3afe2ff9,Lucas,br BRA,GK,33,23,23,"2,070",23.0,0,0,0,0,0,0,0,0,0.00,0.00,0.00,0.00,0.00,Matches,FA Cup,2024-2025
87e6ad90,Henry Gray,nz NZL,GK,19,20,20,"1,800",20.0,0,0,0,0,0,0,3,0,0.00,0.00,0.00,0.00,0.00,Matches,FA Cup,2024-2025
bb6a8b34,Frankie Terry,eng ENG,DF,20,19,19,"1,701",18.9,1,0,1,1,0,0,4,0,0.05,0.00,0.05,0.05,0.05,Matches,FA Cup,2024-2025
38c29201,Aidan Francis,eng ENG,"DF,FW",20,20,18,"1,665",18.5,1,3,4,1,0,0,3,0,0.05,0.16,0.22,0.05,0.22,Matches,FA Cup,2024-2025
ae9aadb8,Inih Effiong,eng ENG,"FW,MF",33,21,15,"1,383",15.4,2,0,2,1,1,1,4,0,0.13,0.00,0.13,0.07,0.07,Matches,FA Cup,2024-2025
1e9c9743,Jacob Pinnington,eng ENG,"DF,MF",19,20,14,"1,310",14.6,0,2,2,0,0,0,3,0,0.00,0.14,0.14,0.00,0.14,Matches,FA Cup,2024-2025
321a93d5,Jamal Fyfield,eng ENG,DF,35,24,13,"1,332",14.8,0,1,1,0,0,0,2,0,0.00,0.07,0.07,0.00,0.07,Matches,FA Cup,2024-2025
36614d8f,Callum Powell,eng ENG,"FW,MF",28,16,7,689,7.7,1,0,1,1,0,0,2,0,0.13,0.00,0.13,0.13,0.13,Matches,FA Cup,2024-2025
819ba1f7,Joe Grimwood,eng ENG,"DF,FW",22,7,7,630,7.0,0,0,0,0,0,0,0,0,0.00,0.00,0.00,0.00,0.00,Matches,FA Cup,2024-2025
25b456d2,Finley Wilkinson,eng ENG,MF,21,7,7,525,5.8,1,0,1,1,0,0,0,0,0.17,0.00,0.17,0.17,0.17,Matches,FA Cup,2024-2025
22c7c9cb,Kyreece Lisbie,jm JAM,MF,20,5,5,408,4.5,1,0,1,1,0,0,2,0,0.22,0.00,0.22,0.22,0.22,Matches,FA Cup,2024-2025
3d9ef282,Alan Judge,ie IRL,MF,35,13,4,463,5.1,0,0,0,0,0,0,0,0,0.00,0.00,0.00,0.00,0.00,Matches,FA Cup,2024-2025
bee5d289,Rio Phipps,eng ENG,"MF,DF",26,7,3,362,4.0,0,0,0,0,0,0,2,0,0.00,0.00,0.00,0.00,0.00,Matches,FA Cup,2024-2025
145a8071,Jacob Knightbridge,eng ENG,GK,20,2,2,180,2.0,0,0,0,0,0,0,0,0,0.00,0.00,0.00,0.00,0.00,Matches,FA Cup,2024-2025
6c4a7247,Lennon MacLorg,eng ENG,GK,18,1,1,90,1.0,0,0,0,0,0,0,0,0,0.00,0.00,0.00,0.00,0.00,Matches,FA Cup,2024-2025
4837f8d4,Tariq Hinds,eng ENG,MF,24,3,1,85,0.9,0,0,0,0,0,0,0,0,0.00,0.00,0.00,0.00,0.00,Matches,FA Cup,2024-2025
17307e0a,Reggie Lambe,bm BER,MF,33,6,0,107,1.2,0,0,0,0,0,0,2,0,0.00,0.00,0.00,0.00,0.00,Matches,FA Cup,2024-2025
15e20e58,Lanre Balogun,eng ENG,FW,23,3,0,52,0.6,0,0,0,0,0,0,0,0,0.00,0.00,0.00,0.00,0.00,Matches,FA Cup,2024-2025
dc1b6c68,Emmanuel Okunowo,eng ENG,MF,18,6,0,42,0.5,0,0,0,0,0,0,1,0,0.00,0.00,0.00,0.00,0.00,Matches,FA Cup,2024-2025
827428c1,Christie Ward,wls WAL,MF,20,2,0,24,0.3,0,0,0,0,0,0,0,0,0.00,0.00,0.00,0.00,0.00,Matches,FA Cup,2024-2025
d89bfb5b,Paris Lock,eng ENG,FW,19,5,0,20,0.2,0,0,0,0,0,0,0,0,0.00,0.00,0.00,0.00,0.00,Matches,FA Cup,2024-2025
8b806366,Francis Amartey,eng ENG,FW,25,1,0,8,0.1,0,0,0,0,0,0,0,0,0.00,0.00,0.00,0.00,0.00,Matches,FA Cup,2024-2025
d668d03a,Michael Brothers,eng ENG,MF,39,1,0,1,0.0,0,0,0,0,0,0,0,0,0.00,0.00,0.00,0.00,0.00,Matches,FA Cup,2024-2025
185b59e9,Cameron McPherson,,,,1,0,1,0.0,0,0,0,0,0,0,0,0,0.00,0.00,0.00,0.00,0.00,Matches,FA Cup,2024-2025
f149b5bd,William Bailey-Jones,,,,0,0,,,,,,,,,,,,,,,,Matches,FA Cup,2024-2025
b7fa4946,Elliott Cunningham,,,,0,0,,,,,,,,,,,,,,,,Matches,FA Cup,2024-2025
8d749b1c,Conor Kelly,us USA,MF,25,0,0,,,,,,,,,,,,,,,,Matches,FA Cup,2024-2025
73244921,Louis Lomas,eng ENG,DF,23,0,0,,,,,,,,,,,,,,,,Matches,FA Cup,2024-2025
f2be733c,Philip Nielsen,,GK,,0,0,,,,,,,,,,,,,,,,Matches,FA Cup,2024-2025
1fdfd6da,Jimmy Dunne,ie IRL,DF,26,45,45,"4,050",45.0,5,2,7,5,0,0,9,0,0.11,0.04,0.16,0.11,0.16,Matches,FA Cup,2024-2025
2d70dbe5,Paul Nardi,fr FRA,GK,30,45,45,"4,050",45.0,0,0,0,0,0,0,2,0,0.00,0.00,0.00,0.00,0.00,Matches,FA Cup,2024-2025
bd8a7d05,Sam Field,eng ENG,MF,26,35,35,"2,905",32.3,3,0,3,3,0,0,8,0,0.09,0.00,0.09,0.09,0.09,Matches,FA Cup,2024-2025
d8faef3e,Kenneth Paal,sr SUR,DF,27,39,34,"2,879",32.0,1,3,4,1,0,0,4,0,0.03,0.09,0.13,0.03,0.13,Matches,FA Cup,2024-2025
3e5e4e63,Steve Cook,eng ENG,DF,33,31,31,"2,617",29.1,2,0,2,2,0,0,4,0,0.07,0.00,0.07,0.07,0.07,Matches,FA Cup,2024-2025
0747000e,Paul Smyth,nir NIR,"MF,FW",26,43,30,"2,770",30.8,1,4,5,1,0,0,6,0,0.03,0.13,0.16,0.03,0.16,Matches,FA Cup,2024-2025
4ade359f,Jonathan Varane,mq MTQ,MF,22,39,29,"2,598",28.9,0,2,2,0,0,0,8,1,0.00,0.07,0.07,0.00,0.07,Matches,FA Cup,2024-2025
5408dd51,Koki Saito,jp JPN,MF,22,39,25,"2,295",25.5,3,2,5,3,0,0,0,1,0.12,0.08,0.20,0.12,0.20,Matches,FA Cup,2024-2025
33182cb8,Michael Frey,ch SUI,FW,30,29,21,"1,781",19.8,8,1,9,7,1,1,6,0,0.40,0.05,0.45,0.35,0.40,Matches,FA Cup,2024-2025
be90c4b0,Ronnie Edwards,eng ENG,"DF,MF",21,21,20,"1,819",20.2,2,0,2,2,0,0,2,0,0.10,0.00,0.10,0.10,0.10,Matches,FA Cup,2024-2025
6d7e4b06,Nicolas Madsen,dk DEN,MF,24,31,20,"1,753",19.5,3,3,6,2,1,1,2,0,0.15,0.15,0.31,0.10,0.26,Matches,FA Cup,2024-2025
ad7873cb,Ilias Chair,ma MAR,"MF,FW",26,28,20,"1,698",18.9,2,6,8,2,0,0,2,0,0.11,0.32,0.42,0.11,0.42,Matches,FA Cup,2024-2025
a7fef3f4,Kieran Morgan,eng ENG,MF,18,30,19,"1,586",17.6,1,2,3,1,0,0,5,0,0.06,0.11,0.17,0.06,0.17,Matches,FA Cup,2024-2025
b391383a,Harrison Ashby,sct SCO,"DF,MF",22,29,17,"1,583",17.6,0,1,1,0,0,0,6,0,0.00,0.06,0.06,0.00,0.06,Matches,FA Cup,2024-2025
963a9201,Jack Colback,eng ENG,MF,34,24,16,"1,449",16.1,1,1,2,1,0,0,8,1,0.06,0.06,0.12,0.06,0.12,Matches,FA Cup,2024-2025
7304f3b1,Karamoko Dembélé,eng ENG,MF,21,23,15,"1,186",13.2,3,4,7,3,0,0,2,0,0.23,0.30,0.53,0.23,0.53,Matches,FA Cup,2024-2025
1cf2cfc8,Liam Morrison,sct SCO,DF,21,19,14,"1,302",14.5,0,0,0,0,0,0,3,0,0.00,0.00,0.00,0.00,0.00,Matches,FA Cup,2024-2025
bb753183,Lucas Andersen,dk DEN,MF,29,33,13,"1,165",12.9,2,0,2,2,0,0,1,0,0.15,0.00,0.15,0.15,0.15,Matches,FA Cup,2024-2025
008f854b,Morgan Fox,wls WAL,DF,30,26,12,"1,344",14.9,1,0,1,1,0,0,3,0,0.07,0.00,0.07,0.07,0.07,Matches,FA Cup,2024-2025
868c6958,Žan Celar,si SVN,FW,25,19,10,944,10.5,2,0,2,2,0,1,1,0,0.19,0.00,0.19,0.19,0.19,Matches,FA Cup,2024-2025
55388631,Rayan Kolli,dz ALG,"FW,MF",19,20,9,822,9.1,4,2,6,4,0,0,2,0,0.44,0.22,0.66,0.44,0.66,Matches,FA Cup,2024-2025
0df092d3,Jake Clarke-Salter,eng ENG,DF,26,11,8,753,8.4,0,0,0,0,0,0,3,0,0.00,0.00,0.00,0.00,0.00,Matches,FA Cup,2024-2025
fe3db176,Yang Minhyeok,kr KOR,"MF,FW",18,14,8,692,7.7,2,1,3,2,0,0,1,0,0.26,0.13,0.39,0.26,0.39,Matches,FA Cup,2024-2025
f6702aa2,Alfie Lloyd,eng ENG,"MF,FW",21,27,4,747,8.3,2,0,2,2,0,0,4,0,0.24,0.00,0.24,0.24,0.24,Matches,FA Cup,2024-2025
37b15b11,Hevertton Santos,br BRA,DF,23,6,4,319,3.5,0,0,0,0,0,0,1,0,0.00,0.00,0.00,0.00,0.00,Matches,FA Cup,2024-2025
e776d457,Daniel Bennie,au AUS,FW,18,12,1,216,2.4,0,0,0,0,0,0,1,0,0.00,0.00,0.00,0.00,0.00,Matches,FA Cup,2024-2025
72e0ee7b,Joe Walsh,eng ENG,GK,22,1,1,90,1.0,0,0,0,0,0,0,0,0,0.00,0.00,0.00,0.00,0.00,Matches,FA Cup,2024-2025
08967efc,Emmerson Sutton,eng ENG,FW,17,2,0,56,0.6,0,0,0,0,0,0,0,0,0.00,0.00,0.00,0.00,0.00,Matches,FA Cup,2024-2025
931bf61a,Elijah Dixon-Bonner,eng ENG,MF,23,3,0,10,0.1,0,0,0,0,0,0,1,0,0.00,0.00,0.00,0.00,0.00,Matches,FA Cup,2024-2025
cd92357a,Lyndon Dykes,sct SCO,"FW,MF",28,1,0,6,0.1,1,0,1,1,0,0,0,0,15.00,0.00,15.00,15.00,15.00,Matches,FA Cup,2024-2025
100dc4d3,Alex Aoraha,iq IRQ,MF,21,0,0,,,,,,,,,,,,,,,,Matches,FA Cup,2024-2025
a0a77831,Esquerdinha,br BRA,DF,18,0,0,,,,,,,,,,,,,,,,Matches,FA Cup,2024-2025
831de314,Harry Murphy,eng ENG,MF,20,0,0,,,,,,,,,,,,,,,,Matches,FA Cup,2024-2025
5de0a7ce,Kieran Petrie,eng ENG,FW,19,0,0,,,,,,,,,,,,,,,,Matches,FA Cup,2024-2025
50e40e16,Nathan Shepperd,wls WAL,GK,23,0,0,,,,,,,,,,,,,,,,Matches,FA Cup,2024-2025
ffde31a1,Lorent Talla,xk KVX,MF,19,0,0,,,,,,,,,,,,,,,,Matches,FA Cup,2024-2025
8d62d31a,Joe Rodon,wls WAL,DF,26,46,46,"4,135",45.9,1,0,1,1,0,0,5,0,0.02,0.00,0.02,0.02,0.02,Matches,FA Cup,2024-2025
ae5019e6,Jayden Bogle,eng ENG,DF,24,44,44,"3,824",42.5,6,4,10,6,0,0,12,0,0.14,0.09,0.24,0.14,0.24,Matches,FA Cup,2024-2025
5bc43860,Brenden Aaronson,us USA,MF,23,46,43,"3,551",39.5,9,2,11,9,0,0,1,0,0.23,0.05,0.28,0.23,0.28,Matches,FA Cup,2024-2025
6b625ac2,Illan Meslier,fr FRA,GK,24,39,39,"3,510",39.0,0,0,0,0,0,0,0,0,0.00,0.00,0.00,0.00,0.00,Matches,FA Cup,2024-2025
1d36d6b6,Ao Tanaka,jp JPN,MF,25,43,37,"3,314",36.8,5,2,7,5,0,0,8,0,0.14,0.05,0.19,0.14,0.19,Matches,FA Cup,2024-2025
1f0072a6,Joël Piroe,sr SUR,FW,24,46,36,"3,080",34.2,19,7,26,18,1,1,2,0,0.56,0.20,0.76,0.53,0.73,Matches,FA Cup,2024-2025
f4d296e4,Pascal Struijk,nl NED,DF,24,35,31,"2,824",31.4,5,0,5,3,2,3,3,0,0.16,0.00,0.16,0.10,0.10,Matches,FA Cup,2024-2025
24f59bb2,Junior Firpo,do DOM,DF,27,32,30,"2,616",29.1,4,10,14,4,0,0,7,0,0.14,0.34,0.48,0.14,0.48,Matches,FA Cup,2024-2025
c931d9f9,Daniel James,wls WAL,MF,26,36,30,"2,609",29.0,12,9,21,12,0,0,4,0,0.41,0.31,0.72,0.41,0.72,Matches,FA Cup,2024-2025
886f9aac,Manor Solomon,il ISR,MF,25,39,30,"2,589",28.8,10,12,22,10,0,0,3,0,0.35,0.42,0.76,0.35,0.76,Matches,FA Cup,2024-2025
10b9fa99,Ethan Ampadu,wls WAL,"DF,MF",23,29,26,"2,285",25.4,0,0,0,0,0,0,7,0,0.00,0.00,0.00,0.00,0.00,Matches,FA Cup,2024-2025
75fdd638,Wilfried Gnonto,it ITA,MF,20,43,26,"2,276",25.3,9,6,15,9,0,0,5,0,0.36,0.24,0.59,0.36,0.59,Matches,FA Cup,2024-2025
10a10454,Joe Rothwell,eng ENG,MF,29,36,24,"2,249",25.0,0,4,4,0,0,0,2,0,0.00,0.16,0.16,0.00,0.16,Matches,FA Cup,2024-2025
1fc4f3d1,Ilia Gruev,bg BUL,MF,24,23,20,"1,699",18.9,0,2,2,0,0,0,3,0,0.00,0.11,0.11,0.00,0.11,Matches,FA Cup,2024-2025
1bf811d4,Sam Byram,eng ENG,DF,30,36,16,"1,409",15.7,1,1,2,1,0,0,4,0,0.06,0.06,0.13,0.06,0.13,Matches,FA Cup,2024-2025
6ad43f9a,Mateo Joseph,es ESP,FW,20,39,11,"1,285",14.3,3,3,6,3,0,0,0,0,0.21,0.21,0.42,0.21,0.42,Matches,FA Cup,2024-2025
cc9256ef,Largie Ramazani,be BEL,MF,23,29,7,797,8.9,6,2,8,6,0,0,2,0,0.68,0.23,0.90,0.68,0.90,Matches,FA Cup,2024-2025
cde3309f,Karl Darlow,wls WAL,GK,33,7,7,630,7.0,0,0,0,0,0,0,1,0,0.00,0.00,0.00,0.00,0.00,Matches,FA Cup,2024-2025
4b803b3c,Maximilian Wöber,at AUT,DF,26,8,2,335,3.7,1,0,1,1,0,0,1,0,0.27,0.00,0.27,0.27,0.27,Matches,FA Cup,2024-2025
c64c01fc,Georginio Rutter,fr FRA,MF,22,1,1,90,1.0,0,1,1,0,0,0,0,0,0.00,1.00,1.00,0.00,1.00,Matches,FA Cup,2024-2025
93feac6e,Patrick Bamford,eng ENG,"FW,MF",30,17,0,252,2.8,0,0,0,0,0,0,0,0,0.00,0.00,0.00,0.00,0.00,Matches,FA Cup,2024-2025
f8b9b94d,Isaac Schmidt,ch SUI,"DF,MF",24,12,0,78,0.9,0,0,0,0,0,0,0,0,0.00,0.00,0.00,0.00,0.00,Matches,FA Cup,2024-2025
e6c43eec,Josuha Guilavogui,fr FRA,"DF,MF",33,16,0,65,0.7,0,0,0,0,0,0,0,0,0.00,0.00,0.00,0.00,0.00,Matches,FA Cup,2024-2025
30b33655,Samuel Chambers,eng ENG,MF,16,1,0,17,0.2,0,0,0,0,0,0,0,0,0.00,0.00,0.00,0.00,0.00,Matches,FA Cup,2024-2025
01962d0d,Joe Gelhardt,eng ENG,"FW,MF",22,2,0,10,0.1,0,0,0,0,0,0,0,0,0.00,0.00,0.00,0.00,0.00,Matches,FA Cup,2024-2025
e8392083,Charlie Crew,wls WAL,MF,18,1,0,5,0.1,0,0,0,0,0,0,0,0,0.00,0.00,0.00,0.00,0.00,Matches,FA Cup,2024-2025
99965ed0,Harry Gray,eng ENG,FW,15,1,0,5,0.1,0,0,0,0,0,0,0,0,0.00,0.00,0.00,0.00,0.00,Matches,FA Cup,2024-2025
3b9bf650,James Debayo,eng ENG,DF,19,1,0,1,0.0,0,0,0,0,0,0,0,0,0.00,0.00,0.00,0.00,0.00,Matches,FA Cup,2024-2025
1a5e36e7,Alex Cairns,eng ENG,GK,31,0,0,,,,,,,,,,,,,,,,Matches,FA Cup,2024-2025
50b66220,Javelle Clarke,eng ENG,FW,22,2,2,210,2.3,1,2,3,1,0,0,0,0,0.43,0.86,1.29,0.43,1.29,Matches,FA Cup,2024-2025
bcd874dd,Dylan Cogill,eng ENG,DF,26,2,2,210,2.3,0,0,0,0,0,0,2,0,0.00,0.00,0.00,0.00,0.00,Matches,FA Cup,2024-2025
0d46ac39,Jordan Helliwell,eng ENG,MF,22,2,2,210,2.3,0,0,0,0,0,0,1,0,0.00,0.00,0.00,0.00,0.00,Matches,FA Cup,2024-2025
40f89294,Will Lancaster,eng ENG,DF,21,2,2,210,2.3,1,0,1,1,0,0,1,0,0.43,0.00,0.43,0.43,0.43,Matches,FA Cup,2024-2025
b9442481,Fraser Preston,sct SCO,MF,25,2,2,210,2.3,0,0,0,0,0,0,0,0,0.00,0.00,0.00,0.00,0.00,Matches,FA Cup,2024-2025
35124a33,Dylan Wharton,eng ENG,GK,21,2,2,210,2.3,0,0,0,0,0,0,0,0,0.00,0.00,0.00,0.00,0.00,Matches,FA Cup,2024-2025
2e32a16f,Ashley Jackson,eng ENG,DF,30,2,2,208,2.3,0,0,0,0,0,0,0,0,0.00,0.00,0.00,0.00,0.00,Matches,FA Cup,2024-2025
fd1d53fa,Declan Howe,eng ENG,FW,26,2,2,194,2.2,2,0,2,2,0,0,0,0,0.93,0.00,0.93,0.93,0.93,Matches,FA Cup,2024-2025
c536db46,Bobby Johnson,eng ENG,MF,30,2,1,165,1.8,0,0,0,0,0,0,0,0,0.00,0.00,0.00,0.00,0.00,Matches,FA Cup,2024-2025
82f5c7dc,Sisa Tuntulwana,,DF,,2,1,156,1.7,0,1,1,0,0,0,1,0,0.00,0.58,0.58,0.00,0.58,Matches,FA Cup,2024-2025
3ef7adb5,Joe Stacey,eng ENG,MF,26,2,1,146,1.6,0,0,0,0,0,0,0,0,0.00,0.00,0.00,0.00,0.00,Matches,FA Cup,2024-2025
06ae882b,Lewis Butroid,eng ENG,FW,25,2,1,64,0.7,0,0,0,0,0,0,0,0,0.00,0.00,0.00,0.00,0.00,Matches,FA Cup,2024-2025
065cfe27,Aaron Simpson,eng ENG,DF,27,2,1,54,0.6,0,0,0,0,0,0,0,0,0.00,0.00,0.00,0.00,0.00,Matches,FA Cup,2024-2025
4e09912f,Bailey Conway,eng ENG,MF,21,1,1,45,0.5,0,0,0,0,0,0,0,0,0.00,0.00,0.00,0.00,0.00,Matches,FA Cup,2024-2025
39dc34bc,George Hornshaw,eng ENG,MF,24,1,0,16,0.2,0,0,0,0,0,0,0,0,0.00,0.00,0.00,0.00,0.00,Matches,FA Cup,2024-2025
0b2a457f,Jack Mcloughlin,au AUS,MF,22,1,0,2,0.0,0,0,0,0,0,0,0,0,0.00,0.00,0.00,0.00,0.00,Matches,FA Cup,2024-2025
cd8a430a,Paul Cooper,,MF,,0,0,,,,,,,,,,,,,,,,Matches,FA Cup,2024-2025
d05b55e6,Danny Devine,eng ENG,MF,26,0,0,,,,,,,,,,,,,,,,Matches,FA Cup,2024-2025
e0d5b1b8,Kian Johnson,,GK,,0,0,,,,,,,,,,,,,,,,Matches,FA Cup,2024-2025
b5580635,Kyle Simpson,,FW,,0,0,,,,,,,,,,,,,,,,Matches,FA Cup,2024-2025
b3ff3cbd,Ollie Sykes,,GK,,0,0,,,,,,,,,,,,,,,,Matches,FA Cup,2024-2025
77621175,James Wilson,wls WAL,DF,35,46,46,"4,140",46.0,2,2,4,2,0,0,9,0,0.04,0.04,0.09,0.04,0.09,Matches,FA Cup,2024-2025
53ecfa02,Connor Taylor,eng ENG,DF,22,42,38,"3,504",38.9,1,1,2,1,0,0,4,0,0.03,0.03,0.05,0.03,0.05,Matches,FA Cup,2024-2025
3a78da9d,Ruel Sotiriou,cy CYP,"MF,FW",23,37,32,"2,495",27.7,6,2,8,6,0,0,7,0,0.22,0.07,0.29,0.22,0.29,Matches,FA Cup,2024-2025
29ddfb9c,Clinton Mola,eng ENG,"DF,MF",23,34,29,"2,488",27.6,0,1,1,0,0,0,5,0,0.00,0.04,0.04,0.00,0.04,Matches,FA Cup,2024-2025
d6303703,Joshua Griffiths,eng ENG,GK,22,28,28,"2,520",28.0,0,0,0,0,0,0,1,0,0.00,0.00,0.00,0.00,0.00,Matches,FA Cup,2024-2025
6ca8c0d9,Taylor Moore,eng ENG,"DF,MF",27,33,25,"2,287",25.4,1,0,1,1,0,0,7,1,0.04,0.00,0.04,0.04,0.04,Matches,FA Cup,2024-2025
4e99bc91,Isaac Hutchinson,eng ENG,MF,24,37,22,"2,023",22.5,4,2,6,4,0,0,2,0,0.18,0.09,0.27,0.18,0.27,Matches,FA Cup,2024-2025
1a1d5424,Grant Ward,eng ENG,MF,29,35,22,"1,850",20.6,1,4,5,1,0,0,1,0,0.05,0.19,0.24,0.05,0.24,Matches,FA Cup,2024-2025
27819343,Luke Thomas,eng ENG,MF,25,36,20,"1,917",21.3,2,4,6,2,0,0,6,0,0.09,0.19,0.28,0.09,0.28,Matches,FA Cup,2024-2025
273c483b,Scott Sinclair,eng ENG,"MF,FW",35,41,20,"1,832",20.4,4,1,5,4,0,0,1,0,0.20,0.05,0.25,0.20,0.25,Matches,FA Cup,2024-2025
edb2744d,Jed Ward,eng ENG,GK,21,18,18,"1,620",18.0,0,0,0,0,0,0,1,0,0.00,0.00,0.00,0.00,0.00,Matches,FA Cup,2024-2025
1d5c9842,Kamil Conteh,sl SLE,MF,21,19,18,"1,607",17.9,0,0,0,0,0,0,6,0,0.00,0.00,0.00,0.00,0.00,Matches,FA Cup,2024-2025
e36e218a,Jamie Lindsay,sct SCO,MF,28,28,18,"1,531",17.0,2,0,2,2,0,0,7,1,0.12,0.00,0.12,0.12,0.12,Matches,FA Cup,2024-2025
b170cfa2,Matt Butcher,eng ENG,MF,27,18,17,"1,466",16.3,0,3,3,0,0,0,3,0,0.00,0.18,0.18,0.00,0.18,Matches,FA Cup,2024-2025
c21e39f9,Chris Martin,sct SCO,FW,35,23,16,"1,546",17.2,5,4,9,3,2,2,5,0,0.29,0.23,0.52,0.17,0.41,Matches,FA Cup,2024-2025
60af9352,Jack Hunt,eng ENG,"DF,MF",33,20,16,"1,399",15.5,0,1,1,0,0,0,2,0,0.00,0.06,0.06,0.00,0.06,Matches,FA Cup,2024-2025
351f2b7f,Promise Omochere,ie IRL,FW,23,22,16,"1,282",14.2,4,3,7,4,0,0,2,0,0.28,0.21,0.49,0.28,0.49,Matches,FA Cup,2024-2025
ebeac9e5,Shaqai Forde,eng ENG,"MF,FW",20,31,14,"1,487",16.5,2,3,5,2,0,0,5,2,0.12,0.18,0.30,0.12,0.30,Matches,FA Cup,2024-2025
17d6aa07,Gatlin O'Donkor,eng ENG,"FW,MF",19,28,14,"1,337",14.9,4,1,5,4,0,0,2,0,0.27,0.07,0.34,0.27,0.34,Matches,FA Cup,2024-2025
e09d77a2,Lino Sousa,eng ENG,"DF,MF",19,25,14,"1,304",14.5,0,2,2,0,0,0,1,0,0.00,0.14,0.14,0.00,0.14,Matches,FA Cup,2024-2025
972ef49c,Kofi Shaw,,MF,,15,12,992,11.0,0,0,0,0,0,0,1,0,0.00,0.00,0.00,0.00,0.00,Matches,FA Cup,2024-2025
647ebdec,Bryant Bilongo,eng ENG,"MF,DF",22,14,11,839,9.3,1,2,3,1,0,0,0,0,0.11,0.21,0.32,0.11,0.32,Matches,FA Cup,2024-2025
a42f6058,Sil Swinkels,nl NED,DF,20,14,10,884,9.8,2,0,2,2,0,0,2,0,0.20,0.00,0.20,0.20,0.20,Matches,FA Cup,2024-2025
77bb1522,Romaine Sawyers,kn SKN,MF,32,13,9,813,9.0,1,0,1,1,0,0,2,0,0.11,0.00,0.11,0.11,0.11,Matches,FA Cup,2024-2025
edd9f53f,Luke McCormick,eng ENG,"MF,FW",25,19,8,839,9.3,2,0,2,2,0,0,2,0,0.21,0.00,0.21,0.21,0.21,Matches,FA Cup,2024-2025
f2d19a47,Joel Senior,jm JAM,"DF,MF",36,19,7,742,8.2,0,0,0,0,0,0,1,0,0.00,0.00,0.00,0.00,0.00,Matches,FA Cup,2024-2025
ea1094af,Jake Garrett,eng ENG,MF,21,7,3,309,3.4,0,0,0,0,0,0,1,0,0.00,0.00,0.00,0.00,0.00,Matches,FA Cup,2024-2025
fbc2fce9,Michael Forbes,nir NIR,DF,20,7,2,162,1.8,0,0,0,0,0,0,1,0,0.00,0.00,0.00,0.00,0.00,Matches,FA Cup,2024-2025
e2da77eb,Ollie Dewsbury,wls WAL,FW,16,6,1,155,1.7,0,0,0,0,0,0,0,0,0.00,0.00,0.00,0.00,0.00,Matches,FA Cup,2024-2025
aa4c9777,Michael Reindorf,eng ENG,MF,19,4,0,80,0.9,0,0,0,0,0,0,0,0,0.00,0.00,0.00,0.00,0.00,Matches,FA Cup,2024-2025
99785158,Jevani Brown,jm JAM,"FW,MF",29,0,0,,,,,,,,,,,,,,,,Matches,FA Cup,2024-2025
d3d1b36a,Matthew Hall,eng ENG,GK,21,0,0,,,,,,,,,,,,,,,,Matches,FA Cup,2024-2025
e8aa52af,Myles Roberts,eng ENG,GK,22,0,0,,,,,,,,,,,,,,,,Matches,FA Cup,2024-2025
2628fd2b,Bernd Leno,de GER,GK,32,38,38,"3,420",38.0,0,1,1,0,0,0,5,0,0.00,0.03,0.03,0.00,0.03,Matches,FA Cup,2024-2025
289601e6,Antonee Robinson,us USA,"DF,MF",26,36,35,"3,167",35.2,0,10,10,0,0,0,8,0,0.00,0.28,0.28,0.00,0.28,Matches,FA Cup,2024-2025
6ca5ec4b,Alex Iwobi,ng NGA,MF,28,38,35,"2,981",33.1,9,6,15,9,0,0,1,0,0.27,0.18,0.45,0.27,0.45,Matches,FA Cup,2024-2025
a36524bf,Calvin Bassey,ng NGA,DF,24,35,34,"3,074",34.2,1,0,1,1,0,0,7,0,0.03,0.00,0.03,0.03,0.03,Matches,FA Cup,2024-2025
b561db50,Raúl Jiménez,mx MEX,FW,33,38,30,"2,494",27.7,12,3,15,9,3,3,4,0,0.43,0.11,0.54,0.32,0.43,Matches,FA Cup,2024-2025
e34fc66d,Joachim Andersen,dk DEN,DF,28,29,29,"2,583",28.7,0,0,0,0,0,0,6,1,0.00,0.00,0.00,0.00,0.00,Matches,FA Cup,2024-2025
c6e8cf1f,Saša Lukić,rs SRB,MF,27,30,28,"2,344",26.0,0,2,2,0,0,0,12,0,0.00,0.08,0.08,0.00,0.08,Matches,FA Cup,2024-2025
d0b6129f,Sander Berge,no NOR,MF,26,31,26,"2,224",24.7,0,0,0,0,0,0,6,0,0.00,0.00,0.00,0.00,0.00,Matches,FA Cup,2024-2025
17695062,Emile Smith Rowe,eng ENG,MF,24,34,25,"2,043",22.7,6,3,9,6,0,0,3,0,0.26,0.13,0.40,0.26,0.40,Matches,FA Cup,2024-2025
6639e500,Andreas Pereira,br BRA,MF,28,33,25,"2,013",22.4,2,4,6,2,0,1,7,0,0.09,0.18,0.27,0.09,0.27,Matches,FA Cup,2024-2025
77d7c96f,Kenny Tete,nl NED,DF,28,22,21,"1,774",19.7,0,2,2,0,0,0,5,0,0.00,0.10,0.10,0.00,0.10,Matches,FA Cup,2024-2025
9a28eba4,Adama Traoré,es ESP,MF,28,36,18,"1,772",19.7,2,7,9,2,0,0,3,0,0.10,0.36,0.46,0.10,0.46,Matches,FA Cup,2024-2025
197640fd,Timothy Castagne,be BEL,"DF,MF",28,24,17,"1,649",18.3,0,1,1,0,0,0,1,0,0.00,0.05,0.05,0.00,0.05,Matches,FA Cup,2024-2025
a712ca2b,Issa Diop,ma MAR,DF,27,21,15,"1,339",14.9,0,0,0,0,0,0,2,0,0.00,0.00,0.00,0.00,0.00,Matches,FA Cup,2024-2025
c6dc9ecd,Harry Wilson,wls WAL,"MF,FW",27,25,12,"1,162",12.9,6,1,7,6,0,0,2,0,0.46,0.08,0.54,0.46,0.54,Matches,FA Cup,2024-2025
a755db8c,Rodrigo Muniz,br BRA,FW,23,31,8,964,10.7,8,1,9,8,0,0,1,0,0.75,0.09,0.84,0.75,0.84,Matches,FA Cup,2024-2025
6aa3e78b,Ryan Sessegnon,eng ENG,"MF,DF",24,16,7,580,6.4,4,2,6,4,0,0,1,0,0.62,0.31,0.93,0.62,0.93,Matches,FA Cup,2024-2025
c5bdb6e3,Reiss Nelson,eng ENG,MF,24,11,5,487,5.4,1,1,2,1,0,0,1,0,0.18,0.18,0.37,0.18,0.37,Matches,FA Cup,2024-2025
0abc51f2,Jorge Cuenca,es ESP,DF,24,8,4,351,3.9,0,0,0,0,0,0,0,0,0.00,0.00,0.00,0.00,0.00,Matches,FA Cup,2024-2025
a8748947,Tom Cairney,sct SCO,MF,33,25,3,628,7.0,2,0,2,2,0,0,3,1,0.29,0.00,0.29,0.29,0.29,Matches,FA Cup,2024-2025
8b9ebd03,Willian,br BRA,"MF,FW",35,10,2,257,2.9,0,0,0,0,0,0,0,0,0.00,0.00,0.00,0.00,0.00,Matches,FA Cup,2024-2025
86109b3b,Joshua King,eng ENG,MF,17,8,1,130,1.4,0,0,0,0,0,0,0,0,0.00,0.00,0.00,0.00,0.00,Matches,FA Cup,2024-2025
803ae100,Harrison Reed,eng ENG,MF,29,12,0,108,1.2,0,0,0,0,0,0,2,0,0.00,0.00,0.00,0.00,0.00,Matches,FA Cup,2024-2025
e0eea46f,Martial Godo,ci CIV,"FW,MF",21,2,0,24,0.3,0,0,0,0,0,0,0,0,0.00,0.00,0.00,0.00,0.00,Matches,FA Cup,2024-2025
8b529245,Carlos Vinícius,br BRA,FW,29,3,0,16,0.2,0,0,0,0,0,0,0,0,0.00,0.00,0.00,0.00,0.00,Matches,FA Cup,2024-2025
b2626673,Jay Stansfield,eng ENG,"FW,MF",21,1,0,1,0.0,0,0,0,0,0,0,0,0,0.00,0.00,0.00,0.00,0.00,Matches,FA Cup,2024-2025
2835bfe1,Samuel Amissah,eng ENG,DF,17,0,0,,,,,,,,,,,,,,,,Matches,FA Cup,2024-2025
caaa7fab,Steven Benda,de GER,GK,25,0,0,,,,,,,,,,,,,,,,Matches,FA Cup,2024-2025
7cd31238,Teddy Sharman,eng ENG,GK,21,46,46,"4,140",46.0,0,0,0,0,0,0,4,0,0.00,0.00,0.00,0.00,0.00,Matches,FA Cup,2024-2025
dee69b15,Owen Bailey,eng ENG,"MF,DF",25,46,46,"4,123",45.8,5,5,10,5,0,0,9,0,0.11,0.11,0.22,0.11,0.22,Matches,FA Cup,2024-2025
4ab6281c,Luke Molyneux,eng ENG,MF,26,45,44,"3,753",41.7,16,13,29,15,1,1,8,1,0.38,0.31,0.70,0.36,0.67,Matches,FA Cup,2024-2025
f13d0f83,Jamie Sterry,eng ENG,"DF,MF",28,41,40,"3,370",37.4,3,5,8,3,0,0,6,0,0.08,0.13,0.21,0.08,0.21,Matches,FA Cup,2024-2025
36c3439d,Jordan Gibson,eng ENG,MF,26,42,32,"2,547",28.3,6,7,13,6,0,0,2,1,0.21,0.25,0.46,0.21,0.46,Matches,FA Cup,2024-2025
d1f56fd9,Jay McGrath,eng ENG,DF,21,33,30,"2,742",30.5,0,3,3,0,0,0,7,1,0.00,0.10,0.10,0.00,0.10,Matches,FA Cup,2024-2025
97105498,George Broadbent,eng ENG,MF,23,38,28,"2,562",28.5,1,4,5,1,0,0,6,0,0.04,0.14,0.18,0.04,0.18,Matches,FA Cup,2024-2025
c69edead,Joseph Olowu,eng ENG,DF,24,31,27,"2,489",27.7,3,2,5,3,0,0,1,0,0.11,0.07,0.18,0.11,0.18,Matches,FA Cup,2024-2025
93e4b42f,Harry Clifton,wls WAL,MF,26,41,27,"2,193",24.4,6,1,7,6,0,0,8,1,0.25,0.04,0.29,0.25,0.29,Matches,FA Cup,2024-2025
76e8c264,Tom Anderson,eng ENG,DF,30,29,24,"2,171",24.1,1,1,2,1,0,0,3,1,0.04,0.04,0.08,0.04,0.08,Matches,FA Cup,2024-2025
b43128df,James Maxwell,sct SCO,"DF,MF",22,24,20,"1,576",17.5,0,1,1,0,0,0,3,0,0.00,0.06,0.06,0.00,0.06,Matches,FA Cup,2024-2025
e8c9f4e9,Billy Sharp,eng ENG,FW,38,43,19,"1,828",20.3,9,1,10,9,0,0,4,1,0.44,0.05,0.49,0.44,0.49,Matches,FA Cup,2024-2025
a0a22f9e,Joe Ironside,eng ENG,FW,30,39,17,"1,860",20.7,4,1,5,3,1,1,0,0,0.19,0.05,0.24,0.15,0.19,Matches,FA Cup,2024-2025
b4390912,Robert Street,eng ENG,"FW,MF",22,22,16,"1,393",15.5,11,0,11,11,0,0,4,0,0.71,0.00,0.71,0.71,0.71,Matches,FA Cup,2024-2025
d60c1a74,Jack Senior,eng ENG,DF,27,21,15,"1,415",15.7,0,1,1,0,0,0,3,1,0.00,0.06,0.06,0.00,0.06,Matches,FA Cup,2024-2025
5d6e1f20,Patrick Kelly,nir NIR,MF,19,30,15,"1,414",15.7,2,0,2,2,0,0,2,1,0.13,0.00,0.13,0.13,0.13,Matches,FA Cup,2024-2025
3708655f,Brandon Fleming,eng ENG,DF,24,17,12,"1,006",11.2,0,0,0,0,0,0,4,0,0.00,0.00,0.00,0.00,0.00,Matches,FA Cup,2024-2025
e8392083,Charlie Crew,wls WAL,MF,18,13,11,811,9.0,0,0,0,0,0,0,2,0,0.00,0.00,0.00,0.00,0.00,Matches,FA Cup,2024-2025
0cfd2a3b,Kyle Hurst,eng ENG,"MF,FW",22,21,9,899,10.0,3,2,5,3,0,0,3,0,0.30,0.20,0.50,0.30,0.50,Matches,FA Cup,2024-2025
9f866258,Joe Sbarra,eng ENG,MF,25,27,7,925,10.3,1,2,3,1,0,0,1,0,0.10,0.19,0.29,0.10,0.29,Matches,FA Cup,2024-2025
b6a8cf65,Richard Wood,eng ENG,DF,39,8,7,514,5.7,0,0,0,0,0,0,1,0,0.00,0.00,0.00,0.00,0.00,Matches,FA Cup,2024-2025
143c022e,Ethan Ennis,eng ENG,MF,19,15,3,404,4.5,0,2,2,0,0,0,0,0,0.00,0.45,0.45,0.00,0.45,Matches,FA Cup,2024-2025
59160a19,Josh Emmanuel,eng ENG,"DF,MF",26,5,3,275,3.1,0,0,0,0,0,0,0,0,0.00,0.00,0.00,0.00,0.00,Matches,FA Cup,2024-2025
1e8a5099,Ben Close,eng ENG,MF,27,7,3,242,2.7,0,0,0,0,0,0,0,0,0.00,0.00,0.00,0.00,0.00,Matches,FA Cup,2024-2025
a15c4cb6,Tom Nixon,eng ENG,DF,21,9,2,241,2.7,0,0,0,0,0,0,0,0,0.00,0.00,0.00,0.00,0.00,Matches,FA Cup,2024-2025
bcbc7688,Zain Westbrooke,eng ENG,MF,27,7,2,211,2.3,0,0,0,0,0,0,0,0,0.00,0.00,0.00,0.00,0.00,Matches,FA Cup,2024-2025
0aa37dc2,Ephraim Yeboah,gh GHA,MF,18,11,1,253,2.8,0,0,0,0,0,0,3,0,0.00,0.00,0.00,0.00,0.00,Matches,FA Cup,2024-2025
2ab84455,Will Flint,eng ENG,DF,18,0,0,,,,,,,,,,,,,,,,Matches,FA Cup,2024-2025
e71f79e2,Ian Lawlor,ie IRL,GK,29,0,0,,,,,,,,,,,,,,,,Matches,FA Cup,2024-2025
144e8717,Christoph Klarer,at AUT,DF,24,43,43,"3,813",42.4,1,3,4,1,0,0,11,0,0.02,0.07,0.09,0.02,0.09,Matches,FA Cup,2024-2025
8a08585e,Alex Cochrane,eng ENG,DF,24,42,41,"3,598",40.0,1,2,3,1,0,0,5,0,0.03,0.05,0.08,0.03,0.08,Matches,FA Cup,2024-2025
af615123,Ryan Allsop,eng ENG,GK,32,38,38,"3,419",38.0,0,1,1,0,0,0,5,0,0.00,0.03,0.03,0.00,0.03,Matches,FA Cup,2024-2025
61e65971,Tomoki Iwata,jp JPN,MF,27,40,38,"3,311",36.8,6,1,7,6,0,0,7,0,0.16,0.03,0.19,0.16,0.19,Matches,FA Cup,2024-2025
1e1bea09,Paik Seung-ho,kr KOR,MF,27,41,36,"3,292",36.6,1,3,4,1,0,0,1,0,0.03,0.08,0.11,0.03,0.11,Matches,FA Cup,2024-2025
f3f80000,Willum Þór Willumsson,is ISL,MF,25,41,36,"3,058",34.0,6,6,12,6,0,0,0,0,0.18,0.18,0.35,0.18,0.35,Matches,FA Cup,2024-2025
c9009a1f,Ben Davies,eng ENG,DF,28,35,32,"2,961",32.9,1,1,2,1,0,0,3,0,0.03,0.03,0.06,0.03,0.06,Matches,FA Cup,2024-2025
b2626673,Jay Stansfield,eng ENG,"FW,MF",21,37,31,"2,683",29.8,19,3,22,10,9,10,7,0,0.64,0.10,0.74,0.34,0.44,Matches,FA Cup,2024-2025
992453d1,Alfie May,eng ENG,"FW,MF",31,44,27,"2,342",26.0,16,8,24,15,1,1,3,0,0.61,0.31,0.92,0.58,0.88,Matches,FA Cup,2024-2025
8267f8d4,Ethan Laird,eng ENG,"DF,MF",23,35,27,"2,317",25.7,4,4,8,4,0,0,5,0,0.16,0.16,0.31,0.16,0.31,Matches,FA Cup,2024-2025
864a3eba,Keshi Anderson,eng ENG,MF,29,37,27,"2,206",24.5,7,5,12,7,0,0,6,0,0.29,0.20,0.49,0.29,0.49,Matches,FA Cup,2024-2025
f05ee68d,Taylor Gardner-Hickman,eng ENG,"MF,DF",22,33,22,"1,892",21.0,3,2,5,3,0,0,7,0,0.14,0.10,0.24,0.14,0.24,Matches,FA Cup,2024-2025
8e0ec853,Krystian Bielik,pl POL,DF,26,32,20,"1,843",20.5,1,0,1,1,0,0,5,1,0.05,0.00,0.05,0.05,0.05,Matches,FA Cup,2024-2025
2f6ec02a,Kieran Dowell,eng ENG,MF,26,19,17,"1,459",16.2,5,4,9,3,2,2,2,0,0.31,0.25,0.56,0.19,0.43,Matches,FA Cup,2024-2025
bd8afa3d,Marc Leonard,sct SCO,MF,22,35,14,"1,477",16.4,0,4,4,0,0,0,2,0,0.00,0.24,0.24,0.00,0.24,Matches,FA Cup,2024-2025
0b1e3c10,Emil Hansson,se SWE,MF,26,20,12,913,10.1,1,2,3,1,0,0,0,0,0.10,0.20,0.30,0.10,0.30,Matches,FA Cup,2024-2025
8c3078cd,Luke Harris,wls WAL,MF,19,29,10,"1,024",11.4,3,1,4,3,0,0,5,0,0.26,0.09,0.35,0.26,0.35,Matches,FA Cup,2024-2025
cd92357a,Lyndon Dykes,sct SCO,"FW,MF",28,25,9,941,10.5,1,0,1,1,0,0,2,0,0.10,0.00,0.10,0.10,0.10,Matches,FA Cup,2024-2025
4879f8cb,Bailey Peacock-Farrell,nir NIR,GK,27,9,8,721,8.0,0,0,0,0,0,0,0,0,0.00,0.00,0.00,0.00,0.00,Matches,FA Cup,2024-2025
5d873dfb,Alfons Sampsted,is ISL,DF,26,17,4,561,6.2,1,0,1,1,0,0,0,0,0.16,0.00,0.16,0.16,0.16,Matches,FA Cup,2024-2025
e9b0ccaf,Scott Wright,sct SCO,MF,26,13,3,441,4.9,1,0,1,1,0,0,0,0,0.20,0.00,0.20,0.20,0.20,Matches,FA Cup,2024-2025
e9254eec,Grant Hanley,sct SCO,DF,32,14,3,302,3.4,0,0,0,0,0,0,1,0,0.00,0.00,0.00,0.00,0.00,Matches,FA Cup,2024-2025
45e95f21,Lee Buchanan,eng ENG,"DF,MF",23,3,3,136,1.5,1,0,1,1,0,0,0,0,0.66,0.00,0.66,0.66,0.66,Matches,FA Cup,2024-2025
08d00071,Lee Myung-jae,kr KOR,DF,30,3,2,182,2.0,0,0,0,0,0,0,0,0,0.00,0.00,0.00,0.00,0.00,Matches,FA Cup,2024-2025
77bf714c,Koji Miyoshi,jp JPN,MF,27,3,1,100,1.1,0,0,0,0,0,0,0,0,0.00,0.00,0.00,0.00,0.00,Matches,FA Cup,2024-2025
b3fa76c5,Dion Sanderson,eng ENG,DF,24,2,1,93,1.0,0,0,0,0,0,0,0,0,0.00,0.00,0.00,0.00,0.00,Matches,FA Cup,2024-2025
11f54bd5,Siriki Dembélé,ci CIV,MF,27,1,1,45,0.5,0,0,0,0,0,0,0,0,0.00,0.00,0.00,0.00,0.00,Matches,FA Cup,2024-2025
3943a06f,Lukas Jutkiewicz,eng ENG,FW,35,16,0,222,2.5,1,0,1,1,0,0,0,0,0.41,0.00,0.41,0.41,0.41,Matches,FA Cup,2024-2025
4ad6aa04,Ayumu Yokoyama,jp JPN,MF,21,10,0,169,1.9,0,1,1,0,0,0,0,0,0.00,0.53,0.53,0.00,0.53,Matches,FA Cup,2024-2025
aedc4924,Brandon Khela,eng ENG,MF,19,2,0,14,0.2,0,0,0,0,0,0,0,0,0.00,0.00,0.00,0.00,0.00,Matches,FA Cup,2024-2025
468ce597,Bradley MAYO,eng ENG,GK,19,0,0,,,,,,,,,,,,,,,,Matches,FA Cup,2024-2025
ef2b9863,Jamie Stott,eng ENG,DF,26,45,43,"3,868",43.0,3,0,3,3,0,0,2,0,0.07,0.00,0.07,0.07,0.07,Matches,FA Cup,2024-2025
224422cc,David Tutonda,eng ENG,DF,28,42,34,"2,918",32.4,0,1,1,0,0,0,14,1,0.00,0.03,0.03,0.00,0.03,Matches,FA Cup,2024-2025
417134fe,Luke Hendrie,eng ENG,"DF,MF",29,34,34,"2,886",32.1,0,4,4,0,0,0,7,1,0.00,0.12,0.12,0.00,0.12,Matches,FA Cup,2024-2025
012c975a,Rhys Williams,eng ENG,DF,23,33,32,"2,755",30.6,1,0,1,1,0,0,6,1,0.03,0.00,0.03,0.03,0.03,Matches,FA Cup,2024-2025
accd672a,Adam Lewis,eng ENG,"MF,DF",24,44,31,"2,776",30.8,1,6,7,1,0,0,6,0,0.03,0.19,0.23,0.03,0.23,Matches,FA Cup,2024-2025
a9d5c771,Callum Jones,wls WAL,MF,23,34,31,"2,689",29.9,1,2,3,0,1,1,2,0,0.03,0.07,0.10,0.00,0.07,Matches,FA Cup,2024-2025
34f2c69e,Ben Tollitt,eng ENG,"MF,FW",29,39,28,"2,454",27.3,6,2,8,6,0,0,3,0,0.22,0.07,0.29,0.22,0.29,Matches,FA Cup,2024-2025
4e67f277,Tom White,eng ENG,MF,27,34,27,"2,378",26.4,0,1,1,0,0,0,6,0,0.00,0.04,0.04,0.00,0.04,Matches,FA Cup,2024-2025
e50bf6ce,Yann Songo'o,cm CMR,"MF,DF",32,36,26,"2,468",27.4,3,4,7,3,0,0,6,0,0.11,0.15,0.26,0.11,0.26,Matches,FA Cup,2024-2025
710d9ad1,Harry Burgoyne,eng ENG,GK,27,28,26,"2,415",26.8,0,1,1,0,0,0,1,0,0.00,0.04,0.04,0.00,0.04,Matches,FA Cup,2024-2025
e35c0427,Harvey Macadam,eng ENG,MF,23,29,22,"1,960",21.8,1,0,1,1,0,0,2,0,0.05,0.00,0.05,0.05,0.05,Matches,FA Cup,2024-2025
336a0cb7,Marcus Dackers,wls WAL,FW,21,36,21,"2,162",24.0,1,3,4,1,0,0,3,0,0.04,0.12,0.17,0.04,0.17,Matches,FA Cup,2024-2025
139aeffa,Lee Angol,eng ENG,FW,29,26,21,"1,591",17.7,7,0,7,6,1,1,5,1,0.40,0.00,0.40,0.34,0.34,Matches,FA Cup,2024-2025
9a60d8f4,Gwion Edwards,wls WAL,MF,31,25,19,"1,590",17.7,3,1,4,3,0,0,3,0,0.17,0.06,0.23,0.17,0.23,Matches,FA Cup,2024-2025
140fb136,Paul Lewis,eng ENG,MF,29,29,17,"1,581",17.6,0,0,0,0,0,0,7,0,0.00,0.00,0.00,0.00,0.00,Matches,FA Cup,2024-2025
c2a02cf6,Stuart Moore,eng ENG,GK,29,15,15,"1,335",14.8,0,0,0,0,0,0,0,0,0.00,0.00,0.00,0.00,0.00,Matches,FA Cup,2024-2025
b7fc4922,Hallam Hope,bb BRB,"FW,MF",30,29,14,"1,412",15.7,2,1,3,2,0,0,3,0,0.13,0.06,0.19,0.13,0.19,Matches,FA Cup,2024-2025
cb5aceb5,Max Taylor,eng ENG,DF,23,20,14,"1,241",13.8,1,0,1,1,0,0,4,1,0.07,0.00,0.07,0.07,0.07,Matches,FA Cup,2024-2025
a00f38f9,Andrew Dallas,sct SCO,"FW,MF",25,17,14,"1,019",11.3,3,1,4,3,0,0,2,0,0.26,0.09,0.35,0.26,0.35,Matches,FA Cup,2024-2025
f5d9534a,Callum Cooke,eng ENG,MF,27,18,11,947,10.5,1,0,1,0,1,1,1,0,0.10,0.00,0.10,0.00,0.00,Matches,FA Cup,2024-2025
372307ab,Jordan Slew,eng ENG,"MF,FW",31,31,8,"1,042",11.6,1,1,2,1,0,0,2,0,0.09,0.09,0.17,0.09,0.17,Matches,FA Cup,2024-2025
25c5bcaa,Ross Millen,sct SCO,"MF,DF",29,17,5,570,6.3,0,0,0,0,0,0,0,0,0.00,0.00,0.00,0.00,0.00,Matches,FA Cup,2024-2025
74947a21,Ryan Schofield,eng ENG,GK,24,5,5,390,4.3,0,0,0,0,0,0,0,0,0.00,0.00,0.00,0.00,0.00,Matches,FA Cup,2024-2025
dd4c0cac,Kayden Harrack,gd GRN,MF,20,8,4,365,4.1,0,0,0,0,0,0,3,1,0.00,0.00,0.00,0.00,0.00,Matches,FA Cup,2024-2025
6b337618,Gerard Garner,eng ENG,"FW,MF",25,8,3,320,3.6,2,0,2,2,0,0,0,0,0.56,0.00,0.56,0.56,0.56,Matches,FA Cup,2024-2025
56504d51,George Ray,wls WAL,DF,30,2,1,54,0.6,0,0,0,0,0,0,0,0,0.00,0.00,0.00,0.00,0.00,Matches,FA Cup,2024-2025
fd1cebf4,Adam Fairclough,eng ENG,MF,17,5,0,75,0.8,0,0,0,0,0,0,1,0,0.00,0.00,0.00,0.00,0.00,Matches,FA Cup,2024-2025
44f87ad3,Charlie Brown,eng ENG,"FW,MF",24,4,0,47,0.5,0,0,0,0,0,0,1,0,0.00,0.00,0.00,0.00,0.00,Matches,FA Cup,2024-2025
e8220af3,Billy Whaite,,FW,,1,0,8,0.1,0,0,0,0,0,0,0,0,0.00,0.00,0.00,0.00,0.00,Matches,FA Cup,2024-2025
64bb0c72,Lennon Dobson,,MF,,1,0,1,0.0,0,0,0,0,0,0,0,0,0.00,0.00,0.00,0.00,0.00,Matches,FA Cup,2024-2025
cf36744d,Nathan Mercer,,MF,,0,0,,,,,,,,,,,,,,,,Matches,FA Cup,2024-2025
86b8e50e,Alfie Scales,,GK,,0,0,,,,,,,,,,,,,,,,Matches,FA Cup,2024-2025
d99f242f,Nathan Snowball,,,,0,0,,,,,,,,,,,,,,,,Matches,FA Cup,2024-2025
c2cba4c3,Lewis Wing,eng ENG,MF,29,46,46,"4,140",46.0,9,7,16,9,0,0,5,0,0.20,0.15,0.35,0.20,0.35,Matches,FA Cup,2024-2025
3575e5eb,Tyler Bindon,nz NZL,DF,19,44,44,"3,942",43.8,2,0,2,2,0,0,3,0,0.05,0.00,0.05,0.05,0.05,Matches,FA Cup,2024-2025
10856e41,Harvey Knibbs,eng ENG,"MF,FW",25,43,41,"3,714",41.3,14,6,20,10,4,4,4,0,0.34,0.15,0.48,0.24,0.39,Matches,FA Cup,2024-2025
881e5db7,Joel Castro Pereira,pt POR,GK,28,40,40,"3,600",40.0,0,0,0,0,0,0,2,0,0.00,0.00,0.00,0.00,0.00,Matches,FA Cup,2024-2025
e07398f8,Charlie Savage,wls WAL,MF,21,45,40,"3,495",38.8,5,9,14,5,0,0,6,0,0.13,0.23,0.36,0.13,0.36,Matches,FA Cup,2024-2025
6f711f67,Chem Campbell,wls WAL,FW,21,39,36,"3,038",33.8,5,2,7,5,0,0,3,0,0.15,0.06,0.21,0.15,0.21,Matches,FA Cup,2024-2025
14d2670e,Amadou Mbengue,sn SEN,DF,22,34,33,"2,939",32.7,1,0,1,1,0,0,10,0,0.03,0.00,0.03,0.03,0.03,Matches,FA Cup,2024-2025
efa00ecf,Michael Craig,sct SCO,DF,21,30,29,"2,564",28.5,2,0,2,2,0,0,3,0,0.07,0.00,0.07,0.07,0.07,Matches,FA Cup,2024-2025
7b3d54d7,Andre Garcia,eng ENG,"DF,FW",16,38,29,"2,411",26.8,0,1,1,0,0,0,5,0,0.00,0.04,0.04,0.00,0.04,Matches,FA Cup,2024-2025
786ee995,Kelvin Ehibhatiomhan,eng ENG,FW,21,33,27,"2,236",24.8,4,3,7,4,0,0,6,1,0.16,0.12,0.28,0.16,0.28,Matches,FA Cup,2024-2025
231a0b44,Sam Smith,eng ENG,FW,26,25,24,"2,134",23.7,11,2,13,10,1,1,7,0,0.46,0.08,0.55,0.42,0.51,Matches,FA Cup,2024-2025
cb8564f8,Mamadi Camará,gw GNB,FW,20,33,19,"1,623",18.0,3,2,5,3,0,0,3,0,0.17,0.11,0.28,0.17,0.28,Matches,FA Cup,2024-2025
98336853,Ben Elliott,cm CMR,MF,21,19,17,"1,476",16.4,2,5,7,2,0,0,4,0,0.12,0.30,0.43,0.12,0.43,Matches,FA Cup,2024-2025
33c210b0,Jayden Wareham,eng ENG,FW,21,37,15,"1,526",17.0,5,1,6,5,0,0,2,0,0.29,0.06,0.35,0.29,0.35,Matches,FA Cup,2024-2025
ceabce33,Kelvin Abrefa,eng ENG,DF,20,27,11,"1,182",13.1,0,0,0,0,0,0,1,0,0.00,0.00,0.00,0.00,0.00,Matches,FA Cup,2024-2025
7b40e8ae,Jeriel Dorsett,ms MSR,DF,22,14,11,816,9.1,0,0,0,0,0,0,0,0,0.00,0.00,0.00,0.00,0.00,Matches,FA Cup,2024-2025
6be423e1,Tivonge Rushesha,wls WAL,DF,22,18,9,745,8.3,0,0,0,0,0,0,0,0,0.00,0.00,0.00,0.00,0.00,Matches,FA Cup,2024-2025
483bec75,Harlee Dean,eng ENG,DF,33,19,7,737,8.2,0,1,1,0,0,0,2,0,0.00,0.12,0.12,0.00,0.12,Matches,FA Cup,2024-2025
e608ed4c,David Button,eng ENG,GK,35,5,5,450,5.0,0,0,0,0,0,0,0,0,0.00,0.00,0.00,0.00,0.00,Matches,FA Cup,2024-2025
be950e35,Andy Yiadom,gh GHA,DF,32,14,4,495,5.5,0,0,0,0,0,0,3,0,0.00,0.00,0.00,0.00,0.00,Matches,FA Cup,2024-2025
981c64ea,Adrian Akande,ng NGA,FW,20,15,4,442,4.9,0,1,1,0,0,0,0,0,0.00,0.20,0.20,0.00,0.20,Matches,FA Cup,2024-2025
86538215,Abraham Kanu,sl SLE,DF,18,10,4,433,4.8,0,0,0,0,0,0,0,0,0.00,0.00,0.00,0.00,0.00,Matches,FA Cup,2024-2025
dfe059f0,Michael Stickland,eng ENG,DF,21,5,4,345,3.8,0,0,0,0,0,0,2,1,0.00,0.00,0.00,0.00,0.00,Matches,FA Cup,2024-2025
49eb2779,Billy Bodin,wls WAL,FW,32,16,3,353,3.9,2,1,3,2,0,0,0,0,0.51,0.25,0.76,0.51,0.76,Matches,FA Cup,2024-2025
1a694219,Louie Holzman,eng ENG,DF,20,9,3,301,3.3,0,0,0,0,0,0,1,1,0.00,0.00,0.00,0.00,0.00,Matches,FA Cup,2024-2025
94a01643,Coniah Boyce-Clarke,jm JAM,GK,21,1,1,90,1.0,0,0,0,0,0,0,0,0,0.00,0.00,0.00,0.00,0.00,Matches,FA Cup,2024-2025
5a1900a4,Tom Carroll,eng ENG,MF,32,9,0,74,0.8,0,0,0,0,0,0,1,0,0.00,0.00,0.00,0.00,0.00,Matches,FA Cup,2024-2025
aa0e5f3f,Ashqar Ahmed,,DF,,5,0,63,0.7,0,0,0,0,0,0,1,0,0.00,0.00,0.00,0.00,0.00,Matches,FA Cup,2024-2025
ba21f636,Basil Tuma,mt MLT,FW,18,4,0,42,0.5,0,0,0,0,0,0,0,0,0.00,0.00,0.00,0.00,0.00,Matches,FA Cup,2024-2025
2d590087,Femi Azeez,eng ENG,MF,23,1,0,29,0.3,0,0,0,0,0,0,0,0,0.00,0.00,0.00,0.00,0.00,Matches,FA Cup,2024-2025
171df959,Shay Spencer,,MF,,1,0,11,0.1,0,0,0,0,0,0,0,0,0.00,0.00,0.00,0.00,0.00,Matches,FA Cup,2024-2025
1289140f,Emmanuel Osho,,MF,,1,0,1,0.0,0,0,0,0,0,0,0,0,0.00,0.00,0.00,0.00,0.00,Matches,FA Cup,2024-2025
d9d6879e,Tom Norcott,eng ENG,GK,19,0,0,,,,,,,,,,,,,,,,Matches,FA Cup,2024-2025
e1e9fb6a,Matt Rowley,eng ENG,GK,20,0,0,,,,,,,,,,,,,,,,Matches,FA Cup,2024-2025
f8455eef,Tyler Sackey,,MF,,0,0,,,,,,,,,,,,,,,,Matches,FA Cup,2024-2025
f65eb904,Jack Senga-Ngoyi,be BEL,MF,20,0,0,,,,,,,,,,,,,,,,Matches,FA Cup,2024-2025
41d05caa,Davis Keillor-Dunn,eng ENG,"FW,MF",26,42,42,"3,547",39.4,18,5,23,18,0,0,3,0,0.46,0.13,0.58,0.46,0.58,Matches,FA Cup,2024-2025
4b542354,Maël Durand de Gevigney,fr FRA,DF,24,39,39,"3,417",38.0,0,0,0,0,0,0,6,2,0.00,0.00,0.00,0.00,0.00,Matches,FA Cup,2024-2025
875cbc84,Luca Connell,ie IRL,MF,23,41,37,"3,189",35.4,2,4,6,2,0,0,13,0,0.06,0.11,0.17,0.06,0.17,Matches,FA Cup,2024-2025
d9b66fca,Corey O'Keeffe,ie IRL,MF,26,41,35,"3,114",34.6,0,7,7,0,0,0,8,0,0.00,0.20,0.20,0.00,0.20,Matches,FA Cup,2024-2025
51907c14,Marc Roberts,eng ENG,DF,34,37,35,"3,074",34.2,3,1,4,3,0,0,3,1,0.09,0.03,0.12,0.09,0.12,Matches,FA Cup,2024-2025
125ddc1e,Jonathan Russell,jm JAM,MF,23,40,34,"3,114",34.6,11,2,13,11,0,0,6,0,0.32,0.06,0.38,0.32,0.38,Matches,FA Cup,2024-2025
a384ee83,Josh Earl,eng ENG,DF,25,34,34,"2,925",32.5,2,4,6,2,0,0,7,0,0.06,0.12,0.18,0.06,0.18,Matches,FA Cup,2024-2025
34faec43,Adam Phillips,eng ENG,MF,26,36,34,"2,833",31.5,9,6,15,6,3,3,4,1,0.29,0.19,0.48,0.19,0.38,Matches,FA Cup,2024-2025
a9701870,Stephen Humphrys,eng ENG,"FW,MF",26,37,26,"2,282",25.4,9,2,11,9,0,0,3,0,0.35,0.08,0.43,0.35,0.43,Matches,FA Cup,2024-2025
4234686a,Georgie Gent,eng ENG,MF,20,25,19,"1,487",16.5,1,0,1,1,0,0,2,0,0.06,0.00,0.06,0.06,0.06,Matches,FA Cup,2024-2025
a10387a2,Max Watters,eng ENG,FW,25,30,18,"1,401",15.6,5,2,7,5,0,0,0,0,0.32,0.13,0.45,0.32,0.45,Matches,FA Cup,2024-2025
7c23e227,Ben Killip,eng ENG,GK,28,17,17,"1,530",17.0,0,1,1,0,0,0,2,0,0.00,0.06,0.06,0.00,0.06,Matches,FA Cup,2024-2025
7bd25363,Donovan Pines,us USA,DF,26,24,17,"1,494",16.6,2,0,2,2,0,0,5,0,0.12,0.00,0.12,0.12,0.12,Matches,FA Cup,2024-2025
f928e03e,Conor McCarthy,ie IRL,DF,26,20,16,"1,468",16.3,0,1,1,0,0,0,6,0,0.00,0.06,0.06,0.00,0.06,Matches,FA Cup,2024-2025
a603e11a,Barry Cotter,ie IRL,MF,25,21,14,"1,241",13.8,0,3,3,0,0,0,1,0,0.00,0.22,0.22,0.00,0.22,Matches,FA Cup,2024-2025
877f31c2,Kelechi Nwakali,ng NGA,MF,26,23,12,"1,311",14.6,1,0,1,1,0,0,4,0,0.07,0.00,0.07,0.07,0.07,Matches,FA Cup,2024-2025
c55a846e,Gaga Slonina,us USA,GK,20,11,11,990,11.0,0,0,0,0,0,0,0,0,0.00,0.00,0.00,0.00,0.00,Matches,FA Cup,2024-2025
bc914523,Matthew Craig,sct SCO,MF,21,14,10,793,8.8,0,0,0,0,0,0,0,0,0.00,0.00,0.00,0.00,0.00,Matches,FA Cup,2024-2025
ea55ae1a,Sam Cosgrove,eng ENG,FW,27,19,8,824,9.2,1,2,3,1,0,0,3,0,0.11,0.22,0.33,0.11,0.33,Matches,FA Cup,2024-2025
5600c774,Joe Gauci,au AUS,GK,24,7,7,614,6.8,0,0,0,0,0,0,0,0,0.00,0.00,0.00,0.00,0.00,Matches,FA Cup,2024-2025
f9814b83,Jonathan Bland,wls WAL,"MF,DF",18,9,6,650,7.2,0,1,1,0,0,0,3,0,0.00,0.14,0.14,0.00,0.14,Matches,FA Cup,2024-2025
e02b1d30,Kieran Flavell,eng ENG,GK,20,7,6,617,6.9,0,1,1,0,0,0,0,0,0.00,0.15,0.15,0.00,0.15,Matches,FA Cup,2024-2025
48f7a573,Neil Farrugia,ie IRL,MF,25,9,6,499,5.5,0,0,0,0,0,0,1,0,0.00,0.00,0.00,0.00,0.00,Matches,FA Cup,2024-2025
2acb8578,Fabio Jalo,pt POR,"MF,FW",18,16,5,602,6.7,2,2,4,2,0,0,4,0,0.30,0.30,0.60,0.30,0.60,Matches,FA Cup,2024-2025
15fdac60,Jackson Smith,eng ENG,GK,22,6,5,389,4.3,0,0,0,0,0,0,0,0,0.00,0.00,0.00,0.00,0.00,Matches,FA Cup,2024-2025
0bdda685,Dexter Lembikisa,jm JAM,"MF,DF",20,12,3,413,4.6,0,0,0,0,0,0,0,0,0.00,0.00,0.00,0.00,0.00,Matches,FA Cup,2024-2025
d77911ce,Kyran Lofthouse,eng ENG,"MF,FW",23,18,3,385,4.3,0,0,0,0,0,0,2,0,0.00,0.00,0.00,0.00,0.00,Matches,FA Cup,2024-2025
bf3aeb61,Josh Benson,eng ENG,MF,24,14,2,407,4.5,1,1,2,1,0,0,1,0,0.22,0.22,0.44,0.22,0.44,Matches,FA Cup,2024-2025
7a566aa7,Clément Rodrigues,fr FRA,"MF,FW",23,6,2,169,1.9,0,0,0,0,0,0,0,0,0.00,0.00,0.00,0.00,0.00,Matches,FA Cup,2024-2025
7b26cd24,Connor Barrett,eng ENG,DF,22,5,1,179,2.0,0,0,0,0,0,0,0,0,0.00,0.00,0.00,0.00,0.00,Matches,FA Cup,2024-2025
b9d3d3fd,Vimal Yoganathan,wls WAL,MF,18,5,1,111,1.2,0,0,0,0,0,0,1,0,0.00,0.00,0.00,0.00,0.00,Matches,FA Cup,2024-2025
fcab00a0,Conor Hourihane,ie IRL,MF,33,2,1,84,0.9,0,0,0,0,0,0,0,0,0.00,0.00,0.00,0.00,0.00,Matches,FA Cup,2024-2025
6f300a0b,Aiden Marsh,eng ENG,FW,21,7,0,185,2.1,0,0,0,0,0,0,0,0,0.00,0.00,0.00,0.00,0.00,Matches,FA Cup,2024-2025
2501eb59,Jonathan Lewis,us USA,"FW,MF",27,5,0,56,0.6,1,0,1,1,0,0,0,0,1.61,0.00,1.61,1.61,1.61,Matches,FA Cup,2024-2025
27097e41,Josiah Dyer,ms MSR,FW,19,1,0,4,0.0,0,0,0,0,0,0,0,0,0.00,0.00,0.00,0.00,0.00,Matches,FA Cup,2024-2025
1ba4df68,Bayley McCann,nir NIR,MF,18,1,0,3,0.0,0,0,0,0,0,0,0,0,0.00,0.00,0.00,0.00,0.00,Matches,FA Cup,2024-2025
d3cec6e9,Kieran Graham,eng ENG,MF,16,1,0,1,0.0,0,0,0,0,0,0,0,0,0.00,0.00,0.00,0.00,0.00,Matches,FA Cup,2024-2025
d6f96193,Luke Alker,eng ENG,FW,17,0,0,,,,,,,,,,,,,,,,Matches,FA Cup,2024-2025
ce2328ec,Adam Hayton,eng ENG,GK,20,0,0,,,,,,,,,,,,,,,,Matches,FA Cup,2024-2025
86862905,Kacper Łopata,pl POL,DF,22,0,0,,,,,,,,,,,,,,,,Matches,FA Cup,2024-2025
507c7bdf,Bruno Fernandes,pt POR,MF,29,36,35,"3,018",33.5,8,10,18,5,3,3,5,2,0.24,0.30,0.54,0.15,0.45,Matches,FA Cup,2024-2025
e9c0c1b2,André Onana,cm CMR,GK,28,34,34,"3,060",34.0,0,0,0,0,0,0,0,0,0.00,0.00,0.00,0.00,0.00,Matches,FA Cup,2024-2025
b74277a0,Noussair Mazraoui,ma MAR,"DF,MF",26,37,34,"2,838",31.5,0,1,1,0,0,0,3,0,0.00,0.03,0.03,0.00,0.03,Matches,FA Cup,2024-2025
d9565625,Diogo Dalot,pt POR,"MF,DF",25,33,31,"2,814",31.3,0,3,3,0,0,0,5,0,0.00,0.10,0.10,0.00,0.10,Matches,FA Cup,2024-2025
d6e53a3a,Matthijs de Ligt,nl NED,DF,24,29,25,"2,123",23.6,2,0,2,2,0,0,3,0,0.08,0.00,0.08,0.08,0.08,Matches,FA Cup,2024-2025
7aa8adfe,Alejandro Garnacho,ar ARG,MF,20,36,23,"2,199",24.4,6,2,8,6,0,0,3,0,0.25,0.08,0.33,0.25,0.33,Matches,FA Cup,2024-2025
491a433d,Rasmus Højlund,dk DEN,FW,21,32,23,"2,004",22.3,4,0,4,4,0,0,2,0,0.18,0.00,0.18,0.18,0.18,Matches,FA Cup,2024-2025
c9817014,Manuel Ugarte,uy URU,MF,23,29,22,"1,785",19.8,1,2,3,1,0,0,11,0,0.05,0.10,0.15,0.05,0.15,Matches,FA Cup,2024-2025
9dc96f10,Amad Diallo,ci CIV,"MF,FW",22,26,20,"1,901",21.1,8,6,14,8,0,0,5,0,0.38,0.28,0.66,0.38,0.66,Matches,FA Cup,2024-2025
bac46a10,Lisandro Martínez,ar ARG,DF,26,20,20,"1,751",19.5,2,1,3,2,0,0,7,0,0.10,0.05,0.15,0.10,0.15,Matches,FA Cup,2024-2025
d8931174,Harry Maguire,eng ENG,DF,31,27,19,"1,758",19.5,1,0,1,1,0,0,7,0,0.05,0.00,0.05,0.05,0.05,Matches,FA Cup,2024-2025
c6220452,Kobbie Mainoo,eng ENG,MF,19,25,19,"1,651",18.3,0,0,0,0,0,0,5,0,0.00,0.00,0.00,0.00,0.00,Matches,FA Cup,2024-2025
4d224fe8,Casemiro,br BRA,MF,32,24,18,"1,494",16.6,1,0,1,1,0,0,5,0,0.06,0.00,0.06,0.06,0.06,Matches,FA Cup,2024-2025
028e70b9,Joshua Zirkzee,nl NED,"FW,MF",23,32,14,"1,402",15.6,3,1,4,3,0,0,2,0,0.19,0.06,0.26,0.19,0.26,Matches,FA Cup,2024-2025
6763f716,Leny Yoro,fr FRA,DF,18,21,12,"1,165",12.9,0,0,0,0,0,0,5,0,0.00,0.00,0.00,0.00,0.00,Matches,FA Cup,2024-2025
a1d5bd30,Marcus Rashford,eng ENG,MF,26,15,12,978,10.9,4,1,5,4,0,0,2,0,0.37,0.09,0.46,0.37,0.46,Matches,FA Cup,2024-2025
980522ec,Christian Eriksen,dk DEN,MF,32,23,11,"1,061",11.8,1,2,3,0,1,1,4,0,0.08,0.17,0.25,0.00,0.17,Matches,FA Cup,2024-2025
e6536124,Patrick Dorgu,dk DEN,MF,19,12,10,842,9.4,0,0,0,0,0,0,3,1,0.00,0.00,0.00,0.00,0.00,Matches,FA Cup,2024-2025
9674002f,Mason Mount,eng ENG,"MF,FW",25,17,8,622,6.9,1,0,1,1,0,0,3,0,0.14,0.00,0.14,0.14,0.14,Matches,FA Cup,2024-2025
f5deef4c,Victor Lindelöf,se SWE,DF,30,16,6,704,7.8,0,0,0,0,0,0,1,0,0.00,0.00,0.00,0.00,0.00,Matches,FA Cup,2024-2025
072e68ed,Altay Bayındır,tr TUR,GK,26,4,4,360,4.0,0,0,0,0,0,0,0,0,0.00,0.00,0.00,0.00,0.00,Matches,FA Cup,2024-2025
9c94165b,Luke Shaw,eng ENG,DF,29,7,4,349,3.9,0,0,0,0,0,0,1,0,0.00,0.00,0.00,0.00,0.00,Matches,FA Cup,2024-2025
7b47100c,Harry Amass,eng ENG,MF,17,5,4,346,3.8,0,0,0,0,0,0,0,0,0.00,0.00,0.00,0.00,0.00,Matches,FA Cup,2024-2025
f8fcd2a5,Jonny Evans,nir NIR,DF,36,7,3,315,3.5,0,0,0,0,0,0,1,0,0.00,0.00,0.00,0.00,0.00,Matches,FA Cup,2024-2025
64e17fab,Ayden Heaven,eng ENG,DF,17,4,2,170,1.9,0,0,0,0,0,0,1,0,0.00,0.00,0.00,0.00,0.00,Matches,FA Cup,2024-2025
58630379,Tyler Fredricson,eng ENG,DF,19,2,2,165,1.8,0,0,0,0,0,0,0,0,0.00,0.00,0.00,0.00,0.00,Matches,FA Cup,2024-2025
6b6c793c,Tyrell Malacia,nl NED,MF,24,3,2,100,1.1,0,0,0,0,0,0,1,0,0.00,0.00,0.00,0.00,0.00,Matches,FA Cup,2024-2025
0c9bfc3b,Chidozie Obi-Martin,dk DEN,FW,16,7,1,165,1.8,0,0,0,0,0,0,1,0,0.00,0.00,0.00,0.00,0.00,Matches,FA Cup,2024-2025
4f9091bc,Toby Collyer,eng ENG,MF,20,6,0,179,2.0,0,0,0,0,0,0,0,0,0.00,0.00,0.00,0.00,0.00,Matches,FA Cup,2024-2025
99127249,Antony,br BRA,"FW,MF",24,8,0,141,1.6,0,0,0,0,0,0,0,0,0.00,0.00,0.00,0.00,0.00,Matches,FA Cup,2024-2025
d93c2511,Scott McTominay,sct SCO,MF,27,2,0,19,0.2,0,0,0,0,0,0,0,0,0.00,0.00,0.00,0.00,0.00,Matches,FA Cup,2024-2025
462c5660,Jayce Fitzgerald,eng ENG,MF,17,0,0,,,,,,,,,,,,,,,,Matches,FA Cup,2024-2025
38a6c944,Jack Fletcher,eng ENG,MF,17,0,0,,,,,,,,,,,,,,,,Matches,FA Cup,2024-2025
aa41418a,Hubert Graczyk,pl POL,GK,21,0,0,,,,,,,,,,,,,,,,Matches,FA Cup,2024-2025
6175ebf8,Elyh Harrison,eng ENG,GK,18,0,0,,,,,,,,,,,,,,,,Matches,FA Cup,2024-2025
a6de6361,Tom Heaton,eng ENG,GK,38,0,0,,,,,,,,,,,,,,,,Matches,FA Cup,2024-2025
dedb9d04,Sekou Koné,ml MLI,MF,18,0,0,,,,,,,,,,,,,,,,Matches,FA Cup,2024-2025
30416cc3,Godwill Kukonki,eng ENG,DF,16,0,0,,,,,,,,,,,,,,,,Matches,FA Cup,2024-2025
caa32820,Dermot Mee,nir NIR,GK,21,0,0,,,,,,,,,,,,,,,,Matches,FA Cup,2024-2025
973d6049,Jack Moorhouse,ie IRL,MF,18,0,0,,,,,,,,,,,,,,,,Matches,FA Cup,2024-2025
5c368c88,Ethan Wheatley,eng ENG,FW,18,0,0,,,,,,,,,,,,,,,,Matches,FA Cup,2024-2025
3f847d95,Joseph Whitworth,eng ENG,GK,20,46,46,"4,140",46.0,0,1,1,0,0,0,4,0,0.00,0.02,0.02,0.00,0.02,Matches,FA Cup,2024-2025
f9a76702,Jack McMillan,sct SCO,"MF,DF",26,43,43,"3,746",41.6,2,3,5,2,0,0,7,1,0.05,0.07,0.12,0.05,0.12,Matches,FA Cup,2024-2025
0b40ae38,Josh Magennis,nir NIR,FW,33,40,35,"3,099",34.4,6,2,8,5,1,2,3,0,0.17,0.06,0.23,0.15,0.20,Matches,FA Cup,2024-2025
cebd739d,Ilmari Niskanen,fi FIN,"MF,DF",26,40,35,"3,093",34.4,2,1,3,2,0,0,9,0,0.06,0.03,0.09,0.06,0.09,Matches,FA Cup,2024-2025
a355a77f,Ed Francis,eng ENG,"MF,DF",24,42,34,"3,019",33.5,2,6,8,2,0,0,5,1,0.06,0.18,0.24,0.06,0.24,Matches,FA Cup,2024-2025
ebf5f33d,Ryan Woods,eng ENG,MF,30,37,26,"2,617",29.1,2,1,3,2,0,0,11,1,0.07,0.03,0.10,0.07,0.10,Matches,FA Cup,2024-2025
130e085a,Tristan Crama,fr FRA,DF,22,22,22,"1,915",21.3,3,0,3,3,0,0,4,0,0.14,0.00,0.14,0.14,0.14,Matches,FA Cup,2024-2025
cd3110c7,Jack Aitchison,sct SCO,MF,24,28,22,"1,791",19.9,0,2,2,0,0,0,3,0,0.00,0.10,0.10,0.00,0.10,Matches,FA Cup,2024-2025
c7170b46,Caleb Watts,au AUS,MF,22,31,20,"1,541",17.1,4,1,5,4,0,0,12,1,0.23,0.06,0.29,0.23,0.29,Matches,FA Cup,2024-2025
b639311c,Millenic Alli,ie IRL,"FW,MF",24,25,19,"1,767",19.6,9,1,10,9,0,1,2,0,0.46,0.05,0.51,0.46,0.51,Matches,FA Cup,2024-2025
e0b1993c,Alex Hartridge,eng ENG,DF,25,18,18,"1,620",18.0,1,2,3,1,0,0,2,0,0.06,0.11,0.17,0.06,0.17,Matches,FA Cup,2024-2025
2888dfe7,Pierce Sweeney,ie IRL,DF,29,18,18,"1,608",17.9,0,1,1,0,0,0,4,0,0.00,0.06,0.06,0.00,0.06,Matches,FA Cup,2024-2025
9ca3f7e4,Angus MacDonald,eng ENG,DF,31,15,14,"1,266",14.1,1,0,1,1,0,0,4,0,0.07,0.00,0.07,0.07,0.07,Matches,FA Cup,2024-2025
eb2be717,Jack Fitzwater,eng ENG,DF,26,16,13,"1,103",12.3,1,0,1,1,0,0,1,0,0.08,0.00,0.08,0.08,0.08,Matches,FA Cup,2024-2025
9bbef03e,Ed Turns,wls WAL,DF,21,13,13,"1,099",12.2,0,0,0,0,0,0,2,0,0.00,0.00,0.00,0.00,0.00,Matches,FA Cup,2024-2025
c286f3c2,Demetri Mitchell,eng ENG,"MF,FW",27,23,12,"1,123",12.5,4,1,5,4,0,0,1,0,0.32,0.08,0.40,0.32,0.40,Matches,FA Cup,2024-2025
5250895c,Ben Purrington,eng ENG,"DF,MF",28,21,12,"1,017",11.3,0,0,0,0,0,0,3,0,0.00,0.00,0.00,0.00,0.00,Matches,FA Cup,2024-2025
2b21a700,Johnly Yfeko,eng ENG,DF,21,12,11,995,11.1,0,1,1,0,0,0,4,0,0.00,0.09,0.09,0.00,0.09,Matches,FA Cup,2024-2025
d497ebe7,Vincent Harper,ke KEN,"MF,DF",23,22,10,994,11.0,1,1,2,1,0,0,4,0,0.09,0.09,0.18,0.09,0.18,Matches,FA Cup,2024-2025
732327ae,Ryan Trevitt,eng ENG,MF,21,11,10,886,9.8,1,0,1,1,0,0,1,0,0.10,0.00,0.10,0.10,0.10,Matches,FA Cup,2024-2025
3a904f11,Kamari Doyle,eng ENG,"MF,FW",18,20,10,823,9.1,3,0,3,3,0,0,1,0,0.33,0.00,0.33,0.33,0.33,Matches,FA Cup,2024-2025
56aef149,Joel Colwill,wls WAL,"MF,FW",19,18,9,988,11.0,0,0,0,0,0,0,2,0,0.00,0.00,0.00,0.00,0.00,Matches,FA Cup,2024-2025
a100d0b8,Jake Richards,eng ENG,"MF,DF",16,13,9,686,7.6,1,1,2,1,0,0,2,0,0.13,0.13,0.26,0.13,0.26,Matches,FA Cup,2024-2025
71a08f97,Kevin McDonald,sct SCO,"MF,DF",35,11,9,571,6.3,0,0,0,0,0,0,4,0,0.00,0.00,0.00,0.00,0.00,Matches,FA Cup,2024-2025
6e483aa5,Reece Cole,eng ENG,MF,26,22,8,957,10.6,3,1,4,3,0,0,4,0,0.28,0.09,0.38,0.28,0.38,Matches,FA Cup,2024-2025
6615c625,Sonny Cox,eng ENG,FW,19,23,7,774,8.6,1,0,1,1,0,0,0,0,0.12,0.00,0.12,0.12,0.12,Matches,FA Cup,2024-2025
90ee44a0,Patrick Jones,wls WAL,"MF,DF",21,17,6,495,5.5,0,0,0,0,0,0,1,0,0.00,0.00,0.00,0.00,0.00,Matches,FA Cup,2024-2025
4cccbed1,Tony Yogane,eng ENG,MF,18,18,5,725,8.1,0,2,2,0,0,0,0,0,0.00,0.25,0.25,0.00,0.25,Matches,FA Cup,2024-2025
246e15d1,Jay Bird,eng ENG,FW,23,14,2,259,2.9,0,0,0,0,0,0,1,0,0.00,0.00,0.00,0.00,0.00,Matches,FA Cup,2024-2025
c41ab910,Cheick Diabate,eng ENG,"MF,DF",22,4,2,231,2.6,0,0,0,0,0,0,1,0,0.00,0.00,0.00,0.00,0.00,Matches,FA Cup,2024-2025
68ff0629,Amani Richards,eng ENG,FW,19,6,2,203,2.3,1,0,1,1,0,0,1,0,0.44,0.00,0.44,0.44,0.44,Matches,FA Cup,2024-2025
106f787f,Tom Dean,eng ENG,MF,18,3,2,141,1.6,0,0,0,0,0,0,0,0,0.00,0.00,0.00,0.00,0.00,Matches,FA Cup,2024-2025
73c61a18,Andrew Oluwabori,ng NGA,MF,22,6,1,122,1.4,1,0,1,1,0,0,0,0,0.74,0.00,0.74,0.74,0.74,Matches,FA Cup,2024-2025
597d0f13,Mustapha Carayol,gm GAM,MF,35,6,1,106,1.2,0,0,0,0,0,0,0,0,0.00,0.00,0.00,0.00,0.00,Matches,FA Cup,2024-2025
dcbb8355,Pedro Borges,pt POR,MF,19,1,0,11,0.1,0,0,0,0,0,0,1,0,0.00,0.00,0.00,0.00,0.00,Matches,FA Cup,2024-2025
fdb0d159,Liam Oakes,,DF,,1,0,4,0.0,0,0,0,0,0,0,0,0,0.00,0.00,0.00,0.00,0.00,Matches,FA Cup,2024-2025
eb3375ce,Charlie Cummins,ie IRL,MF,19,0,0,,,,,,,,,,,,,,,,Matches,FA Cup,2024-2025
2fd633be,Edward James,wls WAL,DF,19,0,0,,,,,,,,,,,,,,,,Matches,FA Cup,2024-2025
7d64f98a,Shaun MacDonald,eng ENG,GK,27,0,0,,,,,,,,,,,,,,,,Matches,FA Cup,2024-2025
22d8a6aa,Frankie Phillips,,GK,,0,0,,,,,,,,,,,,,,,,Matches,FA Cup,2024-2025
f344d409,Archie Collins,eng ENG,MF,24,40,40,"3,284",36.5,1,2,3,1,0,1,7,0,0.03,0.05,0.08,0.03,0.08,Matches,FA Cup,2024-2025
b000515e,Malik Mothersille,jm JAM,"MF,FW",20,45,37,"3,269",36.3,12,9,21,6,6,7,4,0,0.33,0.25,0.58,0.17,0.41,Matches,FA Cup,2024-2025
0e777d45,Ricky Jade-Jones,eng ENG,FW,23,46,34,"3,023",33.6,10,3,13,9,1,1,3,0,0.30,0.09,0.39,0.27,0.36,Matches,FA Cup,2024-2025
d29e493d,Oscar Wallin,se SWE,DF,23,34,32,"2,815",31.3,0,0,0,0,0,0,6,0,0.00,0.00,0.00,0.00,0.00,Matches,FA Cup,2024-2025
6bb1e2f4,Hector Kyprianou,cy CYP,MF,23,34,27,"2,409",26.8,3,1,4,3,0,0,9,0,0.11,0.04,0.15,0.11,0.15,Matches,FA Cup,2024-2025
19f7d95c,Emmanuel Fernandez,ng NGA,DF,22,30,27,"2,377",26.4,5,0,5,5,0,0,9,2,0.19,0.00,0.19,0.19,0.19,Matches,FA Cup,2024-2025
a8a3d139,Jed Steer,eng ENG,GK,31,25,25,"2,250",25.0,0,0,0,0,0,0,1,0,0.00,0.00,0.00,0.00,0.00,Matches,FA Cup,2024-2025
2f4b8d82,Kwame Poku,gh GHA,MF,22,27,25,"2,058",22.9,12,8,20,12,0,0,0,0,0.52,0.35,0.87,0.52,0.87,Matches,FA Cup,2024-2025
42ae3aab,Abraham Odoh,eng ENG,MF,24,38,23,"2,180",24.2,5,7,12,5,0,0,6,0,0.21,0.29,0.50,0.21,0.50,Matches,FA Cup,2024-2025
286f5a8e,Sam Hughes,eng ENG,DF,27,19,19,"1,682",18.7,1,0,1,1,0,0,3,0,0.05,0.00,0.05,0.05,0.05,Matches,FA Cup,2024-2025
e5157e17,James Dornelly,eng ENG,DF,19,27,19,"1,675",18.6,1,0,1,1,0,0,6,0,0.05,0.00,0.05,0.05,0.05,Matches,FA Cup,2024-2025
b48dcb27,Nicholas Bilokapic,au AUS,GK,21,18,18,"1,620",18.0,0,0,0,0,0,0,2,0,0.00,0.00,0.00,0.00,0.00,Matches,FA Cup,2024-2025
7728b8df,Jack Sparkes,eng ENG,DF,23,21,18,"1,527",17.0,0,2,2,0,0,0,3,0,0.00,0.12,0.12,0.00,0.12,Matches,FA Cup,2024-2025
4ecc9246,Tayo Edun,eng ENG,DF,26,17,17,"1,465",16.3,2,2,4,2,0,0,5,2,0.12,0.12,0.25,0.12,0.25,Matches,FA Cup,2024-2025
489941ab,Joel Randall,eng ENG,MF,24,18,16,"1,356",15.1,5,2,7,5,0,0,2,0,0.33,0.13,0.46,0.33,0.46,Matches,FA Cup,2024-2025
9c2d959b,Ryan De Havilland,eng ENG,MF,23,27,15,"1,482",16.5,2,0,2,2,0,0,4,0,0.12,0.00,0.12,0.12,0.12,Matches,FA Cup,2024-2025
c3237d2c,Cian Hayes,ie IRL,MF,21,34,14,"1,572",17.5,3,2,5,3,0,0,1,0,0.17,0.11,0.29,0.17,0.29,Matches,FA Cup,2024-2025
c970ac4f,Carl Johnston,nir NIR,DF,22,20,13,"1,266",14.1,0,0,0,0,0,0,3,0,0.00,0.00,0.00,0.00,0.00,Matches,FA Cup,2024-2025
abce1eac,Jadel Katongo,zm ZAM,DF,19,17,13,"1,134",12.6,0,1,1,0,0,0,2,0,0.00,0.08,0.08,0.00,0.08,Matches,FA Cup,2024-2025
6ac9161c,Chris Conn-Clarke,nir NIR,MF,22,23,12,"1,095",12.2,1,3,4,1,0,0,1,0,0.08,0.25,0.33,0.08,0.33,Matches,FA Cup,2024-2025
c65ec71c,George Nevett,wls WAL,DF,18,16,10,969,10.8,0,0,0,0,0,0,3,1,0.00,0.00,0.00,0.00,0.00,Matches,FA Cup,2024-2025
7d42865e,Sam Curtis,ie IRL,"DF,MF",18,17,10,909,10.1,0,0,0,0,0,0,5,0,0.00,0.00,0.00,0.00,0.00,Matches,FA Cup,2024-2025
01f949c8,Donay O'Brien-Brady,eng ENG,MF,20,20,9,913,10.1,1,1,2,1,0,0,1,0,0.10,0.10,0.20,0.10,0.20,Matches,FA Cup,2024-2025
a522199f,Harley Mills,,DF,,11,8,742,8.2,0,1,1,0,0,0,1,1,0.00,0.12,0.12,0.00,0.12,Matches,FA Cup,2024-2025
fee7646a,Gustav Lindgren,se SWE,FW,22,13,8,647,7.2,1,1,2,1,0,0,2,0,0.14,0.14,0.28,0.14,0.28,Matches,FA Cup,2024-2025
6cdd9d3d,Mahamadou Susoho,es ESP,MF,19,15,7,670,7.4,1,0,1,1,0,0,2,0,0.13,0.00,0.13,0.13,0.13,Matches,FA Cup,2024-2025
3e0fa142,Bradley Ihionvien,eng ENG,FW,20,11,5,486,5.4,0,0,0,0,0,0,5,0,0.00,0.00,0.00,0.00,0.00,Matches,FA Cup,2024-2025
bc964086,Will Blackmore,eng ENG,GK,21,3,3,270,3.0,0,0,0,0,0,0,0,0,0.00,0.00,0.00,0.00,0.00,Matches,FA Cup,2024-2025
5b1e9f24,David Ajiboye,eng ENG,"MF,DF",25,6,2,208,2.3,0,0,0,0,0,0,0,0,0.00,0.00,0.00,0.00,0.00,Matches,FA Cup,2024-2025
5294c919,Andre Changunda,,FW,,1,0,24,0.3,0,0,0,0,0,0,0,0,0.00,0.00,0.00,0.00,0.00,Matches,FA Cup,2024-2025
94fe66e5,Rio Adebisi,eng ENG,"DF,MF",23,1,0,13,0.1,0,0,0,0,0,0,0,0,0.00,0.00,0.00,0.00,0.00,Matches,FA Cup,2024-2025
d0eec957,Joseph Andrews,wls WAL,MF,18,1,0,10,0.1,0,0,0,0,0,0,0,0,0.00,0.00,0.00,0.00,0.00,Matches,FA Cup,2024-2025
2865a527,Oliver Rose,eng ENG,FW,19,1,0,5,0.1,0,0,0,0,0,0,0,0,0.00,0.00,0.00,0.00,0.00,Matches,FA Cup,2024-2025
3a0e9a4e,Bolu Shofowoke,,FW,,1,0,2,0.0,0,0,0,0,0,0,0,0,0.00,0.00,0.00,0.00,0.00,Matches,FA Cup,2024-2025
e410c58c,Romoney Crichlow-Noble,eng ENG,DF,25,0,0,,,,,,,,,,,,,,,,Matches,FA Cup,2024-2025
dd8dcb8e,David Kamara,eng ENG,FW,18,0,0,,,,,,,,,,,,,,,,Matches,FA Cup,2024-2025
fa4f94d9,Lucca Mendonça,,DF,,0,0,,,,,,,,,,,,,,,,Matches,FA Cup,2024-2025
285a6c29,Bastian Smith,,GK,,0,0,,,,,,,,,,,,,,,,Matches,FA Cup,2024-2025
c6386ee3,Tyler Young,eng ENG,MF,18,0,0,,,,,,,,,,,,,,,,Matches,FA Cup,2024-2025
4806ec67,Jordan Pickford,eng ENG,GK,30,38,38,"3,420",38.0,0,1,1,0,0,0,7,0,0.00,0.03,0.03,0.00,0.03,Matches,FA Cup,2024-2025
30d4a2e5,Vitaliy Mykolenko,ua UKR,DF,25,35,35,"3,082",34.2,1,2,3,1,0,0,4,0,0.03,0.06,0.09,0.03,0.09,Matches,FA Cup,2024-2025
72c812f3,Idrissa Gana Gueye,sn SEN,MF,34,37,35,"3,063",34.0,0,3,3,0,0,0,9,0,0.00,0.09,0.09,0.00,0.09,Matches,FA Cup,2024-2025
15ea812b,James Tarkowski,eng ENG,DF,31,33,33,"2,922",32.5,1,1,2,1,0,0,6,0,0.03,0.03,0.06,0.03,0.06,Matches,FA Cup,2024-2025
02b29014,Abdoulaye Doucouré,ml MLI,MF,31,33,31,"2,564",28.5,3,2,5,3,0,0,5,1,0.11,0.07,0.18,0.11,0.18,Matches,FA Cup,2024-2025
5ed97752,Iliman Ndiaye,sn SEN,"MF,FW",24,33,29,"2,430",27.0,9,0,9,7,2,2,3,0,0.33,0.00,0.33,0.26,0.26,Matches,FA Cup,2024-2025
c1949191,Jarrad Branthwaite,eng ENG,DF,22,30,28,"2,511",27.9,0,1,1,0,0,0,4,0,0.00,0.04,0.04,0.00,0.04,Matches,FA Cup,2024-2025
aa849a12,Jack Harrison,eng ENG,"MF,FW",27,34,24,"2,076",23.1,1,0,1,1,0,0,0,0,0.04,0.00,0.04,0.04,0.04,Matches,FA Cup,2024-2025
be927d03,Ashley Young,eng ENG,DF,39,32,19,"1,875",20.8,1,3,4,1,0,0,7,1,0.05,0.14,0.19,0.05,0.19,Matches,FA Cup,2024-2025
59e6e5bf,Dominic Calvert-Lewin,eng ENG,FW,27,26,19,"1,609",17.9,3,1,4,3,0,0,2,0,0.17,0.06,0.22,0.17,0.22,Matches,FA Cup,2024-2025
4e015693,James Garner,eng ENG,"MF,DF",23,21,17,"1,594",17.7,0,1,1,0,0,0,5,0,0.00,0.06,0.06,0.00,0.06,Matches,FA Cup,2024-2025
25f2ef01,Jake O'Brien,ie IRL,DF,23,20,17,"1,571",17.5,2,0,2,2,0,0,5,0,0.11,0.00,0.11,0.11,0.11,Matches,FA Cup,2024-2025
ed5c0319,Beto,gw GNB,FW,26,30,15,"1,534",17.0,8,0,8,8,0,0,2,0,0.47,0.00,0.47,0.47,0.47,Matches,FA Cup,2024-2025
fc15fb84,Dwight McNeil,eng ENG,MF,24,21,15,"1,371",15.2,4,6,10,4,0,0,1,0,0.26,0.39,0.66,0.26,0.66,Matches,FA Cup,2024-2025
37dc1a48,Jesper Lindstrøm,dk DEN,MF,24,25,15,"1,239",13.8,0,1,1,0,0,0,2,0,0.00,0.07,0.07,0.00,0.07,Matches,FA Cup,2024-2025
a572e291,Orel Mangala,be BEL,MF,26,19,14,"1,261",14.0,1,0,1,1,0,0,2,0,0.07,0.00,0.07,0.07,0.07,Matches,FA Cup,2024-2025
c5b7c315,Michael Keane,eng ENG,DF,31,14,11,"1,049",11.7,3,0,3,3,0,0,5,0,0.26,0.00,0.26,0.26,0.26,Matches,FA Cup,2024-2025
4abac767,Carlos Alcaraz,ar ARG,MF,21,15,7,764,8.5,2,3,5,2,0,0,4,0,0.24,0.35,0.59,0.24,0.59,Matches,FA Cup,2024-2025
84c5ceea,Tim Iroegbunam,eng ENG,MF,21,18,5,574,6.4,0,1,1,0,0,0,4,0,0.00,0.16,0.16,0.00,0.16,Matches,FA Cup,2024-2025
97220da2,Armando Broja,al ALB,FW,22,10,4,334,3.7,0,0,0,0,0,0,1,0,0.00,0.00,0.00,0.00,0.00,Matches,FA Cup,2024-2025
230f0471,Nathan Patterson,sct SCO,DF,22,10,3,347,3.9,0,1,1,0,0,0,1,0,0.00,0.26,0.26,0.00,0.26,Matches,FA Cup,2024-2025
0420d84f,Séamus Coleman,ie IRL,DF,35,5,3,215,2.4,0,0,0,0,0,0,1,0,0.00,0.00,0.00,0.00,0.00,Matches,FA Cup,2024-2025
6fba4dba,Roman Dixon,eng ENG,DF,19,1,1,90,1.0,0,0,0,0,0,0,0,0,0.00,0.00,0.00,0.00,0.00,Matches,FA Cup,2024-2025
de59e609,Harrison Armstrong,eng ENG,MF,17,3,0,48,0.5,0,0,0,0,0,0,1,0,0.00,0.00,0.00,0.00,0.00,Matches,FA Cup,2024-2025
890f108d,Youssef Chermiti,pt POR,FW,20,4,0,45,0.5,0,0,0,0,0,0,1,0,0.00,0.00,0.00,0.00,0.00,Matches,FA Cup,2024-2025
d0042ab9,Mason Holgate,jm JAM,DF,27,1,0,6,0.1,0,0,0,0,0,0,0,0,0.00,0.00,0.00,0.00,0.00,Matches,FA Cup,2024-2025
b2010f35,Callum Bates,eng ENG,MF,18,0,0,,,,,,,,,,,,,,,,Matches,FA Cup,2024-2025
7b4de647,Asmir Begović,ba BIH,GK,37,0,0,,,,,,,,,,,,,,,,Matches,FA Cup,2024-2025
61a42f10,Coby Ebere,de GER,MF,18,0,0,,,,,,,,,,,,,,,,Matches,FA Cup,2024-2025
b54c480e,Isaac Heath,eng ENG,MF,19,0,0,,,,,,,,,,,,,,,,Matches,FA Cup,2024-2025
4bcf39f6,Neal Maupay,fr FRA,"FW,MF",27,0,0,,,,,,,,,,,,,,,,Matches,FA Cup,2024-2025
5c2595e2,Jenson Metcalfe,eng ENG,MF,19,0,0,,,,,,,,,,,,,,,,Matches,FA Cup,2024-2025
74c0903d,Martin Sherif,nl NED,FW,18,0,0,,,,,,,,,,,,,,,,Matches,FA Cup,2024-2025
728e9b2e,João Virgínia,pt POR,GK,24,0,0,,,,,,,,,,,,,,,,Matches,FA Cup,2024-2025
a182122b,Reece Welch,eng ENG,DF,20,0,0,,,,,,,,,,,,,,,,Matches,FA Cup,2024-2025
5a5a42ac,Will Davies,eng ENG,FW,25,44,40,"3,682",40.9,18,4,22,16,2,3,8,0,0.44,0.10,0.54,0.39,0.49,Matches,FA Cup,2024-2025
14a23ba8,Tyler French,eng ENG,DF,25,41,39,"3,492",38.8,0,0,0,0,0,0,10,1,0.00,0.00,0.00,0.00,0.00,Matches,FA Cup,2024-2025
3a3088b2,Lewis Simper,eng ENG,"MF,FW",22,40,39,"3,452",38.4,7,5,12,7,0,0,9,0,0.18,0.13,0.31,0.18,0.31,Matches,FA Cup,2024-2025
5c957d3e,Finley Barbrook,eng ENG,MF,19,35,34,"2,930",32.6,2,1,3,2,0,0,12,0,0.06,0.03,0.09,0.06,0.09,Matches,FA Cup,2024-2025
5e7dc92c,Jack Sims,eng ENG,GK,25,31,31,"2,785",30.9,0,1,1,0,0,0,1,0,0.00,0.03,0.03,0.00,0.03,Matches,FA Cup,2024-2025
ba39248a,Ashley Nadesan,eng ENG,"FW,MF",29,43,28,"2,863",31.8,8,7,15,8,0,0,8,0,0.25,0.22,0.47,0.25,0.47,Matches,FA Cup,2024-2025
2a2338d3,Besart Topalloj,eng ENG,"DF,MF",23,25,25,"2,247",25.0,1,0,1,1,0,0,5,1,0.04,0.00,0.04,0.04,0.04,Matches,FA Cup,2024-2025
1fc0a437,Eduino Vaz,gw GNB,"DF,MF",20,29,23,"1,986",22.1,3,3,6,3,0,0,4,0,0.14,0.14,0.27,0.14,0.27,Matches,FA Cup,2024-2025
7fa1086d,Josh Coley,eng ENG,MF,26,33,22,"2,072",23.0,5,4,9,5,0,0,6,0,0.22,0.17,0.39,0.22,0.39,Matches,FA Cup,2024-2025
78549571,Hayden Muller,eng ENG,"DF,MF",22,26,21,"1,839",20.4,0,0,0,0,0,0,4,0,0.00,0.00,0.00,0.00,0.00,Matches,FA Cup,2024-2025
904f53f7,Ryan Jackson,eng ENG,"DF,MF",34,24,21,"1,731",19.2,0,0,0,0,0,0,1,0,0.00,0.00,0.00,0.00,0.00,Matches,FA Cup,2024-2025
067588f2,Siju Odelusi,eng ENG,MF,25,34,20,"1,818",20.2,3,0,3,1,2,2,4,0,0.15,0.00,0.15,0.05,0.05,Matches,FA Cup,2024-2025
9f630ff6,Charlie Waller,eng ENG,DF,19,21,20,"1,797",20.0,1,0,1,1,0,0,3,0,0.05,0.00,0.05,0.05,0.05,Matches,FA Cup,2024-2025
4e7c5034,Jack Wadham,eng ENG,"MF,FW",21,25,19,"1,704",18.9,2,4,6,2,0,0,1,0,0.11,0.21,0.32,0.11,0.32,Matches,FA Cup,2024-2025
a1f7531e,Jayden Harris,eng ENG,"MF,FW",24,16,14,"1,292",14.4,3,2,5,3,0,0,5,0,0.21,0.14,0.35,0.21,0.35,Matches,FA Cup,2024-2025
8c0d375b,Steve Arnold,eng ENG,GK,34,14,14,"1,260",14.0,0,0,0,0,0,0,1,0,0.00,0.00,0.00,0.00,0.00,Matches,FA Cup,2024-2025
698779af,Harry Ransom,eng ENG,DF,24,21,13,"1,421",15.8,0,2,2,0,0,0,5,0,0.00,0.13,0.13,0.00,0.13,Matches,FA Cup,2024-2025
3b10aaca,Jack Taylor,eng ENG,DF,18,13,12,"1,063",11.8,0,0,0,0,0,0,1,0,0.00,0.00,0.00,0.00,0.00,Matches,FA Cup,2024-2025
a95d214b,Nana Boateng,eng ENG,"MF,FW",21,27,11,"1,037",11.5,0,0,0,0,0,0,2,0,0.00,0.00,0.00,0.00,0.00,Matches,FA Cup,2024-2025
e969d3e2,Dillon De Silva,lk SRI,"MF,FW",22,21,11,931,10.3,1,1,2,1,0,0,1,0,0.10,0.10,0.19,0.10,0.19,Matches,FA Cup,2024-2025
f9daf48b,Alex Woodyard,eng ENG,MF,31,12,11,694,7.7,0,0,0,0,0,0,2,0,0.00,0.00,0.00,0.00,0.00,Matches,FA Cup,2024-2025
bbda4918,Jeremy Sivi,eng ENG,"MF,DF",22,20,10,972,10.8,2,0,2,2,0,0,0,0,0.19,0.00,0.19,0.19,0.19,Matches,FA Cup,2024-2025
ace36a62,Alex Kirk,eng ENG,"DF,MF",21,11,9,848,9.4,1,0,1,1,0,0,0,0,0.11,0.00,0.11,0.11,0.11,Matches,FA Cup,2024-2025
3145b6e2,Chinwike Okoli,eng ENG,DF,20,9,6,577,6.4,0,0,0,0,0,0,3,0,0.00,0.00,0.00,0.00,0.00,Matches,FA Cup,2024-2025
e532e0a9,Kain Adom,,"MF,FW",,7,6,385,4.3,0,0,0,0,0,0,0,0,0.00,0.00,0.00,0.00,0.00,Matches,FA Cup,2024-2025
98a62bc6,Henry Sandat,eng ENG,MF,19,11,2,217,2.4,0,0,0,0,0,0,1,0,0.00,0.00,0.00,0.00,0.00,Matches,FA Cup,2024-2025
2bed795e,Matt Rush,eng ENG,FW,23,7,1,114,1.3,0,0,0,0,0,0,1,0,0.00,0.00,0.00,0.00,0.00,Matches,FA Cup,2024-2025
9fa5c6c5,George Evans,eng ENG,GK,19,1,1,90,1.0,0,0,0,0,0,0,0,0,0.00,0.00,0.00,0.00,0.00,Matches,FA Cup,2024-2025
ecb01ccb,Junior Robinson,eng ENG,DF,20,1,1,61,0.7,0,0,0,0,0,0,0,0,0.00,0.00,0.00,0.00,0.00,Matches,FA Cup,2024-2025
41c3fac1,Junior Eccleston,eng ENG,DF,17,1,1,45,0.5,0,0,0,0,0,0,1,0,0.00,0.00,0.00,0.00,0.00,Matches,FA Cup,2024-2025
ea57b8f4,Edwin Agbaje,ie IRL,DF,20,1,1,44,0.5,0,0,0,0,0,0,0,0,0.00,0.00,0.00,0.00,0.00,Matches,FA Cup,2024-2025
3a6e788c,Vinnie Tume,,DF,,2,0,34,0.4,0,0,0,0,0,0,0,0,0.00,0.00,0.00,0.00,0.00,Matches,FA Cup,2024-2025
afeccafe,James Fennelow,,FW,,1,0,10,0.1,0,0,0,0,0,0,0,0,0.00,0.00,0.00,0.00,0.00,Matches,FA Cup,2024-2025
a894acb0,Matt Kerbey,eng ENG,GK,22,1,0,5,0.1,0,0,0,0,0,0,0,0,0.00,0.00,0.00,0.00,0.00,Matches,FA Cup,2024-2025
6e47ec30,Sam Roberts,,GK,,0,0,,,,,,,,,,,,,,,,Matches,FA Cup,2024-2025
1caa93a5,Thomas Kaminski,be BEL,GK,31,45,45,"3,990",44.3,0,1,1,0,0,0,5,1,0.00,0.02,0.02,0.00,0.02,Matches,FA Cup,2024-2025
0fae1880,Mark McGuinness,ie IRL,DF,23,43,41,"3,753",41.7,3,3,6,3,0,0,4,0,0.07,0.07,0.14,0.07,0.14,Matches,FA Cup,2024-2025
7c5fa6cf,Jordan Clark,eng ENG,MF,30,40,37,"3,235",35.9,6,6,12,6,0,0,10,0,0.17,0.17,0.33,0.17,0.33,Matches,FA Cup,2024-2025
2da834f1,Carlton Morris,eng ENG,"FW,MF",28,41,37,"3,123",34.7,8,2,10,6,2,2,10,0,0.23,0.06,0.29,0.17,0.23,Matches,FA Cup,2024-2025
399e9474,Amari'i Bell,jm JAM,"DF,MF",30,31,31,"2,706",30.1,0,0,0,0,0,0,1,0,0.00,0.00,0.00,0.00,0.00,Matches,FA Cup,2024-2025
0480ebc7,Elijah Adebayo,eng ENG,FW,26,39,31,"2,425",26.9,5,0,5,5,0,0,1,0,0.19,0.00,0.19,0.19,0.19,Matches,FA Cup,2024-2025
bf33b257,Alfie Doughty,eng ENG,MF,24,26,25,"2,037",22.6,1,4,5,1,0,0,5,0,0.04,0.18,0.22,0.04,0.22,Matches,FA Cup,2024-2025
2696b6a9,Tahith Chong,cw CUW,"MF,FW",24,30,24,"2,026",22.5,2,1,3,2,0,0,5,0,0.09,0.04,0.13,0.09,0.13,Matches,FA Cup,2024-2025
9f77012e,Tom Krauß,de GER,MF,23,23,20,"1,601",17.8,2,4,6,2,0,0,1,0,0.11,0.22,0.34,0.11,0.34,Matches,FA Cup,2024-2025
e7563cb6,Liam Walsh,eng ENG,MF,26,26,18,"1,411",15.7,0,1,1,0,0,0,3,3,0.00,0.06,0.06,0.00,0.06,Matches,FA Cup,2024-2025
91748070,Teden Mengi,eng ENG,DF,22,20,17,"1,569",17.4,1,1,2,1,0,0,3,0,0.06,0.06,0.11,0.06,0.11,Matches,FA Cup,2024-2025
c88a28b9,Thelo Aasgaard,no NOR,"MF,FW",22,17,17,"1,513",16.8,2,1,3,2,0,0,1,0,0.12,0.06,0.18,0.12,0.18,Matches,FA Cup,2024-2025
422ee5c7,Isaiah Jones,gy GUY,MF,25,17,16,"1,310",14.6,2,0,2,2,0,0,4,0,0.14,0.00,0.14,0.14,0.14,Matches,FA Cup,2024-2025
db317640,Tom Holmes,eng ENG,DF,24,18,15,"1,316",14.6,1,1,2,1,0,0,4,1,0.07,0.07,0.14,0.07,0.14,Matches,FA Cup,2024-2025
de5b5570,Marvelous Nakamba,zw ZIM,MF,30,21,15,"1,295",14.4,0,0,0,0,0,0,2,0,0.00,0.00,0.00,0.00,0.00,Matches,FA Cup,2024-2025
10cb48b7,Daiki Hashioka,jp JPN,"DF,MF",25,17,12,"1,204",13.4,0,0,0,0,0,0,3,0,0.00,0.00,0.00,0.00,0.00,Matches,FA Cup,2024-2025
e726e11e,Victor Moses,ng NGA,MF,33,18,12,"1,135",12.6,1,0,1,1,0,0,0,0,0.08,0.00,0.08,0.08,0.08,Matches,FA Cup,2024-2025
70481099,Christ Makosso,cg CGO,DF,20,13,12,956,10.6,0,1,1,0,0,0,0,0,0.00,0.09,0.09,0.00,0.09,Matches,FA Cup,2024-2025
ca18c8f1,Jacob Brown,sct SCO,"MF,FW",26,29,11,"1,217",13.5,4,1,5,4,0,0,4,0,0.30,0.07,0.37,0.30,0.37,Matches,FA Cup,2024-2025
501ac0cc,Reuell Walters,eng ENG,"DF,MF",19,14,11,979,10.9,0,0,0,0,0,0,2,0,0.00,0.00,0.00,0.00,0.00,Matches,FA Cup,2024-2025
a681b7b7,Reece Burke,eng ENG,"DF,MF",27,17,10,852,9.5,0,0,0,0,0,0,4,0,0.00,0.00,0.00,0.00,0.00,Matches,FA Cup,2024-2025
de0abf23,Zack Nelson,eng ENG,"MF,FW",19,21,7,799,8.9,0,1,1,0,0,0,4,0,0.00,0.11,0.11,0.00,0.11,Matches,FA Cup,2024-2025
2886c9b5,Shandon Baptiste,gd GRN,MF,26,16,7,717,8.0,1,0,1,1,0,0,2,0,0.13,0.00,0.13,0.13,0.13,Matches,FA Cup,2024-2025
b639311c,Millenic Alli,ie IRL,"MF,FW",24,16,6,766,8.5,4,0,4,4,0,0,1,0,0.47,0.00,0.47,0.47,0.47,Matches,FA Cup,2024-2025
1f6c538c,Lamine Fanne,es ESP,"MF,FW",20,12,6,584,6.5,0,0,0,0,0,0,1,0,0.00,0.00,0.00,0.00,0.00,Matches,FA Cup,2024-2025
d9e7c4da,Joseph Johnson,eng ENG,"DF,MF",18,8,5,470,5.2,0,0,0,0,0,0,3,1,0.00,0.00,0.00,0.00,0.00,Matches,FA Cup,2024-2025
d3ccb0ea,Kal Naismith,sct SCO,"DF,MF",32,10,5,463,5.1,0,0,0,0,0,0,2,1,0.00,0.00,0.00,0.00,0.00,Matches,FA Cup,2024-2025
f098c03e,Mads Juel Andersen,dk DEN,DF,26,8,5,410,4.6,0,0,0,0,0,0,3,0,0.00,0.00,0.00,0.00,0.00,Matches,FA Cup,2024-2025
788c0277,Chiedozie Ogbene,ie IRL,MF,27,3,3,246,2.7,0,0,0,0,0,0,0,0,0.00,0.00,0.00,0.00,0.00,Matches,FA Cup,2024-2025
71e1b938,Lasse Nordås,no NOR,FW,22,10,2,255,2.8,0,1,1,0,0,0,0,0,0.00,0.35,0.35,0.00,0.35,Matches,FA Cup,2024-2025
d3085b49,Cauley Woodrow,eng ENG,FW,29,15,1,270,3.0,0,0,0,0,0,0,1,0,0.00,0.00,0.00,0.00,0.00,Matches,FA Cup,2024-2025
a9b1c319,Pelly Ruddock Mpanzu,cd COD,MF,31,10,1,228,2.5,0,1,1,0,0,0,1,0,0.00,0.39,0.39,0.00,0.39,Matches,FA Cup,2024-2025
ee7c0a5e,James Shea,eng ENG,GK,33,2,1,147,1.6,0,0,0,0,0,0,0,0,0.00,0.00,0.00,0.00,0.00,Matches,FA Cup,2024-2025
bfd3801e,Joe Taylor,wls WAL,FW,21,13,0,157,1.7,0,0,0,0,0,0,0,0,0.00,0.00,0.00,0.00,0.00,Matches,FA Cup,2024-2025
ea39a081,Josh Bowler,eng ENG,MF,25,8,0,150,1.7,0,0,0,0,0,0,0,0,0.00,0.00,0.00,0.00,0.00,Matches,FA Cup,2024-2025
b28bbd58,Andros Townsend,eng ENG,"FW,MF",33,1,0,11,0.1,0,0,0,0,0,0,0,0,0.00,0.00,0.00,0.00,0.00,Matches,FA Cup,2024-2025
cc537a38,Joshua Phillips,eng ENG,MF,18,1,0,3,0.0,0,0,0,0,0,0,0,0,0.00,0.00,0.00,0.00,0.00,Matches,FA Cup,2024-2025
f1470c1f,Benedict Benagr,eng ENG,DF,16,0,0,,,,,,,,,,,,,,,,Matches,FA Cup,2024-2025
2dbd5678,Christian Chigozie,eng ENG,DF,17,0,0,,,,,,,,,,,,,,,,Matches,FA Cup,2024-2025
38c29201,Aidan Francis,eng ENG,DF,20,0,0,,,,,,,,,,,,,,,,Matches,FA Cup,2024-2025
96630213,Taylan Harris,eng ENG,FW,18,0,0,,,,,,,,,,,,,,,,Matches,FA Cup,2024-2025
2d362a13,Jameson Horlick,,GK,,0,0,,,,,,,,,,,,,,,,Matches,FA Cup,2024-2025
f23f9d20,Tim Krul,nl NED,GK,36,0,0,,,,,,,,,,,,,,,,Matches,FA Cup,2024-2025
1ef37668,Erik Pieters,nl NED,"DF,MF",35,0,0,,,,,,,,,,,,,,,,Matches,FA Cup,2024-2025
b0780fb4,Jamie Robson,sct SCO,DF,26,46,46,"4,092",45.5,4,3,7,4,0,0,11,0,0.09,0.07,0.15,0.09,0.15,Matches,FA Cup,2024-2025
04f6724d,Adam May,eng ENG,MF,26,46,46,"4,090",45.4,2,3,5,2,0,0,5,0,0.04,0.07,0.11,0.04,0.11,Matches,FA Cup,2024-2025
206d1f48,Kyle McAllister,sct SCO,"MF,FW",25,44,39,"3,446",38.3,10,7,17,9,1,1,5,0,0.26,0.18,0.44,0.24,0.42,Matches,FA Cup,2024-2025
600ae8cb,Ryan Inniss,eng ENG,DF,29,41,39,"3,410",37.9,5,1,6,5,0,0,3,1,0.13,0.03,0.16,0.13,0.16,Matches,FA Cup,2024-2025
187650d5,Charlie McCann,nir NIR,MF,22,38,35,"3,109",34.5,11,4,15,11,0,0,8,0,0.32,0.12,0.43,0.32,0.43,Matches,FA Cup,2024-2025
ebfab2ea,Sean Long,ie IRL,DF,29,37,32,"2,746",30.5,0,0,0,0,0,0,9,1,0.00,0.00,0.00,0.00,0.00,Matches,FA Cup,2024-2025
52ca979d,Liam Sercombe,eng ENG,MF,34,35,31,"2,564",28.5,4,4,8,4,0,0,4,0,0.14,0.14,0.28,0.14,0.28,Matches,FA Cup,2024-2025
edb2744d,Jed Ward,eng ENG,GK,21,28,28,"2,520",28.0,0,0,0,0,0,0,1,0,0.00,0.00,0.00,0.00,0.00,Matches,FA Cup,2024-2025
05182c2c,Tom Knowles,eng ENG,"FW,MF",25,40,28,"2,299",25.5,1,2,3,1,0,0,6,0,0.04,0.08,0.12,0.04,0.12,Matches,FA Cup,2024-2025
d8819c25,Emmanuel Osadebe,ie IRL,"MF,DF",27,41,24,"2,266",25.2,1,5,6,1,0,0,9,0,0.04,0.20,0.24,0.04,0.24,Matches,FA Cup,2024-2025
0df7e28d,Ben Tozer,eng ENG,DF,34,29,21,"1,959",21.8,0,1,1,0,0,0,3,0,0.00,0.05,0.05,0.00,0.05,Matches,FA Cup,2024-2025
9c4c3044,Christian Doidge,wls WAL,FW,31,41,21,"1,881",20.9,12,4,16,12,0,0,0,0,0.57,0.19,0.77,0.57,0.77,Matches,FA Cup,2024-2025
34623941,Jordan Moore-Taylor,eng ENG,"DF,MF",30,23,19,"1,672",18.6,1,0,1,1,0,0,2,0,0.05,0.00,0.05,0.05,0.05,Matches,FA Cup,2024-2025
af36be45,Harvey Bunker,eng ENG,"MF,DF",21,35,16,"1,760",19.6,5,1,6,5,0,0,4,0,0.26,0.05,0.31,0.26,0.31,Matches,FA Cup,2024-2025
7f876c2e,Harry Cardwell,sct SCO,FW,27,37,15,"1,449",16.1,4,1,5,4,0,0,1,0,0.25,0.06,0.31,0.25,0.31,Matches,FA Cup,2024-2025
6ee0d5eb,Cian Harries,wls WAL,DF,27,14,13,"1,102",12.2,0,0,0,0,0,0,2,0,0.00,0.00,0.00,0.00,0.00,Matches,FA Cup,2024-2025
eacc267b,Jordan Garrick,eng ENG,MF,26,21,12,"1,021",11.3,4,2,6,4,0,0,3,0,0.35,0.18,0.53,0.35,0.53,Matches,FA Cup,2024-2025
0e9e2dd4,Joe Quigley,ie IRL,FW,27,37,11,"1,218",13.5,0,5,5,0,0,0,1,0,0.00,0.37,0.37,0.00,0.37,Matches,FA Cup,2024-2025
927eecf9,Fabian Mrozek,pl POL,GK,20,11,11,990,11.0,0,0,0,0,0,0,1,0,0.00,0.00,0.00,0.00,0.00,Matches,FA Cup,2024-2025
a96ba40b,Teddy Jenks,eng ENG,"DF,MF",22,19,8,675,7.5,2,0,2,2,0,0,0,0,0.27,0.00,0.27,0.27,0.27,Matches,FA Cup,2024-2025
f738734d,Ted Cann,eng ENG,GK,23,6,6,540,6.0,0,0,0,0,0,0,1,0,0.00,0.00,0.00,0.00,0.00,Matches,FA Cup,2024-2025
3708655f,Brandon Fleming,eng ENG,MF,24,10,3,255,2.8,0,0,0,0,0,0,2,0,0.00,0.00,0.00,0.00,0.00,Matches,FA Cup,2024-2025
edd9f53f,Luke McCormick,eng ENG,MF,25,5,1,162,1.8,0,0,0,0,0,0,0,0,0.00,0.00,0.00,0.00,0.00,Matches,FA Cup,2024-2025
b252b367,Jamie Searle,nz NZL,GK,23,1,1,90,1.0,0,0,0,0,0,0,0,0,0.00,0.00,0.00,0.00,0.00,Matches,FA Cup,2024-2025
6b3e4b53,Marcel Lavinier,eng ENG,DF,23,6,0,103,1.1,0,1,1,0,0,0,0,0,0.00,0.87,0.87,0.00,0.87,Matches,FA Cup,2024-2025
4ea75e87,Tyrese Omotoye,be BEL,FW,21,4,0,34,0.4,0,0,0,0,0,0,0,0,0.00,0.00,0.00,0.00,0.00,Matches,FA Cup,2024-2025
ff97076d,Jacob Maddox,eng ENG,MF,25,0,0,,,,,,,,,,,,,,,,Matches,FA Cup,2024-2025
d1b37f9d,Paul Kalambayi,eng ENG,DF,25,40,39,"3,375",37.5,0,1,1,0,0,0,2,0,0.00,0.03,0.03,0.00,0.03,Matches,FA Cup,2024-2025
89dd9814,Josh Rees,eng ENG,"MF,FW",30,41,38,"3,421",38.0,16,6,22,16,0,0,5,0,0.42,0.16,0.58,0.42,0.58,Matches,FA Cup,2024-2025
bbeae2d9,Christian N'Guessan,eng ENG,MF,25,40,33,"2,829",31.4,1,1,2,1,0,0,6,0,0.03,0.03,0.06,0.03,0.06,Matches,FA Cup,2024-2025
297a396f,Ryan Hill,eng ENG,MF,26,39,32,"2,933",32.6,4,7,11,3,1,2,9,0,0.12,0.21,0.34,0.09,0.31,Matches,FA Cup,2024-2025
4a3ab75c,Jake Hessenthaler,eng ENG,MF,30,34,32,"2,786",31.0,1,0,1,1,0,0,7,1,0.03,0.00,0.03,0.03,0.03,Matches,FA Cup,2024-2025
bdb42e2c,Oscar Rutherford,eng ENG,"DF,MF",20,40,30,"2,781",30.9,1,1,2,1,0,0,3,0,0.03,0.03,0.06,0.03,0.06,Matches,FA Cup,2024-2025
2c300c14,Josh Umerah,eng ENG,FW,27,37,30,"2,638",29.3,8,3,11,7,1,1,10,0,0.27,0.10,0.38,0.24,0.34,Matches,FA Cup,2024-2025
8aab04dc,Dion Pereira,ag ATG,"MF,FW",25,35,29,"2,551",28.3,10,4,14,4,6,6,2,0,0.35,0.14,0.49,0.14,0.28,Matches,FA Cup,2024-2025
380a180f,Harry Phipps,eng ENG,"DF,MF",25,34,28,"2,616",29.1,4,0,4,4,0,0,5,0,0.14,0.00,0.14,0.14,0.14,Matches,FA Cup,2024-2025
18b1c055,Elliot Justham,eng ENG,GK,34,28,28,"2,520",28.0,0,0,0,0,0,0,3,0,0.00,0.00,0.00,0.00,0.00,Matches,FA Cup,2024-2025
c7e4c513,Tom Eastman,eng ENG,DF,32,26,25,"2,203",24.5,0,2,2,0,0,0,3,0,0.00,0.08,0.08,0.00,0.08,Matches,FA Cup,2024-2025
26bc03a2,Trent Mahorn,eng ENG,"DF,MF",22,33,19,"1,917",21.3,0,1,1,0,0,0,9,0,0.00,0.05,0.05,0.00,0.05,Matches,FA Cup,2024-2025
31eec725,Junior Morias,eng ENG,"MF,FW",29,19,19,"1,554",17.3,6,3,9,6,0,0,2,0,0.35,0.17,0.52,0.35,0.52,Matches,FA Cup,2024-2025
55572f89,Aaron Loupalo-Bi,eng ENG,FW,18,20,12,"1,060",11.8,1,1,2,1,0,0,0,0,0.08,0.08,0.17,0.08,0.17,Matches,FA Cup,2024-2025
e7340e38,Shiloh Remy,lc LCA,"MF,FW",23,23,12,"1,000",11.1,1,1,2,1,0,0,3,0,0.09,0.09,0.18,0.09,0.18,Matches,FA Cup,2024-2025
e44e16f0,Francis Vincent,eng ENG,"DF,MF",25,19,11,978,10.9,0,1,1,0,0,0,3,0,0.00,0.09,0.09,0.00,0.09,Matches,FA Cup,2024-2025
e410c58c,Romoney Crichlow-Noble,eng ENG,DF,25,10,10,853,9.5,1,0,1,1,0,0,6,1,0.11,0.00,0.11,0.11,0.11,Matches,FA Cup,2024-2025
cffba09d,Chris Francis,eng ENG,"DF,MF",21,12,10,769,8.5,0,0,0,0,0,0,2,1,0.00,0.00,0.00,0.00,0.00,Matches,FA Cup,2024-2025
dd4c0cac,Kayden Harrack,gd GRN,"DF,MF",20,12,9,657,7.3,0,0,0,0,0,0,2,0,0.00,0.00,0.00,0.00,0.00,Matches,FA Cup,2024-2025
3cc22309,Sam Ling,eng ENG,DF,27,13,8,679,7.5,0,1,1,0,0,0,0,0,0.00,0.13,0.13,0.00,0.13,Matches,FA Cup,2024-2025
7d3b91e0,Luca Woodhouse,eng ENG,DF,20,14,7,692,7.7,1,0,1,1,0,0,3,0,0.13,0.00,0.13,0.13,0.13,Matches,FA Cup,2024-2025
b34c52c3,Jake Turner,eng ENG,GK,25,7,7,630,7.0,0,0,0,0,0,0,0,0,0.00,0.00,0.00,0.00,0.00,Matches,FA Cup,2024-2025
c58bcf0d,Louis Jones,eng ENG,GK,25,7,7,624,6.9,0,0,0,0,0,0,0,0,0.00,0.00,0.00,0.00,0.00,Matches,FA Cup,2024-2025
97855227,Regan Clayton,eng ENG,DF,19,11,7,622,6.9,0,0,0,0,0,0,2,0,0.00,0.00,0.00,0.00,0.00,Matches,FA Cup,2024-2025
16f65d25,Reece Grego-Cox,ie IRL,FW,27,17,6,662,7.4,1,1,2,0,1,1,2,0,0.14,0.14,0.27,0.00,0.14,Matches,FA Cup,2024-2025
ca414bb5,Dylan Stephenson,eng ENG,"FW,MF",21,14,4,373,4.1,2,0,2,2,0,0,1,0,0.48,0.00,0.48,0.48,0.48,Matches,FA Cup,2024-2025
14206c26,Nathan Harvey,eng ENG,GK,22,5,4,366,4.1,0,0,0,0,0,0,0,0,0.00,0.00,0.00,0.00,0.00,Matches,FA Cup,2024-2025
2533678d,Marcus Wyllie,eng ENG,FW,25,10,3,360,4.0,0,0,0,0,0,0,0,0,0.00,0.00,0.00,0.00,0.00,Matches,FA Cup,2024-2025
10e551ab,Rafiq Khaleel,eng ENG,MF,21,10,3,317,3.5,1,0,1,1,0,0,0,0,0.28,0.00,0.28,0.28,0.28,Matches,FA Cup,2024-2025
e8cd04a6,Tim Akinola,eng ENG,"MF,DF",23,5,2,237,2.6,0,0,0,0,0,0,0,0,0.00,0.00,0.00,0.00,0.00,Matches,FA Cup,2024-2025
5f1a2f31,Michael Hector,jm JAM,DF,32,2,2,179,2.0,0,0,0,0,0,0,0,0,0.00,0.00,0.00,0.00,0.00,Matches,FA Cup,2024-2025
46dcd732,Connor Parsons,eng ENG,MF,23,2,0,86,1.0,0,0,0,0,0,0,0,0,0.00,0.00,0.00,0.00,0.00,Matches,FA Cup,2024-2025
101dfbcf,Hazeem Bakre,eng ENG,MF,18,3,0,78,0.9,0,0,0,0,0,0,0,0,0.00,0.00,0.00,0.00,0.00,Matches,FA Cup,2024-2025
e19e78a5,Conor Lawless,eng ENG,MF,23,8,0,66,0.7,0,0,0,0,0,0,1,0,0.00,0.00,0.00,0.00,0.00,Matches,FA Cup,2024-2025
93da73b8,Ralph Vigrass,eng ENG,MF,18,6,0,39,0.4,0,0,0,0,0,0,0,0,0.00,0.00,0.00,0.00,0.00,Matches,FA Cup,2024-2025
037dfa32,Jason Adigun,eng ENG,MF,20,1,0,4,0.0,0,0,0,0,0,0,0,0,0.00,0.00,0.00,0.00,0.00,Matches,FA Cup,2024-2025
6dffaa3b,Harrison Day,,MF,,0,0,,,,,,,,,,,,,,,,Matches,FA Cup,2024-2025
fc5a1a9d,Joshua Strizovic,eng ENG,GK,24,0,0,,,,,,,,,,,,,,,,Matches,FA Cup,2024-2025
3eed1eb5,Alfred Terry,eng ENG,MF,18,0,0,,,,,,,,,,,,,,,,Matches,FA Cup,2024-2025
d3504afe,Matthew Platt,eng ENG,DF,26,45,45,"4,050",45.0,2,0,2,2,0,0,10,0,0.04,0.00,0.04,0.04,0.04,Matches,FA Cup,2024-2025
a689a7df,Jacob Bedeau,gd GRN,DF,24,44,43,"3,903",43.4,0,3,3,0,0,0,8,0,0.00,0.07,0.07,0.00,0.07,Matches,FA Cup,2024-2025
ddbe0762,Matt Palmer,eng ENG,MF,29,43,39,"3,561",39.6,0,4,4,0,0,0,8,0,0.00,0.10,0.10,0.00,0.10,Matches,FA Cup,2024-2025
3278d395,Alex Bass,eng ENG,GK,26,39,39,"3,429",38.1,0,1,1,0,0,0,2,0,0.00,0.03,0.03,0.00,0.03,Matches,FA Cup,2024-2025
43375c57,Alassana Jatta,gm GAM,FW,25,39,38,"3,334",37.0,19,4,23,19,0,0,3,0,0.51,0.11,0.62,0.51,0.62,Matches,FA Cup,2024-2025
56628958,George Abbott,eng ENG,MF,18,40,37,"3,404",37.8,5,6,11,5,0,0,8,0,0.13,0.16,0.29,0.13,0.29,Matches,FA Cup,2024-2025
dbe56a33,David McGoldrick,ie IRL,"FW,MF",36,35,28,"2,545",28.3,17,3,20,15,2,3,5,0,0.60,0.11,0.71,0.53,0.64,Matches,FA Cup,2024-2025
e2ca10e9,Nicholas Tsaroulla,cy CYP,MF,25,38,28,"2,392",26.6,2,2,4,2,0,0,5,0,0.08,0.08,0.15,0.08,0.15,Matches,FA Cup,2024-2025
0d2fb3b8,Lewis Macari,eng ENG,DF,22,31,26,"2,414",26.8,0,1,1,0,0,0,5,0,0.00,0.04,0.04,0.00,0.04,Matches,FA Cup,2024-2025
455b99db,Conor Grant,ie IRL,"MF,FW",23,32,23,"1,895",21.1,4,3,7,4,0,0,1,0,0.19,0.14,0.33,0.19,0.33,Matches,FA Cup,2024-2025
351b5519,Kellan Gordon,eng ENG,MF,26,30,18,"1,660",18.4,0,3,3,0,0,0,3,0,0.00,0.16,0.16,0.00,0.16,Matches,FA Cup,2024-2025
cc8b833a,Sam Austin,eng ENG,MF,27,23,18,"1,642",18.2,1,1,2,1,0,0,1,0,0.05,0.05,0.11,0.05,0.11,Matches,FA Cup,2024-2025
0c4f30d6,Daniel Crowley,eng ENG,MF,26,18,18,"1,531",17.0,4,6,10,4,0,0,2,0,0.24,0.35,0.59,0.24,0.59,Matches,FA Cup,2024-2025
9b1bea5d,Rod McDonald,eng ENG,DF,32,18,14,"1,254",13.9,0,0,0,0,0,0,4,0,0.00,0.00,0.00,0.00,0.00,Matches,FA Cup,2024-2025
ca4bd2b1,Jodi Jones,mt MLT,MF,26,20,13,"1,168",13.0,5,2,7,2,3,3,2,0,0.39,0.15,0.54,0.15,0.31,Matches,FA Cup,2024-2025
08288a57,Charlie Whitaker,eng ENG,"MF,FW",20,20,13,"1,111",12.3,4,0,4,4,0,0,3,0,0.32,0.00,0.32,0.32,0.32,Matches,FA Cup,2024-2025
d0a4eaf0,Jack Hinchy,eng ENG,MF,21,25,12,984,10.9,1,1,2,1,0,0,3,0,0.09,0.09,0.18,0.09,0.18,Matches,FA Cup,2024-2025
f471718a,William Jarvis,eng ENG,MF,21,21,7,826,9.2,2,0,2,2,0,0,1,0,0.22,0.00,0.22,0.22,0.22,Matches,FA Cup,2024-2025
09050ce6,Sam Slocombe,eng ENG,GK,36,8,7,711,7.9,0,0,0,0,0,0,0,0,0.00,0.00,0.00,0.00,0.00,Matches,FA Cup,2024-2025
3480cb6b,Curtis Edwards,eng ENG,MF,30,16,6,580,6.4,0,1,1,0,0,0,1,0,0.00,0.16,0.16,0.00,0.16,Matches,FA Cup,2024-2025
c2d0d7e7,Lucas Ness,eng ENG,"DF,MF",22,7,6,455,5.1,0,0,0,0,0,0,0,0,0.00,0.00,0.00,0.00,0.00,Matches,FA Cup,2024-2025
67cd6d8d,Zac Johnson,eng ENG,DF,20,10,5,467,5.2,0,0,0,0,0,0,0,0,0.00,0.00,0.00,0.00,0.00,Matches,FA Cup,2024-2025
654600fd,Scott Robertson,sct SCO,MF,23,7,5,317,3.5,1,0,1,1,0,0,1,0,0.28,0.00,0.28,0.28,0.28,Matches,FA Cup,2024-2025
99785158,Jevani Brown,jm JAM,MF,29,14,4,487,5.4,0,0,0,0,0,0,1,0,0.00,0.00,0.00,0.00,0.00,Matches,FA Cup,2024-2025
3f072a68,Josh Martin,eng ENG,MF,22,8,4,418,4.6,1,2,3,1,0,0,0,0,0.22,0.43,0.65,0.22,0.65,Matches,FA Cup,2024-2025
b2cc8af4,Cedwyn Scott,eng ENG,"MF,FW",25,10,3,336,3.7,0,0,0,0,0,0,0,0,0.00,0.00,0.00,0.00,0.00,Matches,FA Cup,2024-2025
d5f32f5e,Mai Traore,gn GUI,"FW,MF",24,12,2,319,3.5,0,2,2,0,0,0,0,0,0.00,0.56,0.56,0.00,0.56,Matches,FA Cup,2024-2025
7d24aa01,Robbie Cundy,eng ENG,"MF,DF",27,7,2,157,1.7,0,0,0,0,0,0,1,0,0.00,0.00,0.00,0.00,0.00,Matches,FA Cup,2024-2025
c87352d6,Adam Chicksen,zw ZIM,MF,32,2,2,130,1.4,0,0,0,0,0,0,0,0,0.00,0.00,0.00,0.00,0.00,Matches,FA Cup,2024-2025
2b1b4458,Madou Cisse,,FW,,2,1,60,0.7,0,0,0,0,0,0,0,0,0.00,0.00,0.00,0.00,0.00,Matches,FA Cup,2024-2025
7827a6b3,Tyler Miller,us USA,GK,31,0,0,,,,,,,,,,,,,,,,Matches,FA Cup,2024-2025
31eec725,Junior Morias,eng ENG,"FW,MF",29,0,0,,,,,,,,,,,,,,,,Matches,FA Cup,2024-2025
c4f31a97,Milai Perott,bm BER,GK,20,0,0,,,,,,,,,,,,,,,,Matches,FA Cup,2024-2025
f8e5e949,Ryley Reynolds,,MF,,0,0,,,,,,,,,,,,,,,,Matches,FA Cup,2024-2025
16264a81,Moisés Caicedo,ec ECU,"MF,DF",22,38,38,"3,351",37.2,1,2,3,1,0,0,11,0,0.03,0.05,0.08,0.03,0.08,Matches,FA Cup,2024-2025
dc7f8a28,Cole Palmer,eng ENG,MF,22,37,36,"3,191",35.5,15,8,23,11,4,5,7,0,0.42,0.23,0.65,0.31,0.54,Matches,FA Cup,2024-2025
700783e7,Levi Colwill,eng ENG,DF,21,35,35,"3,149",35.0,2,1,3,2,0,0,9,0,0.06,0.03,0.09,0.06,0.09,Matches,FA Cup,2024-2025
1daec722,Marc Cucurella,es ESP,DF,26,36,33,"2,988",33.2,5,1,6,5,0,0,10,1,0.15,0.03,0.18,0.15,0.18,Matches,FA Cup,2024-2025
5ff4ab71,Enzo Fernández,ar ARG,MF,23,36,32,"2,947",32.7,6,7,13,6,0,0,8,0,0.18,0.21,0.40,0.18,0.40,Matches,FA Cup,2024-2025
6a713852,Robert Sánchez,es ESP,GK,26,32,32,"2,880",32.0,0,0,0,0,0,0,5,0,0.00,0.00,0.00,0.00,0.00,Matches,FA Cup,2024-2025
9c36ed83,Nicolas Jackson,sn SEN,FW,23,30,28,"2,220",24.7,10,5,15,10,0,0,7,1,0.41,0.20,0.61,0.41,0.61,Matches,FA Cup,2024-2025
bf34eebd,Noni Madueke,eng ENG,MF,22,32,27,"2,033",22.6,7,3,10,7,0,0,3,0,0.31,0.13,0.44,0.31,0.44,Matches,FA Cup,2024-2025
7ba2eaa9,Pedro Neto,pt POR,"MF,FW",24,35,24,"2,269",25.2,4,6,10,4,0,0,8,0,0.16,0.24,0.40,0.16,0.40,Matches,FA Cup,2024-2025
d56b9520,Malo Gusto,fr FRA,DF,21,32,19,"1,862",20.7,0,1,1,0,0,0,4,0,0.00,0.05,0.05,0.00,0.05,Matches,FA Cup,2024-2025
dbf053da,Jadon Sancho,eng ENG,MF,24,31,19,"1,764",19.6,3,4,7,3,0,0,2,0,0.15,0.20,0.36,0.15,0.36,Matches,FA Cup,2024-2025
c81d773d,Tosin Adarabioyo,eng ENG,DF,26,22,15,"1,409",15.7,1,1,2,1,0,0,4,0,0.06,0.06,0.13,0.06,0.13,Matches,FA Cup,2024-2025
132a82f1,Wesley Fofana,fr FRA,DF,23,14,14,"1,172",13.0,0,0,0,0,0,0,7,0,0.00,0.00,0.00,0.00,0.00,Matches,FA Cup,2024-2025
1265a93a,Reece James,eng ENG,"DF,MF",24,19,12,"1,063",11.8,1,1,2,1,0,0,1,0,0.08,0.08,0.17,0.08,0.17,Matches,FA Cup,2024-2025
5515376c,Trevoh Chalobah,eng ENG,DF,25,13,11,910,10.1,0,1,1,0,0,0,2,0,0.00,0.10,0.10,0.00,0.10,Matches,FA Cup,2024-2025
ecad9aa5,Roméo Lavia,be BEL,MF,20,16,11,797,8.9,0,1,1,0,0,0,4,0,0.00,0.11,0.11,0.00,0.11,Matches,FA Cup,2024-2025
7c56da38,Christopher Nkunku,fr FRA,"MF,FW",26,27,9,921,10.2,3,2,5,3,0,0,2,0,0.29,0.20,0.49,0.29,0.49,Matches,FA Cup,2024-2025
0107757e,Filip Jørgensen,dk DEN,GK,22,6,6,540,6.0,0,0,0,0,0,0,0,0,0.00,0.00,0.00,0.00,0.00,Matches,FA Cup,2024-2025
ad82197c,Axel Disasi,fr FRA,DF,26,6,4,364,4.0,1,0,1,1,0,0,1,0,0.25,0.00,0.25,0.25,0.25,Matches,FA Cup,2024-2025
8aafd64f,João Félix,pt POR,MF,24,12,3,369,4.1,1,1,2,1,0,0,2,0,0.24,0.24,0.49,0.24,0.49,Matches,FA Cup,2024-2025
06df8256,Benoît Badiashile,fr FRA,DF,23,5,3,334,3.7,0,0,0,0,0,0,0,0,0.00,0.00,0.00,0.00,0.00,Matches,FA Cup,2024-2025
5c74c0f5,Kiernan Dewsbury-Hall,eng ENG,MF,25,13,2,264,2.9,0,1,1,0,0,0,0,0,0.00,0.34,0.34,0.00,0.34,Matches,FA Cup,2024-2025
b7e62e1d,Joshua Acheampong,eng ENG,DF,18,4,2,170,1.9,0,0,0,0,0,0,1,0,0.00,0.00,0.00,0.00,0.00,Matches,FA Cup,2024-2025
e6f7797e,Tyrique George,eng ENG,FW,18,8,1,183,2.0,1,1,2,1,0,0,1,0,0.49,0.49,0.98,0.49,0.98,Matches,FA Cup,2024-2025
fc8fcbd1,Renato Veiga,pt POR,MF,21,7,1,181,2.0,0,0,0,0,0,0,2,0,0.00,0.00,0.00,0.00,0.00,Matches,FA Cup,2024-2025
049a888d,Mykhailo Mudryk,ua UKR,MF,23,7,1,151,1.7,0,0,0,0,0,0,0,0,0.00,0.00,0.00,0.00,0.00,Matches,FA Cup,2024-2025
d3d774cc,Marc Guiu,es ESP,FW,18,3,0,73,0.8,0,0,0,0,0,0,0,0,0.00,0.00,0.00,0.00,0.00,Matches,FA Cup,2024-2025
f93cca97,Mathis Amougou,fr FRA,MF,18,1,0,8,0.1,0,0,0,0,0,0,0,0,0.00,0.00,0.00,0.00,0.00,Matches,FA Cup,2024-2025
43d0b694,Shumaira Mheuka,eng ENG,FW,16,1,0,1,0.0,0,0,0,0,0,0,0,0,0.00,0.00,0.00,0.00,0.00,Matches,FA Cup,2024-2025
1d87670e,Aaron Anselmino,ar ARG,DF,19,0,0,,,,,,,,,,,,,,,,Matches,FA Cup,2024-2025
aaa96db5,Genesis Antwi,se SWE,MF,17,0,0,,,,,,,,,,,,,,,,Matches,FA Cup,2024-2025
0d85a4e8,Marcus Bettinelli,eng ENG,GK,32,0,0,,,,,,,,,,,,,,,,Matches,FA Cup,2024-2025
fb920f3a,Cesare Casadei,it ITA,MF,21,0,0,,,,,,,,,,,,,,,,Matches,FA Cup,2024-2025
301ba71e,Samuel Rak-Sakyi,eng ENG,MF,19,0,0,,,,,,,,,,,,,,,,Matches,FA Cup,2024-2025
da95fde0,Ishé Samuels-Smith,eng ENG,DF,18,0,0,,,,,,,,,,,,,,,,Matches,FA Cup,2024-2025
6995d8e9,Callum Adebiyi,eng ENG,DF,30,1,1,90,1.0,0,0,0,0,0,0,0,0,0.00,0.00,0.00,0.00,0.00,Matches,FA Cup,2024-2025
e534d850,Jack Cawley,eng ENG,DF,31,1,1,90,1.0,0,0,0,0,0,0,0,0,0.00,0.00,0.00,0.00,0.00,Matches,FA Cup,2024-2025
02306c11,Benjamin Goode,eng ENG,GK,31,1,1,90,1.0,0,0,0,0,0,0,0,0,0.00,0.00,0.00,0.00,0.00,Matches,FA Cup,2024-2025
fad500df,Alex Lafleur,eng ENG,MF,24,1,1,90,1.0,0,0,0,0,0,0,0,0,0.00,0.00,0.00,0.00,0.00,Matches,FA Cup,2024-2025
e40f6c0d,Ashley Lodge,eng ENG,MF,34,1,1,90,1.0,0,0,0,0,0,0,0,0,0.00,0.00,0.00,0.00,0.00,Matches,FA Cup,2024-2025
715dfc51,Mitchell Weiss,eng ENG,FW,30,1,1,90,1.0,0,0,0,0,0,0,0,0,0.00,0.00,0.00,0.00,0.00,Matches,FA Cup,2024-2025
11ffe25a,T'Sharne Gallimore,vg VGB,MF,23,1,1,79,0.9,0,0,0,0,0,0,0,0,0.00,0.00,0.00,0.00,0.00,Matches,FA Cup,2024-2025
b356068c,Nathan Minhas,eng ENG,FW,26,1,1,79,0.9,0,0,0,0,0,0,0,0,0.00,0.00,0.00,0.00,0.00,Matches,FA Cup,2024-2025
afc326ac,Connor Stevens,eng ENG,DF,26,1,1,79,0.9,0,0,0,0,0,0,0,0,0.00,0.00,0.00,0.00,0.00,Matches,FA Cup,2024-2025
fe68d7bd,Samson Esan,eng ENG,FW,25,1,1,60,0.7,0,0,0,0,0,0,0,0,0.00,0.00,0.00,0.00,0.00,Matches,FA Cup,2024-2025
9947daa8,Lewis Rolfe,eng ENG,MF,31,1,1,60,0.7,0,0,0,0,0,0,0,0,0.00,0.00,0.00,0.00,0.00,Matches,FA Cup,2024-2025
e4bb31b3,Avan Jones,eng ENG,DF,22,1,0,30,0.3,0,0,0,0,0,0,0,0,0.00,0.00,0.00,0.00,0.00,Matches,FA Cup,2024-2025
f3ff61a3,Omar Rowe,eng ENG,"DF,MF",29,1,0,30,0.3,0,0,0,0,0,0,0,0,0.00,0.00,0.00,0.00,0.00,Matches,FA Cup,2024-2025
5ba3c75f,Steve Brown,eng ENG,DF,34,1,0,11,0.1,0,0,0,0,0,0,0,0,0.00,0.00,0.00,0.00,0.00,Matches,FA Cup,2024-2025
872c17f1,Joe Grant,eng ENG,FW,27,1,0,11,0.1,0,0,0,0,0,0,0,0,0.00,0.00,0.00,0.00,0.00,Matches,FA Cup,2024-2025
2d12cd75,Ryan Upward,eng ENG,"FW,MF",32,1,0,11,0.1,0,0,0,0,0,0,0,0,0.00,0.00,0.00,0.00,0.00,Matches,FA Cup,2024-2025
863eec6b,Bradley Clayton,eng ENG,MF,27,0,0,,,,,,,,,,,,,,,,Matches,FA Cup,2024-2025
5b307501,Jack Connors,ie IRL,DF,29,0,0,,,,,,,,,,,,,,,,Matches,FA Cup,2024-2025
698fbe50,Connor Roberts,eng ENG,DF,28,0,0,,,,,,,,,,,,,,,,Matches,FA Cup,2024-2025
3f493956,Oliver Steinke,,GK,,0,0,,,,,,,,,,,,,,,,Matches,FA Cup,2024-2025
136e7649,Matt Macey,eng ENG,GK,29,46,46,"4,140",46.0,0,0,0,0,0,0,3,0,0.00,0.00,0.00,0.00,0.00,Matches,FA Cup,2024-2025
87d2302b,Ellis Iandolo,eng ENG,DF,26,44,44,"3,948",43.9,1,3,4,1,0,0,14,1,0.02,0.07,0.09,0.02,0.09,Matches,FA Cup,2024-2025
3419ab84,Tom Flanagan,nir NIR,DF,32,41,41,"3,687",41.0,0,0,0,0,0,0,8,0,0.00,0.00,0.00,0.00,0.00,Matches,FA Cup,2024-2025
edfbda18,Jack Payne,eng ENG,MF,29,42,39,"3,393",37.7,8,10,18,5,3,3,3,0,0.21,0.27,0.48,0.13,0.40,Matches,FA Cup,2024-2025
5603d397,Mandela Egbo,eng ENG,"DF,MF",26,45,38,"3,416",38.0,1,2,3,1,0,0,9,0,0.03,0.05,0.08,0.03,0.08,Matches,FA Cup,2024-2025
40fc860a,Owura Edwards,eng ENG,MF,23,37,30,"2,476",27.5,7,4,11,7,0,0,8,2,0.25,0.15,0.40,0.25,0.40,Matches,FA Cup,2024-2025
b0df78a0,Jamie McDonnell,nir NIR,MF,20,32,29,"2,611",29.0,1,0,1,1,0,0,10,0,0.03,0.00,0.03,0.03,0.03,Matches,FA Cup,2024-2025
3e80e04e,Lyle Taylor,ms MSR,"FW,MF",34,37,27,"2,425",26.9,10,2,12,9,1,1,7,0,0.37,0.07,0.45,0.33,0.41,Matches,FA Cup,2024-2025
050da63a,Fiacre Kelleher,ie IRL,DF,28,28,24,"2,102",23.4,2,1,3,2,0,0,2,0,0.09,0.04,0.13,0.09,0.13,Matches,FA Cup,2024-2025
60f00734,Arthur Read,eng ENG,MF,24,39,23,"2,194",24.4,1,2,3,1,0,1,3,0,0.04,0.08,0.12,0.04,0.12,Matches,FA Cup,2024-2025
ea095dc8,Samson Tovide,eng ENG,FW,20,29,23,"1,915",21.3,7,5,12,7,0,0,4,0,0.33,0.23,0.56,0.33,0.56,Matches,FA Cup,2024-2025
682f5364,Teddy Bishop,eng ENG,MF,28,27,22,"1,885",20.9,1,1,2,1,0,0,2,0,0.05,0.05,0.10,0.05,0.10,Matches,FA Cup,2024-2025
c6f940ed,Harry Anderson,eng ENG,MF,27,31,20,"1,724",19.2,3,1,4,3,0,0,0,0,0.16,0.05,0.21,0.16,0.21,Matches,FA Cup,2024-2025
d7e24aa1,John-Kymani Gordon,eng ENG,MF,21,41,17,"1,737",19.3,3,0,3,3,0,0,3,0,0.16,0.00,0.16,0.16,0.16,Matches,FA Cup,2024-2025
0d4e5b6f,Rob Hunt,eng ENG,DF,29,22,16,"1,277",14.2,0,0,0,0,0,0,5,0,0.00,0.00,0.00,0.00,0.00,Matches,FA Cup,2024-2025
49628abd,Aaron Donnelly,nir NIR,DF,21,17,14,"1,288",14.3,0,0,0,0,0,0,1,0,0.00,0.00,0.00,0.00,0.00,Matches,FA Cup,2024-2025
8e5e33f3,Oscar Thorn,eng ENG,MF,20,26,11,"1,052",11.7,0,4,4,0,0,0,3,0,0.00,0.34,0.34,0.00,0.34,Matches,FA Cup,2024-2025
f9daf48b,Alex Woodyard,eng ENG,MF,31,14,11,884,9.8,0,0,0,0,0,0,3,0,0.00,0.00,0.00,0.00,0.00,Matches,FA Cup,2024-2025
ad8a7344,Tom Hopper,eng ENG,"FW,MF",30,16,9,770,8.6,0,0,0,0,0,0,0,0,0.00,0.00,0.00,0.00,0.00,Matches,FA Cup,2024-2025
1dcffffe,Ben Goodliffe,eng ENG,DF,25,11,8,649,7.2,3,0,3,3,0,0,1,0,0.42,0.00,0.42,0.42,0.42,Matches,FA Cup,2024-2025
a9a2f0b5,Tyreece Simpson,kn SKN,FW,22,20,6,704,7.8,1,0,1,1,0,0,5,0,0.13,0.00,0.13,0.13,0.13,Matches,FA Cup,2024-2025
332d1480,Jack Tucker,eng ENG,"MF,DF",24,10,3,339,3.8,0,0,0,0,0,0,1,0,0.00,0.00,0.00,0.00,0.00,Matches,FA Cup,2024-2025
c5e438de,Anthony Scully,ie IRL,MF,25,15,2,451,5.0,1,0,1,1,0,0,0,0,0.20,0.00,0.20,0.20,0.20,Matches,FA Cup,2024-2025
22c7c9cb,Kyreece Lisbie,jm JAM,MF,20,4,1,152,1.7,0,0,0,0,0,0,1,0,0.00,0.00,0.00,0.00,0.00,Matches,FA Cup,2024-2025
3e0fa142,Bradley Ihionvien,eng ENG,MF,20,2,1,78,0.9,0,0,0,0,0,0,0,0,0.00,0.00,0.00,0.00,0.00,Matches,FA Cup,2024-2025
bb6a8b34,Frankie Terry,eng ENG,DF,20,1,1,54,0.6,0,0,0,0,0,0,0,0,0.00,0.00,0.00,0.00,0.00,Matches,FA Cup,2024-2025
b7ea0953,Kane Vincent-Young,gd GRN,"DF,MF",28,10,0,156,1.7,0,0,0,0,0,0,0,0,0.00,0.00,0.00,0.00,0.00,Matches,FA Cup,2024-2025
282cee33,Ken Aboh,eng ENG,"FW,MF",19,2,0,10,0.1,0,0,0,0,0,0,0,0,0.00,0.00,0.00,0.00,0.00,Matches,FA Cup,2024-2025
319e3bc9,Milton Oni,eng ENG,MF,18,1,0,6,0.1,0,0,0,0,0,0,0,0,0.00,0.00,0.00,0.00,0.00,Matches,FA Cup,2024-2025
0f243f25,Max Jolliffe,eng ENG,MF,18,2,0,4,0.0,0,0,0,0,0,0,0,0,0.00,0.00,0.00,0.00,0.00,Matches,FA Cup,2024-2025
ad44fe90,Alfie Bendle,eng ENG,MF,19,0,0,,,,,,,,,,,,,,,,Matches,FA Cup,2024-2025
283c23e3,Kien Connolly,eng ENG,FW,18,0,0,,,,,,,,,,,,,,,,Matches,FA Cup,2024-2025
6127b12f,Frankie Edwards,eng ENG,DF,18,0,0,,,,,,,,,,,,,,,,Matches,FA Cup,2024-2025
5ac46d0a,Hakeem Sandah,eng ENG,FW,19,0,0,,,,,,,,,,,,,,,,Matches,FA Cup,2024-2025
6143cc51,Tom Smith,eng ENG,GK,22,0,0,,,,,,,,,,,,,,,,Matches,FA Cup,2024-2025
3735641b,Jack Bearne,eng ENG,MF,22,1,1,120,1.3,0,1,1,0,0,0,0,0,0.00,0.75,0.75,0.00,0.75,Matches,FA Cup,2024-2025
b5798530,Omar Holness,jm JAM,MF,30,1,1,120,1.3,1,0,1,1,0,0,1,0,0.75,0.00,0.75,0.75,0.75,Matches,FA Cup,2024-2025
9b01a154,Elliott Johnson,eng ENG,DF,29,1,1,120,1.3,0,0,0,0,0,0,0,0,0.00,0.00,0.00,0.00,0.00,Matches,FA Cup,2024-2025
0b35739f,Kory Roberts,eng ENG,DF,26,1,1,120,1.3,0,0,0,0,0,0,0,0,0.00,0.00,0.00,0.00,0.00,Matches,FA Cup,2024-2025
eb338814,Jack Rose,eng ENG,GK,29,1,1,120,1.3,0,0,0,0,0,0,0,0,0.00,0.00,0.00,0.00,0.00,Matches,FA Cup,2024-2025
3a6e34b9,Joel Taylor,eng ENG,DF,28,1,1,120,1.3,0,0,0,0,0,0,1,0,0.00,0.00,0.00,0.00,0.00,Matches,FA Cup,2024-2025
5c20d17f,Dominic McHale,eng ENG,FW,28,1,1,104,1.2,2,0,2,2,0,0,0,0,1.73,0.00,1.73,1.73,1.73,Matches,FA Cup,2024-2025
f81b5e55,Josh Endall,,DF,,1,1,90,1.0,0,0,0,0,0,0,0,0,0.00,0.00,0.00,0.00,0.00,Matches,FA Cup,2024-2025
446ab7ff,Daniel Trickett-Smith,eng ENG,MF,28,1,1,88,1.0,0,1,1,0,0,0,0,0,0.00,1.02,1.02,0.00,1.02,Matches,FA Cup,2024-2025
a339a158,Immanuelson Duku,nl NED,FW,31,1,1,71,0.8,1,0,1,1,0,0,0,0,1.27,0.00,1.27,1.27,1.27,Matches,FA Cup,2024-2025
43a62c67,Simeon Maye,eng ENG,MF,30,1,1,65,0.7,0,0,0,0,0,0,0,0,0.00,0.00,0.00,0.00,0.00,Matches,FA Cup,2024-2025
26a77d07,Sion Spence,wls WAL,FW,23,1,0,55,0.6,0,0,0,0,0,0,0,0,0.00,0.00,0.00,0.00,0.00,Matches,FA Cup,2024-2025
cd399e47,Rob Stevenson,eng ENG,FW,31,1,0,49,0.5,0,0,0,0,0,0,0,0,0.00,0.00,0.00,0.00,0.00,Matches,FA Cup,2024-2025
0c379946,Jacob Gwilt,,DF,,1,0,32,0.4,0,1,1,0,0,0,0,0,0.00,2.81,2.81,0.00,2.81,Matches,FA Cup,2024-2025
2bef28e1,Blaine Rowe,eng ENG,DF,23,1,0,30,0.3,0,0,0,0,0,0,0,0,0.00,0.00,0.00,0.00,0.00,Matches,FA Cup,2024-2025
1587c4cc,Daniel Sparkes,eng ENG,"DF,MF",32,1,0,16,0.2,0,0,0,0,0,0,0,0,0.00,0.00,0.00,0.00,0.00,Matches,FA Cup,2024-2025
c232298d,Abdulrasaq Alamu,ie IRL,MF,23,0,0,,,,,,,,,,,,,,,,Matches,FA Cup,2024-2025
5a16d83f,Ryan Brown,eng ENG,GK,22,0,0,,,,,,,,,,,,,,,,Matches,FA Cup,2024-2025
442364e3,Zidan Sutherland,eng ENG,FW,22,0,0,,,,,,,,,,,,,,,,Matches,FA Cup,2024-2025
23c09e2b,Will Wright,eng ENG,DF,27,46,45,"4,057",45.1,7,3,10,6,1,2,6,0,0.16,0.07,0.22,0.13,0.20,Matches,FA Cup,2024-2025
3eeda7dd,Gavin Kilkenny,ie IRL,MF,24,42,39,"3,313",36.8,1,1,2,1,0,0,4,0,0.03,0.03,0.05,0.03,0.05,Matches,FA Cup,2024-2025
83f19532,Harry Smith,eng ENG,FW,29,39,37,"3,206",35.6,15,3,18,15,0,0,11,1,0.42,0.08,0.51,0.42,0.51,Matches,FA Cup,2024-2025
af5513e1,Joel Cotterill,wls WAL,MF,19,41,30,"2,629",29.2,3,2,5,3,0,0,4,0,0.10,0.07,0.17,0.10,0.17,Matches,FA Cup,2024-2025
0c7914fe,Tunmise Sobowale,ie IRL,"DF,MF",25,37,27,"2,549",28.3,0,2,2,0,0,0,3,0,0.00,0.07,0.07,0.00,0.07,Matches,FA Cup,2024-2025
172e9148,Ollie Clarke,eng ENG,"MF,DF",32,30,26,"2,088",23.2,4,3,7,4,0,0,12,0,0.17,0.13,0.30,0.17,0.30,Matches,FA Cup,2024-2025
902504f3,Miguel Freckleton,eng ENG,DF,21,28,25,"2,367",26.3,1,1,2,1,0,0,4,0,0.04,0.04,0.08,0.04,0.08,Matches,FA Cup,2024-2025
43a62ad4,Kabongo Tshimanga,eng ENG,"FW,MF",26,39,25,"2,281",25.3,11,3,14,5,6,7,3,0,0.43,0.12,0.55,0.20,0.32,Matches,FA Cup,2024-2025
76bca47e,Nnamdi Ofoborh,ng NGA,MF,24,37,23,"1,966",21.8,2,1,3,2,0,0,4,0,0.09,0.05,0.14,0.09,0.14,Matches,FA Cup,2024-2025
8c25d35a,George Cox,eng ENG,"MF,DF",26,26,21,"1,645",18.3,2,4,6,1,1,1,5,0,0.11,0.22,0.33,0.05,0.27,Matches,FA Cup,2024-2025
aa3745bd,Paul Glatzel,eng ENG,"FW,MF",23,39,20,"1,923",21.4,3,5,8,3,0,1,2,0,0.14,0.23,0.37,0.14,0.37,Matches,FA Cup,2024-2025
5564eb4f,Daniel Butterworth,eng ENG,"MF,FW",24,34,20,"1,897",21.1,5,2,7,5,0,0,3,0,0.24,0.09,0.33,0.24,0.33,Matches,FA Cup,2024-2025
c4d5db08,Jack Bycroft,eng ENG,GK,22,21,20,"1,820",20.2,0,0,0,0,0,0,0,0,0.00,0.00,0.00,0.00,0.00,Matches,FA Cup,2024-2025
62b31d73,Ryan Delaney,ie IRL,DF,27,21,19,"1,655",18.4,1,1,2,1,0,0,4,0,0.05,0.05,0.11,0.05,0.11,Matches,FA Cup,2024-2025
7155295e,Aaron Drinan,ie IRL,"FW,MF",26,28,16,"1,697",18.9,3,1,4,3,0,0,0,0,0.16,0.05,0.21,0.16,0.21,Matches,FA Cup,2024-2025
8a3fcbf2,Tom Nichols,eng ENG,MF,30,20,16,"1,295",14.4,2,2,4,2,0,0,2,0,0.14,0.14,0.28,0.14,0.28,Matches,FA Cup,2024-2025
7b5cb32e,Connor Ripley,eng ENG,GK,31,14,14,"1,260",14.0,0,0,0,0,0,0,1,0,0.00,0.00,0.00,0.00,0.00,Matches,FA Cup,2024-2025
b9a2bc83,Joel McGregor,,"MF,DF",,19,14,"1,178",13.1,1,1,2,1,0,0,4,0,0.08,0.08,0.15,0.08,0.15,Matches,FA Cup,2024-2025
f670e314,Daniel Barden,wls WAL,GK,23,12,12,"1,060",11.8,0,0,0,0,0,0,2,0,0.00,0.00,0.00,0.00,0.00,Matches,FA Cup,2024-2025
ea3c98dc,Billy Kirkman,eng ENG,"MF,DF",20,14,11,934,10.4,0,0,0,0,0,0,0,0,0.00,0.00,0.00,0.00,0.00,Matches,FA Cup,2024-2025
1264ee68,Grant Hall,eng ENG,DF,32,14,11,788,8.8,0,0,0,0,0,0,1,1,0.00,0.00,0.00,0.00,0.00,Matches,FA Cup,2024-2025
a33ce8e2,Jake Cain,eng ENG,"DF,MF",22,19,9,787,8.7,0,0,0,0,0,0,2,0,0.00,0.00,0.00,0.00,0.00,Matches,FA Cup,2024-2025
4fb3b8e4,Jeff King,eng ENG,"MF,DF",28,8,8,621,6.9,0,0,0,0,0,0,2,0,0.00,0.00,0.00,0.00,0.00,Matches,FA Cup,2024-2025
b25ab409,Rosaire Longelo-Mbule,eng ENG,"DF,MF",24,16,6,701,7.8,1,0,1,1,0,0,3,0,0.13,0.00,0.13,0.13,0.13,Matches,FA Cup,2024-2025
c2b7d53e,Joe Westley,eng ENG,"MF,FW",19,17,3,503,5.6,3,0,3,3,0,0,0,0,0.54,0.00,0.54,0.54,0.54,Matches,FA Cup,2024-2025
ed2a6e16,Botan Ameen,iq IRQ,MF,17,14,3,485,5.4,1,2,3,1,0,0,0,0,0.19,0.37,0.56,0.19,0.56,Matches,FA Cup,2024-2025
dfd75054,Harrison Minturn,eng ENG,DF,20,8,3,417,4.6,0,1,1,0,0,0,0,0,0.00,0.22,0.22,0.00,0.22,Matches,FA Cup,2024-2025
1969e0c5,Jaxon Brown,,MF,,3,2,148,1.6,0,1,1,0,0,0,0,0,0.00,0.61,0.61,0.00,0.61,Matches,FA Cup,2024-2025
33cbe5b9,Sean McGurk,eng ENG,MF,21,8,1,142,1.6,0,0,0,0,0,0,0,0,0.00,0.00,0.00,0.00,0.00,Matches,FA Cup,2024-2025
dd5e1f77,Dylan Mitchell,eng ENG,MF,18,2,0,10,0.1,0,0,0,0,0,0,0,0,0.00,0.00,0.00,0.00,0.00,Matches,FA Cup,2024-2025
b81e2999,George Alston,,FW,,1,0,8,0.1,0,0,0,0,0,0,0,0,0.00,0.00,0.00,0.00,0.00,Matches,FA Cup,2024-2025
4246a325,Owen Foye,,MF,,1,0,1,0.0,0,0,0,0,0,0,0,0,0.00,0.00,0.00,0.00,0.00,Matches,FA Cup,2024-2025
cb2469cb,Sonny Hartman,eng ENG,DF,18,1,0,1,0.0,0,0,0,0,0,0,0,0,0.00,0.00,0.00,0.00,0.00,Matches,FA Cup,2024-2025
29d8799a,Harry Chard,,DF,,0,0,,,,,,,,,,,,,,,,Matches,FA Cup,2024-2025
30a24221,Redman Evans,,GK,,0,0,,,,,,,,,,,,,,,,Matches,FA Cup,2024-2025
d71e297c,Lucas Myers,,GK,,0,0,,,,,,,,,,,,,,,,Matches,FA Cup,2024-2025
a989a8c9,Nick Townsend,ag ATG,GK,29,43,43,"3,870",43.0,0,0,0,0,0,0,2,0,0.00,0.00,0.00,0.00,0.00,Matches,FA Cup,2024-2025
2506b716,Matthew Baker,wls WAL,DF,21,41,41,"3,689",41.0,4,0,4,4,0,0,4,0,0.10,0.00,0.10,0.10,0.10,Matches,FA Cup,2024-2025
7d8090a8,Bobby Kamwa,cm CMR,"FW,MF",24,43,41,"3,474",38.6,8,6,14,8,0,0,4,0,0.21,0.16,0.36,0.21,0.36,Matches,FA Cup,2024-2025
6a39bd42,Anthony Driscoll-Glennon,eng ENG,"DF,MF",24,39,34,"3,150",35.0,0,8,8,0,0,0,8,0,0.00,0.23,0.23,0.00,0.23,Matches,FA Cup,2024-2025
d1141a85,Shane McLoughlin,ie IRL,"MF,DF",27,36,34,"2,966",33.0,3,2,5,1,2,2,2,0,0.09,0.06,0.15,0.03,0.09,Matches,FA Cup,2024-2025
75c50805,Cameron Antwi,eng ENG,MF,22,40,31,"2,715",30.2,1,2,3,1,0,0,8,0,0.03,0.07,0.10,0.03,0.10,Matches,FA Cup,2024-2025
ab9bb335,Cameron Evans,wls WAL,DF,23,31,26,"2,281",25.3,4,1,5,4,0,0,8,0,0.16,0.04,0.20,0.16,0.20,Matches,FA Cup,2024-2025
4a3167c2,Ciaran Brennan,ie IRL,"DF,MF",24,27,26,"2,277",25.3,0,0,0,0,0,0,3,2,0.00,0.00,0.00,0.00,0.00,Matches,FA Cup,2024-2025
3e2edcd1,Courtney Baker-Richardson,eng ENG,FW,28,36,24,"2,130",23.7,5,1,6,3,2,2,6,1,0.21,0.04,0.25,0.13,0.17,Matches,FA Cup,2024-2025
3830cfa7,James Clarke,eng ENG,DF,34,24,24,"2,061",22.9,1,1,2,1,0,0,2,0,0.04,0.04,0.09,0.04,0.09,Matches,FA Cup,2024-2025
7ef03bf1,Kieron Evans,wls WAL,MF,22,34,21,"2,054",22.8,2,2,4,2,0,0,5,0,0.09,0.09,0.18,0.09,0.18,Matches,FA Cup,2024-2025
188ec052,Joe Thomas,wls WAL,"MF,DF",22,23,21,"1,778",19.8,1,1,2,1,0,0,1,0,0.05,0.05,0.10,0.05,0.10,Matches,FA Cup,2024-2025
f472d985,Bryn Morris,eng ENG,MF,28,19,19,"1,553",17.3,3,2,5,2,1,2,1,0,0.17,0.12,0.29,0.12,0.23,Matches,FA Cup,2024-2025
9d4a320a,Kyle Hudlin,eng ENG,FW,24,27,16,"1,444",16.0,6,1,7,6,0,1,5,0,0.37,0.06,0.44,0.37,0.44,Matches,FA Cup,2024-2025
5b1e9f24,David Ajiboye,eng ENG,"FW,MF",25,21,16,"1,246",13.8,2,1,3,2,0,0,1,0,0.14,0.07,0.22,0.14,0.22,Matches,FA Cup,2024-2025
3e61e488,Kyle Jameson,eng ENG,DF,25,24,15,"1,406",15.6,0,0,0,0,0,0,7,3,0.00,0.00,0.00,0.00,0.00,Matches,FA Cup,2024-2025
38f0d94d,Aaron Wildig,wls WAL,MF,32,15,15,"1,158",12.9,4,0,4,4,0,0,4,0,0.31,0.00,0.31,0.31,0.31,Matches,FA Cup,2024-2025
921fe756,Kai Whitmore,eng ENG,MF,23,28,14,"1,356",15.1,2,0,2,2,0,0,5,1,0.13,0.00,0.13,0.13,0.13,Matches,FA Cup,2024-2025
b86a76a3,Michael Spellman,eng ENG,"FW,MF",21,31,12,"1,108",12.3,2,0,2,2,0,0,2,0,0.16,0.00,0.16,0.16,0.16,Matches,FA Cup,2024-2025
3f072a68,Josh Martin,eng ENG,MF,22,15,6,649,7.2,0,0,0,0,0,0,1,0,0.00,0.00,0.00,0.00,0.00,Matches,FA Cup,2024-2025
c8587237,Oliver Greaves,eng ENG,"FW,MF",22,16,6,608,6.8,2,1,3,2,0,0,0,0,0.30,0.15,0.44,0.30,0.44,Matches,FA Cup,2024-2025
3d09b8ae,Noah Mawene,eng ENG,MF,19,14,4,486,5.4,0,0,0,0,0,0,1,0,0.00,0.00,0.00,0.00,0.00,Matches,FA Cup,2024-2025
86bef93d,Jamie Miley,eng ENG,MF,20,6,3,310,3.4,0,0,0,0,0,0,1,0,0.00,0.00,0.00,0.00,0.00,Matches,FA Cup,2024-2025
cac49703,Jacob Carney,eng ENG,GK,23,3,3,270,3.0,0,0,0,0,0,0,0,0,0.00,0.00,0.00,0.00,0.00,Matches,FA Cup,2024-2025
11e3b2ee,Jaden Warner,eng ENG,DF,21,5,3,262,2.9,0,0,0,0,0,0,1,0,0.00,0.00,0.00,0.00,0.00,Matches,FA Cup,2024-2025
8c1384c9,Luke Jephcott,wls WAL,FW,24,12,2,367,4.1,0,2,2,0,0,0,1,0,0.00,0.49,0.49,0.00,0.49,Matches,FA Cup,2024-2025
579e558c,Geoffroy Bony,wls WAL,FW,19,6,2,191,2.1,0,0,0,0,0,0,0,0,0.00,0.00,0.00,0.00,0.00,Matches,FA Cup,2024-2025
a079c685,Thomas Davies,wls WAL,DF,20,4,2,179,2.0,0,0,0,0,0,0,0,0,0.00,0.00,0.00,0.00,0.00,Matches,FA Cup,2024-2025
69977a44,Keenan Patten,wls WAL,MF,23,6,1,125,1.4,0,0,0,0,0,0,0,0,0.00,0.00,0.00,0.00,0.00,Matches,FA Cup,2024-2025
0c9ed560,Kiban Rai,wls WAL,MF,19,4,1,108,1.2,0,0,0,0,0,0,0,0,0.00,0.00,0.00,0.00,0.00,Matches,FA Cup,2024-2025
5407c168,Nelson Sanca,pt POR,DF,17,1,0,85,0.9,0,0,0,0,0,0,0,0,0.00,0.00,0.00,0.00,0.00,Matches,FA Cup,2024-2025
b3f363c3,Moses Walker,eng ENG,FW,17,1,0,28,0.3,0,0,0,0,0,0,0,0,0.00,0.00,0.00,0.00,0.00,Matches,FA Cup,2024-2025
a9a48381,Nathan Wood,wls WAL,FW,27,1,0,27,0.3,0,0,0,0,0,0,0,0,0.00,0.00,0.00,0.00,0.00,Matches,FA Cup,2024-2025
aa5fe212,Hamzad Kargbo,eng ENG,FW,22,2,0,21,0.2,0,0,0,0,0,0,0,0,0.00,0.00,0.00,0.00,0.00,Matches,FA Cup,2024-2025
d7721e37,Bailey Hopkins,wls WAL,GK,17,0,0,,,,,,,,,,,,,,,,Matches,FA Cup,2024-2025
74a861fb,Riley Lonergan,wls WAL,MF,17,0,0,,,,,,,,,,,,,,,,Matches,FA Cup,2024-2025
b45a8dc6,Josh Seberry,ie IRL,DF,19,0,0,,,,,,,,,,,,,,,,Matches,FA Cup,2024-2025
d20bea24,Lewis Webb,wls WAL,GK,22,0,0,,,,,,,,,,,,,,,,Matches,FA Cup,2024-2025
a79abd8b,Filip Marschall,eng ENG,GK,21,46,46,"4,140",46.0,0,0,0,0,0,0,4,0,0.00,0.00,0.00,0.00,0.00,Matches,FA Cup,2024-2025
7c349325,Max Conway,eng ENG,"MF,DF",20,46,44,"3,735",41.5,2,1,3,2,0,0,5,0,0.05,0.02,0.07,0.05,0.07,Matches,FA Cup,2024-2025
881b1c0b,Zac Williams,wls WAL,"DF,MF",20,41,41,"3,595",39.9,1,2,3,1,0,0,12,1,0.03,0.05,0.08,0.03,0.08,Matches,FA Cup,2024-2025
e08aa035,Joel Tabiner,eng ENG,MF,20,41,36,"2,977",33.1,2,3,5,2,0,0,4,0,0.06,0.09,0.15,0.06,0.15,Matches,FA Cup,2024-2025
2acf1ee3,Mickey Demetriou,eng ENG,DF,34,35,35,"3,150",35.0,2,1,3,2,0,0,7,0,0.06,0.03,0.09,0.06,0.09,Matches,FA Cup,2024-2025
1ec0c48e,Ryan Cooney,eng ENG,"MF,DF",24,38,31,"2,711",30.1,3,5,8,1,2,3,11,1,0.10,0.17,0.27,0.03,0.20,Matches,FA Cup,2024-2025
4871d0e8,Max Sanders,eng ENG,MF,25,41,31,"2,674",29.7,0,1,1,0,0,0,7,0,0.00,0.03,0.03,0.00,0.03,Matches,FA Cup,2024-2025
0cfd5fe4,Matúš Holíček,sk SVK,MF,19,38,31,"2,643",29.4,1,5,6,1,0,0,7,0,0.03,0.17,0.20,0.03,0.20,Matches,FA Cup,2024-2025
2271d81a,Jamie Knight-Lebel,ca CAN,DF,19,33,29,"2,505",27.8,3,0,3,3,0,0,7,1,0.11,0.00,0.11,0.11,0.11,Matches,FA Cup,2024-2025
c7ae788a,Shilow Tracey,eng ENG,"FW,MF",26,33,28,"2,428",27.0,6,0,6,6,0,0,7,0,0.22,0.00,0.22,0.22,0.22,Matches,FA Cup,2024-2025
b44593a2,Connor O'Riordan,ie IRL,DF,20,20,19,"1,708",19.0,3,0,3,3,0,0,2,0,0.16,0.00,0.16,0.16,0.16,Matches,FA Cup,2024-2025
53dc36cb,Lewis Billington,eng ENG,"DF,MF",20,23,16,"1,513",16.8,0,2,2,0,0,0,4,0,0.00,0.12,0.12,0.00,0.12,Matches,FA Cup,2024-2025
633151fb,Jack Lankester,eng ENG,"MF,FW",24,23,16,"1,381",15.3,7,6,13,6,1,1,5,0,0.46,0.39,0.85,0.39,0.78,Matches,FA Cup,2024-2025
5b4209b0,Tom Lowery,eng ENG,MF,26,17,15,"1,278",14.2,2,1,3,1,1,1,2,1,0.14,0.07,0.21,0.07,0.14,Matches,FA Cup,2024-2025
7cdcd959,Kane Hemmings,eng ENG,FW,32,20,14,"1,253",13.9,4,0,4,2,2,2,1,0,0.29,0.00,0.29,0.14,0.14,Matches,FA Cup,2024-2025
7ac0f13a,James Connolly,wls WAL,DF,22,21,14,"1,204",13.4,0,0,0,0,0,0,3,0,0.00,0.00,0.00,0.00,0.00,Matches,FA Cup,2024-2025
c334bcfc,Omar Bogle,eng ENG,FW,31,30,13,"1,411",15.7,5,2,7,5,0,0,1,0,0.32,0.13,0.45,0.32,0.45,Matches,FA Cup,2024-2025
4d7f3b9c,Conor Thomas,eng ENG,MF,30,19,13,"1,039",11.5,0,1,1,0,0,0,3,0,0.00,0.09,0.09,0.00,0.09,Matches,FA Cup,2024-2025
be3c83a5,Jack Powell,eng ENG,MF,30,22,11,"1,020",11.3,0,1,1,0,0,0,2,0,0.00,0.09,0.09,0.00,0.09,Matches,FA Cup,2024-2025
52c8b203,Chris Long,eng ENG,"FW,MF",29,25,8,939,10.4,6,0,6,6,0,0,1,1,0.58,0.00,0.58,0.58,0.58,Matches,FA Cup,2024-2025
cf80fd93,Adrien Thibaut,ie IRL,FW,20,18,6,717,8.0,1,1,2,1,0,0,4,0,0.13,0.13,0.25,0.13,0.25,Matches,FA Cup,2024-2025
26481a7f,Owen Lunt,eng ENG,MF,19,17,5,567,6.3,0,0,0,0,0,0,0,1,0.00,0.00,0.00,0.00,0.00,Matches,FA Cup,2024-2025
ce3ed70d,Kian Breckin,eng ENG,MF,20,13,3,309,3.4,0,0,0,0,0,0,2,0,0.00,0.00,0.00,0.00,0.00,Matches,FA Cup,2024-2025
1d359075,Calum Agius,wls WAL,FW,18,14,1,307,3.4,1,1,2,1,0,0,2,0,0.29,0.29,0.59,0.29,0.59,Matches,FA Cup,2024-2025
2b9015ba,Charlie Finney,eng ENG,MF,20,10,0,141,1.6,0,0,0,0,0,0,0,0,0.00,0.00,0.00,0.00,0.00,Matches,FA Cup,2024-2025
999b72b3,Fin Roberts,,FW,,4,0,50,0.6,0,0,0,0,0,0,0,0,0.00,0.00,0.00,0.00,0.00,Matches,FA Cup,2024-2025
c0bd9395,Luca Moore,,MF,,1,0,1,0.0,0,0,0,0,0,0,0,0,0.00,0.00,0.00,0.00,0.00,Matches,FA Cup,2024-2025
42be0af0,Oliver Armstrong,,MF,,0,0,,,,,,,,,,,,,,,,Matches,FA Cup,2024-2025
764887cb,Tom Booth,eng ENG,GK,19,0,0,,,,,,,,,,,,,,,,Matches,FA Cup,2024-2025
f6a737cc,Stan Dancey,,DF,,0,0,,,,,,,,,,,,,,,,Matches,FA Cup,2024-2025
a32375d4,Mikolaj Lenarcik,,GK,,0,0,,,,,,,,,,,,,,,,Matches,FA Cup,2024-2025
91b31883,Lucas Sant,eng ENG,DF,18,0,0,,,,,,,,,,,,,,,,Matches,FA Cup,2024-2025
a121920f,Callum Howe,eng ENG,DF,30,46,46,"4,139",46.0,3,3,6,3,0,0,3,0,0.07,0.07,0.13,0.07,0.13,Matches,FA Cup,2024-2025
67c1f87a,Joe Felix,eng ENG,"DF,MF",24,46,45,"4,011",44.6,2,7,9,2,0,0,6,0,0.04,0.16,0.20,0.04,0.20,Matches,FA Cup,2024-2025
3490fef0,Ollie Pearce,eng ENG,"FW,MF",28,45,44,"3,771",41.9,31,10,41,23,8,8,7,1,0.74,0.24,0.98,0.55,0.79,Matches,FA Cup,2024-2025
c049795e,Alex Hunt,eng ENG,MF,24,45,42,"3,622",40.2,4,7,11,3,1,1,10,0,0.10,0.17,0.27,0.07,0.25,Matches,FA Cup,2024-2025
1573da4d,Harrison Male,eng ENG,GK,23,41,41,"3,620",40.2,0,1,1,0,0,0,4,0,0.00,0.02,0.02,0.00,0.02,Matches,FA Cup,2024-2025
8263d615,Malachi Fagan-Walcott,eng ENG,"DF,MF",22,38,38,"3,292",36.6,6,4,10,6,0,0,6,0,0.16,0.11,0.27,0.16,0.27,Matches,FA Cup,2024-2025
96c92a74,Daniel Batty,eng ENG,"MF,DF",26,41,32,"2,814",31.3,0,5,5,0,0,0,5,0,0.00,0.16,0.16,0.00,0.16,Matches,FA Cup,2024-2025
501dedfd,Tyrese Sinclair,eng ENG,MF,23,45,32,"2,626",29.2,7,4,11,7,0,0,8,0,0.24,0.14,0.38,0.24,0.38,Matches,FA Cup,2024-2025
8a6ec36e,Marvin Armstrong,eng ENG,"MF,FW",25,39,30,"2,431",27.0,4,1,5,4,0,0,4,0,0.15,0.04,0.19,0.15,0.19,Matches,FA Cup,2024-2025
6c753e99,Cameron John,eng ENG,DF,24,32,27,"2,369",26.3,2,3,5,2,0,0,6,0,0.08,0.11,0.19,0.08,0.19,Matches,FA Cup,2024-2025
2c5dbbac,Ashley Nathaniel-George,ag ATG,"MF,FW",29,36,24,"1,992",22.1,6,2,8,6,0,0,6,1,0.27,0.09,0.36,0.27,0.36,Matches,FA Cup,2024-2025
c27a7dd5,Ryan Fallowfield,eng ENG,DF,28,27,19,"1,767",19.6,1,0,1,1,0,0,3,0,0.05,0.00,0.05,0.05,0.05,Matches,FA Cup,2024-2025
81ef747a,Ricky Aguiar,eng ENG,"MF,DF",23,30,18,"1,425",15.8,2,1,3,2,0,0,3,0,0.13,0.06,0.19,0.13,0.19,Matches,FA Cup,2024-2025
9a7614d9,Dipo Akinyemi,eng ENG,"MF,FW",27,25,11,"1,242",13.8,4,5,9,4,0,0,3,0,0.29,0.36,0.65,0.29,0.65,Matches,FA Cup,2024-2025
4fa62ae4,Lewis Richardson,eng ENG,"MF,FW",21,13,10,682,7.6,4,2,6,4,0,0,1,0,0.53,0.26,0.79,0.53,0.79,Matches,FA Cup,2024-2025
b55820e5,Josh Stones,eng ENG,"FW,MF",20,21,8,"1,000",11.1,7,1,8,7,0,0,3,0,0.63,0.09,0.72,0.63,0.72,Matches,FA Cup,2024-2025
c5bf0f24,Billy Chadwick,eng ENG,MF,24,20,8,704,7.8,1,1,2,1,0,0,0,0,0.13,0.13,0.26,0.13,0.26,Matches,FA Cup,2024-2025
3cd6b4ce,Adam Crookes,eng ENG,DF,26,13,7,764,8.5,1,2,3,1,0,0,0,0,0.12,0.24,0.35,0.12,0.35,Matches,FA Cup,2024-2025
0466c547,Junior Luamba,eng ENG,MF,21,17,5,648,7.2,1,2,3,1,0,0,0,0,0.14,0.28,0.42,0.14,0.42,Matches,FA Cup,2024-2025
73cb6785,Rory Watson,eng ENG,GK,28,7,5,520,5.8,0,0,0,0,0,0,1,0,0.00,0.00,0.00,0.00,0.00,Matches,FA Cup,2024-2025
5b1e9f24,David Ajiboye,eng ENG,MF,25,7,5,436,4.8,1,0,1,1,0,0,0,0,0.21,0.00,0.21,0.21,0.21,Matches,FA Cup,2024-2025
4fb3b8e4,Jeff King,eng ENG,DF,28,10,3,394,4.4,0,2,2,0,0,0,1,0,0.00,0.46,0.46,0.00,0.46,Matches,FA Cup,2024-2025
273815fa,Luca Thomas,eng ENG,MF,19,9,2,196,2.2,2,0,2,2,0,0,0,0,0.92,0.00,0.92,0.92,0.92,Matches,FA Cup,2024-2025
868305ff,Darragh O'Connor,ie IRL,DF,24,4,2,190,2.1,0,0,0,0,0,0,1,0,0.00,0.00,0.00,0.00,0.00,Matches,FA Cup,2024-2025
5eed3c9c,Callum Harriott,gy GUY,MF,30,6,2,155,1.7,1,0,1,1,0,0,1,0,0.58,0.00,0.58,0.58,0.58,Matches,FA Cup,2024-2025
9e4d738e,Lenell John-Lewis,eng ENG,"FW,MF",35,34,0,655,7.3,5,4,9,4,1,1,3,0,0.69,0.55,1.24,0.55,1.10,Matches,FA Cup,2024-2025
7ece7a5a,Mo Fadera,gm GAM,FW,19,5,0,43,0.5,0,0,0,0,0,0,0,0,0.00,0.00,0.00,0.00,0.00,Matches,FA Cup,2024-2025
303fbb6c,Patrick McLaughlin,nir NIR,"DF,MF",33,6,0,23,0.3,0,0,0,0,0,0,0,0,0.00,0.00,0.00,0.00,0.00,Matches,FA Cup,2024-2025
799a197a,George Grumley,,MF,,1,0,1,0.0,0,0,0,0,0,0,0,0,0.00,0.00,0.00,0.00,0.00,Matches,FA Cup,2024-2025
ea881264,Leone Gravata,eng ENG,MF,23,0,0,,,,,,,,,,,,,,,,Matches,FA Cup,2024-2025
88c9366a,Alex Hernandez,eng ENG,FW,18,0,0,,,,,,,,,,,,,,,,Matches,FA Cup,2024-2025
82607235,George Sykes-Kenworthy,eng ENG,GK,24,0,0,,,,,,,,,,,,,,,,Matches,FA Cup,2024-2025
3e6bea88,Haydn Hollis,eng ENG,DF,31,46,46,"4,140",46.0,3,2,5,3,0,0,3,0,0.07,0.04,0.11,0.07,0.11,Matches,FA Cup,2024-2025
4cd6bd09,Jasbir Singh,eng ENG,GK,34,45,45,"3,987",44.3,0,0,0,0,0,0,6,1,0.00,0.00,0.00,0.00,0.00,Matches,FA Cup,2024-2025
e00a1edd,Tom McGlinchey,eng ENG,MF,27,42,35,"2,968",33.0,10,2,12,10,0,0,2,0,0.30,0.06,0.36,0.30,0.36,Matches,FA Cup,2024-2025
739b93fc,George Morrison,sct SCO,MF,18,34,32,"2,772",30.8,0,2,2,0,0,0,9,0,0.00,0.06,0.06,0.00,0.06,Matches,FA Cup,2024-2025
d45613eb,Daniel Creaney,eng ENG,FW,30,42,31,"2,832",31.5,19,5,24,18,1,1,12,0,0.60,0.16,0.76,0.57,0.73,Matches,FA Cup,2024-2025
5b7e82eb,Kennedy Digie,eng ENG,DF,27,29,27,"2,456",27.3,2,0,2,2,0,0,2,0,0.07,0.00,0.07,0.07,0.07,Matches,FA Cup,2024-2025
ded9e7cc,Tom Tonks,eng ENG,MF,32,42,26,"2,413",26.8,1,5,6,1,0,0,13,0,0.04,0.19,0.22,0.04,0.22,Matches,FA Cup,2024-2025
b16c08e9,Luke Fairlamb,eng ENG,DF,30,27,25,"2,329",25.9,0,1,1,0,0,0,3,0,0.00,0.04,0.04,0.00,0.04,Matches,FA Cup,2024-2025
e9629736,Nathan Tshikuna,eng ENG,"MF,FW",25,28,24,"1,997",22.2,8,4,12,6,2,2,4,0,0.36,0.18,0.54,0.27,0.45,Matches,FA Cup,2024-2025
60f801e7,Ben Milnes,eng ENG,MF,32,28,23,"1,707",19.0,2,2,4,1,1,1,8,0,0.11,0.11,0.21,0.05,0.16,Matches,FA Cup,2024-2025
f5c01bd9,Jordan Cullinane-Liburd,eng ENG,DF,29,26,22,"2,022",22.5,2,1,3,2,0,0,11,2,0.09,0.04,0.13,0.09,0.13,Matches,FA Cup,2024-2025
51d0587c,Ben Crompton,eng ENG,DF,20,25,22,"1,887",21.0,1,2,3,1,0,0,6,0,0.05,0.10,0.14,0.05,0.14,Matches,FA Cup,2024-2025
08baf141,Callum Cockerill-Mollett,eng ENG,DF,25,20,20,"1,649",18.3,0,3,3,0,0,0,0,0,0.00,0.16,0.16,0.00,0.16,Matches,FA Cup,2024-2025
ad74274e,Beck-Ray Enoru,cm CMR,MF,21,37,18,"1,622",18.0,3,4,7,3,0,0,2,0,0.17,0.22,0.39,0.17,0.39,Matches,FA Cup,2024-2025
5721c197,Munashe Sundire,zw ZIM,"MF,DF",27,29,17,"1,644",18.3,0,0,0,0,0,0,2,0,0.00,0.00,0.00,0.00,0.00,Matches,FA Cup,2024-2025
3c095fd3,Kyle Finn,eng ENG,MF,25,29,13,"1,190",13.2,2,2,4,2,0,0,4,0,0.15,0.15,0.30,0.15,0.30,Matches,FA Cup,2024-2025
a7d6a1d2,Alex Fletcher,eng ENG,"MF,DF",27,27,12,"1,267",14.1,1,0,1,1,0,0,1,0,0.07,0.00,0.07,0.07,0.07,Matches,FA Cup,2024-2025
6a4523ed,Christopher Wreh,eng ENG,FW,27,17,10,874,9.7,3,1,4,3,0,0,0,0,0.31,0.10,0.41,0.31,0.41,Matches,FA Cup,2024-2025
2f4692d1,Ronan Maher,ie IRL,MF,19,13,10,824,9.2,2,2,4,2,0,0,1,0,0.22,0.22,0.44,0.22,0.44,Matches,FA Cup,2024-2025
61343a8f,Ben Acquaye,eng ENG,MF,24,12,9,843,9.4,1,0,1,1,0,0,7,0,0.11,0.00,0.11,0.11,0.11,Matches,FA Cup,2024-2025
c045945b,Matt Curley,eng ENG,DF,29,16,9,843,9.4,0,0,0,0,0,0,2,0,0.00,0.00,0.00,0.00,0.00,Matches,FA Cup,2024-2025
667ad6cb,Jordan Ponticelli,eng ENG,"MF,FW",25,19,9,752,8.4,2,2,4,2,0,0,0,0,0.24,0.24,0.48,0.24,0.48,Matches,FA Cup,2024-2025
3252266d,Jamie Willets,eng ENG,DF,31,6,5,444,4.9,0,1,1,0,0,0,0,0,0.00,0.20,0.20,0.00,0.20,Matches,FA Cup,2024-2025
4fb69e0e,Kai Williams,eng ENG,MF,27,19,4,599,6.7,1,1,2,1,0,0,0,0,0.15,0.15,0.30,0.15,0.30,Matches,FA Cup,2024-2025
8f4d4609,Rico Browne,kn SKN,DF,20,4,4,316,3.5,0,0,0,0,0,0,0,0,0.00,0.00,0.00,0.00,0.00,Matches,FA Cup,2024-2025
d83a1b10,Kieran Wallace,eng ENG,MF,29,6,3,269,3.0,0,0,0,0,0,0,0,0,0.00,0.00,0.00,0.00,0.00,Matches,FA Cup,2024-2025
36614d8f,Callum Powell,eng ENG,MF,28,2,2,138,1.5,0,0,0,0,0,0,0,0,0.00,0.00,0.00,0.00,0.00,Matches,FA Cup,2024-2025
04d7a416,Miracle Okafor,eng ENG,FW,23,14,1,197,2.2,0,0,0,0,0,0,0,0,0.00,0.00,0.00,0.00,0.00,Matches,FA Cup,2024-2025
5f364ecd,Arjan Raikhy,eng ENG,MF,21,7,1,111,1.2,0,0,0,0,0,0,2,0,0.00,0.00,0.00,0.00,0.00,Matches,FA Cup,2024-2025
448ec521,Leon Phillips,eng ENG,GK,22,1,1,90,1.0,0,0,0,0,0,0,0,0,0.00,0.00,0.00,0.00,0.00,Matches,FA Cup,2024-2025
3dedf88f,Danny Waldron,eng ENG,FW,28,7,0,102,1.1,0,0,0,0,0,0,0,0,0.00,0.00,0.00,0.00,0.00,Matches,FA Cup,2024-2025
3a329bbc,Kai Lissimore,eng ENG,MF,20,5,0,93,1.0,0,0,0,0,0,0,1,0,0.00,0.00,0.00,0.00,0.00,Matches,FA Cup,2024-2025
84d12479,Jack Hitchman,eng ENG,GK,20,1,0,62,0.7,0,0,0,0,0,0,0,0,0.00,0.00,0.00,0.00,0.00,Matches,FA Cup,2024-2025
8c444f18,Charlie Edge,,,,1,0,1,0.0,0,0,0,0,0,0,0,0,0.00,0.00,0.00,0.00,0.00,Matches,FA Cup,2024-2025
306501b7,Jack Moore,eng ENG,DF,20,1,0,1,0.0,0,0,0,0,0,0,0,0,0.00,0.00,0.00,0.00,0.00,Matches,FA Cup,2024-2025
ba397562,Hayden Hackney,eng ENG,MF,22,43,43,"3,792",42.1,5,3,8,5,0,0,9,1,0.12,0.07,0.19,0.12,0.19,Matches,FA Cup,2024-2025
b6f54c31,Finn Azaz,ie IRL,MF,23,45,43,"3,544",39.4,12,11,23,12,0,0,6,0,0.30,0.28,0.58,0.30,0.58,Matches,FA Cup,2024-2025
9f936061,Neto Borges,br BRA,DF,27,35,34,"2,891",32.1,1,3,4,1,0,0,4,0,0.03,0.09,0.12,0.03,0.12,Matches,FA Cup,2024-2025
3778339c,Aidan Morris,us USA,MF,22,35,33,"2,915",32.4,0,2,2,0,0,0,4,0,0.00,0.06,0.06,0.00,0.06,Matches,FA Cup,2024-2025
1ecc03bc,Anfernee Dijksteel,sr SUR,DF,27,33,27,"2,525",28.1,2,1,3,2,0,0,5,0,0.07,0.04,0.11,0.07,0.11,Matches,FA Cup,2024-2025
746a92c5,Tommy Conway,sct SCO,"FW,MF",21,36,27,"2,357",26.2,13,1,14,11,2,4,1,0,0.50,0.04,0.53,0.42,0.46,Matches,FA Cup,2024-2025
46ff3923,George Edmundson,eng ENG,DF,26,24,24,"2,090",23.2,1,0,1,1,0,0,9,0,0.04,0.00,0.04,0.04,0.04,Matches,FA Cup,2024-2025
05e2d5ea,Delano Burgzorg,sr SUR,MF,25,42,23,"2,187",24.3,5,2,7,4,1,1,2,0,0.21,0.08,0.29,0.16,0.25,Matches,FA Cup,2024-2025
e962e4b5,Rav van den Berg,nl NED,DF,20,27,23,"2,128",23.6,0,0,0,0,0,0,4,1,0.00,0.00,0.00,0.00,0.00,Matches,FA Cup,2024-2025
420d7c7d,Luke Ayling,eng ENG,DF,32,26,23,"1,951",21.7,0,2,2,0,0,0,4,0,0.00,0.09,0.09,0.00,0.09,Matches,FA Cup,2024-2025
733f1a7d,Ben Gannon-Doak,sct SCO,MF,18,24,21,"1,778",19.8,3,7,10,3,0,0,7,0,0.15,0.35,0.51,0.15,0.51,Matches,FA Cup,2024-2025
1c9cfad4,Emmanuel Latte Lath,ci CIV,FW,25,29,20,"1,765",19.6,11,3,14,9,2,2,3,0,0.56,0.15,0.71,0.46,0.61,Matches,FA Cup,2024-2025
c135cddd,Seny Dieng,sn SEN,GK,29,17,17,"1,530",17.0,0,0,0,0,0,0,0,0,0.00,0.00,0.00,0.00,0.00,Matches,FA Cup,2024-2025
fe558029,Mark Travers,ie IRL,GK,25,17,17,"1,530",17.0,0,0,0,0,0,0,1,0,0.00,0.00,0.00,0.00,0.00,Matches,FA Cup,2024-2025
43e79bbc,Dael Fry,eng ENG,DF,26,21,15,"1,416",15.7,0,0,0,0,0,0,1,0,0.00,0.00,0.00,0.00,0.00,Matches,FA Cup,2024-2025
08b10f50,Jonny Howson,eng ENG,"DF,MF",36,21,15,"1,396",15.5,1,0,1,1,0,0,0,0,0.06,0.00,0.06,0.06,0.06,Matches,FA Cup,2024-2025
91ea9f40,Daniel Barlaser,tr TUR,MF,27,23,12,"1,155",12.8,1,1,2,1,0,0,2,0,0.08,0.08,0.16,0.08,0.16,Matches,FA Cup,2024-2025
8ea2227a,Matthew Clarke,eng ENG,DF,27,14,12,"1,112",12.4,2,0,2,2,0,0,0,0,0.16,0.00,0.16,0.16,0.16,Matches,FA Cup,2024-2025
ba492306,Samuel Iling-Junior,eng ENG,"DF,MF",20,16,11,"1,057",11.7,1,2,3,1,0,0,2,0,0.09,0.17,0.26,0.09,0.26,Matches,FA Cup,2024-2025
d3d49142,Morgan Whittaker,eng ENG,MF,23,16,11,990,11.0,0,1,1,0,0,0,0,0,0.00,0.09,0.09,0.00,0.09,Matches,FA Cup,2024-2025
59d61727,Riley McGree,au AUS,MF,25,17,11,943,10.5,1,5,6,1,0,0,2,0,0.10,0.48,0.57,0.10,0.57,Matches,FA Cup,2024-2025
c92e1a31,Kelechi Iheanacho,ng NGA,"MF,FW",27,15,9,765,8.5,1,2,3,1,0,0,0,0,0.12,0.24,0.35,0.12,0.35,Matches,FA Cup,2024-2025
422ee5c7,Isaiah Jones,gy GUY,MF,25,21,8,796,8.8,0,0,0,0,0,0,1,0,0.00,0.00,0.00,0.00,0.00,Matches,FA Cup,2024-2025
82c215a0,Marcus Forss,fi FIN,"MF,FW",25,24,6,666,7.4,1,0,1,1,0,0,1,0,0.14,0.00,0.14,0.14,0.14,Matches,FA Cup,2024-2025
682573d9,Tom Glover,au AUS,GK,26,7,6,571,6.3,0,0,0,0,0,0,0,0,0.00,0.00,0.00,0.00,0.00,Matches,FA Cup,2024-2025
8056f069,Solomon Brynn,eng ENG,GK,23,6,6,509,5.7,0,0,0,0,0,0,0,0,0.00,0.00,0.00,0.00,0.00,Matches,FA Cup,2024-2025
aedaf328,Lukas Engel,dk DEN,DF,25,9,4,368,4.1,0,0,0,0,0,0,1,0,0.00,0.00,0.00,0.00,0.00,Matches,FA Cup,2024-2025
73b1d65b,Ryan Giles,eng ENG,DF,24,12,3,307,3.4,0,0,0,0,0,0,0,0,0.00,0.00,0.00,0.00,0.00,Matches,FA Cup,2024-2025
0b059e15,Micah Hamilton,eng ENG,MF,20,13,2,316,3.5,0,0,0,0,0,0,0,0,0.00,0.00,0.00,0.00,0.00,Matches,FA Cup,2024-2025
4f4a7bcb,Alexander Gilbert,ie IRL,MF,22,7,0,77,0.9,1,0,1,1,0,0,0,0,1.17,0.00,1.17,1.17,1.17,Matches,FA Cup,2024-2025
cdb3f59c,Josh Coburn,eng ENG,FW,21,2,0,6,0.1,0,0,0,0,0,0,0,0,0.00,0.00,0.00,0.00,0.00,Matches,FA Cup,2024-2025
9da4783b,George McCormick,eng ENG,DF,19,1,0,1,0.0,0,0,0,0,0,0,0,0,0.00,0.00,0.00,0.00,0.00,Matches,FA Cup,2024-2025
4fb8b1f2,Nathan Simpson,eng ENG,MF,20,1,0,1,0.0,0,0,0,0,0,0,0,0,0.00,0.00,0.00,0.00,0.00,Matches,FA Cup,2024-2025
f09d1baa,Finley Cartwright,eng ENG,MF,17,0,0,,,,,,,,,,,,,,,,Matches,FA Cup,2024-2025
500ed7a9,Shea Connor,eng ENG,GK,18,0,0,,,,,,,,,,,,,,,,Matches,FA Cup,2024-2025
b997d73b,Josh Dede,sct SCO,DF,18,0,0,,,,,,,,,,,,,,,,Matches,FA Cup,2024-2025
3e04dfad,Sonny Finch,eng ENG,FW,18,0,0,,,,,,,,,,,,,,,,Matches,FA Cup,2024-2025
accea66a,Isaac Greenup,,MF,,0,0,,,,,,,,,,,,,,,,Matches,FA Cup,2024-2025
e3ebbfc2,Harley Hunt,,DF,,0,0,,,,,,,,,,,,,,,,Matches,FA Cup,2024-2025
274deb82,Darragh Lenihan,ie IRL,"DF,FW",30,0,0,,,,,,,,,,,,,,,,Matches,FA Cup,2024-2025
512a33eb,Charlie Lennon,eng ENG,MF,18,0,0,,,,,,,,,,,,,,,,Matches,FA Cup,2024-2025
beff70f3,Law McCabe,eng ENG,MF,18,0,0,,,,,,,,,,,,,,,,Matches,FA Cup,2024-2025
4b9b9ebe,Anton Palmer,eng ENG,MF,15,0,0,,,,,,,,,,,,,,,,Matches,FA Cup,2024-2025
2af422c7,Bailey Palmer,eng ENG,MF,15,0,0,,,,,,,,,,,,,,,,Matches,FA Cup,2024-2025
d4a37d73,Luke Woolston,eng ENG,DF,19,0,0,,,,,,,,,,,,,,,,Matches,FA Cup,2024-2025
6681bcc8,Matthew Pollock,eng ENG,DF,22,45,42,"3,815",42.4,2,4,6,2,0,0,7,0,0.05,0.09,0.14,0.05,0.14,Matches,FA Cup,2024-2025
76864df8,Giorgi Chakvetadze,ge GEO,"MF,FW",24,39,37,"3,281",36.5,2,6,8,2,0,0,6,0,0.05,0.16,0.22,0.05,0.22,Matches,FA Cup,2024-2025
f99b71de,Edo Kayembe,cd COD,"MF,FW",26,44,37,"3,196",35.5,8,1,9,6,2,2,11,1,0.23,0.03,0.25,0.17,0.20,Matches,FA Cup,2024-2025
2acd49b9,Moussa Sissoko,fr FRA,MF,34,40,33,"2,888",32.1,6,1,7,6,0,0,6,1,0.19,0.03,0.22,0.19,0.22,Matches,FA Cup,2024-2025
e1df6989,Imran Louza,ma MAR,MF,25,33,30,"2,677",29.7,2,5,7,2,0,0,11,0,0.07,0.17,0.24,0.07,0.24,Matches,FA Cup,2024-2025
0ed063d6,Yasser Larouci,dz ALG,"MF,DF",23,39,26,"2,136",23.7,0,3,3,0,0,0,3,0,0.00,0.13,0.13,0.00,0.13,Matches,FA Cup,2024-2025
132f161f,Vakoun Bayo,ci CIV,FW,27,41,25,"2,242",24.9,10,0,10,9,1,1,5,1,0.40,0.00,0.40,0.36,0.36,Matches,FA Cup,2024-2025
0666f848,Tom Dele-Bashiru,ng NGA,MF,24,27,25,"2,064",22.9,4,0,4,1,3,3,0,0,0.17,0.00,0.17,0.04,0.04,Matches,FA Cup,2024-2025
3631ad41,Jeremy Ngakia,,"DF,MF",23,29,23,"1,883",20.9,1,0,1,1,0,0,5,0,0.05,0.00,0.05,0.05,0.05,Matches,FA Cup,2024-2025
1c0eea98,Daniel Bachmann,at AUT,GK,30,22,22,"1,902",21.1,0,0,0,0,0,0,1,0,0.00,0.00,0.00,0.00,0.00,Matches,FA Cup,2024-2025
40d103f8,Ryan Andrews,eng ENG,"MF,DF",19,38,21,"2,086",23.2,3,2,5,3,0,0,3,0,0.13,0.09,0.22,0.13,0.22,Matches,FA Cup,2024-2025
0f933743,Francisco Sierralta,cl CHI,DF,27,33,21,"1,897",21.1,0,0,0,0,0,0,9,0,0.00,0.00,0.00,0.00,0.00,Matches,FA Cup,2024-2025
514725a0,Ryan Porteous,sct SCO,DF,25,22,18,"1,662",18.5,2,0,2,2,0,0,7,0,0.11,0.00,0.11,0.11,0.11,Matches,FA Cup,2024-2025
4b7a9fcc,James Abankwah,ie IRL,DF,20,19,17,"1,384",15.4,0,0,0,0,0,0,4,1,0.00,0.00,0.00,0.00,0.00,Matches,FA Cup,2024-2025
f240e4f2,Kwadwo Baah,eng ENG,"MF,FW",21,27,16,"1,459",16.2,4,3,7,4,0,0,5,1,0.25,0.19,0.43,0.25,0.43,Matches,FA Cup,2024-2025
05d89c1c,Egil Selvik,no NOR,GK,27,16,16,"1,440",16.0,0,0,0,0,0,0,2,0,0.00,0.00,0.00,0.00,0.00,Matches,FA Cup,2024-2025
a444355f,Rocco Vata,ie IRL,"MF,FW",19,33,15,"1,536",17.1,3,4,7,3,0,0,0,0,0.18,0.23,0.41,0.18,0.41,Matches,FA Cup,2024-2025
67d23ab0,Tom Ince,eng ENG,MF,32,32,13,"1,289",14.3,1,1,2,0,1,1,1,0,0.07,0.07,0.14,0.00,0.07,Matches,FA Cup,2024-2025
59e3e314,James Morris,eng ENG,DF,22,18,13,"1,086",12.1,0,0,0,0,0,0,3,0,0.00,0.00,0.00,0.00,0.00,Matches,FA Cup,2024-2025
034084d1,Mamadou Doumbia,ml MLI,FW,18,19,12,968,10.8,2,0,2,2,0,0,2,0,0.19,0.00,0.19,0.19,0.19,Matches,FA Cup,2024-2025
c3a86eea,Jonathan Bond,eng ENG,GK,31,9,8,798,8.9,0,0,0,0,0,0,0,0,0.00,0.00,0.00,0.00,0.00,Matches,FA Cup,2024-2025
64796fe0,Caleb Wiley,us USA,"DF,MF",19,10,8,722,8.0,0,1,1,0,0,0,0,0,0.00,0.12,0.12,0.00,0.12,Matches,FA Cup,2024-2025
dbfa4f16,Festy Ebosele,ie IRL,"MF,DF",21,18,7,757,8.4,1,1,2,1,0,0,7,0,0.12,0.12,0.24,0.12,0.24,Matches,FA Cup,2024-2025
f2de3a43,Pierre Dwomoh,be BEL,MF,20,9,6,530,5.9,0,0,0,0,0,0,1,0,0.00,0.00,0.00,0.00,0.00,Matches,FA Cup,2024-2025
74b2cd7e,Angelo Ogbonna,it ITA,DF,36,6,5,398,4.4,0,0,0,0,0,0,0,0,0.00,0.00,0.00,0.00,0.00,Matches,FA Cup,2024-2025
1770bd68,Ken Sema,se SWE,MF,30,14,4,521,5.8,0,1,1,0,0,0,0,0,0.00,0.17,0.17,0.00,0.17,Matches,FA Cup,2024-2025
03edb878,Daniel Jebbison,ca CAN,FW,20,13,3,387,4.3,0,0,0,0,0,0,2,0,0.00,0.00,0.00,0.00,0.00,Matches,FA Cup,2024-2025
c43a8336,Kévin Keben,cm CMR,DF,20,6,3,256,2.8,0,0,0,0,0,0,0,1,0.00,0.00,0.00,0.00,0.00,Matches,FA Cup,2024-2025
1a1b127d,Zavier Massiah,eng ENG,FW,17,4,0,58,0.6,0,0,0,0,0,0,0,0,0.00,0.00,0.00,0.00,0.00,Matches,FA Cup,2024-2025
229da5b2,Mileta Rajovic,dk DEN,FW,25,3,0,46,0.5,1,0,1,1,0,0,2,0,1.96,0.00,1.96,1.96,1.96,Matches,FA Cup,2024-2025
0d09422a,Amin Nabizada,eng ENG,FW,17,1,0,19,0.2,0,0,0,0,0,0,0,0,0.00,0.00,0.00,0.00,0.00,Matches,FA Cup,2024-2025
e47141d7,Michael Adu-Poku,eng ENG,FW,18,1,0,1,0.0,0,0,0,0,0,0,0,0,0.00,0.00,0.00,0.00,0.00,Matches,FA Cup,2024-2025
27737745,Travis Akomeah,eng ENG,DF,18,0,0,,,,,,,,,,,,,,,,Matches,FA Cup,2024-2025
b6fa425d,Alfie Marriott,eng ENG,GK,20,0,0,,,,,,,,,,,,,,,,Matches,FA Cup,2024-2025
ffc11daa,Jai-Dea Moulton,eng ENG,MF,16,0,0,,,,,,,,,,,,,,,,Matches,FA Cup,2024-2025
f4a1796e,Leo Ramirez Espain,eng ENG,MF,17,0,0,,,,,,,,,,,,,,,,Matches,FA Cup,2024-2025
e8aa52af,Myles Roberts,eng ENG,GK,22,0,0,,,,,,,,,,,,,,,,Matches,FA Cup,2024-2025
27377393,Amar Sanghrajka,eng ENG,MF,17,0,0,,,,,,,,,,,,,,,,Matches,FA Cup,2024-2025
d1ac669b,Antonio Tikvić,hr CRO,DF,20,0,0,,,,,,,,,,,,,,,,Matches,FA Cup,2024-2025
d04668f1,Sam Beckwith,eng ENG,DF,23,45,43,"3,716",41.3,2,0,2,2,0,0,9,1,0.05,0.00,0.05,0.05,0.05,Matches,FA Cup,2024-2025
f4aba1af,Kyron Gordon,eng ENG,DF,22,38,38,"3,381",37.6,2,2,4,2,0,0,3,0,0.05,0.05,0.11,0.05,0.11,Matches,FA Cup,2024-2025
a60a16ce,Tobi Adebayo-Rowling,eng ENG,"MF,DF",27,39,36,"3,201",35.6,1,9,10,1,0,0,4,0,0.03,0.25,0.28,0.03,0.28,Matches,FA Cup,2024-2025
7112c6a6,Ryan East,eng ENG,MF,26,37,36,"3,183",35.4,2,3,5,2,0,0,2,0,0.06,0.08,0.14,0.06,0.14,Matches,FA Cup,2024-2025
6ff4e8e9,Kairo Mitchell,gd GRN,FW,26,44,35,"3,117",34.6,14,4,18,13,1,1,8,0,0.40,0.12,0.52,0.38,0.49,Matches,FA Cup,2024-2025
6cbd1d9d,Harvey Gilmour,eng ENG,MF,25,37,34,"2,991",33.2,2,2,4,2,0,0,4,0,0.06,0.06,0.12,0.06,0.12,Matches,FA Cup,2024-2025
81db2ca6,Tarryn Allarakhia,tz TAN,"MF,FW",26,42,34,"2,852",31.7,4,5,9,4,0,0,5,0,0.13,0.16,0.28,0.13,0.28,Matches,FA Cup,2024-2025
9ca54653,Devante Rodney,eng ENG,FW,26,35,28,"2,396",26.6,17,3,20,16,1,1,1,0,0.64,0.11,0.75,0.60,0.71,Matches,FA Cup,2024-2025
7a5e2895,Liam Hogan,eng ENG,DF,35,29,26,"2,340",26.0,0,0,0,0,0,0,3,0,0.00,0.00,0.00,0.00,0.00,Matches,FA Cup,2024-2025
8ee48565,Sam Waller,eng ENG,GK,20,20,20,"1,781",19.8,0,2,2,0,0,0,0,0,0.00,0.10,0.10,0.00,0.10,Matches,FA Cup,2024-2025
4d600d04,Connor McBride,sct SCO,"FW,MF",23,31,19,"1,712",19.0,4,2,6,4,0,0,1,0,0.21,0.11,0.32,0.21,0.32,Matches,FA Cup,2024-2025
d67c87a4,Aidan Barlow,eng ENG,"FW,MF",24,26,18,"1,591",17.7,2,5,7,2,0,0,2,0,0.11,0.28,0.40,0.11,0.40,Matches,FA Cup,2024-2025
15ee4bc1,Jili Buyabu,eng ENG,MF,22,22,16,"1,336",14.8,0,0,0,0,0,0,2,0,0.00,0.00,0.00,0.00,0.00,Matches,FA Cup,2024-2025
cd6f6860,Jake Burger,eng ENG,"FW,MF",19,25,13,"1,259",14.0,1,1,2,1,0,0,2,0,0.07,0.07,0.14,0.07,0.14,Matches,FA Cup,2024-2025
9ac825cb,Leon Ayinde,ie IRL,"FW,MF",19,27,11,974,10.8,2,1,3,2,0,0,0,0,0.18,0.09,0.28,0.18,0.28,Matches,FA Cup,2024-2025
a2cf6cbc,Ethan Ebanks-Landell,eng ENG,DF,31,16,11,972,10.8,0,1,1,0,0,0,2,0,0.00,0.09,0.09,0.00,0.09,Matches,FA Cup,2024-2025
afb0fae3,Ian Henderson,eng ENG,"FW,MF",39,41,9,"1,230",13.7,9,4,13,9,0,0,0,0,0.66,0.29,0.95,0.66,0.95,Matches,FA Cup,2024-2025
2e1811e4,Jack Kingdon,sct SCO,DF,18,16,9,953,10.6,0,1,1,0,0,0,2,0,0.00,0.09,0.09,0.00,0.09,Matches,FA Cup,2024-2025
236d601c,Killian Barrett,ie IRL,GK,20,9,9,810,9.0,0,0,0,0,0,0,0,0,0.00,0.00,0.00,0.00,0.00,Matches,FA Cup,2024-2025
ebd043b1,Luke McNicholas,ie IRL,GK,24,9,9,810,9.0,0,0,0,0,0,0,0,0,0.00,0.00,0.00,0.00,0.00,Matches,FA Cup,2024-2025
206d7181,David Robson,wls WAL,GK,22,8,8,720,8.0,0,0,0,0,0,0,1,0,0.00,0.00,0.00,0.00,0.00,Matches,FA Cup,2024-2025
72b12581,Aaron Henry,eng ENG,MF,20,14,8,650,7.2,1,2,3,1,0,0,1,0,0.14,0.28,0.42,0.14,0.42,Matches,FA Cup,2024-2025
2061d284,Kyle Ferguson,sct SCO,DF,24,15,6,654,7.3,0,0,0,0,0,0,1,0,0.00,0.00,0.00,0.00,0.00,Matches,FA Cup,2024-2025
c5fc420e,Jid Okeke,ng NGA,"MF,FW",19,8,6,520,5.8,0,1,1,0,0,0,1,0,0.00,0.17,0.17,0.00,0.17,Matches,FA Cup,2024-2025
246e15d1,Jay Bird,eng ENG,FW,23,9,6,458,5.1,4,0,4,4,0,0,0,0,0.79,0.00,0.79,0.79,0.79,Matches,FA Cup,2024-2025
669e3090,Corey Edwards,gd GRN,MF,17,6,5,412,4.6,0,0,0,0,0,0,0,0,0.00,0.00,0.00,0.00,0.00,Matches,FA Cup,2024-2025
e47141d7,Michael Adu-Poku,eng ENG,"MF,DF",18,7,4,372,4.1,0,0,0,0,0,0,0,0,0.00,0.00,0.00,0.00,0.00,Matches,FA Cup,2024-2025
e70e6657,Dan Sassi,eng ENG,DF,20,4,4,358,4.0,0,1,1,0,0,0,0,0,0.00,0.25,0.25,0.00,0.25,Matches,FA Cup,2024-2025
746e68ad,Finlay Armstrong,eng ENG,"MF,DF",21,12,2,278,3.1,0,0,0,0,0,0,0,0,0.00,0.00,0.00,0.00,0.00,Matches,FA Cup,2024-2025
c7adf1aa,Charlie Weston,eng ENG,MF,20,8,1,196,2.2,0,0,0,0,0,0,0,0,0.00,0.00,0.00,0.00,0.00,Matches,FA Cup,2024-2025
c97c3a37,Matthew Dennis,eng ENG,FW,22,4,1,87,1.0,0,0,0,0,0,0,0,0,0.00,0.00,0.00,0.00,0.00,Matches,FA Cup,2024-2025
afed04f9,Courtney Senior,eng ENG,MF,27,6,1,83,0.9,0,0,0,0,0,0,0,0,0.00,0.00,0.00,0.00,0.00,Matches,FA Cup,2024-2025
e79de0cc,Ody Alfa,ng NGA,FW,25,3,0,31,0.3,0,0,0,0,0,0,0,0,0.00,0.00,0.00,0.00,0.00,Matches,FA Cup,2024-2025
b74a0f79,Matt Penney,eng ENG,"DF,MF",26,1,0,31,0.3,0,0,0,0,0,0,0,0,0.00,0.00,0.00,0.00,0.00,Matches,FA Cup,2024-2025
c2b7d53e,Joe Westley,eng ENG,FW,19,3,0,28,0.3,0,0,0,0,0,0,0,0,0.00,0.00,0.00,0.00,0.00,Matches,FA Cup,2024-2025
c2fb28d7,Bradley Kelly,eng ENG,GK,24,1,0,19,0.2,0,0,0,0,0,0,0,0,0.00,0.00,0.00,0.00,0.00,Matches,FA Cup,2024-2025
860490d1,Isaac Burgess,,MF,,0,0,,,,,,,,,,,,,,,,Matches,FA Cup,2024-2025
a5d52702,Alex Whitmore,eng ENG,DF,28,44,43,"3,858",42.9,4,0,4,4,0,0,8,0,0.09,0.00,0.09,0.09,0.09,Matches,FA Cup,2024-2025
ecc5b3be,James Clarke,ie IRL,"DF,MF",24,41,40,"3,432",38.1,1,2,3,1,0,0,7,2,0.03,0.05,0.08,0.03,0.08,Matches,FA Cup,2024-2025
6ace445f,Jamey Osborne,eng ENG,"MF,FW",32,39,37,"3,128",34.8,2,10,12,2,0,0,13,0,0.06,0.29,0.35,0.06,0.35,Matches,FA Cup,2024-2025
1ef3c3e9,Joe Newton,eng ENG,"DF,MF",23,40,36,"3,273",36.4,0,3,3,0,0,0,7,0,0.00,0.08,0.08,0.00,0.08,Matches,FA Cup,2024-2025
e4209f59,Sam Bowen,wls WAL,MF,23,32,29,"2,412",26.8,4,1,5,4,0,0,3,0,0.15,0.04,0.19,0.15,0.19,Matches,FA Cup,2024-2025
46291841,John Bostock,tt TRI,MF,32,40,28,"2,428",27.0,0,3,3,0,0,0,4,0,0.00,0.11,0.11,0.00,0.11,Matches,FA Cup,2024-2025
d967d9c3,Oliver Tipton,eng ENG,"DF,MF",20,39,27,"2,532",28.1,0,3,3,0,0,0,4,0,0.00,0.11,0.11,0.00,0.11,Matches,FA Cup,2024-2025
f23b5903,Laurie Walker,eng ENG,GK,34,27,27,"2,430",27.0,0,0,0,0,0,0,3,0,0.00,0.00,0.00,0.00,0.00,Matches,FA Cup,2024-2025
114ef345,Marcel Oakley,eng ENG,"DF,MF",21,29,27,"2,294",25.5,1,1,2,1,0,0,6,0,0.04,0.04,0.08,0.04,0.08,Matches,FA Cup,2024-2025
c547c634,Conor Wilkinson,ie IRL,FW,29,30,25,"2,199",24.4,13,4,17,13,0,1,12,1,0.53,0.16,0.70,0.53,0.70,Matches,FA Cup,2024-2025
fc503244,Jack Stevens,wls WAL,"MF,DF",23,27,25,"2,160",24.0,12,4,16,9,3,3,4,0,0.50,0.17,0.67,0.37,0.54,Matches,FA Cup,2024-2025
de859a1c,Jordan Tunnicliffe,eng ENG,DF,30,23,21,"1,909",21.2,1,1,2,1,0,0,3,0,0.05,0.05,0.09,0.05,0.09,Matches,FA Cup,2024-2025
a5766b9e,Bradley Stevenson,eng ENG,"FW,MF",25,41,15,"1,750",19.4,3,3,6,3,0,0,6,0,0.15,0.15,0.31,0.15,0.31,Matches,FA Cup,2024-2025
a71ebcc8,Jack Wells-Morrison,eng ENG,"MF,DF",20,15,14,"1,260",14.0,0,0,0,0,0,0,0,0,0.00,0.00,0.00,0.00,0.00,Matches,FA Cup,2024-2025
e47141d7,Michael Adu-Poku,eng ENG,"MF,FW",18,11,11,898,10.0,1,1,2,1,0,0,1,0,0.10,0.10,0.20,0.10,0.20,Matches,FA Cup,2024-2025
f4ab8a71,Matthew Warburton,eng ENG,"MF,FW",32,19,10,926,10.3,2,0,2,2,0,0,2,0,0.19,0.00,0.19,0.19,0.19,Matches,FA Cup,2024-2025
e0084379,Oliver Wright,eng ENG,GK,21,10,10,900,10.0,0,0,0,0,0,0,0,0,0.00,0.00,0.00,0.00,0.00,Matches,FA Cup,2024-2025
de40b95a,Fletcher Holman,eng ENG,"FW,MF",19,20,9,"1,033",11.5,3,0,3,3,0,0,1,0,0.26,0.00,0.26,0.26,0.26,Matches,FA Cup,2024-2025
236d601c,Killian Barrett,ie IRL,GK,20,9,9,810,9.0,0,0,0,0,0,0,0,0,0.00,0.00,0.00,0.00,0.00,Matches,FA Cup,2024-2025
7d24aa01,Robbie Cundy,eng ENG,DF,27,8,8,617,6.9,0,0,0,0,0,0,1,0,0.00,0.00,0.00,0.00,0.00,Matches,FA Cup,2024-2025
06405142,James Gale,eng ENG,"FW,MF",22,15,6,651,7.2,3,1,4,3,0,0,4,0,0.41,0.14,0.55,0.41,0.55,Matches,FA Cup,2024-2025
a339a158,Immanuelson Duku,nl NED,FW,31,9,6,614,6.8,4,0,4,4,0,0,0,0,0.59,0.00,0.59,0.59,0.59,Matches,FA Cup,2024-2025
106f7efa,Tahvon Campbell,eng ENG,"FW,MF",27,9,6,512,5.7,2,0,2,1,1,1,2,0,0.35,0.00,0.35,0.18,0.18,Matches,FA Cup,2024-2025
beed85c7,Joe Dodoo,eng ENG,"FW,MF",29,7,6,497,5.5,1,0,1,0,1,1,1,0,0.18,0.00,0.18,0.00,0.00,Matches,FA Cup,2024-2025
4a5c7dde,Reece Hall-Johnson,eng ENG,DF,29,7,6,495,5.5,0,0,0,0,0,0,3,0,0.00,0.00,0.00,0.00,0.00,Matches,FA Cup,2024-2025
9b1da146,Elliot Thorpe,wls WAL,"MF,FW",23,6,6,391,4.3,1,0,1,1,0,0,0,0,0.23,0.00,0.23,0.23,0.23,Matches,FA Cup,2024-2025
06516c01,Kyle Morrison,eng ENG,DF,28,11,5,598,6.6,0,0,0,0,0,0,1,0,0.00,0.00,0.00,0.00,0.00,Matches,FA Cup,2024-2025
be950ce7,Szhem Whyte Hall,,"MF,FW",,12,4,366,4.1,0,1,1,0,0,0,1,0,0.00,0.25,0.25,0.00,0.25,Matches,FA Cup,2024-2025
57fdfc19,Joss Labadie,eng ENG,"MF,DF",33,19,4,348,3.9,0,0,0,0,0,0,2,1,0.00,0.00,0.00,0.00,0.00,Matches,FA Cup,2024-2025
1e9c9743,Jacob Pinnington,eng ENG,"MF,DF",19,9,2,214,2.4,0,0,0,0,0,0,0,0,0.00,0.00,0.00,0.00,0.00,Matches,FA Cup,2024-2025
a7abd792,Ethan Sutherland,sct SCO,"MF,FW",18,5,2,174,1.9,0,0,0,0,0,0,0,0,0.00,0.00,0.00,0.00,0.00,Matches,FA Cup,2024-2025
e8cd04a6,Tim Akinola,eng ENG,MF,23,2,2,142,1.6,0,0,0,0,0,0,1,0,0.00,0.00,0.00,0.00,0.00,Matches,FA Cup,2024-2025
9ca8292f,Kian Ryley,eng ENG,MF,19,6,0,72,0.8,0,0,0,0,0,0,0,0,0.00,0.00,0.00,0.00,0.00,Matches,FA Cup,2024-2025
bf3809ba,Sonny Fish,eng ENG,FW,20,1,0,45,0.5,0,0,0,0,0,0,0,0,0.00,0.00,0.00,0.00,0.00,Matches,FA Cup,2024-2025
45e6ab96,Finn Howell,,DF,,2,0,15,0.2,0,0,0,0,0,0,0,0,0.00,0.00,0.00,0.00,0.00,Matches,FA Cup,2024-2025
80e42c26,Finley Holmes,eng ENG,MF,18,2,0,14,0.2,0,0,0,0,0,0,0,0,0.00,0.00,0.00,0.00,0.00,Matches,FA Cup,2024-2025
0598b224,Tyler Bruck,,FW,,3,0,12,0.1,0,0,0,0,0,0,0,0,0.00,0.00,0.00,0.00,0.00,Matches,FA Cup,2024-2025
d6931b1c,Billy Corns,,,,0,0,,,,,,,,,,,,,,,,Matches,FA Cup,2024-2025
7584602a,Aaron Flahavan,,GK,,0,0,,,,,,,,,,,,,,,,Matches,FA Cup,2024-2025
dd4de0a9,Ackeme Francis-Burrell,eng ENG,MF,19,0,0,,,,,,,,,,,,,,,,Matches,FA Cup,2024-2025
271831f8,Kyle Moseley,,FW,,0,0,,,,,,,,,,,,,,,,Matches,FA Cup,2024-2025
e56c5673,David Agbontohoma,eng ENG,DF,22,1,1,120,1.3,0,0,0,0,0,0,0,0,0.00,0.00,0.00,0.00,0.00,Matches,FA Cup,2024-2025
8fb893a5,Kwesi Appiah,gh GHA,FW,33,1,1,120,1.3,0,0,0,0,0,0,0,0,0.00,0.00,0.00,0.00,0.00,Matches,FA Cup,2024-2025
fa1bb34f,Nathan Ashmore,eng ENG,GK,34,1,1,120,1.3,0,0,0,0,0,0,0,0,0.00,0.00,0.00,0.00,0.00,Matches,FA Cup,2024-2025
6d14377a,Chris Bush,eng ENG,DF,32,1,1,120,1.3,0,0,0,0,0,0,0,0,0.00,0.00,0.00,0.00,0.00,Matches,FA Cup,2024-2025
b0bc6771,Femi Ilesanmi,eng ENG,DF,33,1,1,120,1.3,0,1,1,0,0,0,0,0,0.00,0.75,0.75,0.00,0.75,Matches,FA Cup,2024-2025
911ce3f0,Tom Whelan,eng ENG,MF,28,1,1,120,1.3,0,1,1,0,0,0,0,0,0.00,0.75,0.75,0.00,0.75,Matches,FA Cup,2024-2025
bef9db76,Jayden Richardson,eng ENG,MF,23,1,1,114,1.3,0,0,0,0,0,0,0,0,0.00,0.00,0.00,0.00,0.00,Matches,FA Cup,2024-2025
cb48b0d0,Érico Sousa,pt POR,MF,29,1,1,109,1.2,0,0,0,0,0,0,0,0,0.00,0.00,0.00,0.00,0.00,Matches,FA Cup,2024-2025
f1f16eb4,Tyrone Marsh,eng ENG,MF,30,1,1,79,0.9,1,0,1,1,0,0,0,0,1.14,0.00,1.14,1.14,1.14,Matches,FA Cup,2024-2025
4e77bd1d,Lee Ndlovu,zw ZIM,FW,29,1,1,79,0.9,0,0,0,0,0,0,0,0,0.00,0.00,0.00,0.00,0.00,Matches,FA Cup,2024-2025
c7010c0b,Jack Payne,eng ENG,MF,32,1,1,39,0.4,0,0,0,0,0,0,1,0,0.00,0.00,0.00,0.00,0.00,Matches,FA Cup,2024-2025
8d4e6ee2,Charlie O'Connell,eng ENG,"DF,MF",21,1,0,81,0.9,1,0,1,1,0,0,0,0,1.11,0.00,1.11,1.11,1.11,Matches,FA Cup,2024-2025
410e6017,Junior Dixon,eng ENG,FW,19,1,0,41,0.5,0,0,0,0,0,0,0,0,0.00,0.00,0.00,0.00,0.00,Matches,FA Cup,2024-2025
25d2da54,Mohammed Sagaf,tz TAN,"DF,MF",26,1,0,41,0.5,0,0,0,0,0,0,0,0,0.00,0.00,0.00,0.00,0.00,Matches,FA Cup,2024-2025
26158e40,Charles Clayden,eng ENG,MF,23,1,0,11,0.1,0,0,0,0,0,0,0,0,0.00,0.00,0.00,0.00,0.00,Matches,FA Cup,2024-2025
271332b3,Josh Hare,eng ENG,"DF,MF",29,1,0,6,0.1,0,0,0,0,0,0,0,0,0.00,0.00,0.00,0.00,0.00,Matches,FA Cup,2024-2025
748f799b,Darius Cnanoshi,,MF,,0,0,,,,,,,,,,,,,,,,Matches,FA Cup,2024-2025
a1ef5b63,John Goddard,eng ENG,MF,31,0,0,,,,,,,,,,,,,,,,Matches,FA Cup,2024-2025
c36dcea4,Daniel Isaac,,MF,,0,0,,,,,,,,,,,,,,,,Matches,FA Cup,2024-2025
f9dd37f5,Adam Morley,,FW,,0,0,,,,,,,,,,,,,,,,Matches,FA Cup,2024-2025
6298854b,Jamie Fielding,eng ENG,DF,25,1,1,90,1.0,0,0,0,0,0,0,1,0,0.00,0.00,0.00,0.00,0.00,Matches,FA Cup,2024-2025
668679a2,Ryan Hanson,eng ENG,MF,23,1,1,90,1.0,0,0,0,0,0,0,0,0,0.00,0.00,0.00,0.00,0.00,Matches,FA Cup,2024-2025
1fcbcffe,Noel Leighton,eng ENG,FW,25,1,1,90,1.0,0,0,0,0,0,0,0,0,0.00,0.00,0.00,0.00,0.00,Matches,FA Cup,2024-2025
d08349af,Ronny Nelson,eng ENG,DF,20,1,1,90,1.0,0,0,0,0,0,0,0,0,0.00,0.00,0.00,0.00,0.00,Matches,FA Cup,2024-2025
e1e9fb6a,Matt Rowley,eng ENG,GK,20,1,1,90,1.0,0,0,0,0,0,0,0,0,0.00,0.00,0.00,0.00,0.00,Matches,FA Cup,2024-2025
3920cc82,Sean Shields,nir NIR,MF,32,1,1,90,1.0,1,0,1,1,0,0,0,0,1.00,0.00,1.00,1.00,1.00,Matches,FA Cup,2024-2025
84be0009,Liam Vincent,eng ENG,MF,21,1,1,90,1.0,0,0,0,0,0,0,1,0,0.00,0.00,0.00,0.00,0.00,Matches,FA Cup,2024-2025
c5dfa1b6,Nazir Bakrin,eng ENG,DF,21,1,1,72,0.8,0,0,0,0,0,0,0,0,0.00,0.00,0.00,0.00,0.00,Matches,FA Cup,2024-2025
f61ef1d9,Taylor Maloney,eng ENG,MF,25,1,1,65,0.7,0,0,0,0,0,0,0,0,0.00,0.00,0.00,0.00,0.00,Matches,FA Cup,2024-2025
037dfa32,Jason Adigun,eng ENG,MF,20,1,1,45,0.5,0,0,0,0,0,0,1,0,0.00,0.00,0.00,0.00,0.00,Matches,FA Cup,2024-2025
b742818f,Crossley Lema,eng ENG,MF,25,1,1,45,0.5,0,0,0,0,0,0,0,0,0.00,0.00,0.00,0.00,0.00,Matches,FA Cup,2024-2025
4837f8d4,Tariq Hinds,eng ENG,DF,24,1,0,45,0.5,0,0,0,0,0,0,0,0,0.00,0.00,0.00,0.00,0.00,Matches,FA Cup,2024-2025
522275c1,Trevan Piedade Robinson,eng ENG,FW,21,1,0,45,0.5,0,0,0,0,0,0,0,0,0.00,0.00,0.00,0.00,0.00,Matches,FA Cup,2024-2025
81d066f9,Scott Wagstaff,eng ENG,MF,34,1,0,25,0.3,0,0,0,0,0,0,0,0,0.00,0.00,0.00,0.00,0.00,Matches,FA Cup,2024-2025
06f65571,Mohammad Dabre,eng ENG,FW,21,1,0,18,0.2,0,1,1,0,0,0,0,0,0.00,5.00,5.00,0.00,5.00,Matches,FA Cup,2024-2025
4d1575e9,Mackenzie Richardson,,MF,,0,0,,,,,,,,,,,,,,,,Matches,FA Cup,2024-2025
668230be,Joe Tyrie,eng ENG,DF,20,0,0,,,,,,,,,,,,,,,,Matches,FA Cup,2024-2025
d11cb114,Andrew William,,GK,,0,0,,,,,,,,,,,,,,,,Matches,FA Cup,2024-2025
5568e1ed,Sam Avery,eng ENG,DF,35,1,1,120,1.3,0,0,0,0,0,0,1,0,0.00,0.00,0.00,0.00,0.00,Matches,FA Cup,2024-2025
9be637af,Luke Coulson,eng ENG,MF,30,1,1,120,1.3,0,1,1,0,0,0,1,0,0.00,0.75,0.75,0.00,0.75,Matches,FA Cup,2024-2025
33d7cd22,James Dodd,eng ENG,MF,23,1,1,120,1.3,0,0,0,0,0,0,0,0,0.00,0.00,0.00,0.00,0.00,Matches,FA Cup,2024-2025
0f139b0d,Max Harris,eng ENG,GK,24,1,1,120,1.3,0,0,0,0,0,0,0,0,0.00,0.00,0.00,0.00,0.00,Matches,FA Cup,2024-2025
54618013,Dylan Kadji,eng ENG,MF,20,1,1,120,1.3,0,0,0,0,0,0,1,0,0.00,0.00,0.00,0.00,0.00,Matches,FA Cup,2024-2025
bdf41a3d,Jason Pope,eng ENG,MF,28,1,1,120,1.3,0,0,0,0,0,0,1,0,0.00,0.00,0.00,0.00,0.00,Matches,FA Cup,2024-2025
6f8fbbb5,Reuben Reid,eng ENG,FW,36,1,1,120,1.3,0,0,0,0,0,0,0,0,0.00,0.00,0.00,0.00,0.00,Matches,FA Cup,2024-2025
ea5b03f6,Kieran Thomas,eng ENG,DF,29,1,1,120,1.3,0,0,0,0,0,0,0,0,0.00,0.00,0.00,0.00,0.00,Matches,FA Cup,2024-2025
ea3c98dc,Billy Kirkman,eng ENG,DF,20,1,1,104,1.2,0,0,0,0,0,0,0,0,0.00,0.00,0.00,0.00,0.00,Matches,FA Cup,2024-2025
090247de,Jordan Bastin,eng ENG,MF,24,1,1,64,0.7,1,0,1,1,0,0,0,0,1.41,0.00,1.41,1.41,1.41,Matches,FA Cup,2024-2025
a1216667,Emlyn Lewis,wls WAL,DF,28,1,1,37,0.4,0,0,0,0,0,0,0,0,0.00,0.00,0.00,0.00,0.00,Matches,FA Cup,2024-2025
aea6f85f,Ollie Chamberlain,eng ENG,MF,29,1,0,71,0.8,0,0,0,0,0,0,1,0,0.00,0.00,0.00,0.00,0.00,Matches,FA Cup,2024-2025
f839208f,Nick McCootie,eng ENG,FW,35,1,0,56,0.6,0,0,0,0,0,0,1,0,0.00,0.00,0.00,0.00,0.00,Matches,FA Cup,2024-2025
1cef8e44,Marley Rose,,MF,,1,0,16,0.2,0,0,0,0,0,0,0,0,0.00,0.00,0.00,0.00,0.00,Matches,FA Cup,2024-2025
898f62ad,Brandon Bak,eng ENG,FW,18,1,0,12,0.1,0,0,0,0,0,0,0,0,0.00,0.00,0.00,0.00,0.00,Matches,FA Cup,2024-2025
0185092e,Kelland Absalom,wls WAL,GK,26,0,0,,,,,,,,,,,,,,,,Matches,FA Cup,2024-2025
7f7bedb3,Jacob Cane,eng ENG,MF,30,0,0,,,,,,,,,,,,,,,,Matches,FA Cup,2024-2025
8db62560,Jamie Soule,eng ENG,FW,23,0,0,,,,,,,,,,,,,,,,Matches,FA Cup,2024-2025
5ad50391,Joško Gvardiol,hr CRO,DF,22,37,36,"3,277",36.4,5,0,5,5,0,0,2,0,0.14,0.00,0.14,0.14,0.14,Matches,FA Cup,2024-2025
1f44ac21,Erling Haaland,no NOR,FW,24,31,31,"2,736",30.4,22,3,25,19,3,4,2,0,0.72,0.10,0.82,0.62,0.72,Matches,FA Cup,2024-2025
3eb22ec9,Bernardo Silva,pt POR,MF,29,33,29,"2,670",29.7,4,4,8,4,0,0,7,0,0.13,0.13,0.27,0.13,0.27,Matches,FA Cup,2024-2025
3bb7b8b4,Ederson,br BRA,GK,30,26,26,"2,320",25.8,0,4,4,0,0,0,4,0,0.00,0.16,0.16,0.00,0.16,Matches,FA Cup,2024-2025
31c69ef1,Rúben Dias,pt POR,"DF,MF",27,27,25,"2,271",25.2,0,0,0,0,0,0,4,0,0.00,0.00,0.00,0.00,0.00,Matches,FA Cup,2024-2025
819b3158,İlkay Gündoğan,de GER,MF,33,33,25,"2,223",24.7,1,6,7,1,0,0,1,0,0.04,0.24,0.28,0.04,0.28,Matches,FA Cup,2024-2025
79c0821a,Mateo Kovačić,hr CRO,"MF,DF",30,31,25,"2,198",24.4,6,2,8,6,0,0,5,1,0.25,0.08,0.33,0.25,0.33,Matches,FA Cup,2024-2025
89ac64a6,Manuel Akanji,ch SUI,"DF,MF",29,26,23,"2,014",22.4,0,0,0,0,0,0,3,0,0.00,0.00,0.00,0.00,0.00,Matches,FA Cup,2024-2025
b57e066e,Rico Lewis,eng ENG,"DF,MF",19,28,21,"1,893",21.0,1,2,3,1,0,0,5,1,0.05,0.10,0.14,0.05,0.14,Matches,FA Cup,2024-2025
fe6e7156,Sávio,br BRA,"MF,FW",20,29,21,"1,766",19.6,1,8,9,1,0,0,3,0,0.05,0.41,0.46,0.05,0.46,Matches,FA Cup,2024-2025
ed1e53f3,Phil Foden,eng ENG,"MF,FW",24,28,20,"1,777",19.7,7,2,9,7,0,0,2,0,0.35,0.10,0.46,0.35,0.46,Matches,FA Cup,2024-2025
e46012d4,Kevin De Bruyne,be BEL,"MF,FW",33,28,19,"1,702",18.9,4,7,11,4,0,0,2,0,0.21,0.37,0.58,0.21,0.58,Matches,FA Cup,2024-2025
e6af02e0,Matheus Nunes,pt POR,"DF,MF",25,26,19,"1,674",18.6,1,6,7,1,0,0,4,0,0.05,0.32,0.38,0.05,0.38,Matches,FA Cup,2024-2025
fffea3e5,Jeremy Doku,be BEL,"MF,FW",22,29,16,"1,516",16.8,3,6,9,3,0,0,1,0,0.18,0.36,0.53,0.18,0.53,Matches,FA Cup,2024-2025
0e0102eb,Omar Marmoush,eg EGY,"MF,FW",25,16,14,"1,175",13.1,7,0,7,7,0,0,0,0,0.54,0.00,0.54,0.54,0.54,Matches,FA Cup,2024-2025
c1242d4e,Stefan Ortega,de GER,GK,31,13,12,"1,100",12.2,0,0,0,0,0,0,1,0,0.00,0.00,0.00,0.00,0.00,Matches,FA Cup,2024-2025
86dd77d1,Kyle Walker,eng ENG,DF,34,15,9,970,10.8,0,0,0,0,0,0,3,0,0.00,0.00,0.00,0.00,0.00,Matches,FA Cup,2024-2025
2c56a792,Nicolás González,es ESP,MF,22,11,9,760,8.4,1,0,1,1,0,0,3,0,0.12,0.00,0.12,0.12,0.12,Matches,FA Cup,2024-2025
eaeca114,Nathan Aké,nl NED,DF,29,10,8,678,7.5,0,0,0,0,0,0,0,0,0.00,0.00,0.00,0.00,0.00,Matches,FA Cup,2024-2025
b0b4fd3e,Jack Grealish,eng ENG,"MF,FW",28,20,7,721,8.0,1,1,2,1,0,0,3,0,0.12,0.12,0.25,0.12,0.25,Matches,FA Cup,2024-2025
5eecec3d,John Stones,eng ENG,DF,30,11,6,548,6.1,2,0,2,2,0,0,1,0,0.33,0.00,0.33,0.33,0.33,Matches,FA Cup,2024-2025
91ca4a16,Nico O’Reilly,eng ENG,DF,19,9,6,528,5.9,2,0,2,2,0,0,0,0,0.34,0.00,0.34,0.34,0.34,Matches,FA Cup,2024-2025
d17ce930,Abdukodir Khusanov,uz UZB,DF,20,6,6,503,5.6,0,0,0,0,0,0,1,0,0.00,0.00,0.00,0.00,0.00,Matches,FA Cup,2024-2025
96593e89,James Mcatee,eng ENG,MF,21,15,3,349,3.9,3,0,3,3,0,0,1,0,0.77,0.00,0.77,0.77,0.77,Matches,FA Cup,2024-2025
383b10fd,Jahmai Simpson-Pusey,eng ENG,DF,18,2,1,96,1.1,0,0,0,0,0,0,1,0,0.00,0.00,0.00,0.00,0.00,Matches,FA Cup,2024-2025
6434f10d,Rodri,es ESP,MF,28,3,1,73,0.8,0,0,0,0,0,0,0,0,0.00,0.00,0.00,0.00,0.00,Matches,FA Cup,2024-2025
92868cb5,Divin Mubama,eng ENG,FW,19,1,0,28,0.3,0,0,0,0,0,0,0,0,0.00,0.00,0.00,0.00,0.00,Matches,FA Cup,2024-2025
eed2427e,Oscar Bobb,no NOR,"FW,MF",21,3,0,16,0.2,0,0,0,0,0,0,0,0,0.00,0.00,0.00,0.00,0.00,Matches,FA Cup,2024-2025
49a605df,Claudio Echeverri,ar ARG,MF,18,1,0,6,0.1,0,0,0,0,0,0,0,0,0.00,0.00,0.00,0.00,0.00,Matches,FA Cup,2024-2025
c4ce0ab5,Vitor Reis,br BRA,DF,18,1,0,1,0.0,0,0,0,0,0,0,0,0,0.00,0.00,0.00,0.00,0.00,Matches,FA Cup,2024-2025
defcfd32,Max Alleyne,eng ENG,DF,19,0,0,,,,,,,,,,,,,,,,Matches,FA Cup,2024-2025
d5837248,Thorsten Brits,eng ENG,GK,17,0,0,,,,,,,,,,,,,,,,Matches,FA Cup,2024-2025
3e1550ee,Scott Carson,eng ENG,GK,38,0,0,,,,,,,,,,,,,,,,Matches,FA Cup,2024-2025
c066d1a5,Issa Kaboré,bf BFA,"DF,MF",23,0,0,,,,,,,,,,,,,,,,Matches,FA Cup,2024-2025
c19a2df1,Josh Wilson-Esbrand,eng ENG,DF,21,0,0,,,,,,,,,,,,,,,,Matches,FA Cup,2024-2025
b6db05c3,Jacob Wright,eng ENG,MF,18,0,0,,,,,,,,,,,,,,,,Matches,FA Cup,2024-2025
dd6814d1,William Jääskeläinen,fi FIN,GK,26,44,44,"3,960",44.0,0,0,0,0,0,0,4,0,0.00,0.00,0.00,0.00,0.00,Matches,FA Cup,2024-2025
cbb8faac,Jamie Andrews,eng ENG,MF,21,43,37,"3,370",37.4,1,2,3,1,0,0,6,0,0.03,0.05,0.08,0.03,0.08,Matches,FA Cup,2024-2025
f148e802,Olatunji Akinola,eng ENG,"MF,DF",25,40,37,"3,202",35.6,2,0,2,2,0,0,8,0,0.06,0.00,0.06,0.06,0.06,Matches,FA Cup,2024-2025
a9eb6c6b,Dale Gorman,nir NIR,MF,28,36,32,"2,831",31.5,2,8,10,2,0,0,18,1,0.06,0.25,0.32,0.06,0.32,Matches,FA Cup,2024-2025
b6623a0a,Harry Beautyman,eng ENG,"MF,FW",32,35,29,"2,620",29.1,10,3,13,5,5,5,8,0,0.34,0.10,0.45,0.17,0.27,Matches,FA Cup,2024-2025
c87352d6,Adam Chicksen,zw ZIM,DF,32,26,25,"2,183",24.3,0,2,2,0,0,0,4,0,0.00,0.08,0.08,0.00,0.08,Matches,FA Cup,2024-2025
5069526f,Daniel Moss,eng ENG,"MF,DF",23,27,25,"2,136",23.7,3,0,3,3,0,0,9,0,0.13,0.00,0.13,0.13,0.13,Matches,FA Cup,2024-2025
61fa62a8,Dion Kelly-Evans,eng ENG,"DF,MF",27,29,25,"1,998",22.2,1,0,1,1,0,0,1,1,0.05,0.00,0.05,0.05,0.05,Matches,FA Cup,2024-2025
6ee0d5eb,Cian Harries,wls WAL,DF,27,24,24,"2,105",23.4,1,1,2,0,1,2,5,0,0.04,0.04,0.09,0.00,0.04,Matches,FA Cup,2024-2025
dfcb90c9,Max Dyche,eng ENG,DF,21,21,21,"1,868",20.8,2,1,3,2,0,0,7,0,0.10,0.05,0.14,0.10,0.14,Matches,FA Cup,2024-2025
83f6fed1,Matt Ward,eng ENG,MF,20,34,19,"1,936",21.5,4,2,6,4,0,0,8,0,0.19,0.09,0.28,0.19,0.28,Matches,FA Cup,2024-2025
ae9aadb8,Inih Effiong,eng ENG,FW,33,23,18,"1,660",18.4,5,2,7,4,1,1,2,0,0.27,0.11,0.38,0.22,0.33,Matches,FA Cup,2024-2025
07240809,Lewis Walker,eng ENG,FW,26,39,17,"1,901",21.1,5,2,7,5,0,0,5,0,0.24,0.09,0.33,0.24,0.33,Matches,FA Cup,2024-2025
a01c4240,Oluwarotimi Odusina,eng ENG,DF,24,21,16,"1,432",15.9,0,0,0,0,0,0,4,0,0.00,0.00,0.00,0.00,0.00,Matches,FA Cup,2024-2025
3145b6e2,Chinwike Okoli,eng ENG,DF,20,17,16,"1,385",15.4,1,0,1,1,0,0,4,1,0.06,0.00,0.06,0.06,0.06,Matches,FA Cup,2024-2025
4837f8d4,Tariq Hinds,eng ENG,"DF,MF",24,15,13,"1,180",13.1,2,0,2,2,0,0,4,1,0.15,0.00,0.15,0.15,0.15,Matches,FA Cup,2024-2025
97d9a4df,Jermaine Anderson,eng ENG,MF,28,26,13,"1,073",11.9,1,0,1,1,0,0,7,0,0.08,0.00,0.08,0.08,0.08,Matches,FA Cup,2024-2025
9bbcb926,Dennon Lewis,eng ENG,MF,27,18,10,981,10.9,0,1,1,0,0,0,0,0,0.00,0.09,0.09,0.00,0.09,Matches,FA Cup,2024-2025
f3cb63d1,Charlie Kendall,eng ENG,"FW,MF",23,17,8,857,9.5,3,1,4,3,0,0,3,0,0.32,0.11,0.42,0.32,0.42,Matches,FA Cup,2024-2025
e44e16f0,Francis Vincent,eng ENG,"MF,DF",25,13,8,676,7.5,1,2,3,1,0,0,0,0,0.13,0.27,0.40,0.13,0.40,Matches,FA Cup,2024-2025
1ab4469c,Jacob Jones,wls WAL,"MF,DF",22,11,8,621,6.9,0,1,1,0,0,0,2,0,0.00,0.14,0.14,0.00,0.14,Matches,FA Cup,2024-2025
9c194ec4,Sam Ashford,eng ENG,FW,28,8,7,556,6.2,0,1,1,0,0,0,0,0,0.00,0.16,0.16,0.00,0.16,Matches,FA Cup,2024-2025
c5cc1b13,Aiden O'Brien,ie IRL,MF,30,9,7,556,6.2,3,0,3,3,0,0,2,0,0.49,0.00,0.49,0.49,0.49,Matches,FA Cup,2024-2025
86334f1a,Ben Wynter,eng ENG,DF,26,10,7,550,6.1,1,1,2,1,0,0,1,0,0.16,0.16,0.33,0.16,0.33,Matches,FA Cup,2024-2025
42a272a4,Deon Moore,gy GUY,"FW,MF",25,10,7,531,5.9,0,1,1,0,0,0,1,0,0.00,0.17,0.17,0.00,0.17,Matches,FA Cup,2024-2025
442ecc1e,Raheem Conte,eng ENG,"MF,DF",21,8,6,559,6.2,0,1,1,0,0,0,0,0,0.00,0.16,0.16,0.00,0.16,Matches,FA Cup,2024-2025
0048e432,Jokubas Mazionis,lt LTU,DF,18,6,6,540,6.0,0,0,0,0,0,0,1,0,0.00,0.00,0.00,0.00,0.00,Matches,FA Cup,2024-2025
a2f34f23,Tom Leahy,eng ENG,"FW,MF",20,13,4,427,4.7,1,0,1,1,0,0,1,0,0.21,0.00,0.21,0.21,0.21,Matches,FA Cup,2024-2025
e462fbb9,Jack Stretton,eng ENG,FW,22,6,4,264,2.9,0,0,0,0,0,0,0,1,0.00,0.00,0.00,0.00,0.00,Matches,FA Cup,2024-2025
31eec725,Junior Morias,eng ENG,MF,29,7,3,338,3.8,2,0,2,2,0,0,0,0,0.53,0.00,0.53,0.53,0.53,Matches,FA Cup,2024-2025
1dbc0c52,Sha'mar Lawson,,"MF,DF",,6,3,248,2.8,0,0,0,0,0,0,2,0,0.00,0.00,0.00,0.00,0.00,Matches,FA Cup,2024-2025
042b285b,Joshua Oluwole,eng ENG,MF,25,8,2,325,3.6,0,0,0,0,0,0,1,0,0.00,0.00,0.00,0.00,0.00,Matches,FA Cup,2024-2025
3d9ef282,Alan Judge,ie IRL,MF,35,5,2,188,2.1,0,0,0,0,0,0,0,0,0.00,0.00,0.00,0.00,0.00,Matches,FA Cup,2024-2025
42fd0a0c,Oliver Webber,nir NIR,GK,24,2,2,180,2.0,0,0,0,0,0,0,0,0,0.00,0.00,0.00,0.00,0.00,Matches,FA Cup,2024-2025
e9a33c85,Charlie Sayers,eng ENG,DF,20,1,1,45,0.5,0,0,0,0,0,0,0,0,0.00,0.00,0.00,0.00,0.00,Matches,FA Cup,2024-2025
502e321f,Joshua Smith,eng ENG,MF,20,1,0,10,0.1,0,0,0,0,0,0,0,0,0.00,0.00,0.00,0.00,0.00,Matches,FA Cup,2024-2025
a74f8572,Rohan Ince,ms MSR,"DF,FW",31,1,0,1,0.0,0,0,0,0,0,0,0,0,0.00,0.00,0.00,0.00,0.00,Matches,FA Cup,2024-2025
06ec123a,Sam Walker,eng ENG,GK,32,46,46,"4,140",46.0,0,0,0,0,0,0,3,0,0.00,0.00,0.00,0.00,0.00,Matches,FA Cup,2024-2025
c2c0306f,Richard Smallwood,eng ENG,MF,33,43,43,"3,789",42.1,2,3,5,0,2,3,9,1,0.05,0.07,0.12,0.00,0.07,Matches,FA Cup,2024-2025
9fc6318b,Brad Halliday,eng ENG,"MF,DF",29,43,39,"3,469",38.5,2,3,5,2,0,0,9,0,0.05,0.08,0.13,0.05,0.13,Matches,FA Cup,2024-2025
79f68b8c,Jack Shepherd,eng ENG,DF,23,39,31,"2,939",32.7,2,0,2,2,0,0,11,1,0.06,0.00,0.06,0.06,0.06,Matches,FA Cup,2024-2025
bdcbfc2d,Calum Kavanagh,ie IRL,"FW,MF",20,38,31,"2,484",27.6,9,5,14,9,0,0,5,0,0.33,0.18,0.51,0.33,0.51,Matches,FA Cup,2024-2025
8637abd1,Aden Baldwin,eng ENG,DF,27,32,30,"2,595",28.8,0,1,1,0,0,0,11,1,0.00,0.03,0.03,0.00,0.03,Matches,FA Cup,2024-2025
84fa4542,Bobby Pointon,eng ENG,MF,20,40,27,"2,447",27.2,6,5,11,6,0,0,5,0,0.22,0.18,0.40,0.22,0.40,Matches,FA Cup,2024-2025
34731ad8,Neill Byrne,ie IRL,DF,31,27,24,"2,091",23.2,2,0,2,2,0,0,6,0,0.09,0.00,0.09,0.09,0.09,Matches,FA Cup,2024-2025
ae8165b8,Alexander Pattison,eng ENG,MF,26,30,24,"1,898",21.1,7,3,10,7,0,0,6,1,0.33,0.14,0.47,0.33,0.47,Matches,FA Cup,2024-2025
ef9bbaf3,Andy Cook,eng ENG,FW,33,22,22,"1,848",20.5,12,0,12,12,0,0,5,0,0.58,0.00,0.58,0.58,0.58,Matches,FA Cup,2024-2025
80e8d5aa,Antoni Sarcevic,eng ENG,MF,32,24,20,"1,684",18.7,7,4,11,6,1,1,7,0,0.37,0.21,0.59,0.32,0.53,Matches,FA Cup,2024-2025
2c88356f,Tyreik Wright,ie IRL,MF,22,28,19,"1,701",18.9,0,2,2,0,0,1,3,0,0.00,0.11,0.11,0.00,0.11,Matches,FA Cup,2024-2025
ae0e6ba7,Lewis Richards,ie IRL,"MF,DF",22,22,17,"1,503",16.7,2,1,3,2,0,0,6,0,0.12,0.06,0.18,0.12,0.18,Matches,FA Cup,2024-2025
d36e307c,Jamie Walker,sct SCO,MF,31,35,16,"1,665",18.5,1,6,7,1,0,0,5,0,0.05,0.32,0.38,0.05,0.38,Matches,FA Cup,2024-2025
8ea866df,Ciaran Kelly,ie IRL,DF,26,21,16,"1,468",16.3,1,0,1,1,0,0,1,0,0.06,0.00,0.06,0.06,0.06,Matches,FA Cup,2024-2025
c150b220,Tayo Adaramola,ie IRL,MF,20,16,15,"1,255",13.9,0,3,3,0,0,0,3,0,0.00,0.22,0.22,0.00,0.22,Matches,FA Cup,2024-2025
aedc4924,Brandon Khela,eng ENG,MF,19,15,11,920,10.2,0,2,2,0,0,0,2,0,0.00,0.20,0.20,0.00,0.20,Matches,FA Cup,2024-2025
25f3d9b6,Jay Benn,eng ENG,MF,22,12,11,908,10.1,0,3,3,0,0,0,4,0,0.00,0.30,0.30,0.00,0.30,Matches,FA Cup,2024-2025
c41ab910,Cheick Diabate,eng ENG,DF,22,11,10,887,9.9,0,1,1,0,0,0,4,0,0.00,0.10,0.10,0.00,0.10,Matches,FA Cup,2024-2025
930585c0,Paul Huntington,eng ENG,DF,36,19,9,907,10.1,0,0,0,0,0,0,2,0,0.00,0.00,0.00,0.00,0.00,Matches,FA Cup,2024-2025
e410c58c,Romoney Crichlow-Noble,eng ENG,DF,25,10,8,614,6.8,1,0,1,1,0,0,1,0,0.15,0.00,0.15,0.15,0.15,Matches,FA Cup,2024-2025
badf2acb,Clarke Oduor,ke KEN,MF,25,19,7,813,9.0,1,0,1,1,0,0,1,0,0.11,0.00,0.11,0.11,0.11,Matches,FA Cup,2024-2025
a752321e,George Lapslie,eng ENG,MF,26,13,7,571,6.3,4,1,5,4,0,0,2,0,0.63,0.16,0.79,0.63,0.79,Matches,FA Cup,2024-2025
287509c9,Tommy Leigh,eng ENG,"MF,FW",24,16,6,661,7.3,0,0,0,0,0,0,1,0,0.00,0.00,0.00,0.00,0.00,Matches,FA Cup,2024-2025
0b1b2fcc,Oliver Sanderson,eng ENG,FW,20,13,6,648,7.2,2,0,2,2,0,0,1,0,0.28,0.00,0.28,0.28,0.28,Matches,FA Cup,2024-2025
30f848b8,Michael Mellon,sct SCO,FW,20,15,5,614,6.8,2,2,4,2,0,0,2,0,0.29,0.29,0.59,0.29,0.59,Matches,FA Cup,2024-2025
a2f8e4a0,Callum Johnson,eng ENG,"DF,MF",27,11,3,361,4.0,0,0,0,0,0,0,0,0,0.00,0.00,0.00,0.00,0.00,Matches,FA Cup,2024-2025
b00ec28d,Vadaine Oliver,eng ENG,FW,32,12,1,170,1.9,0,0,0,0,0,0,1,0,0.00,0.00,0.00,0.00,0.00,Matches,FA Cup,2024-2025
c4cd16e5,Tyler Smith,eng ENG,FW,25,5,1,133,1.5,0,0,0,0,0,0,0,0,0.00,0.00,0.00,0.00,0.00,Matches,FA Cup,2024-2025
3e38b72f,Corry Evans,nir NIR,MF,34,6,1,109,1.2,0,0,0,0,0,0,0,0,0.00,0.00,0.00,0.00,0.00,Matches,FA Cup,2024-2025
baa5c107,Joe Adams,eng ENG,MF,20,1,0,17,0.2,0,0,0,0,0,0,0,0,0.00,0.00,0.00,0.00,0.00,Matches,FA Cup,2024-2025
93b41c46,Colin Doyle,ie IRL,GK,39,0,0,,,,,,,,,,,,,,,,Matches,FA Cup,2024-2025
27ec0d95,George Goodman,nir NIR,DF,17,0,0,,,,,,,,,,,,,,,,Matches,FA Cup,2024-2025
6297ac4f,Zachariah Hadi,,GK,,0,0,,,,,,,,,,,,,,,,Matches,FA Cup,2024-2025
0e18acc5,Joe Hilton,eng ENG,GK,24,0,0,,,,,,,,,,,,,,,,Matches,FA Cup,2024-2025
1cce911e,Gabriel Wadsworth,,MF,,0,0,,,,,,,,,,,,,,,,Matches,FA Cup,2024-2025
8cb3d531,Jake Young,eng ENG,FW,23,0,0,,,,,,,,,,,,,,,,Matches,FA Cup,2024-2025
515a62bb,Anthony Hartigan,eng ENG,"MF,DF",24,46,46,"4,123",45.8,2,10,12,2,0,0,4,0,0.04,0.22,0.26,0.04,0.26,Matches,FA Cup,2024-2025
e1cfdc48,Myles Kenlock,eng ENG,"DF,MF",27,42,42,"3,609",40.1,1,1,2,1,0,0,5,0,0.02,0.02,0.05,0.02,0.05,Matches,FA Cup,2024-2025
20c3fd5e,Ryan Glover,eng ENG,"MF,DF",23,42,41,"3,460",38.4,8,9,17,8,0,0,9,0,0.21,0.23,0.44,0.21,0.44,Matches,FA Cup,2024-2025
178a3f77,Callum Stead,,"FW,MF",,44,37,"3,454",38.4,18,8,26,18,0,0,3,0,0.47,0.21,0.68,0.47,0.68,Matches,FA Cup,2024-2025
0beeb166,Nikola Tavares,hr CRO,"DF,MF",25,38,34,"2,896",32.2,1,2,3,1,0,0,3,0,0.03,0.06,0.09,0.03,0.09,Matches,FA Cup,2024-2025
aff0774f,Adebola Oluwo,eng ENG,DF,24,36,33,"2,948",32.8,6,0,6,6,0,0,5,0,0.18,0.00,0.18,0.18,0.18,Matches,FA Cup,2024-2025
a31f0ebf,Zak Brunt,eng ENG,"MF,FW",22,44,31,"2,572",28.6,6,6,12,5,1,1,5,0,0.21,0.21,0.42,0.17,0.38,Matches,FA Cup,2024-2025
23c98036,Idris Kanu,sl SLE,"MF,FW",24,38,29,"2,536",28.2,2,3,5,2,0,0,5,0,0.07,0.11,0.18,0.07,0.18,Matches,FA Cup,2024-2025
1fa3806b,Mark Shelton,eng ENG,MF,27,33,27,"2,312",25.7,12,2,14,6,6,6,6,0,0.47,0.08,0.54,0.23,0.31,Matches,FA Cup,2024-2025
784b5bb9,Danny Collinge,eng ENG,DF,26,29,26,"2,294",25.5,4,4,8,4,0,0,3,1,0.16,0.16,0.31,0.16,0.31,Matches,FA Cup,2024-2025
7c94a189,Nicholas Hayes,eng ENG,GK,25,25,25,"2,250",25.0,0,0,0,0,0,0,1,0,0.00,0.00,0.00,0.00,0.00,Matches,FA Cup,2024-2025
40c4f987,Ben Coker,eng ENG,"DF,MF",35,31,20,"1,718",19.1,2,6,8,2,0,0,5,0,0.10,0.31,0.42,0.10,0.42,Matches,FA Cup,2024-2025
04bbc466,Owen Evans,wls WAL,GK,27,18,18,"1,620",18.0,0,0,0,0,0,0,3,0,0.00,0.00,0.00,0.00,0.00,Matches,FA Cup,2024-2025
4e77bd1d,Lee Ndlovu,zw ZIM,FW,29,20,17,"1,418",15.8,6,1,7,6,0,0,1,0,0.38,0.06,0.44,0.38,0.44,Matches,FA Cup,2024-2025
b88d0922,Rhys Browne,ag ATG,"FW,MF",28,29,16,"1,431",15.9,7,2,9,7,0,0,3,0,0.44,0.13,0.57,0.44,0.57,Matches,FA Cup,2024-2025
db35ec0a,Nicke Kabamba,eng ENG,"FW,MF",31,18,13,"1,291",14.3,10,0,10,8,2,2,1,0,0.70,0.00,0.70,0.56,0.56,Matches,FA Cup,2024-2025
25288dfe,Bailey Hobson,eng ENG,"MF,FW",21,13,10,875,9.7,2,1,3,2,0,0,1,0,0.21,0.10,0.31,0.21,0.31,Matches,FA Cup,2024-2025
7768b19f,Harry Chapman,eng ENG,"MF,FW",26,22,9,945,10.5,4,2,6,3,1,1,2,0,0.38,0.19,0.57,0.29,0.48,Matches,FA Cup,2024-2025
819ba1f7,Joe Grimwood,eng ENG,DF,22,18,7,648,7.2,0,0,0,0,0,0,1,1,0.00,0.00,0.00,0.00,0.00,Matches,FA Cup,2024-2025
66b9c6f2,Joe Kizzi,eng ENG,"DF,FW",31,12,6,717,8.0,0,1,1,0,0,0,1,0,0.00,0.13,0.13,0.00,0.13,Matches,FA Cup,2024-2025
ac30d565,Billy Clifford,eng ENG,"MF,FW",31,21,6,637,7.1,0,0,0,0,0,0,3,0,0.00,0.00,0.00,0.00,0.00,Matches,FA Cup,2024-2025
f830bae5,Dom Telford,eng ENG,FW,27,15,3,339,3.8,3,1,4,2,1,1,0,0,0.80,0.27,1.06,0.53,0.80,Matches,FA Cup,2024-2025
4a5c7dde,Reece Hall-Johnson,eng ENG,MF,29,5,3,262,2.9,0,0,0,0,0,0,0,0,0.00,0.00,0.00,0.00,0.00,Matches,FA Cup,2024-2025
54649cde,Joe Rye,eng ENG,DF,20,3,3,186,2.1,0,0,0,0,0,0,1,0,0.00,0.00,0.00,0.00,0.00,Matches,FA Cup,2024-2025
2eac1788,Toby Savin,ga GAB,GK,24,2,2,180,2.0,0,0,0,0,0,0,0,0,0.00,0.00,0.00,0.00,0.00,Matches,FA Cup,2024-2025
3de9d26b,Jordan Cropper,eng ENG,DF,24,29,1,402,4.5,0,2,2,0,0,0,0,0,0.00,0.45,0.45,0.00,0.45,Matches,FA Cup,2024-2025
15e9692b,Giosue Bellagambi,ug UGA,GK,22,1,1,90,1.0,0,0,0,0,0,0,0,0,0.00,0.00,0.00,0.00,0.00,Matches,FA Cup,2024-2025
12c912e2,Jerome Okimo,eng ENG,"DF,MF",36,11,0,141,1.6,0,0,0,0,0,0,0,0,0.00,0.00,0.00,0.00,0.00,Matches,FA Cup,2024-2025
25b456d2,Finley Wilkinson,eng ENG,MF,21,4,0,61,0.7,0,0,0,0,0,0,0,0,0.00,0.00,0.00,0.00,0.00,Matches,FA Cup,2024-2025
de6cafb8,Richard Nartey,eng ENG,DF,25,2,0,52,0.6,0,0,0,0,0,0,0,0,0.00,0.00,0.00,0.00,0.00,Matches,FA Cup,2024-2025
4494c4f1,Jermaine Francis,gd GRN,MF,22,5,0,20,0.2,0,0,0,0,0,0,0,0,0.00,0.00,0.00,0.00,0.00,Matches,FA Cup,2024-2025
c7f87b9c,Jordan Gillmore,eng ENG,GK,21,0,0,,,,,,,,,,,,,,,,Matches,FA Cup,2024-2025
769ff238,Adam Randell,eng ENG,MF,23,39,39,"3,378",37.5,1,3,4,1,0,0,7,0,0.03,0.08,0.11,0.03,0.11,Matches,FA Cup,2024-2025
2d760d7b,Bali Mumba,eng ENG,"MF,DF",22,43,37,"3,396",37.7,0,2,2,0,0,0,3,0,0.00,0.05,0.05,0.00,0.05,Matches,FA Cup,2024-2025
56d838f7,Darko Gyabi,eng ENG,MF,20,43,34,"2,841",31.6,1,2,3,1,0,0,10,0,0.03,0.06,0.10,0.03,0.10,Matches,FA Cup,2024-2025
8b1dd29e,Kornél Szűcs,hu HUN,DF,22,36,31,"2,839",31.5,0,1,1,0,0,0,6,0,0.00,0.03,0.03,0.00,0.03,Matches,FA Cup,2024-2025
7cd95992,Ryan Hardie,sct SCO,"FW,MF",27,37,28,"2,265",25.2,10,3,13,7,3,3,0,0,0.40,0.12,0.52,0.28,0.40,Matches,FA Cup,2024-2025
9d50bfd3,Mustapha Bundu,sl SLE,"FW,MF",27,37,27,"2,302",25.6,10,6,16,10,0,0,4,0,0.39,0.23,0.63,0.39,0.63,Matches,FA Cup,2024-2025
10161491,Conor Hazard,nir NIR,GK,26,25,25,"2,250",25.0,0,0,0,0,0,0,4,0,0.00,0.00,0.00,0.00,0.00,Matches,FA Cup,2024-2025
2950c47b,Julio Pleguezuelo,es ESP,DF,27,24,23,"1,964",21.8,1,0,1,1,0,0,8,0,0.05,0.00,0.05,0.05,0.05,Matches,FA Cup,2024-2025
5397e7d8,Daniel Grimshaw,eng ENG,GK,26,21,21,"1,890",21.0,0,0,0,0,0,0,2,0,0.00,0.00,0.00,0.00,0.00,Matches,FA Cup,2024-2025
d3d49142,Morgan Whittaker,eng ENG,MF,23,20,20,"1,747",19.4,3,1,4,3,0,0,3,0,0.15,0.05,0.21,0.15,0.21,Matches,FA Cup,2024-2025
831cf3ac,Victor Pálsson,is ISL,DF,33,25,19,"1,736",19.3,0,1,1,0,0,0,3,0,0.00,0.05,0.05,0.00,0.05,Matches,FA Cup,2024-2025
ed47203f,Matthew Sorinola,eng ENG,"MF,DF",23,25,19,"1,674",18.6,0,1,1,0,0,0,9,1,0.00,0.05,0.05,0.00,0.05,Matches,FA Cup,2024-2025
cdf0f2db,Lewis Gibson,eng ENG,DF,24,18,18,"1,620",18.0,1,1,2,1,0,0,1,0,0.06,0.06,0.11,0.06,0.11,Matches,FA Cup,2024-2025
ee21e7b3,Rami Al Hajj,se SWE,MF,22,28,18,"1,374",15.3,3,0,3,3,0,0,1,0,0.20,0.00,0.20,0.20,0.20,Matches,FA Cup,2024-2025
9976d562,Jordan Houghton,eng ENG,MF,28,30,15,"1,526",17.0,0,0,0,0,0,0,2,0,0.00,0.00,0.00,0.00,0.00,Matches,FA Cup,2024-2025
00521598,Callum Wright,eng ENG,MF,24,35,14,"1,462",16.2,1,0,1,1,0,0,0,1,0.06,0.00,0.06,0.06,0.06,Matches,FA Cup,2024-2025
35bd124a,Nikola Katić,ba BIH,DF,27,15,14,"1,223",13.6,1,0,1,1,0,0,2,0,0.07,0.00,0.07,0.07,0.07,Matches,FA Cup,2024-2025
caa1a7f0,Michael Obafemi,ie IRL,"FW,MF",24,29,14,"1,196",13.3,2,0,2,2,0,0,0,0,0.15,0.00,0.15,0.15,0.15,Matches,FA Cup,2024-2025
a04d478f,Joe Edwards,eng ENG,DF,33,17,12,"1,136",12.6,1,1,2,1,0,0,4,1,0.08,0.08,0.16,0.08,0.16,Matches,FA Cup,2024-2025
c68b1b13,Tymoteusz Puchacz,pl POL,"MF,DF",25,15,12,"1,123",12.5,0,1,1,0,0,0,1,0,0.00,0.08,0.08,0.00,0.08,Matches,FA Cup,2024-2025
321506b3,Brendan Galloway,zw ZIM,DF,28,13,11,980,10.9,0,0,0,0,0,0,0,0,0.00,0.00,0.00,0.00,0.00,Matches,FA Cup,2024-2025
6a54638e,Maksym Talovierov,ua UKR,DF,24,11,10,934,10.4,1,1,2,1,0,0,3,0,0.10,0.10,0.19,0.10,0.19,Matches,FA Cup,2024-2025
abddf25d,Ibrahim Cissoko,nl NED,MF,21,13,9,661,7.3,3,1,4,3,0,0,2,1,0.41,0.14,0.54,0.41,0.54,Matches,FA Cup,2024-2025
e8570430,Nathanael Ogbeta,eng ENG,"MF,DF",23,17,9,626,7.0,1,1,2,1,0,0,1,0,0.14,0.14,0.29,0.14,0.29,Matches,FA Cup,2024-2025
9f1938ab,Adam Forshaw,eng ENG,MF,32,16,7,683,7.6,0,0,0,0,0,0,5,1,0.00,0.00,0.00,0.00,0.00,Matches,FA Cup,2024-2025
c24dba2a,Andre Gray,jm JAM,FW,33,13,5,550,6.1,3,1,4,3,0,0,1,0,0.49,0.16,0.65,0.49,0.65,Matches,FA Cup,2024-2025
467553cf,Michael Baidoo,gh GHA,"MF,FW",25,11,4,452,5.0,0,0,0,0,0,0,0,0,0.00,0.00,0.00,0.00,0.00,Matches,FA Cup,2024-2025
5885dc48,Muhamed Tijani,ng NGA,FW,24,13,4,448,5.0,2,1,3,2,0,0,2,0,0.40,0.20,0.60,0.40,0.60,Matches,FA Cup,2024-2025
f125cad0,Freddie Issaka,wls WAL,MF,18,19,3,596,6.6,1,0,1,1,0,0,0,1,0.15,0.00,0.15,0.15,0.15,Matches,FA Cup,2024-2025
639ec231,Caleb Roberts,eng ENG,MF,18,5,2,192,2.1,0,0,0,0,0,0,1,0,0.00,0.00,0.00,0.00,0.00,Matches,FA Cup,2024-2025
3096b0b0,Malachi Boateng,eng ENG,MF,22,7,1,198,2.2,0,0,0,0,0,0,0,0,0.00,0.00,0.00,0.00,0.00,Matches,FA Cup,2024-2025
2172c6c3,Tegan Finn,,MF,,4,1,144,1.6,0,0,0,0,0,0,0,0,0.00,0.00,0.00,0.00,0.00,Matches,FA Cup,2024-2025
1510013c,Ben Waine,nz NZL,FW,23,1,0,9,0.1,0,0,0,0,0,0,0,0,0.00,0.00,0.00,0.00,0.00,Matches,FA Cup,2024-2025
e8adab3b,Joseph Hatch,wls WAL,MF,17,1,0,2,0.0,0,0,0,0,0,0,0,0,0.00,0.00,0.00,0.00,0.00,Matches,FA Cup,2024-2025
99ee7b8d,Zak Baker,eng ENG,GK,18,0,0,,,,,,,,,,,,,,,,Matches,FA Cup,2024-2025
17186929,Michael Cooper,eng ENG,GK,24,0,0,,,,,,,,,,,,,,,,Matches,FA Cup,2024-2025
1aa0308a,Marko Maroši,sk SVK,GK,30,0,0,,,,,,,,,,,,,,,,Matches,FA Cup,2024-2025
17186929,Michael Cooper,eng ENG,GK,24,43,43,"3,870",43.0,0,0,0,0,0,0,3,0,0.00,0.00,0.00,0.00,0.00,Matches,FA Cup,2024-2025
316a084b,Harrison Burrows,eng ENG,DF,22,43,39,"3,460",38.4,5,3,8,3,2,2,2,0,0.13,0.08,0.21,0.08,0.16,Matches,FA Cup,2024-2025
39072483,Callum O'Hare,eng ENG,MF,26,44,38,"3,139",34.9,2,6,8,2,0,0,2,0,0.06,0.17,0.23,0.06,0.23,Matches,FA Cup,2024-2025
eebacc07,Gustavo Hamer,nl NED,MF,27,41,36,"3,124",34.7,9,7,16,9,0,0,13,0,0.26,0.20,0.46,0.26,0.46,Matches,FA Cup,2024-2025
eab957a3,Anel Ahmedhodžić,ba BIH,DF,25,38,35,"3,136",34.8,3,1,4,3,0,0,11,1,0.09,0.03,0.11,0.09,0.11,Matches,FA Cup,2024-2025
767d9605,Sydie Peck,eng ENG,MF,19,42,32,"2,927",32.5,0,2,2,0,0,0,6,0,0.00,0.06,0.06,0.00,0.06,Matches,FA Cup,2024-2025
6a8a7af8,Vinicius Souza,br BRA,MF,25,35,32,"2,787",31.0,0,1,1,0,0,0,8,0,0.00,0.03,0.03,0.00,0.03,Matches,FA Cup,2024-2025
7399c7a8,Jack Robinson,eng ENG,DF,30,34,31,"2,841",31.6,0,0,0,0,0,0,9,0,0.00,0.00,0.00,0.00,0.00,Matches,FA Cup,2024-2025
d91f104d,Alfie Gilchrist,eng ENG,DF,20,30,27,"2,103",23.4,0,2,2,0,0,0,5,0,0.00,0.09,0.09,0.00,0.09,Matches,FA Cup,2024-2025
45685411,Jesurun Rak Sakyi,eng ENG,MF,21,34,22,"1,725",19.2,7,2,9,7,0,0,1,0,0.37,0.10,0.47,0.37,0.47,Matches,FA Cup,2024-2025
0a6cb1b1,Harry Souttar,au AUS,DF,25,21,20,"1,768",19.6,0,0,0,0,0,0,5,1,0.00,0.00,0.00,0.00,0.00,Matches,FA Cup,2024-2025
38aefb74,Tyrese Campbell,eng ENG,FW,24,33,20,"1,580",17.6,10,1,11,10,0,0,2,0,0.57,0.06,0.63,0.57,0.63,Matches,FA Cup,2024-2025
01ce9e70,Kieffer Moore,wls WAL,FW,31,27,18,"1,767",19.6,5,0,5,4,1,3,1,0,0.25,0.00,0.25,0.20,0.20,Matches,FA Cup,2024-2025
30e81a88,Rhian Brewster,eng ENG,"MF,FW",24,36,16,"1,558",17.3,4,3,7,4,0,0,2,0,0.23,0.17,0.40,0.23,0.40,Matches,FA Cup,2024-2025
7d2d3329,Hamza Choudhury,bd BAN,"MF,DF",26,16,13,"1,105",12.3,0,0,0,0,0,0,2,0,0.00,0.00,0.00,0.00,0.00,Matches,FA Cup,2024-2025
57827369,Ben Brereton,cl CHI,MF,25,17,13,984,10.9,4,3,7,4,0,0,4,0,0.37,0.27,0.64,0.37,0.64,Matches,FA Cup,2024-2025
afe1a491,Oliver Arblaster,eng ENG,MF,20,12,11,978,10.9,2,1,3,2,0,0,3,0,0.18,0.09,0.28,0.18,0.28,Matches,FA Cup,2024-2025
5f346071,Andre Brooks,jm JAM,MF,20,22,10,951,10.6,3,2,5,3,0,0,3,0,0.28,0.19,0.47,0.28,0.47,Matches,FA Cup,2024-2025
7074c8f1,Sam McCallum,eng ENG,"DF,MF",23,33,9,"1,057",11.7,2,0,2,2,0,0,1,0,0.17,0.00,0.17,0.17,0.17,Matches,FA Cup,2024-2025
e4e0deaa,Femi Seriki,eng ENG,DF,22,25,8,"1,091",12.1,0,1,1,0,0,0,2,0,0.00,0.08,0.08,0.00,0.08,Matches,FA Cup,2024-2025
4506aec5,Thomas Cannon,ie IRL,FW,21,15,7,682,7.6,1,1,2,1,0,0,0,0,0.13,0.13,0.26,0.13,0.26,Matches,FA Cup,2024-2025
9228b07c,Tom Davies,eng ENG,MF,26,13,6,673,7.5,1,1,2,1,0,0,4,0,0.13,0.13,0.27,0.13,0.27,Matches,FA Cup,2024-2025
a64f2573,Harry Clarke,eng ENG,DF,23,6,6,472,5.2,0,0,0,0,0,0,3,0,0.00,0.00,0.00,0.00,0.00,Matches,FA Cup,2024-2025
d79a8c87,Rob Holding,eng ENG,DF,28,10,4,420,4.7,0,1,1,0,0,0,1,0,0.00,0.21,0.21,0.00,0.21,Matches,FA Cup,2024-2025
71894777,Adam Davies,wls WAL,GK,32,3,3,270,3.0,0,0,0,0,0,0,0,0,0.00,0.00,0.00,0.00,0.00,Matches,FA Cup,2024-2025
d4aa4582,Ryan One,sct SCO,FW,18,12,2,292,3.2,1,0,1,1,0,0,2,0,0.31,0.00,0.31,0.31,0.31,Matches,FA Cup,2024-2025
8d03ca5a,Jamie Shackleton,eng ENG,"MF,DF",24,12,2,291,3.2,0,0,0,0,0,0,0,0,0.00,0.00,0.00,0.00,0.00,Matches,FA Cup,2024-2025
ca76b087,Rhys Norrington-Davies,wls WAL,DF,25,14,2,251,2.8,0,0,0,0,0,0,1,0,0.00,0.00,0.00,0.00,0.00,Matches,FA Cup,2024-2025
cddf767b,Auston Trusty,us USA,DF,25,1,1,90,1.0,0,0,0,0,0,0,0,0,0.00,0.00,0.00,0.00,0.00,Matches,FA Cup,2024-2025
9ade9ce1,Anis Ben Slimane,tn TUN,MF,23,3,0,46,0.5,0,0,0,0,0,0,0,0,0.00,0.00,0.00,0.00,0.00,Matches,FA Cup,2024-2025
41d3704d,Jamal Baptiste,eng ENG,DF,20,1,0,7,0.1,0,0,0,0,0,0,0,0,0.00,0.00,0.00,0.00,0.00,Matches,FA Cup,2024-2025
2b08b6e5,Billy Blacker,eng ENG,FW,18,1,0,1,0.0,0,0,0,0,0,0,0,0,0.00,0.00,0.00,0.00,0.00,Matches,FA Cup,2024-2025
b30871cf,Sai Sachdev,eng ENG,DF,19,1,0,1,0.0,0,0,0,0,0,0,0,0,0.00,0.00,0.00,0.00,0.00,Matches,FA Cup,2024-2025
467bf546,Harry Boyes,eng ENG,"DF,MF",22,0,0,,,,,,,,,,,,,,,,Matches,FA Cup,2024-2025
e8b677af,Jefferson Cáceres,pe PER,MF,21,0,0,,,,,,,,,,,,,,,,Matches,FA Cup,2024-2025
d33e3242,Ismaila Cheick Coulibaly,ml MLI,MF,23,0,0,,,,,,,,,,,,,,,,Matches,FA Cup,2024-2025
1800307c,Sam Colechin,,DF,,0,0,,,,,,,,,,,,,,,,Matches,FA Cup,2024-2025
9c72ae88,Luke Faxon,eng ENG,GK,19,0,0,,,,,,,,,,,,,,,,Matches,FA Cup,2024-2025
3f034750,Ivo Grbić,hr CRO,GK,28,0,0,,,,,,,,,,,,,,,,Matches,FA Cup,2024-2025
081b8cac,Owen Hampson,eng ENG,MF,19,0,0,,,,,,,,,,,,,,,,Matches,FA Cup,2024-2025
7923301c,Louie Marsh,eng ENG,FW,20,0,0,,,,,,,,,,,,,,,,Matches,FA Cup,2024-2025
6a04bc2e,Ethan Pye,eng ENG,DF,21,42,42,"3,779",42.0,1,3,4,1,0,0,10,1,0.02,0.07,0.10,0.02,0.10,Matches,FA Cup,2024-2025
1ecff6e9,Kyle Wootton,eng ENG,FW,27,46,40,"3,595",39.9,11,7,18,11,0,0,3,0,0.28,0.18,0.45,0.28,0.45,Matches,FA Cup,2024-2025
8f06f479,Ibou Touray,gm GAM,"MF,DF",29,43,38,"3,270",36.3,0,3,3,0,0,0,9,0,0.00,0.08,0.08,0.00,0.08,Matches,FA Cup,2024-2025
6736e7d3,Will Collar,eng ENG,MF,27,40,36,"3,140",34.9,8,2,10,7,1,1,3,0,0.23,0.06,0.29,0.20,0.26,Matches,FA Cup,2024-2025
43439614,Oliver Norwood,nir NIR,MF,33,42,32,"2,835",31.5,3,4,7,1,2,2,5,0,0.10,0.13,0.22,0.03,0.16,Matches,FA Cup,2024-2025
39ad0b72,Callum Connolly,eng ENG,DF,26,38,29,"2,647",29.4,1,2,3,1,0,0,6,1,0.03,0.07,0.10,0.03,0.10,Matches,FA Cup,2024-2025
a95f407f,Corey Addai,jm JAM,GK,26,29,28,"2,521",28.0,0,0,0,0,0,0,0,0,0.00,0.00,0.00,0.00,0.00,Matches,FA Cup,2024-2025
cd4256d3,Lewis Bate,eng ENG,MF,21,32,28,"2,371",26.3,2,4,6,2,0,0,5,0,0.08,0.15,0.23,0.08,0.23,Matches,FA Cup,2024-2025
2f4fb18c,Isaac Olaofe,eng ENG,"FW,MF",24,42,26,"2,301",25.6,8,3,11,8,0,0,3,0,0.31,0.12,0.43,0.31,0.43,Matches,FA Cup,2024-2025
fc95fd6e,Fraser Horsfall,eng ENG,DF,27,29,26,"2,261",25.1,2,1,3,2,0,0,8,1,0.08,0.04,0.12,0.08,0.12,Matches,FA Cup,2024-2025
bd885979,Louie Barry,eng ENG,"MF,FW",21,23,22,"1,787",19.9,15,3,18,11,4,4,2,0,0.76,0.15,0.91,0.55,0.71,Matches,FA Cup,2024-2025
44b52781,Callum Camps,nir NIR,MF,28,27,19,"1,742",19.4,1,2,3,1,0,0,6,0,0.05,0.10,0.15,0.05,0.15,Matches,FA Cup,2024-2025
6261bd48,Ben Hinchliffe,eng ENG,GK,35,19,18,"1,619",18.0,0,0,0,0,0,0,1,0,0.00,0.00,0.00,0.00,0.00,Matches,FA Cup,2024-2025
dfe4f773,Jack Diamond,eng ENG,MF,24,33,16,"1,629",18.1,5,2,7,5,0,0,3,0,0.28,0.11,0.39,0.28,0.39,Matches,FA Cup,2024-2025
2062e7fb,Kyle Knoyle,eng ENG,"DF,MF",27,23,15,"1,371",15.2,0,1,1,0,0,0,4,0,0.00,0.07,0.07,0.00,0.07,Matches,FA Cup,2024-2025
9936c8e1,Brad Hills,eng ENG,DF,20,16,15,"1,335",14.8,1,0,1,1,0,0,5,1,0.07,0.00,0.07,0.07,0.07,Matches,FA Cup,2024-2025
96a1bb4e,Macauley Southam-Hales,wls WAL,"MF,DF",28,17,14,"1,227",13.6,3,0,3,3,0,0,3,0,0.22,0.00,0.22,0.22,0.22,Matches,FA Cup,2024-2025
7d2cd344,Jayden Fevrier,eng ENG,MF,21,25,11,"1,042",11.6,3,3,6,3,0,0,1,0,0.26,0.26,0.52,0.26,0.52,Matches,FA Cup,2024-2025
549ecd3e,Odin Bailey,eng ENG,MF,24,30,8,985,10.9,2,2,4,2,0,0,2,0,0.18,0.18,0.37,0.18,0.37,Matches,FA Cup,2024-2025
64516a84,Ryan Rydel,eng ENG,"MF,DF",23,17,8,833,9.3,0,3,3,0,0,0,0,0,0.00,0.32,0.32,0.00,0.32,Matches,FA Cup,2024-2025
79ce20e2,Jade Mingi,eng ENG,"DF,MF",23,11,8,553,6.1,0,0,0,0,0,0,1,0,0.00,0.00,0.00,0.00,0.00,Matches,FA Cup,2024-2025
4bd8ec48,Owen Moxon,eng ENG,MF,26,17,7,688,7.6,0,1,1,0,0,0,2,0,0.00,0.13,0.13,0.00,0.13,Matches,FA Cup,2024-2025
d86a1f3e,Tyler Onyango,eng ENG,DF,21,7,4,343,3.8,0,1,1,0,0,0,2,0,0.00,0.26,0.26,0.00,0.26,Matches,FA Cup,2024-2025
22ade6e3,Lewis Fiorini,sct SCO,MF,22,11,4,307,3.4,0,0,0,0,0,0,2,0,0.00,0.00,0.00,0.00,0.00,Matches,FA Cup,2024-2025
286f5a8e,Sam Hughes,eng ENG,DF,27,8,3,313,3.5,0,0,0,0,0,0,1,0,0.00,0.00,0.00,0.00,0.00,Matches,FA Cup,2024-2025
c150b220,Tayo Adaramola,ie IRL,"DF,MF",20,6,3,253,2.8,0,0,0,0,0,0,1,0,0.00,0.00,0.00,0.00,0.00,Matches,FA Cup,2024-2025
05ca4fcb,Nick Powell,eng ENG,MF,30,7,3,240,2.7,0,1,1,0,0,0,0,0,0.00,0.37,0.37,0.00,0.37,Matches,FA Cup,2024-2025
cae4429c,Benoný Andrésson,is ISL,FW,18,11,2,279,3.1,4,0,4,4,0,0,0,0,1.29,0.00,1.29,1.29,1.29,Matches,FA Cup,2024-2025
ea55ae1a,Sam Cosgrove,eng ENG,FW,27,7,1,121,1.3,0,0,0,0,0,0,0,0,0.00,0.00,0.00,0.00,0.00,Matches,FA Cup,2024-2025
0b059e15,Micah Hamilton,eng ENG,"FW,MF",20,5,0,67,0.7,0,0,0,0,0,0,0,0,0.00,0.00,0.00,0.00,0.00,Matches,FA Cup,2024-2025
e462fbb9,Jack Stretton,eng ENG,FW,22,2,0,36,0.4,0,0,0,0,0,0,0,0,0.00,0.00,0.00,0.00,0.00,Matches,FA Cup,2024-2025
30f848b8,Michael Mellon,sct SCO,FW,20,2,0,32,0.4,0,0,0,0,0,0,0,0,0.00,0.00,0.00,0.00,0.00,Matches,FA Cup,2024-2025
6692bd29,Che Gardner,,MF,,1,0,1,0.0,0,0,0,0,0,0,0,0,0.00,0.00,0.00,0.00,0.00,Matches,FA Cup,2024-2025
5dfe29f3,Bruno Cina,,MF,,0,0,,,,,,,,,,,,,,,,Matches,FA Cup,2024-2025
cfc6931f,Nathaniel Mapengu,eng ENG,DF,16,0,0,,,,,,,,,,,,,,,,Matches,FA Cup,2024-2025
88cd218a,Max Metcalfe,sct SCO,GK,21,0,0,,,,,,,,,,,,,,,,Matches,FA Cup,2024-2025
c5fc420e,Jid Okeke,ng NGA,DF,19,0,0,,,,,,,,,,,,,,,,Matches,FA Cup,2024-2025
3185bc10,Rhys Watson,,FW,,0,0,,,,,,,,,,,,,,,,Matches,FA Cup,2024-2025
4210b23e,Andrew Wogan,ie IRL,GK,18,0,0,,,,,,,,,,,,,,,,Matches,FA Cup,2024-2025
82518f62,Bruno Guimarães,br BRA,MF,26,38,38,"3,271",36.3,5,6,11,5,0,0,7,0,0.14,0.17,0.30,0.14,0.30,Matches,FA Cup,2024-2025
b2d31e83,Dan Burn,eng ENG,DF,32,37,37,"3,330",37.0,1,1,2,1,0,0,11,0,0.03,0.03,0.05,0.03,0.05,Matches,FA Cup,2024-2025
8e92be30,Alexander Isak,se SWE,FW,24,34,34,"2,756",30.6,23,6,29,19,4,4,1,0,0.75,0.20,0.95,0.62,0.82,Matches,FA Cup,2024-2025
c8aa95da,Fabian Schär,ch SUI,DF,32,34,33,"2,934",32.6,4,0,4,4,0,0,9,1,0.12,0.00,0.12,0.12,0.12,Matches,FA Cup,2024-2025
afed6722,Valentino Livramento,eng ENG,DF,21,37,32,"2,840",31.6,0,1,1,0,0,0,1,0,0.00,0.03,0.03,0.00,0.03,Matches,FA Cup,2024-2025
de112b84,Jacob Murphy,eng ENG,"FW,MF",29,35,31,"2,360",26.2,8,12,20,8,0,0,4,0,0.31,0.46,0.76,0.31,0.76,Matches,FA Cup,2024-2025
c17bfb65,Joelinton,br BRA,"MF,FW",27,29,29,"2,393",26.6,4,3,7,4,0,0,10,0,0.15,0.11,0.26,0.15,0.26,Matches,FA Cup,2024-2025
0db169ae,Sandro Tonali,it ITA,MF,24,36,28,"2,630",29.2,4,2,6,4,0,0,5,0,0.14,0.07,0.21,0.14,0.21,Matches,FA Cup,2024-2025
4b40d9ca,Nick Pope,eng ENG,GK,32,28,28,"2,520",28.0,0,0,0,0,0,0,2,0,0.00,0.00,0.00,0.00,0.00,Matches,FA Cup,2024-2025
2bd83368,Anthony Gordon,eng ENG,"FW,MF",23,34,28,"2,434",27.0,6,5,11,5,1,2,2,0,0.22,0.18,0.41,0.18,0.37,Matches,FA Cup,2024-2025
da011f18,Lewis Hall,eng ENG,DF,19,27,24,"2,189",24.3,0,4,4,0,0,0,3,0,0.00,0.16,0.16,0.00,0.16,Matches,FA Cup,2024-2025
3ea50f67,Harvey Barnes,eng ENG,"FW,MF",26,33,17,"1,755",19.5,9,4,13,9,0,0,0,0,0.46,0.21,0.67,0.46,0.67,Matches,FA Cup,2024-2025
21512407,Kieran Trippier,eng ENG,DF,33,25,14,"1,309",14.5,0,3,3,0,0,0,1,0,0.00,0.21,0.21,0.00,0.21,Matches,FA Cup,2024-2025
a3b03921,Joe Willock,eng ENG,MF,24,32,11,"1,086",12.1,0,2,2,0,0,0,4,0,0.00,0.17,0.17,0.00,0.17,Matches,FA Cup,2024-2025
3a949a25,Martin Dúbravka,sk SVK,GK,35,10,10,900,10.0,0,0,0,0,0,0,0,0,0.00,0.00,0.00,0.00,0.00,Matches,FA Cup,2024-2025
a2b105e0,Sean Longstaff,eng ENG,MF,26,25,8,798,8.9,0,0,0,0,0,0,2,0,0.00,0.00,0.00,0.00,0.00,Matches,FA Cup,2024-2025
ccce7025,Sven Botman,nl NED,DF,24,8,6,412,4.6,0,0,0,0,0,0,1,0,0.00,0.00,0.00,0.00,0.00,Matches,FA Cup,2024-2025
f31def1e,Lloyd Kelly,eng ENG,DF,25,10,4,303,3.4,0,1,1,0,0,0,2,0,0.00,0.30,0.30,0.00,0.30,Matches,FA Cup,2024-2025
c596fcb0,Callum Wilson,eng ENG,FW,32,18,2,370,4.1,0,0,0,0,0,0,1,0,0.00,0.00,0.00,0.00,0.00,Matches,FA Cup,2024-2025
77cf6852,Emil Krafth,se SWE,DF,29,12,2,342,3.8,0,0,0,0,0,0,2,0,0.00,0.00,0.00,0.00,0.00,Matches,FA Cup,2024-2025
2c6835e5,Lewis Miley,eng ENG,MF,18,14,1,313,3.5,1,0,1,1,0,0,0,0,0.29,0.00,0.29,0.29,0.29,Matches,FA Cup,2024-2025
862a1c15,Miguel Almirón,py PAR,FW,30,9,1,157,1.7,0,0,0,0,0,0,0,0,0.00,0.00,0.00,0.00,0.00,Matches,FA Cup,2024-2025
7b355808,William Osula,dk DEN,FW,20,14,0,134,1.5,1,0,1,1,0,0,0,0,0.67,0.00,0.67,0.67,0.67,Matches,FA Cup,2024-2025
e514ab62,Matt Targett,eng ENG,"DF,MF",28,2,0,21,0.2,0,0,0,0,0,0,0,0,0.00,0.00,0.00,0.00,0.00,Matches,FA Cup,2024-2025
450ab6fc,Jamaal Lascelles,eng ENG,DF,30,0,0,,,,,,,,,,,,,,,,Matches,FA Cup,2024-2025
f1c42eb3,Alex Murphy,ie IRL,DF,20,0,0,,,,,,,,,,,,,,,,Matches,FA Cup,2024-2025
ff392864,Sean Neave,eng ENG,FW,17,0,0,,,,,,,,,,,,,,,,Matches,FA Cup,2024-2025
da8b19e2,John Ruddy,eng ENG,GK,37,0,0,,,,,,,,,,,,,,,,Matches,FA Cup,2024-2025
5536f008,Leo Shahar,eng ENG,DF,17,0,0,,,,,,,,,,,,,,,,Matches,FA Cup,2024-2025
03df04ff,Odysseas Vlachodimos,gr GRE,GK,30,0,0,,,,,,,,,,,,,,,,Matches,FA Cup,2024-2025
525eb624,Marcus Dewhurst,eng ENG,GK,23,43,43,"3,870",43.0,0,0,0,0,0,0,3,0,0.00,0.00,0.00,0.00,0.00,Matches,FA Cup,2024-2025
acdec532,Cameron Hargreaves,eng ENG,MF,25,43,39,"3,413",37.9,5,3,8,5,0,0,7,1,0.13,0.08,0.21,0.13,0.21,Matches,FA Cup,2024-2025
0e1365b3,Josh Barrett,ie IRL,FW,26,38,33,"2,538",28.2,16,2,18,16,0,1,7,0,0.57,0.07,0.64,0.57,0.64,Matches,FA Cup,2024-2025
ab2ed7c9,Aaron Jones,eng ENG,"MF,DF",30,33,31,"2,724",30.3,1,0,1,1,0,0,11,2,0.03,0.00,0.03,0.03,0.03,Matches,FA Cup,2024-2025
f5f5a843,Theo Widdrington,eng ENG,"MF,DF",25,36,31,"2,693",29.9,1,3,4,0,1,2,15,1,0.03,0.10,0.13,0.00,0.10,Matches,FA Cup,2024-2025
eacfb653,Jack Barham,eng ENG,FW,28,44,30,"2,821",31.3,10,4,14,10,0,0,4,0,0.32,0.13,0.45,0.32,0.45,Matches,FA Cup,2024-2025
2bffdc2a,Tyler Frost,eng ENG,MF,25,37,29,"2,598",28.9,6,3,9,5,1,1,2,0,0.21,0.10,0.31,0.17,0.28,Matches,FA Cup,2024-2025
33c68da9,Ryan Jones,eng ENG,"MF,FW",22,39,28,"2,526",28.1,6,5,11,6,0,0,5,0,0.21,0.18,0.39,0.21,0.39,Matches,FA Cup,2024-2025
c354b50c,James Henry,eng ENG,"FW,MF",35,40,25,"2,150",23.9,13,7,20,13,0,0,6,0,0.54,0.29,0.84,0.54,0.84,Matches,FA Cup,2024-2025
0d824513,Christian Maghoma,cd COD,"DF,MF",26,23,21,"1,888",21.0,0,2,2,0,0,0,5,0,0.00,0.10,0.10,0.00,0.10,Matches,FA Cup,2024-2025
4df4375e,Oliver Scott,eng ENG,"DF,MF",23,24,21,"1,824",20.3,1,0,1,1,0,0,5,0,0.05,0.00,0.05,0.05,0.05,Matches,FA Cup,2024-2025
7d3b91e0,Luca Woodhouse,eng ENG,"DF,MF",20,20,20,"1,785",19.8,1,3,4,1,0,0,2,0,0.05,0.15,0.20,0.05,0.20,Matches,FA Cup,2024-2025
08d45bf7,Will Armitage,eng ENG,DF,19,20,20,"1,771",19.7,0,1,1,0,0,0,3,0,0.00,0.05,0.05,0.00,0.05,Matches,FA Cup,2024-2025
9c94fb5d,Dan Ellison,eng ENG,DF,19,22,18,"1,560",17.3,0,0,0,0,0,0,7,1,0.00,0.00,0.00,0.00,0.00,Matches,FA Cup,2024-2025
7c31a4b4,Ashley Akpan,eng ENG,"MF,DF",20,17,16,"1,450",16.1,1,3,4,1,0,0,1,0,0.06,0.19,0.25,0.06,0.25,Matches,FA Cup,2024-2025
3ce712c4,Lachlan Byrd,au AUS,DF,22,17,15,"1,372",15.2,0,0,0,0,0,0,2,0,0.00,0.00,0.00,0.00,0.00,Matches,FA Cup,2024-2025
b07a43b7,Hady Ghandour,lb LIB,FW,24,20,15,"1,360",15.1,3,1,4,3,0,0,1,0,0.20,0.07,0.26,0.20,0.26,Matches,FA Cup,2024-2025
0eb32994,Dejan Tetek,rs SRB,MF,21,22,13,"1,191",13.2,1,2,3,1,0,0,4,0,0.08,0.15,0.23,0.08,0.23,Matches,FA Cup,2024-2025
f84199b8,Kai Corbett,eng ENG,"FW,MF",21,34,11,"1,041",11.6,1,2,3,1,0,0,1,0,0.09,0.17,0.26,0.09,0.26,Matches,FA Cup,2024-2025
104e9490,Rollin Menayese,wls WAL,"DF,MF",26,12,10,"1,005",11.2,0,0,0,0,0,0,4,0,0.00,0.00,0.00,0.00,0.00,Matches,FA Cup,2024-2025
ed53f476,Keane Anderson,eng ENG,MF,20,9,7,584,6.5,0,0,0,0,0,0,1,0,0.00,0.00,0.00,0.00,0.00,Matches,FA Cup,2024-2025
1e901274,Luke Jenkins,eng ENG,"DF,MF",21,10,6,525,5.8,0,0,0,0,0,0,2,0,0.00,0.00,0.00,0.00,0.00,Matches,FA Cup,2024-2025
8a3be0f1,Ollie Harfield,eng ENG,DF,26,6,6,468,5.2,0,0,0,0,0,0,0,0,0.00,0.00,0.00,0.00,0.00,Matches,FA Cup,2024-2025
df5e7b4b,Maxwell Mullins,eng ENG,"DF,MF",21,32,5,675,7.5,1,2,3,1,0,0,3,0,0.13,0.27,0.40,0.13,0.40,Matches,FA Cup,2024-2025
90295964,Levi Laing,eng ENG,DF,21,4,4,258,2.9,0,0,0,0,0,0,0,0,0.00,0.00,0.00,0.00,0.00,Matches,FA Cup,2024-2025
42971f4b,Kwame Thomas,kn SKN,FW,28,8,3,460,5.1,1,0,1,1,0,0,1,0,0.20,0.00,0.20,0.20,0.20,Matches,FA Cup,2024-2025
de6b82d6,Jordi van Stappershoef,nl NED,GK,28,3,3,270,3.0,0,0,0,0,0,0,0,0,0.00,0.00,0.00,0.00,0.00,Matches,FA Cup,2024-2025
d4badd4f,Emmanuel Maja-Awesu,eng ENG,MF,23,9,1,252,2.8,0,0,0,0,0,0,1,0,0.00,0.00,0.00,0.00,0.00,Matches,FA Cup,2024-2025
cf25877b,Jonny Stuttle,eng ENG,FW,18,6,1,126,1.4,0,0,0,0,0,0,1,0,0.00,0.00,0.00,0.00,0.00,Matches,FA Cup,2024-2025
618e06d4,Oliver Bray,eng ENG,FW,21,6,1,107,1.2,0,1,1,0,0,0,0,0,0.00,0.84,0.84,0.00,0.84,Matches,FA Cup,2024-2025
82aa76ef,Brad Dolaghan,eng ENG,FW,19,3,0,63,0.7,0,0,0,0,0,0,0,0,0.00,0.00,0.00,0.00,0.00,Matches,FA Cup,2024-2025
e4526d3a,Tariq Uwakwe,eng ENG,MF,24,3,0,26,0.3,0,0,0,0,0,0,0,0,0.00,0.00,0.00,0.00,0.00,Matches,FA Cup,2024-2025
7b6a96f3,Haydon Vaughan,,MF,,2,0,5,0.1,0,0,0,0,0,0,0,0,0.00,0.00,0.00,0.00,0.00,Matches,FA Cup,2024-2025
a8dfb0a2,Patrick Nash,eng ENG,GK,20,0,0,,,,,,,,,,,,,,,,Matches,FA Cup,2024-2025
91f93151,Zion Nditi,tz TAN,MF,19,0,0,,,,,,,,,,,,,,,,Matches,FA Cup,2024-2025
a730db81,George Smith,eng ENG,DF,20,0,0,,,,,,,,,,,,,,,,Matches,FA Cup,2024-2025
6068431b,Cameron Humphreys,eng ENG,MF,20,42,40,"3,355",37.3,7,6,13,7,0,0,0,0,0.19,0.16,0.35,0.19,0.35,Matches,FA Cup,2024-2025
7723dee4,Joseph Low,wls WAL,DF,22,38,36,"3,240",36.0,4,0,4,4,0,0,7,0,0.11,0.00,0.11,0.11,0.11,Matches,FA Cup,2024-2025
4ed3f5c4,Caleb Taylor,eng ENG,DF,21,36,35,"3,175",35.3,3,0,3,3,0,0,4,0,0.09,0.00,0.09,0.09,0.09,Matches,FA Cup,2024-2025
60c484d0,Josh Scowen,eng ENG,MF,31,38,34,"2,945",32.7,0,5,5,0,0,0,6,0,0.00,0.15,0.15,0.00,0.15,Matches,FA Cup,2024-2025
b713a6b9,Richard Kone,ci CIV,FW,21,41,32,"2,745",30.5,18,3,21,14,4,6,4,0,0.59,0.10,0.69,0.46,0.56,Matches,FA Cup,2024-2025
9637ff84,Jack Grimmer,sct SCO,DF,30,37,32,"2,706",30.1,0,2,2,0,0,0,5,0,0.00,0.07,0.07,0.00,0.07,Matches,FA Cup,2024-2025
6606e7de,Luke Leahy,eng ENG,"MF,DF",31,39,30,"2,726",30.3,4,6,10,4,0,2,6,0,0.13,0.20,0.33,0.13,0.33,Matches,FA Cup,2024-2025
2856fd7f,Daniel Harvie,sct SCO,DF,26,30,30,"2,566",28.5,1,4,5,1,0,0,5,0,0.04,0.14,0.18,0.04,0.18,Matches,FA Cup,2024-2025
387d06b2,Fred Onyedinma,eng ENG,MF,27,39,28,"2,297",25.5,6,2,8,6,0,0,3,0,0.24,0.08,0.31,0.24,0.31,Matches,FA Cup,2024-2025
f9000823,Daniel Udoh,ng NGA,"FW,MF",27,41,27,"2,493",27.7,9,3,12,9,0,0,2,0,0.32,0.11,0.43,0.32,0.43,Matches,FA Cup,2024-2025
e76d0bfa,Franco Ravizzoli,ar ARG,GK,27,27,27,"2,430",27.0,0,0,0,0,0,0,1,0,0.00,0.00,0.00,0.00,0.00,Matches,FA Cup,2024-2025
3d383df8,Garath McCleary,jm JAM,"MF,FW",37,43,24,"2,249",25.0,4,5,9,4,0,0,1,0,0.16,0.20,0.36,0.16,0.36,Matches,FA Cup,2024-2025
dd17696c,Aaron Morley,eng ENG,MF,24,19,18,"1,648",18.3,2,4,6,1,1,1,1,0,0.11,0.22,0.33,0.05,0.27,Matches,FA Cup,2024-2025
c73ada83,Will Norris,eng ENG,GK,30,17,17,"1,530",17.0,0,0,0,0,0,0,0,0,0.00,0.00,0.00,0.00,0.00,Matches,FA Cup,2024-2025
94ffccb3,Sonny Bradley,eng ENG,DF,32,17,16,"1,458",16.2,1,0,1,1,0,0,2,1,0.06,0.00,0.06,0.06,0.06,Matches,FA Cup,2024-2025
6eea508b,Beryly Lubala,cd COD,MF,26,27,13,"1,176",13.1,4,0,4,4,0,0,4,0,0.31,0.00,0.31,0.31,0.31,Matches,FA Cup,2024-2025
2f0cfc9b,Xavier Simons,eng ENG,MF,21,14,12,"1,015",11.3,0,1,1,0,0,0,3,1,0.00,0.09,0.09,0.00,0.09,Matches,FA Cup,2024-2025
4808a2e9,Jasper Pattenden,eng ENG,"DF,MF",22,13,10,933,10.4,0,0,0,0,0,0,2,0,0.00,0.00,0.00,0.00,0.00,Matches,FA Cup,2024-2025
f918369c,Tyreeq Bakinson,eng ENG,MF,25,25,10,891,9.9,0,0,0,0,0,0,5,0,0.00,0.00,0.00,0.00,0.00,Matches,FA Cup,2024-2025
33a2d4dc,Adam Reach,eng ENG,"DF,MF",31,12,7,705,7.8,0,0,0,0,0,0,0,0,0.00,0.00,0.00,0.00,0.00,Matches,FA Cup,2024-2025
d618f2bb,Declan Skura,eng ENG,DF,22,8,5,546,6.1,0,1,1,0,0,0,0,0,0.00,0.16,0.16,0.00,0.16,Matches,FA Cup,2024-2025
a2c16128,Kieran Sadlier,ie IRL,"MF,FW",29,10,5,456,5.1,1,3,4,0,1,1,0,0,0.20,0.59,0.79,0.00,0.59,Matches,FA Cup,2024-2025
e0b1993c,Alex Hartridge,eng ENG,DF,25,6,5,418,4.6,0,1,1,0,0,0,3,1,0.00,0.22,0.22,0.00,0.22,Matches,FA Cup,2024-2025
b170cfa2,Matt Butcher,eng ENG,MF,27,13,3,263,2.9,0,0,0,0,0,0,0,0,0.00,0.00,0.00,0.00,0.00,Matches,FA Cup,2024-2025
c8cbcfb8,Gideon Kodua,eng ENG,"MF,DF",19,20,2,376,4.2,2,0,2,2,0,0,1,0,0.48,0.00,0.48,0.48,0.48,Matches,FA Cup,2024-2025
8e50599a,Alexander lowry,sct SCO,"MF,FW",21,9,2,268,3.0,0,0,0,0,0,0,3,0,0.00,0.00,0.00,0.00,0.00,Matches,FA Cup,2024-2025
bf713136,Nathan Bishop,eng ENG,GK,24,2,2,180,2.0,0,0,0,0,0,0,0,0,0.00,0.00,0.00,0.00,0.00,Matches,FA Cup,2024-2025
e58d5a69,Brandon Hanlan,eng ENG,FW,27,8,1,158,1.8,0,0,0,0,0,0,0,0,0.00,0.00,0.00,0.00,0.00,Matches,FA Cup,2024-2025
edcc71c2,David Wheeler,eng ENG,MF,33,5,1,97,1.1,0,0,0,0,0,0,0,0,0.00,0.00,0.00,0.00,0.00,Matches,FA Cup,2024-2025
328ad94f,Fin Back,eng ENG,DF,21,2,1,75,0.8,0,0,0,0,0,0,0,0,0.00,0.00,0.00,0.00,0.00,Matches,FA Cup,2024-2025
5ea55b5c,Ryan Tafazolli,eng ENG,DF,32,1,1,57,0.6,0,0,0,0,0,0,1,0,0.00,0.00,0.00,0.00,0.00,Matches,FA Cup,2024-2025
398aa184,Magnus Westergaard,dk DEN,MF,26,5,0,62,0.7,0,0,0,0,0,0,0,0,0.00,0.00,0.00,0.00,0.00,Matches,FA Cup,2024-2025
1d6ac165,Sam Vokes,wls WAL,FW,34,7,0,49,0.5,2,0,2,2,0,0,0,0,3.67,0.00,3.67,3.67,3.67,Matches,FA Cup,2024-2025
63741fb9,Jason McCarthy,eng ENG,"DF,MF",28,2,0,46,0.5,0,0,0,0,0,0,0,0,0.00,0.00,0.00,0.00,0.00,Matches,FA Cup,2024-2025
7d98d54f,James Berry,eng ENG,MF,23,3,0,37,0.4,0,0,0,0,0,0,0,0,0.00,0.00,0.00,0.00,0.00,Matches,FA Cup,2024-2025
a8af98e2,Jaiden Bartolo,gi GIB,FW,18,2,0,35,0.4,0,0,0,0,0,0,0,0,0.00,0.00,0.00,0.00,0.00,Matches,FA Cup,2024-2025
5c550ee1,Anders Hagelskjær,dk DEN,DF,27,2,0,25,0.3,0,0,0,0,0,0,0,0,0.00,0.00,0.00,0.00,0.00,Matches,FA Cup,2024-2025
602d7a2f,Shamal George,eng ENG,GK,26,0,0,,,,,,,,,,,,,,,,Matches,FA Cup,2024-2025
9e1898b7,Laurence Shala,xk KVX,GK,19,0,0,,,,,,,,,,,,,,,,Matches,FA Cup,2024-2025
868a4073,Remeao Hutton,eng ENG,"DF,MF",25,44,40,"3,664",40.7,1,2,3,1,0,0,10,0,0.02,0.05,0.07,0.02,0.07,Matches,FA Cup,2024-2025
73f16ec2,Max Clark,eng ENG,"DF,MF",28,40,39,"3,383",37.6,3,5,8,1,2,2,6,0,0.08,0.13,0.21,0.03,0.16,Matches,FA Cup,2024-2025
25256366,Robbie McKenzie,eng ENG,"MF,DF",25,39,37,"3,252",36.1,6,1,7,6,0,0,5,0,0.17,0.03,0.19,0.17,0.19,Matches,FA Cup,2024-2025
5060edd1,Glenn Morris,eng ENG,GK,40,36,35,"3,176",35.3,0,0,0,0,0,0,2,0,0.00,0.00,0.00,0.00,0.00,Matches,FA Cup,2024-2025
ca4d02c3,Max Ehmer,eng ENG,DF,32,35,33,"2,949",32.8,0,0,0,0,0,0,9,1,0.00,0.00,0.00,0.00,0.00,Matches,FA Cup,2024-2025
f0d8ee79,Elliott Nevitt,eng ENG,"FW,MF",27,36,31,"2,711",30.1,4,2,6,4,0,1,8,0,0.13,0.07,0.20,0.13,0.20,Matches,FA Cup,2024-2025
eb4f3f6d,Armani Little,eng ENG,MF,27,33,30,"2,713",30.1,2,2,4,2,0,0,11,0,0.07,0.07,0.13,0.07,0.13,Matches,FA Cup,2024-2025
24c034e1,Shadrach Ogie,ie IRL,DF,22,34,26,"2,450",27.2,0,0,0,0,0,0,5,0,0.00,0.00,0.00,0.00,0.00,Matches,FA Cup,2024-2025
db975607,Conor Masterson,ie IRL,DF,25,24,24,"2,067",23.0,1,2,3,1,0,0,2,0,0.04,0.09,0.13,0.04,0.13,Matches,FA Cup,2024-2025
240c5d98,Sam Gale,eng ENG,DF,19,22,22,"1,952",21.7,0,1,1,0,0,0,6,0,0.00,0.05,0.05,0.00,0.05,Matches,FA Cup,2024-2025
e64dfbd8,Jayden Clarke,eng ENG,MF,23,33,20,"1,894",21.0,7,1,8,7,0,0,6,0,0.33,0.05,0.38,0.33,0.38,Matches,FA Cup,2024-2025
7a3ccf60,Jack Nolan,eng ENG,MF,23,31,20,"1,703",18.9,1,3,4,1,0,0,1,0,0.05,0.16,0.21,0.05,0.21,Matches,FA Cup,2024-2025
425749a4,Joseph Gbode,eng ENG,"FW,MF",19,34,18,"1,791",19.9,3,0,3,3,0,0,7,1,0.15,0.00,0.15,0.15,0.15,Matches,FA Cup,2024-2025
87df2128,Ethan Coleman,eng ENG,MF,24,21,16,"1,435",15.9,0,0,0,0,0,0,5,1,0.00,0.00,0.00,0.00,0.00,Matches,FA Cup,2024-2025
596088c2,Andy Smith,sct SCO,DF,22,12,12,"1,080",12.0,0,0,0,0,0,0,2,0,0.00,0.00,0.00,0.00,0.00,Matches,FA Cup,2024-2025
f9d409a1,Jimmy Morgan,eng ENG,"MF,FW",18,16,10,762,8.5,2,0,2,2,0,0,2,0,0.24,0.00,0.24,0.24,0.24,Matches,FA Cup,2024-2025
4b6bcb0d,Aaron Rowe,eng ENG,"MF,FW",23,16,10,757,8.4,1,3,4,1,0,0,5,0,0.12,0.36,0.48,0.12,0.48,Matches,FA Cup,2024-2025
38c59353,Oliver Hawkins,eng ENG,"FW,DF",32,25,9,865,9.6,0,0,0,0,0,0,1,0,0.00,0.00,0.00,0.00,0.00,Matches,FA Cup,2024-2025
b34c52c3,Jake Turner,eng ENG,GK,25,9,9,765,8.5,0,0,0,0,0,0,1,0,0.00,0.00,0.00,0.00,0.00,Matches,FA Cup,2024-2025
49b8432c,Jonny Williams,wls WAL,MF,30,26,8,981,10.9,1,1,2,1,0,0,3,1,0.09,0.09,0.18,0.09,0.18,Matches,FA Cup,2024-2025
a752321e,George Lapslie,eng ENG,MF,26,15,8,741,8.2,2,0,2,2,0,0,3,0,0.24,0.00,0.24,0.24,0.24,Matches,FA Cup,2024-2025
fabed0b8,Timothée Dieng,fr FRA,MF,32,13,8,635,7.1,3,1,4,3,0,0,1,0,0.43,0.14,0.57,0.43,0.57,Matches,FA Cup,2024-2025
2533678d,Marcus Wyllie,eng ENG,"FW,MF",25,12,7,585,6.5,0,1,1,0,0,0,0,0,0.00,0.15,0.15,0.00,0.15,Matches,FA Cup,2024-2025
542d4f02,Bradley Dack,eng ENG,"MF,FW",30,19,5,672,7.5,1,1,2,1,0,0,3,0,0.13,0.13,0.27,0.13,0.27,Matches,FA Cup,2024-2025
a3d93f8a,Jacob Wakeling,eng ENG,FW,22,16,5,507,5.6,1,1,2,1,0,0,1,0,0.18,0.18,0.36,0.18,0.36,Matches,FA Cup,2024-2025
187af988,Euan Williams,nir NIR,MF,21,10,5,405,4.5,0,1,1,0,0,0,2,0,0.00,0.22,0.22,0.00,0.22,Matches,FA Cup,2024-2025
6a10efb3,Asher Agbinone,eng ENG,"MF,FW",18,6,5,329,3.7,0,0,0,0,0,0,0,0,0.00,0.00,0.00,0.00,0.00,Matches,FA Cup,2024-2025
0c42b8e1,Nelson Khumbeni,eng ENG,MF,21,10,4,341,3.8,0,0,0,0,0,0,1,0,0.00,0.00,0.00,0.00,0.00,Matches,FA Cup,2024-2025
b74b3067,Dominic Corness,eng ENG,MF,21,6,4,288,3.2,0,0,0,0,0,0,1,0,0.00,0.00,0.00,0.00,0.00,Matches,FA Cup,2024-2025
ae6ff51a,Josh Andrews,eng ENG,FW,22,12,2,278,3.1,0,0,0,0,0,0,1,0,0.00,0.00,0.00,0.00,0.00,Matches,FA Cup,2024-2025
d9f460c1,Taite Holtam,eng ENG,GK,19,2,2,180,2.0,0,0,0,0,0,0,0,0,0.00,0.00,0.00,0.00,0.00,Matches,FA Cup,2024-2025
a4aca0ff,Harry Webster,,DF,,2,2,147,1.6,0,0,0,0,0,0,0,0,0.00,0.00,0.00,0.00,0.00,Matches,FA Cup,2024-2025
f836a177,Luca Ashby-Hammond,eng ENG,GK,23,1,0,19,0.2,0,0,0,0,0,0,0,0,0.00,0.00,0.00,0.00,0.00,Matches,FA Cup,2024-2025
2d569e65,Alex Giles,eng ENG,DF,19,0,0,,,,,,,,,,,,,,,,Matches,FA Cup,2024-2025
23233700,Harry Waldock,,MF,,0,0,,,,,,,,,,,,,,,,Matches,FA Cup,2024-2025
1d042188,Dara O'Shea,ie IRL,DF,25,35,35,"3,122",34.7,0,2,2,0,0,0,6,0,0.00,0.06,0.06,0.00,0.06,Matches,FA Cup,2024-2025
8574c61f,Leif Davis,eng ENG,DF,24,33,32,"2,743",30.5,1,2,3,1,0,0,5,1,0.03,0.07,0.10,0.03,0.10,Matches,FA Cup,2024-2025
dd897ee7,Liam Delap,eng ENG,FW,21,37,32,"2,593",28.8,12,2,14,10,2,2,12,0,0.42,0.07,0.49,0.35,0.42,Matches,FA Cup,2024-2025
a23c0949,Sam Morsy,eg EGY,MF,32,33,31,"2,751",30.6,1,1,2,1,0,0,10,0,0.03,0.03,0.07,0.03,0.07,Matches,FA Cup,2024-2025
bd9553e6,Omari Hutchinson,eng ENG,MF,20,31,30,"2,583",28.7,3,2,5,3,0,0,5,0,0.10,0.07,0.17,0.10,0.17,Matches,FA Cup,2024-2025
1f169636,Jacob Greaves,eng ENG,DF,23,25,25,"2,205",24.5,1,0,1,1,0,0,5,0,0.04,0.00,0.04,0.04,0.04,Matches,FA Cup,2024-2025
928a4a61,Jens Cajuste,se SWE,MF,24,30,25,"1,959",21.8,1,1,2,1,0,0,2,0,0.05,0.05,0.09,0.05,0.09,Matches,FA Cup,2024-2025
2baec6ce,Axel Tuanzebe,cd COD,DF,26,22,20,"1,710",19.0,0,1,1,0,0,0,5,1,0.00,0.05,0.05,0.00,0.05,Matches,FA Cup,2024-2025
99aa1a84,Arijanet Muric,xk KVX,GK,25,18,18,"1,620",18.0,0,0,0,0,0,0,1,0,0.00,0.00,0.00,0.00,0.00,Matches,FA Cup,2024-2025
da61ca98,Cameron Burgess,au AUS,DF,28,18,16,"1,541",17.1,0,2,2,0,0,0,0,0,0.00,0.12,0.12,0.00,0.12,Matches,FA Cup,2024-2025
9319781b,Ben Johnson,eng ENG,"MF,DF",24,23,14,"1,354",15.0,1,2,3,1,0,0,5,1,0.07,0.13,0.20,0.07,0.20,Matches,FA Cup,2024-2025
4f565d77,Kalvin Phillips,eng ENG,MF,28,19,14,"1,237",13.7,0,0,0,0,0,0,6,1,0.00,0.00,0.00,0.00,0.00,Matches,FA Cup,2024-2025
6ea97fd5,Alex Palmer,eng ENG,GK,27,13,13,"1,170",13.0,0,0,0,0,0,0,2,0,0.00,0.00,0.00,0.00,0.00,Matches,FA Cup,2024-2025
39944392,Sammie Szmodics,ie IRL,MF,28,20,13,992,11.0,4,0,4,4,0,0,2,0,0.36,0.00,0.36,0.36,0.36,Matches,FA Cup,2024-2025
e28e9bec,Luke Woolfenden,eng ENG,DF,25,15,12,"1,187",13.2,0,0,0,0,0,0,2,0,0.00,0.00,0.00,0.00,0.00,Matches,FA Cup,2024-2025
e16932d8,Jack Clarke,eng ENG,MF,23,32,12,"1,181",13.1,0,4,4,0,0,0,2,0,0.00,0.30,0.30,0.00,0.30,Matches,FA Cup,2024-2025
b3fe23c6,Wes Burns,wls WAL,MF,29,18,12,926,10.3,0,1,1,0,0,0,1,0,0.00,0.10,0.10,0.00,0.10,Matches,FA Cup,2024-2025
9cfbad36,Julio Enciso,py PAR,MF,20,13,12,869,9.7,2,3,5,2,0,0,3,0,0.21,0.31,0.52,0.21,0.52,Matches,FA Cup,2024-2025
4ec55b87,Conor Chaplin,eng ENG,"MF,FW",27,22,10,857,9.5,1,1,2,1,0,0,2,0,0.11,0.11,0.21,0.11,0.21,Matches,FA Cup,2024-2025
43309491,Nathan Broadhead,wls WAL,MF,26,18,7,702,7.8,2,0,2,2,0,0,1,0,0.26,0.00,0.26,0.26,0.26,Matches,FA Cup,2024-2025
c666574f,Christian Walton,eng ENG,GK,28,7,7,630,7.0,0,0,0,0,0,0,0,0,0.00,0.00,0.00,0.00,0.00,Matches,FA Cup,2024-2025
78e87179,George Hirst,sct SCO,FW,25,26,5,661,7.3,3,1,4,3,0,0,3,0,0.41,0.14,0.54,0.41,0.54,Matches,FA Cup,2024-2025
19f4d211,Jaden Philogene Bidace,eng ENG,MF,22,10,5,474,5.3,2,0,2,2,0,0,1,0,0.38,0.00,0.38,0.38,0.38,Matches,FA Cup,2024-2025
48eed8d5,Jack Taylor,ie IRL,MF,26,32,4,860,9.6,1,0,1,1,0,0,4,0,0.10,0.00,0.10,0.10,0.10,Matches,FA Cup,2024-2025
a64f2573,Harry Clarke,eng ENG,DF,23,7,4,379,4.2,0,0,0,0,0,0,3,1,0.00,0.00,0.00,0.00,0.00,Matches,FA Cup,2024-2025
4dc4f138,Conor Townsend,eng ENG,DF,31,6,3,335,3.7,0,1,1,0,0,0,1,0,0.00,0.27,0.27,0.00,0.27,Matches,FA Cup,2024-2025
788c0277,Chiedozie Ogbene,ie IRL,MF,27,5,3,238,2.6,0,0,0,0,0,0,0,0,0.00,0.00,0.00,0.00,0.00,Matches,FA Cup,2024-2025
967ac6e1,Massimo Luongo,au AUS,MF,31,11,2,201,2.2,0,0,0,0,0,0,0,0,0.00,0.00,0.00,0.00,0.00,Matches,FA Cup,2024-2025
9f7c837d,Ben Godfrey,eng ENG,DF,26,3,2,159,1.8,0,0,0,0,0,0,1,0,0.00,0.00,0.00,0.00,0.00,Matches,FA Cup,2024-2025
8450467d,Ali Al Hamadi,iq IRQ,FW,22,11,0,134,1.5,0,0,0,0,0,0,3,0,0.00,0.00,0.00,0.00,0.00,Matches,FA Cup,2024-2025
90e9ca3d,Marcus Harness,eng ENG,"FW,MF",28,2,0,45,0.5,0,0,0,0,0,0,0,0,0.00,0.00,0.00,0.00,0.00,Matches,FA Cup,2024-2025
46ff3923,George Edmundson,eng ENG,DF,26,1,0,2,0.0,0,0,0,0,0,0,0,0,0.00,0.00,0.00,0.00,0.00,Matches,FA Cup,2024-2025
6115a18a,Somto Boniface,eng ENG,DF,18,0,0,,,,,,,,,,,,,,,,Matches,FA Cup,2024-2025
02aed921,Cieran Slicker,sct SCO,GK,21,0,0,,,,,,,,,,,,,,,,Matches,FA Cup,2024-2025
648a86b4,Tom Taylor,,MF,,0,0,,,,,,,,,,,,,,,,Matches,FA Cup,2024-2025
41017ad5,Luke Garbutt,eng ENG,"DF,MF",31,41,40,"3,555",39.5,3,4,7,3,0,0,9,0,0.08,0.10,0.18,0.08,0.18,Matches,FA Cup,2024-2025
205f2e2a,Tyrese Fornah,sl SLE,MF,24,40,39,"3,494",38.8,1,4,5,1,0,0,10,2,0.03,0.10,0.13,0.03,0.13,Matches,FA Cup,2024-2025
467bc3c3,Haji Mnoga,tz TAN,"MF,DF",22,39,33,"2,877",32.0,1,4,5,1,0,0,12,0,0.03,0.13,0.16,0.03,0.16,Matches,FA Cup,2024-2025
ed1f0d0f,Curtis Tilt,jm JAM,DF,32,37,32,"2,909",32.3,1,0,1,1,0,0,12,2,0.03,0.00,0.03,0.03,0.03,Matches,FA Cup,2024-2025
d42bffd4,Cole Stockton,eng ENG,FW,30,38,32,"2,614",29.0,15,2,17,15,0,0,3,0,0.52,0.07,0.59,0.52,0.59,Matches,FA Cup,2024-2025
6da942ce,Ossama Ashley,eng ENG,MF,23,33,31,"2,515",27.9,1,5,6,1,0,0,13,0,0.04,0.18,0.21,0.04,0.21,Matches,FA Cup,2024-2025
2ff5555c,Kelly N'Mai,nl NED,"MF,FW",20,32,28,"2,461",27.3,9,4,13,9,0,0,11,0,0.33,0.15,0.48,0.33,0.48,Matches,FA Cup,2024-2025
8aadeaef,Ben Woodburn,wls WAL,"MF,FW",24,33,27,"2,058",22.9,3,6,9,3,0,0,7,0,0.13,0.26,0.39,0.13,0.39,Matches,FA Cup,2024-2025
00ebecc3,Stephan Negru,md MDA,DF,22,30,26,"2,363",26.3,0,0,0,0,0,0,1,0,0.00,0.00,0.00,0.00,0.00,Matches,FA Cup,2024-2025
8bba5887,Jamie Jones,eng ENG,GK,35,26,26,"2,340",26.0,0,0,0,0,0,0,1,0,0.00,0.00,0.00,0.00,0.00,Matches,FA Cup,2024-2025
042d182c,Hakeeb Adelakun,eng ENG,"FW,MF",28,30,23,"2,182",24.2,13,3,16,8,5,5,1,1,0.54,0.12,0.66,0.33,0.45,Matches,FA Cup,2024-2025
1d8e6790,Matt Young,eng ENG,GK,17,20,20,"1,800",20.0,0,0,0,0,0,0,1,0,0.00,0.00,0.00,0.00,0.00,Matches,FA Cup,2024-2025
de9b2ee6,Liam Shephard,wls WAL,DF,29,22,20,"1,601",17.8,1,1,2,1,0,0,2,0,0.06,0.06,0.11,0.06,0.11,Matches,FA Cup,2024-2025
7ae11051,Kylian Kouassi,eng ENG,FW,21,27,16,"1,713",19.0,3,2,5,3,0,0,6,1,0.16,0.11,0.26,0.16,0.26,Matches,FA Cup,2024-2025
67f4129a,Matty Lund,nir NIR,MF,33,37,14,"1,585",17.6,4,2,6,4,0,0,9,0,0.23,0.11,0.34,0.23,0.34,Matches,FA Cup,2024-2025
e8e96ecf,Jon Taylor,eng ENG,MF,32,28,13,"1,200",13.3,1,1,2,1,0,0,4,0,0.07,0.07,0.15,0.07,0.15,Matches,FA Cup,2024-2025
01f86799,Joshua Austerfield,eng ENG,"MF,DF",22,21,12,"1,212",13.5,0,0,0,0,0,0,3,0,0.00,0.00,0.00,0.00,0.00,Matches,FA Cup,2024-2025
5dc37d9d,Conor McAleny,eng ENG,"MF,FW",31,27,11,"1,008",11.2,1,2,3,1,0,0,2,0,0.09,0.18,0.27,0.09,0.27,Matches,FA Cup,2024-2025
44270870,Francis Okoronkwo,eng ENG,FW,19,22,11,998,11.1,3,0,3,3,0,0,1,0,0.27,0.00,0.27,0.27,0.27,Matches,FA Cup,2024-2025
1b780599,Tom Edwards,eng ENG,DF,25,19,10,930,10.3,0,0,0,0,0,0,3,0,0.00,0.00,0.00,0.00,0.00,Matches,FA Cup,2024-2025
8e633970,Lewis Warrington,eng ENG,MF,21,16,8,834,9.3,1,0,1,1,0,0,4,0,0.11,0.00,0.11,0.11,0.11,Matches,FA Cup,2024-2025
b25ab409,Rosaire Longelo-Mbule,eng ENG,"MF,FW",24,16,8,784,8.7,0,0,0,0,0,0,1,0,0.00,0.00,0.00,0.00,0.00,Matches,FA Cup,2024-2025
887a0c04,Kevin Berkoe,eng ENG,"MF,DF",23,15,8,642,7.1,0,0,0,0,0,0,0,0,0.00,0.00,0.00,0.00,0.00,Matches,FA Cup,2024-2025
11a3526b,Ryan Watson,eng ENG,MF,31,18,8,598,6.6,0,0,0,0,0,0,1,0,0.00,0.00,0.00,0.00,0.00,Matches,FA Cup,2024-2025
240c8ab6,Daniel Chesters,eng ENG,"MF,DF",22,7,5,448,5.0,0,1,1,0,0,0,2,0,0.00,0.20,0.20,0.00,0.20,Matches,FA Cup,2024-2025
0466c547,Junior Luamba,eng ENG,MF,21,10,3,310,3.4,1,0,1,1,0,0,0,0,0.29,0.00,0.29,0.29,0.29,Matches,FA Cup,2024-2025
a21093e1,Liam Humbles,eng ENG,MF,20,1,1,90,1.0,0,0,0,0,0,0,0,0,0.00,0.00,0.00,0.00,0.00,Matches,FA Cup,2024-2025
5a5f710a,Tosin Olopade,ng NGA,DF,19,1,1,90,1.0,0,0,0,0,0,0,1,0,0.00,0.00,0.00,0.00,0.00,Matches,FA Cup,2024-2025
bfa847c8,Will Wright,,FW,,2,0,69,0.8,0,0,0,0,0,0,1,0,0.00,0.00,0.00,0.00,0.00,Matches,FA Cup,2024-2025
336a0cb7,Marcus Dackers,wls WAL,FW,21,3,0,59,0.7,0,0,0,0,0,0,0,0,0.00,0.00,0.00,0.00,0.00,Matches,FA Cup,2024-2025
2034e679,Kyrell Malcolm,,MF,,2,0,55,0.6,0,0,0,0,0,0,0,0,0.00,0.00,0.00,0.00,0.00,Matches,FA Cup,2024-2025
1b11e457,Jai Curran Nicholls,eng ENG,DF,20,1,0,29,0.3,0,0,0,0,0,0,0,0,0.00,0.00,0.00,0.00,0.00,Matches,FA Cup,2024-2025
417fce94,James Carr,eng ENG,GK,18,0,0,,,,,,,,,,,,,,,,Matches,FA Cup,2024-2025
a772eba6,James Chester,wls WAL,DF,35,0,0,,,,,,,,,,,,,,,,Matches,FA Cup,2024-2025
b97f0be7,Alex Gilbey,eng ENG,"MF,FW",29,42,42,"3,755",41.7,11,1,12,11,0,0,9,0,0.26,0.02,0.29,0.26,0.29,Matches,FA Cup,2024-2025
99286336,Luke Offord,eng ENG,DF,24,42,42,"3,680",40.9,3,0,3,3,0,0,10,0,0.07,0.00,0.07,0.07,0.07,Matches,FA Cup,2024-2025
6b5e3b10,Joe Tomlinson,eng ENG,"MF,DF",24,40,38,"3,276",36.4,5,2,7,4,1,1,3,0,0.14,0.05,0.19,0.11,0.16,Matches,FA Cup,2024-2025
14c2e443,Aaron Nemane,eng ENG,MF,26,40,36,"2,988",33.2,0,9,9,0,0,0,7,0,0.00,0.27,0.27,0.00,0.27,Matches,FA Cup,2024-2025
b50f7d40,Liam Kelly,ie IRL,MF,28,37,31,"2,558",28.4,1,3,4,1,0,0,1,0,0.04,0.11,0.14,0.04,0.14,Matches,FA Cup,2024-2025
6b76fdef,Connor Lemonheigh-Evans,wls WAL,"MF,DF",27,34,29,"2,598",28.9,2,0,2,2,0,0,6,0,0.07,0.00,0.07,0.07,0.07,Matches,FA Cup,2024-2025
7af38e0e,Laurence Maguire,eng ENG,DF,27,30,29,"2,549",28.3,1,2,3,1,0,0,4,0,0.04,0.07,0.11,0.04,0.11,Matches,FA Cup,2024-2025
4eb2d015,Tom McGill,eng ENG,GK,24,25,25,"2,250",25.0,0,0,0,0,0,0,0,0,0.00,0.00,0.00,0.00,0.00,Matches,FA Cup,2024-2025
cdda4027,Scott Hogan,ie IRL,FW,32,33,25,"2,223",24.7,8,1,9,8,0,0,1,0,0.32,0.04,0.36,0.32,0.36,Matches,FA Cup,2024-2025
d60c03a9,Joe White,eng ENG,MF,21,34,23,"1,955",21.7,6,2,8,6,0,0,5,0,0.28,0.09,0.37,0.28,0.37,Matches,FA Cup,2024-2025
981b7cc2,Nico Lawrence,eng ENG,DF,20,22,22,"1,955",21.7,0,0,0,0,0,0,2,0,0.00,0.00,0.00,0.00,0.00,Matches,FA Cup,2024-2025
0c4f30d6,Daniel Crowley,eng ENG,MF,26,18,18,"1,577",17.5,0,3,3,0,0,0,2,0,0.00,0.17,0.17,0.00,0.17,Matches,FA Cup,2024-2025
518e241c,Callum Hendry,sct SCO,"FW,MF",26,29,15,"1,411",15.7,3,2,5,3,0,0,7,1,0.19,0.13,0.32,0.19,0.32,Matches,FA Cup,2024-2025
b454b9b0,Jack Sanders,eng ENG,DF,25,13,13,"1,170",13.0,1,0,1,1,0,0,3,0,0.08,0.00,0.08,0.08,0.08,Matches,FA Cup,2024-2025
f71762fc,Connal Trueman,eng ENG,GK,28,13,13,"1,170",13.0,0,0,0,0,0,0,1,0,0.00,0.00,0.00,0.00,0.00,Matches,FA Cup,2024-2025
072ee643,Kane Thompson-Sommers,eng ENG,MF,23,23,11,"1,133",12.6,2,0,2,2,0,0,4,0,0.16,0.00,0.16,0.16,0.16,Matches,FA Cup,2024-2025
61c3df1f,Danilo Orsi-Dadamo,eng ENG,FW,28,18,10,932,10.4,3,0,3,3,0,0,1,0,0.29,0.00,0.29,0.29,0.29,Matches,FA Cup,2024-2025
a620322e,Sam Sherring,eng ENG,DF,24,10,9,839,9.3,0,0,0,0,0,0,2,0,0.00,0.00,0.00,0.00,0.00,Matches,FA Cup,2024-2025
a0f1ccb2,Jay Williams,kn SKN,MF,23,10,9,705,7.8,0,1,1,0,0,0,4,0,0.00,0.13,0.13,0.00,0.13,Matches,FA Cup,2024-2025
c43701a0,Stephen Wearne,eng ENG,"MF,FW",23,11,9,679,7.5,0,0,0,0,0,0,2,0,0.00,0.00,0.00,0.00,0.00,Matches,FA Cup,2024-2025
97090f78,Craig MacGillivray,sct SCO,GK,31,8,8,720,8.0,0,0,0,0,0,0,0,0,0.00,0.00,0.00,0.00,0.00,Matches,FA Cup,2024-2025
332d1480,Jack Tucker,eng ENG,DF,24,9,7,693,7.7,0,0,0,0,0,0,1,0,0.00,0.00,0.00,0.00,0.00,Matches,FA Cup,2024-2025
287509c9,Tommy Leigh,eng ENG,"FW,MF",24,12,7,539,6.0,1,4,5,1,0,0,1,0,0.17,0.67,0.83,0.17,0.83,Matches,FA Cup,2024-2025
4c480be6,Callum Tripp,eng ENG,"DF,MF",17,7,5,424,4.7,0,0,0,0,0,0,1,0,0.00,0.00,0.00,0.00,0.00,Matches,FA Cup,2024-2025
9f630ff6,Charlie Waller,eng ENG,DF,19,8,4,452,5.0,0,0,0,0,0,0,1,0,0.00,0.00,0.00,0.00,0.00,Matches,FA Cup,2024-2025
bdc91db2,Jordan Williams,wls WAL,"MF,DF",28,13,4,396,4.4,1,0,1,1,0,0,1,0,0.23,0.00,0.23,0.23,0.23,Matches,FA Cup,2024-2025
e0b5d31b,Travis Patterson,eng ENG,"MF,DF",18,7,4,387,4.3,0,0,0,0,0,0,3,0,0.00,0.00,0.00,0.00,0.00,Matches,FA Cup,2024-2025
c9408be8,Ellis Harrison,wls WAL,"FW,MF",30,19,3,518,5.8,2,1,3,2,0,0,2,1,0.35,0.17,0.52,0.35,0.52,Matches,FA Cup,2024-2025
5a1900a4,Tom Carroll,eng ENG,MF,32,14,3,485,5.4,0,2,2,0,0,0,0,0,0.00,0.37,0.37,0.00,0.37,Matches,FA Cup,2024-2025
345fc437,Tommi O'Reilly,eng ENG,MF,20,16,3,479,5.3,1,0,1,1,0,0,4,0,0.19,0.00,0.19,0.19,0.19,Matches,FA Cup,2024-2025
05f6be0b,Joe Pritchard,eng ENG,MF,27,4,3,182,2.0,0,1,1,0,0,0,0,0,0.00,0.49,0.49,0.00,0.49,Matches,FA Cup,2024-2025
76b5cbbd,Jonathan Leko,eng ENG,"MF,FW",25,9,2,254,2.8,0,0,0,0,0,0,1,0,0.00,0.00,0.00,0.00,0.00,Matches,FA Cup,2024-2025
2dc5fc1c,Dean Lewington,eng ENG,DF,40,6,2,210,2.3,0,0,0,0,0,0,1,0,0.00,0.00,0.00,0.00,0.00,Matches,FA Cup,2024-2025
89a323f2,Nathan Thompson,eng ENG,DF,33,2,2,114,1.3,0,0,0,0,0,0,1,0,0.00,0.00,0.00,0.00,0.00,Matches,FA Cup,2024-2025
3e04dfad,Sonny Finch,eng ENG,FW,18,6,0,142,1.6,1,0,1,1,0,0,0,0,0.63,0.00,0.63,0.63,0.63,Matches,FA Cup,2024-2025
ba9f861a,Brooklyn Ilunga,eng ENG,FW,20,3,0,68,0.8,0,0,0,0,0,0,0,0,0.00,0.00,0.00,0.00,0.00,Matches,FA Cup,2024-2025
c97c3a37,Matthew Dennis,eng ENG,FW,22,2,0,34,0.4,0,0,0,0,0,0,0,0,0.00,0.00,0.00,0.00,0.00,Matches,FA Cup,2024-2025
cce0ae26,Nathan Harness,eng ENG,GK,24,0,0,,,,,,,,,,,,,,,,Matches,FA Cup,2024-2025
85e5a567,Damerai Hurditt,,MF,,0,0,,,,,,,,,,,,,,,,Matches,FA Cup,2024-2025
bfefe19b,Keon Lewis-Burgess,eng ENG,MF,17,0,0,,,,,,,,,,,,,,,,Matches,FA Cup,2024-2025
356bba6d,Sebastian Stacey,eng ENG,GK,18,0,0,,,,,,,,,,,,,,,,Matches,FA Cup,2024-2025
0ad53bdc,Milos Kerkez,hu HUN,DF,20,38,38,"3,336",37.1,2,5,7,2,0,0,4,0,0.05,0.13,0.19,0.05,0.19,Matches,FA Cup,2024-2025
efd2ec23,Antoine Semenyo,gh GHA,MF,24,37,36,"3,203",35.6,11,5,16,11,0,0,9,0,0.31,0.14,0.45,0.31,0.45,Matches,FA Cup,2024-2025
88968486,Illia Zabarnyi,ua UKR,DF,21,36,35,"3,109",34.5,0,1,1,0,0,0,4,1,0.00,0.03,0.03,0.00,0.03,Matches,FA Cup,2024-2025
2afc7272,Lewis Cook,eng ENG,"MF,DF",27,36,32,"2,978",33.1,1,3,4,1,0,0,8,1,0.03,0.09,0.12,0.03,0.12,Matches,FA Cup,2024-2025
28d596a0,Kepa Arrizabalaga,es ESP,GK,29,31,31,"2,790",31.0,0,0,0,0,0,0,3,0,0.00,0.00,0.00,0.00,0.00,Matches,FA Cup,2024-2025
4c3a6744,Justin Kluivert,nl NED,MF,25,34,29,"2,340",26.0,12,6,18,6,6,6,8,0,0.46,0.23,0.69,0.23,0.46,Matches,FA Cup,2024-2025
6f3cc2fe,Evanilson,br BRA,FW,24,31,28,"2,319",25.8,10,1,11,10,0,1,1,1,0.39,0.04,0.43,0.39,0.43,Matches,FA Cup,2024-2025
26ce2263,Ryan Christie,sct SCO,MF,29,29,27,"2,117",23.5,2,3,5,2,0,0,9,0,0.09,0.13,0.21,0.09,0.21,Matches,FA Cup,2024-2025
87278bce,Dean Huijsen,es ESP,DF,19,32,26,"2,427",27.0,3,2,5,3,0,0,10,0,0.11,0.07,0.19,0.11,0.19,Matches,FA Cup,2024-2025
2f9e4435,Dango Ouattara,bf BFA,"MF,FW",22,32,21,"2,005",22.3,7,4,11,7,0,0,3,0,0.31,0.18,0.49,0.31,0.49,Matches,FA Cup,2024-2025
2b09d998,Tyler Adams,us USA,MF,25,28,21,"1,965",21.8,0,3,3,0,0,0,7,0,0.00,0.14,0.14,0.00,0.14,Matches,FA Cup,2024-2025
5c0da4a4,Marcus Tavernier,eng ENG,MF,25,29,20,"1,939",21.5,3,5,8,3,0,0,6,0,0.14,0.23,0.37,0.14,0.37,Matches,FA Cup,2024-2025
20b104bc,Adam Smith,eng ENG,DF,33,25,19,"1,590",17.7,0,0,0,0,0,0,7,0,0.00,0.00,0.00,0.00,0.00,Matches,FA Cup,2024-2025
35141f4c,Marcos Senesi,ar ARG,DF,27,17,13,"1,106",12.3,0,0,0,0,0,0,5,0,0.00,0.00,0.00,0.00,0.00,Matches,FA Cup,2024-2025
dc4cae05,David Brooks,wls WAL,MF,27,29,9,960,10.7,2,0,2,2,0,0,3,0,0.19,0.00,0.19,0.19,0.19,Matches,FA Cup,2024-2025
104d0bb8,Alex Scott,eng ENG,MF,20,20,8,755,8.4,0,0,0,0,0,0,3,0,0.00,0.00,0.00,0.00,0.00,Matches,FA Cup,2024-2025
8f4541c2,Julian Araujo,mx MEX,DF,22,12,7,497,5.5,0,0,0,0,0,0,2,0,0.00,0.00,0.00,0.00,0.00,Matches,FA Cup,2024-2025
69942fb3,James Hill,eng ENG,DF,22,10,6,448,5.0,0,1,1,0,0,0,1,0,0.00,0.20,0.20,0.00,0.20,Matches,FA Cup,2024-2025
fe558029,Mark Travers,ie IRL,GK,25,5,5,450,5.0,0,0,0,0,0,0,0,0,0.00,0.00,0.00,0.00,0.00,Matches,FA Cup,2024-2025
f8eca1b6,Enes Ünal,tr TUR,FW,27,17,2,345,3.8,2,1,3,2,0,0,2,0,0.52,0.26,0.78,0.52,0.78,Matches,FA Cup,2024-2025
a9dc785c,Neto,br BRA,GK,35,2,2,180,2.0,0,0,0,0,0,0,0,0,0.00,0.00,0.00,0.00,0.00,Matches,FA Cup,2024-2025
8e16dd48,Luis Sinisterra,co COL,MF,25,12,1,236,2.6,1,1,2,1,0,0,0,0,0.38,0.38,0.76,0.38,0.76,Matches,FA Cup,2024-2025
d328a254,Philip Billing,dk DEN,MF,28,10,1,184,2.0,0,0,0,0,0,0,1,0,0.00,0.00,0.00,0.00,0.00,Matches,FA Cup,2024-2025
774cf58b,Max Aarons,eng ENG,DF,24,3,1,86,1.0,0,0,0,0,0,0,0,0,0.00,0.00,0.00,0.00,0.00,Matches,FA Cup,2024-2025
03edb878,Daniel Jebbison,ca CAN,FW,20,16,0,119,1.3,1,0,1,1,0,0,1,0,0.76,0.00,0.76,0.76,0.76,Matches,FA Cup,2024-2025
ba31eee2,Ben Winterburn,eng ENG,MF,19,4,0,24,0.3,0,0,0,0,0,0,0,0,0.00,0.00,0.00,0.00,0.00,Matches,FA Cup,2024-2025
98c8559a,Julio Soler,ar ARG,DF,19,3,0,11,0.1,0,0,0,0,0,0,0,0,0.00,0.00,0.00,0.00,0.00,Matches,FA Cup,2024-2025
1db75ccb,Remy Rees-Dottin,eng ENG,FW,18,1,0,1,0.0,0,0,0,0,0,0,0,0,0.00,0.00,0.00,0.00,0.00,Matches,FA Cup,2024-2025
2f5fa231,Zain Silcott-Duberry,ms MSR,MF,19,1,0,1,0.0,0,0,0,0,0,0,0,0,0.00,0.00,0.00,0.00,0.00,Matches,FA Cup,2024-2025
2093823e,Daniel Adu-Adjei,eng ENG,FW,19,0,0,,,,,,,,,,,,,,,,Matches,FA Cup,2024-2025
cfed08d5,Matai Akinmboni,us USA,DF,17,0,0,,,,,,,,,,,,,,,,Matches,FA Cup,2024-2025
e4238fb1,Jaidon Anthony,eng ENG,"FW,MF",24,0,0,,,,,,,,,,,,,,,,Matches,FA Cup,2024-2025
d8edc4be,Will Dennis,eng ENG,GK,24,0,0,,,,,,,,,,,,,,,,Matches,FA Cup,2024-2025
8eab81d9,Archie Harris,wls WAL,DF,19,0,0,,,,,,,,,,,,,,,,Matches,FA Cup,2024-2025
570bb4b9,Hamed Junior Traorè,ci CIV,MF,24,0,0,,,,,,,,,,,,,,,,Matches,FA Cup,2024-2025
9d316492,Callan Mckenna,sct SCO,GK,17,0,0,,,,,,,,,,,,,,,,Matches,FA Cup,2024-2025
54778940,Dominic Sadi,eng ENG,MF,20,0,0,,,,,,,,,,,,,,,,Matches,FA Cup,2024-2025
ed46ab76,Maxwell Wellings,eng ENG,DF,19,0,0,,,,,,,,,,,,,,,,Matches,FA Cup,2024-2025
d0f72bf1,Max Kilman,eng ENG,DF,27,38,38,"3,348",37.2,0,1,1,0,0,0,5,0,0.00,0.03,0.03,0.00,0.03,Matches,FA Cup,2024-2025
9e525177,Aaron Wan-Bissaka,cd COD,"DF,MF",26,36,35,"3,154",35.0,2,5,7,2,0,0,1,0,0.06,0.14,0.20,0.06,0.20,Matches,FA Cup,2024-2025
79c84d1c,Jarrod Bowen,eng ENG,"MF,FW",27,34,34,"2,973",33.0,13,8,21,12,1,1,1,0,0.39,0.24,0.64,0.36,0.61,Matches,FA Cup,2024-2025
b62878a5,Mohammed Kudus,gh GHA,"MF,FW",23,32,31,"2,590",28.8,5,3,8,5,0,0,2,1,0.17,0.10,0.28,0.17,0.28,Matches,FA Cup,2024-2025
6613c819,Tomáš Souček,cz CZE,MF,29,35,30,"2,567",28.5,9,1,10,9,0,0,8,0,0.32,0.04,0.35,0.32,0.35,Matches,FA Cup,2024-2025
9b6f7fd5,Lucas Paquetá,br BRA,"MF,FW",26,33,27,"2,380",26.4,4,0,4,2,2,2,10,0,0.15,0.00,0.15,0.08,0.08,Matches,FA Cup,2024-2025
e0bc6fdc,Emerson Palmieri,it ITA,"DF,MF",29,31,26,"2,113",23.5,2,1,3,2,0,0,5,0,0.09,0.04,0.13,0.09,0.13,Matches,FA Cup,2024-2025
2f965a72,Alphonse Areola,fr FRA,GK,31,26,25,"2,260",25.1,0,0,0,0,0,0,0,0,0.00,0.00,0.00,0.00,0.00,Matches,FA Cup,2024-2025
00963611,Konstantinos Mavropanos,gr GRE,DF,26,33,21,"2,045",22.7,0,0,0,0,0,0,6,1,0.00,0.00,0.00,0.00,0.00,Matches,FA Cup,2024-2025
88f130ed,Jean-Clair Todibo,fr FRA,DF,24,27,20,"1,825",20.3,0,0,0,0,0,0,3,0,0.00,0.00,0.00,0.00,0.00,Matches,FA Cup,2024-2025
8b3ab7ad,Edson Álvarez,mx MEX,MF,26,28,20,"1,772",19.7,0,1,1,0,0,0,9,1,0.00,0.05,0.05,0.00,0.05,Matches,FA Cup,2024-2025
34e393f2,Guido Rodríguez,ar ARG,MF,30,23,16,"1,149",12.8,0,1,1,0,0,0,6,0,0.00,0.08,0.08,0.00,0.08,Matches,FA Cup,2024-2025
fed17f5a,Carlos Soler,es ESP,MF,27,31,14,"1,409",15.7,1,1,2,1,0,0,6,0,0.06,0.06,0.13,0.06,0.13,Matches,FA Cup,2024-2025
9328b835,Łukasz Fabiański,pl POL,GK,39,14,13,"1,160",12.9,0,0,0,0,0,0,2,0,0.00,0.00,0.00,0.00,0.00,Matches,FA Cup,2024-2025
3515d404,James Ward-Prowse,eng ENG,MF,29,15,12,"1,039",11.5,1,1,2,1,0,0,2,0,0.09,0.09,0.17,0.09,0.17,Matches,FA Cup,2024-2025
fdf3cb77,Vladimír Coufal,cz CZE,"DF,MF",31,22,11,"1,067",11.9,0,0,0,0,0,0,5,0,0.00,0.00,0.00,0.00,0.00,Matches,FA Cup,2024-2025
ac05f970,Michail Antonio,jm JAM,FW,34,14,11,836,9.3,1,1,2,1,0,0,1,0,0.11,0.11,0.22,0.11,0.22,Matches,FA Cup,2024-2025
4f974391,Aaron Cresswell,eng ENG,DF,34,18,10,824,9.2,0,0,0,0,0,0,3,0,0.00,0.00,0.00,0.00,0.00,Matches,FA Cup,2024-2025
df04eb4b,Crysencio Summerville,nl NED,"MF,FW",22,19,7,786,8.7,1,1,2,1,0,0,2,0,0.11,0.11,0.23,0.11,0.23,Matches,FA Cup,2024-2025
242e5e6d,Oliver Scarles,eng ENG,"MF,DF",18,15,7,665,7.4,0,0,0,0,0,0,1,0,0.00,0.00,0.00,0.00,0.00,Matches,FA Cup,2024-2025
4f16405e,Niclas Füllkrug,de GER,FW,31,18,6,790,8.8,3,2,5,3,0,0,2,0,0.34,0.23,0.57,0.34,0.57,Matches,FA Cup,2024-2025
07802f7f,Danny Ings,eng ENG,FW,32,15,1,284,3.2,1,2,3,1,0,0,0,0,0.32,0.63,0.95,0.32,0.95,Matches,FA Cup,2024-2025
b1be9fc0,Andy Irving,sct SCO,MF,24,10,1,166,1.8,0,0,0,0,0,0,2,0,0.00,0.00,0.00,0.00,0.00,Matches,FA Cup,2024-2025
4596da74,Evan Ferguson,ie IRL,FW,19,8,1,156,1.7,0,0,0,0,0,0,0,0,0.00,0.00,0.00,0.00,0.00,Matches,FA Cup,2024-2025
b7672d43,Luis Guilherme,br BRA,MF,18,12,1,150,1.7,0,0,0,0,0,0,0,0,0.00,0.00,0.00,0.00,0.00,Matches,FA Cup,2024-2025
40aaa04c,Lewis Orford,eng ENG,MF,18,2,0,49,0.5,0,0,0,0,0,0,0,0,0.00,0.00,0.00,0.00,0.00,Matches,FA Cup,2024-2025
cd4b2c5f,Kaelan Casey,eng ENG,DF,19,1,0,1,0.0,0,0,0,0,0,0,0,0,0.00,0.00,0.00,0.00,0.00,Matches,FA Cup,2024-2025
96cf7b61,Wes Foderingham,eng ENG,GK,33,0,0,,,,,,,,,,,,,,,,Matches,FA Cup,2024-2025
9a85a651,Ezra Mayers,bb BRB,DF,17,0,0,,,,,,,,,,,,,,,,Matches,FA Cup,2024-2025
ce95958a,Dominic Hyam,sct SCO,DF,28,46,46,"4,140",46.0,2,2,4,2,0,0,5,0,0.04,0.04,0.09,0.04,0.09,Matches,FA Cup,2024-2025
dfa084b2,Aynsley Pears,eng ENG,GK,26,40,40,"3,600",40.0,0,0,0,0,0,0,3,0,0.00,0.00,0.00,0.00,0.00,Matches,FA Cup,2024-2025
ce967905,Tyrhys Dolan,eng ENG,MF,22,44,40,"3,175",35.3,7,6,13,6,1,1,12,0,0.20,0.17,0.37,0.17,0.34,Matches,FA Cup,2024-2025
33928d3a,Lewis Travis,eng ENG,MF,26,38,37,"3,216",35.7,2,1,3,2,0,0,11,0,0.06,0.03,0.08,0.06,0.08,Matches,FA Cup,2024-2025
50e41224,Sondre Tronstad,no NOR,MF,28,38,36,"3,130",34.8,2,0,2,2,0,0,5,0,0.06,0.00,0.06,0.06,0.06,Matches,FA Cup,2024-2025
f1d0fa63,Danny Batth,eng ENG,DF,33,37,34,"3,009",33.4,2,0,2,2,0,0,5,0,0.06,0.00,0.06,0.06,0.06,Matches,FA Cup,2024-2025
c54816a4,Ryan Hedges,wls WAL,MF,29,42,33,"2,561",28.5,1,2,3,1,0,0,4,0,0.04,0.07,0.11,0.04,0.11,Matches,FA Cup,2024-2025
95869fab,Callum Brittain,eng ENG,DF,26,33,30,"2,659",29.5,2,5,7,2,0,0,5,0,0.07,0.17,0.24,0.07,0.24,Matches,FA Cup,2024-2025
f63d8a4b,Todd Cantwell,eng ENG,MF,26,37,27,"2,479",27.5,3,7,10,1,2,2,6,0,0.11,0.25,0.36,0.04,0.29,Matches,FA Cup,2024-2025
5fa86767,Yuki Ohashi,jp JPN,"FW,MF",28,36,26,"2,221",24.7,9,3,12,9,0,0,3,0,0.36,0.12,0.49,0.36,0.49,Matches,FA Cup,2024-2025
92b1763b,Makhtar Gueye,sn SEN,FW,26,44,23,"2,193",24.4,6,6,12,6,0,0,10,1,0.25,0.25,0.49,0.25,0.49,Matches,FA Cup,2024-2025
a011a1e9,Owen Beck,wls WAL,"DF,MF",21,24,21,"1,874",20.8,1,0,1,1,0,0,3,1,0.05,0.00,0.05,0.05,0.05,Matches,FA Cup,2024-2025
40f85b8f,Hayden Carter,eng ENG,DF,24,16,16,"1,363",15.1,0,1,1,0,0,0,5,0,0.00,0.07,0.07,0.00,0.07,Matches,FA Cup,2024-2025
5996ffd9,Andreas Weimann,at AUT,MF,32,30,15,"1,411",15.7,7,2,9,7,0,0,2,0,0.45,0.13,0.57,0.45,0.57,Matches,FA Cup,2024-2025
284f2ce6,Yuri Ribeiro,pt POR,DF,27,15,15,"1,350",15.0,0,1,1,0,0,0,0,0,0.00,0.07,0.07,0.00,0.07,Matches,FA Cup,2024-2025
60f63958,Joe Rankin-Costello,eng ENG,"DF,MF",25,29,13,"1,249",13.9,2,2,4,2,0,0,4,0,0.14,0.14,0.29,0.14,0.29,Matches,FA Cup,2024-2025
fd985c15,Harry Pickering,eng ENG,DF,25,15,12,"1,039",11.5,0,1,1,0,0,0,2,0,0.00,0.09,0.09,0.00,0.09,Matches,FA Cup,2024-2025
b3ac41b5,John Buckley,eng ENG,MF,24,23,8,855,9.5,0,0,0,0,0,0,5,0,0.00,0.00,0.00,0.00,0.00,Matches,FA Cup,2024-2025
1b278bf5,Lewis Baker,eng ENG,MF,29,13,7,596,6.6,1,0,1,1,0,0,2,0,0.15,0.00,0.15,0.15,0.15,Matches,FA Cup,2024-2025
04eb7d82,Amario Cozier-Duberry,eng ENG,MF,19,22,6,723,8.0,1,0,1,1,0,0,0,0,0.12,0.00,0.12,0.12,0.12,Matches,FA Cup,2024-2025
e6eb693d,Balázs Tóth,hu HUN,GK,26,6,6,540,6.0,0,0,0,0,0,0,1,0,0.00,0.00,0.00,0.00,0.00,Matches,FA Cup,2024-2025
9f1938ab,Adam Forshaw,eng ENG,MF,32,16,5,563,6.3,1,0,1,1,0,0,2,0,0.16,0.00,0.16,0.16,0.16,Matches,FA Cup,2024-2025
b3fa76c5,Dion Sanderson,eng ENG,DF,24,12,4,567,6.3,0,0,0,0,0,0,1,0,0.00,0.00,0.00,0.00,0.00,Matches,FA Cup,2024-2025
d3085b49,Cauley Woodrow,eng ENG,MF,29,9,2,222,2.5,0,1,1,0,0,0,0,0,0.00,0.41,0.41,0.00,0.41,Matches,FA Cup,2024-2025
0c8f27b5,Augustus Kargbo,sl SLE,MF,24,8,2,186,2.1,0,1,1,0,0,0,0,0,0.00,0.48,0.48,0.00,0.48,Matches,FA Cup,2024-2025
2c44a35d,Emmanuel Dennis,ng NGA,MF,26,6,1,160,1.8,0,1,1,0,0,0,3,1,0.00,0.56,0.56,0.00,0.56,Matches,FA Cup,2024-2025
8c1a7e94,Kristi Montgomery,sct SCO,DF,20,3,1,137,1.5,0,0,0,0,0,0,2,1,0.00,0.00,0.00,0.00,0.00,Matches,FA Cup,2024-2025
b8c665a1,Harry Leonard,eng ENG,FW,20,9,0,149,1.7,1,0,1,1,0,0,0,0,0.60,0.00,0.60,0.60,0.60,Matches,FA Cup,2024-2025
f209b81e,Arnór Sigurðsson,is ISL,"FW,MF",25,5,0,62,0.7,1,0,1,1,0,0,0,0,1.45,0.00,1.45,1.45,1.45,Matches,FA Cup,2024-2025
39944392,Sammie Szmodics,ie IRL,"FW,MF",28,1,0,26,0.3,1,1,2,1,0,0,0,0,3.46,3.46,6.92,3.46,6.92,Matches,FA Cup,2024-2025
f4a2077a,Igor Tyjon,eng ENG,FW,16,2,0,7,0.1,0,0,0,0,0,0,0,0,0.00,0.00,0.00,0.00,0.00,Matches,FA Cup,2024-2025
ca9e1a50,Leo Duru,eng ENG,DF,19,1,0,2,0.0,0,0,0,0,0,0,0,0,0.00,0.00,0.00,0.00,0.00,Matches,FA Cup,2024-2025
d958cde6,Kyle McFadzean,sct SCO,DF,37,1,0,1,0.0,0,0,0,0,0,0,0,0,0.00,0.00,0.00,0.00,0.00,Matches,FA Cup,2024-2025
1dd307a6,Tom Atcheson,nir NIR,DF,17,0,0,,,,,,,,,,,,,,,,Matches,FA Cup,2024-2025
b3d7b94f,Isaac Dunn,,MF,,0,0,,,,,,,,,,,,,,,,Matches,FA Cup,2024-2025
2770b692,James Edmondson,eng ENG,MF,18,0,0,,,,,,,,,,,,,,,,Matches,FA Cup,2024-2025
0e18acc5,Joe Hilton,eng ENG,GK,24,0,0,,,,,,,,,,,,,,,,Matches,FA Cup,2024-2025
a82cfbe1,Matty Litherland,,DF,,0,0,,,,,,,,,,,,,,,,Matches,FA Cup,2024-2025
4f242e0e,Dilan Markanday,eng ENG,"FW,MF",22,0,0,,,,,,,,,,,,,,,,Matches,FA Cup,2024-2025
5ac26057,Nicholas Michalski,eng ENG,GK,17,0,0,,,,,,,,,,,,,,,,Matches,FA Cup,2024-2025
1ef9c246,Harley O'Grady-Macken,eng ENG,MF,19,0,0,,,,,,,,,,,,,,,,Matches,FA Cup,2024-2025
baef5c44,Brandon Powell,eng ENG,MF,18,0,0,,,,,,,,,,,,,,,,Matches,FA Cup,2024-2025
6000a82f,Jack Vale,wls WAL,FW,23,0,0,,,,,,,,,,,,,,,,Matches,FA Cup,2024-2025
06462265,Frank Vare,eng ENG,MF,16,0,0,,,,,,,,,,,,,,,,Matches,FA Cup,2024-2025
f5f4fdd2,Jordan Brown,eng ENG,MF,23,44,38,"3,369",37.4,2,1,3,2,0,0,6,0,0.05,0.03,0.08,0.05,0.08,Matches,FA Cup,2024-2025
d7cf39b1,Charlie Kelman,us USA,"FW,MF",22,46,37,"3,389",37.7,21,5,26,20,1,1,4,0,0.56,0.13,0.69,0.53,0.66,Matches,FA Cup,2024-2025
77c9e37c,Ethan Galbraith,nir NIR,"MF,DF",23,39,37,"3,333",37.0,6,6,12,6,0,0,7,0,0.16,0.16,0.32,0.16,0.32,Matches,FA Cup,2024-2025
06dc837d,Josh Keeley,ie IRL,GK,21,36,36,"3,240",36.0,0,1,1,0,0,0,5,0,0.00,0.03,0.03,0.00,0.03,Matches,FA Cup,2024-2025
486bce4c,Jack Currie,eng ENG,DF,21,36,34,"2,998",33.3,0,2,2,0,0,0,3,1,0.00,0.06,0.06,0.00,0.06,Matches,FA Cup,2024-2025
5e4d9b48,Jamie Donley,nir NIR,MF,19,39,31,"2,757",30.6,8,10,18,8,0,0,3,0,0.26,0.33,0.59,0.26,0.59,Matches,FA Cup,2024-2025
5c374509,Dan Agyei,gh GHA,"MF,FW",27,41,31,"2,608",29.0,7,8,15,7,0,0,4,0,0.24,0.28,0.52,0.24,0.52,Matches,FA Cup,2024-2025
668005c9,Omar Beckles,gd GRN,DF,32,32,29,"2,653",29.5,3,0,3,3,0,0,6,0,0.10,0.00,0.10,0.10,0.10,Matches,FA Cup,2024-2025
0afb0159,Dan Happe,eng ENG,DF,25,25,24,"2,015",22.4,2,2,4,2,0,0,3,0,0.09,0.09,0.18,0.09,0.18,Matches,FA Cup,2024-2025
bfc3bf1b,Darren Pratley,jm JAM,MF,39,31,21,"1,715",19.1,0,1,1,0,0,0,9,1,0.00,0.05,0.05,0.00,0.05,Matches,FA Cup,2024-2025
4e1dce9b,Oliver O'Neill,ie IRL,MF,21,26,21,"1,700",18.9,2,2,4,2,0,0,7,0,0.11,0.11,0.21,0.11,0.21,Matches,FA Cup,2024-2025
77bf9e2f,Sean Clare,eng ENG,"MF,DF",27,29,19,"1,719",19.1,3,2,5,3,0,0,2,0,0.16,0.10,0.26,0.16,0.26,Matches,FA Cup,2024-2025
4007ea81,Tom James,wls WAL,DF,28,22,17,"1,455",16.2,2,3,5,2,0,0,7,0,0.12,0.19,0.31,0.12,0.31,Matches,FA Cup,2024-2025
71e7f875,Brandon Cooper,wls WAL,DF,24,30,16,"1,627",18.1,0,0,0,0,0,0,5,0,0.00,0.00,0.00,0.00,0.00,Matches,FA Cup,2024-2025
dc43f033,Rarmani Edmonds-Green,eng ENG,DF,25,17,16,"1,469",16.3,0,2,2,0,0,0,1,0,0.00,0.12,0.12,0.00,0.12,Matches,FA Cup,2024-2025
4f242e0e,Dilan Markanday,eng ENG,MF,22,16,13,879,9.8,3,1,4,3,0,0,0,0,0.31,0.10,0.41,0.31,0.41,Matches,FA Cup,2024-2025
18a15e5e,Randell Williams,eng ENG,MF,27,14,12,986,11.0,2,1,3,2,0,0,1,0,0.18,0.09,0.27,0.18,0.27,Matches,FA Cup,2024-2025
79d61875,Dominic Ball,eng ENG,MF,28,31,11,"1,276",14.2,0,2,2,0,0,0,6,0,0.00,0.14,0.14,0.00,0.14,Matches,FA Cup,2024-2025
a0893a41,Azeem Abdulai,sct SCO,"MF,FW",21,21,11,"1,047",11.6,4,1,5,4,0,0,4,0,0.34,0.09,0.43,0.34,0.43,Matches,FA Cup,2024-2025
87f12e30,Sonny Perkins,eng ENG,MF,20,30,11,"1,039",11.5,4,2,6,4,0,0,1,0,0.35,0.17,0.52,0.35,0.52,Matches,FA Cup,2024-2025
76fa5f80,Jack Simpson,eng ENG,DF,27,17,10,959,10.7,0,0,0,0,0,0,2,0,0.00,0.00,0.00,0.00,0.00,Matches,FA Cup,2024-2025
339d2f71,Zachary Hemming,eng ENG,GK,24,10,10,900,10.0,0,0,0,0,0,0,1,0,0.00,0.00,0.00,0.00,0.00,Matches,FA Cup,2024-2025
05c80eeb,Jayden Sweeney,eng ENG,DF,22,19,9,876,9.7,1,0,1,1,0,0,4,0,0.10,0.00,0.10,0.10,0.10,Matches,FA Cup,2024-2025
3bdb5711,Diallang Jaiyesimi,eng ENG,MF,26,28,4,674,7.5,1,1,2,1,0,0,2,0,0.13,0.13,0.27,0.13,0.27,Matches,FA Cup,2024-2025
41b1ec50,Zech Obiero,ke KEN,MF,19,10,4,354,3.9,0,1,1,0,0,0,2,0,0.00,0.25,0.25,0.00,0.25,Matches,FA Cup,2024-2025
8e633970,Lewis Warrington,eng ENG,MF,21,8,4,248,2.8,0,0,0,0,0,0,1,0,0.00,0.00,0.00,0.00,0.00,Matches,FA Cup,2024-2025
79fa0adc,Jordan Graham,eng ENG,"FW,MF",29,8,0,172,1.9,0,0,0,0,0,0,0,0,0.00,0.00,0.00,0.00,0.00,Matches,FA Cup,2024-2025
4504f157,Samuel Howes,eng ENG,GK,26,0,0,,,,,,,,,,,,,,,,Matches,FA Cup,2024-2025
c83c904c,Charlie Pegrum,eng ENG,MF,19,0,0,,,,,,,,,,,,,,,,Matches,FA Cup,2024-2025
3b1dae9d,Noah Phillips,,GK,,0,0,,,,,,,,,,,,,,,,Matches,FA Cup,2024-2025
f7266977,Alexis André,fr FRA,GK,27,1,1,90,1.0,0,0,0,0,0,0,0,0,0.00,0.00,0.00,0.00,0.00,Matches,FA Cup,2024-2025
04128501,Aaron Blair,eng ENG,FW,24,1,1,90,1.0,0,0,0,0,0,0,1,0,0.00,0.00,0.00,0.00,0.00,Matches,FA Cup,2024-2025
734d6a5b,Sam Corne,eng ENG,MF,27,1,1,90,1.0,0,0,0,0,0,0,0,0,0.00,0.00,0.00,0.00,0.00,Matches,FA Cup,2024-2025
98d81383,Temitope Eweka,eng ENG,DF,25,1,1,90,1.0,0,0,0,0,0,0,0,0,0.00,0.00,0.00,0.00,0.00,Matches,FA Cup,2024-2025
696f45ce,George Fowler,eng ENG,DF,26,1,1,90,1.0,0,0,0,0,0,0,1,0,0.00,0.00,0.00,0.00,0.00,Matches,FA Cup,2024-2025
f8c5063d,Reiss Greenidge,gy GUY,DF,27,1,1,90,1.0,0,0,0,0,0,0,0,0,0.00,0.00,0.00,0.00,0.00,Matches,FA Cup,2024-2025
2e5ad3e2,Charlie Seaman,eng ENG,MF,24,1,1,90,1.0,0,0,0,0,0,0,0,0,0.00,0.00,0.00,0.00,0.00,Matches,FA Cup,2024-2025
12324200,Tayt Trusty,eng ENG,MF,20,1,1,86,1.0,0,0,0,0,0,0,0,0,0.00,0.00,0.00,0.00,0.00,Matches,FA Cup,2024-2025
898d171b,Ben Brookes,eng ENG,DF,23,1,1,77,0.9,0,0,0,0,0,0,1,0,0.00,0.00,0.00,0.00,0.00,Matches,FA Cup,2024-2025
9e7b4af6,Antony Papadopoulos,eng ENG,MF,21,1,1,77,0.9,0,0,0,0,0,0,0,0,0.00,0.00,0.00,0.00,0.00,Matches,FA Cup,2024-2025
4210ba98,Pierre Fonkeu,cm CMR,MF,27,1,1,61,0.7,0,0,0,0,0,0,1,0,0.00,0.00,0.00,0.00,0.00,Matches,FA Cup,2024-2025
bbec008b,Matthew Bentley,eng ENG,"FW,MF",26,1,0,29,0.3,0,0,0,0,0,0,0,0,0.00,0.00,0.00,0.00,0.00,Matches,FA Cup,2024-2025
def97257,Arjanit Krasniqi,xk KVX,MF,24,1,0,13,0.1,0,0,0,0,0,0,0,0,0.00,0.00,0.00,0.00,0.00,Matches,FA Cup,2024-2025
1f677639,Harry Lodovica,eng ENG,FW,25,1,0,13,0.1,0,0,0,0,0,0,1,0,0.00,0.00,0.00,0.00,0.00,Matches,FA Cup,2024-2025
d89698f7,Bivesh Gurung,eng ENG,MF,23,1,0,4,0.0,0,0,0,0,0,0,0,0,0.00,0.00,0.00,0.00,0.00,Matches,FA Cup,2024-2025
eae0b432,Shaq Coulthirst,eng ENG,FW,29,0,0,,,,,,,,,,,,,,,,Matches,FA Cup,2024-2025
21f9119b,Riley Court,eng ENG,MF,18,0,0,,,,,,,,,,,,,,,,Matches,FA Cup,2024-2025
b1952e08,Lenny Holden,eng ENG,GK,18,0,0,,,,,,,,,,,,,,,,Matches,FA Cup,2024-2025
fcc3fe44,Sam Smith,eng ENG,DF,20,0,0,,,,,,,,,,,,,,,,Matches,FA Cup,2024-2025
ae29a6d5,Sam Beard,eng ENG,DF,26,1,1,90,1.0,0,0,0,0,0,0,0,0,0.00,0.00,0.00,0.00,0.00,Matches,FA Cup,2024-2025
a1235277,Danny Cashman,eng ENG,FW,23,1,1,90,1.0,0,0,0,0,0,0,0,0,0.00,0.00,0.00,0.00,0.00,Matches,FA Cup,2024-2025
24193439,Joel Colbran,eng ENG,MF,25,1,1,90,1.0,0,0,0,0,0,0,0,0,0.00,0.00,0.00,0.00,0.00,Matches,FA Cup,2024-2025
9b029aa2,Joe Cook,eng ENG,DF,25,1,1,90,1.0,0,0,0,0,0,0,0,0,0.00,0.00,0.00,0.00,0.00,Matches,FA Cup,2024-2025
e45c2b56,Chris Haigh,eng ENG,GK,27,1,1,90,1.0,0,0,0,0,0,0,0,0,0.00,0.00,0.00,0.00,0.00,Matches,FA Cup,2024-2025
58aea586,Jack Spong,eng ENG,MF,22,1,1,90,1.0,0,0,0,0,0,0,0,0,0.00,0.00,0.00,0.00,0.00,Matches,FA Cup,2024-2025
4e7c5034,Jack Wadham,eng ENG,MF,21,1,1,90,1.0,0,0,0,0,0,0,1,0,0.00,0.00,0.00,0.00,0.00,Matches,FA Cup,2024-2025
2399016c,Nick Wheeler,eng ENG,MF,33,1,1,90,1.0,0,0,0,0,0,0,0,0,0.00,0.00,0.00,0.00,0.00,Matches,FA Cup,2024-2025
5c3f2f39,Glen Rea,ie IRL,MF,29,1,1,85,0.9,0,0,0,0,0,0,0,0,0.00,0.00,0.00,0.00,0.00,Matches,FA Cup,2024-2025
8941fac0,Alfie Young,eng ENG,DF,27,1,1,81,0.9,0,0,0,0,0,0,0,0,0.00,0.00,0.00,0.00,0.00,Matches,FA Cup,2024-2025
8e16b8f6,Tommy Willard,eng ENG,MF,23,1,1,73,0.8,0,0,0,0,0,0,0,0,0.00,0.00,0.00,0.00,0.00,Matches,FA Cup,2024-2025
f60b2b82,Temi Babalola,eng ENG,FW,23,1,0,17,0.2,0,0,0,0,0,0,0,0,0.00,0.00,0.00,0.00,0.00,Matches,FA Cup,2024-2025
8532a1b1,Ollie Black,eng ENG,DF,26,1,0,9,0.1,0,0,0,0,0,0,0,0,0.00,0.00,0.00,0.00,0.00,Matches,FA Cup,2024-2025
275cb664,Harrison Smith,eng ENG,FW,19,1,0,5,0.1,0,0,0,0,0,0,0,0,0.00,0.00,0.00,0.00,0.00,Matches,FA Cup,2024-2025
06167292,Jack Bates,eng ENG,MF,20,0,0,,,,,,,,,,,,,,,,Matches,FA Cup,2024-2025
18c70acb,Carney Chukwuemeka,,,,0,0,,,,,,,,,,,,,,,,Matches,FA Cup,2024-2025
9d1a6006,Arthur Gregory,,DF,,0,0,,,,,,,,,,,,,,,,Matches,FA Cup,2024-2025
bdb46bff,Daniel Jordan,,DF,,0,0,,,,,,,,,,,,,,,,Matches,FA Cup,2024-2025
a305bf69,Ollie Starkey,eng ENG,FW,19,0,0,,,,,,,,,,,,,,,,Matches,FA Cup,2024-2025
28609bf3,Kane Wills,eng ENG,MF,34,0,0,,,,,,,,,,,,,,,,Matches,FA Cup,2024-2025
9b398aea,Rayan Aït-Nouri,dz ALG,"MF,DF",23,37,37,"3,109",34.5,4,7,11,4,0,0,7,1,0.12,0.20,0.32,0.12,0.32,Matches,FA Cup,2024-2025
8b57ad2c,João Gomes,br BRA,MF,23,36,35,"2,974",33.0,3,1,4,3,0,0,11,1,0.09,0.03,0.12,0.09,0.12,Matches,FA Cup,2024-2025
d04b94db,Nélson Semedo,pt POR,"MF,DF",30,34,32,"2,886",32.1,0,4,4,0,0,0,8,0,0.00,0.12,0.12,0.00,0.12,Matches,FA Cup,2024-2025
ec604e2c,André,br BRA,MF,23,33,31,"2,472",27.5,0,0,0,0,0,0,7,0,0.00,0.00,0.00,0.00,0.00,Matches,FA Cup,2024-2025
f0caab96,Toti Gomes,pt POR,DF,25,31,30,"2,614",29.0,0,1,1,0,0,0,7,0,0.00,0.03,0.03,0.00,0.03,Matches,FA Cup,2024-2025
f553b2b3,Jørgen Strand Larsen,no NOR,FW,24,35,30,"2,587",28.7,14,4,18,14,0,0,4,0,0.49,0.14,0.63,0.49,0.63,Matches,FA Cup,2024-2025
903b6e8b,José Sá,pt POR,GK,31,29,29,"2,609",29.0,0,0,0,0,0,0,2,0,0.00,0.00,0.00,0.00,0.00,Matches,FA Cup,2024-2025
dc62b55d,Matheus Cunha,br BRA,MF,25,33,29,"2,597",28.9,15,6,21,15,0,0,4,0,0.52,0.21,0.73,0.52,0.73,Matches,FA Cup,2024-2025
d557d734,Matt Doherty,ie IRL,"DF,MF",32,30,25,"2,109",23.4,2,1,3,2,0,0,6,0,0.09,0.04,0.13,0.09,0.13,Matches,FA Cup,2024-2025
10f0fdd3,Jean-Ricner Bellegarde,ht HAI,MF,26,35,20,"1,677",18.6,2,7,9,2,0,0,3,0,0.11,0.38,0.48,0.11,0.48,Matches,FA Cup,2024-2025
edc98fac,Santiago Bueno,uy URU,DF,25,29,18,"1,687",18.7,0,0,0,0,0,0,2,0,0.00,0.00,0.00,0.00,0.00,Matches,FA Cup,2024-2025
75f1ed80,Emmanuel Agbadou,ci CIV,DF,27,16,16,"1,410",15.7,1,0,1,1,0,0,3,0,0.06,0.00,0.06,0.06,0.06,Matches,FA Cup,2024-2025
2b471f99,Mario Lemina,ga GAB,"MF,DF",30,17,15,"1,364",15.2,1,3,4,1,0,0,4,0,0.07,0.20,0.26,0.07,0.26,Matches,FA Cup,2024-2025
2acf0cd7,Marshall Munetsi,zw ZIM,"MF,FW",28,14,12,"1,078",12.0,2,1,3,2,0,0,0,0,0.17,0.08,0.25,0.17,0.25,Matches,FA Cup,2024-2025
e6bc67d7,Gonçalo Guedes,pt POR,"MF,FW",27,29,10,995,11.1,2,4,6,2,0,0,1,0,0.18,0.36,0.54,0.18,0.54,Matches,FA Cup,2024-2025
3e9e06cb,Craig Dawson,eng ENG,DF,34,15,10,971,10.8,0,0,0,0,0,0,2,0,0.00,0.00,0.00,0.00,0.00,Matches,FA Cup,2024-2025
9744ff80,Pablo Sarabia,es ESP,MF,32,23,7,814,9.0,3,2,5,3,0,0,3,0,0.33,0.22,0.55,0.33,0.55,Matches,FA Cup,2024-2025
8dcf77c0,Rodrigo Gomes,pt POR,MF,21,25,7,810,9.0,2,0,2,2,0,0,0,0,0.22,0.00,0.22,0.22,0.22,Matches,FA Cup,2024-2025
9e5708be,Sam Johnstone,eng ENG,GK,31,7,7,630,7.0,0,0,0,0,0,0,0,0,0.00,0.00,0.00,0.00,0.00,Matches,FA Cup,2024-2025
169fd162,Hwang Hee-chan,kr KOR,"MF,FW",28,21,5,661,7.3,2,0,2,2,0,0,0,0,0.27,0.00,0.27,0.27,0.27,Matches,FA Cup,2024-2025
1e159d70,Yerson Mosquera,co COL,DF,23,5,5,441,4.9,0,0,0,0,0,0,2,0,0.00,0.00,0.00,0.00,0.00,Matches,FA Cup,2024-2025
5526deb1,Tommy Doyle,eng ENG,MF,22,24,3,488,5.4,0,1,1,0,0,0,1,0,0.00,0.18,0.18,0.00,0.18,Matches,FA Cup,2024-2025
68db6358,Daniel Bentley,eng ENG,GK,31,2,2,180,2.0,0,0,0,0,0,0,0,0,0.00,0.00,0.00,0.00,0.00,Matches,FA Cup,2024-2025
8a310070,Carlos Forbs,pt POR,MF,20,10,1,239,2.7,0,0,0,0,0,0,2,0,0.00,0.00,0.00,0.00,0.00,Matches,FA Cup,2024-2025
b2f4cad5,Pedro Lima,br BRA,MF,18,3,1,70,0.8,0,0,0,0,0,0,0,0,0.00,0.00,0.00,0.00,0.00,Matches,FA Cup,2024-2025
1a7a4d84,Nasser Djiga,bf BFA,DF,21,5,1,66,0.7,0,0,0,0,0,0,0,0,0.00,0.00,0.00,0.00,0.00,Matches,FA Cup,2024-2025
7fcc71d8,Daniel Podence,pt POR,"FW,MF",28,2,0,48,0.5,0,0,0,0,0,0,0,0,0.00,0.00,0.00,0.00,0.00,Matches,FA Cup,2024-2025
dc6c2f02,Chiquinho,pt POR,MF,24,1,0,7,0.1,0,0,0,0,0,0,0,0,0.00,0.00,0.00,0.00,0.00,Matches,FA Cup,2024-2025
c15cb409,Mateus Mane,pt POR,FW,16,1,0,2,0.0,0,0,0,0,0,0,0,0,0.00,0.00,0.00,0.00,0.00,Matches,FA Cup,2024-2025
5791b997,Tom King,wls WAL,GK,29,1,0,1,0.0,0,0,0,0,0,0,0,0,0.00,0.00,0.00,0.00,0.00,Matches,FA Cup,2024-2025
039c3d96,Alfie Pond,eng ENG,DF,20,1,0,1,0.0,0,0,0,0,0,0,0,0,0.00,0.00,0.00,0.00,0.00,Matches,FA Cup,2024-2025
999ceb5f,Boubacar Traoré,ml MLI,MF,22,1,0,1,0.0,0,0,0,0,0,0,0,0,0.00,0.00,0.00,0.00,0.00,Matches,FA Cup,2024-2025
34721c11,Tawanda Chirewa,zw ZIM,MF,20,0,0,,,,,,,,,,,,,,,,Matches,FA Cup,2024-2025
cc3b8e78,Luke Cundle,eng ENG,MF,22,0,0,,,,,,,,,,,,,,,,Matches,FA Cup,2024-2025
3354ea94,Tom Edozie,eng ENG,MF,18,0,0,,,,,,,,,,,,,,,,Matches,FA Cup,2024-2025
dcd94cdb,Bastien Meupiyou,fr FRA,DF,18,0,0,,,,,,,,,,,,,,,,Matches,FA Cup,2024-2025
58469e7c,Wesley Okoduwa,eng ENG,DF,16,0,0,,,,,,,,,,,,,,,,Matches,FA Cup,2024-2025
84d7ae33,Ebou Adams,gm GAM,MF,28,44,42,"3,789",42.1,6,1,7,6,0,0,12,0,0.14,0.02,0.17,0.14,0.17,Matches,FA Cup,2024-2025
ac5120d8,Jacob Widell Zetterström,se SWE,GK,26,40,40,"3,600",40.0,0,0,0,0,0,0,2,0,0.00,0.00,0.00,0.00,0.00,Matches,FA Cup,2024-2025
637047f7,Jerry Yates,eng ENG,FW,27,42,40,"3,419",38.0,10,4,14,9,1,1,1,0,0.26,0.11,0.37,0.24,0.34,Matches,FA Cup,2024-2025
94eafdc4,Kenzo Goudmijn,nl NED,MF,22,41,29,"2,321",25.8,2,2,4,2,0,0,4,0,0.08,0.08,0.16,0.08,0.16,Matches,FA Cup,2024-2025
4cb3b5a7,Kayden Jackson,eng ENG,"MF,FW",30,46,28,"2,575",28.6,3,2,5,3,0,0,6,0,0.10,0.07,0.17,0.10,0.17,Matches,FA Cup,2024-2025
943a8857,Curtis Nelson,eng ENG,DF,31,27,27,"2,430",27.0,2,1,3,2,0,0,3,0,0.07,0.04,0.11,0.07,0.11,Matches,FA Cup,2024-2025
6f44cb44,Craig Forsyth,sct SCO,"DF,MF",35,39,26,"2,557",28.4,3,4,7,3,0,0,4,0,0.11,0.14,0.25,0.11,0.25,Matches,FA Cup,2024-2025
a3f1897f,Kane Wilson,eng ENG,"DF,MF",24,33,26,"2,430",27.0,2,1,3,2,0,0,0,0,0.07,0.04,0.11,0.07,0.11,Matches,FA Cup,2024-2025
90e9ca3d,Marcus Harness,eng ENG,"MF,FW",28,41,26,"2,356",26.2,4,3,7,4,0,0,11,0,0.15,0.11,0.27,0.15,0.27,Matches,FA Cup,2024-2025
b4b2f632,Nathaniel Mendez-Laing,gt GUA,"MF,FW",32,41,26,"2,098",23.3,3,4,7,2,1,1,4,0,0.13,0.17,0.30,0.09,0.26,Matches,FA Cup,2024-2025
515ebe8d,Nathaniel Phillips,eng ENG,DF,27,32,24,"2,236",24.8,1,3,4,1,0,0,5,0,0.04,0.12,0.16,0.04,0.16,Matches,FA Cup,2024-2025
6d53d427,Callum Elder,au AUS,"DF,MF",29,29,24,"2,149",23.9,0,3,3,0,0,0,8,0,0.00,0.13,0.13,0.00,0.13,Matches,FA Cup,2024-2025
f557c3b8,Eiran Cashin,ie IRL,DF,22,21,21,"1,786",19.8,1,0,1,1,0,0,5,0,0.05,0.00,0.05,0.05,0.05,Matches,FA Cup,2024-2025
79bc4c45,Ben Osborn,eng ENG,"MF,DF",29,25,18,"1,702",18.9,0,1,1,0,0,0,2,0,0.00,0.05,0.05,0.00,0.05,Matches,FA Cup,2024-2025
d38506fe,Liam Thompson,eng ENG,MF,22,28,18,"1,610",17.9,0,0,0,0,0,0,6,0,0.00,0.00,0.00,0.00,0.00,Matches,FA Cup,2024-2025
8ea2227a,Matthew Clarke,eng ENG,DF,27,16,15,"1,366",15.2,1,0,1,1,0,0,2,0,0.07,0.00,0.07,0.07,0.07,Matches,FA Cup,2024-2025
bb89bef7,Ryan Nyambe,na NAM,"DF,MF",26,17,14,"1,125",12.5,0,0,0,0,0,0,2,0,0.00,0.00,0.00,0.00,0.00,Matches,FA Cup,2024-2025
107e4890,Sondre Langås,no NOR,DF,23,14,13,"1,118",12.4,0,0,0,0,0,0,3,0,0.00,0.00,0.00,0.00,0.00,Matches,FA Cup,2024-2025
de59e609,Harrison Armstrong,eng ENG,MF,17,15,12,"1,105",12.3,1,0,1,1,0,0,3,0,0.08,0.00,0.08,0.08,0.08,Matches,FA Cup,2024-2025
d00d45ab,David Ozoh,eng ENG,MF,19,10,9,699,7.8,1,0,1,1,0,0,0,0,0.13,0.00,0.13,0.13,0.13,Matches,FA Cup,2024-2025
20f077eb,Josh Vickers,eng ENG,GK,28,6,6,540,6.0,0,0,0,0,0,0,0,0,0.00,0.00,0.00,0.00,0.00,Matches,FA Cup,2024-2025
4736039a,Lars-Jørgen Salvesen,no NOR,FW,28,8,6,488,5.4,1,0,1,1,0,0,0,0,0.18,0.00,0.18,0.18,0.18,Matches,FA Cup,2024-2025
28016827,Corey Blackett-Taylor,eng ENG,"MF,FW",26,12,4,404,4.5,1,0,1,1,0,0,1,0,0.22,0.00,0.22,0.22,0.22,Matches,FA Cup,2024-2025
b4d24801,Dajaune Brown,jm JAM,FW,18,15,3,387,4.3,1,0,1,1,0,0,0,0,0.23,0.00,0.23,0.23,0.23,Matches,FA Cup,2024-2025
94ffccb3,Sonny Bradley,eng ENG,DF,32,7,3,303,3.4,0,0,0,0,0,0,1,0,0.00,0.00,0.00,0.00,0.00,Matches,FA Cup,2024-2025
9cf7496b,Tom Barkhuizen,eng ENG,"MF,FW",31,19,2,404,4.5,0,0,0,0,0,0,2,0,0.00,0.00,0.00,0.00,0.00,Matches,FA Cup,2024-2025
22f621af,Joe Ward,eng ENG,DF,28,7,2,150,1.7,0,0,0,0,0,0,1,0,0.00,0.00,0.00,0.00,0.00,Matches,FA Cup,2024-2025
95471a13,James Collins,ie IRL,FW,33,17,1,222,2.5,0,0,0,0,0,0,1,0,0.00,0.00,0.00,0.00,0.00,Matches,FA Cup,2024-2025
34721c11,Tawanda Chirewa,zw ZIM,MF,20,5,1,151,1.7,0,0,0,0,0,0,1,0,0.00,0.00,0.00,0.00,0.00,Matches,FA Cup,2024-2025
5f3d00d1,Kemar Roofe,jm JAM,"FW,MF",31,3,0,12,0.1,0,0,0,0,0,0,0,0,0.00,0.00,0.00,0.00,0.00,Matches,FA Cup,2024-2025
205f2e2a,Tyrese Fornah,sl SLE,MF,24,1,0,5,0.1,0,0,0,0,0,0,0,0,0.00,0.00,0.00,0.00,0.00,Matches,FA Cup,2024-2025
db5373f7,Lennon Wheeldon,eng ENG,FW,17,1,0,2,0.0,0,0,0,0,0,0,0,0,0.00,0.00,0.00,0.00,0.00,Matches,FA Cup,2024-2025
1ef37668,Erik Pieters,nl NED,"DF,MF",35,1,0,1,0.0,0,0,0,0,0,0,0,0,0.00,0.00,0.00,0.00,0.00,Matches,FA Cup,2024-2025
01be6dc0,Charles Agbawodikeizu,,FW,,0,0,,,,,,,,,,,,,,,,Matches,FA Cup,2024-2025
7a5b542a,Cruz Allen,wls WAL,MF,17,0,0,,,,,,,,,,,,,,,,Matches,FA Cup,2024-2025
c05eb01e,Daniel Cox,wls WAL,DF,18,0,0,,,,,,,,,,,,,,,,Matches,FA Cup,2024-2025
79ad2685,Owen Eames,,MF,,0,0,,,,,,,,,,,,,,,,Matches,FA Cup,2024-2025
989d5705,Jeff Hendrick,ie IRL,MF,32,0,0,,,,,,,,,,,,,,,,Matches,FA Cup,2024-2025
cfe4625e,Rohan Luthra,eng ENG,GK,23,0,0,,,,,,,,,,,,,,,,Matches,FA Cup,2024-2025
5eb9ea18,Keilen Robinson,eng ENG,DF,18,0,0,,,,,,,,,,,,,,,,Matches,FA Cup,2024-2025
9842b4b1,Jake Rooney,eng ENG,DF,20,0,0,,,,,,,,,,,,,,,,Matches,FA Cup,2024-2025
4fb3405d,Freddie Turley,ie IRL,MF,18,0,0,,,,,,,,,,,,,,,,Matches,FA Cup,2024-2025
a20986b6,Conor Washington,nir NIR,FW,32,0,0,,,,,,,,,,,,,,,,Matches,FA Cup,2024-2025
327dd580,Paul Malone,eng ENG,DF,34,2,2,210,2.3,1,1,2,1,0,0,1,0,0.43,0.43,0.86,0.43,0.86,Matches,FA Cup,2024-2025
f8ffc3ce,Alex Morris,,DF,,2,2,210,2.3,0,0,0,0,0,0,0,0,0.00,0.00,0.00,0.00,0.00,Matches,FA Cup,2024-2025
530bf4ea,Elliott Taylor,eng ENG,GK,26,2,2,210,2.3,0,0,0,0,0,0,0,0,0.00,0.00,0.00,0.00,0.00,Matches,FA Cup,2024-2025
613b30cb,Josh Walsh,,MF,,2,2,210,2.3,0,2,2,0,0,0,0,0,0.00,0.86,0.86,0.00,0.86,Matches,FA Cup,2024-2025
50c9db67,Ben Williams,eng ENG,DF,30,2,2,210,2.3,0,1,1,0,0,0,0,0,0.00,0.43,0.43,0.00,0.43,Matches,FA Cup,2024-2025
68138c10,Ben Starkie,tz TAN,FW,22,2,2,209,2.3,0,0,0,0,0,0,1,0,0.00,0.00,0.00,0.00,0.00,Matches,FA Cup,2024-2025
20a24350,Daniel Cooper,eng ENG,MF,33,2,2,162,1.8,0,0,0,0,0,0,1,0,0.00,0.00,0.00,0.00,0.00,Matches,FA Cup,2024-2025
504e4975,Riley O’Sullivan,eng ENG,FW,23,2,2,154,1.7,1,2,3,1,0,0,0,0,0.58,1.17,1.75,0.58,1.75,Matches,FA Cup,2024-2025
9e752965,Freddie Robinson,,MF,,2,2,145,1.6,1,0,1,1,0,0,0,0,0.62,0.00,0.62,0.62,0.62,Matches,FA Cup,2024-2025
568f0c76,Ben Stephens,eng ENG,"MF,FW",26,2,2,145,1.6,2,0,2,2,0,0,0,0,1.24,0.00,1.24,1.24,1.24,Matches,FA Cup,2024-2025
85cf6efd,Connor Kennedy,eng ENG,MF,27,1,1,89,1.0,0,0,0,0,0,0,1,0,0.00,0.00,0.00,0.00,0.00,Matches,FA Cup,2024-2025
c1c2c925,Sandro,br BRA,MF,35,1,1,45,0.5,0,0,0,0,0,0,1,0,0.00,0.00,0.00,0.00,0.00,Matches,FA Cup,2024-2025
896b1307,Joel Carta,eng ENG,MF,26,1,0,75,0.8,0,0,0,0,0,0,0,0,0.00,0.00,0.00,0.00,0.00,Matches,FA Cup,2024-2025
48a19c95,Daniel Forbes,eng ENG,DF,28,2,0,65,0.7,1,0,1,1,0,0,1,0,1.38,0.00,1.38,1.38,1.38,Matches,FA Cup,2024-2025
87acfe12,Kai Tonge,eng ENG,MF,27,2,0,56,0.6,1,0,1,1,0,0,0,0,1.61,0.00,1.61,1.61,1.61,Matches,FA Cup,2024-2025
c259e51f,Luis Rose,eng ENG,FW,25,1,0,55,0.6,0,0,0,0,0,0,0,0,0.00,0.00,0.00,0.00,0.00,Matches,FA Cup,2024-2025
7823f3be,Amarvir Sandhu,eng ENG,DF,28,2,0,49,0.5,0,0,0,0,0,0,0,0,0.00,0.00,0.00,0.00,0.00,Matches,FA Cup,2024-2025
d2413ba5,Tendai Daire,eng ENG,FW,28,1,0,10,0.1,0,0,0,0,0,0,0,0,0.00,0.00,0.00,0.00,0.00,Matches,FA Cup,2024-2025
07fd9a1d,Gary Mulligan,ie IRL,FW,39,1,0,1,0.0,0,0,0,0,0,0,0,0,0.00,0.00,0.00,0.00,0.00,Matches,FA Cup,2024-2025
b004f8b6,Jutorre Burgess,bm BER,FW,17,0,0,,,,,,,,,,,,,,,,Matches,FA Cup,2024-2025
ed2bda2f,Liam Dolman,eng ENG,DF,36,0,0,,,,,,,,,,,,,,,,Matches,FA Cup,2024-2025
7945a45f,Harry Taylor,eng ENG,DF,27,45,45,"4,049",45.0,0,1,1,0,0,0,6,0,0.00,0.02,0.02,0.00,0.02,Matches,FA Cup,2024-2025
16540629,Gus Scott-Morriss,eng ENG,DF,27,44,44,"3,938",43.8,17,4,21,17,0,0,8,0,0.39,0.09,0.48,0.39,0.48,Matches,FA Cup,2024-2025
2dec3014,Nathan Ralph,eng ENG,DF,31,40,39,"3,535",39.3,2,1,3,2,0,0,8,0,0.05,0.03,0.08,0.05,0.08,Matches,FA Cup,2024-2025
9035308b,Noor Husin,af AFG,MF,27,43,36,"3,212",35.7,1,1,2,1,0,0,6,0,0.03,0.03,0.06,0.03,0.06,Matches,FA Cup,2024-2025
c6d70d1e,James Morton,eng ENG,MF,24,43,32,"2,835",31.5,0,4,4,0,0,0,3,0,0.00,0.13,0.13,0.00,0.13,Matches,FA Cup,2024-2025
2a00dced,Jack Bridge,eng ENG,"MF,DF",28,42,31,"2,889",32.1,1,4,5,0,1,1,1,0,0.03,0.12,0.16,0.00,0.12,Matches,FA Cup,2024-2025
8beaa4a3,Oliver Coker,,"MF,FW",,32,24,"1,906",21.2,5,3,8,5,0,0,3,0,0.24,0.14,0.38,0.24,0.38,Matches,FA Cup,2024-2025
4012d509,Collin Andeng-Ndi,cm CMR,GK,20,24,23,"2,060",22.9,0,0,0,0,0,0,2,0,0.00,0.00,0.00,0.00,0.00,Matches,FA Cup,2024-2025
9ca8b21c,Macauley Bonne,zw ZIM,FW,28,40,20,"2,129",23.7,5,4,9,5,0,0,3,0,0.21,0.17,0.38,0.21,0.38,Matches,FA Cup,2024-2025
c7c0e66f,Adam Crowther,eng ENG,DF,23,20,20,"1,748",19.4,1,1,2,1,0,0,1,0,0.05,0.05,0.10,0.05,0.10,Matches,FA Cup,2024-2025
9def2eb4,Josh Walker,eng ENG,FW,26,35,20,"1,708",19.0,4,2,6,4,0,0,5,0,0.21,0.11,0.32,0.21,0.32,Matches,FA Cup,2024-2025
7c94a189,Nicholas Hayes,eng ENG,GK,25,18,18,"1,620",18.0,0,0,0,0,0,0,1,0,0.00,0.00,0.00,0.00,0.00,Matches,FA Cup,2024-2025
94c53a55,Aribim Pepple,ca CAN,FW,21,19,17,"1,217",13.5,7,2,9,7,0,0,3,0,0.52,0.15,0.67,0.52,0.67,Matches,FA Cup,2024-2025
270c700c,Keenan Appiah-Forson,eng ENG,"MF,DF",22,36,15,"1,611",17.9,2,1,3,2,0,0,3,0,0.11,0.06,0.17,0.11,0.17,Matches,FA Cup,2024-2025
ad8a7344,Tom Hopper,eng ENG,FW,30,19,15,"1,320",14.7,2,1,3,2,0,0,2,0,0.14,0.07,0.20,0.14,0.20,Matches,FA Cup,2024-2025
1dcffffe,Ben Goodliffe,eng ENG,DF,25,19,14,"1,284",14.3,2,1,3,2,0,0,2,0,0.14,0.07,0.21,0.14,0.21,Matches,FA Cup,2024-2025
5e5437d4,Joe Gubbins,eng ENG,DF,22,24,14,"1,151",12.8,0,0,0,0,0,0,4,0,0.00,0.00,0.00,0.00,0.00,Matches,FA Cup,2024-2025
71b3a110,James Golding,ie IRL,"DF,MF",19,14,13,"1,172",13.0,3,0,3,3,0,0,1,0,0.23,0.00,0.23,0.23,0.23,Matches,FA Cup,2024-2025
f3cb63d1,Charlie Kendall,eng ENG,FW,23,22,13,"1,068",11.9,4,5,9,4,0,0,0,0,0.34,0.42,0.76,0.34,0.76,Matches,FA Cup,2024-2025
769e0887,Cavanagh Miley,eng ENG,MF,29,25,12,"1,139",12.7,0,0,0,0,0,0,8,1,0.00,0.00,0.00,0.00,0.00,Matches,FA Cup,2024-2025
14a7d8e3,George Moncur,eng ENG,"MF,FW",30,14,12,969,10.8,0,1,1,0,0,0,1,0,0.00,0.09,0.09,0.00,0.09,Matches,FA Cup,2024-2025
6535901f,Leon Chambers-Parillon,eng ENG,MF,22,18,11,927,10.3,0,5,5,0,0,0,0,0,0.00,0.49,0.49,0.00,0.49,Matches,FA Cup,2024-2025
7f876c2e,Harry Cardwell,sct SCO,FW,27,5,5,449,5.0,1,1,2,1,0,0,0,0,0.20,0.20,0.40,0.20,0.40,Matches,FA Cup,2024-2025
862fce90,Ollie Kensdale,eng ENG,"DF,MF",24,3,3,270,3.0,0,0,0,0,0,0,0,0,0.00,0.00,0.00,0.00,0.00,Matches,FA Cup,2024-2025
f7299b39,Zach Jeacock,eng ENG,GK,23,3,3,206,2.3,0,0,0,0,0,0,0,1,0.00,0.00,0.00,0.00,0.00,Matches,FA Cup,2024-2025
b2cb71e5,George Wind,eng ENG,"MF,DF",21,13,2,271,3.0,0,0,0,0,0,0,0,0,0.00,0.00,0.00,0.00,0.00,Matches,FA Cup,2024-2025
cce0ae26,Nathan Harness,eng ENG,GK,24,3,2,252,2.8,0,0,0,0,0,0,1,0,0.00,0.00,0.00,0.00,0.00,Matches,FA Cup,2024-2025
3dedf88f,Danny Waldron,eng ENG,"MF,FW",28,11,2,252,2.8,0,0,0,0,0,0,0,0,0.00,0.00,0.00,0.00,0.00,Matches,FA Cup,2024-2025
29c9978a,Taylor Foran,eng ENG,DF,20,2,1,93,1.0,0,0,0,0,0,0,0,0,0.00,0.00,0.00,0.00,0.00,Matches,FA Cup,2024-2025
ae97f18e,Jack Wood,eng ENG,MF,21,10,0,153,1.7,0,1,1,0,0,0,0,0,0.00,0.59,0.59,0.00,0.59,Matches,FA Cup,2024-2025
8e7ecd1f,Mikey Faulkner,eng ENG,MF,18,0,0,,,,,,,,,,,,,,,,Matches,FA Cup,2024-2025
df5c6206,James Hillson,eng ENG,GK,23,0,0,,,,,,,,,,,,,,,,Matches,FA Cup,2024-2025
e6312835,Anssi Jaakkola,fi FIN,GK,37,0,0,,,,,,,,,,,,,,,,Matches,FA Cup,2024-2025
017a59a5,Beau Macdonald,,MF,,0,0,,,,,,,,,,,,,,,,Matches,FA Cup,2024-2025
27d0a506,Pedro Porro,es ESP,DF,24,33,28,"2,610",29.0,2,6,8,2,0,0,5,0,0.07,0.21,0.28,0.07,0.28,Matches,FA Cup,2024-2025
df3cda47,Dejan Kulusevski,se SWE,"MF,FW",24,32,27,"2,389",26.5,7,4,11,7,0,0,3,0,0.26,0.15,0.41,0.26,0.41,Matches,FA Cup,2024-2025
e77dc3b2,Dominic Solanke,eng ENG,FW,26,27,25,"2,201",24.5,9,3,12,8,1,1,0,0,0.37,0.12,0.49,0.33,0.45,Matches,FA Cup,2024-2025
0cd31129,Brennan Johnson,wls WAL,"FW,MF",23,33,24,"2,177",24.2,11,3,14,11,0,0,5,0,0.45,0.12,0.58,0.45,0.58,Matches,FA Cup,2024-2025
77d6fd4d,Guglielmo Vicario,it ITA,GK,27,24,24,"2,160",24.0,0,0,0,0,0,0,1,0,0.00,0.00,0.00,0.00,0.00,Matches,FA Cup,2024-2025
92e7e919,Son Heung-min,kr KOR,"FW,MF",32,30,24,"2,110",23.4,7,9,16,6,1,2,1,0,0.30,0.38,0.68,0.26,0.64,Matches,FA Cup,2024-2025
7cd520e8,Destiny Udogie,it ITA,DF,21,25,24,"1,924",21.4,0,1,1,0,0,0,2,0,0.00,0.05,0.05,0.00,0.05,Matches,FA Cup,2024-2025
feb5d972,Pape Matar Sarr,sn SEN,MF,21,36,22,"1,913",21.3,3,2,5,3,0,0,6,0,0.14,0.09,0.24,0.14,0.24,Matches,FA Cup,2024-2025
ee38d9c5,James Maddison,eng ENG,MF,27,31,21,"1,809",20.1,9,7,16,9,0,0,6,0,0.45,0.35,0.80,0.45,0.80,Matches,FA Cup,2024-2025
3b8674e6,Rodrigo Bentancur,uy URU,MF,27,26,21,"1,645",18.3,2,0,2,2,0,0,9,0,0.11,0.00,0.11,0.11,0.11,Matches,FA Cup,2024-2025
9bc9a519,Djed Spence,eng ENG,DF,23,25,19,"1,792",19.9,1,2,3,1,0,0,4,1,0.05,0.10,0.15,0.05,0.15,Matches,FA Cup,2024-2025
f58515f5,Archie Gray,eng ENG,"DF,MF",18,28,19,"1,751",19.5,0,0,0,0,0,0,1,0,0.00,0.00,0.00,0.00,0.00,Matches,FA Cup,2024-2025
a3d94a58,Cristian Romero,ar ARG,DF,26,18,18,"1,416",15.7,1,0,1,1,0,0,3,0,0.06,0.00,0.06,0.06,0.06,Matches,FA Cup,2024-2025
6c203af0,Yves Bissouma,ml MLI,MF,27,28,16,"1,408",15.6,2,0,2,2,0,0,7,0,0.13,0.00,0.13,0.13,0.13,Matches,FA Cup,2024-2025
44781702,Ben Davies,wls WAL,DF,31,17,14,"1,331",14.8,0,0,0,0,0,0,5,0,0.00,0.00,0.00,0.00,0.00,Matches,FA Cup,2024-2025
620922ed,Radu Drăgușin,ro ROU,DF,22,16,14,"1,252",13.9,0,0,0,0,0,0,1,0,0.00,0.00,0.00,0.00,0.00,Matches,FA Cup,2024-2025
8fe2a392,Micky van de Ven,nl NED,DF,23,13,12,"1,015",11.3,0,2,2,0,0,0,4,0,0.00,0.18,0.18,0.00,0.18,Matches,FA Cup,2024-2025
a109e5c8,Lucas Bergvall,se SWE,MF,18,27,11,"1,212",13.5,0,1,1,0,0,0,3,0,0.00,0.07,0.07,0.00,0.07,Matches,FA Cup,2024-2025
829aa60c,Mathys Tel,fr FRA,FW,19,13,11,911,10.1,2,1,3,1,1,1,2,0,0.20,0.10,0.30,0.10,0.20,Matches,FA Cup,2024-2025
35516eac,Wilson Odobert,fr FRA,"FW,MF",19,16,9,850,9.4,1,0,1,1,0,0,0,0,0.11,0.00,0.11,0.11,0.11,Matches,FA Cup,2024-2025
6e33125f,Kevin Danso,at AUT,DF,25,10,9,842,9.4,0,0,0,0,0,0,0,0,0.00,0.00,0.00,0.00,0.00,Matches,FA Cup,2024-2025
c3e39f12,Fraser Forster,eng ENG,GK,36,7,7,630,7.0,0,0,0,0,0,0,0,0,0.00,0.00,0.00,0.00,0.00,Matches,FA Cup,2024-2025
b38ac6a4,Antonín Kinský,cz CZE,GK,21,6,6,540,6.0,0,0,0,0,0,0,0,0,0.00,0.00,0.00,0.00,0.00,Matches,FA Cup,2024-2025
49fe9070,Timo Werner,de GER,"FW,MF",28,18,4,516,5.7,0,3,3,0,0,0,0,0,0.00,0.52,0.52,0.00,0.52,Matches,FA Cup,2024-2025
fa031b34,Richarlison,br BRA,FW,27,15,4,504,5.6,4,1,5,4,0,0,2,0,0.71,0.18,0.89,0.71,0.89,Matches,FA Cup,2024-2025
00953a9d,Mikey Moore,eng ENG,"MF,FW",16,10,3,366,4.1,0,1,1,0,0,0,0,0,0.00,0.25,0.25,0.00,0.25,Matches,FA Cup,2024-2025
3353737a,Sergio Reguilón,es ESP,DF,27,4,1,196,2.2,0,0,0,0,0,0,2,0,0.00,0.00,0.00,0.00,0.00,Matches,FA Cup,2024-2025
5e253986,Brandon Austin,eng ENG,GK,25,1,1,90,1.0,0,0,0,0,0,0,0,0,0.00,0.00,0.00,0.00,0.00,Matches,FA Cup,2024-2025
21945a9e,Dane Scarlett,eng ENG,FW,20,3,0,34,0.4,0,1,1,0,0,0,0,0,0.00,2.65,2.65,0.00,2.65,Matches,FA Cup,2024-2025
ac1ef440,Alfie Dorrington,eng ENG,DF,19,1,0,14,0.2,0,0,0,0,0,0,0,0,0.00,0.00,0.00,0.00,0.00,Matches,FA Cup,2024-2025
92df535b,Will Lankshear,eng ENG,FW,19,3,0,11,0.1,0,0,0,0,0,0,0,0,0.00,0.00,0.00,0.00,0.00,Matches,FA Cup,2024-2025
d3a6f5a3,Oyindamola Ajayi,eng ENG,MF,18,0,0,,,,,,,,,,,,,,,,Matches,FA Cup,2024-2025
0b8373bb,Dante Cassanova,jm JAM,DF,20,0,0,,,,,,,,,,,,,,,,Matches,FA Cup,2024-2025
ba08056d,Alfie Devine,eng ENG,MF,19,0,0,,,,,,,,,,,,,,,,Matches,FA Cup,2024-2025
3478fa17,Malachi Hardy,eng ENG,DF,16,0,0,,,,,,,,,,,,,,,,Matches,FA Cup,2024-2025
b00671f2,Maeson King,eng ENG,DF,18,0,0,,,,,,,,,,,,,,,,Matches,FA Cup,2024-2025
fe3db176,Yang Minhyeok,kr KOR,MF,18,0,0,,,,,,,,,,,,,,,,Matches,FA Cup,2024-2025
d6455444,Callum Olusesi,eng ENG,MF,17,0,0,,,,,,,,,,,,,,,,Matches,FA Cup,2024-2025
3f2587ee,Alfie Whiteman,eng ENG,GK,25,0,0,,,,,,,,,,,,,,,,Matches,FA Cup,2024-2025
d2fe0b0b,Luca Williams Barnett,eng ENG,FW,15,0,0,,,,,,,,,,,,,,,,Matches,FA Cup,2024-2025
e9f1c4de,Sam Tickle,eng ENG,GK,22,46,46,"4,140",46.0,0,0,0,0,0,0,4,0,0.00,0.00,0.00,0.00,0.00,Matches,FA Cup,2024-2025
b9fc65bc,Jason Kerr,sct SCO,DF,27,44,44,"3,960",44.0,1,0,1,1,0,0,6,0,0.02,0.00,0.02,0.02,0.02,Matches,FA Cup,2024-2025
4f71beda,Will Aimson,eng ENG,DF,28,43,42,"3,701",41.1,0,1,1,0,0,0,7,1,0.00,0.02,0.02,0.00,0.02,Matches,FA Cup,2024-2025
d5094280,Dale Taylor,nir NIR,FW,20,43,36,"3,352",37.2,10,7,17,9,1,1,3,0,0.27,0.19,0.46,0.24,0.43,Matches,FA Cup,2024-2025
4462a37e,James Carragher,mt MLT,DF,21,33,26,"2,273",25.3,2,1,3,2,0,0,6,0,0.08,0.04,0.12,0.08,0.12,Matches,FA Cup,2024-2025
2ae8e967,Jensen Weir,sct SCO,"MF,FW",22,33,24,"1,970",21.9,0,1,1,0,0,0,6,1,0.00,0.05,0.05,0.00,0.05,Matches,FA Cup,2024-2025
c88a28b9,Thelo Aasgaard,no NOR,MF,22,26,23,"2,082",23.1,9,1,10,9,0,0,1,0,0.39,0.04,0.43,0.39,0.43,Matches,FA Cup,2024-2025
6d4bbd51,Babajide Adeeko,ie IRL,MF,21,31,23,"2,020",22.4,1,0,1,1,0,0,6,0,0.04,0.00,0.04,0.04,0.04,Matches,FA Cup,2024-2025
90359f26,Toby Sibbick,ug UGA,DF,25,31,22,"2,000",22.2,0,1,1,0,0,0,5,0,0.00,0.05,0.05,0.00,0.05,Matches,FA Cup,2024-2025
c7a27513,Silko Thomas,eng ENG,MF,20,24,20,"1,543",17.1,0,2,2,0,0,0,2,0,0.00,0.12,0.12,0.00,0.12,Matches,FA Cup,2024-2025
4a20310b,Jonny Smith,eng ENG,MF,27,36,19,"1,763",19.6,3,5,8,3,0,0,0,0,0.15,0.26,0.41,0.15,0.41,Matches,FA Cup,2024-2025
5b2d3376,Scott Smith,wls WAL,MF,23,38,18,"1,925",21.4,0,0,0,0,0,0,12,0,0.00,0.00,0.00,0.00,0.00,Matches,FA Cup,2024-2025
54b6eed9,Matthew Smith,eng ENG,MF,23,19,17,"1,305",14.5,1,3,4,1,0,0,4,0,0.07,0.21,0.28,0.07,0.28,Matches,FA Cup,2024-2025
e84eed41,Jon Mellish,eng ENG,"DF,MF",26,21,15,"1,407",15.6,1,0,1,1,0,0,1,0,0.06,0.00,0.06,0.06,0.06,Matches,FA Cup,2024-2025
182b9864,Owen Dale,eng ENG,MF,25,17,15,"1,285",14.3,1,1,2,1,0,0,3,0,0.07,0.07,0.14,0.07,0.14,Matches,FA Cup,2024-2025
ec670f31,Dion Rankine,eng ENG,MF,21,20,13,"1,078",12.0,1,0,1,1,0,0,1,0,0.08,0.00,0.08,0.08,0.08,Matches,FA Cup,2024-2025
5547e172,Luke Robinson,sct SCO,DF,22,23,12,"1,122",12.5,1,0,1,1,0,0,3,0,0.08,0.00,0.08,0.08,0.08,Matches,FA Cup,2024-2025
7d6af698,Luke Chambers,eng ENG,DF,20,12,12,986,11.0,1,1,2,1,0,0,0,0,0.09,0.09,0.18,0.09,0.18,Matches,FA Cup,2024-2025
99666073,Oliver Norburn,gd GRN,MF,31,14,12,964,10.7,0,0,0,0,0,0,4,0,0.00,0.00,0.00,0.00,0.00,Matches,FA Cup,2024-2025
4e229bf9,Steven Sessegnon,eng ENG,DF,24,13,12,889,9.9,0,0,0,0,0,0,1,0,0.00,0.00,0.00,0.00,0.00,Matches,FA Cup,2024-2025
b3038e9f,Maleace Asamoah,eng ENG,"FW,MF",21,16,10,878,9.8,1,1,2,1,0,0,1,0,0.10,0.10,0.21,0.10,0.21,Matches,FA Cup,2024-2025
9aff0d18,Ronan Darcy,eng ENG,"MF,FW",23,13,8,724,8.0,1,1,2,1,0,0,1,0,0.12,0.12,0.25,0.12,0.25,Matches,FA Cup,2024-2025
49134eb2,Joe Hugill,eng ENG,FW,20,13,8,598,6.6,3,0,3,3,0,0,0,0,0.45,0.00,0.45,0.45,0.45,Matches,FA Cup,2024-2025
cdd70dc0,Michael Olakigbe,eng ENG,MF,20,13,7,655,7.3,0,0,0,0,0,0,0,0,0.00,0.00,0.00,0.00,0.00,Matches,FA Cup,2024-2025
fdf9edec,Joseph Hungbo,eng ENG,MF,24,11,5,486,5.4,0,1,1,0,0,0,1,0,0.00,0.19,0.19,0.00,0.19,Matches,FA Cup,2024-2025
d975215f,Harry McHugh,eng ENG,MF,21,14,4,464,5.2,0,0,0,0,0,0,2,0,0.00,0.00,0.00,0.00,0.00,Matches,FA Cup,2024-2025
6722d4f0,Tyrese Francois,au AUS,MF,24,5,4,309,3.4,0,1,1,0,0,0,1,0,0.00,0.29,0.29,0.00,0.29,Matches,FA Cup,2024-2025
d720e834,Calvin Ramsay,sct SCO,DF,21,8,3,304,3.4,0,0,0,0,0,0,0,0,0.00,0.00,0.00,0.00,0.00,Matches,FA Cup,2024-2025
1a5dbcc2,Callum McManaman,eng ENG,MF,33,26,2,528,5.9,1,0,1,1,0,0,6,0,0.17,0.00,0.17,0.17,0.17,Matches,FA Cup,2024-2025
0c3bca05,Chris Sze,eng ENG,"MF,FW",20,12,2,323,3.6,1,0,1,1,0,0,1,0,0.28,0.00,0.28,0.28,0.28,Matches,FA Cup,2024-2025
0e1a0c9e,Will Goodwin,eng ENG,FW,22,6,2,187,2.1,0,0,0,0,0,0,1,0,0.00,0.00,0.00,0.00,0.00,Matches,FA Cup,2024-2025
b55820e5,Josh Stones,eng ENG,FW,20,3,0,76,0.8,0,0,0,0,0,0,0,0,0.00,0.00,0.00,0.00,0.00,Matches,FA Cup,2024-2025
c1947edf,K'Marni Miller,eng ENG,DF,19,2,0,61,0.7,0,0,0,0,0,0,1,0,0.00,0.00,0.00,0.00,0.00,Matches,FA Cup,2024-2025
d2bf42ba,Jordan Jones,nir NIR,"FW,MF",29,2,0,60,0.7,0,0,0,0,0,0,0,0,0.00,0.00,0.00,0.00,0.00,Matches,FA Cup,2024-2025
f3051c6f,Kai Payne,eng ENG,MF,19,2,0,47,0.5,0,0,0,0,0,0,0,0,0.00,0.00,0.00,0.00,0.00,Matches,FA Cup,2024-2025
3fe6bd8c,Paul Dummett,wls WAL,DF,32,3,0,38,0.4,0,0,0,0,0,0,0,0,0.00,0.00,0.00,0.00,0.00,Matches,FA Cup,2024-2025
29c29cef,Charlie Hughes,eng ENG,DF,20,1,0,18,0.2,0,0,0,0,0,0,1,0,0.00,0.00,0.00,0.00,0.00,Matches,FA Cup,2024-2025
165cf989,Andy Lonergan,ie IRL,GK,40,0,0,,,,,,,,,,,,,,,,Matches,FA Cup,2024-2025
d36b438c,Tom Watson,eng ENG,GK,19,0,0,,,,,,,,,,,,,,,,Matches,FA Cup,2024-2025
a8c19eb8,Nathan Collins,ie IRL,DF,23,38,38,"3,420",38.0,2,3,5,2,0,0,5,0,0.05,0.08,0.13,0.05,0.13,Matches,FA Cup,2024-2025
6afaebf2,Bryan Mbeumo,cm CMR,"MF,FW",24,38,38,"3,414",37.9,20,7,27,15,5,6,3,0,0.53,0.18,0.71,0.40,0.58,Matches,FA Cup,2024-2025
a92ab7be,Mark Flekken,nl NED,GK,31,37,37,"3,275",36.4,0,2,2,0,0,0,1,0,0.00,0.05,0.05,0.00,0.05,Matches,FA Cup,2024-2025
41f08ac8,Keane Lewis-Potter,eng ENG,"DF,MF",23,38,36,"3,093",34.4,1,3,4,1,0,0,7,0,0.03,0.09,0.12,0.03,0.12,Matches,FA Cup,2024-2025
2500cef9,Yoane Wissa,cd COD,FW,27,35,34,"2,919",32.4,19,4,23,19,0,0,5,0,0.59,0.12,0.71,0.59,0.71,Matches,FA Cup,2024-2025
215f3907,Mikkel Damsgaard,dk DEN,MF,24,38,34,"2,911",32.3,2,10,12,2,0,0,2,0,0.06,0.31,0.37,0.06,0.37,Matches,FA Cup,2024-2025
df0a4c90,Christian Nørgaard,dk DEN,MF,30,34,34,"2,819",31.3,5,4,9,5,0,0,8,1,0.16,0.13,0.29,0.16,0.29,Matches,FA Cup,2024-2025
7bf9400b,Sepp van den Berg,nl NED,DF,22,31,29,"2,586",28.7,0,0,0,0,0,0,3,0,0.00,0.00,0.00,0.00,0.00,Matches,FA Cup,2024-2025
8449d35e,Vitaly Janelt,de GER,MF,26,32,27,"2,254",25.0,1,3,4,1,0,0,3,0,0.04,0.12,0.16,0.04,0.16,Matches,FA Cup,2024-2025
52afb588,Kevin Schade,de GER,"MF,FW",22,38,26,"2,293",25.5,11,2,13,11,0,0,3,0,0.43,0.08,0.51,0.43,0.51,Matches,FA Cup,2024-2025
e541326e,Ethan Pinnock,jm JAM,DF,31,22,21,"1,913",21.3,2,0,2,2,0,0,2,0,0.09,0.00,0.09,0.09,0.09,Matches,FA Cup,2024-2025
a8c0acb7,Kristoffer Ajer,no NOR,DF,26,24,17,"1,438",16.0,0,0,0,0,0,0,5,0,0.00,0.00,0.00,0.00,0.00,Matches,FA Cup,2024-2025
907a5d7c,Yehor Yarmoliuk,ua UKR,MF,20,31,15,"1,450",16.1,0,0,0,0,0,0,6,0,0.00,0.00,0.00,0.00,0.00,Matches,FA Cup,2024-2025
57c94db2,Mads Roerslev,dk DEN,DF,25,19,11,"1,101",12.2,0,2,2,0,0,0,2,0,0.00,0.16,0.16,0.00,0.16,Matches,FA Cup,2024-2025
0f134faf,Mathias Jensen,dk DEN,MF,28,24,8,862,9.6,0,2,2,0,0,0,2,0,0.00,0.21,0.21,0.00,0.21,Matches,FA Cup,2024-2025
e19660a8,Michael Kayode,it ITA,DF,20,12,6,528,5.9,0,1,1,0,0,0,2,0,0.00,0.17,0.17,0.00,0.17,Matches,FA Cup,2024-2025
966e28d0,Fabio Carvalho,pt POR,"FW,MF",21,19,3,455,5.1,2,1,3,2,0,0,1,0,0.40,0.20,0.59,0.40,0.59,Matches,FA Cup,2024-2025
8df7a2fb,Ben Mee,eng ENG,DF,34,7,2,183,2.0,0,0,0,0,0,0,2,0,0.00,0.00,0.00,0.00,0.00,Matches,FA Cup,2024-2025
dc45ac24,Igor Thiago,br BRA,FW,23,8,1,175,1.9,0,0,0,0,0,0,0,0,0.00,0.00,0.00,0.00,0.00,Matches,FA Cup,2024-2025
57a34cf4,Hákon Valdimarsson,is ISL,GK,22,2,1,145,1.6,0,0,0,0,0,0,0,0,0.00,0.00,0.00,0.00,0.00,Matches,FA Cup,2024-2025
8a3ddcd2,Edmond-Paris Maghoma,eng ENG,MF,23,8,0,119,1.3,0,0,0,0,0,0,0,0,0.00,0.00,0.00,0.00,0.00,Matches,FA Cup,2024-2025
8a3c1dc7,Rico Henry,jm JAM,"DF,MF",27,5,0,99,1.1,0,0,0,0,0,0,0,0,0.00,0.00,0.00,0.00,0.00,Matches,FA Cup,2024-2025
e02b5b36,Yunus Emre Konak,tr TUR,MF,18,10,0,42,0.5,0,0,0,0,0,0,0,0,0.00,0.00,0.00,0.00,0.00,Matches,FA Cup,2024-2025
f4065d9e,Kim Jisoo,kr KOR,DF,19,3,0,30,0.3,0,0,0,0,0,0,0,0,0.00,0.00,0.00,0.00,0.00,Matches,FA Cup,2024-2025
2944f86f,Frank Onyeka,ng NGA,MF,26,2,0,25,0.3,0,0,0,0,0,0,0,0,0.00,0.00,0.00,0.00,0.00,Matches,FA Cup,2024-2025
e504780f,Gustavo Nunes,br BRA,MF,18,3,0,12,0.1,0,0,0,0,0,0,0,0,0.00,0.00,0.00,0.00,0.00,Matches,FA Cup,2024-2025
07382f6c,Jayden Meghoma,eng ENG,DF,18,1,0,5,0.1,0,0,0,0,0,0,0,0,0.00,0.00,0.00,0.00,0.00,Matches,FA Cup,2024-2025
732327ae,Ryan Trevitt,eng ENG,MF,21,1,0,4,0.0,0,0,0,0,0,0,0,0,0.00,0.00,0.00,0.00,0.00,Matches,FA Cup,2024-2025
093f0923,Benjamin Arthur,eng ENG,DF,18,0,0,,,,,,,,,,,,,,,,Matches,FA Cup,2024-2025
e839dde1,Julian Eyestone,us USA,GK,18,0,0,,,,,,,,,,,,,,,,Matches,FA Cup,2024-2025
fde367e5,Benjamin Fredrick,ng NGA,DF,19,0,0,,,,,,,,,,,,,,,,Matches,FA Cup,2024-2025
1780bb4a,Aaron Hickey,sct SCO,"DF,MF",22,0,0,,,,,,,,,,,,,,,,Matches,FA Cup,2024-2025
ad31049a,Iwan Morgan,wls WAL,FW,18,0,0,,,,,,,,,,,,,,,,Matches,FA Cup,2024-2025
ea1a5662,Myles Peart-Harris,eng ENG,MF,21,0,0,,,,,,,,,,,,,,,,Matches,FA Cup,2024-2025
4cccbed1,Tony Yogane,eng ENG,MF,18,0,0,,,,,,,,,,,,,,,,Matches,FA Cup,2024-2025
ee811f48,George Cantrill,eng ENG,MF,24,1,1,90,1.0,0,0,0,0,0,0,1,0,0.00,0.00,0.00,0.00,0.00,Matches,FA Cup,2024-2025
25dfa9be,Josh Clackstone,eng ENG,DF,27,1,1,90,1.0,0,0,0,0,0,0,0,0,0.00,0.00,0.00,0.00,0.00,Matches,FA Cup,2024-2025
ad6aa74a,Jake Day,eng ENG,FW,32,1,1,90,1.0,0,0,0,0,0,0,0,0,0.00,0.00,0.00,0.00,0.00,Matches,FA Cup,2024-2025
c91129c4,Max Hunt,eng ENG,DF,25,1,1,90,1.0,0,0,0,0,0,0,0,0,0.00,0.00,0.00,0.00,0.00,Matches,FA Cup,2024-2025
ef40cccd,Nathan Newall,eng ENG,DF,22,1,1,90,1.0,0,0,0,0,0,0,0,0,0.00,0.00,0.00,0.00,0.00,Matches,FA Cup,2024-2025
7da35cbe,Liam Waldock,eng ENG,MF,23,1,1,90,1.0,1,0,1,1,0,0,0,0,1.00,0.00,1.00,1.00,1.00,Matches,FA Cup,2024-2025
cdd2f242,George Willis,eng ENG,GK,29,1,1,90,1.0,0,0,0,0,0,0,0,0,0.00,0.00,0.00,0.00,0.00,Matches,FA Cup,2024-2025
5d0b5462,Dwayne Wiley,eng ENG,DF,32,1,1,81,0.9,0,0,0,0,0,0,0,0,0.00,0.00,0.00,0.00,0.00,Matches,FA Cup,2024-2025
c3dbc591,Billy Whitehouse,eng ENG,FW,28,1,1,75,0.8,0,0,0,0,0,0,1,0,0.00,0.00,0.00,0.00,0.00,Matches,FA Cup,2024-2025
31d4526d,Jed Abbey,nl NED,FW,22,1,1,67,0.7,0,0,0,0,0,0,0,0,0.00,0.00,0.00,0.00,0.00,Matches,FA Cup,2024-2025
503dbe65,Adam Lund,eng ENG,MF,25,1,1,67,0.7,0,0,0,0,0,0,0,0,0.00,0.00,0.00,0.00,0.00,Matches,FA Cup,2024-2025
a1275e5d,Harry Perritt,eng ENG,DF,24,1,0,23,0.3,0,0,0,0,0,0,0,0,0.00,0.00,0.00,0.00,0.00,Matches,FA Cup,2024-2025
cd9a9403,Lewis Salmon,eng ENG,FW,22,1,0,23,0.3,0,0,0,0,0,0,0,0,0.00,0.00,0.00,0.00,0.00,Matches,FA Cup,2024-2025
07381c64,Billy Fewster,eng ENG,MF,21,1,0,15,0.2,0,0,0,0,0,0,0,0,0.00,0.00,0.00,0.00,0.00,Matches,FA Cup,2024-2025
2126e09b,Adam Anson,eng ENG,DF,27,1,0,9,0.1,0,0,0,0,0,0,0,0,0.00,0.00,0.00,0.00,0.00,Matches,FA Cup,2024-2025
a19c1a2e,Jake Askew,eng ENG,GK,26,0,0,,,,,,,,,,,,,,,,Matches,FA Cup,2024-2025
7fa3a730,Tom Hinton,eng ENG,MF,20,0,0,,,,,,,,,,,,,,,,Matches,FA Cup,2024-2025
98e0d906,Ahmed Salam,eng ENG,MF,23,0,0,,,,,,,,,,,,,,,,Matches,FA Cup,2024-2025
0f75649f,Jamie Watson,eng ENG,DF,22,0,0,,,,,,,,,,,,,,,,Matches,FA Cup,2024-2025
b83ec960,Jason Knight,ie IRL,MF,23,46,46,"4,140",46.0,3,6,9,3,0,0,6,0,0.07,0.13,0.20,0.07,0.20,Matches,FA Cup,2024-2025
a77c1ce8,Max O'Leary,ie IRL,GK,27,46,46,"4,140",46.0,0,0,0,0,0,0,3,0,0.00,0.00,0.00,0.00,0.00,Matches,FA Cup,2024-2025
a8fe5a96,Zak Vyner,ke KEN,DF,27,46,46,"4,140",46.0,1,0,1,1,0,0,3,0,0.02,0.00,0.02,0.02,0.02,Matches,FA Cup,2024-2025
46d27ca0,Max Bird,eng ENG,MF,23,46,43,"3,481",38.7,1,8,9,1,0,0,1,0,0.03,0.21,0.23,0.03,0.23,Matches,FA Cup,2024-2025
c7dfc411,Robert Dickie,eng ENG,DF,28,36,35,"3,121",34.7,2,1,3,2,0,0,5,1,0.06,0.03,0.09,0.06,0.09,Matches,FA Cup,2024-2025
48a08f79,Anis Mehmeti,al ALB,"MF,FW",23,42,29,"2,558",28.4,12,1,13,10,2,2,3,0,0.42,0.04,0.46,0.35,0.39,Matches,FA Cup,2024-2025
01716c85,Cameron Pring,eng ENG,"DF,MF",26,32,27,"2,228",24.8,0,3,3,0,0,0,8,0,0.00,0.12,0.12,0.00,0.12,Matches,FA Cup,2024-2025
22a93e73,Luke McNally,ie IRL,DF,24,26,26,"2,322",25.8,3,1,4,3,0,0,5,0,0.12,0.04,0.16,0.12,0.16,Matches,FA Cup,2024-2025
5a425cab,Scott Twine,eng ENG,"MF,FW",25,35,26,"2,119",23.5,5,3,8,5,0,0,6,0,0.21,0.13,0.34,0.21,0.34,Matches,FA Cup,2024-2025
b070482d,Nahki Wells,bm BER,FW,34,39,26,"2,052",22.8,10,4,14,9,1,1,3,0,0.44,0.18,0.61,0.39,0.57,Matches,FA Cup,2024-2025
8f9c9b14,George Tanner,eng ENG,"DF,MF",24,32,23,"2,002",22.2,2,0,2,2,0,0,2,0,0.09,0.00,0.09,0.09,0.09,Matches,FA Cup,2024-2025
40580929,Mark Sykes,ie IRL,MF,26,27,21,"1,707",19.0,3,4,7,3,0,0,5,0,0.16,0.21,0.37,0.16,0.37,Matches,FA Cup,2024-2025
94d628b1,Ross McCrorie,sct SCO,"MF,DF",26,23,18,"1,475",16.4,5,0,5,5,0,0,10,1,0.31,0.00,0.31,0.31,0.31,Matches,FA Cup,2024-2025
44c38f2e,Joe Williams,eng ENG,MF,27,24,18,"1,417",15.7,0,4,4,0,0,0,6,1,0.00,0.25,0.25,0.00,0.25,Matches,FA Cup,2024-2025
578e7583,Yu Hirakawa,jp JPN,MF,23,36,17,"1,657",18.4,2,2,4,2,0,0,0,0,0.11,0.11,0.22,0.11,0.22,Matches,FA Cup,2024-2025
c2bf2522,Sinclair Armstrong,ie IRL,FW,21,36,17,"1,555",17.3,3,0,3,3,0,0,1,0,0.17,0.00,0.17,0.17,0.17,Matches,FA Cup,2024-2025
a731e8a0,Haydon Roberts,eng ENG,"MF,DF",22,30,15,"1,635",18.2,1,1,2,1,0,0,5,0,0.06,0.06,0.11,0.06,0.11,Matches,FA Cup,2024-2025
123d2733,George Earthy,eng ENG,"MF,FW",19,37,11,"1,457",16.2,3,1,4,3,0,0,3,0,0.19,0.06,0.25,0.19,0.25,Matches,FA Cup,2024-2025
781b698a,Marcus McGuane,eng ENG,MF,25,21,11,"1,063",11.8,0,0,0,0,0,0,1,0,0.00,0.00,0.00,0.00,0.00,Matches,FA Cup,2024-2025
c7ad19f8,Fally Mayulu,fr FRA,FW,22,15,3,402,4.5,2,0,2,2,0,0,0,0,0.45,0.00,0.45,0.45,0.45,Matches,FA Cup,2024-2025
d3ccb0ea,Kal Naismith,sct SCO,DF,32,6,2,286,3.2,0,0,0,0,0,0,0,0,0.00,0.00,0.00,0.00,0.00,Matches,FA Cup,2024-2025
a95abffc,Sam Bell,eng ENG,"FW,MF",22,20,0,440,4.9,0,0,0,0,0,0,0,0,0.00,0.00,0.00,0.00,0.00,Matches,FA Cup,2024-2025
10311892,Elijah Morrison,eng ENG,MF,18,3,0,39,0.4,0,0,0,0,0,0,1,0,0.00,0.00,0.00,0.00,0.00,Matches,FA Cup,2024-2025
9169bc41,Harry Cornick,eng ENG,"FW,MF",29,3,0,38,0.4,1,0,1,1,0,0,0,0,2.37,0.00,2.37,2.37,2.37,Matches,FA Cup,2024-2025
181df6a4,Robert Atkinson,eng ENG,DF,26,0,0,,,,,,,,,,,,,,,,Matches,FA Cup,2024-2025
be13e5a8,Stefan Bajic,fr FRA,GK,22,0,0,,,,,,,,,,,,,,,,Matches,FA Cup,2024-2025
f05ee68d,Taylor Gardner-Hickman,eng ENG,"DF,MF",22,0,0,,,,,,,,,,,,,,,,Matches,FA Cup,2024-2025
aa4c33f4,Leo Pecover,,MF,,0,0,,,,,,,,,,,,,,,,Matches,FA Cup,2024-2025
22463399,Billy Phillips,eng ENG,FW,18,0,0,,,,,,,,,,,,,,,,Matches,FA Cup,2024-2025
aa0827b8,Josh Slowey,,DF,,0,0,,,,,,,,,,,,,,,,Matches,FA Cup,2024-2025
43618db7,Joshua Stokes,,MF,,0,0,,,,,,,,,,,,,,,,Matches,FA Cup,2024-2025
40596197,Lewis Thomas,wls WAL,GK,26,0,0,,,,,,,,,,,,,,,,Matches,FA Cup,2024-2025
b3e4a674,Casper de Norre,be BEL,MF,27,46,44,"3,606",40.1,3,4,7,3,0,0,5,0,0.07,0.10,0.17,0.07,0.17,Matches,FA Cup,2024-2025
47ed3795,Lukas Jensen,dk DEN,GK,25,41,41,"3,689",41.0,0,0,0,0,0,0,1,0,0.00,0.00,0.00,0.00,0.00,Matches,FA Cup,2024-2025
e9971f2d,Japhet Tanganga,eng ENG,DF,25,40,40,"3,552",39.5,2,0,2,2,0,0,6,0,0.05,0.00,0.05,0.05,0.05,Matches,FA Cup,2024-2025
af69e7f0,Joe Bryan,eng ENG,DF,30,39,37,"3,275",36.4,1,1,2,1,0,0,8,0,0.03,0.03,0.05,0.03,0.05,Matches,FA Cup,2024-2025
c4c00019,George Saville,nir NIR,MF,31,45,36,"3,300",36.7,1,3,4,1,0,0,8,0,0.03,0.08,0.11,0.03,0.11,Matches,FA Cup,2024-2025
aa7dfc40,Jake Cooper,eng ENG,DF,29,36,36,"3,195",35.5,3,1,4,3,0,0,4,0,0.08,0.03,0.11,0.08,0.11,Matches,FA Cup,2024-2025
fd45ca7b,Ryan Leonard,eng ENG,DF,32,33,29,"2,631",29.2,0,1,1,0,0,0,8,0,0.00,0.03,0.03,0.00,0.03,Matches,FA Cup,2024-2025
84afeaff,George Honeyman,eng ENG,MF,29,40,28,"2,422",26.9,2,5,7,2,0,0,7,0,0.07,0.19,0.26,0.07,0.26,Matches,FA Cup,2024-2025
87189f25,Romain Esse,eng ENG,MF,19,24,24,"2,018",22.4,4,1,5,4,0,0,4,0,0.18,0.04,0.22,0.18,0.22,Matches,FA Cup,2024-2025
71c620d7,Mihailo Ivanović,rs SRB,"FW,MF",19,37,23,"2,176",24.2,12,0,12,11,1,1,2,0,0.50,0.00,0.50,0.45,0.45,Matches,FA Cup,2024-2025
2d590087,Femi Azeez,eng ENG,MF,23,34,21,"1,906",21.2,2,5,7,2,0,0,4,0,0.09,0.24,0.33,0.09,0.33,Matches,FA Cup,2024-2025
2b2bae51,Duncan Watmore,eng ENG,MF,30,26,19,"1,578",17.5,5,1,6,5,0,0,0,0,0.29,0.06,0.34,0.29,0.34,Matches,FA Cup,2024-2025
130e085a,Tristan Crama,fr FRA,DF,22,20,18,"1,634",18.2,0,2,2,0,0,0,1,0,0.00,0.11,0.11,0.00,0.11,Matches,FA Cup,2024-2025
ca9b48af,Macaulay Langstaff,eng ENG,FW,27,34,14,"1,388",15.4,1,2,3,1,0,0,0,0,0.06,0.13,0.19,0.06,0.19,Matches,FA Cup,2024-2025
cdb3f59c,Josh Coburn,eng ENG,FW,21,20,14,"1,218",13.5,5,0,5,5,0,1,0,0,0.37,0.00,0.37,0.37,0.37,Matches,FA Cup,2024-2025
cc3b8e78,Luke Cundle,eng ENG,MF,22,16,13,985,10.9,1,0,1,1,0,0,2,0,0.09,0.00,0.09,0.09,0.09,Matches,FA Cup,2024-2025
88ff9db9,Billy Mitchell,eng ENG,MF,24,19,9,891,9.9,0,0,0,0,0,0,1,0,0.00,0.00,0.00,0.00,0.00,Matches,FA Cup,2024-2025
1724d97e,Murray Wallace,sct SCO,DF,31,11,8,733,8.1,0,0,0,0,0,0,0,0,0.00,0.00,0.00,0.00,0.00,Matches,FA Cup,2024-2025
390a580b,Dan McNamara,ie IRL,DF,25,13,7,683,7.6,0,0,0,0,0,0,1,0,0.00,0.00,0.00,0.00,0.00,Matches,FA Cup,2024-2025
ccb5fe22,Raees Bangura-Williams,,MF,,10,7,608,6.8,0,3,3,0,0,0,2,0,0.00,0.44,0.44,0.00,0.44,Matches,FA Cup,2024-2025
be7c526f,Aidomo Emakhu,ie IRL,MF,20,25,6,696,7.7,0,2,2,0,0,0,3,1,0.00,0.26,0.26,0.00,0.26,Matches,FA Cup,2024-2025
27c01749,Aaron Connolly,ie IRL,"MF,FW",24,14,6,659,7.3,1,0,1,1,0,1,3,0,0.14,0.00,0.14,0.14,0.14,Matches,FA Cup,2024-2025
a9d071f8,Tom Bradshaw,wls WAL,FW,32,11,4,450,5.0,1,0,1,0,1,1,0,0,0.20,0.00,0.20,0.00,0.00,Matches,FA Cup,2024-2025
64400baf,Shaun Hutchinson,eng ENG,DF,33,9,4,396,4.4,0,0,0,0,0,0,1,0,0.00,0.00,0.00,0.00,0.00,Matches,FA Cup,2024-2025
9fa5c6c5,George Evans,eng ENG,GK,19,4,4,360,4.0,0,0,0,0,0,0,0,0,0.00,0.00,0.00,0.00,0.00,Matches,FA Cup,2024-2025
fb0fb628,Ryan Wintle,eng ENG,MF,27,22,3,513,5.7,1,0,1,1,0,0,3,0,0.18,0.00,0.18,0.18,0.18,Matches,FA Cup,2024-2025
1095aec1,Zak Sturge,eng ENG,DF,20,5,3,303,3.4,0,0,0,0,0,0,0,0,0.00,0.00,0.00,0.00,0.00,Matches,FA Cup,2024-2025
37739c71,Calum Scanlon,eng ENG,MF,19,4,3,167,1.9,1,0,1,1,0,0,0,0,0.54,0.00,0.54,0.54,0.54,Matches,FA Cup,2024-2025
45ac6fe1,Wes Harding,jm JAM,DF,27,5,2,193,2.1,0,0,0,0,0,0,1,0,0.00,0.00,0.00,0.00,0.00,Matches,FA Cup,2024-2025
ad0d3536,Camiel Neghli,nl NED,MF,22,4,2,193,2.1,1,0,1,1,0,0,0,0,0.47,0.00,0.47,0.47,0.47,Matches,FA Cup,2024-2025
91977af7,Liam Roberts,eng ENG,GK,29,2,1,91,1.0,0,0,0,0,0,0,0,0,0.00,0.00,0.00,0.00,0.00,Matches,FA Cup,2024-2025
dec73dc2,Daniel Kelly,sct SCO,MF,18,2,0,20,0.2,0,0,0,0,0,0,0,0,0.00,0.00,0.00,0.00,0.00,Matches,FA Cup,2024-2025
9f9f2ca7,Kevin Nisbet,sct SCO,FW,27,1,0,7,0.1,0,0,0,0,0,0,0,0,0.00,0.00,0.00,0.00,0.00,Matches,FA Cup,2024-2025
a2f34f23,Tom Leahy,eng ENG,FW,20,1,0,2,0.0,0,0,0,0,0,0,0,0,0.00,0.00,0.00,0.00,0.00,Matches,FA Cup,2024-2025
556d25e5,Ben Drake,eng ENG,DF,19,0,0,,,,,,,,,,,,,,,,Matches,FA Cup,2024-2025
b52e3b00,Sheldon Kendall,,FW,,0,0,,,,,,,,,,,,,,,,Matches,FA Cup,2024-2025
d0d6cdde,Alfie Massey,eng ENG,MF,18,0,0,,,,,,,,,,,,,,,,Matches,FA Cup,2024-2025
bddd1dec,Ajay Matthews,eng ENG,FW,18,0,0,,,,,,,,,,,,,,,,Matches,FA Cup,2024-2025
9350ccef,Adam Mayor,eng ENG,MF,19,0,0,,,,,,,,,,,,,,,,Matches,FA Cup,2024-2025
65aa8e29,Jakub Przewozny,pl POL,GK,17,0,0,,,,,,,,,,,,,,,,Matches,FA Cup,2024-2025
1540860a,Kyle Smith,,DF,,0,0,,,,,,,,,,,,,,,,Matches,FA Cup,2024-2025
f71762fc,Connal Trueman,eng ENG,GK,28,0,0,,,,,,,,,,,,,,,,Matches,FA Cup,2024-2025
c5ed3a32,Oliver Brown,eng ENG,DF,21,1,1,120,1.3,0,0,0,0,0,0,0,0,0.00,0.00,0.00,0.00,0.00,Matches,FA Cup,2024-2025
3bb98ac9,Joe Cracknell,eng ENG,GK,29,1,1,120,1.3,0,0,0,0,0,0,0,0,0.00,0.00,0.00,0.00,0.00,Matches,FA Cup,2024-2025
93c9389c,Prince Ekpolo,ng NGA,MF,31,1,1,120,1.3,0,0,0,0,0,0,0,0,0.00,0.00,0.00,0.00,0.00,Matches,FA Cup,2024-2025
883268ff,Jake Lawlor,eng ENG,DF,33,1,1,120,1.3,0,0,0,0,0,0,0,0,0.00,0.00,0.00,0.00,0.00,Matches,FA Cup,2024-2025
5d5b7f42,Will Longbottom,eng ENG,MF,25,1,1,120,1.3,1,0,1,1,0,0,1,0,0.75,0.00,0.75,0.75,0.75,Matches,FA Cup,2024-2025
6ba3fa96,Lebrun Mbeka,eng ENG,DF,28,1,1,120,1.3,0,0,0,0,0,0,0,0,0.00,0.00,0.00,0.00,0.00,Matches,FA Cup,2024-2025
d7be605e,Liam Ridehalgh,eng ENG,DF,33,1,1,120,1.3,0,0,0,0,0,0,0,0,0.00,0.00,0.00,0.00,0.00,Matches,FA Cup,2024-2025
cbc4bd50,Adriano Moke,eng ENG,MF,34,1,1,119,1.3,0,0,0,0,0,0,1,0,0.00,0.00,0.00,0.00,0.00,Matches,FA Cup,2024-2025
afa33dbd,John Lufudu,eng ENG,MF,29,1,1,108,1.2,0,0,0,0,0,0,1,0,0.00,0.00,0.00,0.00,0.00,Matches,FA Cup,2024-2025
e1b6591a,Gabriel Johnson,eng ENG,MF,27,1,1,98,1.1,0,1,1,0,0,0,0,0,0.00,0.92,0.92,0.00,0.92,Matches,FA Cup,2024-2025
c3fe6b52,Leo Farrell,eng ENG,FW,18,1,1,32,0.4,0,0,0,0,0,0,0,0,0.00,0.00,0.00,0.00,0.00,Matches,FA Cup,2024-2025
2038176b,Jack Emmett,eng ENG,"DF,MF",30,1,0,88,1.0,0,0,0,0,0,0,0,0,0.00,0.00,0.00,0.00,0.00,Matches,FA Cup,2024-2025
0f975a32,Joe Ackroyd,eng ENG,DF,21,1,0,22,0.2,0,0,0,0,0,0,0,0,0.00,0.00,0.00,0.00,0.00,Matches,FA Cup,2024-2025
b0923d63,Jameel Ible,kn SKN,MF,30,1,0,12,0.1,0,0,0,0,0,0,0,0,0.00,0.00,0.00,0.00,0.00,Matches,FA Cup,2024-2025
3186f0fe,Sam Bentley,eng ENG,DF,19,1,0,1,0.0,0,0,0,0,0,0,0,0,0.00,0.00,0.00,0.00,0.00,Matches,FA Cup,2024-2025
90c8e95a,Daniel King,,GK,,0,0,,,,,,,,,,,,,,,,Matches,FA Cup,2024-2025
f690f40c,George Sebine,eng ENG,FW,17,0,0,,,,,,,,,,,,,,,,Matches,FA Cup,2024-2025
b13be325,Freddie Westfall,eng ENG,DF,17,0,0,,,,,,,,,,,,,,,,Matches,FA Cup,2024-2025
7956236f,Emiliano Martínez,ar ARG,GK,31,37,37,"3,194",35.5,0,0,0,0,0,0,5,1,0.00,0.00,0.00,0.00,0.00,Matches,FA Cup,2024-2025
2e5915f1,Morgan Rogers,eng ENG,MF,22,37,37,"3,114",34.6,8,10,18,8,0,0,10,0,0.23,0.29,0.52,0.23,0.52,Matches,FA Cup,2024-2025
56f7a928,Youri Tielemans,be BEL,MF,27,36,35,"3,026",33.6,3,7,10,3,0,1,4,0,0.09,0.21,0.30,0.09,0.30,Matches,FA Cup,2024-2025
0313a347,Ezri Konsa,eng ENG,DF,26,34,33,"2,936",32.6,2,0,2,2,0,0,1,0,0.06,0.00,0.06,0.06,0.06,Matches,FA Cup,2024-2025
aed3a70f,Ollie Watkins,eng ENG,FW,28,38,31,"2,598",28.9,16,8,24,14,2,2,2,0,0.55,0.28,0.83,0.48,0.76,Matches,FA Cup,2024-2025
1b84dbe1,Lucas Digne,fr FRA,DF,31,32,28,"2,351",26.1,0,4,4,0,0,0,4,0,0.00,0.15,0.15,0.00,0.15,Matches,FA Cup,2024-2025
90f91999,John McGinn,sct SCO,MF,29,34,27,"2,223",24.7,1,4,5,1,0,0,7,0,0.04,0.16,0.20,0.04,0.20,Matches,FA Cup,2024-2025
2389cdc2,Matty Cash,pl POL,DF,26,27,24,"2,070",23.0,1,1,2,1,0,0,7,0,0.04,0.04,0.09,0.04,0.09,Matches,FA Cup,2024-2025
532e1e4f,Pau Torres,es ESP,DF,27,24,23,"2,020",22.4,0,0,0,0,0,0,2,0,0.00,0.00,0.00,0.00,0.00,Matches,FA Cup,2024-2025
cc77354e,Boubacar Kamara,fr FRA,"MF,DF",24,26,20,"1,726",19.2,1,0,1,1,0,0,2,0,0.05,0.00,0.05,0.05,0.05,Matches,FA Cup,2024-2025
828657ff,Amadou Onana,be BEL,MF,22,26,20,"1,617",18.0,3,0,3,3,0,0,4,0,0.17,0.00,0.17,0.17,0.17,Matches,FA Cup,2024-2025
1544f145,Jacob Ramsey,eng ENG,MF,23,29,19,"1,623",18.0,1,3,4,1,0,0,4,1,0.06,0.17,0.22,0.06,0.22,Matches,FA Cup,2024-2025
3a233281,Leon Bailey,jm JAM,MF,26,24,14,"1,139",12.7,1,2,3,1,0,0,3,0,0.08,0.16,0.24,0.08,0.24,Matches,FA Cup,2024-2025
8397a50c,Tyrone Mings,eng ENG,DF,31,14,12,"1,120",12.4,0,0,0,0,0,0,1,0,0.00,0.00,0.00,0.00,0.00,Matches,FA Cup,2024-2025
cab9634e,Ian Maatsen,nl NED,DF,22,29,10,"1,139",12.7,1,2,3,1,0,0,2,0,0.08,0.16,0.24,0.08,0.24,Matches,FA Cup,2024-2025
45af8a54,Marco Asensio,es ESP,MF,28,13,9,743,8.3,3,1,4,3,0,2,2,0,0.36,0.12,0.48,0.36,0.48,Matches,FA Cup,2024-2025
b4a014b1,Diego Carlos,br BRA,DF,31,10,8,830,9.2,0,0,0,0,0,0,1,0,0.00,0.00,0.00,0.00,0.00,Matches,FA Cup,2024-2025
ad82197c,Axel Disasi,fr FRA,DF,26,7,5,490,5.4,0,0,0,0,0,0,2,0,0.00,0.00,0.00,0.00,0.00,Matches,FA Cup,2024-2025
bca5c4a7,Lamare Bogarde,nl NED,"DF,MF",20,8,5,476,5.3,0,0,0,0,0,0,2,0,0.00,0.00,0.00,0.00,0.00,Matches,FA Cup,2024-2025
40498af1,Andrés García,es ESP,"DF,MF",21,7,5,318,3.5,0,0,0,0,0,0,0,0,0.00,0.00,0.00,0.00,0.00,Matches,FA Cup,2024-2025
414184f7,Jáder Durán,co COL,FW,20,20,4,638,7.1,7,0,7,7,0,0,3,1,0.99,0.00,0.99,0.99,0.99,Matches,FA Cup,2024-2025
a1d5bd30,Marcus Rashford,eng ENG,"FW,MF",26,10,4,444,4.9,2,2,4,1,1,1,0,0,0.41,0.41,0.81,0.20,0.61,Matches,FA Cup,2024-2025
3a24769f,Ross Barkley,eng ENG,MF,30,20,3,581,6.5,3,1,4,3,0,0,3,0,0.46,0.15,0.62,0.46,0.62,Matches,FA Cup,2024-2025
19f4d211,Jaden Philogene Bidace,eng ENG,MF,22,11,2,332,3.7,0,0,0,0,0,0,4,1,0.00,0.00,0.00,0.00,0.00,Matches,FA Cup,2024-2025
116c35df,Donyell Malen,nl NED,MF,25,14,2,305,3.4,3,0,3,3,0,0,0,0,0.89,0.00,0.89,0.89,0.89,Matches,FA Cup,2024-2025
e7ee38c3,Robin Olsen,se SWE,GK,34,4,1,226,2.5,0,0,0,0,0,0,0,0,0.00,0.00,0.00,0.00,0.00,Matches,FA Cup,2024-2025
c70be9cf,Kosta Nedeljković,rs SRB,DF,18,5,0,126,1.4,0,0,0,0,0,0,0,0,0.00,0.00,0.00,0.00,0.00,Matches,FA Cup,2024-2025
66b76d44,Emi Buendía,ar ARG,"FW,MF",27,12,0,98,1.1,0,0,0,0,0,0,1,0,0.00,0.00,0.00,0.00,0.00,Matches,FA Cup,2024-2025
cdf9e86a,Benjamin Broggio,eng ENG,FW,17,0,0,,,,,,,,,,,,,,,,Matches,FA Cup,2024-2025
5600c774,Joe Gauci,au AUS,GK,24,0,0,,,,,,,,,,,,,,,,Matches,FA Cup,2024-2025
1e711234,Jamaldeen Jimoh,eng ENG,MF,17,0,0,,,,,,,,,,,,,,,,Matches,FA Cup,2024-2025
a42f6058,Sil Swinkels,nl NED,DF,20,0,0,,,,,,,,,,,,,,,,Matches,FA Cup,2024-2025
91c75917,Kadan Young,eng ENG,MF,18,0,0,,,,,,,,,,,,,,,,Matches,FA Cup,2024-2025
be18d79f,Oliwier Zych,pl POL,GK,20,0,0,,,,,,,,,,,,,,,,Matches,FA Cup,2024-2025
e58bc5d1,James Brophy,eng ENG,MF,30,46,43,"3,594",39.9,3,6,9,3,0,0,5,0,0.08,0.15,0.23,0.08,0.23,Matches,FA Cup,2024-2025
c7354a11,Michael Morrison,eng ENG,DF,36,41,40,"3,583",39.8,1,0,1,1,0,0,7,1,0.03,0.00,0.03,0.03,0.03,Matches,FA Cup,2024-2025
f397e01d,Liam Bennett,eng ENG,"MF,DF",22,41,34,"2,997",33.3,1,3,4,1,0,0,6,0,0.03,0.09,0.12,0.03,0.12,Matches,FA Cup,2024-2025
5bddccc9,Elias Kachunga,cd COD,"MF,FW",32,43,31,"2,691",29.9,7,0,7,7,0,0,8,1,0.23,0.00,0.23,0.23,0.23,Matches,FA Cup,2024-2025
7c39baa2,Paul Digby,eng ENG,MF,29,31,27,"2,406",26.7,1,0,1,1,0,0,8,0,0.04,0.00,0.04,0.04,0.04,Matches,FA Cup,2024-2025
43618db7,Joshua Stokes,,MF,,32,26,"2,355",26.2,7,2,9,5,2,3,4,0,0.27,0.08,0.34,0.19,0.27,Matches,FA Cup,2024-2025
603e4f0b,Kelland Watts,eng ENG,DF,24,29,26,"2,290",25.4,0,2,2,0,0,0,3,0,0.00,0.08,0.08,0.00,0.08,Matches,FA Cup,2024-2025
90b57521,Danny Andrew,eng ENG,"DF,MF",33,32,25,"2,287",25.4,1,2,3,1,0,0,7,0,0.04,0.08,0.12,0.04,0.12,Matches,FA Cup,2024-2025
d4b0eb12,Jordan Cousins,eng ENG,MF,30,28,23,"2,097",23.3,1,2,3,1,0,0,1,0,0.04,0.09,0.13,0.04,0.13,Matches,FA Cup,2024-2025
b80dbb09,Korey Smith,eng ENG,MF,33,23,23,"2,024",22.5,1,0,1,1,0,0,6,0,0.04,0.00,0.04,0.04,0.04,Matches,FA Cup,2024-2025
76c142b5,James Gibbons,eng ENG,"DF,MF",26,29,23,"2,012",22.4,1,0,1,1,0,0,6,1,0.04,0.00,0.04,0.04,0.04,Matches,FA Cup,2024-2025
94ed58f8,Jubril Okedina,mw MWI,DF,23,27,23,"1,970",21.9,0,0,0,0,0,0,2,1,0.00,0.00,0.00,0.00,0.00,Matches,FA Cup,2024-2025
e1bf7567,Vicente Reyes,cl CHI,GK,20,20,20,"1,800",20.0,0,0,0,0,0,0,2,0,0.00,0.00,0.00,0.00,0.00,Matches,FA Cup,2024-2025
1c4590b8,Ryan Loft,eng ENG,FW,26,32,18,"1,532",17.0,2,1,3,2,0,0,9,1,0.12,0.06,0.18,0.12,0.18,Matches,FA Cup,2024-2025
30040f5d,Dan Nlundulu,eng ENG,FW,25,25,17,"1,537",17.1,4,2,6,3,1,1,2,0,0.23,0.12,0.35,0.18,0.29,Matches,FA Cup,2024-2025
bf713136,Nathan Bishop,eng ENG,GK,24,14,13,"1,209",13.4,0,0,0,0,0,0,2,0,0.00,0.00,0.00,0.00,0.00,Matches,FA Cup,2024-2025
ce7c1536,Zeno Ibsen Rossi,eng ENG,DF,23,15,12,"1,150",12.8,0,0,0,0,0,0,3,0,0.00,0.00,0.00,0.00,0.00,Matches,FA Cup,2024-2025
fc166e49,Sullay Kaikai,sl SLE,"MF,FW",28,25,11,"1,163",12.9,4,0,4,4,0,0,4,0,0.31,0.00,0.31,0.31,0.31,Matches,FA Cup,2024-2025
b26b1474,Ben Stevenson,eng ENG,MF,27,17,11,"1,071",11.9,0,0,0,0,0,0,4,0,0.00,0.00,0.00,0.00,0.00,Matches,FA Cup,2024-2025
7bd2bcac,Jack Stevens,eng ENG,GK,26,12,11,"1,002",11.1,0,0,0,0,0,0,2,0,0.00,0.00,0.00,0.00,0.00,Matches,FA Cup,2024-2025
ed8d597c,Dominic Ballard,eng ENG,FW,19,17,11,960,10.7,2,1,3,2,0,0,0,0,0.19,0.09,0.28,0.19,0.28,Matches,FA Cup,2024-2025
d333ffb9,Shayne Lavery,nir NIR,FW,25,15,10,885,9.8,5,3,8,5,0,0,2,0,0.51,0.31,0.81,0.51,0.81,Matches,FA Cup,2024-2025
2de99e6a,Brandon Njoku,eng ENG,FW,19,25,8,782,8.7,1,0,1,1,0,0,3,0,0.12,0.00,0.12,0.12,0.12,Matches,FA Cup,2024-2025
aca6e8e3,Daniel Barton,eng ENG,"MF,FW",19,16,6,614,6.8,0,0,0,0,0,0,0,0,0.00,0.00,0.00,0.00,0.00,Matches,FA Cup,2024-2025
f15a50e8,Scott Malone,eng ENG,DF,33,8,6,469,5.2,0,0,0,0,0,0,1,0,0.00,0.00,0.00,0.00,0.00,Matches,FA Cup,2024-2025
ea76b7e8,Emmanuel Longelo,eng ENG,"MF,FW",23,15,3,362,4.0,1,2,3,1,0,0,0,0,0.25,0.50,0.75,0.25,0.75,Matches,FA Cup,2024-2025
b44593a2,Connor O'Riordan,ie IRL,DF,20,4,3,339,3.8,0,0,0,0,0,0,0,0,0.00,0.00,0.00,0.00,0.00,Matches,FA Cup,2024-2025
1aa0308a,Marko Maroši,sk SVK,GK,30,2,2,129,1.4,0,0,0,0,0,0,0,0,0.00,0.00,0.00,0.00,0.00,Matches,FA Cup,2024-2025
e0243d23,Taylor Richards,eng ENG,MF,23,5,0,50,0.6,0,0,0,0,0,0,0,0,0.00,0.00,0.00,0.00,0.00,Matches,FA Cup,2024-2025
a42bbccc,Detlef Osong,eng ENG,FW,19,2,0,22,0.2,0,0,0,0,0,0,0,0,0.00,0.00,0.00,0.00,0.00,Matches,FA Cup,2024-2025
7a9a5e66,George Hoddle,,MF,,2,0,13,0.1,0,0,0,0,0,0,0,0,0.00,0.00,0.00,0.00,0.00,Matches,FA Cup,2024-2025
70c293d5,Amaru Kaunda,,MF,,1,0,8,0.1,0,0,0,0,0,0,0,0,0.00,0.00,0.00,0.00,0.00,Matches,FA Cup,2024-2025
61327961,Jasper Briggs,,GK,,0,0,,,,,,,,,,,,,,,,Matches,FA Cup,2024-2025
fbab094b,Louis Chadwick,eng ENG,GK,21,0,0,,,,,,,,,,,,,,,,Matches,FA Cup,2024-2025
61dbb991,Pete Holmes,,MF,,0,0,,,,,,,,,,,,,,,,Matches,FA Cup,2024-2025
b8f57525,Glenn McConnell,eng ENG,FW,19,0,0,,,,,,,,,,,,,,,,Matches,FA Cup,2024-2025
00e91fd4,George Munday,,MF,,0,0,,,,,,,,,,,,,,,,Matches,FA Cup,2024-2025
d3e47002,Tom Naylor,eng ENG,"MF,DF",33,40,37,"3,374",37.5,4,6,10,4,0,0,8,0,0.11,0.16,0.27,0.11,0.27,Matches,FA Cup,2024-2025
74e88421,Armando Dobra,al ALB,MF,23,42,36,"3,105",34.5,9,2,11,9,0,0,8,0,0.26,0.06,0.32,0.26,0.32,Matches,FA Cup,2024-2025
66c517d8,Liam Mandeville,eng ENG,"MF,DF",27,42,33,"3,037",33.7,4,7,11,4,0,0,5,0,0.12,0.21,0.33,0.12,0.33,Matches,FA Cup,2024-2025
15e99893,Lewis Gordon,sct SCO,DF,23,33,29,"2,610",29.0,0,4,4,0,0,0,2,0,0.00,0.14,0.14,0.00,0.14,Matches,FA Cup,2024-2025
42d8ac7e,Ryan Boot,eng ENG,GK,29,28,28,"2,520",28.0,0,0,0,0,0,0,0,0,0.00,0.00,0.00,0.00,0.00,Matches,FA Cup,2024-2025
66871799,Darren Oldaker,eng ENG,MF,25,32,26,"2,218",24.6,3,4,7,3,0,0,8,2,0.12,0.16,0.28,0.12,0.28,Matches,FA Cup,2024-2025
d4ec6c9a,Ollie Banks,eng ENG,MF,31,39,25,"2,340",26.0,2,5,7,2,0,0,5,0,0.08,0.19,0.27,0.08,0.27,Matches,FA Cup,2024-2025
97a7d953,Jamie Grimes,eng ENG,DF,33,35,24,"2,446",27.2,3,0,3,3,0,0,4,0,0.11,0.00,0.11,0.11,0.11,Matches,FA Cup,2024-2025
4f242e0e,Dilan Markanday,eng ENG,MF,22,22,22,"1,794",19.9,6,3,9,6,0,0,0,0,0.30,0.15,0.45,0.30,0.45,Matches,FA Cup,2024-2025
35ac6cc1,Will Grigg,nir NIR,FW,33,30,21,"1,756",19.5,12,2,14,12,0,0,4,0,0.62,0.10,0.72,0.62,0.72,Matches,FA Cup,2024-2025
5c2595e2,Jenson Metcalfe,eng ENG,MF,19,28,20,"1,708",19.0,1,1,2,1,0,0,5,0,0.05,0.05,0.11,0.05,0.11,Matches,FA Cup,2024-2025
6569d1d8,Max Thompson,eng ENG,GK,19,18,18,"1,620",18.0,0,0,0,0,0,0,1,0,0.00,0.00,0.00,0.00,0.00,Matches,FA Cup,2024-2025
4f0f830e,Ash Palmer,eng ENG,DF,31,15,15,"1,340",14.9,2,2,4,2,0,0,0,0,0.13,0.13,0.27,0.13,0.27,Matches,FA Cup,2024-2025
c21a1079,Ryheem Sheckleford,eng ENG,DF,27,17,15,"1,273",14.1,0,0,0,0,0,0,2,0,0.00,0.00,0.00,0.00,0.00,Matches,FA Cup,2024-2025
eeda6489,Harvey Araujo,,DF,,20,15,"1,189",13.2,0,0,0,0,0,0,6,0,0.00,0.00,0.00,0.00,0.00,Matches,FA Cup,2024-2025
94c53a55,Aribim Pepple,ca CAN,FW,21,20,14,"1,152",12.8,5,1,6,5,0,0,1,0,0.39,0.08,0.47,0.39,0.47,Matches,FA Cup,2024-2025
e6e6ff5c,Ryan Colclough,eng ENG,"MF,FW",29,36,13,"1,291",14.3,3,3,6,3,0,0,2,0,0.21,0.21,0.42,0.21,0.42,Matches,FA Cup,2024-2025
cdd70dc0,Michael Olakigbe,eng ENG,"MF,FW",20,17,13,"1,151",12.8,2,2,4,2,0,0,2,0,0.16,0.16,0.31,0.16,0.31,Matches,FA Cup,2024-2025
7d98d54f,James Berry,eng ENG,MF,23,22,11,"1,062",11.8,7,3,10,7,0,0,1,0,0.59,0.25,0.85,0.59,0.85,Matches,FA Cup,2024-2025
7728b8df,Jack Sparkes,eng ENG,DF,23,10,10,842,9.4,0,3,3,0,0,0,3,0,0.00,0.32,0.32,0.00,0.32,Matches,FA Cup,2024-2025
9c708676,Paddy Madden,ie IRL,"FW,MF",34,27,9,977,10.9,5,1,6,4,1,1,2,1,0.46,0.09,0.55,0.37,0.46,Matches,FA Cup,2024-2025
c50444fb,Chey Dunkley,eng ENG,DF,32,9,9,809,9.0,1,0,1,1,0,0,2,1,0.11,0.00,0.11,0.11,0.11,Matches,FA Cup,2024-2025
1483748e,Tyrone Williams,eng ENG,DF,29,10,9,700,7.8,0,0,0,0,0,0,1,0,0.00,0.00,0.00,0.00,0.00,Matches,FA Cup,2024-2025
6c3cb56e,Dylan Duffy,ie IRL,"MF,FW",21,18,8,725,8.1,2,2,4,2,0,0,1,0,0.25,0.25,0.50,0.25,0.50,Matches,FA Cup,2024-2025
3c256bb1,Devan Tanton,co COL,DF,20,8,8,641,7.1,0,0,0,0,0,0,2,0,0.00,0.00,0.00,0.00,0.00,Matches,FA Cup,2024-2025
d958cde6,Kyle McFadzean,sct SCO,DF,37,8,8,618,6.9,0,0,0,0,0,0,3,0,0.00,0.00,0.00,0.00,0.00,Matches,FA Cup,2024-2025
b63e789d,John Fleck,sct SCO,MF,32,16,7,689,7.7,0,1,1,0,0,0,2,0,0.00,0.13,0.13,0.00,0.13,Matches,FA Cup,2024-2025
192d4c3d,Vontae Daley Campbell,eng ENG,DF,23,9,6,443,4.9,0,0,0,0,0,0,1,0,0.00,0.00,0.00,0.00,0.00,Matches,FA Cup,2024-2025
f310dd7e,Kane Drummond,eng ENG,FW,23,14,4,487,5.4,1,1,2,1,0,0,2,0,0.18,0.18,0.37,0.18,0.37,Matches,FA Cup,2024-2025
25288dfe,Bailey Hobson,eng ENG,MF,21,11,4,409,4.5,0,0,0,0,0,0,0,0,0.00,0.00,0.00,0.00,0.00,Matches,FA Cup,2024-2025
07bd38c5,Janoi Donacien,lc LCA,DF,30,7,4,354,3.9,0,0,0,0,0,0,1,0,0.00,0.00,0.00,0.00,0.00,Matches,FA Cup,2024-2025
d402b7ec,Michael Jacobs,eng ENG,MF,32,17,2,412,4.6,1,0,1,1,0,0,0,0,0.22,0.00,0.22,0.22,0.22,Matches,FA Cup,2024-2025
12144137,Branden Horton,eng ENG,DF,23,7,2,227,2.5,0,0,0,0,0,0,1,0,0.00,0.00,0.00,0.00,0.00,Matches,FA Cup,2024-2025
038dcbe5,Liam Jessop,gi GIB,DF,18,2,1,41,0.5,0,0,0,0,0,0,1,0,0.00,0.00,0.00,0.00,0.00,Matches,FA Cup,2024-2025
0e9e2dd4,Joe Quigley,ie IRL,"FW,MF",27,3,0,38,0.4,0,0,0,0,0,0,0,0,0.00,0.00,0.00,0.00,0.00,Matches,FA Cup,2024-2025
e8cd04a6,Tim Akinola,eng ENG,MF,23,2,0,19,0.2,0,0,0,0,0,0,0,0,0.00,0.00,0.00,0.00,0.00,Matches,FA Cup,2024-2025
a8771fa1,Mike Jones,eng ENG,MF,36,2,0,18,0.2,0,0,0,0,0,0,0,0,0.00,0.00,0.00,0.00,0.00,Matches,FA Cup,2024-2025
3437fdaa,Gunner Elliott,mt MLT,FW,16,1,0,7,0.1,0,0,0,0,0,0,0,0,0.00,0.00,0.00,0.00,0.00,Matches,FA Cup,2024-2025
91baa7e7,Connor Cook,,MF,,2,0,4,0.0,0,0,0,0,0,0,0,0,0.00,0.00,0.00,0.00,0.00,Matches,FA Cup,2024-2025
0f40701b,Ali Aftab-Mohiuddin,,MF,,0,0,,,,,,,,,,,,,,,,Matches,FA Cup,2024-2025
dbbdb34b,Ashton Rinaldo,au AUS,GK,18,0,0,,,,,,,,,,,,,,,,Matches,FA Cup,2024-2025
8074e66f,Owen Goodman,ca CAN,GK,20,46,46,"4,140",46.0,0,0,0,0,0,0,3,0,0.00,0.00,0.00,0.00,0.00,Matches,FA Cup,2024-2025
3ea4f2f3,Josh Neufville,eng ENG,MF,23,46,46,"4,059",45.1,4,5,9,4,0,0,5,0,0.09,0.11,0.20,0.09,0.20,Matches,FA Cup,2024-2025
0eae7a49,Alistair Smith,eng ENG,MF,25,45,45,"4,006",44.5,6,3,9,6,0,0,8,0,0.13,0.07,0.20,0.13,0.20,Matches,FA Cup,2024-2025
9bffd410,Mathew Stevens,eng ENG,"FW,MF",26,46,41,"3,340",37.1,17,4,21,14,3,3,2,0,0.46,0.11,0.57,0.38,0.49,Matches,FA Cup,2024-2025
668f5803,Ryan Johnson,nir NIR,DF,27,40,38,"3,276",36.4,0,1,1,0,0,0,7,0,0.00,0.03,0.03,0.00,0.03,Matches,FA Cup,2024-2025
ffa09db2,James Tilley,eng ENG,MF,26,41,36,"3,206",35.6,4,7,11,4,0,0,6,0,0.11,0.20,0.31,0.11,0.31,Matches,FA Cup,2024-2025
c42acd98,Joe Lewis,wls WAL,DF,24,36,35,"3,081",34.2,1,1,2,1,0,0,12,0,0.03,0.03,0.06,0.03,0.06,Matches,FA Cup,2024-2025
d8b822c7,Omar Bugiel,lb LIB,FW,30,39,34,"2,852",31.7,4,2,6,4,0,0,9,0,0.13,0.06,0.19,0.13,0.19,Matches,FA Cup,2024-2025
290a9106,Jake Reeves,eng ENG,MF,31,28,28,"2,417",26.9,2,4,6,2,0,0,4,1,0.07,0.15,0.22,0.07,0.22,Matches,FA Cup,2024-2025
d6db8a8f,Isaac Ogundere,eng ENG,DF,21,39,24,"2,460",27.3,0,0,0,0,0,0,3,0,0.00,0.00,0.00,0.00,0.00,Matches,FA Cup,2024-2025
30f08bee,Riley Harbottle,eng ENG,DF,23,25,23,"1,935",21.5,0,1,1,0,0,0,6,0,0.00,0.05,0.05,0.00,0.05,Matches,FA Cup,2024-2025
94e8631b,Callum Maycock,eng ENG,MF,26,27,17,"1,550",17.2,3,2,5,3,0,0,1,0,0.17,0.12,0.29,0.17,0.29,Matches,FA Cup,2024-2025
2ceccfe8,Josh Kelly,eng ENG,"MF,FW",25,40,16,"1,559",17.3,2,4,6,2,0,0,7,0,0.12,0.23,0.35,0.12,0.35,Matches,FA Cup,2024-2025
800a3404,Sam Hutchinson,eng ENG,"DF,MF",34,18,13,"1,145",12.7,1,0,1,1,0,0,7,0,0.08,0.00,0.08,0.08,0.08,Matches,FA Cup,2024-2025
3ed8d281,Myles Hippolyte,gd GRN,MF,29,19,12,"1,153",12.8,2,0,2,2,0,0,2,0,0.16,0.00,0.16,0.16,0.16,Matches,FA Cup,2024-2025
ba63ed1e,Jimmy Ball,eng ENG,"DF,MF",28,15,11,959,10.7,1,1,2,1,0,0,4,0,0.09,0.09,0.19,0.09,0.19,Matches,FA Cup,2024-2025
7358a89a,Marcus Browne,eng ENG,"MF,FW",26,18,10,997,11.1,4,1,5,4,0,0,4,0,0.36,0.09,0.45,0.36,0.45,Matches,FA Cup,2024-2025
ab18d1b0,James Furlong,ie IRL,MF,22,22,10,869,9.7,0,0,0,0,0,0,3,0,0.00,0.00,0.00,0.00,0.00,Matches,FA Cup,2024-2025
4841451d,Joe Pigott,eng ENG,FW,30,28,8,946,10.5,2,1,3,2,0,0,1,0,0.19,0.10,0.29,0.19,0.29,Matches,FA Cup,2024-2025
17d223c5,John-Joe O'Toole,ie IRL,DF,35,7,7,584,6.5,1,1,2,1,0,0,4,1,0.15,0.15,0.31,0.15,0.31,Matches,FA Cup,2024-2025
21c3df21,Aron Sasu,no NOR,"MF,FW",19,22,4,575,6.4,0,0,0,0,0,0,1,0,0.00,0.00,0.00,0.00,0.00,Matches,FA Cup,2024-2025
77bb1522,Romaine Sawyers,kn SKN,MF,32,4,1,155,1.7,1,0,1,1,0,0,0,0,0.58,0.00,0.58,0.58,0.58,Matches,FA Cup,2024-2025
bf551a24,Osman Foyo,eng ENG,FW,19,6,1,137,1.5,0,1,1,0,0,0,1,0,0.00,0.66,0.66,0.00,0.66,Matches,FA Cup,2024-2025
a8fbbe79,Huseyin Biler,eng ENG,DF,22,6,0,74,0.8,0,0,0,0,0,0,0,0,0.00,0.00,0.00,0.00,0.00,Matches,FA Cup,2024-2025
0c048fce,Harry Sidwell,eng ENG,MF,17,1,0,1,0.0,0,0,0,0,0,0,0,0,0.00,0.00,0.00,0.00,0.00,Matches,FA Cup,2024-2025
64f43cf4,Reuben Amissah,,FW,,0,0,,,,,,,,,,,,,,,,Matches,FA Cup,2024-2025
942e03e6,Edward Leach,,MF,,0,0,,,,,,,,,,,,,,,,Matches,FA Cup,2024-2025
df50154f,Riley Moran,,MF,,0,0,,,,,,,,,,,,,,,,Matches,FA Cup,2024-2025
022e9972,Lewis Ward,eng ENG,GK,27,0,0,,,,,,,,,,,,,,,,Matches,FA Cup,2024-2025
330dc685,Morgan Williams,wls WAL,MF,19,0,0,,,,,,,,,,,,,,,,Matches,FA Cup,2024-2025
775bffeb,Harvey Rodgers,eng ENG,DF,27,44,44,"3,817",42.4,4,0,4,4,0,0,8,1,0.09,0.00,0.09,0.09,0.09,Matches,FA Cup,2024-2025
f2c206d4,Denver Hume,eng ENG,"DF,MF",27,45,43,"3,746",41.6,0,12,12,0,0,0,9,0,0.00,0.29,0.29,0.00,0.29,Matches,FA Cup,2024-2025
260c70fe,Evan Khouri,eng ENG,MF,21,46,41,"3,662",40.7,3,3,6,3,0,0,8,0,0.07,0.07,0.15,0.07,0.15,Matches,FA Cup,2024-2025
549864a3,George McEachran,eng ENG,MF,23,44,40,"3,337",37.1,2,0,2,2,0,0,7,0,0.05,0.00,0.05,0.05,0.05,Matches,FA Cup,2024-2025
014b544e,Cameron McJannett,eng ENG,DF,25,41,38,"3,435",38.2,2,0,2,2,0,0,4,0,0.05,0.00,0.05,0.05,0.05,Matches,FA Cup,2024-2025
cc872b3f,Ja­son Daði Svanþórs­son,is ISL,MF,24,43,36,"2,962",32.9,4,4,8,4,0,0,7,0,0.12,0.12,0.24,0.12,0.24,Matches,FA Cup,2024-2025
37e3923c,Kieran Green,eng ENG,MF,27,39,36,"2,936",32.6,7,7,14,7,0,0,10,1,0.21,0.21,0.43,0.21,0.43,Matches,FA Cup,2024-2025
d08e15e1,Danny Rose,eng ENG,FW,30,45,35,"3,295",36.6,14,2,16,8,6,7,5,0,0.38,0.05,0.44,0.22,0.27,Matches,FA Cup,2024-2025
f6540960,Jordan Wright,eng ENG,GK,26,34,34,"3,060",34.0,0,0,0,0,0,0,1,0,0.00,0.00,0.00,0.00,0.00,Matches,FA Cup,2024-2025
93665d59,Douglas Tharme,eng ENG,DF,24,28,22,"1,987",22.1,1,1,2,1,0,0,1,0,0.05,0.05,0.09,0.05,0.09,Matches,FA Cup,2024-2025
85d7679f,Luca Barrington,eng ENG,"MF,FW",19,38,21,"1,879",20.9,4,3,7,4,0,0,0,0,0.19,0.14,0.34,0.19,0.34,Matches,FA Cup,2024-2025
9a789230,Tyrell Warren,eng ENG,DF,25,32,19,"1,858",20.6,0,0,0,0,0,0,6,0,0.00,0.00,0.00,0.00,0.00,Matches,FA Cup,2024-2025
711a6e59,Lewis Cass,eng ENG,DF,24,26,18,"1,657",18.4,1,1,2,1,0,0,3,1,0.05,0.05,0.11,0.05,0.11,Matches,FA Cup,2024-2025
61aed9fe,Jayden Luker,eng ENG,"MF,FW",19,22,15,"1,398",15.5,3,2,5,3,0,0,2,0,0.19,0.13,0.32,0.19,0.32,Matches,FA Cup,2024-2025
232b46c0,Justin Obikwu,tt TRI,FW,20,19,12,933,10.4,7,0,7,7,0,0,0,0,0.68,0.00,0.68,0.68,0.68,Matches,FA Cup,2024-2025
91c57997,Charles Vernam,eng ENG,"MF,FW",27,17,10,817,9.1,2,1,3,2,0,0,2,0,0.22,0.11,0.33,0.22,0.33,Matches,FA Cup,2024-2025
001461e2,Jordan Davies,wls WAL,MF,25,18,8,731,8.1,4,1,5,3,1,1,2,0,0.49,0.12,0.62,0.37,0.49,Matches,FA Cup,2024-2025
282e4e38,Curtis Thompson,eng ENG,MF,30,19,6,656,7.3,0,0,0,0,0,0,4,0,0.00,0.00,0.00,0.00,0.00,Matches,FA Cup,2024-2025
15fdac60,Jackson Smith,eng ENG,GK,22,6,6,540,6.0,0,0,0,0,0,0,1,0,0.00,0.00,0.00,0.00,0.00,Matches,FA Cup,2024-2025
54d9b72d,Jake Eastwood,eng ENG,GK,27,6,6,465,5.2,0,0,0,0,0,0,0,0,0.00,0.00,0.00,0.00,0.00,Matches,FA Cup,2024-2025
836e8740,Callum Ainley,eng ENG,MF,26,26,4,713,7.9,0,1,1,0,0,0,1,0,0.00,0.13,0.13,0.00,0.13,Matches,FA Cup,2024-2025
751670e3,Donovan Wilson,eng ENG,FW,27,12,4,431,4.8,1,0,1,1,0,0,2,0,0.21,0.00,0.21,0.21,0.21,Matches,FA Cup,2024-2025
23913444,Cameron Gardner,sct SCO,"MF,FW",18,11,3,371,4.1,0,0,0,0,0,0,0,0,0.00,0.00,0.00,0.00,0.00,Matches,FA Cup,2024-2025
fe025f20,Darragh Burns,nir NIR,"MF,FW",21,9,2,248,2.8,0,0,0,0,0,0,1,0,0.00,0.00,0.00,0.00,0.00,Matches,FA Cup,2024-2025
b87a0148,Geza David Turi,fo FRO,MF,22,4,2,158,1.8,0,0,0,0,0,0,2,0,0.00,0.00,0.00,0.00,0.00,Matches,FA Cup,2024-2025
4e93da96,Rekeil Pyke,eng ENG,FW,26,7,1,177,2.0,0,0,0,0,0,0,1,0,0.00,0.00,0.00,0.00,0.00,Matches,FA Cup,2024-2025
a6993801,Matthew Carson,eng ENG,DF,21,9,0,142,1.6,0,0,0,0,0,0,3,0,0.00,0.00,0.00,0.00,0.00,Matches,FA Cup,2024-2025
550a01e1,Sebastian Auton,,GK,,1,0,75,0.8,0,0,0,0,0,0,0,0,0.00,0.00,0.00,0.00,0.00,Matches,FA Cup,2024-2025
43de2771,Henry Brown,,MF,,1,0,1,0.0,0,0,0,0,0,0,0,0,0.00,0.00,0.00,0.00,0.00,Matches,FA Cup,2024-2025
0b50e7e6,Charlie Barker,eng ENG,DF,21,39,37,"3,365",37.4,1,1,2,1,0,0,10,0,0.03,0.03,0.05,0.03,0.05,Matches,FA Cup,2024-2025
06001856,Jojo Wollacott,gh GHA,GK,27,33,33,"2,970",33.0,0,0,0,0,0,0,3,0,0.00,0.00,0.00,0.00,0.00,Matches,FA Cup,2024-2025
7636fa88,Jeremy Kelly,us USA,MF,26,37,32,"2,787",31.0,3,2,5,3,0,0,2,0,0.10,0.06,0.16,0.10,0.16,Matches,FA Cup,2024-2025
e8d431fb,Max Anderson,sct SCO,MF,23,39,32,"2,510",27.9,3,3,6,3,0,0,5,0,0.11,0.11,0.22,0.11,0.22,Matches,FA Cup,2024-2025
138afe82,Tobias Mullarkey,eng ENG,DF,27,31,31,"2,737",30.4,0,1,1,0,0,0,8,0,0.00,0.03,0.03,0.00,0.03,Matches,FA Cup,2024-2025
623d58b5,Will Swan,eng ENG,"FW,MF",23,37,31,"2,414",26.8,7,3,10,7,0,0,1,0,0.26,0.11,0.37,0.26,0.37,Matches,FA Cup,2024-2025
d84a2321,Panutche Camará,gw GNB,MF,27,42,28,"2,558",28.4,4,4,8,4,0,0,7,0,0.14,0.14,0.28,0.14,0.28,Matches,FA Cup,2024-2025
1e2012a6,Rushian Hepburn-Murphy,eng ENG,"FW,MF",25,42,27,"2,548",28.3,10,4,14,9,1,1,1,1,0.35,0.14,0.49,0.32,0.46,Matches,FA Cup,2024-2025
aaab4602,Bradley Ibrahim,eng ENG,MF,19,33,24,"2,183",24.3,2,0,2,2,0,0,14,0,0.08,0.00,0.08,0.08,0.08,Matches,FA Cup,2024-2025
cbcdcd2d,Junior Quitirna,eng ENG,MF,24,34,21,"1,876",20.8,8,1,9,6,2,2,4,0,0.38,0.05,0.43,0.29,0.34,Matches,FA Cup,2024-2025
c6a284e1,Dion Conroy,eng ENG,DF,28,21,21,"1,835",20.4,0,1,1,0,0,0,1,0,0.00,0.05,0.05,0.00,0.05,Matches,FA Cup,2024-2025
9aff0d18,Ronan Darcy,eng ENG,"MF,FW",23,21,19,"1,655",18.4,1,5,6,1,0,0,4,0,0.05,0.27,0.33,0.05,0.33,Matches,FA Cup,2024-2025
c1824876,Ben Radcliffe,eng ENG,DF,20,19,16,"1,480",16.4,0,0,0,0,0,0,8,0,0.00,0.00,0.00,0.00,0.00,Matches,FA Cup,2024-2025
8bfcc23b,Joy Mukena,be BEL,DF,25,19,16,"1,465",16.3,0,0,0,0,0,0,4,0,0.00,0.00,0.00,0.00,0.00,Matches,FA Cup,2024-2025
417e59fe,Harry Forster,eng ENG,"MF,DF",24,25,16,"1,457",16.2,2,2,4,2,0,0,3,0,0.12,0.12,0.25,0.12,0.25,Matches,FA Cup,2024-2025
d784062b,Liam Fraser,ca CAN,MF,26,16,15,"1,328",14.8,0,2,2,0,0,0,4,0,0.00,0.14,0.14,0.00,0.14,Matches,FA Cup,2024-2025
3a904f11,Kamari Doyle,eng ENG,"FW,MF",18,21,15,"1,305",14.5,7,4,11,7,0,0,0,0,0.48,0.28,0.76,0.48,0.76,Matches,FA Cup,2024-2025
e26a9a17,Josh Flint,eng ENG,DF,23,16,15,"1,303",14.5,0,1,1,0,0,0,5,1,0.00,0.07,0.07,0.00,0.07,Matches,FA Cup,2024-2025
a0f1ccb2,Jay Williams,kn SKN,MF,23,12,12,"1,030",11.4,0,0,0,0,0,0,6,0,0.00,0.00,0.00,0.00,0.00,Matches,FA Cup,2024-2025
ceb7a48e,Ade Adeyemo,eng ENG,MF,26,29,11,"1,162",12.9,4,0,4,4,0,0,3,0,0.31,0.00,0.31,0.31,0.31,Matches,FA Cup,2024-2025
96d8bcfb,Tola Showunmi,eng ENG,FW,24,24,11,"1,007",11.2,4,1,5,4,0,0,3,0,0.36,0.09,0.45,0.36,0.45,Matches,FA Cup,2024-2025
247e5cfc,Tyreece John-Jules,eng ENG,"FW,MF",23,25,10,"1,112",12.4,0,1,1,0,0,0,3,0,0.00,0.08,0.08,0.00,0.08,Matches,FA Cup,2024-2025
a6915d4b,Jack Roles,cy CYP,MF,25,20,5,623,6.9,0,1,1,0,0,0,2,0,0.00,0.14,0.14,0.00,0.14,Matches,FA Cup,2024-2025
e8926839,Gavan Holohan,ie IRL,"FW,MF",32,20,4,484,5.4,1,1,2,1,0,0,1,0,0.19,0.19,0.37,0.19,0.37,Matches,FA Cup,2024-2025
df4e3865,Toby Steward,eng ENG,GK,19,4,4,360,4.0,0,0,0,0,0,0,0,0,0.00,0.00,0.00,0.00,0.00,Matches,FA Cup,2024-2025
f71762fc,Connal Trueman,eng ENG,GK,28,4,4,360,4.0,0,0,0,0,0,0,0,0,0.00,0.00,0.00,0.00,0.00,Matches,FA Cup,2024-2025
d4f63087,Louie Watson,ie IRL,MF,23,7,4,320,3.6,0,0,0,0,0,0,1,0,0.00,0.00,0.00,0.00,0.00,Matches,FA Cup,2024-2025
fea06849,Matthew Cox,eng ENG,GK,21,3,3,270,3.0,0,0,0,0,0,0,0,0,0.00,0.00,0.00,0.00,0.00,Matches,FA Cup,2024-2025
a596a82a,Cameron Bragg,eng ENG,MF,19,6,2,220,2.4,0,0,0,0,0,0,0,0,0.00,0.00,0.00,0.00,0.00,Matches,FA Cup,2024-2025
b861ff62,Rory Feely,ie IRL,DF,27,7,2,186,2.1,0,0,0,0,0,0,2,1,0.00,0.00,0.00,0.00,0.00,Matches,FA Cup,2024-2025
f15a50e8,Scott Malone,eng ENG,MF,33,2,2,152,1.7,0,0,0,0,0,0,0,0,0.00,0.00,0.00,0.00,0.00,Matches,FA Cup,2024-2025
b5714902,Benjamin Tanimu,ng NGA,DF,22,7,1,161,1.8,0,0,0,0,0,0,0,0,0.00,0.00,0.00,0.00,0.00,Matches,FA Cup,2024-2025
e369a3d5,Luke Hutchinson,eng ENG,GK,,1,1,90,1.0,0,0,0,0,0,0,1,0,0.00,0.00,0.00,0.00,0.00,Matches,FA Cup,2024-2025
28efa226,Thimothee Lo Tutala,fr FRA,GK,21,1,1,90,1.0,0,0,0,0,0,0,1,0,0.00,0.00,0.00,0.00,0.00,Matches,FA Cup,2024-2025
9e7b4af6,Antony Papadopoulos,eng ENG,MF,21,5,0,39,0.4,0,0,0,0,0,0,0,0,0.00,0.00,0.00,0.00,0.00,Matches,FA Cup,2024-2025
bf3809ba,Sonny Fish,eng ENG,FW,20,1,0,19,0.2,0,0,0,0,0,0,0,0,0.00,0.00,0.00,0.00,0.00,Matches,FA Cup,2024-2025
10e551ab,Rafiq Khaleel,eng ENG,MF,21,1,0,11,0.1,0,0,0,0,0,0,0,0,0.00,0.00,0.00,0.00,0.00,Matches,FA Cup,2024-2025
7cbd6d68,Eddie Beach,wls WAL,GK,20,0,0,,,,,,,,,,,,,,,,Matches,FA Cup,2024-2025
6002ad0b,Jasper Sheik,eng ENG,GK,19,0,0,,,,,,,,,,,,,,,,Matches,FA Cup,2024-2025
e5a76dfe,Dean Henderson,eng ENG,GK,27,38,38,"3,420",38.0,0,0,0,0,0,0,3,0,0.00,0.00,0.00,0.00,0.00,Matches,FA Cup,2024-2025
778ef829,Daniel Muñoz,co COL,MF,28,37,37,"3,228",35.9,4,5,9,4,0,0,10,0,0.11,0.14,0.25,0.11,0.25,Matches,FA Cup,2024-2025
5cbd1eb0,Tyrick Mitchell,eng ENG,MF,24,37,37,"3,092",34.4,0,5,5,0,0,0,2,0,0.00,0.15,0.15,0.00,0.15,Matches,FA Cup,2024-2025
277c49ed,Maxence Lacroix,fr FRA,DF,24,35,35,"3,116",34.6,1,1,2,1,0,0,5,0,0.03,0.03,0.06,0.03,0.06,Matches,FA Cup,2024-2025
d0706b27,Marc Guéhi,eng ENG,DF,24,34,34,"3,059",34.0,3,2,5,3,0,0,9,1,0.09,0.06,0.15,0.09,0.15,Matches,FA Cup,2024-2025
50e6dc35,Jean-Philippe Mateta,fr FRA,FW,27,37,33,"2,648",29.4,14,2,16,12,2,2,2,0,0.48,0.07,0.54,0.41,0.48,Matches,FA Cup,2024-2025
ae4fc6a4,Eberechi Eze,eng ENG,MF,26,34,31,"2,588",28.8,8,8,16,7,1,2,1,0,0.28,0.28,0.56,0.24,0.52,Matches,FA Cup,2024-2025
bfdb33aa,Ismaila Sarr,sn SEN,MF,26,38,30,"2,711",30.1,8,6,14,8,0,0,4,0,0.27,0.20,0.46,0.27,0.46,Matches,FA Cup,2024-2025
9b5ce51a,Jefferson Lerma,co COL,"MF,DF",29,33,26,"2,274",25.3,0,1,1,0,0,0,9,0,0.00,0.04,0.04,0.00,0.04,Matches,FA Cup,2024-2025
a0666d3e,Will Hughes,eng ENG,MF,29,33,24,"2,108",23.4,0,3,3,0,0,0,11,0,0.00,0.13,0.13,0.00,0.13,Matches,FA Cup,2024-2025
0a3d6d2b,Chris Richards,us USA,DF,24,24,22,"1,922",21.4,1,0,1,1,0,0,4,1,0.05,0.00,0.05,0.05,0.05,Matches,FA Cup,2024-2025
4b542852,Adam Wharton,eng ENG,MF,20,20,16,"1,318",14.6,0,2,2,0,0,0,2,0,0.00,0.14,0.14,0.00,0.14,Matches,FA Cup,2024-2025
15b287da,Daichi Kamada,jp JPN,MF,27,34,15,"1,564",17.4,0,0,0,0,0,0,4,1,0.00,0.00,0.00,0.00,0.00,Matches,FA Cup,2024-2025
5515376c,Trevoh Chalobah,eng ENG,DF,25,12,12,"1,060",11.8,3,0,3,3,0,0,1,0,0.25,0.00,0.25,0.25,0.25,Matches,FA Cup,2024-2025
a53649b7,Eddie Nketiah,eng ENG,"FW,MF",25,29,9,"1,034",11.5,3,1,4,3,0,0,6,1,0.26,0.09,0.35,0.26,0.35,Matches,FA Cup,2024-2025
0442183b,Nathaniel Clyne,eng ENG,"DF,MF",33,13,5,483,5.4,0,0,0,0,0,0,1,0,0.00,0.00,0.00,0.00,0.00,Matches,FA Cup,2024-2025
6c2b66fc,Justin Devenny,nir NIR,MF,20,23,4,507,5.6,1,1,2,1,0,0,1,0,0.18,0.18,0.36,0.18,0.36,Matches,FA Cup,2024-2025
ce4f40c7,Cheick Doucouré,ml MLI,MF,24,13,4,452,5.0,0,0,0,0,0,0,1,0,0.00,0.00,0.00,0.00,0.00,Matches,FA Cup,2024-2025
d2424d1b,Ben Chilwell,eng ENG,MF,27,8,1,259,2.9,1,0,1,1,0,0,1,0,0.35,0.00,0.35,0.35,0.35,Matches,FA Cup,2024-2025
87189f25,Romain Esse,eng ENG,MF,19,7,1,138,1.5,1,1,2,1,0,0,0,0,0.65,0.65,1.30,0.65,1.30,Matches,FA Cup,2024-2025
0562b7f1,Odsonne Édouard,fr FRA,MF,26,2,1,115,1.3,0,0,0,0,0,0,0,0,0.00,0.00,0.00,0.00,0.00,Matches,FA Cup,2024-2025
e34fc66d,Joachim Andersen,dk DEN,DF,28,1,1,90,1.0,0,0,0,0,0,0,1,0,0.00,0.00,0.00,0.00,0.00,Matches,FA Cup,2024-2025
b3b9b8b8,Chadi Riad,ma MAR,DF,21,1,1,90,1.0,0,0,0,0,0,0,0,0,0.00,0.00,0.00,0.00,0.00,Matches,FA Cup,2024-2025
8a7ff278,Joel Ward,eng ENG,DF,34,2,1,71,0.8,0,0,0,0,0,0,1,0,0.00,0.00,0.00,0.00,0.00,Matches,FA Cup,2024-2025
3312f911,Jeffrey Schlupp,gh GHA,"DF,FW",31,12,0,103,1.1,0,0,0,0,0,0,0,0,0.00,0.00,0.00,0.00,0.00,Matches,FA Cup,2024-2025
077faf72,Matheus França,br BRA,FW,20,4,0,55,0.6,1,0,1,1,0,0,0,0,1.64,0.00,1.64,1.64,1.64,Matches,FA Cup,2024-2025
da052c14,Jordan Ayew,gh GHA,"FW,MF",32,1,0,21,0.2,0,0,0,0,0,0,1,0,0.00,0.00,0.00,0.00,0.00,Matches,FA Cup,2024-2025
c80f8c9d,Caleb Kporha,eng ENG,DF,18,2,0,13,0.1,0,0,0,0,0,0,0,0,0.00,0.00,0.00,0.00,0.00,Matches,FA Cup,2024-2025
6a10efb3,Asher Agbinone,eng ENG,MF,18,2,0,6,0.1,0,0,0,0,0,0,0,0,0.00,0.00,0.00,0.00,0.00,Matches,FA Cup,2024-2025
a6c58494,Naouirou Ahamada,fr FRA,MF,22,0,0,,,,,,,,,,,,,,,,Matches,FA Cup,2024-2025
d79a8c87,Rob Holding,eng ENG,DF,28,0,0,,,,,,,,,,,,,,,,Matches,FA Cup,2024-2025
9e5708be,Sam Johnstone,eng ENG,GK,31,0,0,,,,,,,,,,,,,,,,Matches,FA Cup,2024-2025
6baa90d0,Zachariah Marsh,eng ENG,FW,18,0,0,,,,,,,,,,,,,,,,Matches,FA Cup,2024-2025
27f4f772,Remi Matthews,eng ENG,GK,30,0,0,,,,,,,,,,,,,,,,Matches,FA Cup,2024-2025
49375cdd,Kaden Rodney,eng ENG,"DF,MF",19,0,0,,,,,,,,,,,,,,,,Matches,FA Cup,2024-2025
4a51ba65,Matt Turner,us USA,GK,30,0,0,,,,,,,,,,,,,,,,Matches,FA Cup,2024-2025
8e526344,Franco Umeh-Chibueze,ie IRL,MF,19,0,0,,,,,,,,,,,,,,,,Matches,FA Cup,2024-2025
bf6fbdca,James Bolton,eng ENG,DF,29,38,35,"3,209",35.7,4,0,4,4,0,0,7,0,0.11,0.00,0.11,0.11,0.11,Matches,FA Cup,2024-2025
1f33ceed,Brendan Sarpong-Wiredu,eng ENG,"DF,MF",24,34,34,"2,812",31.2,2,0,2,2,0,0,9,0,0.06,0.00,0.06,0.06,0.06,Matches,FA Cup,2024-2025
a2447ed2,Matty Virtue,eng ENG,MF,27,41,33,"2,841",31.6,9,0,9,9,0,0,6,0,0.29,0.00,0.29,0.29,0.29,Matches,FA Cup,2024-2025
36e6ea3e,Ryan Graydon,ie IRL,FW,25,34,33,"2,747",30.5,9,8,17,8,1,1,5,0,0.29,0.26,0.56,0.26,0.52,Matches,FA Cup,2024-2025
48296f4b,Mark Helm,eng ENG,"MF,FW",22,44,32,"2,731",30.3,7,0,7,7,0,0,5,0,0.23,0.00,0.23,0.23,0.23,Matches,FA Cup,2024-2025
a39f9c4f,Elliott Bonds,gy GUY,MF,24,33,30,"2,669",29.7,0,5,5,0,0,0,9,0,0.00,0.17,0.17,0.00,0.17,Matches,FA Cup,2024-2025
a7a688d7,Mackenzie Hunt,ae UAE,"MF,DF",22,39,29,"2,496",27.7,1,8,9,1,0,0,3,0,0.04,0.29,0.32,0.04,0.32,Matches,FA Cup,2024-2025
71e01c7f,Danny Mayor,eng ENG,MF,33,39,29,"2,460",27.3,2,2,4,2,0,0,6,0,0.07,0.07,0.15,0.07,0.15,Matches,FA Cup,2024-2025
e4588897,Rhys Bennett,eng ENG,DF,20,35,26,"2,498",27.8,1,0,1,1,0,0,11,0,0.04,0.00,0.04,0.04,0.04,Matches,FA Cup,2024-2025
30dae828,Jay Lynch,eng ENG,GK,31,27,26,"2,357",26.2,0,1,1,0,0,0,2,0,0.00,0.04,0.04,0.00,0.04,Matches,FA Cup,2024-2025
bc3b5c95,Phoenix Patterson,sct SCO,MF,23,39,22,"2,202",24.5,3,8,11,3,0,1,1,0,0.12,0.33,0.45,0.12,0.45,Matches,FA Cup,2024-2025
45345349,Ronan Coughlan,ie IRL,FW,28,23,21,"1,598",17.8,8,2,10,6,2,2,2,0,0.45,0.11,0.56,0.34,0.45,Matches,FA Cup,2024-2025
66a706af,David Harrington,wls WAL,GK,24,20,20,"1,783",19.8,0,0,0,0,0,0,2,0,0.00,0.00,0.00,0.00,0.00,Matches,FA Cup,2024-2025
9aa3a4c1,Finley Potter,eng ENG,DF,20,28,19,"1,825",20.3,0,1,1,0,0,0,7,0,0.00,0.05,0.05,0.00,0.05,Matches,FA Cup,2024-2025
c970ac4f,Carl Johnston,nir NIR,MF,22,19,19,"1,634",18.2,1,1,2,1,0,0,2,0,0.06,0.06,0.11,0.06,0.11,Matches,FA Cup,2024-2025
2ea42a44,Shaun Rooney,sct SCO,"MF,DF",28,19,18,"1,608",17.9,2,2,4,2,0,0,8,0,0.11,0.11,0.22,0.11,0.22,Matches,FA Cup,2024-2025
2ade783c,Harrison Neal,eng ENG,MF,23,21,14,"1,336",14.8,0,0,0,0,0,0,4,0,0.00,0.00,0.00,0.00,0.00,Matches,FA Cup,2024-2025
79ddcef8,Owen Devonport,eng ENG,FW,19,24,11,"1,090",12.1,1,2,3,1,0,0,1,0,0.08,0.17,0.25,0.08,0.25,Matches,FA Cup,2024-2025
7923301c,Louie Marsh,eng ENG,FW,20,16,11,883,9.8,2,0,2,2,0,0,1,0,0.20,0.00,0.20,0.20,0.20,Matches,FA Cup,2024-2025
a6aab1d1,Ryan Broom,wls WAL,"MF,DF",27,27,10,"1,150",12.8,2,0,2,2,0,0,2,0,0.16,0.00,0.16,0.16,0.16,Matches,FA Cup,2024-2025
71f5eec2,Kayden Hughes,eng ENG,DF,18,8,7,606,6.7,2,0,2,2,0,0,1,0,0.30,0.00,0.30,0.30,0.30,Matches,FA Cup,2024-2025
f17ba2da,Liam Shaw,eng ENG,"DF,MF",23,11,6,482,5.4,0,0,0,0,0,0,2,0,0.00,0.00,0.00,0.00,0.00,Matches,FA Cup,2024-2025
c485304b,Harrison Holgate,eng ENG,DF,23,5,5,450,5.0,0,0,0,0,0,0,1,0,0.00,0.00,0.00,0.00,0.00,Matches,FA Cup,2024-2025
692e9958,Zech Medley,eng ENG,DF,24,7,4,338,3.8,1,0,1,1,0,0,2,0,0.27,0.00,0.27,0.27,0.27,Matches,FA Cup,2024-2025
ceb3632f,Brandon Cover,jm JAM,MF,20,8,4,318,3.5,0,0,0,0,0,0,2,0,0.00,0.00,0.00,0.00,0.00,Matches,FA Cup,2024-2025
51cb4026,Kian Harratt,eng ENG,FW,22,20,2,613,6.8,1,2,3,1,0,0,1,0,0.15,0.29,0.44,0.15,0.44,Matches,FA Cup,2024-2025
04fd8cde,Kobei Moore,eng ENG,FW,19,10,2,238,2.6,1,0,1,1,0,0,1,0,0.38,0.00,0.38,0.38,0.38,Matches,FA Cup,2024-2025
5aebf750,Tommy Lonergan,ie IRL,FW,20,6,2,163,1.8,0,0,0,0,0,0,0,0,0.00,0.00,0.00,0.00,0.00,Matches,FA Cup,2024-2025
739b93fc,George Morrison,sct SCO,MF,18,7,1,147,1.6,0,0,0,0,0,0,0,0,0.00,0.00,0.00,0.00,0.00,Matches,FA Cup,2024-2025
8a23703d,Will Johnson,,DF,,2,1,102,1.1,0,0,0,0,0,0,0,0,0.00,0.00,0.00,0.00,0.00,Matches,FA Cup,2024-2025
dcba03f6,Mipo Odubeko,ie IRL,FW,21,5,0,99,1.1,0,0,0,0,0,0,1,0,0.00,0.00,0.00,0.00,0.00,Matches,FA Cup,2024-2025
7007b6bf,Pele Smith,,MF,,1,0,46,0.5,0,0,0,0,0,0,0,0,0.00,0.00,0.00,0.00,0.00,Matches,FA Cup,2024-2025
13dc8684,Mikey Lane,,MF,,1,0,8,0.1,0,0,0,0,0,0,0,0,0.00,0.00,0.00,0.00,0.00,Matches,FA Cup,2024-2025
1e7f4fca,Finlay Adair,eng ENG,FW,19,1,0,1,0.0,0,0,0,0,0,0,0,0,0.00,0.00,0.00,0.00,0.00,Matches,FA Cup,2024-2025
4c5e2059,Raff Cirino,ms MSR,DF,17,0,0,,,,,,,,,,,,,,,,Matches,FA Cup,2024-2025
8331d73f,Callum Dolan,eng ENG,FW,23,0,0,,,,,,,,,,,,,,,,Matches,FA Cup,2024-2025
f999962d,Luke Hewitson,eng ENG,GK,19,0,0,,,,,,,,,,,,,,,,Matches,FA Cup,2024-2025
5bb9d409,Ronan Mansfield,ie IRL,DF,18,0,0,,,,,,,,,,,,,,,,Matches,FA Cup,2024-2025
ada7289c,Liam Roberts,,MF,,0,0,,,,,,,,,,,,,,,,Matches,FA Cup,2024-2025
0d5f552a,Jack Brivio,eng ENG,MF,31,1,1,90,1.0,0,0,0,0,0,0,0,0,0.00,0.00,0.00,0.00,0.00,Matches,FA Cup,2024-2025
f6004a81,Lewis Carey,eng ENG,GK,31,1,1,90,1.0,0,0,0,0,0,0,0,0,0.00,0.00,0.00,0.00,0.00,Matches,FA Cup,2024-2025
ddb68f20,James Hammond,eng ENG,MF,27,1,1,90,1.0,0,0,0,0,0,0,0,0,0.00,0.00,0.00,0.00,0.00,Matches,FA Cup,2024-2025
3fb43e8d,Isaac Philpot,eng ENG,DF,29,1,1,90,1.0,0,0,0,0,0,0,0,0,0.00,0.00,0.00,0.00,0.00,Matches,FA Cup,2024-2025
ab6b193b,Harvey Sparks,eng ENG,DF,28,1,1,90,1.0,0,0,0,0,0,0,0,0,0.00,0.00,0.00,0.00,0.00,Matches,FA Cup,2024-2025
def62016,Jack Strange,eng ENG,DF,27,1,1,90,1.0,0,0,0,0,0,0,0,0,0.00,0.00,0.00,0.00,0.00,Matches,FA Cup,2024-2025
e73343e7,Lee Harding,eng ENG,FW,28,1,1,70,0.8,0,0,0,0,0,0,0,0,0.00,0.00,0.00,0.00,0.00,Matches,FA Cup,2024-2025
3d9ab571,Charlie Hester-Cook,eng ENG,MF,24,1,1,70,0.8,0,0,0,0,0,0,1,0,0.00,0.00,0.00,0.00,0.00,Matches,FA Cup,2024-2025
26414570,Reece Meekums,eng ENG,FW,25,1,1,61,0.7,0,0,0,0,0,0,0,0,0.00,0.00,0.00,0.00,0.00,Matches,FA Cup,2024-2025
50824b36,Danny Ryan Barker,eng ENG,DF,25,1,1,61,0.7,0,0,0,0,0,0,0,0,0.00,0.00,0.00,0.00,0.00,Matches,FA Cup,2024-2025
ce4e7a21,Shamir Fenelon,ie IRL,FW,29,1,1,53,0.6,0,0,0,0,0,0,0,0,0.00,0.00,0.00,0.00,0.00,Matches,FA Cup,2024-2025
fc246d54,Chris Dickson,gh GHA,FW,39,1,0,37,0.4,1,0,1,1,0,0,1,0,2.43,0.00,2.43,2.43,2.43,Matches,FA Cup,2024-2025
d99cc48a,Daniel Ajakaiye,eng ENG,MF,27,1,0,29,0.3,0,1,1,0,0,0,0,0,0.00,3.10,3.10,0.00,3.10,Matches,FA Cup,2024-2025
cda84866,Ola Ogunwamide,eng ENG,MF,24,1,0,29,0.3,0,0,0,0,0,0,0,0,0.00,0.00,0.00,0.00,0.00,Matches,FA Cup,2024-2025
7ad4de82,Joel Daly,eng ENG,FW,24,1,0,20,0.2,0,0,0,0,0,0,0,0,0.00,0.00,0.00,0.00,0.00,Matches,FA Cup,2024-2025
f9a4da7c,Lucas Rodrigues,br BRA,MF,26,1,0,20,0.2,0,0,0,0,0,0,0,0,0.00,0.00,0.00,0.00,0.00,Matches,FA Cup,2024-2025
11f68bb8,Montel Agyemang,eng ENG,MF,27,0,0,,,,,,,,,,,,,,,,Matches,FA Cup,2024-2025
83e62cbb,Jake Elliott,eng ENG,DF,25,0,0,,,,,,,,,,,,,,,,Matches,FA Cup,2024-2025
02f607ba,Casey Pettit,eng ENG,MF,21,46,46,"3,943",43.8,0,1,1,0,0,0,5,0,0.00,0.02,0.02,0.00,0.02,Matches,FA Cup,2024-2025
74eda47c,Craig Ross,eng ENG,GK,34,40,40,"3,600",40.0,0,2,2,0,0,0,4,0,0.00,0.05,0.05,0.00,0.05,Matches,FA Cup,2024-2025
d23cc8c6,Reece Smith,eng ENG,MF,22,43,40,"3,550",39.4,6,8,14,6,0,0,4,0,0.15,0.20,0.35,0.15,0.35,Matches,FA Cup,2024-2025
1c6301f7,Will de Havilland,eng ENG,DF,29,38,38,"3,307",36.7,2,0,2,2,0,0,8,0,0.05,0.00,0.05,0.05,0.05,Matches,FA Cup,2024-2025
ad0b4e96,Shawn McCoulsky,eng ENG,FW,27,44,36,"3,307",36.7,16,2,18,14,2,2,6,0,0.44,0.05,0.49,0.38,0.44,Matches,FA Cup,2024-2025
41f5a198,Nathan Ferguson,gy GUY,MF,28,36,35,"2,954",32.8,0,9,9,0,0,0,5,0,0.00,0.27,0.27,0.00,0.27,Matches,FA Cup,2024-2025
cfd667ae,Tristan Abrahams,eng ENG,"FW,MF",25,41,32,"2,844",31.6,11,8,19,10,1,1,9,1,0.35,0.25,0.60,0.32,0.57,Matches,FA Cup,2024-2025
b4073508,Thierry Latty Fairweather,eng ENG,DF,21,34,31,"2,599",28.9,1,0,1,1,0,0,7,1,0.03,0.00,0.03,0.03,0.03,Matches,FA Cup,2024-2025
56b89d16,Miles Welch-Hayes,eng ENG,DF,27,31,28,"2,442",27.1,1,0,1,1,0,0,3,1,0.04,0.00,0.04,0.04,0.04,Matches,FA Cup,2024-2025
248c483c,Kevin Lokko,eng ENG,DF,28,27,26,"2,276",25.3,4,1,5,4,0,0,4,1,0.16,0.04,0.20,0.16,0.20,Matches,FA Cup,2024-2025
b4d654a2,Owen Cochrane,,"DF,MF",,33,22,"2,027",22.5,0,2,2,0,0,0,0,0,0.00,0.09,0.09,0.00,0.09,Matches,FA Cup,2024-2025
69c1a491,Manny Onariase,ng NGA,DF,27,20,19,"1,720",19.1,1,0,1,1,0,0,1,0,0.05,0.00,0.05,0.05,0.05,Matches,FA Cup,2024-2025
705da758,Kane Ferdinand,ie IRL,MF,31,18,16,"1,433",15.9,0,1,1,0,0,0,1,0,0.00,0.06,0.06,0.00,0.06,Matches,FA Cup,2024-2025
e0edd746,Alan Massey,eng ENG,DF,35,21,13,"1,311",14.6,0,0,0,0,0,0,2,1,0.00,0.00,0.00,0.00,0.00,Matches,FA Cup,2024-2025
8506c40f,Sam Barratt,eng ENG,MF,28,32,13,"1,179",13.1,4,2,6,1,3,3,3,0,0.31,0.15,0.46,0.08,0.23,Matches,FA Cup,2024-2025
a605536a,Joshua Johnson,eng ENG,"MF,FW",19,22,11,"1,042",11.6,1,0,1,1,0,0,0,0,0.09,0.00,0.09,0.09,0.09,Matches,FA Cup,2024-2025
56ce83ab,Remy Clerima,fr FRA,DF,33,13,11,967,10.7,0,1,1,0,0,0,0,0,0.00,0.09,0.09,0.00,0.09,Matches,FA Cup,2024-2025
eb5efdc7,Jayden Mitchell-Lawson,eng ENG,MF,24,11,11,870,9.7,0,1,1,0,0,0,2,0,0.00,0.10,0.10,0.00,0.10,Matches,FA Cup,2024-2025
71b3a110,James Golding,ie IRL,"MF,DF",19,7,7,612,6.8,2,0,2,2,0,0,1,0,0.29,0.00,0.29,0.29,0.29,Matches,FA Cup,2024-2025
7b3ca119,Brendan Kiernan,eng ENG,"MF,FW",31,9,7,534,5.9,5,2,7,5,0,0,2,0,0.84,0.34,1.18,0.84,1.18,Matches,FA Cup,2024-2025
a3b858fa,Tyrese Dyce,eng ENG,DF,23,11,6,641,7.1,0,0,0,0,0,0,1,0,0.00,0.00,0.00,0.00,0.00,Matches,FA Cup,2024-2025
4504f157,Samuel Howes,eng ENG,GK,26,6,6,540,6.0,0,0,0,0,0,0,0,0,0.00,0.00,0.00,0.00,0.00,Matches,FA Cup,2024-2025
eeccc57d,Joseph Ajose,eng ENG,MF,23,16,4,401,4.5,1,1,2,1,0,0,0,0,0.22,0.22,0.45,0.22,0.45,Matches,FA Cup,2024-2025
3cf0a771,Ricky Korboa,eng ENG,MF,27,5,2,263,2.9,0,1,1,0,0,0,0,0,0.00,0.34,0.34,0.00,0.34,Matches,FA Cup,2024-2025
474d0150,Bradley Keetch,eng ENG,MF,23,12,2,239,2.7,0,0,0,0,0,0,1,0,0.00,0.00,0.00,0.00,0.00,Matches,FA Cup,2024-2025
d8cee7b2,Zac Bell,wls WAL,DF,21,5,2,223,2.5,0,0,0,0,0,0,1,0,0.00,0.00,0.00,0.00,0.00,Matches,FA Cup,2024-2025
d4c9b726,Tobi Sho-Silva,eng ENG,FW,29,18,1,210,2.3,1,0,1,1,0,0,1,0,0.43,0.00,0.43,0.43,0.43,Matches,FA Cup,2024-2025
57dca386,Ruben Carvalho,eng ENG,MF,23,13,1,209,2.3,0,0,0,0,0,0,0,0,0.00,0.00,0.00,0.00,0.00,Matches,FA Cup,2024-2025
6a4523ed,Christopher Wreh,eng ENG,FW,27,3,0,52,0.6,0,0,0,0,0,0,0,0,0.00,0.00,0.00,0.00,0.00,Matches,FA Cup,2024-2025
591054e6,Noah Stewart,nir NIR,FW,20,2,0,18,0.2,0,0,0,0,0,0,0,0,0.00,0.00,0.00,0.00,0.00,Matches,FA Cup,2024-2025
e4526d3a,Tariq Uwakwe,eng ENG,MF,24,1,0,6,0.1,0,0,0,0,0,0,0,0,0.00,0.00,0.00,0.00,0.00,Matches,FA Cup,2024-2025
286ce3ae,Aidan Coyne,au AUS,DF,20,2,0,5,0.1,0,0,0,0,0,0,0,0,0.00,0.00,0.00,0.00,0.00,Matches,FA Cup,2024-2025
536b2ace,Harvey Collins,eng ENG,GK,21,0,0,,,,,,,,,,,,,,,,Matches,FA Cup,2024-2025
3efdfa12,Jamie Davies,eng ENG,MF,17,0,0,,,,,,,,,,,,,,,,Matches,FA Cup,2024-2025
724a6ffd,Jadyn Dundas,eng ENG,MF,18,0,0,,,,,,,,,,,,,,,,Matches,FA Cup,2024-2025
544fa917,Christian Johnson,,,,0,0,,,,,,,,,,,,,,,,Matches,FA Cup,2024-2025
e9c56e6e,Taylor Allen,eng ENG,DF,24,45,44,"3,952",43.9,10,7,17,8,2,2,5,1,0.23,0.16,0.39,0.18,0.34,Matches,FA Cup,2024-2025
1448d9d4,Liam Gordon,gy GUY,MF,25,44,44,"3,872",43.0,3,1,4,3,0,0,10,0,0.07,0.02,0.09,0.07,0.09,Matches,FA Cup,2024-2025
7bca531a,Ryan Stirk,wls WAL,MF,23,44,43,"3,721",41.3,1,4,5,1,0,0,3,0,0.02,0.10,0.12,0.02,0.12,Matches,FA Cup,2024-2025
4c871e44,David Okagbue,ie IRL,DF,20,44,41,"3,765",41.8,2,5,7,2,0,0,10,0,0.05,0.12,0.17,0.05,0.17,Matches,FA Cup,2024-2025
ae7f5d8a,Tommy Simkin,eng ENG,GK,19,40,40,"3,600",40.0,0,0,0,0,0,0,3,0,0.00,0.00,0.00,0.00,0.00,Matches,FA Cup,2024-2025
b1b546fc,Connor Barratt,ie IRL,MF,20,43,39,"3,396",37.7,0,8,8,0,0,0,10,1,0.00,0.21,0.21,0.00,0.21,Matches,FA Cup,2024-2025
38d7eb08,Jamie Jellis,eng ENG,MF,23,43,39,"3,321",36.9,5,2,7,5,0,0,11,0,0.14,0.05,0.19,0.14,0.19,Matches,FA Cup,2024-2025
7ce7baa4,Jamille Matt,eng ENG,FW,34,43,38,"3,001",33.3,12,1,13,12,0,1,8,0,0.36,0.03,0.39,0.36,0.39,Matches,FA Cup,2024-2025
2ecb71d5,Charlie Lakin,eng ENG,MF,25,36,30,"2,313",25.7,2,1,3,2,0,0,2,0,0.08,0.04,0.12,0.08,0.12,Matches,FA Cup,2024-2025
574f3580,Harry Williams,eng ENG,DF,21,30,29,"2,627",29.2,3,0,3,3,0,0,5,0,0.10,0.00,0.10,0.10,0.10,Matches,FA Cup,2024-2025
7bd72e11,Oisin McEntee,ie IRL,"DF,MF",23,31,21,"2,004",22.3,0,3,3,0,0,0,9,0,0.00,0.13,0.13,0.00,0.13,Matches,FA Cup,2024-2025
5567d6f5,Nathan Lowe,eng ENG,FW,18,22,20,"1,822",20.2,15,5,20,15,0,0,0,0,0.74,0.25,0.99,0.74,0.99,Matches,FA Cup,2024-2025
c7174e81,Albert Adomah,gh GHA,FW,36,42,10,"1,330",14.8,5,4,9,5,0,0,5,0,0.34,0.27,0.61,0.34,0.61,Matches,FA Cup,2024-2025
c9408be8,Ellis Harrison,wls WAL,FW,30,12,9,635,7.1,3,1,4,3,0,0,1,0,0.43,0.14,0.57,0.43,0.57,Matches,FA Cup,2024-2025
2f421218,George Hall,eng ENG,"MF,FW",20,14,7,653,7.3,2,2,4,2,0,0,0,0,0.28,0.28,0.55,0.28,0.55,Matches,FA Cup,2024-2025
f275afa0,Evan Weir,ie IRL,DF,22,14,7,623,6.9,0,4,4,0,0,0,2,0,0.00,0.58,0.58,0.00,0.58,Matches,FA Cup,2024-2025
90817cad,Nathan Asiimwe,ug UGA,MF,19,10,7,613,6.8,0,0,0,0,0,0,2,0,0.00,0.00,0.00,0.00,0.00,Matches,FA Cup,2024-2025
d89880ba,Sam Hornby,eng ENG,GK,29,6,6,540,6.0,0,0,0,0,0,0,0,0,0.00,0.00,0.00,0.00,0.00,Matches,FA Cup,2024-2025
c014c3bb,Josh Gordon,eng ENG,FW,29,8,6,374,4.2,1,0,1,1,0,0,1,0,0.24,0.00,0.24,0.24,0.24,Matches,FA Cup,2024-2025
caf7a176,Brandon Comley,ms MSR,MF,28,18,5,602,6.7,0,0,0,0,0,0,1,0,0.00,0.00,0.00,0.00,0.00,Matches,FA Cup,2024-2025
0cfa7a1b,Jack Earing,eng ENG,MF,25,20,4,686,7.6,2,0,2,2,0,0,0,0,0.26,0.00,0.26,0.26,0.26,Matches,FA Cup,2024-2025
71629af8,Levi Amantchi,eng ENG,FW,23,18,4,601,6.7,3,0,3,3,0,0,0,0,0.45,0.00,0.45,0.45,0.45,Matches,FA Cup,2024-2025
06757dde,Donervon Daniels,ms MSR,DF,30,7,4,369,4.1,0,0,0,0,0,0,1,0,0.00,0.00,0.00,0.00,0.00,Matches,FA Cup,2024-2025
011890d9,Alfie Chang,eng ENG,MF,21,5,3,225,2.5,0,0,0,0,0,0,1,0,0.00,0.00,0.00,0.00,0.00,Matches,FA Cup,2024-2025
b247044e,Priestley Farquharson,eng ENG,DF,27,3,3,224,2.5,0,0,0,0,0,0,1,0,0.00,0.00,0.00,0.00,0.00,Matches,FA Cup,2024-2025
5c368c88,Ethan Wheatley,eng ENG,FW,18,4,2,168,1.9,0,0,0,0,0,0,0,0,0.00,0.00,0.00,0.00,0.00,Matches,FA Cup,2024-2025
fb8c7c98,Danny Johnson,eng ENG,FW,31,24,1,353,3.9,5,0,5,5,0,1,0,0,1.27,0.00,1.27,1.27,1.27,Matches,FA Cup,2024-2025
d8e563fb,Reyes Cleary,eng ENG,"FW,MF",20,3,0,88,1.0,0,0,0,0,0,0,0,0,0.00,0.00,0.00,0.00,0.00,Matches,FA Cup,2024-2025
2f4692d1,Ronan Maher,ie IRL,MF,19,2,0,36,0.4,0,0,0,0,0,0,0,0,0.00,0.00,0.00,0.00,0.00,Matches,FA Cup,2024-2025
aca976d1,George Barrett,eng ENG,GK,18,0,0,,,,,,,,,,,,,,,,Matches,FA Cup,2024-2025
8f4d4609,Rico Browne,kn SKN,DF,20,0,0,,,,,,,,,,,,,,,,Matches,FA Cup,2024-2025
20404182,Dylan Thomas,,MF,,0,0,,,,,,,,,,,,,,,,Matches,FA Cup,2024-2025
aed092d5,Max Cleworth,wls WAL,DF,21,42,42,"3,777",42.0,7,2,9,7,0,0,3,0,0.17,0.05,0.21,0.17,0.21,Matches,FA Cup,2024-2025
53538b39,James McClean,ie IRL,"MF,DF",35,42,39,"3,403",37.8,4,7,11,4,0,0,11,0,0.11,0.19,0.29,0.11,0.29,Matches,FA Cup,2024-2025
9e7e28ff,Eoghan O'Connell,ie IRL,DF,28,39,38,"3,347",37.2,0,2,2,0,0,0,6,0,0.00,0.05,0.05,0.00,0.05,Matches,FA Cup,2024-2025
20a7d00d,George Dobson,eng ENG,MF,26,42,38,"3,250",36.1,1,5,6,1,0,0,10,0,0.03,0.14,0.17,0.03,0.17,Matches,FA Cup,2024-2025
a645e8c9,Oliver Rathbone,eng ENG,MF,27,41,34,"3,057",34.0,9,3,12,9,0,0,9,0,0.26,0.09,0.35,0.26,0.35,Matches,FA Cup,2024-2025
75834acc,Arthur Okonkwo,eng ENG,GK,22,33,33,"2,970",33.0,0,0,0,0,0,0,1,0,0.00,0.00,0.00,0.00,0.00,Matches,FA Cup,2024-2025
dfe6cd27,Ryan Barnett,eng ENG,"DF,MF",24,40,31,"2,867",31.9,2,9,11,2,0,0,1,0,0.06,0.28,0.35,0.06,0.35,Matches,FA Cup,2024-2025
ebd0a048,Matty James,eng ENG,MF,33,32,30,"2,689",29.9,2,3,5,2,0,0,2,0,0.07,0.10,0.17,0.07,0.17,Matches,FA Cup,2024-2025
e5192234,Elliot Lee,eng ENG,"MF,FW",29,38,26,"2,374",26.4,8,3,11,8,0,0,3,0,0.30,0.11,0.42,0.30,0.42,Matches,FA Cup,2024-2025
b906ba46,Ollie Palmer,eng ENG,FW,32,27,26,"1,803",20.0,3,2,5,3,0,0,4,0,0.15,0.10,0.25,0.15,0.25,Matches,FA Cup,2024-2025
5f4e6a9e,Thomas O'Connor,ie IRL,DF,25,31,25,"2,268",25.2,0,1,1,0,0,0,3,0,0.00,0.04,0.04,0.00,0.04,Matches,FA Cup,2024-2025
a2081c6b,Lewis Brunt,eng ENG,DF,23,22,21,"1,896",21.1,0,0,0,0,0,0,2,0,0.00,0.00,0.00,0.00,0.00,Matches,FA Cup,2024-2025
231a0b44,Sam Smith,eng ENG,FW,26,18,18,"1,527",17.0,7,0,7,7,0,0,3,0,0.41,0.00,0.41,0.41,0.41,Matches,FA Cup,2024-2025
5d7b6611,Andy Cannon,eng ENG,MF,28,24,17,"1,357",15.1,2,0,2,2,0,0,5,0,0.13,0.00,0.13,0.13,0.13,Matches,FA Cup,2024-2025
4ab53cdb,Jay Rodriguez,eng ENG,FW,35,17,17,"1,140",12.7,2,2,4,1,1,2,0,0,0.16,0.16,0.32,0.08,0.24,Matches,FA Cup,2024-2025
9af7cc6d,Ryan Longman,eng ENG,MF,23,19,14,"1,236",13.7,1,4,5,1,0,0,2,0,0.07,0.29,0.36,0.07,0.36,Matches,FA Cup,2024-2025
24ffc012,Dan Scarr,eng ENG,DF,29,14,12,"1,081",12.0,0,0,0,0,0,0,3,0,0.00,0.00,0.00,0.00,0.00,Matches,FA Cup,2024-2025
e7ef2c4e,Paul Mullin,eng ENG,FW,29,26,9,"1,161",12.9,2,0,2,2,0,0,3,0,0.16,0.00,0.16,0.16,0.16,Matches,FA Cup,2024-2025
d5d89b53,Mark Howard,eng ENG,GK,37,10,9,878,9.8,0,1,1,0,0,0,0,0,0.00,0.10,0.10,0.00,0.10,Matches,FA Cup,2024-2025
8525ec2a,Seb Revan,eng ENG,"MF,DF",21,19,9,842,9.4,0,0,0,0,0,0,1,0,0.00,0.00,0.00,0.00,0.00,Matches,FA Cup,2024-2025
e4551dab,Jack Marriott,eng ENG,FW,29,26,9,808,9.0,6,0,6,6,0,0,0,0,0.67,0.00,0.67,0.67,0.67,Matches,FA Cup,2024-2025
e8d6906d,Callum Burton,eng ENG,GK,27,4,4,292,3.2,0,0,0,0,0,0,0,0,0.00,0.00,0.00,0.00,0.00,Matches,FA Cup,2024-2025
2c9c3502,Steven Fletcher,sct SCO,FW,37,40,2,"1,083",12.0,8,1,9,6,2,2,6,0,0.66,0.08,0.75,0.50,0.58,Matches,FA Cup,2024-2025
40302e12,George Evans,eng ENG,MF,29,7,1,135,1.5,0,0,0,0,0,0,0,0,0.00,0.00,0.00,0.00,0.00,Matches,FA Cup,2024-2025
1cae3c9d,Jacob Mendy,gm GAM,MF,27,4,1,94,1.0,0,0,0,0,0,0,0,0,0.00,0.00,0.00,0.00,0.00,Matches,FA Cup,2024-2025
b62006f1,Jón Daði Böðvarsson,is ISL,FW,32,4,1,91,1.0,0,0,0,0,0,0,0,0,0.00,0.00,0.00,0.00,0.00,Matches,FA Cup,2024-2025
b5609935,Mo Faal,eng ENG,FW,21,8,0,70,0.8,0,0,0,0,0,0,0,0,0.00,0.00,0.00,0.00,0.00,Matches,FA Cup,2024-2025
713d009d,James Jones,sct SCO,"DF,MF",28,2,0,29,0.3,0,0,0,0,0,0,0,0,0.00,0.00,0.00,0.00,0.00,Matches,FA Cup,2024-2025
38ae115f,Sam Dalby,eng ENG,FW,24,1,0,15,0.2,0,0,0,0,0,0,0,0,0.00,0.00,0.00,0.00,0.00,Matches,FA Cup,2024-2025
dadb55bd,Luke Bolton,eng ENG,"DF,FW",24,0,0,,,,,,,,,,,,,,,,Matches,FA Cup,2024-2025
04d98300,Will Boyle,eng ENG,DF,28,0,0,,,,,,,,,,,,,,,,Matches,FA Cup,2024-2025
2d139834,Anthony Forde,ie IRL,"DF,FW",30,0,0,,,,,,,,,,,,,,,,Matches,FA Cup,2024-2025
6351d472,Bradley Foster-Theniger,eng ENG,GK,22,0,0,,,,,,,,,,,,,,,,Matches,FA Cup,2024-2025
160599ed,Donald Love,sct SCO,"MF,DF",29,41,39,"3,515",39.1,1,5,6,1,0,0,14,0,0.03,0.13,0.15,0.03,0.15,Matches,FA Cup,2024-2025
f2875393,Farrend Rawson,eng ENG,DF,28,38,38,"3,168",35.2,1,0,1,1,0,0,6,1,0.03,0.00,0.03,0.03,0.03,Matches,FA Cup,2024-2025
1a85a237,William Crellin,eng ENG,GK,24,34,34,"3,060",34.0,0,0,0,0,0,0,1,0,0.00,0.00,0.00,0.00,0.00,Matches,FA Cup,2024-2025
715bc2dd,Shaun Whalley,eng ENG,"MF,FW",36,33,32,"2,752",30.6,9,3,12,7,2,2,7,0,0.29,0.10,0.39,0.23,0.33,Matches,FA Cup,2024-2025
fa6d6276,Ben Woods,eng ENG,MF,21,36,31,"2,765",30.7,8,7,15,8,0,0,10,0,0.26,0.23,0.49,0.26,0.49,Matches,FA Cup,2024-2025
d1b7a763,Tyler Walton,eng ENG,"FW,MF",25,41,30,"2,560",28.4,7,8,15,7,0,0,13,0,0.25,0.28,0.53,0.25,0.53,Matches,FA Cup,2024-2025
467f682d,Liam Coyle,eng ENG,MF,24,34,26,"2,363",26.3,0,1,1,0,0,0,10,0,0.00,0.04,0.04,0.00,0.04,Matches,FA Cup,2024-2025
bd44b52f,Sonny Aljofree,eng ENG,DF,19,25,24,"2,128",23.6,3,0,3,3,0,0,3,0,0.13,0.00,0.13,0.13,0.13,Matches,FA Cup,2024-2025
7a0ae4f0,Zach Awe,eng ENG,DF,20,21,21,"1,890",21.0,1,0,1,1,0,0,5,0,0.05,0.00,0.05,0.05,0.05,Matches,FA Cup,2024-2025
725c9ecb,Benn Ward,,DF,,21,21,"1,862",20.7,1,0,1,1,0,0,5,0,0.05,0.00,0.05,0.05,0.05,Matches,FA Cup,2024-2025
79f29835,Jake Batty,eng ENG,"MF,DF",19,25,21,"1,814",20.2,0,1,1,0,0,0,8,0,0.00,0.05,0.05,0.00,0.05,Matches,FA Cup,2024-2025
9c9fee3a,Séamus Conneely,ie IRL,MF,36,26,20,"1,629",18.1,1,1,2,1,0,0,4,0,0.06,0.06,0.11,0.06,0.11,Matches,FA Cup,2024-2025
ed72e827,Kelsey Mooney,eng ENG,FW,25,30,19,"1,707",19.0,4,0,4,4,0,0,1,0,0.21,0.00,0.21,0.21,0.21,Matches,FA Cup,2024-2025
2b78767a,Devon Matthews,eng ENG,DF,24,20,19,"1,669",18.5,0,0,0,0,0,0,3,0,0.00,0.00,0.00,0.00,0.00,Matches,FA Cup,2024-2025
4d4ea868,Connor O'Brien,eng ENG,"MF,DF",19,25,18,"1,677",18.6,0,2,2,0,0,0,6,0,0.00,0.11,0.11,0.00,0.11,Matches,FA Cup,2024-2025
21be6686,Josh Woods,eng ENG,"FW,MF",24,31,15,"1,504",16.7,5,2,7,5,0,0,6,0,0.30,0.12,0.42,0.30,0.42,Matches,FA Cup,2024-2025
6281b7ed,Dara Costelloe,ie IRL,"FW,MF",21,17,14,"1,211",13.5,5,1,6,4,1,1,3,0,0.37,0.07,0.45,0.30,0.37,Matches,FA Cup,2024-2025
0c42b8e1,Nelson Khumbeni,eng ENG,MF,21,18,13,"1,304",14.5,1,0,1,1,0,0,4,0,0.07,0.00,0.07,0.07,0.07,Matches,FA Cup,2024-2025
d7df301e,Michael Kelly,ie IRL,GK,28,12,12,"1,080",12.0,0,0,0,0,0,0,1,0,0.00,0.00,0.00,0.00,0.00,Matches,FA Cup,2024-2025
8149968d,Sebastian Quirk,eng ENG,"DF,MF",22,16,10,977,10.9,0,1,1,0,0,0,2,0,0.00,0.09,0.09,0.00,0.09,Matches,FA Cup,2024-2025
c3a82d6c,Alex Henderson,eng ENG,MF,19,28,10,942,10.5,1,1,2,1,0,0,3,0,0.10,0.10,0.19,0.10,0.19,Matches,FA Cup,2024-2025
21737406,Ashley Hunter,eng ENG,"MF,FW",28,21,9,961,10.7,0,1,1,0,0,0,6,0,0.00,0.09,0.09,0.00,0.09,Matches,FA Cup,2024-2025
ab2e4f92,Jimmy Knowles,eng ENG,"MF,FW",23,16,9,721,8.0,2,1,3,2,0,0,1,0,0.25,0.12,0.37,0.25,0.37,Matches,FA Cup,2024-2025
c03c8acd,Conor Grant,eng ENG,MF,29,16,6,684,7.6,0,0,0,0,0,0,1,0,0.00,0.00,0.00,0.00,0.00,Matches,FA Cup,2024-2025
fd1c27b8,Joe O'Brien-Whitmarsh,ie IRL,MF,19,13,6,633,7.0,3,0,3,3,0,0,2,0,0.43,0.00,0.43,0.43,0.43,Matches,FA Cup,2024-2025
aa750095,Charlie Caton,eng ENG,FW,21,12,4,382,4.2,0,1,1,0,0,0,0,0,0.00,0.24,0.24,0.00,0.24,Matches,FA Cup,2024-2025
29cb4717,Dan Martin,eng ENG,MF,22,6,4,302,3.4,0,0,0,0,0,0,0,0,0.00,0.00,0.00,0.00,0.00,Matches,FA Cup,2024-2025
44f87ad3,Charlie Brown,eng ENG,MF,24,12,1,226,2.5,0,0,0,0,0,0,0,0,0.00,0.00,0.00,0.00,0.00,Matches,FA Cup,2024-2025
c4c2b828,Aaron Pickles,eng ENG,DF,19,1,0,23,0.3,0,0,0,0,0,0,0,0,0.00,0.00,0.00,0.00,0.00,Matches,FA Cup,2024-2025
96a06ef1,Anjola Popoola,eng ENG,FW,17,2,0,18,0.2,0,0,0,0,0,0,0,0,0.00,0.00,0.00,0.00,0.00,Matches,FA Cup,2024-2025
9fc39c31,Lewis Trickett,nir NIR,MF,19,1,0,10,0.1,0,0,0,0,0,0,0,0,0.00,0.00,0.00,0.00,0.00,Matches,FA Cup,2024-2025
2eb3c5d7,Charlie Hall,,MF,,1,0,2,0.0,0,0,0,0,0,0,0,0,0.00,0.00,0.00,0.00,0.00,Matches,FA Cup,2024-2025
e2ea50aa,Liam Isherwood,eng ENG,GK,22,0,0,,,,,,,,,,,,,,,,Matches,FA Cup,2024-2025
b58bdc51,Oliver Patrick,eng ENG,DF,21,0,0,,,,,,,,,,,,,,,,Matches,FA Cup,2024-2025
26711277,James Rogerson,,GK,,0,0,,,,,,,,,,,,,,,,Matches,FA Cup,2024-2025
7258f1a9,Josh Smith,eng ENG,DF,18,0,0,,,,,,,,,,,,,,,,Matches,FA Cup,2024-2025
cf134113,Bart Verbruggen,nl NED,GK,21,36,36,"3,240",36.0,0,1,1,0,0,0,5,0,0.00,0.03,0.03,0.00,0.03,Matches,FA Cup,2024-2025
4fd08daa,Jan Paul van Hecke,nl NED,DF,24,34,33,"2,958",32.9,1,1,2,1,0,0,8,1,0.03,0.03,0.06,0.03,0.06,Matches,FA Cup,2024-2025
a1390d2f,Carlos Baleba,cm CMR,MF,20,34,31,"2,661",29.6,3,1,4,3,0,0,8,1,0.10,0.03,0.14,0.10,0.14,Matches,FA Cup,2024-2025
74618572,Kaoru Mitoma,jp JPN,MF,27,36,28,"2,603",28.9,10,4,14,10,0,0,1,0,0.35,0.14,0.48,0.35,0.48,Matches,FA Cup,2024-2025
d38fdf53,Pervis Estupiñán,ec ECU,DF,26,30,26,"2,402",26.7,1,1,2,1,0,0,5,0,0.04,0.04,0.07,0.04,0.07,Matches,FA Cup,2024-2025
ce5143da,Danny Welbeck,eng ENG,FW,33,30,24,"2,115",23.5,10,4,14,9,1,1,5,0,0.43,0.17,0.60,0.38,0.55,Matches,FA Cup,2024-2025
282f75f3,Lewis Dunk,eng ENG,DF,32,25,23,"2,083",23.1,0,0,0,0,0,0,5,0,0.00,0.00,0.00,0.00,0.00,Matches,FA Cup,2024-2025
e8832875,João Pedro,br BRA,"FW,MF",22,27,23,"1,948",21.6,10,6,16,5,5,5,4,1,0.46,0.28,0.74,0.23,0.51,Matches,FA Cup,2024-2025
f173303a,Yasin Ayari,se SWE,MF,20,34,22,"1,965",21.8,2,1,3,2,0,0,3,0,0.09,0.05,0.14,0.09,0.14,Matches,FA Cup,2024-2025
e98211e7,Jack Hinshelwood,eng ENG,"MF,DF",19,26,22,"1,842",20.5,5,2,7,5,0,0,5,0,0.24,0.10,0.34,0.24,0.34,Matches,FA Cup,2024-2025
c3cf087d,Yankuba Minteh,gm GAM,MF,20,32,20,"1,838",20.4,6,4,10,6,0,0,6,0,0.29,0.20,0.49,0.29,0.49,Matches,FA Cup,2024-2025
dad4b285,Joël Veltman,nl NED,DF,32,21,19,"1,697",18.9,0,0,0,0,0,0,5,0,0.00,0.00,0.00,0.00,0.00,Matches,FA Cup,2024-2025
c64c01fc,Georginio Rutter,fr FRA,"MF,FW",22,28,19,"1,656",18.4,5,3,8,5,0,0,2,0,0.27,0.16,0.43,0.27,0.43,Matches,FA Cup,2024-2025
4dcec659,Simon Adingra,ci CIV,MF,22,29,12,"1,097",12.2,2,2,4,2,0,0,0,0,0.16,0.16,0.33,0.16,0.33,Matches,FA Cup,2024-2025
fb495bb8,Matt O'Riley,dk DEN,MF,23,21,11,938,10.4,2,2,4,1,1,1,1,0,0.19,0.19,0.38,0.10,0.29,Matches,FA Cup,2024-2025
c40b6180,Adam Webster,eng ENG,DF,29,14,11,887,9.9,0,0,0,0,0,0,1,0,0.00,0.00,0.00,0.00,0.00,Matches,FA Cup,2024-2025
4876c9ab,Mats Wieffer,nl NED,"DF,MF",24,25,10,"1,015",11.3,1,3,4,1,0,0,6,0,0.09,0.27,0.35,0.09,0.35,Matches,FA Cup,2024-2025
a4e85758,Igor,br BRA,DF,26,13,10,961,10.7,0,0,0,0,0,0,4,0,0.00,0.00,0.00,0.00,0.00,Matches,FA Cup,2024-2025
f4e433d4,Tariq Lamptey,gh GHA,"DF,MF",23,15,10,860,9.6,2,2,4,2,0,0,0,0,0.21,0.21,0.42,0.21,0.42,Matches,FA Cup,2024-2025
ae9b998d,Brajan Gruda,de GER,"MF,FW",20,21,8,687,7.6,1,4,5,1,0,0,0,0,0.13,0.52,0.66,0.13,0.66,Matches,FA Cup,2024-2025
66c52a77,Ferdi Kadioglu,tr TUR,"DF,MF",24,6,5,385,4.3,1,0,1,1,0,0,1,0,0.23,0.00,0.23,0.23,0.23,Matches,FA Cup,2024-2025
916728da,Diego Gómez,py PAR,MF,21,16,4,516,5.7,1,0,1,1,0,0,0,0,0.17,0.00,0.17,0.17,0.17,Matches,FA Cup,2024-2025
2f90f6b8,James Milner,eng ENG,MF,38,4,3,170,1.9,0,0,0,0,0,0,1,0,0.00,0.00,0.00,0.00,0.00,Matches,FA Cup,2024-2025
9cfbad36,Julio Enciso,py PAR,MF,20,12,2,294,3.3,0,0,0,0,0,0,0,0,0.00,0.00,0.00,0.00,0.00,Matches,FA Cup,2024-2025
4596da74,Evan Ferguson,ie IRL,FW,19,13,2,246,2.7,1,0,1,1,0,0,0,0,0.37,0.00,0.37,0.37,0.37,Matches,FA Cup,2024-2025
28300a16,Jason Steele,eng ENG,GK,33,2,2,180,2.0,0,0,0,0,0,0,0,0,0.00,0.00,0.00,0.00,0.00,Matches,FA Cup,2024-2025
bb5fbd2b,Solly March,eng ENG,MF,30,8,1,168,1.9,0,0,0,0,0,0,2,0,0.00,0.00,0.00,0.00,0.00,Matches,FA Cup,2024-2025
df10e27c,Billy Gilmour,sct SCO,MF,23,2,1,98,1.1,0,0,0,0,0,0,0,0,0.00,0.00,0.00,0.00,0.00,Matches,FA Cup,2024-2025
f557c3b8,Eiran Cashin,ie IRL,DF,22,2,0,20,0.2,0,0,0,0,0,0,0,0,0.00,0.00,0.00,0.00,0.00,Matches,FA Cup,2024-2025
f230bc30,Jakub Moder,pl POL,MF,25,4,0,11,0.1,0,0,0,0,0,0,0,0,0.00,0.00,0.00,0.00,0.00,Matches,FA Cup,2024-2025
ac0d576d,Jeremy Sarmiento,ec ECU,MF,22,1,0,9,0.1,0,0,0,0,0,0,0,0,0.00,0.00,0.00,0.00,0.00,Matches,FA Cup,2024-2025
d8a7e52c,Harry Howell,eng ENG,FW,16,1,0,7,0.1,0,0,0,0,0,0,0,0,0.00,0.00,0.00,0.00,0.00,Matches,FA Cup,2024-2025
b9f282ec,Valentín Barco,ar ARG,"DF,MF",20,0,0,,,,,,,,,,,,,,,,Matches,FA Cup,2024-2025
4352b7be,Killian Cahill,ie IRL,GK,20,0,0,,,,,,,,,,,,,,,,Matches,FA Cup,2024-2025
16168a0f,Joe Knight,eng ENG,MF,18,0,0,,,,,,,,,,,,,,,,Matches,FA Cup,2024-2025
1a28b886,Ruairi Mcconville,nir NIR,DF,19,0,0,,,,,,,,,,,,,,,,Matches,FA Cup,2024-2025
a3afdd69,Mark O'Mahony,ie IRL,FW,19,0,0,,,,,,,,,,,,,,,,Matches,FA Cup,2024-2025
810912d5,Carl Rushworth,eng ENG,GK,23,0,0,,,,,,,,,,,,,,,,Matches,FA Cup,2024-2025
8218e831,Imari Samuels,eng ENG,DF,21,0,0,,,,,,,,,,,,,,,,Matches,FA Cup,2024-2025
c1a271b9,Freddie Simmonds,eng ENG,DF,16,0,0,,,,,,,,,,,,,,,,Matches,FA Cup,2024-2025
a4a51de9,Jacob Slater,ie IRL,DF,19,0,0,,,,,,,,,,,,,,,,Matches,FA Cup,2024-2025
c155dd7d,Charlie Tasker,eng ENG,DF,18,0,0,,,,,,,,,,,,,,,,Matches,FA Cup,2024-2025
f0f595eb,Ethon Archer,eng ENG,MF,21,46,42,"3,776",42.0,7,6,13,7,0,0,2,0,0.17,0.14,0.31,0.17,0.31,Matches,FA Cup,2024-2025
6698d985,Sam Stubbs,eng ENG,DF,25,41,41,"3,690",41.0,2,2,4,2,0,0,5,0,0.05,0.05,0.10,0.05,0.10,Matches,FA Cup,2024-2025
3f81701c,Tom Bradbury,eng ENG,DF,26,39,38,"3,408",37.9,1,3,4,1,0,0,3,1,0.03,0.08,0.11,0.03,0.11,Matches,FA Cup,2024-2025
269e8622,Joe Day,eng ENG,GK,33,35,35,"3,150",35.0,0,1,1,0,0,0,3,0,0.00,0.03,0.03,0.00,0.03,Matches,FA Cup,2024-2025
34271322,Luke Young,eng ENG,MF,31,34,33,"2,905",32.3,4,2,6,4,0,0,2,0,0.12,0.06,0.19,0.12,0.19,Matches,FA Cup,2024-2025
514459bd,Liam Kinsella,ie IRL,MF,28,37,33,"2,889",32.1,0,1,1,0,0,0,3,0,0.00,0.03,0.03,0.00,0.03,Matches,FA Cup,2024-2025
0b255510,Jordan Thomas,eng ENG,MF,23,40,32,"2,919",32.4,8,2,10,7,1,1,5,0,0.25,0.06,0.31,0.22,0.28,Matches,FA Cup,2024-2025
ba532682,Arkell Jude-Boyd,lc LCA,"DF,MF",21,34,29,"2,621",29.1,3,3,6,3,0,0,8,0,0.10,0.10,0.21,0.10,0.21,Matches,FA Cup,2024-2025
2d14140b,George Miller,eng ENG,FW,25,40,26,"2,056",22.8,9,1,10,9,0,1,1,0,0.39,0.04,0.44,0.39,0.44,Matches,FA Cup,2024-2025
911c7cec,Scot Bennett,eng ENG,"DF,MF",33,26,25,"1,906",21.2,0,0,0,0,0,0,6,0,0.00,0.00,0.00,0.00,0.00,Matches,FA Cup,2024-2025
56aef149,Joel Colwill,wls WAL,MF,19,22,20,"1,649",18.3,6,3,9,6,0,0,2,0,0.33,0.16,0.49,0.33,0.49,Matches,FA Cup,2024-2025
01033876,Ibrahim Bakare,eng ENG,DF,22,30,18,"1,660",18.4,0,1,1,0,0,0,5,0,0.00,0.05,0.05,0.00,0.05,Matches,FA Cup,2024-2025
32e9d210,Lewis Payne,eng ENG,"DF,MF",20,16,12,"1,007",11.2,0,2,2,0,0,0,6,0,0.00,0.18,0.18,0.00,0.18,Matches,FA Cup,2024-2025
1b5344ef,Val Adedokun,ie IRL,DF,21,15,11,"1,032",11.5,0,2,2,0,0,0,1,0,0.00,0.17,0.17,0.00,0.17,Matches,FA Cup,2024-2025
04bbc466,Owen Evans,wls WAL,GK,27,11,11,990,11.0,0,0,0,0,0,0,0,0,0.00,0.00,0.00,0.00,0.00,Matches,FA Cup,2024-2025
96169411,Ryan Haynes,eng ENG,"DF,MF",28,13,11,776,8.6,0,1,1,0,0,1,3,0,0.00,0.12,0.12,0.00,0.12,Matches,FA Cup,2024-2025
208122ee,Matty Taylor,eng ENG,FW,34,37,10,"1,300",14.4,5,2,7,5,0,0,4,0,0.35,0.14,0.48,0.35,0.48,Matches,FA Cup,2024-2025
545c0494,Ashley Hay,eng ENG,"FW,MF",21,21,10,996,11.1,3,1,4,3,0,0,0,0,0.27,0.09,0.36,0.27,0.36,Matches,FA Cup,2024-2025
fbb6b453,Tommy Backwell,eng ENG,"MF,FW",21,13,10,726,8.1,1,0,1,1,0,0,2,0,0.12,0.00,0.12,0.12,0.12,Matches,FA Cup,2024-2025
fabed0b8,Timothée Dieng,fr FRA,MF,32,15,9,838,9.3,1,0,1,1,0,0,5,1,0.11,0.00,0.11,0.11,0.11,Matches,FA Cup,2024-2025
36c18784,Liam Dulson,,"MF,FW",,29,8,885,9.8,2,2,4,2,0,0,1,0,0.20,0.20,0.41,0.20,0.41,Matches,FA Cup,2024-2025
89880099,Ryan Bowman,eng ENG,FW,32,18,8,842,9.4,3,1,4,3,0,0,2,0,0.32,0.11,0.43,0.32,0.43,Matches,FA Cup,2024-2025
d8b9fc76,Ethan Williams,eng ENG,MF,18,17,8,782,8.7,2,2,4,2,0,0,1,0,0.23,0.23,0.46,0.23,0.46,Matches,FA Cup,2024-2025
11661c16,Harrison Sohna,eng ENG,"MF,FW",22,8,6,493,5.5,0,2,2,0,0,0,1,0,0.00,0.37,0.37,0.00,0.37,Matches,FA Cup,2024-2025
c3ac50ff,Tom Pett,eng ENG,MF,32,20,5,607,6.7,0,0,0,0,0,0,1,0,0.00,0.00,0.00,0.00,0.00,Matches,FA Cup,2024-2025
3b48c6e3,Darragh Power,ie IRL,"DF,MF",23,12,5,514,5.7,0,0,0,0,0,0,0,0,0.00,0.00,0.00,0.00,0.00,Matches,FA Cup,2024-2025
2f1ec312,Lewis Shipley,eng ENG,"DF,MF",20,8,5,508,5.6,0,0,0,0,0,0,2,0,0.00,0.00,0.00,0.00,0.00,Matches,FA Cup,2024-2025
90295964,Levi Laing,eng ENG,DF,21,6,3,287,3.2,0,0,0,0,0,0,0,0,0.00,0.00,0.00,0.00,0.00,Matches,FA Cup,2024-2025
3ea3aa2e,Manni Norkett,eng ENG,"MF,FW",19,5,2,143,1.6,1,0,1,1,0,0,0,0,0.63,0.00,0.63,0.63,0.63,Matches,FA Cup,2024-2025
dae57322,Tom King,,MF,,4,0,49,0.5,0,0,0,0,0,0,0,0,0.00,0.00,0.00,0.00,0.00,Matches,FA Cup,2024-2025
9630056b,Freddie Willcox,,MF,,2,0,45,0.5,0,0,0,0,0,0,1,0,0.00,0.00,0.00,0.00,0.00,Matches,FA Cup,2024-2025
03f146b1,Harry Tustin,,MF,,1,0,31,0.3,0,0,0,0,0,0,0,0,0.00,0.00,0.00,0.00,0.00,Matches,FA Cup,2024-2025
eee0721d,Mamadou Diallo,,FW,,0,0,,,,,,,,,,,,,,,,Matches,FA Cup,2024-2025
3dd3585b,Brandon Liggett,,MF,,0,0,,,,,,,,,,,,,,,,Matches,FA Cup,2024-2025
cd61193a,Ben Hart,eng ENG,DF,23,2,2,240,2.7,0,1,1,0,0,0,0,0,0.00,0.37,0.37,0.00,0.37,Matches,FA Cup,2024-2025
4eb654d4,Connor Johnson,eng ENG,DF,26,2,2,240,2.7,0,0,0,0,0,0,1,0,0.00,0.00,0.00,0.00,0.00,Matches,FA Cup,2024-2025
de62049d,Aaron Powell,eng ENG,DF,21,2,2,240,2.7,0,0,0,0,0,0,1,0,0.00,0.00,0.00,0.00,0.00,Matches,FA Cup,2024-2025
3b92b3a6,Lewis White,eng ENG,DF,23,2,2,240,2.7,0,0,0,0,0,0,0,0,0.00,0.00,0.00,0.00,0.00,Matches,FA Cup,2024-2025
161e95ac,Nile Ranger,eng ENG,FW,33,2,2,178,2.0,1,0,1,1,0,0,0,0,0.51,0.00,0.51,0.51,0.51,Matches,FA Cup,2024-2025
f075a56c,Tyree Wilson,eng ENG,MF,22,2,2,170,1.9,0,0,0,0,0,0,0,0,0.00,0.00,0.00,0.00,0.00,Matches,FA Cup,2024-2025
c972cdd3,Isiah Noel-Williams,eng ENG,MF,21,2,2,167,1.9,1,0,1,1,0,0,0,0,0.54,0.00,0.54,0.54,0.54,Matches,FA Cup,2024-2025
1f7362d9,Andi Thanoj,al ALB,MF,31,2,2,136,1.5,0,0,0,0,0,0,0,0,0.00,0.00,0.00,0.00,0.00,Matches,FA Cup,2024-2025
60993d7b,Gary Stohrer,eng ENG,MF,31,2,1,162,1.8,0,0,0,0,0,0,0,0,0.00,0.00,0.00,0.00,0.00,Matches,FA Cup,2024-2025
26b446e7,Wesley York,eng ENG,MF,31,2,1,138,1.5,0,0,0,0,0,0,0,0,0.00,0.00,0.00,0.00,0.00,Matches,FA Cup,2024-2025
4e9f0d0e,Jason Alexander,eng ENG,GK,35,1,1,120,1.3,0,0,0,0,0,0,0,0,0.00,0.00,0.00,0.00,0.00,Matches,FA Cup,2024-2025
406c8089,Dan Jezeph,eng ENG,GK,26,1,1,120,1.3,0,0,0,0,0,0,0,0,0.00,0.00,0.00,0.00,0.00,Matches,FA Cup,2024-2025
4093dcd6,Devon Kelly-Evans,eng ENG,MF,27,1,1,120,1.3,0,0,0,0,0,0,0,0,0.00,0.00,0.00,0.00,0.00,Matches,FA Cup,2024-2025
6e87c80f,Bruno Andrade,pt POR,MF,30,2,1,74,0.8,0,0,0,0,0,0,0,0,0.00,0.00,0.00,0.00,0.00,Matches,FA Cup,2024-2025
6ca85ebf,Luca Miller,,MF,,2,0,121,1.3,1,1,2,1,0,0,0,0,0.74,0.74,1.49,0.74,1.49,Matches,FA Cup,2024-2025
b73ce4ba,Gary Hooper,eng ENG,FW,36,2,0,98,1.1,0,0,0,0,0,0,0,0,0.00,0.00,0.00,0.00,0.00,Matches,FA Cup,2024-2025
9f596d20,Marvin Sordell,eng ENG,FW,33,2,0,62,0.7,0,0,0,0,0,0,1,0,0.00,0.00,0.00,0.00,0.00,Matches,FA Cup,2024-2025
121cec83,Kai Fifield,,MF,,1,0,14,0.2,0,0,0,0,0,0,0,0,0.00,0.00,0.00,0.00,0.00,Matches,FA Cup,2024-2025
3b1c2ff2,Sidik Atcha,it ITA,DF,23,0,0,,,,,,,,,,,,,,,,Matches,FA Cup,2024-2025
9d56d667,Daniel Jarvis,eng ENG,"FW,MF",26,0,0,,,,,,,,,,,,,,,,Matches,FA Cup,2024-2025
bde97cbe,Harlain Mbayo,,DF,26,0,0,,,,,,,,,,,,,,,,Matches,FA Cup,2024-2025
03d7cf5d,Alfie Bates,eng ENG,MF,23,2,2,210,2.3,0,0,0,0,0,0,0,0,0.00,0.00,0.00,0.00,0.00,Matches,FA Cup,2024-2025
5c6da0d8,Shane Byrne,ie IRL,MF,31,2,2,210,2.3,0,0,0,0,0,0,0,0,0.00,0.00,0.00,0.00,0.00,Matches,FA Cup,2024-2025
00f4ce8f,George Carline,eng ENG,DF,31,2,2,210,2.3,0,0,0,0,0,0,0,0,0.00,0.00,0.00,0.00,0.00,Matches,FA Cup,2024-2025
817ec408,Matt Lowe,eng ENG,MF,28,2,2,210,2.3,0,0,0,0,0,0,1,0,0.00,0.00,0.00,0.00,0.00,Matches,FA Cup,2024-2025
3ae1a17d,Tyler Lyttle,eng ENG,DF,27,2,2,210,2.3,0,0,0,0,0,0,0,0,0.00,0.00,0.00,0.00,0.00,Matches,FA Cup,2024-2025
9fe4988d,Jonny Maxted,eng ENG,GK,30,2,2,210,2.3,0,0,0,0,0,0,0,0,0.00,0.00,0.00,0.00,0.00,Matches,FA Cup,2024-2025
13c35dfd,Connor Hall,eng ENG,FW,26,2,2,149,1.7,0,0,0,0,0,0,0,0,0.00,0.00,0.00,0.00,0.00,Matches,FA Cup,2024-2025
4f846901,Gareth Dean,eng ENG,DF,34,2,2,104,1.2,0,0,0,0,0,0,0,0,0.00,0.00,0.00,0.00,0.00,Matches,FA Cup,2024-2025
1c4aaadb,Kade Craig,eng ENG,MF,21,2,1,196,2.2,0,0,0,0,0,0,1,0,0.00,0.00,0.00,0.00,0.00,Matches,FA Cup,2024-2025
456ad270,Zak Lilley,eng ENG,DF,26,1,1,120,1.3,0,0,0,0,0,0,1,0,0.00,0.00,0.00,0.00,0.00,Matches,FA Cup,2024-2025
c8547dd5,Danny Newton,eng ENG,FW,33,1,1,120,1.3,0,0,0,0,0,0,0,0,0.00,0.00,0.00,0.00,0.00,Matches,FA Cup,2024-2025
06692767,Morgan Roberts,eng ENG,MF,23,1,1,118,1.3,0,0,0,0,0,0,1,0,0.00,0.00,0.00,0.00,0.00,Matches,FA Cup,2024-2025
e48a00b5,Tommy O'Sullivan,wls WAL,MF,29,2,1,88,1.0,0,0,0,0,0,0,0,0,0.00,0.00,0.00,0.00,0.00,Matches,FA Cup,2024-2025
18d9df5e,Justin Donawa,bm BER,FW,28,1,1,76,0.8,0,0,0,0,0,0,0,0,0.00,0.00,0.00,0.00,0.00,Matches,FA Cup,2024-2025
a593fd50,Jez Abbey,nl NED,MF,21,2,0,53,0.6,0,0,0,0,0,0,0,0,0.00,0.00,0.00,0.00,0.00,Matches,FA Cup,2024-2025
518a3f5a,Riccardo Calder,eng ENG,MF,28,1,0,14,0.2,0,0,0,0,0,0,0,0,0.00,0.00,0.00,0.00,0.00,Matches,FA Cup,2024-2025
56f5d657,Scott Pollock,eng ENG,MF,23,1,0,12,0.1,0,0,0,0,0,0,0,0,0.00,0.00,0.00,0.00,0.00,Matches,FA Cup,2024-2025
ee312765,Liam Cross,eng ENG,DF,21,0,0,,,,,,,,,,,,,,,,Matches,FA Cup,2024-2025
b0f85008,Alastair Worby,eng ENG,GK,31,0,0,,,,,,,,,,,,,,,,Matches,FA Cup,2024-2025
c096c77f,Connor Ogilvie,eng ENG,DF,28,45,45,"4,028",44.8,4,1,5,4,0,0,5,0,0.09,0.02,0.11,0.09,0.11,Matches,FA Cup,2024-2025
b30c7426,Josh Murphy,eng ENG,MF,29,42,40,"3,426",38.1,7,14,21,7,0,0,6,0,0.18,0.37,0.55,0.18,0.55,Matches,FA Cup,2024-2025
ecfb5832,Nicolas Schmid,at AUT,GK,27,35,35,"3,090",34.3,0,2,2,0,0,0,1,0,0.00,0.06,0.06,0.00,0.06,Matches,FA Cup,2024-2025
86bf27f0,Freddie Potts,eng ENG,MF,20,37,35,"3,057",34.0,1,4,5,1,0,0,7,0,0.03,0.12,0.15,0.03,0.15,Matches,FA Cup,2024-2025
8f660142,Andre Dozzell,eng ENG,MF,25,39,32,"2,817",31.3,2,1,3,2,0,0,11,0,0.06,0.03,0.10,0.06,0.10,Matches,FA Cup,2024-2025
4a7dee3b,Colby Bishop,eng ENG,FW,27,32,31,"2,629",29.2,11,3,14,8,3,4,3,0,0.38,0.10,0.48,0.27,0.38,Matches,FA Cup,2024-2025
8633b350,Marlon Pack,eng ENG,"DF,MF",33,41,30,"2,712",30.1,0,2,2,0,0,0,8,1,0.00,0.07,0.07,0.00,0.07,Matches,FA Cup,2024-2025
8df5f70b,Callum Lang,eng ENG,MF,25,32,28,"2,438",27.1,10,2,12,8,2,2,9,0,0.37,0.07,0.44,0.30,0.37,Matches,FA Cup,2024-2025
71ef519e,Matt Ritchie,sct SCO,MF,34,39,28,"2,190",24.3,5,1,6,5,0,0,7,0,0.21,0.04,0.25,0.21,0.25,Matches,FA Cup,2024-2025
5402f0de,Regan Poole,wls WAL,DF,26,27,23,"2,144",23.8,1,0,1,1,0,0,5,0,0.04,0.00,0.04,0.04,0.04,Matches,FA Cup,2024-2025
5b7381b5,Zak Swanson,eng ENG,DF,23,30,23,"1,972",21.9,1,1,2,1,0,0,5,0,0.05,0.05,0.09,0.05,0.09,Matches,FA Cup,2024-2025
686e3e0b,Jordan Williams,eng ENG,DF,24,20,15,"1,265",14.1,0,0,0,0,0,0,6,0,0.00,0.00,0.00,0.00,0.00,Matches,FA Cup,2024-2025
222ba28e,Terry Devlin,nir NIR,"DF,MF",20,34,13,"1,562",17.4,0,1,1,0,0,0,2,0,0.00,0.06,0.06,0.00,0.06,Matches,FA Cup,2024-2025
181df6a4,Robert Atkinson,eng ENG,DF,26,14,13,"1,098",12.2,2,1,3,2,0,0,4,0,0.16,0.08,0.25,0.16,0.25,Matches,FA Cup,2024-2025
426f0566,Paddy Lane,nir NIR,MF,23,22,13,"1,074",11.9,1,1,2,1,0,0,2,0,0.08,0.08,0.17,0.08,0.17,Matches,FA Cup,2024-2025
c951a6df,Isaac Hayden,jm JAM,MF,29,17,12,936,10.4,0,0,0,0,0,0,2,0,0.00,0.00,0.00,0.00,0.00,Matches,FA Cup,2024-2025
6e90b2f7,Tom McIntyre,sct SCO,DF,25,12,11,"1,019",11.3,0,0,0,0,0,0,3,0,0.00,0.00,0.00,0.00,0.00,Matches,FA Cup,2024-2025
af102dc3,Christian Saydee,lr LBR,"MF,FW",22,29,10,"1,152",12.8,3,0,3,3,0,0,5,0,0.23,0.00,0.23,0.23,0.23,Matches,FA Cup,2024-2025
108f0a72,Ryley Towler,eng ENG,DF,23,12,10,936,10.4,1,0,1,1,0,0,3,0,0.10,0.00,0.10,0.10,0.10,Matches,FA Cup,2024-2025
b94b8be1,Adil Aouchiche,dz ALG,MF,22,12,9,683,7.6,1,1,2,1,0,0,2,0,0.13,0.13,0.26,0.13,0.26,Matches,FA Cup,2024-2025
c73ada83,Will Norris,eng ENG,GK,30,8,8,720,8.0,0,0,0,0,0,0,2,0,0.00,0.00,0.00,0.00,0.00,Matches,FA Cup,2024-2025
94a6217d,Conor Shaughnessy,ie IRL,DF,28,9,7,512,5.7,1,0,1,1,0,0,2,0,0.18,0.00,0.18,0.18,0.18,Matches,FA Cup,2024-2025
a3afdd69,Mark O'Mahony,ie IRL,FW,19,13,5,595,6.6,3,0,3,3,0,0,1,0,0.45,0.00,0.45,0.45,0.45,Matches,FA Cup,2024-2025
e76ad32b,Sam Silvera,au AUS,MF,23,11,5,446,5.0,0,0,0,0,0,0,0,0,0.00,0.00,0.00,0.00,0.00,Matches,FA Cup,2024-2025
5ab8bde8,Kusini Yengi,au AUS,FW,25,14,4,538,6.0,0,0,0,0,0,0,2,0,0.00,0.00,0.00,0.00,0.00,Matches,FA Cup,2024-2025
6cb7f041,Cohen Bramall,eng ENG,DF,28,12,4,460,5.1,0,0,0,0,0,0,2,0,0.00,0.00,0.00,0.00,0.00,Matches,FA Cup,2024-2025
bcda3f33,Elias Sørensen,dk DEN,"MF,FW",24,12,4,322,3.6,1,0,1,1,0,1,0,0,0.28,0.00,0.28,0.28,0.28,Matches,FA Cup,2024-2025
5b6682d4,Hayden Matthews,au AUS,DF,20,6,3,318,3.5,0,0,0,0,0,0,0,0,0.00,0.00,0.00,0.00,0.00,Matches,FA Cup,2024-2025
f6c16dd2,Harvey Blair,eng ENG,MF,20,12,3,294,3.3,1,0,1,1,0,0,3,0,0.31,0.00,0.31,0.31,0.31,Matches,FA Cup,2024-2025
4bd8ec48,Owen Moxon,eng ENG,MF,26,12,2,275,3.1,0,0,0,0,0,0,3,0,0.00,0.00,0.00,0.00,0.00,Matches,FA Cup,2024-2025
7c23e227,Ben Killip,eng ENG,GK,28,2,2,180,2.0,0,0,0,0,0,0,0,0,0.00,0.00,0.00,0.00,0.00,Matches,FA Cup,2024-2025
480c4a00,Jordan Archer,sct SCO,GK,31,2,1,150,1.7,0,0,0,0,0,0,0,0,0.00,0.00,0.00,0.00,0.00,Matches,FA Cup,2024-2025
8d968b1d,Thomas Waddingham,au AUS,FW,19,5,1,103,1.1,1,0,1,1,0,0,1,0,0.87,0.00,0.87,0.87,0.87,Matches,FA Cup,2024-2025
72e7ceff,Jacob Farrell,au AUS,DF,21,1,1,90,1.0,0,0,0,0,0,0,0,0,0.00,0.00,0.00,0.00,0.00,Matches,FA Cup,2024-2025
19a9cb70,Kaide Gordon,eng ENG,FW,19,5,0,154,1.7,0,0,0,0,0,0,0,0,0.00,0.00,0.00,0.00,0.00,Matches,FA Cup,2024-2025
5038a16d,Abdoulaye Kamara,gn GUI,MF,19,5,0,124,1.4,0,0,0,0,0,0,1,0,0.00,0.00,0.00,0.00,0.00,Matches,FA Cup,2024-2025
b26b1474,Ben Stevenson,eng ENG,MF,27,1,0,7,0.1,0,0,0,0,0,0,0,0,0.00,0.00,0.00,0.00,0.00,Matches,FA Cup,2024-2025
099ac34e,Michael Ani,,DF,,0,0,,,,,,,,,,,,,,,,Matches,FA Cup,2024-2025
5186c2de,Ibane Bowat,sct SCO,DF,21,0,0,,,,,,,,,,,,,,,,Matches,FA Cup,2024-2025
626d5191,Harry Clout,,,,0,0,,,,,,,,,,,,,,,,Matches,FA Cup,2024-2025
5b4209b0,Tom Lowery,eng ENG,MF,26,0,0,,,,,,,,,,,,,,,,Matches,FA Cup,2024-2025
2f065e3a,Alexander Milošević,se SWE,"DF,MF",32,0,0,,,,,,,,,,,,,,,,Matches,FA Cup,2024-2025
df4e3865,Toby Steward,eng ENG,GK,19,0,0,,,,,,,,,,,,,,,,Matches,FA Cup,2024-2025
1100b177,Gavin Whyte,nir NIR,"FW,MF",28,0,0,,,,,,,,,,,,,,,,Matches,FA Cup,2024-2025
f745cf49,Jamie Cumming,eng ENG,GK,24,45,45,"4,050",45.0,0,0,0,0,0,0,1,0,0.00,0.00,0.00,0.00,0.00,Matches,FA Cup,2024-2025
57a2071c,Ciaron Brown,nir NIR,DF,26,41,41,"3,611",40.1,4,3,7,4,0,0,6,0,0.10,0.07,0.17,0.10,0.17,Matches,FA Cup,2024-2025
7760b885,Will Vaulks,wls WAL,MF,30,44,38,"3,339",37.1,1,2,3,1,0,0,4,0,0.03,0.05,0.08,0.03,0.08,Matches,FA Cup,2024-2025
fcc02804,Mark Harris,wls WAL,FW,25,46,34,"2,893",32.1,6,3,9,6,0,0,3,0,0.19,0.09,0.28,0.19,0.28,Matches,FA Cup,2024-2025
99b1d596,Tyler Goodhram,eng ENG,MF,20,41,33,"3,052",33.9,3,6,9,3,0,0,5,0,0.09,0.18,0.27,0.09,0.27,Matches,FA Cup,2024-2025
9220e731,Cameron Brannagan,eng ENG,MF,28,33,33,"2,900",32.2,3,4,7,3,0,0,10,0,0.09,0.12,0.22,0.09,0.22,Matches,FA Cup,2024-2025
b4c136b7,Ruben Rodrigues,pt POR,MF,27,39,28,"2,251",25.0,4,3,7,4,0,0,3,0,0.16,0.12,0.28,0.16,0.28,Matches,FA Cup,2024-2025
3c33f9d9,Przemysław Płacheta,pl POL,MF,26,32,27,"2,073",23.0,3,3,6,3,0,0,4,0,0.13,0.13,0.26,0.13,0.26,Matches,FA Cup,2024-2025
40920f01,Peter Kioso,cd COD,DF,25,30,26,"2,302",25.6,0,1,1,0,0,0,6,0,0.00,0.04,0.04,0.00,0.04,Matches,FA Cup,2024-2025
9684b64f,Greg Leigh,jm JAM,"DF,MF",29,34,24,"2,338",26.0,6,1,7,6,0,0,1,0,0.23,0.04,0.27,0.23,0.27,Matches,FA Cup,2024-2025
328bcff5,Elliott Moore,eng ENG,DF,27,26,24,"2,057",22.9,1,2,3,1,0,0,7,0,0.04,0.09,0.13,0.04,0.13,Matches,FA Cup,2024-2025
1d031d1f,Michał Helik,pl POL,DF,28,20,20,"1,800",20.0,5,0,5,5,0,0,4,0,0.25,0.00,0.25,0.25,0.25,Matches,FA Cup,2024-2025
287fb669,Sam Long,eng ENG,DF,29,24,18,"1,657",18.4,1,1,2,1,0,0,2,0,0.05,0.05,0.11,0.05,0.11,Matches,FA Cup,2024-2025
7be10897,Benjamin Nelson,eng ENG,DF,20,17,16,"1,372",15.2,1,0,1,1,0,0,1,0,0.07,0.00,0.07,0.07,0.07,Matches,FA Cup,2024-2025
11f54bd5,Siriki Dembélé,ci CIV,MF,27,25,15,"1,371",15.2,2,1,3,2,0,0,2,0,0.13,0.07,0.20,0.13,0.20,Matches,FA Cup,2024-2025
dce6818c,Idris El Mizouni,tn TUN,MF,23,28,12,"1,244",13.8,1,2,3,1,0,0,2,0,0.07,0.14,0.22,0.07,0.22,Matches,FA Cup,2024-2025
18f9dbd0,Hidde ter Avest,nl NED,"DF,MF",27,21,10,997,11.1,1,0,1,1,0,0,1,0,0.09,0.00,0.09,0.09,0.09,Matches,FA Cup,2024-2025
7bb5f40e,Matt Phillips,sct SCO,"MF,DF",33,28,10,955,10.6,0,2,2,0,0,0,2,0,0.00,0.19,0.19,0.00,0.19,Matches,FA Cup,2024-2025
ed383e43,Alex Matos,eng ENG,"MF,FW",19,20,10,933,10.4,0,0,0,0,0,0,5,0,0.00,0.00,0.00,0.00,0.00,Matches,FA Cup,2024-2025
dc936144,Joe Bennett,eng ENG,DF,34,12,8,744,8.3,0,0,0,0,0,0,1,0,0.00,0.00,0.00,0.00,0.00,Matches,FA Cup,2024-2025
21945a9e,Dane Scarlett,eng ENG,FW,20,20,7,792,8.8,4,0,4,4,0,0,1,0,0.45,0.00,0.45,0.45,0.45,Matches,FA Cup,2024-2025
3e17193f,Ole Romeny,id IDN,"FW,MF",24,14,7,591,6.6,1,0,1,1,0,0,2,0,0.15,0.00,0.15,0.15,0.15,Matches,FA Cup,2024-2025
48565585,Josh McEachran,eng ENG,MF,31,12,6,508,5.6,0,1,1,0,0,0,1,0,0.00,0.18,0.18,0.00,0.18,Matches,FA Cup,2024-2025
a9d071f8,Tom Bradshaw,wls WAL,FW,32,11,4,359,4.0,0,0,0,0,0,0,1,0,0.00,0.00,0.00,0.00,0.00,Matches,FA Cup,2024-2025
182b9864,Owen Dale,eng ENG,MF,25,11,4,350,3.9,0,0,0,0,0,0,0,0,0.00,0.00,0.00,0.00,0.00,Matches,FA Cup,2024-2025
c0a454d5,Stanley Mills,eng ENG,MF,20,11,3,355,3.9,1,0,1,1,0,0,2,0,0.25,0.00,0.25,0.25,0.25,Matches,FA Cup,2024-2025
1566e437,Kyle Edwards,eng ENG,MF,26,7,1,199,2.2,0,1,1,0,0,0,0,0,0.00,0.45,0.45,0.00,0.45,Matches,FA Cup,2024-2025
c03348f6,Louie Sibley,eng ENG,MF,22,11,1,170,1.9,1,0,1,1,0,0,3,0,0.53,0.00,0.53,0.53,0.53,Matches,FA Cup,2024-2025
6f9dcb31,Matt Ingram,eng ENG,GK,30,1,1,90,1.0,0,0,0,0,0,0,0,0,0.00,0.00,0.00,0.00,0.00,Matches,FA Cup,2024-2025
3292caee,Jordan Thorniley,eng ENG,DF,27,2,0,81,0.9,0,0,0,0,0,0,0,0,0.00,0.00,0.00,0.00,0.00,Matches,FA Cup,2024-2025
fa9fa773,Malcolm Ebiowei,eng ENG,MF,20,4,0,68,0.8,0,0,0,0,0,0,1,0,0.00,0.00,0.00,0.00,0.00,Matches,FA Cup,2024-2025
0e1a0c9e,Will Goodwin,eng ENG,FW,22,3,0,23,0.3,0,0,0,0,0,0,0,0,0.00,0.00,0.00,0.00,0.00,Matches,FA Cup,2024-2025
2d916ed0,Marselino Ferdinan,id IDN,MF,19,1,0,14,0.2,0,0,0,0,0,0,0,0,0.00,0.00,0.00,0.00,0.00,Matches,FA Cup,2024-2025
17d6aa07,Gatlin O'Donkor,eng ENG,FW,19,1,0,1,0.0,0,0,0,0,0,0,0,0,0.00,0.00,0.00,0.00,0.00,Matches,FA Cup,2024-2025
71b3a110,James Golding,ie IRL,DF,19,0,0,,,,,,,,,,,,,,,,Matches,FA Cup,2024-2025
eed36388,Alex Brown,eng ENG,MF,25,1,1,90,1.0,0,0,0,0,0,0,0,0,0.00,0.00,0.00,0.00,0.00,Matches,FA Cup,2024-2025
2d36d161,Mackenzie Maltby,eng ENG,DF,19,1,1,90,1.0,0,0,0,0,0,0,0,0,0.00,0.00,0.00,0.00,0.00,Matches,FA Cup,2024-2025
0c14b744,Dom Tear,eng ENG,FW,24,1,1,90,1.0,0,0,0,0,0,0,1,0,0.00,0.00,0.00,0.00,0.00,Matches,FA Cup,2024-2025
54e706fe,Kieran Weledji,sct SCO,MF,29,1,1,90,1.0,0,0,0,0,0,0,0,0,0.00,0.00,0.00,0.00,0.00,Matches,FA Cup,2024-2025
f18a9d4a,William Wells,eng ENG,DF,26,1,1,90,1.0,0,0,0,0,0,0,0,0,0.00,0.00,0.00,0.00,0.00,Matches,FA Cup,2024-2025
f51b526a,Ryan Whitley,eng ENG,GK,24,1,1,90,1.0,0,0,0,0,0,0,0,0,0.00,0.00,0.00,0.00,0.00,Matches,FA Cup,2024-2025
62c9901f,Alex Purver,eng ENG,MF,28,1,1,84,0.9,0,0,0,0,0,0,0,0,0.00,0.00,0.00,0.00,0.00,Matches,FA Cup,2024-2025
811b2368,Richie Bennett,eng ENG,FW,33,1,1,77,0.9,0,0,0,0,0,0,0,0,0.00,0.00,0.00,0.00,0.00,Matches,FA Cup,2024-2025
dc7082d5,Bailey Gooda,eng ENG,DF,27,1,1,77,0.9,0,0,0,0,0,0,1,0,0.00,0.00,0.00,0.00,0.00,Matches,FA Cup,2024-2025
63422ec9,Alex Wiles,eng ENG,MF,27,1,1,77,0.9,0,0,0,0,0,0,0,0,0.00,0.00,0.00,0.00,0.00,Matches,FA Cup,2024-2025
749fdcf7,Luca Colville,eng ENG,MF,25,1,1,70,0.8,0,0,0,0,0,0,0,0,0.00,0.00,0.00,0.00,0.00,Matches,FA Cup,2024-2025
97abd442,Harry Green,eng ENG,MF,22,1,0,20,0.2,0,0,0,0,0,0,0,0,0.00,0.00,0.00,0.00,0.00,Matches,FA Cup,2024-2025
aaa38183,Euan Frank Mulhern,ie IRL,FW,27,1,0,13,0.1,0,0,0,0,0,0,1,0,0.00,0.00,0.00,0.00,0.00,Matches,FA Cup,2024-2025
19999f26,Kieran Glynn,eng ENG,MF,26,1,0,13,0.1,0,0,0,0,0,0,0,0,0.00,0.00,0.00,0.00,0.00,Matches,FA Cup,2024-2025
25ceb464,Lewis Maloney,nir NIR,MF,29,1,0,13,0.1,0,0,0,0,0,0,0,0,0.00,0.00,0.00,0.00,0.00,Matches,FA Cup,2024-2025
f4dafc7b,Cameron Wilson,eng ENG,MF,21,1,0,6,0.1,0,0,0,0,0,0,0,0,0.00,0.00,0.00,0.00,0.00,Matches,FA Cup,2024-2025
5a5f059c,Matthew Bancroft,eng ENG,GK,26,0,0,,,,,,,,,,,,,,,,Matches,FA Cup,2024-2025
a36b02fd,Adam Barton,nir NIR,MF,33,1,1,90,1.0,0,0,0,0,0,0,0,0,0.00,0.00,0.00,0.00,0.00,Matches,FA Cup,2024-2025
a71f5e39,Will Hayhurst,ie IRL,DF,30,1,1,90,1.0,0,0,0,0,0,0,0,0,0.00,0.00,0.00,0.00,0.00,Matches,FA Cup,2024-2025
062a0e80,Bobby Jones,eng ENG,GK,22,1,1,90,1.0,0,0,0,0,0,0,0,0,0.00,0.00,0.00,0.00,0.00,Matches,FA Cup,2024-2025
2b78767a,Devon Matthews,eng ENG,DF,24,1,1,90,1.0,0,0,0,0,0,0,0,0,0.00,0.00,0.00,0.00,0.00,Matches,FA Cup,2024-2025
70991c20,Jordan Richards,eng ENG,DF,31,1,1,90,1.0,0,0,0,0,0,0,0,0,0.00,0.00,0.00,0.00,0.00,Matches,FA Cup,2024-2025
fb4ff628,Isaac Sinclair,eng ENG,MF,23,1,1,89,1.0,0,0,0,0,0,0,0,0,0.00,0.00,0.00,0.00,0.00,Matches,FA Cup,2024-2025
dcd41652,Jimmy Spencer,eng ENG,FW,32,1,1,77,0.9,0,0,0,0,0,0,1,0,0.00,0.00,0.00,0.00,0.00,Matches,FA Cup,2024-2025
d02e569a,Michael Afuye,ie IRL,MF,23,1,1,62,0.7,0,0,0,0,0,0,0,0,0.00,0.00,0.00,0.00,0.00,Matches,FA Cup,2024-2025
15f34590,Isaac Buckley-Ricketts,eng ENG,MF,26,1,1,62,0.7,0,0,0,0,0,0,0,0,0.00,0.00,0.00,0.00,0.00,Matches,FA Cup,2024-2025
6337db54,Stefan Mols,es ESP,MF,25,1,1,62,0.7,0,0,0,0,0,0,0,0,0.00,0.00,0.00,0.00,0.00,Matches,FA Cup,2024-2025
241c64e8,Marcus Poscha,eng ENG,DF,28,1,1,15,0.2,0,0,0,0,0,0,0,1,0.00,0.00,0.00,0.00,0.00,Matches,FA Cup,2024-2025
4116e366,Luis Lacey,eng ENG,DF,19,1,0,28,0.3,0,0,0,0,0,0,0,0,0.00,0.00,0.00,0.00,0.00,Matches,FA Cup,2024-2025
35079abb,Craig Mahon,ie IRL,"FW,MF",35,1,0,28,0.3,0,0,0,0,0,0,1,0,0.00,0.00,0.00,0.00,0.00,Matches,FA Cup,2024-2025
f701fd43,David Worrall,eng ENG,"FW,MF",34,1,0,28,0.3,0,0,0,0,0,0,0,0,0.00,0.00,0.00,0.00,0.00,Matches,FA Cup,2024-2025
ffe29f70,Timi Sobowale,ie IRL,DF,22,1,0,13,0.1,0,0,0,0,0,0,0,0,0.00,0.00,0.00,0.00,0.00,Matches,FA Cup,2024-2025
5653b62b,Cameron Tetlow,eng ENG,MF,17,1,0,1,0.0,0,0,0,0,0,0,0,0,0.00,0.00,0.00,0.00,0.00,Matches,FA Cup,2024-2025
09633f88,Charlie Bingley,,DF,,0,0,,,,,,,,,,,,,,,,Matches,FA Cup,2024-2025
b1e9088b,Ben Darby,eng ENG,MF,20,0,0,,,,,,,,,,,,,,,,Matches,FA Cup,2024-2025
35c3e497,Oliver Kvaternik,eng ENG,MF,17,0,0,,,,,,,,,,,,,,,,Matches,FA Cup,2024-2025
bde31750,Josh Ollerenshaw,eng ENG,GK,33,0,0,,,,,,,,,,,,,,,,Matches,FA Cup,2024-2025
98ea5115,David Raya,es ESP,GK,28,38,38,"3,420",38.0,0,0,0,0,0,0,3,0,0.00,0.00,0.00,0.00,0.00,Matches,FA Cup,2024-2025
972aeb2a,William Saliba,fr FRA,DF,23,35,35,"3,039",33.8,2,0,2,2,0,0,2,1,0.06,0.00,0.06,0.06,0.06,Matches,FA Cup,2024-2025
1c7012b8,Declan Rice,eng ENG,MF,25,35,33,"2,825",31.4,4,7,11,4,0,0,7,1,0.13,0.22,0.35,0.13,0.35,Matches,FA Cup,2024-2025
529f49ab,Thomas Partey,gh GHA,"MF,DF",31,35,31,"2,797",31.1,4,2,6,4,0,0,4,0,0.13,0.06,0.19,0.13,0.19,Matches,FA Cup,2024-2025
38ceb24a,Leandro Trossard,be BEL,FW,29,38,28,"2,546",28.3,8,7,15,8,0,0,4,1,0.28,0.25,0.53,0.28,0.53,Matches,FA Cup,2024-2025
67ac5bb8,Gabriel Magalhães,br BRA,DF,26,28,28,"2,363",26.3,3,1,4,3,0,0,4,0,0.11,0.04,0.15,0.11,0.15,Matches,FA Cup,2024-2025
41034650,Jurriën Timber,nl NED,DF,23,30,27,"2,417",26.9,1,3,4,1,0,0,7,0,0.04,0.11,0.15,0.04,0.15,Matches,FA Cup,2024-2025
79300479,Martin Ødegaard,no NOR,MF,25,30,26,"2,325",25.8,3,8,11,2,1,1,4,0,0.12,0.31,0.43,0.08,0.39,Matches,FA Cup,2024-2025
48a5a5d6,Gabriel Martinelli,br BRA,"FW,MF",23,33,25,"2,290",25.4,8,4,12,8,0,0,1,0,0.31,0.16,0.47,0.31,0.47,Matches,FA Cup,2024-2025
fed7cb61,Kai Havertz,de GER,FW,25,23,21,"1,875",20.8,9,3,12,9,0,0,5,0,0.43,0.14,0.58,0.43,0.58,Matches,FA Cup,2024-2025
bc7dc64d,Bukayo Saka,eng ENG,"FW,MF",22,25,20,"1,729",19.2,6,10,16,5,1,1,3,0,0.31,0.52,0.83,0.26,0.78,Matches,FA Cup,2024-2025
d080ed5e,Mikel Merino,es ESP,"MF,FW",28,28,17,"1,586",17.6,7,2,9,7,0,0,4,1,0.40,0.11,0.51,0.40,0.51,Matches,FA Cup,2024-2025
5dff6c28,Myles Lewis-Skelly,eng ENG,DF,17,23,15,"1,369",15.2,1,0,1,1,0,0,3,2,0.07,0.00,0.07,0.07,0.07,Matches,FA Cup,2024-2025
35e413f1,Ben White,eng ENG,DF,26,17,13,"1,198",13.3,0,2,2,0,0,0,2,0,0.00,0.15,0.15,0.00,0.15,Matches,FA Cup,2024-2025
aded8e6f,Riccardo Calafiori,it ITA,DF,22,19,11,983,10.9,2,1,3,2,0,0,4,0,0.18,0.09,0.27,0.18,0.27,Matches,FA Cup,2024-2025
7f94982c,Ethan Nwaneri,eng ENG,"FW,MF",17,26,11,895,9.9,4,2,6,4,0,0,1,0,0.40,0.20,0.60,0.40,0.60,Matches,FA Cup,2024-2025
dc3e663e,Jakub Kiwior,pl POL,DF,24,17,10,"1,122",12.5,1,0,1,1,0,0,1,0,0.08,0.00,0.08,0.08,0.08,Matches,FA Cup,2024-2025
45db685d,Jorginho,it ITA,MF,32,15,9,704,7.8,0,0,0,0,0,0,5,0,0.00,0.00,0.00,0.00,0.00,Matches,FA Cup,2024-2025
b400bde0,Raheem Sterling,eng ENG,"FW,MF",29,17,7,499,5.5,0,2,2,0,0,0,1,0,0.00,0.36,0.36,0.00,0.36,Matches,FA Cup,2024-2025
b66315ae,Gabriel Jesus,br BRA,FW,27,17,6,608,6.8,3,0,3,3,0,0,4,0,0.44,0.00,0.44,0.44,0.44,Matches,FA Cup,2024-2025
51cf8561,Oleksandr Zinchenko,ua UKR,"DF,MF",27,15,5,527,5.9,0,1,1,0,0,0,1,0,0.00,0.17,0.17,0.00,0.17,Matches,FA Cup,2024-2025
fce2302c,Kieran Tierney,sct SCO,DF,27,13,2,259,2.9,1,0,1,1,0,0,0,0,0.35,0.00,0.35,0.35,0.35,Matches,FA Cup,2024-2025
3a686640,Nathan Butler-Oyedeji,eng ENG,FW,21,1,0,7,0.1,0,0,0,0,0,0,0,0,0.00,0.00,0.00,0.00,0.00,Matches,FA Cup,2024-2025
b3af9be1,Takehiro Tomiyasu,jp JPN,DF,25,1,0,7,0.1,0,0,0,0,0,0,0,0,0.00,0.00,0.00,0.00,0.00,Matches,FA Cup,2024-2025
c5bdb6e3,Reiss Nelson,eng ENG,"FW,MF",24,1,0,3,0.0,0,0,0,0,0,0,0,0,0.00,0.00,0.00,0.00,0.00,Matches,FA Cup,2024-2025
f9657b1b,Brayden Clarke,wls WAL,DF,17,0,0,,,,,,,,,,,,,,,,Matches,FA Cup,2024-2025
4571f93e,Jimi Gower,eng ENG,MF,19,0,0,,,,,,,,,,,,,,,,Matches,FA Cup,2024-2025
64e17fab,Ayden Heaven,eng ENG,DF,17,0,0,,,,,,,,,,,,,,,,Matches,FA Cup,2024-2025
e93d8ed1,Jack Henry-Francis,ie IRL,MF,20,0,0,,,,,,,,,,,,,,,,Matches,FA Cup,2024-2025
6b15cf32,Ismeal Kabia,eng ENG,MF,18,0,0,,,,,,,,,,,,,,,,Matches,FA Cup,2024-2025
7be4311f,Maldini Kacurri,al ALB,DF,18,0,0,,,,,,,,,,,,,,,,Matches,FA Cup,2024-2025
a9dc785c,Neto,br BRA,GK,35,0,0,,,,,,,,,,,,,,,,Matches,FA Cup,2024-2025
676cf55d,Josh Nichols,eng ENG,DF,18,0,0,,,,,,,,,,,,,,,,Matches,FA Cup,2024-2025
a53649b7,Eddie Nketiah,eng ENG,FW,25,0,0,,,,,,,,,,,,,,,,Matches,FA Cup,2024-2025
b85c3273,Salah Oulad M'Hand,nl NED,MF,20,0,0,,,,,,,,,,,,,,,,Matches,FA Cup,2024-2025
0b4ecd65,Jack Porter,eng ENG,GK,16,0,0,,,,,,,,,,,,,,,,Matches,FA Cup,2024-2025
466fb2c5,Aaron Ramsdale,eng ENG,GK,26,0,0,,,,,,,,,,,,,,,,Matches,FA Cup,2024-2025
d1a2e006,Tommy Setford,eng ENG,GK,18,0,0,,,,,,,,,,,,,,,,Matches,FA Cup,2024-2025
d2d32944,Anthony O'Connor,ie IRL,DF,31,45,45,"4,050",45.0,1,1,2,1,0,0,4,0,0.02,0.02,0.04,0.02,0.04,Matches,FA Cup,2024-2025
bfca678d,James Belshaw,eng ENG,GK,33,45,45,"4,000",44.4,0,1,1,0,0,0,2,0,0.00,0.02,0.02,0.00,0.02,Matches,FA Cup,2024-2025
ccc800f2,Jasper Moon,eng ENG,DF,23,40,40,"3,600",40.0,3,0,3,3,0,0,5,0,0.07,0.00,0.07,0.07,0.07,Matches,FA Cup,2024-2025
866c6152,Toby Sims,us USA,DF,26,40,38,"3,218",35.8,2,3,5,2,0,0,6,0,0.06,0.08,0.14,0.06,0.14,Matches,FA Cup,2024-2025
20133afc,Ellis Taylor,eng ENG,MF,21,36,33,"2,977",33.1,7,3,10,7,0,0,5,0,0.21,0.09,0.30,0.21,0.30,Matches,FA Cup,2024-2025
435c44b3,James Daly,eng ENG,"MF,FW",24,38,32,"2,713",30.1,3,1,4,3,0,0,4,0,0.10,0.03,0.13,0.10,0.13,Matches,FA Cup,2024-2025
1199f8d8,Dean Cornelius,sct SCO,MF,23,35,30,"2,578",28.6,1,0,1,1,0,0,3,0,0.03,0.00,0.03,0.03,0.03,Matches,FA Cup,2024-2025
98a977e8,Josh March,sct SCO,"FW,MF",27,34,29,"2,417",26.9,9,3,12,8,1,1,5,1,0.34,0.11,0.45,0.30,0.41,Matches,FA Cup,2024-2025
088e1392,Jack Muldoon,eng ENG,"FW,MF",35,39,28,"2,630",29.2,2,3,5,2,0,0,4,0,0.07,0.10,0.17,0.07,0.17,Matches,FA Cup,2024-2025
f472d985,Bryn Morris,eng ENG,MF,28,22,21,"1,922",21.4,0,1,1,0,0,0,4,0,0.00,0.05,0.05,0.00,0.05,Matches,FA Cup,2024-2025
358be144,Warren Burrell,eng ENG,"DF,MF",34,27,19,"1,873",20.8,0,0,0,0,0,0,1,0,0.00,0.00,0.00,0.00,0.00,Matches,FA Cup,2024-2025
7f69e881,Levi Sutton,eng ENG,MF,28,27,19,"1,730",19.2,0,0,0,0,0,0,6,0,0.00,0.00,0.00,0.00,0.00,Matches,FA Cup,2024-2025
d4ab246d,Stephen Dooley,nir NIR,MF,32,23,18,"1,695",18.8,1,0,1,1,0,0,0,0,0.05,0.00,0.05,0.05,0.05,Matches,FA Cup,2024-2025
042e5c2f,Zico Asare,eng ENG,"DF,MF",23,26,16,"1,456",16.2,1,0,1,1,0,0,4,0,0.06,0.00,0.06,0.06,0.06,Matches,FA Cup,2024-2025
d30d5a43,Matty Foulds,eng ENG,DF,26,15,14,"1,241",13.8,0,1,1,0,0,0,2,0,0.00,0.07,0.07,0.00,0.07,Matches,FA Cup,2024-2025
03e48abb,Matty Daly,eng ENG,"MF,FW",23,15,13,"1,217",13.5,1,0,1,1,0,0,3,0,0.07,0.00,0.07,0.07,0.07,Matches,FA Cup,2024-2025
c62f13f2,Ben Fox,eng ENG,MF,26,14,13,"1,065",11.8,1,0,1,1,0,0,4,0,0.08,0.00,0.08,0.08,0.08,Matches,FA Cup,2024-2025
6f77df1f,Stephen Duke-McKenna,gy GUY,MF,23,18,12,"1,122",12.5,1,1,2,1,0,0,1,0,0.08,0.08,0.16,0.08,0.16,Matches,FA Cup,2024-2025
647ebdec,Bryant Bilongo,eng ENG,DF,22,16,9,933,10.4,1,0,1,1,0,0,3,0,0.10,0.00,0.10,0.10,0.10,Matches,FA Cup,2024-2025
bbe91cbf,Samuel Folarin,ng NGA,FW,23,19,6,729,8.1,2,0,2,2,0,0,3,0,0.25,0.00,0.25,0.25,0.25,Matches,FA Cup,2024-2025
647ec523,Tom Cursons,eng ENG,FW,22,16,6,642,7.1,2,1,3,2,0,0,2,0,0.28,0.14,0.42,0.28,0.42,Matches,FA Cup,2024-2025
b51f8aee,Liam Gibson,eng ENG,DF,27,9,6,399,4.4,0,0,0,0,0,0,2,0,0.00,0.00,0.00,0.00,0.00,Matches,FA Cup,2024-2025
40a977ef,Josh Falkingham,eng ENG,MF,33,8,6,374,4.2,0,0,0,0,0,0,1,0,0.00,0.00,0.00,0.00,0.00,Matches,FA Cup,2024-2025
0b1b2fcc,Oliver Sanderson,eng ENG,"FW,MF",20,8,4,333,3.7,0,0,0,0,0,0,0,0,0.00,0.00,0.00,0.00,0.00,Matches,FA Cup,2024-2025
239df013,Thomas Hill,wls WAL,MF,21,6,2,254,2.8,0,0,0,0,0,0,2,0,0.00,0.00,0.00,0.00,0.00,Matches,FA Cup,2024-2025
9bc75e15,Mark Oxley,eng ENG,GK,33,2,1,140,1.6,0,0,0,0,0,0,0,0,0.00,0.00,0.00,0.00,0.00,Matches,FA Cup,2024-2025
92705c70,George Thomson,sct SCO,MF,32,1,1,79,0.9,0,0,0,0,0,0,0,0,0.00,0.00,0.00,0.00,0.00,Matches,FA Cup,2024-2025
ee2b9a18,Admiral Muskwe,zw ZIM,"FW,MF",25,1,0,33,0.4,0,0,0,0,0,0,0,0,0.00,0.00,0.00,0.00,0.00,Matches,FA Cup,2024-2025
81b11476,Eno Nto,eng ENG,FW,21,2,0,23,0.3,0,0,0,0,0,0,0,0,0.00,0.00,0.00,0.00,0.00,Matches,FA Cup,2024-2025
64cb07ef,Eko Solomon,eng ENG,DF,18,3,0,16,0.2,0,0,0,0,0,0,0,0,0.00,0.00,0.00,0.00,0.00,Matches,FA Cup,2024-2025
8ec5a644,Jack Bray,eng ENG,FW,17,1,0,15,0.2,0,0,0,0,0,0,1,0,0.00,0.00,0.00,0.00,0.00,Matches,FA Cup,2024-2025
9aa016b4,Lucas Barnes,eng ENG,MF,17,1,0,13,0.1,0,0,0,0,0,0,0,0,0.00,0.00,0.00,0.00,0.00,Matches,FA Cup,2024-2025
2e7700f9,Marcus Etherington,eng ENG,DF,17,0,0,,,,,,,,,,,,,,,,Matches,FA Cup,2024-2025
5ba2978d,James Moorby,,DF,,0,0,,,,,,,,,,,,,,,,Matches,FA Cup,2024-2025
3ff6a0ce,Oli Robinson,,FW,,0,0,,,,,,,,,,,,,,,,Matches,FA Cup,2024-2025
fdf47077,Max Crocombe,nz NZL,GK,30,43,43,"3,870",43.0,0,0,0,0,0,0,6,0,0.00,0.00,0.00,0.00,0.00,Matches,FA Cup,2024-2025
2913d932,Ryan Sweeney,ie IRL,DF,27,42,42,"3,708",41.2,2,2,4,2,0,0,4,0,0.05,0.05,0.10,0.05,0.10,Matches,FA Cup,2024-2025
05d5f5e7,Udoka Malife,eng ENG,"DF,MF",24,42,39,"3,494",38.8,1,3,4,1,0,0,4,0,0.03,0.08,0.10,0.03,0.10,Matches,FA Cup,2024-2025
e521925c,Jack Armer,sct SCO,DF,23,38,33,"3,065",34.1,0,1,1,0,0,0,6,0,0.00,0.03,0.03,0.00,0.03,Matches,FA Cup,2024-2025
06791660,Kgagelo Chauke,eng ENG,MF,21,38,32,"2,829",31.4,1,0,1,1,0,0,3,0,0.03,0.00,0.03,0.03,0.03,Matches,FA Cup,2024-2025
60e0c217,Terence Vancooten,gy GUY,DF,26,30,29,"2,523",28.0,1,0,1,1,0,0,7,3,0.04,0.00,0.04,0.04,0.04,Matches,FA Cup,2024-2025
6b1c235a,Rumarn Burrell,jm JAM,FW,23,30,26,"2,139",23.8,11,2,13,11,0,0,0,0,0.46,0.08,0.55,0.46,0.55,Matches,FA Cup,2024-2025
2beff53f,Charlie Webster,eng ENG,MF,20,32,26,"2,139",23.8,5,0,5,5,0,0,5,2,0.21,0.00,0.21,0.21,0.21,Matches,FA Cup,2024-2025
07e1fc03,Elliot Watt,sct SCO,MF,24,25,24,"2,170",24.1,0,4,4,0,0,0,6,0,0.00,0.17,0.17,0.00,0.17,Matches,FA Cup,2024-2025
2e590065,Owen Dodgson,eng ENG,"MF,DF",21,22,21,"1,872",20.8,1,4,5,1,0,0,10,0,0.05,0.19,0.24,0.05,0.24,Matches,FA Cup,2024-2025
28be6141,JJ McKiernan,nir NIR,MF,22,19,19,"1,477",16.4,1,1,2,1,0,0,7,1,0.06,0.06,0.12,0.06,0.12,Matches,FA Cup,2024-2025
08e99641,Tomas Kalinauskas,lt LTU,"MF,FW",24,39,18,"1,849",20.5,1,3,4,1,0,0,4,0,0.05,0.15,0.19,0.05,0.19,Matches,FA Cup,2024-2025
61c3df1f,Danilo Orsi-Dadamo,eng ENG,FW,28,27,18,"1,563",17.4,6,3,9,6,0,0,2,0,0.35,0.17,0.52,0.35,0.52,Matches,FA Cup,2024-2025
2af63f70,Dylan Williams,eng ENG,"MF,DF",20,26,15,"1,475",16.4,1,2,3,1,0,0,3,0,0.06,0.12,0.18,0.06,0.18,Matches,FA Cup,2024-2025
aba031ad,Mason Bennett,eng ENG,"MF,FW",28,34,15,"1,423",15.8,2,0,2,1,1,1,7,0,0.13,0.00,0.13,0.06,0.06,Matches,FA Cup,2024-2025
d77911ce,Kyran Lofthouse,eng ENG,MF,23,16,14,"1,272",14.1,0,1,1,0,0,0,4,0,0.00,0.07,0.07,0.00,0.07,Matches,FA Cup,2024-2025
219a9cc0,Ben Whitfield,eng ENG,MF,28,23,13,"1,240",13.8,1,3,4,1,0,0,1,0,0.07,0.22,0.29,0.07,0.29,Matches,FA Cup,2024-2025
96214dd1,Jason Sraha,eng ENG,DF,21,16,12,995,11.1,0,0,0,0,0,0,2,0,0.00,0.00,0.00,0.00,0.00,Matches,FA Cup,2024-2025
b62006f1,Jón Daði Böðvarsson,is ISL,FW,32,13,11,820,9.1,5,1,6,5,0,0,0,0,0.55,0.11,0.66,0.55,0.66,Matches,FA Cup,2024-2025
fb3fc955,Alex Bannon,sct SCO,"DF,MF",20,9,9,732,8.1,0,0,0,0,0,0,1,0,0.00,0.00,0.00,0.00,0.00,Matches,FA Cup,2024-2025
0915721c,Ciaran Gilligan,eng ENG,MF,22,12,8,672,7.5,0,1,1,0,0,0,3,0,0.00,0.13,0.13,0.00,0.13,Matches,FA Cup,2024-2025
49eb2779,Billy Bodin,wls WAL,"MF,FW",32,12,7,608,6.8,4,0,4,4,0,0,1,0,0.59,0.00,0.59,0.59,0.59,Matches,FA Cup,2024-2025
0b6360b0,Jack Cooper Love,se SWE,"MF,FW",22,14,6,686,7.6,2,0,2,2,0,0,1,0,0.26,0.00,0.26,0.26,0.26,Matches,FA Cup,2024-2025
614b5a2b,Nick Akoto,us USA,"MF,DF",25,14,6,620,6.9,0,0,0,0,0,0,1,0,0.00,0.00,0.00,0.00,0.00,Matches,FA Cup,2024-2025
a939c22e,Julian Larsson,se SWE,"FW,MF",23,11,6,506,5.6,2,0,2,2,0,0,0,0,0.36,0.00,0.36,0.36,0.36,Matches,FA Cup,2024-2025
2d139834,Anthony Forde,ie IRL,MF,30,11,4,334,3.7,0,0,0,0,0,0,0,0,0.00,0.00,0.00,0.00,0.00,Matches,FA Cup,2024-2025
bbb09699,Harvey Isted,eng ENG,GK,27,3,3,270,3.0,0,0,0,0,0,0,0,0,0.00,0.00,0.00,0.00,0.00,Matches,FA Cup,2024-2025
56a59a57,Finn Delap,eng ENG,DF,19,5,3,265,2.9,0,1,1,0,0,0,1,0,0.00,0.34,0.34,0.00,0.34,Matches,FA Cup,2024-2025
8e24902a,Fabio Tavares,eng ENG,FW,23,10,1,191,2.1,2,1,3,2,0,0,0,0,0.94,0.47,1.41,0.94,1.41,Matches,FA Cup,2024-2025
519db366,Romelle Donovan,eng ENG,MF,17,6,1,180,2.0,0,0,0,0,0,0,0,0,0.00,0.00,0.00,0.00,0.00,Matches,FA Cup,2024-2025
713d009d,James Jones,sct SCO,MF,28,4,1,154,1.7,0,0,0,0,0,0,1,0,0.00,0.00,0.00,0.00,0.00,Matches,FA Cup,2024-2025
c7e25c93,Jack Hazlehurst,eng ENG,MF,24,2,1,114,1.3,0,0,0,0,0,0,0,0,0.00,0.00,0.00,0.00,0.00,Matches,FA Cup,2024-2025
e462fbb9,Jack Stretton,eng ENG,FW,22,3,0,45,0.5,0,1,1,0,0,0,0,0,0.00,2.00,2.00,0.00,2.00,Matches,FA Cup,2024-2025
e3f9e68a,Ronnie Stutter,eng ENG,FW,19,1,0,19,0.2,0,0,0,0,0,0,0,0,0.00,0.00,0.00,0.00,0.00,Matches,FA Cup,2024-2025
ef196028,Geraldo Bajrami,al ALB,DF,24,1,0,15,0.2,0,0,0,0,0,0,1,0,0.00,0.00,0.00,0.00,0.00,Matches,FA Cup,2024-2025
503da80e,Alejandro Bran,cr CRC,MF,23,1,0,6,0.1,0,0,0,0,0,0,0,0,0.00,0.00,0.00,0.00,0.00,Matches,FA Cup,2024-2025
ecea4503,Josh Taroi,,DF,,2,0,5,0.1,0,0,0,0,0,0,0,0,0.00,0.00,0.00,0.00,0.00,Matches,FA Cup,2024-2025
dc9fc630,Jack Newhall,,FW,,1,0,1,0.0,0,0,0,0,0,0,0,0,0.00,0.00,0.00,0.00,0.00,Matches,FA Cup,2024-2025
057301a8,Cameron Gilbert,,DF,,0,0,,,,,,,,,,,,,,,,Matches,FA Cup,2024-2025
45963054,Jamie Vardy,eng ENG,FW,37,35,35,"2,823",31.4,9,4,13,8,1,2,5,0,0.29,0.13,0.41,0.26,0.38,Matches,FA Cup,2024-2025
fb614c44,James Justin,eng ENG,"DF,MF",26,36,34,"2,912",32.4,2,2,4,2,0,0,6,0,0.06,0.06,0.12,0.06,0.12,Matches,FA Cup,2024-2025
9c221d14,Wout Faes,be BEL,DF,26,34,30,"2,815",31.3,1,0,1,1,0,0,4,0,0.03,0.00,0.03,0.03,0.03,Matches,FA Cup,2024-2025
505486d6,Victor Bernth Kristiansen,dk DEN,"DF,MF",21,30,29,"2,482",27.6,0,1,1,0,0,0,1,0,0.00,0.04,0.04,0.00,0.04,Matches,FA Cup,2024-2025
6b47c5db,Wilfred Ndidi,ng NGA,MF,27,28,28,"2,324",25.8,0,5,5,0,0,0,8,0,0.00,0.19,0.19,0.00,0.19,Matches,FA Cup,2024-2025
c924b17d,Mads Hermansen,dk DEN,GK,24,27,27,"2,385",26.5,0,0,0,0,0,0,1,0,0.00,0.00,0.00,0.00,0.00,Matches,FA Cup,2024-2025
f7042636,Bilal El Khannouss,ma MAR,MF,20,32,27,"2,182",24.2,2,3,5,2,0,0,4,0,0.08,0.12,0.21,0.08,0.21,Matches,FA Cup,2024-2025
ae59b359,Boubakary Soumaré,fr FRA,MF,25,31,25,"2,171",24.1,0,0,0,0,0,0,8,0,0.00,0.00,0.00,0.00,0.00,Matches,FA Cup,2024-2025
2928dca2,Conor Coady,eng ENG,DF,31,22,19,"1,714",19.0,1,0,1,1,0,0,3,0,0.05,0.00,0.05,0.05,0.05,Matches,FA Cup,2024-2025
da052c14,Jordan Ayew,gh GHA,MF,32,30,19,"1,638",18.2,5,0,5,4,1,1,5,0,0.27,0.00,0.27,0.22,0.22,Matches,FA Cup,2024-2025
2f7acede,Harry Winks,eng ENG,MF,28,22,17,"1,538",17.1,0,2,2,0,0,0,4,0,0.00,0.12,0.12,0.00,0.12,Matches,FA Cup,2024-2025
30144daa,Stephy Mavididi,eng ENG,MF,26,30,16,"1,615",17.9,4,1,5,4,0,0,2,0,0.22,0.06,0.28,0.22,0.28,Matches,FA Cup,2024-2025
1900032e,Jannik Vestergaard,dk DEN,DF,31,18,16,"1,391",15.5,0,0,0,0,0,0,5,0,0.00,0.00,0.00,0.00,0.00,Matches,FA Cup,2024-2025
468a7a91,Facundo Buonanotte,ar ARG,"MF,FW",19,31,14,"1,523",16.9,5,2,7,5,0,0,8,0,0.30,0.12,0.41,0.30,0.41,Matches,FA Cup,2024-2025
fc027d02,Luke Thomas,eng ENG,DF,23,14,13,"1,110",12.3,0,0,0,0,0,0,3,0,0.00,0.00,0.00,0.00,0.00,Matches,FA Cup,2024-2025
8ec109e6,Caleb Okoli,it ITA,DF,23,19,12,"1,125",12.5,1,0,1,1,0,0,4,0,0.08,0.00,0.08,0.08,0.08,Matches,FA Cup,2024-2025
6250083a,Oliver Skipp,eng ENG,MF,23,24,10,"1,129",12.5,0,0,0,0,0,0,8,0,0.00,0.00,0.00,0.00,0.00,Matches,FA Cup,2024-2025
a4a76b3d,Jakub Stolarczyk,pl POL,GK,23,10,10,900,10.0,0,0,0,0,0,0,1,0,0.00,0.00,0.00,0.00,0.00,Matches,FA Cup,2024-2025
b2c66859,Kasey McAteer,ie IRL,MF,22,18,9,852,9.5,1,1,2,1,0,0,3,0,0.11,0.11,0.21,0.11,0.21,Matches,FA Cup,2024-2025
0f7533cd,Bobby De Cordova-Reid,jm JAM,"MF,FW",31,23,9,744,8.3,1,2,3,1,0,0,2,0,0.12,0.24,0.36,0.12,0.36,Matches,FA Cup,2024-2025
ca45605e,Patson Daka,zm ZAM,"MF,FW",25,23,6,736,8.2,1,0,1,1,0,0,0,0,0.12,0.00,0.12,0.12,0.12,Matches,FA Cup,2024-2025
bceda5ff,Abdul Fatawu Issahaku,gh GHA,"MF,FW",20,11,6,579,6.4,0,2,2,0,0,0,0,0,0.00,0.31,0.31,0.00,0.31,Matches,FA Cup,2024-2025
75a72a99,Ricardo Pereira,pt POR,DF,30,10,4,388,4.3,0,0,0,0,0,0,1,0,0.00,0.00,0.00,0.00,0.00,Matches,FA Cup,2024-2025
d3ce0e89,Danny Ward,wls WAL,GK,31,2,1,135,1.5,0,0,0,0,0,0,0,0,0.00,0.00,0.00,0.00,0.00,Matches,FA Cup,2024-2025
7d2d3329,Hamza Choudhury,bd BAN,MF,26,4,1,131,1.5,0,0,0,0,0,0,0,0,0.00,0.00,0.00,0.00,0.00,Matches,FA Cup,2024-2025
beb6e3a6,Woyo Coulibaly,ml MLI,DF,25,4,1,109,1.2,0,0,0,0,0,0,1,0,0.00,0.00,0.00,0.00,0.00,Matches,FA Cup,2024-2025
4c168d3a,Jeremy Monga,eng ENG,FW,15,7,0,112,1.2,0,0,0,0,0,0,0,0,0.00,0.00,0.00,0.00,0.00,Matches,FA Cup,2024-2025
0562b7f1,Odsonne Édouard,fr FRA,FW,26,4,0,29,0.3,0,0,0,0,0,0,0,0,0.00,0.00,0.00,0.00,0.00,Matches,FA Cup,2024-2025
cb7bcef0,Jake Evans,eng ENG,MF,15,4,0,24,0.3,0,0,0,0,0,0,0,0,0.00,0.00,0.00,0.00,0.00,Matches,FA Cup,2024-2025
12bb637a,Olabade Aluko,,DF,,1,0,2,0.0,0,0,0,0,0,0,0,0,0.00,0.00,0.00,0.00,0.00,Matches,FA Cup,2024-2025
39ef5a7b,Will Alves,eng ENG,MF,19,1,0,1,0.0,0,0,0,0,0,0,0,0,0.00,0.00,0.00,0.00,0.00,Matches,FA Cup,2024-2025
67c5e0e8,Michael Golding,eng ENG,MF,18,1,0,1,0.0,0,0,0,0,0,0,0,0,0.00,0.00,0.00,0.00,0.00,Matches,FA Cup,2024-2025
9f684e25,Sammy Braybrooke,eng ENG,MF,20,0,0,,,,,,,,,,,,,,,,Matches,FA Cup,2024-2025
4506aec5,Thomas Cannon,ie IRL,FW,21,0,0,,,,,,,,,,,,,,,,Matches,FA Cup,2024-2025
0b6dfc4f,Henry Cartwright,eng ENG,MF,19,0,0,,,,,,,,,,,,,,,,Matches,FA Cup,2024-2025
10d221cd,Daniel Iversen,dk DEN,GK,27,0,0,,,,,,,,,,,,,,,,Matches,FA Cup,2024-2025
7be10897,Benjamin Nelson,eng ENG,DF,20,0,0,,,,,,,,,,,,,,,,Matches,FA Cup,2024-2025
b495353c,Thomas Wilson-Brown,eng ENG,DF,19,0,0,,,,,,,,,,,,,,,,Matches,FA Cup,2024-2025
6be47912,Ben Wiles,eng ENG,MF,25,45,39,"3,418",38.0,8,5,13,8,0,0,1,0,0.21,0.13,0.34,0.21,0.34,Matches,FA Cup,2024-2025
3a27f1bf,Callum Marshall,nir NIR,"FW,MF",19,43,31,"2,673",29.7,9,3,12,9,0,0,1,1,0.30,0.10,0.40,0.30,0.40,Matches,FA Cup,2024-2025
4fb40948,Brodie Spencer,nir NIR,"DF,MF",20,33,28,"2,531",28.1,3,2,5,3,0,0,11,0,0.11,0.07,0.18,0.11,0.18,Matches,FA Cup,2024-2025
8c9aab00,Tom Lees,eng ENG,DF,33,29,28,"2,424",26.9,0,1,1,0,0,0,2,0,0.00,0.04,0.04,0.00,0.04,Matches,FA Cup,2024-2025
68ea7714,Josh Koroma,sl SLE,"FW,MF",25,37,27,"2,400",26.7,11,2,13,10,1,3,2,0,0.41,0.07,0.49,0.37,0.45,Matches,FA Cup,2024-2025
9af82a9f,David Kasumu,eng ENG,MF,24,32,27,"2,345",26.1,3,1,4,3,0,0,8,0,0.12,0.04,0.15,0.12,0.15,Matches,FA Cup,2024-2025
d54e009e,Matty Pearson,eng ENG,DF,30,29,25,"2,206",24.5,5,0,5,5,0,0,3,0,0.20,0.00,0.20,0.20,0.20,Matches,FA Cup,2024-2025
0849ef2d,Jacob Chapman,au AUS,GK,23,23,23,"2,070",23.0,0,0,0,0,0,0,1,0,0.00,0.00,0.00,0.00,0.00,Matches,FA Cup,2024-2025
b105cebe,Lee Nicholls,eng ENG,GK,31,23,23,"2,070",23.0,0,0,0,0,0,0,1,0,0.00,0.00,0.00,0.00,0.00,Matches,FA Cup,2024-2025
ce9c203e,Lasse Sørensen,dk DEN,"MF,DF",24,32,22,"2,058",22.9,0,3,3,0,0,0,3,0,0.00,0.13,0.13,0.00,0.13,Matches,FA Cup,2024-2025
cce7087c,Antony Evans,eng ENG,MF,25,34,21,"1,952",21.7,2,5,7,2,0,0,7,0,0.09,0.23,0.32,0.09,0.32,Matches,FA Cup,2024-2025
9d25f51c,Herbie Kane,eng ENG,MF,25,28,21,"1,885",20.9,3,5,8,3,0,0,3,0,0.14,0.24,0.38,0.14,0.38,Matches,FA Cup,2024-2025
17be8dc3,Nigel Lonwijk,nl NED,DF,21,21,21,"1,699",18.9,1,1,2,1,0,0,8,0,0.05,0.05,0.11,0.05,0.11,Matches,FA Cup,2024-2025
9306d5ea,Jonathan Hogg,eng ENG,MF,35,34,19,"1,833",20.4,1,0,1,1,0,0,8,0,0.05,0.00,0.05,0.05,0.05,Matches,FA Cup,2024-2025
01753a47,Oliver Turton,eng ENG,"MF,DF",31,28,18,"1,854",20.6,1,0,1,1,0,0,2,0,0.05,0.00,0.05,0.05,0.05,Matches,FA Cup,2024-2025
1d031d1f,Michał Helik,pl POL,DF,28,17,15,"1,344",14.9,2,0,2,2,0,0,4,0,0.13,0.00,0.13,0.13,0.13,Matches,FA Cup,2024-2025
74f8ffa2,Mickel Miller,eng ENG,"MF,DF",28,18,15,"1,288",14.3,0,3,3,0,0,0,2,0,0.00,0.21,0.21,0.00,0.21,Matches,FA Cup,2024-2025
01086c66,Josh Ruffels,eng ENG,DF,30,22,14,"1,427",15.9,0,0,0,0,0,0,3,0,0.00,0.00,0.00,0.00,0.00,Matches,FA Cup,2024-2025
bd8a5d95,Joseph Hodge,ie IRL,MF,21,27,13,"1,196",13.3,1,0,1,1,0,0,3,0,0.08,0.00,0.08,0.08,0.08,Matches,FA Cup,2024-2025
a8f0023c,Dion Charles,nir NIR,FW,28,18,13,"1,135",12.6,0,2,2,0,0,0,2,0,0.00,0.16,0.16,0.00,0.16,Matches,FA Cup,2024-2025
e9dc604a,Ruben Roosken,nl NED,MF,24,14,11,893,9.9,2,3,5,2,0,0,1,1,0.20,0.30,0.50,0.20,0.50,Matches,FA Cup,2024-2025
2c86ea07,Radinio Balker,sr SUR,DF,25,14,10,774,8.6,0,0,0,0,0,0,1,0,0.00,0.00,0.00,0.00,0.00,Matches,FA Cup,2024-2025
cbeed9e6,Bojan Radulovic,rs SRB,FW,24,17,9,855,9.5,1,0,1,1,0,0,1,0,0.11,0.00,0.11,0.11,0.11,Matches,FA Cup,2024-2025
cfb29823,Danny Ward,eng ENG,FW,32,13,9,615,6.8,0,1,1,0,0,0,0,1,0.00,0.15,0.15,0.00,0.15,Matches,FA Cup,2024-2025
bfd3801e,Joe Taylor,wls WAL,"FW,MF",21,15,8,646,7.2,2,0,2,2,0,0,2,0,0.28,0.00,0.28,0.28,0.28,Matches,FA Cup,2024-2025
34721c11,Tawanda Chirewa,zw ZIM,MF,20,13,8,575,6.4,0,0,0,0,0,0,0,0,0.00,0.00,0.00,0.00,0.00,Matches,FA Cup,2024-2025
abe6f455,Jaheim Headley,eng ENG,MF,22,7,3,316,3.5,0,0,0,0,0,0,3,0,0.00,0.00,0.00,0.00,0.00,Matches,FA Cup,2024-2025
07ace8c3,Rhys Healey,wls WAL,FW,29,9,2,290,3.2,1,0,1,1,0,0,0,0,0.31,0.00,0.31,0.31,0.31,Matches,FA Cup,2024-2025
8a3012f6,Neo Eccleston,eng ENG,DF,20,3,2,195,2.2,0,0,0,0,0,0,0,0,0.00,0.00,0.00,0.00,0.00,Matches,FA Cup,2024-2025
da2b8db3,Freddie Ladapo,eng ENG,FW,31,21,1,467,5.2,0,0,0,0,0,0,0,0,0.00,0.00,0.00,0.00,0.00,Matches,FA Cup,2024-2025
cb79415a,Tom Iorpenda,eng ENG,MF,19,5,0,62,0.7,0,0,0,0,0,0,0,0,0.00,0.00,0.00,0.00,0.00,Matches,FA Cup,2024-2025
51cb4026,Kian Harratt,eng ENG,FW,22,2,0,14,0.2,0,0,0,0,0,0,0,0,0.00,0.00,0.00,0.00,0.00,Matches,FA Cup,2024-2025
6097d134,Conor Falls,nir NIR,MF,20,1,0,1,0.0,0,0,0,0,0,0,0,0,0.00,0.00,0.00,0.00,0.00,Matches,FA Cup,2024-2025
af7ff6be,Cameron Ashia,,DF,,0,0,,,,,,,,,,,,,,,,Matches,FA Cup,2024-2025
98d06a15,Loick Ayina,cg CGO,DF,21,0,0,,,,,,,,,,,,,,,,Matches,FA Cup,2024-2025
888d1554,Francis Hurl,nir NIR,GK,18,0,0,,,,,,,,,,,,,,,,Matches,FA Cup,2024-2025
609f9b60,Chris Maxwell,wls WAL,GK,34,0,0,,,,,,,,,,,,,,,,Matches,FA Cup,2024-2025
398690a7,Ben Jackson,eng ENG,"DF,MF",23,45,43,"3,857",42.9,1,10,11,1,0,0,4,0,0.02,0.23,0.26,0.02,0.26,Matches,FA Cup,2024-2025
412bc5cc,Robbie Gotts,eng ENG,MF,24,41,39,"3,426",38.1,3,3,6,3,0,0,8,0,0.08,0.08,0.16,0.08,0.16,Matches,FA Cup,2024-2025
f7ce89e7,Niall Canavan,ie IRL,DF,33,36,35,"3,151",35.0,0,1,1,0,0,0,3,0,0.00,0.03,0.03,0.00,0.03,Matches,FA Cup,2024-2025
f375648a,Elliot Newby,eng ENG,MF,28,44,35,"3,119",34.7,3,8,11,3,0,0,4,0,0.09,0.23,0.32,0.09,0.32,Matches,FA Cup,2024-2025
54132da4,Theo Vassell,eng ENG,DF,27,32,30,"2,685",29.8,5,0,5,5,0,0,5,0,0.17,0.00,0.17,0.17,0.17,Matches,FA Cup,2024-2025
8168f62b,Kian Spence,eng ENG,MF,23,32,30,"2,604",28.9,5,1,6,5,0,0,4,0,0.17,0.03,0.21,0.17,0.21,Matches,FA Cup,2024-2025
69625393,Paul Farman,eng ENG,GK,34,29,29,"2,561",28.5,0,0,0,0,0,0,3,1,0.00,0.00,0.00,0.00,0.00,Matches,FA Cup,2024-2025
f3f818a9,Dean Campbell,sct SCO,MF,23,33,28,"2,611",29.0,1,0,1,1,0,0,7,0,0.03,0.00,0.03,0.03,0.03,Matches,FA Cup,2024-2025
5979c340,Sam Foley,ie IRL,"DF,MF",37,34,26,"2,260",25.1,3,0,3,3,0,0,3,0,0.12,0.00,0.12,0.12,0.12,Matches,FA Cup,2024-2025
9fa500fb,Emile Acquah,eng ENG,"FW,MF",24,39,19,"1,784",19.8,6,0,6,6,0,0,3,0,0.30,0.00,0.30,0.30,0.30,Matches,FA Cup,2024-2025
38df681f,Connor Mahoney,eng ENG,"MF,FW",27,29,18,"1,562",17.4,1,2,3,1,0,1,1,0,0.06,0.12,0.17,0.06,0.17,Matches,FA Cup,2024-2025
67004fc8,Wyll Stanway,eng ENG,GK,23,17,17,"1,530",17.0,0,0,0,0,0,0,2,0,0.00,0.00,0.00,0.00,0.00,Matches,FA Cup,2024-2025
bdc91db2,Jordan Williams,wls WAL,"MF,DF",28,18,16,"1,500",16.7,0,0,0,0,0,0,4,0,0.00,0.00,0.00,0.00,0.00,Matches,FA Cup,2024-2025
00ebaaef,Kyle Cameron,sct SCO,DF,27,17,16,"1,360",15.1,1,0,1,1,0,0,1,1,0.07,0.00,0.07,0.07,0.07,Matches,FA Cup,2024-2025
b861ff62,Rory Feely,ie IRL,DF,27,19,16,"1,285",14.3,1,0,1,1,0,0,3,0,0.07,0.00,0.07,0.07,0.07,Matches,FA Cup,2024-2025
0d832e3f,Aaron Pressley,sct SCO,FW,23,21,15,"1,255",13.9,4,1,5,4,0,1,1,0,0.29,0.07,0.36,0.29,0.36,Matches,FA Cup,2024-2025
219a9cc0,Ben Whitfield,eng ENG,"MF,FW",28,17,13,"1,105",12.3,2,5,7,1,1,1,1,0,0.16,0.41,0.57,0.08,0.49,Matches,FA Cup,2024-2025
de1260a3,Chris Stokes,eng ENG,DF,33,13,12,"1,061",11.8,0,0,0,0,0,0,2,0,0.00,0.00,0.00,0.00,0.00,Matches,FA Cup,2024-2025
6b337618,Gerard Garner,eng ENG,FW,25,16,12,949,10.5,3,0,3,3,0,0,1,0,0.28,0.00,0.28,0.28,0.28,Matches,FA Cup,2024-2025
c4cd16e5,Tyler Smith,eng ENG,"FW,MF",25,21,11,"1,039",11.5,5,0,5,5,0,0,1,0,0.43,0.00,0.43,0.43,0.43,Matches,FA Cup,2024-2025
144a88da,Katia Kouyate,eng ENG,MF,20,21,8,788,8.8,0,3,3,0,0,0,4,0,0.00,0.34,0.34,0.00,0.34,Matches,FA Cup,2024-2025
8a3012f6,Neo Eccleston,eng ENG,"DF,MF",20,17,7,872,9.7,1,2,3,1,0,0,3,0,0.10,0.21,0.31,0.10,0.31,Matches,FA Cup,2024-2025
ca9e1a50,Leo Duru,eng ENG,"MF,DF",19,8,7,529,5.9,1,0,1,1,0,0,2,0,0.17,0.00,0.17,0.17,0.17,Matches,FA Cup,2024-2025
a00f38f9,Andrew Dallas,sct SCO,FW,25,18,6,621,6.9,3,0,3,2,1,1,4,0,0.43,0.00,0.43,0.29,0.29,Matches,FA Cup,2024-2025
b21f90b0,Isaac Fletcher,eng ENG,MF,22,11,6,529,5.9,1,2,3,1,0,0,1,0,0.17,0.34,0.51,0.17,0.51,Matches,FA Cup,2024-2025
f830bae5,Dom Telford,eng ENG,"FW,MF",27,16,3,370,4.1,1,0,1,1,0,0,2,0,0.24,0.00,0.24,0.24,0.24,Matches,FA Cup,2024-2025
1860d243,Christopher Popov,wls WAL,MF,19,11,3,323,3.6,0,0,0,0,0,0,3,0,0.00,0.00,0.00,0.00,0.00,Matches,FA Cup,2024-2025
2b90ec3a,Charlie Kirk,eng ENG,MF,26,7,3,316,3.5,0,0,0,0,0,0,2,0,0.00,0.00,0.00,0.00,0.00,Matches,FA Cup,2024-2025
abd2fcd3,Junior Tiensia,eng ENG,DF,23,8,3,315,3.5,0,0,0,0,0,0,1,0,0.00,0.00,0.00,0.00,0.00,Matches,FA Cup,2024-2025
2d3cdd17,Sam Barnes,eng ENG,DF,23,4,0,44,0.5,0,0,0,0,0,0,1,0,0.00,0.00,0.00,0.00,0.00,Matches,FA Cup,2024-2025
f701fd43,David Worrall,eng ENG,"FW,MF",34,5,0,44,0.5,0,0,0,0,0,0,0,0,0.00,0.00,0.00,0.00,0.00,Matches,FA Cup,2024-2025
c7adf1aa,Charlie Weston,eng ENG,MF,20,1,0,18,0.2,0,0,0,0,0,0,0,0,0.00,0.00,0.00,0.00,0.00,Matches,FA Cup,2024-2025
bacf9d43,Mazeed Ogungbo,ie IRL,DF,21,1,0,3,0.0,0,0,0,0,0,0,0,0,0.00,0.00,0.00,0.00,0.00,Matches,FA Cup,2024-2025
87fce32b,Luke Daniels,eng ENG,GK,36,0,0,,,,,,,,,,,,,,,,Matches,FA Cup,2024-2025
c8cf8f64,Callum O'Dowda,ie IRL,"DF,MF",29,42,41,"3,546",39.4,2,3,5,2,0,0,7,0,0.05,0.08,0.13,0.05,0.13,Matches,FA Cup,2024-2025
dc6f5bdd,Calum Chambers,eng ENG,"DF,MF",29,41,41,"3,513",39.0,2,1,3,2,0,0,8,1,0.05,0.03,0.08,0.05,0.08,Matches,FA Cup,2024-2025
56f5e78f,Dimitris Goutas,gr GRE,DF,30,34,33,"2,919",32.4,1,1,2,1,0,0,3,1,0.03,0.03,0.06,0.03,0.06,Matches,FA Cup,2024-2025
920afe91,Perry Ng,eng ENG,DF,28,35,31,"2,793",31.0,1,1,2,1,0,0,9,0,0.03,0.03,0.06,0.03,0.06,Matches,FA Cup,2024-2025
b0835fc0,Jak Alnwick,eng ENG,GK,31,29,29,"2,610",29.0,0,0,0,0,0,0,2,0,0.00,0.00,0.00,0.00,0.00,Matches,FA Cup,2024-2025
3434ac72,Alex Robertson,au AUS,MF,21,35,29,"2,409",26.8,3,3,6,3,0,0,7,0,0.11,0.11,0.22,0.11,0.22,Matches,FA Cup,2024-2025
f170b63e,Rubin Colwill,wls WAL,"MF,FW",22,43,24,"2,522",28.0,1,4,5,1,0,0,3,0,0.04,0.14,0.18,0.04,0.18,Matches,FA Cup,2024-2025
e9bfd3cf,Andy Rinomhota,zw ZIM,"MF,DF",27,30,24,"2,106",23.4,0,1,1,0,0,0,6,0,0.00,0.04,0.04,0.00,0.04,Matches,FA Cup,2024-2025
e75750a3,Callum Robinson,ie IRL,FW,29,34,24,"2,023",22.5,12,1,13,12,0,0,1,1,0.53,0.04,0.58,0.53,0.58,Matches,FA Cup,2024-2025
e9da32cb,Joel Bagan,ie IRL,DF,24,31,17,"1,612",17.9,0,1,1,0,0,0,4,1,0.00,0.06,0.06,0.00,0.06,Matches,FA Cup,2024-2025
be0bd828,Chris Willock,eng ENG,"MF,FW",26,32,17,"1,548",17.2,2,2,4,2,0,0,0,0,0.12,0.12,0.23,0.12,0.23,Matches,FA Cup,2024-2025
3f65d5ce,Ethan Horvath,us USA,GK,29,17,17,"1,530",17.0,0,0,0,0,0,0,0,0,0.00,0.00,0.00,0.00,0.00,Matches,FA Cup,2024-2025
cd43347e,Cian Ashford,wls WAL,"MF,FW",19,28,17,"1,522",16.9,2,3,5,2,0,0,0,0,0.12,0.18,0.30,0.12,0.30,Matches,FA Cup,2024-2025
36a6f28d,Emmanouil Siopis,gr GRE,MF,30,21,16,"1,444",16.0,0,0,0,0,0,0,4,0,0.00,0.00,0.00,0.00,0.00,Matches,FA Cup,2024-2025
6e17d441,Jesper Daland,no NOR,DF,24,20,16,"1,427",15.9,0,0,0,0,0,0,2,0,0.00,0.00,0.00,0.00,0.00,Matches,FA Cup,2024-2025
cb7570b6,Ollie Tanner,eng ENG,MF,22,29,15,"1,387",15.4,2,2,4,2,0,0,1,0,0.13,0.13,0.26,0.13,0.26,Matches,FA Cup,2024-2025
3730fcbc,Joe Ralls,eng ENG,MF,30,21,15,"1,148",12.8,0,1,1,0,0,0,6,0,0.00,0.08,0.08,0.00,0.08,Matches,FA Cup,2024-2025
b2ee9d2c,Will Fish,eng ENG,DF,21,21,14,"1,376",15.3,0,0,0,0,0,0,4,0,0.00,0.00,0.00,0.00,0.00,Matches,FA Cup,2024-2025
4cf80d1d,Yousef Salech,dk DEN,FW,22,20,14,"1,276",14.2,8,1,9,7,1,1,2,0,0.56,0.07,0.63,0.49,0.56,Matches,FA Cup,2024-2025
ffa90327,Anwar El Ghazi,nl NED,"MF,FW",29,25,14,"1,175",13.1,3,1,4,3,0,0,0,0,0.23,0.08,0.31,0.23,0.31,Matches,FA Cup,2024-2025
773e16b9,Sivert Mannsverk,no NOR,MF,22,14,12,"1,004",11.2,0,1,1,0,0,0,4,0,0.00,0.09,0.09,0.00,0.09,Matches,FA Cup,2024-2025
c55e8ab0,Yakou Méïte,ci CIV,"MF,FW",28,34,11,"1,201",13.3,3,0,3,3,0,0,1,0,0.22,0.00,0.22,0.22,0.22,Matches,FA Cup,2024-2025
aa34ed38,David Turnbull,sct SCO,MF,25,19,10,826,9.2,1,0,1,1,0,1,2,0,0.11,0.00,0.11,0.11,0.11,Matches,FA Cup,2024-2025
39ef5a7b,Will Alves,eng ENG,"MF,FW",19,14,8,667,7.4,1,3,4,1,0,0,0,0,0.13,0.40,0.54,0.13,0.54,Matches,FA Cup,2024-2025
ef619b0b,Aaron Ramsey,wls WAL,MF,33,8,6,557,6.2,0,0,0,0,0,0,1,0,0.00,0.00,0.00,0.00,0.00,Matches,FA Cup,2024-2025
b4c816a9,Wilfried Kanga,ci CIV,FW,26,15,5,458,5.1,0,0,0,0,0,0,0,0,0.00,0.00,0.00,0.00,0.00,Matches,FA Cup,2024-2025
8199addf,Isaak Davies,wls WAL,MF,22,9,3,287,3.2,2,0,2,2,0,0,1,0,0.63,0.00,0.63,0.63,0.63,Matches,FA Cup,2024-2025
33a95e0a,Jamilu Collins,ng NGA,DF,29,3,2,165,1.8,0,0,0,0,0,0,1,0,0.00,0.00,0.00,0.00,0.00,Matches,FA Cup,2024-2025
d1aaf010,Ronan Kpakio,wls WAL,DF,17,3,1,108,1.2,0,1,1,0,0,0,0,0,0.00,0.83,0.83,0.00,0.83,Matches,FA Cup,2024-2025
cccfe752,Dylan Lawlor,wls WAL,DF,18,1,0,58,0.6,0,0,0,0,0,0,0,0,0.00,0.00,0.00,0.00,0.00,Matches,FA Cup,2024-2025
aa4c9777,Michael Reindorf,eng ENG,MF,19,2,0,52,0.6,0,0,0,0,0,0,0,0,0.00,0.00,0.00,0.00,0.00,Matches,FA Cup,2024-2025
8263d615,Malachi Fagan-Walcott,eng ENG,DF,22,1,0,24,0.3,0,0,0,0,0,0,0,0,0.00,0.00,0.00,0.00,0.00,Matches,FA Cup,2024-2025
23dcb840,Tanatswa Nyakuhwa,wls WAL,FW,18,1,0,22,0.2,0,0,0,0,0,0,0,0,0.00,0.00,0.00,0.00,0.00,Matches,FA Cup,2024-2025
a079c685,Thomas Davies,wls WAL,DF,20,0,0,,,,,,,,,,,,,,,,Matches,FA Cup,2024-2025
df2caddd,Kion Etete,eng ENG,FW,22,0,0,,,,,,,,,,,,,,,,Matches,FA Cup,2024-2025
82349a71,Luey Giles,wls WAL,DF,17,0,0,,,,,,,,,,,,,,,,Matches,FA Cup,2024-2025
3c5eb3c1,Dakarai Mafico,wls WAL,DF,17,0,0,,,,,,,,,,,,,,,,Matches,FA Cup,2024-2025
df1e34a1,Luke Pearce,ie IRL,FW,20,0,0,,,,,,,,,,,,,,,,Matches,FA Cup,2024-2025
42656b2f,Troy Perret,wls WAL,FW,17,0,0,,,,,,,,,,,,,,,,Matches,FA Cup,2024-2025
a086ae11,Roko Simic,hr CRO,FW,20,0,0,,,,,,,,,,,,,,,,Matches,FA Cup,2024-2025
d108f007,Matthew Turner,wls WAL,GK,22,0,0,,,,,,,,,,,,,,,,Matches,FA Cup,2024-2025
9b066938,Kaine Kesler-Hayden,eng ENG,"MF,DF",21,44,41,"3,670",40.8,2,3,5,2,0,0,6,0,0.05,0.07,0.12,0.05,0.12,Matches,FA Cup,2024-2025
19e50035,Freddie Woodman,eng ENG,GK,27,37,37,"3,329",37.0,0,0,0,0,0,0,6,1,0.00,0.00,0.00,0.00,0.00,Matches,FA Cup,2024-2025
18a6749d,Andrew Hughes,wls WAL,"DF,MF",32,40,36,"3,236",36.0,0,1,1,0,0,0,8,0,0.00,0.03,0.03,0.00,0.03,Matches,FA Cup,2024-2025
fa47f160,Jordan Storey,eng ENG,DF,26,35,35,"3,062",34.0,1,1,2,1,0,0,6,0,0.03,0.03,0.06,0.03,0.06,Matches,FA Cup,2024-2025
292cdb26,Emil Riis Jakobsen,dk DEN,FW,26,45,29,"2,716",30.2,12,2,14,12,0,0,2,0,0.40,0.07,0.46,0.40,0.46,Matches,FA Cup,2024-2025
30d47f6f,Liam Lindsay,sct SCO,DF,28,35,29,"2,609",29.0,1,1,2,1,0,0,10,2,0.03,0.03,0.07,0.03,0.07,Matches,FA Cup,2024-2025
ed9daa96,Stefán Þórðarson,is ISL,MF,25,39,29,"2,503",27.8,3,2,5,3,0,0,6,0,0.11,0.07,0.18,0.11,0.18,Matches,FA Cup,2024-2025
f3354c07,Sam Greenwood,eng ENG,"MF,FW",22,38,29,"2,427",27.0,5,3,8,3,2,2,9,2,0.19,0.11,0.30,0.11,0.22,Matches,FA Cup,2024-2025
0a14d8a7,Alistair McCann,nir NIR,MF,24,29,28,"2,418",26.9,1,0,1,1,0,0,9,0,0.04,0.00,0.04,0.04,0.04,Matches,FA Cup,2024-2025
7b69e7cc,Ben Whiteman,eng ENG,MF,28,35,27,"2,495",27.7,0,2,2,0,0,0,12,0,0.00,0.07,0.07,0.00,0.07,Matches,FA Cup,2024-2025
108e44ca,Mads Frøkjær-Jensen,dk DEN,"MF,FW",25,38,27,"2,362",26.2,2,5,7,2,0,0,8,0,0.08,0.19,0.27,0.08,0.27,Matches,FA Cup,2024-2025
a81ba56b,Brad Potts,eng ENG,"MF,DF",30,29,22,"2,056",22.8,4,2,6,4,0,0,4,0,0.18,0.09,0.26,0.18,0.26,Matches,FA Cup,2024-2025
375ed9d7,Milutin Osmajić,me MNE,FW,25,34,20,"1,918",21.3,9,3,12,9,0,0,4,0,0.42,0.14,0.56,0.42,0.56,Matches,FA Cup,2024-2025
cdf0f2db,Lewis Gibson,eng ENG,DF,24,19,19,"1,634",18.2,1,0,1,1,0,0,2,0,0.06,0.00,0.06,0.06,0.06,Matches,FA Cup,2024-2025
96bb8cc2,Robbie Brady,ie IRL,MF,32,29,17,"1,638",18.2,0,4,4,0,0,0,8,0,0.00,0.22,0.22,0.00,0.22,Matches,FA Cup,2024-2025
33a5c9b8,Ryan Ledson,eng ENG,MF,26,26,14,"1,211",13.5,1,1,2,1,0,0,7,0,0.07,0.07,0.15,0.07,0.15,Matches,FA Cup,2024-2025
fc7f8f87,Will Keane,ie IRL,"FW,MF",31,27,13,"1,124",12.5,3,0,3,3,0,0,0,0,0.24,0.00,0.24,0.24,0.24,Matches,FA Cup,2024-2025
8d32206c,Jack Whatmough,eng ENG,DF,27,16,12,"1,118",12.4,0,1,1,0,0,0,4,0,0.00,0.08,0.08,0.00,0.08,Matches,FA Cup,2024-2025
07382f6c,Jayden Meghoma,eng ENG,"MF,DF",18,12,11,768,8.5,0,1,1,0,0,0,1,0,0.00,0.12,0.12,0.00,0.12,Matches,FA Cup,2024-2025
514725a0,Ryan Porteous,sct SCO,DF,25,11,9,823,9.1,1,0,1,1,0,0,2,0,0.11,0.00,0.11,0.11,0.11,Matches,FA Cup,2024-2025
0c9aad01,David Cornell,wls WAL,GK,33,10,9,811,9.0,0,0,0,0,0,0,0,0,0.00,0.00,0.00,0.00,0.00,Matches,FA Cup,2024-2025
47a050ed,Duane Holmes,us USA,MF,29,29,6,835,9.3,1,1,2,1,0,0,4,0,0.11,0.11,0.22,0.11,0.22,Matches,FA Cup,2024-2025
ea39a081,Josh Bowler,eng ENG,"MF,FW",25,10,6,456,5.1,0,0,0,0,0,0,0,0,0.00,0.00,0.00,0.00,0.00,Matches,FA Cup,2024-2025
c3b0f15f,Jeppe Okkels,dk DEN,MF,25,7,1,125,1.4,0,0,0,0,0,0,0,0,0.00,0.00,0.00,0.00,0.00,Matches,FA Cup,2024-2025
bb770c52,Ched Evans,wls WAL,FW,35,8,0,102,1.1,0,2,2,0,0,0,0,0,0.00,1.76,1.76,0.00,1.76,Matches,FA Cup,2024-2025
1bd6bc77,Patrick Bauer,de GER,DF,31,1,0,6,0.1,0,0,0,0,0,0,0,0,0.00,0.00,0.00,0.00,0.00,Matches,FA Cup,2024-2025
171642db,Kian Best,eng ENG,DF,18,1,0,4,0.0,0,0,0,0,0,0,0,0,0.00,0.00,0.00,0.00,0.00,Matches,FA Cup,2024-2025
3ab9ab98,Theo Carroll,eng ENG,MF,17,1,0,4,0.0,0,0,0,0,0,0,0,0,0.00,0.00,0.00,0.00,0.00,Matches,FA Cup,2024-2025
4e225b9c,Theo Mawene,eng ENG,MF,17,0,0,,0.0,0,0,0,0,0,0,1,0,,,,,,Matches,FA Cup,2024-2025
e83b8923,Felipe Gentile,br BRA,FW,17,0,0,,,,,,,,,,,,,,,,Matches,FA Cup,2024-2025
c86019f2,Kaedyn Kamara,eng ENG,MF,18,0,0,,,,,,,,,,,,,,,,Matches,FA Cup,2024-2025
97c02ef8,Cole McGhee,eng ENG,DF,18,0,0,,,,,,,,,,,,,,,,Matches,FA Cup,2024-2025
4cebc038,Kitt Nelson,eng ENG,MF,19,0,0,,,,,,,,,,,,,,,,Matches,FA Cup,2024-2025
af41ba84,Kacper Pasiek,pl POL,DF,18,0,0,,,,,,,,,,,,,,,,Matches,FA Cup,2024-2025
f0344889,James Pradic,wls WAL,GK,19,0,0,,,,,,,,,,,,,,,,Matches,FA Cup,2024-2025
8aff6bc7,Layton Stewart,eng ENG,FW,21,0,0,,,,,,,,,,,,,,,,Matches,FA Cup,2024-2025
1e715034,Li-Bau Stowell,,GK,,0,0,,,,,,,,,,,,,,,,Matches,FA Cup,2024-2025
44ce708f,Troy Tarry,,DF,,0,0,,,,,,,,,,,,,,,,Matches,FA Cup,2024-2025
f5e30f6c,Sam Lavelle,sct SCO,DF,27,37,35,"3,137",34.9,4,1,5,4,0,0,7,0,0.11,0.03,0.14,0.11,0.14,Matches,FA Cup,2024-2025
675b7bd7,Gabriel Breeze,eng ENG,GK,20,32,32,"2,880",32.0,0,0,0,0,0,0,5,0,0.00,0.00,0.00,0.00,0.00,Matches,FA Cup,2024-2025
5ed72124,Cameron Harper,sct SCO,"MF,DF",22,36,30,"2,740",30.4,0,3,3,0,0,0,5,0,0.00,0.10,0.10,0.00,0.10,Matches,FA Cup,2024-2025
d41d3d7b,Terell Thomas,lc LCA,DF,28,32,29,"2,671",29.7,1,0,1,1,0,0,5,0,0.03,0.00,0.03,0.03,0.03,Matches,FA Cup,2024-2025
24396398,Kadeem Harris,eng ENG,MF,31,30,26,"2,328",25.9,3,2,5,3,0,1,2,0,0.12,0.08,0.19,0.12,0.19,Matches,FA Cup,2024-2025
100d6085,Aaron Hayden,eng ENG,DF,27,24,23,"1,972",21.9,3,1,4,3,0,0,10,0,0.14,0.05,0.18,0.14,0.18,Matches,FA Cup,2024-2025
4bc65f1a,Callum Whelan,eng ENG,MF,25,23,22,"1,891",21.0,2,1,3,2,0,0,3,0,0.10,0.05,0.14,0.10,0.14,Matches,FA Cup,2024-2025
e84eed41,Jon Mellish,eng ENG,"DF,MF",26,23,21,"1,877",20.9,2,2,4,2,0,0,6,1,0.10,0.10,0.19,0.10,0.19,Matches,FA Cup,2024-2025
f14536b9,Archie Davies,eng ENG,"DF,MF",25,21,21,"1,726",19.2,1,2,3,1,0,0,7,0,0.05,0.10,0.16,0.05,0.16,Matches,FA Cup,2024-2025
54778940,Dominic Sadi,eng ENG,"MF,FW",20,22,17,"1,552",17.2,2,1,3,2,0,0,4,0,0.12,0.06,0.17,0.12,0.17,Matches,FA Cup,2024-2025
d2bf42ba,Jordan Jones,nir NIR,"MF,FW",29,21,17,"1,456",16.2,0,0,0,0,0,0,8,1,0.00,0.00,0.00,0.00,0.00,Matches,FA Cup,2024-2025
dede4a42,Josh Vela,eng ENG,"MF,FW",30,29,17,"1,455",16.2,0,0,0,0,0,0,8,0,0.00,0.00,0.00,0.00,0.00,Matches,FA Cup,2024-2025
c35e99d8,Harry Lewis,eng ENG,GK,26,14,14,"1,260",14.0,0,0,0,0,0,0,0,0,0.00,0.00,0.00,0.00,0.00,Matches,FA Cup,2024-2025
17dff2e1,Ben Barclay,eng ENG,"DF,MF",27,22,14,"1,221",13.6,1,1,2,1,0,0,6,0,0.07,0.07,0.15,0.07,0.15,Matches,FA Cup,2024-2025
2ade783c,Harrison Neal,eng ENG,MF,23,21,13,"1,347",15.0,1,0,1,1,0,0,7,0,0.07,0.00,0.07,0.07,0.07,Matches,FA Cup,2024-2025
d6556450,Luke Armstrong,eng ENG,FW,28,20,13,"1,236",13.7,3,1,4,3,0,0,0,0,0.22,0.07,0.29,0.22,0.29,Matches,FA Cup,2024-2025
a98a15b2,Harrison Biggins,eng ENG,MF,28,17,13,"1,220",13.6,0,2,2,0,0,0,2,0,0.00,0.15,0.15,0.00,0.15,Matches,FA Cup,2024-2025
c43701a0,Stephen Wearne,eng ENG,"MF,FW",23,18,13,"1,098",12.2,2,2,4,2,0,0,1,0,0.16,0.16,0.33,0.16,0.33,Matches,FA Cup,2024-2025
9a774091,Callum Guy,eng ENG,MF,27,20,12,"1,016",11.3,0,0,0,0,0,0,1,0,0.00,0.00,0.00,0.00,0.00,Matches,FA Cup,2024-2025
2093823e,Daniel Adu-Adjei,eng ENG,"FW,MF",19,14,11,"1,028",11.4,2,1,3,2,0,0,2,0,0.18,0.09,0.26,0.18,0.26,Matches,FA Cup,2024-2025
c97c3a37,Matthew Dennis,eng ENG,FW,22,14,11,966,10.7,6,1,7,6,0,0,5,1,0.56,0.09,0.65,0.56,0.65,Matches,FA Cup,2024-2025
e8a427a3,Elliot Embleton,eng ENG,MF,25,18,11,897,10.0,0,3,3,0,0,0,3,1,0.00,0.30,0.30,0.00,0.30,Matches,FA Cup,2024-2025
c205e165,Charlie Wyke,eng ENG,FW,31,13,10,862,9.6,2,0,2,1,1,1,2,0,0.21,0.00,0.21,0.10,0.10,Matches,FA Cup,2024-2025
510aefd6,Jack Ellis,eng ENG,"DF,MF",20,21,9,934,10.4,1,3,4,1,0,0,3,0,0.10,0.29,0.39,0.10,0.39,Matches,FA Cup,2024-2025
49134eb2,Joe Hugill,eng ENG,FW,20,17,9,855,9.5,2,0,2,2,0,0,3,0,0.21,0.00,0.21,0.21,0.21,Matches,FA Cup,2024-2025
25940efe,Charlie McArthur,sct SCO,DF,19,10,8,745,8.3,0,0,0,0,0,0,4,0,0.00,0.00,0.00,0.00,0.00,Matches,FA Cup,2024-2025
acc25f5a,Sean Fusire,zw ZIM,MF,19,14,8,641,7.1,0,2,2,0,0,0,1,0,0.00,0.28,0.28,0.00,0.28,Matches,FA Cup,2024-2025
7410e1e8,Ben Williams,wls WAL,"DF,MF",25,8,8,535,5.9,0,0,0,0,0,0,0,0,0.00,0.00,0.00,0.00,0.00,Matches,FA Cup,2024-2025
003db40b,Georgie Kelly,ie IRL,FW,27,18,7,748,8.3,5,1,6,5,0,0,3,0,0.60,0.12,0.72,0.60,0.72,Matches,FA Cup,2024-2025
108a7f3e,Josh Williams,eng ENG,"MF,DF",21,6,6,488,5.4,0,1,1,0,0,0,1,0,0.00,0.18,0.18,0.00,0.18,Matches,FA Cup,2024-2025
8de9b2a2,Will Patching,eng ENG,MF,25,10,6,480,5.3,0,0,0,0,0,0,2,0,0.00,0.00,0.00,0.00,0.00,Matches,FA Cup,2024-2025
b2cc8af4,Cedwyn Scott,eng ENG,"MF,FW",25,11,5,540,6.0,1,1,2,1,0,0,0,0,0.17,0.17,0.33,0.17,0.33,Matches,FA Cup,2024-2025
0daa8ef1,Tyler Burey,eng ENG,MF,22,10,5,450,5.0,0,0,0,0,0,0,1,0,0.00,0.00,0.00,0.00,0.00,Matches,FA Cup,2024-2025
5f6f8dee,Joe Bevan,sct SCO,MF,19,14,3,367,4.1,0,0,0,0,0,0,2,0,0.00,0.00,0.00,0.00,0.00,Matches,FA Cup,2024-2025
6c7bdcbd,Dylan McGeouch,sct SCO,MF,31,6,3,237,2.6,0,1,1,0,0,0,1,0,0.00,0.38,0.38,0.00,0.38,Matches,FA Cup,2024-2025
189d9f04,Taylor Charters,eng ENG,"MF,FW",22,6,2,199,2.2,0,0,0,0,0,0,1,0,0.00,0.00,0.00,0.00,0.00,Matches,FA Cup,2024-2025
961a5164,Ethan Robson,eng ENG,MF,27,7,1,193,2.1,0,0,0,0,0,0,2,0,0.00,0.00,0.00,0.00,0.00,Matches,FA Cup,2024-2025
3fe6bd8c,Paul Dummett,wls WAL,DF,32,3,1,34,0.4,0,0,0,0,0,0,0,0,0.00,0.00,0.00,0.00,0.00,Matches,FA Cup,2024-2025
df25cb0e,Jack Robinson,eng ENG,DF,23,3,0,85,0.9,0,0,0,0,0,0,1,0,0.00,0.00,0.00,0.00,0.00,Matches,FA Cup,2024-2025
5564eb4f,Daniel Butterworth,eng ENG,"FW,MF",24,3,0,44,0.5,0,1,1,0,0,0,0,0,0.00,2.05,2.05,0.00,2.05,Matches,FA Cup,2024-2025
89537ebb,Anton Dudik,ua UKR,FW,19,1,0,12,0.1,0,0,0,0,0,0,0,0,0.00,0.00,0.00,0.00,0.00,Matches,FA Cup,2024-2025
fe409267,Freddie O'Donoghue,,FW,,2,0,12,0.1,0,0,0,0,0,0,0,0,0.00,0.00,0.00,0.00,0.00,Matches,FA Cup,2024-2025
eb9b009e,Jake Allan,eng ENG,MF,18,0,0,,,,,,,,,,,,,,,,Matches,FA Cup,2024-2025
beebc249,Sam Hetherington,eng ENG,MF,18,0,0,,,,,,,,,,,,,,,,Matches,FA Cup,2024-2025
27c6d0b9,Thomas Randall,eng ENG,GK,17,0,0,,,,,,,,,,,,,,,,Matches,FA Cup,2024-2025
2442776f,Jude Smith,sct SCO,GK,21,0,0,,,,,,,,,,,,,,,,Matches,FA Cup,2024-2025
8092d497,Luke O'Nien,eng ENG,DF,29,45,44,"3,934",43.7,3,1,4,3,0,1,9,0,0.07,0.02,0.09,0.07,0.09,Matches,FA Cup,2024-2025
a47ad0f5,Dan Neil,eng ENG,MF,22,44,44,"3,877",43.1,2,3,5,2,0,0,4,1,0.05,0.07,0.12,0.05,0.12,Matches,FA Cup,2024-2025
4fa3a3a4,Trai Hume,nir NIR,DF,22,44,43,"3,810",42.3,3,6,9,3,0,0,11,1,0.07,0.14,0.21,0.07,0.21,Matches,FA Cup,2024-2025
b2470c6f,Anthony Patterson,eng ENG,GK,24,42,42,"3,780",42.0,0,0,0,0,0,0,3,0,0.00,0.00,0.00,0.00,0.00,Matches,FA Cup,2024-2025
c88ff68d,Jobe Bellingham,eng ENG,MF,18,40,39,"3,507",39.0,4,3,7,4,0,0,10,1,0.10,0.08,0.18,0.10,0.18,Matches,FA Cup,2024-2025
59d93937,Patrick Roberts,eng ENG,"MF,FW",27,45,38,"3,280",36.4,2,7,9,1,1,2,8,0,0.05,0.19,0.25,0.03,0.22,Matches,FA Cup,2024-2025
fed96827,Chris Mepham,wls WAL,DF,26,38,37,"3,273",36.4,1,0,1,1,0,0,10,1,0.03,0.00,0.03,0.03,0.03,Matches,FA Cup,2024-2025
35741fe2,Chris Rigg,eng ENG,"MF,FW",17,42,36,"3,055",33.9,4,1,5,4,0,0,8,0,0.12,0.03,0.15,0.12,0.15,Matches,FA Cup,2024-2025
a671316d,Wilson Isidor,ht HAI,FW,23,43,34,"3,112",34.6,12,2,14,12,0,2,9,0,0.35,0.06,0.40,0.35,0.40,Matches,FA Cup,2024-2025
307ea3b6,Dennis Cirkin,lv LVA,DF,22,36,30,"2,740",30.4,3,2,5,3,0,0,6,0,0.10,0.07,0.16,0.10,0.16,Matches,FA Cup,2024-2025
6a021e43,Eliezer Mayenda,es ESP,"FW,MF",19,37,22,"2,155",23.9,8,5,13,8,0,0,2,0,0.33,0.21,0.54,0.33,0.54,Matches,FA Cup,2024-2025
597610cd,Romaine Mundle,eng ENG,"MF,FW",21,22,17,"1,433",15.9,5,2,7,5,0,0,1,0,0.31,0.13,0.44,0.31,0.44,Matches,FA Cup,2024-2025
25dea15a,Alan Browne,ie IRL,"MF,DF",29,22,13,"1,212",13.5,1,0,1,1,0,0,1,0,0.07,0.00,0.07,0.07,0.07,Matches,FA Cup,2024-2025
38f300f3,Daniel Ballard,nir NIR,DF,24,20,12,"1,127",12.5,2,1,3,2,0,0,3,0,0.16,0.08,0.24,0.16,0.24,Matches,FA Cup,2024-2025
6f806d99,Enzo Le Fée,fr FRA,MF,24,15,11,"1,001",11.1,1,1,2,1,0,0,2,0,0.09,0.09,0.18,0.09,0.18,Matches,FA Cup,2024-2025
9886c32e,Tom Watson,eng ENG,MF,18,20,11,891,9.9,2,0,2,2,0,0,2,0,0.20,0.00,0.20,0.20,0.20,Matches,FA Cup,2024-2025
182a8b9d,Ajibola Alese,eng ENG,DF,23,12,8,703,7.8,0,0,0,0,0,0,2,0,0.00,0.00,0.00,0.00,0.00,Matches,FA Cup,2024-2025
d102b8a2,Leo Fuhr Hjelde,no NOR,DF,20,15,5,410,4.6,0,1,1,0,0,0,3,0,0.00,0.22,0.22,0.00,0.22,Matches,FA Cup,2024-2025
e7434f04,Simon Moore,eng ENG,GK,34,4,4,360,4.0,0,0,0,0,0,0,1,0,0.00,0.00,0.00,0.00,0.00,Matches,FA Cup,2024-2025
b94b8be1,Adil Aouchiche,dz ALG,MF,22,8,3,296,3.3,0,1,1,0,0,0,0,0,0.00,0.30,0.30,0.00,0.30,Matches,FA Cup,2024-2025
c79f7793,Milan Aleksić,rs SRB,MF,18,8,3,290,3.2,0,0,0,0,0,0,1,0,0.00,0.00,0.00,0.00,0.00,Matches,FA Cup,2024-2025
82464ce3,Salis Abdul Samed,gh GHA,MF,24,10,3,283,3.1,0,0,0,0,0,0,0,0,0.00,0.00,0.00,0.00,0.00,Matches,FA Cup,2024-2025
27c01749,Aaron Connolly,ie IRL,"MF,FW",24,10,2,246,2.7,1,0,1,1,0,0,0,0,0.37,0.00,0.37,0.37,0.37,Matches,FA Cup,2024-2025
e16932d8,Jack Clarke,eng ENG,MF,23,2,2,179,2.0,1,1,2,1,0,0,0,0,0.50,0.50,1.01,0.50,1.01,Matches,FA Cup,2024-2025
2a78981b,Harrison Jones,eng ENG,MF,19,4,2,132,1.5,0,0,0,0,0,0,1,0,0.00,0.00,0.00,0.00,0.00,Matches,FA Cup,2024-2025
19a890ba,Joe Anderson,eng ENG,DF,23,2,1,99,1.1,0,0,0,0,0,0,1,0,0.00,0.00,0.00,0.00,0.00,Matches,FA Cup,2024-2025
55b4f1d6,Ian Poveda,eng ENG,"FW,MF",24,6,0,86,1.0,0,0,0,0,0,0,2,0,0.00,0.00,0.00,0.00,0.00,Matches,FA Cup,2024-2025
dab75831,Nazariy Rusyn,ua UKR,"FW,MF",25,8,0,72,0.8,0,0,0,0,0,0,1,0,0.00,0.00,0.00,0.00,0.00,Matches,FA Cup,2024-2025
ec75ee25,Jenson Seelt,nl NED,DF,21,1,0,22,0.2,0,0,0,0,0,0,0,0,0.00,0.00,0.00,0.00,0.00,Matches,FA Cup,2024-2025
73d58203,Nectarios Triantis,gr GRE,"DF,MF",21,1,0,1,0.0,0,0,0,0,0,0,0,0,0.00,0.00,0.00,0.00,0.00,Matches,FA Cup,2024-2025
3f651f34,Abdoullah Ba,fr FRA,MF,21,0,0,,,,,,,,,,,,,,,,Matches,FA Cup,2024-2025
f4bbe2ed,Oliver Bainbridge,eng ENG,DF,19,0,0,,,,,,,,,,,,,,,,Matches,FA Cup,2024-2025
51d0587c,Ben Crompton,eng ENG,DF,20,0,0,,,,,,,,,,,,,,,,Matches,FA Cup,2024-2025
830371be,Pierre Ekwah Elimby,fr FRA,MF,22,0,0,,,,,,,,,,,,,,,,Matches,FA Cup,2024-2025
67cd6d8d,Zac Johnson,eng ENG,DF,20,0,0,,,,,,,,,,,,,,,,Matches,FA Cup,2024-2025
404b1e8f,Thomas Lavery,eng ENG,DF,18,0,0,,,,,,,,,,,,,,,,Matches,FA Cup,2024-2025
e823ee1c,Ben Middlemas,eng ENG,MF,19,0,0,,,,,,,,,,,,,,,,Matches,FA Cup,2024-2025
9b526c28,Blondy Nna Noukeu,cm CMR,GK,23,0,0,,,,,,,,,,,,,,,,Matches,FA Cup,2024-2025
44301298,Trey Ogunsuyi,eng ENG,FW,17,0,0,,,,,,,,,,,,,,,,Matches,FA Cup,2024-2025
7ba5d93b,Timur Tuterov,ua UKR,MF,19,0,0,,,,,,,,,,,,,,,,Matches,FA Cup,2024-2025
e342ad68,Mohamed Salah,eg EGY,MF,32,38,38,"3,371",37.5,29,18,47,20,9,9,1,0,0.77,0.48,1.25,0.53,1.01,Matches,FA Cup,2024-2025
e06683ca,Virgil van Dijk,nl NED,DF,33,37,37,"3,330",37.0,3,1,4,3,0,0,5,0,0.08,0.03,0.11,0.08,0.11,Matches,FA Cup,2024-2025
b8e740fb,Ryan Gravenberch,nl NED,MF,22,37,37,"3,160",35.1,0,4,4,0,0,0,6,1,0.00,0.11,0.11,0.00,0.11,Matches,FA Cup,2024-2025
83d074ff,Alexis Mac Allister,ar ARG,MF,25,35,30,"2,599",28.9,5,5,10,5,0,0,6,0,0.17,0.17,0.35,0.17,0.35,Matches,FA Cup,2024-2025
5ed9b537,Ibrahima Konaté,fr FRA,DF,25,31,30,"2,560",28.4,1,2,3,1,0,0,5,0,0.04,0.07,0.11,0.04,0.11,Matches,FA Cup,2024-2025
934e1968,Dominik Szoboszlai,hu HUN,MF,23,36,29,"2,491",27.7,6,6,12,6,0,0,6,0,0.22,0.22,0.43,0.22,0.43,Matches,FA Cup,2024-2025
2e4f5f03,Andrew Robertson,sct SCO,DF,30,33,29,"2,482",27.6,0,1,1,0,0,0,3,1,0.00,0.04,0.04,0.00,0.04,Matches,FA Cup,2024-2025
7a2e46a8,Alisson,br BRA,GK,31,28,28,"2,508",27.9,0,0,0,0,0,0,0,0,0.00,0.00,0.00,0.00,0.00,Matches,FA Cup,2024-2025
4a1a9578,Luis Díaz,co COL,"FW,MF",27,36,28,"2,399",26.7,13,5,18,13,0,0,2,0,0.49,0.19,0.68,0.49,0.68,Matches,FA Cup,2024-2025
cd1acf9d,Trent Alexander-Arnold,eng ENG,DF,25,33,28,"2,365",26.3,3,6,9,3,0,0,5,0,0.11,0.23,0.34,0.11,0.34,Matches,FA Cup,2024-2025
1971591f,Cody Gakpo,nl NED,MF,25,35,23,"1,935",21.5,10,4,14,10,0,0,5,0,0.47,0.19,0.65,0.47,0.65,Matches,FA Cup,2024-2025
4fb9c88f,Curtis Jones,eng ENG,"MF,DF",23,33,19,"1,712",19.0,3,3,6,3,0,0,3,1,0.16,0.16,0.32,0.16,0.32,Matches,FA Cup,2024-2025
178ae8f8,Diogo Jota,pt POR,FW,27,26,14,"1,196",13.3,6,3,9,6,0,0,2,0,0.45,0.23,0.68,0.45,0.68,Matches,FA Cup,2024-2025
62d7ef38,Caoimhín Kelleher,ie IRL,GK,25,10,10,900,10.0,0,0,0,0,0,0,0,0,0.00,0.00,0.00,0.00,0.00,Matches,FA Cup,2024-2025
f315ca93,Kostas Tsimikas,gr GRE,DF,28,18,9,837,9.3,0,1,1,0,0,0,2,0,0.00,0.11,0.11,0.00,0.11,Matches,FA Cup,2024-2025
4d77b365,Darwin Núñez,uy URU,FW,25,30,8,"1,133",12.6,5,2,7,5,0,0,8,0,0.40,0.16,0.56,0.40,0.56,Matches,FA Cup,2024-2025
bbd67769,Conor Bradley,nir NIR,DF,21,19,7,754,8.4,0,2,2,0,0,0,4,0,0.00,0.24,0.24,0.00,0.24,Matches,FA Cup,2024-2025
7a11550b,Joe Gomez,eng ENG,DF,27,9,6,519,5.8,0,0,0,0,0,0,1,0,0.00,0.00,0.00,0.00,0.00,Matches,FA Cup,2024-2025
4125cb98,Jarell Quansah,eng ENG,DF,21,13,4,495,5.5,0,0,0,0,0,0,2,0,0.00,0.00,0.00,0.00,0.00,Matches,FA Cup,2024-2025
b9e1436c,Harvey Elliott,eng ENG,MF,21,18,2,371,4.1,1,2,3,1,0,0,1,0,0.24,0.49,0.73,0.24,0.73,Matches,FA Cup,2024-2025
c149016b,Wataru Endo,jp JPN,MF,31,20,1,273,3.0,0,0,0,0,0,0,0,0,0.00,0.00,0.00,0.00,0.00,Matches,FA Cup,2024-2025
b0f7e36c,Federico Chiesa,it ITA,FW,26,6,1,108,1.2,0,0,0,0,0,0,0,0,0.00,0.00,0.00,0.00,0.00,Matches,FA Cup,2024-2025
12bb4d6a,Vitezslav Jaros,cz CZE,GK,23,1,0,12,0.1,0,0,0,0,0,0,0,0,0.00,0.00,0.00,0.00,0.00,Matches,FA Cup,2024-2025
003cf4d1,Jayden Danns,eng ENG,FW,18,1,0,11,0.1,0,0,0,0,0,0,0,0,0.00,0.00,0.00,0.00,0.00,Matches,FA Cup,2024-2025
fd08a24b,Harvey Davies,eng ENG,GK,20,0,0,,,,,,,,,,,,,,,,Matches,FA Cup,2024-2025
bf973eeb,James McConnell,eng ENG,MF,19,0,0,,,,,,,,,,,,,,,,Matches,FA Cup,2024-2025
2bc28bb9,Tyler Morton,eng ENG,MF,21,0,0,,,,,,,,,,,,,,,,Matches,FA Cup,2024-2025
398a24f6,Amara Nallo,eng ENG,DF,17,0,0,,,,,,,,,,,,,,,,Matches,FA Cup,2024-2025
1d3b3d77,Trey Nyoni,eng ENG,MF,17,0,0,,,,,,,,,,,,,,,,Matches,FA Cup,2024-2025
8a76b623,Mitchell Pinnock,eng ENG,MF,29,46,45,"3,924",43.6,2,7,9,2,0,0,5,0,0.05,0.16,0.21,0.05,0.21,Matches,FA Cup,2024-2025
a3097cfa,Cameron McGeehan,nir NIR,"MF,FW",29,40,40,"3,495",38.8,10,5,15,10,0,0,12,0,0.26,0.13,0.39,0.26,0.39,Matches,FA Cup,2024-2025
7292e67b,Sam Hoskins,eng ENG,"MF,FW",31,37,32,"2,835",31.5,7,1,8,5,2,3,6,0,0.22,0.03,0.25,0.16,0.19,Matches,FA Cup,2024-2025
1610fef3,Akin Odimayo,eng ENG,"DF,MF",24,41,32,"2,743",30.5,0,1,1,0,0,0,4,1,0.00,0.03,0.03,0.00,0.03,Matches,FA Cup,2024-2025
1393c5ac,Lee Burge,eng ENG,GK,31,30,30,"2,674",29.7,0,0,0,0,0,0,1,0,0.00,0.00,0.00,0.00,0.00,Matches,FA Cup,2024-2025
ed2738f9,Aaron McGowan,eng ENG,"DF,MF",28,35,30,"2,410",26.8,1,1,2,1,0,0,3,0,0.04,0.04,0.07,0.04,0.07,Matches,FA Cup,2024-2025
ce7d5878,Jon Guthrie,eng ENG,DF,32,24,24,"2,109",23.4,1,2,3,1,0,0,4,0,0.04,0.09,0.13,0.04,0.13,Matches,FA Cup,2024-2025
9e724c44,Nesta Guinness-Walker,eng ENG,"DF,MF",24,27,23,"2,074",23.0,1,2,3,1,0,0,3,1,0.04,0.09,0.13,0.04,0.13,Matches,FA Cup,2024-2025
6c17e046,Tyler Roberts,wls WAL,"FW,MF",25,27,21,"1,724",19.2,1,2,3,1,0,0,5,1,0.05,0.10,0.16,0.05,0.16,Matches,FA Cup,2024-2025
1512c4f6,Terry Taylor,sct SCO,MF,23,19,19,"1,679",18.7,1,2,3,1,0,0,5,0,0.05,0.11,0.16,0.05,0.16,Matches,FA Cup,2024-2025
3dcef539,Tariqe Fosu,gh GHA,"MF,FW",28,34,17,"1,631",18.1,4,2,6,4,0,1,3,0,0.22,0.11,0.33,0.22,0.33,Matches,FA Cup,2024-2025
449949f4,Timothy Eyoma,eng ENG,DF,24,24,17,"1,630",18.1,0,0,0,0,0,0,3,0,0.00,0.00,0.00,0.00,0.00,Matches,FA Cup,2024-2025
6c1ebbc8,Samy Chouchane,tn TUN,MF,20,22,17,"1,357",15.1,0,2,2,0,0,0,3,0,0.00,0.13,0.13,0.00,0.13,Matches,FA Cup,2024-2025
1312686b,Nik Tzanev,nz NZL,GK,27,17,16,"1,459",16.2,0,0,0,0,0,0,0,0,0.00,0.00,0.00,0.00,0.00,Matches,FA Cup,2024-2025
377c465b,Tom Eaves,eng ENG,FW,32,23,14,"1,364",15.2,5,2,7,5,0,0,4,1,0.33,0.13,0.46,0.33,0.46,Matches,FA Cup,2024-2025
6281b7ed,Dara Costelloe,ie IRL,FW,21,15,14,"1,250",13.9,6,0,6,5,1,1,2,0,0.43,0.00,0.43,0.36,0.36,Matches,FA Cup,2024-2025
4bd3a00a,Ben Perry,eng ENG,MF,19,17,14,"1,226",13.6,0,0,0,0,0,0,4,0,0.00,0.00,0.00,0.00,0.00,Matches,FA Cup,2024-2025
dfcb90c9,Max Dyche,eng ENG,DF,21,20,13,"1,331",14.8,0,1,1,0,0,0,3,0,0.00,0.07,0.07,0.00,0.07,Matches,FA Cup,2024-2025
df3e805c,William Hondermarck,cg CGO,MF,23,33,12,"1,358",15.1,0,0,0,0,0,0,2,0,0.00,0.00,0.00,0.00,0.00,Matches,FA Cup,2024-2025
8ae7c4f9,Jack Baldwin,eng ENG,DF,31,22,11,"1,133",12.6,1,0,1,1,0,0,3,0,0.08,0.00,0.08,0.08,0.08,Matches,FA Cup,2024-2025
b1d4d4d8,Jordan Willis,eng ENG,DF,29,15,11,817,9.1,0,0,0,0,0,0,0,0,0.00,0.00,0.00,0.00,0.00,Matches,FA Cup,2024-2025
c62f13f2,Ben Fox,eng ENG,MF,26,13,10,818,9.1,0,0,0,0,0,0,3,0,0.00,0.00,0.00,0.00,0.00,Matches,FA Cup,2024-2025
387e1d35,Luke Mbete-Tatu,eng ENG,DF,20,13,9,854,9.5,0,0,0,0,0,0,2,0,0.00,0.00,0.00,0.00,0.00,Matches,FA Cup,2024-2025
f17ba2da,Liam Shaw,eng ENG,MF,23,8,8,701,7.8,2,0,2,2,0,0,2,0,0.26,0.00,0.26,0.26,0.26,Matches,FA Cup,2024-2025
ff5ba496,Jack Sowerby,eng ENG,MF,29,10,8,610,6.8,0,0,0,0,0,0,1,0,0.00,0.00,0.00,0.00,0.00,Matches,FA Cup,2024-2025
9298c3b3,Tyler Magloire,eng ENG,DF,25,21,6,644,7.2,1,0,1,1,0,0,2,0,0.14,0.00,0.14,0.14,0.14,Matches,FA Cup,2024-2025
cb006b7e,Callum Morton,eng ENG,FW,24,7,5,481,5.3,1,1,2,1,0,0,0,0,0.19,0.19,0.37,0.19,0.37,Matches,FA Cup,2024-2025
076bb352,Liam McCarron,sct SCO,"MF,FW",23,16,4,410,4.6,1,0,1,1,0,0,0,0,0.22,0.00,0.22,0.22,0.22,Matches,FA Cup,2024-2025
82726be5,Ali Koiki,eng ENG,DF,24,5,2,191,2.1,0,0,0,0,0,0,0,0,0.00,0.00,0.00,0.00,0.00,Matches,FA Cup,2024-2025
4fdba4d6,Patrick Brough,eng ENG,DF,28,5,1,99,1.1,0,0,0,0,0,0,1,0,0.00,0.00,0.00,0.00,0.00,Matches,FA Cup,2024-2025
979cb300,Matt Dibley-Dias,nz NZL,MF,20,2,1,62,0.7,0,0,0,0,0,0,0,0,0.00,0.00,0.00,0.00,0.00,Matches,FA Cup,2024-2025
b0d786ee,James Wilson,eng ENG,"FW,MF",28,9,0,141,1.6,0,0,0,0,0,0,0,0,0.00,0.00,0.00,0.00,0.00,Matches,FA Cup,2024-2025
8ebea784,Martyn Waghorn,eng ENG,"FW,MF",34,6,0,101,1.1,0,0,0,0,0,0,1,0,0.00,0.00,0.00,0.00,0.00,Matches,FA Cup,2024-2025
ca8d463a,Neo Dobson,,FW,,4,0,69,0.8,0,0,0,0,0,0,1,0,0.00,0.00,0.00,0.00,0.00,Matches,FA Cup,2024-2025
c29c43a3,Fran Obiagwu,,FW,,2,0,14,0.2,0,0,0,0,0,0,0,0,0.00,0.00,0.00,0.00,0.00,Matches,FA Cup,2024-2025
5944ec47,Harvey Lintott,eng ENG,DF,21,1,0,9,0.1,0,0,0,0,0,0,0,0,0.00,0.00,0.00,0.00,0.00,Matches,FA Cup,2024-2025
b1991afb,James Dadge,eng ENG,GK,19,1,0,7,0.1,0,0,0,0,0,0,0,0,0.00,0.00,0.00,0.00,0.00,Matches,FA Cup,2024-2025
9ee1f2cf,Kiantay Licorish-Mullings,eng ENG,DF,17,1,0,5,0.1,0,0,0,0,0,0,0,0,0.00,0.00,0.00,0.00,0.00,Matches,FA Cup,2024-2025
4425dc8d,Joshua Tomlinson,eng ENG,DF,18,0,0,,,,,,,,,,,,,,,,Matches,FA Cup,2024-2025
ee2e66c4,Ruben Wyatt,,MF,,0,0,,,,,,,,,,,,,,,,Matches,FA Cup,2024-2025
a949d040,Lawrence Vigouroux,cl CHI,GK,30,46,46,"4,140",46.0,0,0,0,0,0,0,0,0,0.00,0.00,0.00,0.00,0.00,Matches,FA Cup,2024-2025
70723cac,Ben Cabango,wls WAL,DF,24,45,45,"4,032",44.8,2,1,3,2,0,0,9,0,0.04,0.02,0.07,0.04,0.07,Matches,FA Cup,2024-2025
efe6f6ac,Josh Tymon,eng ENG,DF,25,45,44,"3,940",43.8,2,7,9,2,0,1,7,0,0.05,0.16,0.21,0.05,0.21,Matches,FA Cup,2024-2025
3ec33276,Ronald,br BRA,MF,23,46,43,"3,761",41.8,2,7,9,2,0,0,3,0,0.05,0.17,0.22,0.05,0.22,Matches,FA Cup,2024-2025
98882eb8,Josh Key,eng ENG,DF,24,45,39,"3,469",38.5,1,3,4,1,0,0,3,0,0.03,0.08,0.10,0.03,0.10,Matches,FA Cup,2024-2025
9029d5f2,Gonçalo Franco,pt POR,MF,23,40,39,"3,141",34.9,2,2,4,2,0,0,6,0,0.06,0.06,0.11,0.06,0.11,Matches,FA Cup,2024-2025
0b0a1b58,Harry Darling,eng ENG,DF,24,39,38,"3,335",37.1,5,3,8,5,0,0,4,1,0.13,0.08,0.22,0.13,0.22,Matches,FA Cup,2024-2025
20b8cd02,Liam Cullen,wls WAL,"MF,FW",25,42,35,"2,995",33.3,11,3,14,11,0,0,8,0,0.33,0.09,0.42,0.33,0.42,Matches,FA Cup,2024-2025
81a487b9,Matt Grimes,eng ENG,MF,29,29,29,"2,610",29.0,2,1,3,1,1,1,4,0,0.07,0.03,0.10,0.03,0.07,Matches,FA Cup,2024-2025
3a049da1,Eom Jisung,kr KOR,MF,22,37,28,"2,287",25.4,3,2,5,3,0,0,2,0,0.12,0.08,0.20,0.12,0.20,Matches,FA Cup,2024-2025
15aa23ee,Žan Vipotnik,si SVN,FW,22,42,24,"2,087",23.2,7,0,7,6,1,1,1,0,0.30,0.00,0.30,0.26,0.26,Matches,FA Cup,2024-2025
ea1a5662,Myles Peart-Harris,eng ENG,MF,21,29,18,"1,665",18.5,3,4,7,3,0,0,6,0,0.16,0.22,0.38,0.16,0.38,Matches,FA Cup,2024-2025
089667a5,Lewis O'Brien,eng ENG,MF,25,16,16,"1,419",15.8,1,0,1,1,0,0,2,0,0.06,0.00,0.06,0.06,0.06,Matches,FA Cup,2024-2025
434ad289,Jay Fulton,sct SCO,MF,30,31,13,"1,289",14.3,1,0,1,1,0,0,6,0,0.07,0.00,0.07,0.07,0.07,Matches,FA Cup,2024-2025
d3813344,Oliver Cooper,wls WAL,MF,24,28,10,"1,042",11.6,1,1,2,1,0,0,0,0,0.09,0.09,0.17,0.09,0.17,Matches,FA Cup,2024-2025
b737f944,Hannes Delcroix,ht HAI,DF,25,12,10,888,9.9,0,0,0,0,0,0,2,0,0.00,0.00,0.00,0.00,0.00,Matches,FA Cup,2024-2025
e860c42f,Kyle Naughton,eng ENG,DF,35,23,9,826,9.2,0,0,0,0,0,0,1,0,0.00,0.00,0.00,0.00,0.00,Matches,FA Cup,2024-2025
adc58361,Florian Bianchini,fr FRA,FW,23,36,8,"1,103",12.3,3,0,3,3,0,0,2,0,0.24,0.00,0.24,0.24,0.24,Matches,FA Cup,2024-2025
9feb8f24,Joe Allen,wls WAL,MF,34,25,8,709,7.9,1,1,2,1,0,0,2,0,0.13,0.13,0.25,0.13,0.25,Matches,FA Cup,2024-2025
a0893a41,Azeem Abdulai,sct SCO,MF,21,17,2,348,3.9,1,0,1,1,0,0,1,0,0.26,0.00,0.26,0.26,0.26,Matches,FA Cup,2024-2025
7eb67dad,Cyrus Christie,ie IRL,DF,31,11,2,282,3.1,0,0,0,0,0,0,1,0,0.00,0.00,0.00,0.00,0.00,Matches,FA Cup,2024-2025
0fc8db7f,Samuel Parker,wls WAL,DF,18,7,0,86,1.0,0,0,0,0,0,0,0,0,0.00,0.00,0.00,0.00,0.00,Matches,FA Cup,2024-2025
c6bc201b,Josh Ginnelly,eng ENG,"FW,MF",27,3,0,33,0.4,0,0,0,0,0,0,0,0,0.00,0.00,0.00,0.00,0.00,Matches,FA Cup,2024-2025
c40d850b,Ben Lloyd,wls WAL,FW,19,2,0,8,0.1,0,0,0,0,0,0,0,0,0.00,0.00,0.00,0.00,0.00,Matches,FA Cup,2024-2025
b52223b2,Nathan Tjoe-A-On,id IDN,DF,22,1,0,3,0.0,0,0,0,0,0,0,0,0,0.00,0.00,0.00,0.00,0.00,Matches,FA Cup,2024-2025
6d80ba53,Joshua Thomas,wls WAL,FW,21,1,0,1,0.0,0,0,0,0,0,0,1,0,0.00,0.00,0.00,0.00,0.00,Matches,FA Cup,2024-2025
33f40a36,Nelson Abbey,eng ENG,DF,20,0,0,,,,,,,,,,,,,,,,Matches,FA Cup,2024-2025
d04f6407,Nathan Broome,eng ENG,GK,22,0,0,,,,,,,,,,,,,,,,Matches,FA Cup,2024-2025
4c6d6af1,Aimar Govea,ec ECU,FW,18,0,0,,,,,,,,,,,,,,,,Matches,FA Cup,2024-2025
4452c036,Kit Margetson,wls WAL,GK,18,0,0,,,,,,,,,,,,,,,,Matches,FA Cup,2024-2025
3b0108d6,Jon McLaughlin,sct SCO,GK,36,0,0,,,,,,,,,,,,,,,,Matches,FA Cup,2024-2025
2a6a26f5,Arthur Parker,eng ENG,DF,18,0,0,,,,,,,,,,,,,,,,Matches,FA Cup,2024-2025
5154b2ba,Kristian Pedersen,dk DEN,"DF,MF",29,0,0,,,,,,,,,,,,,,,,Matches,FA Cup,2024-2025
af75c201,Daniel Watts,wls WAL,DF,18,0,0,,,,,,,,,,,,,,,,Matches,FA Cup,2024-2025
834b5c4c,Matz Sels,be BEL,GK,32,38,38,"3,420",38.0,0,0,0,0,0,0,4,0,0.00,0.00,0.00,0.00,0.00,Matches,FA Cup,2024-2025
bee704fc,Nikola Milenković,rs SRB,DF,26,37,37,"3,330",37.0,5,2,7,5,0,0,4,0,0.14,0.05,0.19,0.14,0.19,Matches,FA Cup,2024-2025
1704b0b8,Murillo,br BRA,DF,22,36,36,"3,188",35.4,2,0,2,2,0,0,6,0,0.06,0.00,0.06,0.06,0.06,Matches,FA Cup,2024-2025
246d153b,Ola Aina,ng NGA,DF,27,35,35,"2,995",33.3,2,1,3,2,0,0,5,0,0.06,0.03,0.09,0.06,0.09,Matches,FA Cup,2024-2025
4e9a0555,Chris Wood,nz NZL,FW,32,36,35,"2,959",32.9,20,3,23,17,3,3,1,0,0.61,0.09,0.70,0.52,0.61,Matches,FA Cup,2024-2025
32f60ed8,Morgan Gibbs-White,eng ENG,MF,24,34,34,"2,803",31.1,7,8,15,7,0,0,11,1,0.22,0.26,0.48,0.22,0.48,Matches,FA Cup,2024-2025
de31038e,Elliot Anderson,eng ENG,MF,21,37,33,"2,728",30.3,2,6,8,2,0,0,10,0,0.07,0.20,0.26,0.07,0.26,Matches,FA Cup,2024-2025
2fba6108,Anthony Elanga,se SWE,"MF,FW",22,38,31,"2,501",27.8,6,11,17,6,0,0,1,0,0.22,0.40,0.61,0.22,0.61,Matches,FA Cup,2024-2025
dd323728,Neco Williams,wls WAL,"DF,MF",23,35,28,"2,594",28.8,1,3,4,1,0,0,7,0,0.03,0.10,0.14,0.03,0.14,Matches,FA Cup,2024-2025
15f3ec41,Callum Hudson-Odoi,eng ENG,MF,23,31,25,"2,194",24.4,5,2,7,5,0,0,2,0,0.21,0.08,0.29,0.21,0.29,Matches,FA Cup,2024-2025
20b3a502,Nicolás Domínguez,ar ARG,MF,26,34,23,"1,963",21.8,0,1,1,0,0,0,9,0,0.00,0.05,0.05,0.00,0.05,Matches,FA Cup,2024-2025
c1fe2a48,Ryan Yates,eng ENG,MF,26,35,18,"1,915",21.3,2,1,3,2,0,0,10,0,0.09,0.05,0.14,0.09,0.14,Matches,FA Cup,2024-2025
16e9d0ea,Álex Moreno,es ESP,DF,31,15,11,955,10.6,0,1,1,0,0,0,2,0,0.00,0.09,0.09,0.00,0.09,Matches,FA Cup,2024-2025
bced0375,Ibrahim Sangaré,ci CIV,MF,26,13,7,590,6.6,0,1,1,0,0,0,3,0,0.00,0.15,0.15,0.00,0.15,Matches,FA Cup,2024-2025
0f41e2ee,Morato,br BRA,DF,23,26,6,907,10.1,0,0,0,0,0,0,5,0,0.00,0.00,0.00,0.00,0.00,Matches,FA Cup,2024-2025
4d77e622,Jota Silva,pt POR,MF,24,31,5,854,9.5,3,1,4,3,0,0,5,0,0.32,0.11,0.42,0.32,0.42,Matches,FA Cup,2024-2025
3515d404,James Ward-Prowse,eng ENG,MF,29,9,5,400,4.4,0,1,1,0,0,0,2,1,0.00,0.23,0.23,0.00,0.23,Matches,FA Cup,2024-2025
a816dbfb,Danilo Santos,br BRA,MF,23,8,5,275,3.1,0,0,0,0,0,0,0,0,0.00,0.00,0.00,0.00,0.00,Matches,FA Cup,2024-2025
e5478b87,Taiwo Awoniyi,ng NGA,FW,26,26,3,416,4.6,1,0,1,1,0,0,0,0,0.22,0.00,0.22,0.22,0.22,Matches,FA Cup,2024-2025
2d3417a1,Ramón Sosa,py PAR,MF,24,19,1,295,3.3,1,0,1,1,0,0,1,0,0.31,0.00,0.31,0.31,0.31,Matches,FA Cup,2024-2025
a4ac4b8f,Willy Boly,ci CIV,DF,33,6,1,150,1.7,0,0,0,0,0,0,1,0,0.00,0.00,0.00,0.00,0.00,Matches,FA Cup,2024-2025
a105d46a,Harry Toffolo,eng ENG,DF,28,4,1,137,1.5,0,0,0,0,0,0,1,0,0.00,0.00,0.00,0.00,0.00,Matches,FA Cup,2024-2025
0a4f579a,Eric da Silva Moreira,de GER,DF,18,2,0,30,0.3,0,0,0,0,0,0,0,0,0.00,0.00,0.00,0.00,0.00,Matches,FA Cup,2024-2025
c103921a,Zach Abbott,eng ENG,DF,18,0,0,,,,,,,,,,,,,,,,Matches,FA Cup,2024-2025
76eca7e2,Wayne Hennessey,wls WAL,GK,37,0,0,,,,,,,,,,,,,,,,Matches,FA Cup,2024-2025
84454067,Carlos Miguel,br BRA,GK,25,0,0,,,,,,,,,,,,,,,,Matches,FA Cup,2024-2025
c393a6c4,Andrew Omobamidele,ie IRL,DF,22,0,0,,,,,,,,,,,,,,,,Matches,FA Cup,2024-2025
391c1d38,Louis Reed,eng ENG,MF,27,41,39,"3,345",37.2,0,3,3,0,0,0,8,0,0.00,0.08,0.08,0.00,0.08,Matches,FA Cup,2024-2025
205b0dbb,Christy Pym,eng ENG,GK,29,38,38,"3,360",37.3,0,0,0,0,0,0,1,0,0.00,0.00,0.00,0.00,0.00,Matches,FA Cup,2024-2025
515f0819,Deji Oshilaja,eng ENG,DF,31,39,38,"3,286",36.5,4,0,4,4,0,0,8,0,0.11,0.00,0.11,0.11,0.11,Matches,FA Cup,2024-2025
1adac56c,Will Evans,wls WAL,FW,27,40,35,"3,039",33.8,13,3,16,13,0,0,5,0,0.38,0.09,0.47,0.38,0.47,Matches,FA Cup,2024-2025
6dbe8f69,Baily Cargill,eng ENG,DF,29,34,34,"2,679",29.8,1,1,2,1,0,0,13,0,0.03,0.03,0.07,0.03,0.07,Matches,FA Cup,2024-2025
19df2bf7,Keanu Baccus,au AUS,MF,26,39,32,"2,673",29.7,4,7,11,4,0,0,7,0,0.13,0.24,0.37,0.13,0.37,Matches,FA Cup,2024-2025
fdc877e9,Elliott Hewitt,wls WAL,"MF,DF",30,34,30,"2,460",27.3,0,4,4,0,0,0,6,0,0.00,0.15,0.15,0.00,0.15,Matches,FA Cup,2024-2025
8f5a4e15,Jordan Bowery,kn SKN,"DF,MF",33,44,29,"2,991",33.2,1,1,2,1,0,0,2,0,0.03,0.03,0.06,0.03,0.06,Matches,FA Cup,2024-2025
a8e93bd1,Lucas Akins,gd GRN,"FW,MF",35,34,29,"2,639",29.3,2,4,6,2,0,1,3,0,0.07,0.14,0.20,0.07,0.20,Matches,FA Cup,2024-2025
827969d6,Stephen McLaughlin,ie IRL,"MF,DF",34,41,27,"2,548",28.3,2,4,6,2,0,0,7,0,0.07,0.14,0.21,0.07,0.21,Matches,FA Cup,2024-2025
d61c11b1,Aaron Lewis,wls WAL,MF,26,42,22,"2,252",25.0,2,1,3,2,0,0,9,0,0.08,0.04,0.12,0.08,0.12,Matches,FA Cup,2024-2025
929917ce,Hiram Boateng,eng ENG,MF,28,41,19,"1,998",22.2,2,3,5,2,0,0,8,1,0.09,0.14,0.23,0.09,0.23,Matches,FA Cup,2024-2025
3e189b2b,George Maris,eng ENG,"MF,FW",28,27,17,"1,395",15.5,4,1,5,4,0,0,2,0,0.26,0.06,0.32,0.26,0.32,Matches,FA Cup,2024-2025
398a2f3d,Lee Gregory,eng ENG,FW,35,20,17,"1,338",14.9,10,0,10,7,3,4,3,0,0.67,0.00,0.67,0.47,0.47,Matches,FA Cup,2024-2025
952672e1,Aden Flint,eng ENG,DF,35,36,14,"1,500",16.7,1,0,1,1,0,0,3,0,0.06,0.00,0.06,0.06,0.06,Matches,FA Cup,2024-2025
14c0268f,Caylan Vickers,eng ENG,"FW,MF",19,19,14,"1,229",13.7,2,3,5,2,0,0,2,0,0.15,0.22,0.37,0.15,0.37,Matches,FA Cup,2024-2025
d77b812f,Frazer Blake-Tracy,eng ENG,"MF,DF",28,18,14,"1,220",13.6,0,1,1,0,0,0,3,0,0.00,0.07,0.07,0.00,0.07,Matches,FA Cup,2024-2025
9ff17f6f,Stephen Quinn,ie IRL,MF,38,30,13,"1,177",13.1,1,2,3,1,0,0,2,0,0.08,0.15,0.23,0.08,0.23,Matches,FA Cup,2024-2025
f977a94c,George Williams,eng ENG,DF,31,11,8,640,7.1,0,0,0,0,0,0,1,0,0.00,0.00,0.00,0.00,0.00,Matches,FA Cup,2024-2025
db1aa85c,Scott Flinders,eng ENG,GK,38,8,7,690,7.7,0,0,0,0,0,0,0,0,0.00,0.00,0.00,0.00,0.00,Matches,FA Cup,2024-2025
a898d8eb,Alfie Kilgour,eng ENG,DF,26,17,7,629,7.0,0,0,0,0,0,0,2,0,0.00,0.00,0.00,0.00,0.00,Matches,FA Cup,2024-2025
bdfc15f8,Dom Dwyer,us USA,FW,34,9,5,439,4.9,4,1,5,4,0,0,0,0,0.82,0.21,1.03,0.82,1.03,Matches,FA Cup,2024-2025
bc914523,Matthew Craig,sct SCO,MF,21,5,4,276,3.1,1,0,1,1,0,0,0,0,0.33,0.00,0.33,0.33,0.33,Matches,FA Cup,2024-2025
3b8b641c,Jordan Rhodes,sct SCO,FW,34,14,3,492,5.5,1,0,1,1,0,0,1,0,0.18,0.00,0.18,0.18,0.18,Matches,FA Cup,2024-2025
40c6462a,Calum MacDonald,eng ENG,"MF,DF",26,6,3,245,2.7,1,0,1,1,0,0,1,0,0.37,0.00,0.37,0.37,0.37,Matches,FA Cup,2024-2025
41d05caa,Davis Keillor-Dunn,eng ENG,MF,26,3,3,239,2.7,0,0,0,0,0,0,0,0,0.00,0.00,0.00,0.00,0.00,Matches,FA Cup,2024-2025
1510013c,Ben Waine,nz NZL,FW,23,25,2,457,5.1,2,0,2,2,0,0,1,0,0.39,0.00,0.39,0.39,0.39,Matches,FA Cup,2024-2025
d160dba6,Owen Mason,ie IRL,GK,20,1,1,90,1.0,0,0,0,0,0,0,0,0,0.00,0.00,0.00,0.00,0.00,Matches,FA Cup,2024-2025
2fd98a53,Rhys Oates,eng ENG,FW,29,4,1,89,1.0,0,0,0,0,0,0,0,0,0.00,0.00,0.00,0.00,0.00,Matches,FA Cup,2024-2025
8a3fcbf2,Tom Nichols,eng ENG,MF,30,5,1,83,0.9,0,0,0,0,0,0,1,0,0.00,0.00,0.00,0.00,0.00,Matches,FA Cup,2024-2025
623d58b5,Will Swan,eng ENG,FW,23,1,0,16,0.2,0,0,0,0,0,0,0,0,0.00,0.00,0.00,0.00,0.00,Matches,FA Cup,2024-2025
1dd87dad,Taylor Anderson,eng ENG,DF,19,1,0,2,0.0,0,0,0,0,0,0,0,0,0.00,0.00,0.00,0.00,0.00,Matches,FA Cup,2024-2025
0f88114a,Ronnie Kokkinos,cy CYP,DF,18,1,0,2,0.0,0,0,0,0,0,0,1,0,0.00,0.00,0.00,0.00,0.00,Matches,FA Cup,2024-2025
492fc344,Ben Quinn,ie IRL,FW,19,1,0,1,0.0,0,0,0,0,0,0,0,0,0.00,0.00,0.00,0.00,0.00,Matches,FA Cup,2024-2025
