PlayerID,Name,player,nationality,position,team,age,birth_year,games,games_starts,minutes,minutes_90s,goals,assists,goals_assists,goals_pens,pens_made,pens_att,cards_yellow,cards_red,goals_per90,assists_per90,goals_assists_per90,goals_pens_per90,goals_assists_pens_per90,matches,goals_per_shot,goals_per_shot_on_target,shots,shots_on_target,shots_on_target_pct,shots_on_target_per90,shots_per90,gk_clean_sheets,gk_clean_sheets_pct,gk_games,gk_games_starts,gk_goals_against,gk_goals_against_per90,gk_losses,gk_minutes,gk_pens_allowed,gk_pens_att,gk_pens_missed,gk_pens_save_pct,gk_pens_saved,gk_save_pct,gk_saves,gk_shots_on_target_against,gk_ties,gk_wins,League,Season
5b0041f5,Matías Abaldo,Matías Abaldo,uy URU,"MF,FW",Independiente,22-011,2004,12,12,996,11.1,4,0,4,4,0,0,1,1,0.36,0.00,0.36,0.36,0.36,Matches,0.17,0.36,23,11,47.8,0.99,2.08,,,,,,,,,,,,,,,,,,,Liga Profesional de Fútbol Argentina,2026
121f452f,Carlos Abeldano,Carlos Abeldano,ar ARG,FW,Atlé Tucumán,21-005,2005,9,6,575,6.4,1,0,1,1,0,0,2,0,0.16,0.00,0.16,0.16,0.16,Matches,0.08,0.50,12,2,16.7,0.31,1.88,,,,,,,,,,,,,,,,,,,Liga Profesional de Fútbol Argentina,2026
db5ee72d,Ramón Ábila,Ramón Ábila,ar ARG,FW,Estudiantes–RC,36-182,1989,8,1,196,2.2,0,0,0,0,0,0,2,0,0.00,0.00,0.00,0.00,0.00,Matches,0.00,0.00,2,1,50.0,0.46,0.92,,,,,,,,,,,,,,,,,,,Liga Profesional de Fútbol Argentina,2026
02d9aaa9,Ignacio Abraham,Ignacio Abraham,sy SYR,"DF,MF",Banfield,28-092,1998,12,12,"1,080",12.0,0,3,3,0,0,0,0,0,0.00,0.25,0.25,0.00,0.25,Matches,0.00,0.00,7,2,28.6,0.17,0.58,,,,,,,,,,,,,,,,,,,Liga Profesional de Fútbol Argentina,2026
de8bad41,Gonzalo Abrego,Gonzalo Abrego,ar ARG,MF,San Lorenzo,26-097,2000,11,6,510,5.7,0,0,0,0,0,0,1,0,0.00,0.00,0.00,0.00,0.00,Matches,0.00,0.00,5,3,60.0,0.53,0.88,,,,,,,,,,,,,,,,,,,Liga Profesional de Fútbol Argentina,2026
1d24b10e,Gustavo Abregú,Gustavo Abregú,ar ARG,MF,Instituto,28-284,1997,11,9,811,9.0,0,1,1,0,0,0,1,0,0.00,0.11,0.11,0.00,0.11,Matches,0.00,,3,0,0.0,0.00,0.33,,,,,,,,,,,,,,,,,,,Liga Profesional de Fútbol Argentina,2026
0b419c37,Jonás Acevedo,Jonás Acevedo,ar ARG,MF,Instituto,29-067,1997,4,1,150,1.7,0,0,0,0,0,0,0,0,0.00,0.00,0.00,0.00,0.00,Matches,0.00,,2,0,0.0,0.00,1.20,,,,,,,,,,,,,,,,,,,Liga Profesional de Fútbol Argentina,2026
651a9554,Benjamin Acosta,Benjamin Acosta,ar ARG,FW,Lanús,20-065,2006,1,0,22,0.2,0,0,0,0,0,0,0,0,0.00,0.00,0.00,0.00,0.00,Matches,0.00,,2,0,0.0,0.00,8.18,,,,,,,,,,,,,,,,,,,Liga Profesional de Fútbol Argentina,2026
81442ecb,Marcos Acuña,Marcos Acuña,ar ARG,DF,River Plate,34-168,1991,8,6,567,6.3,0,1,1,0,0,0,5,0,0.00,0.16,0.16,0.00,0.16,Matches,0.00,0.00,5,1,20.0,0.16,0.79,,,,,,,,,,,,,,,,,,,Liga Profesional de Fútbol Argentina,2026
a2e1934e,Valentino Acuña,Valentino Acuña,ar ARG,MF,Newell's Old Boys,20-077,2006,5,4,295,3.3,0,0,0,0,0,0,1,0,0.00,0.00,0.00,0.00,0.00,Matches,,,0,0,,0.00,0.00,,,,,,,,,,,,,,,,,,,Liga Profesional de Fútbol Argentina,2026
59684e00,Tomás Adoryán,Tomás Adoryán,am ARM,MF,Banfield,24-204,2001,11,5,541,6.0,0,1,1,0,0,0,4,0,0.00,0.17,0.17,0.00,0.17,Matches,0.00,0.00,13,4,30.8,0.67,2.16,,,,,,,,,,,,,,,,,,,Liga Profesional de Fútbol Argentina,2026
ca6050cb,Alan Aguerre,Alan Aguerre,ar ARG,GK,Cen. Córdoba–SdE,35-234,1990,12,12,"1,014",11.3,0,1,1,0,0,0,1,0,0.00,0.09,0.09,0.00,0.09,Matches,,,0,0,,0.00,0.00,5,41.7,12,12,13,1.15,6,"1,014",1,1,0,0.0,0,74.5,35,47,3,3,Liga Profesional de Fútbol Argentina,2026
251ea0b9,Mateo Aguiar,Mateo Aguiar,ar ARG,MF,Defensa y Justicia,19-027,2007,7,0,139,1.5,0,0,0,0,0,0,1,1,0.00,0.00,0.00,0.00,0.00,Matches,0.00,0.00,1,1,100.0,0.65,0.65,,,,,,,,,,,,,,,,,,,Liga Profesional de Fútbol Argentina,2026
5b8730ca,Pablo Aguiar,Pablo Aguiar,ar ARG,MF,Gimnasia–LP,20-027,2006,4,2,143,1.6,0,0,0,0,0,0,0,0,0.00,0.00,0.00,0.00,0.00,Matches,,,0,0,,0.00,0.00,,,,,,,,,,,,,,,,,,,Liga Profesional de Fútbol Argentina,2026
edfebd8d,Brian Aguirre,Brian Aguirre,ar ARG,"FW,MF",Boca Juniors,22-317,2003,1,0,22,0.2,0,0,0,0,0,0,0,0,0.00,0.00,0.00,0.00,0.00,Matches,0.00,,1,0,0.0,0.00,4.09,,,,,,,,,,,,,,,,,,,Liga Profesional de Fútbol Argentina,2026
edfebd8d,Brian Aguirre,Brian Aguirre,ar ARG,"FW,MF",Boca Juniors,22-317,2003,1,0,22,0.2,0,0,0,0,0,0,0,0,0.00,0.00,0.00,0.00,0.00,Matches,0.00,0.00,5,2,40.0,0.67,1.69,,,,,,,,,,,,,,,,,,,Liga Profesional de Fútbol Argentina,2026
edfebd8d,Brian Aguirre,Brian Aguirre,ar ARG,MF,Estudiantes–LP,22-317,2003,6,2,267,3.0,0,2,2,0,0,0,1,0,0.00,0.67,0.67,0.00,0.67,Matches,0.00,,1,0,0.0,0.00,4.09,,,,,,,,,,,,,,,,,,,Liga Profesional de Fútbol Argentina,2026
edfebd8d,Brian Aguirre,Brian Aguirre,ar ARG,MF,Estudiantes–LP,22-317,2003,6,2,267,3.0,0,2,2,0,0,0,1,0,0.00,0.67,0.67,0.00,0.67,Matches,0.00,0.00,5,2,40.0,0.67,1.69,,,,,,,,,,,,,,,,,,,Liga Profesional de Fútbol Argentina,2026
bbef1106,Misael Aguirre,Misael Aguirre,ar ARG,FW,Unión,18-167,2007,9,0,201,2.2,0,0,0,0,0,0,0,0,0.00,0.00,0.00,0.00,0.00,Matches,0.00,0.00,6,1,16.7,0.45,2.69,,,,,,,,,,,,,,,,,,,Liga Profesional de Fútbol Argentina,2026
be50f4be,Manuel Agustín Duarte,Manuel Agustín Duarte,ar ARG,MF,Barracas Central,24-234,2001,3,0,62,0.7,0,0,0,0,0,0,0,0,0.00,0.00,0.00,0.00,0.00,Matches,0.00,,2,0,0.0,0.00,2.90,,,,,,,,,,,,,,,,,,,Liga Profesional de Fútbol Argentina,2026
06eaa4fa,Facundo Alaggia,Facundo Alaggia,ar ARG,MF,Sarmiento–J,20-317,2005,3,0,38,0.4,0,0,0,0,0,0,0,0,0.00,0.00,0.00,0.00,0.00,Matches,0.00,0.00,2,1,50.0,2.37,4.74,,,,,,,,,,,,,,,,,,,Liga Profesional de Fútbol Argentina,2026
d9ebfcfa,Gabriel Alanís,Gabriel Alanís,ar ARG,"MF,FW",Estudiantes–RC,32-029,1994,12,8,715,7.9,1,0,1,1,0,0,0,0,0.13,0.00,0.13,0.13,0.13,Matches,0.06,0.33,17,3,17.6,0.38,2.14,,,,,,,,,,,,,,,,,,,Liga Profesional de Fútbol Argentina,2026
b4c8e4c5,Fernando Alarcón,Fernando Alarcón,ar ARG,DF,Instituto,31-302,1994,11,11,945,10.5,0,0,0,0,0,0,4,0,0.00,0.00,0.00,0.00,0.00,Matches,0.00,0.00,8,2,25.0,0.19,0.76,,,,,,,,,,,,,,,,,,,Liga Profesional de Fútbol Argentina,2026
325d990a,William Alarcón,William Alarcón,cl CHI,MF,Boca Juniors,25-145,2000,4,4,248,2.8,0,0,0,0,0,0,1,0,0.00,0.00,0.00,0.00,0.00,Matches,0.00,0.00,3,1,33.3,0.36,1.09,,,,,,,,,,,,,,,,,,,Liga Profesional de Fútbol Argentina,2026
834d0be5,Lucas Alario,Lucas Alario,ar ARG,FW,Estudiantes–LP,33-188,1992,2,0,24,0.3,0,0,0,0,0,0,0,0,0.00,0.00,0.00,0.00,0.00,Matches,0.00,,1,0,0.0,0.00,3.75,,,,,,,,,,,,,,,,,,,Liga Profesional de Fútbol Argentina,2026
8b259046,Rodrigo Aliendro,Rodrigo Aliendro,ar ARG,MF,Vélez Sarsfield,35-057,1991,12,5,534,5.9,0,0,0,0,0,0,1,0,0.00,0.00,0.00,0.00,0.00,Matches,0.00,0.00,9,2,22.2,0.34,1.52,,,,,,,,,,,,,,,,,,,Liga Profesional de Fútbol Argentina,2026
d96469f1,Antony Alonso,Antony Alonso,ar ARG,"MF,FW",Deportivo Riestra,27-338,1998,13,13,"1,041",11.6,2,0,2,2,0,0,2,0,0.17,0.00,0.17,0.17,0.17,Matches,0.11,0.15,19,13,68.4,1.12,1.64,,,,,,,,,,,,,,,,,,,Liga Profesional de Fútbol Argentina,2026
5bf873f8,Facundo Altamira,Facundo Altamira,,MF,Defensa y Justicia,,,5,0,121,1.3,0,0,0,0,0,0,1,0,0.00,0.00,0.00,0.00,0.00,Matches,0.00,0.00,2,1,50.0,0.74,1.49,,,,,,,,,,,,,,,,,,,Liga Profesional de Fútbol Argentina,2026
a7d668f3,Emiliano Álvarez,Emiliano Álvarez,uy URU,DF,Unión,25-067,2001,4,0,77,0.9,0,1,1,0,0,0,0,0,0.00,1.17,1.17,0.00,1.17,Matches,,,0,0,,0.00,0.00,,,,,,,,,,,,,,,,,,,Liga Profesional de Fútbol Argentina,2026
2aae3ff2,Fabio Álvarez,Fabio Álvarez,ar ARG,"FW,MF",Banfield,33-081,1993,1,0,8,0.1,0,0,0,0,0,0,0,0,0.00,0.00,0.00,0.00,0.00,Matches,,,0,0,,0.00,0.00,,,,,,,,,,,,,,,,,,,Liga Profesional de Fútbol Argentina,2026
32a9f0f0,Federico Álvarez,Federico Álvarez,ar ARG,DF,Tigre,31-250,1994,13,12,"1,090",12.1,0,1,1,0,0,0,2,0,0.00,0.08,0.08,0.00,0.08,Matches,0.00,0.00,11,1,9.1,0.08,0.91,,,,,,,,,,,,,,,,,,,Liga Profesional de Fútbol Argentina,2026
1990d38d,Francisco Álvarez,Francisco Álvarez,ar ARG,DF,Arg Juniors,26-047,2000,12,12,"1,073",11.9,1,0,1,1,0,0,5,0,0.08,0.00,0.08,0.08,0.08,Matches,0.11,0.33,9,3,33.3,0.25,0.75,,,,,,,,,,,,,,,,,,,Liga Profesional de Fútbol Argentina,2026
4c50934e,Juan Álvarez,Juan Álvarez,ar ARG,"FW,MF",Gimnasia–M,30-063,1996,1,0,29,0.3,0,0,0,0,0,0,0,0,0.00,0.00,0.00,0.00,0.00,Matches,,,0,0,,0.00,0.00,,,,,,,,,,,,,,,,,,,Liga Profesional de Fútbol Argentina,2026
7ca68313,Franco Amarfil,Franco Amarfil,ar ARG,MF,Platense,25-034,2001,12,11,880,9.8,0,0,0,0,0,0,5,0,0.00,0.00,0.00,0.00,0.00,Matches,0.00,0.00,7,1,14.3,0.10,0.72,,,,,,,,,,,,,,,,,,,Liga Profesional de Fútbol Argentina,2026
95cf8804,Mikel Amondarain,Mikel Amondarain,ar ARG,MF,Estudiantes–LP,21-098,2005,11,7,746,8.3,2,1,3,2,0,0,1,0,0.24,0.12,0.36,0.24,0.36,Matches,0.22,0.50,9,4,44.4,0.48,1.09,,,,,,,,,,,,,,,,,,,Liga Profesional de Fútbol Argentina,2026
3fc6c051,Emiliano Amor,Emiliano Amor,sy SYR,DF,Defensa y Justicia,30-333,1995,11,11,990,11.0,1,0,1,1,0,0,1,0,0.09,0.00,0.09,0.09,0.09,Matches,0.33,1.00,3,1,33.3,0.09,0.27,,,,,,,,,,,,,,,,,,,Liga Profesional de Fútbol Argentina,2026
7d4c074a,Brian Andrada,Brian Andrada,ar ARG,MF,Gimnasia–M,28-296,1997,2,1,99,1.1,0,0,0,0,0,0,0,0,0.00,0.00,0.00,0.00,0.00,Matches,0.00,0.00,1,1,100.0,0.91,0.91,,,,,,,,,,,,,,,,,,,Liga Profesional de Fútbol Argentina,2026
ac9ba4dd,Tobías Andrada,Tobías Andrada,ar ARG,MF,Vélez Sarsfield,19-071,2007,12,12,"1,079",12.0,1,0,1,1,0,0,3,0,0.08,0.00,0.08,0.08,0.08,Matches,0.11,0.50,9,2,22.2,0.17,0.75,,,,,,,,,,,,,,,,,,,Liga Profesional de Fútbol Argentina,2026
88ad94f7,Luis Angulo,Luis Angulo,co COL,MF,Talleres–C,22-022,2004,1,0,13,0.1,0,0,0,0,0,0,0,0,0.00,0.00,0.00,0.00,0.00,Matches,,,0,0,,0.00,0.00,,,,,,,,,,,,,,,,,,,Liga Profesional de Fútbol Argentina,2026
c292fc1d,Federico Anselmo,Federico Anselmo,ar ARG,FW,Banfield,31-362,1994,3,0,39,0.4,0,0,0,0,0,0,0,0,0.00,0.00,0.00,0.00,0.00,Matches,0.00,,3,0,0.0,0.00,6.92,,,,,,,,,,,,,,,,,,,Liga Profesional de Fútbol Argentina,2026
09dab107,Fermín Antonini,Fermín Antonini,ar ARG,MF,Gimnasia–M,28-286,1997,9,7,537,6.0,0,1,1,0,0,0,3,0,0.00,0.17,0.17,0.00,0.17,Matches,0.00,0.00,8,1,12.5,0.17,1.34,,,,,,,,,,,,,,,,,,,Liga Profesional de Fútbol Argentina,2026
cdca8983,Juan Antonini,Juan Antonini,ar ARG,DF,Estudiantes–RC,27-041,1999,9,9,786,8.7,0,0,0,0,0,0,0,0,0.00,0.00,0.00,0.00,0.00,Matches,0.00,0.00,5,1,20.0,0.11,0.57,,,,,,,,,,,,,,,,,,,Liga Profesional de Fútbol Argentina,2026
dababecf,Dylan Aquino,Dylan Aquino,ar ARG,MF,Lanús,20-314,2005,8,3,311,3.5,5,1,6,5,0,0,2,0,1.45,0.29,1.74,1.45,1.74,Matches,0.38,0.56,13,9,69.2,2.60,3.76,,,,,,,,,,,,,,,,,,,Liga Profesional de Fútbol Argentina,2026
85b1236c,Tomás Aranda,Tomás Aranda,ar ARG,"MF,FW",Boca Juniors,18-340,2007,10,5,540,6.0,1,0,1,1,0,0,2,0,0.17,0.00,0.17,0.17,0.17,Matches,0.06,0.25,18,4,22.2,0.67,3.00,,,,,,,,,,,,,,,,,,,Liga Profesional de Fútbol Argentina,2026
df418fc0,Danilo Arboleda,Danilo Arboleda,co COL,DF,Banfield,30-333,1995,12,12,"1,080",12.0,0,0,0,0,0,0,2,0,0.00,0.00,0.00,0.00,0.00,Matches,0.00,0.00,1,1,100.0,0.08,0.08,,,,,,,,,,,,,,,,,,,Liga Profesional de Fútbol Argentina,2026
10411db2,Alex Arce,Alex Arce,py PAR,FW,Ind. Rivadavia,30-302,1995,7,2,285,3.2,1,0,1,1,0,0,1,0,0.32,0.00,0.32,0.32,0.32,Matches,0.17,0.33,6,3,50.0,0.95,1.89,,,,,,,,,,,,,,,,,,,Liga Profesional de Fútbol Argentina,2026
707fcc63,Ignacio Arce,Ignacio Arce,ar ARG,GK,Deportivo Riestra,34-006,1992,13,13,"1,170",13.0,0,0,0,0,0,0,4,0,0.00,0.00,0.00,0.00,0.00,Matches,0.00,,1,0,0.0,0.00,0.08,4,30.8,13,13,10,0.77,6,"1,170",3,3,0,0.0,0,85.1,40,47,7,0,Liga Profesional de Fútbol Argentina,2026
9f9cbfca,Gabriel Arias,Gabriel Arias,cl CHI,GK,Newell's Old Boys,38-213,1987,7,7,612,6.8,0,0,0,0,0,0,1,0,0.00,0.00,0.00,0.00,0.00,Matches,,,0,0,,0.00,0.00,0,0.0,7,7,13,1.91,5,612,1,1,0,0.0,0,62.5,20,32,2,0,Liga Profesional de Fútbol Argentina,2026
0e740cff,Junior Arias,Junior Arias,uy URU,FW,Aldosivi,32-332,1993,11,9,714,7.9,0,0,0,0,0,0,2,0,0.00,0.00,0.00,0.00,0.00,Matches,0.00,0.00,19,3,15.8,0.38,2.39,,,,,,,,,,,,,,,,,,,Liga Profesional de Fútbol Argentina,2026
052c41be,Matías Arias,Matías Arias,ar ARG,MF,Vélez Sarsfield,18-341,2007,4,1,116,1.3,0,1,1,0,0,0,1,0,0.00,0.78,0.78,0.00,0.78,Matches,0.00,0.00,1,1,100.0,0.78,0.78,,,,,,,,,,,,,,,,,,,Liga Profesional de Fútbol Argentina,2026
8b6d7b27,Ramón Arias,Ramón Arias,uy URU,DF,Tigre,33-261,1992,7,3,293,3.3,0,0,0,0,0,0,0,0,0.00,0.00,0.00,0.00,0.00,Matches,0.00,,1,0,0.0,0.00,0.31,,,,,,,,,,,,,,,,,,,Liga Profesional de Fútbol Argentina,2026
fdd60087,Santiago Arias,Santiago Arias,co COL,DF,Independiente,34-091,1992,9,5,554,6.2,0,2,2,0,0,0,1,0,0.00,0.32,0.32,0.00,0.32,Matches,0.00,,1,0,0.0,0.00,0.16,,,,,,,,,,,,,,,,,,,Liga Profesional de Fútbol Argentina,2026
af36c6d0,Joaquín Ariel Novillo,Joaquín Ariel Novillo,ar ARG,DF,Aldosivi,28-054,1998,8,8,654,7.3,0,0,0,0,0,0,0,0,0.00,0.00,0.00,0.00,0.00,Matches,0.00,0.00,3,2,66.7,0.28,0.41,,,,,,,,,,,,,,,,,,,Liga Profesional de Fútbol Argentina,2026
b3e42951,Franco Armani,Franco Armani,ar ARG,GK,River Plate,39-180,1986,1,1,45,0.5,0,0,0,0,0,0,0,0,0.00,0.00,0.00,0.00,0.00,Matches,,,0,0,,0.00,0.00,0,0.0,1,1,1,2.00,1,45,0,0,0,,0,66.7,2,3,0,0,Liga Profesional de Fútbol Argentina,2026
c0d97f5c,Blas Armoa,Blas Armoa,py PAR,"FW,MF",Gimnasia–M,26-070,2000,4,0,98,1.1,0,0,0,0,0,0,0,0,0.00,0.00,0.00,0.00,0.00,Matches,0.00,,1,0,0.0,0.00,0.92,,,,,,,,,,,,,,,,,,,Liga Profesional de Fútbol Argentina,2026
cb5e158d,Gaston Arturia,Gaston Arturia,ar ARG,DF,Sarmiento–J,26-167,1999,6,5,416,4.6,0,0,0,0,0,0,1,0,0.00,0.00,0.00,0.00,0.00,Matches,0.00,0.00,4,1,25.0,0.22,0.87,,,,,,,,,,,,,,,,,,,Liga Profesional de Fútbol Argentina,2026
e26fcca3,Santiago Ascacíbar,Santiago Ascacíbar,ar ARG,MF,Estudiantes–LP,29-048,1997,1,1,90,1.0,0,0,0,0,0,0,0,0,0.00,0.00,0.00,0.00,0.00,Matches,0.00,,2,0,0.0,0.00,2.00,,,,,,,,,,,,,,,,,,,Liga Profesional de Fútbol Argentina,2026
e26fcca3,Santiago Ascacíbar,Santiago Ascacíbar,ar ARG,MF,Estudiantes–LP,29-048,1997,1,1,90,1.0,0,0,0,0,0,0,0,0,0.00,0.00,0.00,0.00,0.00,Matches,0.33,1.00,6,2,33.3,0.25,0.75,,,,,,,,,,,,,,,,,,,Liga Profesional de Fútbol Argentina,2026
e26fcca3,Santiago Ascacíbar,Santiago Ascacíbar,ar ARG,MF,Boca Juniors,29-048,1997,10,8,717,8.0,2,0,2,2,0,0,3,0,0.25,0.00,0.25,0.25,0.25,Matches,0.00,,2,0,0.0,0.00,2.00,,,,,,,,,,,,,,,,,,,Liga Profesional de Fútbol Argentina,2026
e26fcca3,Santiago Ascacíbar,Santiago Ascacíbar,ar ARG,MF,Boca Juniors,29-048,1997,10,8,717,8.0,2,0,2,2,0,0,3,0,0.25,0.00,0.25,0.25,0.25,Matches,0.33,1.00,6,2,33.3,0.25,0.75,,,,,,,,,,,,,,,,,,,Liga Profesional de Fútbol Argentina,2026
3b6c0225,Jorge de Asís,Jorge de Asís,ar ARG,FW,Gimnasia–LP,20-075,2006,2,0,23,0.3,0,0,0,0,0,0,0,1,0.00,0.00,0.00,0.00,0.00,Matches,0.00,,2,0,0.0,0.00,7.83,,,,,,,,,,,,,,,,,,,Liga Profesional de Fútbol Argentina,2026
5540acb4,Rodrigo Atencio,Rodrigo Atencio,ar ARG,MF,Ind. Rivadavia,23-288,2002,12,3,450,5.0,0,3,3,0,0,0,0,0,0.00,0.60,0.60,0.00,0.60,Matches,0.00,0.00,7,1,14.3,0.20,1.40,,,,,,,,,,,,,,,,,,,Liga Profesional de Fútbol Argentina,2026
b5a3e7fe,Agustín Auzmendi,Agustín Auzmendi,ar ARG,FW,Gimnasia–LP,29-072,1997,12,0,236,2.6,1,0,1,1,0,0,0,0,0.38,0.00,0.38,0.38,0.38,Matches,0.13,0.25,8,4,50.0,1.53,3.05,,,,,,,,,,,,,,,,,,,Liga Profesional de Fútbol Argentina,2026
c89d0b23,Rodrigo Auzmendi,Rodrigo Auzmendi,ar ARG,FW,Banfield,25-102,2001,7,1,187,2.1,0,0,0,0,0,0,1,0,0.00,0.00,0.00,0.00,0.00,Matches,0.00,0.00,6,1,16.7,0.48,2.89,,,,,,,,,,,,,,,,,,,Liga Profesional de Fútbol Argentina,2026
c89d0b23,Rodrigo Auzmendi,Rodrigo Auzmendi,ar ARG,FW,Banfield,25-102,2001,7,1,187,2.1,0,0,0,0,0,0,1,0,0.00,0.00,0.00,0.00,0.00,Matches,0.22,0.33,9,6,66.7,4.03,6.04,,,,,,,,,,,,,,,,,,,Liga Profesional de Fútbol Argentina,2026
c89d0b23,Rodrigo Auzmendi,Rodrigo Auzmendi,ar ARG,FW,San Lorenzo,25-102,2001,4,1,134,1.5,2,0,2,2,0,0,0,0,1.34,0.00,1.34,1.34,1.34,Matches,0.00,0.00,6,1,16.7,0.48,2.89,,,,,,,,,,,,,,,,,,,Liga Profesional de Fútbol Argentina,2026
c89d0b23,Rodrigo Auzmendi,Rodrigo Auzmendi,ar ARG,FW,San Lorenzo,25-102,2001,4,1,134,1.5,2,0,2,2,0,0,0,0,1.34,0.00,1.34,1.34,1.34,Matches,0.22,0.33,9,6,66.7,4.03,6.04,,,,,,,,,,,,,,,,,,,Liga Profesional de Fútbol Argentina,2026
b6781b67,Gabriel Ávalos,Gabriel Ávalos,py PAR,FW,Independiente,35-184,1990,13,13,"1,152",12.8,8,4,12,7,1,1,2,0,0.62,0.31,0.94,0.55,0.86,Matches,0.20,0.78,35,9,25.7,0.70,2.73,,,,,,,,,,,,,,,,,,,Liga Profesional de Fútbol Argentina,2026
f648b2e1,Gastón Ávila,Gastón Ávila,ar ARG,DF,Rosario Central,24-196,2001,8,6,590,6.6,1,1,2,1,0,0,0,0,0.15,0.15,0.31,0.15,0.31,Matches,0.25,0.50,4,2,50.0,0.31,0.61,,,,,,,,,,,,,,,,,,,Liga Profesional de Fútbol Argentina,2026
8ccc2401,Renzo Bacchia,Renzo Bacchia,uy URU,GK,Estudiantes–RC,27-081,1999,5,5,450,5.0,0,0,0,0,0,0,1,0,0.00,0.00,0.00,0.00,0.00,Matches,,,0,0,,0.00,0.00,1,20.0,5,5,9,1.80,4,450,1,2,1,0.0,0,61.9,13,21,1,0,Liga Profesional de Fútbol Argentina,2026
8032e250,Gabriel Báez,Gabriel Báez,ar ARG,DF,Talleres–C,30-267,1995,6,6,487,5.4,0,0,0,0,0,0,1,0,0.00,0.00,0.00,0.00,0.00,Matches,0.00,,1,0,0.0,0.00,0.18,,,,,,,,,,,,,,,,,,,Liga Profesional de Fútbol Argentina,2026
9ba1c30c,Claudio Baeza,Claudio Baeza,cl CHI,MF,Vélez Sarsfield,32-112,1993,11,9,803,8.9,0,0,0,0,0,0,3,0,0.00,0.00,0.00,0.00,0.00,Matches,0.00,,5,0,0.0,0.00,0.56,,,,,,,,,,,,,,,,,,,Liga Profesional de Fútbol Argentina,2026
d005b036,Mateo Bajamich,Mateo Bajamich,ar ARG,FW,Estudiantes–RC,26-254,1999,12,9,690,7.7,1,0,1,1,0,0,0,0,0.13,0.00,0.13,0.13,0.13,Matches,0.09,0.33,11,3,27.3,0.39,1.43,,,,,,,,,,,,,,,,,,,Liga Profesional de Fútbol Argentina,2026
fa937f7a,Éver Banega,Éver Banega,ar ARG,MF,Defensa y Justicia,37-289,1988,6,3,269,3.0,0,0,0,0,0,0,2,0,0.00,0.00,0.00,0.00,0.00,Matches,0.00,,3,0,0.0,0.00,1.00,,,,,,,,,,,,,,,,,,,Liga Profesional de Fútbol Argentina,2026
55551a71,Nahuel Banegas,Nahuel Banegas,ar ARG,DF,Tigre,29-190,1996,2,1,80,0.9,0,0,0,0,0,0,0,0,0.00,0.00,0.00,0.00,0.00,Matches,,,0,0,,0.00,0.00,,,,,,,,,,,,,,,,,,,Liga Profesional de Fútbol Argentina,2026
0e8cbfc4,Miguel Barbieri,Miguel Barbieri,ar ARG,DF,Deportivo Riestra,32-233,1993,8,6,497,5.5,0,0,0,0,0,0,4,0,0.00,0.00,0.00,0.00,0.00,Matches,0.00,0.00,4,2,50.0,0.36,0.72,,,,,,,,,,,,,,,,,,,Liga Profesional de Fútbol Argentina,2026
62eef061,David Barbona,David Barbona,ar ARG,FW,Defensa y Justicia,31-051,1995,7,1,186,2.1,1,0,1,1,0,0,0,0,0.48,0.00,0.48,0.48,0.48,Matches,0.50,0.50,2,2,100.0,0.97,0.97,,,,,,,,,,,,,,,,,,,Liga Profesional de Fútbol Argentina,2026
b393a6c0,Nahuel Barboza,Nahuel Barboza,ar ARG,MF,Gimnasia–M,26-210,1999,8,5,531,5.9,0,0,0,0,0,0,1,0,0.00,0.00,0.00,0.00,0.00,Matches,0.00,,1,0,0.0,0.00,0.17,,,,,,,,,,,,,,,,,,,Liga Profesional de Fútbol Argentina,2026
b7f36529,Renzo Miguel Orihuela Barcos,Renzo Miguel Orihuela Barcos,uy URU,DF,Sarmiento–J,25-010,2001,6,5,495,5.5,0,0,0,0,0,0,1,0,0.00,0.00,0.00,0.00,0.00,Matches,0.00,0.00,3,1,33.3,0.18,0.55,,,,,,,,,,,,,,,,,,,Liga Profesional de Fútbol Argentina,2026
afb7f0ea,Adam Bareiro,Adam Bareiro,py PAR,FW,Boca Juniors,29-262,1996,7,6,565,6.3,2,1,3,2,0,0,2,0,0.32,0.16,0.48,0.32,0.48,Matches,0.12,0.22,17,9,52.9,1.43,2.71,,,,,,,,,,,,,,,,,,,Liga Profesional de Fútbol Argentina,2026
6bdb7078,Juan Barinaga,Juan Barinaga,ar ARG,DF,Boca Juniors,25-186,2000,7,7,587,6.5,0,0,0,0,0,0,0,0,0.00,0.00,0.00,0.00,0.00,Matches,0.00,0.00,2,1,50.0,0.15,0.31,,,,,,,,,,,,,,,,,,,Liga Profesional de Fútbol Argentina,2026
bea9b02f,Williams Barlasina,Williams Barlasina,ar ARG,GK,Newell's Old Boys,27-289,1998,5,4,378,4.2,0,0,0,0,0,0,0,0,0.00,0.00,0.00,0.00,0.00,Matches,,,0,0,,0.00,0.00,1,25.0,5,4,9,2.14,2,378,1,1,0,0.0,0,68.0,17,25,1,1,Liga Profesional de Fútbol Argentina,2026
4dff9e5a,Giovanni Baroni,Giovanni Baroni,ar ARG,"MF,FW",Talleres–C,17-083,2009,10,8,612,6.8,0,3,3,0,0,0,1,0,0.00,0.44,0.44,0.00,0.44,Matches,0.00,0.00,15,4,26.7,0.59,2.21,,,,,,,,,,,,,,,,,,,Liga Profesional de Fútbol Argentina,2026
3ad28381,Diego Barrera,Diego Barrera,ar ARG,"DF,MF",Cen. Córdoba–SdE,21-296,2004,11,8,709,7.9,2,0,2,2,0,0,3,0,0.25,0.00,0.25,0.25,0.25,Matches,0.17,0.40,12,5,41.7,0.63,1.52,,,,,,,,,,,,,,,,,,,Liga Profesional de Fútbol Argentina,2026
f2e5d390,Alan Barrionuevo,Alan Barrionuevo,ar ARG,DF,Tigre,29-102,1997,12,12,"1,080",12.0,2,2,4,2,0,0,1,0,0.17,0.17,0.33,0.17,0.33,Matches,0.12,0.40,17,5,29.4,0.42,1.42,,,,,,,,,,,,,,,,,,,Liga Profesional de Fútbol Argentina,2026
715c684b,Martín Barrios,Martín Barrios,uy URU,MF,Platense,27-080,1999,7,3,297,3.3,0,0,0,0,0,0,1,0,0.00,0.00,0.00,0.00,0.00,Matches,0.00,,4,0,0.0,0.00,1.21,,,,,,,,,,,,,,,,,,,Liga Profesional de Fútbol Argentina,2026
b2fabf7e,Nahuel Barrios,Nahuel Barrios,ar ARG,MF,San Lorenzo,27-342,1998,4,2,169,1.9,0,1,1,0,0,0,0,0,0.00,0.53,0.53,0.00,0.53,Matches,0.00,,1,0,0.0,0.00,0.53,,,,,,,,,,,,,,,,,,,Liga Profesional de Fútbol Argentina,2026
16f7625e,Rafael Barrios,Rafael Barrios,ar ARG,"MF,DF",Barracas Central,32-326,1993,9,7,497,5.5,0,0,0,0,0,0,0,0,0.00,0.00,0.00,0.00,0.00,Matches,,,0,0,,0.00,0.00,,,,,,,,,,,,,,,,,,,Liga Profesional de Fútbol Argentina,2026
ab935d6a,Bautista Barros Schelotto,Bautista Barros Schelotto,ar ARG,DF,Gimnasia–LP,26-091,2000,1,1,87,1.0,0,0,0,0,0,0,0,0,0.00,0.00,0.00,0.00,0.00,Matches,0.00,,1,0,0.0,0.00,1.03,,,,,,,,,,,,,,,,,,,Liga Profesional de Fútbol Argentina,2026
11a865cb,Bruno Barticciotto,Bruno Barticciotto,cl CHI,FW,Talleres–C,24-342,2001,2,1,41,0.5,0,1,1,0,0,0,0,0,0.00,2.20,2.20,0.00,2.20,Matches,,,0,0,,0.00,0.00,,,,,,,,,,,,,,,,,,,Liga Profesional de Fútbol Argentina,2026
9928bf1a,Tomás Belmonte,Tomás Belmonte,ar ARG,MF,Boca Juniors,27-322,1998,7,5,399,4.4,0,0,0,0,0,0,1,0,0.00,0.00,0.00,0.00,0.00,Matches,0.00,0.00,8,1,12.5,0.23,1.80,,,,,,,,,,,,,,,,,,,Liga Profesional de Fútbol Argentina,2026
83340875,Santiago Beltrán,Santiago Beltrán,ar ARG,GK,River Plate,21-192,2004,13,12,"1,125",12.5,0,0,0,0,0,0,0,0,0.00,0.00,0.00,0.00,0.00,Matches,,,0,0,,0.00,0.00,7,58.3,13,12,8,0.64,2,"1,125",1,1,0,0.0,0,81.1,30,37,2,8,Liga Profesional de Fútbol Argentina,2026
58a19703,Gastón Benedetti,Gastón Benedetti,ar ARG,DF,Estudiantes–LP,25-016,2001,12,10,937,10.4,0,1,1,0,0,0,3,0,0.00,0.10,0.10,0.00,0.10,Matches,0.00,,4,0,0.0,0.00,0.38,,,,,,,,,,,,,,,,,,,Liga Profesional de Fútbol Argentina,2026
b7b1dea7,Nicolás Benegas,Nicolás Benegas,ar ARG,FW,Deportivo Riestra,30-044,1996,11,4,446,5.0,1,0,1,1,0,0,5,0,0.20,0.00,0.20,0.20,0.20,Matches,0.06,0.14,16,7,43.8,1.41,3.23,,,,,,,,,,,,,,,,,,,Liga Profesional de Fútbol Argentina,2026
6359a492,Alcides Benítez,Alcides Benítez,py PAR,"MF,DF",Belgrano,23-290,2002,12,10,846,9.4,0,0,0,0,0,0,5,0,0.00,0.00,0.00,0.00,0.00,Matches,0.00,0.00,5,1,20.0,0.11,0.53,,,,,,,,,,,,,,,,,,,Liga Profesional de Fútbol Argentina,2026
c122e34e,Martín Benítez,Martín Benítez,ar ARG,FW,Atlé Tucumán,31-301,1994,3,1,95,1.1,1,0,1,0,1,1,0,0,0.95,0.00,0.95,0.00,0.00,Matches,0.00,0.00,2,1,50.0,0.95,1.89,,,,,,,,,,,,,,,,,,,Liga Profesional de Fútbol Argentina,2026
13718190,Fernando Bersano,Fernando Bersano,ar ARG,"DF,MF",Estudiantes–RC,28-101,1998,1,0,19,0.2,0,0,0,0,0,0,0,0,0.00,0.00,0.00,0.00,0.00,Matches,0.00,,1,0,0.0,0.00,4.74,,,,,,,,,,,,,,,,,,,Liga Profesional de Fútbol Argentina,2026
d8dcc840,Lucas Besozzi,Lucas Besozzi,ar ARG,MF,Lanús,23-082,2003,8,0,162,1.8,0,1,1,0,0,0,0,0,0.00,0.56,0.56,0.00,0.56,Matches,0.00,0.00,4,2,50.0,1.11,2.22,,,,,,,,,,,,,,,,,,,Liga Profesional de Fútbol Argentina,2026
7a012117,Juan Bisanz,Juan Bisanz,ar ARG,MF,Huracán,24-229,2001,9,2,313,3.5,2,1,3,2,0,0,1,0,0.58,0.29,0.86,0.58,0.86,Matches,0.15,0.33,13,6,46.2,1.73,3.74,,,,,,,,,,,,,,,,,,,Liga Profesional de Fútbol Argentina,2026
1657f448,Lautaro Blanco,Lautaro Blanco,ar ARG,DF,Boca Juniors,27-054,1999,12,11,"1,001",11.1,1,0,1,1,0,0,0,0,0.09,0.00,0.09,0.09,0.09,Matches,0.17,0.50,6,2,33.3,0.18,0.54,,,,,,,,,,,,,,,,,,,Liga Profesional de Fútbol Argentina,2026
4b97076c,Lucas Blondel,Lucas Blondel,ch SUI,"MF,DF",Huracán,29-212,1996,5,4,377,4.2,1,0,1,1,0,0,2,0,0.24,0.00,0.24,0.24,0.24,Matches,0.17,1.00,6,1,16.7,0.24,1.43,,,,,,,,,,,,,,,,,,,Liga Profesional de Fútbol Argentina,2026
396970dd,Roberto Bochi,Roberto Bochi,ar ARG,MF,Aldosivi,38-282,1987,10,9,672,7.5,0,0,0,0,0,0,3,0,0.00,0.00,0.00,0.00,0.00,Matches,0.00,,3,0,0.0,0.00,0.40,,,,,,,,,,,,,,,,,,,Liga Profesional de Fútbol Argentina,2026
5bc7c208,Rodrigo Bogarín,Rodrigo Bogarín,py PAR,"FW,MF",Barracas Central,28-325,1997,2,0,27,0.3,0,0,0,0,0,0,0,0,0.00,0.00,0.00,0.00,0.00,Matches,0.00,0.00,1,1,100.0,3.33,3.33,,,,,,,,,,,,,,,,,,,Liga Profesional de Fútbol Argentina,2026
4ada7df5,Nicolás Bolcato,Nicolás Bolcato,ar ARG,GK,Ind. Rivadavia,21-343,2004,13,12,"1,157",12.9,0,0,0,0,0,0,1,0,0.00,0.00,0.00,0.00,0.00,Matches,,,0,0,,0.00,0.00,3,25.0,13,12,12,0.93,2,"1,157",1,1,0,0.0,0,73.2,30,41,2,8,Liga Profesional de Fútbol Argentina,2026
af9d796b,Cayetano Bolzán,Cayetano Bolzán,ar ARG,FW,Gimnasia–LP,20-031,2006,1,0,23,0.3,0,0,0,0,0,0,0,0,0.00,0.00,0.00,0.00,0.00,Matches,,,0,0,,0.00,0.00,,,,,,,,,,,,,,,,,,,Liga Profesional de Fútbol Argentina,2026
0b6ff48b,Ezequiel Bonifacio,Ezequiel Bonifacio,ar ARG,DF,Ind. Rivadavia,31-340,1994,9,4,383,4.3,0,1,1,0,0,0,2,0,0.00,0.23,0.23,0.00,0.23,Matches,0.00,,3,0,0.0,0.00,0.70,,,,,,,,,,,,,,,,,,,Liga Profesional de Fútbol Argentina,2026
0bad403e,Matías Borgogno,Matías Borgogno,ar ARG,GK,Platense,27-236,1998,13,13,"1,170",13.0,0,0,0,0,0,0,1,0,0.00,0.00,0.00,0.00,0.00,Matches,,,0,0,,0.00,0.00,6,46.2,13,13,8,0.62,3,"1,170",1,1,0,0.0,0,85.1,40,47,7,3,Liga Profesional de Fútbol Argentina,2026
7a16bf7a,Benjamín Bosch,Benjamín Bosch,ar ARG,FW,Platense,20-303,2005,2,0,23,0.3,0,0,0,0,0,0,0,0,0.00,0.00,0.00,0.00,0.00,Matches,0.00,,1,0,0.0,0.00,3.91,,,,,,,,,,,,,,,,,,,Liga Profesional de Fútbol Argentina,2026
b11fd1e7,Rubén Botta,Rubén Botta,ar ARG,"MF,FW",Defensa y Justicia,36-073,1990,11,11,695,7.7,1,1,2,1,0,1,2,1,0.13,0.13,0.26,0.13,0.26,Matches,0.08,0.17,13,6,46.2,0.78,1.68,,,,,,,,,,,,,,,,,,,Liga Profesional de Fútbol Argentina,2026
145c1af1,Tomás Bottari,Tomás Bottari,ar ARG,MF,Ind. Rivadavia,24-353,2001,8,8,691,7.7,0,0,0,0,0,0,1,0,0.00,0.00,0.00,0.00,0.00,Matches,0.00,,1,0,0.0,0.00,0.13,,,,,,,,,,,,,,,,,,,Liga Profesional de Fútbol Argentina,2026
b5143c97,Walter Bou,Walter Bou,ar ARG,FW,Lanús,32-232,1993,9,7,520,5.8,2,0,2,1,1,1,0,0,0.35,0.00,0.35,0.17,0.17,Matches,0.17,0.33,6,3,50.0,0.52,1.04,,,,,,,,,,,,,,,,,,,Liga Profesional de Fútbol Argentina,2026
9687232d,Mariano Bracamonte,Mariano Bracamonte,ar ARG,DF,Deportivo Riestra,26-355,1999,3,3,254,2.8,0,0,0,0,0,0,1,0,0.00,0.00,0.00,0.00,0.00,Matches,0.00,0.00,6,2,33.3,0.71,2.13,,,,,,,,,,,,,,,,,,,Liga Profesional de Fútbol Argentina,2026
7cc9bb66,Malcom Braida,Malcom Braida,ar ARG,DF,Boca Juniors,28-332,1997,3,2,173,1.9,0,0,0,0,0,0,0,0,0.00,0.00,0.00,0.00,0.00,Matches,,,0,0,,0.00,0.00,,,,,,,,,,,,,,,,,,,Liga Profesional de Fútbol Argentina,2026
6159b1e9,Agustin Bravo,Agustin Bravo,ar ARG,DF,Instituto,24-338,2001,2,1,107,1.2,0,0,0,0,0,0,0,0,0.00,0.00,0.00,0.00,0.00,Matches,,,0,0,,0.00,0.00,,,,,,,,,,,,,,,,,,,Liga Profesional de Fútbol Argentina,2026
5619c5e8,Claudio Bravo,Claudio Bravo,ar ARG,DF,Arg Juniors,29-032,1997,4,1,112,1.2,0,0,0,0,0,0,1,0,0.00,0.00,0.00,0.00,0.00,Matches,,,0,0,,0.00,0.00,,,,,,,,,,,,,,,,,,,Liga Profesional de Fútbol Argentina,2026
0827937d,Leandro Brey,Leandro Brey,ar ARG,GK,Boca Juniors,23-205,2002,2,1,99,1.1,0,0,0,0,0,0,0,0,0.00,0.00,0.00,0.00,0.00,Matches,,,0,0,,0.00,0.00,2,200.0,2,1,0,0.00,0,99,0,0,0,,0,100.0,2,2,0,1,Liga Profesional de Fútbol Argentina,2026
b47b5b30,Norberto Briasco,Norberto Briasco,am ARM,FW,Barracas Central,30-044,1996,7,2,242,2.7,1,0,1,1,0,0,1,0,0.37,0.00,0.37,0.37,0.37,Matches,0.17,0.50,6,2,33.3,0.74,2.23,,,,,,,,,,,,,,,,,,,Liga Profesional de Fútbol Argentina,2026
595add88,Manuel Brondo,Manuel Brondo,ar ARG,FW,Atlé Tucumán,24-048,2002,5,0,96,1.1,0,0,0,0,0,0,0,0,0.00,0.00,0.00,0.00,0.00,Matches,0.00,0.00,3,1,33.3,0.94,2.81,,,,,,,,,,,,,,,,,,,Liga Profesional de Fútbol Argentina,2026
6503ae16,Jorge Broun,Jorge Broun,ar ARG,GK,Rosario Central,39-323,1986,3,3,270,3.0,0,0,0,0,0,0,0,0,0.00,0.00,0.00,0.00,0.00,Matches,,,0,0,,0.00,0.00,1,33.3,3,3,4,1.33,1,270,1,1,0,0.0,0,76.9,10,13,1,1,Liga Profesional de Fútbol Argentina,2026
8d7881e1,Facundo Bruera,Facundo Bruera,ar ARG,FW,Barracas Central,27-203,1998,12,8,750,8.3,1,1,2,1,0,0,5,0,0.12,0.12,0.24,0.12,0.24,Matches,0.04,0.11,23,9,39.1,1.08,2.76,,,,,,,,,,,,,,,,,,,Liga Profesional de Fútbol Argentina,2026
c2d7780d,Leonel Bucca,Leonel Bucca,ar ARG,MF,Ind. Rivadavia,27-025,1999,3,1,103,1.1,2,0,2,2,0,0,0,0,1.75,0.00,1.75,1.75,1.75,Matches,1.00,1.00,2,2,100.0,1.75,1.75,,,,,,,,,,,,,,,,,,,Liga Profesional de Fútbol Argentina,2026
e8a7b528,Joaquín Burgos,Joaquín Burgos,ar ARG,MF,Estudiantes–LP,21-121,2004,7,5,318,3.5,0,2,2,0,0,0,0,0,0.00,0.57,0.57,0.00,0.57,Matches,0.00,,4,0,0.0,0.00,1.13,,,,,,,,,,,,,,,,,,,Liga Profesional de Fútbol Argentina,2026
24bfa4d8,Javier Burrai,Javier Burrai,ec ECU,GK,Sarmiento–J,35-187,1990,12,12,"1,080",12.0,0,0,0,0,0,0,2,0,0.00,0.00,0.00,0.00,0.00,Matches,,,0,0,,0.00,0.00,4,33.3,12,12,12,1.00,6,"1,080",1,1,0,0.0,0,83.1,54,65,1,5,Liga Profesional de Fútbol Argentina,2026
a1206ad0,Felipe Bussio,Felipe Bussio,ar ARG,MF,Platense,21-302,2004,10,6,505,5.6,0,0,0,0,0,0,2,0,0.00,0.00,0.00,0.00,0.00,Matches,0.00,,2,0,0.0,0.00,0.36,,,,,,,,,,,,,,,,,,,Liga Profesional de Fútbol Argentina,2026
82549f54,Fabricio Bustos,Fabricio Bustos,ar ARG,DF,River Plate,29-351,1996,2,1,91,1.0,0,0,0,0,0,0,0,0,0.00,0.00,0.00,0.00,0.00,Matches,0.00,,1,0,0.0,0.00,0.99,,,,,,,,,,,,,,,,,,,Liga Profesional de Fútbol Argentina,2026
f49fd6b5,Luciano Cabral,Luciano Cabral,cl CHI,MF,Independiente,30-353,1995,8,2,251,2.8,1,0,1,1,0,0,1,1,0.36,0.00,0.36,0.36,0.36,Matches,0.14,0.50,7,2,28.6,0.72,2.51,,,,,,,,,,,,,,,,,,,Liga Profesional de Fútbol Argentina,2026
8668884d,Alejandro Cabrera,Alejandro Cabrera,ar ARG,MF,Estudiantes–RC,33-196,1992,8,6,451,5.0,0,0,0,0,0,0,3,0,0.00,0.00,0.00,0.00,0.00,Matches,0.00,,5,0,0.0,0.00,1.00,,,,,,,,,,,,,,,,,,,Liga Profesional de Fútbol Argentina,2026
7712406d,Bruno Cabrera,Bruno Cabrera,ar ARG,DF,Newell's Old Boys,28-351,1997,6,4,334,3.7,0,0,0,0,0,0,2,1,0.00,0.00,0.00,0.00,0.00,Matches,0.00,,4,0,0.0,0.00,1.08,,,,,,,,,,,,,,,,,,,Liga Profesional de Fútbol Argentina,2026
548ffe4c,Bruno Cabrera,Bruno Cabrera,ar ARG,MF,Lanús,22-297,2003,8,2,303,3.4,0,0,0,0,0,0,1,0,0.00,0.00,0.00,0.00,0.00,Matches,0.00,0.00,7,1,14.3,0.30,2.08,,,,,,,,,,,,,,,,,,,Liga Profesional de Fútbol Argentina,2026
4874cad4,Elías Cabrera,Elías Cabrera,ar ARG,MF,Tigre,23-048,2003,7,5,401,4.5,0,0,0,0,0,0,2,0,0.00,0.00,0.00,0.00,0.00,Matches,0.00,0.00,11,2,18.2,0.45,2.47,,,,,,,,,,,,,,,,,,,Liga Profesional de Fútbol Argentina,2026
777077ec,Máximo Cabrera,Máximo Cabrera,ar ARG,GK,Gimnasia–LP,19-230,2006,1,1,90,1.0,0,0,0,0,0,0,0,0,0.00,0.00,0.00,0.00,0.00,Matches,,,0,0,,0.00,0.00,0,0.0,1,1,1,1.00,1,90,0,0,0,,0,50.0,1,2,0,0,Liga Profesional de Fútbol Argentina,2026
18637ecc,Darío Cáceres,Darío Cáceres,py PAR,DF,Defensa y Justicia,28-078,1998,4,0,103,1.1,0,0,0,0,0,0,0,0,0.00,0.00,0.00,0.00,0.00,Matches,,,0,0,,0.00,0.00,,,,,,,,,,,,,,,,,,,Liga Profesional de Fútbol Argentina,2026
afc7a109,Mateo Caceres,Mateo Caceres,ar ARG,MF,Talleres–C,23-201,2002,10,3,367,4.1,0,0,0,0,0,0,2,0,0.00,0.00,0.00,0.00,0.00,Matches,0.00,0.00,2,2,100.0,0.49,0.49,,,,,,,,,,,,,,,,,,,Liga Profesional de Fútbol Argentina,2026
7fcb27d8,Jordy Caicedo,Jordy Caicedo,ec ECU,FW,Huracán,28-147,1997,12,12,"1,053",11.7,7,0,7,4,3,3,5,0,0.60,0.00,0.60,0.34,0.34,Matches,0.15,0.29,27,14,51.9,1.20,2.31,,,,,,,,,,,,,,,,,,,Liga Profesional de Fútbol Argentina,2026
0a7c2b06,Facundo Cambeses,Facundo Cambeses,ar ARG,GK,Racing Club,29-005,1997,13,13,"1,170",13.0,0,0,0,0,0,0,1,0,0.00,0.00,0.00,0.00,0.00,Matches,,,0,0,,0.00,0.00,5,38.5,13,13,13,1.00,5,"1,170",0,1,0,100.0,1,69.8,30,43,3,5,Liga Profesional de Fútbol Argentina,2026
8d5ceef2,Jaminton Campaz,Jaminton Campaz,co COL,"MF,FW",Rosario Central,25-325,2000,9,6,562,6.2,1,4,5,1,0,0,0,0,0.16,0.64,0.80,0.16,0.80,Matches,0.04,0.07,24,14,58.3,2.24,3.84,,,,,,,,,,,,,,,,,,,Liga Profesional de Fútbol Argentina,2026
74223a01,Gastón Campi,Gastón Campi,ar ARG,DF,Barracas Central,35-008,1991,7,6,542,6.0,0,0,0,0,0,0,2,0,0.00,0.00,0.00,0.00,0.00,Matches,0.00,,1,0,0.0,0.00,0.17,,,,,,,,,,,,,,,,,,,Liga Profesional de Fútbol Argentina,2026
db8c83e8,Ignacio Campo,Ignacio Campo,ar ARG,DF,Huracán,21-015,2005,7,6,495,5.5,1,1,2,1,0,0,3,0,0.18,0.18,0.36,0.18,0.36,Matches,0.20,0.50,5,2,40.0,0.36,0.91,,,,,,,,,,,,,,,,,,,Liga Profesional de Fútbol Argentina,2026
97d24b73,José Canale,José Canale,py PAR,DF,Lanús,29-268,1996,9,9,810,9.0,0,0,0,0,0,0,1,0,0.00,0.00,0.00,0.00,0.00,Matches,0.00,,1,0,0.0,0.00,0.11,,,,,,,,,,,,,,,,,,,Liga Profesional de Fútbol Argentina,2026
a62813d2,Jhonatan Candia,Jhonatan Candia,uy URU,FW,Barracas Central,31-030,1995,11,8,645,7.2,1,0,1,1,0,0,2,0,0.14,0.00,0.14,0.14,0.14,Matches,0.10,0.20,10,5,50.0,0.70,1.40,,,,,,,,,,,,,,,,,,,Liga Profesional de Fútbol Argentina,2026
134bd6e4,Ezequiel Cannavo,Ezequiel Cannavo,ar ARG,DF,Racing Club,23-306,2002,10,10,893,9.9,0,0,0,0,0,0,1,0,0.00,0.00,0.00,0.00,0.00,Matches,0.00,,3,0,0.0,0.00,0.30,,,,,,,,,,,,,,,,,,,Liga Profesional de Fútbol Argentina,2026
75bb4606,Giovanni Cantizano,Giovanni Cantizano,ar ARG,MF,Rosario Central,19-024,2007,1,0,16,0.2,0,0,0,0,0,0,0,0,0.00,0.00,0.00,0.00,0.00,Matches,0.00,0.00,1,1,100.0,5.63,5.63,,,,,,,,,,,,,,,,,,,Liga Profesional de Fútbol Argentina,2026
d64d46e4,Nicolás Capraro,Nicolás Capraro,ar ARG,DF,Barracas Central,28-042,1998,11,9,862,9.6,0,0,0,0,0,0,1,0,0.00,0.00,0.00,0.00,0.00,Matches,0.00,0.00,2,2,100.0,0.21,0.21,,,,,,,,,,,,,,,,,,,Liga Profesional de Fútbol Argentina,2026
707b98f1,Valentin Carboni,Valentin Carboni,ar ARG,FW,Racing Club,21-040,2005,5,3,202,2.2,0,0,0,0,0,0,1,0,0.00,0.00,0.00,0.00,0.00,Matches,0.00,,3,0,0.0,0.00,1.34,,,,,,,,,,,,,,,,,,,Liga Profesional de Fútbol Argentina,2026
8681ad73,Mauricio Cardillo,Mauricio Cardillo,ar ARG,MF,San Lorenzo,23-034,2003,7,2,225,2.5,0,0,0,0,0,0,0,0,0.00,0.00,0.00,0.00,0.00,Matches,0.00,,1,0,0.0,0.00,0.40,,,,,,,,,,,,,,,,,,,Liga Profesional de Fútbol Argentina,2026
1b677f5e,Agustín Cardozo,Agustín Cardozo,ar ARG,MF,Lanús,28-319,1997,11,11,989,11.0,0,1,1,0,0,0,0,0,0.00,0.09,0.09,0.00,0.09,Matches,0.00,0.00,3,1,33.3,0.09,0.27,,,,,,,,,,,,,,,,,,,Liga Profesional de Fútbol Argentina,2026
e68bce6e,Juan Cardozo,Juan Cardozo,py PAR,MF,Cen. Córdoba–SdE,22-049,2004,7,5,487,5.4,0,0,0,0,0,0,0,0,0.00,0.00,0.00,0.00,0.00,Matches,,,0,0,,0.00,0.00,,,,,,,,,,,,,,,,,,,Liga Profesional de Fútbol Argentina,2026
d99c8e00,Thiago Cardozo,Thiago Cardozo,uy URU,GK,Belgrano,29-257,1996,13,13,"1,170",13.0,0,0,0,0,0,0,0,0,0.00,0.00,0.00,0.00,0.00,Matches,,,0,0,,0.00,0.00,6,46.2,13,13,12,0.92,3,"1,170",3,3,0,0.0,0,81.3,39,48,4,6,Liga Profesional de Fútbol Argentina,2026
0cc742f4,Lautaro Carrera,Lautaro Carrera,ar ARG,DF,Gimnasia–M,22-319,2003,6,3,330,3.7,0,0,0,0,0,0,0,0,0.00,0.00,0.00,0.00,0.00,Matches,,,0,0,,0.00,0.00,,,,,,,,,,,,,,,,,,,Liga Profesional de Fútbol Argentina,2026
44c271db,Ramiro Carrera,Ramiro Carrera,ar ARG,"MF,FW",Lanús,32-172,1993,11,10,765,8.5,2,3,5,2,0,0,5,0,0.24,0.35,0.59,0.24,0.59,Matches,0.10,0.40,21,5,23.8,0.59,2.47,,,,,,,,,,,,,,,,,,,Liga Profesional de Fútbol Argentina,2026
8f898ba8,Guido Carrillo,Guido Carrillo,ar ARG,FW,Estudiantes–LP,34-324,1991,9,9,784,8.7,1,1,2,1,0,0,0,0,0.11,0.11,0.23,0.11,0.23,Matches,0.03,0.07,30,14,46.7,1.61,3.44,,,,,,,,,,,,,,,,,,,Liga Profesional de Fútbol Argentina,2026
2d4f563a,Facundo Carrizo,Facundo Carrizo,ar ARG,FW,Arg Juniors,18-318,2007,2,0,16,0.2,0,0,0,0,0,0,0,0,0.00,0.00,0.00,0.00,0.00,Matches,,,0,0,,0.00,0.00,,,,,,,,,,,,,,,,,,,Liga Profesional de Fútbol Argentina,2026
2bfc68c3,Lucas Carrizo,Lucas Carrizo,ar ARG,DF,Huracán,28-329,1997,9,6,640,7.1,0,0,0,0,0,0,2,1,0.00,0.00,0.00,0.00,0.00,Matches,0.00,,3,0,0.0,0.00,0.42,,,,,,,,,,,,,,,,,,,Liga Profesional de Fútbol Argentina,2026
9ce60d15,Maher Carrizo,Maher Carrizo,ar ARG,MF,Vélez Sarsfield,20-054,2006,1,0,45,0.5,0,0,0,0,0,0,0,0,0.00,0.00,0.00,0.00,0.00,Matches,0.00,,1,0,0.0,0.00,2.00,,,,,,,,,,,,,,,,,,,Liga Profesional de Fútbol Argentina,2026
37236393,Yuri Casermeiro,Yuri Casermeiro,ar ARG,DF,Cen. Córdoba–SdE,24-033,2002,4,1,168,1.9,0,0,0,0,0,0,1,0,0.00,0.00,0.00,0.00,0.00,Matches,,,0,0,,0.00,0.00,,,,,,,,,,,,,,,,,,,Liga Profesional de Fútbol Argentina,2026
c393c3d9,Kevin Castaño,Kevin Castaño,co COL,MF,River Plate,25-197,2000,5,1,96,1.1,0,0,0,0,0,0,0,0,0.00,0.00,0.00,0.00,0.00,Matches,0.00,,1,0,0.0,0.00,0.94,,,,,,,,,,,,,,,,,,,Liga Profesional de Fútbol Argentina,2026
da71df54,Rodrigo Castillo,Rodrigo Castillo,ar ARG,FW,Lanús,27-047,1999,5,4,358,4.0,1,3,4,1,0,0,0,0,0.25,0.75,1.01,0.25,1.01,Matches,0.14,0.25,7,4,57.1,1.01,1.76,,,,,,,,,,,,,,,,,,,Liga Profesional de Fútbol Argentina,2026
94e40a9f,Alexis Castro,Alexis Castro,ar ARG,MF,Estudiantes–LP,31-178,1994,11,6,500,5.6,2,0,2,2,0,0,1,0,0.36,0.00,0.36,0.36,0.36,Matches,0.33,0.67,6,3,50.0,0.54,1.08,,,,,,,,,,,,,,,,,,,Liga Profesional de Fútbol Argentina,2026
56b2957b,Lucas Castro,Lucas Castro,ar ARG,MF,Gimnasia–LP,37-005,1989,10,3,294,3.3,0,0,0,0,0,0,0,0,0.00,0.00,0.00,0.00,0.00,Matches,0.00,,9,0,0.0,0.00,2.76,,,,,,,,,,,,,,,,,,,Liga Profesional de Fútbol Argentina,2026
e7eab8e7,Matías Catalán,Matías Catalán,cl CHI,DF,Talleres–C,33-238,1992,12,11,976,10.8,0,1,1,0,0,0,0,0,0.00,0.09,0.09,0.00,0.09,Matches,0.00,0.00,6,1,16.7,0.09,0.55,,,,,,,,,,,,,,,,,,,Liga Profesional de Fútbol Argentina,2026
527f063d,Edinson Cavani,Edinson Cavani,uy URU,FW,Boca Juniors,39-059,1987,2,1,104,1.2,0,0,0,0,0,0,0,0,0.00,0.00,0.00,0.00,0.00,Matches,,,0,0,,0.00,0.00,,,,,,,,,,,,,,,,,,,Liga Profesional de Fútbol Argentina,2026
4902f18b,Julián Ceballos,Julián Ceballos,ar ARG,MF,Gimnasia–M,21-213,2004,7,5,382,4.2,0,1,1,0,0,0,1,0,0.00,0.24,0.24,0.00,0.24,Matches,0.00,0.00,4,2,50.0,0.47,0.94,,,,,,,,,,,,,,,,,,,Liga Profesional de Fútbol Argentina,2026
f88ec6d6,Giuliano Cerato,Giuliano Cerato,ar ARG,"MF,DF",Instituto,27-308,1998,13,13,"1,155",12.8,2,1,3,2,0,0,4,0,0.16,0.08,0.23,0.16,0.23,Matches,0.20,0.33,10,6,60.0,0.47,0.78,,,,,,,,,,,,,,,,,,,Liga Profesional de Fútbol Argentina,2026
635c9552,Ezequiel Cerutti,Ezequiel Cerutti,ar ARG,"MF,FW",San Lorenzo,34-087,1992,7,6,427,4.7,0,0,0,0,0,0,1,0,0.00,0.00,0.00,0.00,0.00,Matches,0.00,0.00,7,1,14.3,0.21,1.48,,,,,,,,,,,,,,,,,,,Liga Profesional de Fútbol Argentina,2026
9e81aaf7,Edwuin Cetré,Edwuin Cetré,co COL,MF,Estudiantes–LP,28-103,1998,9,3,420,4.7,0,0,0,0,0,0,1,0,0.00,0.00,0.00,0.00,0.00,Matches,0.00,0.00,10,6,60.0,1.29,2.14,,,,,,,,,,,,,,,,,,,Liga Profesional de Fútbol Argentina,2026
8d938a21,Timoteo Chamorro,Timoteo Chamorro,ar ARG,DF,Talleres–C,20-065,2006,3,0,79,0.9,0,0,0,0,0,0,0,0,0.00,0.00,0.00,0.00,0.00,Matches,0.00,0.00,1,1,100.0,1.14,1.14,,,,,,,,,,,,,,,,,,,Liga Profesional de Fútbol Argentina,2026
062673d9,Ignacio Charparin,Ignacio Charparin,ar ARG,MF,Gimnasia–M,26-267,1999,2,1,126,1.4,0,0,0,0,0,0,0,0,0.00,0.00,0.00,0.00,0.00,Matches,0.00,0.00,1,1,100.0,0.71,0.71,,,,,,,,,,,,,,,,,,,Liga Profesional de Fútbol Argentina,2026
ce797009,Emiliano Chiavassa,Emiliano Chiavassa,ar ARG,FW,Talleres–C,20-102,2006,3,0,29,0.3,0,0,0,0,0,0,0,0,0.00,0.00,0.00,0.00,0.00,Matches,,,0,0,,0.00,0.00,,,,,,,,,,,,,,,,,,,Liga Profesional de Fútbol Argentina,2026
875ac6e9,Diego Churín,Diego Churín,ar ARG,"FW,MF",Sarmiento–J,36-134,1989,11,8,626,7.0,2,0,2,1,1,1,1,1,0.29,0.00,0.29,0.14,0.14,Matches,0.08,0.33,12,3,25.0,0.43,1.73,,,,,,,,,,,,,,,,,,,Liga Profesional de Fútbol Argentina,2026
93f1acf1,Luciano Cingolani,Luciano Cingolani,ar ARG,FW,Gimnasia–M,25-008,2001,6,0,168,1.9,0,0,0,0,0,0,0,0,0.00,0.00,0.00,0.00,0.00,Matches,0.00,0.00,4,4,100.0,2.14,2.14,,,,,,,,,,,,,,,,,,,Liga Profesional de Fútbol Argentina,2026
5d88b1cf,Facundo Cobos,Facundo Cobos,ar ARG,DF,Estudiantes–RC,33-054,1993,5,3,307,3.4,1,0,1,1,0,0,0,0,0.29,0.00,0.29,0.29,0.29,Matches,0.33,0.50,3,2,66.7,0.59,0.88,,,,,,,,,,,,,,,,,,,Liga Profesional de Fútbol Argentina,2026
caed0767,Matías Cóccaro,Matías Cóccaro,uy URU,"FW,MF",Newell's Old Boys,28-150,1997,8,7,479,5.3,1,0,1,1,0,0,1,0,0.19,0.00,0.19,0.19,0.19,Matches,0.13,0.50,8,2,25.0,0.38,1.50,,,,,,,,,,,,,,,,,,,Liga Profesional de Fútbol Argentina,2026
89fd5410,Agustín Colazo,Agustín Colazo,ar ARG,FW,Unión,25-150,2000,4,2,138,1.5,0,0,0,0,0,0,0,0,0.00,0.00,0.00,0.00,0.00,Matches,0.00,0.00,4,1,25.0,0.65,2.61,,,,,,,,,,,,,,,,,,,Liga Profesional de Fútbol Argentina,2026
161b89a2,Nicolás Colazo,Nicolás Colazo,ar ARG,MF,Banfield,35-280,1990,3,2,99,1.1,0,0,0,0,0,0,0,0,0.00,0.00,0.00,0.00,0.00,Matches,0.00,,1,0,0.0,0.00,0.91,,,,,,,,,,,,,,,,,,,Liga Profesional de Fútbol Argentina,2026
69a6523a,Facundo Colidio,Facundo Colidio,ar ARG,"FW,MF",River Plate,26-100,2000,9,7,531,5.9,2,1,3,2,0,0,0,1,0.34,0.17,0.51,0.34,0.51,Matches,0.18,0.33,11,6,54.5,1.02,1.86,,,,,,,,,,,,,,,,,,,Liga Profesional de Fútbol Argentina,2026
8127de9b,Nazareno Colombo,Nazareno Colombo,ar ARG,DF,Racing Club,27-025,1999,7,4,328,3.6,0,0,0,0,0,0,1,0,0.00,0.00,0.00,0.00,0.00,Matches,0.00,,4,0,0.0,0.00,1.10,,,,,,,,,,,,,,,,,,,Liga Profesional de Fútbol Argentina,2026
9d3e62ff,Gabriel Compagnucci,Gabriel Compagnucci,ar ARG,"MF,DF",Atlé Tucumán,34-228,1991,9,4,360,4.0,0,1,1,0,0,0,1,0,0.00,0.25,0.25,0.00,0.25,Matches,0.00,,9,0,0.0,0.00,2.25,,,,,,,,,,,,,,,,,,,Liga Profesional de Fútbol Argentina,2026
f61143dd,Tomás Conechny,Tomás Conechny,ar ARG,"FW,MF",Racing Club,28-015,1998,13,5,597,6.6,3,2,5,3,0,0,2,0,0.45,0.30,0.75,0.45,0.75,Matches,0.33,0.60,9,5,55.6,0.75,1.36,,,,,,,,,,,,,,,,,,,Liga Profesional de Fútbol Argentina,2026
707ba477,Julián Contrera,Julián Contrera,ar ARG,"MF,FW",Sarmiento–J,22-339,2003,12,8,775,8.6,0,2,2,0,0,0,5,0,0.00,0.23,0.23,0.00,0.23,Matches,0.00,0.00,10,5,50.0,0.58,1.16,,,,,,,,,,,,,,,,,,,Liga Profesional de Fútbol Argentina,2026
a535dbc6,Enzo Copetti,Enzo Copetti,ar ARG,"FW,MF",Rosario Central,30-088,1996,11,5,512,5.7,3,0,3,3,0,0,2,0,0.53,0.00,0.53,0.53,0.53,Matches,0.33,0.60,9,5,55.6,0.88,1.58,,,,,,,,,,,,,,,,,,,Liga Profesional de Fútbol Argentina,2026
78f10ec0,Nicolás Cordero,Nicolás Cordero,ar ARG,"FW,MF",Aldosivi,27-003,1999,9,6,550,6.1,1,0,1,1,0,0,0,0,0.16,0.00,0.16,0.16,0.16,Matches,0.08,0.50,12,2,16.7,0.33,1.96,,,,,,,,,,,,,,,,,,,Liga Profesional de Fútbol Argentina,2026
fdac9284,Jhon Córdoba,Jhon Córdoba,co COL,"FW,MF",Instituto,25-273,2000,9,9,621,6.9,0,0,0,0,0,0,1,0,0.00,0.00,0.00,0.00,0.00,Matches,0.00,0.00,10,4,40.0,0.58,1.45,,,,,,,,,,,,,,,,,,,Liga Profesional de Fútbol Argentina,2026
994d6133,Alan Coria,Alan Coria,ar ARG,FW,Defensa y Justicia,18-300,2007,1,0,1,0.0,0,0,0,0,0,0,0,0,0.00,0.00,0.00,0.00,0.00,Matches,0.00,0.00,1,1,100.0,90.00,90.00,,,,,,,,,,,,,,,,,,,Liga Profesional de Fútbol Argentina,2026
e5aa6459,Emanuel Coronel,Emanuel Coronel,ar ARG,DF,Rosario Central,29-072,1997,9,7,594,6.6,0,0,0,0,0,0,3,0,0.00,0.00,0.00,0.00,0.00,Matches,0.00,0.00,3,1,33.3,0.15,0.45,,,,,,,,,,,,,,,,,,,Liga Profesional de Fútbol Argentina,2026
d52da527,Kevin Coronel,Kevin Coronel,ar ARG,DF,Arg Juniors,21-246,2004,5,4,358,4.0,0,0,0,0,0,0,1,0,0.00,0.00,0.00,0.00,0.00,Matches,0.00,0.00,4,1,25.0,0.25,1.01,,,,,,,,,,,,,,,,,,,Liga Profesional de Fútbol Argentina,2026
a01ac08d,Juan Cortazzo,Juan Cortazzo,ar ARG,DF,Gimnasia–LP,20-178,2005,5,0,75,0.8,0,0,0,0,0,0,0,0,0.00,0.00,0.00,0.00,0.00,Matches,0.00,,1,0,0.0,0.00,1.20,,,,,,,,,,,,,,,,,,,Liga Profesional de Fútbol Argentina,2026
51079959,Brayan Cortés,Brayan Cortés,cl CHI,GK,Arg Juniors,31-034,1995,13,13,"1,170",13.0,0,0,0,0,0,0,2,0,0.00,0.00,0.00,0.00,0.00,Matches,,,0,0,,0.00,0.00,7,53.8,13,13,10,0.77,2,"1,170",0,0,0,,0,73.0,27,37,5,6,Liga Profesional de Fútbol Argentina,2026
d2c12fe0,Oscar Cortés,Oscar Cortés,co COL,"MF,FW",Huracán,22-132,2003,11,10,793,8.8,1,3,4,1,0,0,2,0,0.11,0.34,0.45,0.11,0.45,Matches,0.08,0.20,13,5,38.5,0.57,1.48,,,,,,,,,,,,,,,,,,,Liga Profesional de Fútbol Argentina,2026
1baae639,Ismael Cortéz,Ismael Cortéz,ar ARG,MF,Gimnasia–M,24-103,2002,4,0,129,1.4,0,0,0,0,0,0,1,0,0.00,0.00,0.00,0.00,0.00,Matches,0.00,,1,0,0.0,0.00,0.70,,,,,,,,,,,,,,,,,,,Liga Profesional de Fútbol Argentina,2026
5c6051ad,Guzmán Corujo,Guzmán Corujo,uy URU,DF,San Lorenzo,29-255,1996,3,2,192,2.1,0,0,0,0,0,0,0,0,0.00,0.00,0.00,0.00,0.00,Matches,0.00,,1,0,0.0,0.00,0.47,,,,,,,,,,,,,,,,,,,Liga Profesional de Fútbol Argentina,2026
3f831989,Ayrton Costa,Ayrton Costa,ar ARG,DF,Boca Juniors,26-276,1999,11,11,990,11.0,0,0,0,0,0,0,2,0,0.00,0.00,0.00,0.00,0.00,Matches,0.00,,5,0,0.0,0.00,0.45,,,,,,,,,,,,,,,,,,,Liga Profesional de Fútbol Argentina,2026
2879e7a6,Leonard Costa,Leonard Costa,uy URU,DF,Ind. Rivadavia,27-229,1998,13,12,929,10.3,0,0,0,0,0,0,1,0,0.00,0.00,0.00,0.00,0.00,Matches,0.00,,5,0,0.0,0.00,0.48,,,,,,,,,,,,,,,,,,,Liga Profesional de Fútbol Argentina,2026
00e81ca0,Tiago Cravero,Tiago Cravero,ar ARG,MF,Cen. Córdoba–SdE,23-193,2002,8,2,269,3.0,0,0,0,0,0,0,1,0,0.00,0.00,0.00,0.00,0.00,Matches,0.00,,1,0,0.0,0.00,0.33,,,,,,,,,,,,,,,,,,,Liga Profesional de Fútbol Argentina,2026
563117a5,Diego Crego,Diego Crego,ar ARG,MF,Ind. Rivadavia,29-085,1997,6,0,100,1.1,0,0,0,0,0,0,0,0,0.00,0.00,0.00,0.00,0.00,Matches,0.00,0.00,2,1,50.0,0.90,1.80,,,,,,,,,,,,,,,,,,,Liga Profesional de Fútbol Argentina,2026
25b26e2e,Franco Cristaldo,Franco Cristaldo,ar ARG,MF,Talleres–C,29-242,1996,4,4,294,3.3,0,0,0,0,0,0,1,0,0.00,0.00,0.00,0.00,0.00,Matches,0.00,,2,0,0.0,0.00,0.61,,,,,,,,,,,,,,,,,,,Liga Profesional de Fútbol Argentina,2026
0bf6b89a,Alexis Cuello,Alexis Cuello,ar ARG,FW,San Lorenzo,26-055,2000,13,13,"1,170",13.0,4,3,7,3,1,2,4,0,0.31,0.23,0.54,0.23,0.46,Matches,0.15,0.38,20,8,40.0,0.62,1.54,,,,,,,,,,,,,,,,,,,Liga Profesional de Fútbol Argentina,2026
f22503a8,Brian Cuello,Brian Cuello,ar ARG,MF,Unión,28-196,1997,9,7,549,6.1,2,0,2,2,0,0,3,0,0.33,0.00,0.33,0.33,0.33,Matches,0.14,0.40,14,5,35.7,0.82,2.30,,,,,,,,,,,,,,,,,,,Liga Profesional de Fútbol Argentina,2026
39fb428f,Víctor Cuesta,Víctor Cuesta,ar ARG,DF,Platense,37-146,1988,7,7,630,7.0,0,0,0,0,0,0,4,0,0.00,0.00,0.00,0.00,0.00,Matches,0.00,0.00,6,2,33.3,0.29,0.86,,,,,,,,,,,,,,,,,,,Liga Profesional de Fútbol Argentina,2026
537c6b97,Mauro Da Luz,Mauro Da Luz,uy URU,"FW,MF",Aldosivi,31-160,1994,3,0,80,0.9,0,0,0,0,0,0,0,0,0.00,0.00,0.00,0.00,0.00,Matches,0.00,,2,0,0.0,0.00,2.25,,,,,,,,,,,,,,,,,,,Liga Profesional de Fútbol Argentina,2026
3148408c,Juan Dadin,Juan Dadin,ar ARG,FW,Ind. Rivadavia,19-329,2006,4,0,51,0.6,0,0,0,0,0,0,1,0,0.00,0.00,0.00,0.00,0.00,Matches,0.00,,1,0,0.0,0.00,1.76,,,,,,,,,,,,,,,,,,,Liga Profesional de Fútbol Argentina,2026
a2f24dc6,Santiago Dalmasso,Santiago Dalmasso,ar ARG,MF,Platense,21-300,2004,6,0,119,1.3,0,0,0,0,0,0,2,0,0.00,0.00,0.00,0.00,0.00,Matches,0.00,0.00,2,1,50.0,0.76,1.51,,,,,,,,,,,,,,,,,,,Liga Profesional de Fútbol Argentina,2026
beb8f099,Santiago Daniele,Santiago Daniele,ar ARG,DF,Banfield,20-143,2005,2,0,84,0.9,0,0,0,0,0,0,0,0,0.00,0.00,0.00,0.00,0.00,Matches,0.00,,1,0,0.0,0.00,1.07,,,,,,,,,,,,,,,,,,,Liga Profesional de Fútbol Argentina,2026
c911d311,Jonathan David Gómez,Jonathan David Gómez,ar ARG,"MF,FW",Sarmiento–J,36-114,1989,9,4,315,3.5,0,1,1,0,0,0,1,0,0.00,0.29,0.29,0.00,0.29,Matches,0.00,0.00,8,2,25.0,0.57,2.29,,,,,,,,,,,,,,,,,,,Liga Profesional de Fútbol Argentina,2026
03d0ea9a,Héctor David Martínez,Héctor David Martínez,py PAR,DF,Defensa y Justicia,28-083,1998,9,9,735,8.2,0,1,1,0,0,0,4,0,0.00,0.12,0.12,0.00,0.12,Matches,0.00,0.00,9,1,11.1,0.12,1.10,,,,,,,,,,,,,,,,,,,Liga Profesional de Fútbol Argentina,2026
2e3dbaa5,Álvaro David Montero,Álvaro David Montero,co COL,GK,Vélez Sarsfield,31-016,1995,12,12,"1,080",12.0,0,0,0,0,0,0,0,0,0.00,0.00,0.00,0.00,0.00,Matches,,,0,0,,0.00,0.00,5,41.7,12,12,9,0.75,2,"1,080",0,0,0,,0,84.7,50,59,4,6,Liga Profesional de Fútbol Argentina,2026
ca72c04e,Valentín Dávila,Valentín Dávila,ar ARG,FW,Talleres–C,19-085,2007,11,3,427,4.7,4,0,4,4,0,0,0,0,0.84,0.00,0.84,0.84,0.84,Matches,0.31,0.44,13,9,69.2,1.90,2.74,,,,,,,,,,,,,,,,,,,Liga Profesional de Fútbol Argentina,2026
035db54d,Hernán De La Fuente,Hernán De La Fuente,ar ARG,DF,Instituto,29-097,1997,2,0,49,0.5,0,0,0,0,0,0,0,0,0.00,0.00,0.00,0.00,0.00,Matches,0.00,0.00,1,1,100.0,1.84,1.84,,,,,,,,,,,,,,,,,,,Liga Profesional de Fútbol Argentina,2026
7445fe34,Facundo De La Vega,Facundo De La Vega,ar ARG,FW,Aldosivi,22-364,2003,5,1,145,1.6,0,0,0,0,0,0,0,0,0.00,0.00,0.00,0.00,0.00,Matches,0.00,0.00,3,1,33.3,0.62,1.86,,,,,,,,,,,,,,,,,,,Liga Profesional de Fútbol Argentina,2026
d2e6d986,Mathías De Ritis,Mathías De Ritis,uy URU,"DF,MF",San Lorenzo,23-073,2003,9,8,577,6.4,0,2,2,0,0,0,3,0,0.00,0.31,0.31,0.00,0.31,Matches,0.00,,3,0,0.0,0.00,0.47,,,,,,,,,,,,,,,,,,,Liga Profesional de Fútbol Argentina,2026
fb591f74,Ronaldo Dejesús,Ronaldo Dejesús,py PAR,DF,Lanús,24-358,2001,7,4,365,4.1,0,0,0,0,0,0,1,0,0.00,0.00,0.00,0.00,0.00,Matches,0.00,,3,0,0.0,0.00,0.74,,,,,,,,,,,,,,,,,,,Liga Profesional de Fútbol Argentina,2026
85e0feab,Mateo Del Blanco,Mateo Del Blanco,ar ARG,"DF,MF",Unión,22-165,2003,13,13,"1,123",12.5,2,1,3,2,0,0,2,0,0.16,0.08,0.24,0.16,0.24,Matches,0.06,0.22,36,9,25.0,0.72,2.89,,,,,,,,,,,,,,,,,,,Liga Profesional de Fútbol Argentina,2026
345b1400,Carlos Delgado,Carlos Delgado,py PAR,FW,Sarmiento–J,23-155,2002,1,0,7,0.1,0,0,0,0,0,0,0,0,0.00,0.00,0.00,0.00,0.00,Matches,,,0,0,,0.00,0.00,,,,,,,,,,,,,,,,,,,Liga Profesional de Fútbol Argentina,2026
947949f1,Milton Delgado,Milton Delgado,ar ARG,MF,Boca Juniors,20-302,2005,12,8,738,8.2,0,1,1,0,0,0,1,0,0.00,0.12,0.12,0.00,0.12,Matches,0.00,0.00,2,1,50.0,0.12,0.24,,,,,,,,,,,,,,,,,,,Liga Profesional de Fútbol Argentina,2026
328cb061,Nicolás Demartini,Nicolás Demartini,ar ARG,DF,Barracas Central,26-161,1999,7,7,630,7.0,0,1,1,0,0,0,2,0,0.00,0.14,0.14,0.00,0.14,Matches,,,0,0,,0.00,0.00,,,,,,,,,,,,,,,,,,,Liga Profesional de Fútbol Argentina,2026
d02cb5d7,Valentín Depietri,Valentín Depietri,ar ARG,FW,Talleres–C,25-165,2000,5,2,187,2.1,1,0,1,1,0,0,0,0,0.48,0.00,0.48,0.48,0.48,Matches,0.13,0.33,8,3,37.5,1.44,3.85,,,,,,,,,,,,,,,,,,,Liga Profesional de Fútbol Argentina,2026
5d448a04,José Devecchi,José Devecchi,ar ARG,GK,San Lorenzo,30-279,1995,1,1,90,1.0,0,0,0,0,0,0,1,0,0.00,0.00,0.00,0.00,0.00,Matches,,,0,0,,0.00,0.00,0,0.0,1,1,1,1.00,0,90,0,0,0,,0,50.0,1,2,1,0,Liga Profesional de Fútbol Argentina,2026
28c96f20,Marco Di Cesare,Marco Di Cesare,ar ARG,DF,Racing Club,24-074,2002,11,10,888,9.9,2,0,2,2,0,0,7,1,0.20,0.00,0.20,0.20,0.20,Matches,0.20,0.67,10,3,30.0,0.30,1.01,,,,,,,,,,,,,,,,,,,Liga Profesional de Fútbol Argentina,2026
7b58c3c3,Lautaro Di Lollo,Lautaro Di Lollo,ar ARG,DF,Boca Juniors,22-035,2004,11,11,990,11.0,1,0,1,1,0,0,3,0,0.09,0.00,0.09,0.09,0.09,Matches,0.11,0.33,9,3,33.3,0.27,0.82,,,,,,,,,,,,,,,,,,,Liga Profesional de Fútbol Argentina,2026
19cda00b,Ángel Di María,Ángel Di María,ar ARG,MF,Rosario Central,38-059,1988,9,8,686,7.6,4,2,6,3,1,1,2,0,0.52,0.26,0.79,0.39,0.66,Matches,0.11,0.21,28,14,50.0,1.84,3.67,,,,,,,,,,,,,,,,,,,Liga Profesional de Fútbol Argentina,2026
a5e7e6dd,Leonel Di Plácido,Leonel Di Plácido,ar ARG,"DF,MF",Atlé Tucumán,32-076,1994,7,7,575,6.4,0,0,0,0,0,0,2,0,0.00,0.00,0.00,0.00,0.00,Matches,0.00,0.00,5,1,20.0,0.16,0.78,,,,,,,,,,,,,,,,,,,Liga Profesional de Fútbol Argentina,2026
4032a5b0,Alexander Díaz,Alexander Díaz,ar ARG,"FW,MF",Deportivo Riestra,26-023,2000,10,8,615,6.8,0,0,0,0,0,0,0,0,0.00,0.00,0.00,0.00,0.00,Matches,0.00,0.00,6,2,33.3,0.29,0.88,,,,,,,,,,,,,,,,,,,Liga Profesional de Fútbol Argentina,2026
b3b92d75,Diego Díaz,Diego Díaz,ar ARG,FW,Unión,24-094,2002,5,0,99,1.1,1,0,1,1,0,0,0,0,0.91,0.00,0.91,0.91,0.91,Matches,0.20,1.00,5,1,20.0,0.91,4.55,,,,,,,,,,,,,,,,,,,Liga Profesional de Fútbol Argentina,2026
a6eff0a3,Gabriel Díaz,Gabriel Díaz,ar ARG,"MF,DF",Sarmiento–J,25-360,2000,4,3,219,2.4,0,0,0,0,0,0,2,1,0.00,0.00,0.00,0.00,0.00,Matches,,,0,0,,0.00,0.00,,,,,,,,,,,,,,,,,,,Liga Profesional de Fútbol Argentina,2026
3fee512a,Leandro Díaz,Leandro Díaz,ar ARG,FW,Atlé Tucumán,33-312,1992,11,9,808,9.0,5,1,6,2,3,4,1,0,0.56,0.11,0.67,0.22,0.33,Matches,0.08,0.15,26,13,50.0,1.45,2.90,,,,,,,,,,,,,,,,,,,Liga Profesional de Fútbol Argentina,2026
3906e923,Paulo Díaz,Paulo Díaz,cl CHI,DF,River Plate,31-232,1994,5,2,197,2.2,0,0,0,0,0,0,1,0,0.00,0.00,0.00,0.00,0.00,Matches,0.00,,1,0,0.0,0.00,0.46,,,,,,,,,,,,,,,,,,,Liga Profesional de Fútbol Argentina,2026
efff0133,Franco Dominguez,Franco Dominguez,,FW,Estudiantes–LP,,,4,1,84,0.9,0,0,0,0,0,0,0,0,0.00,0.00,0.00,0.00,0.00,Matches,0.00,,1,0,0.0,0.00,1.07,,,,,,,,,,,,,,,,,,,Liga Profesional de Fútbol Argentina,2026
c9b26e83,Javier Dominguez,Javier Dominguez,py PAR,MF,Atlé Tucumán,25-323,2000,10,8,619,6.9,0,0,0,0,0,0,3,0,0.00,0.00,0.00,0.00,0.00,Matches,0.00,0.00,9,1,11.1,0.15,1.31,,,,,,,,,,,,,,,,,,,Liga Profesional de Fútbol Argentina,2026
17682846,Alejo Dramisino,Alejo Dramisino,ar ARG,MF,Deportivo Riestra,25-360,2000,4,0,74,0.8,0,0,0,0,0,0,0,0,0.00,0.00,0.00,0.00,0.00,Matches,0.00,,1,0,0.0,0.00,1.22,,,,,,,,,,,,,,,,,,,Liga Profesional de Fútbol Argentina,2026
60e86875,Sebastián Driussi,Sebastián Driussi,ar ARG,"FW,MF",River Plate,30-064,1996,11,11,839,9.3,4,0,4,4,0,0,0,0,0.43,0.00,0.43,0.43,0.43,Matches,0.14,0.36,29,11,37.9,1.18,3.11,,,,,,,,,,,,,,,,,,,Liga Profesional de Fútbol Argentina,2026
b0c4832b,Gaspar Duarte,Gaspar Duarte,ar ARG,"MF,FW",Rosario Central,23-098,2003,9,4,367,4.1,0,0,0,0,0,0,0,0,0.00,0.00,0.00,0.00,0.00,Matches,0.00,0.00,8,2,25.0,0.49,1.96,,,,,,,,,,,,,,,,,,,Liga Profesional de Fútbol Argentina,2026
ffab97dd,Jalil Elías,Jalil Elías,sy SYR,MF,Tigre,29-354,1996,13,13,"1,135",12.6,1,0,1,1,0,0,0,0,0.08,0.00,0.08,0.08,0.08,Matches,0.17,0.50,6,2,33.3,0.16,0.48,,,,,,,,,,,,,,,,,,,Liga Profesional de Fútbol Argentina,2026
4d26ae2d,Guillermo Enrique,Guillermo Enrique,ar ARG,DF,Aldosivi,26-049,2000,7,2,287,3.2,0,0,0,0,0,0,1,0,0.00,0.00,0.00,0.00,0.00,Matches,0.00,,4,0,0.0,0.00,1.25,,,,,,,,,,,,,,,,,,,Liga Profesional de Fútbol Argentina,2026
d6558b78,Iván Erquiaga,Iván Erquiaga,ar ARG,DF,Instituto,28-019,1998,2,0,55,0.6,0,0,0,0,0,0,0,0,0.00,0.00,0.00,0.00,0.00,Matches,,,0,0,,0.00,0.00,,,,,,,,,,,,,,,,,,,Liga Profesional de Fútbol Argentina,2026
d33b11ab,Gonzalo Errecalde,Gonzalo Errecalde,ar ARG,DF,Gimnasia–LP,26-015,2000,2,2,149,1.7,0,0,0,0,0,0,1,0,0.00,0.00,0.00,0.00,0.00,Matches,0.00,,1,0,0.0,0.00,0.60,,,,,,,,,,,,,,,,,,,Liga Profesional de Fútbol Argentina,2026
93649708,Juan Espínola,Juan Espínola,py PAR,GK,Barracas Central,31-163,1994,3,2,191,2.1,0,0,0,0,0,0,0,0,0.00,0.00,0.00,0.00,0.00,Matches,,,0,0,,0.00,0.00,0,0.0,3,2,3,1.41,0,191,0,0,0,,0,70.0,7,10,0,2,Liga Profesional de Fútbol Argentina,2026
e7bc6a66,Marcelo Esponda,Marcelo Esponda,ar ARG,MF,Newell's Old Boys,23-090,2003,4,2,180,2.0,0,0,0,0,0,0,0,0,0.00,0.00,0.00,0.00,0.00,Matches,0.00,0.00,2,1,50.0,0.50,1.00,,,,,,,,,,,,,,,,,,,Liga Profesional de Fútbol Argentina,2026
a2596370,Santiago Esquivel,Santiago Esquivel,ar ARG,MF,Banfield,22-102,2004,6,4,325,3.6,0,0,0,0,0,0,2,1,0.00,0.00,0.00,0.00,0.00,Matches,0.00,,3,0,0.0,0.00,0.83,,,,,,,,,,,,,,,,,,,Liga Profesional de Fútbol Argentina,2026
d535f426,Marcelo Estigarribia,Marcelo Estigarribia,ar ARG,FW,Unión,31-004,1995,13,11,949,10.5,3,1,4,1,2,2,4,0,0.28,0.09,0.38,0.09,0.19,Matches,0.03,0.09,34,11,32.4,1.04,3.22,,,,,,,,,,,,,,,,,,,Liga Profesional de Fútbol Argentina,2026
9438188a,Yair Ezequiel Arismendi,Yair Ezequiel Arismendi,ar ARG,"MF,DF",Sarmiento–J,28-009,1998,9,6,554,6.2,0,0,0,0,0,0,3,0,0.00,0.00,0.00,0.00,0.00,Matches,0.00,,8,0,0.0,0.00,1.30,,,,,,,,,,,,,,,,,,,Liga Profesional de Fútbol Argentina,2026
ff0bc227,Agustín Falcón,Agustín Falcón,ar ARG,DF,Belgrano,21-083,2005,1,0,12,0.1,0,0,0,0,0,0,0,0,0.00,0.00,0.00,0.00,0.00,Matches,,,0,0,,0.00,0.00,,,,,,,,,,,,,,,,,,,Liga Profesional de Fútbol Argentina,2026
8863ae75,Facundo Farías,Facundo Farías,ar ARG,"MF,FW",Estudiantes–LP,23-229,2002,7,3,222,2.5,0,0,0,0,0,0,0,0,0.00,0.00,0.00,0.00,0.00,Matches,0.00,0.00,8,3,37.5,1.22,3.24,,,,,,,,,,,,,,,,,,,Liga Profesional de Fútbol Argentina,2026
16e54624,Valentín Fascendini,Valentín Fascendini,ar ARG,DF,Unión,23-032,2003,5,3,275,3.1,0,0,0,0,0,0,0,1,0.00,0.00,0.00,0.00,0.00,Matches,0.00,,1,0,0.0,0.00,0.33,,,,,,,,,,,,,,,,,,,Liga Profesional de Fútbol Argentina,2026
80373bb5,Federico Fattori,Federico Fattori,ar ARG,MF,Arg Juniors,33-266,1992,13,13,"1,113",12.4,0,0,0,0,0,0,1,0,0.00,0.00,0.00,0.00,0.00,Matches,0.00,0.00,5,2,40.0,0.16,0.40,,,,,,,,,,,,,,,,,,,Liga Profesional de Fútbol Argentina,2026
36cb53e7,Juan Fedorco,Juan Fedorco,ar ARG,DF,Independiente,25-137,2000,8,5,492,5.5,1,0,1,1,0,0,1,0,0.18,0.00,0.18,0.18,0.18,Matches,0.20,0.33,5,3,60.0,0.55,0.91,,,,,,,,,,,,,,,,,,,Liga Profesional de Fútbol Argentina,2026
d9f7311f,Luca Feler,Luca Feler,ar ARG,MF,Vélez Sarsfield,18-078,2008,1,0,1,0.0,0,0,0,0,0,0,0,0,0.00,0.00,0.00,0.00,0.00,Matches,,,0,0,,0.00,0.00,,,,,,,,,,,,,,,,,,,Liga Profesional de Fútbol Argentina,2026
f07e11d8,Adrián Fernández,Adrián Fernández,ar ARG,"MF,FW",Racing Club,24-329,2001,10,6,554,6.2,1,1,2,1,0,0,1,0,0.16,0.16,0.32,0.16,0.32,Matches,0.09,0.33,11,3,27.3,0.49,1.79,,,,,,,,,,,,,,,,,,,Liga Profesional de Fútbol Argentina,2026
a15750e1,Damián Fernández,Damián Fernández,ar ARG,DF,Defensa y Justicia,25-102,2001,8,7,548,6.1,0,0,0,0,0,0,3,0,0.00,0.00,0.00,0.00,0.00,Matches,0.00,,1,0,0.0,0.00,0.16,,,,,,,,,,,,,,,,,,,Liga Profesional de Fútbol Argentina,2026
ccc5ea71,David Fernández,David Fernández,py PAR,FW,Defensa y Justicia,20-099,2006,2,0,31,0.3,0,0,0,0,0,0,0,0,0.00,0.00,0.00,0.00,0.00,Matches,0.00,0.00,1,1,100.0,2.90,2.90,,,,,,,,,,,,,,,,,,,Liga Profesional de Fútbol Argentina,2026
347d5cb0,Esteban Fernández,Esteban Fernández,ar ARG,"MF,FW",Gimnasia–M,24-098,2002,6,3,209,2.3,0,0,0,0,0,0,1,0,0.00,0.00,0.00,0.00,0.00,Matches,0.00,,1,0,0.0,0.00,0.43,,,,,,,,,,,,,,,,,,,Liga Profesional de Fútbol Argentina,2026
97a17c0b,Ignacio Fernández,Ignacio Fernández,ar ARG,MF,Gimnasia–LP,36-092,1990,11,11,861,9.6,1,2,3,1,0,0,4,0,0.10,0.21,0.31,0.10,0.31,Matches,0.06,0.14,18,7,38.9,0.73,1.88,,,,,,,,,,,,,,,,,,,Liga Profesional de Fútbol Argentina,2026
83572e83,Julián Fernández,Julián Fernández,ar ARG,"MF,FW",Rosario Central,22-101,2004,8,6,548,6.1,0,1,1,0,0,0,1,0,0.00,0.16,0.16,0.00,0.16,Matches,0.00,0.00,8,1,12.5,0.16,1.31,,,,,,,,,,,,,,,,,,,Liga Profesional de Fútbol Argentina,2026
c18bd878,Leandro Fernández,Leandro Fernández,ar ARG,FW,Arg Juniors,35-033,1991,7,1,149,1.7,0,0,0,0,0,0,1,0,0.00,0.00,0.00,0.00,0.00,Matches,0.00,0.00,4,1,25.0,0.60,2.42,,,,,,,,,,,,,,,,,,,Liga Profesional de Fútbol Argentina,2026
710eecee,Manuel Fernández,Manuel Fernández,ar ARG,FW,Tigre,21-188,2004,4,0,38,0.4,0,0,0,0,0,0,0,0,0.00,0.00,0.00,0.00,0.00,Matches,0.00,,3,0,0.0,0.00,7.11,,,,,,,,,,,,,,,,,,,Liga Profesional de Fútbol Argentina,2026
2d8dc53e,Matías Fernández,Matías Fernández,ar ARG,"MF,FW",Ind. Rivadavia,24-295,2001,13,12,905,10.1,2,2,4,2,0,0,5,0,0.20,0.20,0.40,0.20,0.40,Matches,0.07,0.18,27,11,40.7,1.09,2.69,,,,,,,,,,,,,,,,,,,Liga Profesional de Fútbol Argentina,2026
31d73bbd,Nicolás Fernández,Nicolás Fernández,ar ARG,FW,Belgrano,30-065,1996,13,10,731,8.1,1,4,5,1,0,1,1,0,0.12,0.49,0.62,0.12,0.62,Matches,0.05,0.10,22,10,45.5,1.23,2.71,,,,,,,,,,,,,,,,,,,Liga Profesional de Fútbol Argentina,2026
617ee116,Rodrigo Fernández,Rodrigo Fernández,uy URU,MF,Independiente,30-101,1996,10,4,430,4.8,0,0,0,0,0,0,2,0,0.00,0.00,0.00,0.00,0.00,Matches,0.00,0.00,5,1,20.0,0.21,1.05,,,,,,,,,,,,,,,,,,,Liga Profesional de Fútbol Argentina,2026
8c6fe2bf,Santiago Fernández,Santiago Fernández,ar ARG,DF,Talleres–C,21-015,2005,9,9,810,9.0,0,0,0,0,0,0,0,0,0.00,0.00,0.00,0.00,0.00,Matches,0.00,0.00,5,2,40.0,0.22,0.56,,,,,,,,,,,,,,,,,,,Liga Profesional de Fútbol Argentina,2026
491eb973,Tomás Fernández,Tomás Fernández,ar ARG,MF,Aldosivi,27-249,1998,7,2,277,3.1,0,0,0,0,0,0,2,0,0.00,0.00,0.00,0.00,0.00,Matches,0.00,,5,0,0.0,0.00,1.62,,,,,,,,,,,,,,,,,,,Liga Profesional de Fútbol Argentina,2026
09e1d2b1,Gianluca Ferrari,Gianluca Ferrari,ar ARG,DF,Atlé Tucumán,28-288,1997,9,8,722,8.0,0,0,0,0,0,0,2,0,0.00,0.00,0.00,0.00,0.00,Matches,0.00,0.00,8,1,12.5,0.12,1.00,,,,,,,,,,,,,,,,,,,Liga Profesional de Fútbol Argentina,2026
7221c7da,Clever Ferreira,Clever Ferreira,py PAR,DF,Atlé Tucumán,23-053,2003,7,5,475,5.3,1,0,1,1,0,0,2,0,0.19,0.00,0.19,0.19,0.19,Matches,0.10,0.50,10,2,20.0,0.38,1.89,,,,,,,,,,,,,,,,,,,Liga Profesional de Fútbol Argentina,2026
599d9ac8,Javier Ferreira,Javier Ferreira,py PAR,FW,Estudiantes–RC,34-058,1992,10,2,283,3.1,0,0,0,0,0,0,1,0,0.00,0.00,0.00,0.00,0.00,Matches,0.00,0.00,7,3,42.9,0.95,2.23,,,,,,,,,,,,,,,,,,,Liga Profesional de Fútbol Argentina,2026
8306e93b,Pablo Ferreira,Pablo Ferreira,ar ARG,MF,Platense,21-173,2004,2,2,133,1.5,0,0,0,0,0,0,0,0,0.00,0.00,0.00,0.00,0.00,Matches,0.00,,2,0,0.0,0.00,1.35,,,,,,,,,,,,,,,,,,,Liga Profesional de Fútbol Argentina,2026
f4145a0e,Brian Ferreyra,Brian Ferreyra,ar ARG,FW,Gimnasia–M,29-154,1996,9,0,205,2.3,0,0,0,0,0,0,1,0,0.00,0.00,0.00,0.00,0.00,Matches,0.00,0.00,5,1,20.0,0.44,2.20,,,,,,,,,,,,,,,,,,,Liga Profesional de Fútbol Argentina,2026
9a910a78,Cristopher Fiermarin,Cristopher Fiermarin,uy URU,GK,Defensa y Justicia,28-103,1998,12,12,"1,080",12.0,0,0,0,0,0,0,0,0,0.00,0.00,0.00,0.00,0.00,Matches,,,0,0,,0.00,0.00,5,41.7,12,12,10,0.83,1,"1,080",1,2,0,50.0,1,76.3,30,38,7,4,Liga Profesional de Fútbol Argentina,2026
91e44066,Jorge Figal,Jorge Figal,ar ARG,DF,Boca Juniors,32-011,1994,2,2,180,2.0,0,0,0,0,0,0,0,0,0.00,0.00,0.00,0.00,0.00,Matches,0.00,,2,0,0.0,0.00,1.00,,,,,,,,,,,,,,,,,,,Liga Profesional de Fútbol Argentina,2026
9e809ff4,Gabriel Florentín,Gabriel Florentín,ar ARG,MF,Arg Juniors,27-032,1999,2,0,39,0.4,0,0,0,0,0,0,1,0,0.00,0.00,0.00,0.00,0.00,Matches,,,0,0,,0.00,0.00,,,,,,,,,,,,,,,,,,,Liga Profesional de Fútbol Argentina,2026
c5510535,Jose Florentín,Jose Florentín,py PAR,MF,Ind. Rivadavia,29-283,1996,13,12,"1,104",12.3,3,0,3,3,0,0,2,0,0.24,0.00,0.24,0.24,0.24,Matches,0.16,0.38,19,8,42.1,0.65,1.55,,,,,,,,,,,,,,,,,,,Liga Profesional de Fútbol Argentina,2026
e7ba6063,Gonzalo Flores,Gonzalo Flores,ar ARG,FW,Deportivo Riestra,24-051,2002,1,0,9,0.1,0,0,0,0,0,0,0,0,0.00,0.00,0.00,0.00,0.00,Matches,,,0,0,,0.00,0.00,,,,,,,,,,,,,,,,,,,Liga Profesional de Fútbol Argentina,2026
06448418,Joaquin Flores,Joaquin Flores,ar ARG,MF,Cen. Córdoba–SdE,20-321,2005,4,0,72,0.8,0,0,0,0,0,0,0,0,0.00,0.00,0.00,0.00,0.00,Matches,0.00,,1,0,0.0,0.00,1.25,,,,,,,,,,,,,,,,,,,Liga Profesional de Fútbol Argentina,2026
a92c629d,Matias Fonseca,Matias Fonseca,uy URU,FW,Instituto,25-033,2001,11,6,513,5.7,1,0,1,1,0,0,2,0,0.18,0.00,0.18,0.18,0.18,Matches,0.08,0.50,12,2,16.7,0.35,2.11,,,,,,,,,,,,,,,,,,,Liga Profesional de Fútbol Argentina,2026
8e301679,Ezequiel Forclaz,Ezequiel Forclaz,ar ARG,MF,Estudiantes–RC,23-011,2003,5,0,105,1.2,0,0,0,0,0,0,1,0,0.00,0.00,0.00,0.00,0.00,Matches,0.00,,2,0,0.0,0.00,1.71,,,,,,,,,,,,,,,,,,,Liga Profesional de Fútbol Argentina,2026
1a0e5cb7,Alan Forneris,Alan Forneris,ar ARG,MF,Racing Club,21-076,2005,1,0,32,0.4,0,0,0,0,0,0,1,0,0.00,0.00,0.00,0.00,0.00,Matches,,,0,0,,0.00,0.00,,,,,,,,,,,,,,,,,,,Liga Profesional de Fútbol Argentina,2026
09538c47,Franco Fragapane,Franco Fragapane,ar ARG,MF,Unión,33-067,1993,5,3,181,2.0,0,0,0,0,0,0,0,0,0.00,0.00,0.00,0.00,0.00,Matches,0.00,0.00,4,2,50.0,0.99,1.99,,,,,,,,,,,,,,,,,,,Liga Profesional de Fútbol Argentina,2026
6015ddd0,Juan Franco Arrellaga,Juan Franco Arrellaga,py PAR,DF,Gimnasia–M,34-063,1992,6,5,314,3.5,0,0,0,0,0,0,2,0,0.00,0.00,0.00,0.00,0.00,Matches,0.00,,1,0,0.0,0.00,0.29,,,,,,,,,,,,,,,,,,,Liga Profesional de Fútbol Argentina,2026
653222cd,Nicolás Freire,Nicolás Freire,ar ARG,DF,Independiente,32-055,1994,1,0,8,0.1,0,0,0,0,0,0,0,0,0.00,0.00,0.00,0.00,0.00,Matches,,,0,0,,0.00,0.00,,,,,,,,,,,,,,,,,,,Liga Profesional de Fútbol Argentina,2026
62420800,Joaquín Freitas,Joaquín Freitas,ar ARG,"FW,MF",River Plate,19-133,2006,7,3,390,4.3,1,0,1,1,0,0,1,0,0.23,0.00,0.23,0.23,0.23,Matches,0.10,0.25,10,4,40.0,0.92,2.31,,,,,,,,,,,,,,,,,,,Liga Profesional de Fútbol Argentina,2026
89cbc961,Ramiro Funes Mori,Ramiro Funes Mori,ar ARG,DF,Estudiantes–LP,35-040,1991,1,1,72,0.8,0,0,0,0,0,0,0,0,0.00,0.00,0.00,0.00,0.00,Matches,,,0,0,,0.00,0.00,,,,,,,,,,,,,,,,,,,Liga Profesional de Fútbol Argentina,2026
8dfed6e9,Adolfo Gaich,Adolfo Gaich,ar ARG,FW,Estudiantes–LP,27-047,1999,8,2,266,3.0,3,1,4,3,0,0,1,0,1.02,0.34,1.35,1.02,1.35,Matches,0.27,0.60,11,5,45.5,1.69,3.72,,,,,,,,,,,,,,,,,,,Liga Profesional de Fútbol Argentina,2026
ea26f62e,Matías Galarza,Matías Galarza,ar ARG,MF,Talleres–C,24-041,2002,12,10,919,10.2,0,0,0,0,0,0,1,0,0.00,0.00,0.00,0.00,0.00,Matches,0.00,,5,0,0.0,0.00,0.49,,,,,,,,,,,,,,,,,,,Liga Profesional de Fútbol Argentina,2026
89c136f6,Hernán Galíndez,Hernán Galíndez,ec ECU,GK,Huracán,39-015,1987,12,12,"1,080",12.0,0,0,0,0,0,0,0,0,0.00,0.00,0.00,0.00,0.00,Matches,,,0,0,,0.00,0.00,5,41.7,12,12,10,0.83,3,"1,080",2,4,0,50.0,2,76.5,28,34,4,5,Liga Profesional de Fútbol Argentina,2026
5ef27510,Facundo Gallardo,Facundo Gallardo,ar ARG,FW,Estudiantes–RC,20-091,2006,1,0,21,0.2,0,0,0,0,0,0,0,0,0.00,0.00,0.00,0.00,0.00,Matches,0.00,0.00,1,1,100.0,4.29,4.29,,,,,,,,,,,,,,,,,,,Liga Profesional de Fútbol Argentina,2026
b6c7daef,Matías Gallardo,Matías Gallardo,ar ARG,MF,Instituto,22-142,2003,8,0,109,1.2,1,0,1,1,0,0,1,0,0.83,0.00,0.83,0.83,0.83,Matches,0.20,1.00,5,1,20.0,0.83,4.13,,,,,,,,,,,,,,,,,,,Liga Profesional de Fútbol Argentina,2026
ab84ccab,Rodrigo Gallo,Rodrigo Gallo,ar ARG,DF,Deportivo Riestra,25-161,2000,7,6,391,4.3,0,0,0,0,0,0,2,0,0.00,0.00,0.00,0.00,0.00,Matches,,,0,0,,0.00,0.00,,,,,,,,,,,,,,,,,,,Liga Profesional de Fútbol Argentina,2026
a8eeadaf,Giuliano Galoppo,Giuliano Galoppo,ar ARG,MF,River Plate,26-300,1999,7,1,224,2.5,0,0,0,0,0,0,1,0,0.00,0.00,0.00,0.00,0.00,Matches,0.00,0.00,9,2,22.2,0.80,3.62,,,,,,,,,,,,,,,,,,,Liga Profesional de Fútbol Argentina,2026
e2525aa4,Ignacio Galván,Ignacio Galván,ar ARG,"DF,MF",Atlé Tucumán,23-220,2002,10,6,614,6.8,0,0,0,0,0,0,1,0,0.00,0.00,0.00,0.00,0.00,Matches,0.00,0.00,7,3,42.9,0.44,1.03,,,,,,,,,,,,,,,,,,,Liga Profesional de Fútbol Argentina,2026
f865dc98,Jonathan Galván,Jonathan Galván,ar ARG,DF,Instituto,33-293,1992,10,9,723,8.0,0,1,1,0,0,0,3,0,0.00,0.12,0.12,0.00,0.12,Matches,0.00,0.00,7,2,28.6,0.25,0.87,,,,,,,,,,,,,,,,,,,Liga Profesional de Fútbol Argentina,2026
e699d3db,Tomás Galván,Tomás Galván,ar ARG,MF,River Plate,26-003,2000,13,13,906,10.1,2,1,3,2,0,0,0,0,0.20,0.10,0.30,0.20,0.30,Matches,0.12,0.33,17,6,35.3,0.60,1.69,,,,,,,,,,,,,,,,,,,Liga Profesional de Fútbol Argentina,2026
ca252a8a,Lucas Gamba,Lucas Gamba,ar ARG,MF,Barracas Central,38-294,1987,4,1,102,1.1,1,0,1,1,0,0,0,0,0.88,0.00,0.88,0.88,0.88,Matches,0.50,1.00,2,1,50.0,0.88,1.76,,,,,,,,,,,,,,,,,,,Liga Profesional de Fútbol Argentina,2026
57148654,Martín Garay,Martín Garay,ar ARG,DF,Tigre,26-306,1999,8,3,431,4.8,0,1,1,0,0,0,1,0,0.00,0.21,0.21,0.00,0.21,Matches,0.00,0.00,4,2,50.0,0.42,0.84,,,,,,,,,,,,,,,,,,,Liga Profesional de Fútbol Argentina,2026
84c478aa,Agustín García Basso,Agustín García Basso,ar ARG,DF,Racing Club,34-019,1992,6,5,423,4.7,0,0,0,0,0,0,2,0,0.00,0.00,0.00,0.00,0.00,Matches,0.00,,1,0,0.0,0.00,0.21,,,,,,,,,,,,,,,,,,,Liga Profesional de Fútbol Argentina,2026
c06ffd65,Franco García,Franco García,ar ARG,"MF,FW",Newell's Old Boys,28-314,1997,7,2,220,2.4,1,0,1,1,0,0,0,0,0.41,0.00,0.41,0.41,0.41,Matches,0.25,1.00,4,1,25.0,0.41,1.64,,,,,,,,,,,,,,,,,,,Liga Profesional de Fútbol Argentina,2026
14779141,Joaquín García,Joaquín García,ar ARG,DF,Vélez Sarsfield,24-237,2001,8,7,627,7.0,1,0,1,1,0,0,0,0,0.14,0.00,0.14,0.14,0.14,Matches,0.33,0.50,3,2,66.7,0.29,0.43,,,,,,,,,,,,,,,,,,,Liga Profesional de Fútbol Argentina,2026
64b184ac,Manuel García,Manuel García,ar ARG,"MF,DF",Sarmiento–J,26-307,1999,9,8,712,7.9,0,0,0,0,0,0,2,0,0.00,0.00,0.00,0.00,0.00,Matches,0.00,,1,0,0.0,0.00,0.13,,,,,,,,,,,,,,,,,,,Liga Profesional de Fútbol Argentina,2026
461e8795,Martín García,Martín García,,"MF,FW",Aldosivi,,,6,3,294,3.3,0,0,0,0,0,0,2,0,0.00,0.00,0.00,0.00,0.00,Matches,0.00,0.00,8,3,37.5,0.92,2.45,,,,,,,,,,,,,,,,,,,Liga Profesional de Fútbol Argentina,2026
fd4c1b7a,Matías García,Matías García,ar ARG,MF,Deportivo Riestra,30-154,1995,8,5,461,5.1,0,0,0,0,0,0,3,0,0.00,0.00,0.00,0.00,0.00,Matches,0.00,,2,0,0.0,0.00,0.39,,,,,,,,,,,,,,,,,,,Liga Profesional de Fútbol Argentina,2026
7fd2f019,Martín Garnerone,Martín Garnerone,ar ARG,"MF,FW",Estudiantes–RC,27-198,1998,13,12,834,9.3,1,0,1,1,0,0,2,0,0.11,0.00,0.11,0.11,0.11,Matches,0.07,0.33,14,3,21.4,0.32,1.51,,,,,,,,,,,,,,,,,,,Liga Profesional de Fútbol Argentina,2026
1a0de1bd,Juan Gauto,Juan Gauto,ar ARG,MF,Platense,21-316,2004,13,11,901,10.0,0,1,1,0,0,0,0,0,0.00,0.10,0.10,0.00,0.10,Matches,0.00,0.00,16,5,31.3,0.50,1.60,,,,,,,,,,,,,,,,,,,Liga Profesional de Fútbol Argentina,2026
61740a18,Gonzalo Gelini,Gonzalo Gelini,ar ARG,FW,Boca Juniors,19-120,2006,5,2,186,2.1,0,1,1,0,0,0,0,0,0.00,0.48,0.48,0.00,0.48,Matches,0.00,,3,0,0.0,0.00,1.45,,,,,,,,,,,,,,,,,,,Liga Profesional de Fútbol Argentina,2026
12bc01fb,Alejo Gelsomino,Alejo Gelsomino,ar ARG,DF,Gimnasia–LP,20-334,2005,1,0,45,0.5,0,0,0,0,0,0,0,0,0.00,0.00,0.00,0.00,0.00,Matches,,,0,0,,0.00,0.00,,,,,,,,,,,,,,,,,,,Liga Profesional de Fútbol Argentina,2026
1f8a7bf7,Bautista Gerez,Bautista Gerez,ar ARG,FW,Cen. Córdoba–SdE,19-091,2007,2,0,16,0.2,0,0,0,0,0,0,0,0,0.00,0.00,0.00,0.00,0.00,Matches,,,0,0,,0.00,0.00,,,,,,,,,,,,,,,,,,,Liga Profesional de Fútbol Argentina,2026
5a9ff6cf,Laurtaro Giaccone,Laurtaro Giaccone,ar ARG,"MF,FW",Arg Juniors,25-072,2001,7,3,311,3.5,0,0,0,0,0,0,0,0,0.00,0.00,0.00,0.00,0.00,Matches,0.00,0.00,6,3,50.0,0.87,1.74,,,,,,,,,,,,,,,,,,,Liga Profesional de Fútbol Argentina,2026
54d90093,Renzo Giampaoli,Renzo Giampaoli,ar ARG,DF,Gimnasia–LP,26-097,2000,11,10,896,10.0,0,0,0,0,0,0,3,0,0.00,0.00,0.00,0.00,0.00,Matches,0.00,0.00,4,1,25.0,0.10,0.40,,,,,,,,,,,,,,,,,,,Liga Profesional de Fútbol Argentina,2026
1817c289,Emiliano Giannunzio,Emiliano Giannunzio,ar ARG,MF,Unión,44-079,1982,2,0,37,0.4,0,0,0,0,0,0,0,0,0.00,0.00,0.00,0.00,0.00,Matches,0.00,0.00,2,1,50.0,2.43,4.86,,,,,,,,,,,,,,,,,,,Liga Profesional de Fútbol Argentina,2026
0ac8475f,Leonardo Gil,Leonardo Gil,ar ARG,MF,Huracán,34-318,1991,13,11,995,11.1,0,0,0,0,0,0,4,0,0.00,0.00,0.00,0.00,0.00,Matches,0.00,0.00,11,4,36.4,0.36,0.99,,,,,,,,,,,,,,,,,,,Liga Profesional de Fútbol Argentina,2026
0d425331,Orlando Gill,Orlando Gill,py PAR,GK,San Lorenzo,25-307,2000,12,12,"1,080",12.0,0,0,0,0,0,0,0,0,0.00,0.00,0.00,0.00,0.00,Matches,,,0,0,,0.00,0.00,7,58.3,12,12,11,0.92,3,"1,080",1,1,0,0.0,0,80.8,41,52,5,4,Liga Profesional de Fútbol Argentina,2026
50cc35d1,Enzo Giménez,Enzo Giménez,py PAR,"MF,DF",Rosario Central,28-056,1998,13,13,"1,170",13.0,1,1,2,1,0,0,4,0,0.08,0.08,0.15,0.08,0.15,Matches,0.05,0.20,19,5,26.3,0.38,1.46,,,,,,,,,,,,,,,,,,,Liga Profesional de Fútbol Argentina,2026
74d84a14,Luciano Giménez,Luciano Giménez,ar ARG,FW,Huracán,26-055,2000,6,1,109,1.2,0,0,0,0,0,0,3,0,0.00,0.00,0.00,0.00,0.00,Matches,0.00,0.00,2,2,100.0,1.65,1.65,,,,,,,,,,,,,,,,,,,Liga Profesional de Fútbol Argentina,2026
526f7e39,Milton Giménez,Milton Giménez,ar ARG,FW,Boca Juniors,29-245,1996,2,1,59,0.7,1,0,1,0,1,1,0,0,1.53,0.00,1.53,0.00,0.00,Matches,0.00,0.00,2,1,50.0,1.53,3.05,,,,,,,,,,,,,,,,,,,Liga Profesional de Fútbol Argentina,2026
2c9a3484,Federico Gino,Federico Gino,uy URU,MF,Aldosivi,33-047,1993,12,12,993,11.0,2,0,2,1,1,1,5,0,0.18,0.00,0.18,0.09,0.09,Matches,0.06,0.33,16,3,18.8,0.27,1.45,,,,,,,,,,,,,,,,,,,Liga Profesional de Fútbol Argentina,2026
cd0befd7,Dilan Godoy,Dilan Godoy,ar ARG,"MF,FW",Vélez Sarsfield,20-068,2006,8,3,328,3.6,0,3,3,0,0,0,1,0,0.00,0.82,0.82,0.00,0.82,Matches,0.00,0.00,14,4,28.6,1.10,3.84,,,,,,,,,,,,,,,,,,,Liga Profesional de Fútbol Argentina,2026
e8b80334,Erik Godoy,Erik Godoy,ar ARG,DF,Arg Juniors,32-241,1993,7,5,463,5.1,1,0,1,1,0,0,0,0,0.19,0.00,0.19,0.19,0.19,Matches,0.25,1.00,4,1,25.0,0.19,0.78,,,,,,,,,,,,,,,,,,,Liga Profesional de Fútbol Argentina,2026
3546ee7e,Lautaro Godoy,Lautaro Godoy,py PAR,FW,Atlé Tucumán,23-030,2003,10,1,257,2.9,0,0,0,0,0,0,2,1,0.00,0.00,0.00,0.00,0.00,Matches,0.00,0.00,9,2,22.2,0.70,3.15,,,,,,,,,,,,,,,,,,,Liga Profesional de Fútbol Argentina,2026
0f9d8e45,Leonardo Godoy,Leonardo Godoy,ar ARG,DF,Independiente,30-351,1995,9,8,616,6.8,0,0,0,0,0,0,2,0,0.00,0.00,0.00,0.00,0.00,Matches,0.00,0.00,5,1,20.0,0.15,0.73,,,,,,,,,,,,,,,,,,,Liga Profesional de Fútbol Argentina,2026
edbdf494,Jonatan Goitía,Jonatan Goitía,ar ARG,MF,Deportivo Riestra,31-255,1994,12,8,695,7.7,0,0,0,0,0,0,4,1,0.00,0.00,0.00,0.00,0.00,Matches,0.00,0.00,14,2,14.3,0.26,1.81,,,,,,,,,,,,,,,,,,,Liga Profesional de Fútbol Argentina,2026
9f110faf,Elías Gómez,Elías Gómez,ar ARG,DF,Vélez Sarsfield,31-309,1994,12,12,"1,080",12.0,0,1,1,0,0,0,4,0,0.00,0.08,0.08,0.00,0.08,Matches,0.00,,5,0,0.0,0.00,0.42,,,,,,,,,,,,,,,,,,,Liga Profesional de Fútbol Argentina,2026
426ec996,Iván Gómez,Iván Gómez,ar ARG,MF,Platense,29-045,1997,4,3,296,3.3,0,0,0,0,0,0,0,0,0.00,0.00,0.00,0.00,0.00,Matches,0.00,,1,0,0.0,0.00,0.30,,,,,,,,,,,,,,,,,,,Liga Profesional de Fútbol Argentina,2026
e7b74651,José Gómez,José Gómez,ar ARG,DF,Cen. Córdoba–SdE,26-039,2000,1,0,17,0.2,0,0,0,0,0,0,0,0,0.00,0.00,0.00,0.00,0.00,Matches,,,0,0,,0.00,0.00,,,,,,,,,,,,,,,,,,,Liga Profesional de Fútbol Argentina,2026
61d1a611,Lautaro Gómez,Lautaro Gómez,ar ARG,MF,Banfield,22-249,2003,12,7,556,6.2,3,0,3,3,0,0,2,0,0.49,0.00,0.49,0.49,0.49,Matches,0.38,0.75,8,4,50.0,0.65,1.29,,,,,,,,,,,,,,,,,,,Liga Profesional de Fútbol Argentina,2026
c19830ba,Lucas Gómez,Lucas Gómez,ar ARG,MF,Arg Juniors,21-301,2004,5,1,144,1.6,0,0,0,0,0,0,0,0,0.00,0.00,0.00,0.00,0.00,Matches,0.00,,1,0,0.0,0.00,0.62,,,,,,,,,,,,,,,,,,,Liga Profesional de Fútbol Argentina,2026
0bc8cd45,Luciano Gómez,Luciano Gómez,ar ARG,DF,Ind. Rivadavia,30-023,1996,9,3,402,4.5,1,1,2,1,0,0,1,0,0.22,0.22,0.45,0.22,0.45,Matches,1.00,1.00,1,1,100.0,0.22,0.22,,,,,,,,,,,,,,,,,,,Liga Profesional de Fútbol Argentina,2026
578cbfc6,Matias Gomez,Matias Gomez,ar ARG,MF,Talleres–C,20-142,2005,2,1,82,0.9,0,0,0,0,0,0,1,0,0.00,0.00,0.00,0.00,0.00,Matches,,,0,0,,0.00,0.00,,,,,,,,,,,,,,,,,,,Liga Profesional de Fútbol Argentina,2026
0ad8abf4,Alexis González,Alexis González,ar ARG,FW,Sarmiento–J,21-091,2005,2,0,21,0.2,0,0,0,0,0,0,0,0,0.00,0.00,0.00,0.00,0.00,Matches,,,0,0,,0.00,0.00,,,,,,,,,,,,,,,,,,,Liga Profesional de Fútbol Argentina,2026
46ef5ad0,Imanol González Benac,Imanol González Benac,ar ARG,DF,Gimnasia–M,28-098,1998,7,7,577,6.4,0,0,0,0,0,0,0,0,0.00,0.00,0.00,0.00,0.00,Matches,0.00,,2,0,0.0,0.00,0.31,,,,,,,,,,,,,,,,,,,Liga Profesional de Fútbol Argentina,2026
f595ea9c,Facundo González,Facundo González,ar ARG,DF,River Plate,20-011,2006,2,1,108,1.2,0,0,0,0,0,0,0,0,0.00,0.00,0.00,0.00,0.00,Matches,0.00,,1,0,0.0,0.00,0.83,,,,,,,,,,,,,,,,,,,Liga Profesional de Fútbol Argentina,2026
d454a739,Francisco González,Francisco González,ar ARG,MF,Belgrano,29-016,1997,8,4,348,3.9,1,0,1,1,0,0,0,0,0.26,0.00,0.26,0.26,0.26,Matches,0.13,1.00,8,1,12.5,0.26,2.07,,,,,,,,,,,,,,,,,,,Liga Profesional de Fútbol Argentina,2026
c5282c88,Gonzalo González,Gonzalo González,ar ARG,FW,Gimnasia–LP,31-039,1995,1,0,3,0.0,0,0,0,0,0,0,0,0,0.00,0.00,0.00,0.00,0.00,Matches,,,0,0,,0.00,0.00,,,,,,,,,,,,,,,,,,,Liga Profesional de Fútbol Argentina,2026
528b1be4,Lucas González,Lucas González,ar ARG,MF,Cen. Córdoba–SdE,25-315,2000,11,8,698,7.8,0,0,0,0,0,0,3,0,0.00,0.00,0.00,0.00,0.00,Matches,0.00,0.00,10,1,10.0,0.13,1.29,,,,,,,,,,,,,,,,,,,Liga Profesional de Fútbol Argentina,2026
cadfd4d6,Lucas González,Lucas González,ar ARG,FW,Estudiantes–RC,28-263,1997,4,0,103,1.1,0,0,0,0,0,0,0,0,0.00,0.00,0.00,0.00,0.00,Matches,0.00,0.00,3,1,33.3,0.87,2.62,,,,,,,,,,,,,,,,,,,Liga Profesional de Fútbol Argentina,2026
c8989346,Luciano González,Luciano González,uy URU,FW,Defensa y Justicia,20-103,2006,2,0,80,0.9,0,0,0,0,0,0,0,0,0.00,0.00,0.00,0.00,0.00,Matches,0.00,0.00,2,1,50.0,1.13,2.25,,,,,,,,,,,,,,,,,,,Liga Profesional de Fútbol Argentina,2026
5ba1112c,Leandro González Pirez,Leandro González Pirez,ar ARG,DF,Estudiantes–LP,34-047,1992,12,11,"1,008",11.2,1,0,1,1,0,0,7,0,0.09,0.00,0.09,0.09,0.09,Matches,0.17,0.33,6,3,50.0,0.27,0.54,,,,,,,,,,,,,,,,,,,Liga Profesional de Fútbol Argentina,2026
a01052f2,Rodrigo González,Rodrigo González,ar ARG,"DF,MF",Aldosivi,26-000,2000,11,11,874,9.7,0,0,0,0,0,0,2,0,0.00,0.00,0.00,0.00,0.00,Matches,0.00,0.00,5,1,20.0,0.10,0.51,,,,,,,,,,,,,,,,,,,Liga Profesional de Fútbol Argentina,2026
c3392671,Tomás González,Tomás González,ar ARG,MF,Estudiantes–RC,27-164,1998,12,11,909,10.1,0,0,0,0,0,0,5,0,0.00,0.00,0.00,0.00,0.00,Matches,0.00,0.00,9,1,11.1,0.10,0.89,,,,,,,,,,,,,,,,,,,Liga Profesional de Fútbol Argentina,2026
1477cae6,Jano Gordon,Jano Gordon,ar ARG,DF,Vélez Sarsfield,21-302,2004,3,3,258,2.9,1,0,1,1,0,0,0,0,0.35,0.00,0.35,0.35,0.35,Matches,0.50,0.50,2,2,100.0,0.70,0.70,,,,,,,,,,,,,,,,,,,Liga Profesional de Fútbol Argentina,2026
d62bf368,Santiago Grella,Santiago Grella,ar ARG,MF,Unión,21-029,2005,4,0,68,0.8,0,0,0,0,0,0,0,0,0.00,0.00,0.00,0.00,0.00,Matches,0.00,,2,0,0.0,0.00,2.65,,,,,,,,,,,,,,,,,,,Liga Profesional de Fútbol Argentina,2026
75c06d00,Iván Guaraz,Iván Guaraz,ar ARG,MF,Barracas Central,20-338,2005,9,5,428,4.8,0,0,0,0,0,0,2,0,0.00,0.00,0.00,0.00,0.00,Matches,0.00,,3,0,0.0,0.00,0.63,,,,,,,,,,,,,,,,,,,Liga Profesional de Fútbol Argentina,2026
d6c09370,Facundo Guch,Facundo Guch,ar ARG,"MF,FW",Newell's Old Boys,19-084,2007,11,10,741,8.2,1,1,2,1,0,0,1,0,0.12,0.12,0.24,0.12,0.24,Matches,0.06,0.20,16,5,31.3,0.61,1.94,,,,,,,,,,,,,,,,,,,Liga Profesional de Fútbol Argentina,2026
a4d527c6,Nicolás Guerra,Nicolás Guerra,cl CHI,"FW,MF",Instituto,27-095,1999,11,4,348,3.9,1,0,1,1,0,0,4,0,0.26,0.00,0.26,0.26,0.26,Matches,0.11,0.33,9,3,33.3,0.78,2.33,,,,,,,,,,,,,,,,,,,Liga Profesional de Fútbol Argentina,2026
14efa370,Tomás Guidara,Tomás Guidara,ar ARG,DF,Lanús,30-032,1996,11,11,906,10.1,0,1,1,0,0,0,3,0,0.00,0.10,0.10,0.00,0.10,Matches,,,0,0,,0.00,0.00,,,,,,,,,,,,,,,,,,,Liga Profesional de Fútbol Argentina,2026
bfb67716,Adrián Guillermo Sánchez,Adrián Guillermo Sánchez,ar ARG,MF,Belgrano,26-335,1999,12,12,"1,024",11.4,0,0,0,0,0,0,2,0,0.00,0.00,0.00,0.00,0.00,Matches,0.00,,2,0,0.0,0.00,0.18,,,,,,,,,,,,,,,,,,,Liga Profesional de Fútbol Argentina,2026
62b0b5ad,Facundo Gulli,Facundo Gulli,ar ARG,"MF,FW",San Lorenzo,20-201,2005,12,9,649,7.2,0,2,2,0,0,0,2,0,0.00,0.28,0.28,0.00,0.28,Matches,0.00,0.00,10,4,40.0,0.55,1.39,,,,,,,,,,,,,,,,,,,Liga Profesional de Fútbol Argentina,2026
cb1916e0,Rodrigo Guth,Rodrigo Guth,br BRA,DF,Talleres–C,25-155,2000,1,1,45,0.5,0,0,0,0,0,0,1,0,0.00,0.00,0.00,0.00,0.00,Matches,,,0,0,,0.00,0.00,,,,,,,,,,,,,,,,,,,Liga Profesional de Fútbol Argentina,2026
1b37c107,Juan Gutierrez,Juan Gutierrez,uy URU,"MF,FW",Defensa y Justicia,24-069,2002,12,11,947,10.5,3,2,5,3,0,0,1,0,0.29,0.19,0.48,0.29,0.48,Matches,0.14,0.27,22,11,50.0,1.05,2.09,,,,,,,,,,,,,,,,,,,Liga Profesional de Fútbol Argentina,2026
5260ba4a,Lautaro Gutierrez,Lautaro Gutierrez,ar ARG,FW,Belgrano,20-068,2006,10,1,291,3.2,2,0,2,2,0,0,0,0,0.62,0.00,0.62,0.62,0.62,Matches,0.25,0.50,8,4,50.0,1.24,2.47,,,,,,,,,,,,,,,,,,,Liga Profesional de Fútbol Argentina,2026
ad65188e,Maximiliano Gutiérrez,Maximiliano Gutiérrez,cl CHI,MF,Independiente,21-346,2004,4,1,118,1.3,0,0,0,0,0,0,0,0,0.00,0.00,0.00,0.00,0.00,Matches,,,0,0,,0.00,0.00,,,,,,,,,,,,,,,,,,,Liga Profesional de Fútbol Argentina,2026
10fe416e,Natanael Guzmán,Natanael Guzmán,ar ARG,"FW,MF",Aldosivi,26-246,1999,10,5,422,4.7,0,0,0,0,0,0,0,0,0.00,0.00,0.00,0.00,0.00,Matches,0.00,0.00,6,3,50.0,0.64,1.28,,,,,,,,,,,,,,,,,,,Liga Profesional de Fútbol Argentina,2026
300753b4,Ezequiel Ham,Ezequiel Ham,sy SYR,MF,Atlé Tucumán,32-035,1994,13,9,723,8.0,0,1,1,0,0,0,3,0,0.00,0.12,0.12,0.00,0.12,Matches,0.00,0.00,12,1,8.3,0.12,1.49,,,,,,,,,,,,,,,,,,,Liga Profesional de Fútbol Argentina,2026
098a28f8,Agustin Hausch,Agustin Hausch,ar ARG,"MF,FW",Defensa y Justicia,22-328,2003,10,6,491,5.5,1,0,1,1,0,0,0,0,0.18,0.00,0.18,0.18,0.18,Matches,0.13,0.33,8,3,37.5,0.55,1.47,,,,,,,,,,,,,,,,,,,Liga Profesional de Fútbol Argentina,2026
c78eb31f,Diego Herazo,Diego Herazo,co COL,FW,San Lorenzo,30-000,1996,4,0,70,0.8,1,1,2,1,0,0,0,0,1.29,1.29,2.57,1.29,2.57,Matches,0.50,1.00,2,1,50.0,1.29,2.57,,,,,,,,,,,,,,,,,,,Liga Profesional de Fútbol Argentina,2026
45cfa4ba,Leonardo Heredia,Leonardo Heredia,ar ARG,FW,Platense,30-093,1996,12,6,499,5.5,0,0,0,0,0,0,1,0,0.00,0.00,0.00,0.00,0.00,Matches,0.00,0.00,10,5,50.0,0.90,1.80,,,,,,,,,,,,,,,,,,,Liga Profesional de Fútbol Argentina,2026
bd04e8dc,Ramiro Hernandes,Ramiro Hernandes,ar ARG,MF,Belgrano,21-153,2004,12,1,355,3.9,0,0,0,0,0,0,1,0,0.00,0.00,0.00,0.00,0.00,Matches,0.00,,6,0,0.0,0.00,1.52,,,,,,,,,,,,,,,,,,,Liga Profesional de Fútbol Argentina,2026
7b33603b,Gastón Hernández,Gastón Hernández,ar ARG,DF,San Lorenzo,28-085,1998,9,9,798,8.9,0,0,0,0,0,0,2,0,0.00,0.00,0.00,0.00,0.00,Matches,0.00,,2,0,0.0,0.00,0.23,,,,,,,,,,,,,,,,,,,Liga Profesional de Fútbol Argentina,2026
436a9dd0,Ander Herrera,Ander Herrera,es ESP,MF,Boca Juniors,36-243,1989,8,5,447,5.0,0,0,0,0,0,0,0,0,0.00,0.00,0.00,0.00,0.00,Matches,0.00,0.00,7,1,14.3,0.20,1.41,,,,,,,,,,,,,,,,,,,Liga Profesional de Fútbol Argentina,2026
5432fe10,Ezequiel Herrera,Ezequiel Herrera,ar ARG,DF,San Lorenzo,23-082,2003,12,12,"1,067",11.9,0,0,0,0,0,0,2,0,0.00,0.00,0.00,0.00,0.00,Matches,0.00,0.00,6,1,16.7,0.08,0.51,,,,,,,,,,,,,,,,,,,Liga Profesional de Fútbol Argentina,2026
4b9b1f3a,Guido Herrera,Guido Herrera,ar ARG,GK,Talleres–C,34-044,1992,12,12,"1,080",12.0,0,0,0,0,0,0,1,0,0.00,0.00,0.00,0.00,0.00,Matches,,,0,0,,0.00,0.00,4,33.3,12,12,11,0.92,4,"1,080",1,1,0,0.0,0,75.6,31,41,3,5,Liga Profesional de Fútbol Argentina,2026
2f6ff462,Jonathan Herrera,Jonathan Herrera,ar ARG,FW,Deportivo Riestra,34-210,1991,13,10,815,9.1,0,0,0,0,0,0,3,0,0.00,0.00,0.00,0.00,0.00,Matches,0.00,0.00,26,10,38.5,1.10,2.87,,,,,,,,,,,,,,,,,,,Liga Profesional de Fútbol Argentina,2026
1537c952,Rodrigo Herrera,Rodrigo Herrera,ar ARG,MF,Newell's Old Boys,25-255,2000,11,10,818,9.1,0,0,0,0,0,0,2,0,0.00,0.00,0.00,0.00,0.00,Matches,0.00,0.00,5,1,20.0,0.11,0.55,,,,,,,,,,,,,,,,,,,Liga Profesional de Fútbol Argentina,2026
76cf9432,Michael Hoyos,Michael Hoyos,ar ARG,FW,Newell's Old Boys,34-255,1991,9,3,432,4.8,1,0,1,1,0,0,0,0,0.21,0.00,0.21,0.21,0.21,Matches,0.13,0.50,8,2,25.0,0.42,1.67,,,,,,,,,,,,,,,,,,,Liga Profesional de Fútbol Argentina,2026
93cfb989,Marco Iacobellis,Marco Iacobellis,ar ARG,"MF,FW",Cen. Córdoba–SdE,26-108,1999,8,5,393,4.4,0,1,1,0,0,0,2,0,0.00,0.23,0.23,0.00,0.23,Matches,0.00,0.00,10,1,10.0,0.23,2.29,,,,,,,,,,,,,,,,,,,Liga Profesional de Fútbol Argentina,2026
bf6410b8,Fabricio Iacovich,Fabricio Iacovich,ar ARG,GK,Estudiantes–LP,24-075,2002,5,4,405,4.5,0,0,0,0,0,0,0,0,0.00,0.00,0.00,0.00,0.00,Matches,,,0,0,,0.00,0.00,2,50.0,5,4,2,0.44,1,405,0,1,0,100.0,1,83.3,11,12,1,2,Liga Profesional de Fútbol Argentina,2026
78d48e60,César Ibáñez,César Ibáñez,ar ARG,DF,Huracán,26-301,1999,12,11,938,10.4,0,1,1,0,0,0,5,1,0.00,0.10,0.10,0.00,0.10,Matches,0.00,,11,0,0.0,0.00,1.06,,,,,,,,,,,,,,,,,,,Liga Profesional de Fútbol Argentina,2026
db6540c5,Franco Ibarra,Franco Ibarra,ar ARG,MF,Rosario Central,24-351,2001,11,10,920,10.2,0,0,0,0,0,0,6,0,0.00,0.00,0.00,0.00,0.00,Matches,0.00,,7,0,0.0,0.00,0.68,,,,,,,,,,,,,,,,,,,Liga Profesional de Fútbol Argentina,2026
035a3093,Juan Ignacio Méndez,Juan Ignacio Méndez,ar ARG,MF,Instituto,28-351,1997,12,6,544,6.0,0,1,1,0,0,0,1,0,0.00,0.17,0.17,0.00,0.17,Matches,0.00,,3,0,0.0,0.00,0.50,,,,,,,,,,,,,,,,,,,Liga Profesional de Fútbol Argentina,2026
ad513a6b,Juan Ignacio Ramírez,Juan Ignacio Ramírez,uy URU,FW,Newell's Old Boys,29-072,1997,7,4,393,4.4,1,0,1,0,1,1,0,0,0.23,0.00,0.23,0.00,0.00,Matches,0.00,0.00,10,3,30.0,0.69,2.29,,,,,,,,,,,,,,,,,,,Liga Profesional de Fútbol Argentina,2026
13f61a69,Juan Infante,Juan Infante,ar ARG,DF,Atlé Tucumán,30-097,1996,1,1,90,1.0,0,0,0,0,0,0,0,0,0.00,0.00,0.00,0.00,0.00,Matches,0.00,,1,0,0.0,0.00,1.00,,,,,,,,,,,,,,,,,,,Liga Profesional de Fútbol Argentina,2026
546c7f68,Gino Infantino,Gino Infantino,ar ARG,MF,Arg Juniors,22-330,2003,2,0,36,0.4,0,0,0,0,0,0,0,0,0.00,0.00,0.00,0.00,0.00,Matches,0.00,0.00,1,1,100.0,2.50,2.50,,,,,,,,,,,,,,,,,,,Liga Profesional de Fútbol Argentina,2026
7f076123,Celías Ingenthron,Celías Ingenthron,ar ARG,DF,Platense,17-290,2008,2,2,168,1.9,0,0,0,0,0,0,1,0,0.00,0.00,0.00,0.00,0.00,Matches,0.00,,1,0,0.0,0.00,0.54,,,,,,,,,,,,,,,,,,,Liga Profesional de Fútbol Argentina,2026
e5b1d1e6,Luis Ingolotti,Luis Ingolotti,ar ARG,GK,Atlé Tucumán,26-090,2000,13,13,"1,170",13.0,0,0,0,0,0,0,1,0,0.00,0.00,0.00,0.00,0.00,Matches,,,0,0,,0.00,0.00,4,30.8,13,13,18,1.38,7,"1,170",2,3,0,33.3,1,56.8,22,37,4,2,Liga Profesional de Fútbol Argentina,2026
a6756735,José Ingratti,José Ingratti,ar ARG,FW,Deportivo Riestra,25-260,2000,1,1,45,0.5,0,0,0,0,0,0,0,0,0.00,0.00,0.00,0.00,0.00,Matches,,,0,0,,0.00,0.00,,,,,,,,,,,,,,,,,,,Liga Profesional de Fútbol Argentina,2026
ff022a7c,Emanuel Iñíguez,Emanuel Iñíguez,ar ARG,DF,Aldosivi,29-210,1996,1,1,54,0.6,0,0,0,0,0,0,0,0,0.00,0.00,0.00,0.00,0.00,Matches,,,0,0,,0.00,0.00,,,,,,,,,,,,,,,,,,,Liga Profesional de Fútbol Argentina,2026
eb1df660,Manuel Insaurralde,Manuel Insaurralde,ar ARG,MF,San Lorenzo,27-073,1999,4,3,223,2.5,1,0,1,1,0,0,0,0,0.40,0.00,0.40,0.40,0.40,Matches,1.00,1.00,1,1,100.0,0.40,0.40,,,,,,,,,,,,,,,,,,,Liga Profesional de Fútbol Argentina,2026
6a72010c,Nelson Insfrán,Nelson Insfrán,ar ARG,GK,Gimnasia–LP,30-325,1995,10,10,837,9.3,0,0,0,0,0,0,0,0,0.00,0.00,0.00,0.00,0.00,Matches,,,0,0,,0.00,0.00,2,20.0,10,10,13,1.40,4,837,1,1,0,0.0,0,68.4,26,38,2,4,Liga Profesional de Fútbol Argentina,2026
094c0621,Rodrigo Insúa,Rodrigo Insúa,ar ARG,"MF,DF",Barracas Central,28-119,1997,13,13,"1,170",13.0,3,1,4,1,2,2,2,0,0.23,0.08,0.31,0.08,0.15,Matches,0.06,0.13,18,8,44.4,0.62,1.38,,,,,,,,,,,,,,,,,,,Liga Profesional de Fútbol Argentina,2026
cf5c3ef1,Carlos Izquierdoz,Carlos Izquierdoz,ar ARG,DF,Lanús,37-162,1988,10,10,900,10.0,2,0,2,2,0,0,4,0,0.20,0.00,0.20,0.20,0.20,Matches,0.40,1.00,5,2,40.0,0.20,0.50,,,,,,,,,,,,,,,,,,,Liga Profesional de Fútbol Argentina,2026
7ecb2377,Cristian Jaime,Cristian Jaime,ar ARG,FW,River Plate,19-274,2006,1,0,19,0.2,0,0,0,0,0,0,0,0,0.00,0.00,0.00,0.00,0.00,Matches,,,0,0,,0.00,0.00,,,,,,,,,,,,,,,,,,,Liga Profesional de Fútbol Argentina,2026
bbb925bf,Facundo Jainikoski,Facundo Jainikoski,ar ARG,FW,Arg Juniors,18-030,2008,11,0,260,2.9,0,1,1,0,0,0,0,0,0.00,0.35,0.35,0.00,0.35,Matches,0.00,0.00,13,4,30.8,1.38,4.50,,,,,,,,,,,,,,,,,,,Liga Profesional de Fútbol Argentina,2026
f3f2db7a,Lucas Janson,Lucas Janson,ar ARG,"FW,MF",Boca Juniors,31-241,1994,3,3,182,2.0,0,0,0,0,0,0,1,0,0.00,0.00,0.00,0.00,0.00,Matches,0.00,0.00,2,2,100.0,0.99,0.99,,,,,,,,,,,,,,,,,,,Liga Profesional de Fútbol Argentina,2026
879d015a,Kevin Jappert,Kevin Jappert,ar ARG,"DF,MF",Barracas Central,22-048,2004,6,4,375,4.2,1,0,1,1,0,0,0,0,0.24,0.00,0.24,0.24,0.24,Matches,0.33,1.00,3,1,33.3,0.24,0.72,,,,,,,,,,,,,,,,,,,Liga Profesional de Fútbol Argentina,2026
413cce14,Franco Jara,Franco Jara,ar ARG,FW,Instituto,37-273,1988,8,6,568,6.3,1,0,1,0,1,2,1,0,0.16,0.00,0.16,0.00,0.00,Matches,0.00,0.00,16,5,31.3,0.79,2.54,,,,,,,,,,,,,,,,,,,Liga Profesional de Fútbol Argentina,2026
b4f69c77,David Juárez,David Juárez,ar ARG,FW,Aldosivi,18-141,2007,1,0,20,0.2,0,0,0,0,0,0,0,0,0.00,0.00,0.00,0.00,0.00,Matches,0.00,0.00,1,1,100.0,4.50,4.50,,,,,,,,,,,,,,,,,,,Liga Profesional de Fútbol Argentina,2026
2aebc81b,Fernando Juárez,Fernando Juárez,ar ARG,MF,Cen. Córdoba–SdE,27-234,1998,4,3,315,3.5,0,0,0,0,0,0,1,0,0.00,0.00,0.00,0.00,0.00,Matches,,,0,0,,0.00,0.00,,,,,,,,,,,,,,,,,,,Liga Profesional de Fútbol Argentina,2026
fab2776f,Julián Kadijevic,Julián Kadijevic,ar ARG,GK,Gimnasia–LP,22-077,2004,2,1,153,1.7,0,0,0,0,0,0,0,0,0.00,0.00,0.00,0.00,0.00,Matches,,,0,0,,0.00,0.00,0,0.0,2,1,4,2.35,1,153,0,0,0,,0,55.6,5,9,0,0,Liga Profesional de Fútbol Argentina,2026
63b9e3c3,Nsumoh Kalu,Nsumoh Kalu,sk SVK,FW,Deportivo Riestra,24-304,2001,1,0,18,0.2,0,0,0,0,0,0,0,0,0.00,0.00,0.00,0.00,0.00,Matches,,,0,0,,0.00,0.00,,,,,,,,,,,,,,,,,,,Liga Profesional de Fútbol Argentina,2026
143ec41e,Ryoga Kida,Ryoga Kida,jp JPN,FW,Arg Juniors,20-273,2005,5,0,94,1.0,1,0,1,1,0,0,0,0,0.96,0.00,0.96,0.96,0.96,Matches,0.25,0.50,4,2,50.0,1.91,3.83,,,,,,,,,,,,,,,,,,,Liga Profesional de Fútbol Argentina,2026
40b1ca34,Luca Klimowicz,Luca Klimowicz,ar ARG,FW,Instituto,21-330,2004,2,0,11,0.1,0,0,0,0,0,0,0,0,0.00,0.00,0.00,0.00,0.00,Matches,,,0,0,,0.00,0.00,,,,,,,,,,,,,,,,,,,Liga Profesional de Fútbol Argentina,2026
22070e3e,Agustín Ladstatter,Agustín Ladstatter,ar ARG,MF,San Lorenzo,20-313,2005,9,4,395,4.4,0,0,0,0,0,0,0,1,0.00,0.00,0.00,0.00,0.00,Matches,0.00,0.00,8,2,25.0,0.46,1.82,,,,,,,,,,,,,,,,,,,Liga Profesional de Fútbol Argentina,2026
09cdea58,Agustín Lagos,Agustín Lagos,ar ARG,DF,Platense,24-187,2001,5,1,131,1.5,0,0,0,0,0,0,0,0,0.00,0.00,0.00,0.00,0.00,Matches,,,0,0,,0.00,0.00,,,,,,,,,,,,,,,,,,,Liga Profesional de Fútbol Argentina,2026
bde55241,Nicolás Laméndola,Nicolás Laméndola,ar ARG,"MF,FW",Atlé Tucumán,27-123,1998,12,10,868,9.6,1,0,1,1,0,0,4,0,0.10,0.00,0.10,0.10,0.10,Matches,0.11,0.50,9,2,22.2,0.21,0.93,,,,,,,,,,,,,,,,,,,Liga Profesional de Fútbol Argentina,2026
1e9ff026,Leonardo Landriel,Leonardo Landriel,ar ARG,MF,Deportivo Riestra,29-274,1996,2,0,20,0.2,0,0,0,0,0,0,1,0,0.00,0.00,0.00,0.00,0.00,Matches,,,0,0,,0.00,0.00,,,,,,,,,,,,,,,,,,,Liga Profesional de Fútbol Argentina,2026
26f6dca8,Manuel Lanzini,Manuel Lanzini,ar ARG,MF,Vélez Sarsfield,33-058,1993,12,12,962,10.7,3,0,3,3,0,0,1,0,0.28,0.00,0.28,0.28,0.28,Matches,0.19,0.38,16,8,50.0,0.75,1.50,,,,,,,,,,,,,,,,,,,Liga Profesional de Fútbol Argentina,2026
1cb8e301,Alan Laprida,Alan Laprida,ar ARG,MF,Cen. Córdoba–SdE,21-196,2004,7,3,325,3.6,0,0,0,0,0,0,1,0,0.00,0.00,0.00,0.00,0.00,Matches,0.00,,1,0,0.0,0.00,0.28,,,,,,,,,,,,,,,,,,,Liga Profesional de Fútbol Argentina,2026
3c7a3791,Joaquín Laso,Joaquín Laso,ar ARG,DF,Tigre,35-284,1990,12,12,"1,047",11.6,0,0,0,0,0,0,3,0,0.00,0.00,0.00,0.00,0.00,Matches,0.00,,5,0,0.0,0.00,0.43,,,,,,,,,,,,,,,,,,,Liga Profesional de Fútbol Argentina,2026
36fef392,Agustín Lastra,Agustín Lastra,ar ARG,GK,Estudiantes–RC,25-102,2001,8,8,720,8.0,0,0,0,0,0,0,0,0,0.00,0.00,0.00,0.00,0.00,Matches,,,0,0,,0.00,0.00,2,25.0,8,8,10,1.25,6,720,2,2,0,0.0,0,66.7,16,24,1,1,Liga Profesional de Fútbol Argentina,2026
f1a9a9f0,Jeremías Lázaro,Jeremías Lázaro,ar ARG,MF,Instituto,21-290,2004,8,0,160,1.8,0,1,1,0,0,0,0,0,0.00,0.56,0.56,0.00,0.56,Matches,0.00,,1,0,0.0,0.00,0.56,,,,,,,,,,,,,,,,,,,Liga Profesional de Fútbol Argentina,2026
6c4776b1,Jeremías Ledesma,Jeremías Ledesma,ar ARG,GK,Rosario Central,33-060,1993,10,10,900,10.0,0,0,0,0,0,0,0,0,0.00,0.00,0.00,0.00,0.00,Matches,,,0,0,,0.00,0.00,3,30.0,10,10,9,0.90,3,900,0,0,0,,0,78.6,33,42,2,5,Liga Profesional de Fútbol Argentina,2026
702d6920,Tobías Leiva,Tobías Leiva,ar ARG,MF,Estudiantes–RC,22-064,2004,3,0,81,0.9,0,0,0,0,0,0,0,0,0.00,0.00,0.00,0.00,0.00,Matches,0.00,,1,0,0.0,0.00,1.11,,,,,,,,,,,,,,,,,,,Liga Profesional de Fútbol Argentina,2026
e9263403,Gonzalo Lencina,Gonzalo Lencina,ar ARG,FW,Platense,28-178,1997,5,4,310,3.4,0,0,0,0,0,0,0,0,0.00,0.00,0.00,0.00,0.00,Matches,0.00,0.00,5,1,20.0,0.29,1.45,,,,,,,,,,,,,,,,,,,Liga Profesional de Fútbol Argentina,2026
8d88e3be,Santiago Lencina,Santiago Lencina,ar ARG,MF,River Plate,20-222,2005,4,0,67,0.7,0,0,0,0,0,0,0,0,0.00,0.00,0.00,0.00,0.00,Matches,0.00,,1,0,0.0,0.00,1.34,,,,,,,,,,,,,,,,,,,Liga Profesional de Fútbol Argentina,2026
afc6d172,Facundo Lencioni,Facundo Lencioni,ar ARG,MF,Gimnasia–M,25-059,2001,13,13,"1,090",12.1,2,4,6,2,0,0,3,0,0.17,0.33,0.50,0.17,0.50,Matches,0.08,0.25,26,8,30.8,0.66,2.15,,,,,,,,,,,,,,,,,,,Liga Profesional de Fútbol Argentina,2026
b88b1142,Alan Lescano,Alan Lescano,ar ARG,MF,Arg Juniors,24-154,2001,13,13,"1,056",11.7,2,0,2,1,1,1,2,0,0.17,0.00,0.17,0.09,0.09,Matches,0.05,0.13,19,8,42.1,0.68,1.62,,,,,,,,,,,,,,,,,,,Liga Profesional de Fútbol Argentina,2026
75aed4a8,Leandro Lescano,Leandro Lescano,ar ARG,DF,Huracán,23-042,2003,3,2,134,1.5,0,0,0,0,0,0,2,1,0.00,0.00,0.00,0.00,0.00,Matches,0.00,0.00,2,1,50.0,0.67,1.34,,,,,,,,,,,,,,,,,,,Liga Profesional de Fútbol Argentina,2026
07453486,Bruno Leyes,Bruno Leyes,ar ARG,MF,Tigre,24-166,2001,12,11,911,10.1,0,0,0,0,0,0,4,0,0.00,0.00,0.00,0.00,0.00,Matches,0.00,,3,0,0.0,0.00,0.30,,,,,,,,,,,,,,,,,,,Liga Profesional de Fútbol Argentina,2026
6c149b4d,Franco Leys,Franco Leys,ar ARG,MF,Aldosivi,32-178,1993,10,4,479,5.3,0,0,0,0,0,0,1,0,0.00,0.00,0.00,0.00,0.00,Matches,0.00,0.00,2,1,50.0,0.19,0.38,,,,,,,,,,,,,,,,,,,Liga Profesional de Fútbol Argentina,2026
dbc15928,Nicolás Linares,Nicolás Linares,ar ARG,MF,Gimnasia–M,30-039,1996,8,8,652,7.2,0,0,0,0,0,0,2,0,0.00,0.00,0.00,0.00,0.00,Matches,0.00,0.00,3,2,66.7,0.28,0.41,,,,,,,,,,,,,,,,,,,Liga Profesional de Fútbol Argentina,2026
0373879c,Gastón Lodico,Gastón Lodico,ar ARG,MF,Instituto,27-321,1998,11,11,864,9.6,0,0,0,0,0,0,1,0,0.00,0.00,0.00,0.00,0.00,Matches,0.00,0.00,9,4,44.4,0.42,0.94,,,,,,,,,,,,,,,,,,,Liga Profesional de Fútbol Argentina,2026
dd5ddb83,Kevin Lomónaco,Kevin Lomónaco,ar ARG,DF,Independiente,24-096,2002,13,12,"1,041",11.6,0,1,1,0,0,0,3,0,0.00,0.09,0.09,0.00,0.09,Matches,0.00,,5,0,0.0,0.00,0.43,,,,,,,,,,,,,,,,,,,Liga Profesional de Fútbol Argentina,2026
9a102b86,Santiago Longo,Santiago Longo,ar ARG,MF,Belgrano,28-002,1998,8,3,343,3.8,0,0,0,0,0,0,0,0,0.00,0.00,0.00,0.00,0.00,Matches,0.00,0.00,2,1,50.0,0.26,0.52,,,,,,,,,,,,,,,,,,,Liga Profesional de Fútbol Argentina,2026
0c1481b0,Fabricio López,Fabricio López,ar ARG,DF,San Lorenzo,23-144,2002,5,2,263,2.9,0,0,0,0,0,0,1,0,0.00,0.00,0.00,0.00,0.00,Matches,0.00,,3,0,0.0,0.00,1.03,,,,,,,,,,,,,,,,,,,Liga Profesional de Fútbol Argentina,2026
698923cf,Julián López,Julián López,ar ARG,MF,Defensa y Justicia,26-096,2000,7,1,250,2.8,0,0,0,0,0,0,0,0,0.00,0.00,0.00,0.00,0.00,Matches,,,0,0,,0.00,0.00,,,,,,,,,,,,,,,,,,,Liga Profesional de Fútbol Argentina,2026
8320fe65,Lisandro López,Lisandro López,ar ARG,DF,Belgrano,36-225,1989,9,9,748,8.3,0,0,0,0,0,0,2,0,0.00,0.00,0.00,0.00,0.00,Matches,0.00,0.00,8,3,37.5,0.36,0.96,,,,,,,,,,,,,,,,,,,Liga Profesional de Fútbol Argentina,2026
2f72b86c,Marcos López,Marcos López,ar ARG,DF,Banfield,19-183,2006,1,0,9,0.1,0,0,0,0,0,0,1,0,0.00,0.00,0.00,0.00,0.00,Matches,,,0,0,,0.00,0.00,,,,,,,,,,,,,,,,,,,Liga Profesional de Fútbol Argentina,2026
2e8597d8,Hernán López Muñoz,Hernán López Muñoz,ar ARG,"MF,FW",Arg Juniors,25-219,2000,10,10,705,7.8,2,2,4,2,0,0,0,1,0.26,0.26,0.51,0.26,0.51,Matches,0.08,0.20,24,10,41.7,1.28,3.06,,,,,,,,,,,,,,,,,,,Liga Profesional de Fútbol Argentina,2026
2240f653,Santiago López,Santiago López,ar ARG,"DF,MF",Banfield,28-131,1997,12,12,"1,071",11.9,1,3,4,1,0,0,2,0,0.08,0.25,0.34,0.08,0.34,Matches,0.14,0.50,7,2,28.6,0.17,0.59,,,,,,,,,,,,,,,,,,,Liga Profesional de Fútbol Argentina,2026
0a7d98ae,Santiago López,Santiago López,ar ARG,"MF,FW",Tigre,20-064,2006,12,8,729,8.1,0,2,2,0,0,0,1,0,0.00,0.25,0.25,0.00,0.25,Matches,0.00,0.00,14,3,21.4,0.37,1.73,,,,,,,,,,,,,,,,,,,Liga Profesional de Fútbol Argentina,2026
9b68edc2,Franco Lorenzón,Franco Lorenzón,ar ARG,DF,San Lorenzo,25-026,2001,1,1,90,1.0,0,0,0,0,0,0,1,0,0.00,0.00,0.00,0.00,0.00,Matches,,,0,0,,0.00,0.00,,,,,,,,,,,,,,,,,,,Liga Profesional de Fútbol Argentina,2026
f07d5b4d,Nahuel Losada,Nahuel Losada,ar ARG,GK,Lanús,32-362,1993,11,11,990,11.0,0,0,0,0,0,0,4,0,0.00,0.00,0.00,0.00,0.00,Matches,,,0,0,,0.00,0.00,4,36.4,11,11,13,1.18,3,990,3,3,0,0.0,0,74.4,29,39,3,5,Liga Profesional de Fútbol Argentina,2026
659fa937,Augusto Lotti,Augusto Lotti,it ITA,MF,Platense,29-308,1996,8,1,187,2.1,2,0,2,2,0,0,0,0,0.96,0.00,0.96,0.96,0.96,Matches,0.40,0.67,5,3,60.0,1.44,2.41,,,,,,,,,,,,,,,,,,,Liga Profesional de Fútbol Argentina,2026
35525fb0,Leandro Lozano,Leandro Lozano,uy URU,"DF,MF",Arg Juniors,27-116,1998,10,10,852,9.5,0,1,1,0,0,0,2,0,0.00,0.11,0.11,0.00,0.11,Matches,0.00,0.00,8,2,25.0,0.21,0.85,,,,,,,,,,,,,,,,,,,Liga Profesional de Fútbol Argentina,2026
1fcefc90,Raúl Lozano,Raúl Lozano,ar ARG,DF,Estudiantes–RC,28-224,1997,4,3,282,3.1,0,1,1,0,0,0,0,0,0.00,0.32,0.32,0.00,0.32,Matches,0.00,,3,0,0.0,0.00,0.96,,,,,,,,,,,,,,,,,,,Liga Profesional de Fútbol Argentina,2026
50845a91,Jeremías Lucco,Jeremías Lucco,ar ARG,DF,Belgrano,20-125,2005,1,0,2,0.0,0,0,0,0,0,0,0,0,0.00,0.00,0.00,0.00,0.00,Matches,,,0,0,,0.00,0.00,,,,,,,,,,,,,,,,,,,Liga Profesional de Fútbol Argentina,2026
307002fa,Esteban Lucero,Esteban Lucero,ar ARG,"MF,DF",Defensa y Justicia,20-259,2005,9,5,462,5.1,0,0,0,0,0,0,1,0,0.00,0.00,0.00,0.00,0.00,Matches,0.00,,2,0,0.0,0.00,0.39,,,,,,,,,,,,,,,,,,,Liga Profesional de Fútbol Argentina,2026
2c29ddcc,Martín Luciano,Martín Luciano,ar ARG,"DF,MF",Newell's Old Boys,22-127,2003,6,5,330,3.7,0,0,0,0,0,0,3,0,0.00,0.00,0.00,0.00,0.00,Matches,0.00,0.00,2,1,50.0,0.27,0.55,,,,,,,,,,,,,,,,,,,Liga Profesional de Fútbol Argentina,2026
6bee1610,Juan Ludueña,Juan Ludueña,ar ARG,DF,Unión,23-062,2003,12,10,964,10.7,0,1,1,0,0,0,2,0,0.00,0.09,0.09,0.00,0.09,Matches,0.00,0.00,5,1,20.0,0.09,0.47,,,,,,,,,,,,,,,,,,,Liga Profesional de Fútbol Argentina,2026
eacbb10d,Juan Luis Alfaro,Juan Luis Alfaro,ar ARG,"MF,DF",Banfield,26-180,1999,3,3,171,1.9,0,0,0,0,0,0,1,0,0.00,0.00,0.00,0.00,0.00,Matches,,,0,0,,0.00,0.00,,,,,,,,,,,,,,,,,,,Liga Profesional de Fútbol Argentina,2026
921f6058,José Luis Palomino,José Luis Palomino,ar ARG,DF,Talleres–C,36-099,1990,6,4,390,4.3,0,0,0,0,0,0,0,0,0.00,0.00,0.00,0.00,0.00,Matches,0.00,,5,0,0.0,0.00,1.15,,,,,,,,,,,,,,,,,,,Liga Profesional de Fútbol Argentina,2026
cf85ad26,Alex Luna,Alex Luna,ar ARG,"FW,MF",Instituto,22-014,2004,13,13,"1,066",11.8,5,0,5,3,2,2,4,0,0.42,0.00,0.42,0.25,0.25,Matches,0.08,0.19,38,16,42.1,1.35,3.21,,,,,,,,,,,,,,,,,,,Liga Profesional de Fútbol Argentina,2026
19d9859a,Mauro Luna Diale,Mauro Luna Diale,ar ARG,"FW,MF",Platense,26-353,1999,1,0,12,0.1,0,0,0,0,0,0,0,0,0.00,0.00,0.00,0.00,0.00,Matches,,,0,0,,0.00,0.00,,,,,,,,,,,,,,,,,,,Liga Profesional de Fútbol Argentina,2026
64293bed,Ramiro Macagno,Ramiro Macagno,ar ARG,GK,Ind. Rivadavia,29-027,1997,1,1,13,0.1,0,0,0,0,0,0,0,0,0.00,0.00,0.00,0.00,0.00,Matches,,,0,0,,0.00,0.00,0,0.0,1,1,1,6.92,0,13,0,0,0,,0,0.0,0,1,0,1,Liga Profesional de Fútbol Argentina,2026
37747484,Imanol Machuca,Imanol Machuca,my MAS,MF,Vélez Sarsfield,26-089,2000,4,2,154,1.7,0,0,0,0,0,0,1,0,0.00,0.00,0.00,0.00,0.00,Matches,0.00,,1,0,0.0,0.00,0.58,,,,,,,,,,,,,,,,,,,Liga Profesional de Fútbol Argentina,2026
1522a5cc,Alejandro Maciel,Alejandro Maciel,ar ARG,DF,Cen. Córdoba–SdE,28-357,1997,11,11,990,11.0,0,0,0,0,0,0,5,0,0.00,0.00,0.00,0.00,0.00,Matches,0.00,0.00,5,1,20.0,0.09,0.45,,,,,,,,,,,,,,,,,,,Liga Profesional de Fútbol Argentina,2026
f101b79a,Gonzalo Maffini,Gonzalo Maffini,ar ARG,DF,Estudiantes–RC,33-087,1993,11,11,990,11.0,0,1,1,0,0,0,3,0,0.00,0.09,0.09,0.00,0.09,Matches,0.00,0.00,7,2,28.6,0.18,0.64,,,,,,,,,,,,,,,,,,,Liga Profesional de Fútbol Argentina,2026
01a49bd2,Lisandro Magallán,Lisandro Magallán,ar ARG,DF,Vélez Sarsfield,32-199,1993,12,12,"1,080",12.0,0,1,1,0,0,0,1,0,0.00,0.08,0.08,0.00,0.08,Matches,0.00,,1,0,0.0,0.00,0.08,,,,,,,,,,,,,,,,,,,Liga Profesional de Fútbol Argentina,2026
d51af27a,Pablo Magnín,Pablo Magnín,ar ARG,FW,Sarmiento–J,35-354,1990,1,0,1,0.0,0,0,0,0,0,0,0,0,0.00,0.00,0.00,0.00,0.00,Matches,,,0,0,,0.00,0.00,,,,,,,,,,,,,,,,,,,Liga Profesional de Fútbol Argentina,2026
4d0d5020,Alexandro Maidana,Alexandro Maidana,py PAR,"DF,MF",Talleres–C,20-262,2005,4,3,286,3.2,0,0,0,0,0,0,1,0,0.00,0.00,0.00,0.00,0.00,Matches,0.00,0.00,2,1,50.0,0.31,0.63,,,,,,,,,,,,,,,,,,,Liga Profesional de Fútbol Argentina,2026
c7f7afc5,Guido Mainero,Guido Mainero,ar ARG,MF,Platense,31-022,1995,13,11,855,9.5,0,0,0,0,0,0,1,0,0.00,0.00,0.00,0.00,0.00,Matches,0.00,0.00,7,3,42.9,0.32,0.74,,,,,,,,,,,,,,,,,,,Liga Profesional de Fútbol Argentina,2026
90a0bb3b,Víctor Malcorra,Víctor Malcorra,ar ARG,MF,Independiente,38-264,1987,13,12,"1,064",11.8,1,3,4,1,0,0,2,0,0.08,0.25,0.34,0.08,0.34,Matches,0.04,0.14,27,7,25.9,0.59,2.28,,,,,,,,,,,,,,,,,,,Liga Profesional de Fútbol Argentina,2026
323d23e6,Alexis Maldonado,Alexis Maldonado,ar ARG,DF,Belgrano,28-224,1997,10,9,733,8.1,0,0,0,0,0,0,3,0,0.00,0.00,0.00,0.00,0.00,Matches,0.00,0.00,4,1,25.0,0.12,0.49,,,,,,,,,,,,,,,,,,,Liga Profesional de Fútbol Argentina,2026
d3e5285f,Facundo Mallo,Facundo Mallo,uy URU,DF,Rosario Central,31-088,1995,5,5,421,4.7,0,0,0,0,0,0,0,0,0.00,0.00,0.00,0.00,0.00,Matches,0.00,,2,0,0.0,0.00,0.43,,,,,,,,,,,,,,,,,,,Liga Profesional de Fútbol Argentina,2026
7e927fda,Emanuel Mammana,Emanuel Mammana,ar ARG,DF,Vélez Sarsfield,30-063,1996,12,10,900,10.0,0,0,0,0,0,0,0,0,0.00,0.00,0.00,0.00,0.00,Matches,,,0,0,,0.00,0.00,,,,,,,,,,,,,,,,,,,Liga Profesional de Fútbol Argentina,2026
e1cf57c7,Federico Mancuello,Federico Mancuello,ar ARG,"DF,FW",Independiente,37-019,1989,1,0,7,0.1,0,0,0,0,0,0,0,0,0.00,0.00,0.00,0.00,0.00,Matches,,,0,0,,0.00,0.00,,,,,,,,,,,,,,,,,,,Liga Profesional de Fútbol Argentina,2026
e2d40bc5,Eros Mancuso,Eros Mancuso,ar ARG,DF,Estudiantes–LP,26-362,1999,11,4,504,5.6,0,0,0,0,0,0,3,0,0.00,0.00,0.00,0.00,0.00,Matches,0.00,0.00,4,1,25.0,0.18,0.71,,,,,,,,,,,,,,,,,,,Liga Profesional de Fútbol Argentina,2026
488f3ee3,Facundo Mansilla,Facundo Mansilla,ar ARG,DF,Cen. Córdoba–SdE,27-046,1999,12,12,"1,023",11.4,0,0,0,0,0,0,1,0,0.00,0.00,0.00,0.00,0.00,Matches,0.00,0.00,3,1,33.3,0.09,0.26,,,,,,,,,,,,,,,,,,,Liga Profesional de Fútbol Argentina,2026
30c0c914,Matías Mansilla,Matías Mansilla,ar ARG,GK,Unión,30-058,1996,13,13,"1,170",13.0,0,0,0,0,0,0,2,0,0.00,0.00,0.00,0.00,0.00,Matches,,,0,0,,0.00,0.00,5,38.5,13,13,14,1.08,4,"1,170",1,1,0,0.0,0,75.0,39,52,4,5,Liga Profesional de Fútbol Argentina,2026
aac4529a,Juan Manuel Cabrera,Juan Manuel Cabrera,ar ARG,DF,Sarmiento–J,26-035,2000,7,3,344,3.8,0,0,0,0,0,0,2,0,0.00,0.00,0.00,0.00,0.00,Matches,0.00,,1,0,0.0,0.00,0.26,,,,,,,,,,,,,,,,,,,Liga Profesional de Fútbol Argentina,2026
7b05e904,Juan Manuel Elordi,Juan Manuel Elordi,ar ARG,"DF,MF",Ind. Rivadavia,31-236,1994,12,10,890,9.9,1,1,2,1,0,0,1,0,0.10,0.10,0.20,0.10,0.20,Matches,0.07,0.17,14,6,42.9,0.61,1.42,,,,,,,,,,,,,,,,,,,Liga Profesional de Fútbol Argentina,2026
deb82749,Juan Manuel Insaurralde,Juan Manuel Insaurralde,ar ARG,DF,Sarmiento–J,41-193,1984,10,10,869,9.7,0,0,0,0,0,0,4,1,0.00,0.00,0.00,0.00,0.00,Matches,0.00,0.00,5,1,20.0,0.10,0.52,,,,,,,,,,,,,,,,,,,Liga Profesional de Fútbol Argentina,2026
47b94865,Junior Marabel,Junior Marabel,py PAR,FW,Sarmiento–J,28-019,1998,12,10,842,9.4,6,2,8,4,2,2,1,0,0.64,0.21,0.86,0.43,0.64,Matches,0.17,0.36,23,11,47.8,1.18,2.46,,,,,,,,,,,,,,,,,,,Liga Profesional de Fútbol Argentina,2026
853b7c48,Agustín Marchesín,Agustín Marchesín,ar ARG,GK,Boca Juniors,38-029,1988,12,12,"1,071",11.9,0,0,0,0,0,0,0,0,0.00,0.00,0.00,0.00,0.00,Matches,,,0,0,,0.00,0.00,6,50.0,12,12,8,0.67,2,"1,071",0,0,0,,0,76.5,26,34,6,4,Liga Profesional de Fútbol Argentina,2026
aa1f30ec,Leonardo Marchi,Leonardo Marchi,ar ARG,DF,Cen. Córdoba–SdE,29-209,1996,3,2,159,1.8,0,0,0,0,0,0,1,0,0.00,0.00,0.00,0.00,0.00,Matches,,,0,0,,0.00,0.00,,,,,,,,,,,,,,,,,,,Liga Profesional de Fútbol Argentina,2026
6d8d706a,Sasha Marcich,Sasha Marcich,ar ARG,DF,Lanús,27-320,1998,12,11,963,10.7,1,1,2,1,0,0,3,0,0.09,0.09,0.19,0.09,0.19,Matches,0.25,1.00,4,1,25.0,0.09,0.37,,,,,,,,,,,,,,,,,,,Liga Profesional de Fútbol Argentina,2026
b14f755d,Iván Marcone,Iván Marcone,ar ARG,MF,Independiente,35-315,1990,11,10,882,9.8,1,0,1,1,0,0,3,0,0.10,0.00,0.10,0.10,0.10,Matches,0.14,0.33,7,3,42.9,0.31,0.71,,,,,,,,,,,,,,,,,,,Liga Profesional de Fútbol Argentina,2026
e01ca8f4,Gonzalo Maroni,Gonzalo Maroni,ar ARG,"MF,FW",Barracas Central,27-027,1999,8,3,374,4.2,1,0,1,1,0,0,2,0,0.24,0.00,0.24,0.24,0.24,Matches,0.17,0.25,6,4,66.7,0.96,1.44,,,,,,,,,,,,,,,,,,,Liga Profesional de Fútbol Argentina,2026
f4dd01dd,Brandon Márquez,Brandon Márquez,ar ARG,,Sarmiento–J,21-051,2005,3,0,50,0.6,0,0,0,0,0,0,1,0,0.00,0.00,0.00,0.00,0.00,Matches,,,0,0,,0.00,0.00,,,,,,,,,,,,,,,,,,,Liga Profesional de Fútbol Argentina,2026
ad6df5d4,Rodrigo Márquez,Rodrigo Márquez,ar ARG,FW,Aldosivi,24-058,2002,4,0,118,1.3,0,0,0,0,0,0,0,0,0.00,0.00,0.00,0.00,0.00,Matches,0.00,0.00,2,1,50.0,0.76,1.53,,,,,,,,,,,,,,,,,,,Liga Profesional de Fútbol Argentina,2026
6c513f98,Adrián Martínez,Adrián Martínez,ar ARG,FW,Racing Club,33-281,1992,11,10,882,9.8,4,0,4,3,1,2,3,0,0.41,0.00,0.41,0.31,0.31,Matches,0.12,0.38,26,8,30.8,0.82,2.65,,,,,,,,,,,,,,,,,,,Liga Profesional de Fútbol Argentina,2026
26f76d7b,Alejandro Martínez,Alejandro Martínez,ar ARG,"MF,FW",Huracán,28-363,1997,9,5,385,4.3,0,0,0,0,0,0,0,0,0.00,0.00,0.00,0.00,0.00,Matches,0.00,,4,0,0.0,0.00,0.94,,,,,,,,,,,,,,,,,,,Liga Profesional de Fútbol Argentina,2026
3fd3bf8a,Damián Martínez,Damián Martínez,ar ARG,MF,Barracas Central,36-073,1990,7,5,394,4.4,1,0,1,1,0,0,1,0,0.23,0.00,0.23,0.23,0.23,Matches,0.25,1.00,4,1,25.0,0.23,0.91,,,,,,,,,,,,,,,,,,,Liga Profesional de Fútbol Argentina,2026
88473525,Enzo Martínez,Enzo Martínez,uy URU,DF,Gimnasia–LP,27-350,1998,12,12,"1,080",12.0,2,0,2,2,0,0,3,0,0.17,0.00,0.17,0.17,0.17,Matches,0.33,0.67,6,3,50.0,0.25,0.50,,,,,,,,,,,,,,,,,,,Liga Profesional de Fútbol Argentina,2026
feda6a9c,Fernando Martínez,Fernando Martínez,ar ARG,MF,Cen. Córdoba–SdE,25-261,2000,10,2,253,2.8,0,0,0,0,0,0,0,0,0.00,0.00,0.00,0.00,0.00,Matches,,,0,0,,0.00,0.00,,,,,,,,,,,,,,,,,,,Liga Profesional de Fútbol Argentina,2026
6027a024,Mauricio Martínez,Mauricio Martínez,ar ARG,MF,Sarmiento–J,33-053,1993,8,3,389,4.3,0,0,0,0,0,0,0,0,0.00,0.00,0.00,0.00,0.00,Matches,0.00,0.00,8,2,25.0,0.46,1.85,,,,,,,,,,,,,,,,,,,Liga Profesional de Fútbol Argentina,2026
3ec3c1c9,Lucas Martínez Quarta,Lucas Martínez Quarta,ar ARG,DF,River Plate,29-339,1996,13,13,"1,160",12.9,1,0,1,1,0,0,3,0,0.08,0.00,0.08,0.08,0.08,Matches,0.10,0.33,10,3,30.0,0.23,0.78,,,,,,,,,,,,,,,,,,,Liga Profesional de Fútbol Argentina,2026
278f93a4,Ronaldo Martínez,Ronaldo Martínez,py PAR,FW,Talleres–C,29-354,1996,12,12,951,10.6,2,1,3,2,0,0,0,0,0.19,0.09,0.28,0.19,0.28,Matches,0.10,0.18,21,11,52.4,1.04,1.99,,,,,,,,,,,,,,,,,,,Liga Profesional de Fútbol Argentina,2026
2d4eefca,Gastón Martirena,Gastón Martirena,uy URU,"MF,DF",Racing Club,26-099,2000,5,3,292,3.2,0,0,0,0,0,0,0,0,0.00,0.00,0.00,0.00,0.00,Matches,0.00,0.00,3,1,33.3,0.31,0.92,,,,,,,,,,,,,,,,,,,Liga Profesional de Fútbol Argentina,2026
02812c91,Thomás de Martis,Thomás de Martis,ar ARG,FW,Lanús,17-292,2008,4,0,81,0.9,0,0,0,0,0,0,0,0,0.00,0.00,0.00,0.00,0.00,Matches,0.00,,1,0,0.0,0.00,1.11,,,,,,,,,,,,,,,,,,,Liga Profesional de Fútbol Argentina,2026
6f7b13ae,Agustín Massaccesi,Agustín Massaccesi,ar ARG,DF,Instituto,23-209,2002,2,2,147,1.6,0,0,0,0,0,0,0,0,0.00,0.00,0.00,0.00,0.00,Matches,0.00,0.00,1,1,100.0,0.61,0.61,,,,,,,,,,,,,,,,,,,Liga Profesional de Fútbol Argentina,2026
4c73909e,Diego Mastrángelo,Diego Mastrángelo,ar ARG,DF,Gimnasia–LP,23-158,2002,5,0,89,1.0,0,0,0,0,0,0,1,0,0.00,0.00,0.00,0.00,0.00,Matches,0.00,0.00,1,1,100.0,1.01,1.01,,,,,,,,,,,,,,,,,,,Liga Profesional de Fútbol Argentina,2026
24377e64,Guillermo Matías Fernández,Guillermo Matías Fernández,ar ARG,MF,Rosario Central,34-185,1991,7,3,286,3.2,0,0,0,0,0,0,2,0,0.00,0.00,0.00,0.00,0.00,Matches,0.00,,1,0,0.0,0.00,0.31,,,,,,,,,,,,,,,,,,,Liga Profesional de Fútbol Argentina,2026
25879068,Jerónimo Mattar,Jerónimo Mattar,ar ARG,MF,Newell's Old Boys,17-250,2008,10,5,537,6.0,0,0,0,0,0,0,2,0,0.00,0.00,0.00,0.00,0.00,Matches,0.00,0.00,6,2,33.3,0.34,1.01,,,,,,,,,,,,,,,,,,,Liga Profesional de Fútbol Argentina,2026
b7512abc,Julián Mavilla,Julián Mavilla,ar ARG,MF,Belgrano,25-352,2000,5,1,223,2.5,1,0,1,1,0,0,0,0,0.40,0.00,0.40,0.40,0.40,Matches,1.00,1.00,1,1,100.0,0.40,0.40,,,,,,,,,,,,,,,,,,,Liga Profesional de Fútbol Argentina,2026
5ae7b5dc,Augusto Max,Augusto Max,ar ARG,MF,Gimnasia–LP,33-247,1992,10,10,847,9.4,0,1,1,0,0,0,5,0,0.00,0.11,0.11,0.00,0.11,Matches,0.00,,1,0,0.0,0.00,0.11,,,,,,,,,,,,,,,,,,,Liga Profesional de Fútbol Argentina,2026
8c004d92,Sergio Maximiliano Ojeda,Sergio Maximiliano Ojeda,ar ARG,DF,Estudiantes–RC,34-100,1992,5,5,450,5.0,0,0,0,0,0,0,1,0,0.00,0.00,0.00,0.00,0.00,Matches,0.00,,2,0,0.0,0.00,0.40,,,,,,,,,,,,,,,,,,,Liga Profesional de Fútbol Argentina,2026
55ce9bfd,Walter Mazzantti,Walter Mazzantti,ar ARG,"MF,FW",Newell's Old Boys,29-221,1996,5,4,351,3.9,1,0,1,1,0,0,0,0,0.26,0.00,0.26,0.26,0.26,Matches,0.25,0.50,4,2,50.0,0.51,1.03,,,,,,,,,,,,,,,,,,,Liga Profesional de Fútbol Argentina,2026
55ce9bfd,Walter Mazzantti,Walter Mazzantti,ar ARG,"MF,FW",Newell's Old Boys,29-221,1996,5,4,351,3.9,1,0,1,1,0,0,0,0,0.26,0.00,0.26,0.26,0.26,Matches,0.00,,2,0,0.0,0.00,1.29,,,,,,,,,,,,,,,,,,,Liga Profesional de Fútbol Argentina,2026
55ce9bfd,Walter Mazzantti,Walter Mazzantti,ar ARG,MF,Independiente,29-221,1996,6,1,140,1.6,0,0,0,0,0,0,0,0,0.00,0.00,0.00,0.00,0.00,Matches,0.25,0.50,4,2,50.0,0.51,1.03,,,,,,,,,,,,,,,,,,,Liga Profesional de Fútbol Argentina,2026
55ce9bfd,Walter Mazzantti,Walter Mazzantti,ar ARG,MF,Independiente,29-221,1996,6,1,140,1.6,0,0,0,0,0,0,0,0,0.00,0.00,0.00,0.00,0.00,Matches,0.00,,2,0,0.0,0.00,1.29,,,,,,,,,,,,,,,,,,,Liga Profesional de Fútbol Argentina,2026
215cb5d2,Agustín Medina,Agustín Medina,,MF,Lanús,,,9,7,547,6.1,0,0,0,0,0,0,2,0,0.00,0.00,0.00,0.00,0.00,Matches,0.00,0.00,6,1,16.7,0.16,0.99,,,,,,,,,,,,,,,,,,,Liga Profesional de Fútbol Argentina,2026
5a0d551b,Cristian Medina,Cristian Medina,ar ARG,MF,Estudiantes–LP,23-317,2002,5,5,443,4.9,0,1,1,0,0,0,0,0,0.00,0.20,0.20,0.00,0.20,Matches,0.00,0.00,6,3,50.0,0.61,1.22,,,,,,,,,,,,,,,,,,,Liga Profesional de Fútbol Argentina,2026
bd35fdf5,Sebastián Medina,Sebastián Medina,ar ARG,MF,Tigre,26-030,2000,9,2,246,2.7,0,0,0,0,0,0,0,0,0.00,0.00,0.00,0.00,0.00,Matches,0.00,0.00,3,1,33.3,0.37,1.10,,,,,,,,,,,,,,,,,,,Liga Profesional de Fútbol Argentina,2026
57afb75f,Matías Melluso,Matías Melluso,ar ARG,DF,Gimnasia–LP,27-309,1998,1,0,11,0.1,0,0,0,0,0,0,0,0,0.00,0.00,0.00,0.00,0.00,Matches,,,0,0,,0.00,0.00,,,,,,,,,,,,,,,,,,,Liga Profesional de Fútbol Argentina,2026
5a39b971,Armando Méndez,Armando Méndez,uy URU,DF,Newell's Old Boys,30-014,1996,11,11,929,10.3,0,0,0,0,0,0,3,1,0.00,0.00,0.00,0.00,0.00,Matches,0.00,0.00,8,1,12.5,0.10,0.78,,,,,,,,,,,,,,,,,,,Liga Profesional de Fútbol Argentina,2026
12e579fa,Mauro Méndez,Mauro Méndez,uy URU,FW,Banfield,27-087,1999,12,12,"1,024",11.4,6,3,9,6,0,0,2,0,0.53,0.26,0.79,0.53,0.79,Matches,0.22,0.50,27,12,44.4,1.05,2.37,,,,,,,,,,,,,,,,,,,Liga Profesional de Fútbol Argentina,2026
881aa581,Mateo Mendía,Mateo Mendía,ar ARG,DF,Platense,22-070,2004,1,1,90,1.0,0,0,0,0,0,0,0,0,0.00,0.00,0.00,0.00,0.00,Matches,0.00,,1,0,0.0,0.00,1.00,,,,,,,,,,,,,,,,,,,Liga Profesional de Fútbol Argentina,2026
428cb878,Lucas Menossi,Lucas Menossi,ar ARG,MF,Unión,33-277,1992,1,0,5,0.1,0,0,0,0,0,0,0,0,0.00,0.00,0.00,0.00,0.00,Matches,,,0,0,,0.00,0.00,,,,,,,,,,,,,,,,,,,Liga Profesional de Fútbol Argentina,2026
307224a2,Miguel Merentiel,Miguel Merentiel,uy URU,"FW,MF",Boca Juniors,30-049,1996,10,9,752,8.4,4,2,6,4,0,0,1,0,0.48,0.24,0.72,0.48,0.72,Matches,0.18,0.50,22,8,36.4,0.96,2.63,,,,,,,,,,,,,,,,,,,Liga Profesional de Fútbol Argentina,2026
9b0cafc4,Nicolás Meriano,Nicolás Meriano,ar ARG,DF,Banfield,25-156,2000,8,5,439,4.9,0,0,0,0,0,0,3,2,0.00,0.00,0.00,0.00,0.00,Matches,0.00,,3,0,0.0,0.00,0.62,,,,,,,,,,,,,,,,,,,Liga Profesional de Fútbol Argentina,2026
6a526db6,Bautista Merlini,Bautista Merlini,ar ARG,MF,Platense,30-284,1995,11,3,386,4.3,0,0,0,0,0,0,0,0,0.00,0.00,0.00,0.00,0.00,Matches,0.00,0.00,5,2,40.0,0.47,1.17,,,,,,,,,,,,,,,,,,,Liga Profesional de Fútbol Argentina,2026
f236096a,Jeremias Merlo,Jeremias Merlo,,MF,Gimnasia–LP,,,4,2,127,1.4,0,0,0,0,0,0,0,0,0.00,0.00,0.00,0.00,0.00,Matches,0.00,,4,0,0.0,0.00,2.83,,,,,,,,,,,,,,,,,,,Liga Profesional de Fútbol Argentina,2026
47171e2c,Eric Meza,Eric Meza,ar ARG,DF,Estudiantes–LP,27-006,1999,11,11,834,9.3,0,0,0,0,0,0,5,0,0.00,0.00,0.00,0.00,0.00,Matches,0.00,0.00,14,5,35.7,0.54,1.51,,,,,,,,,,,,,,,,,,,Liga Profesional de Fútbol Argentina,2026
05df2936,Juan Meza,Juan Meza,ar ARG,MF,River Plate,18-031,2008,2,0,69,0.8,0,2,2,0,0,0,1,0,0.00,2.61,2.61,0.00,2.61,Matches,0.00,,2,0,0.0,0.00,2.61,,,,,,,,,,,,,,,,,,,Liga Profesional de Fútbol Argentina,2026
a3f3cf7a,Sebastián Meza,Sebastián Meza,ar ARG,GK,Huracán,26-031,2000,1,1,90,1.0,0,0,0,0,0,0,1,0,0.00,0.00,0.00,0.00,0.00,Matches,,,0,0,,0.00,0.00,1,100.0,1,1,0,0.00,0,90,0,0,0,,0,100.0,1,1,1,0,Liga Profesional de Fútbol Argentina,2026
74b76abc,Matko Miljevic,Matko Miljevic,us USA,MF,Racing Club,24-340,2001,10,8,547,6.1,0,0,0,0,0,0,5,1,0.00,0.00,0.00,0.00,0.00,Matches,0.00,0.00,21,9,42.9,1.48,3.46,,,,,,,,,,,,,,,,,,,Liga Profesional de Fútbol Argentina,2026
58d81550,Lautaro Millán,Lautaro Millán,cl CHI,MF,Independiente,20-241,2005,11,9,664,7.4,0,1,1,0,0,0,4,0,0.00,0.14,0.14,0.00,0.14,Matches,0.00,0.00,8,2,25.0,0.27,1.08,,,,,,,,,,,,,,,,,,,Liga Profesional de Fútbol Argentina,2026
15bf7de8,Dardo Miloc,Dardo Miloc,ar ARG,MF,Barracas Central,35-180,1990,12,8,789,8.8,0,0,0,0,0,0,3,0,0.00,0.00,0.00,0.00,0.00,Matches,0.00,0.00,1,1,100.0,0.11,0.11,,,,,,,,,,,,,,,,,,,Liga Profesional de Fútbol Argentina,2026
ee2bdcb7,Facundo Miño,Facundo Miño,ar ARG,DF,Deportivo Riestra,26-180,1999,12,7,680,7.6,0,0,0,0,0,0,4,0,0.00,0.00,0.00,0.00,0.00,Matches,0.00,0.00,2,1,50.0,0.13,0.26,,,,,,,,,,,,,,,,,,,Liga Profesional de Fútbol Argentina,2026
3372ab71,Marcelo Miño,Marcelo Miño,ar ARG,GK,Barracas Central,28-236,1997,11,11,979,10.9,0,0,0,0,0,0,1,0,0.00,0.00,0.00,0.00,0.00,Matches,,,0,0,,0.00,0.00,3,27.3,11,11,9,0.83,4,979,0,0,0,,0,84.5,49,58,4,3,Liga Profesional de Fútbol Argentina,2026
e43a4083,Ignacio Miramon,Ignacio Miramon,ar ARG,MF,Gimnasia–LP,22-306,2003,7,5,421,4.7,0,0,0,0,0,0,4,0,0.00,0.00,0.00,0.00,0.00,Matches,0.00,,3,0,0.0,0.00,0.64,,,,,,,,,,,,,,,,,,,Liga Profesional de Fútbol Argentina,2026
be06718c,Juan Miritello,Juan Miritello,ar ARG,FW,Defensa y Justicia,27-065,1999,6,5,389,4.3,2,0,2,2,0,0,0,0,0.46,0.00,0.46,0.46,0.46,Matches,0.40,1.00,5,2,40.0,0.46,1.16,,,,,,,,,,,,,,,,,,,Liga Profesional de Fútbol Argentina,2026
eb0aabdd,Agustín Módica,Agustín Módica,ar ARG,FW,Gimnasia–M,23-092,2003,10,9,683,7.6,3,0,3,3,0,0,2,0,0.40,0.00,0.40,0.40,0.40,Matches,0.14,0.23,21,13,61.9,1.71,2.77,,,,,,,,,,,,,,,,,,,Liga Profesional de Fútbol Argentina,2026
d3134e28,Tomás Molina,Tomás Molina,ar ARG,FW,Arg Juniors,31-002,1995,8,6,572,6.4,1,0,1,1,0,1,3,0,0.16,0.00,0.16,0.16,0.16,Matches,0.04,0.11,24,9,37.5,1.42,3.78,,,,,,,,,,,,,,,,,,,Liga Profesional de Fútbol Argentina,2026
e3c45b18,Manuel Mónaco,Manuel Mónaco,ar ARG,MF,Sarmiento–J,23-338,2002,1,0,26,0.3,0,0,0,0,0,0,1,0,0.00,0.00,0.00,0.00,0.00,Matches,,,0,0,,0.00,0.00,,,,,,,,,,,,,,,,,,,Liga Profesional de Fútbol Argentina,2026
7c69e3c8,Diego Mondino,Diego Mondino,ar ARG,DF,Gimnasia–M,31-151,1994,8,6,603,6.7,0,0,0,0,0,0,2,0,0.00,0.00,0.00,0.00,0.00,Matches,,,0,0,,0.00,0.00,,,,,,,,,,,,,,,,,,,Liga Profesional de Fútbol Argentina,2026
37077a8b,Pablo Monje,Pablo Monje,ar ARG,MF,Deportivo Riestra,29-067,1997,12,9,770,8.6,0,0,0,0,0,0,1,0,0.00,0.00,0.00,0.00,0.00,Matches,0.00,,5,0,0.0,0.00,0.58,,,,,,,,,,,,,,,,,,,Liga Profesional de Fútbol Argentina,2026
3d72b784,Lautaro Montenegro,Lautaro Montenegro,ar ARG,DF,San Lorenzo,21-047,2005,2,2,180,2.0,0,0,0,0,0,0,1,0,0.00,0.00,0.00,0.00,0.00,Matches,,,0,0,,0.00,0.00,,,,,,,,,,,,,,,,,,,Liga Profesional de Fútbol Argentina,2026
374d5158,Gonzalo Montiel,Gonzalo Montiel,ar ARG,DF,River Plate,29-103,1997,12,12,"1,079",12.0,4,1,5,2,2,2,3,0,0.33,0.08,0.42,0.17,0.25,Matches,0.14,0.40,14,5,35.7,0.42,1.17,,,,,,,,,,,,,,,,,,,Liga Profesional de Fútbol Argentina,2026
8f2ac304,Santiago Montiel,Santiago Montiel,ar ARG,"MF,FW",Independiente,25-143,2000,8,6,484,5.4,1,1,2,1,0,0,1,1,0.19,0.19,0.37,0.19,0.37,Matches,0.06,0.14,17,7,41.2,1.30,3.16,,,,,,,,,,,,,,,,,,,Liga Profesional de Fútbol Argentina,2026
31d67d65,Florián Monzón,Florián Monzón,ar ARG,FW,Vélez Sarsfield,25-101,2001,10,9,738,8.2,3,0,3,3,0,0,2,0,0.37,0.00,0.37,0.37,0.37,Matches,0.19,0.33,16,9,56.3,1.10,1.95,,,,,,,,,,,,,,,,,,,Liga Profesional de Fútbol Argentina,2026
7d270ea5,Lautaro Mora,Lautaro Mora,ar ARG,FW,Huracán,20-048,2006,5,0,52,0.6,0,0,0,0,0,0,1,0,0.00,0.00,0.00,0.00,0.00,Matches,0.00,,1,0,0.0,0.00,1.73,,,,,,,,,,,,,,,,,,,Liga Profesional de Fútbol Argentina,2026
20c48446,Agustín Morales,Agustín Morales,ar ARG,FW,Estudiantes–RC,27-059,1999,1,0,14,0.2,0,0,0,0,0,0,0,0,0.00,0.00,0.00,0.00,0.00,Matches,,,0,0,,0.00,0.00,,,,,,,,,,,,,,,,,,,Liga Profesional de Fútbol Argentina,2026
3468cf5d,Iván Morales Bravo,Iván Morales Bravo,cl CHI,FW,Arg Juniors,26-259,1999,8,6,508,5.6,1,1,2,1,0,0,0,0,0.18,0.18,0.35,0.18,0.35,Matches,0.13,0.33,8,3,37.5,0.53,1.42,,,,,,,,,,,,,,,,,,,Liga Profesional de Fútbol Argentina,2026
125e771a,Gonzalo Morales,Gonzalo Morales,ar ARG,FW,Barracas Central,23-041,2003,11,6,561,6.2,1,0,1,1,0,0,1,0,0.16,0.00,0.16,0.16,0.16,Matches,0.09,0.33,11,3,27.3,0.48,1.76,,,,,,,,,,,,,,,,,,,Liga Profesional de Fútbol Argentina,2026
19cf6f7c,Leonardo Morales,Leonardo Morales,ar ARG,DF,Belgrano,35-003,1991,13,13,"1,070",11.9,0,0,0,0,0,0,4,0,0.00,0.00,0.00,0.00,0.00,Matches,0.00,,7,0,0.0,0.00,0.59,,,,,,,,,,,,,,,,,,,Liga Profesional de Fútbol Argentina,2026
b9be93e7,Matías Morello,Matías Morello,ar ARG,"MF,DF",Aldosivi,25-061,2001,3,2,211,2.3,0,0,0,0,0,0,1,0,0.00,0.00,0.00,0.00,0.00,Matches,,,0,0,,0.00,0.00,,,,,,,,,,,,,,,,,,,Liga Profesional de Fútbol Argentina,2026
0c0f1cd3,Aníbal Moreno,Aníbal Moreno,ar ARG,MF,River Plate,26-336,1999,13,13,"1,119",12.4,0,2,2,0,0,0,0,0,0.00,0.16,0.16,0.00,0.16,Matches,0.00,0.00,11,2,18.2,0.16,0.88,,,,,,,,,,,,,,,,,,,Liga Profesional de Fútbol Argentina,2026
058c938c,Marcelino Moreno,Marcelino Moreno,ar ARG,MF,Lanús,31-293,1994,4,4,358,4.0,3,1,4,3,0,0,0,0,0.75,0.25,1.01,0.75,1.01,Matches,0.20,0.33,15,9,60.0,2.26,3.77,,,,,,,,,,,,,,,,,,,Liga Profesional de Fútbol Argentina,2026
7fdcf661,Neyder Moreno,Neyder Moreno,co COL,MF,Banfield,29-064,1997,4,1,95,1.1,0,0,0,0,0,0,1,0,0.00,0.00,0.00,0.00,0.00,Matches,0.00,0.00,2,1,50.0,0.95,1.89,,,,,,,,,,,,,,,,,,,Liga Profesional de Fútbol Argentina,2026
eb55b9f5,Valentín Moreno,Valentín Moreno,ar ARG,DF,Tigre,23-054,2003,7,7,562,6.2,0,0,0,0,0,0,2,0,0.00,0.00,0.00,0.00,0.00,Matches,0.00,0.00,4,2,50.0,0.32,0.64,,,,,,,,,,,,,,,,,,,Liga Profesional de Fútbol Argentina,2026
c24da22e,Stéfano Moreyra,Stéfano Moreyra,ar ARG,MF,Ind. Rivadavia,24-207,2001,5,1,87,1.0,0,0,0,0,0,0,1,0,0.00,0.00,0.00,0.00,0.00,Matches,0.00,,1,0,0.0,0.00,1.03,,,,,,,,,,,,,,,,,,,Liga Profesional de Fútbol Argentina,2026
242d37f3,Nicolás Morgantini,Nicolás Morgantini,ar ARG,DF,Lanús,31-215,1994,2,1,135,1.5,0,0,0,0,0,0,0,0,0.00,0.00,0.00,0.00,0.00,Matches,,,0,0,,0.00,0.00,,,,,,,,,,,,,,,,,,,Liga Profesional de Fútbol Argentina,2026
c072476b,Leonel Mosevich,Leonel Mosevich,ar ARG,DF,Instituto,29-069,1997,13,13,"1,170",13.0,0,0,0,0,0,0,3,0,0.00,0.00,0.00,0.00,0.00,Matches,0.00,0.00,7,1,14.3,0.08,0.54,,,,,,,,,,,,,,,,,,,Liga Profesional de Fútbol Argentina,2026
58754597,Joaquín Mosqueira,Joaquín Mosqueira,ar ARG,MF,Tigre,21-164,2004,4,0,37,0.4,0,0,0,0,0,0,0,0,0.00,0.00,0.00,0.00,0.00,Matches,,,0,0,,0.00,0.00,,,,,,,,,,,,,,,,,,,Liga Profesional de Fútbol Argentina,2026
5da52e88,Jherson Mosquera,Jherson Mosquera,co COL,DF,Newell's Old Boys,26-208,1999,1,1,90,1.0,0,0,0,0,0,0,0,0,0.00,0.00,0.00,0.00,0.00,Matches,,,0,0,,0.00,0.00,,,,,,,,,,,,,,,,,,,Liga Profesional de Fútbol Argentina,2026
0de1d20d,Santiago Moya,Santiago Moya,ar ARG,DF,Aldosivi,22-305,2003,4,4,360,4.0,0,0,0,0,0,0,2,0,0.00,0.00,0.00,0.00,0.00,Matches,0.00,0.00,3,1,33.3,0.25,0.75,,,,,,,,,,,,,,,,,,,Liga Profesional de Fútbol Argentina,2026
5d00dab4,Franco Moyano,Franco Moyano,ar ARG,MF,Instituto,28-213,1997,3,2,129,1.4,0,0,0,0,0,0,1,0,0.00,0.00,0.00,0.00,0.00,Matches,,,0,0,,0.00,0.00,,,,,,,,,,,,,,,,,,,Liga Profesional de Fútbol Argentina,2026
540d11f2,Santiago Moyano,Santiago Moyano,ar ARG,DF,Cen. Córdoba–SdE,28-203,1997,12,12,948,10.5,0,0,0,0,0,0,1,0,0.00,0.00,0.00,0.00,0.00,Matches,0.00,0.00,5,2,40.0,0.19,0.47,,,,,,,,,,,,,,,,,,,Liga Profesional de Fútbol Argentina,2026
e4b8c5b6,Ezequiel Muñoz,Ezequiel Muñoz,ar ARG,DF,Gimnasia–M,35-188,1990,10,10,844,9.4,1,0,1,1,0,0,0,0,0.11,0.00,0.11,0.11,0.11,Matches,0.25,1.00,4,1,25.0,0.11,0.43,,,,,,,,,,,,,,,,,,,Liga Profesional de Fútbol Argentina,2026
a2abe631,Fernando Muslera,Fernando Muslera,uy URU,GK,Estudiantes–LP,39-302,1986,9,9,765,8.5,0,0,0,0,0,0,1,0,0.00,0.00,0.00,0.00,0.00,Matches,,,0,0,,0.00,0.00,4,44.4,9,9,5,0.59,2,765,0,0,0,,0,73.7,14,19,2,5,Liga Profesional de Fútbol Argentina,2026
e4814c20,Facundo Kalinger di Napoli,Facundo Kalinger di Napoli,ar ARG,MF,Huracán,21-074,2005,3,0,35,0.4,0,0,0,0,0,0,0,0,0.00,0.00,0.00,0.00,0.00,Matches,0.00,0.00,2,1,50.0,2.57,5.14,,,,,,,,,,,,,,,,,,,Liga Profesional de Fútbol Argentina,2026
e91c3cc9,Juan Nardoni,Juan Nardoni,ar ARG,MF,Racing Club,23-274,2002,2,2,126,1.4,0,0,0,0,0,0,1,0,0.00,0.00,0.00,0.00,0.00,Matches,0.00,,1,0,0.0,0.00,0.71,,,,,,,,,,,,,,,,,,,Liga Profesional de Fútbol Argentina,2026
a8e4d897,Tomás Nasif,Tomás Nasif,ar ARG,FW,Platense,22-102,2004,9,3,386,4.3,2,0,2,2,0,0,0,0,0.47,0.00,0.47,0.47,0.47,Matches,0.22,0.40,9,5,55.6,1.17,2.10,,,,,,,,,,,,,,,,,,,Liga Profesional de Fútbol Argentina,2026
61c628be,Federico Navarro,Federico Navarro,ar ARG,MF,Rosario Central,26-036,2000,10,3,341,3.8,0,0,0,0,0,0,2,0,0.00,0.00,0.00,0.00,0.00,Matches,,,0,0,,0.00,0.00,,,,,,,,,,,,,,,,,,,Liga Profesional de Fútbol Argentina,2026
0a5103bd,Ezequiel Naya,Ezequiel Naya,ar ARG,FW,Cen. Córdoba–SdE,24-253,2001,8,6,431,4.8,1,0,1,1,0,0,0,0,0.21,0.00,0.21,0.21,0.21,Matches,0.20,0.25,5,4,80.0,0.84,1.04,,,,,,,,,,,,,,,,,,,Liga Profesional de Fútbol Argentina,2026
6afd25e6,Hugo Nervo,Hugo Nervo,ar ARG,DF,Huracán,35-098,1991,6,1,146,1.6,1,0,1,1,0,0,1,0,0.62,0.00,0.62,0.62,0.62,Matches,0.50,0.50,2,2,100.0,1.23,1.23,,,,,,,,,,,,,,,,,,,Liga Profesional de Fútbol Argentina,2026
2a03fb5f,Gabriel Neves,Gabriel Neves,uy URU,MF,Estudiantes–LP,28-246,1997,9,4,326,3.6,0,0,0,0,0,0,1,0,0.00,0.00,0.00,0.00,0.00,Matches,0.00,0.00,2,1,50.0,0.28,0.55,,,,,,,,,,,,,,,,,,,Liga Profesional de Fútbol Argentina,2026
cddd1e30,Franco Nicola,Franco Nicola,uy URU,"MF,FW",Atlé Tucumán,23-361,2002,11,7,597,6.6,1,1,2,1,0,0,0,0,0.15,0.15,0.30,0.15,0.30,Matches,0.06,0.17,16,6,37.5,0.90,2.41,,,,,,,,,,,,,,,,,,,Liga Profesional de Fútbol Argentina,2026
cd00ceea,Gonzalo Nicolás Martínez,Gonzalo Nicolás Martínez,ar ARG,MF,Tigre,32-305,1993,9,2,278,3.1,1,0,1,1,0,0,1,0,0.32,0.00,0.32,0.32,0.32,Matches,0.06,0.17,16,6,37.5,1.94,5.18,,,,,,,,,,,,,,,,,,,Liga Profesional de Fútbol Argentina,2026
cc704b9f,Aaron Nicolás Molinas,Aaron Nicolás Molinas,ar ARG,MF,Defensa y Justicia,25-255,2000,11,11,988,11.0,2,4,6,0,2,2,3,0,0.18,0.36,0.55,0.00,0.36,Matches,0.00,0.00,14,7,50.0,0.64,1.28,,,,,,,,,,,,,,,,,,,Liga Profesional de Fútbol Argentina,2026
da0fc816,Santiago Núñez,Santiago Núñez,ar ARG,DF,Estudiantes–LP,25-350,2000,7,5,424,4.7,1,0,1,1,0,0,4,1,0.21,0.00,0.21,0.21,0.21,Matches,0.13,0.50,8,2,25.0,0.42,1.70,,,,,,,,,,,,,,,,,,,Liga Profesional de Fútbol Argentina,2026
4511b2da,Walter Núñez,Walter Núñez,ar ARG,"MF,FW",Newell's Old Boys,23-060,2003,13,7,686,7.6,1,1,2,1,0,0,2,0,0.13,0.13,0.26,0.13,0.26,Matches,0.06,0.25,16,4,25.0,0.52,2.10,,,,,,,,,,,,,,,,,,,Liga Profesional de Fútbol Argentina,2026
98de4568,Tomás O'Connor,Tomás O'Connor,ar ARG,MF,Gimnasia–M,22-020,2004,3,0,116,1.3,0,0,0,0,0,0,0,0,0.00,0.00,0.00,0.00,0.00,Matches,,,0,0,,0.00,0.00,,,,,,,,,,,,,,,,,,,Liga Profesional de Fútbol Argentina,2026
2ce68c10,Gabriel Obredor,Gabriel Obredor,ar ARG,FW,Deportivo Riestra,29-098,1997,13,2,443,4.9,0,0,0,0,0,0,2,0,0.00,0.00,0.00,0.00,0.00,Matches,0.00,0.00,10,3,30.0,0.61,2.03,,,,,,,,,,,,,,,,,,,Liga Profesional de Fútbol Argentina,2026
a86da4e7,Álvaro Ocampo,Álvaro Ocampo,ar ARG,DF,Belgrano,21-276,2004,5,2,241,2.7,0,0,0,0,0,0,0,0,0.00,0.00,0.00,0.00,0.00,Matches,,,0,0,,0.00,0.00,,,,,,,,,,,,,,,,,,,Liga Profesional de Fútbol Argentina,2026
ab874ea3,Pedro Ojeda,Pedro Ojeda,ar ARG,MF,Huracán,28-160,1997,12,12,978,10.9,0,2,2,0,0,0,2,0,0.00,0.18,0.18,0.00,0.18,Matches,0.00,0.00,7,2,28.6,0.18,0.64,,,,,,,,,,,,,,,,,,,Liga Profesional de Fútbol Argentina,2026
3075d81a,Tomás Olmos,Tomás Olmos,ar ARG,DF,Estudiantes–RC,21-082,2005,3,2,164,1.8,0,0,0,0,0,0,1,0,0.00,0.00,0.00,0.00,0.00,Matches,,,0,0,,0.00,0.00,,,,,,,,,,,,,,,,,,,Liga Profesional de Fútbol Argentina,2026
b1665f1b,Nicolás Omar Goitea,Nicolás Omar Goitea,ar ARG,DF,Newell's Old Boys,28-307,1997,8,7,675,7.5,0,0,0,0,0,0,0,0,0.00,0.00,0.00,0.00,0.00,Matches,0.00,,1,0,0.0,0.00,0.13,,,,,,,,,,,,,,,,,,,Liga Profesional de Fútbol Argentina,2026
c4263233,Nicolás Oróz,Nicolás Oróz,ar ARG,MF,Arg Juniors,32-013,1994,12,10,833,9.3,2,2,4,1,1,1,0,0,0.22,0.22,0.43,0.11,0.32,Matches,0.11,0.25,9,4,44.4,0.43,0.97,,,,,,,,,,,,,,,,,,,Liga Profesional de Fútbol Argentina,2026
42d44ed9,Franco Orozco,Franco Orozco,ar ARG,"FW,MF",Newell's Old Boys,24-095,2002,3,0,75,0.8,0,0,0,0,0,0,0,0,0.00,0.00,0.00,0.00,0.00,Matches,,,0,0,,0.00,0.00,,,,,,,,,,,,,,,,,,,Liga Profesional de Fútbol Argentina,2026
68acce47,Martín Ortega,Martín Ortega,ar ARG,DF,Newell's Old Boys,26-237,1999,2,1,105,1.2,0,0,0,0,0,0,0,0,0.00,0.00,0.00,0.00,0.00,Matches,0.00,,1,0,0.0,0.00,0.86,,,,,,,,,,,,,,,,,,,Liga Profesional de Fútbol Argentina,2026
265893e5,Diego Ortegoza,Diego Ortegoza,cl CHI,MF,Talleres–C,28-360,1997,12,10,796,8.8,0,2,2,0,0,0,2,0,0.00,0.23,0.23,0.00,0.23,Matches,0.00,0.00,17,4,23.5,0.45,1.92,,,,,,,,,,,,,,,,,,,Liga Profesional de Fútbol Argentina,2026
1ed313b7,Kevin Ortíz,Kevin Ortíz,ar ARG,MF,Atlé Tucumán,25-208,2000,10,9,823,9.1,0,1,1,0,0,0,2,1,0.00,0.11,0.11,0.00,0.11,Matches,0.00,0.00,6,1,16.7,0.11,0.66,,,,,,,,,,,,,,,,,,,Liga Profesional de Fútbol Argentina,2026
e80ed3fa,Tomás Ortiz,Tomás Ortiz,ar ARG,MF,Gimnasia–M,26-035,2000,1,0,19,0.2,0,0,0,0,0,0,0,0,0.00,0.00,0.00,0.00,0.00,Matches,0.00,,1,0,0.0,0.00,4.74,,,,,,,,,,,,,,,,,,,Liga Profesional de Fútbol Argentina,2026
783586ee,Alejo Osella,Alejo Osella,ar ARG,"DF,MF",Ind. Rivadavia,25-196,2000,11,10,772,8.6,4,0,4,4,0,0,0,0,0.47,0.00,0.47,0.47,0.47,Matches,0.24,0.57,17,7,41.2,0.82,1.98,,,,,,,,,,,,,,,,,,,Liga Profesional de Fútbol Argentina,2026
8d69f8f3,Abiel Osorio,Abiel Osorio,ar ARG,FW,Defensa y Justicia,23-305,2002,4,3,185,2.1,0,0,0,0,0,0,0,0,0.00,0.00,0.00,0.00,0.00,Matches,0.00,0.00,3,3,100.0,1.46,1.46,,,,,,,,,,,,,,,,,,,Liga Profesional de Fútbol Argentina,2026
759b7576,Tobías Ostchega,Tobías Ostchega,ar ARG,DF,Estudiantes–RC,27-232,1998,11,9,799,8.9,0,0,0,0,0,0,2,0,0.00,0.00,0.00,0.00,0.00,Matches,0.00,0.00,11,2,18.2,0.23,1.24,,,,,,,,,,,,,,,,,,,Liga Profesional de Fútbol Argentina,2026
7196ad22,Ignacio Ovando,Ignacio Ovando,ar ARG,DF,Rosario Central,18-289,2007,11,11,990,11.0,1,0,1,1,0,0,1,0,0.09,0.00,0.09,0.09,0.09,Matches,0.14,1.00,7,1,14.3,0.09,0.64,,,,,,,,,,,,,,,,,,,Liga Profesional de Fútbol Argentina,2026
2fafa9ad,Alfio Oviedo,Alfio Oviedo,py PAR,FW,Tigre,30-117,1995,9,2,281,3.1,1,0,1,1,0,0,2,0,0.32,0.00,0.32,0.32,0.32,Matches,0.20,0.33,5,3,60.0,0.96,1.60,,,,,,,,,,,,,,,,,,,Liga Profesional de Fútbol Argentina,2026
7a39f13b,Fabricio Oviedo,Fabricio Oviedo,ar ARG,FW,Rosario Central,22-061,2004,1,0,1,0.0,0,0,0,0,0,0,0,0,0.00,0.00,0.00,0.00,0.00,Matches,,,0,0,,0.00,0.00,,,,,,,,,,,,,,,,,,,Liga Profesional de Fútbol Argentina,2026
f3bb9f59,Kendry Páez,Kendry Páez,ec ECU,MF,River Plate,18-345,2007,5,2,205,2.3,0,0,0,0,0,0,0,0,0.00,0.00,0.00,0.00,0.00,Matches,0.00,0.00,3,1,33.3,0.44,1.32,,,,,,,,,,,,,,,,,,,Liga Profesional de Fútbol Argentina,2026
0720e2ea,Ignacio Pais,Ignacio Pais,ar ARG,MF,Banfield,25-319,2000,8,8,675,7.5,0,0,0,0,0,0,1,0,0.00,0.00,0.00,0.00,0.00,Matches,0.00,0.00,9,3,33.3,0.40,1.20,,,,,,,,,,,,,,,,,,,Liga Profesional de Fútbol Argentina,2026
37dfd961,Julián Palacios,Julián Palacios,ar ARG,MF,Unión,27-069,1999,12,12,899,10.0,2,4,6,2,0,0,2,0,0.20,0.40,0.60,0.20,0.60,Matches,0.08,0.33,24,6,25.0,0.60,2.40,,,,,,,,,,,,,,,,,,,Liga Profesional de Fútbol Argentina,2026
6d3f6a31,Tiago Palacios,Tiago Palacios,uy URU,"MF,FW",Estudiantes–LP,25-017,2001,10,6,625,6.9,3,1,4,3,0,0,2,0,0.43,0.14,0.58,0.43,0.58,Matches,0.17,0.60,18,5,27.8,0.72,2.59,,,,,,,,,,,,,,,,,,,Liga Profesional de Fútbol Argentina,2026
404101f9,Tomás Palacios,Tomás Palacios,ar ARG,DF,Estudiantes–LP,22-351,2003,10,9,837,9.3,0,0,0,0,0,0,3,1,0.00,0.00,0.00,0.00,0.00,Matches,0.00,,7,0,0.0,0.00,0.75,,,,,,,,,,,,,,,,,,,Liga Profesional de Fútbol Argentina,2026
bfedc251,Agustín Palavecino,Agustín Palavecino,ar ARG,"FW,MF",Aldosivi,23-036,2003,12,8,708,7.9,0,0,0,0,0,0,4,0,0.00,0.00,0.00,0.00,0.00,Matches,0.00,0.00,11,3,27.3,0.38,1.40,,,,,,,,,,,,,,,,,,,Liga Profesional de Fútbol Argentina,2026
d1130a83,Lucas Palavecino,Lucas Palavecino,ar ARG,MF,Banfield,22-178,2003,3,0,85,0.9,0,0,0,0,0,0,0,0,0.00,0.00,0.00,0.00,0.00,Matches,0.00,0.00,1,1,100.0,1.06,1.06,,,,,,,,,,,,,,,,,,,Liga Profesional de Fútbol Argentina,2026
b62ca703,Nicolás Palavecino,Nicolás Palavecino,ar ARG,MF,Unión,23-016,2003,5,0,80,0.9,0,0,0,0,0,0,0,0,0.00,0.00,0.00,0.00,0.00,Matches,0.00,0.00,6,1,16.7,1.13,6.75,,,,,,,,,,,,,,,,,,,Liga Profesional de Fútbol Argentina,2026
90b5bc97,Máximo Palazzo,Máximo Palazzo,ar ARG,DF,Huracán,20-312,2005,3,3,270,3.0,0,0,0,0,0,0,0,0,0.00,0.00,0.00,0.00,0.00,Matches,,,0,0,,0.00,0.00,,,,,,,,,,,,,,,,,,,Liga Profesional de Fútbol Argentina,2026
d2a01eb2,Manuel Panaro,Manuel Panaro,ar ARG,"MF,FW",Gimnasia–LP,23-107,2002,10,10,705,7.8,1,1,2,1,0,0,2,1,0.13,0.13,0.26,0.13,0.26,Matches,0.08,0.33,12,3,25.0,0.38,1.53,,,,,,,,,,,,,,,,,,,Liga Profesional de Fútbol Argentina,2026
de16bb25,Franco Pardo,Franco Pardo,ar ARG,DF,Racing Club,29-009,1997,9,4,472,5.2,0,0,0,0,0,0,2,0,0.00,0.00,0.00,0.00,0.00,Matches,0.00,0.00,1,1,100.0,0.19,0.19,,,,,,,,,,,,,,,,,,,Liga Profesional de Fútbol Argentina,2026
dff153a4,Leandro Paredes,Leandro Paredes,ar ARG,MF,Boca Juniors,31-289,1994,11,9,862,9.6,1,3,4,0,1,1,5,0,0.10,0.31,0.42,0.00,0.31,Matches,0.00,0.00,15,4,26.7,0.42,1.57,,,,,,,,,,,,,,,,,,,Liga Profesional de Fútbol Argentina,2026
d8a6a341,Luciano Paredes,Luciano Paredes,ar ARG,"DF,MF",Gimnasia–M,23-217,2002,11,10,831,9.2,1,0,1,1,0,0,0,0,0.11,0.00,0.11,0.11,0.11,Matches,0.13,0.50,8,2,25.0,0.22,0.87,,,,,,,,,,,,,,,,,,,Liga Profesional de Fútbol Argentina,2026
7e342e54,Nicolás Pasquini,Nicolás Pasquini,ar ARG,"MF,DF",Sarmiento–J,35-102,1991,2,2,179,2.0,0,0,0,0,0,0,0,0,0.00,0.00,0.00,0.00,0.00,Matches,0.00,,1,0,0.0,0.00,0.50,,,,,,,,,,,,,,,,,,,Liga Profesional de Fútbol Argentina,2026
38fb9199,Lucas Passerini,Lucas Passerini,ar ARG,FW,Belgrano,31-272,1994,9,3,360,4.0,0,3,3,0,0,1,0,0,0.00,0.75,0.75,0.00,0.75,Matches,0.00,0.00,11,4,36.4,1.00,2.75,,,,,,,,,,,,,,,,,,,Liga Profesional de Fútbol Argentina,2026
55d7093b,Cristian Paz,Cristian Paz,ar ARG,DF,Deportivo Riestra,30-355,1995,13,13,"1,152",12.8,0,0,0,0,0,0,3,0,0.00,0.00,0.00,0.00,0.00,Matches,,,0,0,,0.00,0.00,,,,,,,,,,,,,,,,,,,Liga Profesional de Fútbol Argentina,2026
42b1a58a,Nehuén Paz,Nehuén Paz,ar ARG,DF,Huracán,32-351,1993,4,4,293,3.3,0,0,0,0,0,0,1,0,0.00,0.00,0.00,0.00,0.00,Matches,0.00,0.00,6,2,33.3,0.61,1.84,,,,,,,,,,,,,,,,,,,Liga Profesional de Fútbol Argentina,2026
0af517c2,Nicolás Paz,Nicolás Paz,ar ARG,DF,Unión,23-180,2002,1,1,65,0.7,0,0,0,0,0,0,0,0,0.00,0.00,0.00,0.00,0.00,Matches,,,0,0,,0.00,0.00,,,,,,,,,,,,,,,,,,,Liga Profesional de Fútbol Argentina,2026
b59f0060,Matías Pellegrini,Matías Pellegrini,ar ARG,"MF,FW",Vélez Sarsfield,25-338,2000,8,6,430,4.8,3,1,4,3,0,0,2,0,0.63,0.21,0.84,0.63,0.84,Matches,0.27,0.60,11,5,45.5,1.05,2.30,,,,,,,,,,,,,,,,,,,Liga Profesional de Fútbol Argentina,2026
18950a80,Marco Pellegrino,Marco Pellegrino,ar ARG,DF,Boca Juniors,23-270,2002,2,2,180,2.0,0,0,0,0,0,0,0,0,0.00,0.00,0.00,0.00,0.00,Matches,0.00,,1,0,0.0,0.00,0.50,,,,,,,,,,,,,,,,,,,Liga Profesional de Fútbol Argentina,2026
d9f256c1,Ignacio Peluffo,Ignacio Peluffo,,FW,Tigre,,,1,0,15,0.2,0,0,0,0,0,0,0,0,0.00,0.00,0.00,0.00,0.00,Matches,,,0,0,,0.00,0.00,,,,,,,,,,,,,,,,,,,Liga Profesional de Fútbol Argentina,2026
1e72d119,Felipe Peña,Felipe Peña,ar ARG,MF,Lanús,25-009,2001,11,4,402,4.5,0,0,0,0,0,0,0,0,0.00,0.00,0.00,0.00,0.00,Matches,0.00,0.00,4,1,25.0,0.22,0.90,,,,,,,,,,,,,,,,,,,Liga Profesional de Fútbol Argentina,2026
31db1f95,Taiel Peralta,Taiel Peralta,ar ARG,MF,Huracán,17-205,2008,6,6,375,4.2,2,0,2,2,0,0,1,1,0.48,0.00,0.48,0.48,0.48,Matches,0.33,1.00,6,2,33.3,0.48,1.44,,,,,,,,,,,,,,,,,,,Liga Profesional de Fútbol Argentina,2026
d27d8a0b,Elías Pereyra,Elías Pereyra,ar ARG,"MF,DF",Defensa y Justicia,27-058,1999,9,6,504,5.6,2,0,2,2,0,0,0,0,0.36,0.00,0.36,0.36,0.36,Matches,0.40,1.00,5,2,40.0,0.36,0.89,,,,,,,,,,,,,,,,,,,Liga Profesional de Fútbol Argentina,2026
71862cd6,Fabio Pereyra,Fabio Pereyra,ar ARG,DF,Huracán,36-073,1990,13,13,"1,170",13.0,0,0,0,0,0,0,1,0,0.00,0.00,0.00,0.00,0.00,Matches,0.00,0.00,5,1,20.0,0.08,0.38,,,,,,,,,,,,,,,,,,,Liga Profesional de Fútbol Argentina,2026
c03bfffd,Joaquín Pereyra,Joaquín Pereyra,ar ARG,DF,Estudiantes–LP,20-302,2005,1,1,61,0.7,0,0,0,0,0,0,1,0,0.00,0.00,0.00,0.00,0.00,Matches,0.00,,1,0,0.0,0.00,1.48,,,,,,,,,,,,,,,,,,,Liga Profesional de Fútbol Argentina,2026
12b4b194,Lautaro Pereyra,Lautaro Pereyra,ar ARG,MF,River Plate,18-017,2008,1,0,7,0.1,0,0,0,0,0,0,0,0,0.00,0.00,0.00,0.00,0.00,Matches,,,0,0,,0.00,0.00,,,,,,,,,,,,,,,,,,,Liga Profesional de Fútbol Argentina,2026
6d27cfc2,Enzo Pérez,Enzo Pérez,ar ARG,MF,Arg Juniors,40-051,1986,4,1,110,1.2,0,0,0,0,0,0,0,0,0.00,0.00,0.00,0.00,0.00,Matches,,,0,0,,0.00,0.00,,,,,,,,,,,,,,,,,,,Liga Profesional de Fútbol Argentina,2026
449f86ae,Ezequiel Pérez,Ezequiel Pérez,ar ARG,MF,Racing Club,17-326,2008,1,0,7,0.1,0,0,0,0,0,0,0,0,0.00,0.00,0.00,0.00,0.00,Matches,,,0,0,,0.00,0.00,,,,,,,,,,,,,,,,,,,Liga Profesional de Fútbol Argentina,2026
ebdd4e9f,Fabricio Pérez,Fabricio Pérez,ar ARG,MF,Estudiantes–LP,20-128,2005,12,10,763,8.5,3,0,3,3,0,0,2,0,0.35,0.00,0.35,0.35,0.35,Matches,0.20,0.43,15,7,46.7,0.83,1.77,,,,,,,,,,,,,,,,,,,Liga Profesional de Fútbol Argentina,2026
cede2aa9,Gonzalo Pérez,Gonzalo Pérez,uy URU,DF,Lanús,25-100,2001,5,1,168,1.9,0,0,0,0,0,0,1,0,0.00,0.00,0.00,0.00,0.00,Matches,,,0,0,,0.00,0.00,,,,,,,,,,,,,,,,,,,Liga Profesional de Fútbol Argentina,2026
ff94c3e2,Juan Pérez,Juan Pérez,co COL,MF,Gimnasia–LP,21-263,2004,3,0,47,0.5,0,0,0,0,0,0,0,0,0.00,0.00,0.00,0.00,0.00,Matches,0.00,0.00,2,1,50.0,1.91,3.83,,,,,,,,,,,,,,,,,,,Liga Profesional de Fútbol Argentina,2026
7e020448,Mateo Pérez,Mateo Pérez,ar ARG,MF,Independiente,20-080,2006,5,2,204,2.3,0,0,0,0,0,0,0,0,0.00,0.00,0.00,0.00,0.00,Matches,0.00,,1,0,0.0,0.00,0.44,,,,,,,,,,,,,,,,,,,Liga Profesional de Fútbol Argentina,2026
78b9a5c4,Tiziano Perrotta,Tiziano Perrotta,ar ARG,FW,Banfield,19-140,2006,9,7,506,5.6,3,1,4,3,0,0,0,0,0.53,0.18,0.71,0.53,0.71,Matches,0.20,0.60,15,5,33.3,0.89,2.67,,,,,,,,,,,,,,,,,,,Liga Profesional de Fútbol Argentina,2026
33359192,Francisco Perruzzi,Francisco Perruzzi,ar ARG,MF,San Lorenzo,24-224,2001,3,0,6,0.1,0,0,0,0,0,0,0,0,0.00,0.00,0.00,0.00,0.00,Matches,,,0,0,,0.00,0.00,,,,,,,,,,,,,,,,,,,Liga Profesional de Fútbol Argentina,2026
e1e47f6e,Ignacio Perruzzi,Ignacio Perruzzi,ar ARG,MF,San Lorenzo,21-009,2005,12,9,789,8.8,0,0,0,0,0,0,2,0,0.00,0.00,0.00,0.00,0.00,Matches,,,0,0,,0.00,0.00,,,,,,,,,,,,,,,,,,,Liga Profesional de Fútbol Argentina,2026
3836b6f6,Franco Petroli,Franco Petroli,ar ARG,GK,Lanús,27-307,1998,1,1,90,1.0,0,0,0,0,0,0,0,0,0.00,0.00,0.00,0.00,0.00,Matches,,,0,0,,0.00,0.00,0,0.0,1,1,1,1.00,0,90,0,0,0,,0,83.3,5,6,1,0,Liga Profesional de Fútbol Argentina,2026
95dc5e14,Lautaro Petruchi,Lautaro Petruchi,ar ARG,GK,Gimnasia–M,27-225,1998,2,2,180,2.0,0,0,0,0,0,0,1,0,0.00,0.00,0.00,0.00,0.00,Matches,,,0,0,,0.00,0.00,0,0.0,2,2,2,1.00,0,180,0,0,0,,0,75.0,6,8,2,0,Liga Profesional de Fútbol Argentina,2026
8c725b43,Germán Pezzella,Germán Pezzella,ar ARG,DF,River Plate,34-291,1991,1,0,45,0.5,0,0,0,0,0,0,0,0,0.00,0.00,0.00,0.00,0.00,Matches,,,0,0,,0.00,0.00,,,,,,,,,,,,,,,,,,,Liga Profesional de Fútbol Argentina,2026
c3fb942c,Juan Pignani,Juan Pignani,ar ARG,DF,Cen. Córdoba–SdE,24-286,2001,8,7,602,6.7,0,0,0,0,0,0,2,1,0.00,0.00,0.00,0.00,0.00,Matches,0.00,,2,0,0.0,0.00,0.30,,,,,,,,,,,,,,,,,,,Liga Profesional de Fútbol Argentina,2026
7799ee6f,Gonzalo Piñeiro,Gonzalo Piñeiro,ar ARG,MF,Tigre,25-193,2000,5,2,158,1.8,0,0,0,0,0,0,3,0,0.00,0.00,0.00,0.00,0.00,Matches,0.00,0.00,1,1,100.0,0.57,0.57,,,,,,,,,,,,,,,,,,,Liga Profesional de Fútbol Argentina,2026
8bd8e620,Lisandro Piñero,Lisandro Piñero,ar ARG,MF,Banfield,18-273,2007,9,4,385,4.3,0,0,0,0,0,0,1,0,0.00,0.00,0.00,0.00,0.00,Matches,0.00,,2,0,0.0,0.00,0.47,,,,,,,,,,,,,,,,,,,Liga Profesional de Fútbol Argentina,2026
27517ef6,Lucas Piovi,Lucas Piovi,ar ARG,MF,Estudiantes–LP,33-237,1992,11,11,902,10.0,0,1,1,0,0,0,2,0,0.00,0.10,0.10,0.00,0.10,Matches,0.00,0.00,8,3,37.5,0.30,0.80,,,,,,,,,,,,,,,,,,,Liga Profesional de Fútbol Argentina,2026
e6ff541d,Bruno Pittón,Bruno Pittón,ar ARG,DF,Unión,33-072,1993,9,3,277,3.1,0,0,0,0,0,0,0,0,0.00,0.00,0.00,0.00,0.00,Matches,,,0,0,,0.00,0.00,,,,,,,,,,,,,,,,,,,Liga Profesional de Fútbol Argentina,2026
363fa6bd,Mauro Pittón,Mauro Pittón,ar ARG,MF,Unión,31-249,1994,13,13,"1,153",12.8,0,0,0,0,0,0,3,0,0.00,0.00,0.00,0.00,0.00,Matches,0.00,0.00,13,2,15.4,0.16,1.01,,,,,,,,,,,,,,,,,,,Liga Profesional de Fútbol Argentina,2026
464e03ef,Damián Pizarro,Damián Pizarro,cl CHI,FW,Racing Club,21-017,2005,2,2,115,1.3,0,1,1,0,0,0,0,0,0.00,0.78,0.78,0.00,0.78,Matches,0.00,0.00,2,2,100.0,1.57,1.57,,,,,,,,,,,,,,,,,,,Liga Profesional de Fútbol Argentina,2026
dba1f4ca,Vicente Pizarro,Vicente Pizarro,cl CHI,MF,Rosario Central,23-160,2002,13,13,"1,101",12.2,0,1,1,0,0,0,2,0,0.00,0.08,0.08,0.00,0.08,Matches,0.00,0.00,5,1,20.0,0.08,0.41,,,,,,,,,,,,,,,,,,,Liga Profesional de Fútbol Argentina,2026
3ecae01c,Diego Porcel,Diego Porcel,ar ARG,"MF,FW",Arg Juniors,21-083,2005,11,5,486,5.4,0,0,0,0,0,0,0,0,0.00,0.00,0.00,0.00,0.00,Matches,0.00,0.00,12,2,16.7,0.37,2.22,,,,,,,,,,,,,,,,,,,Liga Profesional de Fútbol Argentina,2026
77c42172,Tomás Porra,Tomás Porra,ar ARG,MF,Barracas Central,22-095,2004,13,12,"1,001",11.1,0,3,3,0,0,0,3,0,0.00,0.27,0.27,0.00,0.27,Matches,0.00,0.00,9,1,11.1,0.09,0.81,,,,,,,,,,,,,,,,,,,Liga Profesional de Fútbol Argentina,2026
a1f80904,Ayrton Portillo,Ayrton Portillo,ar ARG,"MF,FW",Defensa y Justicia,25-239,2000,7,7,540,6.0,1,1,2,1,0,0,1,0,0.17,0.17,0.33,0.17,0.33,Matches,0.20,0.50,5,2,40.0,0.33,0.83,,,,,,,,,,,,,,,,,,,Liga Profesional de Fútbol Argentina,2026
2f9ae3a1,Juan Portillo,Juan Portillo,ar ARG,"DF,MF",River Plate,25-331,2000,1,0,16,0.2,0,0,0,0,0,0,0,0,0.00,0.00,0.00,0.00,0.00,Matches,,,0,0,,0.00,0.00,,,,,,,,,,,,,,,,,,,Liga Profesional de Fútbol Argentina,2026
3e0b3184,Sebastián Prieto,Sebastián Prieto,ar ARG,DF,Arg Juniors,33-005,1993,12,11,901,10.0,1,0,1,1,0,0,1,0,0.10,0.00,0.10,0.10,0.10,Matches,0.11,1.00,9,1,11.1,0.10,0.90,,,,,,,,,,,,,,,,,,,Liga Profesional de Fútbol Argentina,2026
d12f8940,Rafael Profini,Rafael Profini,ar ARG,MF,Unión,22-217,2003,13,13,"1,113",12.4,1,5,6,1,0,0,0,0,0.08,0.40,0.49,0.08,0.49,Matches,0.10,0.50,10,2,20.0,0.16,0.81,,,,,,,,,,,,,,,,,,,Liga Profesional de Fútbol Argentina,2026
e1dac904,Maximiliano Puig,Maximiliano Puig,ar ARG,MF,Barracas Central,25-208,2000,2,0,23,0.3,0,0,0,0,0,0,0,0,0.00,0.00,0.00,0.00,0.00,Matches,0.00,,2,0,0.0,0.00,7.83,,,,,,,,,,,,,,,,,,,Liga Profesional de Fútbol Argentina,2026
62437b4f,Ignacio Pussetto,Ignacio Pussetto,ar ARG,MF,Independiente,30-114,1995,10,5,417,4.6,1,0,1,1,0,0,1,0,0.22,0.00,0.22,0.22,0.22,Matches,0.10,0.50,10,2,20.0,0.43,2.16,,,,,,,,,,,,,,,,,,,Liga Profesional de Fútbol Argentina,2026
26176390,Carlos Quintana,Carlos Quintana,ar ARG,DF,Rosario Central,38-062,1988,2,1,117,1.3,0,0,0,0,0,0,0,0,0.00,0.00,0.00,0.00,0.00,Matches,,,0,0,,0.00,0.00,,,,,,,,,,,,,,,,,,,Liga Profesional de Fútbol Argentina,2026
540d0b37,Juan Quintero,Juan Quintero,co COL,MF,River Plate,33-086,1993,11,6,523,5.8,2,2,4,2,0,1,0,0,0.34,0.34,0.69,0.34,0.69,Matches,0.09,0.18,23,11,47.8,1.89,3.96,,,,,,,,,,,,,,,,,,,Liga Profesional de Fútbol Argentina,2026
7a6f6903,Agustin Quiroga,Agustin Quiroga,ar ARG,DF,Cen. Córdoba–SdE,24-008,2002,9,5,462,5.1,0,0,0,0,0,0,3,0,0.00,0.00,0.00,0.00,0.00,Matches,0.00,,8,0,0.0,0.00,1.56,,,,,,,,,,,,,,,,,,,Liga Profesional de Fútbol Argentina,2026
95fd4bf2,Aaron Quirós,Aaron Quirós,ar ARG,DF,Vélez Sarsfield,24-165,2001,4,2,182,2.0,0,0,0,0,0,0,0,0,0.00,0.00,0.00,0.00,0.00,Matches,,,0,0,,0.00,0.00,,,,,,,,,,,,,,,,,,,Liga Profesional de Fútbol Argentina,2026
9ca91442,Luca Rafaelli,Luca Rafaelli,,MF,Instituto,,,9,1,247,2.7,1,1,2,1,0,0,2,0,0.36,0.36,0.73,0.36,0.73,Matches,0.17,0.50,6,2,33.3,0.73,2.19,,,,,,,,,,,,,,,,,,,Liga Profesional de Fútbol Argentina,2026
326f1c7c,Luca Raffin,Luca Raffin,py PAR,DF,Rosario Central,20-091,2006,6,2,180,2.0,0,0,0,0,0,0,0,0,0.00,0.00,0.00,0.00,0.00,Matches,,,0,0,,0.00,0.00,,,,,,,,,,,,,,,,,,,Liga Profesional de Fútbol Argentina,2026
7d55f5e4,Eugenio Raggio,Eugenio Raggio,ar ARG,DF,Platense,24-226,2001,7,7,630,7.0,0,0,0,0,0,0,2,0,0.00,0.00,0.00,0.00,0.00,Matches,,,0,0,,0.00,0.00,,,,,,,,,,,,,,,,,,,Liga Profesional de Fútbol Argentina,2026
b75a1b03,Yonatthan Rak,Yonatthan Rak,uy URU,DF,Barracas Central,32-239,1993,4,2,191,2.1,0,0,0,0,0,0,0,0,0.00,0.00,0.00,0.00,0.00,Matches,0.00,,1,0,0.0,0.00,0.47,,,,,,,,,,,,,,,,,,,Liga Profesional de Fútbol Argentina,2026
9492f6e2,Eric Ramírez,Eric Ramírez,ar ARG,MF,Huracán,29-205,1996,7,1,141,1.6,0,1,1,0,0,0,1,0,0.00,0.64,0.64,0.00,0.64,Matches,0.00,0.00,7,1,14.3,0.64,4.47,,,,,,,,,,,,,,,,,,,Liga Profesional de Fútbol Argentina,2026
3eaf851f,Mateo Ramírez,Mateo Ramírez,ar ARG,MF,Deportivo Riestra,31-086,1995,1,0,16,0.2,0,0,0,0,0,0,1,0,0.00,0.00,0.00,0.00,0.00,Matches,,,0,0,,0.00,0.00,,,,,,,,,,,,,,,,,,,Liga Profesional de Fútbol Argentina,2026
6cc0a227,Pedro Ramírez,Pedro Ramírez,ar ARG,"DF,MF",Deportivo Riestra,26-010,2000,9,9,713,7.9,0,0,0,0,0,0,1,0,0.00,0.00,0.00,0.00,0.00,Matches,0.00,0.00,12,2,16.7,0.25,1.51,,,,,,,,,,,,,,,,,,,Liga Profesional de Fútbol Argentina,2026
4c0c10de,Tobías Ramírez,Tobías Ramírez,ar ARG,DF,Arg Juniors,19-154,2006,1,1,90,1.0,0,0,0,0,0,0,1,0,0.00,0.00,0.00,0.00,0.00,Matches,0.00,0.00,2,1,50.0,1.00,2.00,,,,,,,,,,,,,,,,,,,Liga Profesional de Fútbol Argentina,2026
4c0c10de,Tobías Ramírez,Tobías Ramírez,ar ARG,DF,Arg Juniors,19-154,2006,1,1,90,1.0,0,0,0,0,0,0,1,0,0.00,0.00,0.00,0.00,0.00,Matches,,,0,0,,0.00,0.00,,,,,,,,,,,,,,,,,,,Liga Profesional de Fútbol Argentina,2026
4c0c10de,Tobías Ramírez,Tobías Ramírez,ar ARG,DF,River Plate,19-154,2006,1,1,45,0.5,0,0,0,0,0,0,1,0,0.00,0.00,0.00,0.00,0.00,Matches,0.00,0.00,2,1,50.0,1.00,2.00,,,,,,,,,,,,,,,,,,,Liga Profesional de Fútbol Argentina,2026
4c0c10de,Tobías Ramírez,Tobías Ramírez,ar ARG,DF,River Plate,19-154,2006,1,1,45,0.5,0,0,0,0,0,0,1,0,0.00,0.00,0.00,0.00,0.00,Matches,,,0,0,,0.00,0.00,,,,,,,,,,,,,,,,,,,Liga Profesional de Fútbol Argentina,2026
f936dcd7,Victorio Ramis,Victorio Ramis,ar ARG,"FW,MF",Ind. Rivadavia,31-281,1994,2,0,9,0.1,0,0,0,0,0,0,0,0,0.00,0.00,0.00,0.00,0.00,Matches,0.00,0.00,1,1,100.0,10.00,10.00,,,,,,,,,,,,,,,,,,,Liga Profesional de Fútbol Argentina,2026
e3ec96c1,Luciano Ramón Herrera,Luciano Ramón Herrera,ar ARG,"MF,FW",Newell's Old Boys,29-318,1996,13,9,685,7.6,0,1,1,0,0,0,3,0,0.00,0.13,0.13,0.00,0.13,Matches,0.00,0.00,14,4,28.6,0.53,1.84,,,,,,,,,,,,,,,,,,,Liga Profesional de Fútbol Argentina,2026
6108df6f,Juan Randazzo,Juan Randazzo,ar ARG,DF,Deportivo Riestra,31-185,1994,9,7,662,7.4,0,0,0,0,0,0,1,0,0.00,0.00,0.00,0.00,0.00,Matches,0.00,,1,0,0.0,0.00,0.14,,,,,,,,,,,,,,,,,,,Liga Profesional de Fútbol Argentina,2026
98dc6e33,Juan Rattalino,Juan Rattalino,ar ARG,MF,San Lorenzo,22-081,2004,3,0,33,0.4,0,0,0,0,0,0,0,0,0.00,0.00,0.00,0.00,0.00,Matches,,,0,0,,0.00,0.00,,,,,,,,,,,,,,,,,,,Liga Profesional de Fútbol Argentina,2026
e1358992,Matías Reali,Matías Reali,ar ARG,MF,San Lorenzo,28-151,1997,6,1,206,2.3,0,0,0,0,0,0,1,0,0.00,0.00,0.00,0.00,0.00,Matches,0.00,0.00,3,1,33.3,0.44,1.31,,,,,,,,,,,,,,,,,,,Liga Profesional de Fútbol Argentina,2026
59e2f709,Matías Recalde,Matías Recalde,ar ARG,DF,Gimnasia–M,28-279,1997,9,2,341,3.8,0,0,0,0,0,0,1,0,0.00,0.00,0.00,0.00,0.00,Matches,0.00,0.00,4,2,50.0,0.53,1.06,,,,,,,,,,,,,,,,,,,Liga Profesional de Fútbol Argentina,2026
101b4b71,Luca Regiardo,Luca Regiardo,ar ARG,MF,Newell's Old Boys,19-173,2006,8,8,694,7.7,0,0,0,0,0,0,2,0,0.00,0.00,0.00,0.00,0.00,Matches,0.00,,3,0,0.0,0.00,0.39,,,,,,,,,,,,,,,,,,,Liga Profesional de Fútbol Argentina,2026
70ce8fa7,Josue Reinatti,Josue Reinatti,ar ARG,GK,Newell's Old Boys,22-316,2003,2,2,180,2.0,0,0,0,0,0,0,0,0,0.00,0.00,0.00,0.00,0.00,Matches,,,0,0,,0.00,0.00,1,50.0,2,2,1,0.50,0,180,0,0,0,,0,66.7,2,3,1,1,Liga Profesional de Fútbol Argentina,2026
dbf30726,Jhon Rentería,Jhon Rentería,co COL,"FW,MF",Sarmiento–J,20-172,2005,7,3,334,3.7,0,1,1,0,0,0,3,0,0.00,0.27,0.27,0.00,0.27,Matches,0.00,0.00,9,5,55.6,1.35,2.43,,,,,,,,,,,,,,,,,,,Liga Profesional de Fútbol Argentina,2026
bf082cf1,Kevin Retamar,Kevin Retamar,ar ARG,MF,Platense,27-067,1999,9,3,313,3.5,0,2,2,0,0,0,0,0,0.00,0.58,0.58,0.00,0.58,Matches,0.00,0.00,6,2,33.3,0.58,1.73,,,,,,,,,,,,,,,,,,,Liga Profesional de Fútbol Argentina,2026
94454e87,Camilo Rey,Camilo Rey,ar ARG,MF,Boca Juniors,20-035,2006,2,1,74,0.8,0,0,0,0,0,0,0,0,0.00,0.00,0.00,0.00,0.00,Matches,,,0,0,,0.00,0.00,,,,,,,,,,,,,,,,,,,Liga Profesional de Fútbol Argentina,2026
6436748b,Rodrigo Rey,Rodrigo Rey,ar ARG,GK,Independiente,35-037,1991,13,13,"1,170",13.0,0,0,0,0,0,0,1,0,0.00,0.00,0.00,0.00,0.00,Matches,,,0,0,,0.00,0.00,4,30.8,13,13,16,1.23,3,"1,170",2,3,1,0.0,0,67.4,28,43,6,4,Liga Profesional de Fútbol Argentina,2026
54f5ce34,Federico Ricca,Federico Ricca,uy URU,DF,Belgrano,31-134,1994,7,7,553,6.1,0,0,0,0,0,0,1,0,0.00,0.00,0.00,0.00,0.00,Matches,0.00,,3,0,0.0,0.00,0.49,,,,,,,,,,,,,,,,,,,Liga Profesional de Fútbol Argentina,2026
ba6d9ff6,Rick,Rick,br BRA,"MF,FW",Talleres–C,26-224,1999,10,6,538,6.0,1,1,2,1,0,0,1,0,0.17,0.17,0.33,0.17,0.33,Matches,0.05,0.14,20,7,35.0,1.17,3.35,,,,,,,,,,,,,,,,,,,Liga Profesional de Fútbol Argentina,2026
63288d13,César Rigamonti,César Rigamonti,ar ARG,GK,Gimnasia–M,39-007,1987,11,11,990,11.0,0,0,0,0,0,0,1,0,0.00,0.00,0.00,0.00,0.00,Matches,,,0,0,,0.00,0.00,3,27.3,11,11,14,1.27,6,990,1,2,0,50.0,1,72.9,36,48,2,3,Liga Profesional de Fútbol Argentina,2026
a1216563,Emiliano Rigoni,Emiliano Rigoni,ar ARG,MF,Belgrano,33-069,1993,12,12,911,10.1,1,2,3,1,0,0,0,1,0.10,0.20,0.30,0.10,0.30,Matches,0.07,0.20,14,5,35.7,0.49,1.38,,,,,,,,,,,,,,,,,,,Liga Profesional de Fútbol Argentina,2026
5b3a9431,Martín Río,Martín Río,ar ARG,MF,Talleres–C,25-031,2001,9,1,159,1.8,1,0,1,1,0,0,1,0,0.57,0.00,0.57,0.57,0.57,Matches,0.33,1.00,3,1,33.3,0.57,1.70,,,,,,,,,,,,,,,,,,,Liga Profesional de Fútbol Argentina,2026
777cdbf8,Gonzalo Ríos,Gonzalo Ríos,ar ARG,MF,Ind. Rivadavia,27-077,1999,12,8,629,7.0,1,2,3,1,0,0,1,0,0.14,0.29,0.43,0.14,0.43,Matches,0.13,0.25,8,4,50.0,0.57,1.14,,,,,,,,,,,,,,,,,,,Liga Profesional de Fútbol Argentina,2026
4b3cb59b,Lautaro Ríos,Lautaro Ríos,ar ARG,MF,Banfield,25-187,2000,4,2,275,3.1,0,0,0,0,0,0,1,0,0.00,0.00,0.00,0.00,0.00,Matches,0.00,0.00,4,2,50.0,0.65,1.31,,,,,,,,,,,,,,,,,,,Liga Profesional de Fútbol Argentina,2026
f6561288,Román Riquelme,Román Riquelme,ar ARG,DF,Arg Juniors,23-331,2002,8,8,720,8.0,1,0,1,1,0,0,3,0,0.12,0.00,0.12,0.12,0.12,Matches,0.13,0.50,8,2,25.0,0.25,1.00,,,,,,,,,,,,,,,,,,,Liga Profesional de Fútbol Argentina,2026
663d938f,Gabriel Risso Patrón,Gabriel Risso Patrón,ar ARG,DF,Newell's Old Boys,30-160,1995,4,3,285,3.2,0,0,0,0,0,0,0,0,0.00,0.00,0.00,0.00,0.00,Matches,,,0,0,,0.00,0.00,,,,,,,,,,,,,,,,,,,Liga Profesional de Fútbol Argentina,2026
c1e3b5e9,Lautaro Rivero,Lautaro Rivero,ar ARG,DF,River Plate,22-164,2003,11,11,969,10.8,1,0,1,1,0,0,5,0,0.09,0.00,0.09,0.09,0.09,Matches,0.17,0.50,6,2,33.3,0.19,0.56,,,,,,,,,,,,,,,,,,,Liga Profesional de Fútbol Argentina,2026
a8981944,Lucas Robertone,Lucas Robertone,ar ARG,MF,Vélez Sarsfield,29-027,1997,11,6,525,5.8,1,0,1,1,0,0,4,0,0.17,0.00,0.17,0.17,0.17,Matches,0.08,0.33,12,3,25.0,0.51,2.06,,,,,,,,,,,,,,,,,,,Liga Profesional de Fútbol Argentina,2026
3ae8029b,Baltasar Rodríguez,Baltasar Rodríguez,ar ARG,MF,Racing Club,22-279,2003,9,5,425,4.7,0,1,1,0,0,0,3,0,0.00,0.21,0.21,0.00,0.21,Matches,0.00,0.00,12,3,25.0,0.64,2.54,,,,,,,,,,,,,,,,,,,Liga Profesional de Fútbol Argentina,2026
de7ce7b1,Gregorio Rodríguez,Gregorio Rodríguez,ar ARG,"MF,FW",San Lorenzo,26-087,2000,11,6,506,5.6,2,0,2,2,0,0,0,0,0.36,0.00,0.36,0.36,0.36,Matches,0.50,1.00,4,2,50.0,0.36,0.71,,,,,,,,,,,,,,,,,,,Liga Profesional de Fútbol Argentina,2026
6d550725,Ignacio Rodríguez,Ignacio Rodríguez,ar ARG,MF,Racing Club,24-051,2002,1,0,7,0.1,0,0,0,0,0,0,0,0,0.00,0.00,0.00,0.00,0.00,Matches,,,0,0,,0.00,0.00,,,,,,,,,,,,,,,,,,,Liga Profesional de Fútbol Argentina,2026
ffaebee2,Lucas Rodríguez,Lucas Rodríguez,ar ARG,"DF,MF",Aldosivi,32-199,1993,8,5,492,5.5,0,0,0,0,0,0,0,0,0.00,0.00,0.00,0.00,0.00,Matches,0.00,,2,0,0.0,0.00,0.37,,,,,,,,,,,,,,,,,,,Liga Profesional de Fútbol Argentina,2026
60b81c1b,Maizon Rodríguez,Maizon Rodríguez,uy URU,DF,Unión,22-327,2003,13,13,"1,101",12.2,1,0,1,1,0,0,2,0,0.08,0.00,0.08,0.08,0.08,Matches,0.13,0.50,8,2,25.0,0.16,0.65,,,,,,,,,,,,,,,,,,,Liga Profesional de Fútbol Argentina,2026
1ebb7c72,Santiago Rodriguez,Santiago Rodriguez,ar ARG,FW,Gimnasia–M,28-234,1997,11,7,590,6.6,1,1,2,1,0,0,1,0,0.15,0.15,0.31,0.15,0.31,Matches,0.08,0.33,13,3,23.1,0.46,1.98,,,,,,,,,,,,,,,,,,,Liga Profesional de Fútbol Argentina,2026
9855b2d2,Teo Rodríguez,Teo Rodríguez,ar ARG,"DF,MF",San Lorenzo,20-184,2005,9,5,578,6.4,0,0,0,0,0,0,1,0,0.00,0.00,0.00,0.00,0.00,Matches,0.00,,5,0,0.0,0.00,0.78,,,,,,,,,,,,,,,,,,,Liga Profesional de Fútbol Argentina,2026
c969e4b4,Thomas Rodríguez,Thomas Rodríguez,cl CHI,MF,Banfield,30-009,1996,2,0,18,0.2,0,0,0,0,0,0,0,0,0.00,0.00,0.00,0.00,0.00,Matches,,,0,0,,0.00,0.00,,,,,,,,,,,,,,,,,,,Liga Profesional de Fútbol Argentina,2026
b50e5848,Manuel Roffo,Manuel Roffo,ar ARG,GK,Instituto,26-010,2000,13,13,"1,170",13.0,0,0,0,0,0,0,1,0,0.00,0.00,0.00,0.00,0.00,Matches,,,0,0,,0.00,0.00,3,23.1,13,13,15,1.15,6,"1,170",0,0,0,,0,68.1,32,47,2,5,Liga Profesional de Fútbol Argentina,2026
79ad7358,Gabriel Rojas,Gabriel Rojas,ar ARG,DF,Racing Club,28-296,1997,11,11,990,11.0,1,3,4,1,0,0,2,0,0.09,0.27,0.36,0.09,0.36,Matches,0.14,0.33,7,3,42.9,0.27,0.64,,,,,,,,,,,,,,,,,,,Liga Profesional de Fútbol Argentina,2026
e0991c04,Marcos Rojo,Marcos Rojo,ar ARG,DF,Racing Club,36-025,1990,7,6,459,5.1,0,0,0,0,0,0,2,1,0.00,0.00,0.00,0.00,0.00,Matches,0.00,,3,0,0.0,0.00,0.59,,,,,,,,,,,,,,,,,,,Liga Profesional de Fútbol Argentina,2026
10e25802,Esteban Rolón,Esteban Rolón,ar ARG,MF,Aldosivi,31-020,1995,11,8,597,6.6,0,0,0,0,0,0,5,0,0.00,0.00,0.00,0.00,0.00,Matches,0.00,0.00,6,1,16.7,0.15,0.90,,,,,,,,,,,,,,,,,,,Liga Profesional de Fútbol Argentina,2026
398f2a56,Fernando Román,Fernando Román,py PAR,DF,Aldosivi,27-145,1998,12,11,979,10.9,0,0,0,0,0,0,3,0,0.00,0.00,0.00,0.00,0.00,Matches,0.00,,2,0,0.0,0.00,0.18,,,,,,,,,,,,,,,,,,,Liga Profesional de Fútbol Argentina,2026
4e32c2d6,Jhohan Romaña,Jhohan Romaña,co COL,DF,San Lorenzo,27-213,1998,11,11,945,10.5,0,0,0,0,0,0,3,0,0.00,0.00,0.00,0.00,0.00,Matches,0.00,,2,0,0.0,0.00,0.19,,,,,,,,,,,,,,,,,,,Liga Profesional de Fútbol Argentina,2026
36edfb9b,Ángel Romero,Ángel Romero,py PAR,FW,Boca Juniors,33-284,1992,6,2,228,2.5,0,0,0,0,0,0,0,0,0.00,0.00,0.00,0.00,0.00,Matches,0.00,0.00,3,2,66.7,0.79,1.18,,,,,,,,,,,,,,,,,,,Liga Profesional de Fútbol Argentina,2026
c5cc3130,Braian Romero,Braian Romero,ar ARG,FW,Vélez Sarsfield,34-303,1991,8,2,255,2.8,1,0,1,0,1,1,3,0,0.35,0.00,0.35,0.00,0.00,Matches,0.00,0.00,7,3,42.9,1.06,2.47,,,,,,,,,,,,,,,,,,,Liga Profesional de Fútbol Argentina,2026
930772fc,Francisco Romero,Francisco Romero,ar ARG,MF,Estudiantes–RC,27-037,1999,8,8,672,7.5,0,0,0,0,0,0,1,0,0.00,0.00,0.00,0.00,0.00,Matches,0.00,,3,0,0.0,0.00,0.40,,,,,,,,,,,,,,,,,,,Liga Profesional de Fútbol Argentina,2026
e76ff509,José Romero,José Romero,ar ARG,FW,Tigre,23-020,2003,11,10,761,8.5,6,2,8,6,0,0,1,0,0.71,0.24,0.95,0.71,0.95,Matches,0.19,0.46,31,13,41.9,1.54,3.67,,,,,,,,,,,,,,,,,,,Liga Profesional de Fútbol Argentina,2026
2c211e2d,Juan Romero,Juan Romero,py PAR,"FW,MF",Instituto,24-344,2001,1,0,14,0.2,0,0,0,0,0,0,0,0,0.00,0.00,0.00,0.00,0.00,Matches,,,0,0,,0.00,0.00,,,,,,,,,,,,,,,,,,,Liga Profesional de Fútbol Argentina,2026
4216c0a6,Luciano Romero,Luciano Romero,ar ARG,DF,Lanús,20-101,2006,1,1,79,0.9,0,0,0,0,0,0,0,0,0.00,0.00,0.00,0.00,0.00,Matches,,,0,0,,0.00,0.00,,,,,,,,,,,,,,,,,,,Liga Profesional de Fútbol Argentina,2026
4bc5f2b4,Óscar Romero,Óscar Romero,py PAR,MF,Huracán,33-284,1992,7,6,449,5.0,0,0,0,0,0,0,0,0,0.00,0.00,0.00,0.00,0.00,Matches,0.00,0.00,11,4,36.4,0.80,2.20,,,,,,,,,,,,,,,,,,,Liga Profesional de Fútbol Argentina,2026
23f646f1,Siro Rosane,Siro Rosane,ar ARG,MF,Estudiantes–RC,25-311,2000,13,7,672,7.5,0,1,1,0,0,0,1,0,0.00,0.13,0.13,0.00,0.13,Matches,0.00,0.00,11,2,18.2,0.27,1.47,,,,,,,,,,,,,,,,,,,Liga Profesional de Fútbol Argentina,2026
5eb5fd5d,Nazareno Roselli,Nazareno Roselli,ar ARG,MF,Defensa y Justicia,19-248,2006,3,0,13,0.1,0,0,0,0,0,0,0,0,0.00,0.00,0.00,0.00,0.00,Matches,,,0,0,,0.00,0.00,,,,,,,,,,,,,,,,,,,Liga Profesional de Fútbol Argentina,2026
a61bbe15,Agustín Ruberto,Agustín Ruberto,ar ARG,FW,River Plate,20-090,2006,3,1,124,1.4,0,0,0,0,0,0,1,0,0.00,0.00,0.00,0.00,0.00,Matches,0.00,0.00,2,1,50.0,0.73,1.45,,,,,,,,,,,,,,,,,,,Liga Profesional de Fútbol Argentina,2026
3be76aa4,Tobías Rubio,Tobías Rubio,ar ARG,DF,Racing Club,21-261,2004,1,0,12,0.1,0,0,0,0,0,0,1,0,0.00,0.00,0.00,0.00,0.00,Matches,,,0,0,,0.00,0.00,,,,,,,,,,,,,,,,,,,Liga Profesional de Fútbol Argentina,2026
61141c17,Matías Ruíz Díaz,Matías Ruíz Díaz,ar ARG,DF,Estudiantes–RC,29-217,1996,3,3,270,3.0,0,0,0,0,0,0,0,0,0.00,0.00,0.00,0.00,0.00,Matches,,,0,0,,0.00,0.00,,,,,,,,,,,,,,,,,,,Liga Profesional de Fútbol Argentina,2026
976c8f8f,Ramiro Ruiz,Ramiro Ruiz,ar ARG,FW,Atlé Tucumán,26-024,2000,3,1,82,0.9,0,0,0,0,0,0,0,0,0.00,0.00,0.00,0.00,0.00,Matches,,,0,0,,0.00,0.00,,,,,,,,,,,,,,,,,,,Liga Profesional de Fútbol Argentina,2026
2ca3d7f2,Ignacio Russo,Ignacio Russo,ar ARG,FW,Tigre,25-122,2000,13,12,"1,085",12.1,4,2,6,4,0,0,1,0,0.33,0.17,0.50,0.33,0.50,Matches,0.14,0.29,29,14,48.3,1.16,2.41,,,,,,,,,,,,,,,,,,,Liga Profesional de Fútbol Argentina,2026
5d6a92d3,Jerónimo Russo,Jerónimo Russo,ar ARG,DF,Newell's Old Boys,20-319,2005,10,4,467,5.2,0,2,2,0,0,0,1,0,0.00,0.39,0.39,0.00,0.39,Matches,0.00,0.00,4,1,25.0,0.19,0.77,,,,,,,,,,,,,,,,,,,Liga Profesional de Fútbol Argentina,2026
23db03e5,Franco Saavedra,Franco Saavedra,ar ARG,DF,Gimnasia–M,22-224,2003,11,11,874,9.7,0,1,1,0,0,0,2,1,0.00,0.10,0.10,0.00,0.10,Matches,0.00,0.00,7,1,14.3,0.10,0.72,,,,,,,,,,,,,,,,,,,Liga Profesional de Fútbol Argentina,2026
3dee8b4e,Juan Saborido,Juan Saborido,ar ARG,DF,Platense,27-354,1998,12,12,"1,072",11.9,0,0,0,0,0,0,1,0,0.00,0.00,0.00,0.00,0.00,Matches,0.00,0.00,11,2,18.2,0.17,0.92,,,,,,,,,,,,,,,,,,,Liga Profesional de Fútbol Argentina,2026
c3c12758,Maximiliano Salas,Maximiliano Salas,ar ARG,FW,River Plate,28-134,1997,9,1,208,2.3,1,0,1,1,0,0,1,0,0.43,0.00,0.43,0.43,0.43,Matches,0.11,0.20,9,5,55.6,2.16,3.89,,,,,,,,,,,,,,,,,,,Liga Profesional de Fútbol Argentina,2026
6d8fe94c,Saúl Salcedo,Saúl Salcedo,py PAR,DF,Newell's Old Boys,28-228,1997,11,11,990,11.0,0,0,0,0,0,0,3,0,0.00,0.00,0.00,0.00,0.00,Matches,0.00,0.00,8,3,37.5,0.27,0.73,,,,,,,,,,,,,,,,,,,Liga Profesional de Fútbol Argentina,2026
12357769,Santiago Salle,Santiago Salle,ar ARG,MF,Sarmiento–J,21-314,2004,11,6,531,5.9,0,0,0,0,0,0,5,0,0.00,0.00,0.00,0.00,0.00,Matches,0.00,0.00,6,4,66.7,0.68,1.02,,,,,,,,,,,,,,,,,,,Liga Profesional de Fútbol Argentina,2026
92c77992,Oscar Salomón,Oscar Salomón,ar ARG,DF,Newell's Old Boys,27-023,1999,7,6,505,5.6,2,0,2,2,0,0,2,0,0.36,0.00,0.36,0.36,0.36,Matches,0.25,0.40,8,5,62.5,0.89,1.43,,,,,,,,,,,,,,,,,,,Liga Profesional de Fútbol Argentina,2026
5f424f35,Eduardo Salvio,Eduardo Salvio,ar ARG,MF,Lanús,35-275,1990,12,11,871,9.7,1,3,4,1,0,0,0,0,0.10,0.31,0.41,0.10,0.41,Matches,0.06,0.14,16,7,43.8,0.72,1.65,,,,,,,,,,,,,,,,,,,Liga Profesional de Fútbol Argentina,2026
348ea312,Facundo Sánchez,Facundo Sánchez,ar ARG,MF,Lanús,20-250,2005,2,2,135,1.5,0,0,0,0,0,0,0,0,0.00,0.00,0.00,0.00,0.00,Matches,0.00,0.00,1,1,100.0,0.67,0.67,,,,,,,,,,,,,,,,,,,Liga Profesional de Fútbol Argentina,2026
f11ac2e0,Ulises Sánchez,Ulises Sánchez,ar ARG,MF,Gimnasia–M,27-292,1998,11,10,738,8.2,0,0,0,0,0,0,2,0,0.00,0.00,0.00,0.00,0.00,Matches,0.00,0.00,15,4,26.7,0.49,1.83,,,,,,,,,,,,,,,,,,,Liga Profesional de Fútbol Argentina,2026
8ccb067e,Agustín Sández,Agustín Sández,py PAR,"DF,MF",Rosario Central,25-088,2001,11,10,774,8.6,0,1,1,0,0,0,5,0,0.00,0.12,0.12,0.00,0.12,Matches,0.00,0.00,6,1,16.7,0.12,0.70,,,,,,,,,,,,,,,,,,,Liga Profesional de Fútbol Argentina,2026
2047a087,Facundo Sanguinetti,Facundo Sanguinetti,ar ARG,GK,Banfield,25-044,2001,12,12,"1,080",12.0,0,0,0,0,0,0,0,0,0.00,0.00,0.00,0.00,0.00,Matches,,,0,0,,0.00,0.00,3,25.0,12,12,16,1.33,7,"1,080",2,2,0,0.0,0,77.8,49,63,1,4,Liga Profesional de Fútbol Argentina,2026
e7815a02,Nicolás Sansotre,Nicolás Sansotre,ar ARG,"DF,MF",Deportivo Riestra,32-218,1993,13,13,"1,145",12.7,0,0,0,0,0,0,1,0,0.00,0.00,0.00,0.00,0.00,Matches,0.00,0.00,5,1,20.0,0.08,0.39,,,,,,,,,,,,,,,,,,,Liga Profesional de Fútbol Argentina,2026
c57cc4aa,Thiago Santamaría,Thiago Santamaría,ar ARG,"DF,MF",Sarmiento–J,23-010,2003,8,7,500,5.6,0,1,1,0,0,0,2,0,0.00,0.18,0.18,0.00,0.18,Matches,0.00,,4,0,0.0,0.00,0.72,,,,,,,,,,,,,,,,,,,Liga Profesional de Fútbol Argentina,2026
3cb6f224,Michael Santos,Michael Santos,uy URU,FW,Vélez Sarsfield,33-032,1993,1,0,5,0.1,0,0,0,0,0,0,0,0,0.00,0.00,0.00,0.00,0.00,Matches,0.00,0.00,1,1,100.0,18.00,18.00,,,,,,,,,,,,,,,,,,,Liga Profesional de Fútbol Argentina,2026
3cb6f224,Michael Santos,Michael Santos,uy URU,FW,Vélez Sarsfield,33-032,1993,1,0,5,0.1,0,0,0,0,0,0,0,0,0.00,0.00,0.00,0.00,0.00,Matches,0.17,0.50,12,4,33.3,0.43,1.30,,,,,,,,,,,,,,,,,,,Liga Profesional de Fútbol Argentina,2026
3cb6f224,Michael Santos,Michael Santos,uy URU,FW,Cen. Córdoba–SdE,33-032,1993,10,9,829,9.2,3,1,4,2,1,1,1,0,0.33,0.11,0.43,0.22,0.33,Matches,0.00,0.00,1,1,100.0,18.00,18.00,,,,,,,,,,,,,,,,,,,Liga Profesional de Fútbol Argentina,2026
3cb6f224,Michael Santos,Michael Santos,uy URU,FW,Cen. Córdoba–SdE,33-032,1993,10,9,829,9.2,3,1,4,2,1,1,1,0,0.33,0.11,0.43,0.22,0.33,Matches,0.17,0.50,12,4,33.3,0.43,1.30,,,,,,,,,,,,,,,,,,,Liga Profesional de Fútbol Argentina,2026
a694431e,Jabes Saralegui,Jabes Saralegui,ar ARG,MF,Tigre,23-002,2003,6,5,353,3.9,0,1,1,0,0,0,0,0,0.00,0.25,0.25,0.00,0.25,Matches,0.00,0.00,5,3,60.0,0.76,1.27,,,,,,,,,,,,,,,,,,,Liga Profesional de Fútbol Argentina,2026
2755e745,Fabrizio Sartori,Fabrizio Sartori,ar ARG,FW,Ind. Rivadavia,23-273,2002,13,12,954,10.6,5,0,5,5,0,0,2,0,0.47,0.00,0.47,0.47,0.47,Matches,0.29,0.56,17,9,52.9,0.85,1.60,,,,,,,,,,,,,,,,,,,Liga Profesional de Fútbol Argentina,2026
bb2ffda5,Rodrigo Sayavedra,Rodrigo Sayavedra,ar ARG,FW,Deportivo Riestra,30-267,1995,3,0,48,0.5,0,0,0,0,0,0,1,0,0.00,0.00,0.00,0.00,0.00,Matches,,,0,0,,0.00,0.00,,,,,,,,,,,,,,,,,,,Liga Profesional de Fútbol Argentina,2026
84828111,Francisco Scarpeccio,Francisco Scarpeccio,ar ARG,FW,Newell's Old Boys,20-082,2006,4,0,106,1.2,1,0,1,1,0,0,0,0,0.85,0.00,0.85,0.85,0.85,Matches,0.50,0.50,2,2,100.0,1.70,1.70,,,,,,,,,,,,,,,,,,,Liga Profesional de Fútbol Argentina,2026
afa3a0a1,Nicolas Schelotto,Nicolas Schelotto,ar ARG,MF,Gimnasia–LP,19-204,2006,12,12,903,10.0,3,2,5,3,0,0,4,0,0.30,0.20,0.50,0.30,0.50,Matches,0.33,0.60,9,5,55.6,0.50,0.90,,,,,,,,,,,,,,,,,,,Liga Profesional de Fútbol Argentina,2026
c52aaba0,Augusto Schott,Augusto Schott,ar ARG,DF,Talleres–C,26-087,2000,12,12,"1,067",11.9,2,0,2,2,0,0,4,0,0.17,0.00,0.17,0.17,0.17,Matches,0.14,0.50,14,4,28.6,0.34,1.18,,,,,,,,,,,,,,,,,,,Liga Profesional de Fútbol Argentina,2026
a76f6e93,Alexis Segovia,Alexis Segovia,ar ARG,MF,Atlé Tucumán,21-303,2004,5,0,62,0.7,0,0,0,0,0,0,0,0,0.00,0.00,0.00,0.00,0.00,Matches,,,0,0,,0.00,0.00,,,,,,,,,,,,,,,,,,,Liga Profesional de Fútbol Argentina,2026
40e48af1,Santiago Segovia,Santiago Segovia,ar ARG,MF,Rosario Central,19-019,2007,1,0,13,0.1,0,0,0,0,0,0,0,0,0.00,0.00,0.00,0.00,0.00,Matches,0.00,,1,0,0.0,0.00,6.92,,,,,,,,,,,,,,,,,,,Liga Profesional de Fútbol Argentina,2026
29ee723f,Bruno Sepúlveda,Bruno Sepúlveda,ar ARG,FW,Banfield,33-209,1992,7,2,217,2.4,0,1,1,0,0,0,1,0,0.00,0.41,0.41,0.00,0.41,Matches,0.00,,3,0,0.0,0.00,1.24,,,,,,,,,,,,,,,,,,,Liga Profesional de Fútbol Argentina,2026
b5206b67,Matías Sepúlveda,Matías Sepúlveda,cl CHI,MF,Lanús,27-033,1999,8,2,236,2.6,0,0,0,0,0,0,2,0,0.00,0.00,0.00,0.00,0.00,Matches,0.00,,6,0,0.0,0.00,2.29,,,,,,,,,,,,,,,,,,,Liga Profesional de Fútbol Argentina,2026
f775c775,Leonardo Sequeira,Leonardo Sequeira,ar ARG,"FW,MF",Huracán,30-353,1995,9,0,108,1.2,0,0,0,0,0,0,0,0,0.00,0.00,0.00,0.00,0.00,Matches,,,0,0,,0.00,0.00,,,,,,,,,,,,,,,,,,,Liga Profesional de Fútbol Argentina,2026
fe8334f8,Luis Sequeira,Luis Sequeira,ar ARG,MF,Ind. Rivadavia,23-096,2003,2,0,53,0.6,0,0,0,0,0,0,0,0,0.00,0.00,0.00,0.00,0.00,Matches,0.00,0.00,1,1,100.0,1.70,1.70,,,,,,,,,,,,,,,,,,,Liga Profesional de Fútbol Argentina,2026
504cd579,Tiago Serrago,Tiago Serrago,ar ARG,MF,Tigre,22-068,2004,10,6,497,5.5,1,0,1,1,0,0,0,0,0.18,0.00,0.18,0.18,0.18,Matches,0.10,0.25,10,4,40.0,0.72,1.81,,,,,,,,,,,,,,,,,,,Liga Profesional de Fútbol Argentina,2026
3d8a448f,Agustín Seyral,Agustín Seyral,ar ARG,DF,Sarmiento–J,21-073,2005,7,4,415,4.6,0,0,0,0,0,0,2,0,0.00,0.00,0.00,0.00,0.00,Matches,0.00,,1,0,0.0,0.00,0.22,,,,,,,,,,,,,,,,,,,Liga Profesional de Fútbol Argentina,2026
ff112582,Juan Sforza,Juan Sforza,ar ARG,MF,Talleres–C,24-059,2002,12,10,926,10.3,0,0,0,0,0,0,4,0,0.00,0.00,0.00,0.00,0.00,Matches,0.00,,4,0,0.0,0.00,0.39,,,,,,,,,,,,,,,,,,,Liga Profesional de Fútbol Argentina,2026
3f83ab59,Tomás Silva,Tomás Silva,ar ARG,DF,Platense,23-037,2003,11,11,990,11.0,0,0,0,0,0,0,2,0,0.00,0.00,0.00,0.00,0.00,Matches,0.00,,6,0,0.0,0.00,0.55,,,,,,,,,,,,,,,,,,,Liga Profesional de Fútbol Argentina,2026
638b2975,Pedro Silva Torrejón,Pedro Silva Torrejón,ar ARG,DF,Gimnasia–LP,29-079,1997,12,12,"1,014",11.3,0,1,1,0,0,0,0,0,0.00,0.09,0.09,0.00,0.09,Matches,0.00,0.00,5,1,20.0,0.09,0.44,,,,,,,,,,,,,,,,,,,Liga Profesional de Fútbol Argentina,2026
f5ac3688,Thiago Silvero,Thiago Silvero,ar ARG,DF,Vélez Sarsfield,19-361,2006,4,2,196,2.2,0,0,0,0,0,0,1,0,0.00,0.00,0.00,0.00,0.00,Matches,0.00,,3,0,0.0,0.00,1.38,,,,,,,,,,,,,,,,,,,Liga Profesional de Fútbol Argentina,2026
281c8dd7,Valentino Simoni,Valentino Simoni,ar ARG,FW,Gimnasia–M,21-349,2004,12,7,521,5.8,1,0,1,1,0,0,1,0,0.17,0.00,0.17,0.17,0.17,Matches,0.14,0.17,7,6,85.7,1.04,1.21,,,,,,,,,,,,,,,,,,,Liga Profesional de Fútbol Argentina,2026
e87e9c52,Mauro Smarra Vargas,Mauro Smarra Vargas,ar ARG,FW,Deportivo Riestra,26-349,1999,2,0,58,0.6,0,0,0,0,0,0,0,0,0.00,0.00,0.00,0.00,0.00,Matches,0.00,,2,0,0.0,0.00,3.10,,,,,,,,,,,,,,,,,,,Liga Profesional de Fútbol Argentina,2026
3ca6106c,Augusto Solari,Augusto Solari,ar ARG,MF,Unión,34-101,1992,7,1,163,1.8,0,0,0,0,0,0,0,0,0.00,0.00,0.00,0.00,0.00,Matches,0.00,0.00,5,2,40.0,1.10,2.76,,,,,,,,,,,,,,,,,,,Liga Profesional de Fútbol Argentina,2026
5099e15e,Santiago Solari,Santiago Solari,ar ARG,"FW,MF",Racing Club,28-085,1998,13,12,"1,004",11.2,2,2,4,2,0,0,3,0,0.18,0.18,0.36,0.18,0.36,Matches,0.11,0.40,18,5,27.8,0.45,1.61,,,,,,,,,,,,,,,,,,,Liga Profesional de Fútbol Argentina,2026
18e371a1,Alan Sosa,Alan Sosa,ar ARG,"MF,FW",Aldosivi,22-344,2003,9,5,506,5.6,0,0,0,0,0,0,1,1,0.00,0.00,0.00,0.00,0.00,Matches,0.00,0.00,10,2,20.0,0.36,1.78,,,,,,,,,,,,,,,,,,,Liga Profesional de Fútbol Argentina,2026
f90d3b57,Diego Sosa,Diego Sosa,ar ARG,"MF,DF",Instituto,28-260,1997,13,13,"1,099",12.2,1,2,3,1,0,0,1,0,0.08,0.16,0.25,0.08,0.25,Matches,0.09,0.50,11,2,18.2,0.16,0.90,,,,,,,,,,,,,,,,,,,Liga Profesional de Fútbol Argentina,2026
e9c30bb7,Gonzalo Sosa,Gonzalo Sosa,ar ARG,MF,Racing Club,21-040,2005,1,0,32,0.4,0,0,0,0,0,0,0,0,0.00,0.00,0.00,0.00,0.00,Matches,,,0,0,,0.00,0.00,,,,,,,,,,,,,,,,,,,Liga Profesional de Fútbol Argentina,2026
1eecc0c6,José Sosa,José Sosa,ar ARG,MF,Estudiantes–LP,40-299,1985,4,3,160,1.8,0,1,1,0,0,0,1,0,0.00,0.56,0.56,0.00,0.56,Matches,0.00,,2,0,0.0,0.00,1.13,,,,,,,,,,,,,,,,,,,Liga Profesional de Fútbol Argentina,2026
f080dd22,Santiago Sosa,Santiago Sosa,ar ARG,MF,Racing Club,26-346,1999,13,13,"1,170",13.0,0,1,1,0,0,0,4,0,0.00,0.08,0.08,0.00,0.08,Matches,0.00,0.00,10,1,10.0,0.08,0.77,,,,,,,,,,,,,,,,,,,Liga Profesional de Fútbol Argentina,2026
9857c88f,Santiago Sosa,Santiago Sosa,ar ARG,MF,Defensa y Justicia,21-074,2005,11,11,965,10.7,0,0,0,0,0,0,1,1,0.00,0.00,0.00,0.00,0.00,Matches,0.00,,5,0,0.0,0.00,0.47,,,,,,,,,,,,,,,,,,,Liga Profesional de Fútbol Argentina,2026
fb3b6565,David Sotelo,David Sotelo,ar ARG,MF,Newell's Old Boys,22-258,2003,9,2,267,3.0,0,0,0,0,0,0,0,0,0.00,0.00,0.00,0.00,0.00,Matches,0.00,0.00,6,3,50.0,1.01,2.02,,,,,,,,,,,,,,,,,,,Liga Profesional de Fútbol Argentina,2026
c20a7043,Alexis Soto,Alexis Soto,ar ARG,DF,Rosario Central,32-176,1993,11,6,603,6.7,0,0,0,0,0,0,0,0,0.00,0.00,0.00,0.00,0.00,Matches,0.00,,1,0,0.0,0.00,0.15,,,,,,,,,,,,,,,,,,,Liga Profesional de Fútbol Argentina,2026
42cdf326,Guillermo Soto,Guillermo Soto,cl CHI,DF,Tigre,32-094,1994,3,2,192,2.1,0,0,0,0,0,0,0,0,0.00,0.00,0.00,0.00,0.00,Matches,0.00,,2,0,0.0,0.00,0.94,,,,,,,,,,,,,,,,,,,Liga Profesional de Fútbol Argentina,2026
ca39d38f,Lucas Souto,Lucas Souto,ar ARG,"DF,MF",Defensa y Justicia,27-185,1998,12,12,"1,035",11.5,1,0,1,1,0,0,0,0,0.09,0.00,0.09,0.09,0.09,Matches,0.17,1.00,6,1,16.7,0.09,0.52,,,,,,,,,,,,,,,,,,,Liga Profesional de Fútbol Argentina,2026
f5122c46,Adrián Sporle,Adrián Sporle,ar ARG,DF,Belgrano,30-275,1995,9,6,593,6.6,0,0,0,0,0,0,2,0,0.00,0.00,0.00,0.00,0.00,Matches,0.00,,2,0,0.0,0.00,0.30,,,,,,,,,,,,,,,,,,,Liga Profesional de Fútbol Argentina,2026
95f77284,Alexis Steimbach,Alexis Steimbach,ar ARG,DF,Gimnasia–LP,23-263,2002,11,11,990,11.0,0,1,1,0,0,0,5,0,0.00,0.09,0.09,0.00,0.09,Matches,0.00,,5,0,0.0,0.00,0.45,,,,,,,,,,,,,,,,,,,Liga Profesional de Fútbol Argentina,2026
d446b144,Ángel Stringa,Ángel Stringa,ar ARG,FW,Deportivo Riestra,30-008,1996,1,0,36,0.4,0,0,0,0,0,0,1,0,0.00,0.00,0.00,0.00,0.00,Matches,,,0,0,,0.00,0.00,,,,,,,,,,,,,,,,,,,Liga Profesional de Fútbol Argentina,2026
7d3feecd,Sheyko Studer,Sheyko Studer,ar ARG,DF,Ind. Rivadavia,23-153,2002,12,12,"1,080",12.0,1,0,1,1,0,0,2,0,0.08,0.00,0.08,0.08,0.08,Matches,0.14,0.33,7,3,42.9,0.25,0.58,,,,,,,,,,,,,,,,,,,Liga Profesional de Fútbol Argentina,2026
51bc9fe2,Lucas Suárez,Lucas Suárez,ar ARG,DF,Sarmiento–J,31-028,1995,8,6,462,5.1,0,0,0,0,0,0,1,0,0.00,0.00,0.00,0.00,0.00,Matches,0.00,0.00,1,1,100.0,0.19,0.19,,,,,,,,,,,,,,,,,,,Liga Profesional de Fútbol Argentina,2026
f9e8a841,Ian Subiabre,Ian Subiabre,ar ARG,MF,River Plate,19-103,2007,13,7,626,7.0,1,2,3,1,0,0,2,0,0.14,0.29,0.43,0.14,0.43,Matches,0.06,0.17,16,6,37.5,0.86,2.30,,,,,,,,,,,,,,,,,,,Liga Profesional de Fútbol Argentina,2026
3db19a37,Tomás Sultani,Tomás Sultani,ar ARG,GK,Tigre,27-296,1998,1,1,90,1.0,0,0,0,0,0,0,0,0,0.00,0.00,0.00,0.00,0.00,Matches,,,0,0,,0.00,0.00,0,0.0,1,1,2,2.00,1,90,0,0,0,,0,60.0,3,5,0,0,Liga Profesional de Fútbol Argentina,2026
9c1b0d34,Gastón Suso,Gastón Suso,ar ARG,DF,Atlé Tucumán,35-033,1991,13,13,"1,170",13.0,0,0,0,0,0,0,2,0,0.00,0.00,0.00,0.00,0.00,Matches,0.00,0.00,6,1,16.7,0.08,0.46,,,,,,,,,,,,,,,,,,,Liga Profesional de Fútbol Argentina,2026
5eff45c2,Enzo Taborda,Enzo Taborda,ar ARG,FW,Barracas Central,20-329,2005,3,0,57,0.6,0,0,0,0,0,0,0,0,0.00,0.00,0.00,0.00,0.00,Matches,0.00,,1,0,0.0,0.00,1.58,,,,,,,,,,,,,,,,,,,Liga Profesional de Fútbol Argentina,2026
c3970918,Nicolás Talpone,Nicolás Talpone,ar ARG,"MF,FW",Estudiantes–RC,30-005,1996,12,8,706,7.8,0,0,0,0,0,0,1,0,0.00,0.00,0.00,0.00,0.00,Matches,0.00,0.00,12,3,25.0,0.38,1.53,,,,,,,,,,,,,,,,,,,Liga Profesional de Fútbol Argentina,2026
1e594292,Iván Tapia,Iván Tapia,ar ARG,MF,Barracas Central,27-142,1998,13,13,997,11.1,1,1,2,1,0,0,0,0,0.09,0.09,0.18,0.09,0.18,Matches,0.07,0.20,15,5,33.3,0.45,1.35,,,,,,,,,,,,,,,,,,,Liga Profesional de Fútbol Argentina,2026
a5ac5b47,Cristian Tarragona,Cristian Tarragona,ar ARG,FW,Unión,35-005,1991,13,13,"1,109",12.3,6,0,6,5,1,1,3,0,0.49,0.00,0.49,0.41,0.41,Matches,0.17,0.31,30,16,53.3,1.30,2.43,,,,,,,,,,,,,,,,,,,Liga Profesional de Fútbol Argentina,2026
69b553f7,Diego Tarzia,Diego Tarzia,ar ARG,MF,Independiente,22-353,2003,1,0,24,0.3,0,0,0,0,0,0,0,0,0.00,0.00,0.00,0.00,0.00,Matches,,,0,0,,0.00,0.00,,,,,,,,,,,,,,,,,,,Liga Profesional de Fútbol Argentina,2026
5ceb9684,Felipe Tempone,Felipe Tempone,ar ARG,FW,Independiente,20-070,2006,1,0,1,0.0,0,0,0,0,0,0,0,0,0.00,0.00,0.00,0.00,0.00,Matches,,,0,0,,0.00,0.00,,,,,,,,,,,,,,,,,,,Liga Profesional de Fútbol Argentina,2026
1bc771b3,Renzo Tesuri,Renzo Tesuri,ar ARG,MF,Atlé Tucumán,29-311,1996,13,13,"1,032",11.5,1,1,2,1,0,0,3,0,0.09,0.09,0.17,0.09,0.17,Matches,0.07,0.20,14,5,35.7,0.44,1.22,,,,,,,,,,,,,,,,,,,Liga Profesional de Fútbol Argentina,2026
6f13789e,Mauricio Tévez,Mauricio Tévez,ar ARG,FW,Estudiantes–RC,29-257,1996,2,0,38,0.4,0,0,0,0,0,0,0,0,0.00,0.00,0.00,0.00,0.00,Matches,0.00,,2,0,0.0,0.00,4.74,,,,,,,,,,,,,,,,,,,Liga Profesional de Fútbol Argentina,2026
1607fa35,Horacio Tijanovich,Horacio Tijanovich,ar ARG,"MF,FW",Cen. Córdoba–SdE,30-045,1996,10,6,504,5.6,0,1,1,0,0,0,2,0,0.00,0.18,0.18,0.00,0.18,Matches,0.00,0.00,8,6,75.0,1.07,1.43,,,,,,,,,,,,,,,,,,,Liga Profesional de Fútbol Argentina,2026
a919be14,Matías Tissera,Matías Tissera,ar ARG,FW,Instituto,29-220,1996,4,0,95,1.1,1,0,1,1,0,0,0,0,0.95,0.00,0.95,0.95,0.95,Matches,0.17,0.33,6,3,50.0,2.84,5.68,,,,,,,,,,,,,,,,,,,Liga Profesional de Fútbol Argentina,2026
4958ceac,Fernando Tobio,Fernando Tobio,ar ARG,DF,Barracas Central,36-178,1989,11,11,981,10.9,1,0,1,1,0,0,0,0,0.09,0.00,0.09,0.09,0.09,Matches,0.33,1.00,3,1,33.3,0.09,0.28,,,,,,,,,,,,,,,,,,,Liga Profesional de Fútbol Argentina,2026
1961c843,Santiago Toloza,Santiago Toloza,ar ARG,MF,Defensa y Justicia,23-168,2002,1,0,45,0.5,0,0,0,0,0,0,0,0,0.00,0.00,0.00,0.00,0.00,Matches,,,0,0,,0.00,0.00,,,,,,,,,,,,,,,,,,,Liga Profesional de Fútbol Argentina,2026
811f1370,Franco Torres,Franco Torres,ar ARG,MF,Gimnasia–LP,26-324,1999,12,5,503,5.6,1,0,1,1,0,0,4,0,0.18,0.00,0.18,0.18,0.18,Matches,0.11,0.20,9,5,55.6,0.89,1.61,,,,,,,,,,,,,,,,,,,Liga Profesional de Fútbol Argentina,2026
287e50ae,Marcelo Torres,Marcelo Torres,ar ARG,FW,Gimnasia–LP,28-159,1997,12,12,943,10.5,4,1,5,3,1,1,0,0,0.38,0.10,0.48,0.29,0.38,Matches,0.17,0.30,18,10,55.6,0.95,1.72,,,,,,,,,,,,,,,,,,,Liga Profesional de Fútbol Argentina,2026
4c3e3d0a,Nicolás Tripichio,Nicolás Tripichio,ar ARG,MF,San Lorenzo,30-099,1996,12,12,"1,018",11.3,0,0,0,0,0,0,5,0,0.00,0.00,0.00,0.00,0.00,Matches,0.00,0.00,14,3,21.4,0.27,1.24,,,,,,,,,,,,,,,,,,,Liga Profesional de Fútbol Argentina,2026
f2b925ac,Manuel Tucker,Manuel Tucker,ar ARG,FW,Platense,21-165,2004,2,0,44,0.5,0,0,0,0,0,0,0,0,0.00,0.00,0.00,0.00,0.00,Matches,0.00,0.00,1,1,100.0,2.05,2.05,,,,,,,,,,,,,,,,,,,Liga Profesional de Fútbol Argentina,2026
131aff3a,Ramiro Tulián,Ramiro Tulián,ar ARG,MF,Belgrano,18-085,2008,2,0,15,0.2,0,0,0,0,0,0,0,0,0.00,0.00,0.00,0.00,0.00,Matches,0.00,,1,0,0.0,0.00,6.00,,,,,,,,,,,,,,,,,,,Liga Profesional de Fútbol Argentina,2026
e3cae82a,Diego Valdés,Diego Valdés,cl CHI,MF,Vélez Sarsfield,32-074,1994,9,4,356,4.0,0,3,3,0,0,0,0,0,0.00,0.76,0.76,0.00,0.76,Matches,0.00,0.00,12,2,16.7,0.51,3.03,,,,,,,,,,,,,,,,,,,Liga Profesional de Fútbol Argentina,2026
58d0c45b,Facundo Valdéz,Facundo Valdéz,ar ARG,MF,Independiente,20-004,2006,5,1,128,1.4,0,0,0,0,0,0,0,0,0.00,0.00,0.00,0.00,0.00,Matches,0.00,,1,0,0.0,0.00,0.70,,,,,,,,,,,,,,,,,,,Liga Profesional de Fútbol Argentina,2026
7e157454,Sebastián Valdez,Sebastián Valdez,ar ARG,DF,Independiente,30-159,1995,10,9,812,9.0,0,0,0,0,0,0,3,1,0.00,0.00,0.00,0.00,0.00,Matches,0.00,,2,0,0.0,0.00,0.22,,,,,,,,,,,,,,,,,,,Liga Profesional de Fútbol Argentina,2026
ff2e5807,Matías Valenti,Matías Valenti,ar ARG,DF,Estudiantes–RC,23-223,2002,9,9,720,8.0,0,0,0,0,0,0,4,0,0.00,0.00,0.00,0.00,0.00,Matches,0.00,,2,0,0.0,0.00,0.25,,,,,,,,,,,,,,,,,,,Liga Profesional de Fútbol Argentina,2026
82318d24,Milton Valenzuela,Milton Valenzuela,ar ARG,DF,Independiente,27-244,1998,4,2,209,2.3,0,0,0,0,0,0,1,0,0.00,0.00,0.00,0.00,0.00,Matches,0.00,0.00,2,1,50.0,0.43,0.86,,,,,,,,,,,,,,,,,,,Liga Profesional de Fútbol Argentina,2026
230d0975,Mauro Valiente,Mauro Valiente,ar ARG,"MF,FW",Estudiantes–RC,26-078,2000,8,4,423,4.7,0,0,0,0,0,0,1,0,0.00,0.00,0.00,0.00,0.00,Matches,0.00,0.00,6,1,16.7,0.21,1.28,,,,,,,,,,,,,,,,,,,Liga Profesional de Fútbol Argentina,2026
27653cda,Luciano Vallejo,Luciano Vallejo,ar ARG,DF,Atlé Tucumán,21-320,2004,5,4,315,3.5,0,0,0,0,0,0,3,1,0.00,0.00,0.00,0.00,0.00,Matches,0.00,0.00,1,1,100.0,0.29,0.29,,,,,,,,,,,,,,,,,,,Liga Profesional de Fútbol Argentina,2026
8a28ed4b,Javier Vallejos,Javier Vallejos,ar ARG,GK,Cen. Córdoba–SdE,23-101,2003,1,0,66,0.7,0,0,0,0,0,0,0,0,0.00,0.00,0.00,0.00,0.00,Matches,,,0,0,,0.00,0.00,0,,1,0,2,2.73,0,66,0,0,0,,0,50.0,2,4,0,0,Liga Profesional de Fútbol Argentina,2026
f2c97754,Yoshan Valois,Yoshan Valois,co COL,FW,Lanús,21-192,2004,4,1,100,1.1,0,0,0,0,0,0,0,0,0.00,0.00,0.00,0.00,0.00,Matches,0.00,,3,0,0.0,0.00,2.70,,,,,,,,,,,,,,,,,,,Liga Profesional de Fútbol Argentina,2026
79e75919,Diego Valoyes,Diego Valoyes,co COL,"FW,MF",Talleres–C,29-204,1996,5,0,88,1.0,0,1,1,0,0,0,0,0,0.00,1.02,1.02,0.00,1.02,Matches,0.00,,1,0,0.0,0.00,1.02,,,,,,,,,,,,,,,,,,,Liga Profesional de Fútbol Argentina,2026
48b7f4fc,Lucas Varaldo,Lucas Varaldo,ar ARG,FW,Cen. Córdoba–SdE,24-049,2002,7,3,243,2.7,0,0,0,0,0,0,1,0,0.00,0.00,0.00,0.00,0.00,Matches,0.00,0.00,6,2,33.3,0.74,2.22,,,,,,,,,,,,,,,,,,,Liga Profesional de Fútbol Argentina,2026
24e2e2a6,Lautaro Vargas,Lautaro Vargas,ar ARG,DF,Unión,21-072,2005,12,12,"1,028",11.4,0,0,0,0,0,0,5,0,0.00,0.00,0.00,0.00,0.00,Matches,0.00,0.00,4,1,25.0,0.09,0.35,,,,,,,,,,,,,,,,,,,Liga Profesional de Fútbol Argentina,2026
467bae22,Franco Vázquez,Franco Vázquez,ar ARG,MF,Belgrano,37-051,1989,12,11,949,10.5,2,0,2,2,0,0,3,0,0.19,0.00,0.19,0.19,0.19,Matches,0.11,0.67,19,3,15.8,0.28,1.80,,,,,,,,,,,,,,,,,,,Liga Profesional de Fútbol Argentina,2026
f228c287,Ignacio Vázquez,Ignacio Vázquez,ar ARG,DF,Platense,28-303,1997,11,11,990,11.0,1,0,1,0,1,1,2,0,0.09,0.00,0.09,0.00,0.00,Matches,0.00,0.00,5,1,20.0,0.09,0.45,,,,,,,,,,,,,,,,,,,Liga Profesional de Fútbol Argentina,2026
e8af9e8d,Kevin Vázquez,Kevin Vázquez,ar ARG,MF,Ind. Rivadavia,25-026,2001,2,0,3,0.0,0,0,0,0,0,0,0,0,0.00,0.00,0.00,0.00,0.00,Matches,,,0,0,,0.00,0.00,,,,,,,,,,,,,,,,,,,Liga Profesional de Fútbol Argentina,2026
c5304db4,César Vega,César Vega,ar ARG,MF,Atlé Tucumán,22-096,2004,2,0,9,0.1,0,0,0,0,0,0,0,0,0.00,0.00,0.00,0.00,0.00,Matches,0.00,,1,0,0.0,0.00,10.00,,,,,,,,,,,,,,,,,,,Liga Profesional de Fútbol Argentina,2026
16349210,Alan Velasco,Alan Velasco,ar ARG,"MF,FW",Boca Juniors,23-261,2002,4,2,167,1.9,0,0,0,0,0,0,0,0,0.00,0.00,0.00,0.00,0.00,Matches,0.00,0.00,5,1,20.0,0.54,2.69,,,,,,,,,,,,,,,,,,,Liga Profesional de Fútbol Argentina,2026
891b9bb8,Juan Velazquez,Juan Velazquez,ar ARG,MF,Belgrano,21-146,2004,7,5,367,4.1,0,0,0,0,0,0,1,0,0.00,0.00,0.00,0.00,0.00,Matches,0.00,,4,0,0.0,0.00,0.98,,,,,,,,,,,,,,,,,,,Liga Profesional de Fútbol Argentina,2026
3f7bafbe,Alejo Véliz,Alejo Véliz,ar ARG,FW,Rosario Central,22-207,2003,12,11,908,10.1,3,0,3,3,0,1,0,0,0.30,0.00,0.30,0.30,0.30,Matches,0.10,0.25,31,12,38.7,1.19,3.07,,,,,,,,,,,,,,,,,,,Liga Profesional de Fútbol Argentina,2026
8b3b381b,Fausto Vera,Fausto Vera,ar ARG,MF,River Plate,26-019,2000,12,12,992,11.0,0,0,0,0,0,0,2,1,0.00,0.00,0.00,0.00,0.00,Matches,0.00,0.00,24,5,20.8,0.45,2.18,,,,,,,,,,,,,,,,,,,Liga Profesional de Fútbol Argentina,2026
dc93fa94,Federico Vera,Federico Vera,ar ARG,DF,Huracán,28-021,1998,6,5,450,5.0,0,0,0,0,0,0,1,0,0.00,0.00,0.00,0.00,0.00,Matches,0.00,,1,0,0.0,0.00,0.20,,,,,,,,,,,,,,,,,,,Liga Profesional de Fútbol Argentina,2026
fe529f25,Matías Vera,Matías Vera,ar ARG,MF,Cen. Córdoba–SdE,30-170,1995,11,10,839,9.3,0,0,0,0,0,0,4,0,0.00,0.00,0.00,0.00,0.00,Matches,0.00,0.00,6,1,16.7,0.11,0.64,,,,,,,,,,,,,,,,,,,Liga Profesional de Fútbol Argentina,2026
7faaf973,Duván Vergara,Duván Vergara,co COL,"FW,MF",Racing Club,29-217,1996,10,4,364,4.0,2,0,2,2,0,0,2,0,0.49,0.00,0.49,0.49,0.49,Matches,0.29,0.50,7,4,57.1,0.99,1.73,,,,,,,,,,,,,,,,,,,Liga Profesional de Fútbol Argentina,2026
c013b830,Álex Verón,Álex Verón,ar ARG,MF,Vélez Sarsfield,17-172,2008,5,1,146,1.6,0,0,0,0,0,0,0,0,0.00,0.00,0.00,0.00,0.00,Matches,,,0,0,,0.00,0.00,,,,,,,,,,,,,,,,,,,Liga Profesional de Fútbol Argentina,2026
2513a588,Luciano Vietto,Luciano Vietto,ar ARG,"MF,FW",San Lorenzo,32-130,1993,10,4,456,5.1,2,0,2,2,0,0,3,0,0.39,0.00,0.39,0.39,0.39,Matches,0.17,0.33,12,6,50.0,1.18,2.37,,,,,,,,,,,,,,,,,,,Liga Profesional de Fútbol Argentina,2026
1d8d182c,Alex Vigo,Alex Vigo,ar ARG,DF,Talleres–C,26-351,1999,4,3,231,2.6,0,0,0,0,0,0,2,0,0.00,0.00,0.00,0.00,0.00,Matches,0.00,,1,0,0.0,0.00,0.39,,,,,,,,,,,,,,,,,,,Liga Profesional de Fútbol Argentina,2026
b42ba8cd,Maximiliano Villa,Maximiliano Villa,uy URU,DF,Atlé Tucumán,29-042,1997,9,8,729,8.1,1,0,1,1,0,0,2,0,0.12,0.00,0.12,0.12,0.12,Matches,0.20,0.50,5,2,40.0,0.25,0.62,,,,,,,,,,,,,,,,,,,Liga Profesional de Fútbol Argentina,2026
df454699,Sebastián Villa,Sebastián Villa,co COL,"FW,MF",Ind. Rivadavia,29-330,1996,11,10,924,10.3,0,4,4,0,0,0,2,0,0.00,0.39,0.39,0.00,0.39,Matches,0.00,0.00,26,6,23.1,0.58,2.53,,,,,,,,,,,,,,,,,,,Liga Profesional de Fútbol Argentina,2026
24a99c0e,Carlos Villalba,Carlos Villalba,ar ARG,MF,Sarmiento–J,27-269,1998,10,7,519,5.8,1,0,1,1,0,0,4,0,0.17,0.00,0.17,0.17,0.17,Matches,0.08,0.17,12,6,50.0,1.04,2.08,,,,,,,,,,,,,,,,,,,Liga Profesional de Fútbol Argentina,2026
3f66660b,Iván Villalba,Iván Villalba,py PAR,DF,Ind. Rivadavia,31-085,1995,12,10,896,10.0,0,0,0,0,0,0,4,0,0.00,0.00,0.00,0.00,0.00,Matches,0.00,0.00,6,2,33.3,0.20,0.60,,,,,,,,,,,,,,,,,,,Liga Profesional de Fútbol Argentina,2026
4e40d555,Alejandro Villareal,Alejandro Villareal,co COL,"FW,MF",Aldosivi,20-260,2005,8,3,208,2.3,0,0,0,0,0,0,1,0,0.00,0.00,0.00,0.00,0.00,Matches,0.00,,6,0,0.0,0.00,2.60,,,,,,,,,,,,,,,,,,,Liga Profesional de Fútbol Argentina,2026
ada762eb,Santiago Villarreal,Santiago Villarreal,ar ARG,MF,Gimnasia–LP,20-145,2005,2,0,52,0.6,0,0,0,0,0,0,0,0,0.00,0.00,0.00,0.00,0.00,Matches,0.00,,1,0,0.0,0.00,1.73,,,,,,,,,,,,,,,,,,,Liga Profesional de Fútbol Argentina,2026
f101aa59,Lautaro Villegas,Lautaro Villegas,ar ARG,MF,Banfield,22-105,2003,10,8,571,6.3,0,0,0,0,0,0,3,0,0.00,0.00,0.00,0.00,0.00,Matches,0.00,,3,0,0.0,0.00,0.47,,,,,,,,,,,,,,,,,,,Liga Profesional de Fútbol Argentina,2026
08eb3b58,Matías Viña,Matías Viña,uy URU,"DF,MF",River Plate,28-156,1997,8,5,402,4.5,0,0,0,0,0,0,6,1,0.00,0.00,0.00,0.00,0.00,Matches,0.00,0.00,6,1,16.7,0.22,1.34,,,,,,,,,,,,,,,,,,,Liga Profesional de Fútbol Argentina,2026
7abfa435,Sergio Vittor,Sergio Vittor,ar ARG,DF,Banfield,36-309,1989,9,9,689,7.7,0,0,0,0,0,0,1,0,0.00,0.00,0.00,0.00,0.00,Matches,0.00,0.00,3,1,33.3,0.13,0.39,,,,,,,,,,,,,,,,,,,Liga Profesional de Fútbol Argentina,2026
5b12c37d,Emiliano Viveros,Emiliano Viveros,ar ARG,"FW,MF",Arg Juniors,23-196,2002,11,9,624,6.9,1,1,2,1,0,0,1,0,0.14,0.14,0.29,0.14,0.29,Matches,0.08,0.25,12,4,33.3,0.58,1.73,,,,,,,,,,,,,,,,,,,Liga Profesional de Fútbol Argentina,2026
d3b58aaa,Facundo Waller,Facundo Waller,uy URU,MF,Huracán,29-005,1997,12,9,853,9.5,0,0,0,0,0,0,3,0,0.00,0.00,0.00,0.00,0.00,Matches,0.00,0.00,5,1,20.0,0.11,0.53,,,,,,,,,,,,,,,,,,,Liga Profesional de Fútbol Argentina,2026
0d7ad669,Franco Watson,Franco Watson,ar ARG,"MF,FW",Lanús,26-103,2000,8,4,314,3.5,0,0,0,0,0,0,1,0,0.00,0.00,0.00,0.00,0.00,Matches,0.00,0.00,5,1,20.0,0.29,1.43,,,,,,,,,,,,,,,,,,,Liga Profesional de Fútbol Argentina,2026
600cb6b1,Nicólas Watson,Nicólas Watson,ar ARG,"MF,DF",Deportivo Riestra,27-327,1998,9,6,533,5.9,0,0,0,0,0,0,2,0,0.00,0.00,0.00,0.00,0.00,Matches,0.00,,1,0,0.0,0.00,0.17,,,,,,,,,,,,,,,,,,,Liga Profesional de Fútbol Argentina,2026
ac106741,Marcelo Weigandt,Marcelo Weigandt,ar ARG,DF,Boca Juniors,26-093,2000,8,6,583,6.5,0,0,0,0,0,0,0,0,0.00,0.00,0.00,0.00,0.00,Matches,0.00,0.00,3,1,33.3,0.15,0.46,,,,,,,,,,,,,,,,,,,Liga Profesional de Fútbol Argentina,2026
c0b1a6da,Axel Werner,Axel Werner,ar ARG,GK,Aldosivi,30-045,1996,13,13,"1,170",13.0,0,0,0,0,0,0,2,0,0.00,0.00,0.00,0.00,0.00,Matches,,,0,0,,0.00,0.00,4,30.8,13,13,14,1.08,7,"1,170",2,3,0,33.3,1,73.9,35,46,6,0,Liga Profesional de Fútbol Argentina,2026
bb967f0b,Cristian Zabala,Cristian Zabala,ar ARG,MF,Sarmiento–J,28-041,1998,12,12,"1,021",11.3,1,0,1,1,0,0,3,0,0.09,0.00,0.09,0.09,0.09,Matches,0.17,0.50,6,2,33.3,0.18,0.53,,,,,,,,,,,,,,,,,,,Liga Profesional de Fútbol Argentina,2026
2f2475da,Facundo Zabala,Facundo Zabala,ar ARG,DF,Independiente,27-102,1999,12,11,961,10.7,0,1,1,0,0,0,3,0,0.00,0.09,0.09,0.00,0.09,Matches,0.00,0.00,7,2,28.6,0.19,0.66,,,,,,,,,,,,,,,,,,,Liga Profesional de Fútbol Argentina,2026
4aeb00f4,David Zalazar,David Zalazar,ar ARG,MF,Banfield,23-340,2002,8,4,472,5.2,1,2,3,1,0,0,2,0,0.19,0.38,0.57,0.19,0.57,Matches,0.07,0.25,15,4,26.7,0.76,2.86,,,,,,,,,,,,,,,,,,,Liga Profesional de Fútbol Argentina,2026
e374a7f5,Maximiliano Zalazar,Maximiliano Zalazar,ar ARG,MF,Gimnasia–LP,25-037,2001,5,0,154,1.7,0,0,0,0,0,0,2,0,0.00,0.00,0.00,0.00,0.00,Matches,0.00,0.00,10,2,20.0,1.17,5.84,,,,,,,,,,,,,,,,,,,Liga Profesional de Fútbol Argentina,2026
e2c0f4bf,Nicolás Zalazar,Nicolás Zalazar,ar ARG,DF,Aldosivi,29-075,1997,11,11,972,10.8,0,1,1,0,0,0,2,1,0.00,0.09,0.09,0.00,0.09,Matches,0.00,0.00,11,3,27.3,0.28,1.02,,,,,,,,,,,,,,,,,,,Liga Profesional de Fútbol Argentina,2026
7b0f7577,Franco Zapiola,Franco Zapiola,ar ARG,MF,Platense,25-054,2001,13,11,853,9.5,1,0,1,1,0,0,2,0,0.11,0.00,0.11,0.11,0.11,Matches,0.05,0.14,20,7,35.0,0.74,2.11,,,,,,,,,,,,,,,,,,,Liga Profesional de Fútbol Argentina,2026
803d5265,Federico Zaracho,Federico Zaracho,ar ARG,MF,Racing Club,28-035,1998,11,3,386,4.3,0,0,0,0,0,0,2,0,0.00,0.00,0.00,0.00,0.00,Matches,0.00,,6,0,0.0,0.00,1.40,,,,,,,,,,,,,,,,,,,Liga Profesional de Fútbol Argentina,2026
02f9fb61,Exequiel Zeballos,Exequiel Zeballos,ar ARG,FW,Boca Juniors,23-355,2002,4,3,292,3.2,1,1,2,1,0,0,0,0,0.31,0.31,0.62,0.31,0.62,Matches,0.20,0.50,5,2,40.0,0.62,1.54,,,,,,,,,,,,,,,,,,,Liga Profesional de Fútbol Argentina,2026
e214af7f,Gonzalo Zelarayán,Gonzalo Zelarayán,ar ARG,FW,Belgrano,21-351,2004,2,0,16,0.2,0,0,0,0,0,0,0,0,0.00,0.00,0.00,0.00,0.00,Matches,,,0,0,,0.00,0.00,,,,,,,,,,,,,,,,,,,Liga Profesional de Fútbol Argentina,2026
3ce30893,Lucas Zelarayán,Lucas Zelarayán,am ARM,MF,Belgrano,33-298,1992,11,11,929,10.3,4,1,5,4,0,0,2,0,0.39,0.10,0.48,0.39,0.48,Matches,0.18,0.50,22,8,36.4,0.78,2.13,,,,,,,,,,,,,,,,,,,Liga Profesional de Fútbol Argentina,2026
21faad0e,Felipe Zenobio,Felipe Zenobio,ar ARG,GK,Tigre,25-327,2000,12,12,"1,080",12.0,0,0,0,0,0,0,0,0,0.00,0.00,0.00,0.00,0.00,Matches,,,0,0,,0.00,0.00,4,33.3,12,12,10,0.83,2,"1,080",1,1,0,0.0,0,72.7,24,33,6,4,Liga Profesional de Fútbol Argentina,2026
8f0d8b0a,Kevin Zenon,Kevin Zenon,ar ARG,FW,Boca Juniors,24-258,2001,4,2,216,2.4,0,0,0,0,0,0,0,0,0.00,0.00,0.00,0.00,0.00,Matches,0.00,0.00,3,1,33.3,0.42,1.25,,,,,,,,,,,,,,,,,,,Liga Profesional de Fútbol Argentina,2026
17cddb4d,Bruno Zuculini,Bruno Zuculini,ar ARG,MF,Racing Club,33-012,1993,11,4,394,4.4,0,1,1,0,0,0,1,0,0.00,0.23,0.23,0.00,0.23,Matches,0.00,,3,0,0.0,0.00,0.69,,,,,,,,,,,,,,,,,,,Liga Profesional de Fútbol Argentina,2026
e5e08d06,Iker Zufiaurre,Iker Zufiaurre,ar ARG,FW,Boca Juniors,20-250,2005,9,2,218,2.4,1,0,1,1,0,0,1,0,0.41,0.00,0.41,0.41,0.41,Matches,0.25,1.00,4,1,25.0,0.41,1.65,,,,,,,,,,,,,,,,,,,Liga Profesional de Fútbol Argentina,2026
df454699,Sebastián Villa,co COL,FW,28,31,30,"2,719",30.2,5,6,11,2,3,4,7,1,0.17,0.20,0.36,0.07,0.26,Matches,Liga Profesional de Fútbol Argentina,2025
7ca68313,Franco Amarfil,ar ARG,MF,23,31,30,"2,596",28.8,1,2,3,1,0,0,8,0,0.03,0.07,0.10,0.03,0.10,Matches,Liga Profesional de Fútbol Argentina,2025
d2313e46,Ezequiel Centurión,ar ARG,GK,27,29,29,"2,610",29.0,0,0,0,0,0,0,3,0,0.00,0.00,0.00,0.00,0.00,Matches,Liga Profesional de Fútbol Argentina,2025
7d3feecd,Sheyko Studer,ar ARG,DF,22,29,29,"2,570",28.6,2,1,3,2,0,0,10,0,0.07,0.04,0.11,0.07,0.11,Matches,Liga Profesional de Fútbol Argentina,2025
3f66660b,Iván Villalba,py PAR,DF,30,27,26,"2,269",25.2,1,1,2,1,0,0,8,1,0.04,0.04,0.08,0.04,0.08,Matches,Liga Profesional de Fútbol Argentina,2025
0bc8cd45,Luciano Gómez,ar ARG,"DF,MF",28,26,26,"2,165",24.1,2,2,4,2,0,0,7,0,0.08,0.08,0.17,0.08,0.17,Matches,Liga Profesional de Fútbol Argentina,2025
145c1af1,Tomás Bottari,ar ARG,MF,23,27,23,"1,908",21.2,0,0,0,0,0,0,5,1,0.00,0.00,0.00,0.00,0.00,Matches,Liga Profesional de Fútbol Argentina,2025
8681ad73,Mauricio Cardillo,ar ARG,"MF,DF",21,26,17,"1,346",15.0,2,0,2,2,0,0,5,3,0.13,0.00,0.13,0.13,0.13,Matches,Liga Profesional de Fútbol Argentina,2025
2d8dc53e,Matías Fernández,ar ARG,MF,23,26,14,"1,325",14.7,2,3,5,2,0,0,9,0,0.14,0.20,0.34,0.14,0.34,Matches,Liga Profesional de Fútbol Argentina,2025
fe8334f8,Luis Sequeira,ar ARG,MF,22,16,14,"1,063",11.8,2,1,3,1,1,1,3,0,0.17,0.08,0.25,0.08,0.17,Matches,Liga Profesional de Fútbol Argentina,2025
bf082cf1,Kevin Retamar,ar ARG,"MF,FW",25,27,13,"1,334",14.8,4,3,7,4,0,0,4,0,0.27,0.20,0.47,0.27,0.47,Matches,Liga Profesional de Fútbol Argentina,2025
2755e745,Fabrizio Sartori,ar ARG,FW,22,28,12,"1,187",13.2,5,0,5,5,0,0,0,0,0.38,0.00,0.38,0.38,0.38,Matches,Liga Profesional de Fútbol Argentina,2025
ee91dc73,Thomas Ortega,ar ARG,MF,24,19,11,857,9.5,0,0,0,0,0,0,4,0,0.00,0.00,0.00,0.00,0.00,Matches,Liga Profesional de Fútbol Argentina,2025
2879e7a6,Leonard Costa,uy URU,DF,26,19,10,"1,005",11.2,0,0,0,0,0,0,3,2,0.00,0.00,0.00,0.00,0.00,Matches,Liga Profesional de Fútbol Argentina,2025
783586ee,Alejo Osella,ar ARG,DF,24,18,10,903,10.0,0,0,0,0,0,0,1,0,0.00,0.00,0.00,0.00,0.00,Matches,Liga Profesional de Fútbol Argentina,2025
5011a4ba,Pedro Souto,ar ARG,DF,24,14,9,734,8.2,0,2,2,0,0,0,2,0,0.00,0.25,0.25,0.00,0.25,Matches,Liga Profesional de Fútbol Argentina,2025
659e3021,Mauro Peinipil,ar ARG,DF,25,13,8,766,8.5,1,0,1,1,0,0,1,0,0.12,0.00,0.12,0.12,0.12,Matches,Liga Profesional de Fútbol Argentina,2025
f936dcd7,Victorio Ramis,ar ARG,FW,30,9,8,501,5.6,0,0,0,0,0,0,0,0,0.00,0.00,0.00,0.00,0.00,Matches,Liga Profesional de Fútbol Argentina,2025
10411db2,Alex Arce,py PAR,FW,29,9,7,641,7.1,3,0,3,3,0,0,2,0,0.42,0.00,0.42,0.42,0.42,Matches,Liga Profesional de Fútbol Argentina,2025
0b6ff48b,Ezequiel Bonifacio,ar ARG,"DF,MF",30,11,7,535,5.9,0,0,0,0,0,0,1,0,0.00,0.00,0.00,0.00,0.00,Matches,Liga Profesional de Fútbol Argentina,2025
64daaa57,Juan Barbieri,ar ARG,FW,28,18,4,608,6.8,2,1,3,2,0,0,1,0,0.30,0.15,0.44,0.30,0.44,Matches,Liga Profesional de Fútbol Argentina,2025
ff2e5807,Matías Valenti,ar ARG,DF,22,11,4,515,5.7,0,0,0,0,0,0,0,0,0.00,0.00,0.00,0.00,0.00,Matches,Liga Profesional de Fútbol Argentina,2025
0b3c8e45,Diego Tonetto,ar ARG,MF,36,13,4,362,4.0,0,0,0,0,0,0,1,0,0.00,0.00,0.00,0.00,0.00,Matches,Liga Profesional de Fútbol Argentina,2025
4ada7df5,Nicolás Bolcato,ar ARG,GK,20,2,2,180,2.0,0,0,0,0,0,0,0,0,0.00,0.00,0.00,0.00,0.00,Matches,Liga Profesional de Fútbol Argentina,2025
ab00a18b,Santiago Flores,ar ARG,DF,23,3,2,175,1.9,0,0,0,0,0,0,0,0,0.00,0.00,0.00,0.00,0.00,Matches,Liga Profesional de Fútbol Argentina,2025
c2d7780d,Leonel Bucca,ar ARG,MF,25,7,1,176,2.0,0,0,0,0,0,0,1,0,0.00,0.00,0.00,0.00,0.00,Matches,Liga Profesional de Fútbol Argentina,2025
6c510f2d,Luciano Abecasis,ar ARG,DF,34,2,1,94,1.0,0,1,1,0,0,0,0,0,0.00,0.96,0.96,0.00,0.96,Matches,Liga Profesional de Fútbol Argentina,2025
36fef392,Agustín Lastra,ar ARG,GK,24,1,1,90,1.0,0,0,0,0,0,0,0,0,0.00,0.00,0.00,0.00,0.00,Matches,Liga Profesional de Fútbol Argentina,2025
777cdbf8,Gonzalo Ríos,ar ARG,MF,26,3,0,68,0.8,0,0,0,0,0,0,0,0,0.00,0.00,0.00,0.00,0.00,Matches,Liga Profesional de Fútbol Argentina,2025
f1331020,Santiago Múñoz,co COL,FW,25,4,0,48,0.5,1,0,1,1,0,0,0,0,1.87,0.00,1.87,1.87,1.87,Matches,Liga Profesional de Fútbol Argentina,2025
73b2e5b0,Matías Bergara,ar ARG,MF,21,2,0,46,0.5,0,1,1,0,0,0,0,0,0.00,1.96,1.96,0.00,1.96,Matches,Liga Profesional de Fútbol Argentina,2025
9e54c87e,Tomás Muro,ar ARG,MF,22,1,0,37,0.4,0,0,0,0,0,0,1,0,0.00,0.00,0.00,0.00,0.00,Matches,Liga Profesional de Fútbol Argentina,2025
48eb0513,Fabricio Amato,ar ARG,MF,20,1,0,27,0.3,0,0,0,0,0,0,0,0,0.00,0.00,0.00,0.00,0.00,Matches,Liga Profesional de Fútbol Argentina,2025
bd81e404,Maximilano Juambeltz,uy URU,FW,22,1,0,24,0.3,0,0,0,0,0,0,0,0,0.00,0.00,0.00,0.00,0.00,Matches,Liga Profesional de Fútbol Argentina,2025
e95d2f72,Tiago Andino,ar ARG,DF,21,1,0,9,0.1,0,0,0,0,0,0,0,0,0.00,0.00,0.00,0.00,0.00,Matches,Liga Profesional de Fútbol Argentina,2025
f28784a9,Laureano Rodríguez,ar ARG,MF,22,1,0,3,0.0,0,0,0,0,0,0,0,0,0.00,0.00,0.00,0.00,0.00,Matches,Liga Profesional de Fútbol Argentina,2025
d9caf300,Gonzalo Marinelli,ar ARG,GK,35,0,0,,,,,,,,,,,,,,,,Matches,Liga Profesional de Fútbol Argentina,2025
d62591d0,Fernando Romero,py PAR,FW,24,0,0,,,,,,,,,,,,,,,,Matches,Liga Profesional de Fútbol Argentina,2025
37e1c312,Mateo Schwartz,ar ARG,MF,20,0,0,,,,,,,,,,,,,,,,Matches,Liga Profesional de Fútbol Argentina,2025
55d7093b,Cristian Paz,ar ARG,DF,29,32,32,"2,880",32.0,1,0,1,1,0,0,7,0,0.03,0.00,0.03,0.03,0.03,Matches,Liga Profesional de Fútbol Argentina,2025
707fcc63,Ignacio Arce,ar ARG,GK,32,31,31,"2,790",31.0,0,0,0,0,0,0,3,0,0.00,0.00,0.00,0.00,0.00,Matches,Liga Profesional de Fútbol Argentina,2025
2f6ff462,Jonathan Herrera,ar ARG,FW,33,30,29,"2,357",26.2,10,2,12,8,2,3,2,0,0.38,0.08,0.46,0.31,0.38,Matches,Liga Profesional de Fútbol Argentina,2025
e7815a02,Nicolás Sansotre,ar ARG,"DF,MF",31,28,28,"2,464",27.4,1,3,4,1,0,0,3,0,0.04,0.11,0.15,0.04,0.15,Matches,Liga Profesional de Fútbol Argentina,2025
92a6cccf,Milton Céliz,ar ARG,MF,32,28,27,"2,400",26.7,3,0,3,3,0,1,11,0,0.11,0.00,0.11,0.11,0.11,Matches,Liga Profesional de Fútbol Argentina,2025
ee2bdcb7,Facundo Miño,ar ARG,DF,25,25,23,"1,970",21.9,0,0,0,0,0,0,10,1,0.00,0.00,0.00,0.00,0.00,Matches,Liga Profesional de Fútbol Argentina,2025
d96469f1,Antony Alonso,ar ARG,"MF,FW",26,30,23,"1,661",18.5,5,1,6,5,0,0,1,0,0.27,0.05,0.33,0.27,0.33,Matches,Liga Profesional de Fútbol Argentina,2025
edbdf494,Jonatan Goitía,ar ARG,"MF,DF",30,30,21,"2,085",23.2,2,2,4,2,0,0,5,0,0.09,0.09,0.17,0.09,0.17,Matches,Liga Profesional de Fútbol Argentina,2025
6cc0a227,Pedro Ramírez,ar ARG,"DF,MF",24,26,21,"1,862",20.7,1,1,2,1,0,0,9,1,0.05,0.05,0.10,0.05,0.10,Matches,Liga Profesional de Fútbol Argentina,2025
37077a8b,Pablo Monje,ar ARG,MF,27,20,17,"1,417",15.7,0,4,4,0,0,0,2,0,0.00,0.25,0.25,0.00,0.25,Matches,Liga Profesional de Fútbol Argentina,2025
4032a5b0,Alexander Díaz,ar ARG,"FW,MF",24,28,15,"1,460",16.2,2,5,7,2,0,0,3,0,0.12,0.31,0.43,0.12,0.43,Matches,Liga Profesional de Fútbol Argentina,2025
b7b1dea7,Nicolás Benegas,ar ARG,FW,28,31,13,"1,283",14.3,3,2,5,3,0,0,6,0,0.21,0.14,0.35,0.21,0.35,Matches,Liga Profesional de Fútbol Argentina,2025
0e8cbfc4,Miguel Barbieri,ar ARG,DF,31,11,10,835,9.3,0,0,0,0,0,0,4,0,0.00,0.00,0.00,0.00,0.00,Matches,Liga Profesional de Fútbol Argentina,2025
6108df6f,Juan Randazzo,ar ARG,DF,30,17,9,891,9.9,1,0,1,1,0,0,3,0,0.10,0.00,0.10,0.10,0.10,Matches,Liga Profesional de Fútbol Argentina,2025
c4789f7e,Nicolás Caro,ar ARG,DF,29,10,9,827,9.2,0,0,0,0,0,0,1,0,0.00,0.00,0.00,0.00,0.00,Matches,Liga Profesional de Fútbol Argentina,2025
ab84ccab,Rodrigo Gallo,ar ARG,DF,24,11,9,759,8.4,0,1,1,0,0,0,5,0,0.00,0.12,0.12,0.00,0.12,Matches,Liga Profesional de Fútbol Argentina,2025
9687232d,Mariano Bracamonte,ar ARG,"DF,MF",25,17,8,769,8.5,0,0,0,0,0,0,5,1,0.00,0.00,0.00,0.00,0.00,Matches,Liga Profesional de Fútbol Argentina,2025
f14e5e1f,Brían Sánchez,ar ARG,MF,31,11,5,494,5.5,0,0,0,0,0,0,2,0,0.00,0.00,0.00,0.00,0.00,Matches,Liga Profesional de Fútbol Argentina,2025
bb2ffda5,Rodrigo Sayavedra,ar ARG,"DF,MF",29,11,5,465,5.2,0,0,0,0,0,0,3,0,0.00,0.00,0.00,0.00,0.00,Matches,Liga Profesional de Fútbol Argentina,2025
17390286,Mario Sanabria,ar ARG,MF,22,10,4,394,4.4,0,1,1,0,0,0,2,0,0.00,0.23,0.23,0.00,0.23,Matches,Liga Profesional de Fútbol Argentina,2025
3eaf851f,Mateo Ramírez,ar ARG,MF,30,12,3,295,3.3,0,0,0,0,0,0,2,0,0.00,0.00,0.00,0.00,0.00,Matches,Liga Profesional de Fútbol Argentina,2025
53fe0ddc,Eric Joel Tovo,ar ARG,DF,32,4,3,199,2.2,0,0,0,0,0,0,0,0,0.00,0.00,0.00,0.00,0.00,Matches,Liga Profesional de Fútbol Argentina,2025
1e9ff026,Leonardo Landriel,ar ARG,MF,28,3,3,135,1.5,0,0,0,0,0,0,0,0,0.00,0.00,0.00,0.00,0.00,Matches,Liga Profesional de Fútbol Argentina,2025
154e6469,Braian Guille,ar ARG,MF,27,6,1,143,1.6,1,0,1,1,0,0,2,0,0.63,0.00,0.63,0.63,0.63,Matches,Liga Profesional de Fútbol Argentina,2025
85b317de,Gonzalo Bravo,ar ARG,FW,34,4,1,128,1.4,0,0,0,0,0,0,0,0,0.00,0.00,0.00,0.00,0.00,Matches,Liga Profesional de Fútbol Argentina,2025
ae7a6b25,Nahuel Manganelli,ar ARG,GK,23,1,1,90,1.0,0,0,0,0,0,0,1,0,0.00,0.00,0.00,0.00,0.00,Matches,Liga Profesional de Fútbol Argentina,2025
c8aea686,Gustavo Fernández,ar ARG,FW,34,2,1,74,0.8,0,0,0,0,0,0,1,0,0.00,0.00,0.00,0.00,0.00,Matches,Liga Profesional de Fútbol Argentina,2025
2ce68c10,Gabriel Obredor,ar ARG,MF,28,18,0,369,4.1,2,0,2,2,0,0,2,0,0.49,0.00,0.49,0.49,0.49,Matches,Liga Profesional de Fútbol Argentina,2025
a3c1429a,Franco Fagundez,uy URU,MF,26,1,0,34,0.4,0,0,0,0,0,0,0,0,0.00,0.00,0.00,0.00,0.00,Matches,Liga Profesional de Fútbol Argentina,2025
dff8d979,Santiago Vera,ar ARG,MF,26,3,0,22,0.2,0,0,0,0,0,0,0,0,0.00,0.00,0.00,0.00,0.00,Matches,Liga Profesional de Fútbol Argentina,2025
79c14d94,Carlos Gugenheim,ar ARG,MF,20,1,0,13,0.1,0,0,0,0,0,0,0,0,0.00,0.00,0.00,0.00,0.00,Matches,Liga Profesional de Fútbol Argentina,2025
54892f1a,Ramón Gonzalez,ar ARG,FW,22,2,0,12,0.1,0,0,0,0,0,0,1,0,0.00,0.00,0.00,0.00,0.00,Matches,Liga Profesional de Fútbol Argentina,2025
80620663,Yaison Murillo,co COL,DF,31,1,0,12,0.1,0,0,0,0,0,0,0,0,0.00,0.00,0.00,0.00,0.00,Matches,Liga Profesional de Fútbol Argentina,2025
8b5960a1,Sergio Ortíz,ar ARG,MF,23,1,0,8,0.1,0,0,0,0,0,0,0,0,0.00,0.00,0.00,0.00,0.00,Matches,Liga Profesional de Fútbol Argentina,2025
d446b144,Ángel Stringa,ar ARG,FW,28,1,0,4,0.0,0,0,0,0,0,0,0,0,0.00,0.00,0.00,0.00,0.00,Matches,Liga Profesional de Fútbol Argentina,2025
824b2a96,Juan Carlos Rolón,ar ARG,GK,22,0,0,,,,,,,,,,,,,,,,Matches,Liga Profesional de Fútbol Argentina,2025
737ca0da,Nehuen Montoya,ar ARG,DF,26,0,0,,,,,,,,,,,,,,,,Matches,Liga Profesional de Fútbol Argentina,2025
3e9b30a0,Elian Muñoz,ar ARG,MF,24,0,0,,,,,,,,,,,,,,,,Matches,Liga Profesional de Fútbol Argentina,2025
e87e9c52,Mauro Smarra Vargas,ar ARG,FW,25,0,0,,,,,,,,,,,,,,,,Matches,Liga Profesional de Fútbol Argentina,2025
2047a087,Facundo Sanguinetti,ar ARG,GK,23,32,32,"2,880",32.0,0,0,0,0,0,0,1,0,0.00,0.00,0.00,0.00,0.00,Matches,Liga Profesional de Fútbol Argentina,2025
5b3a9431,Martín Río,ar ARG,MF,23,31,31,"2,664",29.6,5,2,7,5,0,0,8,0,0.17,0.07,0.24,0.17,0.24,Matches,Liga Profesional de Fútbol Argentina,2025
777cdbf8,Gonzalo Ríos,ar ARG,MF,26,27,26,"2,047",22.7,2,2,4,2,0,0,2,0,0.09,0.09,0.18,0.09,0.18,Matches,Liga Profesional de Fútbol Argentina,2025
02d9aaa9,Ignacio Abraham,sy SYR,"DF,MF",27,21,20,"1,794",19.9,0,0,0,0,0,0,1,0,0.00,0.00,0.00,0.00,0.00,Matches,Liga Profesional de Fútbol Argentina,2025
323d23e6,Alexis Maldonado,ar ARG,DF,27,20,20,"1,706",19.0,0,0,0,0,0,0,6,0,0.00,0.00,0.00,0.00,0.00,Matches,Liga Profesional de Fútbol Argentina,2025
2240f653,Santiago López,ar ARG,"MF,DF",27,26,18,"1,669",18.5,1,0,1,1,0,0,5,0,0.05,0.00,0.05,0.05,0.05,Matches,Liga Profesional de Fútbol Argentina,2025
7abfa435,Sergio Vittor,ar ARG,DF,35,15,15,"1,349",15.0,0,0,0,0,0,0,2,0,0.00,0.00,0.00,0.00,0.00,Matches,Liga Profesional de Fútbol Argentina,2025
a2596370,Santiago Esquivel,ar ARG,MF,21,21,15,"1,232",13.7,0,0,0,0,0,0,5,0,0.00,0.00,0.00,0.00,0.00,Matches,Liga Profesional de Fútbol Argentina,2025
12e579fa,Mauro Méndez,uy URU,FW,26,15,14,"1,186",13.2,3,2,5,3,0,0,2,0,0.23,0.15,0.38,0.23,0.38,Matches,Liga Profesional de Fútbol Argentina,2025
6f41c0bc,Joaquín Pombo,ar ARG,DF,23,13,13,"1,140",12.7,0,0,0,0,0,0,4,1,0.00,0.00,0.00,0.00,0.00,Matches,Liga Profesional de Fútbol Argentina,2025
881c8195,Ramiro Di Luciano,ar ARG,DF,21,16,13,"1,120",12.4,0,2,2,0,0,0,2,0,0.00,0.16,0.16,0.00,0.16,Matches,Liga Profesional de Fútbol Argentina,2025
d2e6d986,Mathías De Ritis,uy URU,DF,22,12,12,"1,061",11.8,0,0,0,0,0,0,4,0,0.00,0.00,0.00,0.00,0.00,Matches,Liga Profesional de Fútbol Argentina,2025
c89d0b23,Rodrigo Auzmendi,ar ARG,FW,24,15,12,"1,058",11.8,4,2,6,4,0,0,4,0,0.34,0.17,0.51,0.34,0.51,Matches,Liga Profesional de Fútbol Argentina,2025
59684e00,Tomás Adoryán,am ARM,MF,23,23,12,"1,042",11.6,1,1,2,1,0,0,7,0,0.09,0.09,0.17,0.09,0.17,Matches,Liga Profesional de Fútbol Argentina,2025
4b3cb59b,Lautaro Ríos,ar ARG,MF,24,25,11,"1,144",12.7,1,1,2,1,0,0,4,0,0.08,0.08,0.16,0.08,0.16,Matches,Liga Profesional de Fútbol Argentina,2025
907edfa0,Agustín Alaniz,uy URU,"FW,MF",22,21,11,"1,091",12.1,2,2,4,2,0,0,2,0,0.16,0.16,0.33,0.16,0.33,Matches,Liga Profesional de Fútbol Argentina,2025
731a1d66,Geronimo Rivera,ar ARG,MF,21,13,11,845,9.4,2,1,3,2,0,0,3,0,0.21,0.11,0.32,0.21,0.32,Matches,Liga Profesional de Fútbol Argentina,2025
9b0cafc4,Nicolás Meriano,ar ARG,DF,24,9,9,768,8.5,0,0,0,0,0,0,0,0,0.00,0.00,0.00,0.00,0.00,Matches,Liga Profesional de Fútbol Argentina,2025
a8e4d897,Tomás Nasif,ar ARG,FW,21,8,6,559,6.2,3,1,4,2,1,1,0,0,0.48,0.16,0.64,0.32,0.48,Matches,Liga Profesional de Fútbol Argentina,2025
29ee723f,Bruno Sepúlveda,ar ARG,FW,32,10,6,515,5.7,2,0,2,2,0,0,4,0,0.35,0.00,0.35,0.35,0.35,Matches,Liga Profesional de Fútbol Argentina,2025
7a012117,Juan Bisanz,ar ARG,FW,23,10,6,513,5.7,0,0,0,0,0,0,2,0,0.00,0.00,0.00,0.00,0.00,Matches,Liga Profesional de Fútbol Argentina,2025
ceb20cb3,Paul Riveros,py PAR,DF,27,6,5,479,5.3,0,0,0,0,0,0,2,0,0.00,0.00,0.00,0.00,0.00,Matches,Liga Profesional de Fútbol Argentina,2025
e3052e8b,Marcos Arturia,ar ARG,FW,26,14,5,478,5.3,1,0,1,1,0,0,3,0,0.19,0.00,0.19,0.19,0.19,Matches,Liga Profesional de Fútbol Argentina,2025
8cc14f97,Brandon Oviedo,ar ARG,DF,20,5,5,299,3.3,0,0,0,0,0,0,3,0,0.00,0.00,0.00,0.00,0.00,Matches,Liga Profesional de Fútbol Argentina,2025
df418fc0,Danilo Arboleda,co COL,DF,29,4,4,360,4.0,0,1,1,0,0,0,1,0,0.00,0.25,0.25,0.00,0.25,Matches,Liga Profesional de Fútbol Argentina,2025
eacbb10d,Juan Luis Alfaro,ar ARG,"DF,MF",25,6,4,338,3.8,0,0,0,0,0,0,2,0,0.00,0.00,0.00,0.00,0.00,Matches,Liga Profesional de Fútbol Argentina,2025
034d63d7,Juan Iribarren,ar ARG,DF,22,9,3,447,5.0,0,0,0,0,0,0,1,0,0.00,0.00,0.00,0.00,0.00,Matches,Liga Profesional de Fútbol Argentina,2025
0a396655,Frank Castañeda,co COL,MF,30,11,3,363,4.0,0,1,1,0,0,0,0,0,0.00,0.25,0.25,0.00,0.25,Matches,Liga Profesional de Fútbol Argentina,2025
beb8f099,Santiago Daniele,ar ARG,DF,19,6,3,271,3.0,0,0,0,0,0,0,1,0,0.00,0.00,0.00,0.00,0.00,Matches,Liga Profesional de Fútbol Argentina,2025
dba20a42,Gabriel Vega,ar ARG,MF,22,9,2,294,3.3,1,1,2,0,1,1,1,1,0.31,0.31,0.61,0.00,0.31,Matches,Liga Profesional de Fútbol Argentina,2025
08e0a56b,Damián Díaz,ec ECU,MF,38,4,2,186,2.1,0,0,0,0,0,0,1,0,0.00,0.00,0.00,0.00,0.00,Matches,Liga Profesional de Fútbol Argentina,2025
8bd8e620,Lisandro Piñero,ar ARG,MF,17,10,1,179,2.0,0,0,0,0,0,0,1,0,0.00,0.00,0.00,0.00,0.00,Matches,Liga Profesional de Fútbol Argentina,2025
67e2d7f5,Agustín Obando,ar ARG,MF,24,4,1,90,1.0,0,0,0,0,0,0,0,0,0.00,0.00,0.00,0.00,0.00,Matches,Liga Profesional de Fútbol Argentina,2025
78b9a5c4,Tiziano Perrotta,ar ARG,FW,18,1,1,71,0.8,0,0,0,0,0,0,0,0,0.00,0.00,0.00,0.00,0.00,Matches,Liga Profesional de Fútbol Argentina,2025
518b4a46,Leonel Miranda,ar ARG,MF,31,5,0,116,1.3,0,0,0,0,0,0,0,0,0.00,0.00,0.00,0.00,0.00,Matches,Liga Profesional de Fútbol Argentina,2025
84d35e44,Julio Furch,ar ARG,FW,35,7,0,110,1.2,0,0,0,0,0,0,0,0,0.00,0.00,0.00,0.00,0.00,Matches,Liga Profesional de Fútbol Argentina,2025
61d1a611,Lautaro Gómez,ar ARG,MF,21,4,0,50,0.6,0,0,0,0,0,0,0,1,0.00,0.00,0.00,0.00,0.00,Matches,Liga Profesional de Fútbol Argentina,2025
d1130a83,Lucas Palavecino,ar ARG,MF,21,2,0,46,0.5,0,0,0,0,0,0,0,0,0.00,0.00,0.00,0.00,0.00,Matches,Liga Profesional de Fútbol Argentina,2025
d4dd642a,Mauricio Roldán,ar ARG,FW,19,2,0,42,0.5,0,0,0,0,0,0,0,0,0.00,0.00,0.00,0.00,0.00,Matches,Liga Profesional de Fútbol Argentina,2025
161b89a2,Nicolás Colazo,ar ARG,"DF,MF",34,3,0,39,0.4,0,0,0,0,0,0,0,0,0.00,0.00,0.00,0.00,0.00,Matches,Liga Profesional de Fútbol Argentina,2025
3ba507c4,Matías González,ar ARG,MF,22,1,0,5,0.1,0,0,0,0,0,0,0,0,0.00,0.00,0.00,0.00,0.00,Matches,Liga Profesional de Fútbol Argentina,2025
7e4fd954,Joaquín Molina,ar ARG,GK,20,0,0,,,,,,,,,,,,,,,,Matches,Liga Profesional de Fútbol Argentina,2025
32cb909e,Diego Romero,pe PER,GK,23,0,0,,,,,,,,,,,,,,,,Matches,Liga Profesional de Fútbol Argentina,2025
71862cd6,Fabio Pereyra,ar ARG,DF,35,31,30,"2,611",29.0,2,0,2,2,0,0,8,1,0.07,0.00,0.07,0.07,0.07,Matches,Liga Profesional de Fútbol Argentina,2025
89c136f6,Hernán Galíndez,ec ECU,GK,37,27,27,"2,430",27.0,0,0,0,0,0,0,1,0,0.00,0.00,0.00,0.00,0.00,Matches,Liga Profesional de Fútbol Argentina,2025
0ac8475f,Leonardo Gil,ar ARG,MF,33,29,27,"2,429",27.0,1,3,4,1,0,0,5,0,0.04,0.11,0.15,0.04,0.15,Matches,Liga Profesional de Fútbol Argentina,2025
78d48e60,César Ibáñez,ar ARG,DF,25,27,27,"2,289",25.4,1,0,1,1,0,0,9,0,0.04,0.00,0.04,0.04,0.04,Matches,Liga Profesional de Fútbol Argentina,2025
74b76abc,Matko Miljevic,us USA,MF,23,30,27,"2,217",24.6,7,3,10,4,3,3,8,0,0.28,0.12,0.41,0.16,0.28,Matches,Liga Profesional de Fútbol Argentina,2025
14efa370,Tomás Guidara,ar ARG,DF,28,26,24,"2,161",24.0,0,2,2,0,0,0,8,0,0.00,0.08,0.08,0.00,0.08,Matches,Liga Profesional de Fútbol Argentina,2025
5c0eca35,Leonel Pérez,ar ARG,MF,20,25,23,"1,953",21.7,0,0,0,0,0,0,6,0,0.00,0.00,0.00,0.00,0.00,Matches,Liga Profesional de Fútbol Argentina,2025
9492f6e2,Eric Ramírez,ar ARG,"FW,MF",28,26,15,"1,294",14.4,3,1,4,2,1,1,5,0,0.21,0.07,0.28,0.14,0.21,Matches,Liga Profesional de Fútbol Argentina,2025
18950a80,Marco Pellegrino,ar ARG,DF,22,15,14,"1,278",14.2,1,0,1,1,0,0,4,0,0.07,0.00,0.07,0.07,0.07,Matches,Liga Profesional de Fútbol Argentina,2025
55ce9bfd,Walter Mazzantti,ar ARG,MF,28,16,13,"1,096",12.2,2,2,4,2,0,0,1,0,0.16,0.16,0.33,0.16,0.33,Matches,Liga Profesional de Fútbol Argentina,2025
d9ebfcfa,Gabriel Alanís,ar ARG,MF,30,18,13,"1,067",11.9,0,0,0,0,0,0,0,0,0.00,0.00,0.00,0.00,0.00,Matches,Liga Profesional de Fútbol Argentina,2025
ab874ea3,Pedro Ojeda,ar ARG,MF,27,26,12,"1,244",13.8,2,2,4,2,0,0,3,0,0.14,0.14,0.29,0.14,0.29,Matches,Liga Profesional de Fútbol Argentina,2025
42b1a58a,Nehuén Paz,ar ARG,DF,31,11,11,990,11.0,0,0,0,0,0,0,1,0,0.00,0.00,0.00,0.00,0.00,Matches,Liga Profesional de Fútbol Argentina,2025
7a012117,Juan Bisanz,ar ARG,MF,23,16,11,984,10.9,0,1,1,0,0,0,1,0,0.00,0.09,0.09,0.00,0.09,Matches,Liga Profesional de Fútbol Argentina,2025
9c874e17,Rodrigo Cabral,ar ARG,MF,24,18,11,728,8.1,1,1,2,1,0,0,5,0,0.12,0.12,0.25,0.12,0.25,Matches,Liga Profesional de Fútbol Argentina,2025
74d84a14,Luciano Giménez,ar ARG,FW,24,11,10,789,8.8,2,1,3,2,0,0,2,1,0.23,0.11,0.34,0.23,0.34,Matches,Liga Profesional de Fútbol Argentina,2025
f775c775,Leonardo Sequeira,ar ARG,"FW,MF",29,22,9,955,10.6,1,0,1,1,0,1,3,0,0.09,0.00,0.09,0.09,0.09,Matches,Liga Profesional de Fútbol Argentina,2025
035db54d,Hernán De La Fuente,ar ARG,DF,28,13,8,709,7.9,0,0,0,0,0,0,2,0,0.00,0.00,0.00,0.00,0.00,Matches,Liga Profesional de Fútbol Argentina,2025
bd7e2715,Agustín Urzi,ar ARG,MF,24,22,7,831,9.2,1,1,2,1,0,0,1,0,0.11,0.11,0.22,0.11,0.22,Matches,Liga Profesional de Fútbol Argentina,2025
75aed4a8,Leandro Lescano,ar ARG,DF,21,12,5,619,6.9,2,1,3,2,0,0,3,0,0.29,0.15,0.44,0.29,0.44,Matches,Liga Profesional de Fútbol Argentina,2025
a919be14,Matías Tissera,ar ARG,FW,28,18,5,461,5.1,2,1,3,2,0,0,0,0,0.39,0.20,0.59,0.39,0.59,Matches,Liga Profesional de Fútbol Argentina,2025
6afd25e6,Hugo Nervo,ar ARG,DF,34,6,5,451,5.0,1,0,1,1,0,0,1,0,0.20,0.00,0.20,0.20,0.20,Matches,Liga Profesional de Fútbol Argentina,2025
a3f3cf7a,Sebastián Meza,ar ARG,GK,24,5,5,450,5.0,0,0,0,0,0,0,3,0,0.00,0.00,0.00,0.00,0.00,Matches,Liga Profesional de Fútbol Argentina,2025
d3b58aaa,Facundo Waller,uy URU,MF,27,7,5,444,4.9,0,1,1,0,0,0,1,0,0.00,0.20,0.20,0.00,0.20,Matches,Liga Profesional de Fútbol Argentina,2025
b1665f1b,Nicolás Omar Goitea,ar ARG,DF,27,5,2,274,3.0,0,0,0,0,0,0,0,0,0.00,0.00,0.00,0.00,0.00,Matches,Liga Profesional de Fútbol Argentina,2025
0d7ad669,Franco Watson,ar ARG,MF,25,5,2,197,2.2,0,0,0,0,0,0,0,0,0.00,0.00,0.00,0.00,0.00,Matches,Liga Profesional de Fútbol Argentina,2025
b537d6e6,Daniel Zabala,ar ARG,DF,22,2,2,101,1.1,0,0,0,0,0,0,0,0,0.00,0.00,0.00,0.00,0.00,Matches,Liga Profesional de Fútbol Argentina,2025
2bfc68c3,Lucas Carrizo,ar ARG,MF,27,3,1,96,1.1,0,0,0,0,0,0,0,0,0.00,0.00,0.00,0.00,0.00,Matches,Liga Profesional de Fútbol Argentina,2025
7d270ea5,Lautaro Mora,ar ARG,MF,18,1,1,59,0.7,0,0,0,0,0,0,0,0,0.00,0.00,0.00,0.00,0.00,Matches,Liga Profesional de Fútbol Argentina,2025
db5ee72d,Ramón Ábila,ar ARG,FW,35,13,0,261,2.9,0,0,0,0,0,0,1,0,0.00,0.00,0.00,0.00,0.00,Matches,Liga Profesional de Fútbol Argentina,2025
31db1f95,Taiel Peralta,ar ARG,MF,16,5,0,58,0.6,0,0,0,0,0,0,0,0,0.00,0.00,0.00,0.00,0.00,Matches,Liga Profesional de Fútbol Argentina,2025
45075f2f,Víctor Cantillo,co COL,MF,31,2,0,29,0.3,0,0,0,0,0,0,0,0,0.00,0.00,0.00,0.00,0.00,Matches,Liga Profesional de Fútbol Argentina,2025
c043d0ed,Luca Babino,ar ARG,MF,19,0,0,,,,,,,,,,,,,,,,Matches,Liga Profesional de Fútbol Argentina,2025
db8c83e8,Ignacio Campo,ar ARG,DF,19,0,0,,,,,,,,,,,,,,,,Matches,Liga Profesional de Fútbol Argentina,2025
7079cb81,Nazareno Durán,ar ARG,,20,0,0,,,,,,,,,,,,,,,,Matches,Liga Profesional de Fútbol Argentina,2025
0de1d20d,Santiago Moya,ar ARG,DF,21,0,0,,,,,,,,,,,,,,,,Matches,Liga Profesional de Fútbol Argentina,2025
bccbcdc2,Milton Ríos,ar ARG,MF,20,0,0,,,,,,,,,,,,,,,,Matches,Liga Profesional de Fútbol Argentina,2025
0631feb2,Aguilar Samaniego,ar ARG,DF,20,0,0,,,,,,,,,,,,,,,,Matches,Liga Profesional de Fútbol Argentina,2025
0f2ff991,Agostino Spina,ar ARG,MF,23,0,0,,,,,,,,,,,,,,,,Matches,Liga Profesional de Fútbol Argentina,2025
6d3f6a31,Tiago Palacios,uy URU,"MF,FW",23,30,29,"2,188",24.3,3,3,6,3,0,0,4,0,0.12,0.12,0.25,0.12,0.25,Matches,Liga Profesional de Fútbol Argentina,2025
e26fcca3,Santiago Ascacíbar,ar ARG,MF,27,29,28,"2,443",27.1,3,3,6,3,0,0,11,0,0.11,0.11,0.22,0.11,0.22,Matches,Liga Profesional de Fútbol Argentina,2025
759d8dd7,Santiago Arzamendia,py PAR,DF,26,26,23,"2,078",23.1,2,0,2,2,0,0,9,1,0.09,0.00,0.09,0.09,0.09,Matches,Liga Profesional de Fútbol Argentina,2025
da0fc816,Santiago Núñez,ar ARG,DF,24,25,21,"2,028",22.5,1,0,1,1,0,0,11,0,0.04,0.00,0.04,0.04,0.04,Matches,Liga Profesional de Fútbol Argentina,2025
5a0d551b,Cristian Medina,ar ARG,MF,22,26,20,"1,701",18.9,0,1,1,0,0,0,7,0,0.00,0.05,0.05,0.00,0.05,Matches,Liga Profesional de Fútbol Argentina,2025
ed020f1e,Facundo Rodríguez,ar ARG,DF,24,23,18,"1,660",18.4,1,0,1,1,0,0,5,0,0.05,0.00,0.05,0.05,0.05,Matches,Liga Profesional de Fútbol Argentina,2025
8f898ba8,Guido Carrillo,ar ARG,FW,33,26,18,"1,653",18.4,3,2,5,3,0,0,2,2,0.16,0.11,0.27,0.16,0.27,Matches,Liga Profesional de Fútbol Argentina,2025
47171e2c,Eric Meza,ar ARG,DF,25,22,17,"1,535",17.1,1,1,2,1,0,0,6,0,0.06,0.06,0.12,0.06,0.12,Matches,Liga Profesional de Fútbol Argentina,2025
30c0c914,Matías Mansilla,ar ARG,GK,28,16,16,"1,440",16.0,0,0,0,0,0,0,2,0,0.00,0.00,0.00,0.00,0.00,Matches,Liga Profesional de Fútbol Argentina,2025
a2abe631,Fernando Muslera,uy URU,GK,38,15,15,"1,350",15.0,0,0,0,0,0,0,1,0,0.00,0.00,0.00,0.00,0.00,Matches,Liga Profesional de Fútbol Argentina,2025
68084f40,Román Gómez,ar ARG,DF,20,17,14,"1,214",13.5,1,0,1,1,0,0,2,0,0.07,0.00,0.07,0.07,0.07,Matches,Liga Profesional de Fútbol Argentina,2025
2a03fb5f,Gabriel Neves,uy URU,MF,27,18,13,"1,173",13.0,2,1,3,2,0,0,2,1,0.15,0.08,0.23,0.15,0.23,Matches,Liga Profesional de Fútbol Argentina,2025
08576297,Sebastián Boselli,uy URU,DF,21,13,11,"1,044",11.6,0,0,0,0,0,0,3,0,0.00,0.00,0.00,0.00,0.00,Matches,Liga Profesional de Fútbol Argentina,2025
834d0be5,Lucas Alario,ar ARG,FW,32,19,11,938,10.4,1,0,1,0,1,1,2,0,0.10,0.00,0.10,0.00,0.00,Matches,Liga Profesional de Fútbol Argentina,2025
94e40a9f,Alexis Castro,ar ARG,MF,30,18,11,851,9.5,2,0,2,2,0,0,2,1,0.21,0.00,0.21,0.21,0.21,Matches,Liga Profesional de Fútbol Argentina,2025
1eecc0c6,José Sosa,ar ARG,MF,39,21,11,823,9.1,1,0,1,1,0,0,1,0,0.11,0.00,0.11,0.11,0.11,Matches,Liga Profesional de Fútbol Argentina,2025
9e81aaf7,Edwuin Cetré,co COL,"MF,FW",27,28,10,"1,253",13.9,4,3,7,3,1,1,5,0,0.29,0.22,0.50,0.22,0.43,Matches,Liga Profesional de Fútbol Argentina,2025
58a19703,Gastón Benedetti,ar ARG,DF,23,14,9,768,8.5,0,3,3,0,0,0,6,2,0.00,0.35,0.35,0.00,0.35,Matches,Liga Profesional de Fútbol Argentina,2025
95cf8804,Mikel Amondarain,ar ARG,MF,20,11,9,681,7.6,0,0,0,0,0,0,0,0,0.00,0.00,0.00,0.00,0.00,Matches,Liga Profesional de Fútbol Argentina,2025
27517ef6,Lucas Piovi,ar ARG,MF,32,14,8,762,8.5,0,0,0,0,0,0,3,0,0.00,0.00,0.00,0.00,0.00,Matches,Liga Profesional de Fútbol Argentina,2025
5ba1112c,Leandro González Pirez,ar ARG,DF,32,8,8,647,7.2,2,0,2,2,0,0,1,0,0.28,0.00,0.28,0.28,0.28,Matches,Liga Profesional de Fútbol Argentina,2025
89cbc961,Ramiro Funes Mori,ar ARG,DF,33,8,7,525,5.8,0,0,0,0,0,0,3,0,0.00,0.00,0.00,0.00,0.00,Matches,Liga Profesional de Fútbol Argentina,2025
e8a7b528,Joaquín Burgos,ar ARG,"MF,FW",20,13,6,530,5.9,3,1,4,3,0,0,1,0,0.51,0.17,0.68,0.51,0.68,Matches,Liga Profesional de Fútbol Argentina,2025
ebdd4e9f,Fabricio Pérez,ar ARG,"MF,FW",19,12,6,474,5.3,1,1,2,1,0,0,1,0,0.19,0.19,0.38,0.19,0.38,Matches,Liga Profesional de Fútbol Argentina,2025
8863ae75,Facundo Farías,ar ARG,"FW,MF",22,20,5,643,7.1,0,2,2,0,0,0,4,0,0.00,0.28,0.28,0.00,0.28,Matches,Liga Profesional de Fútbol Argentina,2025
6e159787,Alexis Manyoma,co COL,MF,22,11,2,375,4.2,0,0,0,0,0,0,1,0,0.00,0.00,0.00,0.00,0.00,Matches,Liga Profesional de Fútbol Argentina,2025
412f2985,Bautista Kociubinski,ar ARG,MF,23,5,2,184,2.0,0,0,0,0,0,0,1,0,0.00,0.00,0.00,0.00,0.00,Matches,Liga Profesional de Fútbol Argentina,2025
74d84a14,Luciano Giménez,ar ARG,FW,24,8,1,209,2.3,2,0,2,2,0,0,0,0,0.86,0.00,0.86,0.86,0.86,Matches,Liga Profesional de Fútbol Argentina,2025
f9e5a9cb,Máximo Desábato,ar ARG,DF,19,1,1,90,1.0,0,0,0,0,0,0,0,0,0.00,0.00,0.00,0.00,0.00,Matches,Liga Profesional de Fútbol Argentina,2025
bf6410b8,Fabricio Iacovich,ar ARG,GK,23,1,1,90,1.0,0,0,0,0,0,0,0,0,0.00,0.00,0.00,0.00,0.00,Matches,Liga Profesional de Fútbol Argentina,2025
8ef18ec1,Matías Magdaleno,ar ARG,DF,17,1,1,90,1.0,0,0,0,0,0,0,0,0,0.00,0.00,0.00,0.00,0.00,Matches,Liga Profesional de Fútbol Argentina,2025
25c72b36,Leonardo Suárez,ar ARG,"FW,MF",28,2,0,73,0.8,0,0,0,0,0,0,0,0,0.00,0.00,0.00,0.00,0.00,Matches,Liga Profesional de Fútbol Argentina,2025
44d74acd,Lucas Cornejo,ar ARG,MF,19,1,0,22,0.2,0,0,0,0,0,0,0,0,0.00,0.00,0.00,0.00,0.00,Matches,Liga Profesional de Fútbol Argentina,2025
efff0133,Franco Dominguez,,FW,,1,0,21,0.2,0,0,0,0,0,0,0,0,0.00,0.00,0.00,0.00,0.00,Matches,Liga Profesional de Fútbol Argentina,2025
e1494da2,Rodrigo Borzone,ar ARG,GK,20,0,0,,,,,,,,,,,,,,,,Matches,Liga Profesional de Fútbol Argentina,2025
c2105ec3,Emanuel Dall'Aglio,ar ARG,DF,19,0,0,,,,,,,,,,,,,,,,Matches,Liga Profesional de Fútbol Argentina,2025
0bc82a15,Galo Galarza,ar ARG,MF,20,0,0,,,,,,,,,,,,,,,,Matches,Liga Profesional de Fútbol Argentina,2025
12e579fa,Mauro Méndez,uy URU,FW,26,0,0,,,,,,,,,,,,,,,,Matches,Liga Profesional de Fútbol Argentina,2025
c03bfffd,Joaquín Pereyra,ar ARG,DF,19,0,0,,,,,,,,,,,,,,,,Matches,Liga Profesional de Fútbol Argentina,2025
50190225,Valente Pierani,ar ARG,DF,18,0,0,,,,,,,,,,,,,,,,Matches,Liga Profesional de Fútbol Argentina,2025
4b9b1f3a,Guido Herrera,ar ARG,GK,32,31,31,"2,745",30.5,0,0,0,0,0,0,4,0,0.00,0.00,0.00,0.00,0.00,Matches,Liga Profesional de Fútbol Argentina,2025
c52aaba0,Augusto Schott,ar ARG,"DF,MF",25,24,22,"1,997",22.2,4,1,5,4,0,0,4,0,0.18,0.05,0.23,0.18,0.23,Matches,Liga Profesional de Fútbol Argentina,2025
265893e5,Diego Ortegoza,cl CHI,MF,27,27,21,"1,820",20.2,3,1,4,3,0,0,8,1,0.15,0.05,0.20,0.15,0.20,Matches,Liga Profesional de Fútbol Argentina,2025
3fbff39a,Miguel Navarro,ve VEN,"DF,MF",25,24,20,"1,671",18.6,0,1,1,0,0,0,10,3,0.00,0.05,0.05,0.00,0.05,Matches,Liga Profesional de Fútbol Argentina,2025
ea24ce2c,Federico Girotti,ar ARG,FW,25,29,19,"1,762",19.6,1,1,2,1,0,0,3,0,0.05,0.05,0.10,0.05,0.10,Matches,Liga Profesional de Fútbol Argentina,2025
ea26f62e,Matías Galarza,ar ARG,MF,22,23,19,"1,614",17.9,1,0,1,1,0,0,5,0,0.06,0.00,0.06,0.06,0.06,Matches,Liga Profesional de Fútbol Argentina,2025
ad49f7fb,Juan Camilo Portilla,co COL,MF,26,23,19,"1,580",17.6,0,1,1,0,0,0,8,1,0.00,0.06,0.06,0.00,0.06,Matches,Liga Profesional de Fútbol Argentina,2025
d02cb5d7,Valentín Depietri,ar ARG,"MF,FW",24,28,18,"1,663",18.5,4,1,5,4,0,0,7,1,0.22,0.05,0.27,0.22,0.27,Matches,Liga Profesional de Fútbol Argentina,2025
ba6d9ff6,Rick,br BRA,"MF,FW",25,25,18,"1,422",15.8,1,0,1,1,0,0,2,0,0.06,0.00,0.06,0.06,0.06,Matches,Liga Profesional de Fútbol Argentina,2025
b11fd1e7,Rubén Botta,ar ARG,MF,35,23,15,"1,198",13.3,0,3,3,0,0,0,8,0,0.00,0.23,0.23,0.00,0.23,Matches,Liga Profesional de Fútbol Argentina,2025
18da6cc6,Juan Rodríguez,ar ARG,DF,30,16,13,"1,243",13.8,0,1,1,0,0,0,0,0,0.00,0.07,0.07,0.00,0.07,Matches,Liga Profesional de Fútbol Argentina,2025
2f9ae3a1,Juan Portillo,ar ARG,DF,24,13,13,"1,170",13.0,0,0,0,0,0,0,3,0,0.00,0.00,0.00,0.00,0.00,Matches,Liga Profesional de Fútbol Argentina,2025
8c6fe2bf,Santiago Fernández,ar ARG,DF,19,15,13,"1,095",12.2,0,0,0,0,0,0,4,0,0.00,0.00,0.00,0.00,0.00,Matches,Liga Profesional de Fútbol Argentina,2025
8f774c7f,Nahuel Bustos,ar ARG,"FW,MF",26,23,11,"1,002",11.1,1,0,1,1,0,1,4,0,0.09,0.00,0.09,0.09,0.09,Matches,Liga Profesional de Fútbol Argentina,2025
e7eab8e7,Matías Catalán,cl CHI,DF,32,11,11,950,10.6,0,0,0,0,0,0,0,0,0.00,0.00,0.00,0.00,0.00,Matches,Liga Profesional de Fútbol Argentina,2025
adc19df2,Gastón Benavídez,ar ARG,DF,29,11,10,886,9.8,2,1,3,2,0,0,0,0,0.20,0.10,0.30,0.20,0.30,Matches,Liga Profesional de Fútbol Argentina,2025
921f6058,José Luis Palomino,ar ARG,DF,35,10,10,860,9.6,0,0,0,0,0,0,2,0,0.00,0.00,0.00,0.00,0.00,Matches,Liga Profesional de Fútbol Argentina,2025
8e97a57b,Matías Galarza,py PAR,MF,22,13,10,823,9.1,0,0,0,0,0,0,1,0,0.00,0.00,0.00,0.00,0.00,Matches,Liga Profesional de Fútbol Argentina,2025
614b26e3,Emanuel Reynoso,ar ARG,MF,29,20,9,824,9.2,0,1,1,0,0,0,0,0,0.00,0.11,0.11,0.00,0.11,Matches,Liga Profesional de Fútbol Argentina,2025
8032e250,Gabriel Báez,ar ARG,"DF,MF",29,11,9,808,9.0,0,0,0,0,0,0,3,0,0.00,0.00,0.00,0.00,0.00,Matches,Liga Profesional de Fútbol Argentina,2025
87d8b5a3,Blas Riveros,py PAR,"DF,MF",26,12,6,718,8.0,0,1,1,0,0,0,0,0,0.00,0.13,0.13,0.00,0.13,Matches,Liga Profesional de Fútbol Argentina,2025
58754597,Joaquín Mosqueira,ar ARG,MF,20,20,6,632,7.0,0,0,0,0,0,0,2,0,0.00,0.00,0.00,0.00,0.00,Matches,Liga Profesional de Fútbol Argentina,2025
afc7a109,Mateo Caceres,ar ARG,MF,22,9,6,542,6.0,1,0,1,1,0,0,1,0,0.17,0.00,0.17,0.17,0.17,Matches,Liga Profesional de Fútbol Argentina,2025
e4a47bec,Sebastián Palacios,ar ARG,MF,33,11,5,433,4.8,0,0,0,0,0,0,0,0,0.00,0.00,0.00,0.00,0.00,Matches,Liga Profesional de Fútbol Argentina,2025
fe8334f8,Luis Sequeira,ar ARG,MF,22,6,4,333,3.7,1,0,1,1,0,0,0,0,0.27,0.00,0.27,0.27,0.27,Matches,Liga Profesional de Fútbol Argentina,2025
cb1916e0,Rodrigo Guth,br BRA,DF,24,4,4,315,3.5,0,0,0,0,0,0,0,0,0.00,0.00,0.00,0.00,0.00,Matches,Liga Profesional de Fútbol Argentina,2025
88ad94f7,Luis Angulo,co COL,FW,20,11,3,395,4.4,0,2,2,0,0,0,2,0,0.00,0.46,0.46,0.00,0.46,Matches,Liga Profesional de Fútbol Argentina,2025
e5cabba3,Tomás Cardona,ar ARG,DF,29,2,2,180,2.0,0,0,0,0,0,0,1,0,0.00,0.00,0.00,0.00,0.00,Matches,Liga Profesional de Fútbol Argentina,2025
244afd21,Marcos Portillo,ar ARG,MF,25,4,2,166,1.8,0,0,0,0,0,0,2,0,0.00,0.00,0.00,0.00,0.00,Matches,Liga Profesional de Fútbol Argentina,2025
a5ac5b47,Cristian Tarragona,ar ARG,FW,33,13,1,294,3.3,0,0,0,0,0,0,1,0,0.00,0.00,0.00,0.00,0.00,Matches,Liga Profesional de Fútbol Argentina,2025
578cbfc6,Matias Gomez,ar ARG,DF,19,6,1,146,1.6,0,0,0,0,0,0,0,0,0.00,0.00,0.00,0.00,0.00,Matches,Liga Profesional de Fútbol Argentina,2025
24bfa4d8,Javier Burrai,ec ECU,GK,34,2,1,135,1.5,0,0,0,0,0,0,0,0,0.00,0.00,0.00,0.00,0.00,Matches,Liga Profesional de Fútbol Argentina,2025
9e1242da,Ignacio Alastra,ar ARG,FW,17,2,0,50,0.6,0,0,0,0,0,0,0,0,0.00,0.00,0.00,0.00,0.00,Matches,Liga Profesional de Fútbol Argentina,2025
7cdcbfdc,Gustavo Albarracín,ar ARG,MF,18,0,0,,,,,,,,,,,,,,,,Matches,Liga Profesional de Fútbol Argentina,2025
ed30cce2,Lucas Alfonso,ar ARG,FW,18,0,0,,,,,,,,,,,,,,,,Matches,Liga Profesional de Fútbol Argentina,2025
58066a49,Santino Barbi,ar ARG,GK,19,0,0,,,,,,,,,,,,,,,,Matches,Liga Profesional de Fútbol Argentina,2025
4dff9e5a,Giovanni Baroni,ar ARG,MF,16,0,0,,,,,,,,,,,,,,,,Matches,Liga Profesional de Fútbol Argentina,2025
11a865cb,Bruno Barticciotto,cl CHI,"FW,MF",23,0,0,,,,,,,,,,,,,,,,Matches,Liga Profesional de Fútbol Argentina,2025
8d938a21,Timoteo Chamorro,ar ARG,DF,18,0,0,,,,,,,,,,,,,,,,Matches,Liga Profesional de Fútbol Argentina,2025
ce797009,Emiliano Chiavassa,ar ARG,FW,19,0,0,,,,,,,,,,,,,,,,Matches,Liga Profesional de Fútbol Argentina,2025
e7221684,Jeremías Florentín,ar ARG,GK,18,0,0,,,,,,,,,,,,,,,,Matches,Liga Profesional de Fútbol Argentina,2025
a0f37882,Jeremías Gallard,ar ARG,MF,20,0,0,,,,,,,,,,,,,,,,Matches,Liga Profesional de Fútbol Argentina,2025
293d358c,Valentín Gelos,ar ARG,DF,21,0,0,,,,,,,,,,,,,,,,Matches,Liga Profesional de Fútbol Argentina,2025
3c9d192d,Kevin Mantilla,co COL,DF,21,0,0,,,,,,,,,,,,,,,,Matches,Liga Profesional de Fútbol Argentina,2025
26f76d7b,Alejandro Martínez,ar ARG,"FW,MF",27,0,0,,,,,,,,,,,,,,,,Matches,Liga Profesional de Fútbol Argentina,2025
3075d81a,Tomás Olmos,ar ARG,MF,20,0,0,,,,,,,,,,,,,,,,Matches,Liga Profesional de Fútbol Argentina,2025
15d1d277,Santiago Puzzo,py PAR,MF,18,0,0,,,,,,,,,,,,,,,,Matches,Liga Profesional de Fútbol Argentina,2025
55e5e107,Matías Ruiz,ar ARG,DF,21,0,0,,,,,,,,,,,,,,,,Matches,Liga Profesional de Fútbol Argentina,2025
5ce0994c,Joaquín Salas,ar ARG,DF,17,0,0,,,,,,,,,,,,,,,,Matches,Liga Profesional de Fútbol Argentina,2025
a0c1c2b2,Emilio Suárez,ar ARG,DF,20,0,0,,,,,,,,,,,,,,,,Matches,Liga Profesional de Fútbol Argentina,2025
6a72010c,Nelson Insfrán,ar ARG,GK,29,29,29,"2,610",29.0,0,0,0,0,0,0,3,0,0.00,0.00,0.00,0.00,0.00,Matches,Liga Profesional de Fútbol Argentina,2025
638b2975,Pedro Silva Torrejón,ar ARG,DF,28,29,29,"2,469",27.4,0,1,1,0,0,0,4,0,0.00,0.04,0.04,0.00,0.04,Matches,Liga Profesional de Fútbol Argentina,2025
ba31fd7e,Juan Pintado,uy URU,DF,30,30,28,"2,485",27.6,0,2,2,0,0,0,5,0,0.00,0.07,0.07,0.00,0.07,Matches,Liga Profesional de Fútbol Argentina,2025
9c1b0d34,Gastón Suso,ar ARG,DF,33,27,26,"2,286",25.4,1,0,1,1,0,0,11,1,0.04,0.00,0.04,0.04,0.04,Matches,Liga Profesional de Fútbol Argentina,2025
d2a01eb2,Manuel Panaro,ar ARG,MF,22,27,19,"1,582",17.6,2,1,3,2,0,0,4,1,0.11,0.06,0.17,0.11,0.17,Matches,Liga Profesional de Fútbol Argentina,2025
54d90093,Renzo Giampaoli,ar ARG,DF,25,22,17,"1,432",15.9,0,0,0,0,0,0,5,0,0.00,0.00,0.00,0.00,0.00,Matches,Liga Profesional de Fútbol Argentina,2025
19cf6f7c,Leonardo Morales,ar ARG,DF,33,16,16,"1,421",15.8,1,0,1,1,0,0,2,0,0.06,0.00,0.06,0.06,0.06,Matches,Liga Profesional de Fútbol Argentina,2025
da71df54,Rodrigo Castillo,ar ARG,"FW,MF",25,16,16,"1,386",15.4,4,0,4,4,0,0,2,0,0.26,0.00,0.26,0.26,0.26,Matches,Liga Profesional de Fútbol Argentina,2025
56b2957b,Lucas Castro,ar ARG,MF,35,21,16,"1,284",14.3,1,1,2,1,0,0,5,0,0.07,0.07,0.14,0.07,0.14,Matches,Liga Profesional de Fútbol Argentina,2025
287e50ae,Marcelo Torres,ar ARG,FW,27,16,14,"1,092",12.1,7,0,7,5,2,2,2,0,0.58,0.00,0.58,0.41,0.41,Matches,Liga Profesional de Fútbol Argentina,2025
17a6ab02,Facundo Di Biasi,ar ARG,MF,19,17,13,"1,060",11.8,0,0,0,0,0,0,6,0,0.00,0.00,0.00,0.00,0.00,Matches,Liga Profesional de Fútbol Argentina,2025
6a526db6,Bautista Merlini,ar ARG,MF,29,23,12,"1,165",12.9,1,2,3,1,0,0,5,0,0.08,0.15,0.23,0.08,0.23,Matches,Liga Profesional de Fútbol Argentina,2025
32b8ceeb,Nicolás Garayalde,ar ARG,MF,25,18,12,937,10.4,1,0,1,1,0,0,7,0,0.10,0.00,0.10,0.10,0.10,Matches,Liga Profesional de Fútbol Argentina,2025
d07dab60,Alejandro Piedrahita,co COL,MF,22,16,11,959,10.7,0,3,3,0,0,0,3,0,0.00,0.28,0.28,0.00,0.28,Matches,Liga Profesional de Fútbol Argentina,2025
18e371a1,Alan Sosa,ar ARG,MF,21,17,9,871,9.7,0,0,0,0,0,0,0,0,0.00,0.00,0.00,0.00,0.00,Matches,Liga Profesional de Fútbol Argentina,2025
f236096a,Jeremias Merlo,,MF,,15,9,702,7.8,1,2,3,1,0,0,3,0,0.13,0.26,0.38,0.13,0.38,Matches,Liga Profesional de Fútbol Argentina,2025
b47b5b30,Norberto Briasco,am ARM,FW,28,18,8,769,8.5,0,1,1,0,0,0,5,0,0.00,0.12,0.12,0.00,0.12,Matches,Liga Profesional de Fútbol Argentina,2025
9ab48bde,Pablo de Blasis,ar ARG,MF,36,12,8,691,7.7,1,0,1,0,1,1,3,0,0.13,0.00,0.13,0.00,0.00,Matches,Liga Profesional de Fútbol Argentina,2025
f7560b9d,Martín Fernández,uy URU,MF,23,11,8,673,7.5,0,0,0,0,0,0,2,0,0.00,0.00,0.00,0.00,0.00,Matches,Liga Profesional de Fútbol Argentina,2025
6741884a,Mateo Seoane,ar ARG,MF,20,10,8,651,7.2,0,1,1,0,0,0,2,0,0.00,0.14,0.14,0.00,0.14,Matches,Liga Profesional de Fútbol Argentina,2025
5ae7b5dc,Augusto Max,ar ARG,MF,32,14,7,766,8.5,0,0,0,0,0,0,3,0,0.00,0.00,0.00,0.00,0.00,Matches,Liga Profesional de Fútbol Argentina,2025
f402e113,Fabricio Corbalan,ar ARG,"DF,MF",21,12,7,557,6.2,0,0,0,0,0,0,3,1,0.00,0.00,0.00,0.00,0.00,Matches,Liga Profesional de Fútbol Argentina,2025
f50b0b2b,Jan Carlos Hurtado,ve VEN,"FW,MF",24,13,6,609,6.8,0,0,0,0,0,0,2,0,0.00,0.00,0.00,0.00,0.00,Matches,Liga Profesional de Fútbol Argentina,2025
88473525,Enzo Martínez,uy URU,DF,26,6,4,400,4.4,0,0,0,0,0,0,1,0,0.00,0.00,0.00,0.00,0.00,Matches,Liga Profesional de Fútbol Argentina,2025
afa3a0a1,Nicolas Schelotto,ar ARG,MF,18,4,4,360,4.0,0,0,0,0,0,0,1,0,0.00,0.00,0.00,0.00,0.00,Matches,Liga Profesional de Fútbol Argentina,2025
7b18b6db,Germán Conti,ar ARG,DF,30,8,3,407,4.5,0,0,0,0,0,0,1,0,0.00,0.00,0.00,0.00,0.00,Matches,Liga Profesional de Fútbol Argentina,2025
e5b1d1e6,Luis Ingolotti,ar ARG,GK,25,3,3,270,3.0,0,0,0,0,0,0,0,0,0.00,0.00,0.00,0.00,0.00,Matches,Liga Profesional de Fútbol Argentina,2025
ba8b91f4,Juan Villalba,ar ARG,DF,18,5,2,224,2.5,0,0,0,0,0,0,0,0,0.00,0.00,0.00,0.00,0.00,Matches,Liga Profesional de Fútbol Argentina,2025
87c8ad97,Juan Yangali,ar ARG,MF,24,3,2,186,2.1,0,0,0,0,0,0,0,0,0.00,0.00,0.00,0.00,0.00,Matches,Liga Profesional de Fútbol Argentina,2025
e374a7f5,Maximiliano Zalazar,ar ARG,MF,23,4,2,108,1.2,0,0,0,0,0,0,1,0,0.00,0.00,0.00,0.00,0.00,Matches,Liga Profesional de Fútbol Argentina,2025
8b675255,Leandro Mamut,ar ARG,MF,21,11,1,309,3.4,0,0,0,0,0,0,0,0,0.00,0.00,0.00,0.00,0.00,Matches,Liga Profesional de Fútbol Argentina,2025
478f8f00,Ivo Mammini,ar ARG,FW,21,9,1,199,2.2,0,0,0,0,0,0,0,0,0.00,0.00,0.00,0.00,0.00,Matches,Liga Profesional de Fútbol Argentina,2025
5dcb4ac4,Junior Moreno,ve VEN,MF,31,3,1,95,1.1,0,0,0,0,0,0,1,0,0.00,0.00,0.00,0.00,0.00,Matches,Liga Profesional de Fútbol Argentina,2025
4c73909e,Diego Mastrángelo,ar ARG,MF,22,1,1,62,0.7,0,0,0,0,0,0,1,0,0.00,0.00,0.00,0.00,0.00,Matches,Liga Profesional de Fútbol Argentina,2025
57afb75f,Matías Melluso,ar ARG,DF,26,5,0,163,1.8,0,0,0,0,0,0,2,0,0.00,0.00,0.00,0.00,0.00,Matches,Liga Profesional de Fútbol Argentina,2025
b7668b24,Sebastián Lomonaco,ar ARG,FW,26,4,0,77,0.9,0,0,0,0,0,0,0,0,0.00,0.00,0.00,0.00,0.00,Matches,Liga Profesional de Fútbol Argentina,2025
ff94c3e2,Juan Pérez,co COL,MF,20,3,0,75,0.8,0,0,0,0,0,0,1,0,0.00,0.00,0.00,0.00,0.00,Matches,Liga Profesional de Fútbol Argentina,2025
ada762eb,Santiago Villarreal,ar ARG,MF,19,4,0,58,0.6,0,0,0,0,0,0,0,1,0.00,0.00,0.00,0.00,0.00,Matches,Liga Profesional de Fútbol Argentina,2025
811f1370,Franco Torres,ar ARG,FW,25,2,0,44,0.5,1,0,1,1,0,0,0,0,2.05,0.00,2.05,2.05,2.05,Matches,Liga Profesional de Fútbol Argentina,2025
3b6c0225,Jorge de Asís,ar ARG,FW,19,3,0,39,0.4,0,0,0,0,0,0,1,0,0.00,0.00,0.00,0.00,0.00,Matches,Liga Profesional de Fútbol Argentina,2025
5b8730ca,Pablo Aguiar,ar ARG,MF,18,2,0,20,0.2,0,0,0,0,0,0,0,0,0.00,0.00,0.00,0.00,0.00,Matches,Liga Profesional de Fútbol Argentina,2025
a01ac08d,Juan Cortazzo,ar ARG,DF,19,0,0,,,,,,,,,,,,,,,,Matches,Liga Profesional de Fútbol Argentina,2025
12bc01fb,Alejo Gelsomino,ar ARG,DF,19,0,0,,,,,,,,,,,,,,,,Matches,Liga Profesional de Fútbol Argentina,2025
c5282c88,Gonzalo González,ar ARG,FW,29,0,0,,,,,,,,,,,,,,,,Matches,Liga Profesional de Fútbol Argentina,2025
11836a3f,Santino Primante,ar ARG,FW,20,0,0,,,,,,,,,,,,,,,,Matches,Liga Profesional de Fútbol Argentina,2025
853b7c48,Agustín Marchesín,ar ARG,GK,36,29,29,"2,609",29.0,0,0,0,0,0,0,3,0,0.00,0.00,0.00,0.00,0.00,Matches,Liga Profesional de Fútbol Argentina,2025
1657f448,Lautaro Blanco,ar ARG,DF,25,27,27,"2,409",26.8,1,2,3,1,0,0,5,0,0.04,0.07,0.11,0.04,0.11,Matches,Liga Profesional de Fútbol Argentina,2025
c8e47776,Carlos Palacios,cl CHI,MF,24,25,23,"1,857",20.6,3,4,7,3,0,0,4,0,0.15,0.19,0.34,0.15,0.34,Matches,Liga Profesional de Fútbol Argentina,2025
307224a2,Miguel Merentiel,uy URU,FW,28,32,22,"1,934",21.5,11,4,15,10,1,1,2,0,0.51,0.19,0.70,0.47,0.65,Matches,Liga Profesional de Fútbol Argentina,2025
d637fc22,Rodrigo Battaglia,ar ARG,"DF,MF",33,24,21,"1,967",21.9,4,0,4,4,0,0,5,0,0.18,0.00,0.18,0.18,0.18,Matches,Liga Profesional de Fútbol Argentina,2025
7b58c3c3,Lautaro Di Lollo,ar ARG,DF,20,24,19,"1,819",20.2,3,0,3,3,0,0,8,0,0.15,0.00,0.15,0.15,0.15,Matches,Liga Profesional de Fútbol Argentina,2025
3f831989,Ayrton Costa,ar ARG,DF,25,19,16,"1,535",17.1,2,0,2,2,0,0,6,1,0.12,0.00,0.12,0.12,0.12,Matches,Liga Profesional de Fútbol Argentina,2025
526f7e39,Milton Giménez,ar ARG,FW,28,23,16,"1,465",16.3,9,3,12,9,0,0,6,0,0.55,0.18,0.74,0.55,0.74,Matches,Liga Profesional de Fútbol Argentina,2025
527f063d,Edinson Cavani,uy URU,FW,37,18,16,"1,341",14.9,4,2,6,3,1,3,4,0,0.27,0.13,0.40,0.20,0.34,Matches,Liga Profesional de Fútbol Argentina,2025
6bdb7078,Juan Barinaga,ar ARG,DF,24,17,15,"1,333",14.8,0,2,2,0,0,0,2,0,0.00,0.14,0.14,0.00,0.14,Matches,Liga Profesional de Fútbol Argentina,2025
947949f1,Milton Delgado,ar ARG,MF,19,18,15,"1,317",14.6,0,1,1,0,0,0,3,0,0.00,0.07,0.07,0.00,0.07,Matches,Liga Profesional de Fútbol Argentina,2025
dff153a4,Leandro Paredes,ar ARG,MF,30,14,13,"1,187",13.2,1,4,5,0,1,1,3,0,0.08,0.30,0.38,0.00,0.30,Matches,Liga Profesional de Fútbol Argentina,2025
16349210,Alan Velasco,ar ARG,"MF,FW",22,22,13,"1,057",11.7,1,1,2,1,0,0,5,0,0.09,0.09,0.17,0.09,0.17,Matches,Liga Profesional de Fútbol Argentina,2025
9928bf1a,Tomás Belmonte,ar ARG,MF,26,17,12,"1,073",11.9,0,0,0,0,0,0,3,0,0.00,0.00,0.00,0.00,0.00,Matches,Liga Profesional de Fútbol Argentina,2025
e0991c04,Marcos Rojo,ar ARG,DF,34,11,11,859,9.5,1,0,1,1,0,0,3,0,0.10,0.00,0.10,0.10,0.10,Matches,Liga Profesional de Fútbol Argentina,2025
cacadf4f,Luis Advíncula,pe PER,"DF,MF",34,19,10,"1,054",11.7,1,1,2,1,0,0,3,0,0.09,0.09,0.17,0.09,0.17,Matches,Liga Profesional de Fútbol Argentina,2025
edfebd8d,Brian Aguirre,ar ARG,MF,21,16,10,732,8.1,1,2,3,1,0,0,0,0,0.12,0.25,0.37,0.12,0.37,Matches,Liga Profesional de Fútbol Argentina,2025
02f9fb61,Exequiel Zeballos,ar ARG,"MF,FW",22,25,9,"1,018",11.3,5,3,8,5,0,1,1,0,0.44,0.27,0.71,0.44,0.71,Matches,Liga Profesional de Fútbol Argentina,2025
8f0d8b0a,Kevin Zenon,ar ARG,MF,23,22,9,926,10.3,2,0,2,2,0,0,1,1,0.19,0.00,0.19,0.19,0.19,Matches,Liga Profesional de Fútbol Argentina,2025
325d990a,William Alarcón,cl CHI,MF,24,19,8,788,8.8,0,1,1,0,0,0,4,0,0.00,0.11,0.11,0.00,0.11,Matches,Liga Profesional de Fútbol Argentina,2025
4b97076c,Lucas Blondel,ch SUI,"DF,MF",28,9,7,545,6.1,0,1,1,0,0,0,1,0,0.00,0.17,0.17,0.00,0.17,Matches,Liga Profesional de Fútbol Argentina,2025
18950a80,Marco Pellegrino,ar ARG,DF,22,6,6,540,6.0,0,0,0,0,0,0,2,0,0.00,0.00,0.00,0.00,0.00,Matches,Liga Profesional de Fútbol Argentina,2025
436a9dd0,Ander Herrera,es ESP,MF,35,12,5,441,4.9,0,0,0,0,0,0,1,0,0.00,0.00,0.00,0.00,0.00,Matches,Liga Profesional de Fútbol Argentina,2025
1c96ad85,Marcelo Saracchi,uy URU,"DF,MF",26,6,4,360,4.0,1,0,1,1,0,0,1,0,0.25,0.00,0.25,0.25,0.25,Matches,Liga Profesional de Fútbol Argentina,2025
94454e87,Camilo Rey,ar ARG,MF,18,5,3,305,3.4,0,0,0,0,0,0,0,0,0.00,0.00,0.00,0.00,0.00,Matches,Liga Profesional de Fútbol Argentina,2025
0827937d,Leandro Brey,ar ARG,GK,22,4,3,271,3.0,0,0,0,0,0,0,0,0,0.00,0.00,0.00,0.00,0.00,Matches,Liga Profesional de Fútbol Argentina,2025
7cc9bb66,Malcom Braida,ar ARG,MF,27,5,3,256,2.8,0,0,0,0,0,0,1,0,0.00,0.00,0.00,0.00,0.00,Matches,Liga Profesional de Fútbol Argentina,2025
91e44066,Jorge Figal,ar ARG,DF,30,2,2,161,1.8,0,0,0,0,0,0,0,0,0.00,0.00,0.00,0.00,0.00,Matches,Liga Profesional de Fútbol Argentina,2025
f3f2db7a,Lucas Janson,ar ARG,MF,30,4,1,118,1.3,0,0,0,0,0,0,0,0,0.00,0.00,0.00,0.00,0.00,Matches,Liga Profesional de Fútbol Argentina,2025
feccb595,Frank Fabra,co COL,DF,33,2,1,111,1.2,0,0,0,0,0,0,1,0,0.00,0.00,0.00,0.00,0.00,Matches,Liga Profesional de Fútbol Argentina,2025
e43a4083,Ignacio Miramon,ar ARG,MF,21,3,1,102,1.1,0,0,0,0,0,0,1,0,0.00,0.00,0.00,0.00,0.00,Matches,Liga Profesional de Fútbol Argentina,2025
881aa581,Mateo Mendía,ar ARG,DF,20,2,1,91,1.0,0,0,0,0,0,0,0,0,0.00,0.00,0.00,0.00,0.00,Matches,Liga Profesional de Fútbol Argentina,2025
591bf874,Agustín Martegani,ar ARG,MF,24,1,1,57,0.6,0,0,0,0,0,0,0,0,0.00,0.00,0.00,0.00,0.00,Matches,Liga Profesional de Fútbol Argentina,2025
e722a6e6,Joaquín Ruíz,ar ARG,MF,18,1,0,26,0.3,0,0,0,0,0,0,0,0,0.00,0.00,0.00,0.00,0.00,Matches,Liga Profesional de Fútbol Argentina,2025
a2f24dc6,Santiago Dalmasso,ar ARG,MF,20,1,0,12,0.1,0,0,0,0,0,0,0,0,0.00,0.00,0.00,0.00,0.00,Matches,Liga Profesional de Fútbol Argentina,2025
55c66abd,Javier Hernán García,ar ARG,GK,38,0,0,,,,,,,,,,,,,,,,Matches,Liga Profesional de Fútbol Argentina,2025
2c20f2fb,Cristian Lema,ar ARG,DF,34,0,0,,,,,,,,,,,,,,,,Matches,Liga Profesional de Fútbol Argentina,2025
281c8dd7,Valentino Simoni,ar ARG,MF,20,0,0,,,,,,,,,,,,,,,,Matches,Liga Profesional de Fútbol Argentina,2025
b50e5848,Manuel Roffo,ar ARG,GK,24,32,32,"2,880",32.0,0,0,0,0,0,0,3,0,0.00,0.00,0.00,0.00,0.00,Matches,Liga Profesional de Fútbol Argentina,2025
b4c8e4c5,Fernando Alarcón,ar ARG,DF,30,31,31,"2,783",30.9,0,1,1,0,0,0,9,1,0.00,0.03,0.03,0.00,0.03,Matches,Liga Profesional de Fútbol Argentina,2025
cf85ad26,Alex Luna,ar ARG,"MF,FW",20,31,31,"2,628",29.2,8,3,11,6,2,2,8,0,0.27,0.10,0.38,0.21,0.31,Matches,Liga Profesional de Fútbol Argentina,2025
0373879c,Gastón Lodico,ar ARG,MF,26,31,30,"2,376",26.4,6,2,8,5,1,1,2,0,0.23,0.08,0.30,0.19,0.27,Matches,Liga Profesional de Fútbol Argentina,2025
6015ddd0,Juan Franco Arrellaga,py PAR,DF,32,24,24,"2,160",24.0,0,1,1,0,0,0,7,0,0.00,0.04,0.04,0.00,0.04,Matches,Liga Profesional de Fútbol Argentina,2025
e2c0f4bf,Nicolás Zalazar,ar ARG,DF,28,21,19,"1,661",18.5,1,1,2,1,0,0,4,0,0.05,0.05,0.11,0.05,0.11,Matches,Liga Profesional de Fútbol Argentina,2025
1cc51702,Francis Mac Allister,ar ARG,MF,29,21,18,"1,347",15.0,0,1,1,0,0,0,7,1,0.00,0.07,0.07,0.00,0.07,Matches,Liga Profesional de Fútbol Argentina,2025
ffaebee2,Lucas Rodríguez,ar ARG,"DF,MF",31,21,16,"1,428",15.9,0,0,0,0,0,0,2,0,0.00,0.00,0.00,0.00,0.00,Matches,Liga Profesional de Fútbol Argentina,2025
d27d8a0b,Elías Pereyra,ar ARG,"DF,MF",25,21,16,"1,415",15.7,0,0,0,0,0,0,4,0,0.00,0.00,0.00,0.00,0.00,Matches,Liga Profesional de Fútbol Argentina,2025
c24da22e,Stéfano Moreyra,ar ARG,MF,23,25,15,"1,495",16.6,1,0,1,1,0,0,8,0,0.06,0.00,0.06,0.06,0.06,Matches,Liga Profesional de Fútbol Argentina,2025
bfaeb90e,Damián Puebla,ar ARG,MF,22,25,14,"1,227",13.6,2,0,2,2,0,0,3,0,0.15,0.00,0.15,0.15,0.15,Matches,Liga Profesional de Fútbol Argentina,2025
0f978661,Gonzalo Requena,ar ARG,DF,21,14,13,"1,197",13.3,0,0,0,0,0,0,4,0,0.00,0.00,0.00,0.00,0.00,Matches,Liga Profesional de Fútbol Argentina,2025
0b419c37,Jonás Acevedo,ar ARG,MF,27,22,11,"1,055",11.7,1,0,1,1,0,0,3,0,0.09,0.00,0.09,0.09,0.09,Matches,Liga Profesional de Fútbol Argentina,2025
78f10ec0,Nicolás Cordero,ar ARG,FW,25,12,11,738,8.2,0,0,0,0,0,0,1,0,0.00,0.00,0.00,0.00,0.00,Matches,Liga Profesional de Fútbol Argentina,2025
c072476b,Leonel Mosevich,ar ARG,DF,27,11,10,859,9.5,0,0,0,0,0,0,4,0,0.00,0.00,0.00,0.00,0.00,Matches,Liga Profesional de Fútbol Argentina,2025
be1395da,Damián Batallini,ar ARG,MF,28,12,10,717,8.0,2,0,2,2,0,0,3,0,0.25,0.00,0.25,0.25,0.25,Matches,Liga Profesional de Fútbol Argentina,2025
40b1ca34,Luca Klimowicz,ar ARG,"FW,MF",20,19,8,744,8.3,0,0,0,0,0,0,1,0,0.00,0.00,0.00,0.00,0.00,Matches,Liga Profesional de Fútbol Argentina,2025
1ab5bb32,Emanuel Beltrán,uy URU,MF,27,8,8,707,7.9,0,0,0,0,0,0,1,0,0.00,0.00,0.00,0.00,0.00,Matches,Liga Profesional de Fútbol Argentina,2025
2c211e2d,Juan Romero,py PAR,"FW,MF",23,10,7,635,7.1,0,1,1,0,0,0,2,0,0.00,0.14,0.14,0.00,0.14,Matches,Liga Profesional de Fútbol Argentina,2025
fdac9284,Jhon Córdoba,co COL,"MF,FW",24,10,5,586,6.5,2,0,2,2,0,0,1,0,0.31,0.00,0.31,0.31,0.31,Matches,Liga Profesional de Fútbol Argentina,2025
0085841a,Matías Godoy,ar ARG,MF,23,11,5,407,4.5,0,1,1,0,0,0,4,1,0.00,0.22,0.22,0.00,0.22,Matches,Liga Profesional de Fútbol Argentina,2025
a92c629d,Matias Fonseca,uy URU,FW,23,12,4,492,5.5,0,1,1,0,0,0,0,0,0.00,0.18,0.18,0.00,0.18,Matches,Liga Profesional de Fútbol Argentina,2025
035a3093,Juan Ignacio Méndez,ar ARG,MF,27,9,4,363,4.0,0,0,0,0,0,0,3,0,0.00,0.00,0.00,0.00,0.00,Matches,Liga Profesional de Fútbol Argentina,2025
c4232f83,Facundo Suárez,ar ARG,FW,30,4,4,340,3.8,1,0,1,0,1,1,0,0,0.26,0.00,0.26,0.00,0.00,Matches,Liga Profesional de Fútbol Argentina,2025
f1a9a9f0,Jeremías Lázaro,ar ARG,MF,20,17,3,560,6.2,0,1,1,0,0,0,1,0,0.00,0.16,0.16,0.00,0.16,Matches,Liga Profesional de Fútbol Argentina,2025
a8150001,Franco Díaz,ar ARG,MF,24,12,2,349,3.9,0,1,1,0,0,0,1,0,0.00,0.26,0.26,0.00,0.26,Matches,Liga Profesional de Fútbol Argentina,2025
850f3b42,Jonathan Dellarossa,ar ARG,FW,25,8,1,169,1.9,0,1,1,0,0,0,0,0,0.00,0.53,0.53,0.00,0.53,Matches,Liga Profesional de Fútbol Argentina,2025
6a00c4b0,Silvio Romero,ar ARG,FW,36,8,0,112,1.2,0,0,0,0,0,0,1,0,0.00,0.00,0.00,0.00,0.00,Matches,Liga Profesional de Fútbol Argentina,2025
b6c7daef,Matías Gallardo,ar ARG,MF,21,7,0,98,1.1,0,0,0,0,0,0,0,0,0.00,0.00,0.00,0.00,0.00,Matches,Liga Profesional de Fútbol Argentina,2025
53ea4157,Francesco Lo Celso,ar ARG,MF,24,1,0,35,0.4,0,0,0,0,0,0,0,0,0.00,0.00,0.00,0.00,0.00,Matches,Liga Profesional de Fútbol Argentina,2025
ca7d2ac8,Lorenzo Albarracín,ar ARG,FW,17,1,0,24,0.3,0,0,0,0,0,0,0,0,0.00,0.00,0.00,0.00,0.00,Matches,Liga Profesional de Fútbol Argentina,2025
5ff9a0ff,Manuel Avellaneda,ar ARG,FW,19,0,0,,,,,,,,,,,,,,,,Matches,Liga Profesional de Fútbol Argentina,2025
6159b1e9,Agustin Bravo,ar ARG,DF,23,0,0,,,,,,,,,,,,,,,,Matches,Liga Profesional de Fútbol Argentina,2025
0cc742f4,Lautaro Carrera,ar ARG,DF,21,0,0,,,,,,,,,,,,,,,,Matches,Liga Profesional de Fútbol Argentina,2025
c6f21917,Matías Klimowicz,ar ARG,FW,17,0,0,,,,,,,,,,,,,,,,Matches,Liga Profesional de Fútbol Argentina,2025
f0c1e659,Joaquin Medina,ar ARG,MF,19,0,0,,,,,,,,,,,,,,,,Matches,Liga Profesional de Fútbol Argentina,2025
96abc4be,Joaquín Papaleo,ar ARG,GK,30,0,0,,,,,,,,,,,,,,,,Matches,Liga Profesional de Fútbol Argentina,2025
fbff1a2d,Emanuel Sittaro,ar ARG,GK,25,0,0,,,,,,,,,,,,,,,,Matches,Liga Profesional de Fútbol Argentina,2025
b3e42951,Franco Armani,ar ARG,GK,38,30,30,"2,700",30.0,0,0,0,0,0,0,3,0,0.00,0.00,0.00,0.00,0.00,Matches,Liga Profesional de Fútbol Argentina,2025
3ec3c1c9,Lucas Martínez Quarta,ar ARG,DF,28,22,22,"1,902",21.1,1,0,1,1,0,0,12,1,0.05,0.00,0.05,0.05,0.05,Matches,Liga Profesional de Fútbol Argentina,2025
81442ecb,Marcos Acuña,ar ARG,"DF,MF",33,23,21,"1,803",20.0,0,1,1,0,0,0,9,0,0.00,0.05,0.05,0.00,0.05,Matches,Liga Profesional de Fútbol Argentina,2025
69a6523a,Facundo Colidio,ar ARG,FW,25,26,21,"1,527",17.0,6,3,9,6,0,0,4,0,0.35,0.18,0.53,0.35,0.53,Matches,Liga Profesional de Fútbol Argentina,2025
374d5158,Gonzalo Montiel,ar ARG,DF,28,20,19,"1,616",18.0,3,3,6,3,0,0,4,0,0.17,0.17,0.33,0.17,0.33,Matches,Liga Profesional de Fútbol Argentina,2025
6d27cfc2,Enzo Pérez,ar ARG,MF,38,21,19,"1,470",16.3,0,0,0,0,0,0,3,1,0.00,0.00,0.00,0.00,0.00,Matches,Liga Profesional de Fútbol Argentina,2025
a8eeadaf,Giuliano Galoppo,ar ARG,MF,25,21,17,"1,294",14.4,5,1,6,5,0,0,4,0,0.35,0.07,0.42,0.35,0.42,Matches,Liga Profesional de Fútbol Argentina,2025
3906e923,Paulo Díaz,cl CHI,DF,30,18,16,"1,439",16.0,0,1,1,0,0,0,4,0,0.00,0.06,0.06,0.00,0.06,Matches,Liga Profesional de Fútbol Argentina,2025
c393c3d9,Kevin Castaño,co COL,MF,24,19,16,"1,431",15.9,0,0,0,0,0,0,7,0,0.00,0.00,0.00,0.00,0.00,Matches,Liga Profesional de Fútbol Argentina,2025
60e86875,Sebastián Driussi,ar ARG,"FW,MF",28,20,14,"1,072",11.9,5,1,6,5,0,0,2,0,0.42,0.08,0.50,0.42,0.50,Matches,Liga Profesional de Fútbol Argentina,2025
211dc5fd,Miguel Borja,co COL,FW,32,29,13,"1,562",17.4,7,1,8,6,1,3,6,0,0.40,0.06,0.46,0.35,0.40,Matches,Liga Profesional de Fútbol Argentina,2025
8c725b43,Germán Pezzella,ar ARG,DF,33,16,13,"1,138",12.6,0,0,0,0,0,0,3,0,0.00,0.00,0.00,0.00,0.00,Matches,Liga Profesional de Fútbol Argentina,2025
82549f54,Fabricio Bustos,ar ARG,DF,28,15,12,"1,053",11.7,0,0,0,0,0,0,2,0,0.00,0.00,0.00,0.00,0.00,Matches,Liga Profesional de Fútbol Argentina,2025
c3c12758,Maximiliano Salas,ar ARG,FW,27,12,11,895,9.9,2,2,4,2,0,0,2,1,0.20,0.20,0.40,0.20,0.40,Matches,Liga Profesional de Fútbol Argentina,2025
7dc4f16a,Milton Casco,ar ARG,DF,36,16,10,"1,114",12.4,0,2,2,0,0,0,3,0,0.00,0.16,0.16,0.00,0.16,Matches,Liga Profesional de Fútbol Argentina,2025
2f9ae3a1,Juan Portillo,ar ARG,"MF,DF",24,11,10,872,9.7,0,0,0,0,0,0,3,1,0.00,0.00,0.00,0.00,0.00,Matches,Liga Profesional de Fútbol Argentina,2025
c1e3b5e9,Lautaro Rivero,ar ARG,DF,21,10,10,796,8.8,0,0,0,0,0,0,4,0,0.00,0.00,0.00,0.00,0.00,Matches,Liga Profesional de Fútbol Argentina,2025
633b2b1f,Franco Mastantuono,ar ARG,FW,17,10,9,748,8.3,3,3,6,3,0,0,3,0,0.36,0.36,0.72,0.36,0.72,Matches,Liga Profesional de Fútbol Argentina,2025
8d88e3be,Santiago Lencina,ar ARG,"MF,FW",19,14,9,684,7.6,3,0,3,3,0,0,2,0,0.39,0.00,0.39,0.39,0.39,Matches,Liga Profesional de Fútbol Argentina,2025
e5e15e0a,Maximiliano Meza,ar ARG,"MF,FW",32,15,8,803,8.9,1,1,2,1,0,0,4,0,0.11,0.11,0.22,0.11,0.22,Matches,Liga Profesional de Fútbol Argentina,2025
540d0b37,Juan Quintero,co COL,"MF,FW",32,12,8,679,7.5,0,2,2,0,0,0,0,0,0.00,0.27,0.27,0.00,0.27,Matches,Liga Profesional de Fútbol Argentina,2025
97a17c0b,Ignacio Fernández,ar ARG,MF,35,14,5,513,5.7,2,3,5,2,0,0,1,0,0.35,0.53,0.88,0.35,0.88,Matches,Liga Profesional de Fútbol Argentina,2025
8a825742,Santiago Simón,ar ARG,MF,22,11,5,489,5.4,0,0,0,0,0,0,0,1,0.00,0.00,0.00,0.00,0.00,Matches,Liga Profesional de Fútbol Argentina,2025
8b259046,Rodrigo Aliendro,ar ARG,MF,33,11,5,482,5.4,1,0,1,1,0,0,2,0,0.19,0.00,0.19,0.19,0.19,Matches,Liga Profesional de Fútbol Argentina,2025
8e97a57b,Matías Galarza,py PAR,MF,22,9,4,532,5.9,0,0,0,0,0,0,4,0,0.00,0.00,0.00,0.00,0.00,Matches,Liga Profesional de Fútbol Argentina,2025
f9e8a841,Ian Subiabre,ar ARG,"MF,FW",18,12,4,436,4.8,1,1,2,1,0,0,3,0,0.21,0.21,0.41,0.21,0.41,Matches,Liga Profesional de Fútbol Argentina,2025
26f6dca8,Manuel Lanzini,ar ARG,MF,31,9,4,394,4.4,0,0,0,0,0,0,0,0,0.00,0.00,0.00,0.00,0.00,Matches,Liga Profesional de Fútbol Argentina,2025
cd00ceea,Gonzalo Nicolás Martínez,ar ARG,"MF,FW",31,9,3,345,3.8,0,2,2,0,0,0,1,0,0.00,0.52,0.52,0.00,0.52,Matches,Liga Profesional de Fútbol Argentina,2025
05df2936,Juan Meza,ar ARG,MF,16,8,2,223,2.5,0,0,0,0,0,0,0,0,0.00,0.00,0.00,0.00,0.00,Matches,Liga Profesional de Fútbol Argentina,2025
08576297,Sebastián Boselli,uy URU,DF,21,3,2,200,2.2,0,0,0,0,0,0,0,0,0.00,0.00,0.00,0.00,0.00,Matches,Liga Profesional de Fútbol Argentina,2025
314bdac5,Matías Kranevitter,ar ARG,MF,31,4,2,198,2.2,0,0,0,0,0,0,1,0,0.00,0.00,0.00,0.00,0.00,Matches,Liga Profesional de Fútbol Argentina,2025
5ba1112c,Leandro González Pirez,ar ARG,DF,32,2,2,180,2.0,0,0,0,0,0,0,2,0,0.00,0.00,0.00,0.00,0.00,Matches,Liga Profesional de Fútbol Argentina,2025
6c4776b1,Jeremías Ledesma,ar ARG,GK,31,2,2,180,2.0,0,0,0,0,0,0,0,0,0.00,0.00,0.00,0.00,0.00,Matches,Liga Profesional de Fútbol Argentina,2025
cdbd6b8a,Gonzalo Tapia,cl CHI,FW,22,6,1,159,1.8,0,0,0,0,0,0,1,0,0.00,0.00,0.00,0.00,0.00,Matches,Liga Profesional de Fútbol Argentina,2025
89ad66a3,Thiago Acosta,ar ARG,MF,19,3,1,118,1.3,0,0,0,0,0,0,0,0,0.00,0.00,0.00,0.00,0.00,Matches,Liga Profesional de Fútbol Argentina,2025
3148408c,Juan Dadin,ar ARG,FW,18,4,1,117,1.3,0,1,1,0,0,0,0,0,0.00,0.77,0.77,0.00,0.77,Matches,Liga Profesional de Fútbol Argentina,2025
239a0c62,Agustín De la Cuesta,ar ARG,MF,19,1,1,61,0.7,0,0,0,0,0,0,0,0,0.00,0.00,0.00,0.00,0.00,Matches,Liga Profesional de Fútbol Argentina,2025
f2416544,Matías Rojas,py PAR,"FW,MF",29,5,0,112,1.2,1,0,1,1,0,0,0,0,0.80,0.00,0.80,0.80,0.80,Matches,Liga Profesional de Fútbol Argentina,2025
7ecb2377,Cristian Jaime,ar ARG,FW,18,2,0,75,0.8,0,0,0,0,0,0,1,0,0.00,0.00,0.00,0.00,0.00,Matches,Liga Profesional de Fútbol Argentina,2025
c31fecb1,Agustín Obregón,ar ARG,DF,18,1,0,70,0.8,0,0,0,0,0,0,1,0,0.00,0.00,0.00,0.00,0.00,Matches,Liga Profesional de Fútbol Argentina,2025
62420800,Joaquín Freitas,ar ARG,FW,18,1,0,17,0.2,0,0,0,0,0,0,0,0,0.00,0.00,0.00,0.00,0.00,Matches,Liga Profesional de Fútbol Argentina,2025
17e34547,Pablo Solari,ar ARG,"FW,MF",23,1,0,17,0.2,0,0,0,0,0,0,0,0,0.00,0.00,0.00,0.00,0.00,Matches,Liga Profesional de Fútbol Argentina,2025
b56569c4,Giorgio Costantini,br BRA,MF,18,2,0,14,0.2,0,0,0,0,0,0,0,0,0.00,0.00,0.00,0.00,0.00,Matches,Liga Profesional de Fútbol Argentina,2025
391181ed,Lisandro Bajú,ar ARG,DF,19,0,0,,,,,,,,,,,,,,,,Matches,Liga Profesional de Fútbol Argentina,2025
83340875,Santiago Beltrán,ar ARG,GK,20,0,0,,,,,,,,,,,,,,,,Matches,Liga Profesional de Fútbol Argentina,2025
86087757,Federico Gattoni,ar ARG,DF,25,0,0,,,,,,,,,,,,,,,,Matches,Liga Profesional de Fútbol Argentina,2025
78104f06,Ulises Giménez,ar ARG,DF,19,0,0,,,,,,,,,,,,,,,,Matches,Liga Profesional de Fútbol Argentina,2025
f595ea9c,Facundo González,ar ARG,DF,18,0,0,,,,,,,,,,,,,,,,Matches,Liga Profesional de Fútbol Argentina,2025
662e20a9,Franco Jaroszewicz,ar ARG,GK,18,0,0,,,,,,,,,,,,,,,,Matches,Liga Profesional de Fútbol Argentina,2025
a61bbe15,Agustín Ruberto,ar ARG,FW,19,0,0,,,,,,,,,,,,,,,,Matches,Liga Profesional de Fútbol Argentina,2025
2d4eefca,Gastón Martirena,uy URU,"MF,DF",25,25,21,"1,899",21.1,2,4,6,2,0,0,4,0,0.09,0.19,0.28,0.09,0.28,Matches,Liga Profesional de Fútbol Argentina,2025
6c513f98,Adrián Martínez,ar ARG,FW,32,23,21,"1,827",20.3,10,1,11,9,1,1,8,0,0.49,0.05,0.54,0.44,0.49,Matches,Liga Profesional de Fútbol Argentina,2025
8127de9b,Nazareno Colombo,ar ARG,DF,25,23,19,"1,790",19.9,1,1,2,1,0,0,6,0,0.05,0.05,0.10,0.05,0.10,Matches,Liga Profesional de Fútbol Argentina,2025
79ad7358,Gabriel Rojas,ar ARG,"DF,MF",27,21,19,"1,645",18.3,0,3,3,0,0,0,2,0,0.00,0.16,0.16,0.00,0.16,Matches,Liga Profesional de Fútbol Argentina,2025
f080dd22,Santiago Sosa,ar ARG,"DF,MF",25,20,19,"1,637",18.2,0,1,1,0,0,0,6,1,0.00,0.05,0.05,0.00,0.05,Matches,Liga Profesional de Fútbol Argentina,2025
e91c3cc9,Juan Nardoni,ar ARG,MF,22,20,19,"1,577",17.5,1,0,1,1,0,0,5,0,0.06,0.00,0.06,0.06,0.06,Matches,Liga Profesional de Fútbol Argentina,2025
28c96f20,Marco Di Cesare,ar ARG,DF,23,23,18,"1,768",19.6,1,0,1,1,0,0,7,0,0.05,0.00,0.05,0.05,0.05,Matches,Liga Profesional de Fútbol Argentina,2025
9f9cbfca,Gabriel Arias,cl CHI,GK,37,18,18,"1,554",17.3,0,0,0,0,0,0,1,1,0.00,0.00,0.00,0.00,0.00,Matches,Liga Profesional de Fútbol Argentina,2025
1f5f7c6c,Agustín Almendra,ar ARG,MF,24,22,18,"1,276",14.2,0,0,0,0,0,0,4,0,0.00,0.00,0.00,0.00,0.00,Matches,Liga Profesional de Fútbol Argentina,2025
84c478aa,Agustín García Basso,ar ARG,DF,32,17,16,"1,431",15.9,0,2,2,0,0,0,2,0,0.00,0.13,0.13,0.00,0.13,Matches,Liga Profesional de Fútbol Argentina,2025
0a7c2b06,Facundo Cambeses,ar ARG,GK,27,16,14,"1,323",14.7,0,1,1,0,0,0,1,0,0.00,0.07,0.07,0.00,0.07,Matches,Liga Profesional de Fútbol Argentina,2025
5099e15e,Santiago Solari,ar ARG,"MF,FW",27,23,14,"1,187",13.2,4,2,6,4,0,0,5,0,0.30,0.15,0.45,0.30,0.45,Matches,Liga Profesional de Fútbol Argentina,2025
5d16dfc2,Facundo Mura,ar ARG,"DF,MF",25,19,13,"1,151",12.8,2,0,2,2,0,0,4,0,0.16,0.00,0.16,0.16,0.16,Matches,Liga Profesional de Fútbol Argentina,2025
17cddb4d,Bruno Zuculini,ar ARG,MF,31,18,13,"1,076",12.0,3,3,6,3,0,0,6,0,0.25,0.25,0.50,0.25,0.50,Matches,Liga Profesional de Fútbol Argentina,2025
2513a588,Luciano Vietto,ar ARG,"MF,FW",31,17,13,922,10.2,4,3,7,3,1,1,2,0,0.39,0.29,0.68,0.29,0.59,Matches,Liga Profesional de Fútbol Argentina,2025
42cd719c,Adrián Balboa,uy URU,"FW,MF",31,24,12,"1,163",12.9,5,0,5,5,0,0,4,0,0.39,0.00,0.39,0.39,0.39,Matches,Liga Profesional de Fútbol Argentina,2025
c3c12758,Maximiliano Salas,ar ARG,"MF,FW",27,16,12,"1,017",11.3,1,3,4,1,0,0,4,0,0.09,0.27,0.35,0.09,0.35,Matches,Liga Profesional de Fútbol Argentina,2025
7faaf973,Duván Vergara,co COL,"MF,FW",28,15,11,898,10.0,3,0,3,3,0,0,2,0,0.30,0.00,0.30,0.30,0.30,Matches,Liga Profesional de Fútbol Argentina,2025
6d550725,Ignacio Rodríguez,ar ARG,MF,22,20,9,"1,056",11.7,0,0,0,0,0,0,4,0,0.00,0.00,0.00,0.00,0.00,Matches,Liga Profesional de Fútbol Argentina,2025
51bbeea0,Santiago Quiros,ar ARG,DF,21,11,9,770,8.6,0,0,0,0,0,0,0,0,0.00,0.00,0.00,0.00,0.00,Matches,Liga Profesional de Fútbol Argentina,2025
f61143dd,Tomás Conechny,ar ARG,"FW,MF",26,12,6,691,7.7,2,0,2,2,0,0,4,0,0.26,0.00,0.26,0.26,0.26,Matches,Liga Profesional de Fútbol Argentina,2025
803d5265,Federico Zaracho,ar ARG,MF,26,14,5,562,6.2,1,2,3,1,0,0,3,0,0.16,0.32,0.48,0.16,0.48,Matches,Liga Profesional de Fútbol Argentina,2025
de16bb25,Franco Pardo,ar ARG,DF,27,7,5,433,4.8,0,0,0,0,0,0,2,1,0.00,0.00,0.00,0.00,0.00,Matches,Liga Profesional de Fútbol Argentina,2025
2bc8597b,Richard Sánchez,py PAR,MF,28,8,5,431,4.8,0,0,0,0,0,0,0,0,0.00,0.00,0.00,0.00,0.00,Matches,Liga Profesional de Fútbol Argentina,2025
1a0e5cb7,Alan Forneris,ar ARG,MF,20,6,5,395,4.4,0,0,0,0,0,0,1,0,0.00,0.00,0.00,0.00,0.00,Matches,Liga Profesional de Fútbol Argentina,2025
715c684b,Martín Barrios,uy URU,MF,26,18,3,626,7.0,1,0,1,1,0,0,1,0,0.14,0.00,0.14,0.14,0.14,Matches,Liga Profesional de Fútbol Argentina,2025
f07e11d8,Adrián Fernández,ar ARG,"FW,MF",23,14,3,361,4.0,0,2,2,0,0,0,2,0,0.00,0.50,0.50,0.00,0.50,Matches,Liga Profesional de Fútbol Argentina,2025
7b18b6db,Germán Conti,ar ARG,DF,30,4,3,248,2.8,0,0,0,0,0,0,0,0,0.00,0.00,0.00,0.00,0.00,Matches,Liga Profesional de Fútbol Argentina,2025
e0991c04,Marcos Rojo,ar ARG,DF,34,3,3,173,1.9,0,0,0,0,0,0,0,0,0.00,0.00,0.00,0.00,0.00,Matches,Liga Profesional de Fútbol Argentina,2025
24a3ab29,Ramiro Degregorio,ar ARG,"MF,FW",21,9,2,228,2.5,0,0,0,0,0,0,0,0,0.00,0.00,0.00,0.00,0.00,Matches,Liga Profesional de Fútbol Argentina,2025
653a64e0,Elías Torres,ar ARG,"MF,FW",23,7,2,214,2.4,0,0,0,0,0,0,0,0,0.00,0.00,0.00,0.00,0.00,Matches,Liga Profesional de Fútbol Argentina,2025
3ae8029b,Baltasar Rodríguez,ar ARG,MF,21,3,1,96,1.1,0,0,0,0,0,0,2,0,0.00,0.00,0.00,0.00,0.00,Matches,Liga Profesional de Fútbol Argentina,2025
11a91475,Gonzalo Escudero,ar ARG,DF,17,2,1,90,1.0,0,0,0,0,0,0,0,0,0.00,0.00,0.00,0.00,0.00,Matches,Liga Profesional de Fútbol Argentina,2025
9f685883,Gonzalo Reyna,ar ARG,MF,18,2,0,18,0.2,0,0,0,0,0,0,0,0,0.00,0.00,0.00,0.00,0.00,Matches,Liga Profesional de Fútbol Argentina,2025
58bd5ff8,Francisco Fraga,ar ARG,FW,18,0,0,,,,,,,,,,,,,,,,Matches,Liga Profesional de Fútbol Argentina,2025
2f6f8ced,Francisco Gómez,ar ARG,GK,20,0,0,,,,,,,,,,,,,,,,Matches,Liga Profesional de Fútbol Argentina,2025
6e531115,Benjamín González,ar ARG,DF,17,0,0,,,,,,,,,,,,,,,,Matches,Liga Profesional de Fútbol Argentina,2025
e6ee013c,David González,ar ARG,MF,21,0,0,,,,,,,,,,,,,,,,Matches,Liga Profesional de Fútbol Argentina,2025
26f62397,Jhoan Merino,ar ARG,DF,18,0,0,,,,,,,,,,,,,,,,Matches,Liga Profesional de Fútbol Argentina,2025
971af281,Sergio Sánchez,ar ARG,MF,23,0,0,,,,,,,,,,,,,,,,Matches,Liga Profesional de Fútbol Argentina,2025
225e6527,Santino Vera,ar ARG,FW,18,0,0,,,,,,,,,,,,,,,,Matches,Liga Profesional de Fútbol Argentina,2025
2e0ab3f6,Ramiro Vitale,ar ARG,FW,17,0,0,,,,,,,,,,,,,,,,Matches,Liga Profesional de Fútbol Argentina,2025
7a06059a,Galo Volpe,ar ARG,DF,20,0,0,,,,,,,,,,,,,,,,Matches,Liga Profesional de Fútbol Argentina,2025
8ccb067e,Agustín Sández,py PAR,DF,24,30,30,"2,575",28.6,2,1,3,2,0,0,8,0,0.07,0.03,0.10,0.07,0.10,Matches,Liga Profesional de Fútbol Argentina,2025
6503ae16,Jorge Broun,ar ARG,GK,38,29,29,"2,609",29.0,0,0,0,0,0,0,3,0,0.00,0.00,0.00,0.00,0.00,Matches,Liga Profesional de Fútbol Argentina,2025
90a0bb3b,Víctor Malcorra,ar ARG,MF,37,27,27,"2,389",26.5,7,5,12,3,4,4,10,0,0.26,0.19,0.45,0.11,0.30,Matches,Liga Profesional de Fútbol Argentina,2025
db6540c5,Franco Ibarra,ar ARG,MF,23,28,27,"2,302",25.6,1,1,2,1,0,0,9,0,0.04,0.04,0.08,0.04,0.08,Matches,Liga Profesional de Fútbol Argentina,2025
e5aa6459,Emanuel Coronel,ar ARG,DF,27,29,24,"2,167",24.1,0,3,3,0,0,0,8,0,0.00,0.12,0.12,0.00,0.12,Matches,Liga Profesional de Fútbol Argentina,2025
8d5ceef2,Jaminton Campaz,co COL,MF,24,25,23,"1,924",21.4,4,1,5,4,0,0,6,0,0.19,0.05,0.23,0.19,0.23,Matches,Liga Profesional de Fútbol Argentina,2025
26176390,Carlos Quintana,ar ARG,DF,36,23,23,"1,834",20.4,0,2,2,0,0,0,6,0,0.00,0.10,0.10,0.00,0.10,Matches,Liga Profesional de Fútbol Argentina,2025
f4480f5b,Juan Cruz Komar,ar ARG,DF,28,26,19,"1,883",20.9,0,0,0,0,0,0,2,0,0.00,0.00,0.00,0.00,0.00,Matches,Liga Profesional de Fútbol Argentina,2025
61c628be,Federico Navarro,ar ARG,MF,24,23,17,"1,571",17.5,0,0,0,0,0,0,4,0,0.00,0.00,0.00,0.00,0.00,Matches,Liga Profesional de Fútbol Argentina,2025
a535dbc6,Enzo Copetti,ar ARG,FW,29,29,16,"1,603",17.8,3,3,6,3,0,0,4,0,0.17,0.17,0.34,0.17,0.34,Matches,Liga Profesional de Fútbol Argentina,2025
d3e5285f,Facundo Mallo,uy URU,DF,30,19,16,"1,465",16.3,0,0,0,0,0,0,4,0,0.00,0.00,0.00,0.00,0.00,Matches,Liga Profesional de Fútbol Argentina,2025
19cda00b,Ángel Di María,ar ARG,"MF,FW",36,15,15,"1,295",14.4,7,3,10,3,4,4,4,0,0.49,0.21,0.69,0.21,0.42,Matches,Liga Profesional de Fútbol Argentina,2025
3f7bafbe,Alejo Véliz,ar ARG,FW,21,15,15,"1,265",14.1,5,1,6,5,0,0,4,0,0.36,0.07,0.43,0.36,0.43,Matches,Liga Profesional de Fútbol Argentina,2025
b0c4832b,Gaspar Duarte,ar ARG,MF,22,26,13,"1,173",13.0,2,0,2,2,0,0,2,0,0.15,0.00,0.15,0.15,0.15,Matches,Liga Profesional de Fútbol Argentina,2025
0a7d98ae,Santiago López,ar ARG,MF,18,17,12,837,9.3,2,0,2,2,0,0,3,0,0.22,0.00,0.22,0.22,0.22,Matches,Liga Profesional de Fútbol Argentina,2025
50cc35d1,Enzo Giménez,py PAR,"DF,MF",26,22,10,"1,051",11.7,2,1,3,2,0,0,2,0,0.17,0.09,0.26,0.17,0.26,Matches,Liga Profesional de Fútbol Argentina,2025
c27ae377,Maximiliano Lovera,ar ARG,MF,25,12,5,429,4.8,0,1,1,0,0,0,0,0,0.00,0.21,0.21,0.00,0.21,Matches,Liga Profesional de Fútbol Argentina,2025
5a9ff6cf,Laurtaro Giaccone,ar ARG,MF,23,14,4,525,5.8,1,2,3,1,0,0,0,0,0.17,0.34,0.51,0.17,0.51,Matches,Liga Profesional de Fútbol Argentina,2025
98de4568,Tomás O'Connor,ar ARG,MF,20,12,4,383,4.3,0,0,0,0,0,0,2,0,0.00,0.00,0.00,0.00,0.00,Matches,Liga Profesional de Fútbol Argentina,2025
e907e63b,Juan Giménez,ar ARG,DF,18,7,4,316,3.5,0,0,0,0,0,0,1,0,0.00,0.00,0.00,0.00,0.00,Matches,Liga Profesional de Fútbol Argentina,2025
5439dba0,Sebastián Ferreira,py PAR,FW,26,8,4,308,3.4,2,0,2,2,0,0,0,0,0.58,0.00,0.58,0.58,0.58,Matches,Liga Profesional de Fútbol Argentina,2025
c0b1a6da,Axel Werner,ar ARG,GK,28,4,3,271,3.0,0,0,0,0,0,0,0,0,0.00,0.00,0.00,0.00,0.00,Matches,Liga Profesional de Fútbol Argentina,2025
40e48af1,Santiago Segovia,ar ARG,MF,17,5,3,209,2.3,0,1,1,0,0,0,0,0,0.00,0.43,0.43,0.00,0.43,Matches,Liga Profesional de Fútbol Argentina,2025
7b05e904,Juan Manuel Elordi,ar ARG,DF,30,10,2,313,3.5,0,1,1,0,0,0,1,0,0.00,0.29,0.29,0.00,0.29,Matches,Liga Profesional de Fútbol Argentina,2025
6159b1e9,Agustin Bravo,ar ARG,DF,23,3,2,198,2.2,0,0,0,0,0,0,1,0,0.00,0.00,0.00,0.00,0.00,Matches,Liga Profesional de Fútbol Argentina,2025
3ca6106c,Augusto Solari,ar ARG,MF,33,6,1,204,2.3,0,0,0,0,0,0,0,0,0.00,0.00,0.00,0.00,0.00,Matches,Liga Profesional de Fútbol Argentina,2025
75bb4606,Giovanni Cantizano,ar ARG,MF,17,8,1,178,2.0,0,0,0,0,0,0,1,0,0.00,0.00,0.00,0.00,0.00,Matches,Liga Profesional de Fútbol Argentina,2025
7196ad22,Ignacio Ovando,ar ARG,DF,17,4,1,144,1.6,1,0,1,1,0,0,0,0,0.62,0.00,0.62,0.62,0.62,Matches,Liga Profesional de Fútbol Argentina,2025
c911d311,Jonathan David Gómez,ar ARG,MF,35,3,1,68,0.8,0,0,0,0,0,0,1,0,0.00,0.00,0.00,0.00,0.00,Matches,Liga Profesional de Fútbol Argentina,2025
53ea4157,Francesco Lo Celso,ar ARG,MF,24,2,1,46,0.5,0,0,0,0,0,0,0,0,0.00,0.00,0.00,0.00,0.00,Matches,Liga Profesional de Fútbol Argentina,2025
1ed313b7,Kevin Ortíz,ar ARG,MF,24,5,0,72,0.8,0,0,0,0,0,0,0,0,0.00,0.00,0.00,0.00,0.00,Matches,Liga Profesional de Fútbol Argentina,2025
eb0aabdd,Agustín Módica,ar ARG,FW,22,4,0,29,0.3,0,0,0,0,0,0,0,0,0.00,0.00,0.00,0.00,0.00,Matches,Liga Profesional de Fútbol Argentina,2025
288ac952,Kevin Gutiérrez,ar ARG,MF,19,1,0,23,0.3,0,0,0,0,0,0,0,0,0.00,0.00,0.00,0.00,0.00,Matches,Liga Profesional de Fútbol Argentina,2025
7a39f13b,Fabricio Oviedo,ar ARG,FW,20,1,0,12,0.1,0,0,0,0,0,0,0,0,0.00,0.00,0.00,0.00,0.00,Matches,Liga Profesional de Fútbol Argentina,2025
9546e026,Luca Martínez,mx MEX,FW,24,1,0,9,0.1,0,0,0,0,0,0,0,0,0.00,0.00,0.00,0.00,0.00,Matches,Liga Profesional de Fútbol Argentina,2025
abe57011,Samuel Beltrán,ar ARG,MF,20,0,0,,,,,,,,,,,,,,,,Matches,Liga Profesional de Fútbol Argentina,2025
cccb3dae,Damian Fernandez,ar ARG,,21,0,0,,,,,,,,,,,,,,,,Matches,Liga Profesional de Fútbol Argentina,2025
d14c1c1b,Gonzalo González,ar ARG,FW,20,0,0,,,,,,,,,,,,,,,,Matches,Liga Profesional de Fútbol Argentina,2025
4f3c59c3,Elías Ocampo,ar ARG,MF,20,0,0,,,,,,,,,,,,,,,,Matches,Liga Profesional de Fútbol Argentina,2025
88688641,Thiago Ponce,ar ARG,FW,20,0,0,,,,,,,,,,,,,,,,Matches,Liga Profesional de Fútbol Argentina,2025
326f1c7c,Luca Raffin,py PAR,MF,19,0,0,,,,,,,,,,,,,,,,Matches,Liga Profesional de Fútbol Argentina,2025
b597b6d5,Leonardo Rios,ar ARG,DF,18,0,0,,,,,,,,,,,,,,,,Matches,Liga Profesional de Fútbol Argentina,2025
a27139a7,Tomás Salteño,ar ARG,MF,19,0,0,,,,,,,,,,,,,,,,Matches,Liga Profesional de Fútbol Argentina,2025
a788b61f,Mateo Serra,ar ARG,MF,20,0,0,,,,,,,,,,,,,,,,Matches,Liga Profesional de Fútbol Argentina,2025
9523ce55,Elías Verón,ar ARG,DF,17,0,0,,,,,,,,,,,,,,,,Matches,Liga Profesional de Fútbol Argentina,2025
3395c15f,Marco Vicente,ar ARG,DF,17,0,0,,,,,,,,,,,,,,,,Matches,Liga Profesional de Fútbol Argentina,2025
6436748b,Rodrigo Rey,ar ARG,GK,33,32,32,"2,880",32.0,0,0,0,0,0,0,1,0,0.00,0.00,0.00,0.00,0.00,Matches,Liga Profesional de Fútbol Argentina,2025
dd5ddb83,Kevin Lomónaco,ar ARG,DF,23,30,30,"2,605",28.9,0,0,0,0,0,0,4,1,0.00,0.00,0.00,0.00,0.00,Matches,Liga Profesional de Fútbol Argentina,2025
ff749703,Felipe Loyola,cl CHI,MF,24,28,24,"2,097",23.3,7,3,10,6,1,1,5,0,0.30,0.13,0.43,0.26,0.39,Matches,Liga Profesional de Fútbol Argentina,2025
7e157454,Sebastián Valdez,ar ARG,DF,29,26,23,"2,144",23.8,0,0,0,0,0,0,4,0,0.00,0.00,0.00,0.00,0.00,Matches,Liga Profesional de Fútbol Argentina,2025
dc93fa94,Federico Vera,ar ARG,DF,26,25,23,"1,895",21.1,0,0,0,0,0,0,5,0,0.00,0.00,0.00,0.00,0.00,Matches,Liga Profesional de Fútbol Argentina,2025
b6781b67,Gabriel Ávalos,py PAR,FW,34,29,21,"1,824",20.3,12,2,14,10,2,3,4,0,0.59,0.10,0.69,0.49,0.59,Matches,Liga Profesional de Fútbol Argentina,2025
f49fd6b5,Luciano Cabral,cl CHI,MF,29,29,19,"1,744",19.4,2,3,5,2,0,0,5,1,0.10,0.15,0.26,0.10,0.26,Matches,Liga Profesional de Fútbol Argentina,2025
b14f755d,Iván Marcone,ar ARG,MF,34,24,19,"1,718",19.1,0,1,1,0,0,0,6,0,0.00,0.05,0.05,0.00,0.05,Matches,Liga Profesional de Fútbol Argentina,2025
8f2ac304,Santiago Montiel,ar ARG,"MF,FW",24,23,18,"1,623",18.0,2,3,5,1,1,1,7,1,0.11,0.17,0.28,0.06,0.22,Matches,Liga Profesional de Fútbol Argentina,2025
69b553f7,Diego Tarzia,ar ARG,"MF,FW",21,26,16,"1,283",14.3,0,1,1,0,0,0,3,0,0.00,0.07,0.07,0.00,0.07,Matches,Liga Profesional de Fútbol Argentina,2025
58d81550,Lautaro Millán,cl CHI,"MF,FW",19,20,15,"1,119",12.4,2,0,2,2,0,0,1,0,0.16,0.00,0.16,0.16,0.16,Matches,Liga Profesional de Fútbol Argentina,2025
617ee116,Rodrigo Fernández,uy URU,MF,29,18,13,"1,118",12.4,0,0,0,0,0,0,7,1,0.00,0.00,0.00,0.00,0.00,Matches,Liga Profesional de Fútbol Argentina,2025
5b0041f5,Matías Abaldo,uy URU,"MF,FW",20,13,12,919,10.2,1,0,1,1,0,0,0,0,0.10,0.00,0.10,0.10,0.10,Matches,Liga Profesional de Fútbol Argentina,2025
dd403465,Pablo Galdames Millán,cl CHI,"MF,FW",28,22,9,958,10.6,1,2,3,1,0,1,2,0,0.09,0.19,0.28,0.09,0.28,Matches,Liga Profesional de Fútbol Argentina,2025
f5122c46,Adrián Sporle,ar ARG,DF,29,10,9,722,8.0,1,1,2,1,0,0,1,0,0.12,0.12,0.25,0.12,0.25,Matches,Liga Profesional de Fútbol Argentina,2025
2f2475da,Facundo Zabala,ar ARG,DF,26,11,8,775,8.6,0,1,1,0,0,0,3,0,0.00,0.12,0.12,0.00,0.12,Matches,Liga Profesional de Fútbol Argentina,2025
0f9d8e45,Leonardo Godoy,ar ARG,DF,29,12,8,751,8.3,0,1,1,0,0,0,4,0,0.00,0.12,0.12,0.00,0.12,Matches,Liga Profesional de Fútbol Argentina,2025
17e03cdd,Álvaro Angulo,co COL,DF,27,14,7,779,8.7,3,0,3,3,0,0,4,0,0.35,0.00,0.35,0.35,0.35,Matches,Liga Profesional de Fútbol Argentina,2025
55ce9bfd,Walter Mazzantti,ar ARG,"FW,MF",28,11,7,601,6.7,0,0,0,0,0,0,3,0,0.00,0.00,0.00,0.00,0.00,Matches,Liga Profesional de Fútbol Argentina,2025
653222cd,Nicolás Freire,ar ARG,DF,30,9,6,569,6.3,1,0,1,1,0,0,2,0,0.16,0.00,0.16,0.16,0.16,Matches,Liga Profesional de Fútbol Argentina,2025
62437b4f,Ignacio Pussetto,ar ARG,FW,29,12,6,513,5.7,0,0,0,0,0,0,4,0,0.00,0.00,0.00,0.00,0.00,Matches,Liga Profesional de Fútbol Argentina,2025
0448c34f,Santiago Hidalgo,ar ARG,"FW,MF",19,9,5,492,5.5,0,0,0,0,0,0,2,0,0.00,0.00,0.00,0.00,0.00,Matches,Liga Profesional de Fútbol Argentina,2025
9a091625,Franco Paredes,ar ARG,DF,25,9,5,470,5.2,0,0,0,0,0,0,4,1,0.00,0.00,0.00,0.00,0.00,Matches,Liga Profesional de Fútbol Argentina,2025
1ebb2579,Jonathan De Irastorza,ar ARG,DF,19,5,5,396,4.4,0,0,0,0,0,0,2,0,0.00,0.00,0.00,0.00,0.00,Matches,Liga Profesional de Fútbol Argentina,2025
966e3b08,Matías Giménez,ar ARG,FW,25,13,4,462,5.1,0,2,2,0,0,0,1,0,0.00,0.39,0.39,0.00,0.39,Matches,Liga Profesional de Fútbol Argentina,2025
e1cf57c7,Federico Mancuello,ar ARG,MF,35,14,2,311,3.5,1,1,2,0,1,1,2,0,0.29,0.29,0.58,0.00,0.29,Matches,Liga Profesional de Fútbol Argentina,2025
82318d24,Milton Valenzuela,ar ARG,DF,26,5,2,175,1.9,0,0,0,0,0,0,1,0,0.00,0.00,0.00,0.00,0.00,Matches,Liga Profesional de Fútbol Argentina,2025
12357769,Santiago Salle,ar ARG,FW,20,3,1,131,1.5,0,0,0,0,0,0,0,0,0.00,0.00,0.00,0.00,0.00,Matches,Liga Profesional de Fútbol Argentina,2025
5eff45c2,Enzo Taborda,ar ARG,FW,19,3,1,126,1.4,0,0,0,0,0,0,0,0,0.00,0.00,0.00,0.00,0.00,Matches,Liga Profesional de Fútbol Argentina,2025
7e020448,Mateo Pérez,ar ARG,MF,19,3,1,122,1.4,0,0,0,0,0,0,0,0,0.00,0.00,0.00,0.00,0.00,Matches,Liga Profesional de Fútbol Argentina,2025
979678b0,Joel Medina,ar ARG,MF,17,1,1,90,1.0,0,0,0,0,0,0,1,0,0.00,0.00,0.00,0.00,0.00,Matches,Liga Profesional de Fútbol Argentina,2025
3fc0e136,Ignacio Maestro Puch,ar ARG,FW,21,7,0,147,1.6,0,1,1,0,0,0,0,0,0.00,0.61,0.61,0.00,0.61,Matches,Liga Profesional de Fútbol Argentina,2025
23a250d1,Pocho Román,it ITA,FW,20,1,0,34,0.4,0,0,0,0,0,0,0,0,0.00,0.00,0.00,0.00,0.00,Matches,Liga Profesional de Fútbol Argentina,2025
6b084305,Rubén Martínez,ar ARG,MF,20,1,0,8,0.1,0,0,0,0,0,0,0,0,0.00,0.00,0.00,0.00,0.00,Matches,Liga Profesional de Fútbol Argentina,2025
6a9e4913,Joaquín Blázquez,ar ARG,GK,24,0,0,,,,,,,,,,,,,,,,Matches,Liga Profesional de Fútbol Argentina,2025
50dda0c0,Gonzalo Bordón,ar ARG,DF,19,0,0,,,,,,,,,,,,,,,,Matches,Liga Profesional de Fútbol Argentina,2025
45fadae1,Fernando Closter,ar ARG,DF,16,0,0,,,,,,,,,,,,,,,,Matches,Liga Profesional de Fútbol Argentina,2025
36cb53e7,Juan Fedorco,ar ARG,DF,24,0,0,,,,,,,,,,,,,,,,Matches,Liga Profesional de Fútbol Argentina,2025
61f3caa5,Nicolás Garrido,ar ARG,DF,19,0,0,,,,,,,,,,,,,,,,Matches,Liga Profesional de Fútbol Argentina,2025
1cb8e301,Alan Laprida,ar ARG,FW,20,0,0,,,,,,,,,,,,,,,,Matches,Liga Profesional de Fútbol Argentina,2025
0a7d98ae,Santiago López,ar ARG,MF,18,0,0,,,,,,,,,,,,,,,,Matches,Liga Profesional de Fútbol Argentina,2025
c921e659,Brian Martínez,ar ARG,"FW,MF",25,0,0,,,,,,,,,,,,,,,,Matches,Liga Profesional de Fútbol Argentina,2025
4cfc6ffa,Kevin Medina,ar ARG,FW,19,0,0,,,,,,,,,,,,,,,,Matches,Liga Profesional de Fútbol Argentina,2025
b22d0e90,Josias Palais,ar ARG,MF,18,0,0,,,,,,,,,,,,,,,,Matches,Liga Profesional de Fútbol Argentina,2025
1c00ff13,Tomás Marchiori,ar ARG,GK,29,30,30,"2,638",29.3,0,0,0,0,0,0,1,0,0.00,0.00,0.00,0.00,0.00,Matches,Liga Profesional de Fútbol Argentina,2025
9f110faf,Elías Gómez,ar ARG,DF,30,29,27,"2,386",26.5,0,0,0,0,0,0,7,0,0.00,0.00,0.00,0.00,0.00,Matches,Liga Profesional de Fútbol Argentina,2025
a98f4de5,Agustín Bouzat,ar ARG,MF,30,27,26,"2,227",24.7,0,2,2,0,0,0,13,0,0.00,0.08,0.08,0.00,0.08,Matches,Liga Profesional de Fútbol Argentina,2025
c5cc3130,Braian Romero,ar ARG,FW,33,26,23,"2,020",22.4,8,2,10,7,1,1,9,0,0.36,0.09,0.45,0.31,0.40,Matches,Liga Profesional de Fútbol Argentina,2025
1477cae6,Jano Gordon,ar ARG,DF,20,21,19,"1,606",17.8,0,0,0,0,0,0,5,1,0.00,0.00,0.00,0.00,0.00,Matches,Liga Profesional de Fútbol Argentina,2025
9ce60d15,Maher Carrizo,ar ARG,"MF,FW",18,21,18,"1,519",16.9,5,0,5,5,0,0,3,0,0.30,0.00,0.30,0.30,0.30,Matches,Liga Profesional de Fútbol Argentina,2025
95fd4bf2,Aaron Quirós,ar ARG,DF,23,19,16,"1,468",16.3,0,0,0,0,0,0,8,3,0.00,0.00,0.00,0.00,0.00,Matches,Liga Profesional de Fútbol Argentina,2025
3511f465,Francisco Pizzini,ar ARG,MF,31,25,15,"1,320",14.7,1,0,1,1,0,0,1,0,0.07,0.00,0.07,0.07,0.07,Matches,Liga Profesional de Fútbol Argentina,2025
7e927fda,Emanuel Mammana,ar ARG,DF,28,16,15,"1,235",13.7,0,0,0,0,0,0,2,0,0.00,0.00,0.00,0.00,0.00,Matches,Liga Profesional de Fútbol Argentina,2025
e699d3db,Tomás Galván,ar ARG,MF,24,17,15,"1,157",12.9,2,1,3,2,0,0,1,0,0.16,0.08,0.23,0.16,0.23,Matches,Liga Profesional de Fútbol Argentina,2025
9ba1c30c,Claudio Baeza,cl CHI,MF,31,19,14,"1,234",13.7,0,1,1,0,0,0,9,0,0.00,0.07,0.07,0.00,0.07,Matches,Liga Profesional de Fútbol Argentina,2025
0d94b6d9,Christian Ordoñez,ar ARG,MF,20,14,13,"1,130",12.6,0,0,0,0,0,0,3,0,0.00,0.00,0.00,0.00,0.00,Matches,Liga Profesional de Fútbol Argentina,2025
01a49bd2,Lisandro Magallán,ar ARG,DF,31,12,12,"1,043",11.6,1,0,1,1,0,0,3,0,0.09,0.00,0.09,0.09,0.09,Matches,Liga Profesional de Fútbol Argentina,2025
b59f0060,Matías Pellegrini,ar ARG,MF,24,23,10,989,11.0,0,2,2,0,0,0,3,1,0.00,0.18,0.18,0.00,0.18,Matches,Liga Profesional de Fútbol Argentina,2025
a15750e1,Damián Fernández,ar ARG,DF,24,13,10,943,10.5,0,0,0,0,0,0,1,0,0.00,0.00,0.00,0.00,0.00,Matches,Liga Profesional de Fútbol Argentina,2025
09cdea58,Agustín Lagos,ar ARG,DF,23,13,10,794,8.8,0,0,0,0,0,0,7,1,0.00,0.00,0.00,0.00,0.00,Matches,Liga Profesional de Fútbol Argentina,2025
37747484,Imanol Machuca,my MAS,"MF,FW",25,15,9,818,9.1,1,1,2,1,0,0,2,0,0.11,0.11,0.22,0.11,0.22,Matches,Liga Profesional de Fútbol Argentina,2025
8b259046,Rodrigo Aliendro,ar ARG,MF,33,12,8,801,8.9,0,1,1,0,0,0,0,1,0.00,0.11,0.11,0.00,0.11,Matches,Liga Profesional de Fútbol Argentina,2025
4c55ed86,Álvaro Montoro,ar ARG,"MF,FW",17,12,8,691,7.7,0,0,0,0,0,0,2,0,0.00,0.00,0.00,0.00,0.00,Matches,Liga Profesional de Fútbol Argentina,2025
0394c2ee,Valentín Gómez,ar ARG,DF,21,8,8,687,7.6,0,0,0,0,0,0,2,1,0.00,0.00,0.00,0.00,0.00,Matches,Liga Profesional de Fútbol Argentina,2025
3cb6f224,Michael Santos,uy URU,FW,31,17,6,573,6.4,0,0,0,0,0,1,0,0,0.00,0.00,0.00,0.00,0.00,Matches,Liga Profesional de Fútbol Argentina,2025
26f6dca8,Manuel Lanzini,ar ARG,MF,31,10,6,522,5.8,3,1,4,3,0,0,0,0,0.52,0.17,0.69,0.52,0.69,Matches,Liga Profesional de Fútbol Argentina,2025
cd0befd7,Dilan Godoy,ar ARG,FW,18,9,5,434,4.8,2,1,3,1,1,1,1,0,0.41,0.21,0.62,0.21,0.41,Matches,Liga Profesional de Fútbol Argentina,2025
e8af9e8d,Kevin Vázquez,ar ARG,MF,23,7,4,310,3.4,0,0,0,0,0,0,3,0,0.00,0.00,0.00,0.00,0.00,Matches,Liga Profesional de Fútbol Argentina,2025
04b5f40e,Tomás Cavanagh,ar ARG,DF,24,5,4,280,3.1,0,0,0,0,0,0,2,0,0.00,0.00,0.00,0.00,0.00,Matches,Liga Profesional de Fútbol Argentina,2025
ac9ba4dd,Tobías Andrada,ar ARG,MF,17,11,3,402,4.5,0,0,0,0,0,0,1,0,0.00,0.00,0.00,0.00,0.00,Matches,Liga Profesional de Fútbol Argentina,2025
f5ac3688,Thiago Silvero,ar ARG,DF,18,10,3,396,4.4,0,0,0,0,0,0,1,0,0.00,0.00,0.00,0.00,0.00,Matches,Liga Profesional de Fútbol Argentina,2025
e763fecf,Leonel Roldán,ar ARG,MF,20,9,3,296,3.3,0,0,0,0,0,0,3,0,0.00,0.00,0.00,0.00,0.00,Matches,Liga Profesional de Fútbol Argentina,2025
e3cae82a,Diego Valdés,cl CHI,MF,31,8,2,265,2.9,1,0,1,1,0,0,0,0,0.34,0.00,0.34,0.34,0.34,Matches,Liga Profesional de Fútbol Argentina,2025
5fff6887,Maximiliano Porcel,ar ARG,MF,19,8,2,248,2.8,0,0,0,0,0,0,0,0,0.00,0.00,0.00,0.00,0.00,Matches,Liga Profesional de Fútbol Argentina,2025
522f541c,Isaías Andrada,ar ARG,"MF,DF",21,5,2,241,2.7,0,2,2,0,0,0,0,0,0.00,0.75,0.75,0.00,0.75,Matches,Liga Profesional de Fútbol Argentina,2025
62cd6639,Patricio Pernicone,ar ARG,DF,23,3,2,221,2.5,0,0,0,0,0,0,0,1,0.00,0.00,0.00,0.00,0.00,Matches,Liga Profesional de Fútbol Argentina,2025
2e3dbaa5,Álvaro David Montero,co COL,GK,29,2,1,152,1.7,0,0,0,0,0,0,0,0,0.00,0.00,0.00,0.00,0.00,Matches,Liga Profesional de Fútbol Argentina,2025
7a16bf7a,Benjamín Bosch,ar ARG,MF,19,2,1,106,1.2,0,0,0,0,0,0,0,0,0.00,0.00,0.00,0.00,0.00,Matches,Liga Profesional de Fútbol Argentina,2025
2cd45366,Randall Rodríguez,uy URU,GK,21,1,1,90,1.0,0,0,0,0,0,0,0,0,0.00,0.00,0.00,0.00,0.00,Matches,Liga Profesional de Fútbol Argentina,2025
14779141,Joaquín García,ar ARG,DF,23,1,1,33,0.4,0,0,0,0,0,0,0,0,0.00,0.00,0.00,0.00,0.00,Matches,Liga Profesional de Fútbol Argentina,2025
31d67d65,Florián Monzón,ar ARG,FW,24,5,0,84,0.9,0,0,0,0,0,0,0,0,0.00,0.00,0.00,0.00,0.00,Matches,Liga Profesional de Fútbol Argentina,2025
052c41be,Matías Arias,ar ARG,FW,17,4,0,58,0.6,0,0,0,0,0,0,1,0,0.00,0.00,0.00,0.00,0.00,Matches,Liga Profesional de Fútbol Argentina,2025
710eecee,Manuel Fernández,ar ARG,FW,20,3,0,43,0.5,0,0,0,0,0,0,0,0,0.00,0.00,0.00,0.00,0.00,Matches,Liga Profesional de Fútbol Argentina,2025
8c9e96c5,Mateo Pellegrino,ar ARG,FW,23,1,0,34,0.4,0,0,0,0,0,0,0,0,0.00,0.00,0.00,0.00,0.00,Matches,Liga Profesional de Fútbol Argentina,2025
c013b830,Álex Verón,ar ARG,FW,16,1,0,8,0.1,0,0,0,0,0,0,0,0,0.00,0.00,0.00,0.00,0.00,Matches,Liga Profesional de Fútbol Argentina,2025
73aa2c75,Mateo Acuña,ar ARG,DF,18,0,0,,,,,,,,,,,,,,,,Matches,Liga Profesional de Fútbol Argentina,2025
a1206ad0,Felipe Bussio,ar ARG,MF,20,0,0,,,,,,,,,,,,,,,,Matches,Liga Profesional de Fútbol Argentina,2025
982b0017,Álvaro Busso,ar ARG,GK,18,0,0,,,,,,,,,,,,,,,,Matches,Liga Profesional de Fútbol Argentina,2025
342c9317,Demián Domínguez,ar ARG,DF,19,0,0,,,,,,,,,,,,,,,,Matches,Liga Profesional de Fútbol Argentina,2025
c3955b40,Lautaro Garzón,ar ARG,GK,21,0,0,,,,,,,,,,,,,,,,Matches,Liga Profesional de Fútbol Argentina,2025
c7768b07,Ignacio Gómez,ar ARG,MF,18,0,0,,,,,,,,,,,,,,,,Matches,Liga Profesional de Fútbol Argentina,2025
7f9dec55,Raúl Ignacio Cabral,ar ARG,MF,19,0,0,,,,,,,,,,,,,,,,Matches,Liga Profesional de Fútbol Argentina,2025
f1bc17e4,Francisco Montoro,ar ARG,FW,20,0,0,,,,,,,,,,,,,,,,Matches,Liga Profesional de Fútbol Argentina,2025
6741884a,Mateo Seoane,ar ARG,FW,20,0,0,,,,,,,,,,,,,,,,Matches,Liga Profesional de Fútbol Argentina,2025
c7f7afc5,Guido Mainero,ar ARG,MF,29,32,32,"2,593",28.8,3,5,8,3,0,0,6,0,0.10,0.17,0.28,0.10,0.28,Matches,Liga Profesional de Fútbol Argentina,2025
92c77992,Oscar Salomón,ar ARG,DF,25,31,31,"2,790",31.0,1,1,2,1,0,0,4,0,0.03,0.03,0.06,0.03,0.06,Matches,Liga Profesional de Fútbol Argentina,2025
3dee8b4e,Juan Saborido,ar ARG,DF,26,29,28,"2,412",26.8,0,0,0,0,0,0,7,0,0.00,0.00,0.00,0.00,0.00,Matches,Liga Profesional de Fútbol Argentina,2025
f228c287,Ignacio Vázquez,ar ARG,DF,27,27,27,"2,360",26.2,1,1,2,1,0,0,6,1,0.04,0.04,0.08,0.04,0.08,Matches,Liga Profesional de Fútbol Argentina,2025
f4187ac3,Leonel Picco,ar ARG,MF,25,27,26,"2,275",25.3,0,0,0,0,0,0,7,0,0.00,0.00,0.00,0.00,0.00,Matches,Liga Profesional de Fútbol Argentina,2025
1537c952,Rodrigo Herrera,ar ARG,MF,24,25,22,"1,665",18.5,0,2,2,0,0,0,8,1,0.00,0.11,0.11,0.00,0.11,Matches,Liga Profesional de Fútbol Argentina,2025
7b0f7577,Franco Zapiola,ar ARG,MF,23,27,22,"1,663",18.5,0,1,1,0,0,0,1,0,0.00,0.05,0.05,0.00,0.05,Matches,Liga Profesional de Fútbol Argentina,2025
fe1e4971,Juan Cozzani,ar ARG,GK,26,21,21,"1,890",21.0,0,0,0,0,0,0,2,0,0.00,0.00,0.00,0.00,0.00,Matches,Liga Profesional de Fútbol Argentina,2025
278f93a4,Ronaldo Martínez,py PAR,"FW,MF",28,25,21,"1,730",19.2,10,2,12,10,0,0,2,0,0.52,0.10,0.62,0.52,0.62,Matches,Liga Profesional de Fútbol Argentina,2025
52f2d47d,Vicente Taborda,ar ARG,"MF,FW",23,18,16,"1,286",14.3,4,1,5,4,0,0,3,0,0.28,0.07,0.35,0.28,0.35,Matches,Liga Profesional de Fútbol Argentina,2025
3f83ab59,Tomás Silva,ar ARG,DF,21,18,15,"1,385",15.4,0,0,0,0,0,0,5,1,0.00,0.00,0.00,0.00,0.00,Matches,Liga Profesional de Fútbol Argentina,2025
659fa937,Augusto Lotti,it ITA,FW,28,27,15,"1,230",13.7,1,2,3,1,0,1,1,0,0.07,0.15,0.22,0.07,0.22,Matches,Liga Profesional de Fútbol Argentina,2025
f559d2d7,Franco Baldassarra,ar ARG,MF,26,18,10,996,11.1,1,0,1,1,0,0,2,0,0.09,0.00,0.09,0.09,0.09,Matches,Liga Profesional de Fútbol Argentina,2025
c80be903,Ignacio Schor,ar ARG,"FW,MF",24,29,8,"1,037",11.5,1,1,2,1,0,0,3,0,0.09,0.09,0.17,0.09,0.17,Matches,Liga Profesional de Fútbol Argentina,2025
ab935d6a,Bautista Barros Schelotto,ar ARG,DF,25,11,6,616,6.8,0,0,0,0,0,0,2,0,0.00,0.00,0.00,0.00,0.00,Matches,Liga Profesional de Fútbol Argentina,2025
55934138,Nicolás Orsini,ar ARG,FW,30,16,6,596,6.6,0,1,1,0,0,0,3,0,0.00,0.15,0.15,0.00,0.15,Matches,Liga Profesional de Fútbol Argentina,2025
bf3b5c92,Andrés Desábato,ar ARG,GK,34,6,6,540,6.0,0,0,0,0,0,0,0,0,0.00,0.00,0.00,0.00,0.00,Matches,Liga Profesional de Fútbol Argentina,2025
1fcefc90,Raúl Lozano,ar ARG,DF,27,8,6,492,5.5,0,0,0,0,0,0,0,1,0.00,0.00,0.00,0.00,0.00,Matches,Liga Profesional de Fútbol Argentina,2025
663d052d,Jonathan Bay,ar ARG,DF,31,6,6,481,5.3,0,0,0,0,0,0,1,0,0.00,0.00,0.00,0.00,0.00,Matches,Liga Profesional de Fútbol Argentina,2025
4d711d43,Federico Losas,ar ARG,GK,22,5,5,450,5.0,0,0,0,0,0,0,0,0,0.00,0.00,0.00,0.00,0.00,Matches,Liga Profesional de Fútbol Argentina,2025
2aebc81b,Fernando Juárez,ar ARG,MF,26,14,4,524,5.8,0,0,0,0,0,0,3,0,0.00,0.00,0.00,0.00,0.00,Matches,Liga Profesional de Fútbol Argentina,2025
687e908f,Gonzalo Goñi,ar ARG,DF,26,5,4,273,3.0,0,0,0,0,0,0,1,0,0.00,0.00,0.00,0.00,0.00,Matches,Liga Profesional de Fútbol Argentina,2025
f2950f57,Edgar Elizalde,uy URU,DF,24,6,3,369,4.1,0,0,0,0,0,0,1,0,0.00,0.00,0.00,0.00,0.00,Matches,Liga Profesional de Fútbol Argentina,2025
244afd21,Marcos Portillo,ar ARG,MF,25,4,3,197,2.2,0,0,0,0,0,0,2,1,0.00,0.00,0.00,0.00,0.00,Matches,Liga Profesional de Fútbol Argentina,2025
3337ecdb,Maximiliano Rodríguez,cl CHI,FW,24,12,2,415,4.6,1,0,1,1,0,0,1,0,0.22,0.00,0.22,0.22,0.22,Matches,Liga Profesional de Fútbol Argentina,2025
19d9859a,Mauro Luna Diale,ar ARG,"MF,FW",25,7,2,277,3.1,0,0,0,0,0,0,0,0,0.00,0.00,0.00,0.00,0.00,Matches,Liga Profesional de Fútbol Argentina,2025
1961c843,Santiago Toloza,ar ARG,MF,22,7,1,183,2.0,0,0,0,0,0,0,0,0,0.00,0.00,0.00,0.00,0.00,Matches,Liga Profesional de Fútbol Argentina,2025
dde3e2aa,Franco Minerva,ar ARG,MF,18,10,1,178,2.0,0,0,0,0,0,0,0,0,0.00,0.00,0.00,0.00,0.00,Matches,Liga Profesional de Fútbol Argentina,2025
7f076123,Celías Ingenthron,ar ARG,DF,16,3,1,135,1.5,0,0,0,0,0,0,0,0,0.00,0.00,0.00,0.00,0.00,Matches,Liga Profesional de Fútbol Argentina,2025
c3fb942c,Juan Pignani,ar ARG,DF,23,1,1,90,1.0,0,0,0,0,0,0,0,0,0.00,0.00,0.00,0.00,0.00,Matches,Liga Profesional de Fútbol Argentina,2025
ad6df5d4,Rodrigo Márquez,ar ARG,MF,22,4,1,81,0.9,0,0,0,0,0,0,0,0,0.00,0.00,0.00,0.00,0.00,Matches,Liga Profesional de Fútbol Argentina,2025
cf89da0a,Enzo Martín Roldán,ar ARG,MF,24,7,0,97,1.1,0,0,0,0,0,0,0,0,0.00,0.00,0.00,0.00,0.00,Matches,Liga Profesional de Fútbol Argentina,2025
f2b925ac,Manuel Tucker,ar ARG,FW,20,2,0,64,0.7,0,0,0,0,0,0,0,0,0.00,0.00,0.00,0.00,0.00,Matches,Liga Profesional de Fútbol Argentina,2025
3d395749,Tobías Cervera,sy SYR,FW,22,3,0,46,0.5,0,0,0,0,0,0,1,0,0.00,0.00,0.00,0.00,0.00,Matches,Liga Profesional de Fútbol Argentina,2025
a1206ad0,Felipe Bussio,ar ARG,MF,20,4,0,43,0.5,0,0,0,0,0,0,1,0,0.00,0.00,0.00,0.00,0.00,Matches,Liga Profesional de Fútbol Argentina,2025
7a16bf7a,Benjamín Bosch,ar ARG,FW,19,0,0,,,,,,,,,,,,,,,,Matches,Liga Profesional de Fútbol Argentina,2025
1913c278,Thiago Currado,ar ARG,DF,18,0,0,,,,,,,,,,,,,,,,Matches,Liga Profesional de Fútbol Argentina,2025
3886ee3f,Agustín Maglione,ar ARG,DF,19,0,0,,,,,,,,,,,,,,,,Matches,Liga Profesional de Fútbol Argentina,2025
6244bb29,Nicolás Ortíz,ar ARG,MF,20,0,0,,,,,,,,,,,,,,,,Matches,Liga Profesional de Fútbol Argentina,2025
de9dd5be,Juan Pablo Goicochea,pe PER,FW,20,0,0,,,,,,,,,,,,,,,,Matches,Liga Profesional de Fútbol Argentina,2025
01917515,Santiago Postel,ar ARG,DF,21,0,0,,,,,,,,,,,,,,,,Matches,Liga Profesional de Fútbol Argentina,2025
ea62694d,Lucas Testa,ar ARG,,18,0,0,,,,,,,,,,,,,,,,Matches,Liga Profesional de Fútbol Argentina,2025
9106bab7,Demian Troya,ar ARG,MF,19,0,0,,,,,,,,,,,,,,,,Matches,Liga Profesional de Fútbol Argentina,2025
6b2d648b,Ivo Visona,ar ARG,FW,18,0,0,,,,,,,,,,,,,,,,Matches,Liga Profesional de Fútbol Argentina,2025
21faad0e,Felipe Zenobio,ar ARG,GK,24,32,32,"2,880",32.0,0,0,0,0,0,0,1,0,0.00,0.00,0.00,0.00,0.00,Matches,Liga Profesional de Fútbol Argentina,2025
2ca3d7f2,Ignacio Russo,ar ARG,FW,24,32,31,"2,578",28.6,10,1,11,10,0,1,6,0,0.35,0.03,0.38,0.35,0.38,Matches,Liga Profesional de Fútbol Argentina,2025
3c7a3791,Joaquín Laso,ar ARG,DF,34,28,28,"2,486",27.6,0,2,2,0,0,0,9,2,0.00,0.07,0.07,0.00,0.07,Matches,Liga Profesional de Fútbol Argentina,2025
4874cad4,Elías Cabrera,ar ARG,"MF,FW",21,28,26,"1,849",20.5,2,4,6,2,0,0,5,1,0.10,0.19,0.29,0.10,0.29,Matches,Liga Profesional de Fútbol Argentina,2025
a694431e,Jabes Saralegui,ar ARG,MF,21,26,24,"1,903",21.1,2,3,5,2,0,0,1,0,0.09,0.14,0.24,0.09,0.24,Matches,Liga Profesional de Fútbol Argentina,2025
2223cdf0,Santiago González,ar ARG,MF,21,23,20,"1,745",19.4,0,0,0,0,0,0,5,0,0.00,0.00,0.00,0.00,0.00,Matches,Liga Profesional de Fútbol Argentina,2025
42b1a58a,Nehuén Paz,ar ARG,DF,31,16,16,"1,440",16.0,2,0,2,2,0,0,2,0,0.12,0.00,0.12,0.12,0.12,Matches,Liga Profesional de Fútbol Argentina,2025
b6dcc374,Lorenzo Scipioni,ar ARG,MF,20,15,15,"1,330",14.8,1,0,1,1,0,0,7,0,0.07,0.00,0.07,0.07,0.07,Matches,Liga Profesional de Fútbol Argentina,2025
55551a71,Nahuel Banegas,ar ARG,DF,28,14,14,"1,205",13.4,0,1,1,0,0,0,5,0,0.00,0.07,0.07,0.00,0.07,Matches,Liga Profesional de Fútbol Argentina,2025
698923cf,Julián López,ar ARG,MF,25,27,13,"1,228",13.6,1,0,1,1,0,0,10,0,0.07,0.00,0.07,0.07,0.07,Matches,Liga Profesional de Fútbol Argentina,2025
42cdf326,Guillermo Soto,cl CHI,DF,31,14,13,"1,184",13.2,0,1,1,0,0,0,4,0,0.00,0.08,0.08,0.00,0.08,Matches,Liga Profesional de Fútbol Argentina,2025
68acce47,Martín Ortega,ar ARG,DF,25,13,13,"1,090",12.1,1,0,1,1,0,0,1,0,0.08,0.00,0.08,0.08,0.08,Matches,Liga Profesional de Fútbol Argentina,2025
bd35fdf5,Sebastián Medina,ar ARG,MF,24,24,12,"1,121",12.5,2,3,5,2,0,0,5,0,0.16,0.24,0.40,0.16,0.40,Matches,Liga Profesional de Fútbol Argentina,2025
e76ff509,José Romero,ar ARG,FW,21,17,11,900,10.0,4,2,6,4,0,0,0,0,0.40,0.20,0.60,0.40,0.60,Matches,Liga Profesional de Fútbol Argentina,2025
f90d3b57,Diego Sosa,ar ARG,DF,27,13,9,923,10.3,1,1,2,0,1,2,1,0,0.10,0.10,0.20,0.00,0.10,Matches,Liga Profesional de Fútbol Argentina,2025
32a9f0f0,Federico Álvarez,ar ARG,DF,30,9,9,752,8.4,0,0,0,0,0,0,1,0,0.00,0.00,0.00,0.00,0.00,Matches,Liga Profesional de Fútbol Argentina,2025
f2e5d390,Alan Barrionuevo,ar ARG,DF,28,13,8,737,8.2,0,1,1,0,0,0,0,0,0.00,0.12,0.12,0.00,0.12,Matches,Liga Profesional de Fútbol Argentina,2025
8b6d7b27,Ramón Arias,uy URU,"DF,MF",32,14,8,674,7.5,0,0,0,0,0,0,3,1,0.00,0.00,0.00,0.00,0.00,Matches,Liga Profesional de Fútbol Argentina,2025
57148654,Martín Garay,ar ARG,"DF,MF",25,10,7,674,7.5,0,0,0,0,0,0,1,0,0.00,0.00,0.00,0.00,0.00,Matches,Liga Profesional de Fútbol Argentina,2025
e5cabba3,Tomás Cardona,ar ARG,DF,29,9,7,658,7.3,0,0,0,0,0,0,1,0,0.00,0.00,0.00,0.00,0.00,Matches,Liga Profesional de Fútbol Argentina,2025
07453486,Bruno Leyes,ar ARG,MF,23,11,6,555,6.2,0,0,0,0,0,0,4,0,0.00,0.00,0.00,0.00,0.00,Matches,Liga Profesional de Fútbol Argentina,2025
54328474,Héctor Fértoli,ar ARG,MF,30,15,5,591,6.6,0,0,0,0,0,0,1,0,0.00,0.00,0.00,0.00,0.00,Matches,Liga Profesional de Fútbol Argentina,2025
ffab97dd,Jalil Elías,sy SYR,MF,28,7,5,453,5.0,0,0,0,0,0,0,1,0,0.00,0.00,0.00,0.00,0.00,Matches,Liga Profesional de Fútbol Argentina,2025
c0d97f5c,Blas Armoa,py PAR,FW,24,12,5,436,4.8,0,2,2,0,0,0,1,0,0.00,0.41,0.41,0.00,0.41,Matches,Liga Profesional de Fútbol Argentina,2025
7799ee6f,Gonzalo Piñeiro,ar ARG,MF,24,10,4,434,4.8,0,0,0,0,0,0,0,0,0.00,0.00,0.00,0.00,0.00,Matches,Liga Profesional de Fútbol Argentina,2025
2fafa9ad,Alfio Oviedo,py PAR,FW,29,20,3,580,6.4,2,0,2,2,0,0,2,0,0.31,0.00,0.31,0.31,0.31,Matches,Liga Profesional de Fútbol Argentina,2025
c921e659,Brian Martínez,ar ARG,"MF,FW",25,12,3,354,3.9,2,1,3,0,2,2,2,0,0.51,0.25,0.76,0.00,0.25,Matches,Liga Profesional de Fútbol Argentina,2025
2376b044,Simón Rivero,ar ARG,MF,21,8,2,289,3.2,0,0,0,0,0,0,0,0,0.00,0.00,0.00,0.00,0.00,Matches,Liga Profesional de Fútbol Argentina,2025
b9f92e76,Eric Ramírez,ve VEN,FW,26,6,1,147,1.6,0,0,0,0,0,0,0,0,0.00,0.00,0.00,0.00,0.00,Matches,Liga Profesional de Fútbol Argentina,2025
eb55b9f5,Valentín Moreno,ar ARG,DF,21,3,1,140,1.6,0,0,0,0,0,0,1,0,0.00,0.00,0.00,0.00,0.00,Matches,Liga Profesional de Fútbol Argentina,2025
e374a7f5,Maximiliano Zalazar,ar ARG,MF,23,4,1,133,1.5,0,0,0,0,0,0,0,0,0.00,0.00,0.00,0.00,0.00,Matches,Liga Profesional de Fútbol Argentina,2025
710eecee,Manuel Fernández,ar ARG,FW,20,3,0,55,0.6,0,0,0,0,0,0,0,0,0.00,0.00,0.00,0.00,0.00,Matches,Liga Profesional de Fútbol Argentina,2025
d8dcc840,Lucas Besozzi,ar ARG,MF,22,5,0,47,0.5,1,0,1,1,0,0,1,0,1.91,0.00,1.91,1.91,1.91,Matches,Liga Profesional de Fútbol Argentina,2025
343a0930,Darío Sarmiento,ar ARG,MF,21,2,0,18,0.2,0,0,0,0,0,0,0,0,0.00,0.00,0.00,0.00,0.00,Matches,Liga Profesional de Fútbol Argentina,2025
980e0948,Ignacio Neira,uy URU,MF,26,1,0,8,0.1,0,0,0,0,0,0,0,0,0.00,0.00,0.00,0.00,0.00,Matches,Liga Profesional de Fútbol Argentina,2025
86f70a58,Thiago Airala,ar ARG,FW,20,0,0,,,,,,,,,,,,,,,,Matches,Liga Profesional de Fútbol Argentina,2025
02d5694b,Bernardo Benítez,py PAR,MF,22,0,0,,,,,,,,,,,,,,,,Matches,Liga Profesional de Fútbol Argentina,2025
d59c8af0,Luka Fuster,ar ARG,GK,18,0,0,,,,,,,,,,,,,,,,Matches,Liga Profesional de Fútbol Argentina,2025
abe841b4,Angelo Marchese,ar ARG,DF,20,0,0,,,,,,,,,,,,,,,,Matches,Liga Profesional de Fútbol Argentina,2025
d9f256c1,Ignacio Peluffo,,FW,,0,0,,,,,,,,,,,,,,,,Matches,Liga Profesional de Fútbol Argentina,2025
fc6f3f1f,Jeremías Ramponi,ar ARG,DF,19,0,0,,,,,,,,,,,,,,,,Matches,Liga Profesional de Fútbol Argentina,2025
10fb4c99,Alan Sebastian Lezcano,ar ARG,MF,17,0,0,,,,,,,,,,,,,,,,Matches,Liga Profesional de Fútbol Argentina,2025
b02676ef,Alan Sosa,ar ARG,GK,28,0,0,,,,,,,,,,,,,,,,Matches,Liga Profesional de Fútbol Argentina,2025
3db19a37,Tomás Sultani,ar ARG,GK,26,0,0,,,,,,,,,,,,,,,,Matches,Liga Profesional de Fútbol Argentina,2025
c6f4a56c,Federico Tévez,ar ARG,DF,25,0,0,,,,,,,,,,,,,,,,Matches,Liga Profesional de Fútbol Argentina,2025
e771803d,Milton Vasconcelo,ar ARG,MF,19,0,0,,,,,,,,,,,,,,,,Matches,Liga Profesional de Fútbol Argentina,2025
15bf7de8,Dardo Miloc,ar ARG,MF,34,31,31,"2,464",27.4,0,0,0,0,0,0,7,0,0.00,0.00,0.00,0.00,0.00,Matches,Liga Profesional de Fútbol Argentina,2025
97232163,Marcos Ignacio Ledesma,ar ARG,GK,28,29,29,"2,610",29.0,0,0,0,0,0,0,2,0,0.00,0.00,0.00,0.00,0.00,Matches,Liga Profesional de Fútbol Argentina,2025
094c0621,Rodrigo Insúa,ar ARG,"DF,MF",27,29,29,"2,610",29.0,5,4,9,1,4,4,9,0,0.17,0.14,0.31,0.03,0.17,Matches,Liga Profesional de Fútbol Argentina,2025
1e594292,Iván Tapia,ar ARG,MF,26,29,29,"1,942",21.6,2,2,4,1,1,3,6,1,0.09,0.09,0.19,0.05,0.14,Matches,Liga Profesional de Fútbol Argentina,2025
328cb061,Nicolás Demartini,ar ARG,DF,25,26,25,"2,285",25.4,0,0,0,0,0,0,9,0,0.00,0.00,0.00,0.00,0.00,Matches,Liga Profesional de Fútbol Argentina,2025
879d015a,Kevin Jappert,ar ARG,DF,20,26,25,"2,271",25.2,3,0,3,3,0,0,3,0,0.12,0.00,0.12,0.12,0.12,Matches,Liga Profesional de Fútbol Argentina,2025
162012b6,Javier Ruiz,ar ARG,"MF,FW",20,27,25,"2,027",22.5,3,6,9,3,0,0,3,0,0.13,0.27,0.40,0.13,0.40,Matches,Liga Profesional de Fútbol Argentina,2025
4958ceac,Fernando Tobio,ar ARG,DF,35,23,23,"2,064",22.9,1,0,1,1,0,0,8,0,0.04,0.00,0.04,0.04,0.04,Matches,Liga Profesional de Fútbol Argentina,2025
b75a1b03,Yonatthan Rak,uy URU,DF,31,20,19,"1,680",18.7,0,2,2,0,0,0,2,0,0.00,0.11,0.11,0.00,0.11,Matches,Liga Profesional de Fútbol Argentina,2025
a62813d2,Jhonatan Candia,uy URU,"FW,MF",29,26,19,"1,602",17.8,9,2,11,9,0,0,9,0,0.51,0.11,0.62,0.51,0.62,Matches,Liga Profesional de Fútbol Argentina,2025
16f7625e,Rafael Barrios,ar ARG,"DF,MF",31,25,17,"1,538",17.1,0,0,0,0,0,0,9,0,0.00,0.00,0.00,0.00,0.00,Matches,Liga Profesional de Fútbol Argentina,2025
8d7881e1,Facundo Bruera,ar ARG,FW,26,31,16,"1,727",19.2,10,5,15,10,0,0,8,0,0.52,0.26,0.78,0.52,0.78,Matches,Liga Profesional de Fútbol Argentina,2025
d04ee029,Facundo Mater,sy SYR,"MF,DF",26,19,15,"1,283",14.3,0,1,1,0,0,0,5,0,0.00,0.07,0.07,0.00,0.07,Matches,Liga Profesional de Fútbol Argentina,2025
125e771a,Gonzalo Morales,ar ARG,"FW,MF",21,24,12,"1,075",11.9,3,1,4,3,0,0,2,0,0.25,0.08,0.33,0.25,0.33,Matches,Liga Profesional de Fútbol Argentina,2025
b2fabf7e,Nahuel Barrios,ar ARG,"MF,FW",26,20,10,792,8.8,0,0,0,0,0,0,1,0,0.00,0.00,0.00,0.00,0.00,Matches,Liga Profesional de Fútbol Argentina,2025
be50f4be,Manuel Agustín Duarte,ar ARG,"MF,FW",23,16,8,646,7.2,1,0,1,1,0,0,2,0,0.14,0.00,0.14,0.14,0.14,Matches,Liga Profesional de Fútbol Argentina,2025
23f646f1,Siro Rosane,ar ARG,MF,24,27,5,"1,252",13.9,0,3,3,0,0,0,4,0,0.00,0.22,0.22,0.00,0.22,Matches,Liga Profesional de Fútbol Argentina,2025
77c42172,Tomás Porra,ar ARG,"MF,DF",21,24,5,716,8.0,0,1,1,0,0,0,0,0,0.00,0.13,0.13,0.00,0.13,Matches,Liga Profesional de Fútbol Argentina,2025
d64d46e4,Nicolás Capraro,ar ARG,DF,26,8,5,404,4.5,0,0,0,0,0,0,0,0,0.00,0.00,0.00,0.00,0.00,Matches,Liga Profesional de Fútbol Argentina,2025
3372ab71,Marcelo Miño,ar ARG,GK,27,3,3,270,3.0,0,0,0,0,0,0,0,0,0.00,0.00,0.00,0.00,0.00,Matches,Liga Profesional de Fútbol Argentina,2025
c4b560e4,Ignacio Tapia,ar ARG,MF,20,7,1,225,2.5,1,0,1,1,0,0,1,0,0.40,0.00,0.40,0.40,0.40,Matches,Liga Profesional de Fútbol Argentina,2025
f66eb198,Dylan Glaby,ar ARG,MF,28,1,1,58,0.6,0,0,0,0,0,0,0,0,0.00,0.00,0.00,0.00,0.00,Matches,Liga Profesional de Fútbol Argentina,2025
75c06d00,Iván Guaraz,ar ARG,FW,19,2,0,32,0.4,0,0,0,0,0,0,0,0,0.00,0.00,0.00,0.00,0.00,Matches,Liga Profesional de Fútbol Argentina,2025
e1dac904,Maximiliano Puig,ar ARG,MF,24,2,0,24,0.3,0,0,0,0,0,0,0,0,0.00,0.00,0.00,0.00,0.00,Matches,Liga Profesional de Fútbol Argentina,2025
b4519dd4,Nicolás Blandi,ar ARG,FW,35,1,0,6,0.1,0,0,0,0,0,0,0,0,0.00,0.00,0.00,0.00,0.00,Matches,Liga Profesional de Fútbol Argentina,2025
c6911bc2,Mateo Coronel,gr GRE,MF,19,0,0,,,,,,,,,,,,,,,,Matches,Liga Profesional de Fútbol Argentina,2025
f2f3d87c,Valentino Gandín,ar ARG,FW,17,0,0,,,,,,,,,,,,,,,,Matches,Liga Profesional de Fútbol Argentina,2025
2b1afba8,Juan Insúa,ar ARG,GK,20,0,0,,,,,,,,,,,,,,,,Matches,Liga Profesional de Fútbol Argentina,2025
6b002771,Alex Juárez,ar ARG,MF,20,0,0,,,,,,,,,,,,,,,,Matches,Liga Profesional de Fútbol Argentina,2025
dce99550,Thiago Perugini,,FW,,0,0,,,,,,,,,,,,,,,,Matches,Liga Profesional de Fútbol Argentina,2025
06ba9f33,Fausto Pianovi,ar ARG,FW,18,0,0,,,,,,,,,,,,,,,,Matches,Liga Profesional de Fútbol Argentina,2025
33330466,Enrique Bologna,ar ARG,GK,42,32,32,"2,880",32.0,0,0,0,0,0,0,2,0,0.00,0.00,0.00,0.00,0.00,Matches,Liga Profesional de Fútbol Argentina,2025
b9412d9e,Kevin Facundo Gutiérrez,ar ARG,MF,27,30,28,"2,455",27.3,0,1,1,0,0,0,6,0,0.00,0.04,0.04,0.00,0.04,Matches,Liga Profesional de Fútbol Argentina,2025
c20a7043,Alexis Soto,ar ARG,"DF,MF",31,28,28,"2,329",25.9,0,6,6,0,0,0,4,2,0.00,0.23,0.23,0.00,0.23,Matches,Liga Profesional de Fútbol Argentina,2025
27aecc44,Lucas Ferreira,uy URU,DF,24,26,25,"2,207",24.5,1,1,2,1,0,0,6,0,0.04,0.04,0.08,0.04,0.08,Matches,Liga Profesional de Fútbol Argentina,2025
8d69f8f3,Abiel Osorio,ar ARG,"FW,MF",22,29,25,"2,167",24.1,6,1,7,4,2,3,7,1,0.25,0.04,0.29,0.17,0.21,Matches,Liga Profesional de Fútbol Argentina,2025
134bd6e4,Ezequiel Cannavo,ar ARG,"DF,MF",22,26,25,"2,097",23.3,1,1,2,1,0,0,3,0,0.04,0.04,0.09,0.04,0.09,Matches,Liga Profesional de Fútbol Argentina,2025
cc704b9f,Aaron Nicolás Molinas,ar ARG,MF,24,27,25,"1,890",21.0,2,3,5,2,0,0,4,0,0.10,0.14,0.24,0.10,0.24,Matches,Liga Profesional de Fútbol Argentina,2025
9dde0ebb,César Pérez,cl CHI,MF,22,20,19,"1,463",16.3,3,0,3,3,0,0,2,0,0.18,0.00,0.18,0.18,0.18,Matches,Liga Profesional de Fútbol Argentina,2025
14cc32a6,Rafael Marcelo Delgado,ar ARG,DF,35,21,18,"1,690",18.8,2,0,2,2,0,0,4,1,0.11,0.00,0.11,0.11,0.11,Matches,Liga Profesional de Fútbol Argentina,2025
a15750e1,Damián Fernández,ar ARG,DF,24,15,15,"1,299",14.4,0,0,0,0,0,0,1,0,0.00,0.00,0.00,0.00,0.00,Matches,Liga Profesional de Fútbol Argentina,2025
be06718c,Juan Miritello,ar ARG,FW,25,26,14,"1,377",15.3,8,2,10,8,0,1,3,1,0.52,0.13,0.65,0.52,0.65,Matches,Liga Profesional de Fútbol Argentina,2025
fc63eb31,Emanuel Aguilera,ar ARG,DF,35,17,14,"1,179",13.1,0,0,0,0,0,0,2,0,0.00,0.00,0.00,0.00,0.00,Matches,Liga Profesional de Fútbol Argentina,2025
528b1be4,Lucas González,ar ARG,"MF,FW",24,19,14,936,10.4,1,4,5,1,0,0,2,0,0.10,0.38,0.48,0.10,0.48,Matches,Liga Profesional de Fútbol Argentina,2025
ba1f3f64,Gastón Togni,ar ARG,"MF,FW",27,12,11,886,9.8,5,1,6,5,0,0,1,0,0.51,0.10,0.61,0.51,0.61,Matches,Liga Profesional de Fútbol Argentina,2025
1b37c107,Juan Gutierrez,uy URU,"MF,FW",22,12,10,737,8.2,1,0,1,1,0,0,0,0,0.12,0.00,0.12,0.12,0.12,Matches,Liga Profesional de Fútbol Argentina,2025
d266af3b,Francisco González,ar ARG,"FW,MF",23,14,7,733,8.1,1,1,2,1,0,0,2,0,0.12,0.12,0.25,0.12,0.25,Matches,Liga Profesional de Fútbol Argentina,2025
3362dde8,Matías Miranda,ar ARG,MF,24,11,6,511,5.7,1,0,1,1,0,0,1,0,0.18,0.00,0.18,0.18,0.18,Matches,Liga Profesional de Fútbol Argentina,2025
a5737fd0,Kevin Balanta,co COL,DF,27,5,5,421,4.7,0,0,0,0,0,0,2,0,0.00,0.00,0.00,0.00,0.00,Matches,Liga Profesional de Fútbol Argentina,2025
be6ff7fc,Benjamín Schamine,ar ARG,MF,21,16,4,541,6.0,0,2,2,0,0,0,4,0,0.00,0.33,0.33,0.00,0.33,Matches,Liga Profesional de Fútbol Argentina,2025
098a28f8,Agustin Hausch,ar ARG,"MF,DF",21,10,4,405,4.5,0,0,0,0,0,0,1,0,0.00,0.00,0.00,0.00,0.00,Matches,Liga Profesional de Fútbol Argentina,2025
3be76aa4,Tobías Rubio,ar ARG,DF,20,8,4,405,4.5,0,0,0,0,0,0,2,0,0.00,0.00,0.00,0.00,0.00,Matches,Liga Profesional de Fútbol Argentina,2025
62eef061,David Barbona,ar ARG,MF,29,21,3,624,6.9,0,0,0,0,0,0,1,0,0.00,0.00,0.00,0.00,0.00,Matches,Liga Profesional de Fútbol Argentina,2025
cfe8fb62,Matías Ramírez,ar ARG,"MF,FW",25,10,3,368,4.1,0,1,1,0,0,0,2,0,0.00,0.24,0.24,0.00,0.24,Matches,Liga Profesional de Fútbol Argentina,2025
ab3ff6e2,Maxi González,ar ARG,MF,20,8,3,351,3.9,0,0,0,0,0,0,0,0,0.00,0.00,0.00,0.00,0.00,Matches,Liga Profesional de Fútbol Argentina,2025
5c514884,Lenny Lobato,br BRA,MF,23,11,2,437,4.9,0,0,0,0,0,0,0,0,0.00,0.00,0.00,0.00,0.00,Matches,Liga Profesional de Fútbol Argentina,2025
7c884b79,Damián Pérez,ar ARG,DF,36,3,2,225,2.5,0,0,0,0,0,0,0,0,0.00,0.00,0.00,0.00,0.00,Matches,Liga Profesional de Fútbol Argentina,2025
9857c88f,Santiago Sosa,ar ARG,MF,20,6,2,196,2.2,0,0,0,0,0,0,1,0,0.00,0.00,0.00,0.00,0.00,Matches,Liga Profesional de Fútbol Argentina,2025
74fef6d2,Gaston Gonzalez,ar ARG,FW,23,6,1,168,1.9,0,0,0,0,0,0,0,0,0.00,0.00,0.00,0.00,0.00,Matches,Liga Profesional de Fútbol Argentina,2025
b62ca703,Nicolás Palavecino,ar ARG,FW,21,4,1,107,1.2,0,0,0,0,0,0,0,0,0.00,0.00,0.00,0.00,0.00,Matches,Liga Profesional de Fútbol Argentina,2025
dd7e0773,Valentín Larralde,ar ARG,MF,24,4,1,103,1.1,0,0,0,0,0,0,1,0,0.00,0.00,0.00,0.00,0.00,Matches,Liga Profesional de Fútbol Argentina,2025
f3c6ba68,Agustín Sienra,ar ARG,DF,25,1,1,90,1.0,0,0,0,0,0,0,0,0,0.00,0.00,0.00,0.00,0.00,Matches,Liga Profesional de Fútbol Argentina,2025
251ea0b9,Mateo Aguiar,ar ARG,MF,17,5,0,97,1.1,0,0,0,0,0,0,0,0,0.00,0.00,0.00,0.00,0.00,Matches,Liga Profesional de Fútbol Argentina,2025
21a529cf,Nicolás Stefanelli,ar ARG,"FW,MF",30,5,0,65,0.7,0,0,0,0,0,0,0,0,0.00,0.00,0.00,0.00,0.00,Matches,Liga Profesional de Fútbol Argentina,2025
ca39d38f,Lucas Souto,ar ARG,DF,26,3,0,50,0.6,0,0,0,0,0,0,1,0,0.00,0.00,0.00,0.00,0.00,Matches,Liga Profesional de Fútbol Argentina,2025
307002fa,Esteban Lucero,ar ARG,DF,19,1,0,36,0.4,0,0,0,0,0,0,1,0,0.00,0.00,0.00,0.00,0.00,Matches,Liga Profesional de Fútbol Argentina,2025
e3ec96c1,Luciano Ramón Herrera,ar ARG,MF,28,1,0,21,0.2,0,0,0,0,0,0,0,0,0.00,0.00,0.00,0.00,0.00,Matches,Liga Profesional de Fútbol Argentina,2025
e2525aa4,Ignacio Galván,ar ARG,DF,22,0,0,,,,,,,,,,,,,,,,Matches,Liga Profesional de Fútbol Argentina,2025
21e457c9,Uriel La Roza,ar ARG,FW,19,0,0,,,,,,,,,,,,,,,,Matches,Liga Profesional de Fútbol Argentina,2025
70d628a1,Roberto León,ar ARG,GK,23,0,0,,,,,,,,,,,,,,,,Matches,Liga Profesional de Fútbol Argentina,2025
5d5946a4,Facundo Masuero,ar ARG,GK,24,0,0,,,,,,,,,,,,,,,,Matches,Liga Profesional de Fútbol Argentina,2025
7b0c4d94,Facundo Noguera,ar ARG,FW,18,0,0,,,,,,,,,,,,,,,,Matches,Liga Profesional de Fútbol Argentina,2025
70ce8fa7,Josue Reinatti,ar ARG,GK,21,0,0,,,,,,,,,,,,,,,,Matches,Liga Profesional de Fútbol Argentina,2025
fcfdbffe,Alejo Montero,ar ARG,"DF,MF",26,28,26,"2,325",25.8,0,0,0,0,0,0,8,0,0.00,0.00,0.00,0.00,0.00,Matches,Liga Profesional de Fútbol Argentina,2025
fa937f7a,Éver Banega,ar ARG,MF,36,29,25,"2,287",25.4,3,5,8,3,0,1,10,1,0.12,0.20,0.31,0.12,0.31,Matches,Liga Profesional de Fútbol Argentina,2025
39fb428f,Víctor Cuesta,ar ARG,DF,36,25,25,"2,242",24.9,2,0,2,2,0,0,9,0,0.08,0.00,0.08,0.08,0.08,Matches,Liga Profesional de Fútbol Argentina,2025
5c059b5d,Carlos González Espínola,py PAR,FW,31,26,22,"2,012",22.4,4,2,6,4,0,0,0,0,0.18,0.09,0.27,0.18,0.27,Matches,Liga Profesional de Fútbol Argentina,2025
6ed8d841,Luciano Lollo,ar ARG,DF,37,23,22,"1,875",20.8,3,0,3,3,0,0,5,2,0.14,0.00,0.14,0.14,0.14,Matches,Liga Profesional de Fútbol Argentina,2025
e3ec96c1,Luciano Ramón Herrera,ar ARG,"MF,FW",28,26,22,"1,675",18.6,5,2,7,5,0,0,5,0,0.27,0.11,0.38,0.27,0.38,Matches,Liga Profesional de Fútbol Argentina,2025
e01ca8f4,Gonzalo Maroni,ar ARG,MF,25,27,21,"1,667",18.5,2,3,5,2,0,0,7,1,0.11,0.16,0.27,0.11,0.27,Matches,Liga Profesional de Fútbol Argentina,2025
101b4b71,Luca Regiardo,ar ARG,MF,18,21,17,"1,431",15.9,0,0,0,0,0,0,8,1,0.00,0.00,0.00,0.00,0.00,Matches,Liga Profesional de Fútbol Argentina,2025
6d8fe94c,Saúl Salcedo,py PAR,DF,27,20,16,"1,427",15.9,0,0,0,0,0,0,2,0,0.00,0.00,0.00,0.00,0.00,Matches,Liga Profesional de Fútbol Argentina,2025
12a2d3e0,Mateo Silvetti,ar ARG,"MF,FW",19,15,15,"1,090",12.1,2,1,3,2,0,0,1,0,0.17,0.08,0.25,0.17,0.25,Matches,Liga Profesional de Fútbol Argentina,2025
ecada4fc,Keylor Navas,cr CRC,GK,38,14,14,"1,260",14.0,0,0,0,0,0,0,1,0,0.00,0.00,0.00,0.00,0.00,Matches,Liga Profesional de Fútbol Argentina,2025
93649708,Juan Espínola,py PAR,GK,30,12,12,"1,080",12.0,0,0,0,0,0,0,2,0,0.00,0.00,0.00,0.00,0.00,Matches,Liga Profesional de Fútbol Argentina,2025
3264fa21,Tomás Jacob,ar ARG,"MF,DF",20,13,12,"1,043",11.6,0,0,0,0,0,0,2,0,0.00,0.00,0.00,0.00,0.00,Matches,Liga Profesional de Fútbol Argentina,2025
3d0031f4,Ángelo Martino,ar ARG,DF,26,11,11,946,10.5,0,1,1,0,0,0,2,0,0.00,0.10,0.10,0.00,0.10,Matches,Liga Profesional de Fútbol Argentina,2025
7f7a9830,Alejo Tabares,ar ARG,"MF,DF",23,14,9,894,9.9,0,1,1,0,0,0,3,0,0.00,0.10,0.10,0.00,0.10,Matches,Liga Profesional de Fútbol Argentina,2025
9eed7bd3,Luca Sosa,ar ARG,DF,30,12,9,763,8.5,0,0,0,0,0,0,0,0,0.00,0.00,0.00,0.00,0.00,Matches,Liga Profesional de Fútbol Argentina,2025
fb3b6565,David Sotelo,ar ARG,MF,21,17,7,766,8.5,0,2,2,0,0,0,2,0,0.00,0.23,0.23,0.00,0.23,Matches,Liga Profesional de Fútbol Argentina,2025
5da52e88,Jherson Mosquera,co COL,"DF,MF",25,10,6,539,6.0,1,0,1,1,0,0,1,0,0.17,0.00,0.17,0.17,0.17,Matches,Liga Profesional de Fútbol Argentina,2025
5f7d6d59,Fernando David Cardozo,py PAR,"MF,FW",23,11,6,490,5.4,0,0,0,0,0,0,3,0,0.00,0.00,0.00,0.00,0.00,Matches,Liga Profesional de Fútbol Argentina,2025
2c29ddcc,Martín Luciano,ar ARG,DF,21,8,6,434,4.8,0,0,0,0,0,0,0,0,0.00,0.00,0.00,0.00,0.00,Matches,Liga Profesional de Fútbol Argentina,2025
06f7516d,Juan Manuel García,ar ARG,FW,32,18,5,593,6.6,0,0,0,0,0,1,3,1,0.00,0.00,0.00,0.00,0.00,Matches,Liga Profesional de Fútbol Argentina,2025
d6c09370,Facundo Guch,ar ARG,MF,18,10,5,522,5.8,2,0,2,2,0,0,1,0,0.34,0.00,0.34,0.34,0.34,Matches,Liga Profesional de Fútbol Argentina,2025
f7560b9d,Martín Fernández,uy URU,MF,23,7,5,476,5.3,0,0,0,0,0,0,5,0,0.00,0.00,0.00,0.00,0.00,Matches,Liga Profesional de Fútbol Argentina,2025
a2e1934e,Valentino Acuña,ar ARG,MF,19,11,4,495,5.5,1,0,1,1,0,0,1,0,0.18,0.00,0.18,0.18,0.18,Matches,Liga Profesional de Fútbol Argentina,2025
bea9b02f,Williams Barlasina,ar ARG,GK,26,4,4,360,4.0,0,0,0,0,0,0,0,0,0.00,0.00,0.00,0.00,0.00,Matches,Liga Profesional de Fútbol Argentina,2025
20352705,Fabián Noguera,ar ARG,DF,31,4,4,308,3.4,0,0,0,0,0,0,1,0,0.00,0.00,0.00,0.00,0.00,Matches,Liga Profesional de Fútbol Argentina,2025
2e0d1e5b,Giovani Chiaverano,ar ARG,MF,19,13,3,483,5.4,0,1,1,0,0,0,1,0,0.00,0.19,0.19,0.00,0.19,Matches,Liga Profesional de Fútbol Argentina,2025
bef0a7ac,Darío Benedetto,ar ARG,FW,34,8,3,319,3.5,0,0,0,0,0,1,1,0,0.00,0.00,0.00,0.00,0.00,Matches,Liga Profesional de Fútbol Argentina,2025
42d44ed9,Franco Orozco,ar ARG,MF,23,7,3,291,3.2,0,0,0,0,0,0,2,0,0.00,0.00,0.00,0.00,0.00,Matches,Liga Profesional de Fútbol Argentina,2025
29d08c06,Nazareno Funez,ar ARG,FW,23,7,2,233,2.6,0,0,0,0,0,0,0,0,0.00,0.00,0.00,0.00,0.00,Matches,Liga Profesional de Fútbol Argentina,2025
70ce8fa7,Josue Reinatti,ar ARG,GK,21,2,2,180,2.0,0,0,0,0,0,0,0,0,0.00,0.00,0.00,0.00,0.00,Matches,Liga Profesional de Fútbol Argentina,2025
035a3093,Juan Ignacio Méndez,ar ARG,MF,27,5,2,170,1.9,0,0,0,0,0,0,1,0,0.00,0.00,0.00,0.00,0.00,Matches,Liga Profesional de Fútbol Argentina,2025
5d6a92d3,Jerónimo Russo,ar ARG,MF,19,4,1,129,1.4,0,0,0,0,0,0,0,0,0.00,0.00,0.00,0.00,0.00,Matches,Liga Profesional de Fútbol Argentina,2025
326766d0,Gaspar Iñíguez,ar ARG,MF,30,3,1,115,1.3,0,1,1,0,0,0,0,0,0.00,0.78,0.78,0.00,0.78,Matches,Liga Profesional de Fútbol Argentina,2025
4d439164,Genaro Rossi,ar ARG,FW,22,2,1,98,1.1,0,0,0,0,0,0,0,0,0.00,0.00,0.00,0.00,0.00,Matches,Liga Profesional de Fútbol Argentina,2025
0b135483,Brian Calderara,ar ARG,MF,26,3,1,84,0.9,0,0,0,0,0,0,0,0,0.00,0.00,0.00,0.00,0.00,Matches,Liga Profesional de Fútbol Argentina,2025
9603d928,Josué Colmán,py PAR,MF,26,2,1,82,0.9,0,0,0,0,0,0,0,0,0.00,0.00,0.00,0.00,0.00,Matches,Liga Profesional de Fútbol Argentina,2025
263c584b,Joaquín Plaza,ar ARG,FW,20,2,1,73,0.8,0,0,0,0,0,0,0,0,0.00,0.00,0.00,0.00,0.00,Matches,Liga Profesional de Fútbol Argentina,2025
d266af3b,Francisco González,ar ARG,FW,23,1,1,60,0.7,0,0,0,0,0,0,1,0,0.00,0.00,0.00,0.00,0.00,Matches,Liga Profesional de Fútbol Argentina,2025
25879068,Jerónimo Mattar,ar ARG,MF,16,5,0,82,0.9,0,0,0,0,0,0,1,0,0.00,0.00,0.00,0.00,0.00,Matches,Liga Profesional de Fútbol Argentina,2025
1df448b0,Fabricio Tirado,ar ARG,MF,20,2,0,63,0.7,0,0,0,0,0,0,0,0,0.00,0.00,0.00,0.00,0.00,Matches,Liga Profesional de Fútbol Argentina,2025
69b2dea5,Lisandro Montenegro,ar ARG,MF,21,2,0,31,0.3,0,0,0,0,0,0,0,0,0.00,0.00,0.00,0.00,0.00,Matches,Liga Profesional de Fútbol Argentina,2025
7fcb07de,Ignacio Liberato,,FW,,1,0,24,0.3,0,0,0,0,0,0,0,0,0.00,0.00,0.00,0.00,0.00,Matches,Liga Profesional de Fútbol Argentina,2025
7b7f2510,Thiago Gigena,ar ARG,FW,19,2,0,18,0.2,0,0,0,0,0,0,0,0,0.00,0.00,0.00,0.00,0.00,Matches,Liga Profesional de Fútbol Argentina,2025
c7af7c09,Pablo Altamirano,ar ARG,MF,20,2,0,16,0.2,0,0,0,0,0,0,0,0,0.00,0.00,0.00,0.00,0.00,Matches,Liga Profesional de Fútbol Argentina,2025
84828111,Francisco Scarpeccio,ar ARG,FW,19,2,0,7,0.1,0,0,0,0,0,0,0,0,0.00,0.00,0.00,0.00,0.00,Matches,Liga Profesional de Fútbol Argentina,2025
9cac7024,Alejo Navarro,ar ARG,FW,18,1,0,5,0.1,0,0,0,0,0,0,0,0,0.00,0.00,0.00,0.00,0.00,Matches,Liga Profesional de Fútbol Argentina,2025
62677065,Joaquín Amadio,,FW,,0,0,,,,,,,,,,,,,,,,Matches,Liga Profesional de Fútbol Argentina,2025
848cbc52,Lucas Hoyos,ar ARG,GK,35,0,0,,,,,,,,,,,,,,,,Matches,Liga Profesional de Fútbol Argentina,2025
dfd2a9ee,Agustín Melgarejo,ar ARG,DF,18,0,0,,,,,,,,,,,,,,,,Matches,Liga Profesional de Fútbol Argentina,2025
da3f044e,Alan Mereles,ar ARG,MF,19,0,0,,,,,,,,,,,,,,,,Matches,Liga Profesional de Fútbol Argentina,2025
473928c3,Lucas Mihovilcevich,ar ARG,DF,21,0,0,,,,,,,,,,,,,,,,Matches,Liga Profesional de Fútbol Argentina,2025
679eedfc,Andrew Pereira,ve VEN,FW,18,0,0,,,,,,,,,,,,,,,,Matches,Liga Profesional de Fútbol Argentina,2025
73ab93b6,Faustino Piotti,ar ARG,GK,21,0,0,,,,,,,,,,,,,,,,Matches,Liga Profesional de Fútbol Argentina,2025
dd43772f,Lautaro Rios,ar ARG,FW,18,0,0,,,,,,,,,,,,,,,,Matches,Liga Profesional de Fútbol Argentina,2025
1a5f4308,Juan Saman,ar ARG,DF,18,0,0,,,,,,,,,,,,,,,,Matches,Liga Profesional de Fútbol Argentina,2025
3988a8e5,Valentino Torrente,ar ARG,DF,19,0,0,,,,,,,,,,,,,,,,Matches,Liga Profesional de Fútbol Argentina,2025
bfb67716,Adrián Guillermo Sánchez,ar ARG,MF,25,32,32,"2,693",29.9,2,0,2,2,0,0,5,0,0.07,0.00,0.07,0.07,0.07,Matches,Liga Profesional de Fútbol Argentina,2025
ac2206e1,Miguel Brizuela,ar ARG,DF,28,31,23,"2,200",24.4,2,0,2,2,0,0,7,0,0.08,0.00,0.08,0.08,0.08,Matches,Liga Profesional de Fútbol Argentina,2025
3fee512a,Leandro Díaz,ar ARG,FW,32,27,23,"2,011",22.3,6,0,6,5,1,2,6,1,0.27,0.00,0.27,0.22,0.22,Matches,Liga Profesional de Fútbol Argentina,2025
3fd3bf8a,Damián Martínez,ar ARG,DF,35,27,23,"1,939",21.5,0,2,2,0,0,0,11,0,0.00,0.09,0.09,0.00,0.09,Matches,Liga Profesional de Fútbol Argentina,2025
09e1d2b1,Gianluca Ferrari,ar ARG,DF,27,19,19,"1,620",18.0,0,1,1,0,0,0,5,0,0.00,0.06,0.06,0.00,0.06,Matches,Liga Profesional de Fútbol Argentina,2025
e020cfc4,Marcelo Ortiz,ar ARG,DF,31,18,17,"1,493",16.6,2,0,2,2,0,0,6,0,0.12,0.00,0.12,0.12,0.12,Matches,Liga Profesional de Fútbol Argentina,2025
d005b036,Mateo Bajamich,ar ARG,FW,25,27,15,"1,363",15.1,2,1,3,2,0,0,2,0,0.13,0.07,0.20,0.13,0.20,Matches,Liga Profesional de Fútbol Argentina,2025
30c0c914,Matías Mansilla,ar ARG,GK,28,15,15,"1,350",15.0,0,0,0,0,0,0,3,0,0.00,0.00,0.00,0.00,0.00,Matches,Liga Profesional de Fútbol Argentina,2025
52e8ada7,Mateo Coronel,ar ARG,FW,26,19,15,"1,223",13.6,5,3,8,5,0,0,2,0,0.37,0.22,0.59,0.37,0.59,Matches,Liga Profesional de Fútbol Argentina,2025
bde55241,Nicolás Laméndola,ar ARG,MF,26,25,15,"1,166",13.0,3,4,7,3,0,0,7,0,0.23,0.31,0.54,0.23,0.54,Matches,Liga Profesional de Fútbol Argentina,2025
1ed313b7,Kevin Ortíz,ar ARG,MF,24,15,14,"1,214",13.5,0,1,1,0,0,0,5,0,0.00,0.07,0.07,0.00,0.07,Matches,Liga Profesional de Fútbol Argentina,2025
976c8f8f,Ramiro Ruiz,ar ARG,"MF,FW",24,27,13,"1,220",13.6,2,4,6,2,0,0,1,0,0.15,0.30,0.44,0.15,0.44,Matches,Liga Profesional de Fútbol Argentina,2025
1bae6597,Guillermo Acosta,ar ARG,MF,36,20,13,"1,129",12.5,0,2,2,0,0,0,3,0,0.00,0.16,0.16,0.00,0.16,Matches,Liga Profesional de Fútbol Argentina,2025
a7245aa0,Durso,ar ARG,GK,25,11,11,990,11.0,0,0,0,0,0,0,1,0,0.00,0.00,0.00,0.00,0.00,Matches,Liga Profesional de Fútbol Argentina,2025
7221c7da,Clever Ferreira,py PAR,DF,21,11,11,987,11.0,1,0,1,1,0,0,3,2,0.09,0.00,0.09,0.09,0.09,Matches,Liga Profesional de Fútbol Argentina,2025
cddd1e30,Franco Nicola,uy URU,"MF,DF",22,23,10,963,10.7,3,0,3,3,0,0,2,0,0.28,0.00,0.28,0.28,0.28,Matches,Liga Profesional de Fútbol Argentina,2025
726d759f,Matías De los Santos,uy URU,DF,32,10,10,900,10.0,0,0,0,0,0,0,1,0,0.00,0.00,0.00,0.00,0.00,Matches,Liga Profesional de Fútbol Argentina,2025
5256c4ca,Kevin Lopez,ar ARG,MF,23,19,10,847,9.4,0,0,0,0,0,0,3,0,0.00,0.00,0.00,0.00,0.00,Matches,Liga Profesional de Fútbol Argentina,2025
13f61a69,Juan Infante,ar ARG,"DF,MF",29,10,10,820,9.1,0,0,0,0,0,0,2,0,0.00,0.00,0.00,0.00,0.00,Matches,Liga Profesional de Fútbol Argentina,2025
476d6fbe,Carlos Auzqui,ar ARG,MF,33,19,9,900,10.0,1,1,2,1,0,0,3,0,0.10,0.10,0.20,0.10,0.20,Matches,Liga Profesional de Fútbol Argentina,2025
3546ee7e,Lautaro Godoy,py PAR,MF,21,18,7,714,7.9,0,1,1,0,0,0,1,0,0.00,0.13,0.13,0.00,0.13,Matches,Liga Profesional de Fútbol Argentina,2025
f90f059e,Juan González,uy URU,GK,31,6,6,540,6.0,0,0,0,0,0,0,1,0,0.00,0.00,0.00,0.00,0.00,Matches,Liga Profesional de Fútbol Argentina,2025
e2525aa4,Ignacio Galván,ar ARG,DF,22,8,6,458,5.1,1,0,1,1,0,0,2,1,0.20,0.00,0.20,0.20,0.20,Matches,Liga Profesional de Fútbol Argentina,2025
dab61168,Lisandro Cabrera,ar ARG,FW,27,17,4,501,5.6,0,1,1,0,0,0,0,0,0.00,0.18,0.18,0.00,0.18,Matches,Liga Profesional de Fútbol Argentina,2025
432e6973,Matías Orihuela,ar ARG,DF,32,6,4,485,5.4,0,0,0,0,0,0,2,0,0.00,0.00,0.00,0.00,0.00,Matches,Liga Profesional de Fútbol Argentina,2025
b42ba8cd,Maximiliano Villa,uy URU,DF,27,9,4,431,4.8,0,0,0,0,0,0,1,0,0.00,0.00,0.00,0.00,0.00,Matches,Liga Profesional de Fútbol Argentina,2025
1bc771b3,Renzo Tesuri,ar ARG,MF,28,6,4,278,3.1,0,0,0,0,0,0,1,0,0.00,0.00,0.00,0.00,0.00,Matches,Liga Profesional de Fútbol Argentina,2025
ab69d6eb,Moisés Brandán,ar ARG,DF,24,6,3,310,3.4,0,0,0,0,0,0,0,0,0.00,0.00,0.00,0.00,0.00,Matches,Liga Profesional de Fútbol Argentina,2025
d016a159,Nicolás Castro,ar ARG,MF,34,4,3,257,2.9,1,0,1,1,0,0,1,0,0.35,0.00,0.35,0.35,0.35,Matches,Liga Profesional de Fútbol Argentina,2025
96d19d5b,Luis Miguel Rodríguez,ar ARG,"MF,FW",40,9,2,311,3.5,0,0,0,0,0,0,1,0,0.00,0.00,0.00,0.00,0.00,Matches,Liga Profesional de Fútbol Argentina,2025
d535f426,Marcelo Estigarribia,ar ARG,FW,29,1,1,90,1.0,0,0,0,0,0,0,0,0,0.00,0.00,0.00,0.00,0.00,Matches,Liga Profesional de Fútbol Argentina,2025
31b185e8,Rodrigo Iñaki Melo,ar ARG,MF,29,8,0,120,1.3,0,0,0,0,0,0,0,0,0.00,0.00,0.00,0.00,0.00,Matches,Liga Profesional de Fútbol Argentina,2025
121f452f,Carlos Abeldano,ar ARG,FW,19,3,0,34,0.4,0,0,0,0,0,0,0,0,0.00,0.00,0.00,0.00,0.00,Matches,Liga Profesional de Fútbol Argentina,2025
b747edb2,Fausto Grillo,ar ARG,DF,31,1,0,17,0.2,0,0,0,0,0,0,0,0,0.00,0.00,0.00,0.00,0.00,Matches,Liga Profesional de Fútbol Argentina,2025
10a4cd78,Ezequiel Godoy,ar ARG,MF,21,1,0,3,0.0,0,0,0,0,0,0,0,0,0.00,0.00,0.00,0.00,0.00,Matches,Liga Profesional de Fútbol Argentina,2025
27653cda,Luciano Vallejo,ar ARG,DF,20,1,0,3,0.0,0,0,0,0,0,0,0,0,0.00,0.00,0.00,0.00,0.00,Matches,Liga Profesional de Fútbol Argentina,2025
fc6f74e2,Agustín Gálvez,,,,0,0,,,,,,,,,,,,,,,,Matches,Liga Profesional de Fútbol Argentina,2025
da01b2cc,Ramiro Paunero,ar ARG,DF,19,0,0,,,,,,,,,,,,,,,,Matches,Liga Profesional de Fútbol Argentina,2025
1d9601a2,Juan Posse,ar ARG,DF,19,0,0,,,,,,,,,,,,,,,,Matches,Liga Profesional de Fútbol Argentina,2025
23a250d1,Pocho Román,it ITA,FW,20,0,0,,,,,,,,,,,,,,,,Matches,Liga Profesional de Fútbol Argentina,2025
c5304db4,César Vega,ar ARG,MF,21,0,0,,,,,,,,,,,,,,,,Matches,Liga Profesional de Fútbol Argentina,2025
50f7c408,Lucas Acosta,ar ARG,GK,29,32,32,"2,880",32.0,0,0,0,0,0,0,2,0,0.00,0.00,0.00,0.00,0.00,Matches,Liga Profesional de Fútbol Argentina,2025
deb82749,Juan Manuel Insaurralde,ar ARG,DF,40,29,29,"2,609",29.0,2,0,2,2,0,0,10,1,0.07,0.00,0.07,0.07,0.07,Matches,Liga Profesional de Fútbol Argentina,2025
3468cf5d,Iván Morales Bravo,cl CHI,FW,25,30,23,"2,163",24.0,3,2,5,3,0,2,5,0,0.12,0.08,0.21,0.12,0.21,Matches,Liga Profesional de Fútbol Argentina,2025
24a99c0e,Carlos Villalba,ar ARG,MF,26,25,23,"1,866",20.7,2,0,2,2,0,0,11,0,0.10,0.00,0.10,0.10,0.10,Matches,Liga Profesional de Fútbol Argentina,2025
51e3954c,Facundo Roncaglia,ar ARG,DF,37,22,22,"1,906",21.2,0,0,0,0,0,0,6,0,0.00,0.00,0.00,0.00,0.00,Matches,Liga Profesional de Fútbol Argentina,2025
9ebb9e83,Joel Godoy,ar ARG,DF,19,21,20,"1,738",19.3,1,0,1,1,0,0,5,0,0.05,0.00,0.05,0.05,0.05,Matches,Liga Profesional de Fútbol Argentina,2025
1d8d182c,Alex Vigo,ar ARG,"DF,MF",25,25,19,"1,822",20.2,0,2,2,0,0,0,5,0,0.00,0.10,0.10,0.00,0.10,Matches,Liga Profesional de Fútbol Argentina,2025
b7f36529,Renzo Miguel Orihuela Barcos,uy URU,DF,23,21,17,"1,604",17.8,0,0,0,0,0,0,7,0,0.00,0.00,0.00,0.00,0.00,Matches,Liga Profesional de Fútbol Argentina,2025
f936b331,Elián Giménez,ar ARG,MF,20,24,16,"1,480",16.4,2,1,3,2,0,0,4,0,0.12,0.06,0.18,0.12,0.18,Matches,Liga Profesional de Fútbol Argentina,2025
707ba477,Julián Contrera,ar ARG,MF,21,15,15,"1,071",11.9,0,2,2,0,0,0,5,0,0.00,0.17,0.17,0.00,0.17,Matches,Liga Profesional de Fútbol Argentina,2025
64b184ac,Manuel García,ar ARG,MF,25,23,14,"1,300",14.4,1,0,1,1,0,0,7,0,0.07,0.00,0.07,0.07,0.07,Matches,Liga Profesional de Fútbol Argentina,2025
3fd907f6,Joaquín Gho,ar ARG,MF,21,16,13,"1,096",12.2,0,1,1,0,0,0,3,0,0.00,0.08,0.08,0.00,0.08,Matches,Liga Profesional de Fútbol Argentina,2025
1175d526,Leandro Suhr,uy URU,"MF,FW",27,23,12,"1,109",12.3,1,0,1,1,0,0,3,1,0.08,0.00,0.08,0.08,0.08,Matches,Liga Profesional de Fútbol Argentina,2025
a6eff0a3,Gabriel Díaz,ar ARG,"MF,DF",24,19,12,974,10.8,1,1,2,1,0,0,4,0,0.09,0.09,0.18,0.09,0.18,Matches,Liga Profesional de Fútbol Argentina,2025
74fef6d2,Gaston Gonzalez,ar ARG,MF,23,10,10,771,8.6,1,1,2,1,0,0,0,0,0.12,0.12,0.23,0.12,0.23,Matches,Liga Profesional de Fútbol Argentina,2025
7a694ae4,Gabriel Carabajal,ar ARG,"MF,FW",33,14,10,752,8.4,2,0,2,0,2,2,1,0,0.24,0.00,0.24,0.00,0.00,Matches,Liga Profesional de Fútbol Argentina,2025
c911d311,Jonathan David Gómez,ar ARG,"MF,FW",35,12,9,648,7.2,0,0,0,0,0,0,7,0,0.00,0.00,0.00,0.00,0.00,Matches,Liga Profesional de Fútbol Argentina,2025
6c3e094c,Franco Frías,ar ARG,"FW,MF",22,19,7,714,7.9,1,1,2,1,0,0,2,0,0.13,0.13,0.25,0.13,0.25,Matches,Liga Profesional de Fútbol Argentina,2025
935f1e96,Santiago Morales,,DF,,8,7,596,6.6,0,0,0,0,0,0,1,0,0.00,0.00,0.00,0.00,0.00,Matches,Liga Profesional de Fútbol Argentina,2025
eb823875,Joaquín Ardaiz,uy URU,FW,26,11,6,576,6.4,3,1,4,3,0,0,1,0,0.47,0.16,0.62,0.47,0.62,Matches,Liga Profesional de Fútbol Argentina,2025
d51af27a,Pablo Magnín,ar ARG,"FW,MF",34,12,6,560,6.2,2,0,2,1,1,1,1,0,0.32,0.00,0.32,0.16,0.16,Matches,Liga Profesional de Fútbol Argentina,2025
7f75c34b,Jeremías Vallejos,ar ARG,DF,21,9,6,500,5.6,0,0,0,0,0,0,4,0,0.00,0.00,0.00,0.00,0.00,Matches,Liga Profesional de Fútbol Argentina,2025
9438188a,Yair Ezequiel Arismendi,ar ARG,"DF,MF",26,16,5,634,7.0,0,0,0,0,0,0,0,0,0.00,0.00,0.00,0.00,0.00,Matches,Liga Profesional de Fútbol Argentina,2025
f99cfccb,Valentín Burgoa,ar ARG,MF,25,15,5,615,6.8,1,0,1,1,0,0,0,0,0.15,0.00,0.15,0.15,0.15,Matches,Liga Profesional de Fútbol Argentina,2025
1ebb7c72,Santiago Rodriguez,ar ARG,"FW,MF",27,11,4,451,5.0,0,1,1,0,0,0,0,0,0.00,0.20,0.20,0.00,0.20,Matches,Liga Profesional de Fútbol Argentina,2025
6c3df62b,Federico Paradela,ar ARG,MF,25,10,3,346,3.8,0,0,0,0,0,0,4,0,0.00,0.00,0.00,0.00,0.00,Matches,Liga Profesional de Fútbol Argentina,2025
76c67ea0,Tomas Guiacobini,ar ARG,MF,20,5,3,200,2.2,0,0,0,0,0,0,2,0,0.00,0.00,0.00,0.00,0.00,Matches,Liga Profesional de Fútbol Argentina,2025
d6f9652b,Lucas Pratto,ar ARG,"MF,FW",36,9,2,317,3.5,0,0,0,0,0,0,1,0,0.00,0.00,0.00,0.00,0.00,Matches,Liga Profesional de Fútbol Argentina,2025
dbf30726,Jhon Rentería,co COL,MF,19,3,1,132,1.5,0,0,0,0,0,0,0,0,0.00,0.00,0.00,0.00,0.00,Matches,Liga Profesional de Fútbol Argentina,2025
af9d0aea,Juan Andrada,ar ARG,MF,30,3,1,101,1.1,0,0,0,0,0,0,0,0,0.00,0.00,0.00,0.00,0.00,Matches,Liga Profesional de Fútbol Argentina,2025
3d8a448f,Agustín Seyral,ar ARG,DF,20,4,0,93,1.0,0,0,0,0,0,0,1,0,0.00,0.00,0.00,0.00,0.00,Matches,Liga Profesional de Fútbol Argentina,2025
9e6742a6,Agustín Molina,ar ARG,MF,18,2,0,33,0.4,0,0,0,0,0,0,0,0,0.00,0.00,0.00,0.00,0.00,Matches,Liga Profesional de Fútbol Argentina,2025
e3c45b18,Manuel Mónaco,ar ARG,MF,22,1,0,12,0.1,0,0,0,0,0,0,0,0,0.00,0.00,0.00,0.00,0.00,Matches,Liga Profesional de Fútbol Argentina,2025
f4dd01dd,Brandon Márquez,ar ARG,,19,1,0,4,0.0,0,0,0,0,0,0,0,0,0.00,0.00,0.00,0.00,0.00,Matches,Liga Profesional de Fútbol Argentina,2025
0f200ce4,Thyago Ayala,ar ARG,GK,23,0,0,,,,,,,,,,,,,,,,Matches,Liga Profesional de Fútbol Argentina,2025
061f1eed,Bryan Cabezas,ec ECU,MF,27,0,0,,,,,,,,,,,,,,,,Matches,Liga Profesional de Fútbol Argentina,2025
5d448a04,José Devecchi,ar ARG,GK,29,0,0,,,,,,,,,,,,,,,,Matches,Liga Profesional de Fútbol Argentina,2025
cf853fff,Rodrigo Jesús Fumiz,ar ARG,DF,18,0,0,,,,,,,,,,,,,,,,Matches,Liga Profesional de Fútbol Argentina,2025
7fe90163,Andrés Marsengo,ar ARG,GK,22,0,0,,,,,,,,,,,,,,,,Matches,Liga Profesional de Fútbol Argentina,2025
85d1b075,Danilo Monza,ar ARG,GK,16,0,0,,,,,,,,,,,,,,,,Matches,Liga Profesional de Fútbol Argentina,2025
ffe7af4a,Matías Rosales,ar ARG,MF,19,0,0,,,,,,,,,,,,,,,,Matches,Liga Profesional de Fútbol Argentina,2025
3da0a4dd,Facundo Sandoval,ar ARG,DF,20,0,0,,,,,,,,,,,,,,,,Matches,Liga Profesional de Fútbol Argentina,2025
f07d5b4d,Nahuel Losada,ar ARG,GK,31,31,31,"2,745",30.5,0,0,0,0,0,0,1,0,0.00,0.00,0.00,0.00,0.00,Matches,Liga Profesional de Fútbol Argentina,2025
6d8d706a,Sasha Marcich,ar ARG,DF,26,31,27,"2,500",27.8,1,6,7,1,0,0,4,0,0.04,0.22,0.25,0.04,0.25,Matches,Liga Profesional de Fútbol Argentina,2025
1b677f5e,Agustín Cardozo,ar ARG,MF,27,29,26,"2,346",26.1,0,0,0,0,0,0,9,1,0.00,0.00,0.00,0.00,0.00,Matches,Liga Profesional de Fútbol Argentina,2025
5f424f35,Eduardo Salvio,ar ARG,MF,34,31,26,"2,202",24.5,5,1,6,3,2,2,0,0,0.20,0.04,0.25,0.12,0.16,Matches,Liga Profesional de Fútbol Argentina,2025
cf5c3ef1,Carlos Izquierdoz,ar ARG,DF,36,26,25,"2,275",25.3,0,0,0,0,0,0,1,1,0.00,0.00,0.00,0.00,0.00,Matches,Liga Profesional de Fútbol Argentina,2025
058c938c,Marcelino Moreno,ar ARG,MF,30,28,24,"2,168",24.1,5,2,7,5,0,0,2,0,0.21,0.08,0.29,0.21,0.29,Matches,Liga Profesional de Fútbol Argentina,2025
cede2aa9,Gonzalo Pérez,uy URU,"DF,MF",24,24,19,"1,603",17.8,0,1,1,0,0,0,3,0,0.00,0.06,0.06,0.00,0.06,Matches,Liga Profesional de Fútbol Argentina,2025
b5143c97,Walter Bou,ar ARG,FW,31,25,19,"1,578",17.5,6,2,8,5,1,1,2,0,0.34,0.11,0.46,0.29,0.40,Matches,Liga Profesional de Fútbol Argentina,2025
44c271db,Ramiro Carrera,ar ARG,MF,31,20,19,"1,462",16.2,1,1,2,1,0,0,8,0,0.06,0.06,0.12,0.06,0.12,Matches,Liga Profesional de Fútbol Argentina,2025
e4b8c5b6,Ezequiel Muñoz,ar ARG,DF,34,20,15,"1,382",15.4,0,1,1,0,0,0,2,0,0.00,0.07,0.07,0.00,0.07,Matches,Liga Profesional de Fútbol Argentina,2025
215cb5d2,Agustín Medina,,MF,,25,14,"1,379",15.3,0,0,0,0,0,0,6,0,0.00,0.00,0.00,0.00,0.00,Matches,Liga Profesional de Fútbol Argentina,2025
fb591f74,Ronaldo Dejesús,py PAR,DF,23,15,13,"1,168",13.0,0,0,0,0,0,0,2,0,0.00,0.00,0.00,0.00,0.00,Matches,Liga Profesional de Fútbol Argentina,2025
a76f6e93,Alexis Segovia,ar ARG,MF,20,20,11,925,10.3,1,0,1,1,0,0,0,0,0.10,0.00,0.10,0.10,0.10,Matches,Liga Profesional de Fútbol Argentina,2025
97d24b73,José Canale,py PAR,DF,28,10,10,882,9.8,4,0,4,4,0,0,1,0,0.41,0.00,0.41,0.41,0.41,Matches,Liga Profesional de Fútbol Argentina,2025
5a39b971,Armando Méndez,uy URU,DF,28,16,9,860,9.6,0,0,0,0,0,0,4,0,0.00,0.00,0.00,0.00,0.00,Matches,Liga Profesional de Fútbol Argentina,2025
dababecf,Dylan Aquino,ar ARG,"MF,FW",19,29,8,"1,080",12.0,0,2,2,0,0,0,4,0,0.00,0.17,0.17,0.00,0.17,Matches,Liga Profesional de Fútbol Argentina,2025
da71df54,Rodrigo Castillo,ar ARG,FW,25,15,8,782,8.7,7,1,8,7,0,0,1,1,0.81,0.12,0.92,0.81,0.92,Matches,Liga Profesional de Fútbol Argentina,2025
0d7ad669,Franco Watson,ar ARG,MF,25,10,8,567,6.3,1,1,2,1,0,0,0,0,0.16,0.16,0.32,0.16,0.32,Matches,Liga Profesional de Fútbol Argentina,2025
46667801,Juan Ramírez,ar ARG,MF,31,17,6,518,5.8,0,0,0,0,0,0,0,0,0.00,0.00,0.00,0.00,0.00,Matches,Liga Profesional de Fútbol Argentina,2025
1e72d119,Felipe Peña,ar ARG,MF,23,9,6,476,5.3,0,1,1,0,0,0,2,0,0.00,0.19,0.19,0.00,0.19,Matches,Liga Profesional de Fútbol Argentina,2025
fa828ce6,Alexis Canelo,ar ARG,"FW,MF",32,25,5,627,7.0,1,3,4,1,0,0,1,0,0.14,0.43,0.57,0.14,0.57,Matches,Liga Profesional de Fútbol Argentina,2025
242d37f3,Nicolás Morgantini,ar ARG,DF,30,6,4,391,4.3,0,0,0,0,0,0,1,0,0.00,0.00,0.00,0.00,0.00,Matches,Liga Profesional de Fútbol Argentina,2025
db887bdf,Juan Cáceres,py PAR,DF,24,3,3,270,3.0,0,1,1,0,0,0,1,0,0.00,0.33,0.33,0.00,0.33,Matches,Liga Profesional de Fútbol Argentina,2025
548ffe4c,Bruno Cabrera,ar ARG,"FW,MF",21,6,3,246,2.7,0,0,0,0,0,0,2,0,0.00,0.00,0.00,0.00,0.00,Matches,Liga Profesional de Fútbol Argentina,2025
4216c0a6,Luciano Romero,ar ARG,DF,19,3,3,219,2.4,0,0,0,0,0,0,1,0,0.00,0.00,0.00,0.00,0.00,Matches,Liga Profesional de Fútbol Argentina,2025
42d44ed9,Franco Orozco,ar ARG,MF,23,6,2,209,2.3,0,0,0,0,0,0,0,0,0.00,0.00,0.00,0.00,0.00,Matches,Liga Profesional de Fútbol Argentina,2025
2a3af4d5,Lautaro Acosta,ar ARG,MF,36,9,2,147,1.6,1,0,1,1,0,0,1,0,0.61,0.00,0.61,0.61,0.61,Matches,Liga Profesional de Fútbol Argentina,2025
119a4577,Lautaro Morales,ar ARG,GK,25,2,1,135,1.5,0,0,0,0,0,0,0,0,0.00,0.00,0.00,0.00,0.00,Matches,Liga Profesional de Fútbol Argentina,2025
348ea312,Facundo Sánchez,ar ARG,MF,19,5,1,126,1.4,0,0,0,0,0,0,0,0,0.00,0.00,0.00,0.00,0.00,Matches,Liga Profesional de Fútbol Argentina,2025
5dbf09fb,Leonel Cardozo,ar ARG,DF,21,2,1,96,1.1,0,0,0,0,0,0,1,0,0.00,0.00,0.00,0.00,0.00,Matches,Liga Profesional de Fútbol Argentina,2025
f3739b14,Tobías Quiroz,ar ARG,DF,19,1,1,90,1.0,0,0,0,0,0,0,1,0,0.00,0.00,0.00,0.00,0.00,Matches,Liga Profesional de Fútbol Argentina,2025
be4f969a,Agustín Rodríguez,ar ARG,MF,20,2,1,77,0.9,0,0,0,0,0,0,0,0,0.00,0.00,0.00,0.00,0.00,Matches,Liga Profesional de Fútbol Argentina,2025
1b9d4ba0,Óctavio Ontivero,ar ARG,DF,19,1,1,76,0.8,0,0,0,0,0,0,0,0,0.00,0.00,0.00,0.00,0.00,Matches,Liga Profesional de Fútbol Argentina,2025
02812c91,Thomás de Martis,ar ARG,FW,16,1,0,12,0.1,0,0,0,0,0,0,0,0,0.00,0.00,0.00,0.00,0.00,Matches,Liga Profesional de Fútbol Argentina,2025
67e9b274,Mariano Gerez,ar ARG,MF,19,1,0,11,0.1,0,0,0,0,0,0,0,0,0.00,0.00,0.00,0.00,0.00,Matches,Liga Profesional de Fútbol Argentina,2025
44b5be2b,Luciano Boggio,it ITA,MF,25,1,0,9,0.1,0,0,0,0,0,0,0,0,0.00,0.00,0.00,0.00,0.00,Matches,Liga Profesional de Fútbol Argentina,2025
4d4e5519,Elías Brito,ar ARG,DF,19,1,0,3,0.0,0,0,0,0,0,0,0,0,0.00,0.00,0.00,0.00,0.00,Matches,Liga Profesional de Fútbol Argentina,2025
a3fbcd10,Jeremías Chavero,ar ARG,FW,18,1,0,2,0.0,0,0,0,0,0,0,0,0,0.00,0.00,0.00,0.00,0.00,Matches,Liga Profesional de Fútbol Argentina,2025
651a9554,Benjamin Acosta,ar ARG,FW,18,0,0,,,,,,,,,,,,,,,,Matches,Liga Profesional de Fútbol Argentina,2025
0cb4ecf1,Fabricio Acosta,ar ARG,DF,20,0,0,,,,,,,,,,,,,,,,Matches,Liga Profesional de Fútbol Argentina,2025
c263af80,Brian Aguilar,ar ARG,DF,21,0,0,,,,,,,,,,,,,,,,Matches,Liga Profesional de Fútbol Argentina,2025
a73a302e,Nicolás Cláa,ar ARG,GK,20,0,0,,,,,,,,,,,,,,,,Matches,Liga Profesional de Fútbol Argentina,2025
bf32ec3a,Evaristo Dieguiz,ar ARG,GK,19,0,0,,,,,,,,,,,,,,,,Matches,Liga Profesional de Fútbol Argentina,2025
39b3e1a9,Thiago Laplace,ar ARG,MF,18,0,0,,,,,,,,,,,,,,,,Matches,Liga Profesional de Fútbol Argentina,2025
b8edd937,Edwin Schulz,ar ARG,FW,21,0,0,,,,,,,,,,,,,,,,Matches,Liga Profesional de Fútbol Argentina,2025
3836b6f6,Franco Petroli,ar ARG,GK,26,32,32,"2,880",32.0,0,1,1,0,0,0,3,0,0.00,0.03,0.03,0.00,0.03,Matches,Liga Profesional de Fútbol Argentina,2025
255d1969,Roberto Nicolás Fernández,uy URU,MF,26,29,28,"2,312",25.7,2,3,5,2,0,0,15,0,0.08,0.12,0.19,0.08,0.19,Matches,Liga Profesional de Fútbol Argentina,2025
7b2c18c0,Mateo Mendoza,ar ARG,DF,20,28,27,"2,460",27.3,0,0,0,0,0,0,12,0,0.00,0.00,0.00,0.00,0.00,Matches,Liga Profesional de Fútbol Argentina,2025
5ce77553,Vicente Poggi,uy URU,MF,22,31,25,"1,900",21.1,1,2,3,1,0,0,7,0,0.05,0.09,0.14,0.05,0.14,Matches,Liga Profesional de Fútbol Argentina,2025
413acb9d,Federico Rasmussen,ar ARG,DF,32,23,22,"1,924",21.4,0,0,0,0,0,0,3,0,0.00,0.00,0.00,0.00,0.00,Matches,Liga Profesional de Fútbol Argentina,2025
00345a70,Lucas Arce,ar ARG,DF,27,25,18,"1,663",18.5,0,1,1,0,0,0,4,0,0.00,0.05,0.05,0.00,0.05,Matches,Liga Profesional de Fútbol Argentina,2025
5bf873f8,Facundo Altamira,,"MF,FW",,24,18,"1,427",15.9,2,0,2,2,0,0,4,0,0.13,0.00,0.13,0.13,0.13,Matches,Liga Profesional de Fútbol Argentina,2025
ecbc4397,Santino Andino,ar ARG,"MF,FW",19,21,17,"1,452",16.1,4,1,5,4,0,0,3,1,0.25,0.06,0.31,0.25,0.31,Matches,Liga Profesional de Fútbol Argentina,2025
7e96e68a,Juan Morán,ar ARG,DF,18,17,17,"1,394",15.5,0,0,0,0,0,0,4,0,0.00,0.00,0.00,0.00,0.00,Matches,Liga Profesional de Fútbol Argentina,2025
b5a3e7fe,Agustín Auzmendi,ar ARG,FW,27,23,17,"1,393",15.5,5,0,5,4,1,1,2,0,0.32,0.00,0.32,0.26,0.26,Matches,Liga Profesional de Fútbol Argentina,2025
f0ce425d,Juan Meli,ar ARG,"DF,MF",24,18,15,"1,354",15.0,0,0,0,0,0,0,5,0,0.00,0.00,0.00,0.00,0.00,Matches,Liga Profesional de Fútbol Argentina,2025
9546e026,Luca Martínez,mx MEX,FW,24,26,12,"1,218",13.5,2,1,3,2,0,0,1,0,0.15,0.07,0.22,0.15,0.22,Matches,Liga Profesional de Fútbol Argentina,2025
de8bad41,Gonzalo Abrego,ar ARG,MF,25,21,12,"1,173",13.0,0,0,0,0,0,0,2,0,0.00,0.00,0.00,0.00,0.00,Matches,Liga Profesional de Fútbol Argentina,2025
8ce6beb9,Bastián Yañez,cl CHI,"MF,FW",23,20,11,967,10.7,0,2,2,0,0,0,2,0,0.00,0.19,0.19,0.00,0.19,Matches,Liga Profesional de Fútbol Argentina,2025
07453486,Bruno Leyes,ar ARG,MF,23,13,10,952,10.6,0,0,0,0,0,0,3,0,0.00,0.00,0.00,0.00,0.00,Matches,Liga Profesional de Fútbol Argentina,2025
d48a1284,Juan Escobar,py PAR,DF,29,10,10,831,9.2,0,0,0,0,0,0,2,0,0.00,0.00,0.00,0.00,0.00,Matches,Liga Profesional de Fútbol Argentina,2025
688aaca2,Leonardo Jara,ar ARG,DF,33,11,9,719,8.0,0,0,0,0,0,0,1,0,0.00,0.00,0.00,0.00,0.00,Matches,Liga Profesional de Fútbol Argentina,2025
24377e64,Guillermo Matías Fernández,ar ARG,MF,33,13,8,810,9.0,0,0,0,0,0,0,6,0,0.00,0.00,0.00,0.00,0.00,Matches,Liga Profesional de Fútbol Argentina,2025
5bf6b9f3,Daniel Barrea,ar ARG,"FW,MF",23,21,7,863,9.6,1,0,1,1,0,0,5,1,0.10,0.00,0.10,0.10,0.10,Matches,Liga Profesional de Fútbol Argentina,2025
df47bd45,Kevin Parzajuk,py PAR,FW,22,11,7,570,6.3,0,1,1,0,0,0,0,0,0.00,0.16,0.16,0.00,0.16,Matches,Liga Profesional de Fútbol Argentina,2025
4f133282,Tomás Rossi,ar ARG,DF,25,8,5,455,5.1,0,0,0,0,0,0,1,0,0.00,0.00,0.00,0.00,0.00,Matches,Liga Profesional de Fútbol Argentina,2025
ab3ff6e2,Maxi González,ar ARG,MF,20,7,5,406,4.5,0,0,0,0,0,0,2,0,0.00,0.00,0.00,0.00,0.00,Matches,Liga Profesional de Fútbol Argentina,2025
acda2c2d,Leandro Quiroz,ar ARG,DF,21,4,3,315,3.5,0,0,0,0,0,0,1,0,0.00,0.00,0.00,0.00,0.00,Matches,Liga Profesional de Fútbol Argentina,2025
7be5e556,Luciano Pascual,,MF,,9,3,233,2.6,0,0,0,0,0,0,1,0,0.00,0.00,0.00,0.00,0.00,Matches,Liga Profesional de Fútbol Argentina,2025
056798cb,Claudio Valverde,ar ARG,"MF,DF",22,4,3,203,2.3,0,0,0,0,0,0,0,0,0.00,0.00,0.00,0.00,0.00,Matches,Liga Profesional de Fútbol Argentina,2025
2adb3393,Matías González,ar ARG,MF,25,6,2,291,3.2,0,0,0,0,0,0,0,0,0.00,0.00,0.00,0.00,0.00,Matches,Liga Profesional de Fútbol Argentina,2025
ffbe25eb,Misael Sosa,ar ARG,MF,23,11,2,264,2.9,0,0,0,0,0,0,2,0,0.00,0.00,0.00,0.00,0.00,Matches,Liga Profesional de Fútbol Argentina,2025
ff94c3e2,Juan Pérez,co COL,MF,20,4,2,216,2.4,0,0,0,0,0,0,0,0,0.00,0.00,0.00,0.00,0.00,Matches,Liga Profesional de Fútbol Argentina,2025
c30ea98b,Tomás Pozzo,ar ARG,MF,24,8,1,238,2.6,0,0,0,0,0,0,1,0,0.00,0.00,0.00,0.00,0.00,Matches,Liga Profesional de Fútbol Argentina,2025
39e9c09a,Walter Montoya,ar ARG,MF,31,6,1,234,2.6,0,0,0,0,0,0,1,0,0.00,0.00,0.00,0.00,0.00,Matches,Liga Profesional de Fútbol Argentina,2025
a4757fc4,Juan Bautista Cejas,ar ARG,MF,26,2,1,72,0.8,0,0,0,0,0,0,0,0,0.00,0.00,0.00,0.00,0.00,Matches,Liga Profesional de Fútbol Argentina,2025
7b12b0f1,Martín Pino,ar ARG,FW,26,1,1,56,0.6,0,0,0,0,0,0,0,0,0.00,0.00,0.00,0.00,0.00,Matches,Liga Profesional de Fútbol Argentina,2025
798800fa,Enzo Barrionuevo,ar ARG,MF,19,2,1,54,0.6,0,0,0,0,0,0,0,0,0.00,0.00,0.00,0.00,0.00,Matches,Liga Profesional de Fútbol Argentina,2025
5fff6887,Maximiliano Porcel,ar ARG,MF,19,3,0,90,1.0,0,0,0,0,0,0,0,0,0.00,0.00,0.00,0.00,0.00,Matches,Liga Profesional de Fútbol Argentina,2025
9a8e9ca7,Silvio Ulariaga,ar ARG,FW,22,3,0,49,0.5,0,0,0,0,0,0,0,0,0.00,0.00,0.00,0.00,0.00,Matches,Liga Profesional de Fútbol Argentina,2025
4776c629,Facundo Ardiles,ar ARG,DF,26,1,0,45,0.5,0,0,0,0,0,0,0,0,0.00,0.00,0.00,0.00,0.00,Matches,Liga Profesional de Fútbol Argentina,2025
47588fca,Santiago Martínez,ar ARG,MF,21,2,0,28,0.3,0,0,0,0,0,0,0,0,0.00,0.00,0.00,0.00,0.00,Matches,Liga Profesional de Fútbol Argentina,2025
0dd2a48c,Roberto Ramírez,ar ARG,GK,28,0,0,,0.0,0,0,0,0,0,0,1,0,,,,,,Matches,Liga Profesional de Fútbol Argentina,2025
a73a302e,Nicolás Cláa,ar ARG,GK,20,0,0,,,,,,,,,,,,,,,,Matches,Liga Profesional de Fútbol Argentina,2025
05b90a9f,Santiago Correa,ar ARG,GK,18,0,0,,,,,,,,,,,,,,,,Matches,Liga Profesional de Fútbol Argentina,2025
982c96ca,Francisco Facello,ar ARG,DF,22,0,0,,,,,,,,,,,,,,,,Matches,Liga Profesional de Fútbol Argentina,2025
171069b8,Matias Funes,ar ARG,DF,19,0,0,,,,,,,,,,,,,,,,Matches,Liga Profesional de Fútbol Argentina,2025
21981f02,Tomás Menegón,ar ARG,FW,20,0,0,,,,,,,,,,,,,,,,Matches,Liga Profesional de Fútbol Argentina,2025
777b24b9,Gerónimo Montivero,ar ARG,DF,19,0,0,,,,,,,,,,,,,,,,Matches,Liga Profesional de Fútbol Argentina,2025
dbaecc24,Pedro Paillalef,ar ARG,DF,19,0,0,,,,,,,,,,,,,,,,Matches,Liga Profesional de Fútbol Argentina,2025
6108aa3c,Edilson Salinas,ar ARG,GK,22,0,0,,,,,,,,,,,,,,,,Matches,Liga Profesional de Fútbol Argentina,2025
806ba274,Mariano Santiago,ar ARG,MF,23,0,0,,,,,,,,,,,,,,,,Matches,Liga Profesional de Fútbol Argentina,2025
adbef920,Ezequiel Tejada,ar ARG,MF,20,0,0,,,,,,,,,,,,,,,,Matches,Liga Profesional de Fútbol Argentina,2025
de17a20c,Agustín Villalobos,ar ARG,DF,21,0,0,,,,,,,,,,,,,,,,Matches,Liga Profesional de Fútbol Argentina,2025
0bad403e,Matías Borgogno,ar ARG,GK,26,32,32,"2,880",32.0,0,0,0,0,0,0,2,0,0.00,0.00,0.00,0.00,0.00,Matches,Liga Profesional de Fútbol Argentina,2025
a1f80904,Ayrton Portillo,ar ARG,"DF,MF",24,30,25,"2,291",25.5,0,1,1,0,0,0,6,0,0.00,0.04,0.04,0.00,0.04,Matches,Liga Profesional de Fútbol Argentina,2025
0478a3cc,Rodrigo Cáseres,ar ARG,DF,27,25,22,"1,994",22.2,0,0,0,0,0,0,7,0,0.00,0.00,0.00,0.00,0.00,Matches,Liga Profesional de Fútbol Argentina,2025
0e79a58c,Lucas Diarte,ar ARG,"DF,MF",31,22,20,"1,831",20.3,0,0,0,0,0,0,5,0,0.00,0.00,0.00,0.00,0.00,Matches,Liga Profesional de Fútbol Argentina,2025
600cb6b1,Nicólas Watson,ar ARG,MF,26,25,20,"1,772",19.7,0,0,0,0,0,0,8,1,0.00,0.00,0.00,0.00,0.00,Matches,Liga Profesional de Fútbol Argentina,2025
823dc1ab,Luciano Recalde,ar ARG,DF,29,22,20,"1,694",18.8,0,0,0,0,0,0,4,0,0.00,0.00,0.00,0.00,0.00,Matches,Liga Profesional de Fútbol Argentina,2025
ae276eaf,Sebastián Jaurena,ar ARG,MF,25,29,19,"1,652",18.4,0,2,2,0,0,0,3,0,0.00,0.11,0.11,0.00,0.11,Matches,Liga Profesional de Fútbol Argentina,2025
491eb973,Tomás Fernández,ar ARG,"MF,FW",26,22,17,"1,269",14.1,4,3,7,3,1,1,3,0,0.28,0.21,0.50,0.21,0.43,Matches,Liga Profesional de Fútbol Argentina,2025
2e949638,Diego González,ar ARG,MF,36,18,16,"1,288",14.3,2,1,3,2,0,0,4,0,0.14,0.07,0.21,0.14,0.21,Matches,Liga Profesional de Fútbol Argentina,2025
57e2ab6f,Sebastián González,ar ARG,MF,32,21,16,"1,266",14.1,1,0,1,1,0,0,2,0,0.07,0.00,0.07,0.07,0.07,Matches,Liga Profesional de Fútbol Argentina,2025
1607fa35,Horacio Tijanovich,ar ARG,MF,28,21,15,"1,242",13.8,2,0,2,1,1,1,4,0,0.14,0.00,0.14,0.07,0.07,Matches,Liga Profesional de Fútbol Argentina,2025
3fc0e136,Ignacio Maestro Puch,ar ARG,FW,21,15,15,"1,105",12.3,1,0,1,1,0,0,0,0,0.08,0.00,0.08,0.08,0.08,Matches,Liga Profesional de Fútbol Argentina,2025
0e14fbc4,Tomás Lecanda,ar ARG,DF,23,14,13,"1,196",13.3,1,1,2,1,0,0,7,1,0.08,0.08,0.15,0.08,0.15,Matches,Liga Profesional de Fútbol Argentina,2025
325ff366,Alejandro Molina,ar ARG,DF,27,19,13,"1,128",12.5,0,0,0,0,0,0,4,0,0.00,0.00,0.00,0.00,0.00,Matches,Liga Profesional de Fútbol Argentina,2025
93cfb989,Marco Iacobellis,ar ARG,MF,25,20,12,"1,162",12.9,2,2,4,1,1,1,7,2,0.15,0.15,0.31,0.08,0.23,Matches,Liga Profesional de Fútbol Argentina,2025
40449bbd,Esteban Burgos,ar ARG,DF,33,12,10,888,9.9,0,0,0,0,0,0,1,0,0.00,0.00,0.00,0.00,0.00,Matches,Liga Profesional de Fútbol Argentina,2025
7ad77dce,Nicolás Pelaitay,ar ARG,MF,32,12,10,828,9.2,0,0,0,0,0,0,3,0,0.00,0.00,0.00,0.00,0.00,Matches,Liga Profesional de Fútbol Argentina,2025
32e1248f,Leonel Dante Álvarez,ar ARG,DF,28,12,10,827,9.2,0,0,0,0,0,0,1,0,0.00,0.00,0.00,0.00,0.00,Matches,Liga Profesional de Fútbol Argentina,2025
c292fc1d,Federico Anselmo,ar ARG,FW,30,18,9,942,10.5,1,0,1,1,0,0,1,0,0.10,0.00,0.10,0.10,0.10,Matches,Liga Profesional de Fútbol Argentina,2025
12357769,Santiago Salle,ar ARG,MF,20,15,9,886,9.8,1,1,2,1,0,0,2,0,0.10,0.10,0.20,0.10,0.20,Matches,Liga Profesional de Fútbol Argentina,2025
1cbe6b83,Franco Toloza,ar ARG,FW,30,16,7,658,7.3,1,0,1,1,0,0,4,0,0.14,0.00,0.14,0.14,0.14,Matches,Liga Profesional de Fútbol Argentina,2025
0e0fdf06,Juan Cavallaro,ar ARG,"MF,FW",30,19,4,584,6.5,0,1,1,0,0,0,0,0,0.00,0.15,0.15,0.00,0.15,Matches,Liga Profesional de Fútbol Argentina,2025
1483cefd,Hernán Lopes,ar ARG,DF,33,4,3,324,3.6,0,1,1,0,0,0,0,0,0.00,0.28,0.28,0.00,0.28,Matches,Liga Profesional de Fútbol Argentina,2025
60665492,Jony,ar ARG,MF,30,12,2,311,3.5,0,0,0,0,0,0,2,0,0.00,0.00,0.00,0.00,0.00,Matches,Liga Profesional de Fútbol Argentina,2025
432e6973,Matías Orihuela,ar ARG,DF,32,9,2,230,2.6,0,0,0,0,0,0,0,0,0.00,0.00,0.00,0.00,0.00,Matches,Liga Profesional de Fútbol Argentina,2025
95b50253,Ezequiel Montagna,ar ARG,MF,30,4,2,175,1.9,0,0,0,0,0,0,0,0,0.00,0.00,0.00,0.00,0.00,Matches,Liga Profesional de Fútbol Argentina,2025
c97ce8fa,Gino Olguín,ar ARG,MF,24,3,2,160,1.8,0,0,0,0,0,0,1,0,0.00,0.00,0.00,0.00,0.00,Matches,Liga Profesional de Fútbol Argentina,2025
895321cd,Pablo Javier García,uy URU,MF,25,3,2,153,1.7,0,0,0,0,0,0,0,0,0.00,0.00,0.00,0.00,0.00,Matches,Liga Profesional de Fútbol Argentina,2025
d4032251,Lautaro Escalante,ar ARG,MF,25,6,1,226,2.5,0,0,0,0,0,0,0,0,0.00,0.00,0.00,0.00,0.00,Matches,Liga Profesional de Fútbol Argentina,2025
fc7c4978,Federico González,ar ARG,FW,38,10,1,171,1.9,0,0,0,0,0,0,0,0,0.00,0.00,0.00,0.00,0.00,Matches,Liga Profesional de Fútbol Argentina,2025
2ca0811a,Edwuin Pernía,ve VEN,FW,29,6,1,167,1.9,0,0,0,0,0,0,1,0,0.00,0.00,0.00,0.00,0.00,Matches,Liga Profesional de Fútbol Argentina,2025
ec288e12,Gastón Emanuel Moreyra,ar ARG,MF,25,2,1,75,0.8,0,0,0,0,0,0,0,0,0.00,0.00,0.00,0.00,0.00,Matches,Liga Profesional de Fútbol Argentina,2025
d6c75575,Maximiliano Casa,ar ARG,MF,31,2,1,53,0.6,0,0,0,0,0,0,0,0,0.00,0.00,0.00,0.00,0.00,Matches,Liga Profesional de Fútbol Argentina,2025
efabc601,Santiago Barrera,ar ARG,MF,22,6,0,176,2.0,1,0,1,1,0,0,1,0,0.51,0.00,0.51,0.51,0.51,Matches,Liga Profesional de Fútbol Argentina,2025
dbc5e0f3,Lucas Acosta,ar ARG,MF,19,1,0,10,0.1,0,0,0,0,0,0,0,0,0.00,0.00,0.00,0.00,0.00,Matches,Liga Profesional de Fútbol Argentina,2025
765464fb,Damián Adín,ar ARG,DF,27,0,0,,,,,,,,,,,,,,,,Matches,Liga Profesional de Fútbol Argentina,2025
5fa84546,Federico Bonansea,ar ARG,GK,26,0,0,,,,,,,,,,,,,,,,Matches,Liga Profesional de Fútbol Argentina,2025
b566d4d7,Julián Marchio,ar ARG,DF,24,0,0,,,,,,,,,,,,,,,,Matches,Liga Profesional de Fútbol Argentina,2025
4f4cc3bd,Maximiliano Velazco,ar ARG,GK,29,0,0,,,,,,,,,,,,,,,,Matches,Liga Profesional de Fútbol Argentina,2025
ca6050cb,Alan Aguerre,ar ARG,GK,34,30,30,"2,700",30.0,0,0,0,0,0,0,2,0,0.00,0.00,0.00,0.00,0.00,Matches,Liga Profesional de Fútbol Argentina,2025
45cfa4ba,Leonardo Heredia,ar ARG,"FW,MF",29,30,28,"2,172",24.1,6,2,8,5,1,2,0,0,0.25,0.08,0.33,0.21,0.29,Matches,Liga Profesional de Fútbol Argentina,2025
c5510535,Jose Florentín,py PAR,MF,28,29,26,"2,292",25.5,4,1,5,4,0,0,2,0,0.16,0.04,0.20,0.16,0.20,Matches,Liga Profesional de Fútbol Argentina,2025
f865dc98,Jonathan Galván,ar ARG,"DF,MF",32,26,26,"2,206",24.5,1,2,3,1,0,0,6,2,0.04,0.08,0.12,0.04,0.12,Matches,Liga Profesional de Fútbol Argentina,2025
192c89a6,Braian Cufré,ar ARG,DF,28,25,22,"1,910",21.2,0,1,1,0,0,0,0,0,0.00,0.05,0.05,0.00,0.05,Matches,Liga Profesional de Fútbol Argentina,2025
422ca36a,Lucas Abascia,ar ARG,DF,29,22,19,"1,727",19.2,1,1,2,1,0,0,6,0,0.05,0.05,0.10,0.05,0.10,Matches,Liga Profesional de Fútbol Argentina,2025
e5a62424,Gastón Verón,ar ARG,"FW,MF",23,27,18,"1,511",16.8,7,3,10,5,2,2,4,0,0.42,0.18,0.60,0.30,0.48,Matches,Liga Profesional de Fútbol Argentina,2025
426ec996,Iván Gómez,ar ARG,MF,27,21,18,"1,481",16.5,2,3,5,2,0,0,2,0,0.12,0.18,0.30,0.12,0.30,Matches,Liga Profesional de Fútbol Argentina,2025
540d11f2,Santiago Moyano,ar ARG,DF,27,19,15,"1,407",15.6,0,1,1,0,0,0,4,0,0.00,0.06,0.06,0.00,0.06,Matches,Liga Profesional de Fútbol Argentina,2025
c1e3b5e9,Lautaro Rivero,ar ARG,DF,21,14,14,"1,260",14.0,2,1,3,2,0,0,1,0,0.14,0.07,0.21,0.14,0.21,Matches,Liga Profesional de Fútbol Argentina,2025
87cfb885,Matías Perelló,ar ARG,"MF,FW",23,26,14,"1,258",14.0,5,3,8,5,0,0,3,0,0.36,0.21,0.57,0.36,0.57,Matches,Liga Profesional de Fútbol Argentina,2025
88ad94f7,Luis Angulo,co COL,"MF,FW",20,16,13,989,11.0,1,4,5,1,0,0,4,0,0.09,0.36,0.46,0.09,0.46,Matches,Liga Profesional de Fútbol Argentina,2025
fe529f25,Matías Vera,ar ARG,MF,29,14,10,974,10.8,0,0,0,0,0,0,3,0,0.00,0.00,0.00,0.00,0.00,Matches,Liga Profesional de Fútbol Argentina,2025
feda6a9c,Fernando Martínez,ar ARG,"MF,DF",24,13,10,887,9.9,1,0,1,1,0,0,1,0,0.10,0.00,0.10,0.10,0.10,Matches,Liga Profesional de Fútbol Argentina,2025
aa07f770,Iván Pillud,ar ARG,"DF,MF",38,11,9,700,7.8,0,1,1,0,0,0,0,0,0.00,0.13,0.13,0.00,0.13,Matches,Liga Profesional de Fútbol Argentina,2025
37236393,Yuri Casermeiro,ar ARG,DF,22,12,8,756,8.4,0,0,0,0,0,0,1,0,0.00,0.00,0.00,0.00,0.00,Matches,Liga Profesional de Fútbol Argentina,2025
d8dcc840,Lucas Besozzi,ar ARG,MF,22,13,7,614,6.8,2,1,3,2,0,0,2,0,0.29,0.15,0.44,0.29,0.44,Matches,Liga Profesional de Fútbol Argentina,2025
0085841a,Matías Godoy,ar ARG,"MF,FW",23,7,7,388,4.3,0,0,0,0,0,0,2,0,0.00,0.00,0.00,0.00,0.00,Matches,Liga Profesional de Fútbol Argentina,2025
f66eb198,Dylan Glaby,ar ARG,"MF,DF",28,12,6,601,6.7,0,0,0,0,0,0,0,0,0.00,0.00,0.00,0.00,0.00,Matches,Liga Profesional de Fútbol Argentina,2025
488f3ee3,Facundo Mansilla,ar ARG,DF,25,7,6,585,6.5,0,0,0,0,0,0,1,0,0.00,0.00,0.00,0.00,0.00,Matches,Liga Profesional de Fútbol Argentina,2025
aa1f30ec,Leonardo Marchi,ar ARG,"MF,DF",28,7,6,506,5.6,0,1,1,0,0,0,2,0,0.00,0.18,0.18,0.00,0.18,Matches,Liga Profesional de Fútbol Argentina,2025
2aebc81b,Fernando Juárez,ar ARG,MF,26,10,5,492,5.5,0,0,0,0,0,0,1,0,0.00,0.00,0.00,0.00,0.00,Matches,Liga Profesional de Fútbol Argentina,2025
c3fb942c,Juan Pignani,ar ARG,DF,23,6,5,479,5.3,0,0,0,0,0,0,2,1,0.00,0.00,0.00,0.00,0.00,Matches,Liga Profesional de Fútbol Argentina,2025
9be7ace2,Nicolás Quagliata,uy URU,"MF,FW",25,10,4,435,4.8,0,1,1,0,0,0,0,0,0.00,0.21,0.21,0.00,0.21,Matches,Liga Profesional de Fútbol Argentina,2025
ee525b1c,Gonzalo Trindade,ar ARG,"MF,DF",20,5,4,345,3.8,0,0,0,0,0,0,1,0,0.00,0.00,0.00,0.00,0.00,Matches,Liga Profesional de Fútbol Argentina,2025
3ad28381,Diego Barrera,ar ARG,"MF,FW",20,24,3,717,8.0,3,0,3,3,0,0,0,0,0.38,0.00,0.38,0.38,0.38,Matches,Liga Profesional de Fútbol Argentina,2025
8b03eaf6,Favio Cabral,ar ARG,FW,23,17,3,447,5.0,1,0,1,1,0,0,2,0,0.20,0.00,0.20,0.20,0.20,Matches,Liga Profesional de Fútbol Argentina,2025
3c05c659,Sebastián Cristóforo,uy URU,MF,31,15,3,390,4.3,0,0,0,0,0,0,1,0,0.00,0.00,0.00,0.00,0.00,Matches,Liga Profesional de Fútbol Argentina,2025
29d08c06,Nazareno Funez,ar ARG,FW,23,12,3,346,3.8,0,2,2,0,0,0,2,0,0.00,0.52,0.52,0.00,0.52,Matches,Liga Profesional de Fútbol Argentina,2025
4aeb00f4,David Zalazar,ar ARG,"MF,FW",22,10,3,297,3.3,0,0,0,0,0,0,0,0,0.00,0.00,0.00,0.00,0.00,Matches,Liga Profesional de Fútbol Argentina,2025
4a0383c0,Franco Alfonso,ar ARG,MF,22,9,2,313,3.5,0,0,0,0,0,0,2,0,0.00,0.00,0.00,0.00,0.00,Matches,Liga Profesional de Fútbol Argentina,2025
994f9a18,Juan Zozaya,ar ARG,GK,23,2,2,180,2.0,0,0,0,0,0,0,0,0,0.00,0.00,0.00,0.00,0.00,Matches,Liga Profesional de Fútbol Argentina,2025
48b7f4fc,Lucas Varaldo,ar ARG,FW,22,2,2,112,1.2,0,0,0,0,0,0,0,0,0.00,0.00,0.00,0.00,0.00,Matches,Liga Profesional de Fútbol Argentina,2025
e63b0283,Cristian Vega,ar ARG,MF,31,2,1,121,1.3,0,0,0,0,0,0,0,0,0.00,0.00,0.00,0.00,0.00,Matches,Liga Profesional de Fútbol Argentina,2025
cc5273ac,Lautaro Bursich,ar ARG,GK,22,0,0,,,,,,,,,,,,,,,,Matches,Liga Profesional de Fútbol Argentina,2025
3f359b3d,Manuel Palavecino,ar ARG,MF,22,0,0,,,,,,,,,,,,,,,,Matches,Liga Profesional de Fútbol Argentina,2025
9b0b1108,Galván Vittar,ar ARG,DF,20,0,0,,,,,,,,,,,,,,,,Matches,Liga Profesional de Fútbol Argentina,2025
85e0feab,Mateo Del Blanco,ar ARG,"DF,MF",21,31,27,"2,482",27.6,1,5,6,1,0,0,1,0,0.04,0.18,0.22,0.04,0.22,Matches,Liga Profesional de Fútbol Argentina,2025
363fa6bd,Mauro Pittón,ar ARG,MF,30,29,27,"2,272",25.2,2,1,3,2,0,0,4,0,0.08,0.04,0.12,0.08,0.12,Matches,Liga Profesional de Fútbol Argentina,2025
6027a024,Mauricio Martínez,ar ARG,"MF,DF",31,30,25,"2,145",23.8,3,0,3,3,0,0,6,0,0.13,0.00,0.13,0.13,0.13,Matches,Liga Profesional de Fútbol Argentina,2025
24e2e2a6,Lautaro Vargas,ar ARG,DF,19,25,23,"2,074",23.0,0,0,0,0,0,0,5,0,0.00,0.00,0.00,0.00,0.00,Matches,Liga Profesional de Fútbol Argentina,2025
16e54624,Valentín Fascendini,ar ARG,DF,21,21,20,"1,738",19.3,0,0,0,0,0,0,5,0,0.00,0.00,0.00,0.00,0.00,Matches,Liga Profesional de Fútbol Argentina,2025
37dfd961,Julián Palacios,ar ARG,MF,25,29,20,"1,601",17.8,1,3,4,1,0,0,5,0,0.06,0.17,0.22,0.06,0.22,Matches,Liga Profesional de Fútbol Argentina,2025
bafc3bbe,Matías Tagliamonte,ar ARG,GK,26,18,18,"1,620",18.0,0,0,0,0,0,0,3,0,0.00,0.00,0.00,0.00,0.00,Matches,Liga Profesional de Fútbol Argentina,2025
09538c47,Franco Fragapane,ar ARG,MF,31,30,18,"1,549",17.2,1,2,3,1,0,0,3,1,0.06,0.12,0.17,0.06,0.17,Matches,Liga Profesional de Fútbol Argentina,2025
d535f426,Marcelo Estigarribia,ar ARG,FW,29,27,16,"1,601",17.8,5,1,6,5,0,0,2,0,0.28,0.06,0.34,0.28,0.34,Matches,Liga Profesional de Fútbol Argentina,2025
de16bb25,Franco Pardo,ar ARG,DF,27,17,16,"1,412",15.7,0,0,0,0,0,0,2,1,0.00,0.00,0.00,0.00,0.00,Matches,Liga Profesional de Fútbol Argentina,2025
a5ac5b47,Cristian Tarragona,ar ARG,FW,33,16,15,"1,145",12.7,4,2,6,3,1,1,2,0,0.31,0.16,0.47,0.24,0.39,Matches,Liga Profesional de Fútbol Argentina,2025
ca252a8a,Lucas Gamba,ar ARG,FW,37,28,14,"1,412",15.7,4,2,6,4,0,0,2,0,0.25,0.13,0.38,0.25,0.38,Matches,Liga Profesional de Fútbol Argentina,2025
d99c8e00,Thiago Cardozo,uy URU,GK,28,14,14,"1,256",14.0,0,0,0,0,0,0,0,1,0.00,0.00,0.00,0.00,0.00,Matches,Liga Profesional de Fútbol Argentina,2025
8cd70adc,Claudio Corvalán,ar ARG,DF,35,14,12,"1,005",11.2,0,0,0,0,0,0,5,0,0.00,0.00,0.00,0.00,0.00,Matches,Liga Profesional de Fútbol Argentina,2025
60b81c1b,Maizon Rodríguez,uy URU,DF,21,11,11,990,11.0,0,0,0,0,0,0,2,0,0.00,0.00,0.00,0.00,0.00,Matches,Liga Profesional de Fútbol Argentina,2025
d12f8940,Rafael Profini,ar ARG,MF,21,17,10,871,9.7,0,1,1,0,0,0,5,0,0.00,0.10,0.10,0.00,0.10,Matches,Liga Profesional de Fútbol Argentina,2025
89fd5410,Agustín Colazo,ar ARG,FW,24,20,9,865,9.6,3,1,4,3,0,0,4,0,0.31,0.10,0.42,0.31,0.42,Matches,Liga Profesional de Fútbol Argentina,2025
300753b4,Ezequiel Ham,sy SYR,MF,30,15,9,799,8.9,1,1,2,1,0,0,1,0,0.11,0.11,0.23,0.11,0.23,Matches,Liga Profesional de Fútbol Argentina,2025
70e92629,Francisco Gerometta,ar ARG,DF,25,9,8,688,7.6,0,0,0,0,0,0,0,0,0.00,0.00,0.00,0.00,0.00,Matches,Liga Profesional de Fútbol Argentina,2025
25da3c90,Jerónimo Domina,ar ARG,FW,19,12,8,655,7.3,0,1,1,0,0,0,3,0,0.00,0.14,0.14,0.00,0.14,Matches,Liga Profesional de Fútbol Argentina,2025
e6ff541d,Bruno Pittón,ar ARG,DF,31,10,8,620,6.9,0,0,0,0,0,0,2,0,0.00,0.00,0.00,0.00,0.00,Matches,Liga Profesional de Fútbol Argentina,2025
6bee1610,Juan Ludueña,ar ARG,DF,21,9,7,669,7.4,0,0,0,0,0,0,1,0,0.00,0.00,0.00,0.00,0.00,Matches,Liga Profesional de Fútbol Argentina,2025
0af517c2,Nicolás Paz,ar ARG,DF,22,12,7,398,4.4,0,0,0,0,0,0,1,0,0.00,0.00,0.00,0.00,0.00,Matches,Liga Profesional de Fútbol Argentina,2025
b62ca703,Nicolás Palavecino,ar ARG,MF,21,10,4,403,4.5,0,0,0,0,0,0,2,0,0.00,0.00,0.00,0.00,0.00,Matches,Liga Profesional de Fútbol Argentina,2025
5be69b74,Lionel Verde,ar ARG,MF,20,14,3,470,5.2,2,0,2,2,0,0,0,0,0.38,0.00,0.38,0.38,0.38,Matches,Liga Profesional de Fútbol Argentina,2025
3ca6106c,Augusto Solari,ar ARG,MF,33,12,2,405,4.5,1,0,1,1,0,0,1,0,0.22,0.00,0.22,0.22,0.22,Matches,Liga Profesional de Fútbol Argentina,2025
a7d668f3,Emiliano Álvarez,uy URU,DF,23,6,1,151,1.7,0,0,0,0,0,0,0,0,0.00,0.00,0.00,0.00,0.00,Matches,Liga Profesional de Fútbol Argentina,2025
b3b92d75,Diego Díaz,ar ARG,FW,23,13,0,188,2.1,1,0,1,1,0,0,0,0,0.48,0.00,0.48,0.48,0.48,Matches,Liga Profesional de Fútbol Argentina,2025
5e4e7cca,José Enrique Angulo,ec ECU,FW,29,2,0,57,0.6,0,0,0,0,0,0,0,0,0.00,0.00,0.00,0.00,0.00,Matches,Liga Profesional de Fútbol Argentina,2025
f53eb86a,Ezequiel Cañete,ar ARG,MF,25,2,0,46,0.5,0,0,0,0,0,0,0,0,0.00,0.00,0.00,0.00,0.00,Matches,Liga Profesional de Fútbol Argentina,2025
d62bf368,Santiago Grella,ar ARG,MF,19,1,0,35,0.4,0,0,0,0,0,0,0,0,0.00,0.00,0.00,0.00,0.00,Matches,Liga Profesional de Fútbol Argentina,2025
bbef1106,Misael Aguirre,ar ARG,FW,17,0,0,,,,,,,,,,,,,,,,Matches,Liga Profesional de Fútbol Argentina,2025
cb5e158d,Gaston Arturia,ar ARG,DF,25,0,0,,,,,,,,,,,,,,,,Matches,Liga Profesional de Fútbol Argentina,2025
e05a69f2,Fernando Díaz,py PAR,DF,23,0,0,,,,,,,,,,,,,,,,Matches,Liga Profesional de Fútbol Argentina,2025
a7245aa0,Durso,ar ARG,GK,25,0,0,,,,,,,,,,,,,,,,Matches,Liga Profesional de Fútbol Argentina,2025
1817c289,Emiliano Giannunzio,ar ARG,MF,43,0,0,,,,,,,,,,,,,,,,Matches,Liga Profesional de Fútbol Argentina,2025
160aac38,Lucas Meuli,ar ARG,GK,23,0,0,,,,,,,,,,,,,,,,Matches,Liga Profesional de Fútbol Argentina,2025
9188b4b3,Francisco Pumpido,mx MEX,MF,20,0,0,,,,,,,,,,,,,,,,Matches,Liga Profesional de Fútbol Argentina,2025
e89e6f1b,Mateo Raschia,ar ARG,MF,19,0,0,,,,,,,,,,,,,,,,Matches,Liga Profesional de Fútbol Argentina,2025
31d73bbd,Nicolás Fernández,ar ARG,"FW,MF",28,32,26,"2,252",25.0,10,1,11,10,0,0,3,0,0.40,0.04,0.44,0.40,0.44,Matches,Liga Profesional de Fútbol Argentina,2025
413cce14,Franco Jara,ar ARG,FW,36,28,26,"2,170",24.1,5,2,7,2,3,3,6,0,0.21,0.08,0.29,0.08,0.17,Matches,Liga Profesional de Fútbol Argentina,2025
9d3e62ff,Gabriel Compagnucci,ar ARG,"DF,MF",33,27,23,"2,095",23.3,1,2,3,1,0,0,5,2,0.04,0.09,0.13,0.04,0.13,Matches,Liga Profesional de Fútbol Argentina,2025
d454a739,Francisco González,ar ARG,MF,27,28,23,"1,822",20.2,1,2,3,1,0,0,2,0,0.05,0.10,0.15,0.05,0.15,Matches,Liga Profesional de Fútbol Argentina,2025
3ce30893,Lucas Zelarayán,am ARM,"MF,FW",32,24,22,"1,973",21.9,3,2,5,3,0,0,1,0,0.14,0.09,0.23,0.14,0.23,Matches,Liga Profesional de Fútbol Argentina,2025
9a102b86,Santiago Longo,ar ARG,MF,26,21,21,"1,693",18.8,0,0,0,0,0,0,4,0,0.00,0.00,0.00,0.00,0.00,Matches,Liga Profesional de Fútbol Argentina,2025
fa2c1419,Mariano Troilo,ar ARG,DF,21,18,17,"1,514",16.8,1,1,2,1,0,0,9,0,0.06,0.06,0.12,0.06,0.12,Matches,Liga Profesional de Fútbol Argentina,2025
d99c8e00,Thiago Cardozo,uy URU,GK,28,16,16,"1,440",16.0,0,0,0,0,0,0,2,0,0.00,0.00,0.00,0.00,0.00,Matches,Liga Profesional de Fútbol Argentina,2025
19cf6f7c,Leonardo Morales,ar ARG,DF,33,16,16,"1,375",15.3,0,0,0,0,0,0,4,0,0.00,0.00,0.00,0.00,0.00,Matches,Liga Profesional de Fútbol Argentina,2025
428cb878,Lucas Menossi,ar ARG,MF,32,23,14,"1,272",14.1,1,0,1,1,0,0,7,1,0.07,0.00,0.07,0.07,0.07,Matches,Liga Profesional de Fútbol Argentina,2025
8320fe65,Lisandro López,ar ARG,DF,35,12,12,"1,062",11.8,0,0,0,0,0,0,4,1,0.00,0.00,0.00,0.00,0.00,Matches,Liga Profesional de Fútbol Argentina,2025
93649708,Juan Espínola,py PAR,GK,30,11,11,990,11.0,0,0,0,0,0,0,1,0,0.00,0.00,0.00,0.00,0.00,Matches,Liga Profesional de Fútbol Argentina,2025
38fb9199,Lucas Passerini,ar ARG,FW,30,27,10,"1,130",12.6,2,0,2,0,2,2,8,1,0.16,0.00,0.16,0.00,0.00,Matches,Liga Profesional de Fútbol Argentina,2025
759b7576,Tobías Ostchega,ar ARG,"DF,MF",26,15,10,941,10.5,0,1,1,0,0,0,5,0,0.00,0.10,0.10,0.00,0.10,Matches,Liga Profesional de Fútbol Argentina,2025
b747edb2,Fausto Grillo,ar ARG,DF,31,10,10,833,9.3,0,0,0,0,0,0,6,1,0.00,0.00,0.00,0.00,0.00,Matches,Liga Profesional de Fútbol Argentina,2025
c3f9ebff,Anibal Leguizamón,ar ARG,DF,33,10,9,824,9.2,0,0,0,0,0,0,0,1,0.00,0.00,0.00,0.00,0.00,Matches,Liga Profesional de Fútbol Argentina,2025
5b33b84c,Facundo Quignon,ar ARG,MF,31,15,9,814,9.0,0,0,0,0,0,0,2,0,0.00,0.00,0.00,0.00,0.00,Matches,Liga Profesional de Fútbol Argentina,2025
f11ac2e0,Ulises Sánchez,ar ARG,MF,26,23,8,702,7.8,0,1,1,0,0,0,0,0,0.00,0.13,0.13,0.00,0.13,Matches,Liga Profesional de Fútbol Argentina,2025
54f5ce34,Federico Ricca,uy URU,"DF,MF",30,8,8,613,6.8,0,0,0,0,0,0,1,0,0.00,0.00,0.00,0.00,0.00,Matches,Liga Profesional de Fútbol Argentina,2025
323d23e6,Alexis Maldonado,ar ARG,DF,27,7,7,630,7.0,0,0,0,0,0,0,2,0,0.00,0.00,0.00,0.00,0.00,Matches,Liga Profesional de Fútbol Argentina,2025
9b0cafc4,Nicolás Meriano,ar ARG,DF,24,12,7,504,5.6,0,0,0,0,0,0,2,0,0.00,0.00,0.00,0.00,0.00,Matches,Liga Profesional de Fútbol Argentina,2025
5e045116,Gerónimo Heredia,ar ARG,"DF,MF",19,13,6,630,7.0,0,0,0,0,0,0,4,0,0.00,0.00,0.00,0.00,0.00,Matches,Liga Profesional de Fútbol Argentina,2025
f5122c46,Adrián Sporle,ar ARG,"MF,DF",29,7,6,592,6.6,0,2,2,0,0,0,3,0,0.00,0.30,0.30,0.00,0.30,Matches,Liga Profesional de Fútbol Argentina,2025
14b61b88,Rodrigo Saravia,uy URU,MF,24,7,6,487,5.4,0,0,0,0,0,0,1,0,0.00,0.00,0.00,0.00,0.00,Matches,Liga Profesional de Fútbol Argentina,2025
f383829b,Bryan Reyna,pe PER,"MF,FW",26,17,5,584,6.5,0,0,0,0,0,0,3,0,0.00,0.00,0.00,0.00,0.00,Matches,Liga Profesional de Fútbol Argentina,2025
bc78521f,Elías López,ar ARG,DF,24,10,5,493,5.5,0,0,0,0,0,0,1,0,0.00,0.00,0.00,0.00,0.00,Matches,Liga Profesional de Fútbol Argentina,2025
a949c8a0,Manuel Vicentini,ar ARG,GK,34,5,5,450,5.0,0,0,0,0,0,0,0,0,0.00,0.00,0.00,0.00,0.00,Matches,Liga Profesional de Fútbol Argentina,2025
87d93221,Agustín Dáttola,ar ARG,DF,25,4,4,360,4.0,0,0,0,0,0,0,1,0,0.00,0.00,0.00,0.00,0.00,Matches,Liga Profesional de Fútbol Argentina,2025
b7512abc,Julián Mavilla,ar ARG,"MF,FW",24,16,3,514,5.7,0,0,0,0,0,0,1,0,0.00,0.00,0.00,0.00,0.00,Matches,Liga Profesional de Fútbol Argentina,2025
891b9bb8,Juan Velazquez,ar ARG,DF,20,5,3,284,3.2,0,0,0,0,0,0,1,0,0.00,0.00,0.00,0.00,0.00,Matches,Liga Profesional de Fútbol Argentina,2025
00e81ca0,Tiago Cravero,ar ARG,MF,22,4,2,179,2.0,0,0,0,0,0,0,1,0,0.00,0.00,0.00,0.00,0.00,Matches,Liga Profesional de Fútbol Argentina,2025
bd04e8dc,Ramiro Hernandes,ar ARG,MF,20,7,1,199,2.2,0,0,0,0,0,0,2,0,0.00,0.00,0.00,0.00,0.00,Matches,Liga Profesional de Fútbol Argentina,2025
50845a91,Jeremías Lucco,ar ARG,FW,19,3,1,97,1.1,0,0,0,0,0,0,0,0,0.00,0.00,0.00,0.00,0.00,Matches,Liga Profesional de Fútbol Argentina,2025
e214af7f,Gonzalo Zelarayán,ar ARG,FW,20,6,0,54,0.6,0,1,1,0,0,0,0,0,0.00,1.67,1.67,0.00,1.67,Matches,Liga Profesional de Fútbol Argentina,2025
c0bb4690,Agustín Baldi,ar ARG,MF,22,1,0,45,0.5,0,0,0,0,0,0,0,0,0.00,0.00,0.00,0.00,0.00,Matches,Liga Profesional de Fútbol Argentina,2025
5260ba4a,Lautaro Gutierrez,ar ARG,MF,18,1,0,5,0.1,0,0,0,0,0,0,1,0,0.00,0.00,0.00,0.00,0.00,Matches,Liga Profesional de Fútbol Argentina,2025
3af1c78c,Tomas Castro,ar ARG,MF,22,0,0,,,,,,,,,,,,,,,,Matches,Liga Profesional de Fútbol Argentina,2025
3723f64a,Ignacio Chicco,ar ARG,GK,28,0,0,,,,,,,,,,,,,,,,Matches,Liga Profesional de Fútbol Argentina,2025
ff0bc227,Agustín Falcón,ar ARG,DF,20,0,0,,,,,,,,,,,,,,,,Matches,Liga Profesional de Fútbol Argentina,2025
772c516b,Agustin Melano,ar ARG,FW,20,0,0,,,,,,,,,,,,,,,,Matches,Liga Profesional de Fútbol Argentina,2025
a86da4e7,Álvaro Ocampo,ar ARG,DF,20,0,0,,,,,,,,,,,,,,,,Matches,Liga Profesional de Fútbol Argentina,2025
768f11ca,Máximo Oses,ar ARG,FW,19,0,0,,,,,,,,,,,,,,,,Matches,Liga Profesional de Fútbol Argentina,2025
ecb61924,Elías Báez,ar ARG,DF,20,32,32,"2,808",31.2,1,2,3,1,0,0,5,0,0.03,0.06,0.10,0.03,0.10,Matches,Liga Profesional de Fútbol Argentina,2025
0d425331,Orlando Gill,py PAR,GK,24,30,30,"2,700",30.0,0,0,0,0,0,0,2,0,0.00,0.00,0.00,0.00,0.00,Matches,Liga Profesional de Fútbol Argentina,2025
4e32c2d6,Jhohan Romaña,co COL,DF,26,30,30,"2,618",29.1,0,1,1,0,0,0,11,0,0.00,0.03,0.03,0.00,0.03,Matches,Liga Profesional de Fútbol Argentina,2025
4c3e3d0a,Nicolás Tripichio,ar ARG,MF,29,28,27,"2,267",25.2,2,0,2,2,0,0,5,0,0.08,0.00,0.08,0.08,0.08,Matches,Liga Profesional de Fútbol Argentina,2025
0bf6b89a,Alexis Cuello,ar ARG,"FW,MF",24,30,27,"2,151",23.9,5,1,6,3,2,2,7,1,0.21,0.04,0.25,0.13,0.17,Matches,Liga Profesional de Fútbol Argentina,2025
5432fe10,Ezequiel Herrera,ar ARG,DF,22,28,23,"2,089",23.2,0,0,0,0,0,0,9,0,0.00,0.00,0.00,0.00,0.00,Matches,Liga Profesional de Fútbol Argentina,2025
635c9552,Ezequiel Cerutti,ar ARG,"MF,FW",33,27,21,"1,757",19.5,1,2,3,1,0,0,8,0,0.05,0.10,0.15,0.05,0.15,Matches,Liga Profesional de Fútbol Argentina,2025
e1358992,Matías Reali,ar ARG,"MF,FW",27,28,21,"1,726",19.2,0,2,2,0,0,0,7,0,0.00,0.10,0.10,0.00,0.10,Matches,Liga Profesional de Fútbol Argentina,2025
7b33603b,Gastón Hernández,ar ARG,DF,27,21,19,"1,666",18.5,1,0,1,1,0,0,6,1,0.05,0.00,0.05,0.05,0.05,Matches,Liga Profesional de Fútbol Argentina,2025
71910d3e,Andrés Vombergar,si SVN,FW,30,22,17,"1,568",17.4,7,1,8,3,4,4,3,0,0.40,0.06,0.46,0.17,0.23,Matches,Liga Profesional de Fútbol Argentina,2025
e1e47f6e,Ignacio Perruzzi,ar ARG,MF,19,16,16,"1,439",16.0,0,0,0,0,0,0,4,0,0.00,0.00,0.00,0.00,0.00,Matches,Liga Profesional de Fútbol Argentina,2025
7cc9bb66,Malcom Braida,ar ARG,MF,27,15,15,"1,330",14.8,2,1,3,2,0,0,2,0,0.14,0.07,0.20,0.14,0.20,Matches,Liga Profesional de Fútbol Argentina,2025
290c4f4a,Elian Irala,ar ARG,MF,20,15,15,"1,126",12.5,0,0,0,0,0,0,5,0,0.00,0.00,0.00,0.00,0.00,Matches,Liga Profesional de Fútbol Argentina,2025
e5fc269b,Daniel Herrera,ar ARG,DF,20,21,14,"1,346",15.0,0,0,0,0,0,0,4,0,0.00,0.00,0.00,0.00,0.00,Matches,Liga Profesional de Fútbol Argentina,2025
0c1481b0,Fabricio López,ar ARG,"DF,MF",22,12,10,852,9.5,0,0,0,0,0,0,3,0,0.00,0.00,0.00,0.00,0.00,Matches,Liga Profesional de Fútbol Argentina,2025
62b0b5ad,Facundo Gulli,ar ARG,MF,19,12,8,695,7.7,1,1,2,1,0,0,0,0,0.13,0.13,0.26,0.13,0.26,Matches,Liga Profesional de Fútbol Argentina,2025
5c256395,Emanuel Cecchini,ar ARG,MF,28,19,5,652,7.2,1,0,1,1,0,0,4,0,0.14,0.00,0.14,0.14,0.14,Matches,Liga Profesional de Fútbol Argentina,2025
c05dfb74,Iker Muniain,es ESP,MF,32,8,5,510,5.7,1,0,1,1,0,0,0,0,0.18,0.00,0.18,0.18,0.18,Matches,Liga Profesional de Fútbol Argentina,2025
22070e3e,Agustín Ladstatter,ar ARG,"MF,FW",19,18,4,549,6.1,0,1,1,0,0,0,2,0,0.00,0.16,0.16,0.00,0.16,Matches,Liga Profesional de Fútbol Argentina,2025
98dc6e33,Juan Rattalino,ar ARG,MF,21,7,4,335,3.7,0,0,0,0,0,0,0,0,0.00,0.00,0.00,0.00,0.00,Matches,Liga Profesional de Fútbol Argentina,2025
eb1df660,Manuel Insaurralde,ar ARG,MF,26,9,4,324,3.6,0,0,0,0,0,0,1,0,0.00,0.00,0.00,0.00,0.00,Matches,Liga Profesional de Fútbol Argentina,2025
84d5fd29,Facundo Altamirano,ar ARG,GK,28,2,2,180,2.0,0,0,0,0,0,0,0,0,0.00,0.00,0.00,0.00,0.00,Matches,Liga Profesional de Fútbol Argentina,2025
5887a70d,Nery Domínguez,ar ARG,DF,34,12,1,286,3.2,0,0,0,0,0,0,1,0,0.00,0.00,0.00,0.00,0.00,Matches,Liga Profesional de Fútbol Argentina,2025
d01e269b,Branco Salinardi,ar ARG,FW,17,11,1,183,2.0,1,0,1,1,0,0,2,0,0.49,0.00,0.49,0.49,0.49,Matches,Liga Profesional de Fútbol Argentina,2025
33359192,Francisco Perruzzi,ar ARG,MF,23,9,1,169,1.9,0,0,0,0,0,0,0,0,0.00,0.00,0.00,0.00,0.00,Matches,Liga Profesional de Fútbol Argentina,2025
c78eb31f,Diego Herazo,co COL,FW,28,8,0,141,1.6,1,0,1,1,0,0,1,0,0.64,0.00,0.64,0.64,0.64,Matches,Liga Profesional de Fútbol Argentina,2025
d6fa0612,Jaime Peralta,co COL,FW,20,5,0,101,1.1,1,0,1,1,0,0,4,0,0.89,0.00,0.89,0.89,0.89,Matches,Liga Profesional de Fútbol Argentina,2025
9855b2d2,Teo Rodríguez,ar ARG,DF,19,4,0,42,0.5,0,0,0,0,0,0,0,0,0.00,0.00,0.00,0.00,0.00,Matches,Liga Profesional de Fútbol Argentina,2025
535f8db8,Matías Hernández,ar ARG,FW,19,2,0,8,0.1,0,0,0,0,0,0,0,0,0.00,0.00,0.00,0.00,0.00,Matches,Liga Profesional de Fútbol Argentina,2025
e09b8f07,Valentín Escalante,ar ARG,FW,20,1,0,1,0.0,0,0,0,0,0,0,0,0,0.00,0.00,0.00,0.00,0.00,Matches,Liga Profesional de Fútbol Argentina,2025
267c2050,Oscar Arias,ar ARG,DF,20,0,0,,,,,,,,,,,,,,,,Matches,Liga Profesional de Fútbol Argentina,2025
98089d61,Mateo Clemente,ar ARG,GK,22,0,0,,,,,,,,,,,,,,,,Matches,Liga Profesional de Fútbol Argentina,2025
ceb75145,Alejo Córdoba,ar ARG,DF,20,0,0,,,,,,,,,,,,,,,,Matches,Liga Profesional de Fútbol Argentina,2025
5d448a04,José Devecchi,ar ARG,GK,29,0,0,,,,,,,,,,,,,,,,Matches,Liga Profesional de Fútbol Argentina,2025
3d72b784,Lautaro Montenegro,ar ARG,DF,19,0,0,,,,,,,,,,,,,,,,Matches,Liga Profesional de Fútbol Argentina,2025
73daf10c,Ramiro Pedroza,ar ARG,DF,18,0,0,,,,,,,,,,,,,,,,Matches,Liga Profesional de Fútbol Argentina,2025
405bc2d8,Alejo Rivas,ar ARG,MF,18,0,0,,,,,,,,,,,,,,,,Matches,Liga Profesional de Fútbol Argentina,2025
b838e1c9,Juan Vega,ar ARG,MF,26,0,0,,,,,,,,,,,,,,,,Matches,Liga Profesional de Fútbol Argentina,2025
2eba2424,Máximiliano Zelaya,ar ARG,DF,27,0,0,,,,,,,,,,,,,,,,Matches,Liga Profesional de Fútbol Argentina,2025
bd5c46c3,Jorge Carranza,ar ARG,GK,43,28,28,"2,520",28.0,0,0,0,0,0,0,2,0,0.00,0.00,0.00,0.00,0.00,Matches,Liga Profesional de Fútbol Argentina,2025
f88ec6d6,Giuliano Cerato,ar ARG,"DF,MF",26,29,25,"2,277",25.3,2,1,3,2,0,0,12,0,0.08,0.04,0.12,0.08,0.12,Matches,Liga Profesional de Fútbol Argentina,2025
396970dd,Roberto Bochi,ar ARG,MF,37,29,25,"2,204",24.5,0,1,1,0,0,0,11,0,0.00,0.04,0.04,0.00,0.04,Matches,Liga Profesional de Fútbol Argentina,2025
c06407ce,Justo Giani,ar ARG,"MF,FW",25,28,25,"2,018",22.4,5,4,9,5,0,0,5,0,0.22,0.18,0.40,0.22,0.40,Matches,Liga Profesional de Fútbol Argentina,2025
94193c20,Ignacio Guerrico,ar ARG,DF,26,27,24,"2,102",23.4,0,1,1,0,0,0,5,0,0.00,0.04,0.04,0.00,0.04,Matches,Liga Profesional de Fútbol Argentina,2025
1baa6d8f,Gonzalo Mottes,ar ARG,DF,27,26,22,"1,988",22.1,2,2,4,2,0,0,5,0,0.09,0.09,0.18,0.09,0.18,Matches,Liga Profesional de Fútbol Argentina,2025
504cd579,Tiago Serrago,ar ARG,"MF,FW",20,24,20,"1,568",17.4,2,1,3,2,0,0,3,0,0.11,0.06,0.17,0.11,0.17,Matches,Liga Profesional de Fútbol Argentina,2025
40424ddf,Yonathan Cabral,ar ARG,DF,32,22,16,"1,383",15.4,0,1,1,0,0,0,6,1,0.00,0.07,0.07,0.00,0.07,Matches,Liga Profesional de Fútbol Argentina,2025
44b130dc,Néstor Breitenbruch,ar ARG,DF,29,15,15,"1,339",14.9,0,0,0,0,0,0,4,0,0.00,0.00,0.00,0.00,0.00,Matches,Liga Profesional de Fútbol Argentina,2025
653a64e0,Elías Torres,ar ARG,FW,23,16,15,"1,309",14.5,6,2,8,4,2,2,5,0,0.41,0.14,0.55,0.28,0.41,Matches,Liga Profesional de Fútbol Argentina,2025
2c9a3484,Federico Gino,uy URU,MF,31,13,13,"1,045",11.6,1,0,1,0,1,1,7,0,0.09,0.00,0.09,0.00,0.00,Matches,Liga Profesional de Fútbol Argentina,2025
a01052f2,Rodrigo González,ar ARG,DF,24,24,12,"1,364",15.2,0,1,1,0,0,0,1,1,0.00,0.07,0.07,0.00,0.07,Matches,Liga Profesional de Fútbol Argentina,2025
702d6920,Tobías Leiva,ar ARG,MF,20,21,12,"1,054",11.7,2,0,2,2,0,0,3,1,0.17,0.00,0.17,0.17,0.17,Matches,Liga Profesional de Fútbol Argentina,2025
bfedc251,Agustín Palavecino,ar ARG,"MF,FW",21,23,12,"1,049",11.7,2,1,3,2,0,0,4,1,0.17,0.09,0.26,0.17,0.26,Matches,Liga Profesional de Fútbol Argentina,2025
e7bc6a66,Marcelo Esponda,ar ARG,MF,22,16,11,967,10.7,0,0,0,0,0,0,2,0,0.00,0.00,0.00,0.00,0.00,Matches,Liga Profesional de Fútbol Argentina,2025
10fe416e,Natanael Guzmán,ar ARG,MF,25,17,11,780,8.7,1,1,2,1,0,0,1,0,0.12,0.12,0.23,0.12,0.23,Matches,Liga Profesional de Fútbol Argentina,2025
5df18014,Ayrton Preciado,ec ECU,"MF,FW",30,25,8,983,10.9,3,2,5,2,1,1,1,0,0.27,0.18,0.46,0.18,0.37,Matches,Liga Profesional de Fútbol Argentina,2025
398f2a56,Fernando Román,py PAR,DF,26,8,8,708,7.9,0,0,0,0,0,0,2,0,0.00,0.00,0.00,0.00,0.00,Matches,Liga Profesional de Fútbol Argentina,2025
0de1d20d,Santiago Moya,ar ARG,DF,21,8,7,646,7.2,1,1,2,1,0,0,3,0,0.14,0.14,0.28,0.14,0.28,Matches,Liga Profesional de Fútbol Argentina,2025
7445fe34,Facundo De La Vega,ar ARG,FW,21,9,7,482,5.4,0,1,1,0,0,0,3,0,0.00,0.19,0.19,0.00,0.19,Matches,Liga Profesional de Fútbol Argentina,2025
32c4b4b3,Franco Rami,ar ARG,FW,21,18,6,729,8.1,3,0,3,3,0,0,0,0,0.37,0.00,0.37,0.37,0.37,Matches,Liga Profesional de Fútbol Argentina,2025
3d395749,Tobías Cervera,sy SYR,FW,22,11,6,555,6.2,1,0,1,1,0,0,2,0,0.16,0.00,0.16,0.16,0.16,Matches,Liga Profesional de Fútbol Argentina,2025
461e8795,Martín García,,MF,,7,5,268,3.0,0,0,0,0,0,0,1,0,0.00,0.00,0.00,0.00,0.00,Matches,Liga Profesional de Fútbol Argentina,2025
8f422ddd,Lautaro Chávez,ar ARG,"MF,FW",24,12,4,449,5.0,0,1,1,0,0,0,1,0,0.00,0.20,0.20,0.00,0.20,Matches,Liga Profesional de Fútbol Argentina,2025
bea9b02f,Williams Barlasina,ar ARG,GK,26,4,4,360,4.0,0,0,0,0,0,0,0,0,0.00,0.00,0.00,0.00,0.00,Matches,Liga Profesional de Fútbol Argentina,2025
91e7fc9a,Matías García,ar ARG,"MF,FW",33,8,4,311,3.5,0,0,0,0,0,0,0,0,0.00,0.00,0.00,0.00,0.00,Matches,Liga Profesional de Fútbol Argentina,2025
64a8ec22,Tomás Kummer,ar ARG,DF,20,7,3,371,4.1,0,0,0,0,0,0,0,0,0.00,0.00,0.00,0.00,0.00,Matches,Liga Profesional de Fútbol Argentina,2025
7819f0ac,Santiago Laquidaín,ar ARG,DF,23,4,3,273,3.0,0,0,0,0,0,0,0,0,0.00,0.00,0.00,0.00,0.00,Matches,Liga Profesional de Fútbol Argentina,2025
55facc6c,Alexis Dominguez,ar ARG,FW,28,10,1,227,2.5,0,0,0,0,0,0,0,0,0.00,0.00,0.00,0.00,0.00,Matches,Liga Profesional de Fútbol Argentina,2025
46a9b016,Emiliano Rodríguez,uy URU,FW,21,5,0,119,1.3,0,0,0,0,0,0,0,0,0.00,0.00,0.00,0.00,0.00,Matches,Liga Profesional de Fútbol Argentina,2025
5241590c,Lucas Lazarte,ar ARG,FW,19,1,0,15,0.2,0,1,1,0,0,0,1,0,0.00,6.00,6.00,0.00,6.00,Matches,Liga Profesional de Fútbol Argentina,2025
66412884,Gabriel Paredes,ar ARG,MF,21,1,0,11,0.1,0,0,0,0,0,0,0,0,0.00,0.00,0.00,0.00,0.00,Matches,Liga Profesional de Fútbol Argentina,2025
4e40d555,Alejandro Villareal,co COL,FW,19,2,0,7,0.1,0,0,0,0,0,0,0,0,0.00,0.00,0.00,0.00,0.00,Matches,Liga Profesional de Fútbol Argentina,2025
913d986d,Lucio Falasco,ar ARG,MF,20,2,0,4,0.0,0,1,1,0,0,0,1,0,0.00,22.50,22.50,0.00,22.50,Matches,Liga Profesional de Fútbol Argentina,2025
831ab511,Juan Achetoni,ar ARG,MF,19,1,0,3,0.0,0,0,0,0,0,0,0,0,0.00,0.00,0.00,0.00,0.00,Matches,Liga Profesional de Fútbol Argentina,2025
87a37fb7,Alexis Devesa,,FW,,0,0,,,,,,,,,,,,,,,,Matches,Liga Profesional de Fútbol Argentina,2025
0e6704cc,Nahuel González,uy URU,GK,23,0,0,,,,,,,,,,,,,,,,Matches,Liga Profesional de Fútbol Argentina,2025
b4f69c77,David Juárez,ar ARG,FW,17,0,0,,,,,,,,,,,,,,,,Matches,Liga Profesional de Fútbol Argentina,2025
03c9976e,Lautaro Ludueña,ar ARG,FW,20,0,0,,,,,,,,,,,,,,,,Matches,Liga Profesional de Fútbol Argentina,2025
e4bcd56b,Sebastián Moyano,ar ARG,GK,34,0,0,,,,,,,,,,,,,,,,Matches,Liga Profesional de Fútbol Argentina,2025
35525fb0,Leandro Lozano,uy URU,DF,26,31,31,"2,708",30.1,1,6,7,1,0,0,3,0,0.03,0.20,0.23,0.03,0.23,Matches,Liga Profesional de Fútbol Argentina,2025
d3134e28,Tomás Molina,ar ARG,FW,29,31,31,"2,388",26.5,10,2,12,9,1,2,4,0,0.38,0.08,0.45,0.34,0.41,Matches,Liga Profesional de Fútbol Argentina,2025
e8b80334,Erik Godoy,ar ARG,DF,31,30,30,"2,635",29.3,2,0,2,2,0,0,8,0,0.07,0.00,0.07,0.07,0.07,Matches,Liga Profesional de Fútbol Argentina,2025
b88b1142,Alan Lescano,ar ARG,"MF,FW",23,30,30,"2,545",28.3,7,4,11,7,0,1,6,0,0.25,0.14,0.39,0.25,0.39,Matches,Liga Profesional de Fútbol Argentina,2025
c4263233,Nicolás Oróz,ar ARG,MF,30,31,30,"2,183",24.3,2,2,4,2,0,0,3,0,0.08,0.08,0.16,0.08,0.16,Matches,Liga Profesional de Fútbol Argentina,2025
1990d38d,Francisco Álvarez,ar ARG,DF,24,28,28,"2,502",27.8,0,2,2,0,0,0,9,2,0.00,0.07,0.07,0.00,0.07,Matches,Liga Profesional de Fútbol Argentina,2025
19f4d2c0,Diego Matías Rodríguez,ar ARG,GK,35,28,28,"2,475",27.5,0,0,0,0,0,0,0,0,0.00,0.00,0.00,0.00,0.00,Matches,Liga Profesional de Fútbol Argentina,2025
3e0b3184,Sebastián Prieto,ar ARG,DF,31,28,26,"2,231",24.8,2,2,4,2,0,0,6,0,0.08,0.08,0.16,0.08,0.16,Matches,Liga Profesional de Fútbol Argentina,2025
80373bb5,Federico Fattori,ar ARG,MF,32,26,26,"2,215",24.6,0,0,0,0,0,0,8,2,0.00,0.00,0.00,0.00,0.00,Matches,Liga Profesional de Fútbol Argentina,2025
fcd24b4b,Alan Rodríguez,uy URU,"MF,FW",25,14,14,"1,162",12.9,2,1,3,2,0,0,2,0,0.15,0.08,0.23,0.15,0.23,Matches,Liga Profesional de Fútbol Argentina,2025
5b12c37d,Emiliano Viveros,ar ARG,"FW,MF",22,21,12,"1,014",11.3,1,0,1,1,0,0,1,0,0.09,0.00,0.09,0.09,0.09,Matches,Liga Profesional de Fútbol Argentina,2025
1dcddc4d,José Herrera,ar ARG,"MF,FW",21,15,12,941,10.5,3,2,5,3,0,0,2,0,0.29,0.19,0.48,0.29,0.48,Matches,Liga Profesional de Fútbol Argentina,2025
2e8597d8,Hernán López Muñoz,ar ARG,"FW,MF",24,14,10,837,9.3,4,1,5,4,0,0,2,0,0.43,0.11,0.54,0.43,0.54,Matches,Liga Profesional de Fútbol Argentina,2025
dc0a603e,Román Vega,ar ARG,"DF,MF",21,12,7,715,7.9,1,1,2,1,0,0,3,0,0.13,0.13,0.25,0.13,0.25,Matches,Liga Profesional de Fútbol Argentina,2025
8748ef78,Ismael Sosa,ar ARG,"MF,FW",38,22,4,634,7.0,0,1,1,0,0,0,2,0,0.00,0.14,0.14,0.00,0.14,Matches,Liga Profesional de Fútbol Argentina,2025
5a9ff6cf,Laurtaro Giaccone,ar ARG,"FW,MF",23,10,4,478,5.3,1,0,1,1,0,0,1,0,0.19,0.00,0.19,0.19,0.19,Matches,Liga Profesional de Fútbol Argentina,2025
3ecae01c,Diego Porcel,ar ARG,"FW,MF",20,14,4,442,4.9,1,2,3,1,0,0,0,0,0.20,0.41,0.61,0.20,0.61,Matches,Liga Profesional de Fútbol Argentina,2025
4c0c10de,Tobías Ramírez,ar ARG,DF,18,6,4,393,4.4,0,0,0,0,0,0,0,0,0.00,0.00,0.00,0.00,0.00,Matches,Liga Profesional de Fútbol Argentina,2025
966e3b08,Matías Giménez,ar ARG,FW,25,8,4,329,3.7,1,1,2,1,0,0,0,0,0.27,0.27,0.55,0.27,0.55,Matches,Liga Profesional de Fútbol Argentina,2025
c19830ba,Lucas Gómez,ar ARG,MF,20,21,3,552,6.1,1,1,2,1,0,0,1,0,0.16,0.16,0.33,0.16,0.33,Matches,Liga Profesional de Fútbol Argentina,2025
e68bce6e,Juan Cardozo,py PAR,MF,20,9,3,347,3.9,0,0,0,0,0,0,1,0,0.00,0.00,0.00,0.00,0.00,Matches,Liga Profesional de Fútbol Argentina,2025
698bbd9a,Gonzalo Siri Payer,ar ARG,GK,21,3,2,225,2.5,0,0,0,0,0,0,1,1,0.00,0.00,0.00,0.00,0.00,Matches,Liga Profesional de Fútbol Argentina,2025
1e26e376,Sergio Romero,ar ARG,GK,37,2,2,180,2.0,0,0,0,0,0,0,0,0,0.00,0.00,0.00,0.00,0.00,Matches,Liga Profesional de Fútbol Argentina,2025
5619c5e8,Claudio Bravo,ar ARG,"MF,DF",27,4,2,126,1.4,0,0,0,0,0,0,1,1,0.00,0.00,0.00,0.00,0.00,Matches,Liga Profesional de Fútbol Argentina,2025
804ffd93,Rubén Bentancourt,uy URU,FW,31,9,1,227,2.5,0,0,0,0,0,0,0,0,0.00,0.00,0.00,0.00,0.00,Matches,Liga Profesional de Fútbol Argentina,2025
f6561288,Román Riquelme,ar ARG,DF,22,5,1,186,2.1,0,1,1,0,0,0,1,0,0.00,0.48,0.48,0.00,0.48,Matches,Liga Profesional de Fútbol Argentina,2025
3fd907f6,Joaquín Gho,ar ARG,MF,21,8,1,181,2.0,0,0,0,0,0,0,0,0,0.00,0.00,0.00,0.00,0.00,Matches,Liga Profesional de Fútbol Argentina,2025
d52da527,Kevin Coronel,ar ARG,DF,20,3,1,121,1.3,0,0,0,0,0,0,0,0,0.00,0.00,0.00,0.00,0.00,Matches,Liga Profesional de Fútbol Argentina,2025
9e809ff4,Gabriel Florentín,ar ARG,MF,25,4,1,82,0.9,1,1,2,1,0,0,0,0,1.10,1.10,2.20,1.10,2.20,Matches,Liga Profesional de Fútbol Argentina,2025
1ebb7c72,Santiago Rodriguez,ar ARG,FW,27,10,0,169,1.9,0,0,0,0,0,0,0,0,0.00,0.00,0.00,0.00,0.00,Matches,Liga Profesional de Fútbol Argentina,2025
595add88,Manuel Brondo,ar ARG,FW,22,4,0,67,0.7,0,0,0,0,0,0,0,0,0.00,0.00,0.00,0.00,0.00,Matches,Liga Profesional de Fútbol Argentina,2025
f088e129,Cristian Ferreira,ar ARG,MF,25,3,0,47,0.5,0,0,0,0,0,0,0,0,0.00,0.00,0.00,0.00,0.00,Matches,Liga Profesional de Fútbol Argentina,2025
2066961b,Lautaro Ovando,ar ARG,FW,21,2,0,40,0.4,0,0,0,0,0,0,0,0,0.00,0.00,0.00,0.00,0.00,Matches,Liga Profesional de Fútbol Argentina,2025
716e7308,Maximiliano Romero,ar ARG,FW,26,2,0,34,0.4,0,0,0,0,0,0,0,0,0.00,0.00,0.00,0.00,0.00,Matches,Liga Profesional de Fútbol Argentina,2025
4ba52080,Ariel Gamarra,py PAR,MF,21,4,0,25,0.3,0,0,0,0,0,0,0,0,0.00,0.00,0.00,0.00,0.00,Matches,Liga Profesional de Fútbol Argentina,2025
3f60effb,Mateo Antoni,uy URU,DF,21,2,0,21,0.2,0,0,0,0,0,0,0,0,0.00,0.00,0.00,0.00,0.00,Matches,Liga Profesional de Fútbol Argentina,2025
78f10ec0,Nicolás Cordero,ar ARG,FW,25,1,0,15,0.2,0,0,0,0,0,0,0,0,0.00,0.00,0.00,0.00,0.00,Matches,Liga Profesional de Fútbol Argentina,2025
2d4f563a,Facundo Carrizo,ar ARG,FW,17,1,0,11,0.1,0,0,0,0,0,0,0,0,0.00,0.00,0.00,0.00,0.00,Matches,Liga Profesional de Fútbol Argentina,2025
eb823875,Joaquín Ardaiz,uy URU,FW,26,1,0,5,0.1,0,0,0,0,0,0,0,0,0.00,0.00,0.00,0.00,0.00,Matches,Liga Profesional de Fútbol Argentina,2025
7ee726b4,Gastón Bouhier,ar ARG,MF,16,1,0,2,0.0,0,0,0,0,0,0,0,0,0.00,0.00,0.00,0.00,0.00,Matches,Liga Profesional de Fútbol Argentina,2025
29c3f9a5,Luis Álvarez,ar ARG,MF,20,0,0,,,,,,,,,,,,,,,,Matches,Liga Profesional de Fútbol Argentina,2025
d9767046,Agustin Mangiaut,ar ARG,GK,20,0,0,,,,,,,,,,,,,,,,Matches,Liga Profesional de Fútbol Argentina,2025
4306d6e8,Luciano Sánchez,ar ARG,DF,31,0,0,,,,,,,,,,,,,,,,Matches,Liga Profesional de Fútbol Argentina,2025
c57cc4aa,Thiago Santamaría,ar ARG,DF,21,0,0,,,,,,,,,,,,,,,,Matches,Liga Profesional de Fútbol Argentina,2025
5ac92536,Thiago Yánez,ar ARG,DF,16,0,0,,,,,,,,,,,,,,,,Matches,Liga Profesional de Fútbol Argentina,2025
5b0041f5,Matías Abaldo,Matías Abaldo,uy URU,"MF,FW",Independiente,22-011,2004,12,12,996,11.1,4,0,4,4,0,0,1,1,0.36,0.00,0.36,0.36,0.36,Matches,0.17,0.36,23,11,47.8,0.99,2.08,,,,,,,,,,,,,,,,,,,Liga Profesional de Fútbol Argentina,2026
121f452f,Carlos Abeldano,Carlos Abeldano,ar ARG,FW,Atlé Tucumán,21-005,2005,9,6,575,6.4,1,0,1,1,0,0,2,0,0.16,0.00,0.16,0.16,0.16,Matches,0.08,0.50,12,2,16.7,0.31,1.88,,,,,,,,,,,,,,,,,,,Liga Profesional de Fútbol Argentina,2026
db5ee72d,Ramón Ábila,Ramón Ábila,ar ARG,FW,Estudiantes–RC,36-182,1989,8,1,196,2.2,0,0,0,0,0,0,2,0,0.00,0.00,0.00,0.00,0.00,Matches,0.00,0.00,2,1,50.0,0.46,0.92,,,,,,,,,,,,,,,,,,,Liga Profesional de Fútbol Argentina,2026
02d9aaa9,Ignacio Abraham,Ignacio Abraham,sy SYR,"DF,MF",Banfield,28-092,1998,12,12,"1,080",12.0,0,3,3,0,0,0,0,0,0.00,0.25,0.25,0.00,0.25,Matches,0.00,0.00,7,2,28.6,0.17,0.58,,,,,,,,,,,,,,,,,,,Liga Profesional de Fútbol Argentina,2026
de8bad41,Gonzalo Abrego,Gonzalo Abrego,ar ARG,MF,San Lorenzo,26-097,2000,11,6,510,5.7,0,0,0,0,0,0,1,0,0.00,0.00,0.00,0.00,0.00,Matches,0.00,0.00,5,3,60.0,0.53,0.88,,,,,,,,,,,,,,,,,,,Liga Profesional de Fútbol Argentina,2026
1d24b10e,Gustavo Abregú,Gustavo Abregú,ar ARG,MF,Instituto,28-284,1997,11,9,811,9.0,0,1,1,0,0,0,1,0,0.00,0.11,0.11,0.00,0.11,Matches,0.00,,3,0,0.0,0.00,0.33,,,,,,,,,,,,,,,,,,,Liga Profesional de Fútbol Argentina,2026
0b419c37,Jonás Acevedo,Jonás Acevedo,ar ARG,MF,Instituto,29-067,1997,4,1,150,1.7,0,0,0,0,0,0,0,0,0.00,0.00,0.00,0.00,0.00,Matches,0.00,,2,0,0.0,0.00,1.20,,,,,,,,,,,,,,,,,,,Liga Profesional de Fútbol Argentina,2026
651a9554,Benjamin Acosta,Benjamin Acosta,ar ARG,FW,Lanús,20-065,2006,1,0,22,0.2,0,0,0,0,0,0,0,0,0.00,0.00,0.00,0.00,0.00,Matches,0.00,,2,0,0.0,0.00,8.18,,,,,,,,,,,,,,,,,,,Liga Profesional de Fútbol Argentina,2026
81442ecb,Marcos Acuña,Marcos Acuña,ar ARG,DF,River Plate,34-168,1991,8,6,567,6.3,0,1,1,0,0,0,5,0,0.00,0.16,0.16,0.00,0.16,Matches,0.00,0.00,5,1,20.0,0.16,0.79,,,,,,,,,,,,,,,,,,,Liga Profesional de Fútbol Argentina,2026
a2e1934e,Valentino Acuña,Valentino Acuña,ar ARG,MF,Newell's Old Boys,20-077,2006,5,4,295,3.3,0,0,0,0,0,0,1,0,0.00,0.00,0.00,0.00,0.00,Matches,,,0,0,,0.00,0.00,,,,,,,,,,,,,,,,,,,Liga Profesional de Fútbol Argentina,2026
59684e00,Tomás Adoryán,Tomás Adoryán,am ARM,MF,Banfield,24-204,2001,11,5,541,6.0,0,1,1,0,0,0,4,0,0.00,0.17,0.17,0.00,0.17,Matches,0.00,0.00,13,4,30.8,0.67,2.16,,,,,,,,,,,,,,,,,,,Liga Profesional de Fútbol Argentina,2026
ca6050cb,Alan Aguerre,Alan Aguerre,ar ARG,GK,Cen. Córdoba–SdE,35-234,1990,12,12,"1,014",11.3,0,1,1,0,0,0,1,0,0.00,0.09,0.09,0.00,0.09,Matches,,,0,0,,0.00,0.00,5,41.7,12,12,13,1.15,6,"1,014",1,1,0,0.0,0,74.5,35,47,3,3,Liga Profesional de Fútbol Argentina,2026
251ea0b9,Mateo Aguiar,Mateo Aguiar,ar ARG,MF,Defensa y Justicia,19-027,2007,7,0,139,1.5,0,0,0,0,0,0,1,1,0.00,0.00,0.00,0.00,0.00,Matches,0.00,0.00,1,1,100.0,0.65,0.65,,,,,,,,,,,,,,,,,,,Liga Profesional de Fútbol Argentina,2026
5b8730ca,Pablo Aguiar,Pablo Aguiar,ar ARG,MF,Gimnasia–LP,20-027,2006,4,2,143,1.6,0,0,0,0,0,0,0,0,0.00,0.00,0.00,0.00,0.00,Matches,,,0,0,,0.00,0.00,,,,,,,,,,,,,,,,,,,Liga Profesional de Fútbol Argentina,2026
edfebd8d,Brian Aguirre,Brian Aguirre,ar ARG,"FW,MF",Boca Juniors,22-317,2003,1,0,22,0.2,0,0,0,0,0,0,0,0,0.00,0.00,0.00,0.00,0.00,Matches,0.00,,1,0,0.0,0.00,4.09,,,,,,,,,,,,,,,,,,,Liga Profesional de Fútbol Argentina,2026
edfebd8d,Brian Aguirre,Brian Aguirre,ar ARG,"FW,MF",Boca Juniors,22-317,2003,1,0,22,0.2,0,0,0,0,0,0,0,0,0.00,0.00,0.00,0.00,0.00,Matches,0.00,0.00,5,2,40.0,0.67,1.69,,,,,,,,,,,,,,,,,,,Liga Profesional de Fútbol Argentina,2026
edfebd8d,Brian Aguirre,Brian Aguirre,ar ARG,MF,Estudiantes–LP,22-317,2003,6,2,267,3.0,0,2,2,0,0,0,1,0,0.00,0.67,0.67,0.00,0.67,Matches,0.00,,1,0,0.0,0.00,4.09,,,,,,,,,,,,,,,,,,,Liga Profesional de Fútbol Argentina,2026
edfebd8d,Brian Aguirre,Brian Aguirre,ar ARG,MF,Estudiantes–LP,22-317,2003,6,2,267,3.0,0,2,2,0,0,0,1,0,0.00,0.67,0.67,0.00,0.67,Matches,0.00,0.00,5,2,40.0,0.67,1.69,,,,,,,,,,,,,,,,,,,Liga Profesional de Fútbol Argentina,2026
bbef1106,Misael Aguirre,Misael Aguirre,ar ARG,FW,Unión,18-167,2007,9,0,201,2.2,0,0,0,0,0,0,0,0,0.00,0.00,0.00,0.00,0.00,Matches,0.00,0.00,6,1,16.7,0.45,2.69,,,,,,,,,,,,,,,,,,,Liga Profesional de Fútbol Argentina,2026
be50f4be,Manuel Agustín Duarte,Manuel Agustín Duarte,ar ARG,MF,Barracas Central,24-234,2001,3,0,62,0.7,0,0,0,0,0,0,0,0,0.00,0.00,0.00,0.00,0.00,Matches,0.00,,2,0,0.0,0.00,2.90,,,,,,,,,,,,,,,,,,,Liga Profesional de Fútbol Argentina,2026
06eaa4fa,Facundo Alaggia,Facundo Alaggia,ar ARG,MF,Sarmiento–J,20-317,2005,3,0,38,0.4,0,0,0,0,0,0,0,0,0.00,0.00,0.00,0.00,0.00,Matches,0.00,0.00,2,1,50.0,2.37,4.74,,,,,,,,,,,,,,,,,,,Liga Profesional de Fútbol Argentina,2026
d9ebfcfa,Gabriel Alanís,Gabriel Alanís,ar ARG,"MF,FW",Estudiantes–RC,32-029,1994,12,8,715,7.9,1,0,1,1,0,0,0,0,0.13,0.00,0.13,0.13,0.13,Matches,0.06,0.33,17,3,17.6,0.38,2.14,,,,,,,,,,,,,,,,,,,Liga Profesional de Fútbol Argentina,2026
b4c8e4c5,Fernando Alarcón,Fernando Alarcón,ar ARG,DF,Instituto,31-302,1994,11,11,945,10.5,0,0,0,0,0,0,4,0,0.00,0.00,0.00,0.00,0.00,Matches,0.00,0.00,8,2,25.0,0.19,0.76,,,,,,,,,,,,,,,,,,,Liga Profesional de Fútbol Argentina,2026
325d990a,William Alarcón,William Alarcón,cl CHI,MF,Boca Juniors,25-145,2000,4,4,248,2.8,0,0,0,0,0,0,1,0,0.00,0.00,0.00,0.00,0.00,Matches,0.00,0.00,3,1,33.3,0.36,1.09,,,,,,,,,,,,,,,,,,,Liga Profesional de Fútbol Argentina,2026
834d0be5,Lucas Alario,Lucas Alario,ar ARG,FW,Estudiantes–LP,33-188,1992,2,0,24,0.3,0,0,0,0,0,0,0,0,0.00,0.00,0.00,0.00,0.00,Matches,0.00,,1,0,0.0,0.00,3.75,,,,,,,,,,,,,,,,,,,Liga Profesional de Fútbol Argentina,2026
8b259046,Rodrigo Aliendro,Rodrigo Aliendro,ar ARG,MF,Vélez Sarsfield,35-057,1991,12,5,534,5.9,0,0,0,0,0,0,1,0,0.00,0.00,0.00,0.00,0.00,Matches,0.00,0.00,9,2,22.2,0.34,1.52,,,,,,,,,,,,,,,,,,,Liga Profesional de Fútbol Argentina,2026
d96469f1,Antony Alonso,Antony Alonso,ar ARG,"MF,FW",Deportivo Riestra,27-338,1998,13,13,"1,041",11.6,2,0,2,2,0,0,2,0,0.17,0.00,0.17,0.17,0.17,Matches,0.11,0.15,19,13,68.4,1.12,1.64,,,,,,,,,,,,,,,,,,,Liga Profesional de Fútbol Argentina,2026
5bf873f8,Facundo Altamira,Facundo Altamira,,MF,Defensa y Justicia,,,5,0,121,1.3,0,0,0,0,0,0,1,0,0.00,0.00,0.00,0.00,0.00,Matches,0.00,0.00,2,1,50.0,0.74,1.49,,,,,,,,,,,,,,,,,,,Liga Profesional de Fútbol Argentina,2026
a7d668f3,Emiliano Álvarez,Emiliano Álvarez,uy URU,DF,Unión,25-067,2001,4,0,77,0.9,0,1,1,0,0,0,0,0,0.00,1.17,1.17,0.00,1.17,Matches,,,0,0,,0.00,0.00,,,,,,,,,,,,,,,,,,,Liga Profesional de Fútbol Argentina,2026
2aae3ff2,Fabio Álvarez,Fabio Álvarez,ar ARG,"FW,MF",Banfield,33-081,1993,1,0,8,0.1,0,0,0,0,0,0,0,0,0.00,0.00,0.00,0.00,0.00,Matches,,,0,0,,0.00,0.00,,,,,,,,,,,,,,,,,,,Liga Profesional de Fútbol Argentina,2026
32a9f0f0,Federico Álvarez,Federico Álvarez,ar ARG,DF,Tigre,31-250,1994,13,12,"1,090",12.1,0,1,1,0,0,0,2,0,0.00,0.08,0.08,0.00,0.08,Matches,0.00,0.00,11,1,9.1,0.08,0.91,,,,,,,,,,,,,,,,,,,Liga Profesional de Fútbol Argentina,2026
1990d38d,Francisco Álvarez,Francisco Álvarez,ar ARG,DF,Arg Juniors,26-047,2000,12,12,"1,073",11.9,1,0,1,1,0,0,5,0,0.08,0.00,0.08,0.08,0.08,Matches,0.11,0.33,9,3,33.3,0.25,0.75,,,,,,,,,,,,,,,,,,,Liga Profesional de Fútbol Argentina,2026
4c50934e,Juan Álvarez,Juan Álvarez,ar ARG,"FW,MF",Gimnasia–M,30-063,1996,1,0,29,0.3,0,0,0,0,0,0,0,0,0.00,0.00,0.00,0.00,0.00,Matches,,,0,0,,0.00,0.00,,,,,,,,,,,,,,,,,,,Liga Profesional de Fútbol Argentina,2026
7ca68313,Franco Amarfil,Franco Amarfil,ar ARG,MF,Platense,25-034,2001,12,11,880,9.8,0,0,0,0,0,0,5,0,0.00,0.00,0.00,0.00,0.00,Matches,0.00,0.00,7,1,14.3,0.10,0.72,,,,,,,,,,,,,,,,,,,Liga Profesional de Fútbol Argentina,2026
95cf8804,Mikel Amondarain,Mikel Amondarain,ar ARG,MF,Estudiantes–LP,21-098,2005,11,7,746,8.3,2,1,3,2,0,0,1,0,0.24,0.12,0.36,0.24,0.36,Matches,0.22,0.50,9,4,44.4,0.48,1.09,,,,,,,,,,,,,,,,,,,Liga Profesional de Fútbol Argentina,2026
3fc6c051,Emiliano Amor,Emiliano Amor,sy SYR,DF,Defensa y Justicia,30-333,1995,11,11,990,11.0,1,0,1,1,0,0,1,0,0.09,0.00,0.09,0.09,0.09,Matches,0.33,1.00,3,1,33.3,0.09,0.27,,,,,,,,,,,,,,,,,,,Liga Profesional de Fútbol Argentina,2026
7d4c074a,Brian Andrada,Brian Andrada,ar ARG,MF,Gimnasia–M,28-296,1997,2,1,99,1.1,0,0,0,0,0,0,0,0,0.00,0.00,0.00,0.00,0.00,Matches,0.00,0.00,1,1,100.0,0.91,0.91,,,,,,,,,,,,,,,,,,,Liga Profesional de Fútbol Argentina,2026
ac9ba4dd,Tobías Andrada,Tobías Andrada,ar ARG,MF,Vélez Sarsfield,19-071,2007,12,12,"1,079",12.0,1,0,1,1,0,0,3,0,0.08,0.00,0.08,0.08,0.08,Matches,0.11,0.50,9,2,22.2,0.17,0.75,,,,,,,,,,,,,,,,,,,Liga Profesional de Fútbol Argentina,2026
88ad94f7,Luis Angulo,Luis Angulo,co COL,MF,Talleres–C,22-022,2004,1,0,13,0.1,0,0,0,0,0,0,0,0,0.00,0.00,0.00,0.00,0.00,Matches,,,0,0,,0.00,0.00,,,,,,,,,,,,,,,,,,,Liga Profesional de Fútbol Argentina,2026
c292fc1d,Federico Anselmo,Federico Anselmo,ar ARG,FW,Banfield,31-362,1994,3,0,39,0.4,0,0,0,0,0,0,0,0,0.00,0.00,0.00,0.00,0.00,Matches,0.00,,3,0,0.0,0.00,6.92,,,,,,,,,,,,,,,,,,,Liga Profesional de Fútbol Argentina,2026
09dab107,Fermín Antonini,Fermín Antonini,ar ARG,MF,Gimnasia–M,28-286,1997,9,7,537,6.0,0,1,1,0,0,0,3,0,0.00,0.17,0.17,0.00,0.17,Matches,0.00,0.00,8,1,12.5,0.17,1.34,,,,,,,,,,,,,,,,,,,Liga Profesional de Fútbol Argentina,2026
cdca8983,Juan Antonini,Juan Antonini,ar ARG,DF,Estudiantes–RC,27-041,1999,9,9,786,8.7,0,0,0,0,0,0,0,0,0.00,0.00,0.00,0.00,0.00,Matches,0.00,0.00,5,1,20.0,0.11,0.57,,,,,,,,,,,,,,,,,,,Liga Profesional de Fútbol Argentina,2026
dababecf,Dylan Aquino,Dylan Aquino,ar ARG,MF,Lanús,20-314,2005,8,3,311,3.5,5,1,6,5,0,0,2,0,1.45,0.29,1.74,1.45,1.74,Matches,0.38,0.56,13,9,69.2,2.60,3.76,,,,,,,,,,,,,,,,,,,Liga Profesional de Fútbol Argentina,2026
85b1236c,Tomás Aranda,Tomás Aranda,ar ARG,"MF,FW",Boca Juniors,18-340,2007,10,5,540,6.0,1,0,1,1,0,0,2,0,0.17,0.00,0.17,0.17,0.17,Matches,0.06,0.25,18,4,22.2,0.67,3.00,,,,,,,,,,,,,,,,,,,Liga Profesional de Fútbol Argentina,2026
df418fc0,Danilo Arboleda,Danilo Arboleda,co COL,DF,Banfield,30-333,1995,12,12,"1,080",12.0,0,0,0,0,0,0,2,0,0.00,0.00,0.00,0.00,0.00,Matches,0.00,0.00,1,1,100.0,0.08,0.08,,,,,,,,,,,,,,,,,,,Liga Profesional de Fútbol Argentina,2026
10411db2,Alex Arce,Alex Arce,py PAR,FW,Ind. Rivadavia,30-302,1995,7,2,285,3.2,1,0,1,1,0,0,1,0,0.32,0.00,0.32,0.32,0.32,Matches,0.17,0.33,6,3,50.0,0.95,1.89,,,,,,,,,,,,,,,,,,,Liga Profesional de Fútbol Argentina,2026
707fcc63,Ignacio Arce,Ignacio Arce,ar ARG,GK,Deportivo Riestra,34-006,1992,13,13,"1,170",13.0,0,0,0,0,0,0,4,0,0.00,0.00,0.00,0.00,0.00,Matches,0.00,,1,0,0.0,0.00,0.08,4,30.8,13,13,10,0.77,6,"1,170",3,3,0,0.0,0,85.1,40,47,7,0,Liga Profesional de Fútbol Argentina,2026
9f9cbfca,Gabriel Arias,Gabriel Arias,cl CHI,GK,Newell's Old Boys,38-213,1987,7,7,612,6.8,0,0,0,0,0,0,1,0,0.00,0.00,0.00,0.00,0.00,Matches,,,0,0,,0.00,0.00,0,0.0,7,7,13,1.91,5,612,1,1,0,0.0,0,62.5,20,32,2,0,Liga Profesional de Fútbol Argentina,2026
0e740cff,Junior Arias,Junior Arias,uy URU,FW,Aldosivi,32-332,1993,11,9,714,7.9,0,0,0,0,0,0,2,0,0.00,0.00,0.00,0.00,0.00,Matches,0.00,0.00,19,3,15.8,0.38,2.39,,,,,,,,,,,,,,,,,,,Liga Profesional de Fútbol Argentina,2026
052c41be,Matías Arias,Matías Arias,ar ARG,MF,Vélez Sarsfield,18-341,2007,4,1,116,1.3,0,1,1,0,0,0,1,0,0.00,0.78,0.78,0.00,0.78,Matches,0.00,0.00,1,1,100.0,0.78,0.78,,,,,,,,,,,,,,,,,,,Liga Profesional de Fútbol Argentina,2026
8b6d7b27,Ramón Arias,Ramón Arias,uy URU,DF,Tigre,33-261,1992,7,3,293,3.3,0,0,0,0,0,0,0,0,0.00,0.00,0.00,0.00,0.00,Matches,0.00,,1,0,0.0,0.00,0.31,,,,,,,,,,,,,,,,,,,Liga Profesional de Fútbol Argentina,2026
fdd60087,Santiago Arias,Santiago Arias,co COL,DF,Independiente,34-091,1992,9,5,554,6.2,0,2,2,0,0,0,1,0,0.00,0.32,0.32,0.00,0.32,Matches,0.00,,1,0,0.0,0.00,0.16,,,,,,,,,,,,,,,,,,,Liga Profesional de Fútbol Argentina,2026
af36c6d0,Joaquín Ariel Novillo,Joaquín Ariel Novillo,ar ARG,DF,Aldosivi,28-054,1998,8,8,654,7.3,0,0,0,0,0,0,0,0,0.00,0.00,0.00,0.00,0.00,Matches,0.00,0.00,3,2,66.7,0.28,0.41,,,,,,,,,,,,,,,,,,,Liga Profesional de Fútbol Argentina,2026
b3e42951,Franco Armani,Franco Armani,ar ARG,GK,River Plate,39-180,1986,1,1,45,0.5,0,0,0,0,0,0,0,0,0.00,0.00,0.00,0.00,0.00,Matches,,,0,0,,0.00,0.00,0,0.0,1,1,1,2.00,1,45,0,0,0,,0,66.7,2,3,0,0,Liga Profesional de Fútbol Argentina,2026
c0d97f5c,Blas Armoa,Blas Armoa,py PAR,"FW,MF",Gimnasia–M,26-070,2000,4,0,98,1.1,0,0,0,0,0,0,0,0,0.00,0.00,0.00,0.00,0.00,Matches,0.00,,1,0,0.0,0.00,0.92,,,,,,,,,,,,,,,,,,,Liga Profesional de Fútbol Argentina,2026
cb5e158d,Gaston Arturia,Gaston Arturia,ar ARG,DF,Sarmiento–J,26-167,1999,6,5,416,4.6,0,0,0,0,0,0,1,0,0.00,0.00,0.00,0.00,0.00,Matches,0.00,0.00,4,1,25.0,0.22,0.87,,,,,,,,,,,,,,,,,,,Liga Profesional de Fútbol Argentina,2026
e26fcca3,Santiago Ascacíbar,Santiago Ascacíbar,ar ARG,MF,Estudiantes–LP,29-048,1997,1,1,90,1.0,0,0,0,0,0,0,0,0,0.00,0.00,0.00,0.00,0.00,Matches,0.00,,2,0,0.0,0.00,2.00,,,,,,,,,,,,,,,,,,,Liga Profesional de Fútbol Argentina,2026
e26fcca3,Santiago Ascacíbar,Santiago Ascacíbar,ar ARG,MF,Estudiantes–LP,29-048,1997,1,1,90,1.0,0,0,0,0,0,0,0,0,0.00,0.00,0.00,0.00,0.00,Matches,0.33,1.00,6,2,33.3,0.25,0.75,,,,,,,,,,,,,,,,,,,Liga Profesional de Fútbol Argentina,2026
e26fcca3,Santiago Ascacíbar,Santiago Ascacíbar,ar ARG,MF,Boca Juniors,29-048,1997,10,8,717,8.0,2,0,2,2,0,0,3,0,0.25,0.00,0.25,0.25,0.25,Matches,0.00,,2,0,0.0,0.00,2.00,,,,,,,,,,,,,,,,,,,Liga Profesional de Fútbol Argentina,2026
e26fcca3,Santiago Ascacíbar,Santiago Ascacíbar,ar ARG,MF,Boca Juniors,29-048,1997,10,8,717,8.0,2,0,2,2,0,0,3,0,0.25,0.00,0.25,0.25,0.25,Matches,0.33,1.00,6,2,33.3,0.25,0.75,,,,,,,,,,,,,,,,,,,Liga Profesional de Fútbol Argentina,2026
3b6c0225,Jorge de Asís,Jorge de Asís,ar ARG,FW,Gimnasia–LP,20-075,2006,2,0,23,0.3,0,0,0,0,0,0,0,1,0.00,0.00,0.00,0.00,0.00,Matches,0.00,,2,0,0.0,0.00,7.83,,,,,,,,,,,,,,,,,,,Liga Profesional de Fútbol Argentina,2026
5540acb4,Rodrigo Atencio,Rodrigo Atencio,ar ARG,MF,Ind. Rivadavia,23-288,2002,12,3,450,5.0,0,3,3,0,0,0,0,0,0.00,0.60,0.60,0.00,0.60,Matches,0.00,0.00,7,1,14.3,0.20,1.40,,,,,,,,,,,,,,,,,,,Liga Profesional de Fútbol Argentina,2026
b5a3e7fe,Agustín Auzmendi,Agustín Auzmendi,ar ARG,FW,Gimnasia–LP,29-072,1997,12,0,236,2.6,1,0,1,1,0,0,0,0,0.38,0.00,0.38,0.38,0.38,Matches,0.13,0.25,8,4,50.0,1.53,3.05,,,,,,,,,,,,,,,,,,,Liga Profesional de Fútbol Argentina,2026
c89d0b23,Rodrigo Auzmendi,Rodrigo Auzmendi,ar ARG,FW,Banfield,25-102,2001,7,1,187,2.1,0,0,0,0,0,0,1,0,0.00,0.00,0.00,0.00,0.00,Matches,0.00,0.00,6,1,16.7,0.48,2.89,,,,,,,,,,,,,,,,,,,Liga Profesional de Fútbol Argentina,2026
c89d0b23,Rodrigo Auzmendi,Rodrigo Auzmendi,ar ARG,FW,Banfield,25-102,2001,7,1,187,2.1,0,0,0,0,0,0,1,0,0.00,0.00,0.00,0.00,0.00,Matches,0.22,0.33,9,6,66.7,4.03,6.04,,,,,,,,,,,,,,,,,,,Liga Profesional de Fútbol Argentina,2026
c89d0b23,Rodrigo Auzmendi,Rodrigo Auzmendi,ar ARG,FW,San Lorenzo,25-102,2001,4,1,134,1.5,2,0,2,2,0,0,0,0,1.34,0.00,1.34,1.34,1.34,Matches,0.00,0.00,6,1,16.7,0.48,2.89,,,,,,,,,,,,,,,,,,,Liga Profesional de Fútbol Argentina,2026
c89d0b23,Rodrigo Auzmendi,Rodrigo Auzmendi,ar ARG,FW,San Lorenzo,25-102,2001,4,1,134,1.5,2,0,2,2,0,0,0,0,1.34,0.00,1.34,1.34,1.34,Matches,0.22,0.33,9,6,66.7,4.03,6.04,,,,,,,,,,,,,,,,,,,Liga Profesional de Fútbol Argentina,2026
b6781b67,Gabriel Ávalos,Gabriel Ávalos,py PAR,FW,Independiente,35-184,1990,13,13,"1,152",12.8,8,4,12,7,1,1,2,0,0.62,0.31,0.94,0.55,0.86,Matches,0.20,0.78,35,9,25.7,0.70,2.73,,,,,,,,,,,,,,,,,,,Liga Profesional de Fútbol Argentina,2026
f648b2e1,Gastón Ávila,Gastón Ávila,ar ARG,DF,Rosario Central,24-196,2001,8,6,590,6.6,1,1,2,1,0,0,0,0,0.15,0.15,0.31,0.15,0.31,Matches,0.25,0.50,4,2,50.0,0.31,0.61,,,,,,,,,,,,,,,,,,,Liga Profesional de Fútbol Argentina,2026
8ccc2401,Renzo Bacchia,Renzo Bacchia,uy URU,GK,Estudiantes–RC,27-081,1999,5,5,450,5.0,0,0,0,0,0,0,1,0,0.00,0.00,0.00,0.00,0.00,Matches,,,0,0,,0.00,0.00,1,20.0,5,5,9,1.80,4,450,1,2,1,0.0,0,61.9,13,21,1,0,Liga Profesional de Fútbol Argentina,2026
8032e250,Gabriel Báez,Gabriel Báez,ar ARG,DF,Talleres–C,30-267,1995,6,6,487,5.4,0,0,0,0,0,0,1,0,0.00,0.00,0.00,0.00,0.00,Matches,0.00,,1,0,0.0,0.00,0.18,,,,,,,,,,,,,,,,,,,Liga Profesional de Fútbol Argentina,2026
9ba1c30c,Claudio Baeza,Claudio Baeza,cl CHI,MF,Vélez Sarsfield,32-112,1993,11,9,803,8.9,0,0,0,0,0,0,3,0,0.00,0.00,0.00,0.00,0.00,Matches,0.00,,5,0,0.0,0.00,0.56,,,,,,,,,,,,,,,,,,,Liga Profesional de Fútbol Argentina,2026
d005b036,Mateo Bajamich,Mateo Bajamich,ar ARG,FW,Estudiantes–RC,26-254,1999,12,9,690,7.7,1,0,1,1,0,0,0,0,0.13,0.00,0.13,0.13,0.13,Matches,0.09,0.33,11,3,27.3,0.39,1.43,,,,,,,,,,,,,,,,,,,Liga Profesional de Fútbol Argentina,2026
fa937f7a,Éver Banega,Éver Banega,ar ARG,MF,Defensa y Justicia,37-289,1988,6,3,269,3.0,0,0,0,0,0,0,2,0,0.00,0.00,0.00,0.00,0.00,Matches,0.00,,3,0,0.0,0.00,1.00,,,,,,,,,,,,,,,,,,,Liga Profesional de Fútbol Argentina,2026
55551a71,Nahuel Banegas,Nahuel Banegas,ar ARG,DF,Tigre,29-190,1996,2,1,80,0.9,0,0,0,0,0,0,0,0,0.00,0.00,0.00,0.00,0.00,Matches,,,0,0,,0.00,0.00,,,,,,,,,,,,,,,,,,,Liga Profesional de Fútbol Argentina,2026
0e8cbfc4,Miguel Barbieri,Miguel Barbieri,ar ARG,DF,Deportivo Riestra,32-233,1993,8,6,497,5.5,0,0,0,0,0,0,4,0,0.00,0.00,0.00,0.00,0.00,Matches,0.00,0.00,4,2,50.0,0.36,0.72,,,,,,,,,,,,,,,,,,,Liga Profesional de Fútbol Argentina,2026
62eef061,David Barbona,David Barbona,ar ARG,FW,Defensa y Justicia,31-051,1995,7,1,186,2.1,1,0,1,1,0,0,0,0,0.48,0.00,0.48,0.48,0.48,Matches,0.50,0.50,2,2,100.0,0.97,0.97,,,,,,,,,,,,,,,,,,,Liga Profesional de Fútbol Argentina,2026
b393a6c0,Nahuel Barboza,Nahuel Barboza,ar ARG,MF,Gimnasia–M,26-210,1999,8,5,531,5.9,0,0,0,0,0,0,1,0,0.00,0.00,0.00,0.00,0.00,Matches,0.00,,1,0,0.0,0.00,0.17,,,,,,,,,,,,,,,,,,,Liga Profesional de Fútbol Argentina,2026
b7f36529,Renzo Miguel Orihuela Barcos,Renzo Miguel Orihuela Barcos,uy URU,DF,Sarmiento–J,25-010,2001,6,5,495,5.5,0,0,0,0,0,0,1,0,0.00,0.00,0.00,0.00,0.00,Matches,0.00,0.00,3,1,33.3,0.18,0.55,,,,,,,,,,,,,,,,,,,Liga Profesional de Fútbol Argentina,2026
afb7f0ea,Adam Bareiro,Adam Bareiro,py PAR,FW,Boca Juniors,29-262,1996,7,6,565,6.3,2,1,3,2,0,0,2,0,0.32,0.16,0.48,0.32,0.48,Matches,0.12,0.22,17,9,52.9,1.43,2.71,,,,,,,,,,,,,,,,,,,Liga Profesional de Fútbol Argentina,2026
6bdb7078,Juan Barinaga,Juan Barinaga,ar ARG,DF,Boca Juniors,25-186,2000,7,7,587,6.5,0,0,0,0,0,0,0,0,0.00,0.00,0.00,0.00,0.00,Matches,0.00,0.00,2,1,50.0,0.15,0.31,,,,,,,,,,,,,,,,,,,Liga Profesional de Fútbol Argentina,2026
bea9b02f,Williams Barlasina,Williams Barlasina,ar ARG,GK,Newell's Old Boys,27-289,1998,5,4,378,4.2,0,0,0,0,0,0,0,0,0.00,0.00,0.00,0.00,0.00,Matches,,,0,0,,0.00,0.00,1,25.0,5,4,9,2.14,2,378,1,1,0,0.0,0,68.0,17,25,1,1,Liga Profesional de Fútbol Argentina,2026
4dff9e5a,Giovanni Baroni,Giovanni Baroni,ar ARG,"MF,FW",Talleres–C,17-083,2009,10,8,612,6.8,0,3,3,0,0,0,1,0,0.00,0.44,0.44,0.00,0.44,Matches,0.00,0.00,15,4,26.7,0.59,2.21,,,,,,,,,,,,,,,,,,,Liga Profesional de Fútbol Argentina,2026
3ad28381,Diego Barrera,Diego Barrera,ar ARG,"DF,MF",Cen. Córdoba–SdE,21-296,2004,11,8,709,7.9,2,0,2,2,0,0,3,0,0.25,0.00,0.25,0.25,0.25,Matches,0.17,0.40,12,5,41.7,0.63,1.52,,,,,,,,,,,,,,,,,,,Liga Profesional de Fútbol Argentina,2026
f2e5d390,Alan Barrionuevo,Alan Barrionuevo,ar ARG,DF,Tigre,29-102,1997,12,12,"1,080",12.0,2,2,4,2,0,0,1,0,0.17,0.17,0.33,0.17,0.33,Matches,0.12,0.40,17,5,29.4,0.42,1.42,,,,,,,,,,,,,,,,,,,Liga Profesional de Fútbol Argentina,2026
715c684b,Martín Barrios,Martín Barrios,uy URU,MF,Platense,27-080,1999,7,3,297,3.3,0,0,0,0,0,0,1,0,0.00,0.00,0.00,0.00,0.00,Matches,0.00,,4,0,0.0,0.00,1.21,,,,,,,,,,,,,,,,,,,Liga Profesional de Fútbol Argentina,2026
b2fabf7e,Nahuel Barrios,Nahuel Barrios,ar ARG,MF,San Lorenzo,27-342,1998,4,2,169,1.9,0,1,1,0,0,0,0,0,0.00,0.53,0.53,0.00,0.53,Matches,0.00,,1,0,0.0,0.00,0.53,,,,,,,,,,,,,,,,,,,Liga Profesional de Fútbol Argentina,2026
16f7625e,Rafael Barrios,Rafael Barrios,ar ARG,"MF,DF",Barracas Central,32-326,1993,9,7,497,5.5,0,0,0,0,0,0,0,0,0.00,0.00,0.00,0.00,0.00,Matches,,,0,0,,0.00,0.00,,,,,,,,,,,,,,,,,,,Liga Profesional de Fútbol Argentina,2026
ab935d6a,Bautista Barros Schelotto,Bautista Barros Schelotto,ar ARG,DF,Gimnasia–LP,26-091,2000,1,1,87,1.0,0,0,0,0,0,0,0,0,0.00,0.00,0.00,0.00,0.00,Matches,0.00,,1,0,0.0,0.00,1.03,,,,,,,,,,,,,,,,,,,Liga Profesional de Fútbol Argentina,2026
11a865cb,Bruno Barticciotto,Bruno Barticciotto,cl CHI,FW,Talleres–C,24-342,2001,2,1,41,0.5,0,1,1,0,0,0,0,0,0.00,2.20,2.20,0.00,2.20,Matches,,,0,0,,0.00,0.00,,,,,,,,,,,,,,,,,,,Liga Profesional de Fútbol Argentina,2026
9928bf1a,Tomás Belmonte,Tomás Belmonte,ar ARG,MF,Boca Juniors,27-322,1998,7,5,399,4.4,0,0,0,0,0,0,1,0,0.00,0.00,0.00,0.00,0.00,Matches,0.00,0.00,8,1,12.5,0.23,1.80,,,,,,,,,,,,,,,,,,,Liga Profesional de Fútbol Argentina,2026
83340875,Santiago Beltrán,Santiago Beltrán,ar ARG,GK,River Plate,21-192,2004,13,12,"1,125",12.5,0,0,0,0,0,0,0,0,0.00,0.00,0.00,0.00,0.00,Matches,,,0,0,,0.00,0.00,7,58.3,13,12,8,0.64,2,"1,125",1,1,0,0.0,0,81.1,30,37,2,8,Liga Profesional de Fútbol Argentina,2026
58a19703,Gastón Benedetti,Gastón Benedetti,ar ARG,DF,Estudiantes–LP,25-016,2001,12,10,937,10.4,0,1,1,0,0,0,3,0,0.00,0.10,0.10,0.00,0.10,Matches,0.00,,4,0,0.0,0.00,0.38,,,,,,,,,,,,,,,,,,,Liga Profesional de Fútbol Argentina,2026
b7b1dea7,Nicolás Benegas,Nicolás Benegas,ar ARG,FW,Deportivo Riestra,30-044,1996,11,4,446,5.0,1,0,1,1,0,0,5,0,0.20,0.00,0.20,0.20,0.20,Matches,0.06,0.14,16,7,43.8,1.41,3.23,,,,,,,,,,,,,,,,,,,Liga Profesional de Fútbol Argentina,2026
6359a492,Alcides Benítez,Alcides Benítez,py PAR,"MF,DF",Belgrano,23-290,2002,12,10,846,9.4,0,0,0,0,0,0,5,0,0.00,0.00,0.00,0.00,0.00,Matches,0.00,0.00,5,1,20.0,0.11,0.53,,,,,,,,,,,,,,,,,,,Liga Profesional de Fútbol Argentina,2026
c122e34e,Martín Benítez,Martín Benítez,ar ARG,FW,Atlé Tucumán,31-301,1994,3,1,95,1.1,1,0,1,0,1,1,0,0,0.95,0.00,0.95,0.00,0.00,Matches,0.00,0.00,2,1,50.0,0.95,1.89,,,,,,,,,,,,,,,,,,,Liga Profesional de Fútbol Argentina,2026
13718190,Fernando Bersano,Fernando Bersano,ar ARG,"DF,MF",Estudiantes–RC,28-101,1998,1,0,19,0.2,0,0,0,0,0,0,0,0,0.00,0.00,0.00,0.00,0.00,Matches,0.00,,1,0,0.0,0.00,4.74,,,,,,,,,,,,,,,,,,,Liga Profesional de Fútbol Argentina,2026
d8dcc840,Lucas Besozzi,Lucas Besozzi,ar ARG,MF,Lanús,23-082,2003,8,0,162,1.8,0,1,1,0,0,0,0,0,0.00,0.56,0.56,0.00,0.56,Matches,0.00,0.00,4,2,50.0,1.11,2.22,,,,,,,,,,,,,,,,,,,Liga Profesional de Fútbol Argentina,2026
7a012117,Juan Bisanz,Juan Bisanz,ar ARG,MF,Huracán,24-229,2001,9,2,313,3.5,2,1,3,2,0,0,1,0,0.58,0.29,0.86,0.58,0.86,Matches,0.15,0.33,13,6,46.2,1.73,3.74,,,,,,,,,,,,,,,,,,,Liga Profesional de Fútbol Argentina,2026
1657f448,Lautaro Blanco,Lautaro Blanco,ar ARG,DF,Boca Juniors,27-054,1999,12,11,"1,001",11.1,1,0,1,1,0,0,0,0,0.09,0.00,0.09,0.09,0.09,Matches,0.17,0.50,6,2,33.3,0.18,0.54,,,,,,,,,,,,,,,,,,,Liga Profesional de Fútbol Argentina,2026
4b97076c,Lucas Blondel,Lucas Blondel,ch SUI,"MF,DF",Huracán,29-212,1996,5,4,377,4.2,1,0,1,1,0,0,2,0,0.24,0.00,0.24,0.24,0.24,Matches,0.17,1.00,6,1,16.7,0.24,1.43,,,,,,,,,,,,,,,,,,,Liga Profesional de Fútbol Argentina,2026
396970dd,Roberto Bochi,Roberto Bochi,ar ARG,MF,Aldosivi,38-282,1987,10,9,672,7.5,0,0,0,0,0,0,3,0,0.00,0.00,0.00,0.00,0.00,Matches,0.00,,3,0,0.0,0.00,0.40,,,,,,,,,,,,,,,,,,,Liga Profesional de Fútbol Argentina,2026
5bc7c208,Rodrigo Bogarín,Rodrigo Bogarín,py PAR,"FW,MF",Barracas Central,28-325,1997,2,0,27,0.3,0,0,0,0,0,0,0,0,0.00,0.00,0.00,0.00,0.00,Matches,0.00,0.00,1,1,100.0,3.33,3.33,,,,,,,,,,,,,,,,,,,Liga Profesional de Fútbol Argentina,2026
4ada7df5,Nicolás Bolcato,Nicolás Bolcato,ar ARG,GK,Ind. Rivadavia,21-343,2004,13,12,"1,157",12.9,0,0,0,0,0,0,1,0,0.00,0.00,0.00,0.00,0.00,Matches,,,0,0,,0.00,0.00,3,25.0,13,12,12,0.93,2,"1,157",1,1,0,0.0,0,73.2,30,41,2,8,Liga Profesional de Fútbol Argentina,2026
af9d796b,Cayetano Bolzán,Cayetano Bolzán,ar ARG,FW,Gimnasia–LP,20-031,2006,1,0,23,0.3,0,0,0,0,0,0,0,0,0.00,0.00,0.00,0.00,0.00,Matches,,,0,0,,0.00,0.00,,,,,,,,,,,,,,,,,,,Liga Profesional de Fútbol Argentina,2026
0b6ff48b,Ezequiel Bonifacio,Ezequiel Bonifacio,ar ARG,DF,Ind. Rivadavia,31-340,1994,9,4,383,4.3,0,1,1,0,0,0,2,0,0.00,0.23,0.23,0.00,0.23,Matches,0.00,,3,0,0.0,0.00,0.70,,,,,,,,,,,,,,,,,,,Liga Profesional de Fútbol Argentina,2026
0bad403e,Matías Borgogno,Matías Borgogno,ar ARG,GK,Platense,27-236,1998,13,13,"1,170",13.0,0,0,0,0,0,0,1,0,0.00,0.00,0.00,0.00,0.00,Matches,,,0,0,,0.00,0.00,6,46.2,13,13,8,0.62,3,"1,170",1,1,0,0.0,0,85.1,40,47,7,3,Liga Profesional de Fútbol Argentina,2026
7a16bf7a,Benjamín Bosch,Benjamín Bosch,ar ARG,FW,Platense,20-303,2005,2,0,23,0.3,0,0,0,0,0,0,0,0,0.00,0.00,0.00,0.00,0.00,Matches,0.00,,1,0,0.0,0.00,3.91,,,,,,,,,,,,,,,,,,,Liga Profesional de Fútbol Argentina,2026
b11fd1e7,Rubén Botta,Rubén Botta,ar ARG,"MF,FW",Defensa y Justicia,36-073,1990,11,11,695,7.7,1,1,2,1,0,1,2,1,0.13,0.13,0.26,0.13,0.26,Matches,0.08,0.17,13,6,46.2,0.78,1.68,,,,,,,,,,,,,,,,,,,Liga Profesional de Fútbol Argentina,2026
145c1af1,Tomás Bottari,Tomás Bottari,ar ARG,MF,Ind. Rivadavia,24-353,2001,8,8,691,7.7,0,0,0,0,0,0,1,0,0.00,0.00,0.00,0.00,0.00,Matches,0.00,,1,0,0.0,0.00,0.13,,,,,,,,,,,,,,,,,,,Liga Profesional de Fútbol Argentina,2026
b5143c97,Walter Bou,Walter Bou,ar ARG,FW,Lanús,32-232,1993,9,7,520,5.8,2,0,2,1,1,1,0,0,0.35,0.00,0.35,0.17,0.17,Matches,0.17,0.33,6,3,50.0,0.52,1.04,,,,,,,,,,,,,,,,,,,Liga Profesional de Fútbol Argentina,2026
9687232d,Mariano Bracamonte,Mariano Bracamonte,ar ARG,DF,Deportivo Riestra,26-355,1999,3,3,254,2.8,0,0,0,0,0,0,1,0,0.00,0.00,0.00,0.00,0.00,Matches,0.00,0.00,6,2,33.3,0.71,2.13,,,,,,,,,,,,,,,,,,,Liga Profesional de Fútbol Argentina,2026
7cc9bb66,Malcom Braida,Malcom Braida,ar ARG,DF,Boca Juniors,28-332,1997,3,2,173,1.9,0,0,0,0,0,0,0,0,0.00,0.00,0.00,0.00,0.00,Matches,,,0,0,,0.00,0.00,,,,,,,,,,,,,,,,,,,Liga Profesional de Fútbol Argentina,2026
6159b1e9,Agustin Bravo,Agustin Bravo,ar ARG,DF,Instituto,24-338,2001,2,1,107,1.2,0,0,0,0,0,0,0,0,0.00,0.00,0.00,0.00,0.00,Matches,,,0,0,,0.00,0.00,,,,,,,,,,,,,,,,,,,Liga Profesional de Fútbol Argentina,2026
5619c5e8,Claudio Bravo,Claudio Bravo,ar ARG,DF,Arg Juniors,29-032,1997,4,1,112,1.2,0,0,0,0,0,0,1,0,0.00,0.00,0.00,0.00,0.00,Matches,,,0,0,,0.00,0.00,,,,,,,,,,,,,,,,,,,Liga Profesional de Fútbol Argentina,2026
0827937d,Leandro Brey,Leandro Brey,ar ARG,GK,Boca Juniors,23-205,2002,2,1,99,1.1,0,0,0,0,0,0,0,0,0.00,0.00,0.00,0.00,0.00,Matches,,,0,0,,0.00,0.00,2,200.0,2,1,0,0.00,0,99,0,0,0,,0,100.0,2,2,0,1,Liga Profesional de Fútbol Argentina,2026
b47b5b30,Norberto Briasco,Norberto Briasco,am ARM,FW,Barracas Central,30-044,1996,7,2,242,2.7,1,0,1,1,0,0,1,0,0.37,0.00,0.37,0.37,0.37,Matches,0.17,0.50,6,2,33.3,0.74,2.23,,,,,,,,,,,,,,,,,,,Liga Profesional de Fútbol Argentina,2026
595add88,Manuel Brondo,Manuel Brondo,ar ARG,FW,Atlé Tucumán,24-048,2002,5,0,96,1.1,0,0,0,0,0,0,0,0,0.00,0.00,0.00,0.00,0.00,Matches,0.00,0.00,3,1,33.3,0.94,2.81,,,,,,,,,,,,,,,,,,,Liga Profesional de Fútbol Argentina,2026
6503ae16,Jorge Broun,Jorge Broun,ar ARG,GK,Rosario Central,39-323,1986,3,3,270,3.0,0,0,0,0,0,0,0,0,0.00,0.00,0.00,0.00,0.00,Matches,,,0,0,,0.00,0.00,1,33.3,3,3,4,1.33,1,270,1,1,0,0.0,0,76.9,10,13,1,1,Liga Profesional de Fútbol Argentina,2026
8d7881e1,Facundo Bruera,Facundo Bruera,ar ARG,FW,Barracas Central,27-203,1998,12,8,750,8.3,1,1,2,1,0,0,5,0,0.12,0.12,0.24,0.12,0.24,Matches,0.04,0.11,23,9,39.1,1.08,2.76,,,,,,,,,,,,,,,,,,,Liga Profesional de Fútbol Argentina,2026
c2d7780d,Leonel Bucca,Leonel Bucca,ar ARG,MF,Ind. Rivadavia,27-025,1999,3,1,103,1.1,2,0,2,2,0,0,0,0,1.75,0.00,1.75,1.75,1.75,Matches,1.00,1.00,2,2,100.0,1.75,1.75,,,,,,,,,,,,,,,,,,,Liga Profesional de Fútbol Argentina,2026
e8a7b528,Joaquín Burgos,Joaquín Burgos,ar ARG,MF,Estudiantes–LP,21-121,2004,7,5,318,3.5,0,2,2,0,0,0,0,0,0.00,0.57,0.57,0.00,0.57,Matches,0.00,,4,0,0.0,0.00,1.13,,,,,,,,,,,,,,,,,,,Liga Profesional de Fútbol Argentina,2026
24bfa4d8,Javier Burrai,Javier Burrai,ec ECU,GK,Sarmiento–J,35-187,1990,12,12,"1,080",12.0,0,0,0,0,0,0,2,0,0.00,0.00,0.00,0.00,0.00,Matches,,,0,0,,0.00,0.00,4,33.3,12,12,12,1.00,6,"1,080",1,1,0,0.0,0,83.1,54,65,1,5,Liga Profesional de Fútbol Argentina,2026
a1206ad0,Felipe Bussio,Felipe Bussio,ar ARG,MF,Platense,21-302,2004,10,6,505,5.6,0,0,0,0,0,0,2,0,0.00,0.00,0.00,0.00,0.00,Matches,0.00,,2,0,0.0,0.00,0.36,,,,,,,,,,,,,,,,,,,Liga Profesional de Fútbol Argentina,2026
82549f54,Fabricio Bustos,Fabricio Bustos,ar ARG,DF,River Plate,29-351,1996,2,1,91,1.0,0,0,0,0,0,0,0,0,0.00,0.00,0.00,0.00,0.00,Matches,0.00,,1,0,0.0,0.00,0.99,,,,,,,,,,,,,,,,,,,Liga Profesional de Fútbol Argentina,2026
f49fd6b5,Luciano Cabral,Luciano Cabral,cl CHI,MF,Independiente,30-353,1995,8,2,251,2.8,1,0,1,1,0,0,1,1,0.36,0.00,0.36,0.36,0.36,Matches,0.14,0.50,7,2,28.6,0.72,2.51,,,,,,,,,,,,,,,,,,,Liga Profesional de Fútbol Argentina,2026
8668884d,Alejandro Cabrera,Alejandro Cabrera,ar ARG,MF,Estudiantes–RC,33-196,1992,8,6,451,5.0,0,0,0,0,0,0,3,0,0.00,0.00,0.00,0.00,0.00,Matches,0.00,,5,0,0.0,0.00,1.00,,,,,,,,,,,,,,,,,,,Liga Profesional de Fútbol Argentina,2026
7712406d,Bruno Cabrera,Bruno Cabrera,ar ARG,DF,Newell's Old Boys,28-351,1997,6,4,334,3.7,0,0,0,0,0,0,2,1,0.00,0.00,0.00,0.00,0.00,Matches,0.00,,4,0,0.0,0.00,1.08,,,,,,,,,,,,,,,,,,,Liga Profesional de Fútbol Argentina,2026
548ffe4c,Bruno Cabrera,Bruno Cabrera,ar ARG,MF,Lanús,22-297,2003,8,2,303,3.4,0,0,0,0,0,0,1,0,0.00,0.00,0.00,0.00,0.00,Matches,0.00,0.00,7,1,14.3,0.30,2.08,,,,,,,,,,,,,,,,,,,Liga Profesional de Fútbol Argentina,2026
4874cad4,Elías Cabrera,Elías Cabrera,ar ARG,MF,Tigre,23-048,2003,7,5,401,4.5,0,0,0,0,0,0,2,0,0.00,0.00,0.00,0.00,0.00,Matches,0.00,0.00,11,2,18.2,0.45,2.47,,,,,,,,,,,,,,,,,,,Liga Profesional de Fútbol Argentina,2026
777077ec,Máximo Cabrera,Máximo Cabrera,ar ARG,GK,Gimnasia–LP,19-230,2006,1,1,90,1.0,0,0,0,0,0,0,0,0,0.00,0.00,0.00,0.00,0.00,Matches,,,0,0,,0.00,0.00,0,0.0,1,1,1,1.00,1,90,0,0,0,,0,50.0,1,2,0,0,Liga Profesional de Fútbol Argentina,2026
18637ecc,Darío Cáceres,Darío Cáceres,py PAR,DF,Defensa y Justicia,28-078,1998,4,0,103,1.1,0,0,0,0,0,0,0,0,0.00,0.00,0.00,0.00,0.00,Matches,,,0,0,,0.00,0.00,,,,,,,,,,,,,,,,,,,Liga Profesional de Fútbol Argentina,2026
afc7a109,Mateo Caceres,Mateo Caceres,ar ARG,MF,Talleres–C,23-201,2002,10,3,367,4.1,0,0,0,0,0,0,2,0,0.00,0.00,0.00,0.00,0.00,Matches,0.00,0.00,2,2,100.0,0.49,0.49,,,,,,,,,,,,,,,,,,,Liga Profesional de Fútbol Argentina,2026
7fcb27d8,Jordy Caicedo,Jordy Caicedo,ec ECU,FW,Huracán,28-147,1997,12,12,"1,053",11.7,7,0,7,4,3,3,5,0,0.60,0.00,0.60,0.34,0.34,Matches,0.15,0.29,27,14,51.9,1.20,2.31,,,,,,,,,,,,,,,,,,,Liga Profesional de Fútbol Argentina,2026
0a7c2b06,Facundo Cambeses,Facundo Cambeses,ar ARG,GK,Racing Club,29-005,1997,13,13,"1,170",13.0,0,0,0,0,0,0,1,0,0.00,0.00,0.00,0.00,0.00,Matches,,,0,0,,0.00,0.00,5,38.5,13,13,13,1.00,5,"1,170",0,1,0,100.0,1,69.8,30,43,3,5,Liga Profesional de Fútbol Argentina,2026
8d5ceef2,Jaminton Campaz,Jaminton Campaz,co COL,"MF,FW",Rosario Central,25-325,2000,9,6,562,6.2,1,4,5,1,0,0,0,0,0.16,0.64,0.80,0.16,0.80,Matches,0.04,0.07,24,14,58.3,2.24,3.84,,,,,,,,,,,,,,,,,,,Liga Profesional de Fútbol Argentina,2026
74223a01,Gastón Campi,Gastón Campi,ar ARG,DF,Barracas Central,35-008,1991,7,6,542,6.0,0,0,0,0,0,0,2,0,0.00,0.00,0.00,0.00,0.00,Matches,0.00,,1,0,0.0,0.00,0.17,,,,,,,,,,,,,,,,,,,Liga Profesional de Fútbol Argentina,2026
db8c83e8,Ignacio Campo,Ignacio Campo,ar ARG,DF,Huracán,21-015,2005,7,6,495,5.5,1,1,2,1,0,0,3,0,0.18,0.18,0.36,0.18,0.36,Matches,0.20,0.50,5,2,40.0,0.36,0.91,,,,,,,,,,,,,,,,,,,Liga Profesional de Fútbol Argentina,2026
97d24b73,José Canale,José Canale,py PAR,DF,Lanús,29-268,1996,9,9,810,9.0,0,0,0,0,0,0,1,0,0.00,0.00,0.00,0.00,0.00,Matches,0.00,,1,0,0.0,0.00,0.11,,,,,,,,,,,,,,,,,,,Liga Profesional de Fútbol Argentina,2026
a62813d2,Jhonatan Candia,Jhonatan Candia,uy URU,FW,Barracas Central,31-030,1995,11,8,645,7.2,1,0,1,1,0,0,2,0,0.14,0.00,0.14,0.14,0.14,Matches,0.10,0.20,10,5,50.0,0.70,1.40,,,,,,,,,,,,,,,,,,,Liga Profesional de Fútbol Argentina,2026
134bd6e4,Ezequiel Cannavo,Ezequiel Cannavo,ar ARG,DF,Racing Club,23-306,2002,10,10,893,9.9,0,0,0,0,0,0,1,0,0.00,0.00,0.00,0.00,0.00,Matches,0.00,,3,0,0.0,0.00,0.30,,,,,,,,,,,,,,,,,,,Liga Profesional de Fútbol Argentina,2026
75bb4606,Giovanni Cantizano,Giovanni Cantizano,ar ARG,MF,Rosario Central,19-024,2007,1,0,16,0.2,0,0,0,0,0,0,0,0,0.00,0.00,0.00,0.00,0.00,Matches,0.00,0.00,1,1,100.0,5.63,5.63,,,,,,,,,,,,,,,,,,,Liga Profesional de Fútbol Argentina,2026
d64d46e4,Nicolás Capraro,Nicolás Capraro,ar ARG,DF,Barracas Central,28-042,1998,11,9,862,9.6,0,0,0,0,0,0,1,0,0.00,0.00,0.00,0.00,0.00,Matches,0.00,0.00,2,2,100.0,0.21,0.21,,,,,,,,,,,,,,,,,,,Liga Profesional de Fútbol Argentina,2026
707b98f1,Valentin Carboni,Valentin Carboni,ar ARG,FW,Racing Club,21-040,2005,5,3,202,2.2,0,0,0,0,0,0,1,0,0.00,0.00,0.00,0.00,0.00,Matches,0.00,,3,0,0.0,0.00,1.34,,,,,,,,,,,,,,,,,,,Liga Profesional de Fútbol Argentina,2026
8681ad73,Mauricio Cardillo,Mauricio Cardillo,ar ARG,MF,San Lorenzo,23-034,2003,7,2,225,2.5,0,0,0,0,0,0,0,0,0.00,0.00,0.00,0.00,0.00,Matches,0.00,,1,0,0.0,0.00,0.40,,,,,,,,,,,,,,,,,,,Liga Profesional de Fútbol Argentina,2026
1b677f5e,Agustín Cardozo,Agustín Cardozo,ar ARG,MF,Lanús,28-319,1997,11,11,989,11.0,0,1,1,0,0,0,0,0,0.00,0.09,0.09,0.00,0.09,Matches,0.00,0.00,3,1,33.3,0.09,0.27,,,,,,,,,,,,,,,,,,,Liga Profesional de Fútbol Argentina,2026
e68bce6e,Juan Cardozo,Juan Cardozo,py PAR,MF,Cen. Córdoba–SdE,22-049,2004,7,5,487,5.4,0,0,0,0,0,0,0,0,0.00,0.00,0.00,0.00,0.00,Matches,,,0,0,,0.00,0.00,,,,,,,,,,,,,,,,,,,Liga Profesional de Fútbol Argentina,2026
d99c8e00,Thiago Cardozo,Thiago Cardozo,uy URU,GK,Belgrano,29-257,1996,13,13,"1,170",13.0,0,0,0,0,0,0,0,0,0.00,0.00,0.00,0.00,0.00,Matches,,,0,0,,0.00,0.00,6,46.2,13,13,12,0.92,3,"1,170",3,3,0,0.0,0,81.3,39,48,4,6,Liga Profesional de Fútbol Argentina,2026
0cc742f4,Lautaro Carrera,Lautaro Carrera,ar ARG,DF,Gimnasia–M,22-319,2003,6,3,330,3.7,0,0,0,0,0,0,0,0,0.00,0.00,0.00,0.00,0.00,Matches,,,0,0,,0.00,0.00,,,,,,,,,,,,,,,,,,,Liga Profesional de Fútbol Argentina,2026
44c271db,Ramiro Carrera,Ramiro Carrera,ar ARG,"MF,FW",Lanús,32-172,1993,11,10,765,8.5,2,3,5,2,0,0,5,0,0.24,0.35,0.59,0.24,0.59,Matches,0.10,0.40,21,5,23.8,0.59,2.47,,,,,,,,,,,,,,,,,,,Liga Profesional de Fútbol Argentina,2026
8f898ba8,Guido Carrillo,Guido Carrillo,ar ARG,FW,Estudiantes–LP,34-324,1991,9,9,784,8.7,1,1,2,1,0,0,0,0,0.11,0.11,0.23,0.11,0.23,Matches,0.03,0.07,30,14,46.7,1.61,3.44,,,,,,,,,,,,,,,,,,,Liga Profesional de Fútbol Argentina,2026
2d4f563a,Facundo Carrizo,Facundo Carrizo,ar ARG,FW,Arg Juniors,18-318,2007,2,0,16,0.2,0,0,0,0,0,0,0,0,0.00,0.00,0.00,0.00,0.00,Matches,,,0,0,,0.00,0.00,,,,,,,,,,,,,,,,,,,Liga Profesional de Fútbol Argentina,2026
2bfc68c3,Lucas Carrizo,Lucas Carrizo,ar ARG,DF,Huracán,28-329,1997,9,6,640,7.1,0,0,0,0,0,0,2,1,0.00,0.00,0.00,0.00,0.00,Matches,0.00,,3,0,0.0,0.00,0.42,,,,,,,,,,,,,,,,,,,Liga Profesional de Fútbol Argentina,2026
9ce60d15,Maher Carrizo,Maher Carrizo,ar ARG,MF,Vélez Sarsfield,20-054,2006,1,0,45,0.5,0,0,0,0,0,0,0,0,0.00,0.00,0.00,0.00,0.00,Matches,0.00,,1,0,0.0,0.00,2.00,,,,,,,,,,,,,,,,,,,Liga Profesional de Fútbol Argentina,2026
37236393,Yuri Casermeiro,Yuri Casermeiro,ar ARG,DF,Cen. Córdoba–SdE,24-033,2002,4,1,168,1.9,0,0,0,0,0,0,1,0,0.00,0.00,0.00,0.00,0.00,Matches,,,0,0,,0.00,0.00,,,,,,,,,,,,,,,,,,,Liga Profesional de Fútbol Argentina,2026
c393c3d9,Kevin Castaño,Kevin Castaño,co COL,MF,River Plate,25-197,2000,5,1,96,1.1,0,0,0,0,0,0,0,0,0.00,0.00,0.00,0.00,0.00,Matches,0.00,,1,0,0.0,0.00,0.94,,,,,,,,,,,,,,,,,,,Liga Profesional de Fútbol Argentina,2026
da71df54,Rodrigo Castillo,Rodrigo Castillo,ar ARG,FW,Lanús,27-047,1999,5,4,358,4.0,1,3,4,1,0,0,0,0,0.25,0.75,1.01,0.25,1.01,Matches,0.14,0.25,7,4,57.1,1.01,1.76,,,,,,,,,,,,,,,,,,,Liga Profesional de Fútbol Argentina,2026
94e40a9f,Alexis Castro,Alexis Castro,ar ARG,MF,Estudiantes–LP,31-178,1994,11,6,500,5.6,2,0,2,2,0,0,1,0,0.36,0.00,0.36,0.36,0.36,Matches,0.33,0.67,6,3,50.0,0.54,1.08,,,,,,,,,,,,,,,,,,,Liga Profesional de Fútbol Argentina,2026
56b2957b,Lucas Castro,Lucas Castro,ar ARG,MF,Gimnasia–LP,37-005,1989,10,3,294,3.3,0,0,0,0,0,0,0,0,0.00,0.00,0.00,0.00,0.00,Matches,0.00,,9,0,0.0,0.00,2.76,,,,,,,,,,,,,,,,,,,Liga Profesional de Fútbol Argentina,2026
e7eab8e7,Matías Catalán,Matías Catalán,cl CHI,DF,Talleres–C,33-238,1992,12,11,976,10.8,0,1,1,0,0,0,0,0,0.00,0.09,0.09,0.00,0.09,Matches,0.00,0.00,6,1,16.7,0.09,0.55,,,,,,,,,,,,,,,,,,,Liga Profesional de Fútbol Argentina,2026
527f063d,Edinson Cavani,Edinson Cavani,uy URU,FW,Boca Juniors,39-059,1987,2,1,104,1.2,0,0,0,0,0,0,0,0,0.00,0.00,0.00,0.00,0.00,Matches,,,0,0,,0.00,0.00,,,,,,,,,,,,,,,,,,,Liga Profesional de Fútbol Argentina,2026
4902f18b,Julián Ceballos,Julián Ceballos,ar ARG,MF,Gimnasia–M,21-213,2004,7,5,382,4.2,0,1,1,0,0,0,1,0,0.00,0.24,0.24,0.00,0.24,Matches,0.00,0.00,4,2,50.0,0.47,0.94,,,,,,,,,,,,,,,,,,,Liga Profesional de Fútbol Argentina,2026
f88ec6d6,Giuliano Cerato,Giuliano Cerato,ar ARG,"MF,DF",Instituto,27-308,1998,13,13,"1,155",12.8,2,1,3,2,0,0,4,0,0.16,0.08,0.23,0.16,0.23,Matches,0.20,0.33,10,6,60.0,0.47,0.78,,,,,,,,,,,,,,,,,,,Liga Profesional de Fútbol Argentina,2026
635c9552,Ezequiel Cerutti,Ezequiel Cerutti,ar ARG,"MF,FW",San Lorenzo,34-087,1992,7,6,427,4.7,0,0,0,0,0,0,1,0,0.00,0.00,0.00,0.00,0.00,Matches,0.00,0.00,7,1,14.3,0.21,1.48,,,,,,,,,,,,,,,,,,,Liga Profesional de Fútbol Argentina,2026
9e81aaf7,Edwuin Cetré,Edwuin Cetré,co COL,MF,Estudiantes–LP,28-103,1998,9,3,420,4.7,0,0,0,0,0,0,1,0,0.00,0.00,0.00,0.00,0.00,Matches,0.00,0.00,10,6,60.0,1.29,2.14,,,,,,,,,,,,,,,,,,,Liga Profesional de Fútbol Argentina,2026
8d938a21,Timoteo Chamorro,Timoteo Chamorro,ar ARG,DF,Talleres–C,20-065,2006,3,0,79,0.9,0,0,0,0,0,0,0,0,0.00,0.00,0.00,0.00,0.00,Matches,0.00,0.00,1,1,100.0,1.14,1.14,,,,,,,,,,,,,,,,,,,Liga Profesional de Fútbol Argentina,2026
062673d9,Ignacio Charparin,Ignacio Charparin,ar ARG,MF,Gimnasia–M,26-267,1999,2,1,126,1.4,0,0,0,0,0,0,0,0,0.00,0.00,0.00,0.00,0.00,Matches,0.00,0.00,1,1,100.0,0.71,0.71,,,,,,,,,,,,,,,,,,,Liga Profesional de Fútbol Argentina,2026
ce797009,Emiliano Chiavassa,Emiliano Chiavassa,ar ARG,FW,Talleres–C,20-102,2006,3,0,29,0.3,0,0,0,0,0,0,0,0,0.00,0.00,0.00,0.00,0.00,Matches,,,0,0,,0.00,0.00,,,,,,,,,,,,,,,,,,,Liga Profesional de Fútbol Argentina,2026
875ac6e9,Diego Churín,Diego Churín,ar ARG,"FW,MF",Sarmiento–J,36-134,1989,11,8,626,7.0,2,0,2,1,1,1,1,1,0.29,0.00,0.29,0.14,0.14,Matches,0.08,0.33,12,3,25.0,0.43,1.73,,,,,,,,,,,,,,,,,,,Liga Profesional de Fútbol Argentina,2026
93f1acf1,Luciano Cingolani,Luciano Cingolani,ar ARG,FW,Gimnasia–M,25-008,2001,6,0,168,1.9,0,0,0,0,0,0,0,0,0.00,0.00,0.00,0.00,0.00,Matches,0.00,0.00,4,4,100.0,2.14,2.14,,,,,,,,,,,,,,,,,,,Liga Profesional de Fútbol Argentina,2026
5d88b1cf,Facundo Cobos,Facundo Cobos,ar ARG,DF,Estudiantes–RC,33-054,1993,5,3,307,3.4,1,0,1,1,0,0,0,0,0.29,0.00,0.29,0.29,0.29,Matches,0.33,0.50,3,2,66.7,0.59,0.88,,,,,,,,,,,,,,,,,,,Liga Profesional de Fútbol Argentina,2026
caed0767,Matías Cóccaro,Matías Cóccaro,uy URU,"FW,MF",Newell's Old Boys,28-150,1997,8,7,479,5.3,1,0,1,1,0,0,1,0,0.19,0.00,0.19,0.19,0.19,Matches,0.13,0.50,8,2,25.0,0.38,1.50,,,,,,,,,,,,,,,,,,,Liga Profesional de Fútbol Argentina,2026
89fd5410,Agustín Colazo,Agustín Colazo,ar ARG,FW,Unión,25-150,2000,4,2,138,1.5,0,0,0,0,0,0,0,0,0.00,0.00,0.00,0.00,0.00,Matches,0.00,0.00,4,1,25.0,0.65,2.61,,,,,,,,,,,,,,,,,,,Liga Profesional de Fútbol Argentina,2026
161b89a2,Nicolás Colazo,Nicolás Colazo,ar ARG,MF,Banfield,35-280,1990,3,2,99,1.1,0,0,0,0,0,0,0,0,0.00,0.00,0.00,0.00,0.00,Matches,0.00,,1,0,0.0,0.00,0.91,,,,,,,,,,,,,,,,,,,Liga Profesional de Fútbol Argentina,2026
69a6523a,Facundo Colidio,Facundo Colidio,ar ARG,"FW,MF",River Plate,26-100,2000,9,7,531,5.9,2,1,3,2,0,0,0,1,0.34,0.17,0.51,0.34,0.51,Matches,0.18,0.33,11,6,54.5,1.02,1.86,,,,,,,,,,,,,,,,,,,Liga Profesional de Fútbol Argentina,2026
8127de9b,Nazareno Colombo,Nazareno Colombo,ar ARG,DF,Racing Club,27-025,1999,7,4,328,3.6,0,0,0,0,0,0,1,0,0.00,0.00,0.00,0.00,0.00,Matches,0.00,,4,0,0.0,0.00,1.10,,,,,,,,,,,,,,,,,,,Liga Profesional de Fútbol Argentina,2026
9d3e62ff,Gabriel Compagnucci,Gabriel Compagnucci,ar ARG,"MF,DF",Atlé Tucumán,34-228,1991,9,4,360,4.0,0,1,1,0,0,0,1,0,0.00,0.25,0.25,0.00,0.25,Matches,0.00,,9,0,0.0,0.00,2.25,,,,,,,,,,,,,,,,,,,Liga Profesional de Fútbol Argentina,2026
f61143dd,Tomás Conechny,Tomás Conechny,ar ARG,"FW,MF",Racing Club,28-015,1998,13,5,597,6.6,3,2,5,3,0,0,2,0,0.45,0.30,0.75,0.45,0.75,Matches,0.33,0.60,9,5,55.6,0.75,1.36,,,,,,,,,,,,,,,,,,,Liga Profesional de Fútbol Argentina,2026
707ba477,Julián Contrera,Julián Contrera,ar ARG,"MF,FW",Sarmiento–J,22-339,2003,12,8,775,8.6,0,2,2,0,0,0,5,0,0.00,0.23,0.23,0.00,0.23,Matches,0.00,0.00,10,5,50.0,0.58,1.16,,,,,,,,,,,,,,,,,,,Liga Profesional de Fútbol Argentina,2026
a535dbc6,Enzo Copetti,Enzo Copetti,ar ARG,"FW,MF",Rosario Central,30-088,1996,11,5,512,5.7,3,0,3,3,0,0,2,0,0.53,0.00,0.53,0.53,0.53,Matches,0.33,0.60,9,5,55.6,0.88,1.58,,,,,,,,,,,,,,,,,,,Liga Profesional de Fútbol Argentina,2026
78f10ec0,Nicolás Cordero,Nicolás Cordero,ar ARG,"FW,MF",Aldosivi,27-003,1999,9,6,550,6.1,1,0,1,1,0,0,0,0,0.16,0.00,0.16,0.16,0.16,Matches,0.08,0.50,12,2,16.7,0.33,1.96,,,,,,,,,,,,,,,,,,,Liga Profesional de Fútbol Argentina,2026
fdac9284,Jhon Córdoba,Jhon Córdoba,co COL,"FW,MF",Instituto,25-273,2000,9,9,621,6.9,0,0,0,0,0,0,1,0,0.00,0.00,0.00,0.00,0.00,Matches,0.00,0.00,10,4,40.0,0.58,1.45,,,,,,,,,,,,,,,,,,,Liga Profesional de Fútbol Argentina,2026
994d6133,Alan Coria,Alan Coria,ar ARG,FW,Defensa y Justicia,18-300,2007,1,0,1,0.0,0,0,0,0,0,0,0,0,0.00,0.00,0.00,0.00,0.00,Matches,0.00,0.00,1,1,100.0,90.00,90.00,,,,,,,,,,,,,,,,,,,Liga Profesional de Fútbol Argentina,2026
e5aa6459,Emanuel Coronel,Emanuel Coronel,ar ARG,DF,Rosario Central,29-072,1997,9,7,594,6.6,0,0,0,0,0,0,3,0,0.00,0.00,0.00,0.00,0.00,Matches,0.00,0.00,3,1,33.3,0.15,0.45,,,,,,,,,,,,,,,,,,,Liga Profesional de Fútbol Argentina,2026
d52da527,Kevin Coronel,Kevin Coronel,ar ARG,DF,Arg Juniors,21-246,2004,5,4,358,4.0,0,0,0,0,0,0,1,0,0.00,0.00,0.00,0.00,0.00,Matches,0.00,0.00,4,1,25.0,0.25,1.01,,,,,,,,,,,,,,,,,,,Liga Profesional de Fútbol Argentina,2026
a01ac08d,Juan Cortazzo,Juan Cortazzo,ar ARG,DF,Gimnasia–LP,20-178,2005,5,0,75,0.8,0,0,0,0,0,0,0,0,0.00,0.00,0.00,0.00,0.00,Matches,0.00,,1,0,0.0,0.00,1.20,,,,,,,,,,,,,,,,,,,Liga Profesional de Fútbol Argentina,2026
51079959,Brayan Cortés,Brayan Cortés,cl CHI,GK,Arg Juniors,31-034,1995,13,13,"1,170",13.0,0,0,0,0,0,0,2,0,0.00,0.00,0.00,0.00,0.00,Matches,,,0,0,,0.00,0.00,7,53.8,13,13,10,0.77,2,"1,170",0,0,0,,0,73.0,27,37,5,6,Liga Profesional de Fútbol Argentina,2026
d2c12fe0,Oscar Cortés,Oscar Cortés,co COL,"MF,FW",Huracán,22-132,2003,11,10,793,8.8,1,3,4,1,0,0,2,0,0.11,0.34,0.45,0.11,0.45,Matches,0.08,0.20,13,5,38.5,0.57,1.48,,,,,,,,,,,,,,,,,,,Liga Profesional de Fútbol Argentina,2026
1baae639,Ismael Cortéz,Ismael Cortéz,ar ARG,MF,Gimnasia–M,24-103,2002,4,0,129,1.4,0,0,0,0,0,0,1,0,0.00,0.00,0.00,0.00,0.00,Matches,0.00,,1,0,0.0,0.00,0.70,,,,,,,,,,,,,,,,,,,Liga Profesional de Fútbol Argentina,2026
5c6051ad,Guzmán Corujo,Guzmán Corujo,uy URU,DF,San Lorenzo,29-255,1996,3,2,192,2.1,0,0,0,0,0,0,0,0,0.00,0.00,0.00,0.00,0.00,Matches,0.00,,1,0,0.0,0.00,0.47,,,,,,,,,,,,,,,,,,,Liga Profesional de Fútbol Argentina,2026
3f831989,Ayrton Costa,Ayrton Costa,ar ARG,DF,Boca Juniors,26-276,1999,11,11,990,11.0,0,0,0,0,0,0,2,0,0.00,0.00,0.00,0.00,0.00,Matches,0.00,,5,0,0.0,0.00,0.45,,,,,,,,,,,,,,,,,,,Liga Profesional de Fútbol Argentina,2026
2879e7a6,Leonard Costa,Leonard Costa,uy URU,DF,Ind. Rivadavia,27-229,1998,13,12,929,10.3,0,0,0,0,0,0,1,0,0.00,0.00,0.00,0.00,0.00,Matches,0.00,,5,0,0.0,0.00,0.48,,,,,,,,,,,,,,,,,,,Liga Profesional de Fútbol Argentina,2026
00e81ca0,Tiago Cravero,Tiago Cravero,ar ARG,MF,Cen. Córdoba–SdE,23-193,2002,8,2,269,3.0,0,0,0,0,0,0,1,0,0.00,0.00,0.00,0.00,0.00,Matches,0.00,,1,0,0.0,0.00,0.33,,,,,,,,,,,,,,,,,,,Liga Profesional de Fútbol Argentina,2026
563117a5,Diego Crego,Diego Crego,ar ARG,MF,Ind. Rivadavia,29-085,1997,6,0,100,1.1,0,0,0,0,0,0,0,0,0.00,0.00,0.00,0.00,0.00,Matches,0.00,0.00,2,1,50.0,0.90,1.80,,,,,,,,,,,,,,,,,,,Liga Profesional de Fútbol Argentina,2026
25b26e2e,Franco Cristaldo,Franco Cristaldo,ar ARG,MF,Talleres–C,29-242,1996,4,4,294,3.3,0,0,0,0,0,0,1,0,0.00,0.00,0.00,0.00,0.00,Matches,0.00,,2,0,0.0,0.00,0.61,,,,,,,,,,,,,,,,,,,Liga Profesional de Fútbol Argentina,2026
0bf6b89a,Alexis Cuello,Alexis Cuello,ar ARG,FW,San Lorenzo,26-055,2000,13,13,"1,170",13.0,4,3,7,3,1,2,4,0,0.31,0.23,0.54,0.23,0.46,Matches,0.15,0.38,20,8,40.0,0.62,1.54,,,,,,,,,,,,,,,,,,,Liga Profesional de Fútbol Argentina,2026
f22503a8,Brian Cuello,Brian Cuello,ar ARG,MF,Unión,28-196,1997,9,7,549,6.1,2,0,2,2,0,0,3,0,0.33,0.00,0.33,0.33,0.33,Matches,0.14,0.40,14,5,35.7,0.82,2.30,,,,,,,,,,,,,,,,,,,Liga Profesional de Fútbol Argentina,2026
39fb428f,Víctor Cuesta,Víctor Cuesta,ar ARG,DF,Platense,37-146,1988,7,7,630,7.0,0,0,0,0,0,0,4,0,0.00,0.00,0.00,0.00,0.00,Matches,0.00,0.00,6,2,33.3,0.29,0.86,,,,,,,,,,,,,,,,,,,Liga Profesional de Fútbol Argentina,2026
537c6b97,Mauro Da Luz,Mauro Da Luz,uy URU,"FW,MF",Aldosivi,31-160,1994,3,0,80,0.9,0,0,0,0,0,0,0,0,0.00,0.00,0.00,0.00,0.00,Matches,0.00,,2,0,0.0,0.00,2.25,,,,,,,,,,,,,,,,,,,Liga Profesional de Fútbol Argentina,2026
3148408c,Juan Dadin,Juan Dadin,ar ARG,FW,Ind. Rivadavia,19-329,2006,4,0,51,0.6,0,0,0,0,0,0,1,0,0.00,0.00,0.00,0.00,0.00,Matches,0.00,,1,0,0.0,0.00,1.76,,,,,,,,,,,,,,,,,,,Liga Profesional de Fútbol Argentina,2026
a2f24dc6,Santiago Dalmasso,Santiago Dalmasso,ar ARG,MF,Platense,21-300,2004,6,0,119,1.3,0,0,0,0,0,0,2,0,0.00,0.00,0.00,0.00,0.00,Matches,0.00,0.00,2,1,50.0,0.76,1.51,,,,,,,,,,,,,,,,,,,Liga Profesional de Fútbol Argentina,2026
beb8f099,Santiago Daniele,Santiago Daniele,ar ARG,DF,Banfield,20-143,2005,2,0,84,0.9,0,0,0,0,0,0,0,0,0.00,0.00,0.00,0.00,0.00,Matches,0.00,,1,0,0.0,0.00,1.07,,,,,,,,,,,,,,,,,,,Liga Profesional de Fútbol Argentina,2026
c911d311,Jonathan David Gómez,Jonathan David Gómez,ar ARG,"MF,FW",Sarmiento–J,36-114,1989,9,4,315,3.5,0,1,1,0,0,0,1,0,0.00,0.29,0.29,0.00,0.29,Matches,0.00,0.00,8,2,25.0,0.57,2.29,,,,,,,,,,,,,,,,,,,Liga Profesional de Fútbol Argentina,2026
03d0ea9a,Héctor David Martínez,Héctor David Martínez,py PAR,DF,Defensa y Justicia,28-083,1998,9,9,735,8.2,0,1,1,0,0,0,4,0,0.00,0.12,0.12,0.00,0.12,Matches,0.00,0.00,9,1,11.1,0.12,1.10,,,,,,,,,,,,,,,,,,,Liga Profesional de Fútbol Argentina,2026
2e3dbaa5,Álvaro David Montero,Álvaro David Montero,co COL,GK,Vélez Sarsfield,31-016,1995,12,12,"1,080",12.0,0,0,0,0,0,0,0,0,0.00,0.00,0.00,0.00,0.00,Matches,,,0,0,,0.00,0.00,5,41.7,12,12,9,0.75,2,"1,080",0,0,0,,0,84.7,50,59,4,6,Liga Profesional de Fútbol Argentina,2026
ca72c04e,Valentín Dávila,Valentín Dávila,ar ARG,FW,Talleres–C,19-085,2007,11,3,427,4.7,4,0,4,4,0,0,0,0,0.84,0.00,0.84,0.84,0.84,Matches,0.31,0.44,13,9,69.2,1.90,2.74,,,,,,,,,,,,,,,,,,,Liga Profesional de Fútbol Argentina,2026
035db54d,Hernán De La Fuente,Hernán De La Fuente,ar ARG,DF,Instituto,29-097,1997,2,0,49,0.5,0,0,0,0,0,0,0,0,0.00,0.00,0.00,0.00,0.00,Matches,0.00,0.00,1,1,100.0,1.84,1.84,,,,,,,,,,,,,,,,,,,Liga Profesional de Fútbol Argentina,2026
7445fe34,Facundo De La Vega,Facundo De La Vega,ar ARG,FW,Aldosivi,22-364,2003,5,1,145,1.6,0,0,0,0,0,0,0,0,0.00,0.00,0.00,0.00,0.00,Matches,0.00,0.00,3,1,33.3,0.62,1.86,,,,,,,,,,,,,,,,,,,Liga Profesional de Fútbol Argentina,2026
d2e6d986,Mathías De Ritis,Mathías De Ritis,uy URU,"DF,MF",San Lorenzo,23-073,2003,9,8,577,6.4,0,2,2,0,0,0,3,0,0.00,0.31,0.31,0.00,0.31,Matches,0.00,,3,0,0.0,0.00,0.47,,,,,,,,,,,,,,,,,,,Liga Profesional de Fútbol Argentina,2026
fb591f74,Ronaldo Dejesús,Ronaldo Dejesús,py PAR,DF,Lanús,24-358,2001,7,4,365,4.1,0,0,0,0,0,0,1,0,0.00,0.00,0.00,0.00,0.00,Matches,0.00,,3,0,0.0,0.00,0.74,,,,,,,,,,,,,,,,,,,Liga Profesional de Fútbol Argentina,2026
85e0feab,Mateo Del Blanco,Mateo Del Blanco,ar ARG,"DF,MF",Unión,22-165,2003,13,13,"1,123",12.5,2,1,3,2,0,0,2,0,0.16,0.08,0.24,0.16,0.24,Matches,0.06,0.22,36,9,25.0,0.72,2.89,,,,,,,,,,,,,,,,,,,Liga Profesional de Fútbol Argentina,2026
345b1400,Carlos Delgado,Carlos Delgado,py PAR,FW,Sarmiento–J,23-155,2002,1,0,7,0.1,0,0,0,0,0,0,0,0,0.00,0.00,0.00,0.00,0.00,Matches,,,0,0,,0.00,0.00,,,,,,,,,,,,,,,,,,,Liga Profesional de Fútbol Argentina,2026
947949f1,Milton Delgado,Milton Delgado,ar ARG,MF,Boca Juniors,20-302,2005,12,8,738,8.2,0,1,1,0,0,0,1,0,0.00,0.12,0.12,0.00,0.12,Matches,0.00,0.00,2,1,50.0,0.12,0.24,,,,,,,,,,,,,,,,,,,Liga Profesional de Fútbol Argentina,2026
328cb061,Nicolás Demartini,Nicolás Demartini,ar ARG,DF,Barracas Central,26-161,1999,7,7,630,7.0,0,1,1,0,0,0,2,0,0.00,0.14,0.14,0.00,0.14,Matches,,,0,0,,0.00,0.00,,,,,,,,,,,,,,,,,,,Liga Profesional de Fútbol Argentina,2026
d02cb5d7,Valentín Depietri,Valentín Depietri,ar ARG,FW,Talleres–C,25-165,2000,5,2,187,2.1,1,0,1,1,0,0,0,0,0.48,0.00,0.48,0.48,0.48,Matches,0.13,0.33,8,3,37.5,1.44,3.85,,,,,,,,,,,,,,,,,,,Liga Profesional de Fútbol Argentina,2026
5d448a04,José Devecchi,José Devecchi,ar ARG,GK,San Lorenzo,30-279,1995,1,1,90,1.0,0,0,0,0,0,0,1,0,0.00,0.00,0.00,0.00,0.00,Matches,,,0,0,,0.00,0.00,0,0.0,1,1,1,1.00,0,90,0,0,0,,0,50.0,1,2,1,0,Liga Profesional de Fútbol Argentina,2026
28c96f20,Marco Di Cesare,Marco Di Cesare,ar ARG,DF,Racing Club,24-074,2002,11,10,888,9.9,2,0,2,2,0,0,7,1,0.20,0.00,0.20,0.20,0.20,Matches,0.20,0.67,10,3,30.0,0.30,1.01,,,,,,,,,,,,,,,,,,,Liga Profesional de Fútbol Argentina,2026
7b58c3c3,Lautaro Di Lollo,Lautaro Di Lollo,ar ARG,DF,Boca Juniors,22-035,2004,11,11,990,11.0,1,0,1,1,0,0,3,0,0.09,0.00,0.09,0.09,0.09,Matches,0.11,0.33,9,3,33.3,0.27,0.82,,,,,,,,,,,,,,,,,,,Liga Profesional de Fútbol Argentina,2026
19cda00b,Ángel Di María,Ángel Di María,ar ARG,MF,Rosario Central,38-059,1988,9,8,686,7.6,4,2,6,3,1,1,2,0,0.52,0.26,0.79,0.39,0.66,Matches,0.11,0.21,28,14,50.0,1.84,3.67,,,,,,,,,,,,,,,,,,,Liga Profesional de Fútbol Argentina,2026
a5e7e6dd,Leonel Di Plácido,Leonel Di Plácido,ar ARG,"DF,MF",Atlé Tucumán,32-076,1994,7,7,575,6.4,0,0,0,0,0,0,2,0,0.00,0.00,0.00,0.00,0.00,Matches,0.00,0.00,5,1,20.0,0.16,0.78,,,,,,,,,,,,,,,,,,,Liga Profesional de Fútbol Argentina,2026
4032a5b0,Alexander Díaz,Alexander Díaz,ar ARG,"FW,MF",Deportivo Riestra,26-023,2000,10,8,615,6.8,0,0,0,0,0,0,0,0,0.00,0.00,0.00,0.00,0.00,Matches,0.00,0.00,6,2,33.3,0.29,0.88,,,,,,,,,,,,,,,,,,,Liga Profesional de Fútbol Argentina,2026
b3b92d75,Diego Díaz,Diego Díaz,ar ARG,FW,Unión,24-094,2002,5,0,99,1.1,1,0,1,1,0,0,0,0,0.91,0.00,0.91,0.91,0.91,Matches,0.20,1.00,5,1,20.0,0.91,4.55,,,,,,,,,,,,,,,,,,,Liga Profesional de Fútbol Argentina,2026
a6eff0a3,Gabriel Díaz,Gabriel Díaz,ar ARG,"MF,DF",Sarmiento–J,25-360,2000,4,3,219,2.4,0,0,0,0,0,0,2,1,0.00,0.00,0.00,0.00,0.00,Matches,,,0,0,,0.00,0.00,,,,,,,,,,,,,,,,,,,Liga Profesional de Fútbol Argentina,2026
3fee512a,Leandro Díaz,Leandro Díaz,ar ARG,FW,Atlé Tucumán,33-312,1992,11,9,808,9.0,5,1,6,2,3,4,1,0,0.56,0.11,0.67,0.22,0.33,Matches,0.08,0.15,26,13,50.0,1.45,2.90,,,,,,,,,,,,,,,,,,,Liga Profesional de Fútbol Argentina,2026
3906e923,Paulo Díaz,Paulo Díaz,cl CHI,DF,River Plate,31-232,1994,5,2,197,2.2,0,0,0,0,0,0,1,0,0.00,0.00,0.00,0.00,0.00,Matches,0.00,,1,0,0.0,0.00,0.46,,,,,,,,,,,,,,,,,,,Liga Profesional de Fútbol Argentina,2026
efff0133,Franco Dominguez,Franco Dominguez,,FW,Estudiantes–LP,,,4,1,84,0.9,0,0,0,0,0,0,0,0,0.00,0.00,0.00,0.00,0.00,Matches,0.00,,1,0,0.0,0.00,1.07,,,,,,,,,,,,,,,,,,,Liga Profesional de Fútbol Argentina,2026
c9b26e83,Javier Dominguez,Javier Dominguez,py PAR,MF,Atlé Tucumán,25-323,2000,10,8,619,6.9,0,0,0,0,0,0,3,0,0.00,0.00,0.00,0.00,0.00,Matches,0.00,0.00,9,1,11.1,0.15,1.31,,,,,,,,,,,,,,,,,,,Liga Profesional de Fútbol Argentina,2026
17682846,Alejo Dramisino,Alejo Dramisino,ar ARG,MF,Deportivo Riestra,25-360,2000,4,0,74,0.8,0,0,0,0,0,0,0,0,0.00,0.00,0.00,0.00,0.00,Matches,0.00,,1,0,0.0,0.00,1.22,,,,,,,,,,,,,,,,,,,Liga Profesional de Fútbol Argentina,2026
60e86875,Sebastián Driussi,Sebastián Driussi,ar ARG,"FW,MF",River Plate,30-064,1996,11,11,839,9.3,4,0,4,4,0,0,0,0,0.43,0.00,0.43,0.43,0.43,Matches,0.14,0.36,29,11,37.9,1.18,3.11,,,,,,,,,,,,,,,,,,,Liga Profesional de Fútbol Argentina,2026
b0c4832b,Gaspar Duarte,Gaspar Duarte,ar ARG,"MF,FW",Rosario Central,23-098,2003,9,4,367,4.1,0,0,0,0,0,0,0,0,0.00,0.00,0.00,0.00,0.00,Matches,0.00,0.00,8,2,25.0,0.49,1.96,,,,,,,,,,,,,,,,,,,Liga Profesional de Fútbol Argentina,2026
ffab97dd,Jalil Elías,Jalil Elías,sy SYR,MF,Tigre,29-354,1996,13,13,"1,135",12.6,1,0,1,1,0,0,0,0,0.08,0.00,0.08,0.08,0.08,Matches,0.17,0.50,6,2,33.3,0.16,0.48,,,,,,,,,,,,,,,,,,,Liga Profesional de Fútbol Argentina,2026
4d26ae2d,Guillermo Enrique,Guillermo Enrique,ar ARG,DF,Aldosivi,26-049,2000,7,2,287,3.2,0,0,0,0,0,0,1,0,0.00,0.00,0.00,0.00,0.00,Matches,0.00,,4,0,0.0,0.00,1.25,,,,,,,,,,,,,,,,,,,Liga Profesional de Fútbol Argentina,2026
d6558b78,Iván Erquiaga,Iván Erquiaga,ar ARG,DF,Instituto,28-019,1998,2,0,55,0.6,0,0,0,0,0,0,0,0,0.00,0.00,0.00,0.00,0.00,Matches,,,0,0,,0.00,0.00,,,,,,,,,,,,,,,,,,,Liga Profesional de Fútbol Argentina,2026
d33b11ab,Gonzalo Errecalde,Gonzalo Errecalde,ar ARG,DF,Gimnasia–LP,26-015,2000,2,2,149,1.7,0,0,0,0,0,0,1,0,0.00,0.00,0.00,0.00,0.00,Matches,0.00,,1,0,0.0,0.00,0.60,,,,,,,,,,,,,,,,,,,Liga Profesional de Fútbol Argentina,2026
93649708,Juan Espínola,Juan Espínola,py PAR,GK,Barracas Central,31-163,1994,3,2,191,2.1,0,0,0,0,0,0,0,0,0.00,0.00,0.00,0.00,0.00,Matches,,,0,0,,0.00,0.00,0,0.0,3,2,3,1.41,0,191,0,0,0,,0,70.0,7,10,0,2,Liga Profesional de Fútbol Argentina,2026
e7bc6a66,Marcelo Esponda,Marcelo Esponda,ar ARG,MF,Newell's Old Boys,23-090,2003,4,2,180,2.0,0,0,0,0,0,0,0,0,0.00,0.00,0.00,0.00,0.00,Matches,0.00,0.00,2,1,50.0,0.50,1.00,,,,,,,,,,,,,,,,,,,Liga Profesional de Fútbol Argentina,2026
a2596370,Santiago Esquivel,Santiago Esquivel,ar ARG,MF,Banfield,22-102,2004,6,4,325,3.6,0,0,0,0,0,0,2,1,0.00,0.00,0.00,0.00,0.00,Matches,0.00,,3,0,0.0,0.00,0.83,,,,,,,,,,,,,,,,,,,Liga Profesional de Fútbol Argentina,2026
d535f426,Marcelo Estigarribia,Marcelo Estigarribia,ar ARG,FW,Unión,31-004,1995,13,11,949,10.5,3,1,4,1,2,2,4,0,0.28,0.09,0.38,0.09,0.19,Matches,0.03,0.09,34,11,32.4,1.04,3.22,,,,,,,,,,,,,,,,,,,Liga Profesional de Fútbol Argentina,2026
9438188a,Yair Ezequiel Arismendi,Yair Ezequiel Arismendi,ar ARG,"MF,DF",Sarmiento–J,28-009,1998,9,6,554,6.2,0,0,0,0,0,0,3,0,0.00,0.00,0.00,0.00,0.00,Matches,0.00,,8,0,0.0,0.00,1.30,,,,,,,,,,,,,,,,,,,Liga Profesional de Fútbol Argentina,2026
ff0bc227,Agustín Falcón,Agustín Falcón,ar ARG,DF,Belgrano,21-083,2005,1,0,12,0.1,0,0,0,0,0,0,0,0,0.00,0.00,0.00,0.00,0.00,Matches,,,0,0,,0.00,0.00,,,,,,,,,,,,,,,,,,,Liga Profesional de Fútbol Argentina,2026
8863ae75,Facundo Farías,Facundo Farías,ar ARG,"MF,FW",Estudiantes–LP,23-229,2002,7,3,222,2.5,0,0,0,0,0,0,0,0,0.00,0.00,0.00,0.00,0.00,Matches,0.00,0.00,8,3,37.5,1.22,3.24,,,,,,,,,,,,,,,,,,,Liga Profesional de Fútbol Argentina,2026
16e54624,Valentín Fascendini,Valentín Fascendini,ar ARG,DF,Unión,23-032,2003,5,3,275,3.1,0,0,0,0,0,0,0,1,0.00,0.00,0.00,0.00,0.00,Matches,0.00,,1,0,0.0,0.00,0.33,,,,,,,,,,,,,,,,,,,Liga Profesional de Fútbol Argentina,2026
80373bb5,Federico Fattori,Federico Fattori,ar ARG,MF,Arg Juniors,33-266,1992,13,13,"1,113",12.4,0,0,0,0,0,0,1,0,0.00,0.00,0.00,0.00,0.00,Matches,0.00,0.00,5,2,40.0,0.16,0.40,,,,,,,,,,,,,,,,,,,Liga Profesional de Fútbol Argentina,2026
36cb53e7,Juan Fedorco,Juan Fedorco,ar ARG,DF,Independiente,25-137,2000,8,5,492,5.5,1,0,1,1,0,0,1,0,0.18,0.00,0.18,0.18,0.18,Matches,0.20,0.33,5,3,60.0,0.55,0.91,,,,,,,,,,,,,,,,,,,Liga Profesional de Fútbol Argentina,2026
d9f7311f,Luca Feler,Luca Feler,ar ARG,MF,Vélez Sarsfield,18-078,2008,1,0,1,0.0,0,0,0,0,0,0,0,0,0.00,0.00,0.00,0.00,0.00,Matches,,,0,0,,0.00,0.00,,,,,,,,,,,,,,,,,,,Liga Profesional de Fútbol Argentina,2026
f07e11d8,Adrián Fernández,Adrián Fernández,ar ARG,"MF,FW",Racing Club,24-329,2001,10,6,554,6.2,1,1,2,1,0,0,1,0,0.16,0.16,0.32,0.16,0.32,Matches,0.09,0.33,11,3,27.3,0.49,1.79,,,,,,,,,,,,,,,,,,,Liga Profesional de Fútbol Argentina,2026
a15750e1,Damián Fernández,Damián Fernández,ar ARG,DF,Defensa y Justicia,25-102,2001,8,7,548,6.1,0,0,0,0,0,0,3,0,0.00,0.00,0.00,0.00,0.00,Matches,0.00,,1,0,0.0,0.00,0.16,,,,,,,,,,,,,,,,,,,Liga Profesional de Fútbol Argentina,2026
ccc5ea71,David Fernández,David Fernández,py PAR,FW,Defensa y Justicia,20-099,2006,2,0,31,0.3,0,0,0,0,0,0,0,0,0.00,0.00,0.00,0.00,0.00,Matches,0.00,0.00,1,1,100.0,2.90,2.90,,,,,,,,,,,,,,,,,,,Liga Profesional de Fútbol Argentina,2026
347d5cb0,Esteban Fernández,Esteban Fernández,ar ARG,"MF,FW",Gimnasia–M,24-098,2002,6,3,209,2.3,0,0,0,0,0,0,1,0,0.00,0.00,0.00,0.00,0.00,Matches,0.00,,1,0,0.0,0.00,0.43,,,,,,,,,,,,,,,,,,,Liga Profesional de Fútbol Argentina,2026
97a17c0b,Ignacio Fernández,Ignacio Fernández,ar ARG,MF,Gimnasia–LP,36-092,1990,11,11,861,9.6,1,2,3,1,0,0,4,0,0.10,0.21,0.31,0.10,0.31,Matches,0.06,0.14,18,7,38.9,0.73,1.88,,,,,,,,,,,,,,,,,,,Liga Profesional de Fútbol Argentina,2026
83572e83,Julián Fernández,Julián Fernández,ar ARG,"MF,FW",Rosario Central,22-101,2004,8,6,548,6.1,0,1,1,0,0,0,1,0,0.00,0.16,0.16,0.00,0.16,Matches,0.00,0.00,8,1,12.5,0.16,1.31,,,,,,,,,,,,,,,,,,,Liga Profesional de Fútbol Argentina,2026
c18bd878,Leandro Fernández,Leandro Fernández,ar ARG,FW,Arg Juniors,35-033,1991,7,1,149,1.7,0,0,0,0,0,0,1,0,0.00,0.00,0.00,0.00,0.00,Matches,0.00,0.00,4,1,25.0,0.60,2.42,,,,,,,,,,,,,,,,,,,Liga Profesional de Fútbol Argentina,2026
710eecee,Manuel Fernández,Manuel Fernández,ar ARG,FW,Tigre,21-188,2004,4,0,38,0.4,0,0,0,0,0,0,0,0,0.00,0.00,0.00,0.00,0.00,Matches,0.00,,3,0,0.0,0.00,7.11,,,,,,,,,,,,,,,,,,,Liga Profesional de Fútbol Argentina,2026
2d8dc53e,Matías Fernández,Matías Fernández,ar ARG,"MF,FW",Ind. Rivadavia,24-295,2001,13,12,905,10.1,2,2,4,2,0,0,5,0,0.20,0.20,0.40,0.20,0.40,Matches,0.07,0.18,27,11,40.7,1.09,2.69,,,,,,,,,,,,,,,,,,,Liga Profesional de Fútbol Argentina,2026
31d73bbd,Nicolás Fernández,Nicolás Fernández,ar ARG,FW,Belgrano,30-065,1996,13,10,731,8.1,1,4,5,1,0,1,1,0,0.12,0.49,0.62,0.12,0.62,Matches,0.05,0.10,22,10,45.5,1.23,2.71,,,,,,,,,,,,,,,,,,,Liga Profesional de Fútbol Argentina,2026
617ee116,Rodrigo Fernández,Rodrigo Fernández,uy URU,MF,Independiente,30-101,1996,10,4,430,4.8,0,0,0,0,0,0,2,0,0.00,0.00,0.00,0.00,0.00,Matches,0.00,0.00,5,1,20.0,0.21,1.05,,,,,,,,,,,,,,,,,,,Liga Profesional de Fútbol Argentina,2026
8c6fe2bf,Santiago Fernández,Santiago Fernández,ar ARG,DF,Talleres–C,21-015,2005,9,9,810,9.0,0,0,0,0,0,0,0,0,0.00,0.00,0.00,0.00,0.00,Matches,0.00,0.00,5,2,40.0,0.22,0.56,,,,,,,,,,,,,,,,,,,Liga Profesional de Fútbol Argentina,2026
491eb973,Tomás Fernández,Tomás Fernández,ar ARG,MF,Aldosivi,27-249,1998,7,2,277,3.1,0,0,0,0,0,0,2,0,0.00,0.00,0.00,0.00,0.00,Matches,0.00,,5,0,0.0,0.00,1.62,,,,,,,,,,,,,,,,,,,Liga Profesional de Fútbol Argentina,2026
09e1d2b1,Gianluca Ferrari,Gianluca Ferrari,ar ARG,DF,Atlé Tucumán,28-288,1997,9,8,722,8.0,0,0,0,0,0,0,2,0,0.00,0.00,0.00,0.00,0.00,Matches,0.00,0.00,8,1,12.5,0.12,1.00,,,,,,,,,,,,,,,,,,,Liga Profesional de Fútbol Argentina,2026
7221c7da,Clever Ferreira,Clever Ferreira,py PAR,DF,Atlé Tucumán,23-053,2003,7,5,475,5.3,1,0,1,1,0,0,2,0,0.19,0.00,0.19,0.19,0.19,Matches,0.10,0.50,10,2,20.0,0.38,1.89,,,,,,,,,,,,,,,,,,,Liga Profesional de Fútbol Argentina,2026
599d9ac8,Javier Ferreira,Javier Ferreira,py PAR,FW,Estudiantes–RC,34-058,1992,10,2,283,3.1,0,0,0,0,0,0,1,0,0.00,0.00,0.00,0.00,0.00,Matches,0.00,0.00,7,3,42.9,0.95,2.23,,,,,,,,,,,,,,,,,,,Liga Profesional de Fútbol Argentina,2026
8306e93b,Pablo Ferreira,Pablo Ferreira,ar ARG,MF,Platense,21-173,2004,2,2,133,1.5,0,0,0,0,0,0,0,0,0.00,0.00,0.00,0.00,0.00,Matches,0.00,,2,0,0.0,0.00,1.35,,,,,,,,,,,,,,,,,,,Liga Profesional de Fútbol Argentina,2026
f4145a0e,Brian Ferreyra,Brian Ferreyra,ar ARG,FW,Gimnasia–M,29-154,1996,9,0,205,2.3,0,0,0,0,0,0,1,0,0.00,0.00,0.00,0.00,0.00,Matches,0.00,0.00,5,1,20.0,0.44,2.20,,,,,,,,,,,,,,,,,,,Liga Profesional de Fútbol Argentina,2026
9a910a78,Cristopher Fiermarin,Cristopher Fiermarin,uy URU,GK,Defensa y Justicia,28-103,1998,12,12,"1,080",12.0,0,0,0,0,0,0,0,0,0.00,0.00,0.00,0.00,0.00,Matches,,,0,0,,0.00,0.00,5,41.7,12,12,10,0.83,1,"1,080",1,2,0,50.0,1,76.3,30,38,7,4,Liga Profesional de Fútbol Argentina,2026
91e44066,Jorge Figal,Jorge Figal,ar ARG,DF,Boca Juniors,32-011,1994,2,2,180,2.0,0,0,0,0,0,0,0,0,0.00,0.00,0.00,0.00,0.00,Matches,0.00,,2,0,0.0,0.00,1.00,,,,,,,,,,,,,,,,,,,Liga Profesional de Fútbol Argentina,2026
9e809ff4,Gabriel Florentín,Gabriel Florentín,ar ARG,MF,Arg Juniors,27-032,1999,2,0,39,0.4,0,0,0,0,0,0,1,0,0.00,0.00,0.00,0.00,0.00,Matches,,,0,0,,0.00,0.00,,,,,,,,,,,,,,,,,,,Liga Profesional de Fútbol Argentina,2026
c5510535,Jose Florentín,Jose Florentín,py PAR,MF,Ind. Rivadavia,29-283,1996,13,12,"1,104",12.3,3,0,3,3,0,0,2,0,0.24,0.00,0.24,0.24,0.24,Matches,0.16,0.38,19,8,42.1,0.65,1.55,,,,,,,,,,,,,,,,,,,Liga Profesional de Fútbol Argentina,2026
e7ba6063,Gonzalo Flores,Gonzalo Flores,ar ARG,FW,Deportivo Riestra,24-051,2002,1,0,9,0.1,0,0,0,0,0,0,0,0,0.00,0.00,0.00,0.00,0.00,Matches,,,0,0,,0.00,0.00,,,,,,,,,,,,,,,,,,,Liga Profesional de Fútbol Argentina,2026
06448418,Joaquin Flores,Joaquin Flores,ar ARG,MF,Cen. Córdoba–SdE,20-321,2005,4,0,72,0.8,0,0,0,0,0,0,0,0,0.00,0.00,0.00,0.00,0.00,Matches,0.00,,1,0,0.0,0.00,1.25,,,,,,,,,,,,,,,,,,,Liga Profesional de Fútbol Argentina,2026
a92c629d,Matias Fonseca,Matias Fonseca,uy URU,FW,Instituto,25-033,2001,11,6,513,5.7,1,0,1,1,0,0,2,0,0.18,0.00,0.18,0.18,0.18,Matches,0.08,0.50,12,2,16.7,0.35,2.11,,,,,,,,,,,,,,,,,,,Liga Profesional de Fútbol Argentina,2026
8e301679,Ezequiel Forclaz,Ezequiel Forclaz,ar ARG,MF,Estudiantes–RC,23-011,2003,5,0,105,1.2,0,0,0,0,0,0,1,0,0.00,0.00,0.00,0.00,0.00,Matches,0.00,,2,0,0.0,0.00,1.71,,,,,,,,,,,,,,,,,,,Liga Profesional de Fútbol Argentina,2026
1a0e5cb7,Alan Forneris,Alan Forneris,ar ARG,MF,Racing Club,21-076,2005,1,0,32,0.4,0,0,0,0,0,0,1,0,0.00,0.00,0.00,0.00,0.00,Matches,,,0,0,,0.00,0.00,,,,,,,,,,,,,,,,,,,Liga Profesional de Fútbol Argentina,2026
09538c47,Franco Fragapane,Franco Fragapane,ar ARG,MF,Unión,33-067,1993,5,3,181,2.0,0,0,0,0,0,0,0,0,0.00,0.00,0.00,0.00,0.00,Matches,0.00,0.00,4,2,50.0,0.99,1.99,,,,,,,,,,,,,,,,,,,Liga Profesional de Fútbol Argentina,2026
6015ddd0,Juan Franco Arrellaga,Juan Franco Arrellaga,py PAR,DF,Gimnasia–M,34-063,1992,6,5,314,3.5,0,0,0,0,0,0,2,0,0.00,0.00,0.00,0.00,0.00,Matches,0.00,,1,0,0.0,0.00,0.29,,,,,,,,,,,,,,,,,,,Liga Profesional de Fútbol Argentina,2026
653222cd,Nicolás Freire,Nicolás Freire,ar ARG,DF,Independiente,32-055,1994,1,0,8,0.1,0,0,0,0,0,0,0,0,0.00,0.00,0.00,0.00,0.00,Matches,,,0,0,,0.00,0.00,,,,,,,,,,,,,,,,,,,Liga Profesional de Fútbol Argentina,2026
62420800,Joaquín Freitas,Joaquín Freitas,ar ARG,"FW,MF",River Plate,19-133,2006,7,3,390,4.3,1,0,1,1,0,0,1,0,0.23,0.00,0.23,0.23,0.23,Matches,0.10,0.25,10,4,40.0,0.92,2.31,,,,,,,,,,,,,,,,,,,Liga Profesional de Fútbol Argentina,2026
89cbc961,Ramiro Funes Mori,Ramiro Funes Mori,ar ARG,DF,Estudiantes–LP,35-040,1991,1,1,72,0.8,0,0,0,0,0,0,0,0,0.00,0.00,0.00,0.00,0.00,Matches,,,0,0,,0.00,0.00,,,,,,,,,,,,,,,,,,,Liga Profesional de Fútbol Argentina,2026
8dfed6e9,Adolfo Gaich,Adolfo Gaich,ar ARG,FW,Estudiantes–LP,27-047,1999,8,2,266,3.0,3,1,4,3,0,0,1,0,1.02,0.34,1.35,1.02,1.35,Matches,0.27,0.60,11,5,45.5,1.69,3.72,,,,,,,,,,,,,,,,,,,Liga Profesional de Fútbol Argentina,2026
ea26f62e,Matías Galarza,Matías Galarza,ar ARG,MF,Talleres–C,24-041,2002,12,10,919,10.2,0,0,0,0,0,0,1,0,0.00,0.00,0.00,0.00,0.00,Matches,0.00,,5,0,0.0,0.00,0.49,,,,,,,,,,,,,,,,,,,Liga Profesional de Fútbol Argentina,2026
89c136f6,Hernán Galíndez,Hernán Galíndez,ec ECU,GK,Huracán,39-015,1987,12,12,"1,080",12.0,0,0,0,0,0,0,0,0,0.00,0.00,0.00,0.00,0.00,Matches,,,0,0,,0.00,0.00,5,41.7,12,12,10,0.83,3,"1,080",2,4,0,50.0,2,76.5,28,34,4,5,Liga Profesional de Fútbol Argentina,2026
5ef27510,Facundo Gallardo,Facundo Gallardo,ar ARG,FW,Estudiantes–RC,20-091,2006,1,0,21,0.2,0,0,0,0,0,0,0,0,0.00,0.00,0.00,0.00,0.00,Matches,0.00,0.00,1,1,100.0,4.29,4.29,,,,,,,,,,,,,,,,,,,Liga Profesional de Fútbol Argentina,2026
b6c7daef,Matías Gallardo,Matías Gallardo,ar ARG,MF,Instituto,22-142,2003,8,0,109,1.2,1,0,1,1,0,0,1,0,0.83,0.00,0.83,0.83,0.83,Matches,0.20,1.00,5,1,20.0,0.83,4.13,,,,,,,,,,,,,,,,,,,Liga Profesional de Fútbol Argentina,2026
ab84ccab,Rodrigo Gallo,Rodrigo Gallo,ar ARG,DF,Deportivo Riestra,25-161,2000,7,6,391,4.3,0,0,0,0,0,0,2,0,0.00,0.00,0.00,0.00,0.00,Matches,,,0,0,,0.00,0.00,,,,,,,,,,,,,,,,,,,Liga Profesional de Fútbol Argentina,2026
a8eeadaf,Giuliano Galoppo,Giuliano Galoppo,ar ARG,MF,River Plate,26-300,1999,7,1,224,2.5,0,0,0,0,0,0,1,0,0.00,0.00,0.00,0.00,0.00,Matches,0.00,0.00,9,2,22.2,0.80,3.62,,,,,,,,,,,,,,,,,,,Liga Profesional de Fútbol Argentina,2026
e2525aa4,Ignacio Galván,Ignacio Galván,ar ARG,"DF,MF",Atlé Tucumán,23-220,2002,10,6,614,6.8,0,0,0,0,0,0,1,0,0.00,0.00,0.00,0.00,0.00,Matches,0.00,0.00,7,3,42.9,0.44,1.03,,,,,,,,,,,,,,,,,,,Liga Profesional de Fútbol Argentina,2026
f865dc98,Jonathan Galván,Jonathan Galván,ar ARG,DF,Instituto,33-293,1992,10,9,723,8.0,0,1,1,0,0,0,3,0,0.00,0.12,0.12,0.00,0.12,Matches,0.00,0.00,7,2,28.6,0.25,0.87,,,,,,,,,,,,,,,,,,,Liga Profesional de Fútbol Argentina,2026
e699d3db,Tomás Galván,Tomás Galván,ar ARG,MF,River Plate,26-003,2000,13,13,906,10.1,2,1,3,2,0,0,0,0,0.20,0.10,0.30,0.20,0.30,Matches,0.12,0.33,17,6,35.3,0.60,1.69,,,,,,,,,,,,,,,,,,,Liga Profesional de Fútbol Argentina,2026
ca252a8a,Lucas Gamba,Lucas Gamba,ar ARG,MF,Barracas Central,38-294,1987,4,1,102,1.1,1,0,1,1,0,0,0,0,0.88,0.00,0.88,0.88,0.88,Matches,0.50,1.00,2,1,50.0,0.88,1.76,,,,,,,,,,,,,,,,,,,Liga Profesional de Fútbol Argentina,2026
57148654,Martín Garay,Martín Garay,ar ARG,DF,Tigre,26-306,1999,8,3,431,4.8,0,1,1,0,0,0,1,0,0.00,0.21,0.21,0.00,0.21,Matches,0.00,0.00,4,2,50.0,0.42,0.84,,,,,,,,,,,,,,,,,,,Liga Profesional de Fútbol Argentina,2026
84c478aa,Agustín García Basso,Agustín García Basso,ar ARG,DF,Racing Club,34-019,1992,6,5,423,4.7,0,0,0,0,0,0,2,0,0.00,0.00,0.00,0.00,0.00,Matches,0.00,,1,0,0.0,0.00,0.21,,,,,,,,,,,,,,,,,,,Liga Profesional de Fútbol Argentina,2026
c06ffd65,Franco García,Franco García,ar ARG,"MF,FW",Newell's Old Boys,28-314,1997,7,2,220,2.4,1,0,1,1,0,0,0,0,0.41,0.00,0.41,0.41,0.41,Matches,0.25,1.00,4,1,25.0,0.41,1.64,,,,,,,,,,,,,,,,,,,Liga Profesional de Fútbol Argentina,2026
14779141,Joaquín García,Joaquín García,ar ARG,DF,Vélez Sarsfield,24-237,2001,8,7,627,7.0,1,0,1,1,0,0,0,0,0.14,0.00,0.14,0.14,0.14,Matches,0.33,0.50,3,2,66.7,0.29,0.43,,,,,,,,,,,,,,,,,,,Liga Profesional de Fútbol Argentina,2026
64b184ac,Manuel García,Manuel García,ar ARG,"MF,DF",Sarmiento–J,26-307,1999,9,8,712,7.9,0,0,0,0,0,0,2,0,0.00,0.00,0.00,0.00,0.00,Matches,0.00,,1,0,0.0,0.00,0.13,,,,,,,,,,,,,,,,,,,Liga Profesional de Fútbol Argentina,2026
461e8795,Martín García,Martín García,,"MF,FW",Aldosivi,,,6,3,294,3.3,0,0,0,0,0,0,2,0,0.00,0.00,0.00,0.00,0.00,Matches,0.00,0.00,8,3,37.5,0.92,2.45,,,,,,,,,,,,,,,,,,,Liga Profesional de Fútbol Argentina,2026
fd4c1b7a,Matías García,Matías García,ar ARG,MF,Deportivo Riestra,30-154,1995,8,5,461,5.1,0,0,0,0,0,0,3,0,0.00,0.00,0.00,0.00,0.00,Matches,0.00,,2,0,0.0,0.00,0.39,,,,,,,,,,,,,,,,,,,Liga Profesional de Fútbol Argentina,2026
7fd2f019,Martín Garnerone,Martín Garnerone,ar ARG,"MF,FW",Estudiantes–RC,27-198,1998,13,12,834,9.3,1,0,1,1,0,0,2,0,0.11,0.00,0.11,0.11,0.11,Matches,0.07,0.33,14,3,21.4,0.32,1.51,,,,,,,,,,,,,,,,,,,Liga Profesional de Fútbol Argentina,2026
1a0de1bd,Juan Gauto,Juan Gauto,ar ARG,MF,Platense,21-316,2004,13,11,901,10.0,0,1,1,0,0,0,0,0,0.00,0.10,0.10,0.00,0.10,Matches,0.00,0.00,16,5,31.3,0.50,1.60,,,,,,,,,,,,,,,,,,,Liga Profesional de Fútbol Argentina,2026
61740a18,Gonzalo Gelini,Gonzalo Gelini,ar ARG,FW,Boca Juniors,19-120,2006,5,2,186,2.1,0,1,1,0,0,0,0,0,0.00,0.48,0.48,0.00,0.48,Matches,0.00,,3,0,0.0,0.00,1.45,,,,,,,,,,,,,,,,,,,Liga Profesional de Fútbol Argentina,2026
12bc01fb,Alejo Gelsomino,Alejo Gelsomino,ar ARG,DF,Gimnasia–LP,20-334,2005,1,0,45,0.5,0,0,0,0,0,0,0,0,0.00,0.00,0.00,0.00,0.00,Matches,,,0,0,,0.00,0.00,,,,,,,,,,,,,,,,,,,Liga Profesional de Fútbol Argentina,2026
1f8a7bf7,Bautista Gerez,Bautista Gerez,ar ARG,FW,Cen. Córdoba–SdE,19-091,2007,2,0,16,0.2,0,0,0,0,0,0,0,0,0.00,0.00,0.00,0.00,0.00,Matches,,,0,0,,0.00,0.00,,,,,,,,,,,,,,,,,,,Liga Profesional de Fútbol Argentina,2026
5a9ff6cf,Laurtaro Giaccone,Laurtaro Giaccone,ar ARG,"MF,FW",Arg Juniors,25-072,2001,7,3,311,3.5,0,0,0,0,0,0,0,0,0.00,0.00,0.00,0.00,0.00,Matches,0.00,0.00,6,3,50.0,0.87,1.74,,,,,,,,,,,,,,,,,,,Liga Profesional de Fútbol Argentina,2026
54d90093,Renzo Giampaoli,Renzo Giampaoli,ar ARG,DF,Gimnasia–LP,26-097,2000,11,10,896,10.0,0,0,0,0,0,0,3,0,0.00,0.00,0.00,0.00,0.00,Matches,0.00,0.00,4,1,25.0,0.10,0.40,,,,,,,,,,,,,,,,,,,Liga Profesional de Fútbol Argentina,2026
1817c289,Emiliano Giannunzio,Emiliano Giannunzio,ar ARG,MF,Unión,44-079,1982,2,0,37,0.4,0,0,0,0,0,0,0,0,0.00,0.00,0.00,0.00,0.00,Matches,0.00,0.00,2,1,50.0,2.43,4.86,,,,,,,,,,,,,,,,,,,Liga Profesional de Fútbol Argentina,2026
0ac8475f,Leonardo Gil,Leonardo Gil,ar ARG,MF,Huracán,34-318,1991,13,11,995,11.1,0,0,0,0,0,0,4,0,0.00,0.00,0.00,0.00,0.00,Matches,0.00,0.00,11,4,36.4,0.36,0.99,,,,,,,,,,,,,,,,,,,Liga Profesional de Fútbol Argentina,2026
0d425331,Orlando Gill,Orlando Gill,py PAR,GK,San Lorenzo,25-307,2000,12,12,"1,080",12.0,0,0,0,0,0,0,0,0,0.00,0.00,0.00,0.00,0.00,Matches,,,0,0,,0.00,0.00,7,58.3,12,12,11,0.92,3,"1,080",1,1,0,0.0,0,80.8,41,52,5,4,Liga Profesional de Fútbol Argentina,2026
50cc35d1,Enzo Giménez,Enzo Giménez,py PAR,"MF,DF",Rosario Central,28-056,1998,13,13,"1,170",13.0,1,1,2,1,0,0,4,0,0.08,0.08,0.15,0.08,0.15,Matches,0.05,0.20,19,5,26.3,0.38,1.46,,,,,,,,,,,,,,,,,,,Liga Profesional de Fútbol Argentina,2026
74d84a14,Luciano Giménez,Luciano Giménez,ar ARG,FW,Huracán,26-055,2000,6,1,109,1.2,0,0,0,0,0,0,3,0,0.00,0.00,0.00,0.00,0.00,Matches,0.00,0.00,2,2,100.0,1.65,1.65,,,,,,,,,,,,,,,,,,,Liga Profesional de Fútbol Argentina,2026
526f7e39,Milton Giménez,Milton Giménez,ar ARG,FW,Boca Juniors,29-245,1996,2,1,59,0.7,1,0,1,0,1,1,0,0,1.53,0.00,1.53,0.00,0.00,Matches,0.00,0.00,2,1,50.0,1.53,3.05,,,,,,,,,,,,,,,,,,,Liga Profesional de Fútbol Argentina,2026
2c9a3484,Federico Gino,Federico Gino,uy URU,MF,Aldosivi,33-047,1993,12,12,993,11.0,2,0,2,1,1,1,5,0,0.18,0.00,0.18,0.09,0.09,Matches,0.06,0.33,16,3,18.8,0.27,1.45,,,,,,,,,,,,,,,,,,,Liga Profesional de Fútbol Argentina,2026
cd0befd7,Dilan Godoy,Dilan Godoy,ar ARG,"MF,FW",Vélez Sarsfield,20-068,2006,8,3,328,3.6,0,3,3,0,0,0,1,0,0.00,0.82,0.82,0.00,0.82,Matches,0.00,0.00,14,4,28.6,1.10,3.84,,,,,,,,,,,,,,,,,,,Liga Profesional de Fútbol Argentina,2026
e8b80334,Erik Godoy,Erik Godoy,ar ARG,DF,Arg Juniors,32-241,1993,7,5,463,5.1,1,0,1,1,0,0,0,0,0.19,0.00,0.19,0.19,0.19,Matches,0.25,1.00,4,1,25.0,0.19,0.78,,,,,,,,,,,,,,,,,,,Liga Profesional de Fútbol Argentina,2026
3546ee7e,Lautaro Godoy,Lautaro Godoy,py PAR,FW,Atlé Tucumán,23-030,2003,10,1,257,2.9,0,0,0,0,0,0,2,1,0.00,0.00,0.00,0.00,0.00,Matches,0.00,0.00,9,2,22.2,0.70,3.15,,,,,,,,,,,,,,,,,,,Liga Profesional de Fútbol Argentina,2026
0f9d8e45,Leonardo Godoy,Leonardo Godoy,ar ARG,DF,Independiente,30-351,1995,9,8,616,6.8,0,0,0,0,0,0,2,0,0.00,0.00,0.00,0.00,0.00,Matches,0.00,0.00,5,1,20.0,0.15,0.73,,,,,,,,,,,,,,,,,,,Liga Profesional de Fútbol Argentina,2026
edbdf494,Jonatan Goitía,Jonatan Goitía,ar ARG,MF,Deportivo Riestra,31-255,1994,12,8,695,7.7,0,0,0,0,0,0,4,1,0.00,0.00,0.00,0.00,0.00,Matches,0.00,0.00,14,2,14.3,0.26,1.81,,,,,,,,,,,,,,,,,,,Liga Profesional de Fútbol Argentina,2026
9f110faf,Elías Gómez,Elías Gómez,ar ARG,DF,Vélez Sarsfield,31-309,1994,12,12,"1,080",12.0,0,1,1,0,0,0,4,0,0.00,0.08,0.08,0.00,0.08,Matches,0.00,,5,0,0.0,0.00,0.42,,,,,,,,,,,,,,,,,,,Liga Profesional de Fútbol Argentina,2026
426ec996,Iván Gómez,Iván Gómez,ar ARG,MF,Platense,29-045,1997,4,3,296,3.3,0,0,0,0,0,0,0,0,0.00,0.00,0.00,0.00,0.00,Matches,0.00,,1,0,0.0,0.00,0.30,,,,,,,,,,,,,,,,,,,Liga Profesional de Fútbol Argentina,2026
e7b74651,José Gómez,José Gómez,ar ARG,DF,Cen. Córdoba–SdE,26-039,2000,1,0,17,0.2,0,0,0,0,0,0,0,0,0.00,0.00,0.00,0.00,0.00,Matches,,,0,0,,0.00,0.00,,,,,,,,,,,,,,,,,,,Liga Profesional de Fútbol Argentina,2026
61d1a611,Lautaro Gómez,Lautaro Gómez,ar ARG,MF,Banfield,22-249,2003,12,7,556,6.2,3,0,3,3,0,0,2,0,0.49,0.00,0.49,0.49,0.49,Matches,0.38,0.75,8,4,50.0,0.65,1.29,,,,,,,,,,,,,,,,,,,Liga Profesional de Fútbol Argentina,2026
c19830ba,Lucas Gómez,Lucas Gómez,ar ARG,MF,Arg Juniors,21-301,2004,5,1,144,1.6,0,0,0,0,0,0,0,0,0.00,0.00,0.00,0.00,0.00,Matches,0.00,,1,0,0.0,0.00,0.62,,,,,,,,,,,,,,,,,,,Liga Profesional de Fútbol Argentina,2026
0bc8cd45,Luciano Gómez,Luciano Gómez,ar ARG,DF,Ind. Rivadavia,30-023,1996,9,3,402,4.5,1,1,2,1,0,0,1,0,0.22,0.22,0.45,0.22,0.45,Matches,1.00,1.00,1,1,100.0,0.22,0.22,,,,,,,,,,,,,,,,,,,Liga Profesional de Fútbol Argentina,2026
578cbfc6,Matias Gomez,Matias Gomez,ar ARG,MF,Talleres–C,20-142,2005,2,1,82,0.9,0,0,0,0,0,0,1,0,0.00,0.00,0.00,0.00,0.00,Matches,,,0,0,,0.00,0.00,,,,,,,,,,,,,,,,,,,Liga Profesional de Fútbol Argentina,2026
0ad8abf4,Alexis González,Alexis González,ar ARG,FW,Sarmiento–J,21-091,2005,2,0,21,0.2,0,0,0,0,0,0,0,0,0.00,0.00,0.00,0.00,0.00,Matches,,,0,0,,0.00,0.00,,,,,,,,,,,,,,,,,,,Liga Profesional de Fútbol Argentina,2026
46ef5ad0,Imanol González Benac,Imanol González Benac,ar ARG,DF,Gimnasia–M,28-098,1998,7,7,577,6.4,0,0,0,0,0,0,0,0,0.00,0.00,0.00,0.00,0.00,Matches,0.00,,2,0,0.0,0.00,0.31,,,,,,,,,,,,,,,,,,,Liga Profesional de Fútbol Argentina,2026
f595ea9c,Facundo González,Facundo González,ar ARG,DF,River Plate,20-011,2006,2,1,108,1.2,0,0,0,0,0,0,0,0,0.00,0.00,0.00,0.00,0.00,Matches,0.00,,1,0,0.0,0.00,0.83,,,,,,,,,,,,,,,,,,,Liga Profesional de Fútbol Argentina,2026
d454a739,Francisco González,Francisco González,ar ARG,MF,Belgrano,29-016,1997,8,4,348,3.9,1,0,1,1,0,0,0,0,0.26,0.00,0.26,0.26,0.26,Matches,0.13,1.00,8,1,12.5,0.26,2.07,,,,,,,,,,,,,,,,,,,Liga Profesional de Fútbol Argentina,2026
c5282c88,Gonzalo González,Gonzalo González,ar ARG,FW,Gimnasia–LP,31-039,1995,1,0,3,0.0,0,0,0,0,0,0,0,0,0.00,0.00,0.00,0.00,0.00,Matches,,,0,0,,0.00,0.00,,,,,,,,,,,,,,,,,,,Liga Profesional de Fútbol Argentina,2026
528b1be4,Lucas González,Lucas González,ar ARG,MF,Cen. Córdoba–SdE,25-315,2000,11,8,698,7.8,0,0,0,0,0,0,3,0,0.00,0.00,0.00,0.00,0.00,Matches,0.00,0.00,10,1,10.0,0.13,1.29,,,,,,,,,,,,,,,,,,,Liga Profesional de Fútbol Argentina,2026
cadfd4d6,Lucas González,Lucas González,ar ARG,FW,Estudiantes–RC,28-263,1997,4,0,103,1.1,0,0,0,0,0,0,0,0,0.00,0.00,0.00,0.00,0.00,Matches,0.00,0.00,3,1,33.3,0.87,2.62,,,,,,,,,,,,,,,,,,,Liga Profesional de Fútbol Argentina,2026
c8989346,Luciano González,Luciano González,uy URU,FW,Defensa y Justicia,20-103,2006,2,0,80,0.9,0,0,0,0,0,0,0,0,0.00,0.00,0.00,0.00,0.00,Matches,0.00,0.00,2,1,50.0,1.13,2.25,,,,,,,,,,,,,,,,,,,Liga Profesional de Fútbol Argentina,2026
5ba1112c,Leandro González Pirez,Leandro González Pirez,ar ARG,DF,Estudiantes–LP,34-047,1992,12,11,"1,008",11.2,1,0,1,1,0,0,7,0,0.09,0.00,0.09,0.09,0.09,Matches,0.17,0.33,6,3,50.0,0.27,0.54,,,,,,,,,,,,,,,,,,,Liga Profesional de Fútbol Argentina,2026
a01052f2,Rodrigo González,Rodrigo González,ar ARG,"DF,MF",Aldosivi,26-000,2000,11,11,874,9.7,0,0,0,0,0,0,2,0,0.00,0.00,0.00,0.00,0.00,Matches,0.00,0.00,5,1,20.0,0.10,0.51,,,,,,,,,,,,,,,,,,,Liga Profesional de Fútbol Argentina,2026
c3392671,Tomás González,Tomás González,ar ARG,MF,Estudiantes–RC,27-164,1998,12,11,909,10.1,0,0,0,0,0,0,5,0,0.00,0.00,0.00,0.00,0.00,Matches,0.00,0.00,9,1,11.1,0.10,0.89,,,,,,,,,,,,,,,,,,,Liga Profesional de Fútbol Argentina,2026
1477cae6,Jano Gordon,Jano Gordon,ar ARG,DF,Vélez Sarsfield,21-302,2004,3,3,258,2.9,1,0,1,1,0,0,0,0,0.35,0.00,0.35,0.35,0.35,Matches,0.50,0.50,2,2,100.0,0.70,0.70,,,,,,,,,,,,,,,,,,,Liga Profesional de Fútbol Argentina,2026
d62bf368,Santiago Grella,Santiago Grella,ar ARG,MF,Unión,21-029,2005,4,0,68,0.8,0,0,0,0,0,0,0,0,0.00,0.00,0.00,0.00,0.00,Matches,0.00,,2,0,0.0,0.00,2.65,,,,,,,,,,,,,,,,,,,Liga Profesional de Fútbol Argentina,2026
75c06d00,Iván Guaraz,Iván Guaraz,ar ARG,MF,Barracas Central,20-338,2005,9,5,428,4.8,0,0,0,0,0,0,2,0,0.00,0.00,0.00,0.00,0.00,Matches,0.00,,3,0,0.0,0.00,0.63,,,,,,,,,,,,,,,,,,,Liga Profesional de Fútbol Argentina,2026
d6c09370,Facundo Guch,Facundo Guch,ar ARG,"MF,FW",Newell's Old Boys,19-084,2007,11,10,741,8.2,1,1,2,1,0,0,1,0,0.12,0.12,0.24,0.12,0.24,Matches,0.06,0.20,16,5,31.3,0.61,1.94,,,,,,,,,,,,,,,,,,,Liga Profesional de Fútbol Argentina,2026
a4d527c6,Nicolás Guerra,Nicolás Guerra,cl CHI,"FW,MF",Instituto,27-095,1999,11,4,348,3.9,1,0,1,1,0,0,4,0,0.26,0.00,0.26,0.26,0.26,Matches,0.11,0.33,9,3,33.3,0.78,2.33,,,,,,,,,,,,,,,,,,,Liga Profesional de Fútbol Argentina,2026
14efa370,Tomás Guidara,Tomás Guidara,ar ARG,DF,Lanús,30-032,1996,11,11,906,10.1,0,1,1,0,0,0,3,0,0.00,0.10,0.10,0.00,0.10,Matches,,,0,0,,0.00,0.00,,,,,,,,,,,,,,,,,,,Liga Profesional de Fútbol Argentina,2026
bfb67716,Adrián Guillermo Sánchez,Adrián Guillermo Sánchez,ar ARG,MF,Belgrano,26-335,1999,12,12,"1,024",11.4,0,0,0,0,0,0,2,0,0.00,0.00,0.00,0.00,0.00,Matches,0.00,,2,0,0.0,0.00,0.18,,,,,,,,,,,,,,,,,,,Liga Profesional de Fútbol Argentina,2026
62b0b5ad,Facundo Gulli,Facundo Gulli,ar ARG,"MF,FW",San Lorenzo,20-201,2005,12,9,649,7.2,0,2,2,0,0,0,2,0,0.00,0.28,0.28,0.00,0.28,Matches,0.00,0.00,10,4,40.0,0.55,1.39,,,,,,,,,,,,,,,,,,,Liga Profesional de Fútbol Argentina,2026
cb1916e0,Rodrigo Guth,Rodrigo Guth,br BRA,DF,Talleres–C,25-155,2000,1,1,45,0.5,0,0,0,0,0,0,1,0,0.00,0.00,0.00,0.00,0.00,Matches,,,0,0,,0.00,0.00,,,,,,,,,,,,,,,,,,,Liga Profesional de Fútbol Argentina,2026
1b37c107,Juan Gutierrez,Juan Gutierrez,uy URU,"MF,FW",Defensa y Justicia,24-069,2002,12,11,947,10.5,3,2,5,3,0,0,1,0,0.29,0.19,0.48,0.29,0.48,Matches,0.14,0.27,22,11,50.0,1.05,2.09,,,,,,,,,,,,,,,,,,,Liga Profesional de Fútbol Argentina,2026
5260ba4a,Lautaro Gutierrez,Lautaro Gutierrez,ar ARG,FW,Belgrano,20-068,2006,10,1,291,3.2,2,0,2,2,0,0,0,0,0.62,0.00,0.62,0.62,0.62,Matches,0.25,0.50,8,4,50.0,1.24,2.47,,,,,,,,,,,,,,,,,,,Liga Profesional de Fútbol Argentina,2026
ad65188e,Maximiliano Gutiérrez,Maximiliano Gutiérrez,cl CHI,MF,Independiente,21-346,2004,4,1,118,1.3,0,0,0,0,0,0,0,0,0.00,0.00,0.00,0.00,0.00,Matches,,,0,0,,0.00,0.00,,,,,,,,,,,,,,,,,,,Liga Profesional de Fútbol Argentina,2026
10fe416e,Natanael Guzmán,Natanael Guzmán,ar ARG,"FW,MF",Aldosivi,26-246,1999,10,5,422,4.7,0,0,0,0,0,0,0,0,0.00,0.00,0.00,0.00,0.00,Matches,0.00,0.00,6,3,50.0,0.64,1.28,,,,,,,,,,,,,,,,,,,Liga Profesional de Fútbol Argentina,2026
300753b4,Ezequiel Ham,Ezequiel Ham,sy SYR,MF,Atlé Tucumán,32-035,1994,13,9,723,8.0,0,1,1,0,0,0,3,0,0.00,0.12,0.12,0.00,0.12,Matches,0.00,0.00,12,1,8.3,0.12,1.49,,,,,,,,,,,,,,,,,,,Liga Profesional de Fútbol Argentina,2026
098a28f8,Agustin Hausch,Agustin Hausch,ar ARG,"MF,FW",Defensa y Justicia,22-328,2003,10,6,491,5.5,1,0,1,1,0,0,0,0,0.18,0.00,0.18,0.18,0.18,Matches,0.13,0.33,8,3,37.5,0.55,1.47,,,,,,,,,,,,,,,,,,,Liga Profesional de Fútbol Argentina,2026
c78eb31f,Diego Herazo,Diego Herazo,co COL,FW,San Lorenzo,30-000,1996,4,0,70,0.8,1,1,2,1,0,0,0,0,1.29,1.29,2.57,1.29,2.57,Matches,0.50,1.00,2,1,50.0,1.29,2.57,,,,,,,,,,,,,,,,,,,Liga Profesional de Fútbol Argentina,2026
45cfa4ba,Leonardo Heredia,Leonardo Heredia,ar ARG,FW,Platense,30-093,1996,12,6,499,5.5,0,0,0,0,0,0,1,0,0.00,0.00,0.00,0.00,0.00,Matches,0.00,0.00,10,5,50.0,0.90,1.80,,,,,,,,,,,,,,,,,,,Liga Profesional de Fútbol Argentina,2026
bd04e8dc,Ramiro Hernandes,Ramiro Hernandes,ar ARG,MF,Belgrano,21-153,2004,12,1,355,3.9,0,0,0,0,0,0,1,0,0.00,0.00,0.00,0.00,0.00,Matches,0.00,,6,0,0.0,0.00,1.52,,,,,,,,,,,,,,,,,,,Liga Profesional de Fútbol Argentina,2026
7b33603b,Gastón Hernández,Gastón Hernández,ar ARG,DF,San Lorenzo,28-085,1998,9,9,798,8.9,0,0,0,0,0,0,2,0,0.00,0.00,0.00,0.00,0.00,Matches,0.00,,2,0,0.0,0.00,0.23,,,,,,,,,,,,,,,,,,,Liga Profesional de Fútbol Argentina,2026
436a9dd0,Ander Herrera,Ander Herrera,es ESP,MF,Boca Juniors,36-243,1989,8,5,447,5.0,0,0,0,0,0,0,0,0,0.00,0.00,0.00,0.00,0.00,Matches,0.00,0.00,7,1,14.3,0.20,1.41,,,,,,,,,,,,,,,,,,,Liga Profesional de Fútbol Argentina,2026
5432fe10,Ezequiel Herrera,Ezequiel Herrera,ar ARG,DF,San Lorenzo,23-082,2003,12,12,"1,067",11.9,0,0,0,0,0,0,2,0,0.00,0.00,0.00,0.00,0.00,Matches,0.00,0.00,6,1,16.7,0.08,0.51,,,,,,,,,,,,,,,,,,,Liga Profesional de Fútbol Argentina,2026
4b9b1f3a,Guido Herrera,Guido Herrera,ar ARG,GK,Talleres–C,34-044,1992,12,12,"1,080",12.0,0,0,0,0,0,0,1,0,0.00,0.00,0.00,0.00,0.00,Matches,,,0,0,,0.00,0.00,4,33.3,12,12,11,0.92,4,"1,080",1,1,0,0.0,0,75.6,31,41,3,5,Liga Profesional de Fútbol Argentina,2026
2f6ff462,Jonathan Herrera,Jonathan Herrera,ar ARG,FW,Deportivo Riestra,34-210,1991,13,10,815,9.1,0,0,0,0,0,0,3,0,0.00,0.00,0.00,0.00,0.00,Matches,0.00,0.00,26,10,38.5,1.10,2.87,,,,,,,,,,,,,,,,,,,Liga Profesional de Fútbol Argentina,2026
1537c952,Rodrigo Herrera,Rodrigo Herrera,ar ARG,MF,Newell's Old Boys,25-255,2000,11,10,818,9.1,0,0,0,0,0,0,2,0,0.00,0.00,0.00,0.00,0.00,Matches,0.00,0.00,5,1,20.0,0.11,0.55,,,,,,,,,,,,,,,,,,,Liga Profesional de Fútbol Argentina,2026
76cf9432,Michael Hoyos,Michael Hoyos,ar ARG,FW,Newell's Old Boys,34-255,1991,9,3,432,4.8,1,0,1,1,0,0,0,0,0.21,0.00,0.21,0.21,0.21,Matches,0.13,0.50,8,2,25.0,0.42,1.67,,,,,,,,,,,,,,,,,,,Liga Profesional de Fútbol Argentina,2026
93cfb989,Marco Iacobellis,Marco Iacobellis,ar ARG,"MF,FW",Cen. Córdoba–SdE,26-108,1999,8,5,393,4.4,0,1,1,0,0,0,2,0,0.00,0.23,0.23,0.00,0.23,Matches,0.00,0.00,10,1,10.0,0.23,2.29,,,,,,,,,,,,,,,,,,,Liga Profesional de Fútbol Argentina,2026
bf6410b8,Fabricio Iacovich,Fabricio Iacovich,ar ARG,GK,Estudiantes–LP,24-075,2002,5,4,405,4.5,0,0,0,0,0,0,0,0,0.00,0.00,0.00,0.00,0.00,Matches,,,0,0,,0.00,0.00,2,50.0,5,4,2,0.44,1,405,0,1,0,100.0,1,83.3,11,12,1,2,Liga Profesional de Fútbol Argentina,2026
78d48e60,César Ibáñez,César Ibáñez,ar ARG,DF,Huracán,26-301,1999,12,11,938,10.4,0,1,1,0,0,0,5,1,0.00,0.10,0.10,0.00,0.10,Matches,0.00,,11,0,0.0,0.00,1.06,,,,,,,,,,,,,,,,,,,Liga Profesional de Fútbol Argentina,2026
db6540c5,Franco Ibarra,Franco Ibarra,ar ARG,MF,Rosario Central,24-351,2001,11,10,920,10.2,0,0,0,0,0,0,6,0,0.00,0.00,0.00,0.00,0.00,Matches,0.00,,7,0,0.0,0.00,0.68,,,,,,,,,,,,,,,,,,,Liga Profesional de Fútbol Argentina,2026
035a3093,Juan Ignacio Méndez,Juan Ignacio Méndez,ar ARG,MF,Instituto,28-351,1997,12,6,544,6.0,0,1,1,0,0,0,1,0,0.00,0.17,0.17,0.00,0.17,Matches,0.00,,3,0,0.0,0.00,0.50,,,,,,,,,,,,,,,,,,,Liga Profesional de Fútbol Argentina,2026
ad513a6b,Juan Ignacio Ramírez,Juan Ignacio Ramírez,uy URU,FW,Newell's Old Boys,29-072,1997,7,4,393,4.4,1,0,1,0,1,1,0,0,0.23,0.00,0.23,0.00,0.00,Matches,0.00,0.00,10,3,30.0,0.69,2.29,,,,,,,,,,,,,,,,,,,Liga Profesional de Fútbol Argentina,2026
13f61a69,Juan Infante,Juan Infante,ar ARG,DF,Atlé Tucumán,30-097,1996,1,1,90,1.0,0,0,0,0,0,0,0,0,0.00,0.00,0.00,0.00,0.00,Matches,0.00,,1,0,0.0,0.00,1.00,,,,,,,,,,,,,,,,,,,Liga Profesional de Fútbol Argentina,2026
546c7f68,Gino Infantino,Gino Infantino,ar ARG,MF,Arg Juniors,22-330,2003,2,0,36,0.4,0,0,0,0,0,0,0,0,0.00,0.00,0.00,0.00,0.00,Matches,0.00,0.00,1,1,100.0,2.50,2.50,,,,,,,,,,,,,,,,,,,Liga Profesional de Fútbol Argentina,2026
7f076123,Celías Ingenthron,Celías Ingenthron,ar ARG,DF,Platense,17-290,2008,2,2,168,1.9,0,0,0,0,0,0,1,0,0.00,0.00,0.00,0.00,0.00,Matches,0.00,,1,0,0.0,0.00,0.54,,,,,,,,,,,,,,,,,,,Liga Profesional de Fútbol Argentina,2026
e5b1d1e6,Luis Ingolotti,Luis Ingolotti,ar ARG,GK,Atlé Tucumán,26-090,2000,13,13,"1,170",13.0,0,0,0,0,0,0,1,0,0.00,0.00,0.00,0.00,0.00,Matches,,,0,0,,0.00,0.00,4,30.8,13,13,18,1.38,7,"1,170",2,3,0,33.3,1,56.8,22,37,4,2,Liga Profesional de Fútbol Argentina,2026
a6756735,José Ingratti,José Ingratti,ar ARG,FW,Deportivo Riestra,25-260,2000,1,1,45,0.5,0,0,0,0,0,0,0,0,0.00,0.00,0.00,0.00,0.00,Matches,,,0,0,,0.00,0.00,,,,,,,,,,,,,,,,,,,Liga Profesional de Fútbol Argentina,2026
ff022a7c,Emanuel Iñíguez,Emanuel Iñíguez,ar ARG,DF,Aldosivi,29-210,1996,1,1,54,0.6,0,0,0,0,0,0,0,0,0.00,0.00,0.00,0.00,0.00,Matches,,,0,0,,0.00,0.00,,,,,,,,,,,,,,,,,,,Liga Profesional de Fútbol Argentina,2026
eb1df660,Manuel Insaurralde,Manuel Insaurralde,ar ARG,MF,San Lorenzo,27-073,1999,4,3,223,2.5,1,0,1,1,0,0,0,0,0.40,0.00,0.40,0.40,0.40,Matches,1.00,1.00,1,1,100.0,0.40,0.40,,,,,,,,,,,,,,,,,,,Liga Profesional de Fútbol Argentina,2026
6a72010c,Nelson Insfrán,Nelson Insfrán,ar ARG,GK,Gimnasia–LP,30-325,1995,10,10,837,9.3,0,0,0,0,0,0,0,0,0.00,0.00,0.00,0.00,0.00,Matches,,,0,0,,0.00,0.00,2,20.0,10,10,13,1.40,4,837,1,1,0,0.0,0,68.4,26,38,2,4,Liga Profesional de Fútbol Argentina,2026
094c0621,Rodrigo Insúa,Rodrigo Insúa,ar ARG,"MF,DF",Barracas Central,28-119,1997,13,13,"1,170",13.0,3,1,4,1,2,2,2,0,0.23,0.08,0.31,0.08,0.15,Matches,0.06,0.13,18,8,44.4,0.62,1.38,,,,,,,,,,,,,,,,,,,Liga Profesional de Fútbol Argentina,2026
cf5c3ef1,Carlos Izquierdoz,Carlos Izquierdoz,ar ARG,DF,Lanús,37-162,1988,10,10,900,10.0,2,0,2,2,0,0,4,0,0.20,0.00,0.20,0.20,0.20,Matches,0.40,1.00,5,2,40.0,0.20,0.50,,,,,,,,,,,,,,,,,,,Liga Profesional de Fútbol Argentina,2026
7ecb2377,Cristian Jaime,Cristian Jaime,ar ARG,FW,River Plate,19-274,2006,1,0,19,0.2,0,0,0,0,0,0,0,0,0.00,0.00,0.00,0.00,0.00,Matches,,,0,0,,0.00,0.00,,,,,,,,,,,,,,,,,,,Liga Profesional de Fútbol Argentina,2026
bbb925bf,Facundo Jainikoski,Facundo Jainikoski,ar ARG,FW,Arg Juniors,18-030,2008,11,0,260,2.9,0,1,1,0,0,0,0,0,0.00,0.35,0.35,0.00,0.35,Matches,0.00,0.00,13,4,30.8,1.38,4.50,,,,,,,,,,,,,,,,,,,Liga Profesional de Fútbol Argentina,2026
f3f2db7a,Lucas Janson,Lucas Janson,ar ARG,"FW,MF",Boca Juniors,31-241,1994,3,3,182,2.0,0,0,0,0,0,0,1,0,0.00,0.00,0.00,0.00,0.00,Matches,0.00,0.00,2,2,100.0,0.99,0.99,,,,,,,,,,,,,,,,,,,Liga Profesional de Fútbol Argentina,2026
879d015a,Kevin Jappert,Kevin Jappert,ar ARG,"DF,MF",Barracas Central,22-048,2004,6,4,375,4.2,1,0,1,1,0,0,0,0,0.24,0.00,0.24,0.24,0.24,Matches,0.33,1.00,3,1,33.3,0.24,0.72,,,,,,,,,,,,,,,,,,,Liga Profesional de Fútbol Argentina,2026
413cce14,Franco Jara,Franco Jara,ar ARG,FW,Instituto,37-273,1988,8,6,568,6.3,1,0,1,0,1,2,1,0,0.16,0.00,0.16,0.00,0.00,Matches,0.00,0.00,16,5,31.3,0.79,2.54,,,,,,,,,,,,,,,,,,,Liga Profesional de Fútbol Argentina,2026
b4f69c77,David Juárez,David Juárez,ar ARG,FW,Aldosivi,18-141,2007,1,0,20,0.2,0,0,0,0,0,0,0,0,0.00,0.00,0.00,0.00,0.00,Matches,0.00,0.00,1,1,100.0,4.50,4.50,,,,,,,,,,,,,,,,,,,Liga Profesional de Fútbol Argentina,2026
2aebc81b,Fernando Juárez,Fernando Juárez,ar ARG,MF,Cen. Córdoba–SdE,27-234,1998,4,3,315,3.5,0,0,0,0,0,0,1,0,0.00,0.00,0.00,0.00,0.00,Matches,,,0,0,,0.00,0.00,,,,,,,,,,,,,,,,,,,Liga Profesional de Fútbol Argentina,2026
fab2776f,Julián Kadijevic,Julián Kadijevic,ar ARG,GK,Gimnasia–LP,22-077,2004,2,1,153,1.7,0,0,0,0,0,0,0,0,0.00,0.00,0.00,0.00,0.00,Matches,,,0,0,,0.00,0.00,0,0.0,2,1,4,2.35,1,153,0,0,0,,0,55.6,5,9,0,0,Liga Profesional de Fútbol Argentina,2026
63b9e3c3,Nsumoh Kalu,Nsumoh Kalu,sk SVK,FW,Deportivo Riestra,24-304,2001,1,0,18,0.2,0,0,0,0,0,0,0,0,0.00,0.00,0.00,0.00,0.00,Matches,,,0,0,,0.00,0.00,,,,,,,,,,,,,,,,,,,Liga Profesional de Fútbol Argentina,2026
143ec41e,Ryoga Kida,Ryoga Kida,jp JPN,FW,Arg Juniors,20-273,2005,5,0,94,1.0,1,0,1,1,0,0,0,0,0.96,0.00,0.96,0.96,0.96,Matches,0.25,0.50,4,2,50.0,1.91,3.83,,,,,,,,,,,,,,,,,,,Liga Profesional de Fútbol Argentina,2026
40b1ca34,Luca Klimowicz,Luca Klimowicz,ar ARG,FW,Instituto,21-330,2004,2,0,11,0.1,0,0,0,0,0,0,0,0,0.00,0.00,0.00,0.00,0.00,Matches,,,0,0,,0.00,0.00,,,,,,,,,,,,,,,,,,,Liga Profesional de Fútbol Argentina,2026
22070e3e,Agustín Ladstatter,Agustín Ladstatter,ar ARG,MF,San Lorenzo,20-313,2005,9,4,395,4.4,0,0,0,0,0,0,0,1,0.00,0.00,0.00,0.00,0.00,Matches,0.00,0.00,8,2,25.0,0.46,1.82,,,,,,,,,,,,,,,,,,,Liga Profesional de Fútbol Argentina,2026
09cdea58,Agustín Lagos,Agustín Lagos,ar ARG,DF,Platense,24-187,2001,5,1,131,1.5,0,0,0,0,0,0,0,0,0.00,0.00,0.00,0.00,0.00,Matches,,,0,0,,0.00,0.00,,,,,,,,,,,,,,,,,,,Liga Profesional de Fútbol Argentina,2026
bde55241,Nicolás Laméndola,Nicolás Laméndola,ar ARG,"MF,FW",Atlé Tucumán,27-123,1998,12,10,868,9.6,1,0,1,1,0,0,4,0,0.10,0.00,0.10,0.10,0.10,Matches,0.11,0.50,9,2,22.2,0.21,0.93,,,,,,,,,,,,,,,,,,,Liga Profesional de Fútbol Argentina,2026
1e9ff026,Leonardo Landriel,Leonardo Landriel,ar ARG,MF,Deportivo Riestra,29-274,1996,2,0,20,0.2,0,0,0,0,0,0,1,0,0.00,0.00,0.00,0.00,0.00,Matches,,,0,0,,0.00,0.00,,,,,,,,,,,,,,,,,,,Liga Profesional de Fútbol Argentina,2026
26f6dca8,Manuel Lanzini,Manuel Lanzini,ar ARG,MF,Vélez Sarsfield,33-058,1993,12,12,962,10.7,3,0,3,3,0,0,1,0,0.28,0.00,0.28,0.28,0.28,Matches,0.19,0.38,16,8,50.0,0.75,1.50,,,,,,,,,,,,,,,,,,,Liga Profesional de Fútbol Argentina,2026
1cb8e301,Alan Laprida,Alan Laprida,ar ARG,MF,Cen. Córdoba–SdE,21-196,2004,7,3,325,3.6,0,0,0,0,0,0,1,0,0.00,0.00,0.00,0.00,0.00,Matches,0.00,,1,0,0.0,0.00,0.28,,,,,,,,,,,,,,,,,,,Liga Profesional de Fútbol Argentina,2026
3c7a3791,Joaquín Laso,Joaquín Laso,ar ARG,DF,Tigre,35-284,1990,12,12,"1,047",11.6,0,0,0,0,0,0,3,0,0.00,0.00,0.00,0.00,0.00,Matches,0.00,,5,0,0.0,0.00,0.43,,,,,,,,,,,,,,,,,,,Liga Profesional de Fútbol Argentina,2026
36fef392,Agustín Lastra,Agustín Lastra,ar ARG,GK,Estudiantes–RC,25-102,2001,8,8,720,8.0,0,0,0,0,0,0,0,0,0.00,0.00,0.00,0.00,0.00,Matches,,,0,0,,0.00,0.00,2,25.0,8,8,10,1.25,6,720,2,2,0,0.0,0,66.7,16,24,1,1,Liga Profesional de Fútbol Argentina,2026
f1a9a9f0,Jeremías Lázaro,Jeremías Lázaro,ar ARG,MF,Instituto,21-290,2004,8,0,160,1.8,0,1,1,0,0,0,0,0,0.00,0.56,0.56,0.00,0.56,Matches,0.00,,1,0,0.0,0.00,0.56,,,,,,,,,,,,,,,,,,,Liga Profesional de Fútbol Argentina,2026
6c4776b1,Jeremías Ledesma,Jeremías Ledesma,ar ARG,GK,Rosario Central,33-060,1993,10,10,900,10.0,0,0,0,0,0,0,0,0,0.00,0.00,0.00,0.00,0.00,Matches,,,0,0,,0.00,0.00,3,30.0,10,10,9,0.90,3,900,0,0,0,,0,78.6,33,42,2,5,Liga Profesional de Fútbol Argentina,2026
702d6920,Tobías Leiva,Tobías Leiva,ar ARG,MF,Estudiantes–RC,22-064,2004,3,0,81,0.9,0,0,0,0,0,0,0,0,0.00,0.00,0.00,0.00,0.00,Matches,0.00,,1,0,0.0,0.00,1.11,,,,,,,,,,,,,,,,,,,Liga Profesional de Fútbol Argentina,2026
e9263403,Gonzalo Lencina,Gonzalo Lencina,ar ARG,FW,Platense,28-178,1997,5,4,310,3.4,0,0,0,0,0,0,0,0,0.00,0.00,0.00,0.00,0.00,Matches,0.00,0.00,5,1,20.0,0.29,1.45,,,,,,,,,,,,,,,,,,,Liga Profesional de Fútbol Argentina,2026
8d88e3be,Santiago Lencina,Santiago Lencina,ar ARG,MF,River Plate,20-222,2005,4,0,67,0.7,0,0,0,0,0,0,0,0,0.00,0.00,0.00,0.00,0.00,Matches,0.00,,1,0,0.0,0.00,1.34,,,,,,,,,,,,,,,,,,,Liga Profesional de Fútbol Argentina,2026
afc6d172,Facundo Lencioni,Facundo Lencioni,ar ARG,MF,Gimnasia–M,25-059,2001,13,13,"1,090",12.1,2,4,6,2,0,0,3,0,0.17,0.33,0.50,0.17,0.50,Matches,0.08,0.25,26,8,30.8,0.66,2.15,,,,,,,,,,,,,,,,,,,Liga Profesional de Fútbol Argentina,2026
b88b1142,Alan Lescano,Alan Lescano,ar ARG,MF,Arg Juniors,24-154,2001,13,13,"1,056",11.7,2,0,2,1,1,1,2,0,0.17,0.00,0.17,0.09,0.09,Matches,0.05,0.13,19,8,42.1,0.68,1.62,,,,,,,,,,,,,,,,,,,Liga Profesional de Fútbol Argentina,2026
75aed4a8,Leandro Lescano,Leandro Lescano,ar ARG,DF,Huracán,23-042,2003,3,2,134,1.5,0,0,0,0,0,0,2,1,0.00,0.00,0.00,0.00,0.00,Matches,0.00,0.00,2,1,50.0,0.67,1.34,,,,,,,,,,,,,,,,,,,Liga Profesional de Fútbol Argentina,2026
07453486,Bruno Leyes,Bruno Leyes,ar ARG,MF,Tigre,24-166,2001,12,11,911,10.1,0,0,0,0,0,0,4,0,0.00,0.00,0.00,0.00,0.00,Matches,0.00,,3,0,0.0,0.00,0.30,,,,,,,,,,,,,,,,,,,Liga Profesional de Fútbol Argentina,2026
6c149b4d,Franco Leys,Franco Leys,ar ARG,MF,Aldosivi,32-178,1993,10,4,479,5.3,0,0,0,0,0,0,1,0,0.00,0.00,0.00,0.00,0.00,Matches,0.00,0.00,2,1,50.0,0.19,0.38,,,,,,,,,,,,,,,,,,,Liga Profesional de Fútbol Argentina,2026
dbc15928,Nicolás Linares,Nicolás Linares,ar ARG,MF,Gimnasia–M,30-039,1996,8,8,652,7.2,0,0,0,0,0,0,2,0,0.00,0.00,0.00,0.00,0.00,Matches,0.00,0.00,3,2,66.7,0.28,0.41,,,,,,,,,,,,,,,,,,,Liga Profesional de Fútbol Argentina,2026
0373879c,Gastón Lodico,Gastón Lodico,ar ARG,MF,Instituto,27-321,1998,11,11,864,9.6,0,0,0,0,0,0,1,0,0.00,0.00,0.00,0.00,0.00,Matches,0.00,0.00,9,4,44.4,0.42,0.94,,,,,,,,,,,,,,,,,,,Liga Profesional de Fútbol Argentina,2026
dd5ddb83,Kevin Lomónaco,Kevin Lomónaco,ar ARG,DF,Independiente,24-096,2002,13,12,"1,041",11.6,0,1,1,0,0,0,3,0,0.00,0.09,0.09,0.00,0.09,Matches,0.00,,5,0,0.0,0.00,0.43,,,,,,,,,,,,,,,,,,,Liga Profesional de Fútbol Argentina,2026
9a102b86,Santiago Longo,Santiago Longo,ar ARG,MF,Belgrano,28-002,1998,8,3,343,3.8,0,0,0,0,0,0,0,0,0.00,0.00,0.00,0.00,0.00,Matches,0.00,0.00,2,1,50.0,0.26,0.52,,,,,,,,,,,,,,,,,,,Liga Profesional de Fútbol Argentina,2026
0c1481b0,Fabricio López,Fabricio López,ar ARG,DF,San Lorenzo,23-144,2002,5,2,263,2.9,0,0,0,0,0,0,1,0,0.00,0.00,0.00,0.00,0.00,Matches,0.00,,3,0,0.0,0.00,1.03,,,,,,,,,,,,,,,,,,,Liga Profesional de Fútbol Argentina,2026
698923cf,Julián López,Julián López,ar ARG,MF,Defensa y Justicia,26-096,2000,7,1,250,2.8,0,0,0,0,0,0,0,0,0.00,0.00,0.00,0.00,0.00,Matches,,,0,0,,0.00,0.00,,,,,,,,,,,,,,,,,,,Liga Profesional de Fútbol Argentina,2026
8320fe65,Lisandro López,Lisandro López,ar ARG,DF,Belgrano,36-225,1989,9,9,748,8.3,0,0,0,0,0,0,2,0,0.00,0.00,0.00,0.00,0.00,Matches,0.00,0.00,8,3,37.5,0.36,0.96,,,,,,,,,,,,,,,,,,,Liga Profesional de Fútbol Argentina,2026
2f72b86c,Marcos López,Marcos López,ar ARG,DF,Banfield,19-183,2006,1,0,9,0.1,0,0,0,0,0,0,1,0,0.00,0.00,0.00,0.00,0.00,Matches,,,0,0,,0.00,0.00,,,,,,,,,,,,,,,,,,,Liga Profesional de Fútbol Argentina,2026
2e8597d8,Hernán López Muñoz,Hernán López Muñoz,ar ARG,"MF,FW",Arg Juniors,25-219,2000,10,10,705,7.8,2,2,4,2,0,0,0,1,0.26,0.26,0.51,0.26,0.51,Matches,0.08,0.20,24,10,41.7,1.28,3.06,,,,,,,,,,,,,,,,,,,Liga Profesional de Fútbol Argentina,2026
2240f653,Santiago López,Santiago López,ar ARG,"DF,MF",Banfield,28-131,1997,12,12,"1,071",11.9,1,3,4,1,0,0,2,0,0.08,0.25,0.34,0.08,0.34,Matches,0.14,0.50,7,2,28.6,0.17,0.59,,,,,,,,,,,,,,,,,,,Liga Profesional de Fútbol Argentina,2026
0a7d98ae,Santiago López,Santiago López,ar ARG,"MF,FW",Tigre,20-064,2006,12,8,729,8.1,0,2,2,0,0,0,1,0,0.00,0.25,0.25,0.00,0.25,Matches,0.00,0.00,14,3,21.4,0.37,1.73,,,,,,,,,,,,,,,,,,,Liga Profesional de Fútbol Argentina,2026
9b68edc2,Franco Lorenzón,Franco Lorenzón,ar ARG,DF,San Lorenzo,25-026,2001,1,1,90,1.0,0,0,0,0,0,0,1,0,0.00,0.00,0.00,0.00,0.00,Matches,,,0,0,,0.00,0.00,,,,,,,,,,,,,,,,,,,Liga Profesional de Fútbol Argentina,2026
f07d5b4d,Nahuel Losada,Nahuel Losada,ar ARG,GK,Lanús,32-362,1993,11,11,990,11.0,0,0,0,0,0,0,4,0,0.00,0.00,0.00,0.00,0.00,Matches,,,0,0,,0.00,0.00,4,36.4,11,11,13,1.18,3,990,3,3,0,0.0,0,74.4,29,39,3,5,Liga Profesional de Fútbol Argentina,2026
659fa937,Augusto Lotti,Augusto Lotti,it ITA,MF,Platense,29-308,1996,8,1,187,2.1,2,0,2,2,0,0,0,0,0.96,0.00,0.96,0.96,0.96,Matches,0.40,0.67,5,3,60.0,1.44,2.41,,,,,,,,,,,,,,,,,,,Liga Profesional de Fútbol Argentina,2026
35525fb0,Leandro Lozano,Leandro Lozano,uy URU,"DF,MF",Arg Juniors,27-116,1998,10,10,852,9.5,0,1,1,0,0,0,2,0,0.00,0.11,0.11,0.00,0.11,Matches,0.00,0.00,8,2,25.0,0.21,0.85,,,,,,,,,,,,,,,,,,,Liga Profesional de Fútbol Argentina,2026
1fcefc90,Raúl Lozano,Raúl Lozano,ar ARG,DF,Estudiantes–RC,28-224,1997,4,3,282,3.1,0,1,1,0,0,0,0,0,0.00,0.32,0.32,0.00,0.32,Matches,0.00,,3,0,0.0,0.00,0.96,,,,,,,,,,,,,,,,,,,Liga Profesional de Fútbol Argentina,2026
50845a91,Jeremías Lucco,Jeremías Lucco,ar ARG,DF,Belgrano,20-125,2005,1,0,2,0.0,0,0,0,0,0,0,0,0,0.00,0.00,0.00,0.00,0.00,Matches,,,0,0,,0.00,0.00,,,,,,,,,,,,,,,,,,,Liga Profesional de Fútbol Argentina,2026
307002fa,Esteban Lucero,Esteban Lucero,ar ARG,"MF,DF",Defensa y Justicia,20-259,2005,9,5,462,5.1,0,0,0,0,0,0,1,0,0.00,0.00,0.00,0.00,0.00,Matches,0.00,,2,0,0.0,0.00,0.39,,,,,,,,,,,,,,,,,,,Liga Profesional de Fútbol Argentina,2026
2c29ddcc,Martín Luciano,Martín Luciano,ar ARG,"DF,MF",Newell's Old Boys,22-127,2003,6,5,330,3.7,0,0,0,0,0,0,3,0,0.00,0.00,0.00,0.00,0.00,Matches,0.00,0.00,2,1,50.0,0.27,0.55,,,,,,,,,,,,,,,,,,,Liga Profesional de Fútbol Argentina,2026
6bee1610,Juan Ludueña,Juan Ludueña,ar ARG,DF,Unión,23-062,2003,12,10,964,10.7,0,1,1,0,0,0,2,0,0.00,0.09,0.09,0.00,0.09,Matches,0.00,0.00,5,1,20.0,0.09,0.47,,,,,,,,,,,,,,,,,,,Liga Profesional de Fútbol Argentina,2026
eacbb10d,Juan Luis Alfaro,Juan Luis Alfaro,ar ARG,"MF,DF",Banfield,26-180,1999,3,3,171,1.9,0,0,0,0,0,0,1,0,0.00,0.00,0.00,0.00,0.00,Matches,,,0,0,,0.00,0.00,,,,,,,,,,,,,,,,,,,Liga Profesional de Fútbol Argentina,2026
921f6058,José Luis Palomino,José Luis Palomino,ar ARG,DF,Talleres–C,36-099,1990,6,4,390,4.3,0,0,0,0,0,0,0,0,0.00,0.00,0.00,0.00,0.00,Matches,0.00,,5,0,0.0,0.00,1.15,,,,,,,,,,,,,,,,,,,Liga Profesional de Fútbol Argentina,2026
cf85ad26,Alex Luna,Alex Luna,ar ARG,"FW,MF",Instituto,22-014,2004,13,13,"1,066",11.8,5,0,5,3,2,2,4,0,0.42,0.00,0.42,0.25,0.25,Matches,0.08,0.19,38,16,42.1,1.35,3.21,,,,,,,,,,,,,,,,,,,Liga Profesional de Fútbol Argentina,2026
19d9859a,Mauro Luna Diale,Mauro Luna Diale,ar ARG,"FW,MF",Platense,26-353,1999,1,0,12,0.1,0,0,0,0,0,0,0,0,0.00,0.00,0.00,0.00,0.00,Matches,,,0,0,,0.00,0.00,,,,,,,,,,,,,,,,,,,Liga Profesional de Fútbol Argentina,2026
64293bed,Ramiro Macagno,Ramiro Macagno,ar ARG,GK,Ind. Rivadavia,29-027,1997,1,1,13,0.1,0,0,0,0,0,0,0,0,0.00,0.00,0.00,0.00,0.00,Matches,,,0,0,,0.00,0.00,0,0.0,1,1,1,6.92,0,13,0,0,0,,0,0.0,0,1,0,1,Liga Profesional de Fútbol Argentina,2026
37747484,Imanol Machuca,Imanol Machuca,my MAS,MF,Vélez Sarsfield,26-089,2000,4,2,154,1.7,0,0,0,0,0,0,1,0,0.00,0.00,0.00,0.00,0.00,Matches,0.00,,1,0,0.0,0.00,0.58,,,,,,,,,,,,,,,,,,,Liga Profesional de Fútbol Argentina,2026
1522a5cc,Alejandro Maciel,Alejandro Maciel,ar ARG,DF,Cen. Córdoba–SdE,28-357,1997,11,11,990,11.0,0,0,0,0,0,0,5,0,0.00,0.00,0.00,0.00,0.00,Matches,0.00,0.00,5,1,20.0,0.09,0.45,,,,,,,,,,,,,,,,,,,Liga Profesional de Fútbol Argentina,2026
f101b79a,Gonzalo Maffini,Gonzalo Maffini,ar ARG,DF,Estudiantes–RC,33-087,1993,11,11,990,11.0,0,1,1,0,0,0,3,0,0.00,0.09,0.09,0.00,0.09,Matches,0.00,0.00,7,2,28.6,0.18,0.64,,,,,,,,,,,,,,,,,,,Liga Profesional de Fútbol Argentina,2026
01a49bd2,Lisandro Magallán,Lisandro Magallán,ar ARG,DF,Vélez Sarsfield,32-199,1993,12,12,"1,080",12.0,0,1,1,0,0,0,1,0,0.00,0.08,0.08,0.00,0.08,Matches,0.00,,1,0,0.0,0.00,0.08,,,,,,,,,,,,,,,,,,,Liga Profesional de Fútbol Argentina,2026
d51af27a,Pablo Magnín,Pablo Magnín,ar ARG,FW,Sarmiento–J,35-354,1990,1,0,1,0.0,0,0,0,0,0,0,0,0,0.00,0.00,0.00,0.00,0.00,Matches,,,0,0,,0.00,0.00,,,,,,,,,,,,,,,,,,,Liga Profesional de Fútbol Argentina,2026
4d0d5020,Alexandro Maidana,Alexandro Maidana,py PAR,"DF,MF",Talleres–C,20-262,2005,4,3,286,3.2,0,0,0,0,0,0,1,0,0.00,0.00,0.00,0.00,0.00,Matches,0.00,0.00,2,1,50.0,0.31,0.63,,,,,,,,,,,,,,,,,,,Liga Profesional de Fútbol Argentina,2026
c7f7afc5,Guido Mainero,Guido Mainero,ar ARG,MF,Platense,31-022,1995,13,11,855,9.5,0,0,0,0,0,0,1,0,0.00,0.00,0.00,0.00,0.00,Matches,0.00,0.00,7,3,42.9,0.32,0.74,,,,,,,,,,,,,,,,,,,Liga Profesional de Fútbol Argentina,2026
90a0bb3b,Víctor Malcorra,Víctor Malcorra,ar ARG,MF,Independiente,38-264,1987,13,12,"1,064",11.8,1,3,4,1,0,0,2,0,0.08,0.25,0.34,0.08,0.34,Matches,0.04,0.14,27,7,25.9,0.59,2.28,,,,,,,,,,,,,,,,,,,Liga Profesional de Fútbol Argentina,2026
323d23e6,Alexis Maldonado,Alexis Maldonado,ar ARG,DF,Belgrano,28-224,1997,10,9,733,8.1,0,0,0,0,0,0,3,0,0.00,0.00,0.00,0.00,0.00,Matches,0.00,0.00,4,1,25.0,0.12,0.49,,,,,,,,,,,,,,,,,,,Liga Profesional de Fútbol Argentina,2026
d3e5285f,Facundo Mallo,Facundo Mallo,uy URU,DF,Rosario Central,31-088,1995,5,5,421,4.7,0,0,0,0,0,0,0,0,0.00,0.00,0.00,0.00,0.00,Matches,0.00,,2,0,0.0,0.00,0.43,,,,,,,,,,,,,,,,,,,Liga Profesional de Fútbol Argentina,2026
7e927fda,Emanuel Mammana,Emanuel Mammana,ar ARG,DF,Vélez Sarsfield,30-063,1996,12,10,900,10.0,0,0,0,0,0,0,0,0,0.00,0.00,0.00,0.00,0.00,Matches,,,0,0,,0.00,0.00,,,,,,,,,,,,,,,,,,,Liga Profesional de Fútbol Argentina,2026
e1cf57c7,Federico Mancuello,Federico Mancuello,ar ARG,"DF,FW",Independiente,37-019,1989,1,0,7,0.1,0,0,0,0,0,0,0,0,0.00,0.00,0.00,0.00,0.00,Matches,,,0,0,,0.00,0.00,,,,,,,,,,,,,,,,,,,Liga Profesional de Fútbol Argentina,2026
e2d40bc5,Eros Mancuso,Eros Mancuso,ar ARG,DF,Estudiantes–LP,26-362,1999,11,4,504,5.6,0,0,0,0,0,0,3,0,0.00,0.00,0.00,0.00,0.00,Matches,0.00,0.00,4,1,25.0,0.18,0.71,,,,,,,,,,,,,,,,,,,Liga Profesional de Fútbol Argentina,2026
488f3ee3,Facundo Mansilla,Facundo Mansilla,ar ARG,DF,Cen. Córdoba–SdE,27-046,1999,12,12,"1,023",11.4,0,0,0,0,0,0,1,0,0.00,0.00,0.00,0.00,0.00,Matches,0.00,0.00,3,1,33.3,0.09,0.26,,,,,,,,,,,,,,,,,,,Liga Profesional de Fútbol Argentina,2026
30c0c914,Matías Mansilla,Matías Mansilla,ar ARG,GK,Unión,30-058,1996,13,13,"1,170",13.0,0,0,0,0,0,0,2,0,0.00,0.00,0.00,0.00,0.00,Matches,,,0,0,,0.00,0.00,5,38.5,13,13,14,1.08,4,"1,170",1,1,0,0.0,0,75.0,39,52,4,5,Liga Profesional de Fútbol Argentina,2026
aac4529a,Juan Manuel Cabrera,Juan Manuel Cabrera,ar ARG,DF,Sarmiento–J,26-035,2000,7,3,344,3.8,0,0,0,0,0,0,2,0,0.00,0.00,0.00,0.00,0.00,Matches,0.00,,1,0,0.0,0.00,0.26,,,,,,,,,,,,,,,,,,,Liga Profesional de Fútbol Argentina,2026
7b05e904,Juan Manuel Elordi,Juan Manuel Elordi,ar ARG,"DF,MF",Ind. Rivadavia,31-236,1994,12,10,890,9.9,1,1,2,1,0,0,1,0,0.10,0.10,0.20,0.10,0.20,Matches,0.07,0.17,14,6,42.9,0.61,1.42,,,,,,,,,,,,,,,,,,,Liga Profesional de Fútbol Argentina,2026
deb82749,Juan Manuel Insaurralde,Juan Manuel Insaurralde,ar ARG,DF,Sarmiento–J,41-193,1984,10,10,869,9.7,0,0,0,0,0,0,4,1,0.00,0.00,0.00,0.00,0.00,Matches,0.00,0.00,5,1,20.0,0.10,0.52,,,,,,,,,,,,,,,,,,,Liga Profesional de Fútbol Argentina,2026
47b94865,Junior Marabel,Junior Marabel,py PAR,FW,Sarmiento–J,28-019,1998,12,10,842,9.4,6,2,8,4,2,2,1,0,0.64,0.21,0.86,0.43,0.64,Matches,0.17,0.36,23,11,47.8,1.18,2.46,,,,,,,,,,,,,,,,,,,Liga Profesional de Fútbol Argentina,2026
853b7c48,Agustín Marchesín,Agustín Marchesín,ar ARG,GK,Boca Juniors,38-029,1988,12,12,"1,071",11.9,0,0,0,0,0,0,0,0,0.00,0.00,0.00,0.00,0.00,Matches,,,0,0,,0.00,0.00,6,50.0,12,12,8,0.67,2,"1,071",0,0,0,,0,76.5,26,34,6,4,Liga Profesional de Fútbol Argentina,2026
aa1f30ec,Leonardo Marchi,Leonardo Marchi,ar ARG,DF,Cen. Córdoba–SdE,29-209,1996,3,2,159,1.8,0,0,0,0,0,0,1,0,0.00,0.00,0.00,0.00,0.00,Matches,,,0,0,,0.00,0.00,,,,,,,,,,,,,,,,,,,Liga Profesional de Fútbol Argentina,2026
6d8d706a,Sasha Marcich,Sasha Marcich,ar ARG,DF,Lanús,27-320,1998,12,11,963,10.7,1,1,2,1,0,0,3,0,0.09,0.09,0.19,0.09,0.19,Matches,0.25,1.00,4,1,25.0,0.09,0.37,,,,,,,,,,,,,,,,,,,Liga Profesional de Fútbol Argentina,2026
b14f755d,Iván Marcone,Iván Marcone,ar ARG,MF,Independiente,35-315,1990,11,10,882,9.8,1,0,1,1,0,0,3,0,0.10,0.00,0.10,0.10,0.10,Matches,0.14,0.33,7,3,42.9,0.31,0.71,,,,,,,,,,,,,,,,,,,Liga Profesional de Fútbol Argentina,2026
e01ca8f4,Gonzalo Maroni,Gonzalo Maroni,ar ARG,"MF,FW",Barracas Central,27-027,1999,8,3,374,4.2,1,0,1,1,0,0,2,0,0.24,0.00,0.24,0.24,0.24,Matches,0.17,0.25,6,4,66.7,0.96,1.44,,,,,,,,,,,,,,,,,,,Liga Profesional de Fútbol Argentina,2026
f4dd01dd,Brandon Márquez,Brandon Márquez,ar ARG,,Sarmiento–J,21-051,2005,3,0,50,0.6,0,0,0,0,0,0,1,0,0.00,0.00,0.00,0.00,0.00,Matches,,,0,0,,0.00,0.00,,,,,,,,,,,,,,,,,,,Liga Profesional de Fútbol Argentina,2026
ad6df5d4,Rodrigo Márquez,Rodrigo Márquez,ar ARG,FW,Aldosivi,24-058,2002,4,0,118,1.3,0,0,0,0,0,0,0,0,0.00,0.00,0.00,0.00,0.00,Matches,0.00,0.00,2,1,50.0,0.76,1.53,,,,,,,,,,,,,,,,,,,Liga Profesional de Fútbol Argentina,2026
6c513f98,Adrián Martínez,Adrián Martínez,ar ARG,FW,Racing Club,33-281,1992,11,10,882,9.8,4,0,4,3,1,2,3,0,0.41,0.00,0.41,0.31,0.31,Matches,0.12,0.38,26,8,30.8,0.82,2.65,,,,,,,,,,,,,,,,,,,Liga Profesional de Fútbol Argentina,2026
26f76d7b,Alejandro Martínez,Alejandro Martínez,ar ARG,"MF,FW",Huracán,28-363,1997,9,5,385,4.3,0,0,0,0,0,0,0,0,0.00,0.00,0.00,0.00,0.00,Matches,0.00,,4,0,0.0,0.00,0.94,,,,,,,,,,,,,,,,,,,Liga Profesional de Fútbol Argentina,2026
3fd3bf8a,Damián Martínez,Damián Martínez,ar ARG,MF,Barracas Central,36-073,1990,7,5,394,4.4,1,0,1,1,0,0,1,0,0.23,0.00,0.23,0.23,0.23,Matches,0.25,1.00,4,1,25.0,0.23,0.91,,,,,,,,,,,,,,,,,,,Liga Profesional de Fútbol Argentina,2026
88473525,Enzo Martínez,Enzo Martínez,uy URU,DF,Gimnasia–LP,27-350,1998,12,12,"1,080",12.0,2,0,2,2,0,0,3,0,0.17,0.00,0.17,0.17,0.17,Matches,0.33,0.67,6,3,50.0,0.25,0.50,,,,,,,,,,,,,,,,,,,Liga Profesional de Fútbol Argentina,2026
feda6a9c,Fernando Martínez,Fernando Martínez,ar ARG,MF,Cen. Córdoba–SdE,25-261,2000,10,2,253,2.8,0,0,0,0,0,0,0,0,0.00,0.00,0.00,0.00,0.00,Matches,,,0,0,,0.00,0.00,,,,,,,,,,,,,,,,,,,Liga Profesional de Fútbol Argentina,2026
6027a024,Mauricio Martínez,Mauricio Martínez,ar ARG,MF,Sarmiento–J,33-053,1993,8,3,389,4.3,0,0,0,0,0,0,0,0,0.00,0.00,0.00,0.00,0.00,Matches,0.00,0.00,8,2,25.0,0.46,1.85,,,,,,,,,,,,,,,,,,,Liga Profesional de Fútbol Argentina,2026
3ec3c1c9,Lucas Martínez Quarta,Lucas Martínez Quarta,ar ARG,DF,River Plate,29-339,1996,13,13,"1,160",12.9,1,0,1,1,0,0,3,0,0.08,0.00,0.08,0.08,0.08,Matches,0.10,0.33,10,3,30.0,0.23,0.78,,,,,,,,,,,,,,,,,,,Liga Profesional de Fútbol Argentina,2026
278f93a4,Ronaldo Martínez,Ronaldo Martínez,py PAR,FW,Talleres–C,29-354,1996,12,12,951,10.6,2,1,3,2,0,0,0,0,0.19,0.09,0.28,0.19,0.28,Matches,0.10,0.18,21,11,52.4,1.04,1.99,,,,,,,,,,,,,,,,,,,Liga Profesional de Fútbol Argentina,2026
2d4eefca,Gastón Martirena,Gastón Martirena,uy URU,"MF,DF",Racing Club,26-099,2000,5,3,292,3.2,0,0,0,0,0,0,0,0,0.00,0.00,0.00,0.00,0.00,Matches,0.00,0.00,3,1,33.3,0.31,0.92,,,,,,,,,,,,,,,,,,,Liga Profesional de Fútbol Argentina,2026
02812c91,Thomás de Martis,Thomás de Martis,ar ARG,FW,Lanús,17-292,2008,4,0,81,0.9,0,0,0,0,0,0,0,0,0.00,0.00,0.00,0.00,0.00,Matches,0.00,,1,0,0.0,0.00,1.11,,,,,,,,,,,,,,,,,,,Liga Profesional de Fútbol Argentina,2026
6f7b13ae,Agustín Massaccesi,Agustín Massaccesi,ar ARG,DF,Instituto,23-209,2002,2,2,147,1.6,0,0,0,0,0,0,0,0,0.00,0.00,0.00,0.00,0.00,Matches,0.00,0.00,1,1,100.0,0.61,0.61,,,,,,,,,,,,,,,,,,,Liga Profesional de Fútbol Argentina,2026
4c73909e,Diego Mastrángelo,Diego Mastrángelo,ar ARG,DF,Gimnasia–LP,23-158,2002,5,0,89,1.0,0,0,0,0,0,0,1,0,0.00,0.00,0.00,0.00,0.00,Matches,0.00,0.00,1,1,100.0,1.01,1.01,,,,,,,,,,,,,,,,,,,Liga Profesional de Fútbol Argentina,2026
24377e64,Guillermo Matías Fernández,Guillermo Matías Fernández,ar ARG,MF,Rosario Central,34-185,1991,7,3,286,3.2,0,0,0,0,0,0,2,0,0.00,0.00,0.00,0.00,0.00,Matches,0.00,,1,0,0.0,0.00,0.31,,,,,,,,,,,,,,,,,,,Liga Profesional de Fútbol Argentina,2026
25879068,Jerónimo Mattar,Jerónimo Mattar,ar ARG,MF,Newell's Old Boys,17-250,2008,10,5,537,6.0,0,0,0,0,0,0,2,0,0.00,0.00,0.00,0.00,0.00,Matches,0.00,0.00,6,2,33.3,0.34,1.01,,,,,,,,,,,,,,,,,,,Liga Profesional de Fútbol Argentina,2026
b7512abc,Julián Mavilla,Julián Mavilla,ar ARG,MF,Belgrano,25-352,2000,5,1,223,2.5,1,0,1,1,0,0,0,0,0.40,0.00,0.40,0.40,0.40,Matches,1.00,1.00,1,1,100.0,0.40,0.40,,,,,,,,,,,,,,,,,,,Liga Profesional de Fútbol Argentina,2026
5ae7b5dc,Augusto Max,Augusto Max,ar ARG,MF,Gimnasia–LP,33-247,1992,10,10,847,9.4,0,1,1,0,0,0,5,0,0.00,0.11,0.11,0.00,0.11,Matches,0.00,,1,0,0.0,0.00,0.11,,,,,,,,,,,,,,,,,,,Liga Profesional de Fútbol Argentina,2026
8c004d92,Sergio Maximiliano Ojeda,Sergio Maximiliano Ojeda,ar ARG,DF,Estudiantes–RC,34-100,1992,5,5,450,5.0,0,0,0,0,0,0,1,0,0.00,0.00,0.00,0.00,0.00,Matches,0.00,,2,0,0.0,0.00,0.40,,,,,,,,,,,,,,,,,,,Liga Profesional de Fútbol Argentina,2026
55ce9bfd,Walter Mazzantti,Walter Mazzantti,ar ARG,"MF,FW",Newell's Old Boys,29-221,1996,5,4,351,3.9,1,0,1,1,0,0,0,0,0.26,0.00,0.26,0.26,0.26,Matches,0.25,0.50,4,2,50.0,0.51,1.03,,,,,,,,,,,,,,,,,,,Liga Profesional de Fútbol Argentina,2026
55ce9bfd,Walter Mazzantti,Walter Mazzantti,ar ARG,"MF,FW",Newell's Old Boys,29-221,1996,5,4,351,3.9,1,0,1,1,0,0,0,0,0.26,0.00,0.26,0.26,0.26,Matches,0.00,,2,0,0.0,0.00,1.29,,,,,,,,,,,,,,,,,,,Liga Profesional de Fútbol Argentina,2026
55ce9bfd,Walter Mazzantti,Walter Mazzantti,ar ARG,MF,Independiente,29-221,1996,6,1,140,1.6,0,0,0,0,0,0,0,0,0.00,0.00,0.00,0.00,0.00,Matches,0.25,0.50,4,2,50.0,0.51,1.03,,,,,,,,,,,,,,,,,,,Liga Profesional de Fútbol Argentina,2026
55ce9bfd,Walter Mazzantti,Walter Mazzantti,ar ARG,MF,Independiente,29-221,1996,6,1,140,1.6,0,0,0,0,0,0,0,0,0.00,0.00,0.00,0.00,0.00,Matches,0.00,,2,0,0.0,0.00,1.29,,,,,,,,,,,,,,,,,,,Liga Profesional de Fútbol Argentina,2026
215cb5d2,Agustín Medina,Agustín Medina,,MF,Lanús,,,9,7,547,6.1,0,0,0,0,0,0,2,0,0.00,0.00,0.00,0.00,0.00,Matches,0.00,0.00,6,1,16.7,0.16,0.99,,,,,,,,,,,,,,,,,,,Liga Profesional de Fútbol Argentina,2026
5a0d551b,Cristian Medina,Cristian Medina,ar ARG,MF,Estudiantes–LP,23-317,2002,5,5,443,4.9,0,1,1,0,0,0,0,0,0.00,0.20,0.20,0.00,0.20,Matches,0.00,0.00,6,3,50.0,0.61,1.22,,,,,,,,,,,,,,,,,,,Liga Profesional de Fútbol Argentina,2026
bd35fdf5,Sebastián Medina,Sebastián Medina,ar ARG,MF,Tigre,26-030,2000,9,2,246,2.7,0,0,0,0,0,0,0,0,0.00,0.00,0.00,0.00,0.00,Matches,0.00,0.00,3,1,33.3,0.37,1.10,,,,,,,,,,,,,,,,,,,Liga Profesional de Fútbol Argentina,2026
57afb75f,Matías Melluso,Matías Melluso,ar ARG,DF,Gimnasia–LP,27-309,1998,1,0,11,0.1,0,0,0,0,0,0,0,0,0.00,0.00,0.00,0.00,0.00,Matches,,,0,0,,0.00,0.00,,,,,,,,,,,,,,,,,,,Liga Profesional de Fútbol Argentina,2026
5a39b971,Armando Méndez,Armando Méndez,uy URU,DF,Newell's Old Boys,30-014,1996,11,11,929,10.3,0,0,0,0,0,0,3,1,0.00,0.00,0.00,0.00,0.00,Matches,0.00,0.00,8,1,12.5,0.10,0.78,,,,,,,,,,,,,,,,,,,Liga Profesional de Fútbol Argentina,2026
12e579fa,Mauro Méndez,Mauro Méndez,uy URU,FW,Banfield,27-087,1999,12,12,"1,024",11.4,6,3,9,6,0,0,2,0,0.53,0.26,0.79,0.53,0.79,Matches,0.22,0.50,27,12,44.4,1.05,2.37,,,,,,,,,,,,,,,,,,,Liga Profesional de Fútbol Argentina,2026
881aa581,Mateo Mendía,Mateo Mendía,ar ARG,DF,Platense,22-070,2004,1,1,90,1.0,0,0,0,0,0,0,0,0,0.00,0.00,0.00,0.00,0.00,Matches,0.00,,1,0,0.0,0.00,1.00,,,,,,,,,,,,,,,,,,,Liga Profesional de Fútbol Argentina,2026
428cb878,Lucas Menossi,Lucas Menossi,ar ARG,MF,Unión,33-277,1992,1,0,5,0.1,0,0,0,0,0,0,0,0,0.00,0.00,0.00,0.00,0.00,Matches,,,0,0,,0.00,0.00,,,,,,,,,,,,,,,,,,,Liga Profesional de Fútbol Argentina,2026
307224a2,Miguel Merentiel,Miguel Merentiel,uy URU,"FW,MF",Boca Juniors,30-049,1996,10,9,752,8.4,4,2,6,4,0,0,1,0,0.48,0.24,0.72,0.48,0.72,Matches,0.18,0.50,22,8,36.4,0.96,2.63,,,,,,,,,,,,,,,,,,,Liga Profesional de Fútbol Argentina,2026
9b0cafc4,Nicolás Meriano,Nicolás Meriano,ar ARG,DF,Banfield,25-156,2000,8,5,439,4.9,0,0,0,0,0,0,3,2,0.00,0.00,0.00,0.00,0.00,Matches,0.00,,3,0,0.0,0.00,0.62,,,,,,,,,,,,,,,,,,,Liga Profesional de Fútbol Argentina,2026
6a526db6,Bautista Merlini,Bautista Merlini,ar ARG,MF,Platense,30-284,1995,11,3,386,4.3,0,0,0,0,0,0,0,0,0.00,0.00,0.00,0.00,0.00,Matches,0.00,0.00,5,2,40.0,0.47,1.17,,,,,,,,,,,,,,,,,,,Liga Profesional de Fútbol Argentina,2026
f236096a,Jeremias Merlo,Jeremias Merlo,,MF,Gimnasia–LP,,,4,2,127,1.4,0,0,0,0,0,0,0,0,0.00,0.00,0.00,0.00,0.00,Matches,0.00,,4,0,0.0,0.00,2.83,,,,,,,,,,,,,,,,,,,Liga Profesional de Fútbol Argentina,2026
47171e2c,Eric Meza,Eric Meza,ar ARG,DF,Estudiantes–LP,27-006,1999,11,11,834,9.3,0,0,0,0,0,0,5,0,0.00,0.00,0.00,0.00,0.00,Matches,0.00,0.00,14,5,35.7,0.54,1.51,,,,,,,,,,,,,,,,,,,Liga Profesional de Fútbol Argentina,2026
05df2936,Juan Meza,Juan Meza,ar ARG,MF,River Plate,18-031,2008,2,0,69,0.8,0,2,2,0,0,0,1,0,0.00,2.61,2.61,0.00,2.61,Matches,0.00,,2,0,0.0,0.00,2.61,,,,,,,,,,,,,,,,,,,Liga Profesional de Fútbol Argentina,2026
a3f3cf7a,Sebastián Meza,Sebastián Meza,ar ARG,GK,Huracán,26-031,2000,1,1,90,1.0,0,0,0,0,0,0,1,0,0.00,0.00,0.00,0.00,0.00,Matches,,,0,0,,0.00,0.00,1,100.0,1,1,0,0.00,0,90,0,0,0,,0,100.0,1,1,1,0,Liga Profesional de Fútbol Argentina,2026
74b76abc,Matko Miljevic,Matko Miljevic,us USA,MF,Racing Club,24-340,2001,10,8,547,6.1,0,0,0,0,0,0,5,1,0.00,0.00,0.00,0.00,0.00,Matches,0.00,0.00,21,9,42.9,1.48,3.46,,,,,,,,,,,,,,,,,,,Liga Profesional de Fútbol Argentina,2026
58d81550,Lautaro Millán,Lautaro Millán,cl CHI,MF,Independiente,20-241,2005,11,9,664,7.4,0,1,1,0,0,0,4,0,0.00,0.14,0.14,0.00,0.14,Matches,0.00,0.00,8,2,25.0,0.27,1.08,,,,,,,,,,,,,,,,,,,Liga Profesional de Fútbol Argentina,2026
15bf7de8,Dardo Miloc,Dardo Miloc,ar ARG,MF,Barracas Central,35-180,1990,12,8,789,8.8,0,0,0,0,0,0,3,0,0.00,0.00,0.00,0.00,0.00,Matches,0.00,0.00,1,1,100.0,0.11,0.11,,,,,,,,,,,,,,,,,,,Liga Profesional de Fútbol Argentina,2026
ee2bdcb7,Facundo Miño,Facundo Miño,ar ARG,DF,Deportivo Riestra,26-180,1999,12,7,680,7.6,0,0,0,0,0,0,4,0,0.00,0.00,0.00,0.00,0.00,Matches,0.00,0.00,2,1,50.0,0.13,0.26,,,,,,,,,,,,,,,,,,,Liga Profesional de Fútbol Argentina,2026
3372ab71,Marcelo Miño,Marcelo Miño,ar ARG,GK,Barracas Central,28-236,1997,11,11,979,10.9,0,0,0,0,0,0,1,0,0.00,0.00,0.00,0.00,0.00,Matches,,,0,0,,0.00,0.00,3,27.3,11,11,9,0.83,4,979,0,0,0,,0,84.5,49,58,4,3,Liga Profesional de Fútbol Argentina,2026
e43a4083,Ignacio Miramon,Ignacio Miramon,ar ARG,MF,Gimnasia–LP,22-306,2003,7,5,421,4.7,0,0,0,0,0,0,4,0,0.00,0.00,0.00,0.00,0.00,Matches,0.00,,3,0,0.0,0.00,0.64,,,,,,,,,,,,,,,,,,,Liga Profesional de Fútbol Argentina,2026
be06718c,Juan Miritello,Juan Miritello,ar ARG,FW,Defensa y Justicia,27-065,1999,6,5,389,4.3,2,0,2,2,0,0,0,0,0.46,0.00,0.46,0.46,0.46,Matches,0.40,1.00,5,2,40.0,0.46,1.16,,,,,,,,,,,,,,,,,,,Liga Profesional de Fútbol Argentina,2026
eb0aabdd,Agustín Módica,Agustín Módica,ar ARG,FW,Gimnasia–M,23-092,2003,10,9,683,7.6,3,0,3,3,0,0,2,0,0.40,0.00,0.40,0.40,0.40,Matches,0.14,0.23,21,13,61.9,1.71,2.77,,,,,,,,,,,,,,,,,,,Liga Profesional de Fútbol Argentina,2026
d3134e28,Tomás Molina,Tomás Molina,ar ARG,FW,Arg Juniors,31-002,1995,8,6,572,6.4,1,0,1,1,0,1,3,0,0.16,0.00,0.16,0.16,0.16,Matches,0.04,0.11,24,9,37.5,1.42,3.78,,,,,,,,,,,,,,,,,,,Liga Profesional de Fútbol Argentina,2026
e3c45b18,Manuel Mónaco,Manuel Mónaco,ar ARG,MF,Sarmiento–J,23-338,2002,1,0,26,0.3,0,0,0,0,0,0,1,0,0.00,0.00,0.00,0.00,0.00,Matches,,,0,0,,0.00,0.00,,,,,,,,,,,,,,,,,,,Liga Profesional de Fútbol Argentina,2026
7c69e3c8,Diego Mondino,Diego Mondino,ar ARG,DF,Gimnasia–M,31-151,1994,8,6,603,6.7,0,0,0,0,0,0,2,0,0.00,0.00,0.00,0.00,0.00,Matches,,,0,0,,0.00,0.00,,,,,,,,,,,,,,,,,,,Liga Profesional de Fútbol Argentina,2026
37077a8b,Pablo Monje,Pablo Monje,ar ARG,MF,Deportivo Riestra,29-067,1997,12,9,770,8.6,0,0,0,0,0,0,1,0,0.00,0.00,0.00,0.00,0.00,Matches,0.00,,5,0,0.0,0.00,0.58,,,,,,,,,,,,,,,,,,,Liga Profesional de Fútbol Argentina,2026
3d72b784,Lautaro Montenegro,Lautaro Montenegro,ar ARG,DF,San Lorenzo,21-047,2005,2,2,180,2.0,0,0,0,0,0,0,1,0,0.00,0.00,0.00,0.00,0.00,Matches,,,0,0,,0.00,0.00,,,,,,,,,,,,,,,,,,,Liga Profesional de Fútbol Argentina,2026
374d5158,Gonzalo Montiel,Gonzalo Montiel,ar ARG,DF,River Plate,29-103,1997,12,12,"1,079",12.0,4,1,5,2,2,2,3,0,0.33,0.08,0.42,0.17,0.25,Matches,0.14,0.40,14,5,35.7,0.42,1.17,,,,,,,,,,,,,,,,,,,Liga Profesional de Fútbol Argentina,2026
8f2ac304,Santiago Montiel,Santiago Montiel,ar ARG,"MF,FW",Independiente,25-143,2000,8,6,484,5.4,1,1,2,1,0,0,1,1,0.19,0.19,0.37,0.19,0.37,Matches,0.06,0.14,17,7,41.2,1.30,3.16,,,,,,,,,,,,,,,,,,,Liga Profesional de Fútbol Argentina,2026
31d67d65,Florián Monzón,Florián Monzón,ar ARG,FW,Vélez Sarsfield,25-101,2001,10,9,738,8.2,3,0,3,3,0,0,2,0,0.37,0.00,0.37,0.37,0.37,Matches,0.19,0.33,16,9,56.3,1.10,1.95,,,,,,,,,,,,,,,,,,,Liga Profesional de Fútbol Argentina,2026
7d270ea5,Lautaro Mora,Lautaro Mora,ar ARG,FW,Huracán,20-048,2006,5,0,52,0.6,0,0,0,0,0,0,1,0,0.00,0.00,0.00,0.00,0.00,Matches,0.00,,1,0,0.0,0.00,1.73,,,,,,,,,,,,,,,,,,,Liga Profesional de Fútbol Argentina,2026
20c48446,Agustín Morales,Agustín Morales,ar ARG,FW,Estudiantes–RC,27-059,1999,1,0,14,0.2,0,0,0,0,0,0,0,0,0.00,0.00,0.00,0.00,0.00,Matches,,,0,0,,0.00,0.00,,,,,,,,,,,,,,,,,,,Liga Profesional de Fútbol Argentina,2026
3468cf5d,Iván Morales Bravo,Iván Morales Bravo,cl CHI,FW,Arg Juniors,26-259,1999,8,6,508,5.6,1,1,2,1,0,0,0,0,0.18,0.18,0.35,0.18,0.35,Matches,0.13,0.33,8,3,37.5,0.53,1.42,,,,,,,,,,,,,,,,,,,Liga Profesional de Fútbol Argentina,2026
125e771a,Gonzalo Morales,Gonzalo Morales,ar ARG,FW,Barracas Central,23-041,2003,11,6,561,6.2,1,0,1,1,0,0,1,0,0.16,0.00,0.16,0.16,0.16,Matches,0.09,0.33,11,3,27.3,0.48,1.76,,,,,,,,,,,,,,,,,,,Liga Profesional de Fútbol Argentina,2026
19cf6f7c,Leonardo Morales,Leonardo Morales,ar ARG,DF,Belgrano,35-003,1991,13,13,"1,070",11.9,0,0,0,0,0,0,4,0,0.00,0.00,0.00,0.00,0.00,Matches,0.00,,7,0,0.0,0.00,0.59,,,,,,,,,,,,,,,,,,,Liga Profesional de Fútbol Argentina,2026
b9be93e7,Matías Morello,Matías Morello,ar ARG,"MF,DF",Aldosivi,25-061,2001,3,2,211,2.3,0,0,0,0,0,0,1,0,0.00,0.00,0.00,0.00,0.00,Matches,,,0,0,,0.00,0.00,,,,,,,,,,,,,,,,,,,Liga Profesional de Fútbol Argentina,2026
0c0f1cd3,Aníbal Moreno,Aníbal Moreno,ar ARG,MF,River Plate,26-336,1999,13,13,"1,119",12.4,0,2,2,0,0,0,0,0,0.00,0.16,0.16,0.00,0.16,Matches,0.00,0.00,11,2,18.2,0.16,0.88,,,,,,,,,,,,,,,,,,,Liga Profesional de Fútbol Argentina,2026
058c938c,Marcelino Moreno,Marcelino Moreno,ar ARG,MF,Lanús,31-293,1994,4,4,358,4.0,3,1,4,3,0,0,0,0,0.75,0.25,1.01,0.75,1.01,Matches,0.20,0.33,15,9,60.0,2.26,3.77,,,,,,,,,,,,,,,,,,,Liga Profesional de Fútbol Argentina,2026
7fdcf661,Neyder Moreno,Neyder Moreno,co COL,MF,Banfield,29-064,1997,4,1,95,1.1,0,0,0,0,0,0,1,0,0.00,0.00,0.00,0.00,0.00,Matches,0.00,0.00,2,1,50.0,0.95,1.89,,,,,,,,,,,,,,,,,,,Liga Profesional de Fútbol Argentina,2026
eb55b9f5,Valentín Moreno,Valentín Moreno,ar ARG,DF,Tigre,23-054,2003,7,7,562,6.2,0,0,0,0,0,0,2,0,0.00,0.00,0.00,0.00,0.00,Matches,0.00,0.00,4,2,50.0,0.32,0.64,,,,,,,,,,,,,,,,,,,Liga Profesional de Fútbol Argentina,2026
c24da22e,Stéfano Moreyra,Stéfano Moreyra,ar ARG,MF,Ind. Rivadavia,24-207,2001,5,1,87,1.0,0,0,0,0,0,0,1,0,0.00,0.00,0.00,0.00,0.00,Matches,0.00,,1,0,0.0,0.00,1.03,,,,,,,,,,,,,,,,,,,Liga Profesional de Fútbol Argentina,2026
242d37f3,Nicolás Morgantini,Nicolás Morgantini,ar ARG,DF,Lanús,31-215,1994,2,1,135,1.5,0,0,0,0,0,0,0,0,0.00,0.00,0.00,0.00,0.00,Matches,,,0,0,,0.00,0.00,,,,,,,,,,,,,,,,,,,Liga Profesional de Fútbol Argentina,2026
c072476b,Leonel Mosevich,Leonel Mosevich,ar ARG,DF,Instituto,29-069,1997,13,13,"1,170",13.0,0,0,0,0,0,0,3,0,0.00,0.00,0.00,0.00,0.00,Matches,0.00,0.00,7,1,14.3,0.08,0.54,,,,,,,,,,,,,,,,,,,Liga Profesional de Fútbol Argentina,2026
58754597,Joaquín Mosqueira,Joaquín Mosqueira,ar ARG,MF,Tigre,21-164,2004,4,0,37,0.4,0,0,0,0,0,0,0,0,0.00,0.00,0.00,0.00,0.00,Matches,,,0,0,,0.00,0.00,,,,,,,,,,,,,,,,,,,Liga Profesional de Fútbol Argentina,2026
5da52e88,Jherson Mosquera,Jherson Mosquera,co COL,DF,Newell's Old Boys,26-208,1999,1,1,90,1.0,0,0,0,0,0,0,0,0,0.00,0.00,0.00,0.00,0.00,Matches,,,0,0,,0.00,0.00,,,,,,,,,,,,,,,,,,,Liga Profesional de Fútbol Argentina,2026
0de1d20d,Santiago Moya,Santiago Moya,ar ARG,DF,Aldosivi,22-305,2003,4,4,360,4.0,0,0,0,0,0,0,2,0,0.00,0.00,0.00,0.00,0.00,Matches,0.00,0.00,3,1,33.3,0.25,0.75,,,,,,,,,,,,,,,,,,,Liga Profesional de Fútbol Argentina,2026
5d00dab4,Franco Moyano,Franco Moyano,ar ARG,MF,Instituto,28-213,1997,3,2,129,1.4,0,0,0,0,0,0,1,0,0.00,0.00,0.00,0.00,0.00,Matches,,,0,0,,0.00,0.00,,,,,,,,,,,,,,,,,,,Liga Profesional de Fútbol Argentina,2026
540d11f2,Santiago Moyano,Santiago Moyano,ar ARG,DF,Cen. Córdoba–SdE,28-203,1997,12,12,948,10.5,0,0,0,0,0,0,1,0,0.00,0.00,0.00,0.00,0.00,Matches,0.00,0.00,5,2,40.0,0.19,0.47,,,,,,,,,,,,,,,,,,,Liga Profesional de Fútbol Argentina,2026
e4b8c5b6,Ezequiel Muñoz,Ezequiel Muñoz,ar ARG,DF,Gimnasia–M,35-188,1990,10,10,844,9.4,1,0,1,1,0,0,0,0,0.11,0.00,0.11,0.11,0.11,Matches,0.25,1.00,4,1,25.0,0.11,0.43,,,,,,,,,,,,,,,,,,,Liga Profesional de Fútbol Argentina,2026
a2abe631,Fernando Muslera,Fernando Muslera,uy URU,GK,Estudiantes–LP,39-302,1986,9,9,765,8.5,0,0,0,0,0,0,1,0,0.00,0.00,0.00,0.00,0.00,Matches,,,0,0,,0.00,0.00,4,44.4,9,9,5,0.59,2,765,0,0,0,,0,73.7,14,19,2,5,Liga Profesional de Fútbol Argentina,2026
e4814c20,Facundo Kalinger di Napoli,Facundo Kalinger di Napoli,ar ARG,MF,Huracán,21-074,2005,3,0,35,0.4,0,0,0,0,0,0,0,0,0.00,0.00,0.00,0.00,0.00,Matches,0.00,0.00,2,1,50.0,2.57,5.14,,,,,,,,,,,,,,,,,,,Liga Profesional de Fútbol Argentina,2026
e91c3cc9,Juan Nardoni,Juan Nardoni,ar ARG,MF,Racing Club,23-274,2002,2,2,126,1.4,0,0,0,0,0,0,1,0,0.00,0.00,0.00,0.00,0.00,Matches,0.00,,1,0,0.0,0.00,0.71,,,,,,,,,,,,,,,,,,,Liga Profesional de Fútbol Argentina,2026
a8e4d897,Tomás Nasif,Tomás Nasif,ar ARG,FW,Platense,22-102,2004,9,3,386,4.3,2,0,2,2,0,0,0,0,0.47,0.00,0.47,0.47,0.47,Matches,0.22,0.40,9,5,55.6,1.17,2.10,,,,,,,,,,,,,,,,,,,Liga Profesional de Fútbol Argentina,2026
61c628be,Federico Navarro,Federico Navarro,ar ARG,MF,Rosario Central,26-036,2000,10,3,341,3.8,0,0,0,0,0,0,2,0,0.00,0.00,0.00,0.00,0.00,Matches,,,0,0,,0.00,0.00,,,,,,,,,,,,,,,,,,,Liga Profesional de Fútbol Argentina,2026
0a5103bd,Ezequiel Naya,Ezequiel Naya,ar ARG,FW,Cen. Córdoba–SdE,24-253,2001,8,6,431,4.8,1,0,1,1,0,0,0,0,0.21,0.00,0.21,0.21,0.21,Matches,0.20,0.25,5,4,80.0,0.84,1.04,,,,,,,,,,,,,,,,,,,Liga Profesional de Fútbol Argentina,2026
6afd25e6,Hugo Nervo,Hugo Nervo,ar ARG,DF,Huracán,35-098,1991,6,1,146,1.6,1,0,1,1,0,0,1,0,0.62,0.00,0.62,0.62,0.62,Matches,0.50,0.50,2,2,100.0,1.23,1.23,,,,,,,,,,,,,,,,,,,Liga Profesional de Fútbol Argentina,2026
2a03fb5f,Gabriel Neves,Gabriel Neves,uy URU,MF,Estudiantes–LP,28-246,1997,9,4,326,3.6,0,0,0,0,0,0,1,0,0.00,0.00,0.00,0.00,0.00,Matches,0.00,0.00,2,1,50.0,0.28,0.55,,,,,,,,,,,,,,,,,,,Liga Profesional de Fútbol Argentina,2026
cddd1e30,Franco Nicola,Franco Nicola,uy URU,"MF,FW",Atlé Tucumán,23-361,2002,11,7,597,6.6,1,1,2,1,0,0,0,0,0.15,0.15,0.30,0.15,0.30,Matches,0.06,0.17,16,6,37.5,0.90,2.41,,,,,,,,,,,,,,,,,,,Liga Profesional de Fútbol Argentina,2026
cd00ceea,Gonzalo Nicolás Martínez,Gonzalo Nicolás Martínez,ar ARG,MF,Tigre,32-305,1993,9,2,278,3.1,1,0,1,1,0,0,1,0,0.32,0.00,0.32,0.32,0.32,Matches,0.06,0.17,16,6,37.5,1.94,5.18,,,,,,,,,,,,,,,,,,,Liga Profesional de Fútbol Argentina,2026
cc704b9f,Aaron Nicolás Molinas,Aaron Nicolás Molinas,ar ARG,MF,Defensa y Justicia,25-255,2000,11,11,988,11.0,2,4,6,0,2,2,3,0,0.18,0.36,0.55,0.00,0.36,Matches,0.00,0.00,14,7,50.0,0.64,1.28,,,,,,,,,,,,,,,,,,,Liga Profesional de Fútbol Argentina,2026
da0fc816,Santiago Núñez,Santiago Núñez,ar ARG,DF,Estudiantes–LP,25-350,2000,7,5,424,4.7,1,0,1,1,0,0,4,1,0.21,0.00,0.21,0.21,0.21,Matches,0.13,0.50,8,2,25.0,0.42,1.70,,,,,,,,,,,,,,,,,,,Liga Profesional de Fútbol Argentina,2026
4511b2da,Walter Núñez,Walter Núñez,ar ARG,"MF,FW",Newell's Old Boys,23-060,2003,13,7,686,7.6,1,1,2,1,0,0,2,0,0.13,0.13,0.26,0.13,0.26,Matches,0.06,0.25,16,4,25.0,0.52,2.10,,,,,,,,,,,,,,,,,,,Liga Profesional de Fútbol Argentina,2026
98de4568,Tomás O'Connor,Tomás O'Connor,ar ARG,MF,Gimnasia–M,22-020,2004,3,0,116,1.3,0,0,0,0,0,0,0,0,0.00,0.00,0.00,0.00,0.00,Matches,,,0,0,,0.00,0.00,,,,,,,,,,,,,,,,,,,Liga Profesional de Fútbol Argentina,2026
2ce68c10,Gabriel Obredor,Gabriel Obredor,ar ARG,FW,Deportivo Riestra,29-098,1997,13,2,443,4.9,0,0,0,0,0,0,2,0,0.00,0.00,0.00,0.00,0.00,Matches,0.00,0.00,10,3,30.0,0.61,2.03,,,,,,,,,,,,,,,,,,,Liga Profesional de Fútbol Argentina,2026
a86da4e7,Álvaro Ocampo,Álvaro Ocampo,ar ARG,DF,Belgrano,21-276,2004,5,2,241,2.7,0,0,0,0,0,0,0,0,0.00,0.00,0.00,0.00,0.00,Matches,,,0,0,,0.00,0.00,,,,,,,,,,,,,,,,,,,Liga Profesional de Fútbol Argentina,2026
ab874ea3,Pedro Ojeda,Pedro Ojeda,ar ARG,MF,Huracán,28-160,1997,12,12,978,10.9,0,2,2,0,0,0,2,0,0.00,0.18,0.18,0.00,0.18,Matches,0.00,0.00,7,2,28.6,0.18,0.64,,,,,,,,,,,,,,,,,,,Liga Profesional de Fútbol Argentina,2026
3075d81a,Tomás Olmos,Tomás Olmos,ar ARG,DF,Estudiantes–RC,21-082,2005,3,2,164,1.8,0,0,0,0,0,0,1,0,0.00,0.00,0.00,0.00,0.00,Matches,,,0,0,,0.00,0.00,,,,,,,,,,,,,,,,,,,Liga Profesional de Fútbol Argentina,2026
b1665f1b,Nicolás Omar Goitea,Nicolás Omar Goitea,ar ARG,DF,Newell's Old Boys,28-307,1997,8,7,675,7.5,0,0,0,0,0,0,0,0,0.00,0.00,0.00,0.00,0.00,Matches,0.00,,1,0,0.0,0.00,0.13,,,,,,,,,,,,,,,,,,,Liga Profesional de Fútbol Argentina,2026
c4263233,Nicolás Oróz,Nicolás Oróz,ar ARG,MF,Arg Juniors,32-013,1994,12,10,833,9.3,2,2,4,1,1,1,0,0,0.22,0.22,0.43,0.11,0.32,Matches,0.11,0.25,9,4,44.4,0.43,0.97,,,,,,,,,,,,,,,,,,,Liga Profesional de Fútbol Argentina,2026
42d44ed9,Franco Orozco,Franco Orozco,ar ARG,"FW,MF",Newell's Old Boys,24-095,2002,3,0,75,0.8,0,0,0,0,0,0,0,0,0.00,0.00,0.00,0.00,0.00,Matches,,,0,0,,0.00,0.00,,,,,,,,,,,,,,,,,,,Liga Profesional de Fútbol Argentina,2026
68acce47,Martín Ortega,Martín Ortega,ar ARG,DF,Newell's Old Boys,26-237,1999,2,1,105,1.2,0,0,0,0,0,0,0,0,0.00,0.00,0.00,0.00,0.00,Matches,0.00,,1,0,0.0,0.00,0.86,,,,,,,,,,,,,,,,,,,Liga Profesional de Fútbol Argentina,2026
265893e5,Diego Ortegoza,Diego Ortegoza,cl CHI,MF,Talleres–C,28-360,1997,12,10,796,8.8,0,2,2,0,0,0,2,0,0.00,0.23,0.23,0.00,0.23,Matches,0.00,0.00,17,4,23.5,0.45,1.92,,,,,,,,,,,,,,,,,,,Liga Profesional de Fútbol Argentina,2026
1ed313b7,Kevin Ortíz,Kevin Ortíz,ar ARG,MF,Atlé Tucumán,25-208,2000,10,9,823,9.1,0,1,1,0,0,0,2,1,0.00,0.11,0.11,0.00,0.11,Matches,0.00,0.00,6,1,16.7,0.11,0.66,,,,,,,,,,,,,,,,,,,Liga Profesional de Fútbol Argentina,2026
e80ed3fa,Tomás Ortiz,Tomás Ortiz,ar ARG,MF,Gimnasia–M,26-035,2000,1,0,19,0.2,0,0,0,0,0,0,0,0,0.00,0.00,0.00,0.00,0.00,Matches,0.00,,1,0,0.0,0.00,4.74,,,,,,,,,,,,,,,,,,,Liga Profesional de Fútbol Argentina,2026
783586ee,Alejo Osella,Alejo Osella,ar ARG,"DF,MF",Ind. Rivadavia,25-196,2000,11,10,772,8.6,4,0,4,4,0,0,0,0,0.47,0.00,0.47,0.47,0.47,Matches,0.24,0.57,17,7,41.2,0.82,1.98,,,,,,,,,,,,,,,,,,,Liga Profesional de Fútbol Argentina,2026
8d69f8f3,Abiel Osorio,Abiel Osorio,ar ARG,FW,Defensa y Justicia,23-305,2002,4,3,185,2.1,0,0,0,0,0,0,0,0,0.00,0.00,0.00,0.00,0.00,Matches,0.00,0.00,3,3,100.0,1.46,1.46,,,,,,,,,,,,,,,,,,,Liga Profesional de Fútbol Argentina,2026
759b7576,Tobías Ostchega,Tobías Ostchega,ar ARG,DF,Estudiantes–RC,27-232,1998,11,9,799,8.9,0,0,0,0,0,0,2,0,0.00,0.00,0.00,0.00,0.00,Matches,0.00,0.00,11,2,18.2,0.23,1.24,,,,,,,,,,,,,,,,,,,Liga Profesional de Fútbol Argentina,2026
7196ad22,Ignacio Ovando,Ignacio Ovando,ar ARG,DF,Rosario Central,18-289,2007,11,11,990,11.0,1,0,1,1,0,0,1,0,0.09,0.00,0.09,0.09,0.09,Matches,0.14,1.00,7,1,14.3,0.09,0.64,,,,,,,,,,,,,,,,,,,Liga Profesional de Fútbol Argentina,2026
2fafa9ad,Alfio Oviedo,Alfio Oviedo,py PAR,FW,Tigre,30-117,1995,9,2,281,3.1,1,0,1,1,0,0,2,0,0.32,0.00,0.32,0.32,0.32,Matches,0.20,0.33,5,3,60.0,0.96,1.60,,,,,,,,,,,,,,,,,,,Liga Profesional de Fútbol Argentina,2026
7a39f13b,Fabricio Oviedo,Fabricio Oviedo,ar ARG,FW,Rosario Central,22-061,2004,1,0,1,0.0,0,0,0,0,0,0,0,0,0.00,0.00,0.00,0.00,0.00,Matches,,,0,0,,0.00,0.00,,,,,,,,,,,,,,,,,,,Liga Profesional de Fútbol Argentina,2026
f3bb9f59,Kendry Páez,Kendry Páez,ec ECU,MF,River Plate,18-345,2007,5,2,205,2.3,0,0,0,0,0,0,0,0,0.00,0.00,0.00,0.00,0.00,Matches,0.00,0.00,3,1,33.3,0.44,1.32,,,,,,,,,,,,,,,,,,,Liga Profesional de Fútbol Argentina,2026
0720e2ea,Ignacio Pais,Ignacio Pais,ar ARG,MF,Banfield,25-319,2000,8,8,675,7.5,0,0,0,0,0,0,1,0,0.00,0.00,0.00,0.00,0.00,Matches,0.00,0.00,9,3,33.3,0.40,1.20,,,,,,,,,,,,,,,,,,,Liga Profesional de Fútbol Argentina,2026
37dfd961,Julián Palacios,Julián Palacios,ar ARG,MF,Unión,27-069,1999,12,12,899,10.0,2,4,6,2,0,0,2,0,0.20,0.40,0.60,0.20,0.60,Matches,0.08,0.33,24,6,25.0,0.60,2.40,,,,,,,,,,,,,,,,,,,Liga Profesional de Fútbol Argentina,2026
6d3f6a31,Tiago Palacios,Tiago Palacios,uy URU,"MF,FW",Estudiantes–LP,25-017,2001,10,6,625,6.9,3,1,4,3,0,0,2,0,0.43,0.14,0.58,0.43,0.58,Matches,0.17,0.60,18,5,27.8,0.72,2.59,,,,,,,,,,,,,,,,,,,Liga Profesional de Fútbol Argentina,2026
404101f9,Tomás Palacios,Tomás Palacios,ar ARG,DF,Estudiantes–LP,22-351,2003,10,9,837,9.3,0,0,0,0,0,0,3,1,0.00,0.00,0.00,0.00,0.00,Matches,0.00,,7,0,0.0,0.00,0.75,,,,,,,,,,,,,,,,,,,Liga Profesional de Fútbol Argentina,2026
bfedc251,Agustín Palavecino,Agustín Palavecino,ar ARG,"FW,MF",Aldosivi,23-036,2003,12,8,708,7.9,0,0,0,0,0,0,4,0,0.00,0.00,0.00,0.00,0.00,Matches,0.00,0.00,11,3,27.3,0.38,1.40,,,,,,,,,,,,,,,,,,,Liga Profesional de Fútbol Argentina,2026
d1130a83,Lucas Palavecino,Lucas Palavecino,ar ARG,MF,Banfield,22-178,2003,3,0,85,0.9,0,0,0,0,0,0,0,0,0.00,0.00,0.00,0.00,0.00,Matches,0.00,0.00,1,1,100.0,1.06,1.06,,,,,,,,,,,,,,,,,,,Liga Profesional de Fútbol Argentina,2026
b62ca703,Nicolás Palavecino,Nicolás Palavecino,ar ARG,MF,Unión,23-016,2003,5,0,80,0.9,0,0,0,0,0,0,0,0,0.00,0.00,0.00,0.00,0.00,Matches,0.00,0.00,6,1,16.7,1.13,6.75,,,,,,,,,,,,,,,,,,,Liga Profesional de Fútbol Argentina,2026
90b5bc97,Máximo Palazzo,Máximo Palazzo,ar ARG,DF,Huracán,20-312,2005,3,3,270,3.0,0,0,0,0,0,0,0,0,0.00,0.00,0.00,0.00,0.00,Matches,,,0,0,,0.00,0.00,,,,,,,,,,,,,,,,,,,Liga Profesional de Fútbol Argentina,2026
d2a01eb2,Manuel Panaro,Manuel Panaro,ar ARG,"MF,FW",Gimnasia–LP,23-107,2002,10,10,705,7.8,1,1,2,1,0,0,2,1,0.13,0.13,0.26,0.13,0.26,Matches,0.08,0.33,12,3,25.0,0.38,1.53,,,,,,,,,,,,,,,,,,,Liga Profesional de Fútbol Argentina,2026
de16bb25,Franco Pardo,Franco Pardo,ar ARG,DF,Racing Club,29-009,1997,9,4,472,5.2,0,0,0,0,0,0,2,0,0.00,0.00,0.00,0.00,0.00,Matches,0.00,0.00,1,1,100.0,0.19,0.19,,,,,,,,,,,,,,,,,,,Liga Profesional de Fútbol Argentina,2026
dff153a4,Leandro Paredes,Leandro Paredes,ar ARG,MF,Boca Juniors,31-289,1994,11,9,862,9.6,1,3,4,0,1,1,5,0,0.10,0.31,0.42,0.00,0.31,Matches,0.00,0.00,15,4,26.7,0.42,1.57,,,,,,,,,,,,,,,,,,,Liga Profesional de Fútbol Argentina,2026
d8a6a341,Luciano Paredes,Luciano Paredes,ar ARG,"DF,MF",Gimnasia–M,23-217,2002,11,10,831,9.2,1,0,1,1,0,0,0,0,0.11,0.00,0.11,0.11,0.11,Matches,0.13,0.50,8,2,25.0,0.22,0.87,,,,,,,,,,,,,,,,,,,Liga Profesional de Fútbol Argentina,2026
7e342e54,Nicolás Pasquini,Nicolás Pasquini,ar ARG,"MF,DF",Sarmiento–J,35-102,1991,2,2,179,2.0,0,0,0,0,0,0,0,0,0.00,0.00,0.00,0.00,0.00,Matches,0.00,,1,0,0.0,0.00,0.50,,,,,,,,,,,,,,,,,,,Liga Profesional de Fútbol Argentina,2026
38fb9199,Lucas Passerini,Lucas Passerini,ar ARG,FW,Belgrano,31-272,1994,9,3,360,4.0,0,3,3,0,0,1,0,0,0.00,0.75,0.75,0.00,0.75,Matches,0.00,0.00,11,4,36.4,1.00,2.75,,,,,,,,,,,,,,,,,,,Liga Profesional de Fútbol Argentina,2026
55d7093b,Cristian Paz,Cristian Paz,ar ARG,DF,Deportivo Riestra,30-355,1995,13,13,"1,152",12.8,0,0,0,0,0,0,3,0,0.00,0.00,0.00,0.00,0.00,Matches,,,0,0,,0.00,0.00,,,,,,,,,,,,,,,,,,,Liga Profesional de Fútbol Argentina,2026
42b1a58a,Nehuén Paz,Nehuén Paz,ar ARG,DF,Huracán,32-351,1993,4,4,293,3.3,0,0,0,0,0,0,1,0,0.00,0.00,0.00,0.00,0.00,Matches,0.00,0.00,6,2,33.3,0.61,1.84,,,,,,,,,,,,,,,,,,,Liga Profesional de Fútbol Argentina,2026
0af517c2,Nicolás Paz,Nicolás Paz,ar ARG,DF,Unión,23-180,2002,1,1,65,0.7,0,0,0,0,0,0,0,0,0.00,0.00,0.00,0.00,0.00,Matches,,,0,0,,0.00,0.00,,,,,,,,,,,,,,,,,,,Liga Profesional de Fútbol Argentina,2026
b59f0060,Matías Pellegrini,Matías Pellegrini,ar ARG,"MF,FW",Vélez Sarsfield,25-338,2000,8,6,430,4.8,3,1,4,3,0,0,2,0,0.63,0.21,0.84,0.63,0.84,Matches,0.27,0.60,11,5,45.5,1.05,2.30,,,,,,,,,,,,,,,,,,,Liga Profesional de Fútbol Argentina,2026
18950a80,Marco Pellegrino,Marco Pellegrino,ar ARG,DF,Boca Juniors,23-270,2002,2,2,180,2.0,0,0,0,0,0,0,0,0,0.00,0.00,0.00,0.00,0.00,Matches,0.00,,1,0,0.0,0.00,0.50,,,,,,,,,,,,,,,,,,,Liga Profesional de Fútbol Argentina,2026
d9f256c1,Ignacio Peluffo,Ignacio Peluffo,,FW,Tigre,,,1,0,15,0.2,0,0,0,0,0,0,0,0,0.00,0.00,0.00,0.00,0.00,Matches,,,0,0,,0.00,0.00,,,,,,,,,,,,,,,,,,,Liga Profesional de Fútbol Argentina,2026
1e72d119,Felipe Peña,Felipe Peña,ar ARG,MF,Lanús,25-009,2001,11,4,402,4.5,0,0,0,0,0,0,0,0,0.00,0.00,0.00,0.00,0.00,Matches,0.00,0.00,4,1,25.0,0.22,0.90,,,,,,,,,,,,,,,,,,,Liga Profesional de Fútbol Argentina,2026
31db1f95,Taiel Peralta,Taiel Peralta,ar ARG,MF,Huracán,17-205,2008,6,6,375,4.2,2,0,2,2,0,0,1,1,0.48,0.00,0.48,0.48,0.48,Matches,0.33,1.00,6,2,33.3,0.48,1.44,,,,,,,,,,,,,,,,,,,Liga Profesional de Fútbol Argentina,2026
d27d8a0b,Elías Pereyra,Elías Pereyra,ar ARG,"MF,DF",Defensa y Justicia,27-058,1999,9,6,504,5.6,2,0,2,2,0,0,0,0,0.36,0.00,0.36,0.36,0.36,Matches,0.40,1.00,5,2,40.0,0.36,0.89,,,,,,,,,,,,,,,,,,,Liga Profesional de Fútbol Argentina,2026
71862cd6,Fabio Pereyra,Fabio Pereyra,ar ARG,DF,Huracán,36-073,1990,13,13,"1,170",13.0,0,0,0,0,0,0,1,0,0.00,0.00,0.00,0.00,0.00,Matches,0.00,0.00,5,1,20.0,0.08,0.38,,,,,,,,,,,,,,,,,,,Liga Profesional de Fútbol Argentina,2026
c03bfffd,Joaquín Pereyra,Joaquín Pereyra,ar ARG,DF,Estudiantes–LP,20-302,2005,1,1,61,0.7,0,0,0,0,0,0,1,0,0.00,0.00,0.00,0.00,0.00,Matches,0.00,,1,0,0.0,0.00,1.48,,,,,,,,,,,,,,,,,,,Liga Profesional de Fútbol Argentina,2026
12b4b194,Lautaro Pereyra,Lautaro Pereyra,ar ARG,MF,River Plate,18-017,2008,1,0,7,0.1,0,0,0,0,0,0,0,0,0.00,0.00,0.00,0.00,0.00,Matches,,,0,0,,0.00,0.00,,,,,,,,,,,,,,,,,,,Liga Profesional de Fútbol Argentina,2026
6d27cfc2,Enzo Pérez,Enzo Pérez,ar ARG,MF,Arg Juniors,40-051,1986,4,1,110,1.2,0,0,0,0,0,0,0,0,0.00,0.00,0.00,0.00,0.00,Matches,,,0,0,,0.00,0.00,,,,,,,,,,,,,,,,,,,Liga Profesional de Fútbol Argentina,2026
449f86ae,Ezequiel Pérez,Ezequiel Pérez,ar ARG,MF,Racing Club,17-326,2008,1,0,7,0.1,0,0,0,0,0,0,0,0,0.00,0.00,0.00,0.00,0.00,Matches,,,0,0,,0.00,0.00,,,,,,,,,,,,,,,,,,,Liga Profesional de Fútbol Argentina,2026
ebdd4e9f,Fabricio Pérez,Fabricio Pérez,ar ARG,MF,Estudiantes–LP,20-128,2005,12,10,763,8.5,3,0,3,3,0,0,2,0,0.35,0.00,0.35,0.35,0.35,Matches,0.20,0.43,15,7,46.7,0.83,1.77,,,,,,,,,,,,,,,,,,,Liga Profesional de Fútbol Argentina,2026
cede2aa9,Gonzalo Pérez,Gonzalo Pérez,uy URU,DF,Lanús,25-100,2001,5,1,168,1.9,0,0,0,0,0,0,1,0,0.00,0.00,0.00,0.00,0.00,Matches,,,0,0,,0.00,0.00,,,,,,,,,,,,,,,,,,,Liga Profesional de Fútbol Argentina,2026
ff94c3e2,Juan Pérez,Juan Pérez,co COL,MF,Gimnasia–LP,21-263,2004,3,0,47,0.5,0,0,0,0,0,0,0,0,0.00,0.00,0.00,0.00,0.00,Matches,0.00,0.00,2,1,50.0,1.91,3.83,,,,,,,,,,,,,,,,,,,Liga Profesional de Fútbol Argentina,2026
7e020448,Mateo Pérez,Mateo Pérez,ar ARG,MF,Independiente,20-080,2006,5,2,204,2.3,0,0,0,0,0,0,0,0,0.00,0.00,0.00,0.00,0.00,Matches,0.00,,1,0,0.0,0.00,0.44,,,,,,,,,,,,,,,,,,,Liga Profesional de Fútbol Argentina,2026
78b9a5c4,Tiziano Perrotta,Tiziano Perrotta,ar ARG,FW,Banfield,19-140,2006,9,7,506,5.6,3,1,4,3,0,0,0,0,0.53,0.18,0.71,0.53,0.71,Matches,0.20,0.60,15,5,33.3,0.89,2.67,,,,,,,,,,,,,,,,,,,Liga Profesional de Fútbol Argentina,2026
33359192,Francisco Perruzzi,Francisco Perruzzi,ar ARG,MF,San Lorenzo,24-224,2001,3,0,6,0.1,0,0,0,0,0,0,0,0,0.00,0.00,0.00,0.00,0.00,Matches,,,0,0,,0.00,0.00,,,,,,,,,,,,,,,,,,,Liga Profesional de Fútbol Argentina,2026
e1e47f6e,Ignacio Perruzzi,Ignacio Perruzzi,ar ARG,MF,San Lorenzo,21-009,2005,12,9,789,8.8,0,0,0,0,0,0,2,0,0.00,0.00,0.00,0.00,0.00,Matches,,,0,0,,0.00,0.00,,,,,,,,,,,,,,,,,,,Liga Profesional de Fútbol Argentina,2026
3836b6f6,Franco Petroli,Franco Petroli,ar ARG,GK,Lanús,27-307,1998,1,1,90,1.0,0,0,0,0,0,0,0,0,0.00,0.00,0.00,0.00,0.00,Matches,,,0,0,,0.00,0.00,0,0.0,1,1,1,1.00,0,90,0,0,0,,0,83.3,5,6,1,0,Liga Profesional de Fútbol Argentina,2026
95dc5e14,Lautaro Petruchi,Lautaro Petruchi,ar ARG,GK,Gimnasia–M,27-225,1998,2,2,180,2.0,0,0,0,0,0,0,1,0,0.00,0.00,0.00,0.00,0.00,Matches,,,0,0,,0.00,0.00,0,0.0,2,2,2,1.00,0,180,0,0,0,,0,75.0,6,8,2,0,Liga Profesional de Fútbol Argentina,2026
8c725b43,Germán Pezzella,Germán Pezzella,ar ARG,DF,River Plate,34-291,1991,1,0,45,0.5,0,0,0,0,0,0,0,0,0.00,0.00,0.00,0.00,0.00,Matches,,,0,0,,0.00,0.00,,,,,,,,,,,,,,,,,,,Liga Profesional de Fútbol Argentina,2026
c3fb942c,Juan Pignani,Juan Pignani,ar ARG,DF,Cen. Córdoba–SdE,24-286,2001,8,7,602,6.7,0,0,0,0,0,0,2,1,0.00,0.00,0.00,0.00,0.00,Matches,0.00,,2,0,0.0,0.00,0.30,,,,,,,,,,,,,,,,,,,Liga Profesional de Fútbol Argentina,2026
7799ee6f,Gonzalo Piñeiro,Gonzalo Piñeiro,ar ARG,MF,Tigre,25-193,2000,5,2,158,1.8,0,0,0,0,0,0,3,0,0.00,0.00,0.00,0.00,0.00,Matches,0.00,0.00,1,1,100.0,0.57,0.57,,,,,,,,,,,,,,,,,,,Liga Profesional de Fútbol Argentina,2026
8bd8e620,Lisandro Piñero,Lisandro Piñero,ar ARG,MF,Banfield,18-273,2007,9,4,385,4.3,0,0,0,0,0,0,1,0,0.00,0.00,0.00,0.00,0.00,Matches,0.00,,2,0,0.0,0.00,0.47,,,,,,,,,,,,,,,,,,,Liga Profesional de Fútbol Argentina,2026
27517ef6,Lucas Piovi,Lucas Piovi,ar ARG,MF,Estudiantes–LP,33-237,1992,11,11,902,10.0,0,1,1,0,0,0,2,0,0.00,0.10,0.10,0.00,0.10,Matches,0.00,0.00,8,3,37.5,0.30,0.80,,,,,,,,,,,,,,,,,,,Liga Profesional de Fútbol Argentina,2026
e6ff541d,Bruno Pittón,Bruno Pittón,ar ARG,DF,Unión,33-072,1993,9,3,277,3.1,0,0,0,0,0,0,0,0,0.00,0.00,0.00,0.00,0.00,Matches,,,0,0,,0.00,0.00,,,,,,,,,,,,,,,,,,,Liga Profesional de Fútbol Argentina,2026
363fa6bd,Mauro Pittón,Mauro Pittón,ar ARG,MF,Unión,31-249,1994,13,13,"1,153",12.8,0,0,0,0,0,0,3,0,0.00,0.00,0.00,0.00,0.00,Matches,0.00,0.00,13,2,15.4,0.16,1.01,,,,,,,,,,,,,,,,,,,Liga Profesional de Fútbol Argentina,2026
464e03ef,Damián Pizarro,Damián Pizarro,cl CHI,FW,Racing Club,21-017,2005,2,2,115,1.3,0,1,1,0,0,0,0,0,0.00,0.78,0.78,0.00,0.78,Matches,0.00,0.00,2,2,100.0,1.57,1.57,,,,,,,,,,,,,,,,,,,Liga Profesional de Fútbol Argentina,2026
dba1f4ca,Vicente Pizarro,Vicente Pizarro,cl CHI,MF,Rosario Central,23-160,2002,13,13,"1,101",12.2,0,1,1,0,0,0,2,0,0.00,0.08,0.08,0.00,0.08,Matches,0.00,0.00,5,1,20.0,0.08,0.41,,,,,,,,,,,,,,,,,,,Liga Profesional de Fútbol Argentina,2026
3ecae01c,Diego Porcel,Diego Porcel,ar ARG,"MF,FW",Arg Juniors,21-083,2005,11,5,486,5.4,0,0,0,0,0,0,0,0,0.00,0.00,0.00,0.00,0.00,Matches,0.00,0.00,12,2,16.7,0.37,2.22,,,,,,,,,,,,,,,,,,,Liga Profesional de Fútbol Argentina,2026
77c42172,Tomás Porra,Tomás Porra,ar ARG,MF,Barracas Central,22-095,2004,13,12,"1,001",11.1,0,3,3,0,0,0,3,0,0.00,0.27,0.27,0.00,0.27,Matches,0.00,0.00,9,1,11.1,0.09,0.81,,,,,,,,,,,,,,,,,,,Liga Profesional de Fútbol Argentina,2026
a1f80904,Ayrton Portillo,Ayrton Portillo,ar ARG,"MF,FW",Defensa y Justicia,25-239,2000,7,7,540,6.0,1,1,2,1,0,0,1,0,0.17,0.17,0.33,0.17,0.33,Matches,0.20,0.50,5,2,40.0,0.33,0.83,,,,,,,,,,,,,,,,,,,Liga Profesional de Fútbol Argentina,2026
2f9ae3a1,Juan Portillo,Juan Portillo,ar ARG,"DF,MF",River Plate,25-331,2000,1,0,16,0.2,0,0,0,0,0,0,0,0,0.00,0.00,0.00,0.00,0.00,Matches,,,0,0,,0.00,0.00,,,,,,,,,,,,,,,,,,,Liga Profesional de Fútbol Argentina,2026
3e0b3184,Sebastián Prieto,Sebastián Prieto,ar ARG,DF,Arg Juniors,33-005,1993,12,11,901,10.0,1,0,1,1,0,0,1,0,0.10,0.00,0.10,0.10,0.10,Matches,0.11,1.00,9,1,11.1,0.10,0.90,,,,,,,,,,,,,,,,,,,Liga Profesional de Fútbol Argentina,2026
d12f8940,Rafael Profini,Rafael Profini,ar ARG,MF,Unión,22-217,2003,13,13,"1,113",12.4,1,5,6,1,0,0,0,0,0.08,0.40,0.49,0.08,0.49,Matches,0.10,0.50,10,2,20.0,0.16,0.81,,,,,,,,,,,,,,,,,,,Liga Profesional de Fútbol Argentina,2026
e1dac904,Maximiliano Puig,Maximiliano Puig,ar ARG,MF,Barracas Central,25-208,2000,2,0,23,0.3,0,0,0,0,0,0,0,0,0.00,0.00,0.00,0.00,0.00,Matches,0.00,,2,0,0.0,0.00,7.83,,,,,,,,,,,,,,,,,,,Liga Profesional de Fútbol Argentina,2026
62437b4f,Ignacio Pussetto,Ignacio Pussetto,ar ARG,MF,Independiente,30-114,1995,10,5,417,4.6,1,0,1,1,0,0,1,0,0.22,0.00,0.22,0.22,0.22,Matches,0.10,0.50,10,2,20.0,0.43,2.16,,,,,,,,,,,,,,,,,,,Liga Profesional de Fútbol Argentina,2026
26176390,Carlos Quintana,Carlos Quintana,ar ARG,DF,Rosario Central,38-062,1988,2,1,117,1.3,0,0,0,0,0,0,0,0,0.00,0.00,0.00,0.00,0.00,Matches,,,0,0,,0.00,0.00,,,,,,,,,,,,,,,,,,,Liga Profesional de Fútbol Argentina,2026
540d0b37,Juan Quintero,Juan Quintero,co COL,MF,River Plate,33-086,1993,11,6,523,5.8,2,2,4,2,0,1,0,0,0.34,0.34,0.69,0.34,0.69,Matches,0.09,0.18,23,11,47.8,1.89,3.96,,,,,,,,,,,,,,,,,,,Liga Profesional de Fútbol Argentina,2026
7a6f6903,Agustin Quiroga,Agustin Quiroga,ar ARG,DF,Cen. Córdoba–SdE,24-008,2002,9,5,462,5.1,0,0,0,0,0,0,3,0,0.00,0.00,0.00,0.00,0.00,Matches,0.00,,8,0,0.0,0.00,1.56,,,,,,,,,,,,,,,,,,,Liga Profesional de Fútbol Argentina,2026
95fd4bf2,Aaron Quirós,Aaron Quirós,ar ARG,DF,Vélez Sarsfield,24-165,2001,4,2,182,2.0,0,0,0,0,0,0,0,0,0.00,0.00,0.00,0.00,0.00,Matches,,,0,0,,0.00,0.00,,,,,,,,,,,,,,,,,,,Liga Profesional de Fútbol Argentina,2026
9ca91442,Luca Rafaelli,Luca Rafaelli,,MF,Instituto,,,9,1,247,2.7,1,1,2,1,0,0,2,0,0.36,0.36,0.73,0.36,0.73,Matches,0.17,0.50,6,2,33.3,0.73,2.19,,,,,,,,,,,,,,,,,,,Liga Profesional de Fútbol Argentina,2026
326f1c7c,Luca Raffin,Luca Raffin,py PAR,DF,Rosario Central,20-091,2006,6,2,180,2.0,0,0,0,0,0,0,0,0,0.00,0.00,0.00,0.00,0.00,Matches,,,0,0,,0.00,0.00,,,,,,,,,,,,,,,,,,,Liga Profesional de Fútbol Argentina,2026
7d55f5e4,Eugenio Raggio,Eugenio Raggio,ar ARG,DF,Platense,24-226,2001,7,7,630,7.0,0,0,0,0,0,0,2,0,0.00,0.00,0.00,0.00,0.00,Matches,,,0,0,,0.00,0.00,,,,,,,,,,,,,,,,,,,Liga Profesional de Fútbol Argentina,2026
b75a1b03,Yonatthan Rak,Yonatthan Rak,uy URU,DF,Barracas Central,32-239,1993,4,2,191,2.1,0,0,0,0,0,0,0,0,0.00,0.00,0.00,0.00,0.00,Matches,0.00,,1,0,0.0,0.00,0.47,,,,,,,,,,,,,,,,,,,Liga Profesional de Fútbol Argentina,2026
9492f6e2,Eric Ramírez,Eric Ramírez,ar ARG,MF,Huracán,29-205,1996,7,1,141,1.6,0,1,1,0,0,0,1,0,0.00,0.64,0.64,0.00,0.64,Matches,0.00,0.00,7,1,14.3,0.64,4.47,,,,,,,,,,,,,,,,,,,Liga Profesional de Fútbol Argentina,2026
3eaf851f,Mateo Ramírez,Mateo Ramírez,ar ARG,MF,Deportivo Riestra,31-086,1995,1,0,16,0.2,0,0,0,0,0,0,1,0,0.00,0.00,0.00,0.00,0.00,Matches,,,0,0,,0.00,0.00,,,,,,,,,,,,,,,,,,,Liga Profesional de Fútbol Argentina,2026
6cc0a227,Pedro Ramírez,Pedro Ramírez,ar ARG,"DF,MF",Deportivo Riestra,26-010,2000,9,9,713,7.9,0,0,0,0,0,0,1,0,0.00,0.00,0.00,0.00,0.00,Matches,0.00,0.00,12,2,16.7,0.25,1.51,,,,,,,,,,,,,,,,,,,Liga Profesional de Fútbol Argentina,2026
4c0c10de,Tobías Ramírez,Tobías Ramírez,ar ARG,DF,Arg Juniors,19-154,2006,1,1,90,1.0,0,0,0,0,0,0,1,0,0.00,0.00,0.00,0.00,0.00,Matches,0.00,0.00,2,1,50.0,1.00,2.00,,,,,,,,,,,,,,,,,,,Liga Profesional de Fútbol Argentina,2026
4c0c10de,Tobías Ramírez,Tobías Ramírez,ar ARG,DF,Arg Juniors,19-154,2006,1,1,90,1.0,0,0,0,0,0,0,1,0,0.00,0.00,0.00,0.00,0.00,Matches,,,0,0,,0.00,0.00,,,,,,,,,,,,,,,,,,,Liga Profesional de Fútbol Argentina,2026
4c0c10de,Tobías Ramírez,Tobías Ramírez,ar ARG,DF,River Plate,19-154,2006,1,1,45,0.5,0,0,0,0,0,0,1,0,0.00,0.00,0.00,0.00,0.00,Matches,0.00,0.00,2,1,50.0,1.00,2.00,,,,,,,,,,,,,,,,,,,Liga Profesional de Fútbol Argentina,2026
4c0c10de,Tobías Ramírez,Tobías Ramírez,ar ARG,DF,River Plate,19-154,2006,1,1,45,0.5,0,0,0,0,0,0,1,0,0.00,0.00,0.00,0.00,0.00,Matches,,,0,0,,0.00,0.00,,,,,,,,,,,,,,,,,,,Liga Profesional de Fútbol Argentina,2026
f936dcd7,Victorio Ramis,Victorio Ramis,ar ARG,"FW,MF",Ind. Rivadavia,31-281,1994,2,0,9,0.1,0,0,0,0,0,0,0,0,0.00,0.00,0.00,0.00,0.00,Matches,0.00,0.00,1,1,100.0,10.00,10.00,,,,,,,,,,,,,,,,,,,Liga Profesional de Fútbol Argentina,2026
e3ec96c1,Luciano Ramón Herrera,Luciano Ramón Herrera,ar ARG,"MF,FW",Newell's Old Boys,29-318,1996,13,9,685,7.6,0,1,1,0,0,0,3,0,0.00,0.13,0.13,0.00,0.13,Matches,0.00,0.00,14,4,28.6,0.53,1.84,,,,,,,,,,,,,,,,,,,Liga Profesional de Fútbol Argentina,2026
6108df6f,Juan Randazzo,Juan Randazzo,ar ARG,DF,Deportivo Riestra,31-185,1994,9,7,662,7.4,0,0,0,0,0,0,1,0,0.00,0.00,0.00,0.00,0.00,Matches,0.00,,1,0,0.0,0.00,0.14,,,,,,,,,,,,,,,,,,,Liga Profesional de Fútbol Argentina,2026
98dc6e33,Juan Rattalino,Juan Rattalino,ar ARG,MF,San Lorenzo,22-081,2004,3,0,33,0.4,0,0,0,0,0,0,0,0,0.00,0.00,0.00,0.00,0.00,Matches,,,0,0,,0.00,0.00,,,,,,,,,,,,,,,,,,,Liga Profesional de Fútbol Argentina,2026
e1358992,Matías Reali,Matías Reali,ar ARG,MF,San Lorenzo,28-151,1997,6,1,206,2.3,0,0,0,0,0,0,1,0,0.00,0.00,0.00,0.00,0.00,Matches,0.00,0.00,3,1,33.3,0.44,1.31,,,,,,,,,,,,,,,,,,,Liga Profesional de Fútbol Argentina,2026
59e2f709,Matías Recalde,Matías Recalde,ar ARG,DF,Gimnasia–M,28-279,1997,9,2,341,3.8,0,0,0,0,0,0,1,0,0.00,0.00,0.00,0.00,0.00,Matches,0.00,0.00,4,2,50.0,0.53,1.06,,,,,,,,,,,,,,,,,,,Liga Profesional de Fútbol Argentina,2026
101b4b71,Luca Regiardo,Luca Regiardo,ar ARG,MF,Newell's Old Boys,19-173,2006,8,8,694,7.7,0,0,0,0,0,0,2,0,0.00,0.00,0.00,0.00,0.00,Matches,0.00,,3,0,0.0,0.00,0.39,,,,,,,,,,,,,,,,,,,Liga Profesional de Fútbol Argentina,2026
70ce8fa7,Josue Reinatti,Josue Reinatti,ar ARG,GK,Newell's Old Boys,22-316,2003,2,2,180,2.0,0,0,0,0,0,0,0,0,0.00,0.00,0.00,0.00,0.00,Matches,,,0,0,,0.00,0.00,1,50.0,2,2,1,0.50,0,180,0,0,0,,0,66.7,2,3,1,1,Liga Profesional de Fútbol Argentina,2026
dbf30726,Jhon Rentería,Jhon Rentería,co COL,"FW,MF",Sarmiento–J,20-172,2005,7,3,334,3.7,0,1,1,0,0,0,3,0,0.00,0.27,0.27,0.00,0.27,Matches,0.00,0.00,9,5,55.6,1.35,2.43,,,,,,,,,,,,,,,,,,,Liga Profesional de Fútbol Argentina,2026
bf082cf1,Kevin Retamar,Kevin Retamar,ar ARG,MF,Platense,27-067,1999,9,3,313,3.5,0,2,2,0,0,0,0,0,0.00,0.58,0.58,0.00,0.58,Matches,0.00,0.00,6,2,33.3,0.58,1.73,,,,,,,,,,,,,,,,,,,Liga Profesional de Fútbol Argentina,2026
94454e87,Camilo Rey,Camilo Rey,ar ARG,MF,Boca Juniors,20-035,2006,2,1,74,0.8,0,0,0,0,0,0,0,0,0.00,0.00,0.00,0.00,0.00,Matches,,,0,0,,0.00,0.00,,,,,,,,,,,,,,,,,,,Liga Profesional de Fútbol Argentina,2026
6436748b,Rodrigo Rey,Rodrigo Rey,ar ARG,GK,Independiente,35-037,1991,13,13,"1,170",13.0,0,0,0,0,0,0,1,0,0.00,0.00,0.00,0.00,0.00,Matches,,,0,0,,0.00,0.00,4,30.8,13,13,16,1.23,3,"1,170",2,3,1,0.0,0,67.4,28,43,6,4,Liga Profesional de Fútbol Argentina,2026
54f5ce34,Federico Ricca,Federico Ricca,uy URU,DF,Belgrano,31-134,1994,7,7,553,6.1,0,0,0,0,0,0,1,0,0.00,0.00,0.00,0.00,0.00,Matches,0.00,,3,0,0.0,0.00,0.49,,,,,,,,,,,,,,,,,,,Liga Profesional de Fútbol Argentina,2026
ba6d9ff6,Rick,Rick,br BRA,"MF,FW",Talleres–C,26-224,1999,10,6,538,6.0,1,1,2,1,0,0,1,0,0.17,0.17,0.33,0.17,0.33,Matches,0.05,0.14,20,7,35.0,1.17,3.35,,,,,,,,,,,,,,,,,,,Liga Profesional de Fútbol Argentina,2026
63288d13,César Rigamonti,César Rigamonti,ar ARG,GK,Gimnasia–M,39-007,1987,11,11,990,11.0,0,0,0,0,0,0,1,0,0.00,0.00,0.00,0.00,0.00,Matches,,,0,0,,0.00,0.00,3,27.3,11,11,14,1.27,6,990,1,2,0,50.0,1,72.9,36,48,2,3,Liga Profesional de Fútbol Argentina,2026
a1216563,Emiliano Rigoni,Emiliano Rigoni,ar ARG,MF,Belgrano,33-069,1993,12,12,911,10.1,1,2,3,1,0,0,0,1,0.10,0.20,0.30,0.10,0.30,Matches,0.07,0.20,14,5,35.7,0.49,1.38,,,,,,,,,,,,,,,,,,,Liga Profesional de Fútbol Argentina,2026
5b3a9431,Martín Río,Martín Río,ar ARG,MF,Talleres–C,25-031,2001,9,1,159,1.8,1,0,1,1,0,0,1,0,0.57,0.00,0.57,0.57,0.57,Matches,0.33,1.00,3,1,33.3,0.57,1.70,,,,,,,,,,,,,,,,,,,Liga Profesional de Fútbol Argentina,2026
777cdbf8,Gonzalo Ríos,Gonzalo Ríos,ar ARG,MF,Ind. Rivadavia,27-077,1999,12,8,629,7.0,1,2,3,1,0,0,1,0,0.14,0.29,0.43,0.14,0.43,Matches,0.13,0.25,8,4,50.0,0.57,1.14,,,,,,,,,,,,,,,,,,,Liga Profesional de Fútbol Argentina,2026
4b3cb59b,Lautaro Ríos,Lautaro Ríos,ar ARG,MF,Banfield,25-187,2000,4,2,275,3.1,0,0,0,0,0,0,1,0,0.00,0.00,0.00,0.00,0.00,Matches,0.00,0.00,4,2,50.0,0.65,1.31,,,,,,,,,,,,,,,,,,,Liga Profesional de Fútbol Argentina,2026
f6561288,Román Riquelme,Román Riquelme,ar ARG,DF,Arg Juniors,23-331,2002,8,8,720,8.0,1,0,1,1,0,0,3,0,0.12,0.00,0.12,0.12,0.12,Matches,0.13,0.50,8,2,25.0,0.25,1.00,,,,,,,,,,,,,,,,,,,Liga Profesional de Fútbol Argentina,2026
663d938f,Gabriel Risso Patrón,Gabriel Risso Patrón,ar ARG,DF,Newell's Old Boys,30-160,1995,4,3,285,3.2,0,0,0,0,0,0,0,0,0.00,0.00,0.00,0.00,0.00,Matches,,,0,0,,0.00,0.00,,,,,,,,,,,,,,,,,,,Liga Profesional de Fútbol Argentina,2026
c1e3b5e9,Lautaro Rivero,Lautaro Rivero,ar ARG,DF,River Plate,22-164,2003,11,11,969,10.8,1,0,1,1,0,0,5,0,0.09,0.00,0.09,0.09,0.09,Matches,0.17,0.50,6,2,33.3,0.19,0.56,,,,,,,,,,,,,,,,,,,Liga Profesional de Fútbol Argentina,2026
a8981944,Lucas Robertone,Lucas Robertone,ar ARG,MF,Vélez Sarsfield,29-027,1997,11,6,525,5.8,1,0,1,1,0,0,4,0,0.17,0.00,0.17,0.17,0.17,Matches,0.08,0.33,12,3,25.0,0.51,2.06,,,,,,,,,,,,,,,,,,,Liga Profesional de Fútbol Argentina,2026
3ae8029b,Baltasar Rodríguez,Baltasar Rodríguez,ar ARG,MF,Racing Club,22-279,2003,9,5,425,4.7,0,1,1,0,0,0,3,0,0.00,0.21,0.21,0.00,0.21,Matches,0.00,0.00,12,3,25.0,0.64,2.54,,,,,,,,,,,,,,,,,,,Liga Profesional de Fútbol Argentina,2026
de7ce7b1,Gregorio Rodríguez,Gregorio Rodríguez,ar ARG,"MF,FW",San Lorenzo,26-087,2000,11,6,506,5.6,2,0,2,2,0,0,0,0,0.36,0.00,0.36,0.36,0.36,Matches,0.50,1.00,4,2,50.0,0.36,0.71,,,,,,,,,,,,,,,,,,,Liga Profesional de Fútbol Argentina,2026
6d550725,Ignacio Rodríguez,Ignacio Rodríguez,ar ARG,MF,Racing Club,24-051,2002,1,0,7,0.1,0,0,0,0,0,0,0,0,0.00,0.00,0.00,0.00,0.00,Matches,,,0,0,,0.00,0.00,,,,,,,,,,,,,,,,,,,Liga Profesional de Fútbol Argentina,2026
ffaebee2,Lucas Rodríguez,Lucas Rodríguez,ar ARG,"DF,MF",Aldosivi,32-199,1993,8,5,492,5.5,0,0,0,0,0,0,0,0,0.00,0.00,0.00,0.00,0.00,Matches,0.00,,2,0,0.0,0.00,0.37,,,,,,,,,,,,,,,,,,,Liga Profesional de Fútbol Argentina,2026
60b81c1b,Maizon Rodríguez,Maizon Rodríguez,uy URU,DF,Unión,22-327,2003,13,13,"1,101",12.2,1,0,1,1,0,0,2,0,0.08,0.00,0.08,0.08,0.08,Matches,0.13,0.50,8,2,25.0,0.16,0.65,,,,,,,,,,,,,,,,,,,Liga Profesional de Fútbol Argentina,2026
1ebb7c72,Santiago Rodriguez,Santiago Rodriguez,ar ARG,FW,Gimnasia–M,28-234,1997,11,7,590,6.6,1,1,2,1,0,0,1,0,0.15,0.15,0.31,0.15,0.31,Matches,0.08,0.33,13,3,23.1,0.46,1.98,,,,,,,,,,,,,,,,,,,Liga Profesional de Fútbol Argentina,2026
9855b2d2,Teo Rodríguez,Teo Rodríguez,ar ARG,"DF,MF",San Lorenzo,20-184,2005,9,5,578,6.4,0,0,0,0,0,0,1,0,0.00,0.00,0.00,0.00,0.00,Matches,0.00,,5,0,0.0,0.00,0.78,,,,,,,,,,,,,,,,,,,Liga Profesional de Fútbol Argentina,2026
c969e4b4,Thomas Rodríguez,Thomas Rodríguez,cl CHI,MF,Banfield,30-009,1996,2,0,18,0.2,0,0,0,0,0,0,0,0,0.00,0.00,0.00,0.00,0.00,Matches,,,0,0,,0.00,0.00,,,,,,,,,,,,,,,,,,,Liga Profesional de Fútbol Argentina,2026
b50e5848,Manuel Roffo,Manuel Roffo,ar ARG,GK,Instituto,26-010,2000,13,13,"1,170",13.0,0,0,0,0,0,0,1,0,0.00,0.00,0.00,0.00,0.00,Matches,,,0,0,,0.00,0.00,3,23.1,13,13,15,1.15,6,"1,170",0,0,0,,0,68.1,32,47,2,5,Liga Profesional de Fútbol Argentina,2026
79ad7358,Gabriel Rojas,Gabriel Rojas,ar ARG,DF,Racing Club,28-296,1997,11,11,990,11.0,1,3,4,1,0,0,2,0,0.09,0.27,0.36,0.09,0.36,Matches,0.14,0.33,7,3,42.9,0.27,0.64,,,,,,,,,,,,,,,,,,,Liga Profesional de Fútbol Argentina,2026
e0991c04,Marcos Rojo,Marcos Rojo,ar ARG,DF,Racing Club,36-025,1990,7,6,459,5.1,0,0,0,0,0,0,2,1,0.00,0.00,0.00,0.00,0.00,Matches,0.00,,3,0,0.0,0.00,0.59,,,,,,,,,,,,,,,,,,,Liga Profesional de Fútbol Argentina,2026
10e25802,Esteban Rolón,Esteban Rolón,ar ARG,MF,Aldosivi,31-020,1995,11,8,597,6.6,0,0,0,0,0,0,5,0,0.00,0.00,0.00,0.00,0.00,Matches,0.00,0.00,6,1,16.7,0.15,0.90,,,,,,,,,,,,,,,,,,,Liga Profesional de Fútbol Argentina,2026
398f2a56,Fernando Román,Fernando Román,py PAR,DF,Aldosivi,27-145,1998,12,11,979,10.9,0,0,0,0,0,0,3,0,0.00,0.00,0.00,0.00,0.00,Matches,0.00,,2,0,0.0,0.00,0.18,,,,,,,,,,,,,,,,,,,Liga Profesional de Fútbol Argentina,2026
4e32c2d6,Jhohan Romaña,Jhohan Romaña,co COL,DF,San Lorenzo,27-213,1998,11,11,945,10.5,0,0,0,0,0,0,3,0,0.00,0.00,0.00,0.00,0.00,Matches,0.00,,2,0,0.0,0.00,0.19,,,,,,,,,,,,,,,,,,,Liga Profesional de Fútbol Argentina,2026
36edfb9b,Ángel Romero,Ángel Romero,py PAR,FW,Boca Juniors,33-284,1992,6,2,228,2.5,0,0,0,0,0,0,0,0,0.00,0.00,0.00,0.00,0.00,Matches,0.00,0.00,3,2,66.7,0.79,1.18,,,,,,,,,,,,,,,,,,,Liga Profesional de Fútbol Argentina,2026
c5cc3130,Braian Romero,Braian Romero,ar ARG,FW,Vélez Sarsfield,34-303,1991,8,2,255,2.8,1,0,1,0,1,1,3,0,0.35,0.00,0.35,0.00,0.00,Matches,0.00,0.00,7,3,42.9,1.06,2.47,,,,,,,,,,,,,,,,,,,Liga Profesional de Fútbol Argentina,2026
930772fc,Francisco Romero,Francisco Romero,ar ARG,MF,Estudiantes–RC,27-037,1999,8,8,672,7.5,0,0,0,0,0,0,1,0,0.00,0.00,0.00,0.00,0.00,Matches,0.00,,3,0,0.0,0.00,0.40,,,,,,,,,,,,,,,,,,,Liga Profesional de Fútbol Argentina,2026
e76ff509,José Romero,José Romero,ar ARG,FW,Tigre,23-020,2003,11,10,761,8.5,6,2,8,6,0,0,1,0,0.71,0.24,0.95,0.71,0.95,Matches,0.19,0.46,31,13,41.9,1.54,3.67,,,,,,,,,,,,,,,,,,,Liga Profesional de Fútbol Argentina,2026
2c211e2d,Juan Romero,Juan Romero,py PAR,"FW,MF",Instituto,24-344,2001,1,0,14,0.2,0,0,0,0,0,0,0,0,0.00,0.00,0.00,0.00,0.00,Matches,,,0,0,,0.00,0.00,,,,,,,,,,,,,,,,,,,Liga Profesional de Fútbol Argentina,2026
4216c0a6,Luciano Romero,Luciano Romero,ar ARG,DF,Lanús,20-101,2006,1,1,79,0.9,0,0,0,0,0,0,0,0,0.00,0.00,0.00,0.00,0.00,Matches,,,0,0,,0.00,0.00,,,,,,,,,,,,,,,,,,,Liga Profesional de Fútbol Argentina,2026
4bc5f2b4,Óscar Romero,Óscar Romero,py PAR,MF,Huracán,33-284,1992,7,6,449,5.0,0,0,0,0,0,0,0,0,0.00,0.00,0.00,0.00,0.00,Matches,0.00,0.00,11,4,36.4,0.80,2.20,,,,,,,,,,,,,,,,,,,Liga Profesional de Fútbol Argentina,2026
23f646f1,Siro Rosane,Siro Rosane,ar ARG,MF,Estudiantes–RC,25-311,2000,13,7,672,7.5,0,1,1,0,0,0,1,0,0.00,0.13,0.13,0.00,0.13,Matches,0.00,0.00,11,2,18.2,0.27,1.47,,,,,,,,,,,,,,,,,,,Liga Profesional de Fútbol Argentina,2026
5eb5fd5d,Nazareno Roselli,Nazareno Roselli,ar ARG,MF,Defensa y Justicia,19-248,2006,3,0,13,0.1,0,0,0,0,0,0,0,0,0.00,0.00,0.00,0.00,0.00,Matches,,,0,0,,0.00,0.00,,,,,,,,,,,,,,,,,,,Liga Profesional de Fútbol Argentina,2026
a61bbe15,Agustín Ruberto,Agustín Ruberto,ar ARG,FW,River Plate,20-090,2006,3,1,124,1.4,0,0,0,0,0,0,1,0,0.00,0.00,0.00,0.00,0.00,Matches,0.00,0.00,2,1,50.0,0.73,1.45,,,,,,,,,,,,,,,,,,,Liga Profesional de Fútbol Argentina,2026
3be76aa4,Tobías Rubio,Tobías Rubio,ar ARG,DF,Racing Club,21-261,2004,1,0,12,0.1,0,0,0,0,0,0,1,0,0.00,0.00,0.00,0.00,0.00,Matches,,,0,0,,0.00,0.00,,,,,,,,,,,,,,,,,,,Liga Profesional de Fútbol Argentina,2026
61141c17,Matías Ruíz Díaz,Matías Ruíz Díaz,ar ARG,DF,Estudiantes–RC,29-217,1996,3,3,270,3.0,0,0,0,0,0,0,0,0,0.00,0.00,0.00,0.00,0.00,Matches,,,0,0,,0.00,0.00,,,,,,,,,,,,,,,,,,,Liga Profesional de Fútbol Argentina,2026
976c8f8f,Ramiro Ruiz,Ramiro Ruiz,ar ARG,FW,Atlé Tucumán,26-024,2000,3,1,82,0.9,0,0,0,0,0,0,0,0,0.00,0.00,0.00,0.00,0.00,Matches,,,0,0,,0.00,0.00,,,,,,,,,,,,,,,,,,,Liga Profesional de Fútbol Argentina,2026
2ca3d7f2,Ignacio Russo,Ignacio Russo,ar ARG,FW,Tigre,25-122,2000,13,12,"1,085",12.1,4,2,6,4,0,0,1,0,0.33,0.17,0.50,0.33,0.50,Matches,0.14,0.29,29,14,48.3,1.16,2.41,,,,,,,,,,,,,,,,,,,Liga Profesional de Fútbol Argentina,2026
5d6a92d3,Jerónimo Russo,Jerónimo Russo,ar ARG,DF,Newell's Old Boys,20-319,2005,10,4,467,5.2,0,2,2,0,0,0,1,0,0.00,0.39,0.39,0.00,0.39,Matches,0.00,0.00,4,1,25.0,0.19,0.77,,,,,,,,,,,,,,,,,,,Liga Profesional de Fútbol Argentina,2026
23db03e5,Franco Saavedra,Franco Saavedra,ar ARG,DF,Gimnasia–M,22-224,2003,11,11,874,9.7,0,1,1,0,0,0,2,1,0.00,0.10,0.10,0.00,0.10,Matches,0.00,0.00,7,1,14.3,0.10,0.72,,,,,,,,,,,,,,,,,,,Liga Profesional de Fútbol Argentina,2026
3dee8b4e,Juan Saborido,Juan Saborido,ar ARG,DF,Platense,27-354,1998,12,12,"1,072",11.9,0,0,0,0,0,0,1,0,0.00,0.00,0.00,0.00,0.00,Matches,0.00,0.00,11,2,18.2,0.17,0.92,,,,,,,,,,,,,,,,,,,Liga Profesional de Fútbol Argentina,2026
c3c12758,Maximiliano Salas,Maximiliano Salas,ar ARG,FW,River Plate,28-134,1997,9,1,208,2.3,1,0,1,1,0,0,1,0,0.43,0.00,0.43,0.43,0.43,Matches,0.11,0.20,9,5,55.6,2.16,3.89,,,,,,,,,,,,,,,,,,,Liga Profesional de Fútbol Argentina,2026
6d8fe94c,Saúl Salcedo,Saúl Salcedo,py PAR,DF,Newell's Old Boys,28-228,1997,11,11,990,11.0,0,0,0,0,0,0,3,0,0.00,0.00,0.00,0.00,0.00,Matches,0.00,0.00,8,3,37.5,0.27,0.73,,,,,,,,,,,,,,,,,,,Liga Profesional de Fútbol Argentina,2026
12357769,Santiago Salle,Santiago Salle,ar ARG,MF,Sarmiento–J,21-314,2004,11,6,531,5.9,0,0,0,0,0,0,5,0,0.00,0.00,0.00,0.00,0.00,Matches,0.00,0.00,6,4,66.7,0.68,1.02,,,,,,,,,,,,,,,,,,,Liga Profesional de Fútbol Argentina,2026
92c77992,Oscar Salomón,Oscar Salomón,ar ARG,DF,Newell's Old Boys,27-023,1999,7,6,505,5.6,2,0,2,2,0,0,2,0,0.36,0.00,0.36,0.36,0.36,Matches,0.25,0.40,8,5,62.5,0.89,1.43,,,,,,,,,,,,,,,,,,,Liga Profesional de Fútbol Argentina,2026
5f424f35,Eduardo Salvio,Eduardo Salvio,ar ARG,MF,Lanús,35-275,1990,12,11,871,9.7,1,3,4,1,0,0,0,0,0.10,0.31,0.41,0.10,0.41,Matches,0.06,0.14,16,7,43.8,0.72,1.65,,,,,,,,,,,,,,,,,,,Liga Profesional de Fútbol Argentina,2026
348ea312,Facundo Sánchez,Facundo Sánchez,ar ARG,MF,Lanús,20-250,2005,2,2,135,1.5,0,0,0,0,0,0,0,0,0.00,0.00,0.00,0.00,0.00,Matches,0.00,0.00,1,1,100.0,0.67,0.67,,,,,,,,,,,,,,,,,,,Liga Profesional de Fútbol Argentina,2026
f11ac2e0,Ulises Sánchez,Ulises Sánchez,ar ARG,MF,Gimnasia–M,27-292,1998,11,10,738,8.2,0,0,0,0,0,0,2,0,0.00,0.00,0.00,0.00,0.00,Matches,0.00,0.00,15,4,26.7,0.49,1.83,,,,,,,,,,,,,,,,,,,Liga Profesional de Fútbol Argentina,2026
8ccb067e,Agustín Sández,Agustín Sández,py PAR,"DF,MF",Rosario Central,25-088,2001,11,10,774,8.6,0,1,1,0,0,0,5,0,0.00,0.12,0.12,0.00,0.12,Matches,0.00,0.00,6,1,16.7,0.12,0.70,,,,,,,,,,,,,,,,,,,Liga Profesional de Fútbol Argentina,2026
2047a087,Facundo Sanguinetti,Facundo Sanguinetti,ar ARG,GK,Banfield,25-044,2001,12,12,"1,080",12.0,0,0,0,0,0,0,0,0,0.00,0.00,0.00,0.00,0.00,Matches,,,0,0,,0.00,0.00,3,25.0,12,12,16,1.33,7,"1,080",2,2,0,0.0,0,77.8,49,63,1,4,Liga Profesional de Fútbol Argentina,2026
e7815a02,Nicolás Sansotre,Nicolás Sansotre,ar ARG,"DF,MF",Deportivo Riestra,32-218,1993,13,13,"1,145",12.7,0,0,0,0,0,0,1,0,0.00,0.00,0.00,0.00,0.00,Matches,0.00,0.00,5,1,20.0,0.08,0.39,,,,,,,,,,,,,,,,,,,Liga Profesional de Fútbol Argentina,2026
c57cc4aa,Thiago Santamaría,Thiago Santamaría,ar ARG,"DF,MF",Sarmiento–J,23-010,2003,8,7,500,5.6,0,1,1,0,0,0,2,0,0.00,0.18,0.18,0.00,0.18,Matches,0.00,,4,0,0.0,0.00,0.72,,,,,,,,,,,,,,,,,,,Liga Profesional de Fútbol Argentina,2026
3cb6f224,Michael Santos,Michael Santos,uy URU,FW,Vélez Sarsfield,33-032,1993,1,0,5,0.1,0,0,0,0,0,0,0,0,0.00,0.00,0.00,0.00,0.00,Matches,0.00,0.00,1,1,100.0,18.00,18.00,,,,,,,,,,,,,,,,,,,Liga Profesional de Fútbol Argentina,2026
3cb6f224,Michael Santos,Michael Santos,uy URU,FW,Vélez Sarsfield,33-032,1993,1,0,5,0.1,0,0,0,0,0,0,0,0,0.00,0.00,0.00,0.00,0.00,Matches,0.17,0.50,12,4,33.3,0.43,1.30,,,,,,,,,,,,,,,,,,,Liga Profesional de Fútbol Argentina,2026
3cb6f224,Michael Santos,Michael Santos,uy URU,FW,Cen. Córdoba–SdE,33-032,1993,10,9,829,9.2,3,1,4,2,1,1,1,0,0.33,0.11,0.43,0.22,0.33,Matches,0.00,0.00,1,1,100.0,18.00,18.00,,,,,,,,,,,,,,,,,,,Liga Profesional de Fútbol Argentina,2026
3cb6f224,Michael Santos,Michael Santos,uy URU,FW,Cen. Córdoba–SdE,33-032,1993,10,9,829,9.2,3,1,4,2,1,1,1,0,0.33,0.11,0.43,0.22,0.33,Matches,0.17,0.50,12,4,33.3,0.43,1.30,,,,,,,,,,,,,,,,,,,Liga Profesional de Fútbol Argentina,2026
a694431e,Jabes Saralegui,Jabes Saralegui,ar ARG,MF,Tigre,23-002,2003,6,5,353,3.9,0,1,1,0,0,0,0,0,0.00,0.25,0.25,0.00,0.25,Matches,0.00,0.00,5,3,60.0,0.76,1.27,,,,,,,,,,,,,,,,,,,Liga Profesional de Fútbol Argentina,2026
2755e745,Fabrizio Sartori,Fabrizio Sartori,ar ARG,FW,Ind. Rivadavia,23-273,2002,13,12,954,10.6,5,0,5,5,0,0,2,0,0.47,0.00,0.47,0.47,0.47,Matches,0.29,0.56,17,9,52.9,0.85,1.60,,,,,,,,,,,,,,,,,,,Liga Profesional de Fútbol Argentina,2026
bb2ffda5,Rodrigo Sayavedra,Rodrigo Sayavedra,ar ARG,FW,Deportivo Riestra,30-267,1995,3,0,48,0.5,0,0,0,0,0,0,1,0,0.00,0.00,0.00,0.00,0.00,Matches,,,0,0,,0.00,0.00,,,,,,,,,,,,,,,,,,,Liga Profesional de Fútbol Argentina,2026
84828111,Francisco Scarpeccio,Francisco Scarpeccio,ar ARG,FW,Newell's Old Boys,20-082,2006,4,0,106,1.2,1,0,1,1,0,0,0,0,0.85,0.00,0.85,0.85,0.85,Matches,0.50,0.50,2,2,100.0,1.70,1.70,,,,,,,,,,,,,,,,,,,Liga Profesional de Fútbol Argentina,2026
afa3a0a1,Nicolas Schelotto,Nicolas Schelotto,ar ARG,MF,Gimnasia–LP,19-204,2006,12,12,903,10.0,3,2,5,3,0,0,4,0,0.30,0.20,0.50,0.30,0.50,Matches,0.33,0.60,9,5,55.6,0.50,0.90,,,,,,,,,,,,,,,,,,,Liga Profesional de Fútbol Argentina,2026
c52aaba0,Augusto Schott,Augusto Schott,ar ARG,DF,Talleres–C,26-087,2000,12,12,"1,067",11.9,2,0,2,2,0,0,4,0,0.17,0.00,0.17,0.17,0.17,Matches,0.14,0.50,14,4,28.6,0.34,1.18,,,,,,,,,,,,,,,,,,,Liga Profesional de Fútbol Argentina,2026
a76f6e93,Alexis Segovia,Alexis Segovia,ar ARG,MF,Atlé Tucumán,21-303,2004,5,0,62,0.7,0,0,0,0,0,0,0,0,0.00,0.00,0.00,0.00,0.00,Matches,,,0,0,,0.00,0.00,,,,,,,,,,,,,,,,,,,Liga Profesional de Fútbol Argentina,2026
40e48af1,Santiago Segovia,Santiago Segovia,ar ARG,MF,Rosario Central,19-019,2007,1,0,13,0.1,0,0,0,0,0,0,0,0,0.00,0.00,0.00,0.00,0.00,Matches,0.00,,1,0,0.0,0.00,6.92,,,,,,,,,,,,,,,,,,,Liga Profesional de Fútbol Argentina,2026
29ee723f,Bruno Sepúlveda,Bruno Sepúlveda,ar ARG,FW,Banfield,33-209,1992,7,2,217,2.4,0,1,1,0,0,0,1,0,0.00,0.41,0.41,0.00,0.41,Matches,0.00,,3,0,0.0,0.00,1.24,,,,,,,,,,,,,,,,,,,Liga Profesional de Fútbol Argentina,2026
b5206b67,Matías Sepúlveda,Matías Sepúlveda,cl CHI,MF,Lanús,27-033,1999,8,2,236,2.6,0,0,0,0,0,0,2,0,0.00,0.00,0.00,0.00,0.00,Matches,0.00,,6,0,0.0,0.00,2.29,,,,,,,,,,,,,,,,,,,Liga Profesional de Fútbol Argentina,2026
f775c775,Leonardo Sequeira,Leonardo Sequeira,ar ARG,"FW,MF",Huracán,30-353,1995,9,0,108,1.2,0,0,0,0,0,0,0,0,0.00,0.00,0.00,0.00,0.00,Matches,,,0,0,,0.00,0.00,,,,,,,,,,,,,,,,,,,Liga Profesional de Fútbol Argentina,2026
fe8334f8,Luis Sequeira,Luis Sequeira,ar ARG,MF,Ind. Rivadavia,23-096,2003,2,0,53,0.6,0,0,0,0,0,0,0,0,0.00,0.00,0.00,0.00,0.00,Matches,0.00,0.00,1,1,100.0,1.70,1.70,,,,,,,,,,,,,,,,,,,Liga Profesional de Fútbol Argentina,2026
504cd579,Tiago Serrago,Tiago Serrago,ar ARG,MF,Tigre,22-068,2004,10,6,497,5.5,1,0,1,1,0,0,0,0,0.18,0.00,0.18,0.18,0.18,Matches,0.10,0.25,10,4,40.0,0.72,1.81,,,,,,,,,,,,,,,,,,,Liga Profesional de Fútbol Argentina,2026
3d8a448f,Agustín Seyral,Agustín Seyral,ar ARG,DF,Sarmiento–J,21-073,2005,7,4,415,4.6,0,0,0,0,0,0,2,0,0.00,0.00,0.00,0.00,0.00,Matches,0.00,,1,0,0.0,0.00,0.22,,,,,,,,,,,,,,,,,,,Liga Profesional de Fútbol Argentina,2026
ff112582,Juan Sforza,Juan Sforza,ar ARG,MF,Talleres–C,24-059,2002,12,10,926,10.3,0,0,0,0,0,0,4,0,0.00,0.00,0.00,0.00,0.00,Matches,0.00,,4,0,0.0,0.00,0.39,,,,,,,,,,,,,,,,,,,Liga Profesional de Fútbol Argentina,2026
3f83ab59,Tomás Silva,Tomás Silva,ar ARG,DF,Platense,23-037,2003,11,11,990,11.0,0,0,0,0,0,0,2,0,0.00,0.00,0.00,0.00,0.00,Matches,0.00,,6,0,0.0,0.00,0.55,,,,,,,,,,,,,,,,,,,Liga Profesional de Fútbol Argentina,2026
638b2975,Pedro Silva Torrejón,Pedro Silva Torrejón,ar ARG,DF,Gimnasia–LP,29-079,1997,12,12,"1,014",11.3,0,1,1,0,0,0,0,0,0.00,0.09,0.09,0.00,0.09,Matches,0.00,0.00,5,1,20.0,0.09,0.44,,,,,,,,,,,,,,,,,,,Liga Profesional de Fútbol Argentina,2026
f5ac3688,Thiago Silvero,Thiago Silvero,ar ARG,DF,Vélez Sarsfield,19-361,2006,4,2,196,2.2,0,0,0,0,0,0,1,0,0.00,0.00,0.00,0.00,0.00,Matches,0.00,,3,0,0.0,0.00,1.38,,,,,,,,,,,,,,,,,,,Liga Profesional de Fútbol Argentina,2026
281c8dd7,Valentino Simoni,Valentino Simoni,ar ARG,FW,Gimnasia–M,21-349,2004,12,7,521,5.8,1,0,1,1,0,0,1,0,0.17,0.00,0.17,0.17,0.17,Matches,0.14,0.17,7,6,85.7,1.04,1.21,,,,,,,,,,,,,,,,,,,Liga Profesional de Fútbol Argentina,2026
e87e9c52,Mauro Smarra Vargas,Mauro Smarra Vargas,ar ARG,FW,Deportivo Riestra,26-349,1999,2,0,58,0.6,0,0,0,0,0,0,0,0,0.00,0.00,0.00,0.00,0.00,Matches,0.00,,2,0,0.0,0.00,3.10,,,,,,,,,,,,,,,,,,,Liga Profesional de Fútbol Argentina,2026
3ca6106c,Augusto Solari,Augusto Solari,ar ARG,MF,Unión,34-101,1992,7,1,163,1.8,0,0,0,0,0,0,0,0,0.00,0.00,0.00,0.00,0.00,Matches,0.00,0.00,5,2,40.0,1.10,2.76,,,,,,,,,,,,,,,,,,,Liga Profesional de Fútbol Argentina,2026
5099e15e,Santiago Solari,Santiago Solari,ar ARG,"FW,MF",Racing Club,28-085,1998,13,12,"1,004",11.2,2,2,4,2,0,0,3,0,0.18,0.18,0.36,0.18,0.36,Matches,0.11,0.40,18,5,27.8,0.45,1.61,,,,,,,,,,,,,,,,,,,Liga Profesional de Fútbol Argentina,2026
18e371a1,Alan Sosa,Alan Sosa,ar ARG,"MF,FW",Aldosivi,22-344,2003,9,5,506,5.6,0,0,0,0,0,0,1,1,0.00,0.00,0.00,0.00,0.00,Matches,0.00,0.00,10,2,20.0,0.36,1.78,,,,,,,,,,,,,,,,,,,Liga Profesional de Fútbol Argentina,2026
f90d3b57,Diego Sosa,Diego Sosa,ar ARG,"MF,DF",Instituto,28-260,1997,13,13,"1,099",12.2,1,2,3,1,0,0,1,0,0.08,0.16,0.25,0.08,0.25,Matches,0.09,0.50,11,2,18.2,0.16,0.90,,,,,,,,,,,,,,,,,,,Liga Profesional de Fútbol Argentina,2026
e9c30bb7,Gonzalo Sosa,Gonzalo Sosa,ar ARG,MF,Racing Club,21-040,2005,1,0,32,0.4,0,0,0,0,0,0,0,0,0.00,0.00,0.00,0.00,0.00,Matches,,,0,0,,0.00,0.00,,,,,,,,,,,,,,,,,,,Liga Profesional de Fútbol Argentina,2026
1eecc0c6,José Sosa,José Sosa,ar ARG,MF,Estudiantes–LP,40-299,1985,4,3,160,1.8,0,1,1,0,0,0,1,0,0.00,0.56,0.56,0.00,0.56,Matches,0.00,,2,0,0.0,0.00,1.13,,,,,,,,,,,,,,,,,,,Liga Profesional de Fútbol Argentina,2026
f080dd22,Santiago Sosa,Santiago Sosa,ar ARG,MF,Racing Club,26-346,1999,13,13,"1,170",13.0,0,1,1,0,0,0,4,0,0.00,0.08,0.08,0.00,0.08,Matches,0.00,0.00,10,1,10.0,0.08,0.77,,,,,,,,,,,,,,,,,,,Liga Profesional de Fútbol Argentina,2026
9857c88f,Santiago Sosa,Santiago Sosa,ar ARG,MF,Defensa y Justicia,21-074,2005,11,11,965,10.7,0,0,0,0,0,0,1,1,0.00,0.00,0.00,0.00,0.00,Matches,0.00,,5,0,0.0,0.00,0.47,,,,,,,,,,,,,,,,,,,Liga Profesional de Fútbol Argentina,2026
fb3b6565,David Sotelo,David Sotelo,ar ARG,MF,Newell's Old Boys,22-258,2003,9,2,267,3.0,0,0,0,0,0,0,0,0,0.00,0.00,0.00,0.00,0.00,Matches,0.00,0.00,6,3,50.0,1.01,2.02,,,,,,,,,,,,,,,,,,,Liga Profesional de Fútbol Argentina,2026
c20a7043,Alexis Soto,Alexis Soto,ar ARG,DF,Rosario Central,32-176,1993,11,6,603,6.7,0,0,0,0,0,0,0,0,0.00,0.00,0.00,0.00,0.00,Matches,0.00,,1,0,0.0,0.00,0.15,,,,,,,,,,,,,,,,,,,Liga Profesional de Fútbol Argentina,2026
42cdf326,Guillermo Soto,Guillermo Soto,cl CHI,DF,Tigre,32-094,1994,3,2,192,2.1,0,0,0,0,0,0,0,0,0.00,0.00,0.00,0.00,0.00,Matches,0.00,,2,0,0.0,0.00,0.94,,,,,,,,,,,,,,,,,,,Liga Profesional de Fútbol Argentina,2026
ca39d38f,Lucas Souto,Lucas Souto,ar ARG,"DF,MF",Defensa y Justicia,27-185,1998,12,12,"1,035",11.5,1,0,1,1,0,0,0,0,0.09,0.00,0.09,0.09,0.09,Matches,0.17,1.00,6,1,16.7,0.09,0.52,,,,,,,,,,,,,,,,,,,Liga Profesional de Fútbol Argentina,2026
f5122c46,Adrián Sporle,Adrián Sporle,ar ARG,DF,Belgrano,30-275,1995,9,6,593,6.6,0,0,0,0,0,0,2,0,0.00,0.00,0.00,0.00,0.00,Matches,0.00,,2,0,0.0,0.00,0.30,,,,,,,,,,,,,,,,,,,Liga Profesional de Fútbol Argentina,2026
95f77284,Alexis Steimbach,Alexis Steimbach,ar ARG,DF,Gimnasia–LP,23-263,2002,11,11,990,11.0,0,1,1,0,0,0,5,0,0.00,0.09,0.09,0.00,0.09,Matches,0.00,,5,0,0.0,0.00,0.45,,,,,,,,,,,,,,,,,,,Liga Profesional de Fútbol Argentina,2026
d446b144,Ángel Stringa,Ángel Stringa,ar ARG,FW,Deportivo Riestra,30-008,1996,1,0,36,0.4,0,0,0,0,0,0,1,0,0.00,0.00,0.00,0.00,0.00,Matches,,,0,0,,0.00,0.00,,,,,,,,,,,,,,,,,,,Liga Profesional de Fútbol Argentina,2026
7d3feecd,Sheyko Studer,Sheyko Studer,ar ARG,DF,Ind. Rivadavia,23-153,2002,12,12,"1,080",12.0,1,0,1,1,0,0,2,0,0.08,0.00,0.08,0.08,0.08,Matches,0.14,0.33,7,3,42.9,0.25,0.58,,,,,,,,,,,,,,,,,,,Liga Profesional de Fútbol Argentina,2026
51bc9fe2,Lucas Suárez,Lucas Suárez,ar ARG,DF,Sarmiento–J,31-028,1995,8,6,462,5.1,0,0,0,0,0,0,1,0,0.00,0.00,0.00,0.00,0.00,Matches,0.00,0.00,1,1,100.0,0.19,0.19,,,,,,,,,,,,,,,,,,,Liga Profesional de Fútbol Argentina,2026
f9e8a841,Ian Subiabre,Ian Subiabre,ar ARG,MF,River Plate,19-103,2007,13,7,626,7.0,1,2,3,1,0,0,2,0,0.14,0.29,0.43,0.14,0.43,Matches,0.06,0.17,16,6,37.5,0.86,2.30,,,,,,,,,,,,,,,,,,,Liga Profesional de Fútbol Argentina,2026
3db19a37,Tomás Sultani,Tomás Sultani,ar ARG,GK,Tigre,27-296,1998,1,1,90,1.0,0,0,0,0,0,0,0,0,0.00,0.00,0.00,0.00,0.00,Matches,,,0,0,,0.00,0.00,0,0.0,1,1,2,2.00,1,90,0,0,0,,0,60.0,3,5,0,0,Liga Profesional de Fútbol Argentina,2026
9c1b0d34,Gastón Suso,Gastón Suso,ar ARG,DF,Atlé Tucumán,35-033,1991,13,13,"1,170",13.0,0,0,0,0,0,0,2,0,0.00,0.00,0.00,0.00,0.00,Matches,0.00,0.00,6,1,16.7,0.08,0.46,,,,,,,,,,,,,,,,,,,Liga Profesional de Fútbol Argentina,2026
5eff45c2,Enzo Taborda,Enzo Taborda,ar ARG,FW,Barracas Central,20-329,2005,3,0,57,0.6,0,0,0,0,0,0,0,0,0.00,0.00,0.00,0.00,0.00,Matches,0.00,,1,0,0.0,0.00,1.58,,,,,,,,,,,,,,,,,,,Liga Profesional de Fútbol Argentina,2026
c3970918,Nicolás Talpone,Nicolás Talpone,ar ARG,"MF,FW",Estudiantes–RC,30-005,1996,12,8,706,7.8,0,0,0,0,0,0,1,0,0.00,0.00,0.00,0.00,0.00,Matches,0.00,0.00,12,3,25.0,0.38,1.53,,,,,,,,,,,,,,,,,,,Liga Profesional de Fútbol Argentina,2026
1e594292,Iván Tapia,Iván Tapia,ar ARG,MF,Barracas Central,27-142,1998,13,13,997,11.1,1,1,2,1,0,0,0,0,0.09,0.09,0.18,0.09,0.18,Matches,0.07,0.20,15,5,33.3,0.45,1.35,,,,,,,,,,,,,,,,,,,Liga Profesional de Fútbol Argentina,2026
a5ac5b47,Cristian Tarragona,Cristian Tarragona,ar ARG,FW,Unión,35-005,1991,13,13,"1,109",12.3,6,0,6,5,1,1,3,0,0.49,0.00,0.49,0.41,0.41,Matches,0.17,0.31,30,16,53.3,1.30,2.43,,,,,,,,,,,,,,,,,,,Liga Profesional de Fútbol Argentina,2026
69b553f7,Diego Tarzia,Diego Tarzia,ar ARG,MF,Independiente,22-353,2003,1,0,24,0.3,0,0,0,0,0,0,0,0,0.00,0.00,0.00,0.00,0.00,Matches,,,0,0,,0.00,0.00,,,,,,,,,,,,,,,,,,,Liga Profesional de Fútbol Argentina,2026
5ceb9684,Felipe Tempone,Felipe Tempone,ar ARG,FW,Independiente,20-070,2006,1,0,1,0.0,0,0,0,0,0,0,0,0,0.00,0.00,0.00,0.00,0.00,Matches,,,0,0,,0.00,0.00,,,,,,,,,,,,,,,,,,,Liga Profesional de Fútbol Argentina,2026
1bc771b3,Renzo Tesuri,Renzo Tesuri,ar ARG,MF,Atlé Tucumán,29-311,1996,13,13,"1,032",11.5,1,1,2,1,0,0,3,0,0.09,0.09,0.17,0.09,0.17,Matches,0.07,0.20,14,5,35.7,0.44,1.22,,,,,,,,,,,,,,,,,,,Liga Profesional de Fútbol Argentina,2026
6f13789e,Mauricio Tévez,Mauricio Tévez,ar ARG,FW,Estudiantes–RC,29-257,1996,2,0,38,0.4,0,0,0,0,0,0,0,0,0.00,0.00,0.00,0.00,0.00,Matches,0.00,,2,0,0.0,0.00,4.74,,,,,,,,,,,,,,,,,,,Liga Profesional de Fútbol Argentina,2026
1607fa35,Horacio Tijanovich,Horacio Tijanovich,ar ARG,"MF,FW",Cen. Córdoba–SdE,30-045,1996,10,6,504,5.6,0,1,1,0,0,0,2,0,0.00,0.18,0.18,0.00,0.18,Matches,0.00,0.00,8,6,75.0,1.07,1.43,,,,,,,,,,,,,,,,,,,Liga Profesional de Fútbol Argentina,2026
a919be14,Matías Tissera,Matías Tissera,ar ARG,FW,Instituto,29-220,1996,4,0,95,1.1,1,0,1,1,0,0,0,0,0.95,0.00,0.95,0.95,0.95,Matches,0.17,0.33,6,3,50.0,2.84,5.68,,,,,,,,,,,,,,,,,,,Liga Profesional de Fútbol Argentina,2026
4958ceac,Fernando Tobio,Fernando Tobio,ar ARG,DF,Barracas Central,36-178,1989,11,11,981,10.9,1,0,1,1,0,0,0,0,0.09,0.00,0.09,0.09,0.09,Matches,0.33,1.00,3,1,33.3,0.09,0.28,,,,,,,,,,,,,,,,,,,Liga Profesional de Fútbol Argentina,2026
1961c843,Santiago Toloza,Santiago Toloza,ar ARG,MF,Defensa y Justicia,23-168,2002,1,0,45,0.5,0,0,0,0,0,0,0,0,0.00,0.00,0.00,0.00,0.00,Matches,,,0,0,,0.00,0.00,,,,,,,,,,,,,,,,,,,Liga Profesional de Fútbol Argentina,2026
811f1370,Franco Torres,Franco Torres,ar ARG,MF,Gimnasia–LP,26-324,1999,12,5,503,5.6,1,0,1,1,0,0,4,0,0.18,0.00,0.18,0.18,0.18,Matches,0.11,0.20,9,5,55.6,0.89,1.61,,,,,,,,,,,,,,,,,,,Liga Profesional de Fútbol Argentina,2026
287e50ae,Marcelo Torres,Marcelo Torres,ar ARG,FW,Gimnasia–LP,28-159,1997,12,12,943,10.5,4,1,5,3,1,1,0,0,0.38,0.10,0.48,0.29,0.38,Matches,0.17,0.30,18,10,55.6,0.95,1.72,,,,,,,,,,,,,,,,,,,Liga Profesional de Fútbol Argentina,2026
4c3e3d0a,Nicolás Tripichio,Nicolás Tripichio,ar ARG,MF,San Lorenzo,30-099,1996,12,12,"1,018",11.3,0,0,0,0,0,0,5,0,0.00,0.00,0.00,0.00,0.00,Matches,0.00,0.00,14,3,21.4,0.27,1.24,,,,,,,,,,,,,,,,,,,Liga Profesional de Fútbol Argentina,2026
f2b925ac,Manuel Tucker,Manuel Tucker,ar ARG,FW,Platense,21-165,2004,2,0,44,0.5,0,0,0,0,0,0,0,0,0.00,0.00,0.00,0.00,0.00,Matches,0.00,0.00,1,1,100.0,2.05,2.05,,,,,,,,,,,,,,,,,,,Liga Profesional de Fútbol Argentina,2026
131aff3a,Ramiro Tulián,Ramiro Tulián,ar ARG,MF,Belgrano,18-085,2008,2,0,15,0.2,0,0,0,0,0,0,0,0,0.00,0.00,0.00,0.00,0.00,Matches,0.00,,1,0,0.0,0.00,6.00,,,,,,,,,,,,,,,,,,,Liga Profesional de Fútbol Argentina,2026
e3cae82a,Diego Valdés,Diego Valdés,cl CHI,MF,Vélez Sarsfield,32-074,1994,9,4,356,4.0,0,3,3,0,0,0,0,0,0.00,0.76,0.76,0.00,0.76,Matches,0.00,0.00,12,2,16.7,0.51,3.03,,,,,,,,,,,,,,,,,,,Liga Profesional de Fútbol Argentina,2026
58d0c45b,Facundo Valdéz,Facundo Valdéz,ar ARG,MF,Independiente,20-004,2006,5,1,128,1.4,0,0,0,0,0,0,0,0,0.00,0.00,0.00,0.00,0.00,Matches,0.00,,1,0,0.0,0.00,0.70,,,,,,,,,,,,,,,,,,,Liga Profesional de Fútbol Argentina,2026
7e157454,Sebastián Valdez,Sebastián Valdez,ar ARG,DF,Independiente,30-159,1995,10,9,812,9.0,0,0,0,0,0,0,3,1,0.00,0.00,0.00,0.00,0.00,Matches,0.00,,2,0,0.0,0.00,0.22,,,,,,,,,,,,,,,,,,,Liga Profesional de Fútbol Argentina,2026
ff2e5807,Matías Valenti,Matías Valenti,ar ARG,DF,Estudiantes–RC,23-223,2002,9,9,720,8.0,0,0,0,0,0,0,4,0,0.00,0.00,0.00,0.00,0.00,Matches,0.00,,2,0,0.0,0.00,0.25,,,,,,,,,,,,,,,,,,,Liga Profesional de Fútbol Argentina,2026
82318d24,Milton Valenzuela,Milton Valenzuela,ar ARG,DF,Independiente,27-244,1998,4,2,209,2.3,0,0,0,0,0,0,1,0,0.00,0.00,0.00,0.00,0.00,Matches,0.00,0.00,2,1,50.0,0.43,0.86,,,,,,,,,,,,,,,,,,,Liga Profesional de Fútbol Argentina,2026
230d0975,Mauro Valiente,Mauro Valiente,ar ARG,"MF,FW",Estudiantes–RC,26-078,2000,8,4,423,4.7,0,0,0,0,0,0,1,0,0.00,0.00,0.00,0.00,0.00,Matches,0.00,0.00,6,1,16.7,0.21,1.28,,,,,,,,,,,,,,,,,,,Liga Profesional de Fútbol Argentina,2026
27653cda,Luciano Vallejo,Luciano Vallejo,ar ARG,DF,Atlé Tucumán,21-320,2004,5,4,315,3.5,0,0,0,0,0,0,3,1,0.00,0.00,0.00,0.00,0.00,Matches,0.00,0.00,1,1,100.0,0.29,0.29,,,,,,,,,,,,,,,,,,,Liga Profesional de Fútbol Argentina,2026
8a28ed4b,Javier Vallejos,Javier Vallejos,ar ARG,GK,Cen. Córdoba–SdE,23-101,2003,1,0,66,0.7,0,0,0,0,0,0,0,0,0.00,0.00,0.00,0.00,0.00,Matches,,,0,0,,0.00,0.00,0,,1,0,2,2.73,0,66,0,0,0,,0,50.0,2,4,0,0,Liga Profesional de Fútbol Argentina,2026
f2c97754,Yoshan Valois,Yoshan Valois,co COL,FW,Lanús,21-192,2004,4,1,100,1.1,0,0,0,0,0,0,0,0,0.00,0.00,0.00,0.00,0.00,Matches,0.00,,3,0,0.0,0.00,2.70,,,,,,,,,,,,,,,,,,,Liga Profesional de Fútbol Argentina,2026
79e75919,Diego Valoyes,Diego Valoyes,co COL,"FW,MF",Talleres–C,29-204,1996,5,0,88,1.0,0,1,1,0,0,0,0,0,0.00,1.02,1.02,0.00,1.02,Matches,0.00,,1,0,0.0,0.00,1.02,,,,,,,,,,,,,,,,,,,Liga Profesional de Fútbol Argentina,2026
48b7f4fc,Lucas Varaldo,Lucas Varaldo,ar ARG,FW,Cen. Córdoba–SdE,24-049,2002,7,3,243,2.7,0,0,0,0,0,0,1,0,0.00,0.00,0.00,0.00,0.00,Matches,0.00,0.00,6,2,33.3,0.74,2.22,,,,,,,,,,,,,,,,,,,Liga Profesional de Fútbol Argentina,2026
24e2e2a6,Lautaro Vargas,Lautaro Vargas,ar ARG,DF,Unión,21-072,2005,12,12,"1,028",11.4,0,0,0,0,0,0,5,0,0.00,0.00,0.00,0.00,0.00,Matches,0.00,0.00,4,1,25.0,0.09,0.35,,,,,,,,,,,,,,,,,,,Liga Profesional de Fútbol Argentina,2026
467bae22,Franco Vázquez,Franco Vázquez,ar ARG,MF,Belgrano,37-051,1989,12,11,949,10.5,2,0,2,2,0,0,3,0,0.19,0.00,0.19,0.19,0.19,Matches,0.11,0.67,19,3,15.8,0.28,1.80,,,,,,,,,,,,,,,,,,,Liga Profesional de Fútbol Argentina,2026
f228c287,Ignacio Vázquez,Ignacio Vázquez,ar ARG,DF,Platense,28-303,1997,11,11,990,11.0,1,0,1,0,1,1,2,0,0.09,0.00,0.09,0.00,0.00,Matches,0.00,0.00,5,1,20.0,0.09,0.45,,,,,,,,,,,,,,,,,,,Liga Profesional de Fútbol Argentina,2026
e8af9e8d,Kevin Vázquez,Kevin Vázquez,ar ARG,MF,Ind. Rivadavia,25-026,2001,2,0,3,0.0,0,0,0,0,0,0,0,0,0.00,0.00,0.00,0.00,0.00,Matches,,,0,0,,0.00,0.00,,,,,,,,,,,,,,,,,,,Liga Profesional de Fútbol Argentina,2026
c5304db4,César Vega,César Vega,ar ARG,MF,Atlé Tucumán,22-096,2004,2,0,9,0.1,0,0,0,0,0,0,0,0,0.00,0.00,0.00,0.00,0.00,Matches,0.00,,1,0,0.0,0.00,10.00,,,,,,,,,,,,,,,,,,,Liga Profesional de Fútbol Argentina,2026
16349210,Alan Velasco,Alan Velasco,ar ARG,"MF,FW",Boca Juniors,23-261,2002,4,2,167,1.9,0,0,0,0,0,0,0,0,0.00,0.00,0.00,0.00,0.00,Matches,0.00,0.00,5,1,20.0,0.54,2.69,,,,,,,,,,,,,,,,,,,Liga Profesional de Fútbol Argentina,2026
891b9bb8,Juan Velazquez,Juan Velazquez,ar ARG,MF,Belgrano,21-146,2004,7,5,367,4.1,0,0,0,0,0,0,1,0,0.00,0.00,0.00,0.00,0.00,Matches,0.00,,4,0,0.0,0.00,0.98,,,,,,,,,,,,,,,,,,,Liga Profesional de Fútbol Argentina,2026
3f7bafbe,Alejo Véliz,Alejo Véliz,ar ARG,FW,Rosario Central,22-207,2003,12,11,908,10.1,3,0,3,3,0,1,0,0,0.30,0.00,0.30,0.30,0.30,Matches,0.10,0.25,31,12,38.7,1.19,3.07,,,,,,,,,,,,,,,,,,,Liga Profesional de Fútbol Argentina,2026
8b3b381b,Fausto Vera,Fausto Vera,ar ARG,MF,River Plate,26-019,2000,12,12,992,11.0,0,0,0,0,0,0,2,1,0.00,0.00,0.00,0.00,0.00,Matches,0.00,0.00,24,5,20.8,0.45,2.18,,,,,,,,,,,,,,,,,,,Liga Profesional de Fútbol Argentina,2026
dc93fa94,Federico Vera,Federico Vera,ar ARG,DF,Huracán,28-021,1998,6,5,450,5.0,0,0,0,0,0,0,1,0,0.00,0.00,0.00,0.00,0.00,Matches,0.00,,1,0,0.0,0.00,0.20,,,,,,,,,,,,,,,,,,,Liga Profesional de Fútbol Argentina,2026
fe529f25,Matías Vera,Matías Vera,ar ARG,MF,Cen. Córdoba–SdE,30-170,1995,11,10,839,9.3,0,0,0,0,0,0,4,0,0.00,0.00,0.00,0.00,0.00,Matches,0.00,0.00,6,1,16.7,0.11,0.64,,,,,,,,,,,,,,,,,,,Liga Profesional de Fútbol Argentina,2026
7faaf973,Duván Vergara,Duván Vergara,co COL,"FW,MF",Racing Club,29-217,1996,10,4,364,4.0,2,0,2,2,0,0,2,0,0.49,0.00,0.49,0.49,0.49,Matches,0.29,0.50,7,4,57.1,0.99,1.73,,,,,,,,,,,,,,,,,,,Liga Profesional de Fútbol Argentina,2026
c013b830,Álex Verón,Álex Verón,ar ARG,MF,Vélez Sarsfield,17-172,2008,5,1,146,1.6,0,0,0,0,0,0,0,0,0.00,0.00,0.00,0.00,0.00,Matches,,,0,0,,0.00,0.00,,,,,,,,,,,,,,,,,,,Liga Profesional de Fútbol Argentina,2026
2513a588,Luciano Vietto,Luciano Vietto,ar ARG,"MF,FW",San Lorenzo,32-130,1993,10,4,456,5.1,2,0,2,2,0,0,3,0,0.39,0.00,0.39,0.39,0.39,Matches,0.17,0.33,12,6,50.0,1.18,2.37,,,,,,,,,,,,,,,,,,,Liga Profesional de Fútbol Argentina,2026
1d8d182c,Alex Vigo,Alex Vigo,ar ARG,DF,Talleres–C,26-351,1999,4,3,231,2.6,0,0,0,0,0,0,2,0,0.00,0.00,0.00,0.00,0.00,Matches,0.00,,1,0,0.0,0.00,0.39,,,,,,,,,,,,,,,,,,,Liga Profesional de Fútbol Argentina,2026
b42ba8cd,Maximiliano Villa,Maximiliano Villa,uy URU,DF,Atlé Tucumán,29-042,1997,9,8,729,8.1,1,0,1,1,0,0,2,0,0.12,0.00,0.12,0.12,0.12,Matches,0.20,0.50,5,2,40.0,0.25,0.62,,,,,,,,,,,,,,,,,,,Liga Profesional de Fútbol Argentina,2026
df454699,Sebastián Villa,Sebastián Villa,co COL,"FW,MF",Ind. Rivadavia,29-330,1996,11,10,924,10.3,0,4,4,0,0,0,2,0,0.00,0.39,0.39,0.00,0.39,Matches,0.00,0.00,26,6,23.1,0.58,2.53,,,,,,,,,,,,,,,,,,,Liga Profesional de Fútbol Argentina,2026
24a99c0e,Carlos Villalba,Carlos Villalba,ar ARG,MF,Sarmiento–J,27-269,1998,10,7,519,5.8,1,0,1,1,0,0,4,0,0.17,0.00,0.17,0.17,0.17,Matches,0.08,0.17,12,6,50.0,1.04,2.08,,,,,,,,,,,,,,,,,,,Liga Profesional de Fútbol Argentina,2026
3f66660b,Iván Villalba,Iván Villalba,py PAR,DF,Ind. Rivadavia,31-085,1995,12,10,896,10.0,0,0,0,0,0,0,4,0,0.00,0.00,0.00,0.00,0.00,Matches,0.00,0.00,6,2,33.3,0.20,0.60,,,,,,,,,,,,,,,,,,,Liga Profesional de Fútbol Argentina,2026
4e40d555,Alejandro Villareal,Alejandro Villareal,co COL,"FW,MF",Aldosivi,20-260,2005,8,3,208,2.3,0,0,0,0,0,0,1,0,0.00,0.00,0.00,0.00,0.00,Matches,0.00,,6,0,0.0,0.00,2.60,,,,,,,,,,,,,,,,,,,Liga Profesional de Fútbol Argentina,2026
ada762eb,Santiago Villarreal,Santiago Villarreal,ar ARG,MF,Gimnasia–LP,20-145,2005,2,0,52,0.6,0,0,0,0,0,0,0,0,0.00,0.00,0.00,0.00,0.00,Matches,0.00,,1,0,0.0,0.00,1.73,,,,,,,,,,,,,,,,,,,Liga Profesional de Fútbol Argentina,2026
f101aa59,Lautaro Villegas,Lautaro Villegas,ar ARG,MF,Banfield,22-105,2003,10,8,571,6.3,0,0,0,0,0,0,3,0,0.00,0.00,0.00,0.00,0.00,Matches,0.00,,3,0,0.0,0.00,0.47,,,,,,,,,,,,,,,,,,,Liga Profesional de Fútbol Argentina,2026
08eb3b58,Matías Viña,Matías Viña,uy URU,"DF,MF",River Plate,28-156,1997,8,5,402,4.5,0,0,0,0,0,0,6,1,0.00,0.00,0.00,0.00,0.00,Matches,0.00,0.00,6,1,16.7,0.22,1.34,,,,,,,,,,,,,,,,,,,Liga Profesional de Fútbol Argentina,2026
7abfa435,Sergio Vittor,Sergio Vittor,ar ARG,DF,Banfield,36-309,1989,9,9,689,7.7,0,0,0,0,0,0,1,0,0.00,0.00,0.00,0.00,0.00,Matches,0.00,0.00,3,1,33.3,0.13,0.39,,,,,,,,,,,,,,,,,,,Liga Profesional de Fútbol Argentina,2026
5b12c37d,Emiliano Viveros,Emiliano Viveros,ar ARG,"FW,MF",Arg Juniors,23-196,2002,11,9,624,6.9,1,1,2,1,0,0,1,0,0.14,0.14,0.29,0.14,0.29,Matches,0.08,0.25,12,4,33.3,0.58,1.73,,,,,,,,,,,,,,,,,,,Liga Profesional de Fútbol Argentina,2026
d3b58aaa,Facundo Waller,Facundo Waller,uy URU,MF,Huracán,29-005,1997,12,9,853,9.5,0,0,0,0,0,0,3,0,0.00,0.00,0.00,0.00,0.00,Matches,0.00,0.00,5,1,20.0,0.11,0.53,,,,,,,,,,,,,,,,,,,Liga Profesional de Fútbol Argentina,2026
0d7ad669,Franco Watson,Franco Watson,ar ARG,"MF,FW",Lanús,26-103,2000,8,4,314,3.5,0,0,0,0,0,0,1,0,0.00,0.00,0.00,0.00,0.00,Matches,0.00,0.00,5,1,20.0,0.29,1.43,,,,,,,,,,,,,,,,,,,Liga Profesional de Fútbol Argentina,2026
600cb6b1,Nicólas Watson,Nicólas Watson,ar ARG,"MF,DF",Deportivo Riestra,27-327,1998,9,6,533,5.9,0,0,0,0,0,0,2,0,0.00,0.00,0.00,0.00,0.00,Matches,0.00,,1,0,0.0,0.00,0.17,,,,,,,,,,,,,,,,,,,Liga Profesional de Fútbol Argentina,2026
ac106741,Marcelo Weigandt,Marcelo Weigandt,ar ARG,DF,Boca Juniors,26-093,2000,8,6,583,6.5,0,0,0,0,0,0,0,0,0.00,0.00,0.00,0.00,0.00,Matches,0.00,0.00,3,1,33.3,0.15,0.46,,,,,,,,,,,,,,,,,,,Liga Profesional de Fútbol Argentina,2026
c0b1a6da,Axel Werner,Axel Werner,ar ARG,GK,Aldosivi,30-045,1996,13,13,"1,170",13.0,0,0,0,0,0,0,2,0,0.00,0.00,0.00,0.00,0.00,Matches,,,0,0,,0.00,0.00,4,30.8,13,13,14,1.08,7,"1,170",2,3,0,33.3,1,73.9,35,46,6,0,Liga Profesional de Fútbol Argentina,2026
bb967f0b,Cristian Zabala,Cristian Zabala,ar ARG,MF,Sarmiento–J,28-041,1998,12,12,"1,021",11.3,1,0,1,1,0,0,3,0,0.09,0.00,0.09,0.09,0.09,Matches,0.17,0.50,6,2,33.3,0.18,0.53,,,,,,,,,,,,,,,,,,,Liga Profesional de Fútbol Argentina,2026
2f2475da,Facundo Zabala,Facundo Zabala,ar ARG,DF,Independiente,27-102,1999,12,11,961,10.7,0,1,1,0,0,0,3,0,0.00,0.09,0.09,0.00,0.09,Matches,0.00,0.00,7,2,28.6,0.19,0.66,,,,,,,,,,,,,,,,,,,Liga Profesional de Fútbol Argentina,2026
4aeb00f4,David Zalazar,David Zalazar,ar ARG,MF,Banfield,23-340,2002,8,4,472,5.2,1,2,3,1,0,0,2,0,0.19,0.38,0.57,0.19,0.57,Matches,0.07,0.25,15,4,26.7,0.76,2.86,,,,,,,,,,,,,,,,,,,Liga Profesional de Fútbol Argentina,2026
e374a7f5,Maximiliano Zalazar,Maximiliano Zalazar,ar ARG,MF,Gimnasia–LP,25-037,2001,5,0,154,1.7,0,0,0,0,0,0,2,0,0.00,0.00,0.00,0.00,0.00,Matches,0.00,0.00,10,2,20.0,1.17,5.84,,,,,,,,,,,,,,,,,,,Liga Profesional de Fútbol Argentina,2026
e2c0f4bf,Nicolás Zalazar,Nicolás Zalazar,ar ARG,DF,Aldosivi,29-075,1997,11,11,972,10.8,0,1,1,0,0,0,2,1,0.00,0.09,0.09,0.00,0.09,Matches,0.00,0.00,11,3,27.3,0.28,1.02,,,,,,,,,,,,,,,,,,,Liga Profesional de Fútbol Argentina,2026
7b0f7577,Franco Zapiola,Franco Zapiola,ar ARG,MF,Platense,25-054,2001,13,11,853,9.5,1,0,1,1,0,0,2,0,0.11,0.00,0.11,0.11,0.11,Matches,0.05,0.14,20,7,35.0,0.74,2.11,,,,,,,,,,,,,,,,,,,Liga Profesional de Fútbol Argentina,2026
803d5265,Federico Zaracho,Federico Zaracho,ar ARG,MF,Racing Club,28-035,1998,11,3,386,4.3,0,0,0,0,0,0,2,0,0.00,0.00,0.00,0.00,0.00,Matches,0.00,,6,0,0.0,0.00,1.40,,,,,,,,,,,,,,,,,,,Liga Profesional de Fútbol Argentina,2026
02f9fb61,Exequiel Zeballos,Exequiel Zeballos,ar ARG,FW,Boca Juniors,23-355,2002,4,3,292,3.2,1,1,2,1,0,0,0,0,0.31,0.31,0.62,0.31,0.62,Matches,0.20,0.50,5,2,40.0,0.62,1.54,,,,,,,,,,,,,,,,,,,Liga Profesional de Fútbol Argentina,2026
e214af7f,Gonzalo Zelarayán,Gonzalo Zelarayán,ar ARG,FW,Belgrano,21-351,2004,2,0,16,0.2,0,0,0,0,0,0,0,0,0.00,0.00,0.00,0.00,0.00,Matches,,,0,0,,0.00,0.00,,,,,,,,,,,,,,,,,,,Liga Profesional de Fútbol Argentina,2026
3ce30893,Lucas Zelarayán,Lucas Zelarayán,am ARM,MF,Belgrano,33-298,1992,11,11,929,10.3,4,1,5,4,0,0,2,0,0.39,0.10,0.48,0.39,0.48,Matches,0.18,0.50,22,8,36.4,0.78,2.13,,,,,,,,,,,,,,,,,,,Liga Profesional de Fútbol Argentina,2026
21faad0e,Felipe Zenobio,Felipe Zenobio,ar ARG,GK,Tigre,25-327,2000,12,12,"1,080",12.0,0,0,0,0,0,0,0,0,0.00,0.00,0.00,0.00,0.00,Matches,,,0,0,,0.00,0.00,4,33.3,12,12,10,0.83,2,"1,080",1,1,0,0.0,0,72.7,24,33,6,4,Liga Profesional de Fútbol Argentina,2026
8f0d8b0a,Kevin Zenon,Kevin Zenon,ar ARG,FW,Boca Juniors,24-258,2001,4,2,216,2.4,0,0,0,0,0,0,0,0,0.00,0.00,0.00,0.00,0.00,Matches,0.00,0.00,3,1,33.3,0.42,1.25,,,,,,,,,,,,,,,,,,,Liga Profesional de Fútbol Argentina,2026
17cddb4d,Bruno Zuculini,Bruno Zuculini,ar ARG,MF,Racing Club,33-012,1993,11,4,394,4.4,0,1,1,0,0,0,1,0,0.00,0.23,0.23,0.00,0.23,Matches,0.00,,3,0,0.0,0.00,0.69,,,,,,,,,,,,,,,,,,,Liga Profesional de Fútbol Argentina,2026
e5e08d06,Iker Zufiaurre,Iker Zufiaurre,ar ARG,FW,Boca Juniors,20-250,2005,9,2,218,2.4,1,0,1,1,0,0,1,0,0.41,0.00,0.41,0.41,0.41,Matches,0.25,1.00,4,1,25.0,0.41,1.65,,,,,,,,,,,,,,,,,,,Liga Profesional de Fútbol Argentina,2026
21faad0e,Felipe Zenobio,ar ARG,GK,24,32,32,"2,880",32.0,0,0,0,0,0,0,1,0,0.00,0.00,0.00,0.00,0.00,Matches,Liga Profesional de Fútbol Argentina,2025
2ca3d7f2,Ignacio Russo,ar ARG,FW,24,32,31,"2,578",28.6,10,1,11,10,0,1,6,0,0.35,0.03,0.38,0.35,0.38,Matches,Liga Profesional de Fútbol Argentina,2025
3c7a3791,Joaquín Laso,ar ARG,DF,34,28,28,"2,486",27.6,0,2,2,0,0,0,9,2,0.00,0.07,0.07,0.00,0.07,Matches,Liga Profesional de Fútbol Argentina,2025
4874cad4,Elías Cabrera,ar ARG,"MF,FW",21,28,26,"1,849",20.5,2,4,6,2,0,0,5,1,0.10,0.19,0.29,0.10,0.29,Matches,Liga Profesional de Fútbol Argentina,2025
a694431e,Jabes Saralegui,ar ARG,MF,21,26,24,"1,903",21.1,2,3,5,2,0,0,1,0,0.09,0.14,0.24,0.09,0.24,Matches,Liga Profesional de Fútbol Argentina,2025
2223cdf0,Santiago González,ar ARG,MF,21,23,20,"1,745",19.4,0,0,0,0,0,0,5,0,0.00,0.00,0.00,0.00,0.00,Matches,Liga Profesional de Fútbol Argentina,2025
42b1a58a,Nehuén Paz,ar ARG,DF,31,16,16,"1,440",16.0,2,0,2,2,0,0,2,0,0.12,0.00,0.12,0.12,0.12,Matches,Liga Profesional de Fútbol Argentina,2025
b6dcc374,Lorenzo Scipioni,ar ARG,MF,20,15,15,"1,330",14.8,1,0,1,1,0,0,7,0,0.07,0.00,0.07,0.07,0.07,Matches,Liga Profesional de Fútbol Argentina,2025
55551a71,Nahuel Banegas,ar ARG,DF,28,14,14,"1,205",13.4,0,1,1,0,0,0,5,0,0.00,0.07,0.07,0.00,0.07,Matches,Liga Profesional de Fútbol Argentina,2025
698923cf,Julián López,ar ARG,MF,25,27,13,"1,228",13.6,1,0,1,1,0,0,10,0,0.07,0.00,0.07,0.07,0.07,Matches,Liga Profesional de Fútbol Argentina,2025
42cdf326,Guillermo Soto,cl CHI,DF,31,14,13,"1,184",13.2,0,1,1,0,0,0,4,0,0.00,0.08,0.08,0.00,0.08,Matches,Liga Profesional de Fútbol Argentina,2025
68acce47,Martín Ortega,ar ARG,DF,25,13,13,"1,090",12.1,1,0,1,1,0,0,1,0,0.08,0.00,0.08,0.08,0.08,Matches,Liga Profesional de Fútbol Argentina,2025
bd35fdf5,Sebastián Medina,ar ARG,MF,24,24,12,"1,121",12.5,2,3,5,2,0,0,5,0,0.16,0.24,0.40,0.16,0.40,Matches,Liga Profesional de Fútbol Argentina,2025
e76ff509,José Romero,ar ARG,FW,21,17,11,900,10.0,4,2,6,4,0,0,0,0,0.40,0.20,0.60,0.40,0.60,Matches,Liga Profesional de Fútbol Argentina,2025
f90d3b57,Diego Sosa,ar ARG,DF,27,13,9,923,10.3,1,1,2,0,1,2,1,0,0.10,0.10,0.20,0.00,0.10,Matches,Liga Profesional de Fútbol Argentina,2025
32a9f0f0,Federico Álvarez,ar ARG,DF,30,9,9,752,8.4,0,0,0,0,0,0,1,0,0.00,0.00,0.00,0.00,0.00,Matches,Liga Profesional de Fútbol Argentina,2025
f2e5d390,Alan Barrionuevo,ar ARG,DF,28,13,8,737,8.2,0,1,1,0,0,0,0,0,0.00,0.12,0.12,0.00,0.12,Matches,Liga Profesional de Fútbol Argentina,2025
8b6d7b27,Ramón Arias,uy URU,"DF,MF",32,14,8,674,7.5,0,0,0,0,0,0,3,1,0.00,0.00,0.00,0.00,0.00,Matches,Liga Profesional de Fútbol Argentina,2025
57148654,Martín Garay,ar ARG,"DF,MF",25,10,7,674,7.5,0,0,0,0,0,0,1,0,0.00,0.00,0.00,0.00,0.00,Matches,Liga Profesional de Fútbol Argentina,2025
e5cabba3,Tomás Cardona,ar ARG,DF,29,9,7,658,7.3,0,0,0,0,0,0,1,0,0.00,0.00,0.00,0.00,0.00,Matches,Liga Profesional de Fútbol Argentina,2025
07453486,Bruno Leyes,ar ARG,MF,23,11,6,555,6.2,0,0,0,0,0,0,4,0,0.00,0.00,0.00,0.00,0.00,Matches,Liga Profesional de Fútbol Argentina,2025
54328474,Héctor Fértoli,ar ARG,MF,30,15,5,591,6.6,0,0,0,0,0,0,1,0,0.00,0.00,0.00,0.00,0.00,Matches,Liga Profesional de Fútbol Argentina,2025
ffab97dd,Jalil Elías,sy SYR,MF,28,7,5,453,5.0,0,0,0,0,0,0,1,0,0.00,0.00,0.00,0.00,0.00,Matches,Liga Profesional de Fútbol Argentina,2025
c0d97f5c,Blas Armoa,py PAR,FW,24,12,5,436,4.8,0,2,2,0,0,0,1,0,0.00,0.41,0.41,0.00,0.41,Matches,Liga Profesional de Fútbol Argentina,2025
7799ee6f,Gonzalo Piñeiro,ar ARG,MF,24,10,4,434,4.8,0,0,0,0,0,0,0,0,0.00,0.00,0.00,0.00,0.00,Matches,Liga Profesional de Fútbol Argentina,2025
2fafa9ad,Alfio Oviedo,py PAR,FW,29,20,3,580,6.4,2,0,2,2,0,0,2,0,0.31,0.00,0.31,0.31,0.31,Matches,Liga Profesional de Fútbol Argentina,2025
c921e659,Brian Martínez,ar ARG,"MF,FW",25,12,3,354,3.9,2,1,3,0,2,2,2,0,0.51,0.25,0.76,0.00,0.25,Matches,Liga Profesional de Fútbol Argentina,2025
2376b044,Simón Rivero,ar ARG,MF,21,8,2,289,3.2,0,0,0,0,0,0,0,0,0.00,0.00,0.00,0.00,0.00,Matches,Liga Profesional de Fútbol Argentina,2025
b9f92e76,Eric Ramírez,ve VEN,FW,26,6,1,147,1.6,0,0,0,0,0,0,0,0,0.00,0.00,0.00,0.00,0.00,Matches,Liga Profesional de Fútbol Argentina,2025
eb55b9f5,Valentín Moreno,ar ARG,DF,21,3,1,140,1.6,0,0,0,0,0,0,1,0,0.00,0.00,0.00,0.00,0.00,Matches,Liga Profesional de Fútbol Argentina,2025
e374a7f5,Maximiliano Zalazar,ar ARG,MF,23,4,1,133,1.5,0,0,0,0,0,0,0,0,0.00,0.00,0.00,0.00,0.00,Matches,Liga Profesional de Fútbol Argentina,2025
710eecee,Manuel Fernández,ar ARG,FW,20,3,0,55,0.6,0,0,0,0,0,0,0,0,0.00,0.00,0.00,0.00,0.00,Matches,Liga Profesional de Fútbol Argentina,2025
d8dcc840,Lucas Besozzi,ar ARG,MF,22,5,0,47,0.5,1,0,1,1,0,0,1,0,1.91,0.00,1.91,1.91,1.91,Matches,Liga Profesional de Fútbol Argentina,2025
343a0930,Darío Sarmiento,ar ARG,MF,21,2,0,18,0.2,0,0,0,0,0,0,0,0,0.00,0.00,0.00,0.00,0.00,Matches,Liga Profesional de Fútbol Argentina,2025
980e0948,Ignacio Neira,uy URU,MF,26,1,0,8,0.1,0,0,0,0,0,0,0,0,0.00,0.00,0.00,0.00,0.00,Matches,Liga Profesional de Fútbol Argentina,2025
86f70a58,Thiago Airala,ar ARG,FW,20,0,0,,,,,,,,,,,,,,,,Matches,Liga Profesional de Fútbol Argentina,2025
02d5694b,Bernardo Benítez,py PAR,MF,22,0,0,,,,,,,,,,,,,,,,Matches,Liga Profesional de Fútbol Argentina,2025
d59c8af0,Luka Fuster,ar ARG,GK,18,0,0,,,,,,,,,,,,,,,,Matches,Liga Profesional de Fútbol Argentina,2025
abe841b4,Angelo Marchese,ar ARG,DF,20,0,0,,,,,,,,,,,,,,,,Matches,Liga Profesional de Fútbol Argentina,2025
d9f256c1,Ignacio Peluffo,,FW,,0,0,,,,,,,,,,,,,,,,Matches,Liga Profesional de Fútbol Argentina,2025
fc6f3f1f,Jeremías Ramponi,ar ARG,DF,19,0,0,,,,,,,,,,,,,,,,Matches,Liga Profesional de Fútbol Argentina,2025
10fb4c99,Alan Sebastian Lezcano,ar ARG,MF,17,0,0,,,,,,,,,,,,,,,,Matches,Liga Profesional de Fútbol Argentina,2025
b02676ef,Alan Sosa,ar ARG,GK,28,0,0,,,,,,,,,,,,,,,,Matches,Liga Profesional de Fútbol Argentina,2025
3db19a37,Tomás Sultani,ar ARG,GK,26,0,0,,,,,,,,,,,,,,,,Matches,Liga Profesional de Fútbol Argentina,2025
c6f4a56c,Federico Tévez,ar ARG,DF,25,0,0,,,,,,,,,,,,,,,,Matches,Liga Profesional de Fútbol Argentina,2025
e771803d,Milton Vasconcelo,ar ARG,MF,19,0,0,,,,,,,,,,,,,,,,Matches,Liga Profesional de Fútbol Argentina,2025
bfb67716,Adrián Guillermo Sánchez,ar ARG,MF,25,32,32,"2,693",29.9,2,0,2,2,0,0,5,0,0.07,0.00,0.07,0.07,0.07,Matches,Liga Profesional de Fútbol Argentina,2025
ac2206e1,Miguel Brizuela,ar ARG,DF,28,31,23,"2,200",24.4,2,0,2,2,0,0,7,0,0.08,0.00,0.08,0.08,0.08,Matches,Liga Profesional de Fútbol Argentina,2025
3fee512a,Leandro Díaz,ar ARG,FW,32,27,23,"2,011",22.3,6,0,6,5,1,2,6,1,0.27,0.00,0.27,0.22,0.22,Matches,Liga Profesional de Fútbol Argentina,2025
3fd3bf8a,Damián Martínez,ar ARG,DF,35,27,23,"1,939",21.5,0,2,2,0,0,0,11,0,0.00,0.09,0.09,0.00,0.09,Matches,Liga Profesional de Fútbol Argentina,2025
09e1d2b1,Gianluca Ferrari,ar ARG,DF,27,19,19,"1,620",18.0,0,1,1,0,0,0,5,0,0.00,0.06,0.06,0.00,0.06,Matches,Liga Profesional de Fútbol Argentina,2025
e020cfc4,Marcelo Ortiz,ar ARG,DF,31,18,17,"1,493",16.6,2,0,2,2,0,0,6,0,0.12,0.00,0.12,0.12,0.12,Matches,Liga Profesional de Fútbol Argentina,2025
d005b036,Mateo Bajamich,ar ARG,FW,25,27,15,"1,363",15.1,2,1,3,2,0,0,2,0,0.13,0.07,0.20,0.13,0.20,Matches,Liga Profesional de Fútbol Argentina,2025
30c0c914,Matías Mansilla,ar ARG,GK,28,15,15,"1,350",15.0,0,0,0,0,0,0,3,0,0.00,0.00,0.00,0.00,0.00,Matches,Liga Profesional de Fútbol Argentina,2025
52e8ada7,Mateo Coronel,ar ARG,FW,26,19,15,"1,223",13.6,5,3,8,5,0,0,2,0,0.37,0.22,0.59,0.37,0.59,Matches,Liga Profesional de Fútbol Argentina,2025
bde55241,Nicolás Laméndola,ar ARG,MF,26,25,15,"1,166",13.0,3,4,7,3,0,0,7,0,0.23,0.31,0.54,0.23,0.54,Matches,Liga Profesional de Fútbol Argentina,2025
1ed313b7,Kevin Ortíz,ar ARG,MF,24,15,14,"1,214",13.5,0,1,1,0,0,0,5,0,0.00,0.07,0.07,0.00,0.07,Matches,Liga Profesional de Fútbol Argentina,2025
976c8f8f,Ramiro Ruiz,ar ARG,"MF,FW",24,27,13,"1,220",13.6,2,4,6,2,0,0,1,0,0.15,0.30,0.44,0.15,0.44,Matches,Liga Profesional de Fútbol Argentina,2025
1bae6597,Guillermo Acosta,ar ARG,MF,36,20,13,"1,129",12.5,0,2,2,0,0,0,3,0,0.00,0.16,0.16,0.00,0.16,Matches,Liga Profesional de Fútbol Argentina,2025
a7245aa0,Durso,ar ARG,GK,25,11,11,990,11.0,0,0,0,0,0,0,1,0,0.00,0.00,0.00,0.00,0.00,Matches,Liga Profesional de Fútbol Argentina,2025
7221c7da,Clever Ferreira,py PAR,DF,21,11,11,987,11.0,1,0,1,1,0,0,3,2,0.09,0.00,0.09,0.09,0.09,Matches,Liga Profesional de Fútbol Argentina,2025
cddd1e30,Franco Nicola,uy URU,"MF,DF",22,23,10,963,10.7,3,0,3,3,0,0,2,0,0.28,0.00,0.28,0.28,0.28,Matches,Liga Profesional de Fútbol Argentina,2025
726d759f,Matías De los Santos,uy URU,DF,32,10,10,900,10.0,0,0,0,0,0,0,1,0,0.00,0.00,0.00,0.00,0.00,Matches,Liga Profesional de Fútbol Argentina,2025
5256c4ca,Kevin Lopez,ar ARG,MF,23,19,10,847,9.4,0,0,0,0,0,0,3,0,0.00,0.00,0.00,0.00,0.00,Matches,Liga Profesional de Fútbol Argentina,2025
13f61a69,Juan Infante,ar ARG,"DF,MF",29,10,10,820,9.1,0,0,0,0,0,0,2,0,0.00,0.00,0.00,0.00,0.00,Matches,Liga Profesional de Fútbol Argentina,2025
476d6fbe,Carlos Auzqui,ar ARG,MF,33,19,9,900,10.0,1,1,2,1,0,0,3,0,0.10,0.10,0.20,0.10,0.20,Matches,Liga Profesional de Fútbol Argentina,2025
3546ee7e,Lautaro Godoy,py PAR,MF,21,18,7,714,7.9,0,1,1,0,0,0,1,0,0.00,0.13,0.13,0.00,0.13,Matches,Liga Profesional de Fútbol Argentina,2025
f90f059e,Juan González,uy URU,GK,31,6,6,540,6.0,0,0,0,0,0,0,1,0,0.00,0.00,0.00,0.00,0.00,Matches,Liga Profesional de Fútbol Argentina,2025
e2525aa4,Ignacio Galván,ar ARG,DF,22,8,6,458,5.1,1,0,1,1,0,0,2,1,0.20,0.00,0.20,0.20,0.20,Matches,Liga Profesional de Fútbol Argentina,2025
dab61168,Lisandro Cabrera,ar ARG,FW,27,17,4,501,5.6,0,1,1,0,0,0,0,0,0.00,0.18,0.18,0.00,0.18,Matches,Liga Profesional de Fútbol Argentina,2025
432e6973,Matías Orihuela,ar ARG,DF,32,6,4,485,5.4,0,0,0,0,0,0,2,0,0.00,0.00,0.00,0.00,0.00,Matches,Liga Profesional de Fútbol Argentina,2025
b42ba8cd,Maximiliano Villa,uy URU,DF,27,9,4,431,4.8,0,0,0,0,0,0,1,0,0.00,0.00,0.00,0.00,0.00,Matches,Liga Profesional de Fútbol Argentina,2025
1bc771b3,Renzo Tesuri,ar ARG,MF,28,6,4,278,3.1,0,0,0,0,0,0,1,0,0.00,0.00,0.00,0.00,0.00,Matches,Liga Profesional de Fútbol Argentina,2025
ab69d6eb,Moisés Brandán,ar ARG,DF,24,6,3,310,3.4,0,0,0,0,0,0,0,0,0.00,0.00,0.00,0.00,0.00,Matches,Liga Profesional de Fútbol Argentina,2025
d016a159,Nicolás Castro,ar ARG,MF,34,4,3,257,2.9,1,0,1,1,0,0,1,0,0.35,0.00,0.35,0.35,0.35,Matches,Liga Profesional de Fútbol Argentina,2025
96d19d5b,Luis Miguel Rodríguez,ar ARG,"MF,FW",40,9,2,311,3.5,0,0,0,0,0,0,1,0,0.00,0.00,0.00,0.00,0.00,Matches,Liga Profesional de Fútbol Argentina,2025
d535f426,Marcelo Estigarribia,ar ARG,FW,29,1,1,90,1.0,0,0,0,0,0,0,0,0,0.00,0.00,0.00,0.00,0.00,Matches,Liga Profesional de Fútbol Argentina,2025
31b185e8,Rodrigo Iñaki Melo,ar ARG,MF,29,8,0,120,1.3,0,0,0,0,0,0,0,0,0.00,0.00,0.00,0.00,0.00,Matches,Liga Profesional de Fútbol Argentina,2025
121f452f,Carlos Abeldano,ar ARG,FW,19,3,0,34,0.4,0,0,0,0,0,0,0,0,0.00,0.00,0.00,0.00,0.00,Matches,Liga Profesional de Fútbol Argentina,2025
b747edb2,Fausto Grillo,ar ARG,DF,31,1,0,17,0.2,0,0,0,0,0,0,0,0,0.00,0.00,0.00,0.00,0.00,Matches,Liga Profesional de Fútbol Argentina,2025
10a4cd78,Ezequiel Godoy,ar ARG,MF,21,1,0,3,0.0,0,0,0,0,0,0,0,0,0.00,0.00,0.00,0.00,0.00,Matches,Liga Profesional de Fútbol Argentina,2025
27653cda,Luciano Vallejo,ar ARG,DF,20,1,0,3,0.0,0,0,0,0,0,0,0,0,0.00,0.00,0.00,0.00,0.00,Matches,Liga Profesional de Fútbol Argentina,2025
fc6f74e2,Agustín Gálvez,,,,0,0,,,,,,,,,,,,,,,,Matches,Liga Profesional de Fútbol Argentina,2025
da01b2cc,Ramiro Paunero,ar ARG,DF,19,0,0,,,,,,,,,,,,,,,,Matches,Liga Profesional de Fútbol Argentina,2025
1d9601a2,Juan Posse,ar ARG,DF,19,0,0,,,,,,,,,,,,,,,,Matches,Liga Profesional de Fútbol Argentina,2025
23a250d1,Pocho Román,it ITA,FW,20,0,0,,,,,,,,,,,,,,,,Matches,Liga Profesional de Fútbol Argentina,2025
c5304db4,César Vega,ar ARG,MF,21,0,0,,,,,,,,,,,,,,,,Matches,Liga Profesional de Fútbol Argentina,2025
2047a087,Facundo Sanguinetti,ar ARG,GK,23,32,32,"2,880",32.0,0,0,0,0,0,0,1,0,0.00,0.00,0.00,0.00,0.00,Matches,Liga Profesional de Fútbol Argentina,2025
5b3a9431,Martín Río,ar ARG,MF,23,31,31,"2,664",29.6,5,2,7,5,0,0,8,0,0.17,0.07,0.24,0.17,0.24,Matches,Liga Profesional de Fútbol Argentina,2025
777cdbf8,Gonzalo Ríos,ar ARG,MF,26,27,26,"2,047",22.7,2,2,4,2,0,0,2,0,0.09,0.09,0.18,0.09,0.18,Matches,Liga Profesional de Fútbol Argentina,2025
02d9aaa9,Ignacio Abraham,sy SYR,"DF,MF",27,21,20,"1,794",19.9,0,0,0,0,0,0,1,0,0.00,0.00,0.00,0.00,0.00,Matches,Liga Profesional de Fútbol Argentina,2025
323d23e6,Alexis Maldonado,ar ARG,DF,27,20,20,"1,706",19.0,0,0,0,0,0,0,6,0,0.00,0.00,0.00,0.00,0.00,Matches,Liga Profesional de Fútbol Argentina,2025
2240f653,Santiago López,ar ARG,"MF,DF",27,26,18,"1,669",18.5,1,0,1,1,0,0,5,0,0.05,0.00,0.05,0.05,0.05,Matches,Liga Profesional de Fútbol Argentina,2025
7abfa435,Sergio Vittor,ar ARG,DF,35,15,15,"1,349",15.0,0,0,0,0,0,0,2,0,0.00,0.00,0.00,0.00,0.00,Matches,Liga Profesional de Fútbol Argentina,2025
a2596370,Santiago Esquivel,ar ARG,MF,21,21,15,"1,232",13.7,0,0,0,0,0,0,5,0,0.00,0.00,0.00,0.00,0.00,Matches,Liga Profesional de Fútbol Argentina,2025
12e579fa,Mauro Méndez,uy URU,FW,26,15,14,"1,186",13.2,3,2,5,3,0,0,2,0,0.23,0.15,0.38,0.23,0.38,Matches,Liga Profesional de Fútbol Argentina,2025
6f41c0bc,Joaquín Pombo,ar ARG,DF,23,13,13,"1,140",12.7,0,0,0,0,0,0,4,1,0.00,0.00,0.00,0.00,0.00,Matches,Liga Profesional de Fútbol Argentina,2025
881c8195,Ramiro Di Luciano,ar ARG,DF,21,16,13,"1,120",12.4,0,2,2,0,0,0,2,0,0.00,0.16,0.16,0.00,0.16,Matches,Liga Profesional de Fútbol Argentina,2025
d2e6d986,Mathías De Ritis,uy URU,DF,22,12,12,"1,061",11.8,0,0,0,0,0,0,4,0,0.00,0.00,0.00,0.00,0.00,Matches,Liga Profesional de Fútbol Argentina,2025
c89d0b23,Rodrigo Auzmendi,ar ARG,FW,24,15,12,"1,058",11.8,4,2,6,4,0,0,4,0,0.34,0.17,0.51,0.34,0.51,Matches,Liga Profesional de Fútbol Argentina,2025
59684e00,Tomás Adoryán,am ARM,MF,23,23,12,"1,042",11.6,1,1,2,1,0,0,7,0,0.09,0.09,0.17,0.09,0.17,Matches,Liga Profesional de Fútbol Argentina,2025
4b3cb59b,Lautaro Ríos,ar ARG,MF,24,25,11,"1,144",12.7,1,1,2,1,0,0,4,0,0.08,0.08,0.16,0.08,0.16,Matches,Liga Profesional de Fútbol Argentina,2025
907edfa0,Agustín Alaniz,uy URU,"FW,MF",22,21,11,"1,091",12.1,2,2,4,2,0,0,2,0,0.16,0.16,0.33,0.16,0.33,Matches,Liga Profesional de Fútbol Argentina,2025
731a1d66,Geronimo Rivera,ar ARG,MF,21,13,11,845,9.4,2,1,3,2,0,0,3,0,0.21,0.11,0.32,0.21,0.32,Matches,Liga Profesional de Fútbol Argentina,2025
9b0cafc4,Nicolás Meriano,ar ARG,DF,24,9,9,768,8.5,0,0,0,0,0,0,0,0,0.00,0.00,0.00,0.00,0.00,Matches,Liga Profesional de Fútbol Argentina,2025
a8e4d897,Tomás Nasif,ar ARG,FW,21,8,6,559,6.2,3,1,4,2,1,1,0,0,0.48,0.16,0.64,0.32,0.48,Matches,Liga Profesional de Fútbol Argentina,2025
29ee723f,Bruno Sepúlveda,ar ARG,FW,32,10,6,515,5.7,2,0,2,2,0,0,4,0,0.35,0.00,0.35,0.35,0.35,Matches,Liga Profesional de Fútbol Argentina,2025
7a012117,Juan Bisanz,ar ARG,FW,23,10,6,513,5.7,0,0,0,0,0,0,2,0,0.00,0.00,0.00,0.00,0.00,Matches,Liga Profesional de Fútbol Argentina,2025
ceb20cb3,Paul Riveros,py PAR,DF,27,6,5,479,5.3,0,0,0,0,0,0,2,0,0.00,0.00,0.00,0.00,0.00,Matches,Liga Profesional de Fútbol Argentina,2025
e3052e8b,Marcos Arturia,ar ARG,FW,26,14,5,478,5.3,1,0,1,1,0,0,3,0,0.19,0.00,0.19,0.19,0.19,Matches,Liga Profesional de Fútbol Argentina,2025
8cc14f97,Brandon Oviedo,ar ARG,DF,20,5,5,299,3.3,0,0,0,0,0,0,3,0,0.00,0.00,0.00,0.00,0.00,Matches,Liga Profesional de Fútbol Argentina,2025
df418fc0,Danilo Arboleda,co COL,DF,29,4,4,360,4.0,0,1,1,0,0,0,1,0,0.00,0.25,0.25,0.00,0.25,Matches,Liga Profesional de Fútbol Argentina,2025
eacbb10d,Juan Luis Alfaro,ar ARG,"DF,MF",25,6,4,338,3.8,0,0,0,0,0,0,2,0,0.00,0.00,0.00,0.00,0.00,Matches,Liga Profesional de Fútbol Argentina,2025
034d63d7,Juan Iribarren,ar ARG,DF,22,9,3,447,5.0,0,0,0,0,0,0,1,0,0.00,0.00,0.00,0.00,0.00,Matches,Liga Profesional de Fútbol Argentina,2025
0a396655,Frank Castañeda,co COL,MF,30,11,3,363,4.0,0,1,1,0,0,0,0,0,0.00,0.25,0.25,0.00,0.25,Matches,Liga Profesional de Fútbol Argentina,2025
beb8f099,Santiago Daniele,ar ARG,DF,19,6,3,271,3.0,0,0,0,0,0,0,1,0,0.00,0.00,0.00,0.00,0.00,Matches,Liga Profesional de Fútbol Argentina,2025
dba20a42,Gabriel Vega,ar ARG,MF,22,9,2,294,3.3,1,1,2,0,1,1,1,1,0.31,0.31,0.61,0.00,0.31,Matches,Liga Profesional de Fútbol Argentina,2025
08e0a56b,Damián Díaz,ec ECU,MF,38,4,2,186,2.1,0,0,0,0,0,0,1,0,0.00,0.00,0.00,0.00,0.00,Matches,Liga Profesional de Fútbol Argentina,2025
8bd8e620,Lisandro Piñero,ar ARG,MF,17,10,1,179,2.0,0,0,0,0,0,0,1,0,0.00,0.00,0.00,0.00,0.00,Matches,Liga Profesional de Fútbol Argentina,2025
67e2d7f5,Agustín Obando,ar ARG,MF,24,4,1,90,1.0,0,0,0,0,0,0,0,0,0.00,0.00,0.00,0.00,0.00,Matches,Liga Profesional de Fútbol Argentina,2025
78b9a5c4,Tiziano Perrotta,ar ARG,FW,18,1,1,71,0.8,0,0,0,0,0,0,0,0,0.00,0.00,0.00,0.00,0.00,Matches,Liga Profesional de Fútbol Argentina,2025
518b4a46,Leonel Miranda,ar ARG,MF,31,5,0,116,1.3,0,0,0,0,0,0,0,0,0.00,0.00,0.00,0.00,0.00,Matches,Liga Profesional de Fútbol Argentina,2025
84d35e44,Julio Furch,ar ARG,FW,35,7,0,110,1.2,0,0,0,0,0,0,0,0,0.00,0.00,0.00,0.00,0.00,Matches,Liga Profesional de Fútbol Argentina,2025
61d1a611,Lautaro Gómez,ar ARG,MF,21,4,0,50,0.6,0,0,0,0,0,0,0,1,0.00,0.00,0.00,0.00,0.00,Matches,Liga Profesional de Fútbol Argentina,2025
d1130a83,Lucas Palavecino,ar ARG,MF,21,2,0,46,0.5,0,0,0,0,0,0,0,0,0.00,0.00,0.00,0.00,0.00,Matches,Liga Profesional de Fútbol Argentina,2025
d4dd642a,Mauricio Roldán,ar ARG,FW,19,2,0,42,0.5,0,0,0,0,0,0,0,0,0.00,0.00,0.00,0.00,0.00,Matches,Liga Profesional de Fútbol Argentina,2025
161b89a2,Nicolás Colazo,ar ARG,"DF,MF",34,3,0,39,0.4,0,0,0,0,0,0,0,0,0.00,0.00,0.00,0.00,0.00,Matches,Liga Profesional de Fútbol Argentina,2025
3ba507c4,Matías González,ar ARG,MF,22,1,0,5,0.1,0,0,0,0,0,0,0,0,0.00,0.00,0.00,0.00,0.00,Matches,Liga Profesional de Fútbol Argentina,2025
7e4fd954,Joaquín Molina,ar ARG,GK,20,0,0,,,,,,,,,,,,,,,,Matches,Liga Profesional de Fútbol Argentina,2025
32cb909e,Diego Romero,pe PER,GK,23,0,0,,,,,,,,,,,,,,,,Matches,Liga Profesional de Fútbol Argentina,2025
8ccb067e,Agustín Sández,py PAR,DF,24,30,30,"2,575",28.6,2,1,3,2,0,0,8,0,0.07,0.03,0.10,0.07,0.10,Matches,Liga Profesional de Fútbol Argentina,2025
6503ae16,Jorge Broun,ar ARG,GK,38,29,29,"2,609",29.0,0,0,0,0,0,0,3,0,0.00,0.00,0.00,0.00,0.00,Matches,Liga Profesional de Fútbol Argentina,2025
90a0bb3b,Víctor Malcorra,ar ARG,MF,37,27,27,"2,389",26.5,7,5,12,3,4,4,10,0,0.26,0.19,0.45,0.11,0.30,Matches,Liga Profesional de Fútbol Argentina,2025
db6540c5,Franco Ibarra,ar ARG,MF,23,28,27,"2,302",25.6,1,1,2,1,0,0,9,0,0.04,0.04,0.08,0.04,0.08,Matches,Liga Profesional de Fútbol Argentina,2025
e5aa6459,Emanuel Coronel,ar ARG,DF,27,29,24,"2,167",24.1,0,3,3,0,0,0,8,0,0.00,0.12,0.12,0.00,0.12,Matches,Liga Profesional de Fútbol Argentina,2025
8d5ceef2,Jaminton Campaz,co COL,MF,24,25,23,"1,924",21.4,4,1,5,4,0,0,6,0,0.19,0.05,0.23,0.19,0.23,Matches,Liga Profesional de Fútbol Argentina,2025
26176390,Carlos Quintana,ar ARG,DF,36,23,23,"1,834",20.4,0,2,2,0,0,0,6,0,0.00,0.10,0.10,0.00,0.10,Matches,Liga Profesional de Fútbol Argentina,2025
f4480f5b,Juan Cruz Komar,ar ARG,DF,28,26,19,"1,883",20.9,0,0,0,0,0,0,2,0,0.00,0.00,0.00,0.00,0.00,Matches,Liga Profesional de Fútbol Argentina,2025
61c628be,Federico Navarro,ar ARG,MF,24,23,17,"1,571",17.5,0,0,0,0,0,0,4,0,0.00,0.00,0.00,0.00,0.00,Matches,Liga Profesional de Fútbol Argentina,2025
a535dbc6,Enzo Copetti,ar ARG,FW,29,29,16,"1,603",17.8,3,3,6,3,0,0,4,0,0.17,0.17,0.34,0.17,0.34,Matches,Liga Profesional de Fútbol Argentina,2025
d3e5285f,Facundo Mallo,uy URU,DF,30,19,16,"1,465",16.3,0,0,0,0,0,0,4,0,0.00,0.00,0.00,0.00,0.00,Matches,Liga Profesional de Fútbol Argentina,2025
19cda00b,Ángel Di María,ar ARG,"MF,FW",36,15,15,"1,295",14.4,7,3,10,3,4,4,4,0,0.49,0.21,0.69,0.21,0.42,Matches,Liga Profesional de Fútbol Argentina,2025
3f7bafbe,Alejo Véliz,ar ARG,FW,21,15,15,"1,265",14.1,5,1,6,5,0,0,4,0,0.36,0.07,0.43,0.36,0.43,Matches,Liga Profesional de Fútbol Argentina,2025
b0c4832b,Gaspar Duarte,ar ARG,MF,22,26,13,"1,173",13.0,2,0,2,2,0,0,2,0,0.15,0.00,0.15,0.15,0.15,Matches,Liga Profesional de Fútbol Argentina,2025
0a7d98ae,Santiago López,ar ARG,MF,18,17,12,837,9.3,2,0,2,2,0,0,3,0,0.22,0.00,0.22,0.22,0.22,Matches,Liga Profesional de Fútbol Argentina,2025
50cc35d1,Enzo Giménez,py PAR,"DF,MF",26,22,10,"1,051",11.7,2,1,3,2,0,0,2,0,0.17,0.09,0.26,0.17,0.26,Matches,Liga Profesional de Fútbol Argentina,2025
c27ae377,Maximiliano Lovera,ar ARG,MF,25,12,5,429,4.8,0,1,1,0,0,0,0,0,0.00,0.21,0.21,0.00,0.21,Matches,Liga Profesional de Fútbol Argentina,2025
5a9ff6cf,Laurtaro Giaccone,ar ARG,MF,23,14,4,525,5.8,1,2,3,1,0,0,0,0,0.17,0.34,0.51,0.17,0.51,Matches,Liga Profesional de Fútbol Argentina,2025
98de4568,Tomás O'Connor,ar ARG,MF,20,12,4,383,4.3,0,0,0,0,0,0,2,0,0.00,0.00,0.00,0.00,0.00,Matches,Liga Profesional de Fútbol Argentina,2025
e907e63b,Juan Giménez,ar ARG,DF,18,7,4,316,3.5,0,0,0,0,0,0,1,0,0.00,0.00,0.00,0.00,0.00,Matches,Liga Profesional de Fútbol Argentina,2025
5439dba0,Sebastián Ferreira,py PAR,FW,26,8,4,308,3.4,2,0,2,2,0,0,0,0,0.58,0.00,0.58,0.58,0.58,Matches,Liga Profesional de Fútbol Argentina,2025
c0b1a6da,Axel Werner,ar ARG,GK,28,4,3,271,3.0,0,0,0,0,0,0,0,0,0.00,0.00,0.00,0.00,0.00,Matches,Liga Profesional de Fútbol Argentina,2025
40e48af1,Santiago Segovia,ar ARG,MF,17,5,3,209,2.3,0,1,1,0,0,0,0,0,0.00,0.43,0.43,0.00,0.43,Matches,Liga Profesional de Fútbol Argentina,2025
7b05e904,Juan Manuel Elordi,ar ARG,DF,30,10,2,313,3.5,0,1,1,0,0,0,1,0,0.00,0.29,0.29,0.00,0.29,Matches,Liga Profesional de Fútbol Argentina,2025
6159b1e9,Agustin Bravo,ar ARG,DF,23,3,2,198,2.2,0,0,0,0,0,0,1,0,0.00,0.00,0.00,0.00,0.00,Matches,Liga Profesional de Fútbol Argentina,2025
3ca6106c,Augusto Solari,ar ARG,MF,33,6,1,204,2.3,0,0,0,0,0,0,0,0,0.00,0.00,0.00,0.00,0.00,Matches,Liga Profesional de Fútbol Argentina,2025
75bb4606,Giovanni Cantizano,ar ARG,MF,17,8,1,178,2.0,0,0,0,0,0,0,1,0,0.00,0.00,0.00,0.00,0.00,Matches,Liga Profesional de Fútbol Argentina,2025
7196ad22,Ignacio Ovando,ar ARG,DF,17,4,1,144,1.6,1,0,1,1,0,0,0,0,0.62,0.00,0.62,0.62,0.62,Matches,Liga Profesional de Fútbol Argentina,2025
c911d311,Jonathan David Gómez,ar ARG,MF,35,3,1,68,0.8,0,0,0,0,0,0,1,0,0.00,0.00,0.00,0.00,0.00,Matches,Liga Profesional de Fútbol Argentina,2025
53ea4157,Francesco Lo Celso,ar ARG,MF,24,2,1,46,0.5,0,0,0,0,0,0,0,0,0.00,0.00,0.00,0.00,0.00,Matches,Liga Profesional de Fútbol Argentina,2025
1ed313b7,Kevin Ortíz,ar ARG,MF,24,5,0,72,0.8,0,0,0,0,0,0,0,0,0.00,0.00,0.00,0.00,0.00,Matches,Liga Profesional de Fútbol Argentina,2025
eb0aabdd,Agustín Módica,ar ARG,FW,22,4,0,29,0.3,0,0,0,0,0,0,0,0,0.00,0.00,0.00,0.00,0.00,Matches,Liga Profesional de Fútbol Argentina,2025
288ac952,Kevin Gutiérrez,ar ARG,MF,19,1,0,23,0.3,0,0,0,0,0,0,0,0,0.00,0.00,0.00,0.00,0.00,Matches,Liga Profesional de Fútbol Argentina,2025
7a39f13b,Fabricio Oviedo,ar ARG,FW,20,1,0,12,0.1,0,0,0,0,0,0,0,0,0.00,0.00,0.00,0.00,0.00,Matches,Liga Profesional de Fútbol Argentina,2025
9546e026,Luca Martínez,mx MEX,FW,24,1,0,9,0.1,0,0,0,0,0,0,0,0,0.00,0.00,0.00,0.00,0.00,Matches,Liga Profesional de Fútbol Argentina,2025
abe57011,Samuel Beltrán,ar ARG,MF,20,0,0,,,,,,,,,,,,,,,,Matches,Liga Profesional de Fútbol Argentina,2025
cccb3dae,Damian Fernandez,ar ARG,,21,0,0,,,,,,,,,,,,,,,,Matches,Liga Profesional de Fútbol Argentina,2025
d14c1c1b,Gonzalo González,ar ARG,FW,20,0,0,,,,,,,,,,,,,,,,Matches,Liga Profesional de Fútbol Argentina,2025
4f3c59c3,Elías Ocampo,ar ARG,MF,20,0,0,,,,,,,,,,,,,,,,Matches,Liga Profesional de Fútbol Argentina,2025
88688641,Thiago Ponce,ar ARG,FW,20,0,0,,,,,,,,,,,,,,,,Matches,Liga Profesional de Fútbol Argentina,2025
326f1c7c,Luca Raffin,py PAR,MF,19,0,0,,,,,,,,,,,,,,,,Matches,Liga Profesional de Fútbol Argentina,2025
b597b6d5,Leonardo Rios,ar ARG,DF,18,0,0,,,,,,,,,,,,,,,,Matches,Liga Profesional de Fútbol Argentina,2025
a27139a7,Tomás Salteño,ar ARG,MF,19,0,0,,,,,,,,,,,,,,,,Matches,Liga Profesional de Fútbol Argentina,2025
a788b61f,Mateo Serra,ar ARG,MF,20,0,0,,,,,,,,,,,,,,,,Matches,Liga Profesional de Fútbol Argentina,2025
9523ce55,Elías Verón,ar ARG,DF,17,0,0,,,,,,,,,,,,,,,,Matches,Liga Profesional de Fútbol Argentina,2025
3395c15f,Marco Vicente,ar ARG,DF,17,0,0,,,,,,,,,,,,,,,,Matches,Liga Profesional de Fútbol Argentina,2025
1c00ff13,Tomás Marchiori,ar ARG,GK,29,30,30,"2,638",29.3,0,0,0,0,0,0,1,0,0.00,0.00,0.00,0.00,0.00,Matches,Liga Profesional de Fútbol Argentina,2025
9f110faf,Elías Gómez,ar ARG,DF,30,29,27,"2,386",26.5,0,0,0,0,0,0,7,0,0.00,0.00,0.00,0.00,0.00,Matches,Liga Profesional de Fútbol Argentina,2025
a98f4de5,Agustín Bouzat,ar ARG,MF,30,27,26,"2,227",24.7,0,2,2,0,0,0,13,0,0.00,0.08,0.08,0.00,0.08,Matches,Liga Profesional de Fútbol Argentina,2025
c5cc3130,Braian Romero,ar ARG,FW,33,26,23,"2,020",22.4,8,2,10,7,1,1,9,0,0.36,0.09,0.45,0.31,0.40,Matches,Liga Profesional de Fútbol Argentina,2025
1477cae6,Jano Gordon,ar ARG,DF,20,21,19,"1,606",17.8,0,0,0,0,0,0,5,1,0.00,0.00,0.00,0.00,0.00,Matches,Liga Profesional de Fútbol Argentina,2025
9ce60d15,Maher Carrizo,ar ARG,"MF,FW",18,21,18,"1,519",16.9,5,0,5,5,0,0,3,0,0.30,0.00,0.30,0.30,0.30,Matches,Liga Profesional de Fútbol Argentina,2025
95fd4bf2,Aaron Quirós,ar ARG,DF,23,19,16,"1,468",16.3,0,0,0,0,0,0,8,3,0.00,0.00,0.00,0.00,0.00,Matches,Liga Profesional de Fútbol Argentina,2025
3511f465,Francisco Pizzini,ar ARG,MF,31,25,15,"1,320",14.7,1,0,1,1,0,0,1,0,0.07,0.00,0.07,0.07,0.07,Matches,Liga Profesional de Fútbol Argentina,2025
7e927fda,Emanuel Mammana,ar ARG,DF,28,16,15,"1,235",13.7,0,0,0,0,0,0,2,0,0.00,0.00,0.00,0.00,0.00,Matches,Liga Profesional de Fútbol Argentina,2025
e699d3db,Tomás Galván,ar ARG,MF,24,17,15,"1,157",12.9,2,1,3,2,0,0,1,0,0.16,0.08,0.23,0.16,0.23,Matches,Liga Profesional de Fútbol Argentina,2025
9ba1c30c,Claudio Baeza,cl CHI,MF,31,19,14,"1,234",13.7,0,1,1,0,0,0,9,0,0.00,0.07,0.07,0.00,0.07,Matches,Liga Profesional de Fútbol Argentina,2025
0d94b6d9,Christian Ordoñez,ar ARG,MF,20,14,13,"1,130",12.6,0,0,0,0,0,0,3,0,0.00,0.00,0.00,0.00,0.00,Matches,Liga Profesional de Fútbol Argentina,2025
01a49bd2,Lisandro Magallán,ar ARG,DF,31,12,12,"1,043",11.6,1,0,1,1,0,0,3,0,0.09,0.00,0.09,0.09,0.09,Matches,Liga Profesional de Fútbol Argentina,2025
b59f0060,Matías Pellegrini,ar ARG,MF,24,23,10,989,11.0,0,2,2,0,0,0,3,1,0.00,0.18,0.18,0.00,0.18,Matches,Liga Profesional de Fútbol Argentina,2025
a15750e1,Damián Fernández,ar ARG,DF,24,13,10,943,10.5,0,0,0,0,0,0,1,0,0.00,0.00,0.00,0.00,0.00,Matches,Liga Profesional de Fútbol Argentina,2025
09cdea58,Agustín Lagos,ar ARG,DF,23,13,10,794,8.8,0,0,0,0,0,0,7,1,0.00,0.00,0.00,0.00,0.00,Matches,Liga Profesional de Fútbol Argentina,2025
37747484,Imanol Machuca,my MAS,"MF,FW",25,15,9,818,9.1,1,1,2,1,0,0,2,0,0.11,0.11,0.22,0.11,0.22,Matches,Liga Profesional de Fútbol Argentina,2025
8b259046,Rodrigo Aliendro,ar ARG,MF,33,12,8,801,8.9,0,1,1,0,0,0,0,1,0.00,0.11,0.11,0.00,0.11,Matches,Liga Profesional de Fútbol Argentina,2025
4c55ed86,Álvaro Montoro,ar ARG,"MF,FW",17,12,8,691,7.7,0,0,0,0,0,0,2,0,0.00,0.00,0.00,0.00,0.00,Matches,Liga Profesional de Fútbol Argentina,2025
0394c2ee,Valentín Gómez,ar ARG,DF,21,8,8,687,7.6,0,0,0,0,0,0,2,1,0.00,0.00,0.00,0.00,0.00,Matches,Liga Profesional de Fútbol Argentina,2025
3cb6f224,Michael Santos,uy URU,FW,31,17,6,573,6.4,0,0,0,0,0,1,0,0,0.00,0.00,0.00,0.00,0.00,Matches,Liga Profesional de Fútbol Argentina,2025
26f6dca8,Manuel Lanzini,ar ARG,MF,31,10,6,522,5.8,3,1,4,3,0,0,0,0,0.52,0.17,0.69,0.52,0.69,Matches,Liga Profesional de Fútbol Argentina,2025
cd0befd7,Dilan Godoy,ar ARG,FW,18,9,5,434,4.8,2,1,3,1,1,1,1,0,0.41,0.21,0.62,0.21,0.41,Matches,Liga Profesional de Fútbol Argentina,2025
e8af9e8d,Kevin Vázquez,ar ARG,MF,23,7,4,310,3.4,0,0,0,0,0,0,3,0,0.00,0.00,0.00,0.00,0.00,Matches,Liga Profesional de Fútbol Argentina,2025
04b5f40e,Tomás Cavanagh,ar ARG,DF,24,5,4,280,3.1,0,0,0,0,0,0,2,0,0.00,0.00,0.00,0.00,0.00,Matches,Liga Profesional de Fútbol Argentina,2025
ac9ba4dd,Tobías Andrada,ar ARG,MF,17,11,3,402,4.5,0,0,0,0,0,0,1,0,0.00,0.00,0.00,0.00,0.00,Matches,Liga Profesional de Fútbol Argentina,2025
f5ac3688,Thiago Silvero,ar ARG,DF,18,10,3,396,4.4,0,0,0,0,0,0,1,0,0.00,0.00,0.00,0.00,0.00,Matches,Liga Profesional de Fútbol Argentina,2025
e763fecf,Leonel Roldán,ar ARG,MF,20,9,3,296,3.3,0,0,0,0,0,0,3,0,0.00,0.00,0.00,0.00,0.00,Matches,Liga Profesional de Fútbol Argentina,2025
e3cae82a,Diego Valdés,cl CHI,MF,31,8,2,265,2.9,1,0,1,1,0,0,0,0,0.34,0.00,0.34,0.34,0.34,Matches,Liga Profesional de Fútbol Argentina,2025
5fff6887,Maximiliano Porcel,ar ARG,MF,19,8,2,248,2.8,0,0,0,0,0,0,0,0,0.00,0.00,0.00,0.00,0.00,Matches,Liga Profesional de Fútbol Argentina,2025
522f541c,Isaías Andrada,ar ARG,"MF,DF",21,5,2,241,2.7,0,2,2,0,0,0,0,0,0.00,0.75,0.75,0.00,0.75,Matches,Liga Profesional de Fútbol Argentina,2025
62cd6639,Patricio Pernicone,ar ARG,DF,23,3,2,221,2.5,0,0,0,0,0,0,0,1,0.00,0.00,0.00,0.00,0.00,Matches,Liga Profesional de Fútbol Argentina,2025
2e3dbaa5,Álvaro David Montero,co COL,GK,29,2,1,152,1.7,0,0,0,0,0,0,0,0,0.00,0.00,0.00,0.00,0.00,Matches,Liga Profesional de Fútbol Argentina,2025
7a16bf7a,Benjamín Bosch,ar ARG,MF,19,2,1,106,1.2,0,0,0,0,0,0,0,0,0.00,0.00,0.00,0.00,0.00,Matches,Liga Profesional de Fútbol Argentina,2025
2cd45366,Randall Rodríguez,uy URU,GK,21,1,1,90,1.0,0,0,0,0,0,0,0,0,0.00,0.00,0.00,0.00,0.00,Matches,Liga Profesional de Fútbol Argentina,2025
14779141,Joaquín García,ar ARG,DF,23,1,1,33,0.4,0,0,0,0,0,0,0,0,0.00,0.00,0.00,0.00,0.00,Matches,Liga Profesional de Fútbol Argentina,2025
31d67d65,Florián Monzón,ar ARG,FW,24,5,0,84,0.9,0,0,0,0,0,0,0,0,0.00,0.00,0.00,0.00,0.00,Matches,Liga Profesional de Fútbol Argentina,2025
052c41be,Matías Arias,ar ARG,FW,17,4,0,58,0.6,0,0,0,0,0,0,1,0,0.00,0.00,0.00,0.00,0.00,Matches,Liga Profesional de Fútbol Argentina,2025
710eecee,Manuel Fernández,ar ARG,FW,20,3,0,43,0.5,0,0,0,0,0,0,0,0,0.00,0.00,0.00,0.00,0.00,Matches,Liga Profesional de Fútbol Argentina,2025
8c9e96c5,Mateo Pellegrino,ar ARG,FW,23,1,0,34,0.4,0,0,0,0,0,0,0,0,0.00,0.00,0.00,0.00,0.00,Matches,Liga Profesional de Fútbol Argentina,2025
c013b830,Álex Verón,ar ARG,FW,16,1,0,8,0.1,0,0,0,0,0,0,0,0,0.00,0.00,0.00,0.00,0.00,Matches,Liga Profesional de Fútbol Argentina,2025
73aa2c75,Mateo Acuña,ar ARG,DF,18,0,0,,,,,,,,,,,,,,,,Matches,Liga Profesional de Fútbol Argentina,2025
a1206ad0,Felipe Bussio,ar ARG,MF,20,0,0,,,,,,,,,,,,,,,,Matches,Liga Profesional de Fútbol Argentina,2025
982b0017,Álvaro Busso,ar ARG,GK,18,0,0,,,,,,,,,,,,,,,,Matches,Liga Profesional de Fútbol Argentina,2025
342c9317,Demián Domínguez,ar ARG,DF,19,0,0,,,,,,,,,,,,,,,,Matches,Liga Profesional de Fútbol Argentina,2025
c3955b40,Lautaro Garzón,ar ARG,GK,21,0,0,,,,,,,,,,,,,,,,Matches,Liga Profesional de Fútbol Argentina,2025
c7768b07,Ignacio Gómez,ar ARG,MF,18,0,0,,,,,,,,,,,,,,,,Matches,Liga Profesional de Fútbol Argentina,2025
7f9dec55,Raúl Ignacio Cabral,ar ARG,MF,19,0,0,,,,,,,,,,,,,,,,Matches,Liga Profesional de Fútbol Argentina,2025
f1bc17e4,Francisco Montoro,ar ARG,FW,20,0,0,,,,,,,,,,,,,,,,Matches,Liga Profesional de Fútbol Argentina,2025
6741884a,Mateo Seoane,ar ARG,FW,20,0,0,,,,,,,,,,,,,,,,Matches,Liga Profesional de Fútbol Argentina,2025
6a72010c,Nelson Insfrán,ar ARG,GK,29,29,29,"2,610",29.0,0,0,0,0,0,0,3,0,0.00,0.00,0.00,0.00,0.00,Matches,Liga Profesional de Fútbol Argentina,2025
638b2975,Pedro Silva Torrejón,ar ARG,DF,28,29,29,"2,469",27.4,0,1,1,0,0,0,4,0,0.00,0.04,0.04,0.00,0.04,Matches,Liga Profesional de Fútbol Argentina,2025
ba31fd7e,Juan Pintado,uy URU,DF,30,30,28,"2,485",27.6,0,2,2,0,0,0,5,0,0.00,0.07,0.07,0.00,0.07,Matches,Liga Profesional de Fútbol Argentina,2025
9c1b0d34,Gastón Suso,ar ARG,DF,33,27,26,"2,286",25.4,1,0,1,1,0,0,11,1,0.04,0.00,0.04,0.04,0.04,Matches,Liga Profesional de Fútbol Argentina,2025
d2a01eb2,Manuel Panaro,ar ARG,MF,22,27,19,"1,582",17.6,2,1,3,2,0,0,4,1,0.11,0.06,0.17,0.11,0.17,Matches,Liga Profesional de Fútbol Argentina,2025
54d90093,Renzo Giampaoli,ar ARG,DF,25,22,17,"1,432",15.9,0,0,0,0,0,0,5,0,0.00,0.00,0.00,0.00,0.00,Matches,Liga Profesional de Fútbol Argentina,2025
19cf6f7c,Leonardo Morales,ar ARG,DF,33,16,16,"1,421",15.8,1,0,1,1,0,0,2,0,0.06,0.00,0.06,0.06,0.06,Matches,Liga Profesional de Fútbol Argentina,2025
da71df54,Rodrigo Castillo,ar ARG,"FW,MF",25,16,16,"1,386",15.4,4,0,4,4,0,0,2,0,0.26,0.00,0.26,0.26,0.26,Matches,Liga Profesional de Fútbol Argentina,2025
56b2957b,Lucas Castro,ar ARG,MF,35,21,16,"1,284",14.3,1,1,2,1,0,0,5,0,0.07,0.07,0.14,0.07,0.14,Matches,Liga Profesional de Fútbol Argentina,2025
287e50ae,Marcelo Torres,ar ARG,FW,27,16,14,"1,092",12.1,7,0,7,5,2,2,2,0,0.58,0.00,0.58,0.41,0.41,Matches,Liga Profesional de Fútbol Argentina,2025
17a6ab02,Facundo Di Biasi,ar ARG,MF,19,17,13,"1,060",11.8,0,0,0,0,0,0,6,0,0.00,0.00,0.00,0.00,0.00,Matches,Liga Profesional de Fútbol Argentina,2025
6a526db6,Bautista Merlini,ar ARG,MF,29,23,12,"1,165",12.9,1,2,3,1,0,0,5,0,0.08,0.15,0.23,0.08,0.23,Matches,Liga Profesional de Fútbol Argentina,2025
32b8ceeb,Nicolás Garayalde,ar ARG,MF,25,18,12,937,10.4,1,0,1,1,0,0,7,0,0.10,0.00,0.10,0.10,0.10,Matches,Liga Profesional de Fútbol Argentina,2025
d07dab60,Alejandro Piedrahita,co COL,MF,22,16,11,959,10.7,0,3,3,0,0,0,3,0,0.00,0.28,0.28,0.00,0.28,Matches,Liga Profesional de Fútbol Argentina,2025
18e371a1,Alan Sosa,ar ARG,MF,21,17,9,871,9.7,0,0,0,0,0,0,0,0,0.00,0.00,0.00,0.00,0.00,Matches,Liga Profesional de Fútbol Argentina,2025
f236096a,Jeremias Merlo,,MF,,15,9,702,7.8,1,2,3,1,0,0,3,0,0.13,0.26,0.38,0.13,0.38,Matches,Liga Profesional de Fútbol Argentina,2025
b47b5b30,Norberto Briasco,am ARM,FW,28,18,8,769,8.5,0,1,1,0,0,0,5,0,0.00,0.12,0.12,0.00,0.12,Matches,Liga Profesional de Fútbol Argentina,2025
9ab48bde,Pablo de Blasis,ar ARG,MF,36,12,8,691,7.7,1,0,1,0,1,1,3,0,0.13,0.00,0.13,0.00,0.00,Matches,Liga Profesional de Fútbol Argentina,2025
f7560b9d,Martín Fernández,uy URU,MF,23,11,8,673,7.5,0,0,0,0,0,0,2,0,0.00,0.00,0.00,0.00,0.00,Matches,Liga Profesional de Fútbol Argentina,2025
6741884a,Mateo Seoane,ar ARG,MF,20,10,8,651,7.2,0,1,1,0,0,0,2,0,0.00,0.14,0.14,0.00,0.14,Matches,Liga Profesional de Fútbol Argentina,2025
5ae7b5dc,Augusto Max,ar ARG,MF,32,14,7,766,8.5,0,0,0,0,0,0,3,0,0.00,0.00,0.00,0.00,0.00,Matches,Liga Profesional de Fútbol Argentina,2025
f402e113,Fabricio Corbalan,ar ARG,"DF,MF",21,12,7,557,6.2,0,0,0,0,0,0,3,1,0.00,0.00,0.00,0.00,0.00,Matches,Liga Profesional de Fútbol Argentina,2025
f50b0b2b,Jan Carlos Hurtado,ve VEN,"FW,MF",24,13,6,609,6.8,0,0,0,0,0,0,2,0,0.00,0.00,0.00,0.00,0.00,Matches,Liga Profesional de Fútbol Argentina,2025
88473525,Enzo Martínez,uy URU,DF,26,6,4,400,4.4,0,0,0,0,0,0,1,0,0.00,0.00,0.00,0.00,0.00,Matches,Liga Profesional de Fútbol Argentina,2025
afa3a0a1,Nicolas Schelotto,ar ARG,MF,18,4,4,360,4.0,0,0,0,0,0,0,1,0,0.00,0.00,0.00,0.00,0.00,Matches,Liga Profesional de Fútbol Argentina,2025
7b18b6db,Germán Conti,ar ARG,DF,30,8,3,407,4.5,0,0,0,0,0,0,1,0,0.00,0.00,0.00,0.00,0.00,Matches,Liga Profesional de Fútbol Argentina,2025
e5b1d1e6,Luis Ingolotti,ar ARG,GK,25,3,3,270,3.0,0,0,0,0,0,0,0,0,0.00,0.00,0.00,0.00,0.00,Matches,Liga Profesional de Fútbol Argentina,2025
ba8b91f4,Juan Villalba,ar ARG,DF,18,5,2,224,2.5,0,0,0,0,0,0,0,0,0.00,0.00,0.00,0.00,0.00,Matches,Liga Profesional de Fútbol Argentina,2025
87c8ad97,Juan Yangali,ar ARG,MF,24,3,2,186,2.1,0,0,0,0,0,0,0,0,0.00,0.00,0.00,0.00,0.00,Matches,Liga Profesional de Fútbol Argentina,2025
e374a7f5,Maximiliano Zalazar,ar ARG,MF,23,4,2,108,1.2,0,0,0,0,0,0,1,0,0.00,0.00,0.00,0.00,0.00,Matches,Liga Profesional de Fútbol Argentina,2025
8b675255,Leandro Mamut,ar ARG,MF,21,11,1,309,3.4,0,0,0,0,0,0,0,0,0.00,0.00,0.00,0.00,0.00,Matches,Liga Profesional de Fútbol Argentina,2025
478f8f00,Ivo Mammini,ar ARG,FW,21,9,1,199,2.2,0,0,0,0,0,0,0,0,0.00,0.00,0.00,0.00,0.00,Matches,Liga Profesional de Fútbol Argentina,2025
5dcb4ac4,Junior Moreno,ve VEN,MF,31,3,1,95,1.1,0,0,0,0,0,0,1,0,0.00,0.00,0.00,0.00,0.00,Matches,Liga Profesional de Fútbol Argentina,2025
4c73909e,Diego Mastrángelo,ar ARG,MF,22,1,1,62,0.7,0,0,0,0,0,0,1,0,0.00,0.00,0.00,0.00,0.00,Matches,Liga Profesional de Fútbol Argentina,2025
57afb75f,Matías Melluso,ar ARG,DF,26,5,0,163,1.8,0,0,0,0,0,0,2,0,0.00,0.00,0.00,0.00,0.00,Matches,Liga Profesional de Fútbol Argentina,2025
b7668b24,Sebastián Lomonaco,ar ARG,FW,26,4,0,77,0.9,0,0,0,0,0,0,0,0,0.00,0.00,0.00,0.00,0.00,Matches,Liga Profesional de Fútbol Argentina,2025
ff94c3e2,Juan Pérez,co COL,MF,20,3,0,75,0.8,0,0,0,0,0,0,1,0,0.00,0.00,0.00,0.00,0.00,Matches,Liga Profesional de Fútbol Argentina,2025
ada762eb,Santiago Villarreal,ar ARG,MF,19,4,0,58,0.6,0,0,0,0,0,0,0,1,0.00,0.00,0.00,0.00,0.00,Matches,Liga Profesional de Fútbol Argentina,2025
811f1370,Franco Torres,ar ARG,FW,25,2,0,44,0.5,1,0,1,1,0,0,0,0,2.05,0.00,2.05,2.05,2.05,Matches,Liga Profesional de Fútbol Argentina,2025
3b6c0225,Jorge de Asís,ar ARG,FW,19,3,0,39,0.4,0,0,0,0,0,0,1,0,0.00,0.00,0.00,0.00,0.00,Matches,Liga Profesional de Fútbol Argentina,2025
5b8730ca,Pablo Aguiar,ar ARG,MF,18,2,0,20,0.2,0,0,0,0,0,0,0,0,0.00,0.00,0.00,0.00,0.00,Matches,Liga Profesional de Fútbol Argentina,2025
a01ac08d,Juan Cortazzo,ar ARG,DF,19,0,0,,,,,,,,,,,,,,,,Matches,Liga Profesional de Fútbol Argentina,2025
12bc01fb,Alejo Gelsomino,ar ARG,DF,19,0,0,,,,,,,,,,,,,,,,Matches,Liga Profesional de Fútbol Argentina,2025
c5282c88,Gonzalo González,ar ARG,FW,29,0,0,,,,,,,,,,,,,,,,Matches,Liga Profesional de Fútbol Argentina,2025
11836a3f,Santino Primante,ar ARG,FW,20,0,0,,,,,,,,,,,,,,,,Matches,Liga Profesional de Fútbol Argentina,2025
71862cd6,Fabio Pereyra,ar ARG,DF,35,31,30,"2,611",29.0,2,0,2,2,0,0,8,1,0.07,0.00,0.07,0.07,0.07,Matches,Liga Profesional de Fútbol Argentina,2025
89c136f6,Hernán Galíndez,ec ECU,GK,37,27,27,"2,430",27.0,0,0,0,0,0,0,1,0,0.00,0.00,0.00,0.00,0.00,Matches,Liga Profesional de Fútbol Argentina,2025
0ac8475f,Leonardo Gil,ar ARG,MF,33,29,27,"2,429",27.0,1,3,4,1,0,0,5,0,0.04,0.11,0.15,0.04,0.15,Matches,Liga Profesional de Fútbol Argentina,2025
78d48e60,César Ibáñez,ar ARG,DF,25,27,27,"2,289",25.4,1,0,1,1,0,0,9,0,0.04,0.00,0.04,0.04,0.04,Matches,Liga Profesional de Fútbol Argentina,2025
74b76abc,Matko Miljevic,us USA,MF,23,30,27,"2,217",24.6,7,3,10,4,3,3,8,0,0.28,0.12,0.41,0.16,0.28,Matches,Liga Profesional de Fútbol Argentina,2025
14efa370,Tomás Guidara,ar ARG,DF,28,26,24,"2,161",24.0,0,2,2,0,0,0,8,0,0.00,0.08,0.08,0.00,0.08,Matches,Liga Profesional de Fútbol Argentina,2025
5c0eca35,Leonel Pérez,ar ARG,MF,20,25,23,"1,953",21.7,0,0,0,0,0,0,6,0,0.00,0.00,0.00,0.00,0.00,Matches,Liga Profesional de Fútbol Argentina,2025
9492f6e2,Eric Ramírez,ar ARG,"FW,MF",28,26,15,"1,294",14.4,3,1,4,2,1,1,5,0,0.21,0.07,0.28,0.14,0.21,Matches,Liga Profesional de Fútbol Argentina,2025
18950a80,Marco Pellegrino,ar ARG,DF,22,15,14,"1,278",14.2,1,0,1,1,0,0,4,0,0.07,0.00,0.07,0.07,0.07,Matches,Liga Profesional de Fútbol Argentina,2025
55ce9bfd,Walter Mazzantti,ar ARG,MF,28,16,13,"1,096",12.2,2,2,4,2,0,0,1,0,0.16,0.16,0.33,0.16,0.33,Matches,Liga Profesional de Fútbol Argentina,2025
d9ebfcfa,Gabriel Alanís,ar ARG,MF,30,18,13,"1,067",11.9,0,0,0,0,0,0,0,0,0.00,0.00,0.00,0.00,0.00,Matches,Liga Profesional de Fútbol Argentina,2025
ab874ea3,Pedro Ojeda,ar ARG,MF,27,26,12,"1,244",13.8,2,2,4,2,0,0,3,0,0.14,0.14,0.29,0.14,0.29,Matches,Liga Profesional de Fútbol Argentina,2025
42b1a58a,Nehuén Paz,ar ARG,DF,31,11,11,990,11.0,0,0,0,0,0,0,1,0,0.00,0.00,0.00,0.00,0.00,Matches,Liga Profesional de Fútbol Argentina,2025
7a012117,Juan Bisanz,ar ARG,MF,23,16,11,984,10.9,0,1,1,0,0,0,1,0,0.00,0.09,0.09,0.00,0.09,Matches,Liga Profesional de Fútbol Argentina,2025
9c874e17,Rodrigo Cabral,ar ARG,MF,24,18,11,728,8.1,1,1,2,1,0,0,5,0,0.12,0.12,0.25,0.12,0.25,Matches,Liga Profesional de Fútbol Argentina,2025
74d84a14,Luciano Giménez,ar ARG,FW,24,11,10,789,8.8,2,1,3,2,0,0,2,1,0.23,0.11,0.34,0.23,0.34,Matches,Liga Profesional de Fútbol Argentina,2025
f775c775,Leonardo Sequeira,ar ARG,"FW,MF",29,22,9,955,10.6,1,0,1,1,0,1,3,0,0.09,0.00,0.09,0.09,0.09,Matches,Liga Profesional de Fútbol Argentina,2025
035db54d,Hernán De La Fuente,ar ARG,DF,28,13,8,709,7.9,0,0,0,0,0,0,2,0,0.00,0.00,0.00,0.00,0.00,Matches,Liga Profesional de Fútbol Argentina,2025
bd7e2715,Agustín Urzi,ar ARG,MF,24,22,7,831,9.2,1,1,2,1,0,0,1,0,0.11,0.11,0.22,0.11,0.22,Matches,Liga Profesional de Fútbol Argentina,2025
75aed4a8,Leandro Lescano,ar ARG,DF,21,12,5,619,6.9,2,1,3,2,0,0,3,0,0.29,0.15,0.44,0.29,0.44,Matches,Liga Profesional de Fútbol Argentina,2025
a919be14,Matías Tissera,ar ARG,FW,28,18,5,461,5.1,2,1,3,2,0,0,0,0,0.39,0.20,0.59,0.39,0.59,Matches,Liga Profesional de Fútbol Argentina,2025
6afd25e6,Hugo Nervo,ar ARG,DF,34,6,5,451,5.0,1,0,1,1,0,0,1,0,0.20,0.00,0.20,0.20,0.20,Matches,Liga Profesional de Fútbol Argentina,2025
a3f3cf7a,Sebastián Meza,ar ARG,GK,24,5,5,450,5.0,0,0,0,0,0,0,3,0,0.00,0.00,0.00,0.00,0.00,Matches,Liga Profesional de Fútbol Argentina,2025
d3b58aaa,Facundo Waller,uy URU,MF,27,7,5,444,4.9,0,1,1,0,0,0,1,0,0.00,0.20,0.20,0.00,0.20,Matches,Liga Profesional de Fútbol Argentina,2025
b1665f1b,Nicolás Omar Goitea,ar ARG,DF,27,5,2,274,3.0,0,0,0,0,0,0,0,0,0.00,0.00,0.00,0.00,0.00,Matches,Liga Profesional de Fútbol Argentina,2025
0d7ad669,Franco Watson,ar ARG,MF,25,5,2,197,2.2,0,0,0,0,0,0,0,0,0.00,0.00,0.00,0.00,0.00,Matches,Liga Profesional de Fútbol Argentina,2025
b537d6e6,Daniel Zabala,ar ARG,DF,22,2,2,101,1.1,0,0,0,0,0,0,0,0,0.00,0.00,0.00,0.00,0.00,Matches,Liga Profesional de Fútbol Argentina,2025
2bfc68c3,Lucas Carrizo,ar ARG,MF,27,3,1,96,1.1,0,0,0,0,0,0,0,0,0.00,0.00,0.00,0.00,0.00,Matches,Liga Profesional de Fútbol Argentina,2025
7d270ea5,Lautaro Mora,ar ARG,MF,18,1,1,59,0.7,0,0,0,0,0,0,0,0,0.00,0.00,0.00,0.00,0.00,Matches,Liga Profesional de Fútbol Argentina,2025
db5ee72d,Ramón Ábila,ar ARG,FW,35,13,0,261,2.9,0,0,0,0,0,0,1,0,0.00,0.00,0.00,0.00,0.00,Matches,Liga Profesional de Fútbol Argentina,2025
31db1f95,Taiel Peralta,ar ARG,MF,16,5,0,58,0.6,0,0,0,0,0,0,0,0,0.00,0.00,0.00,0.00,0.00,Matches,Liga Profesional de Fútbol Argentina,2025
45075f2f,Víctor Cantillo,co COL,MF,31,2,0,29,0.3,0,0,0,0,0,0,0,0,0.00,0.00,0.00,0.00,0.00,Matches,Liga Profesional de Fútbol Argentina,2025
c043d0ed,Luca Babino,ar ARG,MF,19,0,0,,,,,,,,,,,,,,,,Matches,Liga Profesional de Fútbol Argentina,2025
db8c83e8,Ignacio Campo,ar ARG,DF,19,0,0,,,,,,,,,,,,,,,,Matches,Liga Profesional de Fútbol Argentina,2025
7079cb81,Nazareno Durán,ar ARG,,20,0,0,,,,,,,,,,,,,,,,Matches,Liga Profesional de Fútbol Argentina,2025
0de1d20d,Santiago Moya,ar ARG,DF,21,0,0,,,,,,,,,,,,,,,,Matches,Liga Profesional de Fútbol Argentina,2025
bccbcdc2,Milton Ríos,ar ARG,MF,20,0,0,,,,,,,,,,,,,,,,Matches,Liga Profesional de Fútbol Argentina,2025
0631feb2,Aguilar Samaniego,ar ARG,DF,20,0,0,,,,,,,,,,,,,,,,Matches,Liga Profesional de Fútbol Argentina,2025
0f2ff991,Agostino Spina,ar ARG,MF,23,0,0,,,,,,,,,,,,,,,,Matches,Liga Profesional de Fútbol Argentina,2025
ecb61924,Elías Báez,ar ARG,DF,20,32,32,"2,808",31.2,1,2,3,1,0,0,5,0,0.03,0.06,0.10,0.03,0.10,Matches,Liga Profesional de Fútbol Argentina,2025
0d425331,Orlando Gill,py PAR,GK,24,30,30,"2,700",30.0,0,0,0,0,0,0,2,0,0.00,0.00,0.00,0.00,0.00,Matches,Liga Profesional de Fútbol Argentina,2025
4e32c2d6,Jhohan Romaña,co COL,DF,26,30,30,"2,618",29.1,0,1,1,0,0,0,11,0,0.00,0.03,0.03,0.00,0.03,Matches,Liga Profesional de Fútbol Argentina,2025
4c3e3d0a,Nicolás Tripichio,ar ARG,MF,29,28,27,"2,267",25.2,2,0,2,2,0,0,5,0,0.08,0.00,0.08,0.08,0.08,Matches,Liga Profesional de Fútbol Argentina,2025
0bf6b89a,Alexis Cuello,ar ARG,"FW,MF",24,30,27,"2,151",23.9,5,1,6,3,2,2,7,1,0.21,0.04,0.25,0.13,0.17,Matches,Liga Profesional de Fútbol Argentina,2025
5432fe10,Ezequiel Herrera,ar ARG,DF,22,28,23,"2,089",23.2,0,0,0,0,0,0,9,0,0.00,0.00,0.00,0.00,0.00,Matches,Liga Profesional de Fútbol Argentina,2025
635c9552,Ezequiel Cerutti,ar ARG,"MF,FW",33,27,21,"1,757",19.5,1,2,3,1,0,0,8,0,0.05,0.10,0.15,0.05,0.15,Matches,Liga Profesional de Fútbol Argentina,2025
e1358992,Matías Reali,ar ARG,"MF,FW",27,28,21,"1,726",19.2,0,2,2,0,0,0,7,0,0.00,0.10,0.10,0.00,0.10,Matches,Liga Profesional de Fútbol Argentina,2025
7b33603b,Gastón Hernández,ar ARG,DF,27,21,19,"1,666",18.5,1,0,1,1,0,0,6,1,0.05,0.00,0.05,0.05,0.05,Matches,Liga Profesional de Fútbol Argentina,2025
71910d3e,Andrés Vombergar,si SVN,FW,30,22,17,"1,568",17.4,7,1,8,3,4,4,3,0,0.40,0.06,0.46,0.17,0.23,Matches,Liga Profesional de Fútbol Argentina,2025
e1e47f6e,Ignacio Perruzzi,ar ARG,MF,19,16,16,"1,439",16.0,0,0,0,0,0,0,4,0,0.00,0.00,0.00,0.00,0.00,Matches,Liga Profesional de Fútbol Argentina,2025
7cc9bb66,Malcom Braida,ar ARG,MF,27,15,15,"1,330",14.8,2,1,3,2,0,0,2,0,0.14,0.07,0.20,0.14,0.20,Matches,Liga Profesional de Fútbol Argentina,2025
290c4f4a,Elian Irala,ar ARG,MF,20,15,15,"1,126",12.5,0,0,0,0,0,0,5,0,0.00,0.00,0.00,0.00,0.00,Matches,Liga Profesional de Fútbol Argentina,2025
e5fc269b,Daniel Herrera,ar ARG,DF,20,21,14,"1,346",15.0,0,0,0,0,0,0,4,0,0.00,0.00,0.00,0.00,0.00,Matches,Liga Profesional de Fútbol Argentina,2025
0c1481b0,Fabricio López,ar ARG,"DF,MF",22,12,10,852,9.5,0,0,0,0,0,0,3,0,0.00,0.00,0.00,0.00,0.00,Matches,Liga Profesional de Fútbol Argentina,2025
62b0b5ad,Facundo Gulli,ar ARG,MF,19,12,8,695,7.7,1,1,2,1,0,0,0,0,0.13,0.13,0.26,0.13,0.26,Matches,Liga Profesional de Fútbol Argentina,2025
5c256395,Emanuel Cecchini,ar ARG,MF,28,19,5,652,7.2,1,0,1,1,0,0,4,0,0.14,0.00,0.14,0.14,0.14,Matches,Liga Profesional de Fútbol Argentina,2025
c05dfb74,Iker Muniain,es ESP,MF,32,8,5,510,5.7,1,0,1,1,0,0,0,0,0.18,0.00,0.18,0.18,0.18,Matches,Liga Profesional de Fútbol Argentina,2025
22070e3e,Agustín Ladstatter,ar ARG,"MF,FW",19,18,4,549,6.1,0,1,1,0,0,0,2,0,0.00,0.16,0.16,0.00,0.16,Matches,Liga Profesional de Fútbol Argentina,2025
98dc6e33,Juan Rattalino,ar ARG,MF,21,7,4,335,3.7,0,0,0,0,0,0,0,0,0.00,0.00,0.00,0.00,0.00,Matches,Liga Profesional de Fútbol Argentina,2025
eb1df660,Manuel Insaurralde,ar ARG,MF,26,9,4,324,3.6,0,0,0,0,0,0,1,0,0.00,0.00,0.00,0.00,0.00,Matches,Liga Profesional de Fútbol Argentina,2025
84d5fd29,Facundo Altamirano,ar ARG,GK,28,2,2,180,2.0,0,0,0,0,0,0,0,0,0.00,0.00,0.00,0.00,0.00,Matches,Liga Profesional de Fútbol Argentina,2025
5887a70d,Nery Domínguez,ar ARG,DF,34,12,1,286,3.2,0,0,0,0,0,0,1,0,0.00,0.00,0.00,0.00,0.00,Matches,Liga Profesional de Fútbol Argentina,2025
d01e269b,Branco Salinardi,ar ARG,FW,17,11,1,183,2.0,1,0,1,1,0,0,2,0,0.49,0.00,0.49,0.49,0.49,Matches,Liga Profesional de Fútbol Argentina,2025
33359192,Francisco Perruzzi,ar ARG,MF,23,9,1,169,1.9,0,0,0,0,0,0,0,0,0.00,0.00,0.00,0.00,0.00,Matches,Liga Profesional de Fútbol Argentina,2025
c78eb31f,Diego Herazo,co COL,FW,28,8,0,141,1.6,1,0,1,1,0,0,1,0,0.64,0.00,0.64,0.64,0.64,Matches,Liga Profesional de Fútbol Argentina,2025
d6fa0612,Jaime Peralta,co COL,FW,20,5,0,101,1.1,1,0,1,1,0,0,4,0,0.89,0.00,0.89,0.89,0.89,Matches,Liga Profesional de Fútbol Argentina,2025
9855b2d2,Teo Rodríguez,ar ARG,DF,19,4,0,42,0.5,0,0,0,0,0,0,0,0,0.00,0.00,0.00,0.00,0.00,Matches,Liga Profesional de Fútbol Argentina,2025
535f8db8,Matías Hernández,ar ARG,FW,19,2,0,8,0.1,0,0,0,0,0,0,0,0,0.00,0.00,0.00,0.00,0.00,Matches,Liga Profesional de Fútbol Argentina,2025
e09b8f07,Valentín Escalante,ar ARG,FW,20,1,0,1,0.0,0,0,0,0,0,0,0,0,0.00,0.00,0.00,0.00,0.00,Matches,Liga Profesional de Fútbol Argentina,2025
267c2050,Oscar Arias,ar ARG,DF,20,0,0,,,,,,,,,,,,,,,,Matches,Liga Profesional de Fútbol Argentina,2025
98089d61,Mateo Clemente,ar ARG,GK,22,0,0,,,,,,,,,,,,,,,,Matches,Liga Profesional de Fútbol Argentina,2025
ceb75145,Alejo Córdoba,ar ARG,DF,20,0,0,,,,,,,,,,,,,,,,Matches,Liga Profesional de Fútbol Argentina,2025
5d448a04,José Devecchi,ar ARG,GK,29,0,0,,,,,,,,,,,,,,,,Matches,Liga Profesional de Fútbol Argentina,2025
3d72b784,Lautaro Montenegro,ar ARG,DF,19,0,0,,,,,,,,,,,,,,,,Matches,Liga Profesional de Fútbol Argentina,2025
73daf10c,Ramiro Pedroza,ar ARG,DF,18,0,0,,,,,,,,,,,,,,,,Matches,Liga Profesional de Fútbol Argentina,2025
405bc2d8,Alejo Rivas,ar ARG,MF,18,0,0,,,,,,,,,,,,,,,,Matches,Liga Profesional de Fútbol Argentina,2025
b838e1c9,Juan Vega,ar ARG,MF,26,0,0,,,,,,,,,,,,,,,,Matches,Liga Profesional de Fútbol Argentina,2025
2eba2424,Máximiliano Zelaya,ar ARG,DF,27,0,0,,,,,,,,,,,,,,,,Matches,Liga Profesional de Fútbol Argentina,2025
6436748b,Rodrigo Rey,ar ARG,GK,33,32,32,"2,880",32.0,0,0,0,0,0,0,1,0,0.00,0.00,0.00,0.00,0.00,Matches,Liga Profesional de Fútbol Argentina,2025
dd5ddb83,Kevin Lomónaco,ar ARG,DF,23,30,30,"2,605",28.9,0,0,0,0,0,0,4,1,0.00,0.00,0.00,0.00,0.00,Matches,Liga Profesional de Fútbol Argentina,2025
ff749703,Felipe Loyola,cl CHI,MF,24,28,24,"2,097",23.3,7,3,10,6,1,1,5,0,0.30,0.13,0.43,0.26,0.39,Matches,Liga Profesional de Fútbol Argentina,2025
7e157454,Sebastián Valdez,ar ARG,DF,29,26,23,"2,144",23.8,0,0,0,0,0,0,4,0,0.00,0.00,0.00,0.00,0.00,Matches,Liga Profesional de Fútbol Argentina,2025
dc93fa94,Federico Vera,ar ARG,DF,26,25,23,"1,895",21.1,0,0,0,0,0,0,5,0,0.00,0.00,0.00,0.00,0.00,Matches,Liga Profesional de Fútbol Argentina,2025
b6781b67,Gabriel Ávalos,py PAR,FW,34,29,21,"1,824",20.3,12,2,14,10,2,3,4,0,0.59,0.10,0.69,0.49,0.59,Matches,Liga Profesional de Fútbol Argentina,2025
f49fd6b5,Luciano Cabral,cl CHI,MF,29,29,19,"1,744",19.4,2,3,5,2,0,0,5,1,0.10,0.15,0.26,0.10,0.26,Matches,Liga Profesional de Fútbol Argentina,2025
b14f755d,Iván Marcone,ar ARG,MF,34,24,19,"1,718",19.1,0,1,1,0,0,0,6,0,0.00,0.05,0.05,0.00,0.05,Matches,Liga Profesional de Fútbol Argentina,2025
8f2ac304,Santiago Montiel,ar ARG,"MF,FW",24,23,18,"1,623",18.0,2,3,5,1,1,1,7,1,0.11,0.17,0.28,0.06,0.22,Matches,Liga Profesional de Fútbol Argentina,2025
69b553f7,Diego Tarzia,ar ARG,"MF,FW",21,26,16,"1,283",14.3,0,1,1,0,0,0,3,0,0.00,0.07,0.07,0.00,0.07,Matches,Liga Profesional de Fútbol Argentina,2025
58d81550,Lautaro Millán,cl CHI,"MF,FW",19,20,15,"1,119",12.4,2,0,2,2,0,0,1,0,0.16,0.00,0.16,0.16,0.16,Matches,Liga Profesional de Fútbol Argentina,2025
617ee116,Rodrigo Fernández,uy URU,MF,29,18,13,"1,118",12.4,0,0,0,0,0,0,7,1,0.00,0.00,0.00,0.00,0.00,Matches,Liga Profesional de Fútbol Argentina,2025
5b0041f5,Matías Abaldo,uy URU,"MF,FW",20,13,12,919,10.2,1,0,1,1,0,0,0,0,0.10,0.00,0.10,0.10,0.10,Matches,Liga Profesional de Fútbol Argentina,2025
dd403465,Pablo Galdames Millán,cl CHI,"MF,FW",28,22,9,958,10.6,1,2,3,1,0,1,2,0,0.09,0.19,0.28,0.09,0.28,Matches,Liga Profesional de Fútbol Argentina,2025
f5122c46,Adrián Sporle,ar ARG,DF,29,10,9,722,8.0,1,1,2,1,0,0,1,0,0.12,0.12,0.25,0.12,0.25,Matches,Liga Profesional de Fútbol Argentina,2025
2f2475da,Facundo Zabala,ar ARG,DF,26,11,8,775,8.6,0,1,1,0,0,0,3,0,0.00,0.12,0.12,0.00,0.12,Matches,Liga Profesional de Fútbol Argentina,2025
0f9d8e45,Leonardo Godoy,ar ARG,DF,29,12,8,751,8.3,0,1,1,0,0,0,4,0,0.00,0.12,0.12,0.00,0.12,Matches,Liga Profesional de Fútbol Argentina,2025
17e03cdd,Álvaro Angulo,co COL,DF,27,14,7,779,8.7,3,0,3,3,0,0,4,0,0.35,0.00,0.35,0.35,0.35,Matches,Liga Profesional de Fútbol Argentina,2025
55ce9bfd,Walter Mazzantti,ar ARG,"FW,MF",28,11,7,601,6.7,0,0,0,0,0,0,3,0,0.00,0.00,0.00,0.00,0.00,Matches,Liga Profesional de Fútbol Argentina,2025
653222cd,Nicolás Freire,ar ARG,DF,30,9,6,569,6.3,1,0,1,1,0,0,2,0,0.16,0.00,0.16,0.16,0.16,Matches,Liga Profesional de Fútbol Argentina,2025
62437b4f,Ignacio Pussetto,ar ARG,FW,29,12,6,513,5.7,0,0,0,0,0,0,4,0,0.00,0.00,0.00,0.00,0.00,Matches,Liga Profesional de Fútbol Argentina,2025
0448c34f,Santiago Hidalgo,ar ARG,"FW,MF",19,9,5,492,5.5,0,0,0,0,0,0,2,0,0.00,0.00,0.00,0.00,0.00,Matches,Liga Profesional de Fútbol Argentina,2025
9a091625,Franco Paredes,ar ARG,DF,25,9,5,470,5.2,0,0,0,0,0,0,4,1,0.00,0.00,0.00,0.00,0.00,Matches,Liga Profesional de Fútbol Argentina,2025
1ebb2579,Jonathan De Irastorza,ar ARG,DF,19,5,5,396,4.4,0,0,0,0,0,0,2,0,0.00,0.00,0.00,0.00,0.00,Matches,Liga Profesional de Fútbol Argentina,2025
966e3b08,Matías Giménez,ar ARG,FW,25,13,4,462,5.1,0,2,2,0,0,0,1,0,0.00,0.39,0.39,0.00,0.39,Matches,Liga Profesional de Fútbol Argentina,2025
e1cf57c7,Federico Mancuello,ar ARG,MF,35,14,2,311,3.5,1,1,2,0,1,1,2,0,0.29,0.29,0.58,0.00,0.29,Matches,Liga Profesional de Fútbol Argentina,2025
82318d24,Milton Valenzuela,ar ARG,DF,26,5,2,175,1.9,0,0,0,0,0,0,1,0,0.00,0.00,0.00,0.00,0.00,Matches,Liga Profesional de Fútbol Argentina,2025
12357769,Santiago Salle,ar ARG,FW,20,3,1,131,1.5,0,0,0,0,0,0,0,0,0.00,0.00,0.00,0.00,0.00,Matches,Liga Profesional de Fútbol Argentina,2025
5eff45c2,Enzo Taborda,ar ARG,FW,19,3,1,126,1.4,0,0,0,0,0,0,0,0,0.00,0.00,0.00,0.00,0.00,Matches,Liga Profesional de Fútbol Argentina,2025
7e020448,Mateo Pérez,ar ARG,MF,19,3,1,122,1.4,0,0,0,0,0,0,0,0,0.00,0.00,0.00,0.00,0.00,Matches,Liga Profesional de Fútbol Argentina,2025
979678b0,Joel Medina,ar ARG,MF,17,1,1,90,1.0,0,0,0,0,0,0,1,0,0.00,0.00,0.00,0.00,0.00,Matches,Liga Profesional de Fútbol Argentina,2025
3fc0e136,Ignacio Maestro Puch,ar ARG,FW,21,7,0,147,1.6,0,1,1,0,0,0,0,0,0.00,0.61,0.61,0.00,0.61,Matches,Liga Profesional de Fútbol Argentina,2025
23a250d1,Pocho Román,it ITA,FW,20,1,0,34,0.4,0,0,0,0,0,0,0,0,0.00,0.00,0.00,0.00,0.00,Matches,Liga Profesional de Fútbol Argentina,2025
6b084305,Rubén Martínez,ar ARG,MF,20,1,0,8,0.1,0,0,0,0,0,0,0,0,0.00,0.00,0.00,0.00,0.00,Matches,Liga Profesional de Fútbol Argentina,2025
6a9e4913,Joaquín Blázquez,ar ARG,GK,24,0,0,,,,,,,,,,,,,,,,Matches,Liga Profesional de Fútbol Argentina,2025
50dda0c0,Gonzalo Bordón,ar ARG,DF,19,0,0,,,,,,,,,,,,,,,,Matches,Liga Profesional de Fútbol Argentina,2025
45fadae1,Fernando Closter,ar ARG,DF,16,0,0,,,,,,,,,,,,,,,,Matches,Liga Profesional de Fútbol Argentina,2025
36cb53e7,Juan Fedorco,ar ARG,DF,24,0,0,,,,,,,,,,,,,,,,Matches,Liga Profesional de Fútbol Argentina,2025
61f3caa5,Nicolás Garrido,ar ARG,DF,19,0,0,,,,,,,,,,,,,,,,Matches,Liga Profesional de Fútbol Argentina,2025
1cb8e301,Alan Laprida,ar ARG,FW,20,0,0,,,,,,,,,,,,,,,,Matches,Liga Profesional de Fútbol Argentina,2025
0a7d98ae,Santiago López,ar ARG,MF,18,0,0,,,,,,,,,,,,,,,,Matches,Liga Profesional de Fútbol Argentina,2025
c921e659,Brian Martínez,ar ARG,"FW,MF",25,0,0,,,,,,,,,,,,,,,,Matches,Liga Profesional de Fútbol Argentina,2025
4cfc6ffa,Kevin Medina,ar ARG,FW,19,0,0,,,,,,,,,,,,,,,,Matches,Liga Profesional de Fútbol Argentina,2025
b22d0e90,Josias Palais,ar ARG,MF,18,0,0,,,,,,,,,,,,,,,,Matches,Liga Profesional de Fútbol Argentina,2025
ca6050cb,Alan Aguerre,ar ARG,GK,34,30,30,"2,700",30.0,0,0,0,0,0,0,2,0,0.00,0.00,0.00,0.00,0.00,Matches,Liga Profesional de Fútbol Argentina,2025
45cfa4ba,Leonardo Heredia,ar ARG,"FW,MF",29,30,28,"2,172",24.1,6,2,8,5,1,2,0,0,0.25,0.08,0.33,0.21,0.29,Matches,Liga Profesional de Fútbol Argentina,2025
c5510535,Jose Florentín,py PAR,MF,28,29,26,"2,292",25.5,4,1,5,4,0,0,2,0,0.16,0.04,0.20,0.16,0.20,Matches,Liga Profesional de Fútbol Argentina,2025
f865dc98,Jonathan Galván,ar ARG,"DF,MF",32,26,26,"2,206",24.5,1,2,3,1,0,0,6,2,0.04,0.08,0.12,0.04,0.12,Matches,Liga Profesional de Fútbol Argentina,2025
192c89a6,Braian Cufré,ar ARG,DF,28,25,22,"1,910",21.2,0,1,1,0,0,0,0,0,0.00,0.05,0.05,0.00,0.05,Matches,Liga Profesional de Fútbol Argentina,2025
422ca36a,Lucas Abascia,ar ARG,DF,29,22,19,"1,727",19.2,1,1,2,1,0,0,6,0,0.05,0.05,0.10,0.05,0.10,Matches,Liga Profesional de Fútbol Argentina,2025
e5a62424,Gastón Verón,ar ARG,"FW,MF",23,27,18,"1,511",16.8,7,3,10,5,2,2,4,0,0.42,0.18,0.60,0.30,0.48,Matches,Liga Profesional de Fútbol Argentina,2025
426ec996,Iván Gómez,ar ARG,MF,27,21,18,"1,481",16.5,2,3,5,2,0,0,2,0,0.12,0.18,0.30,0.12,0.30,Matches,Liga Profesional de Fútbol Argentina,2025
540d11f2,Santiago Moyano,ar ARG,DF,27,19,15,"1,407",15.6,0,1,1,0,0,0,4,0,0.00,0.06,0.06,0.00,0.06,Matches,Liga Profesional de Fútbol Argentina,2025
c1e3b5e9,Lautaro Rivero,ar ARG,DF,21,14,14,"1,260",14.0,2,1,3,2,0,0,1,0,0.14,0.07,0.21,0.14,0.21,Matches,Liga Profesional de Fútbol Argentina,2025
87cfb885,Matías Perelló,ar ARG,"MF,FW",23,26,14,"1,258",14.0,5,3,8,5,0,0,3,0,0.36,0.21,0.57,0.36,0.57,Matches,Liga Profesional de Fútbol Argentina,2025
88ad94f7,Luis Angulo,co COL,"MF,FW",20,16,13,989,11.0,1,4,5,1,0,0,4,0,0.09,0.36,0.46,0.09,0.46,Matches,Liga Profesional de Fútbol Argentina,2025
fe529f25,Matías Vera,ar ARG,MF,29,14,10,974,10.8,0,0,0,0,0,0,3,0,0.00,0.00,0.00,0.00,0.00,Matches,Liga Profesional de Fútbol Argentina,2025
feda6a9c,Fernando Martínez,ar ARG,"MF,DF",24,13,10,887,9.9,1,0,1,1,0,0,1,0,0.10,0.00,0.10,0.10,0.10,Matches,Liga Profesional de Fútbol Argentina,2025
aa07f770,Iván Pillud,ar ARG,"DF,MF",38,11,9,700,7.8,0,1,1,0,0,0,0,0,0.00,0.13,0.13,0.00,0.13,Matches,Liga Profesional de Fútbol Argentina,2025
37236393,Yuri Casermeiro,ar ARG,DF,22,12,8,756,8.4,0,0,0,0,0,0,1,0,0.00,0.00,0.00,0.00,0.00,Matches,Liga Profesional de Fútbol Argentina,2025
d8dcc840,Lucas Besozzi,ar ARG,MF,22,13,7,614,6.8,2,1,3,2,0,0,2,0,0.29,0.15,0.44,0.29,0.44,Matches,Liga Profesional de Fútbol Argentina,2025
0085841a,Matías Godoy,ar ARG,"MF,FW",23,7,7,388,4.3,0,0,0,0,0,0,2,0,0.00,0.00,0.00,0.00,0.00,Matches,Liga Profesional de Fútbol Argentina,2025
f66eb198,Dylan Glaby,ar ARG,"MF,DF",28,12,6,601,6.7,0,0,0,0,0,0,0,0,0.00,0.00,0.00,0.00,0.00,Matches,Liga Profesional de Fútbol Argentina,2025
488f3ee3,Facundo Mansilla,ar ARG,DF,25,7,6,585,6.5,0,0,0,0,0,0,1,0,0.00,0.00,0.00,0.00,0.00,Matches,Liga Profesional de Fútbol Argentina,2025
aa1f30ec,Leonardo Marchi,ar ARG,"MF,DF",28,7,6,506,5.6,0,1,1,0,0,0,2,0,0.00,0.18,0.18,0.00,0.18,Matches,Liga Profesional de Fútbol Argentina,2025
2aebc81b,Fernando Juárez,ar ARG,MF,26,10,5,492,5.5,0,0,0,0,0,0,1,0,0.00,0.00,0.00,0.00,0.00,Matches,Liga Profesional de Fútbol Argentina,2025
c3fb942c,Juan Pignani,ar ARG,DF,23,6,5,479,5.3,0,0,0,0,0,0,2,1,0.00,0.00,0.00,0.00,0.00,Matches,Liga Profesional de Fútbol Argentina,2025
9be7ace2,Nicolás Quagliata,uy URU,"MF,FW",25,10,4,435,4.8,0,1,1,0,0,0,0,0,0.00,0.21,0.21,0.00,0.21,Matches,Liga Profesional de Fútbol Argentina,2025
ee525b1c,Gonzalo Trindade,ar ARG,"MF,DF",20,5,4,345,3.8,0,0,0,0,0,0,1,0,0.00,0.00,0.00,0.00,0.00,Matches,Liga Profesional de Fútbol Argentina,2025
3ad28381,Diego Barrera,ar ARG,"MF,FW",20,24,3,717,8.0,3,0,3,3,0,0,0,0,0.38,0.00,0.38,0.38,0.38,Matches,Liga Profesional de Fútbol Argentina,2025
8b03eaf6,Favio Cabral,ar ARG,FW,23,17,3,447,5.0,1,0,1,1,0,0,2,0,0.20,0.00,0.20,0.20,0.20,Matches,Liga Profesional de Fútbol Argentina,2025
3c05c659,Sebastián Cristóforo,uy URU,MF,31,15,3,390,4.3,0,0,0,0,0,0,1,0,0.00,0.00,0.00,0.00,0.00,Matches,Liga Profesional de Fútbol Argentina,2025
29d08c06,Nazareno Funez,ar ARG,FW,23,12,3,346,3.8,0,2,2,0,0,0,2,0,0.00,0.52,0.52,0.00,0.52,Matches,Liga Profesional de Fútbol Argentina,2025
4aeb00f4,David Zalazar,ar ARG,"MF,FW",22,10,3,297,3.3,0,0,0,0,0,0,0,0,0.00,0.00,0.00,0.00,0.00,Matches,Liga Profesional de Fútbol Argentina,2025
4a0383c0,Franco Alfonso,ar ARG,MF,22,9,2,313,3.5,0,0,0,0,0,0,2,0,0.00,0.00,0.00,0.00,0.00,Matches,Liga Profesional de Fútbol Argentina,2025
994f9a18,Juan Zozaya,ar ARG,GK,23,2,2,180,2.0,0,0,0,0,0,0,0,0,0.00,0.00,0.00,0.00,0.00,Matches,Liga Profesional de Fútbol Argentina,2025
48b7f4fc,Lucas Varaldo,ar ARG,FW,22,2,2,112,1.2,0,0,0,0,0,0,0,0,0.00,0.00,0.00,0.00,0.00,Matches,Liga Profesional de Fútbol Argentina,2025
e63b0283,Cristian Vega,ar ARG,MF,31,2,1,121,1.3,0,0,0,0,0,0,0,0,0.00,0.00,0.00,0.00,0.00,Matches,Liga Profesional de Fútbol Argentina,2025
cc5273ac,Lautaro Bursich,ar ARG,GK,22,0,0,,,,,,,,,,,,,,,,Matches,Liga Profesional de Fútbol Argentina,2025
3f359b3d,Manuel Palavecino,ar ARG,MF,22,0,0,,,,,,,,,,,,,,,,Matches,Liga Profesional de Fútbol Argentina,2025
9b0b1108,Galván Vittar,ar ARG,DF,20,0,0,,,,,,,,,,,,,,,,Matches,Liga Profesional de Fútbol Argentina,2025
3836b6f6,Franco Petroli,ar ARG,GK,26,32,32,"2,880",32.0,0,1,1,0,0,0,3,0,0.00,0.03,0.03,0.00,0.03,Matches,Liga Profesional de Fútbol Argentina,2025
255d1969,Roberto Nicolás Fernández,uy URU,MF,26,29,28,"2,312",25.7,2,3,5,2,0,0,15,0,0.08,0.12,0.19,0.08,0.19,Matches,Liga Profesional de Fútbol Argentina,2025
7b2c18c0,Mateo Mendoza,ar ARG,DF,20,28,27,"2,460",27.3,0,0,0,0,0,0,12,0,0.00,0.00,0.00,0.00,0.00,Matches,Liga Profesional de Fútbol Argentina,2025
5ce77553,Vicente Poggi,uy URU,MF,22,31,25,"1,900",21.1,1,2,3,1,0,0,7,0,0.05,0.09,0.14,0.05,0.14,Matches,Liga Profesional de Fútbol Argentina,2025
413acb9d,Federico Rasmussen,ar ARG,DF,32,23,22,"1,924",21.4,0,0,0,0,0,0,3,0,0.00,0.00,0.00,0.00,0.00,Matches,Liga Profesional de Fútbol Argentina,2025
00345a70,Lucas Arce,ar ARG,DF,27,25,18,"1,663",18.5,0,1,1,0,0,0,4,0,0.00,0.05,0.05,0.00,0.05,Matches,Liga Profesional de Fútbol Argentina,2025
5bf873f8,Facundo Altamira,,"MF,FW",,24,18,"1,427",15.9,2,0,2,2,0,0,4,0,0.13,0.00,0.13,0.13,0.13,Matches,Liga Profesional de Fútbol Argentina,2025
ecbc4397,Santino Andino,ar ARG,"MF,FW",19,21,17,"1,452",16.1,4,1,5,4,0,0,3,1,0.25,0.06,0.31,0.25,0.31,Matches,Liga Profesional de Fútbol Argentina,2025
7e96e68a,Juan Morán,ar ARG,DF,18,17,17,"1,394",15.5,0,0,0,0,0,0,4,0,0.00,0.00,0.00,0.00,0.00,Matches,Liga Profesional de Fútbol Argentina,2025
b5a3e7fe,Agustín Auzmendi,ar ARG,FW,27,23,17,"1,393",15.5,5,0,5,4,1,1,2,0,0.32,0.00,0.32,0.26,0.26,Matches,Liga Profesional de Fútbol Argentina,2025
f0ce425d,Juan Meli,ar ARG,"DF,MF",24,18,15,"1,354",15.0,0,0,0,0,0,0,5,0,0.00,0.00,0.00,0.00,0.00,Matches,Liga Profesional de Fútbol Argentina,2025
9546e026,Luca Martínez,mx MEX,FW,24,26,12,"1,218",13.5,2,1,3,2,0,0,1,0,0.15,0.07,0.22,0.15,0.22,Matches,Liga Profesional de Fútbol Argentina,2025
de8bad41,Gonzalo Abrego,ar ARG,MF,25,21,12,"1,173",13.0,0,0,0,0,0,0,2,0,0.00,0.00,0.00,0.00,0.00,Matches,Liga Profesional de Fútbol Argentina,2025
8ce6beb9,Bastián Yañez,cl CHI,"MF,FW",23,20,11,967,10.7,0,2,2,0,0,0,2,0,0.00,0.19,0.19,0.00,0.19,Matches,Liga Profesional de Fútbol Argentina,2025
07453486,Bruno Leyes,ar ARG,MF,23,13,10,952,10.6,0,0,0,0,0,0,3,0,0.00,0.00,0.00,0.00,0.00,Matches,Liga Profesional de Fútbol Argentina,2025
d48a1284,Juan Escobar,py PAR,DF,29,10,10,831,9.2,0,0,0,0,0,0,2,0,0.00,0.00,0.00,0.00,0.00,Matches,Liga Profesional de Fútbol Argentina,2025
688aaca2,Leonardo Jara,ar ARG,DF,33,11,9,719,8.0,0,0,0,0,0,0,1,0,0.00,0.00,0.00,0.00,0.00,Matches,Liga Profesional de Fútbol Argentina,2025
24377e64,Guillermo Matías Fernández,ar ARG,MF,33,13,8,810,9.0,0,0,0,0,0,0,6,0,0.00,0.00,0.00,0.00,0.00,Matches,Liga Profesional de Fútbol Argentina,2025
5bf6b9f3,Daniel Barrea,ar ARG,"FW,MF",23,21,7,863,9.6,1,0,1,1,0,0,5,1,0.10,0.00,0.10,0.10,0.10,Matches,Liga Profesional de Fútbol Argentina,2025
df47bd45,Kevin Parzajuk,py PAR,FW,22,11,7,570,6.3,0,1,1,0,0,0,0,0,0.00,0.16,0.16,0.00,0.16,Matches,Liga Profesional de Fútbol Argentina,2025
4f133282,Tomás Rossi,ar ARG,DF,25,8,5,455,5.1,0,0,0,0,0,0,1,0,0.00,0.00,0.00,0.00,0.00,Matches,Liga Profesional de Fútbol Argentina,2025
ab3ff6e2,Maxi González,ar ARG,MF,20,7,5,406,4.5,0,0,0,0,0,0,2,0,0.00,0.00,0.00,0.00,0.00,Matches,Liga Profesional de Fútbol Argentina,2025
acda2c2d,Leandro Quiroz,ar ARG,DF,21,4,3,315,3.5,0,0,0,0,0,0,1,0,0.00,0.00,0.00,0.00,0.00,Matches,Liga Profesional de Fútbol Argentina,2025
7be5e556,Luciano Pascual,,MF,,9,3,233,2.6,0,0,0,0,0,0,1,0,0.00,0.00,0.00,0.00,0.00,Matches,Liga Profesional de Fútbol Argentina,2025
056798cb,Claudio Valverde,ar ARG,"MF,DF",22,4,3,203,2.3,0,0,0,0,0,0,0,0,0.00,0.00,0.00,0.00,0.00,Matches,Liga Profesional de Fútbol Argentina,2025
2adb3393,Matías González,ar ARG,MF,25,6,2,291,3.2,0,0,0,0,0,0,0,0,0.00,0.00,0.00,0.00,0.00,Matches,Liga Profesional de Fútbol Argentina,2025
ffbe25eb,Misael Sosa,ar ARG,MF,23,11,2,264,2.9,0,0,0,0,0,0,2,0,0.00,0.00,0.00,0.00,0.00,Matches,Liga Profesional de Fútbol Argentina,2025
ff94c3e2,Juan Pérez,co COL,MF,20,4,2,216,2.4,0,0,0,0,0,0,0,0,0.00,0.00,0.00,0.00,0.00,Matches,Liga Profesional de Fútbol Argentina,2025
c30ea98b,Tomás Pozzo,ar ARG,MF,24,8,1,238,2.6,0,0,0,0,0,0,1,0,0.00,0.00,0.00,0.00,0.00,Matches,Liga Profesional de Fútbol Argentina,2025
39e9c09a,Walter Montoya,ar ARG,MF,31,6,1,234,2.6,0,0,0,0,0,0,1,0,0.00,0.00,0.00,0.00,0.00,Matches,Liga Profesional de Fútbol Argentina,2025
a4757fc4,Juan Bautista Cejas,ar ARG,MF,26,2,1,72,0.8,0,0,0,0,0,0,0,0,0.00,0.00,0.00,0.00,0.00,Matches,Liga Profesional de Fútbol Argentina,2025
7b12b0f1,Martín Pino,ar ARG,FW,26,1,1,56,0.6,0,0,0,0,0,0,0,0,0.00,0.00,0.00,0.00,0.00,Matches,Liga Profesional de Fútbol Argentina,2025
798800fa,Enzo Barrionuevo,ar ARG,MF,19,2,1,54,0.6,0,0,0,0,0,0,0,0,0.00,0.00,0.00,0.00,0.00,Matches,Liga Profesional de Fútbol Argentina,2025
5fff6887,Maximiliano Porcel,ar ARG,MF,19,3,0,90,1.0,0,0,0,0,0,0,0,0,0.00,0.00,0.00,0.00,0.00,Matches,Liga Profesional de Fútbol Argentina,2025
9a8e9ca7,Silvio Ulariaga,ar ARG,FW,22,3,0,49,0.5,0,0,0,0,0,0,0,0,0.00,0.00,0.00,0.00,0.00,Matches,Liga Profesional de Fútbol Argentina,2025
4776c629,Facundo Ardiles,ar ARG,DF,26,1,0,45,0.5,0,0,0,0,0,0,0,0,0.00,0.00,0.00,0.00,0.00,Matches,Liga Profesional de Fútbol Argentina,2025
47588fca,Santiago Martínez,ar ARG,MF,21,2,0,28,0.3,0,0,0,0,0,0,0,0,0.00,0.00,0.00,0.00,0.00,Matches,Liga Profesional de Fútbol Argentina,2025
0dd2a48c,Roberto Ramírez,ar ARG,GK,28,0,0,,0.0,0,0,0,0,0,0,1,0,,,,,,Matches,Liga Profesional de Fútbol Argentina,2025
a73a302e,Nicolás Cláa,ar ARG,GK,20,0,0,,,,,,,,,,,,,,,,Matches,Liga Profesional de Fútbol Argentina,2025
05b90a9f,Santiago Correa,ar ARG,GK,18,0,0,,,,,,,,,,,,,,,,Matches,Liga Profesional de Fútbol Argentina,2025
982c96ca,Francisco Facello,ar ARG,DF,22,0,0,,,,,,,,,,,,,,,,Matches,Liga Profesional de Fútbol Argentina,2025
171069b8,Matias Funes,ar ARG,DF,19,0,0,,,,,,,,,,,,,,,,Matches,Liga Profesional de Fútbol Argentina,2025
21981f02,Tomás Menegón,ar ARG,FW,20,0,0,,,,,,,,,,,,,,,,Matches,Liga Profesional de Fútbol Argentina,2025
777b24b9,Gerónimo Montivero,ar ARG,DF,19,0,0,,,,,,,,,,,,,,,,Matches,Liga Profesional de Fútbol Argentina,2025
dbaecc24,Pedro Paillalef,ar ARG,DF,19,0,0,,,,,,,,,,,,,,,,Matches,Liga Profesional de Fútbol Argentina,2025
6108aa3c,Edilson Salinas,ar ARG,GK,22,0,0,,,,,,,,,,,,,,,,Matches,Liga Profesional de Fútbol Argentina,2025
806ba274,Mariano Santiago,ar ARG,MF,23,0,0,,,,,,,,,,,,,,,,Matches,Liga Profesional de Fútbol Argentina,2025
adbef920,Ezequiel Tejada,ar ARG,MF,20,0,0,,,,,,,,,,,,,,,,Matches,Liga Profesional de Fútbol Argentina,2025
de17a20c,Agustín Villalobos,ar ARG,DF,21,0,0,,,,,,,,,,,,,,,,Matches,Liga Profesional de Fútbol Argentina,2025
df454699,Sebastián Villa,co COL,FW,28,31,30,"2,719",30.2,5,6,11,2,3,4,7,1,0.17,0.20,0.36,0.07,0.26,Matches,Liga Profesional de Fútbol Argentina,2025
7ca68313,Franco Amarfil,ar ARG,MF,23,31,30,"2,596",28.8,1,2,3,1,0,0,8,0,0.03,0.07,0.10,0.03,0.10,Matches,Liga Profesional de Fútbol Argentina,2025
d2313e46,Ezequiel Centurión,ar ARG,GK,27,29,29,"2,610",29.0,0,0,0,0,0,0,3,0,0.00,0.00,0.00,0.00,0.00,Matches,Liga Profesional de Fútbol Argentina,2025
7d3feecd,Sheyko Studer,ar ARG,DF,22,29,29,"2,570",28.6,2,1,3,2,0,0,10,0,0.07,0.04,0.11,0.07,0.11,Matches,Liga Profesional de Fútbol Argentina,2025
3f66660b,Iván Villalba,py PAR,DF,30,27,26,"2,269",25.2,1,1,2,1,0,0,8,1,0.04,0.04,0.08,0.04,0.08,Matches,Liga Profesional de Fútbol Argentina,2025
0bc8cd45,Luciano Gómez,ar ARG,"DF,MF",28,26,26,"2,165",24.1,2,2,4,2,0,0,7,0,0.08,0.08,0.17,0.08,0.17,Matches,Liga Profesional de Fútbol Argentina,2025
145c1af1,Tomás Bottari,ar ARG,MF,23,27,23,"1,908",21.2,0,0,0,0,0,0,5,1,0.00,0.00,0.00,0.00,0.00,Matches,Liga Profesional de Fútbol Argentina,2025
8681ad73,Mauricio Cardillo,ar ARG,"MF,DF",21,26,17,"1,346",15.0,2,0,2,2,0,0,5,3,0.13,0.00,0.13,0.13,0.13,Matches,Liga Profesional de Fútbol Argentina,2025
2d8dc53e,Matías Fernández,ar ARG,MF,23,26,14,"1,325",14.7,2,3,5,2,0,0,9,0,0.14,0.20,0.34,0.14,0.34,Matches,Liga Profesional de Fútbol Argentina,2025
fe8334f8,Luis Sequeira,ar ARG,MF,22,16,14,"1,063",11.8,2,1,3,1,1,1,3,0,0.17,0.08,0.25,0.08,0.17,Matches,Liga Profesional de Fútbol Argentina,2025
bf082cf1,Kevin Retamar,ar ARG,"MF,FW",25,27,13,"1,334",14.8,4,3,7,4,0,0,4,0,0.27,0.20,0.47,0.27,0.47,Matches,Liga Profesional de Fútbol Argentina,2025
2755e745,Fabrizio Sartori,ar ARG,FW,22,28,12,"1,187",13.2,5,0,5,5,0,0,0,0,0.38,0.00,0.38,0.38,0.38,Matches,Liga Profesional de Fútbol Argentina,2025
ee91dc73,Thomas Ortega,ar ARG,MF,24,19,11,857,9.5,0,0,0,0,0,0,4,0,0.00,0.00,0.00,0.00,0.00,Matches,Liga Profesional de Fútbol Argentina,2025
2879e7a6,Leonard Costa,uy URU,DF,26,19,10,"1,005",11.2,0,0,0,0,0,0,3,2,0.00,0.00,0.00,0.00,0.00,Matches,Liga Profesional de Fútbol Argentina,2025
783586ee,Alejo Osella,ar ARG,DF,24,18,10,903,10.0,0,0,0,0,0,0,1,0,0.00,0.00,0.00,0.00,0.00,Matches,Liga Profesional de Fútbol Argentina,2025
5011a4ba,Pedro Souto,ar ARG,DF,24,14,9,734,8.2,0,2,2,0,0,0,2,0,0.00,0.25,0.25,0.00,0.25,Matches,Liga Profesional de Fútbol Argentina,2025
659e3021,Mauro Peinipil,ar ARG,DF,25,13,8,766,8.5,1,0,1,1,0,0,1,0,0.12,0.00,0.12,0.12,0.12,Matches,Liga Profesional de Fútbol Argentina,2025
f936dcd7,Victorio Ramis,ar ARG,FW,30,9,8,501,5.6,0,0,0,0,0,0,0,0,0.00,0.00,0.00,0.00,0.00,Matches,Liga Profesional de Fútbol Argentina,2025
10411db2,Alex Arce,py PAR,FW,29,9,7,641,7.1,3,0,3,3,0,0,2,0,0.42,0.00,0.42,0.42,0.42,Matches,Liga Profesional de Fútbol Argentina,2025
0b6ff48b,Ezequiel Bonifacio,ar ARG,"DF,MF",30,11,7,535,5.9,0,0,0,0,0,0,1,0,0.00,0.00,0.00,0.00,0.00,Matches,Liga Profesional de Fútbol Argentina,2025
64daaa57,Juan Barbieri,ar ARG,FW,28,18,4,608,6.8,2,1,3,2,0,0,1,0,0.30,0.15,0.44,0.30,0.44,Matches,Liga Profesional de Fútbol Argentina,2025
ff2e5807,Matías Valenti,ar ARG,DF,22,11,4,515,5.7,0,0,0,0,0,0,0,0,0.00,0.00,0.00,0.00,0.00,Matches,Liga Profesional de Fútbol Argentina,2025
0b3c8e45,Diego Tonetto,ar ARG,MF,36,13,4,362,4.0,0,0,0,0,0,0,1,0,0.00,0.00,0.00,0.00,0.00,Matches,Liga Profesional de Fútbol Argentina,2025
4ada7df5,Nicolás Bolcato,ar ARG,GK,20,2,2,180,2.0,0,0,0,0,0,0,0,0,0.00,0.00,0.00,0.00,0.00,Matches,Liga Profesional de Fútbol Argentina,2025
ab00a18b,Santiago Flores,ar ARG,DF,23,3,2,175,1.9,0,0,0,0,0,0,0,0,0.00,0.00,0.00,0.00,0.00,Matches,Liga Profesional de Fútbol Argentina,2025
c2d7780d,Leonel Bucca,ar ARG,MF,25,7,1,176,2.0,0,0,0,0,0,0,1,0,0.00,0.00,0.00,0.00,0.00,Matches,Liga Profesional de Fútbol Argentina,2025
6c510f2d,Luciano Abecasis,ar ARG,DF,34,2,1,94,1.0,0,1,1,0,0,0,0,0,0.00,0.96,0.96,0.00,0.96,Matches,Liga Profesional de Fútbol Argentina,2025
36fef392,Agustín Lastra,ar ARG,GK,24,1,1,90,1.0,0,0,0,0,0,0,0,0,0.00,0.00,0.00,0.00,0.00,Matches,Liga Profesional de Fútbol Argentina,2025
777cdbf8,Gonzalo Ríos,ar ARG,MF,26,3,0,68,0.8,0,0,0,0,0,0,0,0,0.00,0.00,0.00,0.00,0.00,Matches,Liga Profesional de Fútbol Argentina,2025
f1331020,Santiago Múñoz,co COL,FW,25,4,0,48,0.5,1,0,1,1,0,0,0,0,1.87,0.00,1.87,1.87,1.87,Matches,Liga Profesional de Fútbol Argentina,2025
73b2e5b0,Matías Bergara,ar ARG,MF,21,2,0,46,0.5,0,1,1,0,0,0,0,0,0.00,1.96,1.96,0.00,1.96,Matches,Liga Profesional de Fútbol Argentina,2025
9e54c87e,Tomás Muro,ar ARG,MF,22,1,0,37,0.4,0,0,0,0,0,0,1,0,0.00,0.00,0.00,0.00,0.00,Matches,Liga Profesional de Fútbol Argentina,2025
48eb0513,Fabricio Amato,ar ARG,MF,20,1,0,27,0.3,0,0,0,0,0,0,0,0,0.00,0.00,0.00,0.00,0.00,Matches,Liga Profesional de Fútbol Argentina,2025
bd81e404,Maximilano Juambeltz,uy URU,FW,22,1,0,24,0.3,0,0,0,0,0,0,0,0,0.00,0.00,0.00,0.00,0.00,Matches,Liga Profesional de Fútbol Argentina,2025
e95d2f72,Tiago Andino,ar ARG,DF,21,1,0,9,0.1,0,0,0,0,0,0,0,0,0.00,0.00,0.00,0.00,0.00,Matches,Liga Profesional de Fútbol Argentina,2025
f28784a9,Laureano Rodríguez,ar ARG,MF,22,1,0,3,0.0,0,0,0,0,0,0,0,0,0.00,0.00,0.00,0.00,0.00,Matches,Liga Profesional de Fútbol Argentina,2025
d9caf300,Gonzalo Marinelli,ar ARG,GK,35,0,0,,,,,,,,,,,,,,,,Matches,Liga Profesional de Fútbol Argentina,2025
d62591d0,Fernando Romero,py PAR,FW,24,0,0,,,,,,,,,,,,,,,,Matches,Liga Profesional de Fútbol Argentina,2025
37e1c312,Mateo Schwartz,ar ARG,MF,20,0,0,,,,,,,,,,,,,,,,Matches,Liga Profesional de Fútbol Argentina,2025
b50e5848,Manuel Roffo,ar ARG,GK,24,32,32,"2,880",32.0,0,0,0,0,0,0,3,0,0.00,0.00,0.00,0.00,0.00,Matches,Liga Profesional de Fútbol Argentina,2025
b4c8e4c5,Fernando Alarcón,ar ARG,DF,30,31,31,"2,783",30.9,0,1,1,0,0,0,9,1,0.00,0.03,0.03,0.00,0.03,Matches,Liga Profesional de Fútbol Argentina,2025
cf85ad26,Alex Luna,ar ARG,"MF,FW",20,31,31,"2,628",29.2,8,3,11,6,2,2,8,0,0.27,0.10,0.38,0.21,0.31,Matches,Liga Profesional de Fútbol Argentina,2025
0373879c,Gastón Lodico,ar ARG,MF,26,31,30,"2,376",26.4,6,2,8,5,1,1,2,0,0.23,0.08,0.30,0.19,0.27,Matches,Liga Profesional de Fútbol Argentina,2025
6015ddd0,Juan Franco Arrellaga,py PAR,DF,32,24,24,"2,160",24.0,0,1,1,0,0,0,7,0,0.00,0.04,0.04,0.00,0.04,Matches,Liga Profesional de Fútbol Argentina,2025
e2c0f4bf,Nicolás Zalazar,ar ARG,DF,28,21,19,"1,661",18.5,1,1,2,1,0,0,4,0,0.05,0.05,0.11,0.05,0.11,Matches,Liga Profesional de Fútbol Argentina,2025
1cc51702,Francis Mac Allister,ar ARG,MF,29,21,18,"1,347",15.0,0,1,1,0,0,0,7,1,0.00,0.07,0.07,0.00,0.07,Matches,Liga Profesional de Fútbol Argentina,2025
ffaebee2,Lucas Rodríguez,ar ARG,"DF,MF",31,21,16,"1,428",15.9,0,0,0,0,0,0,2,0,0.00,0.00,0.00,0.00,0.00,Matches,Liga Profesional de Fútbol Argentina,2025
d27d8a0b,Elías Pereyra,ar ARG,"DF,MF",25,21,16,"1,415",15.7,0,0,0,0,0,0,4,0,0.00,0.00,0.00,0.00,0.00,Matches,Liga Profesional de Fútbol Argentina,2025
c24da22e,Stéfano Moreyra,ar ARG,MF,23,25,15,"1,495",16.6,1,0,1,1,0,0,8,0,0.06,0.00,0.06,0.06,0.06,Matches,Liga Profesional de Fútbol Argentina,2025
bfaeb90e,Damián Puebla,ar ARG,MF,22,25,14,"1,227",13.6,2,0,2,2,0,0,3,0,0.15,0.00,0.15,0.15,0.15,Matches,Liga Profesional de Fútbol Argentina,2025
0f978661,Gonzalo Requena,ar ARG,DF,21,14,13,"1,197",13.3,0,0,0,0,0,0,4,0,0.00,0.00,0.00,0.00,0.00,Matches,Liga Profesional de Fútbol Argentina,2025
0b419c37,Jonás Acevedo,ar ARG,MF,27,22,11,"1,055",11.7,1,0,1,1,0,0,3,0,0.09,0.00,0.09,0.09,0.09,Matches,Liga Profesional de Fútbol Argentina,2025
78f10ec0,Nicolás Cordero,ar ARG,FW,25,12,11,738,8.2,0,0,0,0,0,0,1,0,0.00,0.00,0.00,0.00,0.00,Matches,Liga Profesional de Fútbol Argentina,2025
c072476b,Leonel Mosevich,ar ARG,DF,27,11,10,859,9.5,0,0,0,0,0,0,4,0,0.00,0.00,0.00,0.00,0.00,Matches,Liga Profesional de Fútbol Argentina,2025
be1395da,Damián Batallini,ar ARG,MF,28,12,10,717,8.0,2,0,2,2,0,0,3,0,0.25,0.00,0.25,0.25,0.25,Matches,Liga Profesional de Fútbol Argentina,2025
40b1ca34,Luca Klimowicz,ar ARG,"FW,MF",20,19,8,744,8.3,0,0,0,0,0,0,1,0,0.00,0.00,0.00,0.00,0.00,Matches,Liga Profesional de Fútbol Argentina,2025
1ab5bb32,Emanuel Beltrán,uy URU,MF,27,8,8,707,7.9,0,0,0,0,0,0,1,0,0.00,0.00,0.00,0.00,0.00,Matches,Liga Profesional de Fútbol Argentina,2025
2c211e2d,Juan Romero,py PAR,"FW,MF",23,10,7,635,7.1,0,1,1,0,0,0,2,0,0.00,0.14,0.14,0.00,0.14,Matches,Liga Profesional de Fútbol Argentina,2025
fdac9284,Jhon Córdoba,co COL,"MF,FW",24,10,5,586,6.5,2,0,2,2,0,0,1,0,0.31,0.00,0.31,0.31,0.31,Matches,Liga Profesional de Fútbol Argentina,2025
0085841a,Matías Godoy,ar ARG,MF,23,11,5,407,4.5,0,1,1,0,0,0,4,1,0.00,0.22,0.22,0.00,0.22,Matches,Liga Profesional de Fútbol Argentina,2025
a92c629d,Matias Fonseca,uy URU,FW,23,12,4,492,5.5,0,1,1,0,0,0,0,0,0.00,0.18,0.18,0.00,0.18,Matches,Liga Profesional de Fútbol Argentina,2025
035a3093,Juan Ignacio Méndez,ar ARG,MF,27,9,4,363,4.0,0,0,0,0,0,0,3,0,0.00,0.00,0.00,0.00,0.00,Matches,Liga Profesional de Fútbol Argentina,2025
c4232f83,Facundo Suárez,ar ARG,FW,30,4,4,340,3.8,1,0,1,0,1,1,0,0,0.26,0.00,0.26,0.00,0.00,Matches,Liga Profesional de Fútbol Argentina,2025
f1a9a9f0,Jeremías Lázaro,ar ARG,MF,20,17,3,560,6.2,0,1,1,0,0,0,1,0,0.00,0.16,0.16,0.00,0.16,Matches,Liga Profesional de Fútbol Argentina,2025
a8150001,Franco Díaz,ar ARG,MF,24,12,2,349,3.9,0,1,1,0,0,0,1,0,0.00,0.26,0.26,0.00,0.26,Matches,Liga Profesional de Fútbol Argentina,2025
850f3b42,Jonathan Dellarossa,ar ARG,FW,25,8,1,169,1.9,0,1,1,0,0,0,0,0,0.00,0.53,0.53,0.00,0.53,Matches,Liga Profesional de Fútbol Argentina,2025
6a00c4b0,Silvio Romero,ar ARG,FW,36,8,0,112,1.2,0,0,0,0,0,0,1,0,0.00,0.00,0.00,0.00,0.00,Matches,Liga Profesional de Fútbol Argentina,2025
b6c7daef,Matías Gallardo,ar ARG,MF,21,7,0,98,1.1,0,0,0,0,0,0,0,0,0.00,0.00,0.00,0.00,0.00,Matches,Liga Profesional de Fútbol Argentina,2025
53ea4157,Francesco Lo Celso,ar ARG,MF,24,1,0,35,0.4,0,0,0,0,0,0,0,0,0.00,0.00,0.00,0.00,0.00,Matches,Liga Profesional de Fútbol Argentina,2025
ca7d2ac8,Lorenzo Albarracín,ar ARG,FW,17,1,0,24,0.3,0,0,0,0,0,0,0,0,0.00,0.00,0.00,0.00,0.00,Matches,Liga Profesional de Fútbol Argentina,2025
5ff9a0ff,Manuel Avellaneda,ar ARG,FW,19,0,0,,,,,,,,,,,,,,,,Matches,Liga Profesional de Fútbol Argentina,2025
6159b1e9,Agustin Bravo,ar ARG,DF,23,0,0,,,,,,,,,,,,,,,,Matches,Liga Profesional de Fútbol Argentina,2025
0cc742f4,Lautaro Carrera,ar ARG,DF,21,0,0,,,,,,,,,,,,,,,,Matches,Liga Profesional de Fútbol Argentina,2025
c6f21917,Matías Klimowicz,ar ARG,FW,17,0,0,,,,,,,,,,,,,,,,Matches,Liga Profesional de Fútbol Argentina,2025
f0c1e659,Joaquin Medina,ar ARG,MF,19,0,0,,,,,,,,,,,,,,,,Matches,Liga Profesional de Fútbol Argentina,2025
96abc4be,Joaquín Papaleo,ar ARG,GK,30,0,0,,,,,,,,,,,,,,,,Matches,Liga Profesional de Fútbol Argentina,2025
fbff1a2d,Emanuel Sittaro,ar ARG,GK,25,0,0,,,,,,,,,,,,,,,,Matches,Liga Profesional de Fútbol Argentina,2025
0bad403e,Matías Borgogno,ar ARG,GK,26,32,32,"2,880",32.0,0,0,0,0,0,0,2,0,0.00,0.00,0.00,0.00,0.00,Matches,Liga Profesional de Fútbol Argentina,2025
a1f80904,Ayrton Portillo,ar ARG,"DF,MF",24,30,25,"2,291",25.5,0,1,1,0,0,0,6,0,0.00,0.04,0.04,0.00,0.04,Matches,Liga Profesional de Fútbol Argentina,2025
0478a3cc,Rodrigo Cáseres,ar ARG,DF,27,25,22,"1,994",22.2,0,0,0,0,0,0,7,0,0.00,0.00,0.00,0.00,0.00,Matches,Liga Profesional de Fútbol Argentina,2025
0e79a58c,Lucas Diarte,ar ARG,"DF,MF",31,22,20,"1,831",20.3,0,0,0,0,0,0,5,0,0.00,0.00,0.00,0.00,0.00,Matches,Liga Profesional de Fútbol Argentina,2025
600cb6b1,Nicólas Watson,ar ARG,MF,26,25,20,"1,772",19.7,0,0,0,0,0,0,8,1,0.00,0.00,0.00,0.00,0.00,Matches,Liga Profesional de Fútbol Argentina,2025
823dc1ab,Luciano Recalde,ar ARG,DF,29,22,20,"1,694",18.8,0,0,0,0,0,0,4,0,0.00,0.00,0.00,0.00,0.00,Matches,Liga Profesional de Fútbol Argentina,2025
ae276eaf,Sebastián Jaurena,ar ARG,MF,25,29,19,"1,652",18.4,0,2,2,0,0,0,3,0,0.00,0.11,0.11,0.00,0.11,Matches,Liga Profesional de Fútbol Argentina,2025
491eb973,Tomás Fernández,ar ARG,"MF,FW",26,22,17,"1,269",14.1,4,3,7,3,1,1,3,0,0.28,0.21,0.50,0.21,0.43,Matches,Liga Profesional de Fútbol Argentina,2025
2e949638,Diego González,ar ARG,MF,36,18,16,"1,288",14.3,2,1,3,2,0,0,4,0,0.14,0.07,0.21,0.14,0.21,Matches,Liga Profesional de Fútbol Argentina,2025
57e2ab6f,Sebastián González,ar ARG,MF,32,21,16,"1,266",14.1,1,0,1,1,0,0,2,0,0.07,0.00,0.07,0.07,0.07,Matches,Liga Profesional de Fútbol Argentina,2025
1607fa35,Horacio Tijanovich,ar ARG,MF,28,21,15,"1,242",13.8,2,0,2,1,1,1,4,0,0.14,0.00,0.14,0.07,0.07,Matches,Liga Profesional de Fútbol Argentina,2025
3fc0e136,Ignacio Maestro Puch,ar ARG,FW,21,15,15,"1,105",12.3,1,0,1,1,0,0,0,0,0.08,0.00,0.08,0.08,0.08,Matches,Liga Profesional de Fútbol Argentina,2025
0e14fbc4,Tomás Lecanda,ar ARG,DF,23,14,13,"1,196",13.3,1,1,2,1,0,0,7,1,0.08,0.08,0.15,0.08,0.15,Matches,Liga Profesional de Fútbol Argentina,2025
325ff366,Alejandro Molina,ar ARG,DF,27,19,13,"1,128",12.5,0,0,0,0,0,0,4,0,0.00,0.00,0.00,0.00,0.00,Matches,Liga Profesional de Fútbol Argentina,2025
93cfb989,Marco Iacobellis,ar ARG,MF,25,20,12,"1,162",12.9,2,2,4,1,1,1,7,2,0.15,0.15,0.31,0.08,0.23,Matches,Liga Profesional de Fútbol Argentina,2025
40449bbd,Esteban Burgos,ar ARG,DF,33,12,10,888,9.9,0,0,0,0,0,0,1,0,0.00,0.00,0.00,0.00,0.00,Matches,Liga Profesional de Fútbol Argentina,2025
7ad77dce,Nicolás Pelaitay,ar ARG,MF,32,12,10,828,9.2,0,0,0,0,0,0,3,0,0.00,0.00,0.00,0.00,0.00,Matches,Liga Profesional de Fútbol Argentina,2025
32e1248f,Leonel Dante Álvarez,ar ARG,DF,28,12,10,827,9.2,0,0,0,0,0,0,1,0,0.00,0.00,0.00,0.00,0.00,Matches,Liga Profesional de Fútbol Argentina,2025
c292fc1d,Federico Anselmo,ar ARG,FW,30,18,9,942,10.5,1,0,1,1,0,0,1,0,0.10,0.00,0.10,0.10,0.10,Matches,Liga Profesional de Fútbol Argentina,2025
12357769,Santiago Salle,ar ARG,MF,20,15,9,886,9.8,1,1,2,1,0,0,2,0,0.10,0.10,0.20,0.10,0.20,Matches,Liga Profesional de Fútbol Argentina,2025
1cbe6b83,Franco Toloza,ar ARG,FW,30,16,7,658,7.3,1,0,1,1,0,0,4,0,0.14,0.00,0.14,0.14,0.14,Matches,Liga Profesional de Fútbol Argentina,2025
0e0fdf06,Juan Cavallaro,ar ARG,"MF,FW",30,19,4,584,6.5,0,1,1,0,0,0,0,0,0.00,0.15,0.15,0.00,0.15,Matches,Liga Profesional de Fútbol Argentina,2025
1483cefd,Hernán Lopes,ar ARG,DF,33,4,3,324,3.6,0,1,1,0,0,0,0,0,0.00,0.28,0.28,0.00,0.28,Matches,Liga Profesional de Fútbol Argentina,2025
60665492,Jony,ar ARG,MF,30,12,2,311,3.5,0,0,0,0,0,0,2,0,0.00,0.00,0.00,0.00,0.00,Matches,Liga Profesional de Fútbol Argentina,2025
432e6973,Matías Orihuela,ar ARG,DF,32,9,2,230,2.6,0,0,0,0,0,0,0,0,0.00,0.00,0.00,0.00,0.00,Matches,Liga Profesional de Fútbol Argentina,2025
95b50253,Ezequiel Montagna,ar ARG,MF,30,4,2,175,1.9,0,0,0,0,0,0,0,0,0.00,0.00,0.00,0.00,0.00,Matches,Liga Profesional de Fútbol Argentina,2025
c97ce8fa,Gino Olguín,ar ARG,MF,24,3,2,160,1.8,0,0,0,0,0,0,1,0,0.00,0.00,0.00,0.00,0.00,Matches,Liga Profesional de Fútbol Argentina,2025
895321cd,Pablo Javier García,uy URU,MF,25,3,2,153,1.7,0,0,0,0,0,0,0,0,0.00,0.00,0.00,0.00,0.00,Matches,Liga Profesional de Fútbol Argentina,2025
d4032251,Lautaro Escalante,ar ARG,MF,25,6,1,226,2.5,0,0,0,0,0,0,0,0,0.00,0.00,0.00,0.00,0.00,Matches,Liga Profesional de Fútbol Argentina,2025
fc7c4978,Federico González,ar ARG,FW,38,10,1,171,1.9,0,0,0,0,0,0,0,0,0.00,0.00,0.00,0.00,0.00,Matches,Liga Profesional de Fútbol Argentina,2025
2ca0811a,Edwuin Pernía,ve VEN,FW,29,6,1,167,1.9,0,0,0,0,0,0,1,0,0.00,0.00,0.00,0.00,0.00,Matches,Liga Profesional de Fútbol Argentina,2025
ec288e12,Gastón Emanuel Moreyra,ar ARG,MF,25,2,1,75,0.8,0,0,0,0,0,0,0,0,0.00,0.00,0.00,0.00,0.00,Matches,Liga Profesional de Fútbol Argentina,2025
d6c75575,Maximiliano Casa,ar ARG,MF,31,2,1,53,0.6,0,0,0,0,0,0,0,0,0.00,0.00,0.00,0.00,0.00,Matches,Liga Profesional de Fútbol Argentina,2025
efabc601,Santiago Barrera,ar ARG,MF,22,6,0,176,2.0,1,0,1,1,0,0,1,0,0.51,0.00,0.51,0.51,0.51,Matches,Liga Profesional de Fútbol Argentina,2025
dbc5e0f3,Lucas Acosta,ar ARG,MF,19,1,0,10,0.1,0,0,0,0,0,0,0,0,0.00,0.00,0.00,0.00,0.00,Matches,Liga Profesional de Fútbol Argentina,2025
765464fb,Damián Adín,ar ARG,DF,27,0,0,,,,,,,,,,,,,,,,Matches,Liga Profesional de Fútbol Argentina,2025
5fa84546,Federico Bonansea,ar ARG,GK,26,0,0,,,,,,,,,,,,,,,,Matches,Liga Profesional de Fútbol Argentina,2025
b566d4d7,Julián Marchio,ar ARG,DF,24,0,0,,,,,,,,,,,,,,,,Matches,Liga Profesional de Fútbol Argentina,2025
4f4cc3bd,Maximiliano Velazco,ar ARG,GK,29,0,0,,,,,,,,,,,,,,,,Matches,Liga Profesional de Fútbol Argentina,2025
50f7c408,Lucas Acosta,ar ARG,GK,29,32,32,"2,880",32.0,0,0,0,0,0,0,2,0,0.00,0.00,0.00,0.00,0.00,Matches,Liga Profesional de Fútbol Argentina,2025
deb82749,Juan Manuel Insaurralde,ar ARG,DF,40,29,29,"2,609",29.0,2,0,2,2,0,0,10,1,0.07,0.00,0.07,0.07,0.07,Matches,Liga Profesional de Fútbol Argentina,2025
3468cf5d,Iván Morales Bravo,cl CHI,FW,25,30,23,"2,163",24.0,3,2,5,3,0,2,5,0,0.12,0.08,0.21,0.12,0.21,Matches,Liga Profesional de Fútbol Argentina,2025
24a99c0e,Carlos Villalba,ar ARG,MF,26,25,23,"1,866",20.7,2,0,2,2,0,0,11,0,0.10,0.00,0.10,0.10,0.10,Matches,Liga Profesional de Fútbol Argentina,2025
51e3954c,Facundo Roncaglia,ar ARG,DF,37,22,22,"1,906",21.2,0,0,0,0,0,0,6,0,0.00,0.00,0.00,0.00,0.00,Matches,Liga Profesional de Fútbol Argentina,2025
9ebb9e83,Joel Godoy,ar ARG,DF,19,21,20,"1,738",19.3,1,0,1,1,0,0,5,0,0.05,0.00,0.05,0.05,0.05,Matches,Liga Profesional de Fútbol Argentina,2025
1d8d182c,Alex Vigo,ar ARG,"DF,MF",25,25,19,"1,822",20.2,0,2,2,0,0,0,5,0,0.00,0.10,0.10,0.00,0.10,Matches,Liga Profesional de Fútbol Argentina,2025
b7f36529,Renzo Miguel Orihuela Barcos,uy URU,DF,23,21,17,"1,604",17.8,0,0,0,0,0,0,7,0,0.00,0.00,0.00,0.00,0.00,Matches,Liga Profesional de Fútbol Argentina,2025
f936b331,Elián Giménez,ar ARG,MF,20,24,16,"1,480",16.4,2,1,3,2,0,0,4,0,0.12,0.06,0.18,0.12,0.18,Matches,Liga Profesional de Fútbol Argentina,2025
707ba477,Julián Contrera,ar ARG,MF,21,15,15,"1,071",11.9,0,2,2,0,0,0,5,0,0.00,0.17,0.17,0.00,0.17,Matches,Liga Profesional de Fútbol Argentina,2025
64b184ac,Manuel García,ar ARG,MF,25,23,14,"1,300",14.4,1,0,1,1,0,0,7,0,0.07,0.00,0.07,0.07,0.07,Matches,Liga Profesional de Fútbol Argentina,2025
3fd907f6,Joaquín Gho,ar ARG,MF,21,16,13,"1,096",12.2,0,1,1,0,0,0,3,0,0.00,0.08,0.08,0.00,0.08,Matches,Liga Profesional de Fútbol Argentina,2025
1175d526,Leandro Suhr,uy URU,"MF,FW",27,23,12,"1,109",12.3,1,0,1,1,0,0,3,1,0.08,0.00,0.08,0.08,0.08,Matches,Liga Profesional de Fútbol Argentina,2025
a6eff0a3,Gabriel Díaz,ar ARG,"MF,DF",24,19,12,974,10.8,1,1,2,1,0,0,4,0,0.09,0.09,0.18,0.09,0.18,Matches,Liga Profesional de Fútbol Argentina,2025
74fef6d2,Gaston Gonzalez,ar ARG,MF,23,10,10,771,8.6,1,1,2,1,0,0,0,0,0.12,0.12,0.23,0.12,0.23,Matches,Liga Profesional de Fútbol Argentina,2025
7a694ae4,Gabriel Carabajal,ar ARG,"MF,FW",33,14,10,752,8.4,2,0,2,0,2,2,1,0,0.24,0.00,0.24,0.00,0.00,Matches,Liga Profesional de Fútbol Argentina,2025
c911d311,Jonathan David Gómez,ar ARG,"MF,FW",35,12,9,648,7.2,0,0,0,0,0,0,7,0,0.00,0.00,0.00,0.00,0.00,Matches,Liga Profesional de Fútbol Argentina,2025
6c3e094c,Franco Frías,ar ARG,"FW,MF",22,19,7,714,7.9,1,1,2,1,0,0,2,0,0.13,0.13,0.25,0.13,0.25,Matches,Liga Profesional de Fútbol Argentina,2025
935f1e96,Santiago Morales,,DF,,8,7,596,6.6,0,0,0,0,0,0,1,0,0.00,0.00,0.00,0.00,0.00,Matches,Liga Profesional de Fútbol Argentina,2025
eb823875,Joaquín Ardaiz,uy URU,FW,26,11,6,576,6.4,3,1,4,3,0,0,1,0,0.47,0.16,0.62,0.47,0.62,Matches,Liga Profesional de Fútbol Argentina,2025
d51af27a,Pablo Magnín,ar ARG,"FW,MF",34,12,6,560,6.2,2,0,2,1,1,1,1,0,0.32,0.00,0.32,0.16,0.16,Matches,Liga Profesional de Fútbol Argentina,2025
7f75c34b,Jeremías Vallejos,ar ARG,DF,21,9,6,500,5.6,0,0,0,0,0,0,4,0,0.00,0.00,0.00,0.00,0.00,Matches,Liga Profesional de Fútbol Argentina,2025
9438188a,Yair Ezequiel Arismendi,ar ARG,"DF,MF",26,16,5,634,7.0,0,0,0,0,0,0,0,0,0.00,0.00,0.00,0.00,0.00,Matches,Liga Profesional de Fútbol Argentina,2025
f99cfccb,Valentín Burgoa,ar ARG,MF,25,15,5,615,6.8,1,0,1,1,0,0,0,0,0.15,0.00,0.15,0.15,0.15,Matches,Liga Profesional de Fútbol Argentina,2025
1ebb7c72,Santiago Rodriguez,ar ARG,"FW,MF",27,11,4,451,5.0,0,1,1,0,0,0,0,0,0.00,0.20,0.20,0.00,0.20,Matches,Liga Profesional de Fútbol Argentina,2025
6c3df62b,Federico Paradela,ar ARG,MF,25,10,3,346,3.8,0,0,0,0,0,0,4,0,0.00,0.00,0.00,0.00,0.00,Matches,Liga Profesional de Fútbol Argentina,2025
76c67ea0,Tomas Guiacobini,ar ARG,MF,20,5,3,200,2.2,0,0,0,0,0,0,2,0,0.00,0.00,0.00,0.00,0.00,Matches,Liga Profesional de Fútbol Argentina,2025
d6f9652b,Lucas Pratto,ar ARG,"MF,FW",36,9,2,317,3.5,0,0,0,0,0,0,1,0,0.00,0.00,0.00,0.00,0.00,Matches,Liga Profesional de Fútbol Argentina,2025
dbf30726,Jhon Rentería,co COL,MF,19,3,1,132,1.5,0,0,0,0,0,0,0,0,0.00,0.00,0.00,0.00,0.00,Matches,Liga Profesional de Fútbol Argentina,2025
af9d0aea,Juan Andrada,ar ARG,MF,30,3,1,101,1.1,0,0,0,0,0,0,0,0,0.00,0.00,0.00,0.00,0.00,Matches,Liga Profesional de Fútbol Argentina,2025
3d8a448f,Agustín Seyral,ar ARG,DF,20,4,0,93,1.0,0,0,0,0,0,0,1,0,0.00,0.00,0.00,0.00,0.00,Matches,Liga Profesional de Fútbol Argentina,2025
9e6742a6,Agustín Molina,ar ARG,MF,18,2,0,33,0.4,0,0,0,0,0,0,0,0,0.00,0.00,0.00,0.00,0.00,Matches,Liga Profesional de Fútbol Argentina,2025
e3c45b18,Manuel Mónaco,ar ARG,MF,22,1,0,12,0.1,0,0,0,0,0,0,0,0,0.00,0.00,0.00,0.00,0.00,Matches,Liga Profesional de Fútbol Argentina,2025
f4dd01dd,Brandon Márquez,ar ARG,,19,1,0,4,0.0,0,0,0,0,0,0,0,0,0.00,0.00,0.00,0.00,0.00,Matches,Liga Profesional de Fútbol Argentina,2025
0f200ce4,Thyago Ayala,ar ARG,GK,23,0,0,,,,,,,,,,,,,,,,Matches,Liga Profesional de Fútbol Argentina,2025
061f1eed,Bryan Cabezas,ec ECU,MF,27,0,0,,,,,,,,,,,,,,,,Matches,Liga Profesional de Fútbol Argentina,2025
5d448a04,José Devecchi,ar ARG,GK,29,0,0,,,,,,,,,,,,,,,,Matches,Liga Profesional de Fútbol Argentina,2025
cf853fff,Rodrigo Jesús Fumiz,ar ARG,DF,18,0,0,,,,,,,,,,,,,,,,Matches,Liga Profesional de Fútbol Argentina,2025
7fe90163,Andrés Marsengo,ar ARG,GK,22,0,0,,,,,,,,,,,,,,,,Matches,Liga Profesional de Fútbol Argentina,2025
85d1b075,Danilo Monza,ar ARG,GK,16,0,0,,,,,,,,,,,,,,,,Matches,Liga Profesional de Fútbol Argentina,2025
ffe7af4a,Matías Rosales,ar ARG,MF,19,0,0,,,,,,,,,,,,,,,,Matches,Liga Profesional de Fútbol Argentina,2025
3da0a4dd,Facundo Sandoval,ar ARG,DF,20,0,0,,,,,,,,,,,,,,,,Matches,Liga Profesional de Fútbol Argentina,2025
b3e42951,Franco Armani,ar ARG,GK,38,30,30,"2,700",30.0,0,0,0,0,0,0,3,0,0.00,0.00,0.00,0.00,0.00,Matches,Liga Profesional de Fútbol Argentina,2025
3ec3c1c9,Lucas Martínez Quarta,ar ARG,DF,28,22,22,"1,902",21.1,1,0,1,1,0,0,12,1,0.05,0.00,0.05,0.05,0.05,Matches,Liga Profesional de Fútbol Argentina,2025
81442ecb,Marcos Acuña,ar ARG,"DF,MF",33,23,21,"1,803",20.0,0,1,1,0,0,0,9,0,0.00,0.05,0.05,0.00,0.05,Matches,Liga Profesional de Fútbol Argentina,2025
69a6523a,Facundo Colidio,ar ARG,FW,25,26,21,"1,527",17.0,6,3,9,6,0,0,4,0,0.35,0.18,0.53,0.35,0.53,Matches,Liga Profesional de Fútbol Argentina,2025
374d5158,Gonzalo Montiel,ar ARG,DF,28,20,19,"1,616",18.0,3,3,6,3,0,0,4,0,0.17,0.17,0.33,0.17,0.33,Matches,Liga Profesional de Fútbol Argentina,2025
6d27cfc2,Enzo Pérez,ar ARG,MF,38,21,19,"1,470",16.3,0,0,0,0,0,0,3,1,0.00,0.00,0.00,0.00,0.00,Matches,Liga Profesional de Fútbol Argentina,2025
a8eeadaf,Giuliano Galoppo,ar ARG,MF,25,21,17,"1,294",14.4,5,1,6,5,0,0,4,0,0.35,0.07,0.42,0.35,0.42,Matches,Liga Profesional de Fútbol Argentina,2025
3906e923,Paulo Díaz,cl CHI,DF,30,18,16,"1,439",16.0,0,1,1,0,0,0,4,0,0.00,0.06,0.06,0.00,0.06,Matches,Liga Profesional de Fútbol Argentina,2025
c393c3d9,Kevin Castaño,co COL,MF,24,19,16,"1,431",15.9,0,0,0,0,0,0,7,0,0.00,0.00,0.00,0.00,0.00,Matches,Liga Profesional de Fútbol Argentina,2025
60e86875,Sebastián Driussi,ar ARG,"FW,MF",28,20,14,"1,072",11.9,5,1,6,5,0,0,2,0,0.42,0.08,0.50,0.42,0.50,Matches,Liga Profesional de Fútbol Argentina,2025
211dc5fd,Miguel Borja,co COL,FW,32,29,13,"1,562",17.4,7,1,8,6,1,3,6,0,0.40,0.06,0.46,0.35,0.40,Matches,Liga Profesional de Fútbol Argentina,2025
8c725b43,Germán Pezzella,ar ARG,DF,33,16,13,"1,138",12.6,0,0,0,0,0,0,3,0,0.00,0.00,0.00,0.00,0.00,Matches,Liga Profesional de Fútbol Argentina,2025
82549f54,Fabricio Bustos,ar ARG,DF,28,15,12,"1,053",11.7,0,0,0,0,0,0,2,0,0.00,0.00,0.00,0.00,0.00,Matches,Liga Profesional de Fútbol Argentina,2025
c3c12758,Maximiliano Salas,ar ARG,FW,27,12,11,895,9.9,2,2,4,2,0,0,2,1,0.20,0.20,0.40,0.20,0.40,Matches,Liga Profesional de Fútbol Argentina,2025
7dc4f16a,Milton Casco,ar ARG,DF,36,16,10,"1,114",12.4,0,2,2,0,0,0,3,0,0.00,0.16,0.16,0.00,0.16,Matches,Liga Profesional de Fútbol Argentina,2025
2f9ae3a1,Juan Portillo,ar ARG,"MF,DF",24,11,10,872,9.7,0,0,0,0,0,0,3,1,0.00,0.00,0.00,0.00,0.00,Matches,Liga Profesional de Fútbol Argentina,2025
c1e3b5e9,Lautaro Rivero,ar ARG,DF,21,10,10,796,8.8,0,0,0,0,0,0,4,0,0.00,0.00,0.00,0.00,0.00,Matches,Liga Profesional de Fútbol Argentina,2025
633b2b1f,Franco Mastantuono,ar ARG,FW,17,10,9,748,8.3,3,3,6,3,0,0,3,0,0.36,0.36,0.72,0.36,0.72,Matches,Liga Profesional de Fútbol Argentina,2025
8d88e3be,Santiago Lencina,ar ARG,"MF,FW",19,14,9,684,7.6,3,0,3,3,0,0,2,0,0.39,0.00,0.39,0.39,0.39,Matches,Liga Profesional de Fútbol Argentina,2025
e5e15e0a,Maximiliano Meza,ar ARG,"MF,FW",32,15,8,803,8.9,1,1,2,1,0,0,4,0,0.11,0.11,0.22,0.11,0.22,Matches,Liga Profesional de Fútbol Argentina,2025
540d0b37,Juan Quintero,co COL,"MF,FW",32,12,8,679,7.5,0,2,2,0,0,0,0,0,0.00,0.27,0.27,0.00,0.27,Matches,Liga Profesional de Fútbol Argentina,2025
97a17c0b,Ignacio Fernández,ar ARG,MF,35,14,5,513,5.7,2,3,5,2,0,0,1,0,0.35,0.53,0.88,0.35,0.88,Matches,Liga Profesional de Fútbol Argentina,2025
8a825742,Santiago Simón,ar ARG,MF,22,11,5,489,5.4,0,0,0,0,0,0,0,1,0.00,0.00,0.00,0.00,0.00,Matches,Liga Profesional de Fútbol Argentina,2025
8b259046,Rodrigo Aliendro,ar ARG,MF,33,11,5,482,5.4,1,0,1,1,0,0,2,0,0.19,0.00,0.19,0.19,0.19,Matches,Liga Profesional de Fútbol Argentina,2025
8e97a57b,Matías Galarza,py PAR,MF,22,9,4,532,5.9,0,0,0,0,0,0,4,0,0.00,0.00,0.00,0.00,0.00,Matches,Liga Profesional de Fútbol Argentina,2025
f9e8a841,Ian Subiabre,ar ARG,"MF,FW",18,12,4,436,4.8,1,1,2,1,0,0,3,0,0.21,0.21,0.41,0.21,0.41,Matches,Liga Profesional de Fútbol Argentina,2025
26f6dca8,Manuel Lanzini,ar ARG,MF,31,9,4,394,4.4,0,0,0,0,0,0,0,0,0.00,0.00,0.00,0.00,0.00,Matches,Liga Profesional de Fútbol Argentina,2025
cd00ceea,Gonzalo Nicolás Martínez,ar ARG,"MF,FW",31,9,3,345,3.8,0,2,2,0,0,0,1,0,0.00,0.52,0.52,0.00,0.52,Matches,Liga Profesional de Fútbol Argentina,2025
05df2936,Juan Meza,ar ARG,MF,16,8,2,223,2.5,0,0,0,0,0,0,0,0,0.00,0.00,0.00,0.00,0.00,Matches,Liga Profesional de Fútbol Argentina,2025
08576297,Sebastián Boselli,uy URU,DF,21,3,2,200,2.2,0,0,0,0,0,0,0,0,0.00,0.00,0.00,0.00,0.00,Matches,Liga Profesional de Fútbol Argentina,2025
314bdac5,Matías Kranevitter,ar ARG,MF,31,4,2,198,2.2,0,0,0,0,0,0,1,0,0.00,0.00,0.00,0.00,0.00,Matches,Liga Profesional de Fútbol Argentina,2025
5ba1112c,Leandro González Pirez,ar ARG,DF,32,2,2,180,2.0,0,0,0,0,0,0,2,0,0.00,0.00,0.00,0.00,0.00,Matches,Liga Profesional de Fútbol Argentina,2025
6c4776b1,Jeremías Ledesma,ar ARG,GK,31,2,2,180,2.0,0,0,0,0,0,0,0,0,0.00,0.00,0.00,0.00,0.00,Matches,Liga Profesional de Fútbol Argentina,2025
cdbd6b8a,Gonzalo Tapia,cl CHI,FW,22,6,1,159,1.8,0,0,0,0,0,0,1,0,0.00,0.00,0.00,0.00,0.00,Matches,Liga Profesional de Fútbol Argentina,2025
89ad66a3,Thiago Acosta,ar ARG,MF,19,3,1,118,1.3,0,0,0,0,0,0,0,0,0.00,0.00,0.00,0.00,0.00,Matches,Liga Profesional de Fútbol Argentina,2025
3148408c,Juan Dadin,ar ARG,FW,18,4,1,117,1.3,0,1,1,0,0,0,0,0,0.00,0.77,0.77,0.00,0.77,Matches,Liga Profesional de Fútbol Argentina,2025
239a0c62,Agustín De la Cuesta,ar ARG,MF,19,1,1,61,0.7,0,0,0,0,0,0,0,0,0.00,0.00,0.00,0.00,0.00,Matches,Liga Profesional de Fútbol Argentina,2025
f2416544,Matías Rojas,py PAR,"FW,MF",29,5,0,112,1.2,1,0,1,1,0,0,0,0,0.80,0.00,0.80,0.80,0.80,Matches,Liga Profesional de Fútbol Argentina,2025
7ecb2377,Cristian Jaime,ar ARG,FW,18,2,0,75,0.8,0,0,0,0,0,0,1,0,0.00,0.00,0.00,0.00,0.00,Matches,Liga Profesional de Fútbol Argentina,2025
c31fecb1,Agustín Obregón,ar ARG,DF,18,1,0,70,0.8,0,0,0,0,0,0,1,0,0.00,0.00,0.00,0.00,0.00,Matches,Liga Profesional de Fútbol Argentina,2025
62420800,Joaquín Freitas,ar ARG,FW,18,1,0,17,0.2,0,0,0,0,0,0,0,0,0.00,0.00,0.00,0.00,0.00,Matches,Liga Profesional de Fútbol Argentina,2025
17e34547,Pablo Solari,ar ARG,"FW,MF",23,1,0,17,0.2,0,0,0,0,0,0,0,0,0.00,0.00,0.00,0.00,0.00,Matches,Liga Profesional de Fútbol Argentina,2025
b56569c4,Giorgio Costantini,br BRA,MF,18,2,0,14,0.2,0,0,0,0,0,0,0,0,0.00,0.00,0.00,0.00,0.00,Matches,Liga Profesional de Fútbol Argentina,2025
391181ed,Lisandro Bajú,ar ARG,DF,19,0,0,,,,,,,,,,,,,,,,Matches,Liga Profesional de Fútbol Argentina,2025
83340875,Santiago Beltrán,ar ARG,GK,20,0,0,,,,,,,,,,,,,,,,Matches,Liga Profesional de Fútbol Argentina,2025
86087757,Federico Gattoni,ar ARG,DF,25,0,0,,,,,,,,,,,,,,,,Matches,Liga Profesional de Fútbol Argentina,2025
78104f06,Ulises Giménez,ar ARG,DF,19,0,0,,,,,,,,,,,,,,,,Matches,Liga Profesional de Fútbol Argentina,2025
f595ea9c,Facundo González,ar ARG,DF,18,0,0,,,,,,,,,,,,,,,,Matches,Liga Profesional de Fútbol Argentina,2025
662e20a9,Franco Jaroszewicz,ar ARG,GK,18,0,0,,,,,,,,,,,,,,,,Matches,Liga Profesional de Fútbol Argentina,2025
a61bbe15,Agustín Ruberto,ar ARG,FW,19,0,0,,,,,,,,,,,,,,,,Matches,Liga Profesional de Fútbol Argentina,2025
f07d5b4d,Nahuel Losada,ar ARG,GK,31,31,31,"2,745",30.5,0,0,0,0,0,0,1,0,0.00,0.00,0.00,0.00,0.00,Matches,Liga Profesional de Fútbol Argentina,2025
6d8d706a,Sasha Marcich,ar ARG,DF,26,31,27,"2,500",27.8,1,6,7,1,0,0,4,0,0.04,0.22,0.25,0.04,0.25,Matches,Liga Profesional de Fútbol Argentina,2025
1b677f5e,Agustín Cardozo,ar ARG,MF,27,29,26,"2,346",26.1,0,0,0,0,0,0,9,1,0.00,0.00,0.00,0.00,0.00,Matches,Liga Profesional de Fútbol Argentina,2025
5f424f35,Eduardo Salvio,ar ARG,MF,34,31,26,"2,202",24.5,5,1,6,3,2,2,0,0,0.20,0.04,0.25,0.12,0.16,Matches,Liga Profesional de Fútbol Argentina,2025
cf5c3ef1,Carlos Izquierdoz,ar ARG,DF,36,26,25,"2,275",25.3,0,0,0,0,0,0,1,1,0.00,0.00,0.00,0.00,0.00,Matches,Liga Profesional de Fútbol Argentina,2025
058c938c,Marcelino Moreno,ar ARG,MF,30,28,24,"2,168",24.1,5,2,7,5,0,0,2,0,0.21,0.08,0.29,0.21,0.29,Matches,Liga Profesional de Fútbol Argentina,2025
cede2aa9,Gonzalo Pérez,uy URU,"DF,MF",24,24,19,"1,603",17.8,0,1,1,0,0,0,3,0,0.00,0.06,0.06,0.00,0.06,Matches,Liga Profesional de Fútbol Argentina,2025
b5143c97,Walter Bou,ar ARG,FW,31,25,19,"1,578",17.5,6,2,8,5,1,1,2,0,0.34,0.11,0.46,0.29,0.40,Matches,Liga Profesional de Fútbol Argentina,2025
44c271db,Ramiro Carrera,ar ARG,MF,31,20,19,"1,462",16.2,1,1,2,1,0,0,8,0,0.06,0.06,0.12,0.06,0.12,Matches,Liga Profesional de Fútbol Argentina,2025
e4b8c5b6,Ezequiel Muñoz,ar ARG,DF,34,20,15,"1,382",15.4,0,1,1,0,0,0,2,0,0.00,0.07,0.07,0.00,0.07,Matches,Liga Profesional de Fútbol Argentina,2025
215cb5d2,Agustín Medina,,MF,,25,14,"1,379",15.3,0,0,0,0,0,0,6,0,0.00,0.00,0.00,0.00,0.00,Matches,Liga Profesional de Fútbol Argentina,2025
fb591f74,Ronaldo Dejesús,py PAR,DF,23,15,13,"1,168",13.0,0,0,0,0,0,0,2,0,0.00,0.00,0.00,0.00,0.00,Matches,Liga Profesional de Fútbol Argentina,2025
a76f6e93,Alexis Segovia,ar ARG,MF,20,20,11,925,10.3,1,0,1,1,0,0,0,0,0.10,0.00,0.10,0.10,0.10,Matches,Liga Profesional de Fútbol Argentina,2025
97d24b73,José Canale,py PAR,DF,28,10,10,882,9.8,4,0,4,4,0,0,1,0,0.41,0.00,0.41,0.41,0.41,Matches,Liga Profesional de Fútbol Argentina,2025
5a39b971,Armando Méndez,uy URU,DF,28,16,9,860,9.6,0,0,0,0,0,0,4,0,0.00,0.00,0.00,0.00,0.00,Matches,Liga Profesional de Fútbol Argentina,2025
dababecf,Dylan Aquino,ar ARG,"MF,FW",19,29,8,"1,080",12.0,0,2,2,0,0,0,4,0,0.00,0.17,0.17,0.00,0.17,Matches,Liga Profesional de Fútbol Argentina,2025
da71df54,Rodrigo Castillo,ar ARG,FW,25,15,8,782,8.7,7,1,8,7,0,0,1,1,0.81,0.12,0.92,0.81,0.92,Matches,Liga Profesional de Fútbol Argentina,2025
0d7ad669,Franco Watson,ar ARG,MF,25,10,8,567,6.3,1,1,2,1,0,0,0,0,0.16,0.16,0.32,0.16,0.32,Matches,Liga Profesional de Fútbol Argentina,2025
46667801,Juan Ramírez,ar ARG,MF,31,17,6,518,5.8,0,0,0,0,0,0,0,0,0.00,0.00,0.00,0.00,0.00,Matches,Liga Profesional de Fútbol Argentina,2025
1e72d119,Felipe Peña,ar ARG,MF,23,9,6,476,5.3,0,1,1,0,0,0,2,0,0.00,0.19,0.19,0.00,0.19,Matches,Liga Profesional de Fútbol Argentina,2025
fa828ce6,Alexis Canelo,ar ARG,"FW,MF",32,25,5,627,7.0,1,3,4,1,0,0,1,0,0.14,0.43,0.57,0.14,0.57,Matches,Liga Profesional de Fútbol Argentina,2025
242d37f3,Nicolás Morgantini,ar ARG,DF,30,6,4,391,4.3,0,0,0,0,0,0,1,0,0.00,0.00,0.00,0.00,0.00,Matches,Liga Profesional de Fútbol Argentina,2025
db887bdf,Juan Cáceres,py PAR,DF,24,3,3,270,3.0,0,1,1,0,0,0,1,0,0.00,0.33,0.33,0.00,0.33,Matches,Liga Profesional de Fútbol Argentina,2025
548ffe4c,Bruno Cabrera,ar ARG,"FW,MF",21,6,3,246,2.7,0,0,0,0,0,0,2,0,0.00,0.00,0.00,0.00,0.00,Matches,Liga Profesional de Fútbol Argentina,2025
4216c0a6,Luciano Romero,ar ARG,DF,19,3,3,219,2.4,0,0,0,0,0,0,1,0,0.00,0.00,0.00,0.00,0.00,Matches,Liga Profesional de Fútbol Argentina,2025
42d44ed9,Franco Orozco,ar ARG,MF,23,6,2,209,2.3,0,0,0,0,0,0,0,0,0.00,0.00,0.00,0.00,0.00,Matches,Liga Profesional de Fútbol Argentina,2025
2a3af4d5,Lautaro Acosta,ar ARG,MF,36,9,2,147,1.6,1,0,1,1,0,0,1,0,0.61,0.00,0.61,0.61,0.61,Matches,Liga Profesional de Fútbol Argentina,2025
119a4577,Lautaro Morales,ar ARG,GK,25,2,1,135,1.5,0,0,0,0,0,0,0,0,0.00,0.00,0.00,0.00,0.00,Matches,Liga Profesional de Fútbol Argentina,2025
348ea312,Facundo Sánchez,ar ARG,MF,19,5,1,126,1.4,0,0,0,0,0,0,0,0,0.00,0.00,0.00,0.00,0.00,Matches,Liga Profesional de Fútbol Argentina,2025
5dbf09fb,Leonel Cardozo,ar ARG,DF,21,2,1,96,1.1,0,0,0,0,0,0,1,0,0.00,0.00,0.00,0.00,0.00,Matches,Liga Profesional de Fútbol Argentina,2025
f3739b14,Tobías Quiroz,ar ARG,DF,19,1,1,90,1.0,0,0,0,0,0,0,1,0,0.00,0.00,0.00,0.00,0.00,Matches,Liga Profesional de Fútbol Argentina,2025
be4f969a,Agustín Rodríguez,ar ARG,MF,20,2,1,77,0.9,0,0,0,0,0,0,0,0,0.00,0.00,0.00,0.00,0.00,Matches,Liga Profesional de Fútbol Argentina,2025
1b9d4ba0,Óctavio Ontivero,ar ARG,DF,19,1,1,76,0.8,0,0,0,0,0,0,0,0,0.00,0.00,0.00,0.00,0.00,Matches,Liga Profesional de Fútbol Argentina,2025
02812c91,Thomás de Martis,ar ARG,FW,16,1,0,12,0.1,0,0,0,0,0,0,0,0,0.00,0.00,0.00,0.00,0.00,Matches,Liga Profesional de Fútbol Argentina,2025
67e9b274,Mariano Gerez,ar ARG,MF,19,1,0,11,0.1,0,0,0,0,0,0,0,0,0.00,0.00,0.00,0.00,0.00,Matches,Liga Profesional de Fútbol Argentina,2025
44b5be2b,Luciano Boggio,it ITA,MF,25,1,0,9,0.1,0,0,0,0,0,0,0,0,0.00,0.00,0.00,0.00,0.00,Matches,Liga Profesional de Fútbol Argentina,2025
4d4e5519,Elías Brito,ar ARG,DF,19,1,0,3,0.0,0,0,0,0,0,0,0,0,0.00,0.00,0.00,0.00,0.00,Matches,Liga Profesional de Fútbol Argentina,2025
a3fbcd10,Jeremías Chavero,ar ARG,FW,18,1,0,2,0.0,0,0,0,0,0,0,0,0,0.00,0.00,0.00,0.00,0.00,Matches,Liga Profesional de Fútbol Argentina,2025
651a9554,Benjamin Acosta,ar ARG,FW,18,0,0,,,,,,,,,,,,,,,,Matches,Liga Profesional de Fútbol Argentina,2025
0cb4ecf1,Fabricio Acosta,ar ARG,DF,20,0,0,,,,,,,,,,,,,,,,Matches,Liga Profesional de Fútbol Argentina,2025
c263af80,Brian Aguilar,ar ARG,DF,21,0,0,,,,,,,,,,,,,,,,Matches,Liga Profesional de Fútbol Argentina,2025
a73a302e,Nicolás Cláa,ar ARG,GK,20,0,0,,,,,,,,,,,,,,,,Matches,Liga Profesional de Fútbol Argentina,2025
bf32ec3a,Evaristo Dieguiz,ar ARG,GK,19,0,0,,,,,,,,,,,,,,,,Matches,Liga Profesional de Fútbol Argentina,2025
39b3e1a9,Thiago Laplace,ar ARG,MF,18,0,0,,,,,,,,,,,,,,,,Matches,Liga Profesional de Fútbol Argentina,2025
b8edd937,Edwin Schulz,ar ARG,FW,21,0,0,,,,,,,,,,,,,,,,Matches,Liga Profesional de Fútbol Argentina,2025
31d73bbd,Nicolás Fernández,ar ARG,"FW,MF",28,32,26,"2,252",25.0,10,1,11,10,0,0,3,0,0.40,0.04,0.44,0.40,0.44,Matches,Liga Profesional de Fútbol Argentina,2025
413cce14,Franco Jara,ar ARG,FW,36,28,26,"2,170",24.1,5,2,7,2,3,3,6,0,0.21,0.08,0.29,0.08,0.17,Matches,Liga Profesional de Fútbol Argentina,2025
9d3e62ff,Gabriel Compagnucci,ar ARG,"DF,MF",33,27,23,"2,095",23.3,1,2,3,1,0,0,5,2,0.04,0.09,0.13,0.04,0.13,Matches,Liga Profesional de Fútbol Argentina,2025
d454a739,Francisco González,ar ARG,MF,27,28,23,"1,822",20.2,1,2,3,1,0,0,2,0,0.05,0.10,0.15,0.05,0.15,Matches,Liga Profesional de Fútbol Argentina,2025
3ce30893,Lucas Zelarayán,am ARM,"MF,FW",32,24,22,"1,973",21.9,3,2,5,3,0,0,1,0,0.14,0.09,0.23,0.14,0.23,Matches,Liga Profesional de Fútbol Argentina,2025
9a102b86,Santiago Longo,ar ARG,MF,26,21,21,"1,693",18.8,0,0,0,0,0,0,4,0,0.00,0.00,0.00,0.00,0.00,Matches,Liga Profesional de Fútbol Argentina,2025
fa2c1419,Mariano Troilo,ar ARG,DF,21,18,17,"1,514",16.8,1,1,2,1,0,0,9,0,0.06,0.06,0.12,0.06,0.12,Matches,Liga Profesional de Fútbol Argentina,2025
d99c8e00,Thiago Cardozo,uy URU,GK,28,16,16,"1,440",16.0,0,0,0,0,0,0,2,0,0.00,0.00,0.00,0.00,0.00,Matches,Liga Profesional de Fútbol Argentina,2025
19cf6f7c,Leonardo Morales,ar ARG,DF,33,16,16,"1,375",15.3,0,0,0,0,0,0,4,0,0.00,0.00,0.00,0.00,0.00,Matches,Liga Profesional de Fútbol Argentina,2025
428cb878,Lucas Menossi,ar ARG,MF,32,23,14,"1,272",14.1,1,0,1,1,0,0,7,1,0.07,0.00,0.07,0.07,0.07,Matches,Liga Profesional de Fútbol Argentina,2025
8320fe65,Lisandro López,ar ARG,DF,35,12,12,"1,062",11.8,0,0,0,0,0,0,4,1,0.00,0.00,0.00,0.00,0.00,Matches,Liga Profesional de Fútbol Argentina,2025
93649708,Juan Espínola,py PAR,GK,30,11,11,990,11.0,0,0,0,0,0,0,1,0,0.00,0.00,0.00,0.00,0.00,Matches,Liga Profesional de Fútbol Argentina,2025
38fb9199,Lucas Passerini,ar ARG,FW,30,27,10,"1,130",12.6,2,0,2,0,2,2,8,1,0.16,0.00,0.16,0.00,0.00,Matches,Liga Profesional de Fútbol Argentina,2025
759b7576,Tobías Ostchega,ar ARG,"DF,MF",26,15,10,941,10.5,0,1,1,0,0,0,5,0,0.00,0.10,0.10,0.00,0.10,Matches,Liga Profesional de Fútbol Argentina,2025
b747edb2,Fausto Grillo,ar ARG,DF,31,10,10,833,9.3,0,0,0,0,0,0,6,1,0.00,0.00,0.00,0.00,0.00,Matches,Liga Profesional de Fútbol Argentina,2025
c3f9ebff,Anibal Leguizamón,ar ARG,DF,33,10,9,824,9.2,0,0,0,0,0,0,0,1,0.00,0.00,0.00,0.00,0.00,Matches,Liga Profesional de Fútbol Argentina,2025
5b33b84c,Facundo Quignon,ar ARG,MF,31,15,9,814,9.0,0,0,0,0,0,0,2,0,0.00,0.00,0.00,0.00,0.00,Matches,Liga Profesional de Fútbol Argentina,2025
f11ac2e0,Ulises Sánchez,ar ARG,MF,26,23,8,702,7.8,0,1,1,0,0,0,0,0,0.00,0.13,0.13,0.00,0.13,Matches,Liga Profesional de Fútbol Argentina,2025
54f5ce34,Federico Ricca,uy URU,"DF,MF",30,8,8,613,6.8,0,0,0,0,0,0,1,0,0.00,0.00,0.00,0.00,0.00,Matches,Liga Profesional de Fútbol Argentina,2025
323d23e6,Alexis Maldonado,ar ARG,DF,27,7,7,630,7.0,0,0,0,0,0,0,2,0,0.00,0.00,0.00,0.00,0.00,Matches,Liga Profesional de Fútbol Argentina,2025
9b0cafc4,Nicolás Meriano,ar ARG,DF,24,12,7,504,5.6,0,0,0,0,0,0,2,0,0.00,0.00,0.00,0.00,0.00,Matches,Liga Profesional de Fútbol Argentina,2025
5e045116,Gerónimo Heredia,ar ARG,"DF,MF",19,13,6,630,7.0,0,0,0,0,0,0,4,0,0.00,0.00,0.00,0.00,0.00,Matches,Liga Profesional de Fútbol Argentina,2025
f5122c46,Adrián Sporle,ar ARG,"MF,DF",29,7,6,592,6.6,0,2,2,0,0,0,3,0,0.00,0.30,0.30,0.00,0.30,Matches,Liga Profesional de Fútbol Argentina,2025
14b61b88,Rodrigo Saravia,uy URU,MF,24,7,6,487,5.4,0,0,0,0,0,0,1,0,0.00,0.00,0.00,0.00,0.00,Matches,Liga Profesional de Fútbol Argentina,2025
f383829b,Bryan Reyna,pe PER,"MF,FW",26,17,5,584,6.5,0,0,0,0,0,0,3,0,0.00,0.00,0.00,0.00,0.00,Matches,Liga Profesional de Fútbol Argentina,2025
bc78521f,Elías López,ar ARG,DF,24,10,5,493,5.5,0,0,0,0,0,0,1,0,0.00,0.00,0.00,0.00,0.00,Matches,Liga Profesional de Fútbol Argentina,2025
a949c8a0,Manuel Vicentini,ar ARG,GK,34,5,5,450,5.0,0,0,0,0,0,0,0,0,0.00,0.00,0.00,0.00,0.00,Matches,Liga Profesional de Fútbol Argentina,2025
87d93221,Agustín Dáttola,ar ARG,DF,25,4,4,360,4.0,0,0,0,0,0,0,1,0,0.00,0.00,0.00,0.00,0.00,Matches,Liga Profesional de Fútbol Argentina,2025
b7512abc,Julián Mavilla,ar ARG,"MF,FW",24,16,3,514,5.7,0,0,0,0,0,0,1,0,0.00,0.00,0.00,0.00,0.00,Matches,Liga Profesional de Fútbol Argentina,2025
891b9bb8,Juan Velazquez,ar ARG,DF,20,5,3,284,3.2,0,0,0,0,0,0,1,0,0.00,0.00,0.00,0.00,0.00,Matches,Liga Profesional de Fútbol Argentina,2025
00e81ca0,Tiago Cravero,ar ARG,MF,22,4,2,179,2.0,0,0,0,0,0,0,1,0,0.00,0.00,0.00,0.00,0.00,Matches,Liga Profesional de Fútbol Argentina,2025
bd04e8dc,Ramiro Hernandes,ar ARG,MF,20,7,1,199,2.2,0,0,0,0,0,0,2,0,0.00,0.00,0.00,0.00,0.00,Matches,Liga Profesional de Fútbol Argentina,2025
50845a91,Jeremías Lucco,ar ARG,FW,19,3,1,97,1.1,0,0,0,0,0,0,0,0,0.00,0.00,0.00,0.00,0.00,Matches,Liga Profesional de Fútbol Argentina,2025
e214af7f,Gonzalo Zelarayán,ar ARG,FW,20,6,0,54,0.6,0,1,1,0,0,0,0,0,0.00,1.67,1.67,0.00,1.67,Matches,Liga Profesional de Fútbol Argentina,2025
c0bb4690,Agustín Baldi,ar ARG,MF,22,1,0,45,0.5,0,0,0,0,0,0,0,0,0.00,0.00,0.00,0.00,0.00,Matches,Liga Profesional de Fútbol Argentina,2025
5260ba4a,Lautaro Gutierrez,ar ARG,MF,18,1,0,5,0.1,0,0,0,0,0,0,1,0,0.00,0.00,0.00,0.00,0.00,Matches,Liga Profesional de Fútbol Argentina,2025
3af1c78c,Tomas Castro,ar ARG,MF,22,0,0,,,,,,,,,,,,,,,,Matches,Liga Profesional de Fútbol Argentina,2025
3723f64a,Ignacio Chicco,ar ARG,GK,28,0,0,,,,,,,,,,,,,,,,Matches,Liga Profesional de Fútbol Argentina,2025
ff0bc227,Agustín Falcón,ar ARG,DF,20,0,0,,,,,,,,,,,,,,,,Matches,Liga Profesional de Fútbol Argentina,2025
772c516b,Agustin Melano,ar ARG,FW,20,0,0,,,,,,,,,,,,,,,,Matches,Liga Profesional de Fútbol Argentina,2025
a86da4e7,Álvaro Ocampo,ar ARG,DF,20,0,0,,,,,,,,,,,,,,,,Matches,Liga Profesional de Fútbol Argentina,2025
768f11ca,Máximo Oses,ar ARG,FW,19,0,0,,,,,,,,,,,,,,,,Matches,Liga Profesional de Fútbol Argentina,2025
bd5c46c3,Jorge Carranza,ar ARG,GK,43,28,28,"2,520",28.0,0,0,0,0,0,0,2,0,0.00,0.00,0.00,0.00,0.00,Matches,Liga Profesional de Fútbol Argentina,2025
f88ec6d6,Giuliano Cerato,ar ARG,"DF,MF",26,29,25,"2,277",25.3,2,1,3,2,0,0,12,0,0.08,0.04,0.12,0.08,0.12,Matches,Liga Profesional de Fútbol Argentina,2025
396970dd,Roberto Bochi,ar ARG,MF,37,29,25,"2,204",24.5,0,1,1,0,0,0,11,0,0.00,0.04,0.04,0.00,0.04,Matches,Liga Profesional de Fútbol Argentina,2025
c06407ce,Justo Giani,ar ARG,"MF,FW",25,28,25,"2,018",22.4,5,4,9,5,0,0,5,0,0.22,0.18,0.40,0.22,0.40,Matches,Liga Profesional de Fútbol Argentina,2025
94193c20,Ignacio Guerrico,ar ARG,DF,26,27,24,"2,102",23.4,0,1,1,0,0,0,5,0,0.00,0.04,0.04,0.00,0.04,Matches,Liga Profesional de Fútbol Argentina,2025
1baa6d8f,Gonzalo Mottes,ar ARG,DF,27,26,22,"1,988",22.1,2,2,4,2,0,0,5,0,0.09,0.09,0.18,0.09,0.18,Matches,Liga Profesional de Fútbol Argentina,2025
504cd579,Tiago Serrago,ar ARG,"MF,FW",20,24,20,"1,568",17.4,2,1,3,2,0,0,3,0,0.11,0.06,0.17,0.11,0.17,Matches,Liga Profesional de Fútbol Argentina,2025
40424ddf,Yonathan Cabral,ar ARG,DF,32,22,16,"1,383",15.4,0,1,1,0,0,0,6,1,0.00,0.07,0.07,0.00,0.07,Matches,Liga Profesional de Fútbol Argentina,2025
44b130dc,Néstor Breitenbruch,ar ARG,DF,29,15,15,"1,339",14.9,0,0,0,0,0,0,4,0,0.00,0.00,0.00,0.00,0.00,Matches,Liga Profesional de Fútbol Argentina,2025
653a64e0,Elías Torres,ar ARG,FW,23,16,15,"1,309",14.5,6,2,8,4,2,2,5,0,0.41,0.14,0.55,0.28,0.41,Matches,Liga Profesional de Fútbol Argentina,2025
2c9a3484,Federico Gino,uy URU,MF,31,13,13,"1,045",11.6,1,0,1,0,1,1,7,0,0.09,0.00,0.09,0.00,0.00,Matches,Liga Profesional de Fútbol Argentina,2025
a01052f2,Rodrigo González,ar ARG,DF,24,24,12,"1,364",15.2,0,1,1,0,0,0,1,1,0.00,0.07,0.07,0.00,0.07,Matches,Liga Profesional de Fútbol Argentina,2025
702d6920,Tobías Leiva,ar ARG,MF,20,21,12,"1,054",11.7,2,0,2,2,0,0,3,1,0.17,0.00,0.17,0.17,0.17,Matches,Liga Profesional de Fútbol Argentina,2025
bfedc251,Agustín Palavecino,ar ARG,"MF,FW",21,23,12,"1,049",11.7,2,1,3,2,0,0,4,1,0.17,0.09,0.26,0.17,0.26,Matches,Liga Profesional de Fútbol Argentina,2025
e7bc6a66,Marcelo Esponda,ar ARG,MF,22,16,11,967,10.7,0,0,0,0,0,0,2,0,0.00,0.00,0.00,0.00,0.00,Matches,Liga Profesional de Fútbol Argentina,2025
10fe416e,Natanael Guzmán,ar ARG,MF,25,17,11,780,8.7,1,1,2,1,0,0,1,0,0.12,0.12,0.23,0.12,0.23,Matches,Liga Profesional de Fútbol Argentina,2025
5df18014,Ayrton Preciado,ec ECU,"MF,FW",30,25,8,983,10.9,3,2,5,2,1,1,1,0,0.27,0.18,0.46,0.18,0.37,Matches,Liga Profesional de Fútbol Argentina,2025
398f2a56,Fernando Román,py PAR,DF,26,8,8,708,7.9,0,0,0,0,0,0,2,0,0.00,0.00,0.00,0.00,0.00,Matches,Liga Profesional de Fútbol Argentina,2025
0de1d20d,Santiago Moya,ar ARG,DF,21,8,7,646,7.2,1,1,2,1,0,0,3,0,0.14,0.14,0.28,0.14,0.28,Matches,Liga Profesional de Fútbol Argentina,2025
7445fe34,Facundo De La Vega,ar ARG,FW,21,9,7,482,5.4,0,1,1,0,0,0,3,0,0.00,0.19,0.19,0.00,0.19,Matches,Liga Profesional de Fútbol Argentina,2025
32c4b4b3,Franco Rami,ar ARG,FW,21,18,6,729,8.1,3,0,3,3,0,0,0,0,0.37,0.00,0.37,0.37,0.37,Matches,Liga Profesional de Fútbol Argentina,2025
3d395749,Tobías Cervera,sy SYR,FW,22,11,6,555,6.2,1,0,1,1,0,0,2,0,0.16,0.00,0.16,0.16,0.16,Matches,Liga Profesional de Fútbol Argentina,2025
461e8795,Martín García,,MF,,7,5,268,3.0,0,0,0,0,0,0,1,0,0.00,0.00,0.00,0.00,0.00,Matches,Liga Profesional de Fútbol Argentina,2025
8f422ddd,Lautaro Chávez,ar ARG,"MF,FW",24,12,4,449,5.0,0,1,1,0,0,0,1,0,0.00,0.20,0.20,0.00,0.20,Matches,Liga Profesional de Fútbol Argentina,2025
bea9b02f,Williams Barlasina,ar ARG,GK,26,4,4,360,4.0,0,0,0,0,0,0,0,0,0.00,0.00,0.00,0.00,0.00,Matches,Liga Profesional de Fútbol Argentina,2025
91e7fc9a,Matías García,ar ARG,"MF,FW",33,8,4,311,3.5,0,0,0,0,0,0,0,0,0.00,0.00,0.00,0.00,0.00,Matches,Liga Profesional de Fútbol Argentina,2025
64a8ec22,Tomás Kummer,ar ARG,DF,20,7,3,371,4.1,0,0,0,0,0,0,0,0,0.00,0.00,0.00,0.00,0.00,Matches,Liga Profesional de Fútbol Argentina,2025
7819f0ac,Santiago Laquidaín,ar ARG,DF,23,4,3,273,3.0,0,0,0,0,0,0,0,0,0.00,0.00,0.00,0.00,0.00,Matches,Liga Profesional de Fútbol Argentina,2025
55facc6c,Alexis Dominguez,ar ARG,FW,28,10,1,227,2.5,0,0,0,0,0,0,0,0,0.00,0.00,0.00,0.00,0.00,Matches,Liga Profesional de Fútbol Argentina,2025
46a9b016,Emiliano Rodríguez,uy URU,FW,21,5,0,119,1.3,0,0,0,0,0,0,0,0,0.00,0.00,0.00,0.00,0.00,Matches,Liga Profesional de Fútbol Argentina,2025
5241590c,Lucas Lazarte,ar ARG,FW,19,1,0,15,0.2,0,1,1,0,0,0,1,0,0.00,6.00,6.00,0.00,6.00,Matches,Liga Profesional de Fútbol Argentina,2025
66412884,Gabriel Paredes,ar ARG,MF,21,1,0,11,0.1,0,0,0,0,0,0,0,0,0.00,0.00,0.00,0.00,0.00,Matches,Liga Profesional de Fútbol Argentina,2025
4e40d555,Alejandro Villareal,co COL,FW,19,2,0,7,0.1,0,0,0,0,0,0,0,0,0.00,0.00,0.00,0.00,0.00,Matches,Liga Profesional de Fútbol Argentina,2025
913d986d,Lucio Falasco,ar ARG,MF,20,2,0,4,0.0,0,1,1,0,0,0,1,0,0.00,22.50,22.50,0.00,22.50,Matches,Liga Profesional de Fútbol Argentina,2025
831ab511,Juan Achetoni,ar ARG,MF,19,1,0,3,0.0,0,0,0,0,0,0,0,0,0.00,0.00,0.00,0.00,0.00,Matches,Liga Profesional de Fútbol Argentina,2025
87a37fb7,Alexis Devesa,,FW,,0,0,,,,,,,,,,,,,,,,Matches,Liga Profesional de Fútbol Argentina,2025
0e6704cc,Nahuel González,uy URU,GK,23,0,0,,,,,,,,,,,,,,,,Matches,Liga Profesional de Fútbol Argentina,2025
b4f69c77,David Juárez,ar ARG,FW,17,0,0,,,,,,,,,,,,,,,,Matches,Liga Profesional de Fútbol Argentina,2025
03c9976e,Lautaro Ludueña,ar ARG,FW,20,0,0,,,,,,,,,,,,,,,,Matches,Liga Profesional de Fútbol Argentina,2025
e4bcd56b,Sebastián Moyano,ar ARG,GK,34,0,0,,,,,,,,,,,,,,,,Matches,Liga Profesional de Fútbol Argentina,2025
35525fb0,Leandro Lozano,uy URU,DF,26,31,31,"2,708",30.1,1,6,7,1,0,0,3,0,0.03,0.20,0.23,0.03,0.23,Matches,Liga Profesional de Fútbol Argentina,2025
d3134e28,Tomás Molina,ar ARG,FW,29,31,31,"2,388",26.5,10,2,12,9,1,2,4,0,0.38,0.08,0.45,0.34,0.41,Matches,Liga Profesional de Fútbol Argentina,2025
e8b80334,Erik Godoy,ar ARG,DF,31,30,30,"2,635",29.3,2,0,2,2,0,0,8,0,0.07,0.00,0.07,0.07,0.07,Matches,Liga Profesional de Fútbol Argentina,2025
b88b1142,Alan Lescano,ar ARG,"MF,FW",23,30,30,"2,545",28.3,7,4,11,7,0,1,6,0,0.25,0.14,0.39,0.25,0.39,Matches,Liga Profesional de Fútbol Argentina,2025
c4263233,Nicolás Oróz,ar ARG,MF,30,31,30,"2,183",24.3,2,2,4,2,0,0,3,0,0.08,0.08,0.16,0.08,0.16,Matches,Liga Profesional de Fútbol Argentina,2025
1990d38d,Francisco Álvarez,ar ARG,DF,24,28,28,"2,502",27.8,0,2,2,0,0,0,9,2,0.00,0.07,0.07,0.00,0.07,Matches,Liga Profesional de Fútbol Argentina,2025
19f4d2c0,Diego Matías Rodríguez,ar ARG,GK,35,28,28,"2,475",27.5,0,0,0,0,0,0,0,0,0.00,0.00,0.00,0.00,0.00,Matches,Liga Profesional de Fútbol Argentina,2025
3e0b3184,Sebastián Prieto,ar ARG,DF,31,28,26,"2,231",24.8,2,2,4,2,0,0,6,0,0.08,0.08,0.16,0.08,0.16,Matches,Liga Profesional de Fútbol Argentina,2025
80373bb5,Federico Fattori,ar ARG,MF,32,26,26,"2,215",24.6,0,0,0,0,0,0,8,2,0.00,0.00,0.00,0.00,0.00,Matches,Liga Profesional de Fútbol Argentina,2025
fcd24b4b,Alan Rodríguez,uy URU,"MF,FW",25,14,14,"1,162",12.9,2,1,3,2,0,0,2,0,0.15,0.08,0.23,0.15,0.23,Matches,Liga Profesional de Fútbol Argentina,2025
5b12c37d,Emiliano Viveros,ar ARG,"FW,MF",22,21,12,"1,014",11.3,1,0,1,1,0,0,1,0,0.09,0.00,0.09,0.09,0.09,Matches,Liga Profesional de Fútbol Argentina,2025
1dcddc4d,José Herrera,ar ARG,"MF,FW",21,15,12,941,10.5,3,2,5,3,0,0,2,0,0.29,0.19,0.48,0.29,0.48,Matches,Liga Profesional de Fútbol Argentina,2025
2e8597d8,Hernán López Muñoz,ar ARG,"FW,MF",24,14,10,837,9.3,4,1,5,4,0,0,2,0,0.43,0.11,0.54,0.43,0.54,Matches,Liga Profesional de Fútbol Argentina,2025
dc0a603e,Román Vega,ar ARG,"DF,MF",21,12,7,715,7.9,1,1,2,1,0,0,3,0,0.13,0.13,0.25,0.13,0.25,Matches,Liga Profesional de Fútbol Argentina,2025
8748ef78,Ismael Sosa,ar ARG,"MF,FW",38,22,4,634,7.0,0,1,1,0,0,0,2,0,0.00,0.14,0.14,0.00,0.14,Matches,Liga Profesional de Fútbol Argentina,2025
5a9ff6cf,Laurtaro Giaccone,ar ARG,"FW,MF",23,10,4,478,5.3,1,0,1,1,0,0,1,0,0.19,0.00,0.19,0.19,0.19,Matches,Liga Profesional de Fútbol Argentina,2025
3ecae01c,Diego Porcel,ar ARG,"FW,MF",20,14,4,442,4.9,1,2,3,1,0,0,0,0,0.20,0.41,0.61,0.20,0.61,Matches,Liga Profesional de Fútbol Argentina,2025
4c0c10de,Tobías Ramírez,ar ARG,DF,18,6,4,393,4.4,0,0,0,0,0,0,0,0,0.00,0.00,0.00,0.00,0.00,Matches,Liga Profesional de Fútbol Argentina,2025
966e3b08,Matías Giménez,ar ARG,FW,25,8,4,329,3.7,1,1,2,1,0,0,0,0,0.27,0.27,0.55,0.27,0.55,Matches,Liga Profesional de Fútbol Argentina,2025
c19830ba,Lucas Gómez,ar ARG,MF,20,21,3,552,6.1,1,1,2,1,0,0,1,0,0.16,0.16,0.33,0.16,0.33,Matches,Liga Profesional de Fútbol Argentina,2025
e68bce6e,Juan Cardozo,py PAR,MF,20,9,3,347,3.9,0,0,0,0,0,0,1,0,0.00,0.00,0.00,0.00,0.00,Matches,Liga Profesional de Fútbol Argentina,2025
698bbd9a,Gonzalo Siri Payer,ar ARG,GK,21,3,2,225,2.5,0,0,0,0,0,0,1,1,0.00,0.00,0.00,0.00,0.00,Matches,Liga Profesional de Fútbol Argentina,2025
1e26e376,Sergio Romero,ar ARG,GK,37,2,2,180,2.0,0,0,0,0,0,0,0,0,0.00,0.00,0.00,0.00,0.00,Matches,Liga Profesional de Fútbol Argentina,2025
5619c5e8,Claudio Bravo,ar ARG,"MF,DF",27,4,2,126,1.4,0,0,0,0,0,0,1,1,0.00,0.00,0.00,0.00,0.00,Matches,Liga Profesional de Fútbol Argentina,2025
804ffd93,Rubén Bentancourt,uy URU,FW,31,9,1,227,2.5,0,0,0,0,0,0,0,0,0.00,0.00,0.00,0.00,0.00,Matches,Liga Profesional de Fútbol Argentina,2025
f6561288,Román Riquelme,ar ARG,DF,22,5,1,186,2.1,0,1,1,0,0,0,1,0,0.00,0.48,0.48,0.00,0.48,Matches,Liga Profesional de Fútbol Argentina,2025
3fd907f6,Joaquín Gho,ar ARG,MF,21,8,1,181,2.0,0,0,0,0,0,0,0,0,0.00,0.00,0.00,0.00,0.00,Matches,Liga Profesional de Fútbol Argentina,2025
d52da527,Kevin Coronel,ar ARG,DF,20,3,1,121,1.3,0,0,0,0,0,0,0,0,0.00,0.00,0.00,0.00,0.00,Matches,Liga Profesional de Fútbol Argentina,2025
9e809ff4,Gabriel Florentín,ar ARG,MF,25,4,1,82,0.9,1,1,2,1,0,0,0,0,1.10,1.10,2.20,1.10,2.20,Matches,Liga Profesional de Fútbol Argentina,2025
1ebb7c72,Santiago Rodriguez,ar ARG,FW,27,10,0,169,1.9,0,0,0,0,0,0,0,0,0.00,0.00,0.00,0.00,0.00,Matches,Liga Profesional de Fútbol Argentina,2025
595add88,Manuel Brondo,ar ARG,FW,22,4,0,67,0.7,0,0,0,0,0,0,0,0,0.00,0.00,0.00,0.00,0.00,Matches,Liga Profesional de Fútbol Argentina,2025
f088e129,Cristian Ferreira,ar ARG,MF,25,3,0,47,0.5,0,0,0,0,0,0,0,0,0.00,0.00,0.00,0.00,0.00,Matches,Liga Profesional de Fútbol Argentina,2025
2066961b,Lautaro Ovando,ar ARG,FW,21,2,0,40,0.4,0,0,0,0,0,0,0,0,0.00,0.00,0.00,0.00,0.00,Matches,Liga Profesional de Fútbol Argentina,2025
716e7308,Maximiliano Romero,ar ARG,FW,26,2,0,34,0.4,0,0,0,0,0,0,0,0,0.00,0.00,0.00,0.00,0.00,Matches,Liga Profesional de Fútbol Argentina,2025
4ba52080,Ariel Gamarra,py PAR,MF,21,4,0,25,0.3,0,0,0,0,0,0,0,0,0.00,0.00,0.00,0.00,0.00,Matches,Liga Profesional de Fútbol Argentina,2025
3f60effb,Mateo Antoni,uy URU,DF,21,2,0,21,0.2,0,0,0,0,0,0,0,0,0.00,0.00,0.00,0.00,0.00,Matches,Liga Profesional de Fútbol Argentina,2025
78f10ec0,Nicolás Cordero,ar ARG,FW,25,1,0,15,0.2,0,0,0,0,0,0,0,0,0.00,0.00,0.00,0.00,0.00,Matches,Liga Profesional de Fútbol Argentina,2025
2d4f563a,Facundo Carrizo,ar ARG,FW,17,1,0,11,0.1,0,0,0,0,0,0,0,0,0.00,0.00,0.00,0.00,0.00,Matches,Liga Profesional de Fútbol Argentina,2025
eb823875,Joaquín Ardaiz,uy URU,FW,26,1,0,5,0.1,0,0,0,0,0,0,0,0,0.00,0.00,0.00,0.00,0.00,Matches,Liga Profesional de Fútbol Argentina,2025
7ee726b4,Gastón Bouhier,ar ARG,MF,16,1,0,2,0.0,0,0,0,0,0,0,0,0,0.00,0.00,0.00,0.00,0.00,Matches,Liga Profesional de Fútbol Argentina,2025
29c3f9a5,Luis Álvarez,ar ARG,MF,20,0,0,,,,,,,,,,,,,,,,Matches,Liga Profesional de Fútbol Argentina,2025
d9767046,Agustin Mangiaut,ar ARG,GK,20,0,0,,,,,,,,,,,,,,,,Matches,Liga Profesional de Fútbol Argentina,2025
4306d6e8,Luciano Sánchez,ar ARG,DF,31,0,0,,,,,,,,,,,,,,,,Matches,Liga Profesional de Fútbol Argentina,2025
c57cc4aa,Thiago Santamaría,ar ARG,DF,21,0,0,,,,,,,,,,,,,,,,Matches,Liga Profesional de Fútbol Argentina,2025
5ac92536,Thiago Yánez,ar ARG,DF,16,0,0,,,,,,,,,,,,,,,,Matches,Liga Profesional de Fútbol Argentina,2025
2d4eefca,Gastón Martirena,uy URU,"MF,DF",25,25,21,"1,899",21.1,2,4,6,2,0,0,4,0,0.09,0.19,0.28,0.09,0.28,Matches,Liga Profesional de Fútbol Argentina,2025
6c513f98,Adrián Martínez,ar ARG,FW,32,23,21,"1,827",20.3,10,1,11,9,1,1,8,0,0.49,0.05,0.54,0.44,0.49,Matches,Liga Profesional de Fútbol Argentina,2025
8127de9b,Nazareno Colombo,ar ARG,DF,25,23,19,"1,790",19.9,1,1,2,1,0,0,6,0,0.05,0.05,0.10,0.05,0.10,Matches,Liga Profesional de Fútbol Argentina,2025
79ad7358,Gabriel Rojas,ar ARG,"DF,MF",27,21,19,"1,645",18.3,0,3,3,0,0,0,2,0,0.00,0.16,0.16,0.00,0.16,Matches,Liga Profesional de Fútbol Argentina,2025
f080dd22,Santiago Sosa,ar ARG,"DF,MF",25,20,19,"1,637",18.2,0,1,1,0,0,0,6,1,0.00,0.05,0.05,0.00,0.05,Matches,Liga Profesional de Fútbol Argentina,2025
e91c3cc9,Juan Nardoni,ar ARG,MF,22,20,19,"1,577",17.5,1,0,1,1,0,0,5,0,0.06,0.00,0.06,0.06,0.06,Matches,Liga Profesional de Fútbol Argentina,2025
28c96f20,Marco Di Cesare,ar ARG,DF,23,23,18,"1,768",19.6,1,0,1,1,0,0,7,0,0.05,0.00,0.05,0.05,0.05,Matches,Liga Profesional de Fútbol Argentina,2025
9f9cbfca,Gabriel Arias,cl CHI,GK,37,18,18,"1,554",17.3,0,0,0,0,0,0,1,1,0.00,0.00,0.00,0.00,0.00,Matches,Liga Profesional de Fútbol Argentina,2025
1f5f7c6c,Agustín Almendra,ar ARG,MF,24,22,18,"1,276",14.2,0,0,0,0,0,0,4,0,0.00,0.00,0.00,0.00,0.00,Matches,Liga Profesional de Fútbol Argentina,2025
84c478aa,Agustín García Basso,ar ARG,DF,32,17,16,"1,431",15.9,0,2,2,0,0,0,2,0,0.00,0.13,0.13,0.00,0.13,Matches,Liga Profesional de Fútbol Argentina,2025
0a7c2b06,Facundo Cambeses,ar ARG,GK,27,16,14,"1,323",14.7,0,1,1,0,0,0,1,0,0.00,0.07,0.07,0.00,0.07,Matches,Liga Profesional de Fútbol Argentina,2025
5099e15e,Santiago Solari,ar ARG,"MF,FW",27,23,14,"1,187",13.2,4,2,6,4,0,0,5,0,0.30,0.15,0.45,0.30,0.45,Matches,Liga Profesional de Fútbol Argentina,2025
5d16dfc2,Facundo Mura,ar ARG,"DF,MF",25,19,13,"1,151",12.8,2,0,2,2,0,0,4,0,0.16,0.00,0.16,0.16,0.16,Matches,Liga Profesional de Fútbol Argentina,2025
17cddb4d,Bruno Zuculini,ar ARG,MF,31,18,13,"1,076",12.0,3,3,6,3,0,0,6,0,0.25,0.25,0.50,0.25,0.50,Matches,Liga Profesional de Fútbol Argentina,2025
2513a588,Luciano Vietto,ar ARG,"MF,FW",31,17,13,922,10.2,4,3,7,3,1,1,2,0,0.39,0.29,0.68,0.29,0.59,Matches,Liga Profesional de Fútbol Argentina,2025
42cd719c,Adrián Balboa,uy URU,"FW,MF",31,24,12,"1,163",12.9,5,0,5,5,0,0,4,0,0.39,0.00,0.39,0.39,0.39,Matches,Liga Profesional de Fútbol Argentina,2025
c3c12758,Maximiliano Salas,ar ARG,"MF,FW",27,16,12,"1,017",11.3,1,3,4,1,0,0,4,0,0.09,0.27,0.35,0.09,0.35,Matches,Liga Profesional de Fútbol Argentina,2025
7faaf973,Duván Vergara,co COL,"MF,FW",28,15,11,898,10.0,3,0,3,3,0,0,2,0,0.30,0.00,0.30,0.30,0.30,Matches,Liga Profesional de Fútbol Argentina,2025
6d550725,Ignacio Rodríguez,ar ARG,MF,22,20,9,"1,056",11.7,0,0,0,0,0,0,4,0,0.00,0.00,0.00,0.00,0.00,Matches,Liga Profesional de Fútbol Argentina,2025
51bbeea0,Santiago Quiros,ar ARG,DF,21,11,9,770,8.6,0,0,0,0,0,0,0,0,0.00,0.00,0.00,0.00,0.00,Matches,Liga Profesional de Fútbol Argentina,2025
f61143dd,Tomás Conechny,ar ARG,"FW,MF",26,12,6,691,7.7,2,0,2,2,0,0,4,0,0.26,0.00,0.26,0.26,0.26,Matches,Liga Profesional de Fútbol Argentina,2025
803d5265,Federico Zaracho,ar ARG,MF,26,14,5,562,6.2,1,2,3,1,0,0,3,0,0.16,0.32,0.48,0.16,0.48,Matches,Liga Profesional de Fútbol Argentina,2025
de16bb25,Franco Pardo,ar ARG,DF,27,7,5,433,4.8,0,0,0,0,0,0,2,1,0.00,0.00,0.00,0.00,0.00,Matches,Liga Profesional de Fútbol Argentina,2025
2bc8597b,Richard Sánchez,py PAR,MF,28,8,5,431,4.8,0,0,0,0,0,0,0,0,0.00,0.00,0.00,0.00,0.00,Matches,Liga Profesional de Fútbol Argentina,2025
1a0e5cb7,Alan Forneris,ar ARG,MF,20,6,5,395,4.4,0,0,0,0,0,0,1,0,0.00,0.00,0.00,0.00,0.00,Matches,Liga Profesional de Fútbol Argentina,2025
715c684b,Martín Barrios,uy URU,MF,26,18,3,626,7.0,1,0,1,1,0,0,1,0,0.14,0.00,0.14,0.14,0.14,Matches,Liga Profesional de Fútbol Argentina,2025
f07e11d8,Adrián Fernández,ar ARG,"FW,MF",23,14,3,361,4.0,0,2,2,0,0,0,2,0,0.00,0.50,0.50,0.00,0.50,Matches,Liga Profesional de Fútbol Argentina,2025
7b18b6db,Germán Conti,ar ARG,DF,30,4,3,248,2.8,0,0,0,0,0,0,0,0,0.00,0.00,0.00,0.00,0.00,Matches,Liga Profesional de Fútbol Argentina,2025
e0991c04,Marcos Rojo,ar ARG,DF,34,3,3,173,1.9,0,0,0,0,0,0,0,0,0.00,0.00,0.00,0.00,0.00,Matches,Liga Profesional de Fútbol Argentina,2025
24a3ab29,Ramiro Degregorio,ar ARG,"MF,FW",21,9,2,228,2.5,0,0,0,0,0,0,0,0,0.00,0.00,0.00,0.00,0.00,Matches,Liga Profesional de Fútbol Argentina,2025
653a64e0,Elías Torres,ar ARG,"MF,FW",23,7,2,214,2.4,0,0,0,0,0,0,0,0,0.00,0.00,0.00,0.00,0.00,Matches,Liga Profesional de Fútbol Argentina,2025
3ae8029b,Baltasar Rodríguez,ar ARG,MF,21,3,1,96,1.1,0,0,0,0,0,0,2,0,0.00,0.00,0.00,0.00,0.00,Matches,Liga Profesional de Fútbol Argentina,2025
11a91475,Gonzalo Escudero,ar ARG,DF,17,2,1,90,1.0,0,0,0,0,0,0,0,0,0.00,0.00,0.00,0.00,0.00,Matches,Liga Profesional de Fútbol Argentina,2025
9f685883,Gonzalo Reyna,ar ARG,MF,18,2,0,18,0.2,0,0,0,0,0,0,0,0,0.00,0.00,0.00,0.00,0.00,Matches,Liga Profesional de Fútbol Argentina,2025
58bd5ff8,Francisco Fraga,ar ARG,FW,18,0,0,,,,,,,,,,,,,,,,Matches,Liga Profesional de Fútbol Argentina,2025
2f6f8ced,Francisco Gómez,ar ARG,GK,20,0,0,,,,,,,,,,,,,,,,Matches,Liga Profesional de Fútbol Argentina,2025
6e531115,Benjamín González,ar ARG,DF,17,0,0,,,,,,,,,,,,,,,,Matches,Liga Profesional de Fútbol Argentina,2025
e6ee013c,David González,ar ARG,MF,21,0,0,,,,,,,,,,,,,,,,Matches,Liga Profesional de Fútbol Argentina,2025
26f62397,Jhoan Merino,ar ARG,DF,18,0,0,,,,,,,,,,,,,,,,Matches,Liga Profesional de Fútbol Argentina,2025
971af281,Sergio Sánchez,ar ARG,MF,23,0,0,,,,,,,,,,,,,,,,Matches,Liga Profesional de Fútbol Argentina,2025
225e6527,Santino Vera,ar ARG,FW,18,0,0,,,,,,,,,,,,,,,,Matches,Liga Profesional de Fútbol Argentina,2025
2e0ab3f6,Ramiro Vitale,ar ARG,FW,17,0,0,,,,,,,,,,,,,,,,Matches,Liga Profesional de Fútbol Argentina,2025
7a06059a,Galo Volpe,ar ARG,DF,20,0,0,,,,,,,,,,,,,,,,Matches,Liga Profesional de Fútbol Argentina,2025
4b9b1f3a,Guido Herrera,ar ARG,GK,32,31,31,"2,745",30.5,0,0,0,0,0,0,4,0,0.00,0.00,0.00,0.00,0.00,Matches,Liga Profesional de Fútbol Argentina,2025
c52aaba0,Augusto Schott,ar ARG,"DF,MF",25,24,22,"1,997",22.2,4,1,5,4,0,0,4,0,0.18,0.05,0.23,0.18,0.23,Matches,Liga Profesional de Fútbol Argentina,2025
265893e5,Diego Ortegoza,cl CHI,MF,27,27,21,"1,820",20.2,3,1,4,3,0,0,8,1,0.15,0.05,0.20,0.15,0.20,Matches,Liga Profesional de Fútbol Argentina,2025
3fbff39a,Miguel Navarro,ve VEN,"DF,MF",25,24,20,"1,671",18.6,0,1,1,0,0,0,10,3,0.00,0.05,0.05,0.00,0.05,Matches,Liga Profesional de Fútbol Argentina,2025
ea24ce2c,Federico Girotti,ar ARG,FW,25,29,19,"1,762",19.6,1,1,2,1,0,0,3,0,0.05,0.05,0.10,0.05,0.10,Matches,Liga Profesional de Fútbol Argentina,2025
ea26f62e,Matías Galarza,ar ARG,MF,22,23,19,"1,614",17.9,1,0,1,1,0,0,5,0,0.06,0.00,0.06,0.06,0.06,Matches,Liga Profesional de Fútbol Argentina,2025
ad49f7fb,Juan Camilo Portilla,co COL,MF,26,23,19,"1,580",17.6,0,1,1,0,0,0,8,1,0.00,0.06,0.06,0.00,0.06,Matches,Liga Profesional de Fútbol Argentina,2025
d02cb5d7,Valentín Depietri,ar ARG,"MF,FW",24,28,18,"1,663",18.5,4,1,5,4,0,0,7,1,0.22,0.05,0.27,0.22,0.27,Matches,Liga Profesional de Fútbol Argentina,2025
ba6d9ff6,Rick,br BRA,"MF,FW",25,25,18,"1,422",15.8,1,0,1,1,0,0,2,0,0.06,0.00,0.06,0.06,0.06,Matches,Liga Profesional de Fútbol Argentina,2025
b11fd1e7,Rubén Botta,ar ARG,MF,35,23,15,"1,198",13.3,0,3,3,0,0,0,8,0,0.00,0.23,0.23,0.00,0.23,Matches,Liga Profesional de Fútbol Argentina,2025
18da6cc6,Juan Rodríguez,ar ARG,DF,30,16,13,"1,243",13.8,0,1,1,0,0,0,0,0,0.00,0.07,0.07,0.00,0.07,Matches,Liga Profesional de Fútbol Argentina,2025
2f9ae3a1,Juan Portillo,ar ARG,DF,24,13,13,"1,170",13.0,0,0,0,0,0,0,3,0,0.00,0.00,0.00,0.00,0.00,Matches,Liga Profesional de Fútbol Argentina,2025
8c6fe2bf,Santiago Fernández,ar ARG,DF,19,15,13,"1,095",12.2,0,0,0,0,0,0,4,0,0.00,0.00,0.00,0.00,0.00,Matches,Liga Profesional de Fútbol Argentina,2025
8f774c7f,Nahuel Bustos,ar ARG,"FW,MF",26,23,11,"1,002",11.1,1,0,1,1,0,1,4,0,0.09,0.00,0.09,0.09,0.09,Matches,Liga Profesional de Fútbol Argentina,2025
e7eab8e7,Matías Catalán,cl CHI,DF,32,11,11,950,10.6,0,0,0,0,0,0,0,0,0.00,0.00,0.00,0.00,0.00,Matches,Liga Profesional de Fútbol Argentina,2025
adc19df2,Gastón Benavídez,ar ARG,DF,29,11,10,886,9.8,2,1,3,2,0,0,0,0,0.20,0.10,0.30,0.20,0.30,Matches,Liga Profesional de Fútbol Argentina,2025
921f6058,José Luis Palomino,ar ARG,DF,35,10,10,860,9.6,0,0,0,0,0,0,2,0,0.00,0.00,0.00,0.00,0.00,Matches,Liga Profesional de Fútbol Argentina,2025
8e97a57b,Matías Galarza,py PAR,MF,22,13,10,823,9.1,0,0,0,0,0,0,1,0,0.00,0.00,0.00,0.00,0.00,Matches,Liga Profesional de Fútbol Argentina,2025
614b26e3,Emanuel Reynoso,ar ARG,MF,29,20,9,824,9.2,0,1,1,0,0,0,0,0,0.00,0.11,0.11,0.00,0.11,Matches,Liga Profesional de Fútbol Argentina,2025
8032e250,Gabriel Báez,ar ARG,"DF,MF",29,11,9,808,9.0,0,0,0,0,0,0,3,0,0.00,0.00,0.00,0.00,0.00,Matches,Liga Profesional de Fútbol Argentina,2025
87d8b5a3,Blas Riveros,py PAR,"DF,MF",26,12,6,718,8.0,0,1,1,0,0,0,0,0,0.00,0.13,0.13,0.00,0.13,Matches,Liga Profesional de Fútbol Argentina,2025
58754597,Joaquín Mosqueira,ar ARG,MF,20,20,6,632,7.0,0,0,0,0,0,0,2,0,0.00,0.00,0.00,0.00,0.00,Matches,Liga Profesional de Fútbol Argentina,2025
afc7a109,Mateo Caceres,ar ARG,MF,22,9,6,542,6.0,1,0,1,1,0,0,1,0,0.17,0.00,0.17,0.17,0.17,Matches,Liga Profesional de Fútbol Argentina,2025
e4a47bec,Sebastián Palacios,ar ARG,MF,33,11,5,433,4.8,0,0,0,0,0,0,0,0,0.00,0.00,0.00,0.00,0.00,Matches,Liga Profesional de Fútbol Argentina,2025
fe8334f8,Luis Sequeira,ar ARG,MF,22,6,4,333,3.7,1,0,1,1,0,0,0,0,0.27,0.00,0.27,0.27,0.27,Matches,Liga Profesional de Fútbol Argentina,2025
cb1916e0,Rodrigo Guth,br BRA,DF,24,4,4,315,3.5,0,0,0,0,0,0,0,0,0.00,0.00,0.00,0.00,0.00,Matches,Liga Profesional de Fútbol Argentina,2025
88ad94f7,Luis Angulo,co COL,FW,20,11,3,395,4.4,0,2,2,0,0,0,2,0,0.00,0.46,0.46,0.00,0.46,Matches,Liga Profesional de Fútbol Argentina,2025
e5cabba3,Tomás Cardona,ar ARG,DF,29,2,2,180,2.0,0,0,0,0,0,0,1,0,0.00,0.00,0.00,0.00,0.00,Matches,Liga Profesional de Fútbol Argentina,2025
244afd21,Marcos Portillo,ar ARG,MF,25,4,2,166,1.8,0,0,0,0,0,0,2,0,0.00,0.00,0.00,0.00,0.00,Matches,Liga Profesional de Fútbol Argentina,2025
a5ac5b47,Cristian Tarragona,ar ARG,FW,33,13,1,294,3.3,0,0,0,0,0,0,1,0,0.00,0.00,0.00,0.00,0.00,Matches,Liga Profesional de Fútbol Argentina,2025
578cbfc6,Matias Gomez,ar ARG,DF,19,6,1,146,1.6,0,0,0,0,0,0,0,0,0.00,0.00,0.00,0.00,0.00,Matches,Liga Profesional de Fútbol Argentina,2025
24bfa4d8,Javier Burrai,ec ECU,GK,34,2,1,135,1.5,0,0,0,0,0,0,0,0,0.00,0.00,0.00,0.00,0.00,Matches,Liga Profesional de Fútbol Argentina,2025
9e1242da,Ignacio Alastra,ar ARG,FW,17,2,0,50,0.6,0,0,0,0,0,0,0,0,0.00,0.00,0.00,0.00,0.00,Matches,Liga Profesional de Fútbol Argentina,2025
7cdcbfdc,Gustavo Albarracín,ar ARG,MF,18,0,0,,,,,,,,,,,,,,,,Matches,Liga Profesional de Fútbol Argentina,2025
ed30cce2,Lucas Alfonso,ar ARG,FW,18,0,0,,,,,,,,,,,,,,,,Matches,Liga Profesional de Fútbol Argentina,2025
58066a49,Santino Barbi,ar ARG,GK,19,0,0,,,,,,,,,,,,,,,,Matches,Liga Profesional de Fútbol Argentina,2025
4dff9e5a,Giovanni Baroni,ar ARG,MF,16,0,0,,,,,,,,,,,,,,,,Matches,Liga Profesional de Fútbol Argentina,2025
11a865cb,Bruno Barticciotto,cl CHI,"FW,MF",23,0,0,,,,,,,,,,,,,,,,Matches,Liga Profesional de Fútbol Argentina,2025
8d938a21,Timoteo Chamorro,ar ARG,DF,18,0,0,,,,,,,,,,,,,,,,Matches,Liga Profesional de Fútbol Argentina,2025
ce797009,Emiliano Chiavassa,ar ARG,FW,19,0,0,,,,,,,,,,,,,,,,Matches,Liga Profesional de Fútbol Argentina,2025
e7221684,Jeremías Florentín,ar ARG,GK,18,0,0,,,,,,,,,,,,,,,,Matches,Liga Profesional de Fútbol Argentina,2025
a0f37882,Jeremías Gallard,ar ARG,MF,20,0,0,,,,,,,,,,,,,,,,Matches,Liga Profesional de Fútbol Argentina,2025
293d358c,Valentín Gelos,ar ARG,DF,21,0,0,,,,,,,,,,,,,,,,Matches,Liga Profesional de Fútbol Argentina,2025
3c9d192d,Kevin Mantilla,co COL,DF,21,0,0,,,,,,,,,,,,,,,,Matches,Liga Profesional de Fútbol Argentina,2025
26f76d7b,Alejandro Martínez,ar ARG,"FW,MF",27,0,0,,,,,,,,,,,,,,,,Matches,Liga Profesional de Fútbol Argentina,2025
3075d81a,Tomás Olmos,ar ARG,MF,20,0,0,,,,,,,,,,,,,,,,Matches,Liga Profesional de Fútbol Argentina,2025
15d1d277,Santiago Puzzo,py PAR,MF,18,0,0,,,,,,,,,,,,,,,,Matches,Liga Profesional de Fútbol Argentina,2025
55e5e107,Matías Ruiz,ar ARG,DF,21,0,0,,,,,,,,,,,,,,,,Matches,Liga Profesional de Fútbol Argentina,2025
5ce0994c,Joaquín Salas,ar ARG,DF,17,0,0,,,,,,,,,,,,,,,,Matches,Liga Profesional de Fútbol Argentina,2025
a0c1c2b2,Emilio Suárez,ar ARG,DF,20,0,0,,,,,,,,,,,,,,,,Matches,Liga Profesional de Fútbol Argentina,2025
85e0feab,Mateo Del Blanco,ar ARG,"DF,MF",21,31,27,"2,482",27.6,1,5,6,1,0,0,1,0,0.04,0.18,0.22,0.04,0.22,Matches,Liga Profesional de Fútbol Argentina,2025
363fa6bd,Mauro Pittón,ar ARG,MF,30,29,27,"2,272",25.2,2,1,3,2,0,0,4,0,0.08,0.04,0.12,0.08,0.12,Matches,Liga Profesional de Fútbol Argentina,2025
6027a024,Mauricio Martínez,ar ARG,"MF,DF",31,30,25,"2,145",23.8,3,0,3,3,0,0,6,0,0.13,0.00,0.13,0.13,0.13,Matches,Liga Profesional de Fútbol Argentina,2025
24e2e2a6,Lautaro Vargas,ar ARG,DF,19,25,23,"2,074",23.0,0,0,0,0,0,0,5,0,0.00,0.00,0.00,0.00,0.00,Matches,Liga Profesional de Fútbol Argentina,2025
16e54624,Valentín Fascendini,ar ARG,DF,21,21,20,"1,738",19.3,0,0,0,0,0,0,5,0,0.00,0.00,0.00,0.00,0.00,Matches,Liga Profesional de Fútbol Argentina,2025
37dfd961,Julián Palacios,ar ARG,MF,25,29,20,"1,601",17.8,1,3,4,1,0,0,5,0,0.06,0.17,0.22,0.06,0.22,Matches,Liga Profesional de Fútbol Argentina,2025
bafc3bbe,Matías Tagliamonte,ar ARG,GK,26,18,18,"1,620",18.0,0,0,0,0,0,0,3,0,0.00,0.00,0.00,0.00,0.00,Matches,Liga Profesional de Fútbol Argentina,2025
09538c47,Franco Fragapane,ar ARG,MF,31,30,18,"1,549",17.2,1,2,3,1,0,0,3,1,0.06,0.12,0.17,0.06,0.17,Matches,Liga Profesional de Fútbol Argentina,2025
d535f426,Marcelo Estigarribia,ar ARG,FW,29,27,16,"1,601",17.8,5,1,6,5,0,0,2,0,0.28,0.06,0.34,0.28,0.34,Matches,Liga Profesional de Fútbol Argentina,2025
de16bb25,Franco Pardo,ar ARG,DF,27,17,16,"1,412",15.7,0,0,0,0,0,0,2,1,0.00,0.00,0.00,0.00,0.00,Matches,Liga Profesional de Fútbol Argentina,2025
a5ac5b47,Cristian Tarragona,ar ARG,FW,33,16,15,"1,145",12.7,4,2,6,3,1,1,2,0,0.31,0.16,0.47,0.24,0.39,Matches,Liga Profesional de Fútbol Argentina,2025
ca252a8a,Lucas Gamba,ar ARG,FW,37,28,14,"1,412",15.7,4,2,6,4,0,0,2,0,0.25,0.13,0.38,0.25,0.38,Matches,Liga Profesional de Fútbol Argentina,2025
d99c8e00,Thiago Cardozo,uy URU,GK,28,14,14,"1,256",14.0,0,0,0,0,0,0,0,1,0.00,0.00,0.00,0.00,0.00,Matches,Liga Profesional de Fútbol Argentina,2025
8cd70adc,Claudio Corvalán,ar ARG,DF,35,14,12,"1,005",11.2,0,0,0,0,0,0,5,0,0.00,0.00,0.00,0.00,0.00,Matches,Liga Profesional de Fútbol Argentina,2025
60b81c1b,Maizon Rodríguez,uy URU,DF,21,11,11,990,11.0,0,0,0,0,0,0,2,0,0.00,0.00,0.00,0.00,0.00,Matches,Liga Profesional de Fútbol Argentina,2025
d12f8940,Rafael Profini,ar ARG,MF,21,17,10,871,9.7,0,1,1,0,0,0,5,0,0.00,0.10,0.10,0.00,0.10,Matches,Liga Profesional de Fútbol Argentina,2025
89fd5410,Agustín Colazo,ar ARG,FW,24,20,9,865,9.6,3,1,4,3,0,0,4,0,0.31,0.10,0.42,0.31,0.42,Matches,Liga Profesional de Fútbol Argentina,2025
300753b4,Ezequiel Ham,sy SYR,MF,30,15,9,799,8.9,1,1,2,1,0,0,1,0,0.11,0.11,0.23,0.11,0.23,Matches,Liga Profesional de Fútbol Argentina,2025
70e92629,Francisco Gerometta,ar ARG,DF,25,9,8,688,7.6,0,0,0,0,0,0,0,0,0.00,0.00,0.00,0.00,0.00,Matches,Liga Profesional de Fútbol Argentina,2025
25da3c90,Jerónimo Domina,ar ARG,FW,19,12,8,655,7.3,0,1,1,0,0,0,3,0,0.00,0.14,0.14,0.00,0.14,Matches,Liga Profesional de Fútbol Argentina,2025
e6ff541d,Bruno Pittón,ar ARG,DF,31,10,8,620,6.9,0,0,0,0,0,0,2,0,0.00,0.00,0.00,0.00,0.00,Matches,Liga Profesional de Fútbol Argentina,2025
6bee1610,Juan Ludueña,ar ARG,DF,21,9,7,669,7.4,0,0,0,0,0,0,1,0,0.00,0.00,0.00,0.00,0.00,Matches,Liga Profesional de Fútbol Argentina,2025
0af517c2,Nicolás Paz,ar ARG,DF,22,12,7,398,4.4,0,0,0,0,0,0,1,0,0.00,0.00,0.00,0.00,0.00,Matches,Liga Profesional de Fútbol Argentina,2025
b62ca703,Nicolás Palavecino,ar ARG,MF,21,10,4,403,4.5,0,0,0,0,0,0,2,0,0.00,0.00,0.00,0.00,0.00,Matches,Liga Profesional de Fútbol Argentina,2025
5be69b74,Lionel Verde,ar ARG,MF,20,14,3,470,5.2,2,0,2,2,0,0,0,0,0.38,0.00,0.38,0.38,0.38,Matches,Liga Profesional de Fútbol Argentina,2025
3ca6106c,Augusto Solari,ar ARG,MF,33,12,2,405,4.5,1,0,1,1,0,0,1,0,0.22,0.00,0.22,0.22,0.22,Matches,Liga Profesional de Fútbol Argentina,2025
a7d668f3,Emiliano Álvarez,uy URU,DF,23,6,1,151,1.7,0,0,0,0,0,0,0,0,0.00,0.00,0.00,0.00,0.00,Matches,Liga Profesional de Fútbol Argentina,2025
b3b92d75,Diego Díaz,ar ARG,FW,23,13,0,188,2.1,1,0,1,1,0,0,0,0,0.48,0.00,0.48,0.48,0.48,Matches,Liga Profesional de Fútbol Argentina,2025
5e4e7cca,José Enrique Angulo,ec ECU,FW,29,2,0,57,0.6,0,0,0,0,0,0,0,0,0.00,0.00,0.00,0.00,0.00,Matches,Liga Profesional de Fútbol Argentina,2025
f53eb86a,Ezequiel Cañete,ar ARG,MF,25,2,0,46,0.5,0,0,0,0,0,0,0,0,0.00,0.00,0.00,0.00,0.00,Matches,Liga Profesional de Fútbol Argentina,2025
d62bf368,Santiago Grella,ar ARG,MF,19,1,0,35,0.4,0,0,0,0,0,0,0,0,0.00,0.00,0.00,0.00,0.00,Matches,Liga Profesional de Fútbol Argentina,2025
bbef1106,Misael Aguirre,ar ARG,FW,17,0,0,,,,,,,,,,,,,,,,Matches,Liga Profesional de Fútbol Argentina,2025
cb5e158d,Gaston Arturia,ar ARG,DF,25,0,0,,,,,,,,,,,,,,,,Matches,Liga Profesional de Fútbol Argentina,2025
e05a69f2,Fernando Díaz,py PAR,DF,23,0,0,,,,,,,,,,,,,,,,Matches,Liga Profesional de Fútbol Argentina,2025
a7245aa0,Durso,ar ARG,GK,25,0,0,,,,,,,,,,,,,,,,Matches,Liga Profesional de Fútbol Argentina,2025
1817c289,Emiliano Giannunzio,ar ARG,MF,43,0,0,,,,,,,,,,,,,,,,Matches,Liga Profesional de Fútbol Argentina,2025
160aac38,Lucas Meuli,ar ARG,GK,23,0,0,,,,,,,,,,,,,,,,Matches,Liga Profesional de Fútbol Argentina,2025
9188b4b3,Francisco Pumpido,mx MEX,MF,20,0,0,,,,,,,,,,,,,,,,Matches,Liga Profesional de Fútbol Argentina,2025
e89e6f1b,Mateo Raschia,ar ARG,MF,19,0,0,,,,,,,,,,,,,,,,Matches,Liga Profesional de Fútbol Argentina,2025
55d7093b,Cristian Paz,ar ARG,DF,29,32,32,"2,880",32.0,1,0,1,1,0,0,7,0,0.03,0.00,0.03,0.03,0.03,Matches,Liga Profesional de Fútbol Argentina,2025
707fcc63,Ignacio Arce,ar ARG,GK,32,31,31,"2,790",31.0,0,0,0,0,0,0,3,0,0.00,0.00,0.00,0.00,0.00,Matches,Liga Profesional de Fútbol Argentina,2025
2f6ff462,Jonathan Herrera,ar ARG,FW,33,30,29,"2,357",26.2,10,2,12,8,2,3,2,0,0.38,0.08,0.46,0.31,0.38,Matches,Liga Profesional de Fútbol Argentina,2025
e7815a02,Nicolás Sansotre,ar ARG,"DF,MF",31,28,28,"2,464",27.4,1,3,4,1,0,0,3,0,0.04,0.11,0.15,0.04,0.15,Matches,Liga Profesional de Fútbol Argentina,2025
92a6cccf,Milton Céliz,ar ARG,MF,32,28,27,"2,400",26.7,3,0,3,3,0,1,11,0,0.11,0.00,0.11,0.11,0.11,Matches,Liga Profesional de Fútbol Argentina,2025
ee2bdcb7,Facundo Miño,ar ARG,DF,25,25,23,"1,970",21.9,0,0,0,0,0,0,10,1,0.00,0.00,0.00,0.00,0.00,Matches,Liga Profesional de Fútbol Argentina,2025
d96469f1,Antony Alonso,ar ARG,"MF,FW",26,30,23,"1,661",18.5,5,1,6,5,0,0,1,0,0.27,0.05,0.33,0.27,0.33,Matches,Liga Profesional de Fútbol Argentina,2025
edbdf494,Jonatan Goitía,ar ARG,"MF,DF",30,30,21,"2,085",23.2,2,2,4,2,0,0,5,0,0.09,0.09,0.17,0.09,0.17,Matches,Liga Profesional de Fútbol Argentina,2025
6cc0a227,Pedro Ramírez,ar ARG,"DF,MF",24,26,21,"1,862",20.7,1,1,2,1,0,0,9,1,0.05,0.05,0.10,0.05,0.10,Matches,Liga Profesional de Fútbol Argentina,2025
37077a8b,Pablo Monje,ar ARG,MF,27,20,17,"1,417",15.7,0,4,4,0,0,0,2,0,0.00,0.25,0.25,0.00,0.25,Matches,Liga Profesional de Fútbol Argentina,2025
4032a5b0,Alexander Díaz,ar ARG,"FW,MF",24,28,15,"1,460",16.2,2,5,7,2,0,0,3,0,0.12,0.31,0.43,0.12,0.43,Matches,Liga Profesional de Fútbol Argentina,2025
b7b1dea7,Nicolás Benegas,ar ARG,FW,28,31,13,"1,283",14.3,3,2,5,3,0,0,6,0,0.21,0.14,0.35,0.21,0.35,Matches,Liga Profesional de Fútbol Argentina,2025
0e8cbfc4,Miguel Barbieri,ar ARG,DF,31,11,10,835,9.3,0,0,0,0,0,0,4,0,0.00,0.00,0.00,0.00,0.00,Matches,Liga Profesional de Fútbol Argentina,2025
6108df6f,Juan Randazzo,ar ARG,DF,30,17,9,891,9.9,1,0,1,1,0,0,3,0,0.10,0.00,0.10,0.10,0.10,Matches,Liga Profesional de Fútbol Argentina,2025
c4789f7e,Nicolás Caro,ar ARG,DF,29,10,9,827,9.2,0,0,0,0,0,0,1,0,0.00,0.00,0.00,0.00,0.00,Matches,Liga Profesional de Fútbol Argentina,2025
ab84ccab,Rodrigo Gallo,ar ARG,DF,24,11,9,759,8.4,0,1,1,0,0,0,5,0,0.00,0.12,0.12,0.00,0.12,Matches,Liga Profesional de Fútbol Argentina,2025
9687232d,Mariano Bracamonte,ar ARG,"DF,MF",25,17,8,769,8.5,0,0,0,0,0,0,5,1,0.00,0.00,0.00,0.00,0.00,Matches,Liga Profesional de Fútbol Argentina,2025
f14e5e1f,Brían Sánchez,ar ARG,MF,31,11,5,494,5.5,0,0,0,0,0,0,2,0,0.00,0.00,0.00,0.00,0.00,Matches,Liga Profesional de Fútbol Argentina,2025
bb2ffda5,Rodrigo Sayavedra,ar ARG,"DF,MF",29,11,5,465,5.2,0,0,0,0,0,0,3,0,0.00,0.00,0.00,0.00,0.00,Matches,Liga Profesional de Fútbol Argentina,2025
17390286,Mario Sanabria,ar ARG,MF,22,10,4,394,4.4,0,1,1,0,0,0,2,0,0.00,0.23,0.23,0.00,0.23,Matches,Liga Profesional de Fútbol Argentina,2025
3eaf851f,Mateo Ramírez,ar ARG,MF,30,12,3,295,3.3,0,0,0,0,0,0,2,0,0.00,0.00,0.00,0.00,0.00,Matches,Liga Profesional de Fútbol Argentina,2025
53fe0ddc,Eric Joel Tovo,ar ARG,DF,32,4,3,199,2.2,0,0,0,0,0,0,0,0,0.00,0.00,0.00,0.00,0.00,Matches,Liga Profesional de Fútbol Argentina,2025
1e9ff026,Leonardo Landriel,ar ARG,MF,28,3,3,135,1.5,0,0,0,0,0,0,0,0,0.00,0.00,0.00,0.00,0.00,Matches,Liga Profesional de Fútbol Argentina,2025
154e6469,Braian Guille,ar ARG,MF,27,6,1,143,1.6,1,0,1,1,0,0,2,0,0.63,0.00,0.63,0.63,0.63,Matches,Liga Profesional de Fútbol Argentina,2025
85b317de,Gonzalo Bravo,ar ARG,FW,34,4,1,128,1.4,0,0,0,0,0,0,0,0,0.00,0.00,0.00,0.00,0.00,Matches,Liga Profesional de Fútbol Argentina,2025
ae7a6b25,Nahuel Manganelli,ar ARG,GK,23,1,1,90,1.0,0,0,0,0,0,0,1,0,0.00,0.00,0.00,0.00,0.00,Matches,Liga Profesional de Fútbol Argentina,2025
c8aea686,Gustavo Fernández,ar ARG,FW,34,2,1,74,0.8,0,0,0,0,0,0,1,0,0.00,0.00,0.00,0.00,0.00,Matches,Liga Profesional de Fútbol Argentina,2025
2ce68c10,Gabriel Obredor,ar ARG,MF,28,18,0,369,4.1,2,0,2,2,0,0,2,0,0.49,0.00,0.49,0.49,0.49,Matches,Liga Profesional de Fútbol Argentina,2025
a3c1429a,Franco Fagundez,uy URU,MF,26,1,0,34,0.4,0,0,0,0,0,0,0,0,0.00,0.00,0.00,0.00,0.00,Matches,Liga Profesional de Fútbol Argentina,2025
dff8d979,Santiago Vera,ar ARG,MF,26,3,0,22,0.2,0,0,0,0,0,0,0,0,0.00,0.00,0.00,0.00,0.00,Matches,Liga Profesional de Fútbol Argentina,2025
79c14d94,Carlos Gugenheim,ar ARG,MF,20,1,0,13,0.1,0,0,0,0,0,0,0,0,0.00,0.00,0.00,0.00,0.00,Matches,Liga Profesional de Fútbol Argentina,2025
54892f1a,Ramón Gonzalez,ar ARG,FW,22,2,0,12,0.1,0,0,0,0,0,0,1,0,0.00,0.00,0.00,0.00,0.00,Matches,Liga Profesional de Fútbol Argentina,2025
80620663,Yaison Murillo,co COL,DF,31,1,0,12,0.1,0,0,0,0,0,0,0,0,0.00,0.00,0.00,0.00,0.00,Matches,Liga Profesional de Fútbol Argentina,2025
8b5960a1,Sergio Ortíz,ar ARG,MF,23,1,0,8,0.1,0,0,0,0,0,0,0,0,0.00,0.00,0.00,0.00,0.00,Matches,Liga Profesional de Fútbol Argentina,2025
d446b144,Ángel Stringa,ar ARG,FW,28,1,0,4,0.0,0,0,0,0,0,0,0,0,0.00,0.00,0.00,0.00,0.00,Matches,Liga Profesional de Fútbol Argentina,2025
824b2a96,Juan Carlos Rolón,ar ARG,GK,22,0,0,,,,,,,,,,,,,,,,Matches,Liga Profesional de Fútbol Argentina,2025
737ca0da,Nehuen Montoya,ar ARG,DF,26,0,0,,,,,,,,,,,,,,,,Matches,Liga Profesional de Fútbol Argentina,2025
3e9b30a0,Elian Muñoz,ar ARG,MF,24,0,0,,,,,,,,,,,,,,,,Matches,Liga Profesional de Fútbol Argentina,2025
e87e9c52,Mauro Smarra Vargas,ar ARG,FW,25,0,0,,,,,,,,,,,,,,,,Matches,Liga Profesional de Fútbol Argentina,2025
6d3f6a31,Tiago Palacios,uy URU,"MF,FW",23,30,29,"2,188",24.3,3,3,6,3,0,0,4,0,0.12,0.12,0.25,0.12,0.25,Matches,Liga Profesional de Fútbol Argentina,2025
e26fcca3,Santiago Ascacíbar,ar ARG,MF,27,29,28,"2,443",27.1,3,3,6,3,0,0,11,0,0.11,0.11,0.22,0.11,0.22,Matches,Liga Profesional de Fútbol Argentina,2025
759d8dd7,Santiago Arzamendia,py PAR,DF,26,26,23,"2,078",23.1,2,0,2,2,0,0,9,1,0.09,0.00,0.09,0.09,0.09,Matches,Liga Profesional de Fútbol Argentina,2025
da0fc816,Santiago Núñez,ar ARG,DF,24,25,21,"2,028",22.5,1,0,1,1,0,0,11,0,0.04,0.00,0.04,0.04,0.04,Matches,Liga Profesional de Fútbol Argentina,2025
5a0d551b,Cristian Medina,ar ARG,MF,22,26,20,"1,701",18.9,0,1,1,0,0,0,7,0,0.00,0.05,0.05,0.00,0.05,Matches,Liga Profesional de Fútbol Argentina,2025
ed020f1e,Facundo Rodríguez,ar ARG,DF,24,23,18,"1,660",18.4,1,0,1,1,0,0,5,0,0.05,0.00,0.05,0.05,0.05,Matches,Liga Profesional de Fútbol Argentina,2025
8f898ba8,Guido Carrillo,ar ARG,FW,33,26,18,"1,653",18.4,3,2,5,3,0,0,2,2,0.16,0.11,0.27,0.16,0.27,Matches,Liga Profesional de Fútbol Argentina,2025
47171e2c,Eric Meza,ar ARG,DF,25,22,17,"1,535",17.1,1,1,2,1,0,0,6,0,0.06,0.06,0.12,0.06,0.12,Matches,Liga Profesional de Fútbol Argentina,2025
30c0c914,Matías Mansilla,ar ARG,GK,28,16,16,"1,440",16.0,0,0,0,0,0,0,2,0,0.00,0.00,0.00,0.00,0.00,Matches,Liga Profesional de Fútbol Argentina,2025
a2abe631,Fernando Muslera,uy URU,GK,38,15,15,"1,350",15.0,0,0,0,0,0,0,1,0,0.00,0.00,0.00,0.00,0.00,Matches,Liga Profesional de Fútbol Argentina,2025
68084f40,Román Gómez,ar ARG,DF,20,17,14,"1,214",13.5,1,0,1,1,0,0,2,0,0.07,0.00,0.07,0.07,0.07,Matches,Liga Profesional de Fútbol Argentina,2025
2a03fb5f,Gabriel Neves,uy URU,MF,27,18,13,"1,173",13.0,2,1,3,2,0,0,2,1,0.15,0.08,0.23,0.15,0.23,Matches,Liga Profesional de Fútbol Argentina,2025
08576297,Sebastián Boselli,uy URU,DF,21,13,11,"1,044",11.6,0,0,0,0,0,0,3,0,0.00,0.00,0.00,0.00,0.00,Matches,Liga Profesional de Fútbol Argentina,2025
834d0be5,Lucas Alario,ar ARG,FW,32,19,11,938,10.4,1,0,1,0,1,1,2,0,0.10,0.00,0.10,0.00,0.00,Matches,Liga Profesional de Fútbol Argentina,2025
94e40a9f,Alexis Castro,ar ARG,MF,30,18,11,851,9.5,2,0,2,2,0,0,2,1,0.21,0.00,0.21,0.21,0.21,Matches,Liga Profesional de Fútbol Argentina,2025
1eecc0c6,José Sosa,ar ARG,MF,39,21,11,823,9.1,1,0,1,1,0,0,1,0,0.11,0.00,0.11,0.11,0.11,Matches,Liga Profesional de Fútbol Argentina,2025
9e81aaf7,Edwuin Cetré,co COL,"MF,FW",27,28,10,"1,253",13.9,4,3,7,3,1,1,5,0,0.29,0.22,0.50,0.22,0.43,Matches,Liga Profesional de Fútbol Argentina,2025
58a19703,Gastón Benedetti,ar ARG,DF,23,14,9,768,8.5,0,3,3,0,0,0,6,2,0.00,0.35,0.35,0.00,0.35,Matches,Liga Profesional de Fútbol Argentina,2025
95cf8804,Mikel Amondarain,ar ARG,MF,20,11,9,681,7.6,0,0,0,0,0,0,0,0,0.00,0.00,0.00,0.00,0.00,Matches,Liga Profesional de Fútbol Argentina,2025
27517ef6,Lucas Piovi,ar ARG,MF,32,14,8,762,8.5,0,0,0,0,0,0,3,0,0.00,0.00,0.00,0.00,0.00,Matches,Liga Profesional de Fútbol Argentina,2025
5ba1112c,Leandro González Pirez,ar ARG,DF,32,8,8,647,7.2,2,0,2,2,0,0,1,0,0.28,0.00,0.28,0.28,0.28,Matches,Liga Profesional de Fútbol Argentina,2025
89cbc961,Ramiro Funes Mori,ar ARG,DF,33,8,7,525,5.8,0,0,0,0,0,0,3,0,0.00,0.00,0.00,0.00,0.00,Matches,Liga Profesional de Fútbol Argentina,2025
e8a7b528,Joaquín Burgos,ar ARG,"MF,FW",20,13,6,530,5.9,3,1,4,3,0,0,1,0,0.51,0.17,0.68,0.51,0.68,Matches,Liga Profesional de Fútbol Argentina,2025
ebdd4e9f,Fabricio Pérez,ar ARG,"MF,FW",19,12,6,474,5.3,1,1,2,1,0,0,1,0,0.19,0.19,0.38,0.19,0.38,Matches,Liga Profesional de Fútbol Argentina,2025
8863ae75,Facundo Farías,ar ARG,"FW,MF",22,20,5,643,7.1,0,2,2,0,0,0,4,0,0.00,0.28,0.28,0.00,0.28,Matches,Liga Profesional de Fútbol Argentina,2025
6e159787,Alexis Manyoma,co COL,MF,22,11,2,375,4.2,0,0,0,0,0,0,1,0,0.00,0.00,0.00,0.00,0.00,Matches,Liga Profesional de Fútbol Argentina,2025
412f2985,Bautista Kociubinski,ar ARG,MF,23,5,2,184,2.0,0,0,0,0,0,0,1,0,0.00,0.00,0.00,0.00,0.00,Matches,Liga Profesional de Fútbol Argentina,2025
74d84a14,Luciano Giménez,ar ARG,FW,24,8,1,209,2.3,2,0,2,2,0,0,0,0,0.86,0.00,0.86,0.86,0.86,Matches,Liga Profesional de Fútbol Argentina,2025
f9e5a9cb,Máximo Desábato,ar ARG,DF,19,1,1,90,1.0,0,0,0,0,0,0,0,0,0.00,0.00,0.00,0.00,0.00,Matches,Liga Profesional de Fútbol Argentina,2025
bf6410b8,Fabricio Iacovich,ar ARG,GK,23,1,1,90,1.0,0,0,0,0,0,0,0,0,0.00,0.00,0.00,0.00,0.00,Matches,Liga Profesional de Fútbol Argentina,2025
8ef18ec1,Matías Magdaleno,ar ARG,DF,17,1,1,90,1.0,0,0,0,0,0,0,0,0,0.00,0.00,0.00,0.00,0.00,Matches,Liga Profesional de Fútbol Argentina,2025
25c72b36,Leonardo Suárez,ar ARG,"FW,MF",28,2,0,73,0.8,0,0,0,0,0,0,0,0,0.00,0.00,0.00,0.00,0.00,Matches,Liga Profesional de Fútbol Argentina,2025
44d74acd,Lucas Cornejo,ar ARG,MF,19,1,0,22,0.2,0,0,0,0,0,0,0,0,0.00,0.00,0.00,0.00,0.00,Matches,Liga Profesional de Fútbol Argentina,2025
efff0133,Franco Dominguez,,FW,,1,0,21,0.2,0,0,0,0,0,0,0,0,0.00,0.00,0.00,0.00,0.00,Matches,Liga Profesional de Fútbol Argentina,2025
e1494da2,Rodrigo Borzone,ar ARG,GK,20,0,0,,,,,,,,,,,,,,,,Matches,Liga Profesional de Fútbol Argentina,2025
c2105ec3,Emanuel Dall'Aglio,ar ARG,DF,19,0,0,,,,,,,,,,,,,,,,Matches,Liga Profesional de Fútbol Argentina,2025
0bc82a15,Galo Galarza,ar ARG,MF,20,0,0,,,,,,,,,,,,,,,,Matches,Liga Profesional de Fútbol Argentina,2025
12e579fa,Mauro Méndez,uy URU,FW,26,0,0,,,,,,,,,,,,,,,,Matches,Liga Profesional de Fútbol Argentina,2025
c03bfffd,Joaquín Pereyra,ar ARG,DF,19,0,0,,,,,,,,,,,,,,,,Matches,Liga Profesional de Fútbol Argentina,2025
50190225,Valente Pierani,ar ARG,DF,18,0,0,,,,,,,,,,,,,,,,Matches,Liga Profesional de Fútbol Argentina,2025
15bf7de8,Dardo Miloc,ar ARG,MF,34,31,31,"2,464",27.4,0,0,0,0,0,0,7,0,0.00,0.00,0.00,0.00,0.00,Matches,Liga Profesional de Fútbol Argentina,2025
97232163,Marcos Ignacio Ledesma,ar ARG,GK,28,29,29,"2,610",29.0,0,0,0,0,0,0,2,0,0.00,0.00,0.00,0.00,0.00,Matches,Liga Profesional de Fútbol Argentina,2025
094c0621,Rodrigo Insúa,ar ARG,"DF,MF",27,29,29,"2,610",29.0,5,4,9,1,4,4,9,0,0.17,0.14,0.31,0.03,0.17,Matches,Liga Profesional de Fútbol Argentina,2025
1e594292,Iván Tapia,ar ARG,MF,26,29,29,"1,942",21.6,2,2,4,1,1,3,6,1,0.09,0.09,0.19,0.05,0.14,Matches,Liga Profesional de Fútbol Argentina,2025
328cb061,Nicolás Demartini,ar ARG,DF,25,26,25,"2,285",25.4,0,0,0,0,0,0,9,0,0.00,0.00,0.00,0.00,0.00,Matches,Liga Profesional de Fútbol Argentina,2025
879d015a,Kevin Jappert,ar ARG,DF,20,26,25,"2,271",25.2,3,0,3,3,0,0,3,0,0.12,0.00,0.12,0.12,0.12,Matches,Liga Profesional de Fútbol Argentina,2025
162012b6,Javier Ruiz,ar ARG,"MF,FW",20,27,25,"2,027",22.5,3,6,9,3,0,0,3,0,0.13,0.27,0.40,0.13,0.40,Matches,Liga Profesional de Fútbol Argentina,2025
4958ceac,Fernando Tobio,ar ARG,DF,35,23,23,"2,064",22.9,1,0,1,1,0,0,8,0,0.04,0.00,0.04,0.04,0.04,Matches,Liga Profesional de Fútbol Argentina,2025
b75a1b03,Yonatthan Rak,uy URU,DF,31,20,19,"1,680",18.7,0,2,2,0,0,0,2,0,0.00,0.11,0.11,0.00,0.11,Matches,Liga Profesional de Fútbol Argentina,2025
a62813d2,Jhonatan Candia,uy URU,"FW,MF",29,26,19,"1,602",17.8,9,2,11,9,0,0,9,0,0.51,0.11,0.62,0.51,0.62,Matches,Liga Profesional de Fútbol Argentina,2025
16f7625e,Rafael Barrios,ar ARG,"DF,MF",31,25,17,"1,538",17.1,0,0,0,0,0,0,9,0,0.00,0.00,0.00,0.00,0.00,Matches,Liga Profesional de Fútbol Argentina,2025
8d7881e1,Facundo Bruera,ar ARG,FW,26,31,16,"1,727",19.2,10,5,15,10,0,0,8,0,0.52,0.26,0.78,0.52,0.78,Matches,Liga Profesional de Fútbol Argentina,2025
d04ee029,Facundo Mater,sy SYR,"MF,DF",26,19,15,"1,283",14.3,0,1,1,0,0,0,5,0,0.00,0.07,0.07,0.00,0.07,Matches,Liga Profesional de Fútbol Argentina,2025
125e771a,Gonzalo Morales,ar ARG,"FW,MF",21,24,12,"1,075",11.9,3,1,4,3,0,0,2,0,0.25,0.08,0.33,0.25,0.33,Matches,Liga Profesional de Fútbol Argentina,2025
b2fabf7e,Nahuel Barrios,ar ARG,"MF,FW",26,20,10,792,8.8,0,0,0,0,0,0,1,0,0.00,0.00,0.00,0.00,0.00,Matches,Liga Profesional de Fútbol Argentina,2025
be50f4be,Manuel Agustín Duarte,ar ARG,"MF,FW",23,16,8,646,7.2,1,0,1,1,0,0,2,0,0.14,0.00,0.14,0.14,0.14,Matches,Liga Profesional de Fútbol Argentina,2025
23f646f1,Siro Rosane,ar ARG,MF,24,27,5,"1,252",13.9,0,3,3,0,0,0,4,0,0.00,0.22,0.22,0.00,0.22,Matches,Liga Profesional de Fútbol Argentina,2025
77c42172,Tomás Porra,ar ARG,"MF,DF",21,24,5,716,8.0,0,1,1,0,0,0,0,0,0.00,0.13,0.13,0.00,0.13,Matches,Liga Profesional de Fútbol Argentina,2025
d64d46e4,Nicolás Capraro,ar ARG,DF,26,8,5,404,4.5,0,0,0,0,0,0,0,0,0.00,0.00,0.00,0.00,0.00,Matches,Liga Profesional de Fútbol Argentina,2025
3372ab71,Marcelo Miño,ar ARG,GK,27,3,3,270,3.0,0,0,0,0,0,0,0,0,0.00,0.00,0.00,0.00,0.00,Matches,Liga Profesional de Fútbol Argentina,2025
c4b560e4,Ignacio Tapia,ar ARG,MF,20,7,1,225,2.5,1,0,1,1,0,0,1,0,0.40,0.00,0.40,0.40,0.40,Matches,Liga Profesional de Fútbol Argentina,2025
f66eb198,Dylan Glaby,ar ARG,MF,28,1,1,58,0.6,0,0,0,0,0,0,0,0,0.00,0.00,0.00,0.00,0.00,Matches,Liga Profesional de Fútbol Argentina,2025
75c06d00,Iván Guaraz,ar ARG,FW,19,2,0,32,0.4,0,0,0,0,0,0,0,0,0.00,0.00,0.00,0.00,0.00,Matches,Liga Profesional de Fútbol Argentina,2025
e1dac904,Maximiliano Puig,ar ARG,MF,24,2,0,24,0.3,0,0,0,0,0,0,0,0,0.00,0.00,0.00,0.00,0.00,Matches,Liga Profesional de Fútbol Argentina,2025
b4519dd4,Nicolás Blandi,ar ARG,FW,35,1,0,6,0.1,0,0,0,0,0,0,0,0,0.00,0.00,0.00,0.00,0.00,Matches,Liga Profesional de Fútbol Argentina,2025
c6911bc2,Mateo Coronel,gr GRE,MF,19,0,0,,,,,,,,,,,,,,,,Matches,Liga Profesional de Fútbol Argentina,2025
f2f3d87c,Valentino Gandín,ar ARG,FW,17,0,0,,,,,,,,,,,,,,,,Matches,Liga Profesional de Fútbol Argentina,2025
2b1afba8,Juan Insúa,ar ARG,GK,20,0,0,,,,,,,,,,,,,,,,Matches,Liga Profesional de Fútbol Argentina,2025
6b002771,Alex Juárez,ar ARG,MF,20,0,0,,,,,,,,,,,,,,,,Matches,Liga Profesional de Fútbol Argentina,2025
dce99550,Thiago Perugini,,FW,,0,0,,,,,,,,,,,,,,,,Matches,Liga Profesional de Fútbol Argentina,2025
06ba9f33,Fausto Pianovi,ar ARG,FW,18,0,0,,,,,,,,,,,,,,,,Matches,Liga Profesional de Fútbol Argentina,2025
fcfdbffe,Alejo Montero,ar ARG,"DF,MF",26,28,26,"2,325",25.8,0,0,0,0,0,0,8,0,0.00,0.00,0.00,0.00,0.00,Matches,Liga Profesional de Fútbol Argentina,2025
fa937f7a,Éver Banega,ar ARG,MF,36,29,25,"2,287",25.4,3,5,8,3,0,1,10,1,0.12,0.20,0.31,0.12,0.31,Matches,Liga Profesional de Fútbol Argentina,2025
39fb428f,Víctor Cuesta,ar ARG,DF,36,25,25,"2,242",24.9,2,0,2,2,0,0,9,0,0.08,0.00,0.08,0.08,0.08,Matches,Liga Profesional de Fútbol Argentina,2025
5c059b5d,Carlos González Espínola,py PAR,FW,31,26,22,"2,012",22.4,4,2,6,4,0,0,0,0,0.18,0.09,0.27,0.18,0.27,Matches,Liga Profesional de Fútbol Argentina,2025
6ed8d841,Luciano Lollo,ar ARG,DF,37,23,22,"1,875",20.8,3,0,3,3,0,0,5,2,0.14,0.00,0.14,0.14,0.14,Matches,Liga Profesional de Fútbol Argentina,2025
e3ec96c1,Luciano Ramón Herrera,ar ARG,"MF,FW",28,26,22,"1,675",18.6,5,2,7,5,0,0,5,0,0.27,0.11,0.38,0.27,0.38,Matches,Liga Profesional de Fútbol Argentina,2025
e01ca8f4,Gonzalo Maroni,ar ARG,MF,25,27,21,"1,667",18.5,2,3,5,2,0,0,7,1,0.11,0.16,0.27,0.11,0.27,Matches,Liga Profesional de Fútbol Argentina,2025
101b4b71,Luca Regiardo,ar ARG,MF,18,21,17,"1,431",15.9,0,0,0,0,0,0,8,1,0.00,0.00,0.00,0.00,0.00,Matches,Liga Profesional de Fútbol Argentina,2025
6d8fe94c,Saúl Salcedo,py PAR,DF,27,20,16,"1,427",15.9,0,0,0,0,0,0,2,0,0.00,0.00,0.00,0.00,0.00,Matches,Liga Profesional de Fútbol Argentina,2025
12a2d3e0,Mateo Silvetti,ar ARG,"MF,FW",19,15,15,"1,090",12.1,2,1,3,2,0,0,1,0,0.17,0.08,0.25,0.17,0.25,Matches,Liga Profesional de Fútbol Argentina,2025
ecada4fc,Keylor Navas,cr CRC,GK,38,14,14,"1,260",14.0,0,0,0,0,0,0,1,0,0.00,0.00,0.00,0.00,0.00,Matches,Liga Profesional de Fútbol Argentina,2025
93649708,Juan Espínola,py PAR,GK,30,12,12,"1,080",12.0,0,0,0,0,0,0,2,0,0.00,0.00,0.00,0.00,0.00,Matches,Liga Profesional de Fútbol Argentina,2025
3264fa21,Tomás Jacob,ar ARG,"MF,DF",20,13,12,"1,043",11.6,0,0,0,0,0,0,2,0,0.00,0.00,0.00,0.00,0.00,Matches,Liga Profesional de Fútbol Argentina,2025
3d0031f4,Ángelo Martino,ar ARG,DF,26,11,11,946,10.5,0,1,1,0,0,0,2,0,0.00,0.10,0.10,0.00,0.10,Matches,Liga Profesional de Fútbol Argentina,2025
7f7a9830,Alejo Tabares,ar ARG,"MF,DF",23,14,9,894,9.9,0,1,1,0,0,0,3,0,0.00,0.10,0.10,0.00,0.10,Matches,Liga Profesional de Fútbol Argentina,2025
9eed7bd3,Luca Sosa,ar ARG,DF,30,12,9,763,8.5,0,0,0,0,0,0,0,0,0.00,0.00,0.00,0.00,0.00,Matches,Liga Profesional de Fútbol Argentina,2025
fb3b6565,David Sotelo,ar ARG,MF,21,17,7,766,8.5,0,2,2,0,0,0,2,0,0.00,0.23,0.23,0.00,0.23,Matches,Liga Profesional de Fútbol Argentina,2025
5da52e88,Jherson Mosquera,co COL,"DF,MF",25,10,6,539,6.0,1,0,1,1,0,0,1,0,0.17,0.00,0.17,0.17,0.17,Matches,Liga Profesional de Fútbol Argentina,2025
5f7d6d59,Fernando David Cardozo,py PAR,"MF,FW",23,11,6,490,5.4,0,0,0,0,0,0,3,0,0.00,0.00,0.00,0.00,0.00,Matches,Liga Profesional de Fútbol Argentina,2025
2c29ddcc,Martín Luciano,ar ARG,DF,21,8,6,434,4.8,0,0,0,0,0,0,0,0,0.00,0.00,0.00,0.00,0.00,Matches,Liga Profesional de Fútbol Argentina,2025
06f7516d,Juan Manuel García,ar ARG,FW,32,18,5,593,6.6,0,0,0,0,0,1,3,1,0.00,0.00,0.00,0.00,0.00,Matches,Liga Profesional de Fútbol Argentina,2025
d6c09370,Facundo Guch,ar ARG,MF,18,10,5,522,5.8,2,0,2,2,0,0,1,0,0.34,0.00,0.34,0.34,0.34,Matches,Liga Profesional de Fútbol Argentina,2025
f7560b9d,Martín Fernández,uy URU,MF,23,7,5,476,5.3,0,0,0,0,0,0,5,0,0.00,0.00,0.00,0.00,0.00,Matches,Liga Profesional de Fútbol Argentina,2025
a2e1934e,Valentino Acuña,ar ARG,MF,19,11,4,495,5.5,1,0,1,1,0,0,1,0,0.18,0.00,0.18,0.18,0.18,Matches,Liga Profesional de Fútbol Argentina,2025
bea9b02f,Williams Barlasina,ar ARG,GK,26,4,4,360,4.0,0,0,0,0,0,0,0,0,0.00,0.00,0.00,0.00,0.00,Matches,Liga Profesional de Fútbol Argentina,2025
20352705,Fabián Noguera,ar ARG,DF,31,4,4,308,3.4,0,0,0,0,0,0,1,0,0.00,0.00,0.00,0.00,0.00,Matches,Liga Profesional de Fútbol Argentina,2025
2e0d1e5b,Giovani Chiaverano,ar ARG,MF,19,13,3,483,5.4,0,1,1,0,0,0,1,0,0.00,0.19,0.19,0.00,0.19,Matches,Liga Profesional de Fútbol Argentina,2025
bef0a7ac,Darío Benedetto,ar ARG,FW,34,8,3,319,3.5,0,0,0,0,0,1,1,0,0.00,0.00,0.00,0.00,0.00,Matches,Liga Profesional de Fútbol Argentina,2025
42d44ed9,Franco Orozco,ar ARG,MF,23,7,3,291,3.2,0,0,0,0,0,0,2,0,0.00,0.00,0.00,0.00,0.00,Matches,Liga Profesional de Fútbol Argentina,2025
29d08c06,Nazareno Funez,ar ARG,FW,23,7,2,233,2.6,0,0,0,0,0,0,0,0,0.00,0.00,0.00,0.00,0.00,Matches,Liga Profesional de Fútbol Argentina,2025
70ce8fa7,Josue Reinatti,ar ARG,GK,21,2,2,180,2.0,0,0,0,0,0,0,0,0,0.00,0.00,0.00,0.00,0.00,Matches,Liga Profesional de Fútbol Argentina,2025
035a3093,Juan Ignacio Méndez,ar ARG,MF,27,5,2,170,1.9,0,0,0,0,0,0,1,0,0.00,0.00,0.00,0.00,0.00,Matches,Liga Profesional de Fútbol Argentina,2025
5d6a92d3,Jerónimo Russo,ar ARG,MF,19,4,1,129,1.4,0,0,0,0,0,0,0,0,0.00,0.00,0.00,0.00,0.00,Matches,Liga Profesional de Fútbol Argentina,2025
326766d0,Gaspar Iñíguez,ar ARG,MF,30,3,1,115,1.3,0,1,1,0,0,0,0,0,0.00,0.78,0.78,0.00,0.78,Matches,Liga Profesional de Fútbol Argentina,2025
4d439164,Genaro Rossi,ar ARG,FW,22,2,1,98,1.1,0,0,0,0,0,0,0,0,0.00,0.00,0.00,0.00,0.00,Matches,Liga Profesional de Fútbol Argentina,2025
0b135483,Brian Calderara,ar ARG,MF,26,3,1,84,0.9,0,0,0,0,0,0,0,0,0.00,0.00,0.00,0.00,0.00,Matches,Liga Profesional de Fútbol Argentina,2025
9603d928,Josué Colmán,py PAR,MF,26,2,1,82,0.9,0,0,0,0,0,0,0,0,0.00,0.00,0.00,0.00,0.00,Matches,Liga Profesional de Fútbol Argentina,2025
263c584b,Joaquín Plaza,ar ARG,FW,20,2,1,73,0.8,0,0,0,0,0,0,0,0,0.00,0.00,0.00,0.00,0.00,Matches,Liga Profesional de Fútbol Argentina,2025
d266af3b,Francisco González,ar ARG,FW,23,1,1,60,0.7,0,0,0,0,0,0,1,0,0.00,0.00,0.00,0.00,0.00,Matches,Liga Profesional de Fútbol Argentina,2025
25879068,Jerónimo Mattar,ar ARG,MF,16,5,0,82,0.9,0,0,0,0,0,0,1,0,0.00,0.00,0.00,0.00,0.00,Matches,Liga Profesional de Fútbol Argentina,2025
1df448b0,Fabricio Tirado,ar ARG,MF,20,2,0,63,0.7,0,0,0,0,0,0,0,0,0.00,0.00,0.00,0.00,0.00,Matches,Liga Profesional de Fútbol Argentina,2025
69b2dea5,Lisandro Montenegro,ar ARG,MF,21,2,0,31,0.3,0,0,0,0,0,0,0,0,0.00,0.00,0.00,0.00,0.00,Matches,Liga Profesional de Fútbol Argentina,2025
7fcb07de,Ignacio Liberato,,FW,,1,0,24,0.3,0,0,0,0,0,0,0,0,0.00,0.00,0.00,0.00,0.00,Matches,Liga Profesional de Fútbol Argentina,2025
7b7f2510,Thiago Gigena,ar ARG,FW,19,2,0,18,0.2,0,0,0,0,0,0,0,0,0.00,0.00,0.00,0.00,0.00,Matches,Liga Profesional de Fútbol Argentina,2025
c7af7c09,Pablo Altamirano,ar ARG,MF,20,2,0,16,0.2,0,0,0,0,0,0,0,0,0.00,0.00,0.00,0.00,0.00,Matches,Liga Profesional de Fútbol Argentina,2025
84828111,Francisco Scarpeccio,ar ARG,FW,19,2,0,7,0.1,0,0,0,0,0,0,0,0,0.00,0.00,0.00,0.00,0.00,Matches,Liga Profesional de Fútbol Argentina,2025
9cac7024,Alejo Navarro,ar ARG,FW,18,1,0,5,0.1,0,0,0,0,0,0,0,0,0.00,0.00,0.00,0.00,0.00,Matches,Liga Profesional de Fútbol Argentina,2025
62677065,Joaquín Amadio,,FW,,0,0,,,,,,,,,,,,,,,,Matches,Liga Profesional de Fútbol Argentina,2025
848cbc52,Lucas Hoyos,ar ARG,GK,35,0,0,,,,,,,,,,,,,,,,Matches,Liga Profesional de Fútbol Argentina,2025
dfd2a9ee,Agustín Melgarejo,ar ARG,DF,18,0,0,,,,,,,,,,,,,,,,Matches,Liga Profesional de Fútbol Argentina,2025
da3f044e,Alan Mereles,ar ARG,MF,19,0,0,,,,,,,,,,,,,,,,Matches,Liga Profesional de Fútbol Argentina,2025
473928c3,Lucas Mihovilcevich,ar ARG,DF,21,0,0,,,,,,,,,,,,,,,,Matches,Liga Profesional de Fútbol Argentina,2025
679eedfc,Andrew Pereira,ve VEN,FW,18,0,0,,,,,,,,,,,,,,,,Matches,Liga Profesional de Fútbol Argentina,2025
73ab93b6,Faustino Piotti,ar ARG,GK,21,0,0,,,,,,,,,,,,,,,,Matches,Liga Profesional de Fútbol Argentina,2025
dd43772f,Lautaro Rios,ar ARG,FW,18,0,0,,,,,,,,,,,,,,,,Matches,Liga Profesional de Fútbol Argentina,2025
1a5f4308,Juan Saman,ar ARG,DF,18,0,0,,,,,,,,,,,,,,,,Matches,Liga Profesional de Fútbol Argentina,2025
3988a8e5,Valentino Torrente,ar ARG,DF,19,0,0,,,,,,,,,,,,,,,,Matches,Liga Profesional de Fútbol Argentina,2025
33330466,Enrique Bologna,ar ARG,GK,42,32,32,"2,880",32.0,0,0,0,0,0,0,2,0,0.00,0.00,0.00,0.00,0.00,Matches,Liga Profesional de Fútbol Argentina,2025
b9412d9e,Kevin Facundo Gutiérrez,ar ARG,MF,27,30,28,"2,455",27.3,0,1,1,0,0,0,6,0,0.00,0.04,0.04,0.00,0.04,Matches,Liga Profesional de Fútbol Argentina,2025
c20a7043,Alexis Soto,ar ARG,"DF,MF",31,28,28,"2,329",25.9,0,6,6,0,0,0,4,2,0.00,0.23,0.23,0.00,0.23,Matches,Liga Profesional de Fútbol Argentina,2025
27aecc44,Lucas Ferreira,uy URU,DF,24,26,25,"2,207",24.5,1,1,2,1,0,0,6,0,0.04,0.04,0.08,0.04,0.08,Matches,Liga Profesional de Fútbol Argentina,2025
8d69f8f3,Abiel Osorio,ar ARG,"FW,MF",22,29,25,"2,167",24.1,6,1,7,4,2,3,7,1,0.25,0.04,0.29,0.17,0.21,Matches,Liga Profesional de Fútbol Argentina,2025
134bd6e4,Ezequiel Cannavo,ar ARG,"DF,MF",22,26,25,"2,097",23.3,1,1,2,1,0,0,3,0,0.04,0.04,0.09,0.04,0.09,Matches,Liga Profesional de Fútbol Argentina,2025
cc704b9f,Aaron Nicolás Molinas,ar ARG,MF,24,27,25,"1,890",21.0,2,3,5,2,0,0,4,0,0.10,0.14,0.24,0.10,0.24,Matches,Liga Profesional de Fútbol Argentina,2025
9dde0ebb,César Pérez,cl CHI,MF,22,20,19,"1,463",16.3,3,0,3,3,0,0,2,0,0.18,0.00,0.18,0.18,0.18,Matches,Liga Profesional de Fútbol Argentina,2025
14cc32a6,Rafael Marcelo Delgado,ar ARG,DF,35,21,18,"1,690",18.8,2,0,2,2,0,0,4,1,0.11,0.00,0.11,0.11,0.11,Matches,Liga Profesional de Fútbol Argentina,2025
a15750e1,Damián Fernández,ar ARG,DF,24,15,15,"1,299",14.4,0,0,0,0,0,0,1,0,0.00,0.00,0.00,0.00,0.00,Matches,Liga Profesional de Fútbol Argentina,2025
be06718c,Juan Miritello,ar ARG,FW,25,26,14,"1,377",15.3,8,2,10,8,0,1,3,1,0.52,0.13,0.65,0.52,0.65,Matches,Liga Profesional de Fútbol Argentina,2025
fc63eb31,Emanuel Aguilera,ar ARG,DF,35,17,14,"1,179",13.1,0,0,0,0,0,0,2,0,0.00,0.00,0.00,0.00,0.00,Matches,Liga Profesional de Fútbol Argentina,2025
528b1be4,Lucas González,ar ARG,"MF,FW",24,19,14,936,10.4,1,4,5,1,0,0,2,0,0.10,0.38,0.48,0.10,0.48,Matches,Liga Profesional de Fútbol Argentina,2025
ba1f3f64,Gastón Togni,ar ARG,"MF,FW",27,12,11,886,9.8,5,1,6,5,0,0,1,0,0.51,0.10,0.61,0.51,0.61,Matches,Liga Profesional de Fútbol Argentina,2025
1b37c107,Juan Gutierrez,uy URU,"MF,FW",22,12,10,737,8.2,1,0,1,1,0,0,0,0,0.12,0.00,0.12,0.12,0.12,Matches,Liga Profesional de Fútbol Argentina,2025
d266af3b,Francisco González,ar ARG,"FW,MF",23,14,7,733,8.1,1,1,2,1,0,0,2,0,0.12,0.12,0.25,0.12,0.25,Matches,Liga Profesional de Fútbol Argentina,2025
3362dde8,Matías Miranda,ar ARG,MF,24,11,6,511,5.7,1,0,1,1,0,0,1,0,0.18,0.00,0.18,0.18,0.18,Matches,Liga Profesional de Fútbol Argentina,2025
a5737fd0,Kevin Balanta,co COL,DF,27,5,5,421,4.7,0,0,0,0,0,0,2,0,0.00,0.00,0.00,0.00,0.00,Matches,Liga Profesional de Fútbol Argentina,2025
be6ff7fc,Benjamín Schamine,ar ARG,MF,21,16,4,541,6.0,0,2,2,0,0,0,4,0,0.00,0.33,0.33,0.00,0.33,Matches,Liga Profesional de Fútbol Argentina,2025
098a28f8,Agustin Hausch,ar ARG,"MF,DF",21,10,4,405,4.5,0,0,0,0,0,0,1,0,0.00,0.00,0.00,0.00,0.00,Matches,Liga Profesional de Fútbol Argentina,2025
3be76aa4,Tobías Rubio,ar ARG,DF,20,8,4,405,4.5,0,0,0,0,0,0,2,0,0.00,0.00,0.00,0.00,0.00,Matches,Liga Profesional de Fútbol Argentina,2025
62eef061,David Barbona,ar ARG,MF,29,21,3,624,6.9,0,0,0,0,0,0,1,0,0.00,0.00,0.00,0.00,0.00,Matches,Liga Profesional de Fútbol Argentina,2025
cfe8fb62,Matías Ramírez,ar ARG,"MF,FW",25,10,3,368,4.1,0,1,1,0,0,0,2,0,0.00,0.24,0.24,0.00,0.24,Matches,Liga Profesional de Fútbol Argentina,2025
ab3ff6e2,Maxi González,ar ARG,MF,20,8,3,351,3.9,0,0,0,0,0,0,0,0,0.00,0.00,0.00,0.00,0.00,Matches,Liga Profesional de Fútbol Argentina,2025
5c514884,Lenny Lobato,br BRA,MF,23,11,2,437,4.9,0,0,0,0,0,0,0,0,0.00,0.00,0.00,0.00,0.00,Matches,Liga Profesional de Fútbol Argentina,2025
7c884b79,Damián Pérez,ar ARG,DF,36,3,2,225,2.5,0,0,0,0,0,0,0,0,0.00,0.00,0.00,0.00,0.00,Matches,Liga Profesional de Fútbol Argentina,2025
9857c88f,Santiago Sosa,ar ARG,MF,20,6,2,196,2.2,0,0,0,0,0,0,1,0,0.00,0.00,0.00,0.00,0.00,Matches,Liga Profesional de Fútbol Argentina,2025
74fef6d2,Gaston Gonzalez,ar ARG,FW,23,6,1,168,1.9,0,0,0,0,0,0,0,0,0.00,0.00,0.00,0.00,0.00,Matches,Liga Profesional de Fútbol Argentina,2025
b62ca703,Nicolás Palavecino,ar ARG,FW,21,4,1,107,1.2,0,0,0,0,0,0,0,0,0.00,0.00,0.00,0.00,0.00,Matches,Liga Profesional de Fútbol Argentina,2025
dd7e0773,Valentín Larralde,ar ARG,MF,24,4,1,103,1.1,0,0,0,0,0,0,1,0,0.00,0.00,0.00,0.00,0.00,Matches,Liga Profesional de Fútbol Argentina,2025
f3c6ba68,Agustín Sienra,ar ARG,DF,25,1,1,90,1.0,0,0,0,0,0,0,0,0,0.00,0.00,0.00,0.00,0.00,Matches,Liga Profesional de Fútbol Argentina,2025
251ea0b9,Mateo Aguiar,ar ARG,MF,17,5,0,97,1.1,0,0,0,0,0,0,0,0,0.00,0.00,0.00,0.00,0.00,Matches,Liga Profesional de Fútbol Argentina,2025
21a529cf,Nicolás Stefanelli,ar ARG,"FW,MF",30,5,0,65,0.7,0,0,0,0,0,0,0,0,0.00,0.00,0.00,0.00,0.00,Matches,Liga Profesional de Fútbol Argentina,2025
ca39d38f,Lucas Souto,ar ARG,DF,26,3,0,50,0.6,0,0,0,0,0,0,1,0,0.00,0.00,0.00,0.00,0.00,Matches,Liga Profesional de Fútbol Argentina,2025
307002fa,Esteban Lucero,ar ARG,DF,19,1,0,36,0.4,0,0,0,0,0,0,1,0,0.00,0.00,0.00,0.00,0.00,Matches,Liga Profesional de Fútbol Argentina,2025
e3ec96c1,Luciano Ramón Herrera,ar ARG,MF,28,1,0,21,0.2,0,0,0,0,0,0,0,0,0.00,0.00,0.00,0.00,0.00,Matches,Liga Profesional de Fútbol Argentina,2025
e2525aa4,Ignacio Galván,ar ARG,DF,22,0,0,,,,,,,,,,,,,,,,Matches,Liga Profesional de Fútbol Argentina,2025
21e457c9,Uriel La Roza,ar ARG,FW,19,0,0,,,,,,,,,,,,,,,,Matches,Liga Profesional de Fútbol Argentina,2025
70d628a1,Roberto León,ar ARG,GK,23,0,0,,,,,,,,,,,,,,,,Matches,Liga Profesional de Fútbol Argentina,2025
5d5946a4,Facundo Masuero,ar ARG,GK,24,0,0,,,,,,,,,,,,,,,,Matches,Liga Profesional de Fútbol Argentina,2025
7b0c4d94,Facundo Noguera,ar ARG,FW,18,0,0,,,,,,,,,,,,,,,,Matches,Liga Profesional de Fútbol Argentina,2025
70ce8fa7,Josue Reinatti,ar ARG,GK,21,0,0,,,,,,,,,,,,,,,,Matches,Liga Profesional de Fútbol Argentina,2025
853b7c48,Agustín Marchesín,ar ARG,GK,36,29,29,"2,609",29.0,0,0,0,0,0,0,3,0,0.00,0.00,0.00,0.00,0.00,Matches,Liga Profesional de Fútbol Argentina,2025
1657f448,Lautaro Blanco,ar ARG,DF,25,27,27,"2,409",26.8,1,2,3,1,0,0,5,0,0.04,0.07,0.11,0.04,0.11,Matches,Liga Profesional de Fútbol Argentina,2025
c8e47776,Carlos Palacios,cl CHI,MF,24,25,23,"1,857",20.6,3,4,7,3,0,0,4,0,0.15,0.19,0.34,0.15,0.34,Matches,Liga Profesional de Fútbol Argentina,2025
307224a2,Miguel Merentiel,uy URU,FW,28,32,22,"1,934",21.5,11,4,15,10,1,1,2,0,0.51,0.19,0.70,0.47,0.65,Matches,Liga Profesional de Fútbol Argentina,2025
d637fc22,Rodrigo Battaglia,ar ARG,"DF,MF",33,24,21,"1,967",21.9,4,0,4,4,0,0,5,0,0.18,0.00,0.18,0.18,0.18,Matches,Liga Profesional de Fútbol Argentina,2025
7b58c3c3,Lautaro Di Lollo,ar ARG,DF,20,24,19,"1,819",20.2,3,0,3,3,0,0,8,0,0.15,0.00,0.15,0.15,0.15,Matches,Liga Profesional de Fútbol Argentina,2025
3f831989,Ayrton Costa,ar ARG,DF,25,19,16,"1,535",17.1,2,0,2,2,0,0,6,1,0.12,0.00,0.12,0.12,0.12,Matches,Liga Profesional de Fútbol Argentina,2025
526f7e39,Milton Giménez,ar ARG,FW,28,23,16,"1,465",16.3,9,3,12,9,0,0,6,0,0.55,0.18,0.74,0.55,0.74,Matches,Liga Profesional de Fútbol Argentina,2025
527f063d,Edinson Cavani,uy URU,FW,37,18,16,"1,341",14.9,4,2,6,3,1,3,4,0,0.27,0.13,0.40,0.20,0.34,Matches,Liga Profesional de Fútbol Argentina,2025
6bdb7078,Juan Barinaga,ar ARG,DF,24,17,15,"1,333",14.8,0,2,2,0,0,0,2,0,0.00,0.14,0.14,0.00,0.14,Matches,Liga Profesional de Fútbol Argentina,2025
947949f1,Milton Delgado,ar ARG,MF,19,18,15,"1,317",14.6,0,1,1,0,0,0,3,0,0.00,0.07,0.07,0.00,0.07,Matches,Liga Profesional de Fútbol Argentina,2025
dff153a4,Leandro Paredes,ar ARG,MF,30,14,13,"1,187",13.2,1,4,5,0,1,1,3,0,0.08,0.30,0.38,0.00,0.30,Matches,Liga Profesional de Fútbol Argentina,2025
16349210,Alan Velasco,ar ARG,"MF,FW",22,22,13,"1,057",11.7,1,1,2,1,0,0,5,0,0.09,0.09,0.17,0.09,0.17,Matches,Liga Profesional de Fútbol Argentina,2025
9928bf1a,Tomás Belmonte,ar ARG,MF,26,17,12,"1,073",11.9,0,0,0,0,0,0,3,0,0.00,0.00,0.00,0.00,0.00,Matches,Liga Profesional de Fútbol Argentina,2025
e0991c04,Marcos Rojo,ar ARG,DF,34,11,11,859,9.5,1,0,1,1,0,0,3,0,0.10,0.00,0.10,0.10,0.10,Matches,Liga Profesional de Fútbol Argentina,2025
cacadf4f,Luis Advíncula,pe PER,"DF,MF",34,19,10,"1,054",11.7,1,1,2,1,0,0,3,0,0.09,0.09,0.17,0.09,0.17,Matches,Liga Profesional de Fútbol Argentina,2025
edfebd8d,Brian Aguirre,ar ARG,MF,21,16,10,732,8.1,1,2,3,1,0,0,0,0,0.12,0.25,0.37,0.12,0.37,Matches,Liga Profesional de Fútbol Argentina,2025
02f9fb61,Exequiel Zeballos,ar ARG,"MF,FW",22,25,9,"1,018",11.3,5,3,8,5,0,1,1,0,0.44,0.27,0.71,0.44,0.71,Matches,Liga Profesional de Fútbol Argentina,2025
8f0d8b0a,Kevin Zenon,ar ARG,MF,23,22,9,926,10.3,2,0,2,2,0,0,1,1,0.19,0.00,0.19,0.19,0.19,Matches,Liga Profesional de Fútbol Argentina,2025
325d990a,William Alarcón,cl CHI,MF,24,19,8,788,8.8,0,1,1,0,0,0,4,0,0.00,0.11,0.11,0.00,0.11,Matches,Liga Profesional de Fútbol Argentina,2025
4b97076c,Lucas Blondel,ch SUI,"DF,MF",28,9,7,545,6.1,0,1,1,0,0,0,1,0,0.00,0.17,0.17,0.00,0.17,Matches,Liga Profesional de Fútbol Argentina,2025
18950a80,Marco Pellegrino,ar ARG,DF,22,6,6,540,6.0,0,0,0,0,0,0,2,0,0.00,0.00,0.00,0.00,0.00,Matches,Liga Profesional de Fútbol Argentina,2025
436a9dd0,Ander Herrera,es ESP,MF,35,12,5,441,4.9,0,0,0,0,0,0,1,0,0.00,0.00,0.00,0.00,0.00,Matches,Liga Profesional de Fútbol Argentina,2025
1c96ad85,Marcelo Saracchi,uy URU,"DF,MF",26,6,4,360,4.0,1,0,1,1,0,0,1,0,0.25,0.00,0.25,0.25,0.25,Matches,Liga Profesional de Fútbol Argentina,2025
94454e87,Camilo Rey,ar ARG,MF,18,5,3,305,3.4,0,0,0,0,0,0,0,0,0.00,0.00,0.00,0.00,0.00,Matches,Liga Profesional de Fútbol Argentina,2025
0827937d,Leandro Brey,ar ARG,GK,22,4,3,271,3.0,0,0,0,0,0,0,0,0,0.00,0.00,0.00,0.00,0.00,Matches,Liga Profesional de Fútbol Argentina,2025
7cc9bb66,Malcom Braida,ar ARG,MF,27,5,3,256,2.8,0,0,0,0,0,0,1,0,0.00,0.00,0.00,0.00,0.00,Matches,Liga Profesional de Fútbol Argentina,2025
91e44066,Jorge Figal,ar ARG,DF,30,2,2,161,1.8,0,0,0,0,0,0,0,0,0.00,0.00,0.00,0.00,0.00,Matches,Liga Profesional de Fútbol Argentina,2025
f3f2db7a,Lucas Janson,ar ARG,MF,30,4,1,118,1.3,0,0,0,0,0,0,0,0,0.00,0.00,0.00,0.00,0.00,Matches,Liga Profesional de Fútbol Argentina,2025
feccb595,Frank Fabra,co COL,DF,33,2,1,111,1.2,0,0,0,0,0,0,1,0,0.00,0.00,0.00,0.00,0.00,Matches,Liga Profesional de Fútbol Argentina,2025
e43a4083,Ignacio Miramon,ar ARG,MF,21,3,1,102,1.1,0,0,0,0,0,0,1,0,0.00,0.00,0.00,0.00,0.00,Matches,Liga Profesional de Fútbol Argentina,2025
881aa581,Mateo Mendía,ar ARG,DF,20,2,1,91,1.0,0,0,0,0,0,0,0,0,0.00,0.00,0.00,0.00,0.00,Matches,Liga Profesional de Fútbol Argentina,2025
591bf874,Agustín Martegani,ar ARG,MF,24,1,1,57,0.6,0,0,0,0,0,0,0,0,0.00,0.00,0.00,0.00,0.00,Matches,Liga Profesional de Fútbol Argentina,2025
e722a6e6,Joaquín Ruíz,ar ARG,MF,18,1,0,26,0.3,0,0,0,0,0,0,0,0,0.00,0.00,0.00,0.00,0.00,Matches,Liga Profesional de Fútbol Argentina,2025
a2f24dc6,Santiago Dalmasso,ar ARG,MF,20,1,0,12,0.1,0,0,0,0,0,0,0,0,0.00,0.00,0.00,0.00,0.00,Matches,Liga Profesional de Fútbol Argentina,2025
55c66abd,Javier Hernán García,ar ARG,GK,38,0,0,,,,,,,,,,,,,,,,Matches,Liga Profesional de Fútbol Argentina,2025
2c20f2fb,Cristian Lema,ar ARG,DF,34,0,0,,,,,,,,,,,,,,,,Matches,Liga Profesional de Fútbol Argentina,2025
281c8dd7,Valentino Simoni,ar ARG,MF,20,0,0,,,,,,,,,,,,,,,,Matches,Liga Profesional de Fútbol Argentina,2025
c7f7afc5,Guido Mainero,ar ARG,MF,29,32,32,"2,593",28.8,3,5,8,3,0,0,6,0,0.10,0.17,0.28,0.10,0.28,Matches,Liga Profesional de Fútbol Argentina,2025
92c77992,Oscar Salomón,ar ARG,DF,25,31,31,"2,790",31.0,1,1,2,1,0,0,4,0,0.03,0.03,0.06,0.03,0.06,Matches,Liga Profesional de Fútbol Argentina,2025
3dee8b4e,Juan Saborido,ar ARG,DF,26,29,28,"2,412",26.8,0,0,0,0,0,0,7,0,0.00,0.00,0.00,0.00,0.00,Matches,Liga Profesional de Fútbol Argentina,2025
f228c287,Ignacio Vázquez,ar ARG,DF,27,27,27,"2,360",26.2,1,1,2,1,0,0,6,1,0.04,0.04,0.08,0.04,0.08,Matches,Liga Profesional de Fútbol Argentina,2025
f4187ac3,Leonel Picco,ar ARG,MF,25,27,26,"2,275",25.3,0,0,0,0,0,0,7,0,0.00,0.00,0.00,0.00,0.00,Matches,Liga Profesional de Fútbol Argentina,2025
1537c952,Rodrigo Herrera,ar ARG,MF,24,25,22,"1,665",18.5,0,2,2,0,0,0,8,1,0.00,0.11,0.11,0.00,0.11,Matches,Liga Profesional de Fútbol Argentina,2025
7b0f7577,Franco Zapiola,ar ARG,MF,23,27,22,"1,663",18.5,0,1,1,0,0,0,1,0,0.00,0.05,0.05,0.00,0.05,Matches,Liga Profesional de Fútbol Argentina,2025
fe1e4971,Juan Cozzani,ar ARG,GK,26,21,21,"1,890",21.0,0,0,0,0,0,0,2,0,0.00,0.00,0.00,0.00,0.00,Matches,Liga Profesional de Fútbol Argentina,2025
278f93a4,Ronaldo Martínez,py PAR,"FW,MF",28,25,21,"1,730",19.2,10,2,12,10,0,0,2,0,0.52,0.10,0.62,0.52,0.62,Matches,Liga Profesional de Fútbol Argentina,2025
52f2d47d,Vicente Taborda,ar ARG,"MF,FW",23,18,16,"1,286",14.3,4,1,5,4,0,0,3,0,0.28,0.07,0.35,0.28,0.35,Matches,Liga Profesional de Fútbol Argentina,2025
3f83ab59,Tomás Silva,ar ARG,DF,21,18,15,"1,385",15.4,0,0,0,0,0,0,5,1,0.00,0.00,0.00,0.00,0.00,Matches,Liga Profesional de Fútbol Argentina,2025
659fa937,Augusto Lotti,it ITA,FW,28,27,15,"1,230",13.7,1,2,3,1,0,1,1,0,0.07,0.15,0.22,0.07,0.22,Matches,Liga Profesional de Fútbol Argentina,2025
f559d2d7,Franco Baldassarra,ar ARG,MF,26,18,10,996,11.1,1,0,1,1,0,0,2,0,0.09,0.00,0.09,0.09,0.09,Matches,Liga Profesional de Fútbol Argentina,2025
c80be903,Ignacio Schor,ar ARG,"FW,MF",24,29,8,"1,037",11.5,1,1,2,1,0,0,3,0,0.09,0.09,0.17,0.09,0.17,Matches,Liga Profesional de Fútbol Argentina,2025
ab935d6a,Bautista Barros Schelotto,ar ARG,DF,25,11,6,616,6.8,0,0,0,0,0,0,2,0,0.00,0.00,0.00,0.00,0.00,Matches,Liga Profesional de Fútbol Argentina,2025
55934138,Nicolás Orsini,ar ARG,FW,30,16,6,596,6.6,0,1,1,0,0,0,3,0,0.00,0.15,0.15,0.00,0.15,Matches,Liga Profesional de Fútbol Argentina,2025
bf3b5c92,Andrés Desábato,ar ARG,GK,34,6,6,540,6.0,0,0,0,0,0,0,0,0,0.00,0.00,0.00,0.00,0.00,Matches,Liga Profesional de Fútbol Argentina,2025
1fcefc90,Raúl Lozano,ar ARG,DF,27,8,6,492,5.5,0,0,0,0,0,0,0,1,0.00,0.00,0.00,0.00,0.00,Matches,Liga Profesional de Fútbol Argentina,2025
663d052d,Jonathan Bay,ar ARG,DF,31,6,6,481,5.3,0,0,0,0,0,0,1,0,0.00,0.00,0.00,0.00,0.00,Matches,Liga Profesional de Fútbol Argentina,2025
4d711d43,Federico Losas,ar ARG,GK,22,5,5,450,5.0,0,0,0,0,0,0,0,0,0.00,0.00,0.00,0.00,0.00,Matches,Liga Profesional de Fútbol Argentina,2025
2aebc81b,Fernando Juárez,ar ARG,MF,26,14,4,524,5.8,0,0,0,0,0,0,3,0,0.00,0.00,0.00,0.00,0.00,Matches,Liga Profesional de Fútbol Argentina,2025
687e908f,Gonzalo Goñi,ar ARG,DF,26,5,4,273,3.0,0,0,0,0,0,0,1,0,0.00,0.00,0.00,0.00,0.00,Matches,Liga Profesional de Fútbol Argentina,2025
f2950f57,Edgar Elizalde,uy URU,DF,24,6,3,369,4.1,0,0,0,0,0,0,1,0,0.00,0.00,0.00,0.00,0.00,Matches,Liga Profesional de Fútbol Argentina,2025
244afd21,Marcos Portillo,ar ARG,MF,25,4,3,197,2.2,0,0,0,0,0,0,2,1,0.00,0.00,0.00,0.00,0.00,Matches,Liga Profesional de Fútbol Argentina,2025
3337ecdb,Maximiliano Rodríguez,cl CHI,FW,24,12,2,415,4.6,1,0,1,1,0,0,1,0,0.22,0.00,0.22,0.22,0.22,Matches,Liga Profesional de Fútbol Argentina,2025
19d9859a,Mauro Luna Diale,ar ARG,"MF,FW",25,7,2,277,3.1,0,0,0,0,0,0,0,0,0.00,0.00,0.00,0.00,0.00,Matches,Liga Profesional de Fútbol Argentina,2025
1961c843,Santiago Toloza,ar ARG,MF,22,7,1,183,2.0,0,0,0,0,0,0,0,0,0.00,0.00,0.00,0.00,0.00,Matches,Liga Profesional de Fútbol Argentina,2025
dde3e2aa,Franco Minerva,ar ARG,MF,18,10,1,178,2.0,0,0,0,0,0,0,0,0,0.00,0.00,0.00,0.00,0.00,Matches,Liga Profesional de Fútbol Argentina,2025
7f076123,Celías Ingenthron,ar ARG,DF,16,3,1,135,1.5,0,0,0,0,0,0,0,0,0.00,0.00,0.00,0.00,0.00,Matches,Liga Profesional de Fútbol Argentina,2025
c3fb942c,Juan Pignani,ar ARG,DF,23,1,1,90,1.0,0,0,0,0,0,0,0,0,0.00,0.00,0.00,0.00,0.00,Matches,Liga Profesional de Fútbol Argentina,2025
ad6df5d4,Rodrigo Márquez,ar ARG,MF,22,4,1,81,0.9,0,0,0,0,0,0,0,0,0.00,0.00,0.00,0.00,0.00,Matches,Liga Profesional de Fútbol Argentina,2025
cf89da0a,Enzo Martín Roldán,ar ARG,MF,24,7,0,97,1.1,0,0,0,0,0,0,0,0,0.00,0.00,0.00,0.00,0.00,Matches,Liga Profesional de Fútbol Argentina,2025
f2b925ac,Manuel Tucker,ar ARG,FW,20,2,0,64,0.7,0,0,0,0,0,0,0,0,0.00,0.00,0.00,0.00,0.00,Matches,Liga Profesional de Fútbol Argentina,2025
3d395749,Tobías Cervera,sy SYR,FW,22,3,0,46,0.5,0,0,0,0,0,0,1,0,0.00,0.00,0.00,0.00,0.00,Matches,Liga Profesional de Fútbol Argentina,2025
a1206ad0,Felipe Bussio,ar ARG,MF,20,4,0,43,0.5,0,0,0,0,0,0,1,0,0.00,0.00,0.00,0.00,0.00,Matches,Liga Profesional de Fútbol Argentina,2025
7a16bf7a,Benjamín Bosch,ar ARG,FW,19,0,0,,,,,,,,,,,,,,,,Matches,Liga Profesional de Fútbol Argentina,2025
1913c278,Thiago Currado,ar ARG,DF,18,0,0,,,,,,,,,,,,,,,,Matches,Liga Profesional de Fútbol Argentina,2025
3886ee3f,Agustín Maglione,ar ARG,DF,19,0,0,,,,,,,,,,,,,,,,Matches,Liga Profesional de Fútbol Argentina,2025
6244bb29,Nicolás Ortíz,ar ARG,MF,20,0,0,,,,,,,,,,,,,,,,Matches,Liga Profesional de Fútbol Argentina,2025
de9dd5be,Juan Pablo Goicochea,pe PER,FW,20,0,0,,,,,,,,,,,,,,,,Matches,Liga Profesional de Fútbol Argentina,2025
01917515,Santiago Postel,ar ARG,DF,21,0,0,,,,,,,,,,,,,,,,Matches,Liga Profesional de Fútbol Argentina,2025
ea62694d,Lucas Testa,ar ARG,,18,0,0,,,,,,,,,,,,,,,,Matches,Liga Profesional de Fútbol Argentina,2025
9106bab7,Demian Troya,ar ARG,MF,19,0,0,,,,,,,,,,,,,,,,Matches,Liga Profesional de Fútbol Argentina,2025
6b2d648b,Ivo Visona,ar ARG,FW,18,0,0,,,,,,,,,,,,,,,,Matches,Liga Profesional de Fútbol Argentina,2025
