PlayerID,Name,player,nationality,position,team,age,birth_year,games,games_starts,minutes,minutes_90s,goals,assists,goals_assists,goals_pens,pens_made,pens_att,cards_yellow,cards_red,goals_per90,assists_per90,goals_assists_per90,goals_pens_per90,goals_assists_pens_per90,matches,goals_per_shot,goals_per_shot_on_target,shots,shots_on_target,shots_on_target_pct,shots_on_target_per90,shots_per90,gk_clean_sheets,gk_clean_sheets_pct,gk_games,gk_games_starts,gk_goals_against,gk_goals_against_per90,gk_losses,gk_minutes,gk_pens_allowed,gk_pens_att,gk_pens_missed,gk_pens_save_pct,gk_pens_saved,gk_save_pct,gk_saves,gk_shots_on_target_against,gk_ties,gk_wins,League,Season
4cd41883,Paxten Aaronson,Paxten Aaronson,us USA,MF,Colorado Rapids,22-231,2003,7,7,588,6.5,3,1,4,3,0,0,0,0,0.46,0.15,0.61,0.46,0.61,Matches,0.30,0.75,10,4,40.0,0.61,1.53,,,,,,,,,,,,,,,,,,,Major League Soccer,2026
1339039e,Liel Abada,Liel Abada,il ISR,"MF,FW",Charlotte,24-193,2001,6,4,302,3.4,0,2,2,0,0,0,1,0,0.00,0.60,0.60,0.00,0.60,Matches,0.00,0.00,9,7,77.8,2.09,2.68,,,,,,,,,,,,,,,,,,,Major League Soccer,2026
629aac47,Ezequiel Abadia-Reda,Ezequiel Abadia-Reda,us USA,DF,Inter Miami,20-052,2006,1,0,23,0.3,0,0,0,0,0,0,0,0,0.00,0.00,0.00,0.00,0.00,Matches,,,0,0,,0.00,0.00,,,,,,,,,,,,,,,,,,,Major League Soccer,2026
a06467dc,Wessam Abou Ali,Wessam Abou Ali,ps PLE,FW,Columbus Crew,27-100,1999,7,7,565,6.3,5,1,6,5,0,1,1,0,0.80,0.16,0.96,0.80,0.96,Matches,0.25,0.56,20,9,45.0,1.43,3.19,,,,,,,,,,,,,,,,,,,Major League Soccer,2026
c5f400f4,Bryan Acosta,Bryan Acosta,hn HON,MF,Nashville SC,32-141,1993,2,1,61,0.7,0,0,0,0,0,0,0,0,0.00,0.00,0.00,0.00,0.00,Matches,,,0,0,,0.00,0.00,,,,,,,,,,,,,,,,,,,Major League Soccer,2026
cea02b5b,Stephen Afrifa,Stephen Afrifa,ca CAN,FW,Sporting KC,25-054,2001,6,0,113,1.3,0,1,1,0,0,0,0,0,0.00,0.80,0.80,0.00,0.80,Matches,0.00,0.00,2,2,100.0,1.59,1.59,,,,,,,,,,,,,,,,,,,Major League Soccer,2026
85ae83c8,Kwaku Agyabeng,Kwaku Agyabeng,gh GHA,MF,Sporting KC,19-291,2006,5,0,115,1.3,0,0,0,0,0,0,0,0,0.00,0.00,0.00,0.00,0.00,Matches,,,0,0,,0.00,0.00,,,,,,,,,,,,,,,,,,,Major League Soccer,2026
65bf5126,Morrison Agyemang,Morrison Agyemang,gh GHA,DF,Charlotte,21-114,2004,6,5,495,5.5,0,0,0,0,0,0,2,0,0.00,0.00,0.00,0.00,0.00,Matches,0.00,,1,0,0.0,0.00,0.18,,,,,,,,,,,,,,,,,,,Major League Soccer,2026
4b45ac00,Jorge Alastuey,Jorge Alastuey,es ESP,MF,Austin FC,22-335,2003,1,0,32,0.4,0,0,0,0,0,0,0,0,0.00,0.00,0.00,0.00,0.00,Matches,0.00,,1,0,0.0,0.00,2.81,,,,,,,,,,,,,,,,,,,Major League Soccer,2026
043f389a,Noah Allen,Noah Allen,gr GRE,DF,Inter Miami,21-351,2004,6,6,462,5.1,0,1,1,0,0,0,0,0,0.00,0.19,0.19,0.00,0.19,Matches,,,0,0,,0.00,0.00,,,,,,,,,,,,,,,,,,,Major League Soccer,2026
75a66bed,Tadeo Allende,Tadeo Allende,ar ARG,MF,Inter Miami,27-053,1999,6,3,295,3.3,0,0,0,0,0,0,2,0,0.00,0.00,0.00,0.00,0.00,Matches,0.00,0.00,5,3,60.0,0.92,1.53,,,,,,,,,,,,,,,,,,,Major League Soccer,2026
862a1c15,Miguel Almirón,Miguel Almirón,py PAR,"FW,MF",Atlanta Utd,32-063,1994,7,7,627,7.0,0,2,2,0,0,0,0,0,0.00,0.29,0.29,0.00,0.29,Matches,0.00,0.00,18,5,27.8,0.72,2.58,,,,,,,,,,,,,,,,,,,Major League Soccer,2026
033672ed,Rodolfo Aloko,Rodolfo Aloko,bj BEN,MF,Charlotte,19-109,2006,1,0,8,0.1,0,0,0,0,0,0,0,0,0.00,0.00,0.00,0.00,0.00,Matches,0.00,,1,0,0.0,0.00,11.25,,,,,,,,,,,,,,,,,,,Major League Soccer,2026
ad1f61f3,Steven Alzate,Steven Alzate,co COL,MF,Atlanta Utd,27-218,1998,7,4,397,4.4,0,0,0,0,0,0,1,0,0.00,0.00,0.00,0.00,0.00,Matches,0.00,0.00,3,1,33.3,0.23,0.68,,,,,,,,,,,,,,,,,,,Major League Soccer,2026
00dad262,Pedro Amador,Pedro Amador,pt POR,DF,Atlanta Utd,27-117,1998,4,0,40,0.4,0,0,0,0,0,0,0,0,0.00,0.00,0.00,0.00,0.00,Matches,0.00,,1,0,0.0,0.00,2.25,,,,,,,,,,,,,,,,,,,Major League Soccer,2026
83b6e15d,Malte Amundsen,Malte Amundsen,dk DEN,DF,Columbus Crew,28-062,1998,7,7,630,7.0,0,0,0,0,0,0,2,0,0.00,0.00,0.00,0.00,0.00,Matches,0.00,,3,0,0.0,0.00,0.43,,,,,,,,,,,,,,,,,,,Major League Soccer,2026
4cf81576,Felipe Andrade,Felipe Andrade,br BRA,DF,Houston Dynamo,23-320,2002,4,4,360,4.0,1,0,1,1,0,0,1,0,0.25,0.00,0.25,0.25,0.25,Matches,0.25,1.00,4,1,25.0,0.25,1.00,,,,,,,,,,,,,,,,,,,Major League Soccer,2026
c16ab6bc,Augustin Anello,Augustin Anello,it ITA,"MF,FW",Philadelphia Union,23-357,2002,4,2,171,1.9,1,0,1,1,0,0,0,0,0.53,0.00,0.53,0.53,0.53,Matches,0.14,0.33,7,3,42.9,1.58,3.68,,,,,,,,,,,,,,,,,,,Major League Soccer,2026
55a5d959,Iván Angulo,Iván Angulo,co COL,MF,Orlando City,27-023,1999,7,6,568,6.3,0,2,2,0,0,0,1,0,0.00,0.32,0.32,0.00,0.32,Matches,0.00,0.00,5,3,60.0,0.48,0.79,,,,,,,,,,,,,,,,,,,Major League Soccer,2026
6a2381f7,Antony,Antony,br BRA,"MF,FW",Portland Timbers,24-218,2001,6,6,499,5.5,1,1,2,1,0,0,0,0,0.18,0.18,0.36,0.18,0.36,Matches,0.13,1.00,8,1,12.5,0.18,1.44,,,,,,,,,,,,,,,,,,,Major League Soccer,2026
17b28ec7,Brian Anunga,Brian Anunga,cm CMR,MF,FC Cincinnati,29-247,1996,3,1,115,1.3,0,0,0,0,0,0,0,0,0.00,0.00,0.00,0.00,0.00,Matches,,,0,0,,0.00,0.00,,,,,,,,,,,,,,,,,,,Major League Soccer,2026
a3df8928,Matthew Arana,Matthew Arana,mx MEX,MF,Houston Dynamo,15-229,2010,1,0,3,0.0,0,0,0,0,0,0,0,0,0.00,0.00,0.00,0.00,0.00,Matches,,,0,0,,0.00,0.00,,,,,,,,,,,,,,,,,,,Major League Soccer,2026
4535ab5d,Alexander Aravena,Alexander Aravena,cl CHI,MF,Portland Timbers,23-220,2002,5,2,183,2.0,0,0,0,0,0,0,0,0,0.00,0.00,0.00,0.00,0.00,Matches,0.00,0.00,5,3,60.0,1.48,2.46,,,,,,,,,,,,,,,,,,,Major League Soccer,2026
668f881e,Max Arfsten,Max Arfsten,us USA,MF,Columbus Crew,24-360,2001,7,7,594,6.6,1,2,3,1,0,0,0,0,0.15,0.30,0.45,0.15,0.45,Matches,0.11,0.33,9,3,33.3,0.45,1.36,,,,,,,,,,,,,,,,,,,Major League Soccer,2026
268dec15,Emilio Aristizábal,Emilio Aristizábal,co COL,FW,Toronto FC,20-252,2005,7,2,165,1.8,0,0,0,0,0,0,0,0,0.00,0.00,0.00,0.00,0.00,Matches,0.00,0.00,5,3,60.0,1.64,2.73,,,,,,,,,,,,,,,,,,,Major League Soccer,2026
078b2c07,Daniel Armando Ríos,Daniel Armando Ríos,mx MEX,FW,CF Montréal,31-051,1995,4,0,98,1.1,0,0,0,0,0,0,0,0,0.00,0.00,0.00,0.00,0.00,Matches,0.00,,2,0,0.0,0.00,1.84,,,,,,,,,,,,,,,,,,,Major League Soccer,2026
1bb2acce,Paul Arriola,Paul Arriola,us USA,MF,Seattle Sounders,31-068,1995,4,1,100,1.1,0,0,0,0,0,0,1,0,0.00,0.00,0.00,0.00,0.00,Matches,0.00,,1,0,0.0,0.00,0.90,,,,,,,,,,,,,,,,,,,Major League Soccer,2026
1f084637,Joshua Atencio,Joshua Atencio,us USA,MF,Colorado Rapids,24-073,2002,7,5,443,4.9,1,0,1,1,0,0,3,0,0.20,0.00,0.20,0.20,0.20,Matches,0.50,1.00,2,1,50.0,0.20,0.41,,,,,,,,,,,,,,,,,,,Major League Soccer,2026
60990b81,Eduard Atuesta,Eduard Atuesta,co COL,MF,Orlando City,28-300,1997,5,3,231,2.6,0,0,0,0,0,0,2,0,0.00,0.00,0.00,0.00,0.00,Matches,,,0,0,,0.00,0.00,,,,,,,,,,,,,,,,,,,Major League Soccer,2026
4223d7bb,Julián Aude,Julián Aude,ar ARG,DF,LA Galaxy,23-021,2003,7,7,521,5.8,0,0,0,0,0,0,1,0,0.00,0.00,0.00,0.00,0.00,Matches,,,0,0,,0.00,0.00,,,,,,,,,,,,,,,,,,,Major League Soccer,2026
f51b9ae1,Tomás Avilés,Tomás Avilés,ar ARG,DF,CF Montréal,22-070,2004,4,3,220,2.4,0,0,0,0,0,0,0,1,0.00,0.00,0.00,0.00,0.00,Matches,0.00,,1,0,0.0,0.00,0.41,,,,,,,,,,,,,,,,,,,Major League Soccer,2026
b7bf9318,Nəriman Axundzadə,Nəriman Axundzadə,az AZE,MF,Columbus Crew,21-356,2004,2,0,4,0.0,0,0,0,0,0,0,0,0,0.00,0.00,0.00,0.00,0.00,Matches,,,0,0,,0.00,0.00,,,,,,,,,,,,,,,,,,,Major League Soccer,2026
06dafc0e,David Ayala,David Ayala,ar ARG,MF,Inter Miami,23-262,2002,3,3,219,2.4,0,0,0,0,0,0,0,0,0.00,0.00,0.00,0.00,0.00,Matches,0.00,,1,0,0.0,0.00,0.41,,,,,,,,,,,,,,,,,,,Major League Soccer,2026
4b22382f,Jeevan Badwal,Jeevan Badwal,ca CAN,MF,Vancouver W'caps,20-034,2006,7,5,435,4.8,0,0,0,0,0,0,0,0,0.00,0.00,0.00,0.00,0.00,Matches,0.00,0.00,5,2,40.0,0.41,1.03,,,,,,,,,,,,,,,,,,,Major League Soccer,2026
ecb61924,Elías Báez,Elías Báez,ar ARG,DF,Atlanta Utd,21-178,2004,7,7,614,6.8,0,1,1,0,0,0,2,0,0.00,0.15,0.15,0.00,0.15,Matches,0.00,0.00,7,3,42.9,0.44,1.03,,,,,,,,,,,,,,,,,,,Major League Soccer,2026
9e80b378,Drew Baiera,Drew Baiera,us USA,DF,NYCFC,19-045,2007,3,0,24,0.3,0,0,0,0,0,0,0,0,0.00,0.00,0.00,0.00,0.00,Matches,,,0,0,,0.00,0.00,,,,,,,,,,,,,,,,,,,Major League Soccer,2026
fdffba5d,Cody Baker,Cody Baker,us USA,DF,Seattle Sounders,22-097,2004,2,1,96,1.1,0,0,0,0,0,0,0,0,0.00,0.00,0.00,0.00,0.00,Matches,0.00,,1,0,0.0,0.00,0.94,,,,,,,,,,,,,,,,,,,Major League Soccer,2026
816d7aec,Reed Baker-Whiting,Reed Baker-Whiting,us USA,DF,Nashville SC,21-014,2005,4,1,114,1.3,0,0,0,0,0,0,0,0,0.00,0.00,0.00,0.00,0.00,Matches,0.00,,1,0,0.0,0.00,0.79,,,,,,,,,,,,,,,,,,,Major League Soccer,2026
b2bd0f6c,Jonathan Bamba,Jonathan Bamba,ci CIV,"MF,FW",Chicago Fire,30-019,1996,6,6,502,5.6,2,2,4,2,0,0,1,0,0.36,0.36,0.72,0.36,0.72,Matches,0.13,0.29,15,7,46.7,1.25,2.69,,,,,,,,,,,,,,,,,,,Major League Soccer,2026
67c8818a,Jesús Barea,Jesús Barea,es ESP,FW,Real Salt Lake,23-351,2002,3,0,17,0.2,0,0,0,0,0,0,0,0,0.00,0.00,0.00,0.00,0.00,Matches,0.00,,1,0,0.0,0.00,5.29,,,,,,,,,,,,,,,,,,,Major League Soccer,2026
18a8e594,Tai Baribo,Tai Baribo,il ISR,FW,D.C. United,28-089,1998,6,6,516,5.7,3,0,3,2,1,1,0,0,0.52,0.00,0.52,0.35,0.35,Matches,0.17,0.40,12,5,41.7,0.87,2.09,,,,,,,,,,,,,,,,,,,Major League Soccer,2026
da4821de,Tom Barlow,Tom Barlow,us USA,"FW,MF",FC Cincinnati,30-280,1995,7,3,298,3.3,1,0,1,1,0,0,0,0,0.30,0.00,0.30,0.30,0.30,Matches,0.13,0.20,8,5,62.5,1.51,2.42,,,,,,,,,,,,,,,,,,,Major League Soccer,2026
6bbda3e5,Leonardo Barroso,Leonardo Barroso,pt POR,"DF,MF",Chicago Fire,20-306,2005,7,7,543,6.0,0,0,0,0,0,0,1,0,0.00,0.00,0.00,0.00,0.00,Matches,0.00,0.00,5,2,40.0,0.33,0.83,,,,,,,,,,,,,,,,,,,Major League Soccer,2026
5b40c2a1,Jacob Bartlett,Jacob Bartlett,us USA,MF,Sporting KC,20-189,2005,7,6,529,5.9,1,0,1,1,0,0,2,0,0.17,0.00,0.17,0.17,0.17,Matches,1.00,1.00,1,1,100.0,0.17,0.17,,,,,,,,,,,,,,,,,,,Major League Soccer,2026
c90615e6,Lucas Bartlett,Lucas Bartlett,us USA,DF,D.C. United,28-262,1997,7,7,626,7.0,0,0,0,0,0,0,2,0,0.00,0.00,0.00,0.00,0.00,Matches,0.00,0.00,9,3,33.3,0.43,1.29,,,,,,,,,,,,,,,,,,,Major League Soccer,2026
552898bd,Ethan Bartlow,Ethan Bartlow,us USA,DF,Sporting KC,26-071,2000,5,5,405,4.5,0,0,0,0,0,0,0,0,0.00,0.00,0.00,0.00,0.00,Matches,0.00,0.00,1,1,100.0,0.22,0.22,,,,,,,,,,,,,,,,,,,Major League Soccer,2026
2c8da8a1,Cole Bassett,Cole Bassett,us USA,MF,Portland Timbers,24-260,2001,3,3,268,3.0,0,2,2,0,0,0,0,0,0.00,0.67,0.67,0.00,0.67,Matches,0.00,0.00,4,3,75.0,1.01,1.34,,,,,,,,,,,,,,,,,,,Major League Soccer,2026
6297d826,Zorhan Bassong,Zorhan Bassong,ca CAN,"DF,MF",Sporting KC,26-342,1999,1,0,27,0.3,0,0,0,0,0,0,0,0,0.00,0.00,0.00,0.00,0.00,Matches,,,0,0,,0.00,0.00,,,,,,,,,,,,,,,,,,,Major League Soccer,2026
733aa9ec,Josh Bauer,Josh Bauer,us USA,DF,Nashville SC,27-266,1998,5,2,218,2.4,0,0,0,0,0,0,1,0,0.00,0.00,0.00,0.00,0.00,Matches,0.00,,1,0,0.0,0.00,0.41,,,,,,,,,,,,,,,,,,,Major League Soccer,2026
bd7d2e6d,Timo Baumgartl,Timo Baumgartl,de GER,DF,St. Louis City,30-041,1996,7,7,630,7.0,1,0,1,1,0,0,1,0,0.14,0.00,0.14,0.14,0.14,Matches,1.00,1.00,1,1,100.0,0.14,0.14,,,,,,,,,,,,,,,,,,,Major League Soccer,2026
3f1b018e,Tanner Beason,Tanner Beason,us USA,DF,NE Revolution,29-022,1997,1,0,46,0.5,0,0,0,0,0,0,0,0,0.00,0.00,0.00,0.00,0.00,Matches,,,0,0,,0.00,0.00,,,,,,,,,,,,,,,,,,,Major League Soccer,2026
bc921182,Simon Becher,Simon Becher,us USA,FW,St. Louis City,26-268,1999,7,7,563,6.3,1,1,2,1,0,0,0,0,0.16,0.16,0.32,0.16,0.32,Matches,0.07,0.50,15,2,13.3,0.32,2.40,,,,,,,,,,,,,,,,,,,Major League Soccer,2026
9a6f8dfd,Alejandro Bedoya,Alejandro Bedoya,us USA,MF,Philadelphia Union,38-350,1987,5,1,134,1.5,0,1,1,0,0,0,0,0,0.00,0.67,0.67,0.00,0.67,Matches,0.00,0.00,3,1,33.3,0.67,2.01,,,,,,,,,,,,,,,,,,,Major League Soccer,2026
658a3134,Jon Bell,Jon Bell,jm JAM,DF,Austin FC,28-231,1997,6,2,225,2.5,1,0,1,1,0,0,1,0,0.40,0.00,0.40,0.40,0.40,Matches,1.00,1.00,1,1,100.0,0.40,0.40,,,,,,,,,,,,,,,,,,,Major League Soccer,2026
bc307884,Ben Bender,Ben Bender,us USA,MF,Philadelphia Union,25-038,2001,4,1,120,1.3,0,0,0,0,0,0,0,0,0.00,0.00,0.00,0.00,0.00,Matches,,,0,0,,0.00,0.00,,,,,,,,,,,,,,,,,,,Major League Soccer,2026
1ced6bde,Nehuén Benedetti,Nehuén Benedetti,ar ARG,MF,NY Red Bulls,21-049,2005,1,0,11,0.1,0,0,0,0,0,0,0,0,0.00,0.00,0.00,0.00,0.00,Matches,,,0,0,,0.00,0.00,,,,,,,,,,,,,,,,,,,Major League Soccer,2026
96d14fe7,Ramiro Benetti,Ramiro Benetti,br BRA,MF,FC Dallas,32-327,1993,7,6,457,5.1,0,1,1,0,0,0,1,0,0.00,0.20,0.20,0.00,0.20,Matches,0.00,0.00,2,1,50.0,0.20,0.39,,,,,,,,,,,,,,,,,,,Major League Soccer,2026
a0b95824,Lasse Berg Johnsen,Lasse Berg Johnsen,no NOR,MF,Sporting KC,26-239,1999,4,4,360,4.0,1,0,1,1,0,0,0,0,0.25,0.00,0.25,0.25,0.25,Matches,0.33,1.00,3,1,33.3,0.25,0.75,,,,,,,,,,,,,,,,,,,Major League Soccer,2026
b8103669,Gustav Berggren,Gustav Berggren,se SWE,DF,NY Red Bulls,28-219,1997,4,1,71,0.8,0,0,0,0,0,0,0,1,0.00,0.00,0.00,0.00,0.00,Matches,0.00,,1,0,0.0,0.00,1.27,,,,,,,,,,,,,,,,,,,Major League Soccer,2026
f33ee427,Sebastian Berhalter,Sebastian Berhalter,us USA,MF,Vancouver W'caps,24-332,2001,7,6,512,5.7,3,3,6,2,1,1,0,0,0.53,0.53,1.05,0.35,0.88,Matches,0.20,0.50,10,4,40.0,0.70,1.76,,,,,,,,,,,,,,,,,,,Major League Soccer,2026
377ef3a6,Juan Berrocal,Juan Berrocal,es ESP,DF,Atlanta Utd,26-345,1999,3,3,270,3.0,0,0,0,0,0,0,1,0,0.00,0.00,0.00,0.00,0.00,Matches,0.00,,1,0,0.0,0.00,0.33,,,,,,,,,,,,,,,,,,,Major League Soccer,2026
fa61a2db,Germán Berterame,Germán Berterame,mx MEX,FW,Inter Miami,27-152,1998,7,4,425,4.7,1,1,2,1,0,0,0,0,0.21,0.21,0.42,0.21,0.42,Matches,0.10,0.17,10,6,60.0,1.27,2.12,,,,,,,,,,,,,,,,,,,Major League Soccer,2026
1c59240b,Pep Biel,Pep Biel,es ESP,MF,Charlotte,29-221,1996,7,7,602,6.7,4,2,6,4,0,0,0,0,0.60,0.30,0.90,0.60,0.90,Matches,0.25,0.57,16,7,43.8,1.05,2.39,,,,,,,,,,,,,,,,,,,Major League Soccer,2026
223a2094,Mamadou Billo Diop,Mamadou Billo Diop,sn SEN,FW,Colorado Rapids,19-212,2006,1,0,9,0.1,0,0,0,0,0,0,0,0,0.00,0.00,0.00,0.00,0.00,Matches,,,0,0,,0.00,0.00,,,,,,,,,,,,,,,,,,,Major League Soccer,2026
8a582646,Ran Binyamin,Ran Binyamin,il ISR,MF,FC Dallas,22-067,2004,6,0,39,0.4,0,0,0,0,0,0,0,0,0.00,0.00,0.00,0.00,0.00,Matches,0.00,,2,0,0.0,0.00,4.62,,,,,,,,,,,,,,,,,,,Major League Soccer,2026
02c7236e,Guilherme Biro,Guilherme Biro,br BRA,DF,Austin FC,25-348,2000,5,4,293,3.3,1,0,1,1,0,0,1,1,0.31,0.00,0.31,0.31,0.31,Matches,0.14,0.50,7,2,28.6,0.61,2.15,,,,,,,,,,,,,,,,,,,Major League Soccer,2026
7f35d14e,Tristan Blackmon,Tristan Blackmon,us USA,DF,Vancouver W'caps,29-245,1996,6,6,540,6.0,1,0,1,1,0,0,0,0,0.17,0.00,0.17,0.17,0.17,Matches,0.25,1.00,4,1,25.0,0.17,0.67,,,,,,,,,,,,,,,,,,,Major League Soccer,2026
b3b21a11,Andre Blake,Andre Blake,jm JAM,GK,Philadelphia Union,35-144,1990,7,7,630,7.0,0,0,0,0,0,0,0,0,0.00,0.00,0.00,0.00,0.00,Matches,,,0,0,,0.00,0.00,0,0.0,7,7,12,1.71,6,630,0,0,0,,0,61.3,19,31,0,1,Major League Soccer,2026
a2c1d8c2,Mateusz Bogusz,Mateusz Bogusz,pl POL,"FW,MF",Houston Dynamo,24-235,2001,6,6,534,5.9,1,1,2,1,0,0,0,0,0.17,0.17,0.34,0.17,0.34,Matches,0.06,0.33,18,3,16.7,0.51,3.03,,,,,,,,,,,,,,,,,,,Major League Soccer,2026
1b78973a,Luca Bombino,Luca Bombino,us USA,DF,San Diego FC,19-278,2006,7,7,582,6.5,1,0,1,1,0,0,2,0,0.15,0.00,0.15,0.15,0.15,Matches,0.33,1.00,3,1,33.3,0.15,0.46,,,,,,,,,,,,,,,,,,,Major League Soccer,2026
c3a86eea,Jonathan Bond,Jonathan Bond,eng ENG,GK,Houston Dynamo,32-330,1993,6,6,540,6.0,0,0,0,0,0,0,0,0,0.00,0.00,0.00,0.00,0.00,Matches,,,0,0,,0.00,0.00,0,0.0,6,6,16,2.67,4,540,1,2,0,50.0,1,53.1,18,32,0,2,Major League Soccer,2026
5d22ca4b,Alex Bonetig,Alex Bonetig,au AUS,DF,Portland Timbers,23-237,2002,5,4,421,4.7,0,0,0,0,0,0,1,0,0.00,0.00,0.00,0.00,0.00,Matches,,,0,0,,0.00,0.00,,,,,,,,,,,,,,,,,,,Major League Soccer,2026
7e47a132,Zach Booth,Zach Booth,us USA,FW,Real Salt Lake,22-056,2004,3,2,138,1.5,0,0,0,0,0,0,0,0,0.00,0.00,0.00,0.00,0.00,Matches,,,0,0,,0.00,0.00,,,,,,,,,,,,,,,,,,,Major League Soccer,2026
df8c0be0,Diego Borges,Diego Borges,br BRA,DF,Sporting KC,21-120,2004,2,1,135,1.5,0,0,0,0,0,0,0,0,0.00,0.00,0.00,0.00,0.00,Matches,0.00,,1,0,0.0,0.00,0.67,,,,,,,,,,,,,,,,,,,Major League Soccer,2026
8ed39636,Dylan Borso,Dylan Borso,us USA,MF,Chicago Fire,19-316,2006,2,0,64,0.7,0,0,0,0,0,0,0,0,0.00,0.00,0.00,0.00,0.00,Matches,0.00,0.00,3,1,33.3,1.41,4.22,,,,,,,,,,,,,,,,,,,Major League Soccer,2026
0b0cbe5b,Denis Bouanga,Denis Bouanga,ga GAB,"MF,FW",LAFC,31-154,1994,7,7,567,6.3,4,1,5,4,0,0,3,0,0.63,0.16,0.79,0.63,0.79,Matches,0.14,0.33,28,12,42.9,1.90,4.44,,,,,,,,,,,,,,,,,,,Major League Soccer,2026
0672f944,Ousseni Bouda,Ousseni Bouda,bf BFA,"MF,FW",SJ Earthquakes,25-351,2000,7,7,585,6.5,2,0,2,2,0,0,1,0,0.31,0.00,0.31,0.31,0.31,Matches,0.14,0.33,14,6,42.9,0.92,2.15,,,,,,,,,,,,,,,,,,,Major League Soccer,2026
8c03d809,Amin Boudri,Amin Boudri,se SWE,MF,LAFC,21-197,2004,4,0,78,0.9,0,0,0,0,0,0,0,0,0.00,0.00,0.00,0.00,0.00,Matches,0.00,0.00,4,2,50.0,2.31,4.62,,,,,,,,,,,,,,,,,,,Major League Soccer,2026
a98f4de5,Agustín Bouzat,Agustín Bouzat,ar ARG,MF,Houston Dynamo,32-017,1994,5,4,319,3.5,0,0,0,0,0,0,0,1,0.00,0.00,0.00,0.00,0.00,Matches,0.00,0.00,6,2,33.3,0.56,1.69,,,,,,,,,,,,,,,,,,,Major League Soccer,2026
6bfa0d3a,Michael Boxall,Michael Boxall,nz NZL,DF,Minnesota Utd,37-239,1988,2,2,166,1.8,0,0,0,0,0,0,0,0,0.00,0.00,0.00,0.00,0.00,Matches,,,0,0,,0.00,0.00,,,,,,,,,,,,,,,,,,,Major League Soccer,2026
f4b1e26f,Tyler Boyd,Tyler Boyd,us USA,MF,LAFC,31-105,1994,7,2,248,2.8,1,0,1,1,0,0,1,0,0.36,0.00,0.36,0.36,0.36,Matches,0.13,0.25,8,4,50.0,1.45,2.90,,,,,,,,,,,,,,,,,,,Major League Soccer,2026
a71768a2,Chris Brady,Chris Brady,us USA,GK,Chicago Fire,22-042,2004,7,7,630,7.0,0,0,0,0,0,0,0,0,0.00,0.00,0.00,0.00,0.00,Matches,,,0,0,,0.00,0.00,4,57.1,7,7,5,0.71,2,630,1,1,0,0.0,0,83.3,20,24,1,4,Major League Soccer,2026
fd594b15,David Brekalo,David Brekalo,si SVN,DF,Orlando City,27-132,1998,6,6,540,6.0,0,0,0,0,0,0,1,0,0.00,0.00,0.00,0.00,0.00,Matches,0.00,0.00,3,1,33.3,0.17,0.50,,,,,,,,,,,,,,,,,,,Major League Soccer,2026
f6f4f7f0,Luke Brennan,Luke Brennan,us USA,FW,Atlanta Utd,21-049,2005,2,0,20,0.2,0,0,0,0,0,0,0,0,0.00,0.00,0.00,0.00,0.00,Matches,,,0,0,,0.00,0.00,,,,,,,,,,,,,,,,,,,Major League Soccer,2026
83b115d4,Yannick Bright,Yannick Bright,it ITA,MF,Inter Miami,24-223,2001,6,5,446,5.0,0,0,0,0,0,0,1,0,0.00,0.00,0.00,0.00,0.00,Matches,0.00,,1,0,0.0,0.00,0.20,,,,,,,,,,,,,,,,,,,Major League Soccer,2026
bd4460b1,Brandt Bronico,Brandt Bronico,us USA,MF,Charlotte,30-298,1995,6,2,235,2.6,0,0,0,0,0,0,0,0,0.00,0.00,0.00,0.00,0.00,Matches,0.00,,1,0,0.0,0.00,0.38,,,,,,,,,,,,,,,,,,,Major League Soccer,2026
1861c746,Snyder Brunell,Snyder Brunell,us USA,MF,Seattle Sounders,19-022,2007,6,2,275,3.1,0,0,0,0,0,0,1,0,0.00,0.00,0.00,0.00,0.00,Matches,0.00,0.00,2,2,100.0,0.65,0.65,,,,,,,,,,,,,,,,,,,Major League Soccer,2026
3235182a,Pavel Bucha,Pavel Bucha,cz CZE,MF,FC Cincinnati,28-034,1998,6,6,523,5.8,1,0,1,1,0,0,0,0,0.17,0.00,0.17,0.17,0.17,Matches,0.17,0.50,6,2,33.3,0.34,1.03,,,,,,,,,,,,,,,,,,,Major League Soccer,2026
8873ce45,Dawid Bugaj,Dawid Bugaj,pl POL,DF,CF Montréal,21-279,2004,3,2,208,2.3,0,0,0,0,0,0,0,0,0.00,0.00,0.00,0.00,0.00,Matches,0.00,0.00,3,1,33.3,0.43,1.30,,,,,,,,,,,,,,,,,,,Major League Soccer,2026
9d12e142,Roman Bürki,Roman Bürki,ch SUI,GK,St. Louis City,35-151,1990,7,7,630,7.0,0,0,0,0,0,0,1,0,0.00,0.00,0.00,0.00,0.00,Matches,,,0,0,,0.00,0.00,0,0.0,7,7,9,1.29,3,630,0,0,0,,0,71.0,22,31,3,1,Major League Soccer,2026
9fcd12af,Brandon Bye,Brandon Bye,us USA,DF,Portland Timbers,30-136,1995,7,6,575,6.4,0,1,1,0,0,0,2,0,0.00,0.16,0.16,0.00,0.16,Matches,0.00,,5,0,0.0,0.00,0.78,,,,,,,,,,,,,,,,,,,Major League Soccer,2026
c4041fbc,Nathan Byrne,Nathan Byrne,eng ENG,DF,Charlotte,33-313,1992,7,7,630,7.0,0,0,0,0,0,0,0,0,0.00,0.00,0.00,0.00,0.00,Matches,0.00,,1,0,0.0,0.00,0.14,,,,,,,,,,,,,,,,,,,Major League Soccer,2026
806f7a26,Rafael Cabral,Rafael Cabral,br BRA,GK,Real Salt Lake,35-329,1990,6,6,540,6.0,0,0,0,0,0,0,0,0,0.00,0.00,0.00,0.00,0.00,Matches,,,0,0,,0.00,0.00,0,0.0,6,6,8,1.33,1,540,0,0,0,,0,71.4,20,28,1,4,Major League Soccer,2026
eb442b0c,Kenji Cabrera,Kenji Cabrera,pe PER,MF,Vancouver W'caps,23-077,2003,3,0,61,0.7,0,1,1,0,0,0,0,0,0.00,1.48,1.48,0.00,1.48,Matches,0.00,,1,0,0.0,0.00,1.48,,,,,,,,,,,,,,,,,,,Major League Soccer,2026
7f06a1d2,Bruno Caicedo,Bruno Caicedo,ec ECU,MF,Vancouver W'caps,21-089,2005,2,0,48,0.5,0,1,1,0,0,0,0,0,0.00,1.87,1.87,0.00,1.87,Matches,0.00,0.00,5,1,20.0,1.87,9.37,,,,,,,,,,,,,,,,,,,Major League Soccer,2026
4b583a34,José Caicedo,José Caicedo,co COL,MF,Portland Timbers,23-326,2002,2,2,180,2.0,0,0,0,0,0,0,0,0,0.00,0.00,0.00,0.00,0.00,Matches,0.00,0.00,1,1,100.0,0.50,0.50,,,,,,,,,,,,,,,,,,,Major League Soccer,2026
682b151c,Taylor Calheira,Taylor Calheira,us USA,FW,Sporting KC,23-353,2002,5,0,31,0.3,0,0,0,0,0,0,1,0,0.00,0.00,0.00,0.00,0.00,Matches,0.00,0.00,2,2,100.0,5.81,5.81,,,,,,,,,,,,,,,,,,,Major League Soccer,2026
6d526838,Noel Caliskan,Noel Caliskan,de GER,MF,Real Salt Lake,25-228,2000,6,6,540,6.0,0,2,2,0,0,0,1,0,0.00,0.33,0.33,0.00,0.33,Matches,0.00,,4,0,0.0,0.00,0.67,,,,,,,,,,,,,,,,,,,Major League Soccer,2026
c4d9567d,Drake Callender,Drake Callender,us USA,GK,Minnesota Utd,28-189,1997,7,7,630,7.0,0,0,0,0,0,0,0,0,0.00,0.00,0.00,0.00,0.00,Matches,,,0,0,,0.00,0.00,2,28.6,7,7,13,1.86,2,630,2,2,0,0.0,0,71.8,28,39,2,3,Major League Soccer,2026
6ad16d47,Rudy Camacho,Rudy Camacho,fr FRA,DF,Columbus Crew,35-040,1991,7,6,547,6.1,0,0,0,0,0,0,0,0,0.00,0.00,0.00,0.00,0.00,Matches,0.00,0.00,2,2,100.0,0.33,0.33,,,,,,,,,,,,,,,,,,,Major League Soccer,2026
bf9c0749,Leonardo Campana,Leonardo Campana,ec ECU,FW,NE Revolution,25-264,2000,2,1,109,1.2,1,0,1,1,0,0,0,0,0.83,0.00,0.83,0.83,0.83,Matches,0.50,1.00,2,1,50.0,0.83,1.65,,,,,,,,,,,,,,,,,,,Major League Soccer,2026
ad9ffc7e,Reggie Cannon,Reggie Cannon,us USA,DF,Colorado Rapids,27-307,1998,3,3,199,2.2,0,0,0,0,0,0,1,0,0.00,0.00,0.00,0.00,0.00,Matches,0.00,0.00,1,1,100.0,0.45,0.45,,,,,,,,,,,,,,,,,,,Major League Soccer,2026
13d5fc25,Capita,Capita,ao ANG,MF,Sporting KC,24-094,2002,1,0,34,0.4,0,0,0,0,0,0,0,0,0.00,0.00,0.00,0.00,0.00,Matches,0.00,,1,0,0.0,0.00,2.65,,,,,,,,,,,,,,,,,,,Major League Soccer,2026
25ef5b47,Christian Cappis,Christian Cappis,us USA,MF,FC Dallas,26-244,1999,7,6,478,5.3,0,0,0,0,0,0,2,0,0.00,0.00,0.00,0.00,0.00,Matches,0.00,,3,0,0.0,0.00,0.56,,,,,,,,,,,,,,,,,,,Major League Soccer,2026
949fe1e8,Antonio Carlos,Antonio Carlos,br BRA,DF,Houston Dynamo,33-038,1993,5,5,404,4.5,0,0,0,0,0,0,0,1,0.00,0.00,0.00,0.00,0.00,Matches,0.00,0.00,4,1,25.0,0.22,0.89,,,,,,,,,,,,,,,,,,,Major League Soccer,2026
cab97dd2,Wikelman Carmona,Wikelman Carmona,ve VEN,MF,CF Montréal,23-049,2003,7,5,415,4.6,3,1,4,3,0,0,1,0,0.65,0.22,0.87,0.65,0.87,Matches,0.30,0.60,10,5,50.0,1.08,2.17,,,,,,,,,,,,,,,,,,,Major League Soccer,2026
39b3e9d4,Maxi Carrizo,Maxi Carrizo,us USA,MF,NYCFC,18-045,2008,1,0,20,0.2,0,0,0,0,0,0,0,0,0.00,0.00,0.00,0.00,0.00,Matches,0.00,,1,0,0.0,0.00,4.50,,,,,,,,,,,,,,,,,,,Major League Soccer,2026
9f0f5d15,Wilder Cartagena,Wilder Cartagena,pe PER,MF,Orlando City,31-203,1994,1,1,13,0.1,0,0,0,0,0,0,0,0,0.00,0.00,0.00,0.00,0.00,Matches,,,0,0,,0.00,0.00,,,,,,,,,,,,,,,,,,,Major League Soccer,2026
d9180b76,Cabral Carter,Cabral Carter,us USA,GK,LAFC,21-283,2004,1,0,61,0.7,0,0,0,0,0,0,0,0,0.00,0.00,0.00,0.00,0.00,Matches,,,0,0,,0.00,0.00,0,,1,0,2,2.95,,61,0,0,0,,0,75.0,6,8,,,Major League Soccer,2026
290d5b58,Nico Cavallo,Nico Cavallo,us USA,DF,NYCFC,24-108,2001,1,0,3,0.0,0,0,0,0,0,0,0,0,0.00,0.00,0.00,0.00,0.00,Matches,,,0,0,,0.00,0.00,,,,,,,,,,,,,,,,,,,Major League Soccer,2026
3fa61ade,Brayan Ceballos,Brayan Ceballos,co COL,DF,NE Revolution,24-325,2001,5,5,450,5.0,2,0,2,2,0,0,2,0,0.40,0.00,0.40,0.40,0.40,Matches,1.00,1.00,2,2,100.0,0.40,0.40,,,,,,,,,,,,,,,,,,,Major League Soccer,2026
42ba8628,Roman Celentano,Roman Celentano,us USA,GK,FC Cincinnati,25-212,2000,5,5,450,5.0,0,0,0,0,0,0,0,0,0.00,0.00,0.00,0.00,0.00,Matches,,,0,0,,0.00,0.00,1,20.0,5,5,9,1.80,3,450,0,0,0,,0,65.4,17,26,1,1,Major League Soccer,2026
bd060315,Edwin Cerrillo,Edwin Cerrillo,us USA,MF,LA Galaxy,25-193,2000,6,6,526,5.8,0,0,0,0,0,0,2,0,0.00,0.00,0.00,0.00,0.00,Matches,0.00,0.00,6,3,50.0,0.51,1.03,,,,,,,,,,,,,,,,,,,Major League Soccer,2026
dbde4959,Dylan Chambost,Dylan Chambost,fr FRA,MF,Columbus Crew,28-238,1997,5,4,282,3.1,0,1,1,0,0,0,2,0,0.00,0.32,0.32,0.00,0.32,Matches,0.00,,2,0,0.0,0.00,0.64,,,,,,,,,,,,,,,,,,,Major League Soccer,2026
317be364,Tomás Chancalay,Tomás Chancalay,ar ARG,"FW,MF",Minnesota Utd,27-103,1999,7,7,573,6.4,0,2,2,0,0,0,0,0,0.00,0.31,0.31,0.00,0.31,Matches,0.00,0.00,15,4,26.7,0.63,2.36,,,,,,,,,,,,,,,,,,,Major League Soccer,2026
3864b63d,Kieran Chandler,Kieran Chandler,us USA,DF,Minnesota Utd,20-309,2005,1,0,9,0.1,0,0,0,0,0,0,0,0,0.00,0.00,0.00,0.00,0.00,Matches,,,0,0,,0.00,0.00,,,,,,,,,,,,,,,,,,,Major League Soccer,2026
6260cc9d,Diego Chará,Diego Chará,co COL,MF,Portland Timbers,40-009,1986,6,4,368,4.1,0,0,0,0,0,0,2,0,0.00,0.00,0.00,0.00,0.00,Matches,0.00,,1,0,0.0,0.00,0.24,,,,,,,,,,,,,,,,,,,Major League Soccer,2026
c37ce1ca,Gabriel Chaves,Gabriel Chaves,br BRA,"MF,FW",LA Galaxy,25-062,2001,6,6,491,5.5,0,2,2,0,0,0,2,1,0.00,0.37,0.37,0.00,0.37,Matches,0.00,0.00,31,16,51.6,2.93,5.68,,,,,,,,,,,,,,,,,,,Major League Soccer,2026
3c569f37,Justin Che,Justin Che,us USA,DF,NY Red Bulls,22-147,2003,4,4,359,4.0,0,0,0,0,0,0,2,0,0.00,0.00,0.00,0.00,0.00,Matches,0.00,0.00,3,2,66.7,0.50,0.75,,,,,,,,,,,,,,,,,,,Major League Soccer,2026
02fbc447,Yevhen Cheberko,Yevhen Cheberko,ua UKR,"DF,MF",Columbus Crew,28-081,1998,1,0,18,0.2,0,0,0,0,0,0,0,0,0.00,0.00,0.00,0.00,0.00,Matches,,,0,0,,0.00,0.00,,,,,,,,,,,,,,,,,,,Major League Soccer,2026
c5c6e70e,Andrei Chirilă,Andrei Chirilă,us USA,DF,FC Cincinnati,17-242,2008,1,1,90,1.0,0,0,0,0,0,0,0,0,0.00,0.00,0.00,0.00,0.00,Matches,0.00,0.00,1,1,100.0,1.00,1.00,,,,,,,,,,,,,,,,,,,Major League Soccer,2026
017459bb,Mathieu Choiniere,Mathieu Choiniere,ca CAN,MF,LAFC,27-066,1999,7,3,300,3.3,2,0,2,2,0,0,0,0,0.60,0.00,0.60,0.60,0.60,Matches,1.00,1.00,2,2,100.0,0.60,0.60,,,,,,,,,,,,,,,,,,,Major League Soccer,2026
8c8c07a7,José Cifuentes,José Cifuentes,ec ECU,MF,Toronto FC,27-033,1999,7,7,584,6.5,1,0,1,1,0,0,2,0,0.15,0.00,0.15,0.15,0.15,Matches,0.14,0.33,7,3,42.9,0.46,1.08,,,,,,,,,,,,,,,,,,,Major League Soccer,2026
6e327d0d,Caden Clark,Caden Clark,us USA,MF,D.C. United,22-322,2003,5,0,59,0.7,0,0,0,0,0,0,0,0,0.00,0.00,0.00,0.00,0.00,Matches,0.00,,1,0,0.0,0.00,1.53,,,,,,,,,,,,,,,,,,,Major League Soccer,2026
4c46e404,Noah Cobb,Noah Cobb,us USA,DF,Colorado Rapids,20-268,2005,4,1,137,1.5,0,0,0,0,0,0,2,0,0.00,0.00,0.00,0.00,0.00,Matches,,,0,0,,0.00,0.00,,,,,,,,,,,,,,,,,,,Major League Soccer,2026
00eb5be4,Alonso Coello,Alonso Coello,es ESP,MF,Toronto FC,26-184,1999,7,5,417,4.6,0,1,1,0,0,0,0,0,0.00,0.22,0.22,0.00,0.22,Matches,0.00,0.00,1,1,100.0,0.22,0.22,,,,,,,,,,,,,,,,,,,Major League Soccer,2026
e5857da0,Michael Collodi,Michael Collodi,us USA,GK,FC Dallas,24-324,2001,7,7,630,7.0,0,0,0,0,0,0,1,0,0.00,0.00,0.00,0.00,0.00,Matches,,,0,0,,0.00,0.00,2,28.6,7,7,10,1.43,1,630,2,2,0,0.0,0,69.2,18,26,3,3,Major League Soccer,2026
0acbd246,Matthew Corcoran,Matthew Corcoran,us USA,MF,Nashville SC,20-056,2006,4,2,185,2.1,0,0,0,0,0,0,2,1,0.00,0.00,0.00,0.00,0.00,Matches,0.00,,1,0,0.0,0.00,0.49,,,,,,,,,,,,,,,,,,,Major League Soccer,2026
229cd98a,Sergio Córdova,Sergio Córdova,ve VEN,"MF,FW",St. Louis City,28-248,1997,5,2,242,2.7,0,0,0,0,0,0,1,0,0.00,0.00,0.00,0.00,0.00,Matches,0.00,,3,0,0.0,0.00,1.12,,,,,,,,,,,,,,,,,,,Major League Soccer,2026
59948ef7,David Costa,David Costa,pt POR,MF,Portland Timbers,25-099,2001,4,4,309,3.4,1,0,1,1,0,0,0,0,0.29,0.00,0.29,0.29,0.29,Matches,0.50,0.50,2,2,100.0,0.58,0.58,,,,,,,,,,,,,,,,,,,Major League Soccer,2026
e28ae695,Vitor Costa,Vitor Costa,br BRA,"DF,MF",SJ Earthquakes,31-287,1994,3,0,91,1.0,0,0,0,0,0,0,0,0,0.00,0.00,0.00,0.00,0.00,Matches,,,0,0,,0.00,0.00,,,,,,,,,,,,,,,,,,,Major League Soccer,2026
f8e95f87,Cade Cowell,Cade Cowell,us USA,"FW,MF",NY Red Bulls,22-182,2003,6,6,453,5.0,0,1,1,0,0,0,1,0,0.00,0.20,0.20,0.00,0.20,Matches,0.00,0.00,13,5,38.5,0.99,2.58,,,,,,,,,,,,,,,,,,,Major League Soccer,2026
4d0f7cb3,Brandan Craig,Brandan Craig,us USA,DF,CF Montréal,22-007,2004,3,1,163,1.8,0,0,0,0,0,0,1,0,0.00,0.00,0.00,0.00,0.00,Matches,0.00,0.00,3,1,33.3,0.55,1.66,,,,,,,,,,,,,,,,,,,Major League Soccer,2026
ea42e480,Maxime Crépeau,Maxime Crépeau,ca CAN,GK,Orlando City,31-338,1994,6,6,465,5.2,0,0,0,0,0,0,0,1,0.00,0.00,0.00,0.00,0.00,Matches,,,0,0,,0.00,0.00,0,0.0,6,6,23,4.45,5,465,1,1,0,0.0,0,54.2,26,48,1,0,Major League Soccer,2026
9b40a6ea,Andrés Cubas,Andrés Cubas,py PAR,MF,Vancouver W'caps,29-327,1996,5,5,395,4.4,0,0,0,0,0,0,3,0,0.00,0.00,0.00,0.00,0.00,Matches,0.00,,2,0,0.0,0.00,0.46,,,,,,,,,,,,,,,,,,,Major League Soccer,2026
cf4f1eb9,Mauricio Cuevas,Mauricio Cuevas,us USA,"MF,DF",LA Galaxy,23-063,2003,5,2,262,2.9,0,0,0,0,0,0,1,0,0.00,0.00,0.00,0.00,0.00,Matches,0.00,0.00,2,1,50.0,0.34,0.69,,,,,,,,,,,,,,,,,,,Major League Soccer,2026
ad2bce19,Christopher Cupps,Christopher Cupps,us USA,DF,Chicago Fire,17-323,2008,2,0,44,0.5,0,0,0,0,0,0,0,0,0.00,0.00,0.00,0.00,0.00,Matches,,,0,0,,0.00,0.00,,,,,,,,,,,,,,,,,,,Major League Soccer,2026
9f417f8c,Hugo Cuypers,Hugo Cuypers,be BEL,FW,Chicago Fire,29-066,1997,4,4,360,4.0,4,0,4,2,2,2,0,0,1.00,0.00,1.00,0.50,0.50,Matches,0.17,0.29,12,7,58.3,1.75,3.00,,,,,,,,,,,,,,,,,,,Major League Soccer,2026
1fd1c027,Jayden Da,Jayden Da,us USA,FW,NE Revolution,24-006,2002,1,0,9,0.1,0,0,0,0,0,0,0,0,0.00,0.00,0.00,0.00,0.00,Matches,,,0,0,,0.00,0.00,,,,,,,,,,,,,,,,,,,Major League Soccer,2026
47546af8,Bruno Damiani,Bruno Damiani,uy URU,FW,Philadelphia Union,23-361,2002,7,7,585,6.5,0,0,0,0,0,0,2,0,0.00,0.00,0.00,0.00,0.00,Matches,0.00,0.00,15,1,6.7,0.15,2.31,,,,,,,,,,,,,,,,,,,Major League Soccer,2026
c350e7d5,Dagur Dan Þórhallsson,Dagur Dan Þórhallsson,is ISL,"MF,DF",CF Montréal,25-347,2000,7,6,473,5.3,0,0,0,0,0,0,0,0,0.00,0.00,0.00,0.00,0.00,Matches,0.00,0.00,4,1,25.0,0.19,0.76,,,,,,,,,,,,,,,,,,,Major League Soccer,2026
636fc976,Daniel,Daniel,br BRA,GK,SJ Earthquakes,31-343,1994,7,7,630,7.0,0,0,0,0,0,0,0,0,0.00,0.00,0.00,0.00,0.00,Matches,,,0,0,,0.00,0.00,5,71.4,7,7,2,0.29,1,630,0,0,0,,0,90.0,18,20,0,6,Major League Soccer,2026
b5687b08,Jesús Daniel Bueno,Jesús Daniel Bueno,ve VEN,MF,Philadelphia Union,26-364,1999,6,3,259,2.9,1,0,1,1,0,0,1,0,0.35,0.00,0.35,0.35,0.35,Matches,0.20,0.25,5,4,80.0,1.39,1.74,,,,,,,,,,,,,,,,,,,Major League Soccer,2026
bb18b3b6,Juan David Mosquera,Juan David Mosquera,co COL,DF,Portland Timbers,23-221,2002,1,1,45,0.5,1,1,2,1,0,0,0,0,2.00,2.00,4.00,2.00,4.00,Matches,1.00,1.00,1,1,100.0,2.00,2.00,,,,,,,,,,,,,,,,,,,Major League Soccer,2026
79d3a503,Jake Davis,Jake Davis,us USA,"MF,FW",Sporting KC,24-101,2002,7,6,561,6.2,0,1,1,0,0,0,1,0,0.00,0.16,0.16,0.00,0.16,Matches,0.00,,2,0,0.0,0.00,0.32,,,,,,,,,,,,,,,,,,,Major League Soccer,2026
162efffd,Rodrigo De Paul,Rodrigo De Paul,ar ARG,MF,Inter Miami,31-325,1994,5,5,450,5.0,1,1,2,1,0,0,1,0,0.20,0.20,0.40,0.20,0.40,Matches,0.11,0.25,9,4,44.4,0.80,1.80,,,,,,,,,,,,,,,,,,,Major League Soccer,2026
1b09202f,Osaze De Rosario,Osaze De Rosario,gy GUY,FW,Seattle Sounders,24-269,2001,5,4,278,3.1,0,0,0,0,0,0,0,0,0.00,0.00,0.00,0.00,0.00,Matches,0.00,,4,0,0.0,0.00,1.29,,,,,,,,,,,,,,,,,,,Major League Soccer,2026
ed8c35d2,Jonathan Dean,Jonathan Dean,us USA,DF,Chicago Fire,28-334,1997,4,2,169,1.9,0,0,0,0,0,0,0,1,0.00,0.00,0.00,0.00,0.00,Matches,,,0,0,,0.00,0.00,,,,,,,,,,,,,,,,,,,Major League Soccer,2026
f7059bb1,Louicius Deedson,Louicius Deedson,ht HAI,MF,FC Dallas,25-062,2001,5,1,129,1.4,1,0,1,1,0,0,0,0,0.70,0.00,0.70,0.70,0.70,Matches,0.20,1.00,5,1,20.0,0.70,3.49,,,,,,,,,,,,,,,,,,,Major League Soccer,2026
7f6a25b7,Marky Delgado,Marky Delgado,us USA,MF,LAFC,30-333,1995,7,6,524,5.8,1,1,2,1,0,0,1,0,0.17,0.17,0.34,0.17,0.34,Matches,0.20,0.50,5,2,40.0,0.34,0.86,,,,,,,,,,,,,,,,,,,Major League Soccer,2026
79d49f47,Patrickson Delgado,Patrickson Delgado,ec ECU,MF,FC Dallas,22-179,2003,7,3,257,2.9,1,0,1,1,0,0,0,0,0.35,0.00,0.35,0.35,0.35,Matches,0.33,1.00,3,1,33.3,0.35,1.05,,,,,,,,,,,,,,,,,,,Major League Soccer,2026
0d3585b5,Kévin Denkey,Kévin Denkey,tg TOG,FW,FC Cincinnati,25-135,2000,7,6,565,6.3,2,1,3,2,0,0,3,1,0.32,0.16,0.48,0.32,0.48,Matches,0.15,0.50,13,4,30.8,0.64,2.07,,,,,,,,,,,,,,,,,,,Major League Soccer,2026
1d5c96f8,Mikkel Desler,Mikkel Desler,dk DEN,"DF,MF",Austin FC,31-054,1995,2,0,43,0.5,0,0,0,0,0,0,1,0,0.00,0.00,0.00,0.00,0.00,Matches,0.00,0.00,1,1,100.0,2.09,2.09,,,,,,,,,,,,,,,,,,,Major League Soccer,2026
4d095331,Djibril Diani,Djibril Diani,fr FRA,MF,Charlotte,28-062,1998,6,4,261,2.9,0,0,0,0,0,0,2,0,0.00,0.00,0.00,0.00,0.00,Matches,0.00,,4,0,0.0,0.00,1.38,,,,,,,,,,,,,,,,,,,Major League Soccer,2026
ec27d954,Jefferson Díaz,Jefferson Díaz,co COL,DF,Minnesota Utd,25-130,2000,6,6,520,5.8,0,0,0,0,0,0,3,0,0.00,0.00,0.00,0.00,0.00,Matches,0.00,0.00,6,3,50.0,0.52,1.04,,,,,,,,,,,,,,,,,,,Major League Soccer,2026
31429cca,Mamadou Dieng,Mamadou Dieng,sn SEN,FW,Minnesota Utd,22-069,2004,6,0,45,0.5,0,0,0,0,0,0,0,0,0.00,0.00,0.00,0.00,0.00,Matches,0.00,0.00,6,3,50.0,6.00,12.00,,,,,,,,,,,,,,,,,,,Major League Soccer,2026
4d095ea6,Griffin Dillon,Griffin Dillon,us USA,MF,Real Salt Lake,22-354,2003,4,2,199,2.2,0,0,0,0,0,0,1,0,0.00,0.00,0.00,0.00,0.00,Matches,0.00,0.00,4,2,50.0,0.90,1.81,,,,,,,,,,,,,,,,,,,Major League Soccer,2026
b055c837,Puso Dithejane,Puso Dithejane,za RSA,MF,Chicago Fire,21-307,2004,2,0,5,0.1,0,0,0,0,0,0,0,0,0.00,0.00,0.00,0.00,0.00,Matches,,,0,0,,0.00,0.00,,,,,,,,,,,,,,,,,,,Major League Soccer,2026
6b561720,Innocent Dje,Innocent Dje,ci CIV,MF,Chicago Fire,22-344,2003,7,5,436,4.8,0,0,0,0,0,0,3,0,0.00,0.00,0.00,0.00,0.00,Matches,0.00,,1,0,0.0,0.00,0.21,,,,,,,,,,,,,,,,,,,Major League Soccer,2026
82a10738,Ronald Donkor,Ronald Donkor,gh GHA,MF,NY Red Bulls,21-145,2004,6,6,481,5.3,0,1,1,0,0,0,3,0,0.00,0.19,0.19,0.00,0.19,Matches,0.00,0.00,5,1,20.0,0.19,0.94,,,,,,,,,,,,,,,,,,,Major League Soccer,2026
2446b380,Shane Donovan,Shane Donovan,us USA,MF,Sporting KC,19-098,2007,1,0,1,0.0,0,0,0,0,0,0,0,0,0.00,0.00,0.00,0.00,0.00,Matches,,,0,0,,0.00,0.00,,,,,,,,,,,,,,,,,,,Major League Soccer,2026
c182ca04,Griffin Dorsey,Griffin Dorsey,us USA,"DF,MF",Orlando City,27-040,1999,6,6,486,5.4,0,1,1,0,0,0,1,0,0.00,0.19,0.19,0.00,0.19,Matches,0.00,0.00,4,1,25.0,0.19,0.74,,,,,,,,,,,,,,,,,,,Major League Soccer,2026
84dd18f1,Matthew Dos Santos,Matthew Dos Santos,us USA,DF,NY Red Bulls,17-313,2008,7,7,475,5.3,0,0,0,0,0,0,1,0,0.00,0.00,0.00,0.00,0.00,Matches,0.00,,1,0,0.0,0.00,0.19,,,,,,,,,,,,,,,,,,,Major League Soccer,2026
8f2af1ed,Hassani Dotson,Hassani Dotson,us USA,MF,Seattle Sounders,28-251,1997,4,3,244,2.7,0,0,0,0,0,0,2,0,0.00,0.00,0.00,0.00,0.00,Matches,,,0,0,,0.00,0.00,,,,,,,,,,,,,,,,,,,Major League Soccer,2026
c6486b01,Anders Dreyer,Anders Dreyer,dk DEN,"FW,MF",San Diego FC,27-347,1998,7,6,573,6.4,3,3,6,3,0,0,0,0,0.47,0.47,0.94,0.47,0.94,Matches,0.13,0.23,24,13,54.2,2.04,3.77,,,,,,,,,,,,,,,,,,,Major League Soccer,2026
037bebf4,Manu Duah,Manu Duah,gh GHA,DF,San Diego FC,20-313,2005,6,6,479,5.3,0,0,0,0,0,0,1,1,0.00,0.00,0.00,0.00,0.00,Matches,0.00,,1,0,0.0,0.00,0.19,,,,,,,,,,,,,,,,,,,Major League Soccer,2026
bed3eed1,Nicolás Dubersarsky,Nicolás Dubersarsky,ar ARG,MF,Austin FC,21-114,2004,6,4,373,4.1,0,0,0,0,0,0,0,0,0.00,0.00,0.00,0.00,0.00,Matches,0.00,,1,0,0.0,0.00,0.24,,,,,,,,,,,,,,,,,,,Major League Soccer,2026
04391c12,Morris Duggan,Morris Duggan,de GER,DF,Minnesota Utd,25-172,2000,7,7,630,7.0,1,0,1,1,0,0,2,0,0.14,0.00,0.14,0.14,0.14,Matches,0.25,0.50,4,2,50.0,0.29,0.57,,,,,,,,,,,,,,,,,,,Major League Soccer,2026
59557625,Bryce Duke,Bryce Duke,us USA,MF,San Diego FC,25-045,2001,2,0,23,0.3,0,0,0,0,0,0,0,0,0.00,0.00,0.00,0.00,0.00,Matches,,,0,0,,0.00,0.00,,,,,,,,,,,,,,,,,,,Major League Soccer,2026
575e6cb1,Kyle Duncan,Kyle Duncan,us USA,"MF,DF",Minnesota Utd,28-249,1997,5,4,312,3.5,1,0,1,1,0,0,1,0,0.29,0.00,0.29,0.29,0.29,Matches,0.33,0.50,3,2,66.7,0.58,0.87,,,,,,,,,,,,,,,,,,,Major League Soccer,2026
0ffd4373,Chris Durkin,Chris Durkin,us USA,MF,St. Louis City,26-065,2000,7,7,596,6.6,1,0,1,1,0,0,2,0,0.15,0.00,0.15,0.15,0.15,Matches,0.13,0.50,8,2,25.0,0.30,1.21,,,,,,,,,,,,,,,,,,,Major League Soccer,2026
5fa7b2ec,Jeremy Ebobisse,Jeremy Ebobisse,us USA,"FW,MF",LAFC,29-059,1997,1,0,18,0.2,0,0,0,0,0,0,0,0,0.00,0.00,0.00,0.00,0.00,Matches,,,0,0,,0.00,0.00,,,,,,,,,,,,,,,,,,,Major League Soccer,2026
837bd7eb,Ender Echenique,Ender Echenique,ve VEN,MF,FC Cincinnati,22-012,2004,7,6,560,6.2,1,2,3,1,0,0,1,0,0.16,0.32,0.48,0.16,0.48,Matches,0.10,0.33,10,3,30.0,0.48,1.61,,,,,,,,,,,,,,,,,,,Major League Soccer,2026
a8de0bd5,Daniel Edelman,Daniel Edelman,us USA,MF,St. Louis City,22-351,2003,7,7,599,6.7,0,2,2,0,0,0,1,0,0.00,0.30,0.30,0.00,0.30,Matches,0.00,,2,0,0.0,0.00,0.30,,,,,,,,,,,,,,,,,,,Major League Soccer,2026
8510e2e6,Matthew Edwards,Matthew Edwards,us USA,DF,Atlanta Utd,23-056,2003,3,0,33,0.4,0,0,0,0,0,0,0,0,0.00,0.00,0.00,0.00,0.00,Matches,0.00,,1,0,0.0,0.00,2.73,,,,,,,,,,,,,,,,,,,Major League Soccer,2026
b828d56a,Raheem Edwards,Raheem Edwards,ca CAN,"MF,DF",Toronto FC,30-273,1995,6,4,365,4.1,0,0,0,0,0,0,1,1,0.00,0.00,0.00,0.00,0.00,Matches,0.00,0.00,3,1,33.3,0.25,0.74,,,,,,,,,,,,,,,,,,,Major League Soccer,2026
b6e2a075,Wilson Eisner,Wilson Eisner,us USA,DF,San Diego FC,23-346,2002,2,0,79,0.9,0,0,0,0,0,0,0,0,0.00,0.00,0.00,0.00,0.00,Matches,,,0,0,,0.00,0.00,,,,,,,,,,,,,,,,,,,Major League Soccer,2026
041deebd,Jack Elliott,Jack Elliott,eng ENG,DF,Chicago Fire,30-232,1995,5,5,395,4.4,0,0,0,0,0,0,1,0,0.00,0.00,0.00,0.00,0.00,Matches,0.00,,4,0,0.0,0.00,0.91,,,,,,,,,,,,,,,,,,,Major League Soccer,2026
7cd21bce,Rayan Elloumi,Rayan Elloumi,tn TUN,FW,Vancouver W'caps,18-209,2007,5,0,35,0.4,0,0,0,0,0,0,0,0,0.00,0.00,0.00,0.00,0.00,Matches,,,0,0,,0.00,0.00,,,,,,,,,,,,,,,,,,,Major League Soccer,2026
aedaf328,Lukas Engel,Lukas Engel,dk DEN,DF,Real Salt Lake,27-121,1998,5,5,420,4.7,0,0,0,0,0,0,0,0,0.00,0.00,0.00,0.00,0.00,Matches,0.00,,6,0,0.0,0.00,1.29,,,,,,,,,,,,,,,,,,,Major League Soccer,2026
f77a051b,Lawrence Ennali,Lawrence Ennali,de GER,MF,Houston Dynamo,24-038,2002,6,6,518,5.8,2,0,2,2,0,0,0,0,0.35,0.00,0.35,0.35,0.35,Matches,0.40,0.50,5,4,80.0,0.69,0.87,,,,,,,,,,,,,,,,,,,Major League Soccer,2026
d515b0f9,Olger Escobar,Olger Escobar,gt GUA,MF,CF Montréal,19-215,2006,6,1,91,1.0,0,0,0,0,0,0,0,0,0.00,0.00,0.00,0.00,0.00,Matches,0.00,0.00,4,2,50.0,1.98,3.96,,,,,,,,,,,,,,,,,,,Major League Soccer,2026
9c794a80,Cristian Espinoza,Cristian Espinoza,ar ARG,"FW,MF",Nashville SC,31-011,1995,7,5,427,4.7,2,2,4,2,0,0,0,0,0.42,0.42,0.84,0.42,0.84,Matches,0.22,0.67,9,3,33.3,0.63,1.90,,,,,,,,,,,,,,,,,,,Major League Soccer,2026
59059f1e,Derrick Etienne,Derrick Etienne,ht HAI,"FW,MF",Toronto FC,29-140,1996,5,3,311,3.5,1,0,1,1,0,0,0,0,0.29,0.00,0.29,0.29,0.29,Matches,0.20,0.33,5,3,60.0,0.87,1.45,,,,,,,,,,,,,,,,,,,Major League Soccer,2026
577efaec,Stephen Eustáquio,Stephen Eustáquio,ca CAN,MF,LAFC,29-114,1996,3,3,270,3.0,1,1,2,1,0,0,0,0,0.33,0.33,0.67,0.33,0.67,Matches,0.33,0.50,3,2,66.7,0.67,1.00,,,,,,,,,,,,,,,,,,,Major League Soccer,2026
4352d221,Evander,Evander,br BRA,"MF,FW",FC Cincinnati,27-309,1998,6,5,389,4.3,0,1,1,0,0,0,0,0,0.00,0.23,0.23,0.00,0.23,Matches,0.00,0.00,14,7,50.0,1.62,3.24,,,,,,,,,,,,,,,,,,,Major League Soccer,2026
7fb0f29f,Matthew Evans,Matthew Evans,gt GUA,MF,LAFC,19-324,2006,1,1,55,0.6,0,1,1,0,0,0,1,0,0.00,1.64,1.64,0.00,1.64,Matches,0.00,0.00,2,1,50.0,1.64,3.27,,,,,,,,,,,,,,,,,,,Major League Soccer,2026
3409de86,Nicolás Ezequiel Fernández,Nicolás Ezequiel Fernández,ar ARG,"FW,MF",NYCFC,26-093,2000,7,7,622,6.9,5,0,5,4,1,1,1,0,0.72,0.00,0.72,0.58,0.58,Matches,0.17,0.31,23,13,56.5,1.88,3.33,,,,,,,,,,,,,,,,,,,Major League Soccer,2026
fe81682e,Diego Fagúndez,Diego Fagúndez,uy URU,"FW,MF",NE Revolution,31-059,1995,2,0,21,0.2,0,0,0,0,0,0,0,0,0.00,0.00,0.00,0.00,0.00,Matches,,,0,0,,0.00,0.00,,,,,,,,,,,,,,,,,,,Major League Soccer,2026
8470a4c2,Maximiliano Falcón,Maximiliano Falcón,uy URU,DF,Inter Miami,28-348,1997,5,5,450,5.0,0,0,0,0,0,0,2,0,0.00,0.00,0.00,0.00,0.00,Matches,0.00,,3,0,0.0,0.00,0.60,,,,,,,,,,,,,,,,,,,Major League Soccer,2026
805a2a11,Mamadou Fall,Mamadou Fall,sn SEN,DF,St. Louis City,23-144,2002,1,0,1,0.0,0,0,0,0,0,0,0,0,0.00,0.00,0.00,0.00,0.00,Matches,,,0,0,,0.00,0.00,,,,,,,,,,,,,,,,,,,Major League Soccer,2026
6ef46d30,Arnau Farnós,Arnau Farnós,es ESP,MF,NYCFC,23-086,2003,1,0,3,0.0,0,0,0,0,0,0,0,0,0.00,0.00,0.00,0.00,0.00,Matches,0.00,0.00,1,1,100.0,30.00,30.00,,,,,,,,,,,,,,,,,,,Major League Soccer,2026
71eda165,Andrew Farrell,Andrew Farrell,us USA,DF,NE Revolution,34-012,1992,1,1,90,1.0,0,0,0,0,0,0,0,0,0.00,0.00,0.00,0.00,0.00,Matches,,,0,0,,0.00,0.00,,,,,,,,,,,,,,,,,,,Major League Soccer,2026
640b5773,Logan Farrington,Logan Farrington,us USA,FW,FC Dallas,24-121,2001,7,6,485,5.4,4,1,5,4,0,0,1,0,0.74,0.19,0.93,0.74,0.93,Matches,0.27,0.67,15,6,40.0,1.11,2.78,,,,,,,,,,,,,,,,,,,Major League Soccer,2026
fe91e603,Ilay Feingold,Ilay Feingold,il ISR,DF,NE Revolution,21-234,2004,6,5,441,4.9,1,0,1,1,0,0,0,0,0.20,0.00,0.20,0.20,0.20,Matches,0.17,1.00,6,1,16.7,0.20,1.22,,,,,,,,,,,,,,,,,,,Major League Soccer,2026
43801098,Nick Fernandez,Nick Fernandez,us USA,MF,SJ Earthquakes,24-113,2001,4,0,58,0.6,0,0,0,0,0,0,0,0,0.00,0.00,0.00,0.00,0.00,Matches,0.00,0.00,3,1,33.3,1.55,4.66,,,,,,,,,,,,,,,,,,,Major League Soccer,2026
56b6d34f,Duran Ferree,Duran Ferree,us USA,GK,San Diego FC,19-198,2006,6,6,540,6.0,0,0,0,0,0,0,0,0,0.00,0.00,0.00,0.00,0.00,Matches,,,0,0,,0.00,0.00,3,50.0,6,6,7,1.17,2,540,1,1,0,0.0,0,78.6,22,28,1,3,Major League Soccer,2026
f61246d8,Jesús Ferreira,Jesús Ferreira,us USA,MF,Seattle Sounders,25-111,2000,6,5,319,3.5,0,2,2,0,0,0,0,0,0.00,0.56,0.56,0.00,0.56,Matches,0.00,0.00,3,3,100.0,0.85,0.85,,,,,,,,,,,,,,,,,,,Major League Soccer,2026
55d8f630,Gilberto Flores,Gilberto Flores,py PAR,DF,FC Cincinnati,23-013,2003,4,2,197,2.2,0,0,0,0,0,0,0,0,0.00,0.00,0.00,0.00,0.00,Matches,0.00,,1,0,0.0,0.00,0.46,,,,,,,,,,,,,,,,,,,Major League Soccer,2026
ee4a0679,CJ Fodrey,CJ Fodrey,us USA,FW,Austin FC,22-063,2004,6,0,73,0.8,0,0,0,0,0,0,0,0,0.00,0.00,0.00,0.00,0.00,Matches,,,0,0,,0.00,0.00,,,,,,,,,,,,,,,,,,,Major League Soccer,2026
4c4ffacc,Mamadou Fofana,Mamadou Fofana,ml MLI,DF,NE Revolution,28-083,1998,5,5,450,5.0,1,0,1,1,0,0,1,0,0.20,0.00,0.20,0.20,0.20,Matches,1.00,1.00,1,1,100.0,0.20,0.20,,,,,,,,,,,,,,,,,,,Major League Soccer,2026
9a2e0ccc,Emil Forsberg,Emil Forsberg,se SWE,MF,NY Red Bulls,34-173,1991,7,7,621,6.9,1,1,2,1,0,0,0,0,0.14,0.14,0.29,0.14,0.29,Matches,0.06,0.20,16,5,31.3,0.72,2.32,,,,,,,,,,,,,,,,,,,Major League Soccer,2026
6c3c3c3c,Ajani Fortune,Ajani Fortune,tt TRI,MF,Atlanta Utd,23-105,2002,2,0,35,0.4,0,0,0,0,0,0,0,0,0.00,0.00,0.00,0.00,0.00,Matches,,,0,0,,0.00,0.00,,,,,,,,,,,,,,,,,,,Major League Soccer,2026
faf827ca,Jimer Fory,Jimer Fory,co COL,DF,Portland Timbers,23-325,2002,6,6,499,5.5,0,0,0,0,0,0,2,1,0.00,0.00,0.00,0.00,0.00,Matches,,,0,0,,0.00,0.00,,,,,,,,,,,,,,,,,,,Major League Soccer,2026
407325c4,Kobe Franklin,Kobe Franklin,ca CAN,DF,Toronto FC,22-339,2003,4,2,139,1.5,0,0,0,0,0,0,0,0,0.00,0.00,0.00,0.00,0.00,Matches,0.00,,1,0,0.0,0.00,0.65,,,,,,,,,,,,,,,,,,,Major League Soccer,2026
f09cbe39,Ian Fray,Ian Fray,jm JAM,DF,Inter Miami,23-226,2002,5,5,334,3.7,0,0,0,0,0,0,2,0,0.00,0.00,0.00,0.00,0.00,Matches,0.00,0.00,1,1,100.0,0.27,0.27,,,,,,,,,,,,,,,,,,,Major League Soccer,2026
9f5400d8,Wayne Frederick,Wayne Frederick,tt TRI,"MF,DF",Colorado Rapids,21-305,2004,7,4,421,4.7,1,1,2,1,0,0,0,0,0.21,0.21,0.43,0.21,0.43,Matches,0.33,1.00,3,1,33.3,0.21,0.64,,,,,,,,,,,,,,,,,,,Major League Soccer,2026
2f49476c,Matt Freese,Matt Freese,us USA,GK,NYCFC,27-224,1998,7,7,630,7.0,0,0,0,0,0,0,0,0,0.00,0.00,0.00,0.00,0.00,Matches,0.00,,1,0,0.0,0.00,0.14,1,14.3,7,7,9,1.29,2,630,1,1,0,0.0,0,76.5,26,34,2,3,Major League Soccer,2026
730afdd6,Malcolm Fry,Malcolm Fry,us USA,FW,NE Revolution,20-334,2005,2,0,32,0.4,0,0,0,0,0,0,0,0,0.00,0.00,0.00,0.00,0.00,Matches,,,0,0,,0.00,0.00,,,,,,,,,,,,,,,,,,,Major League Soccer,2026
8e97a57b,Matías Galarza,Matías Galarza,py PAR,MF,Atlanta Utd,24-062,2002,4,3,261,2.9,0,0,0,0,0,0,1,0,0.00,0.00,0.00,0.00,0.00,Matches,0.00,0.00,6,3,50.0,1.03,2.07,,,,,,,,,,,,,,,,,,,Major League Soccer,2026
9d5afdfb,Jon Gallagher,Jon Gallagher,ie IRL,DF,Austin FC,30-050,1996,7,7,587,6.5,0,1,1,0,0,0,1,0,0.00,0.15,0.15,0.00,0.15,Matches,0.00,0.00,2,1,50.0,0.15,0.31,,,,,,,,,,,,,,,,,,,Major League Soccer,2026
d8eb21b7,Carlos Garcés,Carlos Garcés,co COL,DF,LA Galaxy,24-185,2001,4,3,263,2.9,0,1,1,0,0,0,3,1,0.00,0.34,0.34,0.00,0.34,Matches,0.00,,1,0,0.0,0.00,0.34,,,,,,,,,,,,,,,,,,,Major League Soccer,2026
6ed1a2a2,Manu García,Manu García,es ESP,"MF,FW",Sporting KC,28-102,1998,7,7,605,6.7,0,1,1,0,0,0,2,0,0.00,0.15,0.15,0.00,0.15,Matches,0.00,0.00,2,1,50.0,0.15,0.30,,,,,,,,,,,,,,,,,,,Major League Soccer,2026
76c220e0,Luka Gavran,Luka Gavran,ca CAN,GK,Toronto FC,25-340,2000,7,7,630,7.0,0,0,0,0,0,0,0,0,0.00,0.00,0.00,0.00,0.00,Matches,,,0,0,,0.00,0.00,1,14.3,7,7,11,1.57,2,630,1,1,0,0.0,0,63.0,17,27,2,3,Major League Soccer,2026
527d0e31,Dániel Gazdag,Dániel Gazdag,hu HUN,FW,Columbus Crew,30-043,1996,3,1,80,0.9,0,0,0,0,0,0,0,0,0.00,0.00,0.00,0.00,0.00,Matches,0.00,0.00,3,1,33.3,1.13,3.38,,,,,,,,,,,,,,,,,,,Major League Soccer,2026
bfff2337,Owen Géne,Owen Géne,fr FRA,MF,Minnesota Utd,23-026,2003,6,2,180,2.0,0,0,0,0,0,0,0,0,0.00,0.00,0.00,0.00,0.00,Matches,,,0,0,,0.00,0.00,,,,,,,,,,,,,,,,,,,Major League Soccer,2026
ca4929d0,Mihail Gherasimencov,Mihail Gherasimencov,md MDA,DF,Vancouver W'caps,21-020,2005,3,2,178,2.0,0,0,0,0,0,0,0,0,0.00,0.00,0.00,0.00,0.00,Matches,0.00,,1,0,0.0,0.00,0.51,,,,,,,,,,,,,,,,,,,Major League Soccer,2026
be3fb78d,Samuel Gidi,Samuel Gidi,sk SVK,MF,FC Cincinnati,21-364,2004,6,4,377,4.2,0,0,0,0,0,0,0,0,0.00,0.00,0.00,0.00,0.00,Matches,0.00,,1,0,0.0,0.00,0.24,,,,,,,,,,,,,,,,,,,Major League Soccer,2026
11c30a46,Carles Gil,Carles Gil,es ESP,MF,NE Revolution,33-143,1992,6,6,537,6.0,0,1,1,0,0,0,1,0,0.00,0.17,0.17,0.00,0.17,Matches,0.00,0.00,8,5,62.5,0.84,1.34,,,,,,,,,,,,,,,,,,,Major League Soccer,2026
996c61e5,Thomas Gillier,Thomas Gillier,cl CHI,GK,CF Montréal,21-321,2004,7,7,630,7.0,0,0,0,0,0,0,2,0,0.00,0.00,0.00,0.00,0.00,Matches,,,0,0,,0.00,0.00,1,14.3,7,7,19,2.71,6,630,1,1,0,0.0,0,60.9,28,46,0,1,Major League Soccer,2026
5b768b0f,Justen Glad,Justen Glad,us USA,DF,Real Salt Lake,29-045,1997,6,6,540,6.0,0,1,1,0,0,0,0,0,0.00,0.17,0.17,0.00,0.17,Matches,0.00,,2,0,0.0,0.00,0.33,,,,,,,,,,,,,,,,,,,Major League Soccer,2026
ac65aef3,Jakob Glesnes,Jakob Glesnes,no NOR,DF,LA Galaxy,32-020,1994,3,3,270,3.0,0,0,0,0,0,0,1,0,0.00,0.00,0.00,0.00,0.00,Matches,,,0,0,,0.00,0.00,,,,,,,,,,,,,,,,,,,Major League Soccer,2026
2d496ca3,Aníbal Godoy,Aníbal Godoy,pa PAN,MF,San Diego FC,36-063,1990,7,4,364,4.0,0,0,0,0,0,0,1,0,0.00,0.00,0.00,0.00,0.00,Matches,,,0,0,,0.00,0.00,,,,,,,,,,,,,,,,,,,Major League Soccer,2026
1961b2aa,André Gomes,André Gomes,pt POR,MF,Columbus Crew,32-258,1993,4,4,277,3.1,0,0,0,0,0,0,0,0,0.00,0.00,0.00,0.00,0.00,Matches,0.00,0.00,4,1,25.0,0.32,1.30,,,,,,,,,,,,,,,,,,,Major League Soccer,2026
e43c8d72,Yeimar Gómez Andrade,Yeimar Gómez Andrade,co COL,DF,Seattle Sounders,33-288,1992,3,3,169,1.9,0,0,0,0,0,0,0,0,0.00,0.00,0.00,0.00,0.00,Matches,0.00,0.00,4,1,25.0,0.53,2.13,,,,,,,,,,,,,,,,,,,Major League Soccer,2026
a8785279,Jonathan González,Jonathan González,mx MEX,MF,SJ Earthquakes,27-001,1999,4,0,52,0.6,0,0,0,0,0,0,1,0,0.00,0.00,0.00,0.00,0.00,Matches,,,0,0,,0.00,0.00,,,,,,,,,,,,,,,,,,,Major League Soccer,2026
569362ab,Archie Goodwin,Archie Goodwin,au AUS,FW,Charlotte,21-158,2004,5,0,47,0.5,3,0,3,2,1,1,0,0,5.74,0.00,5.74,3.83,3.83,Matches,0.50,0.67,4,3,75.0,5.74,7.66,,,,,,,,,,,,,,,,,,,Major League Soccer,2026
bc2eb719,Zavier Gozo,Zavier Gozo,us USA,MF,Real Salt Lake,19-023,2007,6,6,539,6.0,2,2,4,2,0,0,3,0,0.33,0.33,0.67,0.33,0.67,Matches,0.11,0.33,19,6,31.6,1.00,3.17,,,,,,,,,,,,,,,,,,,Major League Soccer,2026
c839e1b2,Tayvon Gray,Tayvon Gray,jm JAM,DF,NYCFC,23-238,2002,7,7,598,6.6,1,1,2,1,0,0,2,0,0.15,0.15,0.30,0.15,0.30,Matches,0.14,0.33,7,3,42.9,0.45,1.05,,,,,,,,,,,,,,,,,,,Major League Soccer,2026
acd47bc0,Julian Gressel,Julian Gressel,us USA,"DF,MF",Minnesota Utd,32-119,1993,3,0,52,0.6,0,0,0,0,0,0,1,0,0.00,0.00,0.00,0.00,0.00,Matches,,,0,0,,0.00,0.00,,,,,,,,,,,,,,,,,,,Major League Soccer,2026
24686935,Yuri Guboglo,Yuri Guboglo,ht HAI,DF,CF Montréal,19-025,2007,1,1,62,0.7,0,0,0,0,0,0,0,0,0.00,0.00,0.00,0.00,0.00,Matches,,,0,0,,0.00,0.00,,,,,,,,,,,,,,,,,,,Major League Soccer,2026
b34c473e,Gage Guerra,Gage Guerra,us USA,FW,Portland Timbers,23-114,2002,4,3,273,3.0,1,1,2,1,0,0,0,0,0.33,0.33,0.66,0.33,0.66,Matches,0.17,0.50,6,2,33.3,0.66,1.98,,,,,,,,,,,,,,,,,,,Major League Soccer,2026
79b51257,Morgan Guilavogui,Morgan Guilavogui,gn GUI,"MF,FW",Real Salt Lake,28-035,1998,5,4,370,4.1,0,2,2,0,0,0,2,0,0.00,0.49,0.49,0.00,0.49,Matches,0.00,0.00,17,4,23.5,0.97,4.14,,,,,,,,,,,,,,,,,,,Major League Soccer,2026
58649f05,Guilherme,Guilherme,br BRA,"FW,MF",Houston Dynamo,31-001,1995,6,6,530,5.9,5,4,9,5,0,0,1,0,0.85,0.68,1.53,0.85,1.53,Matches,0.24,0.45,21,11,52.4,1.87,3.57,,,,,,,,,,,,,,,,,,,Major League Soccer,2026
ebf7ddd9,Colin Guske,Colin Guske,us USA,MF,Orlando City,19-075,2007,5,2,284,3.2,0,0,0,0,0,0,2,1,0.00,0.00,0.00,0.00,0.00,Matches,0.00,,1,0,0.0,0.00,0.32,,,,,,,,,,,,,,,,,,,Major League Soccer,2026
79af412b,Raul Gustavo,Raul Gustavo,br BRA,DF,NYCFC,26-355,1999,6,3,321,3.6,0,0,0,0,0,0,0,0,0.00,0.00,0.00,0.00,0.00,Matches,0.00,0.00,2,1,50.0,0.28,0.56,,,,,,,,,,,,,,,,,,,Major League Soccer,2026
b7a23251,Andrew Gutman,Andrew Gutman,us USA,DF,Chicago Fire,29-194,1996,3,3,225,2.5,0,1,1,0,0,0,0,0,0.00,0.40,0.40,0.00,0.40,Matches,0.00,,2,0,0.0,0.00,0.80,,,,,,,,,,,,,,,,,,,Major League Soccer,2026
c644e140,Justin Haak,Justin Haak,us USA,"DF,MF",LA Galaxy,24-214,2001,6,5,463,5.1,0,0,0,0,0,0,0,0,0.00,0.00,0.00,0.00,0.00,Matches,0.00,,2,0,0.0,0.00,0.39,,,,,,,,,,,,,,,,,,,Major League Soccer,2026
edc3b063,Taha Habroune,Taha Habroune,us USA,"MF,FW",Columbus Crew,20-068,2006,7,5,445,4.9,0,2,2,0,0,0,0,0,0.00,0.40,0.40,0.00,0.40,Matches,0.00,0.00,4,2,50.0,0.40,0.81,,,,,,,,,,,,,,,,,,,Major League Soccer,2026
582952f2,Teenage Hadebe,Teenage Hadebe,zw ZIM,DF,FC Cincinnati,30-209,1995,5,2,205,2.3,0,0,0,0,0,0,1,0,0.00,0.00,0.00,0.00,0.00,Matches,0.00,,1,0,0.0,0.00,0.44,,,,,,,,,,,,,,,,,,,Major League Soccer,2026
39632554,Nick Hagglund,Nick Hagglund,us USA,DF,FC Cincinnati,33-212,1992,7,6,540,6.0,1,0,1,1,0,0,1,0,0.17,0.00,0.17,0.17,0.17,Matches,0.14,0.33,7,3,42.9,0.50,1.17,,,,,,,,,,,,,,,,,,,Major League Soccer,2026
aee414b1,Maren Haile-Selassie,Maren Haile-Selassie,ch SUI,"FW,MF",Chicago Fire,27-032,1999,7,5,526,5.8,1,0,1,1,0,0,0,0,0.17,0.00,0.17,0.17,0.17,Matches,0.13,0.33,8,3,37.5,0.51,1.37,,,,,,,,,,,,,,,,,,,Major League Soccer,2026
ea7733d4,Julian Hall,Julian Hall,us USA,"FW,MF",NY Red Bulls,18-021,2008,7,7,620,6.9,5,2,7,5,0,0,0,0,0.73,0.29,1.02,0.73,1.02,Matches,0.36,0.63,14,8,57.1,1.16,2.03,,,,,,,,,,,,,,,,,,,Major League Soccer,2026
7aa882a2,Lucas Halter,Lucas Halter,br BRA,DF,Houston Dynamo,25-347,2000,3,3,249,2.8,0,0,0,0,0,0,1,0,0.00,0.00,0.00,0.00,0.00,Matches,0.00,,3,0,0.0,0.00,1.08,,,,,,,,,,,,,,,,,,,Major League Soccer,2026
58d7534b,Nicholas Hansen,Nicholas Hansen,dk DEN,GK,Colorado Rapids,24-278,2001,2,2,180,2.0,0,0,0,0,0,0,0,0,0.00,0.00,0.00,0.00,0.00,Matches,,,0,0,,0.00,0.00,0,0.0,2,2,4,2.00,1,180,0,0,0,,0,71.4,10,14,0,1,Major League Soccer,2026
73fdc4c2,Ian Harkes,Ian Harkes,us USA,MF,SJ Earthquakes,31-015,1995,6,1,196,2.2,0,0,0,0,0,0,0,0,0.00,0.00,0.00,0.00,0.00,Matches,0.00,0.00,2,1,50.0,0.46,0.92,,,,,,,,,,,,,,,,,,,Major League Soccer,2026
b3edbeff,Nathan Harriel,Nathan Harriel,us USA,DF,Philadelphia Union,24-356,2001,7,7,630,7.0,0,0,0,0,0,0,2,0,0.00,0.00,0.00,0.00,0.00,Matches,0.00,0.00,10,3,30.0,0.43,1.43,,,,,,,,,,,,,,,,,,,Major League Soccer,2026
73ca72d5,Alex Harris,Alex Harris,us USA,FW,Colorado Rapids,21-057,2005,2,1,79,0.9,0,0,0,0,0,0,0,0,0.00,0.00,0.00,0.00,0.00,Matches,0.00,0.00,3,2,66.7,2.28,3.42,,,,,,,,,,,,,,,,,,,Major League Soccer,2026
07b0aeef,Calvin Harris,Calvin Harris,eng ENG,"FW,MF",Sporting KC,26-025,2000,7,7,529,5.9,0,1,1,0,0,0,0,0,0.00,0.17,0.17,0.00,0.17,Matches,0.00,0.00,9,2,22.2,0.34,1.53,,,,,,,,,,,,,,,,,,,Major League Soccer,2026
614eca9b,Marcel Hartel,Marcel Hartel,de GER,"MF,FW",St. Louis City,30-085,1996,6,6,540,6.0,2,0,2,2,0,0,0,0,0.33,0.00,0.33,0.33,0.33,Matches,0.09,0.15,22,13,59.1,2.17,3.67,,,,,,,,,,,,,,,,,,,Major League Soccer,2026
3f18600c,Carlos Harvey,Carlos Harvey,pa PAN,DF,Minnesota Utd,26-070,2000,4,1,100,1.1,0,0,0,0,0,0,0,0,0.00,0.00,0.00,0.00,0.00,Matches,,,0,0,,0.00,0.00,,,,,,,,,,,,,,,,,,,Major League Soccer,2026
86bac87b,Thomas Hasal,Thomas Hasal,ca CAN,GK,LAFC,26-279,1999,1,1,29,0.3,0,0,0,0,0,0,0,0,0.00,0.00,0.00,0.00,0.00,Matches,,,0,0,,0.00,0.00,0,0.0,1,1,0,0.00,1,29,0,0,0,,0,,0,0,0,0,Major League Soccer,2026
f8342731,Silvan Hefti,Silvan Hefti,ch SUI,DF,D.C. United,28-171,1997,7,7,630,7.0,0,0,0,0,0,0,0,0,0.00,0.00,0.00,0.00,0.00,Matches,0.00,,3,0,0.0,0.00,0.43,,,,,,,,,,,,,,,,,,,Major League Soccer,2026
c047f6aa,Malik Henry,Malik Henry,ca CAN,MF,Toronto FC,23-265,2002,4,1,86,1.0,0,0,0,0,0,0,1,0,0.00,0.00,0.00,0.00,0.00,Matches,0.00,0.00,1,1,100.0,1.05,1.05,,,,,,,,,,,,,,,,,,,Major League Soccer,2026
5cbf5ccd,Fabian Herbers,Fabian Herbers,de GER,"FW,MF",CF Montréal,32-240,1993,1,0,45,0.5,0,0,0,0,0,0,0,0,0.00,0.00,0.00,0.00,0.00,Matches,,,0,0,,0.00,0.00,,,,,,,,,,,,,,,,,,,Major League Soccer,2026
de907bab,Ronald Hernández,Ronald Hernández,ve VEN,DF,Atlanta Utd,28-205,1997,2,2,149,1.7,0,0,0,0,0,0,1,0,0.00,0.00,0.00,0.00,0.00,Matches,,,0,0,,0.00,0.00,,,,,,,,,,,,,,,,,,,Major League Soccer,2026
d86e3070,Aaron Herrera,Aaron Herrera,gt GUA,MF,D.C. United,28-312,1997,2,1,121,1.3,0,0,0,0,0,0,1,0,0.00,0.00,0.00,0.00,0.00,Matches,0.00,,4,0,0.0,0.00,2.98,,,,,,,,,,,,,,,,,,,Major League Soccer,2026
a8542814,Héctor Herrera,Héctor Herrera,mx MEX,MF,Houston Dynamo,35-360,1990,5,1,179,2.0,0,0,0,0,0,0,0,0,0.00,0.00,0.00,0.00,0.00,Matches,0.00,,2,0,0.0,0.00,1.01,,,,,,,,,,,,,,,,,,,Major League Soccer,2026
460cfb5b,Marcelo Herrera,Marcelo Herrera,ar ARG,"DF,MF",Columbus Crew,27-162,1998,7,7,599,6.7,0,1,1,0,0,0,2,0,0.00,0.15,0.15,0.00,0.15,Matches,0.00,0.00,9,5,55.6,0.75,1.35,,,,,,,,,,,,,,,,,,,Major League Soccer,2026
6f808c85,Lucas Herrington,Lucas Herrington,au AUS,DF,Colorado Rapids,18-221,2007,7,7,630,7.0,1,0,1,1,0,0,2,0,0.14,0.00,0.14,0.14,0.14,Matches,1.00,1.00,1,1,100.0,0.14,0.14,,,,,,,,,,,,,,,,,,,Major League Soccer,2026
92e7e919,Son Heung-min,Son Heung-min,kr KOR,"FW,MF",LAFC,33-280,1992,6,6,485,5.4,0,6,6,0,0,0,1,0,0.00,1.11,1.11,0.00,1.11,Matches,0.00,0.00,18,3,16.7,0.56,3.34,,,,,,,,,,,,,,,,,,,Major League Soccer,2026
2a4c41f6,Aiden Hezarkhani,Aiden Hezarkhani,us USA,"FW,MF",Real Salt Lake,18-290,2007,5,5,318,3.5,2,0,2,2,0,0,1,0,0.57,0.00,0.57,0.57,0.57,Matches,0.33,0.67,6,3,50.0,0.85,1.70,,,,,,,,,,,,,,,,,,,Major League Soccer,2026
891f8b82,Bode Hidalgo,Bode Hidalgo,us USA,DF,CF Montréal,24-051,2002,4,2,255,2.8,0,0,0,0,0,0,0,0,0.00,0.00,0.00,0.00,0.00,Matches,0.00,,1,0,0.0,0.00,0.35,,,,,,,,,,,,,,,,,,,Major League Soccer,2026
b807c1dc,Brendan Hines-Ike,Brendan Hines-Ike,us USA,DF,Austin FC,31-135,1994,7,7,629,7.0,1,0,1,1,0,0,0,0,0.14,0.00,0.14,0.14,0.14,Matches,0.17,0.25,6,4,66.7,0.57,0.86,,,,,,,,,,,,,,,,,,,Major League Soccer,2026
de9952b5,Bongokuhle Hlongwane,Bongokuhle Hlongwane,za RSA,MF,Minnesota Utd,25-298,2000,7,3,300,3.3,0,0,0,0,0,0,0,0,0.00,0.00,0.00,0.00,0.00,Matches,0.00,,2,0,0.0,0.00,0.60,,,,,,,,,,,,,,,,,,,Major League Soccer,2026
d79a8c87,Rob Holding,Rob Holding,eng ENG,DF,Colorado Rapids,30-206,1995,6,6,519,5.8,0,0,0,0,0,0,1,0,0.00,0.00,0.00,0.00,0.00,Matches,0.00,0.00,3,1,33.3,0.17,0.52,,,,,,,,,,,,,,,,,,,Major League Soccer,2026
28b58797,Ryan Hollingshead,Ryan Hollingshead,us USA,DF,LAFC,34-363,1991,5,2,202,2.2,0,0,0,0,0,0,0,0,0.00,0.00,0.00,0.00,0.00,Matches,0.00,,1,0,0.0,0.00,0.45,,,,,,,,,,,,,,,,,,,Major League Soccer,2026
47a050ed,Duane Holmes,Duane Holmes,us USA,"MF,DF",Houston Dynamo,31-159,1994,6,6,432,4.8,0,0,0,0,0,0,2,0,0.00,0.00,0.00,0.00,0.00,Matches,0.00,0.00,4,1,25.0,0.21,0.83,,,,,,,,,,,,,,,,,,,Major League Soccer,2026
8344adf5,Jackson Hopkins,Jackson Hopkins,us USA,"MF,FW",D.C. United,21-287,2004,7,6,527,5.9,0,0,0,0,0,0,2,0,0.00,0.00,0.00,0.00,0.00,Matches,0.00,0.00,8,3,37.5,0.51,1.37,,,,,,,,,,,,,,,,,,,Major League Soccer,2026
3f65d5ce,Ethan Horvath,Ethan Horvath,us USA,GK,NY Red Bulls,30-309,1995,7,7,630,7.0,0,0,0,0,0,0,0,0,0.00,0.00,0.00,0.00,0.00,Matches,,,0,0,,0.00,0.00,1,14.3,7,7,15,2.14,2,630,1,1,0,0.0,0,64.1,25,39,2,3,Major League Soccer,2026
848cbc52,Lucas Hoyos,Lucas Hoyos,ar ARG,GK,Atlanta Utd,36-350,1989,7,7,630,7.0,0,0,0,0,0,0,0,0,0.00,0.00,0.00,0.00,0.00,Matches,,,0,0,,0.00,0.00,1,14.3,7,7,12,1.71,5,630,0,1,1,,0,52.0,13,25,1,1,Major League Soccer,2026
3b0f3e7a,Keegan Hughes,Keegan Hughes,us USA,DF,NE Revolution,25-266,2000,1,1,81,0.9,0,0,0,0,0,0,0,0,0.00,0.00,0.00,0.00,0.00,Matches,,,0,0,,0.00,0.00,,,,,,,,,,,,,,,,,,,Major League Soccer,2026
f76a981b,Iago,Iago,br BRA,DF,Orlando City,20-361,2005,6,5,421,4.7,0,0,0,0,0,0,2,0,0.00,0.00,0.00,0.00,0.00,Matches,0.00,,2,0,0.0,0.00,0.43,,,,,,,,,,,,,,,,,,,Major League Soccer,2026
41ba8175,Sebastien Ibeagha,Sebastien Ibeagha,us USA,DF,FC Dallas,34-083,1992,7,6,535,5.9,0,0,0,0,0,0,0,0,0.00,0.00,0.00,0.00,0.00,Matches,0.00,,2,0,0.0,0.00,0.34,,,,,,,,,,,,,,,,,,,Major League Soccer,2026
363399b2,Aliyu Ibrahim,Aliyu Ibrahim,ng NGA,"FW,MF",Houston Dynamo,24-088,2002,4,0,59,0.7,0,0,0,0,0,0,0,0,0.00,0.00,0.00,0.00,0.00,Matches,,,0,0,,0.00,0.00,,,,,,,,,,,,,,,,,,,Major League Soccer,2026
4f87c75f,Milan Iloski,Milan Iloski,us USA,"MF,FW",Philadelphia Union,26-259,1999,7,7,533,5.9,1,1,2,1,0,1,0,0,0.17,0.17,0.34,0.17,0.34,Matches,0.04,0.20,23,5,21.7,0.84,3.88,,,,,,,,,,,,,,,,,,,Major League Soccer,2026
271b8617,Marcus Ingvartsen,Marcus Ingvartsen,dk DEN,FW,San Diego FC,30-100,1996,7,6,485,5.4,4,2,6,3,1,1,0,0,0.74,0.37,1.11,0.56,0.93,Matches,0.23,0.43,13,7,53.8,1.30,2.41,,,,,,,,,,,,,,,,,,,Major League Soccer,2026
fd67b8d3,Eric Izoita,Eric Izoita,us USA,MF,Portland Timbers,18-218,2007,1,1,90,1.0,1,0,1,1,0,0,0,0,1.00,0.00,1.00,1.00,1.00,Matches,1.00,1.00,1,1,100.0,1.00,1.00,,,,,,,,,,,,,,,,,,,Major League Soccer,2026
062c4d41,Ayoub Jabbari,Ayoub Jabbari,ma MAR,FW,FC Cincinnati,26-074,2000,7,4,311,3.5,1,1,2,1,0,0,1,0,0.29,0.29,0.58,0.29,0.58,Matches,0.17,0.50,6,2,33.3,0.58,1.74,,,,,,,,,,,,,,,,,,,Major League Soccer,2026
9862259f,Aziel Jackson,Aziel Jackson,us USA,MF,Vancouver W'caps,24-172,2001,6,6,400,4.4,1,1,2,1,0,0,0,0,0.23,0.23,0.45,0.23,0.45,Matches,0.09,0.20,11,5,45.5,1.13,2.48,,,,,,,,,,,,,,,,,,,Major League Soccer,2026
3264fa21,Tomás Jacob,Tomás Jacob,ar ARG,"DF,MF",Atlanta Utd,21-359,2004,7,7,601,6.7,1,0,1,1,0,0,3,0,0.15,0.00,0.15,0.15,0.15,Matches,0.33,1.00,3,1,33.3,0.15,0.45,,,,,,,,,,,,,,,,,,,Major League Soccer,2026
90ba7fa6,Ivan Jaime Pajuelo,Ivan Jaime Pajuelo,es ESP,MF,CF Montréal,25-200,2000,6,5,402,4.5,1,1,2,1,0,0,1,0,0.22,0.22,0.45,0.22,0.45,Matches,0.08,0.25,13,4,30.8,0.90,2.91,,,,,,,,,,,,,,,,,,,Major League Soccer,2026
595fc7dd,Malik Jakupović,Malik Jakupović,us USA,FW,Philadelphia Union,16-294,2009,2,0,37,0.4,0,0,0,0,0,0,0,0,0.00,0.00,0.00,0.00,0.00,Matches,,,0,0,,0.00,0.00,,,,,,,,,,,,,,,,,,,Major League Soccer,2026
3e10c876,Ian James,Ian James,us USA,DF,Sporting KC,17-312,2008,4,4,332,3.7,0,0,0,0,0,0,0,0,0.00,0.00,0.00,0.00,0.00,Matches,0.00,,1,0,0.0,0.00,0.27,,,,,,,,,,,,,,,,,,,Major League Soccer,2026
8ca5c176,Robin Jansson,Robin Jansson,se SWE,DF,Orlando City,34-150,1991,1,1,77,0.9,0,0,0,0,0,0,0,0,0.00,0.00,0.00,0.00,0.00,Matches,,,0,0,,0.00,0.00,,,,,,,,,,,,,,,,,,,Major League Soccer,2026
6211719a,Jack Jasinski,Jack Jasinski,us USA,FW,SJ Earthquakes,22-131,2003,1,0,15,0.2,0,0,0,0,0,0,0,0,0.00,0.00,0.00,0.00,0.00,Matches,,,0,0,,0.00,0.00,,,,,,,,,,,,,,,,,,,Major League Soccer,2026
59fcbd6d,Danley Jean-Jacques,Danley Jean-Jacques,ht HAI,MF,Philadelphia Union,25-329,2000,6,6,505,5.6,1,0,1,1,0,0,1,0,0.18,0.00,0.18,0.18,0.18,Matches,0.20,1.00,5,1,20.0,0.18,0.89,,,,,,,,,,,,,,,,,,,Major League Soccer,2026
b26a0215,Stiven Jimenez,Stiven Jimenez,us USA,MF,FC Cincinnati,18-294,2007,1,0,3,0.0,0,0,0,0,0,0,0,0,0.00,0.00,0.00,0.00,0.00,Matches,,,0,0,,0.00,0.00,,,,,,,,,,,,,,,,,,,Major League Soccer,2026
97ec94a5,Julio Joao Ortíz,Julio Joao Ortíz,ec ECU,MF,Portland Timbers,29-348,1996,5,3,291,3.2,0,1,1,0,0,0,0,0,0.00,0.31,0.31,0.00,0.31,Matches,0.00,0.00,5,1,20.0,0.31,1.55,,,,,,,,,,,,,,,,,,,Major League Soccer,2026
6f864562,Herman Johansson,Herman Johansson,se SWE,"MF,DF",FC Dallas,28-180,1997,6,5,435,4.8,0,1,1,0,0,0,1,0,0.00,0.21,0.21,0.00,0.21,Matches,0.00,0.00,2,1,50.0,0.21,0.41,,,,,,,,,,,,,,,,,,,Major League Soccer,2026
604300bc,Aron John,Aron John,us USA,MF,Charlotte,20-011,2006,1,0,1,0.0,0,0,0,0,0,0,0,0,0.00,0.00,0.00,0.00,0.00,Matches,,,0,0,,0.00,0.00,,,,,,,,,,,,,,,,,,,Major League Soccer,2026
c164335e,Sean Johnson,Sean Johnson,us USA,GK,D.C. United,36-318,1989,7,7,630,7.0,0,0,0,0,0,0,0,0,0.00,0.00,0.00,0.00,0.00,Matches,,,0,0,,0.00,0.00,2,28.6,7,7,9,1.29,4,630,1,1,0,0.0,0,75.0,23,32,1,2,Major League Soccer,2026
eb8e36b9,Tate Johnson,Tate Johnson,us USA,DF,Vancouver W'caps,20-278,2005,5,4,379,4.2,0,0,0,0,0,0,0,0,0.00,0.00,0.00,0.00,0.00,Matches,0.00,,2,0,0.0,0.00,0.47,,,,,,,,,,,,,,,,,,,Major League Soccer,2026
10d1139c,DeJuan Jones,DeJuan Jones,us USA,DF,SJ Earthquakes,28-294,1997,5,5,359,4.0,0,0,0,0,0,0,2,0,0.00,0.00,0.00,0.00,0.00,Matches,0.00,,1,0,0.0,0.00,0.25,,,,,,,,,,,,,,,,,,,Major League Soccer,2026
81167a59,Malachi Jones,Malachi Jones,sl SLE,FW,NYCFC,22-203,2003,1,0,14,0.2,0,0,0,0,0,0,0,0,0.00,0.00,0.00,0.00,0.00,Matches,0.00,,1,0,0.0,0.00,6.43,,,,,,,,,,,,,,,,,,,Major League Soccer,2026
95a24690,Dejan Joveljić,Dejan Joveljić,rs SRB,FW,Sporting KC,26-250,1999,7,7,630,7.0,4,1,5,4,0,0,0,0,0.57,0.14,0.71,0.57,0.71,Matches,0.31,0.50,13,8,61.5,1.14,1.86,,,,,,,,,,,,,,,,,,,Major League Soccer,2026
50c9bf12,Mykhi Joyner,Mykhi Joyner,us USA,FW,St. Louis City,19-227,2006,2,0,12,0.1,0,0,0,0,0,0,0,0,0.00,0.00,0.00,0.00,0.00,Matches,0.00,,1,0,0.0,0.00,7.50,,,,,,,,,,,,,,,,,,,Major League Soccer,2026
00534d73,Preston Judd,Preston Judd,us USA,FW,SJ Earthquakes,26-321,1999,7,7,567,6.3,3,2,5,3,0,0,2,0,0.48,0.32,0.79,0.48,0.79,Matches,0.14,0.27,21,11,52.4,1.75,3.33,,,,,,,,,,,,,,,,,,,Major League Soccer,2026
f907a6a8,Anderson Julio,Anderson Julio,ec ECU,"FW,MF",FC Dallas,29-318,1996,2,0,29,0.3,0,0,0,0,0,0,0,0,0.00,0.00,0.00,0.00,0.00,Matches,0.00,0.00,1,1,100.0,3.10,3.10,,,,,,,,,,,,,,,,,,,Major League Soccer,2026
91981d97,Sam Junqua,Sam Junqua,us USA,DF,Real Salt Lake,29-156,1996,4,1,145,1.6,0,0,0,0,0,0,1,0,0.00,0.00,0.00,0.00,0.00,Matches,,,0,0,,0.00,0.00,,,,,,,,,,,,,,,,,,,Major League Soccer,2026
53e360bb,Kristijan Kahlina,Kristijan Kahlina,hr CRO,GK,Charlotte,33-264,1992,7,7,630,7.0,0,0,0,0,0,0,1,0,0.00,0.00,0.00,0.00,0.00,Matches,,,0,0,,0.00,0.00,1,14.3,7,7,9,1.29,2,630,0,0,0,,0,79.5,35,44,2,3,Major League Soccer,2026
7703e0fe,Kaick,Kaick,br BRA,MF,FC Dallas,20-136,2005,7,5,483,5.4,0,0,0,0,0,0,2,0,0.00,0.00,0.00,0.00,0.00,Matches,0.00,0.00,7,2,28.6,0.37,1.30,,,,,,,,,,,,,,,,,,,Major League Soccer,2026
186acc62,Bernard Kamungo,Bernard Kamungo,us USA,"MF,DF",FC Dallas,24-103,2002,6,6,511,5.7,0,1,1,0,0,0,0,0,0.00,0.18,0.18,0.00,0.18,Matches,0.00,0.00,6,2,33.3,0.35,1.06,,,,,,,,,,,,,,,,,,,Major League Soccer,2026
5c041f1f,Alexandros Katranis,Alexandros Katranis,gr GRE,MF,Real Salt Lake,27-345,1998,2,2,161,1.8,0,0,0,0,0,0,1,0,0.00,0.00,0.00,0.00,0.00,Matches,0.00,0.00,1,1,100.0,0.56,0.56,,,,,,,,,,,,,,,,,,,Major League Soccer,2026
136958ad,Kevin Kelsy,Kevin Kelsy,ve VEN,FW,Portland Timbers,21-261,2004,7,3,182,2.0,1,1,2,1,0,0,1,0,0.49,0.49,0.99,0.49,0.99,Matches,0.17,0.25,6,4,66.7,1.98,2.97,,,,,,,,,,,,,,,,,,,Major League Soccer,2026
a3e85f7b,Deandre Kerr,Deandre Kerr,ca CAN,MF,Toronto FC,23-146,2002,4,2,188,2.1,0,0,0,0,0,0,0,0,0.00,0.00,0.00,0.00,0.00,Matches,0.00,0.00,7,2,28.6,0.96,3.35,,,,,,,,,,,,,,,,,,,Major League Soccer,2026
858f1390,Hosei Kijima,Hosei Kijima,jp JPN,MF,D.C. United,23-287,2002,2,1,58,0.6,0,0,0,0,0,0,0,0,0.00,0.00,0.00,0.00,0.00,Matches,0.00,0.00,1,1,100.0,1.55,1.55,,,,,,,,,,,,,,,,,,,Major League Soccer,2026
fe11d61b,Benjamin Kikanovic,Benjamin Kikanovic,us USA,DF,SJ Earthquakes,26-098,2000,7,7,614,6.8,0,0,0,0,0,0,1,0,0.00,0.00,0.00,0.00,0.00,Matches,0.00,0.00,3,1,33.3,0.15,0.44,,,,,,,,,,,,,,,,,,,Major League Soccer,2026
7a798d92,Peter Kingston,Peter Kingston,us USA,MF,Seattle Sounders,24-274,2001,2,1,95,1.1,0,0,0,0,0,0,1,0,0.00,0.00,0.00,0.00,0.00,Matches,0.00,0.00,2,1,50.0,0.95,1.89,,,,,,,,,,,,,,,,,,,Major League Soccer,2026
f5ae006d,Klauss,Klauss,br BRA,FW,LA Galaxy,29-044,1997,7,6,493,5.5,5,0,5,5,0,0,0,0,0.91,0.00,0.91,0.91,0.91,Matches,0.25,0.42,20,12,60.0,2.19,3.65,,,,,,,,,,,,,,,,,,,Major League Soccer,2026
48493ede,Eric Klein,Eric Klein,us USA,MF,NE Revolution,19-145,2006,1,0,1,0.0,0,0,0,0,0,0,0,0,0.00,0.00,0.00,0.00,0.00,Matches,,,0,0,,0.00,0.00,,,,,,,,,,,,,,,,,,,Major League Soccer,2026
076ec0be,Jordan Knight,Jordan Knight,ca CAN,DF,Nashville SC,23-305,2002,1,0,4,0.0,0,0,0,0,0,0,0,0,0.00,0.00,0.00,0.00,0.00,Matches,,,0,0,,0.00,0.00,,,,,,,,,,,,,,,,,,,Major League Soccer,2026
5e352f81,Ethan Kohler,Ethan Kohler,us USA,DF,NE Revolution,20-329,2005,2,1,108,1.2,0,0,0,0,0,0,0,0,0.00,0.00,0.00,0.00,0.00,Matches,0.00,,1,0,0.0,0.00,0.83,,,,,,,,,,,,,,,,,,,Major League Soccer,2026
4501fd21,Žan Kolmanič,Žan Kolmanič,si SVN,DF,Austin FC,26-042,2000,3,1,105,1.2,0,0,0,0,0,0,0,0,0.00,0.00,0.00,0.00,0.00,Matches,,,0,0,,0.00,0.00,,,,,,,,,,,,,,,,,,,Major League Soccer,2026
1c3655bc,Stas Korzeniowski,Stas Korzeniowski,us USA,FW,Philadelphia Union,23-074,2003,5,1,124,1.4,0,0,0,0,0,0,0,0,0.00,0.00,0.00,0.00,0.00,Matches,0.00,0.00,5,1,20.0,0.73,3.63,,,,,,,,,,,,,,,,,,,Major League Soccer,2026
ef7c10e0,Theodore Ku-Dipietro,Theodore Ku-Dipietro,us USA,"FW,MF",Colorado Rapids,24-076,2002,4,0,95,1.1,0,0,0,0,0,0,0,0,0.00,0.00,0.00,0.00,0.00,Matches,0.00,0.00,3,1,33.3,0.95,2.84,,,,,,,,,,,,,,,,,,,Major League Soccer,2026
291b879c,Willy Kumado,Willy Kumado,gh GHA,MF,San Diego FC,23-180,2002,2,0,24,0.3,0,0,0,0,0,0,0,0,0.00,0.00,0.00,0.00,0.00,Matches,,,0,0,,0.00,0.00,,,,,,,,,,,,,,,,,,,Major League Soccer,2026
dddab740,Keisuke Kurokawa,Keisuke Kurokawa,jp JPN,DF,D.C. United,29-001,1997,7,7,630,7.0,0,0,0,0,0,0,1,0,0.00,0.00,0.00,0.00,0.00,Matches,0.00,,1,0,0.0,0.00,0.14,,,,,,,,,,,,,,,,,,,Major League Soccer,2026
9edddc34,Benjamín Kuscevic,Benjamín Kuscevic,cl CHI,DF,Toronto FC,29-347,1996,5,5,450,5.0,0,0,0,0,0,0,2,0,0.00,0.00,0.00,0.00,0.00,Matches,0.00,0.00,5,1,20.0,0.20,1.00,,,,,,,,,,,,,,,,,,,Major League Soccer,2026
f8406838,Ezekiel Kwame Alladoh,Ezekiel Kwame Alladoh,gh GHA,FW,Philadelphia Union,20-213,2005,5,2,225,2.5,0,1,1,0,0,0,1,1,0.00,0.40,0.40,0.00,0.40,Matches,0.00,,2,0,0.0,0.00,0.80,,,,,,,,,,,,,,,,,,,Major League Soccer,2026
e9241b40,Luca de la Torre,Luca de la Torre,us USA,MF,Charlotte,27-326,1998,6,2,231,2.6,0,1,1,0,0,0,0,0,0.00,0.39,0.39,0.00,0.39,Matches,0.00,,4,0,0.0,0.00,1.56,,,,,,,,,,,,,,,,,,,Major League Soccer,2026
37295115,Mathías Laborda,Mathías Laborda,uy URU,DF,Vancouver W'caps,26-211,1999,6,5,472,5.2,2,2,4,2,0,0,1,0,0.38,0.38,0.76,0.38,0.76,Matches,0.25,0.50,8,4,50.0,0.76,1.53,,,,,,,,,,,,,,,,,,,Major League Soccer,2026
b9532512,Luca Langoni,Luca Langoni,ar ARG,"MF,FW",NE Revolution,24-064,2002,6,5,379,4.2,1,5,6,1,0,0,1,0,0.24,1.19,1.42,0.24,1.42,Matches,0.17,0.33,6,3,50.0,0.71,1.42,,,,,,,,,,,,,,,,,,,Major League Soccer,2026
ecdbe767,Oliver Larraz,Oliver Larraz,us USA,MF,Vancouver W'caps,24-210,2001,5,1,140,1.6,0,0,0,0,0,0,2,0,0.00,0.00,0.00,0.00,0.00,Matches,0.00,,1,0,0.0,0.00,0.64,,,,,,,,,,,,,,,,,,,Major League Soccer,2026
276fdbe4,Richie Laryea,Richie Laryea,ca CAN,"DF,MF",Toronto FC,31-097,1995,7,7,630,7.0,1,1,2,1,0,0,1,0,0.14,0.14,0.29,0.14,0.29,Matches,0.50,0.50,2,2,100.0,0.29,0.29,,,,,,,,,,,,,,,,,,,Major League Soccer,2026
bd7b916c,Ariel Lassiter,Ariel Lassiter,cr CRC,FW,Portland Timbers,31-199,1994,5,1,134,1.5,1,0,1,1,0,0,1,0,0.67,0.00,0.67,0.67,0.67,Matches,0.33,0.50,3,2,66.7,1.34,2.01,,,,,,,,,,,,,,,,,,,Major League Soccer,2026
1c9cfad4,Emmanuel Latte Lath,Emmanuel Latte Lath,ci CIV,FW,Atlanta Utd,27-103,1999,7,7,595,6.6,1,2,3,1,0,0,1,0,0.15,0.30,0.45,0.15,0.45,Matches,0.06,0.33,18,3,16.7,0.45,2.72,,,,,,,,,,,,,,,,,,,Major League Soccer,2026
6a9ab308,Beau Leroux,Beau Leroux,us USA,MF,SJ Earthquakes,22-226,2003,7,7,533,5.9,1,2,3,1,0,0,0,0,0.17,0.34,0.51,0.17,0.51,Matches,0.08,0.50,12,2,16.7,0.34,2.03,,,,,,,,,,,,,,,,,,,Major League Soccer,2026
66a7effe,Ondřej Lingr,Ondřej Lingr,cz CZE,FW,Houston Dynamo,27-189,1998,6,1,125,1.4,0,0,0,0,0,0,0,0,0.00,0.00,0.00,0.00,0.00,Matches,0.00,0.00,1,1,100.0,0.72,0.72,,,,,,,,,,,,,,,,,,,Major League Soccer,2026
8f62b6ee,Hugo Lloris,Hugo Lloris,fr FRA,GK,LAFC,39-109,1986,6,6,540,6.0,0,0,0,0,0,0,0,0,0.00,0.00,0.00,0.00,0.00,Matches,,,0,0,,0.00,0.00,6,100.0,6,6,0,0.00,0,540,0,0,0,,0,100.0,22,22,1,5,Major League Soccer,2026
84d6ce13,Saba Lobzhanidze,Saba Lobzhanidze,ge GEO,"FW,MF",Atlanta Utd,31-117,1994,7,3,267,3.0,0,0,0,0,0,0,0,0,0.00,0.00,0.00,0.00,0.00,Matches,0.00,0.00,5,2,40.0,0.67,1.69,,,,,,,,,,,,,,,,,,,Major League Soccer,2026
33c69aa0,Robin Lod,Robin Lod,fi FIN,"MF,FW",Chicago Fire,32-362,1993,7,5,444,4.9,1,0,1,1,0,0,1,0,0.20,0.00,0.20,0.20,0.20,Matches,0.14,0.50,7,2,28.6,0.41,1.42,,,,,,,,,,,,,,,,,,,Major League Soccer,2026
c0027d2d,Matthew Longstaff,Matthew Longstaff,eng ENG,MF,CF Montréal,26-024,2000,7,6,526,5.8,0,0,0,0,0,0,0,0,0.00,0.00,0.00,0.00,0.00,Matches,0.00,0.00,3,1,33.3,0.17,0.51,,,,,,,,,,,,,,,,,,,Major League Soccer,2026
7b02a7e1,Antino Lopez,Antino Lopez,us USA,DF,Seattle Sounders,23-328,2002,3,3,270,3.0,0,0,0,0,0,0,1,0,0.00,0.00,0.00,0.00,0.00,Matches,,,0,0,,0.00,0.00,,,,,,,,,,,,,,,,,,,Major League Soccer,2026
6bc235e5,Victor Loturi,Victor Loturi,ca CAN,MF,CF Montréal,24-328,2001,7,7,615,6.8,0,0,0,0,0,0,2,0,0.00,0.00,0.00,0.00,0.00,Matches,0.00,,1,0,0.0,0.00,0.15,,,,,,,,,,,,,,,,,,,Major League Soccer,2026
897dec3e,Ricardo Louis,Ricardo Louis,ht HAI,MF,FC Dallas,21-192,2004,1,0,18,0.2,0,0,0,0,0,0,0,0,0.00,0.00,0.00,0.00,0.00,Matches,,,0,0,,0.00,0.00,,,,,,,,,,,,,,,,,,,Major League Soccer,2026
95c5f7c1,Evan Louro,Evan Louro,us USA,GK,FC Cincinnati,30-085,1996,2,2,180,2.0,0,0,0,0,0,0,0,0,0.00,0.00,0.00,0.00,0.00,Matches,,,0,0,,0.00,0.00,0,0.0,2,2,7,3.50,1,180,1,1,0,0.0,0,53.8,7,13,0,1,Major League Soccer,2026
db97d838,Daniel Lovitz,Daniel Lovitz,us USA,DF,Nashville SC,34-230,1991,7,6,511,5.7,0,0,0,0,0,0,2,0,0.00,0.00,0.00,0.00,0.00,Matches,,,0,0,,0.00,0.00,,,,,,,,,,,,,,,,,,,Major League Soccer,2026
209aad11,Gonzalo Luján,Gonzalo Luján,ar ARG,DF,Inter Miami,24-352,2001,6,2,252,2.8,1,0,1,1,0,0,1,0,0.36,0.00,0.36,0.36,0.36,Matches,0.50,1.00,2,1,50.0,0.36,0.71,,,,,,,,,,,,,,,,,,,Major League Soccer,2026
90268125,Jovan Lukić,Jovan Lukić,rs SRB,MF,Philadelphia Union,24-084,2002,6,5,464,5.2,0,0,0,0,0,0,2,0,0.00,0.00,0.00,0.00,0.00,Matches,0.00,,1,0,0.0,0.00,0.19,,,,,,,,,,,,,,,,,,,Major League Soccer,2026
e67f8af0,Diego Luna,Diego Luna,us USA,MF,Real Salt Lake,22-219,2003,3,1,148,1.6,1,0,1,1,0,0,0,0,0.61,0.00,0.61,0.61,0.61,Matches,0.20,1.00,5,1,20.0,0.61,3.04,,,,,,,,,,,,,,,,,,,Major League Soccer,2026
b6111d16,Lukas MacNaughton,Lukas MacNaughton,ca CAN,DF,St. Louis City,31-037,1995,5,0,63,0.7,0,1,1,0,0,0,0,0,0.00,1.43,1.43,0.00,1.43,Matches,,,0,0,,0.00,0.00,,,,,,,,,,,,,,,,,,,Major League Soccer,2026
b4adf12d,Warren Madrigal,Warren Madrigal,cr CRC,"FW,MF",Nashville SC,21-264,2004,7,4,342,3.8,2,1,3,2,0,0,0,0,0.53,0.26,0.79,0.53,0.79,Matches,0.14,0.40,14,5,35.7,1.32,3.68,,,,,,,,,,,,,,,,,,,Major League Soccer,2026
64c98878,Talles Magno,Talles Magno,br BRA,"FW,MF",NYCFC,23-292,2002,7,0,104,1.2,1,0,1,1,0,0,0,0,0.87,0.00,0.87,0.87,0.87,Matches,0.25,0.50,4,2,50.0,1.73,3.46,,,,,,,,,,,,,,,,,,,Major League Soccer,2026
0c6f2fa6,Jack Maher,Jack Maher,us USA,DF,Nashville SC,26-168,1999,2,2,180,2.0,0,0,0,0,0,0,1,0,0.00,0.00,0.00,0.00,0.00,Matches,0.00,0.00,1,1,100.0,0.50,0.50,,,,,,,,,,,,,,,,,,,Major League Soccer,2026
1627e6b5,Olwethu Makhanya,Olwethu Makhanya,za RSA,DF,Philadelphia Union,21-349,2004,6,6,539,6.0,0,0,0,0,0,0,4,1,0.00,0.00,0.00,0.00,0.00,Matches,0.00,,4,0,0.0,0.00,0.67,,,,,,,,,,,,,,,,,,,Major League Soccer,2026
f1d74479,Juan Manuel Sanabria,Juan Manuel Sanabria,uy URU,MF,Real Salt Lake,26-016,2000,4,4,360,4.0,0,2,2,0,0,0,0,0,0.00,0.50,0.50,0.00,0.50,Matches,0.00,0.00,7,1,14.3,0.25,1.75,,,,,,,,,,,,,,,,,,,Major League Soccer,2026
6e159787,Alexis Manyoma,Alexis Manyoma,co COL,MF,Colorado Rapids,23-101,2003,6,1,141,1.6,1,0,1,1,0,0,0,0,0.64,0.00,0.64,0.64,0.64,Matches,0.50,1.00,2,1,50.0,0.64,1.28,,,,,,,,,,,,,,,,,,,Major League Soccer,2026
977791f4,J.T. Marcinkowski,J.T. Marcinkowski,us USA,GK,LA Galaxy,28-340,1997,3,3,270,3.0,0,0,0,0,0,0,1,0,0.00,0.00,0.00,0.00,0.00,Matches,,,0,0,,0.00,0.00,0,0.0,3,3,4,1.33,1,270,0,0,0,,0,63.6,7,11,1,1,Major League Soccer,2026
dc010d26,Dominik Marczuk,Dominik Marczuk,pl POL,MF,Real Salt Lake,22-164,2003,4,0,64,0.7,0,0,0,0,0,0,1,0,0.00,0.00,0.00,0.00,0.00,Matches,0.00,,1,0,0.0,0.00,1.41,,,,,,,,,,,,,,,,,,,Major League Soccer,2026
da0bb55a,Paul Marie,Paul Marie,fr FRA,"DF,MF",SJ Earthquakes,31-021,1995,5,0,48,0.5,0,0,0,0,0,0,0,0,0.00,0.00,0.00,0.00,0.00,Matches,,,0,0,,0.00,0.00,,,,,,,,,,,,,,,,,,,Major League Soccer,2026
b7f2edff,Adrián Marín,Adrián Marín,es ESP,DF,Orlando City,29-095,1997,5,3,299,3.3,0,0,0,0,0,0,1,0,0.00,0.00,0.00,0.00,0.00,Matches,0.00,,1,0,0.0,0.00,0.30,,,,,,,,,,,,,,,,,,,Major League Soccer,2026
565fde4a,Anthony Markanich,Anthony Markanich,ph PHI,"DF,MF",Minnesota Utd,26-109,1999,7,6,511,5.7,1,0,1,1,0,0,1,0,0.18,0.00,0.18,0.18,0.18,Matches,0.14,1.00,7,1,14.3,0.18,1.23,,,,,,,,,,,,,,,,,,,Major League Soccer,2026
65988c73,Nick Markanich,Nick Markanich,us USA,MF,Houston Dynamo,26-109,1999,4,0,22,0.2,0,0,0,0,0,0,0,1,0.00,0.00,0.00,0.00,0.00,Matches,0.00,,1,0,0.0,0.00,4.09,,,,,,,,,,,,,,,,,,,Major League Soccer,2026
74a841d9,Nikola Marković,Nikola Marković,ca CAN,DF,D.C. United,21-266,2004,3,0,33,0.4,0,0,0,0,0,0,0,0,0.00,0.00,0.00,0.00,0.00,Matches,,,0,0,,0.00,0.00,,,,,,,,,,,,,,,,,,,Major League Soccer,2026
dd97f441,Idan Markovich,Idan Markovich,il ISR,FW,Charlotte,21-248,2004,7,7,579,6.4,2,1,3,2,0,1,1,0,0.31,0.16,0.47,0.31,0.47,Matches,0.25,0.40,8,5,62.5,0.78,1.24,,,,,,,,,,,,,,,,,,,Major League Soccer,2026
b9459f85,Jahkeele Marshall-Rutty,Jahkeele Marshall-Rutty,ca CAN,DF,NY Red Bulls,21-302,2004,7,7,590,6.6,0,0,0,0,0,0,0,0,0.00,0.00,0.00,0.00,0.00,Matches,0.00,0.00,7,3,42.9,0.46,1.07,,,,,,,,,,,,,,,,,,,Major League Soccer,2026
52fe0ad4,David Martínez,David Martínez,ve VEN,"FW,MF",LAFC,20-066,2006,6,5,365,4.1,2,0,2,2,0,0,1,0,0.49,0.00,0.49,0.49,0.49,Matches,0.22,0.67,9,3,33.3,0.74,2.22,,,,,,,,,,,,,,,,,,,Major League Soccer,2026
0c0b1959,Geiner Martínez,Geiner Martínez,co COL,DF,Philadelphia Union,23-095,2003,2,0,46,0.5,0,0,0,0,0,0,0,0,0.00,0.00,0.00,0.00,0.00,Matches,,,0,0,,0.00,0.00,,,,,,,,,,,,,,,,,,,Major League Soccer,2026
4d6ec370,Thiago Martins,Thiago Martins,br BRA,DF,NYCFC,31-028,1995,6,6,520,5.8,0,0,0,0,0,0,0,0,0.00,0.00,0.00,0.00,0.00,Matches,0.00,,1,0,0.0,0.00,0.17,,,,,,,,,,,,,,,,,,,Major League Soccer,2026
0e6bc38c,Eric Maxim Choupo-Moting,Eric Maxim Choupo-Moting,cm CMR,FW,NY Red Bulls,37-022,1989,6,1,108,1.2,1,0,1,1,0,0,0,0,0.83,0.00,0.83,0.83,0.83,Matches,0.50,0.50,2,2,100.0,1.67,1.67,,,,,,,,,,,,,,,,,,,Major League Soccer,2026
13398d42,Mbekezeli Mbokazi,Mbekezeli Mbokazi,za RSA,DF,Chicago Fire,20-207,2005,7,7,627,7.0,0,0,0,0,0,0,0,0,0.00,0.00,0.00,0.00,0.00,Matches,0.00,0.00,6,3,50.0,0.43,0.86,,,,,,,,,,,,,,,,,,,Major League Soccer,2026
18a1a530,Kenji Mboma Dem,Kenji Mboma Dem,fr FRA,FW,FC Cincinnati,24-082,2002,4,0,25,0.3,1,0,1,1,0,0,0,0,3.60,0.00,3.60,3.60,3.60,Matches,0.25,1.00,4,1,25.0,3.60,14.40,,,,,,,,,,,,,,,,,,,Major League Soccer,2026
e2b8c25c,Jack McGlynn,Jack McGlynn,us USA,MF,Houston Dynamo,22-281,2003,4,4,353,3.9,0,2,2,0,0,0,1,0,0.00,0.51,0.51,0.00,0.51,Matches,0.00,0.00,4,2,50.0,0.51,1.02,,,,,,,,,,,,,,,,,,,Major League Soccer,2026
e0d45022,Duncan McGuire,Duncan McGuire,us USA,FW,Orlando City,25-068,2001,6,4,363,4.0,1,0,1,1,0,0,1,0,0.25,0.00,0.25,0.25,0.25,Matches,0.17,0.25,6,4,66.7,0.99,1.49,,,,,,,,,,,,,,,,,,,Major League Soccer,2026
9a01d4ba,Brendan McSorley,Brendan McSorley,us USA,FW,St. Louis City,24-072,2002,6,0,104,1.2,1,0,1,1,0,0,0,0,0.87,0.00,0.87,0.87,0.87,Matches,0.17,0.20,6,5,83.3,4.33,5.19,,,,,,,,,,,,,,,,,,,Major League Soccer,2026
149d8165,Christopher McVey,Christopher McVey,se SWE,DF,San Diego FC,29-002,1997,6,5,423,4.7,1,0,1,1,0,0,6,2,0.21,0.00,0.21,0.21,0.21,Matches,0.20,0.50,5,2,40.0,0.43,1.06,,,,,,,,,,,,,,,,,,,Major League Soccer,2026
5178f39c,Adri Mehmeti,Adri Mehmeti,us USA,MF,NY Red Bulls,17-008,2009,7,7,565,6.3,1,2,3,1,0,0,1,0,0.16,0.32,0.48,0.16,0.48,Matches,0.25,1.00,4,1,25.0,0.16,0.64,,,,,,,,,,,,,,,,,,,Major League Soccer,2026
d70ce98e,Lionel Messi,Lionel Messi,ar ARG,"MF,FW",Inter Miami,38-294,1987,6,6,540,6.0,5,0,5,5,0,0,0,0,0.83,0.00,0.83,0.83,0.83,Matches,0.14,0.38,37,13,35.1,2.17,6.17,,,,,,,,,,,,,,,,,,,Major League Soccer,2026
a1674d2a,Wyatt Meyer,Wyatt Meyer,us USA,DF,Sporting KC,25-093,2001,5,5,411,4.6,0,0,0,0,0,0,1,0,0.00,0.00,0.00,0.00,0.00,Matches,,,0,0,,0.00,0.00,,,,,,,,,,,,,,,,,,,Major League Soccer,2026
9fc0f253,Matt Miazga,Matt Miazga,us USA,DF,FC Cincinnati,30-269,1995,4,3,238,2.6,0,0,0,0,0,0,2,0,0.00,0.00,0.00,0.00,0.00,Matches,0.00,0.00,1,1,100.0,0.38,0.38,,,,,,,,,,,,,,,,,,,Major League Soccer,2026
ea95d7a6,Micael,Micael,br BRA,DF,Inter Miami,25-245,2000,6,6,540,6.0,1,0,1,1,0,0,1,0,0.17,0.00,0.17,0.17,0.17,Matches,0.25,0.50,4,2,50.0,0.33,0.67,,,,,,,,,,,,,,,,,,,Major League Soccer,2026
98cd66a3,Novak Mićović,Novak Mićović,rs SRB,GK,LA Galaxy,24-171,2001,4,4,360,4.0,0,0,0,0,0,0,0,0,0.00,0.00,0.00,0.00,0.00,Matches,,,0,0,,0.00,0.00,1,25.0,4,4,7,1.75,2,360,1,1,0,0.0,0,45.5,5,11,1,1,Major League Soccer,2026
10ec4169,Alex Mighten,Alex Mighten,eng ENG,FW,San Diego FC,24-003,2002,4,1,114,1.3,0,1,1,0,0,0,0,0,0.00,0.79,0.79,0.00,0.79,Matches,,,0,0,,0.00,0.00,,,,,,,,,,,,,,,,,,,Major League Soccer,2026
83cf9719,Djordje Mihailovic,Djordje Mihailovic,us USA,"MF,FW",Toronto FC,27-155,1998,5,4,400,4.4,1,2,3,1,0,0,0,0,0.23,0.45,0.68,0.23,0.68,Matches,0.14,0.25,7,4,57.1,0.90,1.58,,,,,,,,,,,,,,,,,,,Major League Soccer,2026
29c28f01,Enea Mihaj,Enea Mihaj,al ALB,DF,Atlanta Utd,27-283,1998,7,7,625,6.9,0,0,0,0,0,0,1,0,0.00,0.00,0.00,0.00,0.00,Matches,0.00,0.00,1,1,100.0,0.14,0.14,,,,,,,,,,,,,,,,,,,Major League Soccer,2026
4a5b1142,Harbor Miller,Harbor Miller,us USA,MF,LA Galaxy,18-297,2007,5,1,155,1.7,0,0,0,0,0,0,0,0,0.00,0.00,0.00,0.00,0.00,Matches,0.00,0.00,4,1,25.0,0.58,2.32,,,,,,,,,,,,,,,,,,,Major League Soccer,2026
c2183cdd,Jansen Miller,Jansen Miller,us USA,DF,Sporting KC,24-063,2002,6,3,297,3.3,0,0,0,0,0,0,2,0,0.00,0.00,0.00,0.00,0.00,Matches,,,0,0,,0.00,0.00,,,,,,,,,,,,,,,,,,,Major League Soccer,2026
0646bd8a,Kamal Miller,Kamal Miller,ca CAN,DF,Portland Timbers,28-333,1997,5,3,212,2.4,0,0,0,0,0,0,1,1,0.00,0.00,0.00,0.00,0.00,Matches,,,0,0,,0.00,0.00,,,,,,,,,,,,,,,,,,,Major League Soccer,2026
5b7585b3,Nolan Miller,Nolan Miller,us USA,DF,Orlando City,21-254,2004,5,4,328,3.6,0,0,0,0,0,0,2,0,0.00,0.00,0.00,0.00,0.00,Matches,0.00,,1,0,0.0,0.00,0.27,,,,,,,,,,,,,,,,,,,Major League Soccer,2026
6cb5be4f,Peyton Miller,Peyton Miller,us USA,FW,NE Revolution,18-157,2007,4,0,81,0.9,2,0,2,2,0,0,0,0,2.22,0.00,2.22,2.22,2.22,Matches,0.33,0.67,6,3,50.0,3.33,6.67,,,,,,,,,,,,,,,,,,,Major League Soccer,2026
c0d7bb65,Juan Mina,Juan Mina,co COL,DF,NY Red Bulls,21-261,2004,3,0,75,0.8,0,0,0,0,0,0,0,0,0.00,0.00,0.00,0.00,0.00,Matches,0.00,0.00,4,2,50.0,2.40,4.80,,,,,,,,,,,,,,,,,,,Major League Soccer,2026
574a5662,Georgi Minoungou,Georgi Minoungou,bf BFA,MF,Seattle Sounders,23-263,2002,3,2,150,1.7,0,0,0,0,0,0,0,0,0.00,0.00,0.00,0.00,0.00,Matches,0.00,0.00,3,2,66.7,1.20,1.80,,,,,,,,,,,,,,,,,,,Major League Soccer,2026
574a5662,Georgi Minoungou,Georgi Minoungou,bf BFA,MF,Seattle Sounders,23-263,2002,3,2,150,1.7,0,0,0,0,0,0,0,0,0.00,0.00,0.00,0.00,0.00,Matches,0.00,0.00,1,1,100.0,3.91,3.91,,,,,,,,,,,,,,,,,,,Major League Soccer,2026
574a5662,Georgi Minoungou,Georgi Minoungou,bf BFA,FW,Colorado Rapids,23-263,2002,1,0,23,0.3,0,1,1,0,0,0,0,0,0.00,3.91,3.91,0.00,3.91,Matches,0.00,0.00,3,2,66.7,1.20,1.80,,,,,,,,,,,,,,,,,,,Major League Soccer,2026
574a5662,Georgi Minoungou,Georgi Minoungou,bf BFA,FW,Colorado Rapids,23-263,2002,1,0,23,0.3,0,1,1,0,0,0,0,0,0.00,3.91,3.91,0.00,3.91,Matches,0.00,0.00,1,1,100.0,3.91,3.91,,,,,,,,,,,,,,,,,,,Major League Soccer,2026
a9aa0d1d,Aleksei Miranchuk,Aleksei Miranchuk,ru RUS,"MF,FW",Atlanta Utd,30-179,1995,6,4,393,4.4,4,0,4,4,0,0,0,0,0.92,0.00,0.92,0.92,0.92,Matches,0.67,1.00,6,4,66.7,0.92,1.37,,,,,,,,,,,,,,,,,,,Major League Soccer,2026
193b60a6,Roald Mitchell,Roald Mitchell,tt TRI,MF,NY Red Bulls,23-091,2003,1,0,6,0.1,0,0,0,0,0,0,0,0,0.00,0.00,0.00,0.00,0.00,Matches,0.00,,1,0,0.0,0.00,15.00,,,,,,,,,,,,,,,,,,,Major League Soccer,2026
9ca6f93c,Luca Moisa,Luca Moisa,us USA,MF,Real Salt Lake,17-359,2008,3,3,175,1.9,0,0,0,0,0,0,1,0,0.00,0.00,0.00,0.00,0.00,Matches,0.00,,1,0,0.0,0.00,0.51,,,,,,,,,,,,,,,,,,,Major League Soccer,2026
7745640e,Zane Monlouis,Zane Monlouis,eng ENG,DF,Toronto FC,22-180,2003,6,3,297,3.3,0,0,0,0,0,0,1,0,0.00,0.00,0.00,0.00,0.00,Matches,,,0,0,,0.00,0.00,,,,,,,,,,,,,,,,,,,Major League Soccer,2026
3b9f859b,Shaq Moore,Shaq Moore,us USA,"DF,MF",FC Dallas,29-163,1996,7,7,630,7.0,0,1,1,0,0,0,1,0,0.00,0.14,0.14,0.00,0.14,Matches,0.00,,1,0,0.0,0.00,0.14,,,,,,,,,,,,,,,,,,,Major League Soccer,2026
f4b0ea46,Felipe Mora,Felipe Mora,cl CHI,"MF,FW",Portland Timbers,32-255,1993,7,3,291,3.2,1,0,1,1,0,0,1,0,0.31,0.00,0.31,0.31,0.31,Matches,0.20,0.50,5,2,40.0,0.62,1.55,,,,,,,,,,,,,,,,,,,Major League Soccer,2026
2fb02c65,Efrain Morales,Efrain Morales,bo BOL,DF,CF Montréal,22-041,2004,7,7,601,6.7,0,1,1,0,0,0,0,0,0.00,0.15,0.15,0.00,0.15,Matches,0.00,0.00,6,2,33.3,0.30,0.90,,,,,,,,,,,,,,,,,,,Major League Soccer,2026
5a50abf2,Santi Morales,Santi Morales,us USA,MF,Inter Miami,19-064,2007,1,1,72,0.8,0,0,0,0,0,0,0,0,0.00,0.00,0.00,0.00,0.00,Matches,,,0,0,,0.00,0.00,,,,,,,,,,,,,,,,,,,Major League Soccer,2026
f99f37fc,Maximiliano Moralez,Maximiliano Moralez,ar ARG,MF,NYCFC,39-046,1987,7,7,584,6.5,1,5,6,0,1,1,1,0,0.15,0.77,0.92,0.00,0.77,Matches,0.00,0.00,7,3,42.9,0.46,1.08,,,,,,,,,,,,,,,,,,,Major League Soccer,2026
f10983ae,Steven Moreira,Steven Moreira,cv CPV,DF,Columbus Crew,31-244,1994,6,6,522,5.8,0,0,0,0,0,0,1,0,0.00,0.00,0.00,0.00,0.00,Matches,0.00,0.00,6,1,16.7,0.17,1.03,,,,,,,,,,,,,,,,,,,Major League Soccer,2026
3261d0e4,Santiago Moreno,Santiago Moreno,co COL,"FW,MF",FC Dallas,25-358,2000,2,0,30,0.3,0,0,0,0,0,0,0,0,0.00,0.00,0.00,0.00,0.00,Matches,0.00,0.00,3,2,66.7,6.00,9.00,,,,,,,,,,,,,,,,,,,Major League Soccer,2026
b675e328,Lewis Morgan,Lewis Morgan,sct SCO,FW,San Diego FC,29-196,1996,4,2,160,1.8,0,1,1,0,0,0,0,0,0.00,0.56,0.56,0.00,0.56,Matches,0.00,,5,0,0.0,0.00,2.81,,,,,,,,,,,,,,,,,,,Major League Soccer,2026
bd298d0d,Jordan Morris,Jordan Morris,us USA,MF,Seattle Sounders,31-170,1994,3,1,63,0.7,0,1,1,0,0,0,0,0,0.00,1.43,1.43,0.00,1.43,Matches,0.00,,1,0,0.0,0.00,1.43,,,,,,,,,,,,,,,,,,,Major League Soccer,2026
82f03f3d,Rafael Mosquera,Rafael Mosquera,pa PAN,FW,NY Red Bulls,20-325,2005,2,0,55,0.6,0,0,0,0,0,0,1,0,0.00,0.00,0.00,0.00,0.00,Matches,0.00,,2,0,0.0,0.00,3.27,,,,,,,,,,,,,,,,,,,Major League Soccer,2026
a5334099,Chris Mueller,Chris Mueller,us USA,FW,Chicago Fire,29-228,1996,2,1,69,0.8,0,0,0,0,0,0,1,0,0.00,0.00,0.00,0.00,0.00,Matches,,,0,0,,0.00,0.00,,,,,,,,,,,,,,,,,,,Major League Soccer,2026
87fe8526,Hany Mukhtar,Hany Mukhtar,de GER,"FW,MF",Nashville SC,31-024,1995,7,5,526,5.8,2,1,3,2,0,0,1,0,0.34,0.17,0.51,0.34,0.51,Matches,0.13,0.25,15,8,53.3,1.37,2.57,,,,,,,,,,,,,,,,,,,Major League Soccer,2026
3c6089ab,Thomas Müller,Thomas Müller,de GER,MF,Vancouver W'caps,36-213,1989,7,5,489,5.4,3,0,3,1,2,2,0,0,0.55,0.00,0.55,0.18,0.18,Matches,0.09,0.20,11,5,45.5,0.92,2.02,,,,,,,,,,,,,,,,,,,Major League Soccer,2026
ce44f0de,Daniel Munie,Daniel Munie,us USA,DF,SJ Earthquakes,26-063,2000,7,7,630,7.0,2,1,3,2,0,0,1,0,0.29,0.14,0.43,0.29,0.43,Matches,0.29,0.67,7,3,42.9,0.43,1.00,,,,,,,,,,,,,,,,,,,Major League Soccer,2026
4692ecb3,Louis Munteanu,Louis Munteanu,ro ROU,FW,D.C. United,23-302,2002,5,0,125,1.4,0,0,0,0,0,0,0,0,0.00,0.00,0.00,0.00,0.00,Matches,0.00,,7,0,0.0,0.00,5.04,,,,,,,,,,,,,,,,,,,Major League Soccer,2026
5d16dfc2,Facundo Mura,Facundo Mura,ar ARG,DF,Inter Miami,27-022,1999,4,2,239,2.7,0,0,0,0,0,0,0,0,0.00,0.00,0.00,0.00,0.00,Matches,0.00,,2,0,0.0,0.00,0.75,,,,,,,,,,,,,,,,,,,Major League Soccer,2026
c6d233e3,Ian Murphy,Ian Murphy,us USA,DF,Colorado Rapids,26-088,2000,1,0,7,0.1,0,0,0,0,0,0,0,0,0.00,0.00,0.00,0.00,0.00,Matches,,,0,0,,0.00,0.00,,,,,,,,,,,,,,,,,,,Major League Soccer,2026
a1f61bdf,Jacob Murrell,Jacob Murrell,us USA,FW,D.C. United,22-017,2004,4,0,33,0.4,0,0,0,0,0,0,0,0,0.00,0.00,0.00,0.00,0.00,Matches,,,0,0,,0.00,0.00,,,,,,,,,,,,,,,,,,,Major League Soccer,2026
4567a0b4,Petar Musa,Petar Musa,hr CRO,FW,FC Dallas,28-041,1998,7,6,585,6.5,7,1,8,6,1,1,1,0,1.08,0.15,1.23,0.92,1.08,Matches,0.21,0.40,28,15,53.6,2.31,4.31,,,,,,,,,,,,,,,,,,,Major League Soccer,2026
925a2703,Daniel Musovski,Daniel Musovski,mk MKD,FW,Seattle Sounders,30-135,1995,5,2,206,2.3,0,0,0,0,0,0,1,0,0.00,0.00,0.00,0.00,0.00,Matches,0.00,0.00,3,1,33.3,0.44,1.31,,,,,,,,,,,,,,,,,,,Major League Soccer,2026
2c1025bf,Alex Muyl,Alex Muyl,us USA,MF,Nashville SC,30-196,1995,7,5,399,4.4,0,0,0,0,0,0,1,0,0.00,0.00,0.00,0.00,0.00,Matches,0.00,,2,0,0.0,0.00,0.45,,,,,,,,,,,,,,,,,,,Major League Soccer,2026
bf7ba1d8,Tristan Muyumba,Tristan Muyumba,fr FRA,MF,Atlanta Utd,29-038,1997,7,5,466,5.2,0,0,0,0,0,0,1,0,0.00,0.00,0.00,0.00,0.00,Matches,0.00,,3,0,0.0,0.00,0.58,,,,,,,,,,,,,,,,,,,Major League Soccer,2026
f8280175,Andy Najar,Andy Najar,hn HON,DF,Nashville SC,33-029,1993,6,5,428,4.8,0,1,1,0,0,0,2,0,0.00,0.21,0.21,0.00,0.21,Matches,,,0,0,,0.00,0.00,,,,,,,,,,,,,,,,,,,Major League Soccer,2026
e744c3de,Matheus Nascimento,Matheus Nascimento,br BRA,FW,LA Galaxy,22-042,2004,5,0,95,1.1,0,0,0,0,0,0,0,0,0.00,0.00,0.00,0.00,0.00,Matches,0.00,0.00,4,2,50.0,1.89,3.79,,,,,,,,,,,,,,,,,,,Major League Soccer,2026
3fbff39a,Miguel Navarro,Miguel Navarro,ve VEN,DF,Colorado Rapids,27-047,1999,4,2,175,1.9,0,1,1,0,0,0,3,1,0.00,0.51,0.51,0.00,0.51,Matches,0.00,,1,0,0.0,0.00,0.51,,,,,,,,,,,,,,,,,,,Major League Soccer,2026
4b5ab509,Rafael Navarro,Rafael Navarro,br BRA,FW,Colorado Rapids,26-000,2000,7,7,623,6.9,5,3,8,4,1,1,1,0,0.72,0.43,1.16,0.58,1.01,Matches,0.15,0.27,26,15,57.7,2.17,3.76,,,,,,,,,,,,,,,,,,,Major League Soccer,2026
aac8b194,Philippe Ndinga,Philippe Ndinga,ga GAB,DF,Philadelphia Union,20-315,2005,4,2,168,1.9,0,0,0,0,0,0,1,0,0.00,0.00,0.00,0.00,0.00,Matches,0.00,0.00,1,1,100.0,0.54,0.54,,,,,,,,,,,,,,,,,,,Major League Soccer,2026
ca1e91a1,Jalen Neal,Jalen Neal,us USA,DF,CF Montréal,22-233,2003,2,1,51,0.6,0,0,0,0,0,0,0,0,0.00,0.00,0.00,0.00,0.00,Matches,0.00,,1,0,0.0,0.00,1.76,,,,,,,,,,,,,,,,,,,Major League Soccer,2026
24f4dd87,Dylan Nealis,Dylan Nealis,us USA,DF,NY Red Bulls,27-258,1998,4,4,360,4.0,0,0,0,0,0,0,1,0,0.00,0.00,0.00,0.00,0.00,Matches,,,0,0,,0.00,0.00,,,,,,,,,,,,,,,,,,,Major League Soccer,2026
8c1b17b3,Sean Nealis,Sean Nealis,us USA,DF,D.C. United,29-091,1997,4,1,63,0.7,0,0,0,0,0,0,0,0,0.00,0.00,0.00,0.00,0.00,Matches,,,0,0,,0.00,0.00,,,,,,,,,,,,,,,,,,,Major League Soccer,2026
a61d2c1a,Franco Negri,Franco Negri,ar ARG,DF,Houston Dynamo,31-053,1995,2,1,49,0.5,0,0,0,0,0,0,0,0,0.00,0.00,0.00,0.00,0.00,Matches,0.00,,1,0,0.0,0.00,1.84,,,,,,,,,,,,,,,,,,,Major League Soccer,2026
92305a81,Jayden Nelson,Jayden Nelson,ca CAN,MF,Austin FC,23-200,2002,6,4,295,3.3,1,0,1,1,0,0,1,0,0.31,0.00,0.31,0.31,0.31,Matches,0.20,1.00,5,1,20.0,0.31,1.53,,,,,,,,,,,,,,,,,,,Major League Soccer,2026
df8c4d49,John Nelson,John Nelson,us USA,DF,LA Galaxy,27-277,1998,5,0,102,1.1,0,0,0,0,0,0,0,0,0.00,0.00,0.00,0.00,0.00,Matches,,,0,0,,0.00,0.00,,,,,,,,,,,,,,,,,,,Major League Soccer,2026
a898dc13,Jean-Claude Ngando,Jean-Claude Ngando,cm CMR,MF,Vancouver W'caps,26-145,1999,2,1,85,0.9,0,0,0,0,0,0,1,0,0.00,0.00,0.00,0.00,0.00,Matches,0.00,,1,0,0.0,0.00,1.06,,,,,,,,,,,,,,,,,,,Major League Soccer,2026
3bce0d23,Kenneth Nielsen,Kenneth Nielsen,us USA,DF,LAFC,24-060,2002,2,1,57,0.6,0,0,0,0,0,0,0,0,0.00,0.00,0.00,0.00,0.00,Matches,,,0,0,,0.00,0.00,,,,,,,,,,,,,,,,,,,Major League Soccer,2026
3391e359,Nolan Norris,Nolan Norris,us USA,DF,FC Dallas,21-056,2005,4,4,323,3.6,0,0,0,0,0,0,1,0,0.00,0.00,0.00,0.00,0.00,Matches,0.00,0.00,1,1,100.0,0.28,0.28,,,,,,,,,,,,,,,,,,,Major League Soccer,2026
897c8066,Obinna Nwobodo,Obinna Nwobodo,ng NGA,MF,FC Cincinnati,29-136,1996,6,3,247,2.7,0,0,0,0,0,0,1,0,0.00,0.00,0.00,0.00,0.00,Matches,0.00,0.00,5,1,20.0,0.36,1.82,,,,,,,,,,,,,,,,,,,Major League Soccer,2026
c7aee75b,Aiden O'Neill,Aiden O'Neill,au AUS,MF,NYCFC,27-284,1998,7,7,599,6.7,0,0,0,0,0,0,2,0,0.00,0.00,0.00,0.00,0.00,Matches,0.00,0.00,3,1,33.3,0.15,0.45,,,,,,,,,,,,,,,,,,,Major League Soccer,2026
72a0f655,Kevin O'Toole,Kevin O'Toole,ie IRL,DF,NYCFC,27-121,1998,7,7,630,7.0,0,0,0,0,0,0,0,0,0.00,0.00,0.00,0.00,0.00,Matches,0.00,0.00,3,1,33.3,0.14,0.43,,,,,,,,,,,,,,,,,,,Major League Soccer,2026
a2484ef5,Édier Ocampo,Édier Ocampo,co COL,DF,Vancouver W'caps,22-193,2003,7,6,495,5.5,1,0,1,1,0,0,2,0,0.18,0.00,0.18,0.18,0.18,Matches,0.17,0.50,6,2,33.3,0.36,1.09,,,,,,,,,,,,,,,,,,,Major League Soccer,2026
0dfc20ce,Agustin Ojeda,Agustin Ojeda,ar ARG,"MF,FW",NYCFC,21-299,2004,7,7,572,6.4,2,1,3,2,0,0,0,0,0.31,0.16,0.47,0.31,0.47,Matches,0.18,0.50,11,4,36.4,0.63,1.73,,,,,,,,,,,,,,,,,,,Major League Soccer,2026
60953af0,Braian Ojeda,Braian Ojeda,py PAR,"MF,DF",Orlando City,25-291,2000,7,7,630,7.0,0,0,0,0,0,0,0,0,0.00,0.00,0.00,0.00,0.00,Matches,0.00,,5,0,0.0,0.00,0.71,,,,,,,,,,,,,,,,,,,Major League Soccer,2026
016a7f95,Martín Ojeda,Martín Ojeda,ar ARG,"MF,FW",Orlando City,27-138,1998,7,7,594,6.6,2,0,2,2,0,0,0,0,0.30,0.00,0.30,0.30,0.30,Matches,0.13,0.25,16,8,50.0,1.21,2.42,,,,,,,,,,,,,,,,,,,Major League Soccer,2026
25124a21,Hamzat Ojediran,Hamzat Ojediran,ng NGA,MF,Colorado Rapids,22-151,2003,7,7,476,5.3,1,0,1,1,0,0,2,0,0.19,0.00,0.19,0.19,0.19,Matches,0.17,0.50,6,2,33.3,0.38,1.13,,,,,,,,,,,,,,,,,,,Major League Soccer,2026
743ffce1,Victor Olatunji,Victor Olatunji,ng NGA,FW,Real Salt Lake,26-221,1999,3,0,63,0.7,1,0,1,1,0,0,0,0,1.43,0.00,1.43,1.43,1.43,Matches,0.17,0.25,6,4,66.7,5.71,8.57,,,,,,,,,,,,,,,,,,,Major League Soccer,2026
9a7ef5ae,Salvador Olivas,Salvador Olivas,us USA,FW,Philadelphia Union,19-277,2006,1,0,8,0.1,0,0,0,0,0,0,0,0,0.00,0.00,0.00,0.00,0.00,Matches,,,0,0,,0.00,0.00,,,,,,,,,,,,,,,,,,,Major League Soccer,2026
226a288e,Kwadwo Opoku,Kwadwo Opoku,gh GHA,FW,CF Montréal,24-275,2001,2,0,43,0.5,0,0,0,0,0,0,0,0,0.00,0.00,0.00,0.00,0.00,Matches,0.00,,1,0,0.0,0.00,2.09,,,,,,,,,,,,,,,,,,,Major League Soccer,2026
a9094a3d,Nathan Ordaz,Nathan Ordaz,sv SLV,"FW,MF",LAFC,22-092,2004,4,3,272,3.0,1,0,1,1,0,0,0,0,0.33,0.00,0.33,0.33,0.33,Matches,0.17,0.50,6,2,33.3,0.66,1.99,,,,,,,,,,,,,,,,,,,Major League Soccer,2026
f6c6ff09,Sergio Oregel,Sergio Oregel,us USA,MF,Chicago Fire,20-333,2005,1,0,3,0.0,0,0,0,0,0,0,0,0,0.00,0.00,0.00,0.00,0.00,Matches,,,0,0,,0.00,0.00,,,,,,,,,,,,,,,,,,,Major League Soccer,2026
46af4656,Jaziel Orozco,Jaziel Orozco,us USA,DF,St. Louis City,21-316,2004,7,7,614,6.8,0,0,0,0,0,0,3,0,0.00,0.00,0.00,0.00,0.00,Matches,0.00,,2,0,0.0,0.00,0.29,,,,,,,,,,,,,,,,,,,Major League Soccer,2026
70106ff6,Jonathan Osorio,Jonathan Osorio,ca CAN,MF,Toronto FC,33-306,1992,7,7,630,7.0,0,1,1,0,0,0,1,0,0.00,0.14,0.14,0.00,0.14,Matches,0.00,,3,0,0.0,0.00,0.43,,,,,,,,,,,,,,,,,,,Major League Soccer,2026
1ffa6688,Luis Otávio,Luis Otávio,br BRA,MF,Orlando City,19-002,2007,4,2,140,1.6,0,0,0,0,0,0,0,0,0.00,0.00,0.00,0.00,0.00,Matches,0.00,0.00,2,1,50.0,0.64,1.29,,,,,,,,,,,,,,,,,,,Major League Soccer,2026
67cbc8e7,Javier Otero,Javier Otero,ve VEN,GK,Orlando City,23-147,2002,2,1,162,1.8,0,0,0,0,0,0,0,0,0.00,0.00,0.00,0.00,0.00,Matches,,,0,0,,0.00,0.00,0,0.0,2,1,6,3.33,0,162,1,1,0,0.0,0,44.4,4,9,0,1,Major League Soccer,2026
8377ba6a,Prince Owusu,Prince Owusu,gh GHA,FW,CF Montréal,29-097,1997,7,7,551,6.1,4,1,5,2,2,2,1,0,0.65,0.16,0.82,0.33,0.49,Matches,0.22,0.50,9,4,44.4,0.65,1.47,,,,,,,,,,,,,,,,,,,Major League Soccer,2026
43cc460f,Woobens Pacius,Woobens Pacius,ht HAI,FW,Nashville SC,24-338,2001,7,2,164,1.8,0,0,0,0,0,0,1,0,0.00,0.00,0.00,0.00,0.00,Matches,0.00,,4,0,0.0,0.00,2.20,,,,,,,,,,,,,,,,,,,Major League Soccer,2026
004b090e,Devin Padelford,Devin Padelford,us USA,"MF,DF",Minnesota Utd,23-101,2003,7,2,260,2.9,0,1,1,0,0,0,0,0,0.00,0.35,0.35,0.00,0.35,Matches,0.00,0.00,2,1,50.0,0.35,0.69,,,,,,,,,,,,,,,,,,,Major League Soccer,2026
88062e83,Joseph Paintsil,Joseph Paintsil,gh GHA,FW,LA Galaxy,28-072,1998,3,3,229,2.5,0,0,0,0,0,0,0,0,0.00,0.00,0.00,0.00,0.00,Matches,0.00,0.00,3,2,66.7,0.79,1.18,,,,,,,,,,,,,,,,,,,Major League Soccer,2026
44014034,Jeison Palacios,Jeison Palacios,co COL,DF,Nashville SC,32-025,1994,5,5,450,5.0,0,0,0,0,0,0,1,0,0.00,0.00,0.00,0.00,0.00,Matches,0.00,0.00,5,1,20.0,0.20,1.00,,,,,,,,,,,,,,,,,,,Major League Soccer,2026
19f8e480,Sergi Palencia,Sergi Palencia,es ESP,DF,LAFC,30-022,1996,5,5,411,4.6,1,0,1,1,0,0,0,0,0.22,0.00,0.22,0.22,0.22,Matches,0.33,1.00,3,1,33.3,0.22,0.66,,,,,,,,,,,,,,,,,,,Major League Soccer,2026
901408ac,James Pantemis,James Pantemis,ca CAN,GK,Portland Timbers,29-052,1997,7,7,630,7.0,0,0,0,0,0,0,1,0,0.00,0.00,0.00,0.00,0.00,Matches,,,0,0,,0.00,0.00,0,0.0,7,7,16,2.29,4,630,1,1,0,0.0,0,67.4,31,46,1,2,Major League Soccer,2026
4988a44d,Tim Parker,Tim Parker,us USA,DF,NY Red Bulls,33-050,1993,2,0,36,0.4,0,0,0,0,0,0,0,0,0.00,0.00,0.00,0.00,0.00,Matches,,,0,0,,0.00,0.00,,,,,,,,,,,,,,,,,,,Major League Soccer,2026
77986763,Keaton Parks,Keaton Parks,us USA,MF,NYCFC,28-251,1997,7,6,474,5.3,2,0,2,2,0,0,1,0,0.38,0.00,0.38,0.38,0.38,Matches,0.33,1.00,6,2,33.3,0.38,1.14,,,,,,,,,,,,,,,,,,,Major League Soccer,2026
1866b0f1,Marco Pašalić,Marco Pašalić,hr CRO,"MF,FW",Orlando City,25-212,2000,7,7,540,6.0,2,0,2,2,0,0,2,0,0.33,0.00,0.33,0.33,0.33,Matches,0.18,0.67,11,3,27.3,0.50,1.83,,,,,,,,,,,,,,,,,,,Major League Soccer,2026
77022c3e,Pedrinho,Pedrinho,br BRA,FW,Orlando City,19-290,2006,1,0,7,0.1,0,0,0,0,0,0,0,0,0.00,0.00,0.00,0.00,0.00,Matches,,,0,0,,0.00,0.00,,,,,,,,,,,,,,,,,,,Major League Soccer,2026
8a861bc5,Peglow,Peglow,br BRA,"MF,FW",D.C. United,24-097,2002,7,7,588,6.5,0,1,1,0,0,0,2,0,0.00,0.15,0.15,0.00,0.15,Matches,0.00,0.00,9,3,33.3,0.46,1.38,,,,,,,,,,,,,,,,,,,Major League Soccer,2026
9d9e69df,Amahl Pellegrino,Amahl Pellegrino,no NOR,"FW,MF",San Diego FC,35-300,1990,5,4,363,4.0,1,1,2,1,0,0,0,0,0.25,0.25,0.50,0.25,0.50,Matches,0.17,0.50,6,2,33.3,0.50,1.49,,,,,,,,,,,,,,,,,,,Major League Soccer,2026
7af31216,Matti Peltola,Matti Peltola,fi FIN,MF,D.C. United,23-285,2002,7,7,629,7.0,1,0,1,1,0,0,0,0,0.14,0.00,0.14,0.14,0.14,Matches,0.25,1.00,4,1,25.0,0.14,0.57,,,,,,,,,,,,,,,,,,,Major League Soccer,2026
b8862e65,Daniel Pereira,Daniel Pereira,ve VEN,MF,Austin FC,25-274,2000,4,3,227,2.5,0,0,0,0,0,0,1,0,0.00,0.00,0.00,0.00,0.00,Matches,0.00,0.00,2,1,50.0,0.40,0.79,,,,,,,,,,,,,,,,,,,Major League Soccer,2026
ac903694,Matheus Pereira,Matheus Pereira,br BRA,MF,Toronto FC,25-114,2000,2,1,120,1.3,0,0,0,0,0,0,0,0,0.00,0.00,0.00,0.00,0.00,Matches,0.00,,3,0,0.0,0.00,2.25,,,,,,,,,,,,,,,,,,,Major League Soccer,2026
98af660d,Joaquín Pereyra,Joaquín Pereyra,ar ARG,"FW,MF",Minnesota Utd,27-134,1998,7,7,622,6.9,0,3,3,0,0,0,1,0,0.00,0.43,0.43,0.00,0.43,Matches,0.00,0.00,12,2,16.7,0.29,1.74,,,,,,,,,,,,,,,,,,,Major League Soccer,2026
61f7e18e,Miguel Perez,Miguel Perez,us USA,MF,St. Louis City,20-351,2005,4,1,93,1.0,0,0,0,0,0,0,0,0,0.00,0.00,0.00,0.00,0.00,Matches,0.00,,1,0,0.0,0.00,0.97,,,,,,,,,,,,,,,,,,,Major League Soccer,2026
6f546721,Nikola Petković,Nikola Petković,rs SRB,MF,Seattle Sounders,23-050,2003,4,2,134,1.5,0,0,0,0,0,0,2,0,0.00,0.00,0.00,0.00,0.00,Matches,0.00,0.00,5,2,40.0,1.34,3.36,,,,,,,,,,,,,,,,,,,Major League Soccer,2026
fafeaf3d,Luca Petrasso,Luca Petrasso,ca CAN,DF,CF Montréal,25-302,2000,5,5,450,5.0,0,0,0,0,0,0,0,0,0.00,0.00,0.00,0.00,0.00,Matches,0.00,,2,0,0.0,0.00,0.40,,,,,,,,,,,,,,,,,,,Major League Soccer,2026
6d353bf4,Hugo Picard,Hugo Picard,fr FRA,FW,Columbus Crew,22-340,2003,7,1,192,2.1,0,0,0,0,0,0,0,0,0.00,0.00,0.00,0.00,0.00,Matches,0.00,0.00,5,1,20.0,0.47,2.34,,,,,,,,,,,,,,,,,,,Major League Soccer,2026
dbaa10c0,Fafà Picault,Fafà Picault,ht HAI,"FW,MF",Atlanta Utd,35-050,1991,2,0,25,0.3,0,0,0,0,0,0,0,0,0.00,0.00,0.00,0.00,0.00,Matches,,,0,0,,0.00,0.00,,,,,,,,,,,,,,,,,,,Major League Soccer,2026
bc33c73b,Samuel Piette,Samuel Piette,ca CAN,MF,CF Montréal,31-153,1994,4,1,106,1.2,0,0,0,0,0,0,0,0,0.00,0.00,0.00,0.00,0.00,Matches,,,0,0,,0.00,0.00,,,,,,,,,,,,,,,,,,,Major League Soccer,2026
16151b25,Ian Pilcher,Ian Pilcher,us USA,DF,San Diego FC,23-024,2003,3,1,48,0.5,0,0,0,0,0,0,0,0,0.00,0.00,0.00,0.00,0.00,Matches,,,0,0,,0.00,0.00,,,,,,,,,,,,,,,,,,,Major League Soccer,2026
e0c17cde,Mauricio Pineda,Mauricio Pineda,us USA,MF,Chicago Fire,28-179,1997,4,2,191,2.1,0,0,0,0,0,0,0,0,0.00,0.00,0.00,0.00,0.00,Matches,,,0,0,,0.00,0.00,,,,,,,,,,,,,,,,,,,Major League Soccer,2026
93e4e1de,Dániel Pintér,Dániel Pintér,us USA,MF,Inter Miami,18-312,2007,4,1,156,1.7,0,0,0,0,0,0,0,0,0.00,0.00,0.00,0.00,0.00,Matches,0.00,,2,0,0.0,0.00,1.15,,,,,,,,,,,,,,,,,,,Major League Soccer,2026
1c33e4ec,Ariath Piol,Ariath Piol,au AUS,FW,Real Salt Lake,21-185,2004,2,2,164,1.8,1,0,1,1,0,0,0,0,0.55,0.00,0.55,0.55,0.55,Matches,0.33,0.50,3,2,66.7,1.10,1.65,,,,,,,,,,,,,,,,,,,Major League Soccer,2026
17205abf,Gabriel Pirani,Gabriel Pirani,br BRA,"FW,MF",D.C. United,24-002,2002,7,6,468,5.2,0,0,0,0,0,0,1,0,0.00,0.00,0.00,0.00,0.00,Matches,0.00,0.00,5,2,40.0,0.38,0.96,,,,,,,,,,,,,,,,,,,Major League Soccer,2026
d1d418f8,Matt Polster,Matt Polster,us USA,MF,NE Revolution,32-310,1993,5,5,356,4.0,0,0,0,0,0,0,1,0,0.00,0.00,0.00,0.00,0.00,Matches,0.00,,1,0,0.0,0.00,0.25,,,,,,,,,,,,,,,,,,,Major League Soccer,2026
03748579,Dante Polvara,Dante Polvara,us USA,DF,St. Louis City,25-297,2000,7,7,621,6.9,0,0,0,0,0,0,1,0,0.00,0.00,0.00,0.00,0.00,Matches,0.00,,5,0,0.0,0.00,0.72,,,,,,,,,,,,,,,,,,,Major League Soccer,2026
b7cc83e3,Célio Pompeu,Célio Pompeu,br BRA,MF,St. Louis City,26-125,1999,3,1,114,1.3,0,0,0,0,0,0,0,0,0.00,0.00,0.00,0.00,0.00,Matches,0.00,0.00,5,2,40.0,1.58,3.95,,,,,,,,,,,,,,,,,,,Major League Soccer,2026
ccbbe661,Ezequiel Ponce,Ezequiel Ponce,ar ARG,FW,Houston Dynamo,29-016,1997,5,5,375,4.2,0,0,0,0,0,0,2,0,0.00,0.00,0.00,0.00,0.00,Matches,0.00,0.00,8,1,12.5,0.24,1.92,,,,,,,,,,,,,,,,,,,Major League Soccer,2026
514725a0,Ryan Porteous,Ryan Porteous,sct SCO,DF,LAFC,27-020,1999,7,6,573,6.4,0,0,0,0,0,0,1,0,0.00,0.00,0.00,0.00,0.00,Matches,0.00,,1,0,0.0,0.00,0.16,,,,,,,,,,,,,,,,,,,Major League Soccer,2026
2f91124d,Alvas Powell,Alvas Powell,jm JAM,DF,FC Cincinnati,31-270,1994,5,1,108,1.2,0,1,1,0,0,0,0,1,0.00,0.83,0.83,0.00,0.83,Matches,,,0,0,,0.00,0.00,,,,,,,,,,,,,,,,,,,Major League Soccer,2026
acb3e899,Ralph Priso-Mbongue,Ralph Priso-Mbongue,ca CAN,DF,Vancouver W'caps,23-255,2002,5,5,450,5.0,0,0,0,0,0,0,0,0,0.00,0.00,0.00,0.00,0.00,Matches,,,0,0,,0.00,0.00,,,,,,,,,,,,,,,,,,,Major League Soccer,2026
4fd77159,Andrew Privett,Andrew Privett,us USA,DF,Charlotte,25-255,2000,2,2,135,1.5,0,0,0,0,0,0,1,0,0.00,0.00,0.00,0.00,0.00,Matches,,,0,0,,0.00,0.00,,,,,,,,,,,,,,,,,,,Major League Soccer,2026
6b306c92,John Pulskamp,John Pulskamp,us USA,GK,Sporting KC,24-360,2001,7,7,630,7.0,0,0,0,0,0,0,0,0,0.00,0.00,0.00,0.00,0.00,Matches,,,0,0,,0.00,0.00,0,0.0,7,7,17,2.43,5,630,0,1,0,100.0,1,54.1,21,37,1,1,Major League Soccer,2026
bd542828,Troy Putt,Troy Putt,nz NZL,FW,Minnesota Utd,19-199,2006,1,0,5,0.1,0,0,0,0,0,0,0,0,0.00,0.00,0.00,0.00,0.00,Matches,,,0,0,,0.00,0.00,,,,,,,,,,,,,,,,,,,Major League Soccer,2026
27219ecb,Ahmed Qasem,Ahmed Qasem,se SWE,"MF,FW",Nashville SC,22-276,2003,7,2,185,2.1,0,0,0,0,0,0,1,0,0.00,0.00,0.00,0.00,0.00,Matches,0.00,0.00,4,2,50.0,0.97,1.95,,,,,,,,,,,,,,,,,,,Major League Soccer,2026
ad411288,Philip Quinton,Philip Quinton,us USA,DF,Real Salt Lake,26-149,1999,6,5,450,5.0,0,1,1,0,0,0,1,0,0.00,0.20,0.20,0.00,0.20,Matches,0.00,,2,0,0.0,0.00,0.40,,,,,,,,,,,,,,,,,,,Major League Soccer,2026
8093ca99,Viktor Radojevic,Viktor Radojevic,rs SRB,DF,Chicago Fire,21-274,2004,3,0,47,0.5,0,0,0,0,0,0,1,0,0.00,0.00,0.00,0.00,0.00,Matches,,,0,0,,0.00,0.00,,,,,,,,,,,,,,,,,,,Major League Soccer,2026
ca9ccbf2,Jeremy Rafanello,Jeremy Rafanello,us USA,MF,Philadelphia Union,26-000,2000,1,0,25,0.3,0,0,0,0,0,0,0,0,0.00,0.00,0.00,0.00,0.00,Matches,,,0,0,,0.00,0.00,,,,,,,,,,,,,,,,,,,Major League Soccer,2026
a3d67f70,Jackson Ragen,Jackson Ragen,us USA,DF,Seattle Sounders,27-202,1998,6,5,519,5.8,0,0,0,0,0,0,2,0,0.00,0.00,0.00,0.00,0.00,Matches,0.00,0.00,3,1,33.3,0.17,0.52,,,,,,,,,,,,,,,,,,,Major League Soccer,2026
b4caa0c5,Brooklyn Raines,Brooklyn Raines,us USA,MF,NE Revolution,21-034,2005,6,6,513,5.7,0,0,0,0,0,0,2,0,0.00,0.00,0.00,0.00,0.00,Matches,,,0,0,,0.00,0.00,,,,,,,,,,,,,,,,,,,Major League Soccer,2026
226685d8,Bryan Ramírez,Bryan Ramírez,ec ECU,"MF,DF",FC Cincinnati,25-246,2000,7,7,581,6.5,0,1,1,0,0,0,4,0,0.00,0.15,0.15,0.00,0.15,Matches,0.00,0.00,3,2,66.7,0.31,0.46,,,,,,,,,,,,,,,,,,,Major League Soccer,2026
316d5521,Christian Ramirez,Christian Ramirez,us USA,FW,Austin FC,35-010,1991,6,3,269,3.0,1,0,1,1,0,0,0,0,0.33,0.00,0.33,0.33,0.33,Matches,0.17,0.33,6,3,50.0,1.00,2.01,,,,,,,,,,,,,,,,,,,Major League Soccer,2026
d85152ae,Rubén Ramos,Rubén Ramos,us USA,FW,LA Galaxy,19-082,2007,2,0,37,0.4,0,0,0,0,0,0,1,0,0.00,0.00,0.00,0.00,0.00,Matches,,,0,0,,0.00,0.00,,,,,,,,,,,,,,,,,,,Major League Soccer,2026
f006a9b3,Ryan Raposo,Ryan Raposo,ca CAN,DF,LAFC,27-040,1999,3,1,122,1.4,0,0,0,0,0,0,0,0,0.00,0.00,0.00,0.00,0.00,Matches,0.00,,2,0,0.0,0.00,1.48,,,,,,,,,,,,,,,,,,,Major League Soccer,2026
28b40c9c,Tim Ream,Tim Ream,us USA,DF,Charlotte,38-191,1987,7,7,630,7.0,0,0,0,0,0,0,0,0,0.00,0.00,0.00,0.00,0.00,Matches,0.00,,1,0,0.0,0.00,0.14,,,,,,,,,,,,,,,,,,,Major League Soccer,2026
3353737a,Sergio Reguilón,Sergio Reguilón,es ESP,DF,Inter Miami,29-119,1996,2,2,112,1.2,0,0,0,0,0,0,0,0,0.00,0.00,0.00,0.00,0.00,Matches,0.00,,2,0,0.0,0.00,1.61,,,,,,,,,,,,,,,,,,,Major League Soccer,2026
24ec625a,Jayden Reid,Jayden Reid,us USA,DF,Sporting KC,24-227,2001,5,5,440,4.9,0,0,0,0,0,0,0,0,0.00,0.00,0.00,0.00,0.00,Matches,0.00,,1,0,0.0,0.00,0.20,,,,,,,,,,,,,,,,,,,Major League Soccer,2026
2d164f37,Seymour Reid,Seymour Reid,jm JAM,FW,NYCFC,18-041,2008,3,0,26,0.3,0,0,0,0,0,0,0,0,0.00,0.00,0.00,0.00,0.00,Matches,0.00,0.00,1,1,100.0,3.46,3.46,,,,,,,,,,,,,,,,,,,Major League Soccer,2026
7fa20456,Tahir Reid-Brown,Tahir Reid-Brown,us USA,DF,Orlando City,19-286,2006,5,2,200,2.2,0,0,0,0,0,0,1,0,0.00,0.00,0.00,0.00,0.00,Matches,,,0,0,,0.00,0.00,,,,,,,,,,,,,,,,,,,Major League Soccer,2026
2361b580,William Reilly,William Reilly,us USA,MF,Atlanta Utd,23-132,2002,1,1,57,0.6,0,0,0,0,0,0,0,0,0.00,0.00,0.00,0.00,0.00,Matches,,,0,0,,0.00,0.00,,,,,,,,,,,,,,,,,,,Major League Soccer,2026
2d870682,Agustín Resch,Agustín Resch,ar ARG,DF,Houston Dynamo,24-045,2002,5,0,146,1.6,0,0,0,0,0,0,1,0,0.00,0.00,0.00,0.00,0.00,Matches,,,0,0,,0.00,0.00,,,,,,,,,,,,,,,,,,,Major League Soccer,2026
36a3ff67,Marco Reus,Marco Reus,de GER,"MF,FW",LA Galaxy,36-318,1989,7,6,502,5.6,2,3,5,2,0,0,0,0,0.36,0.54,0.90,0.36,0.90,Matches,0.25,0.40,8,5,62.5,0.90,1.43,,,,,,,,,,,,,,,,,,,Major League Soccer,2026
b7a764a8,Justin Reynolds,Justin Reynolds,us USA,"DF,MF",Sporting KC,21-253,2004,4,3,197,2.2,0,1,1,0,0,0,0,0,0.00,0.46,0.46,0.00,0.46,Matches,0.00,0.00,2,1,50.0,0.46,0.91,,,,,,,,,,,,,,,,,,,Major League Soccer,2026
c4bf0bb9,Jamar Ricketts,Jamar Ricketts,us USA,"MF,DF",SJ Earthquakes,24-172,2001,5,5,324,3.6,0,2,2,0,0,0,0,0,0.00,0.56,0.56,0.00,0.56,Matches,0.00,0.00,4,1,25.0,0.28,1.11,,,,,,,,,,,,,,,,,,,Major League Soccer,2026
a7f6b9c4,Kalani Rienzi,Kalani Rienzi,us USA,DF,Seattle Sounders,23-291,2002,4,2,281,3.1,1,0,1,1,0,0,0,0,0.32,0.00,0.32,0.32,0.32,Matches,0.33,1.00,3,1,33.3,0.32,0.96,,,,,,,,,,,,,,,,,,,Major League Soccer,2026
f59bd2d3,Rocco Ríos Novo,Rocco Ríos Novo,ar ARG,GK,Inter Miami,23-314,2002,1,1,90,1.0,0,0,0,0,0,0,0,0,0.00,0.00,0.00,0.00,0.00,Matches,,,0,0,,0.00,0.00,1,100.0,1,1,0,0.00,0,90,0,0,0,,0,100.0,5,5,1,0,Major League Soccer,2026
5e49d644,Reid Roberts,Reid Roberts,us USA,DF,SJ Earthquakes,22-126,2003,7,7,630,7.0,0,0,0,0,0,0,0,0,0.00,0.00,0.00,0.00,0.00,Matches,0.00,,2,0,0.0,0.00,0.29,,,,,,,,,,,,,,,,,,,Major League Soccer,2026
782a95d9,Miles Robinson,Miles Robinson,us USA,DF,FC Cincinnati,29-031,1997,5,5,389,4.3,0,0,0,0,0,0,0,1,0.00,0.00,0.00,0.00,0.00,Matches,0.00,0.00,1,1,100.0,0.23,0.23,,,,,,,,,,,,,,,,,,,Major League Soccer,2026
5f011e05,Stian Rode Gregersen,Stian Rode Gregersen,no NOR,DF,Atlanta Utd,30-332,1995,4,4,360,4.0,0,0,0,0,0,0,1,0,0.00,0.00,0.00,0.00,0.00,Matches,0.00,0.00,1,1,100.0,0.25,0.25,,,,,,,,,,,,,,,,,,,Major League Soccer,2026
715bf047,James Rodríguez,James Rodríguez,co COL,"FW,MF",Minnesota Utd,34-276,1991,2,0,41,0.5,0,0,0,0,0,0,0,0,0.00,0.00,0.00,0.00,0.00,Matches,,,0,0,,0.00,0.00,,,,,,,,,,,,,,,,,,,Major League Soccer,2026
6a0be032,Sam Rogers,Sam Rogers,us USA,DF,Chicago Fire,26-332,1999,1,1,75,0.8,0,0,0,0,0,0,0,0,0.00,0.00,0.00,0.00,0.00,Matches,,,0,0,,0.00,0.00,,,,,,,,,,,,,,,,,,,Major League Soccer,2026
24d1531c,Andy Rojas,Andy Rojas,cr CRC,FW,NY Red Bulls,20-130,2005,2,0,49,0.5,0,0,0,0,0,0,0,0,0.00,0.00,0.00,0.00,0.00,Matches,0.00,,1,0,0.0,0.00,1.84,,,,,,,,,,,,,,,,,,,Major League Soccer,2026
1255a82a,Alex Roldan,Alex Roldan,sv SLV,DF,Seattle Sounders,29-260,1996,6,4,320,3.6,0,0,0,0,0,0,2,0,0.00,0.00,0.00,0.00,0.00,Matches,0.00,,4,0,0.0,0.00,1.13,,,,,,,,,,,,,,,,,,,Major League Soccer,2026
48875649,Cristian Roldan,Cristian Roldan,us USA,MF,Seattle Sounders,30-315,1995,6,5,476,5.3,1,0,1,1,0,0,0,0,0.19,0.00,0.19,0.19,0.19,Matches,0.25,1.00,4,1,25.0,0.19,0.76,,,,,,,,,,,,,,,,,,,Major League Soccer,2026
bc4b0544,Nicolás Romero,Nicolás Romero,ar ARG,DF,Minnesota Utd,22-137,2003,3,3,203,2.3,0,0,0,0,0,0,0,0,0.00,0.00,0.00,0.00,0.00,Matches,0.00,,1,0,0.0,0.00,0.44,,,,,,,,,,,,,,,,,,,Major League Soccer,2026
b7b6e781,David Romney,David Romney,us USA,DF,SJ Earthquakes,32-306,1993,3,1,121,1.3,1,0,1,1,0,0,0,0,0.74,0.00,0.74,0.74,0.74,Matches,0.25,1.00,4,1,25.0,0.74,2.98,,,,,,,,,,,,,,,,,,,Major League Soccer,2026
1b804500,Connor Ronan,Connor Ronan,ie IRL,MF,Colorado Rapids,28-039,1998,2,0,19,0.2,0,0,0,0,0,0,0,0,0.00,0.00,0.00,0.00,0.00,Matches,,,0,0,,0.00,0.00,,,,,,,,,,,,,,,,,,,Major League Soccer,2026
6a29d06b,Joseph Rosales,Joseph Rosales,hn HON,MF,Austin FC,25-159,2000,7,7,575,6.4,0,0,0,0,0,0,0,0,0.00,0.00,0.00,0.00,0.00,Matches,0.00,0.00,8,1,12.5,0.16,1.25,,,,,,,,,,,,,,,,,,,Major League Soccer,2026
01c66b96,Tanner Rosborough,Tanner Rosborough,us USA,FW,NY Red Bulls,18-024,2008,5,0,65,0.7,0,0,0,0,0,0,0,0,0.00,0.00,0.00,0.00,0.00,Matches,0.00,0.00,4,2,50.0,2.77,5.54,,,,,,,,,,,,,,,,,,,Major League Soccer,2026
f940c69e,Keegan Rosenberry,Keegan Rosenberry,us USA,DF,Colorado Rapids,32-124,1993,7,1,263,2.9,1,0,1,1,0,0,0,0,0.34,0.00,0.34,0.34,0.34,Matches,0.33,0.50,3,2,66.7,0.68,1.03,,,,,,,,,,,,,,,,,,,Major League Soccer,2026
a81dba8c,Diego Rossi,Diego Rossi,uy URU,"FW,MF",Columbus Crew,28-040,1998,7,7,622,6.9,3,0,3,3,0,0,0,0,0.43,0.00,0.43,0.43,0.43,Matches,0.19,0.50,16,6,37.5,0.87,2.32,,,,,,,,,,,,,,,,,,,Major League Soccer,2026
875e8269,Paul Rothrock,Paul Rothrock,us USA,MF,Seattle Sounders,27-095,1999,5,4,440,4.9,3,1,4,3,0,0,1,0,0.61,0.20,0.82,0.61,0.82,Matches,0.50,0.60,6,5,83.3,1.02,1.23,,,,,,,,,,,,,,,,,,,Major League Soccer,2026
8caf6772,Kye Rowles,Kye Rowles,au AUS,DF,D.C. United,27-294,1998,6,6,540,6.0,0,0,0,0,0,0,0,0,0.00,0.00,0.00,0.00,0.00,Matches,0.00,,1,0,0.0,0.00,0.17,,,,,,,,,,,,,,,,,,,Major League Soccer,2026
14cbe9d4,David Ruíz,David Ruíz,hn HON,MF,Inter Miami,22-065,2004,2,1,81,0.9,0,0,0,0,0,0,0,0,0.00,0.00,0.00,0.00,0.00,Matches,0.00,,1,0,0.0,0.00,1.11,,,,,,,,,,,,,,,,,,,Major League Soccer,2026
7368cd70,Pablo Ruíz,Pablo Ruíz,ar ARG,MF,Real Salt Lake,27-115,1998,2,0,50,0.6,0,0,0,0,0,0,0,0,0.00,0.00,0.00,0.00,0.00,Matches,0.00,0.00,1,1,100.0,1.80,1.80,,,,,,,,,,,,,,,,,,,Major League Soccer,2026
0adeafaa,Albert Rusnák,Albert Rusnák,sk SVK,MF,Seattle Sounders,31-281,1994,6,4,425,4.7,1,1,2,1,0,0,0,0,0.21,0.21,0.42,0.21,0.42,Matches,0.10,0.25,10,4,40.0,0.85,2.12,,,,,,,,,,,,,,,,,,,Major League Soccer,2026
3c0efe33,Jorge Ruvalcaba,Jorge Ruvalcaba,mx MEX,"FW,MF",NY Red Bulls,24-265,2001,7,7,555,6.2,1,0,1,1,0,0,0,0,0.16,0.00,0.16,0.16,0.16,Matches,0.05,0.14,20,7,35.0,1.14,3.24,,,,,,,,,,,,,,,,,,,Major League Soccer,2026
2e1b7c83,Emmanuel Sabbi,Emmanuel Sabbi,us USA,MF,Vancouver W'caps,28-111,1997,6,3,330,3.7,1,1,2,1,0,0,2,0,0.27,0.27,0.55,0.27,0.55,Matches,0.13,0.20,8,5,62.5,1.36,2.18,,,,,,,,,,,,,,,,,,,Major League Soccer,2026
6fde84aa,Besard Sabovic,Besard Sabovic,se SWE,MF,Austin FC,28-099,1998,6,0,166,1.8,0,0,0,0,0,0,2,0,0.00,0.00,0.00,0.00,0.00,Matches,0.00,0.00,1,1,100.0,0.54,0.54,,,,,,,,,,,,,,,,,,,Major League Soccer,2026
3da8c3f9,Anton Salétros,Anton Salétros,se SWE,MF,Chicago Fire,30-002,1996,7,7,630,7.0,0,0,0,0,0,0,2,0,0.00,0.00,0.00,0.00,0.00,Matches,0.00,0.00,5,1,20.0,0.14,0.71,,,,,,,,,,,,,,,,,,,Major League Soccer,2026
6fcddf5f,Dániel Sallói,Dániel Sallói,hu HUN,"MF,FW",Toronto FC,29-269,1996,7,6,569,6.3,2,1,3,2,0,0,0,0,0.32,0.16,0.47,0.32,0.47,Matches,0.15,0.25,13,8,61.5,1.27,2.06,,,,,,,,,,,,,,,,,,,Major League Soccer,2026
08593525,Diadie Samassékou,Diadie Samassékou,ml MLI,MF,Houston Dynamo,30-093,1996,5,3,255,2.8,0,0,0,0,0,0,0,0,0.00,0.00,0.00,0.00,0.00,Matches,,,0,0,,0.00,0.00,,,,,,,,,,,,,,,,,,,Major League Soccer,2026
1d9b8c4d,Lucas Sanabria,Lucas Sanabria,uy URU,MF,LA Galaxy,22-109,2003,7,4,342,3.8,1,0,1,1,0,0,2,0,0.26,0.00,0.26,0.26,0.26,Matches,0.20,1.00,5,1,20.0,0.26,1.32,,,,,,,,,,,,,,,,,,,Major League Soccer,2026
4fcf3b14,Cooper Sanchez,Cooper Sanchez,us USA,MF,Atlanta Utd,18-019,2008,7,6,447,5.0,0,0,0,0,0,0,2,0,0.00,0.00,0.00,0.00,0.00,Matches,0.00,0.00,2,1,50.0,0.20,0.40,,,,,,,,,,,,,,,,,,,Major League Soccer,2026
72979f65,Ilie Sánchez,Ilie Sánchez,es ESP,MF,Austin FC,35-144,1990,7,7,472,5.2,0,0,0,0,0,0,2,0,0.00,0.00,0.00,0.00,0.00,Matches,0.00,0.00,6,2,33.3,0.38,1.14,,,,,,,,,,,,,,,,,,,Major League Soccer,2026
960a4473,William Sands,William Sands,us USA,DF,NE Revolution,25-282,2000,6,6,476,5.3,0,0,0,0,0,0,1,0,0.00,0.00,0.00,0.00,0.00,Matches,0.00,0.00,2,1,50.0,0.19,0.38,,,,,,,,,,,,,,,,,,,Major League Soccer,2026
215918bf,Edvard Sandvik Tagseth,Edvard Sandvik Tagseth,no NOR,MF,Nashville SC,25-081,2001,7,7,608,6.8,1,0,1,1,0,0,1,0,0.15,0.00,0.15,0.15,0.15,Matches,0.50,1.00,2,1,50.0,0.15,0.30,,,,,,,,,,,,,,,,,,,Major League Soccer,2026
f6fca8c6,Jeong Sangbin,Jeong Sangbin,kr KOR,MF,St. Louis City,24-013,2002,4,2,127,1.4,0,0,0,0,0,0,0,0,0.00,0.00,0.00,0.00,0.00,Matches,0.00,,1,0,0.0,0.00,0.71,,,,,,,,,,,,,,,,,,,Major League Soccer,2026
a930b263,Sergio Santos Gomes,Sergio Santos Gomes,br BRA,FW,Atlanta Utd,31-222,1994,1,0,5,0.1,0,0,0,0,0,0,0,0,0.00,0.00,0.00,0.00,0.00,Matches,,,0,0,,0.00,0.00,,,,,,,,,,,,,,,,,,,Major League Soccer,2026
c72a6057,Rafael Santos,Rafael Santos,br BRA,"MF,DF",St. Louis City,28-068,1998,7,7,562,6.2,0,1,1,0,0,0,1,0,0.00,0.16,0.16,0.00,0.16,Matches,0.00,0.00,8,5,62.5,0.80,1.28,,,,,,,,,,,,,,,,,,,Major League Soccer,2026
9ca44215,Kieran Sargeant,Kieran Sargeant,us USA,DF,San Diego FC,22-364,2003,3,3,270,3.0,0,0,0,0,0,0,0,0,0.00,0.00,0.00,0.00,0.00,Matches,0.00,,1,0,0.0,0.00,0.33,,,,,,,,,,,,,,,,,,,Major League Soccer,2026
a8d4428b,Josh Sargent,Josh Sargent,us USA,FW,Toronto FC,26-053,2000,4,3,245,2.7,1,1,2,1,0,0,0,0,0.37,0.37,0.73,0.37,0.73,Matches,0.13,0.33,8,3,37.5,1.10,2.94,,,,,,,,,,,,,,,,,,,Major League Soccer,2026
2d43686c,Samuel Sarver,Samuel Sarver,us USA,FW,FC Dallas,23-042,2003,2,0,26,0.3,0,0,0,0,0,0,1,0,0.00,0.00,0.00,0.00,0.00,Matches,0.00,,2,0,0.0,0.00,6.92,,,,,,,,,,,,,,,,,,,Major League Soccer,2026
1c341b14,David Schnegg,David Schnegg,at AUT,"DF,MF",Charlotte,27-197,1998,2,0,38,0.4,0,1,1,0,0,0,0,0,0.00,2.37,2.37,0.00,2.37,Matches,,,0,0,,0.00,0.00,,,,,,,,,,,,,,,,,,,Major League Soccer,2026
efd623db,Sebastian Schonlau,Sebastian Schonlau,de GER,"DF,MF",Vancouver W'caps,31-252,1994,1,0,26,0.3,0,0,0,0,0,0,0,0,0.00,0.00,0.00,0.00,0.00,Matches,0.00,,1,0,0.0,0.00,3.46,,,,,,,,,,,,,,,,,,,Major League Soccer,2026
b8f47d7c,Patrick Schulte,Patrick Schulte,us USA,GK,Columbus Crew,25-032,2001,7,7,630,7.0,0,0,0,0,0,0,0,0,0.00,0.00,0.00,0.00,0.00,Matches,,,0,0,,0.00,0.00,1,14.3,7,7,10,1.43,3,630,0,0,0,,0,64.3,18,28,3,1,Major League Soccer,2026
e287eefa,Brian Schwake,Brian Schwake,us USA,GK,Nashville SC,24-233,2001,7,7,630,7.0,0,0,0,0,0,0,0,0,0.00,0.00,0.00,0.00,0.00,Matches,,,0,0,,0.00,0.00,3,42.9,7,7,4,0.57,1,630,1,2,0,50.0,1,75.0,10,12,1,5,Major League Soccer,2026
620ae69c,Dante Sealy,Dante Sealy,tt TRI,"MF,FW",Colorado Rapids,22-362,2003,7,6,437,4.9,0,2,2,0,0,0,1,0,0.00,0.41,0.41,0.00,0.41,Matches,0.00,0.00,10,2,20.0,0.41,2.06,,,,,,,,,,,,,,,,,,,Major League Soccer,2026
9142b22f,Telasco Segovia,Telasco Segovia,ve VEN,MF,Inter Miami,23-012,2003,7,6,537,6.0,1,3,4,1,0,0,3,0,0.17,0.50,0.67,0.17,0.67,Matches,0.13,1.00,8,1,12.5,0.17,1.34,,,,,,,,,,,,,,,,,,,Major League Soccer,2026
c70e3fe0,Eddie Segura,Eddie Segura,co COL,DF,LAFC,29-071,1997,5,5,450,5.0,0,0,0,0,0,0,1,0,0.00,0.00,0.00,0.00,0.00,Matches,,,0,0,,0.00,0.00,,,,,,,,,,,,,,,,,,,Major League Soccer,2026
43ca2019,Amar Sejdic,Amar Sejdic,us USA,MF,Columbus Crew,29-136,1996,2,1,138,1.5,0,0,0,0,0,0,0,0,0.00,0.00,0.00,0.00,0.00,Matches,0.00,0.00,3,2,66.7,1.30,1.96,,,,,,,,,,,,,,,,,,,Major League Soccer,2026
e27b3742,Giovanny Sequera,Giovanny Sequera,ve VEN,DF,Philadelphia Union,20-059,2006,1,1,81,0.9,0,0,0,0,0,0,0,0,0.00,0.00,0.00,0.00,0.00,Matches,0.00,,1,0,0.0,0.00,1.11,,,,,,,,,,,,,,,,,,,Major League Soccer,2026
4d825a2d,Brandon Servania,Brandon Servania,us USA,MF,D.C. United,27-033,1999,7,7,570,6.3,0,0,0,0,0,0,0,0,0.00,0.00,0.00,0.00,0.00,Matches,0.00,0.00,4,1,25.0,0.16,0.63,,,,,,,,,,,,,,,,,,,Major League Soccer,2026
03e7a498,Japhet Sery,Japhet Sery,dk DEN,DF,Philadelphia Union,26-004,2000,6,5,447,5.0,1,0,1,1,0,0,3,0,0.20,0.00,0.20,0.20,0.20,Matches,1.00,1.00,1,1,100.0,0.20,0.20,,,,,,,,,,,,,,,,,,,Major League Soccer,2026
339a2561,Jacob Shaffelburg,Jacob Shaffelburg,ca CAN,MF,LAFC,26-139,1999,2,0,56,0.6,0,1,1,0,0,0,0,0,0.00,1.61,1.61,0.00,1.61,Matches,0.00,,1,0,0.0,0.00,1.61,,,,,,,,,,,,,,,,,,,Major League Soccer,2026
773d5387,Alexander Shaw,Alexander Shaw,us USA,MF,Inter Miami,18-041,2008,1,0,23,0.3,0,0,0,0,0,0,0,0,0.00,0.00,0.00,0.00,0.00,Matches,,,0,0,,0.00,0.00,,,,,,,,,,,,,,,,,,,Major League Soccer,2026
f347746b,Jason Shokalook,Jason Shokalook,us USA,FW,Chicago Fire,23-196,2002,4,0,15,0.2,0,0,0,0,0,0,0,0,0.00,0.00,0.00,0.00,0.00,Matches,,,0,0,,0.00,0.00,,,,,,,,,,,,,,,,,,,Major League Soccer,2026
7cf7d4dd,Jonathan Shore,Jonathan Shore,us USA,MF,NYCFC,19-001,2007,5,0,40,0.4,0,0,0,0,0,0,0,0,0.00,0.00,0.00,0.00,0.00,Matches,,,0,0,,0.00,0.00,,,,,,,,,,,,,,,,,,,Major League Soccer,2026
12a2d3e0,Mateo Silvetti,Mateo Silvetti,ar ARG,"MF,FW",Inter Miami,20-090,2006,7,6,514,5.7,2,1,3,2,0,0,1,0,0.35,0.18,0.53,0.35,0.53,Matches,0.11,0.22,18,9,50.0,1.58,3.15,,,,,,,,,,,,,,,,,,,Major League Soccer,2026
550557e1,Pablo Sisniega,Pablo Sisniega,mx MEX,GK,San Diego FC,30-281,1995,1,1,90,1.0,0,0,0,0,0,0,0,0,0.00,0.00,0.00,0.00,0.00,Matches,,,0,0,,0.00,0.00,0,0.0,1,1,3,3.00,0,90,1,1,0,0.0,0,71.4,5,7,1,0,Major League Soccer,2026
9c07bdc7,Jack Skahan,Jack Skahan,us USA,"MF,FW",SJ Earthquakes,28-066,1998,6,2,181,2.0,2,0,2,2,0,0,0,0,0.99,0.00,0.99,0.99,0.99,Matches,0.50,1.00,4,2,50.0,0.99,1.99,,,,,,,,,,,,,,,,,,,Major League Soccer,2026
1e78e7c5,Tyger Smalls,Tyger Smalls,,FW,Charlotte,23-208,2002,4,0,46,0.5,0,0,0,0,0,0,0,0,0.00,0.00,0.00,0.00,0.00,Matches,,,0,0,,0.00,0.00,,,,,,,,,,,,,,,,,,,Major League Soccer,2026
80a9110c,Ian Smith,Ian Smith,us USA,DF,Portland Timbers,23-272,2002,6,1,168,1.9,0,0,0,0,0,0,2,0,0.00,0.00,0.00,0.00,0.00,Matches,0.00,,2,0,0.0,0.00,1.07,,,,,,,,,,,,,,,,,,,Major League Soccer,2026
9e6b2ec3,Kyle Smith,Kyle Smith,us USA,"MF,DF",FC Cincinnati,34-095,1992,4,2,188,2.1,1,0,1,1,0,0,0,0,0.48,0.00,0.48,0.48,0.48,Matches,0.50,1.00,2,1,50.0,0.48,0.96,,,,,,,,,,,,,,,,,,,Major League Soccer,2026
a7590f18,Artem Smoliakov,Artem Smoliakov,ua UKR,DF,LAFC,22-320,2003,1,1,75,0.8,0,0,0,0,0,0,1,0,0.00,0.00,0.00,0.00,0.00,Matches,0.00,,2,0,0.0,0.00,2.40,,,,,,,,,,,,,,,,,,,Major League Soccer,2026
09390bae,Mohammed Sofo,Mohammed Sofo,gh GHA,MF,NY Red Bulls,21-135,2004,4,1,136,1.5,1,0,1,1,0,0,0,0,0.66,0.00,0.66,0.66,0.66,Matches,0.17,0.25,6,4,66.7,2.65,3.97,,,,,,,,,,,,,,,,,,,Major League Soccer,2026
a5c74923,Sergi Solans,Sergi Solans,es ESP,FW,Real Salt Lake,23-047,2003,6,4,339,3.8,3,0,3,3,0,0,0,0,0.80,0.00,0.80,0.80,0.80,Matches,0.21,0.43,14,7,50.0,1.86,3.72,,,,,,,,,,,,,,,,,,,Major League Soccer,2026
c29783af,Pedro Soma,Pedro Soma,us USA,MF,San Diego FC,19-288,2006,4,2,156,1.7,0,0,0,0,0,0,1,0,0.00,0.00,0.00,0.00,0.00,Matches,,,0,0,,0.00,0.00,,,,,,,,,,,,,,,,,,,Major League Soccer,2026
685576cf,Tyrese Spicer,Tyrese Spicer,tt TRI,"MF,FW",Orlando City,25-131,2000,4,2,138,1.5,0,0,0,0,0,0,1,0,0.00,0.00,0.00,0.00,0.00,Matches,0.00,0.00,6,1,16.7,0.65,3.91,,,,,,,,,,,,,,,,,,,Major League Soccer,2026
a08985b8,Stijn Spierings,Stijn Spierings,nl NED,MF,Real Salt Lake,30-033,1996,3,1,116,1.3,1,0,1,1,0,0,0,0,0.78,0.00,0.78,0.78,0.78,Matches,0.33,0.50,3,2,66.7,1.55,2.33,,,,,,,,,,,,,,,,,,,Major League Soccer,2026
3f41d25f,Dayne St. Clair,Dayne St. Clair,ca CAN,GK,Inter Miami,28-340,1997,6,6,540,6.0,0,0,0,0,0,0,1,0,0.00,0.00,0.00,0.00,0.00,Matches,,,0,0,,0.00,0.00,0,0.0,6,6,12,2.00,1,540,0,0,0,,0,47.8,11,23,2,3,Major League Soccer,2026
681fad6a,Lazar Stefanovic,Lazar Stefanovic,ca CAN,DF,Toronto FC,19-247,2006,2,0,27,0.3,0,0,0,0,0,0,0,0,0.00,0.00,0.00,0.00,0.00,Matches,,,0,0,,0.00,0.00,,,,,,,,,,,,,,,,,,,Major League Soccer,2026
42130443,Zack Steffen,Zack Steffen,us USA,GK,Colorado Rapids,31-012,1995,5,5,450,5.0,0,0,0,0,0,0,0,0,0.00,0.00,0.00,0.00,0.00,Matches,,,0,0,,0.00,0.00,1,20.0,5,5,8,1.60,2,450,0,0,0,,0,69.2,18,26,0,3,Major League Soccer,2026
70ece0eb,Noah Streit,Noah Streit,ch SUI,FW,CF Montréal,20-185,2005,4,0,84,0.9,0,0,0,0,0,0,0,0,0.00,0.00,0.00,0.00,0.00,Matches,0.00,,1,0,0.0,0.00,1.07,,,,,,,,,,,,,,,,,,,Major League Soccer,2026
5d018899,Jared Stroud,Jared Stroud,us USA,MF,D.C. United,29-278,1996,2,1,54,0.6,0,0,0,0,0,0,1,0,0.00,0.00,0.00,0.00,0.00,Matches,0.00,,1,0,0.0,0.00,1.67,,,,,,,,,,,,,,,,,,,Major League Soccer,2026
6a1940d5,Brad Stuver,Brad Stuver,us USA,GK,Austin FC,34-363,1991,7,7,630,7.0,0,0,0,0,0,0,1,0,0.00,0.00,0.00,0.00,0.00,Matches,,,0,0,,0.00,0.00,2,28.6,7,7,11,1.57,3,630,0,0,0,,0,73.8,31,42,3,1,Major League Soccer,2026
a6154613,Luis Suárez,Luis Suárez,uy URU,FW,Inter Miami,39-080,1987,4,1,130,1.4,1,0,1,1,0,0,0,0,0.69,0.00,0.69,0.69,0.69,Matches,0.25,0.50,4,2,50.0,1.38,2.77,,,,,,,,,,,,,,,,,,,Major League Soccer,2026
d94653be,Magomed-Shapi Suleymanov,Magomed-Shapi Suleymanov,ru RUS,"MF,FW",Sporting KC,26-119,1999,7,7,548,6.1,1,0,1,1,0,0,1,0,0.16,0.00,0.16,0.16,0.16,Matches,0.11,0.33,9,3,33.3,0.49,1.48,,,,,,,,,,,,,,,,,,,Major League Soccer,2026
0ddabe9e,Cavan Sullivan,Cavan Sullivan,us USA,MF,Philadelphia Union,16-198,2009,5,1,107,1.2,0,1,1,0,0,0,1,0,0.00,0.84,0.84,0.00,0.84,Matches,0.00,,1,0,0.0,0.00,0.84,,,,,,,,,,,,,,,,,,,Major League Soccer,2026
3b9e2775,Finn Sundstrom,Finn Sundstrom,us USA,DF,Philadelphia Union,19-146,2006,1,1,45,0.5,0,0,0,0,0,0,0,0,0.00,0.00,0.00,0.00,0.00,Matches,,,0,0,,0.00,0.00,,,,,,,,,,,,,,,,,,,Major League Soccer,2026
016e419b,Finn Surman,Finn Surman,nz NZL,DF,Portland Timbers,22-203,2003,7,7,630,7.0,0,1,1,0,0,0,0,0,0.00,0.14,0.14,0.00,0.14,Matches,0.00,0.00,3,2,66.7,0.29,0.43,,,,,,,,,,,,,,,,,,,Major League Soccer,2026
b017b770,Sam Surridge,Sam Surridge,eng ENG,FW,Nashville SC,27-260,1998,6,4,393,4.4,7,0,7,6,1,1,0,0,1.60,0.00,1.60,1.37,1.37,Matches,0.35,0.46,17,13,76.5,2.98,3.89,,,,,,,,,,,,,,,,,,,Major League Soccer,2026
b70be510,Oleksandr Svatok,Oleksandr Svatok,ua UKR,DF,Austin FC,31-199,1994,7,7,630,7.0,0,0,0,0,0,0,0,0,0.00,0.00,0.00,0.00,0.00,Matches,0.00,0.00,3,1,33.3,0.14,0.43,,,,,,,,,,,,,,,,,,,Major League Soccer,2026
9614b550,Erik Sviatchenko,Erik Sviatchenko,dk DEN,DF,Houston Dynamo,34-192,1991,5,5,402,4.5,1,0,1,1,0,0,3,1,0.22,0.00,0.22,0.22,0.22,Matches,0.50,1.00,2,1,50.0,0.22,0.45,,,,,,,,,,,,,,,,,,,Major League Soccer,2026
8220e6eb,Hennadii Synchuk,Hennadii Synchuk,ua UKR,MF,CF Montréal,19-278,2006,6,4,332,3.7,0,0,0,0,0,0,2,0,0.00,0.00,0.00,0.00,0.00,Matches,0.00,0.00,12,4,33.3,1.08,3.25,,,,,,,,,,,,,,,,,,,Major League Soccer,2026
715a11e7,Osvald Søe,Osvald Søe,dk DEN,DF,San Diego FC,20-160,2005,4,3,251,2.8,0,0,0,0,0,0,1,0,0.00,0.00,0.00,0.00,0.00,Matches,0.00,,1,0,0.0,0.00,0.36,,,,,,,,,,,,,,,,,,,Major League Soccer,2026
4a07ae31,Nkosi Tafari,Nkosi Tafari,us USA,DF,LAFC,29-022,1997,7,7,630,7.0,0,0,0,0,0,0,0,0,0.00,0.00,0.00,0.00,0.00,Matches,0.00,,4,0,0.0,0.00,0.57,,,,,,,,,,,,,,,,,,,Major League Soccer,2026
0896e23e,Zakaria Taifi,Zakaria Taifi,us USA,MF,Orlando City,20-195,2005,5,0,135,1.5,0,1,1,0,0,0,0,0,0.00,0.67,0.67,0.00,0.67,Matches,0.00,0.00,3,2,66.7,1.33,2.00,,,,,,,,,,,,,,,,,,,Major League Soccer,2026
52be0b7d,Yohei Takaoka,Yohei Takaoka,jp JPN,GK,Vancouver W'caps,30-029,1996,7,7,630,7.0,0,1,1,0,0,0,0,0,0.00,0.14,0.14,0.00,0.14,Matches,,,0,0,,0.00,0.00,4,57.1,7,7,4,0.57,1,630,0,0,0,,0,76.5,13,17,0,6,Major League Soccer,2026
618ab91f,Strahinja Tanasijević,Strahinja Tanasijević,rs SRB,DF,NYCFC,28-306,1997,1,0,20,0.2,0,0,0,0,0,0,0,0,0.00,0.00,0.00,0.00,0.00,Matches,,,0,0,,0.00,0.00,,,,,,,,,,,,,,,,,,,Major League Soccer,2026
ed4dc7f4,D.J. Taylor,D.J. Taylor,us USA,DF,Minnesota Utd,28-231,1997,4,1,116,1.3,0,0,0,0,0,0,1,0,0.00,0.00,0.00,0.00,0.00,Matches,,,0,0,,0.00,0.00,,,,,,,,,,,,,,,,,,,Major League Soccer,2026
1fc0973f,Robert Taylor,Robert Taylor,fi FIN,"FW,MF",Austin FC,31-175,1994,1,0,21,0.2,0,0,0,0,0,0,0,0,0.00,0.00,0.00,0.00,0.00,Matches,0.00,,1,0,0.0,0.00,4.29,,,,,,,,,,,,,,,,,,,Major League Soccer,2026
058203db,Jude Terry,Jude Terry,us USA,MF,LAFC,17-188,2008,2,1,95,1.1,1,0,1,1,0,0,0,0,0.95,0.00,0.95,0.95,0.95,Matches,1.00,1.00,1,1,100.0,0.95,0.95,,,,,,,,,,,,,,,,,,,Major League Soccer,2026
f956479d,Cedric Teuchert,Cedric Teuchert,de GER,"MF,FW",St. Louis City,29-090,1997,6,2,164,1.8,0,0,0,0,0,0,0,0,0.00,0.00,0.00,0.00,0.00,Matches,0.00,0.00,9,6,66.7,3.29,4.94,,,,,,,,,,,,,,,,,,,Major League Soccer,2026
ecca2f67,Jamal Thiaré,Jamal Thiaré,sn SEN,FW,Columbus Crew,33-014,1993,6,0,93,1.0,0,0,0,0,0,0,1,0,0.00,0.00,0.00,0.00,0.00,Matches,,,0,0,,0.00,0.00,,,,,,,,,,,,,,,,,,,Major League Soccer,2026
1425ee30,Andrew Thomas,Andrew Thomas,ru RUS,GK,Seattle Sounders,27-225,1998,6,6,540,6.0,0,0,0,0,0,0,0,0,0.00,0.00,0.00,0.00,0.00,Matches,,,0,0,,0.00,0.00,5,83.3,6,6,2,0.33,1,540,0,0,0,,0,91.7,22,24,1,4,Major League Soccer,2026
df8e7b62,Erik Thommy,Erik Thommy,de GER,MF,LA Galaxy,31-237,1994,5,3,261,2.9,1,0,1,1,0,0,1,0,0.34,0.00,0.34,0.34,0.34,Matches,0.08,0.33,13,3,23.1,1.03,4.48,,,,,,,,,,,,,,,,,,,Major League Soccer,2026
517bef8b,Kosi Thompson,Kosi Thompson,ca CAN,DF,Toronto FC,23-077,2003,2,2,135,1.5,0,0,0,0,0,0,0,0,0.00,0.00,0.00,0.00,0.00,Matches,,,0,0,,0.00,0.00,,,,,,,,,,,,,,,,,,,Major League Soccer,2026
517bef8b,Kosi Thompson,Kosi Thompson,ca CAN,DF,Toronto FC,23-077,2003,2,2,135,1.5,0,0,0,0,0,0,0,0,0.00,0.00,0.00,0.00,0.00,Matches,1.00,1.00,2,2,100.0,2.54,2.54,,,,,,,,,,,,,,,,,,,Major League Soccer,2026
517bef8b,Kosi Thompson,Kosi Thompson,ca CAN,DF,Colorado Rapids,23-077,2003,1,1,71,0.8,2,0,2,2,0,0,0,0,2.54,0.00,2.54,2.54,2.54,Matches,,,0,0,,0.00,0.00,,,,,,,,,,,,,,,,,,,Major League Soccer,2026
517bef8b,Kosi Thompson,Kosi Thompson,ca CAN,DF,Colorado Rapids,23-077,2003,1,1,71,0.8,2,0,2,2,0,0,0,0,2.54,0.00,2.54,2.54,2.54,Matches,1.00,1.00,2,2,100.0,2.54,2.54,,,,,,,,,,,,,,,,,,,Major League Soccer,2026
77ee5b27,Tiago,Tiago,br BRA,FW,Orlando City,21-006,2005,6,2,207,2.3,1,1,2,1,0,0,0,0,0.43,0.43,0.87,0.43,0.87,Matches,0.17,0.50,6,2,33.3,0.87,2.61,,,,,,,,,,,,,,,,,,,Major League Soccer,2026
9ddf7fae,Cheikh Tidiane Sabaly,Cheikh Tidiane Sabaly,sn SEN,MF,Vancouver W'caps,27-041,1999,5,3,223,2.5,1,0,1,1,0,0,0,0,0.40,0.00,0.40,0.40,0.40,Matches,0.14,0.33,7,3,42.9,1.21,2.83,,,,,,,,,,,,,,,,,,,Major League Soccer,2026
62045652,Sékou Tidiany Bangoura,Sékou Tidiany Bangoura,gn GUI,MF,Columbus Crew,24-009,2002,5,0,62,0.7,0,0,0,0,0,0,0,0,0.00,0.00,0.00,0.00,0.00,Matches,0.00,,1,0,0.0,0.00,1.45,,,,,,,,,,,,,,,,,,,Major League Soccer,2026
a5bea1fb,Timothy Tillman,Timothy Tillman,us USA,MF,LAFC,27-100,1999,7,5,447,5.0,0,1,1,0,0,0,1,0,0.00,0.20,0.20,0.00,0.20,Matches,0.00,,4,0,0.0,0.00,0.81,,,,,,,,,,,,,,,,,,,Major League Soccer,2026
a105d46a,Harry Toffolo,Harry Toffolo,eng ENG,DF,Charlotte,30-238,1995,7,7,592,6.6,0,1,1,0,0,0,1,0,0.00,0.15,0.15,0.00,0.15,Matches,0.00,0.00,4,1,25.0,0.15,0.61,,,,,,,,,,,,,,,,,,,Major League Soccer,2026
81273f6d,Cayman Togashi,Cayman Togashi,jp JPN,FW,Atlanta Utd,32-247,1993,1,0,13,0.1,0,0,0,0,0,0,0,0,0.00,0.00,0.00,0.00,0.00,Matches,0.00,0.00,1,1,100.0,6.92,6.92,,,,,,,,,,,,,,,,,,,Major League Soccer,2026
0796512f,Nouhou Tolo,Nouhou Tolo,cm CMR,DF,Seattle Sounders,28-295,1997,6,6,540,6.0,0,0,0,0,0,0,1,0,0.00,0.00,0.00,0.00,0.00,Matches,0.00,,1,0,0.0,0.00,0.17,,,,,,,,,,,,,,,,,,,Major League Soccer,2026
4de3b2c0,Facundo Torres,Facundo Torres,uy URU,MF,Austin FC,26-001,2000,7,7,584,6.5,0,3,3,0,0,0,1,0,0.00,0.46,0.46,0.00,0.46,Matches,0.00,0.00,12,4,33.3,0.62,1.85,,,,,,,,,,,,,,,,,,,Major League Soccer,2026
8bb174fc,Tomas Totland,Tomas Totland,no NOR,"DF,MF",St. Louis City,26-198,1999,3,0,29,0.3,0,0,0,0,0,0,0,0,0.00,0.00,0.00,0.00,0.00,Matches,,,0,0,,0.00,0.00,,,,,,,,,,,,,,,,,,,Major League Soccer,2026
9bf9391c,Wil Trapp,Wil Trapp,us USA,MF,Minnesota Utd,33-089,1993,6,5,468,5.2,0,0,0,0,0,0,1,0,0.00,0.00,0.00,0.00,0.00,Matches,,,0,0,,0.00,0.00,,,,,,,,,,,,,,,,,,,Major League Soccer,2026
08b318c0,Jackson Travis,Jackson Travis,us USA,DF,Colorado Rapids,22-050,2004,6,6,451,5.0,0,1,1,0,0,0,0,1,0.00,0.20,0.20,0.00,0.20,Matches,0.00,,1,0,0.0,0.00,0.20,,,,,,,,,,,,,,,,,,,Major League Soccer,2026
1ab3d134,Kai Trewin,Kai Trewin,au AUS,DF,NYCFC,24-331,2001,7,6,545,6.1,0,0,0,0,0,0,1,0,0.00,0.00,0.00,0.00,0.00,Matches,0.00,0.00,2,1,50.0,0.17,0.33,,,,,,,,,,,,,,,,,,,Major League Soccer,2026
73d58203,Nectarios Triantis,Nectarios Triantis,gr GRE,MF,Minnesota Utd,22-338,2003,7,7,581,6.5,1,0,1,1,0,0,0,0,0.15,0.00,0.15,0.15,0.15,Matches,0.08,0.20,13,5,38.5,0.77,2.01,,,,,,,,,,,,,,,,,,,Major League Soccer,2026
cb501677,Niko Tsakiris,Niko Tsakiris,us USA,MF,SJ Earthquakes,20-299,2005,7,7,629,7.0,2,1,3,1,1,1,2,0,0.29,0.14,0.43,0.14,0.29,Matches,0.07,0.17,14,6,42.9,0.86,2.00,,,,,,,,,,,,,,,,,,,Major League Soccer,2026
56d6715c,Yutaro Tsukada,Yutaro Tsukada,jp JPN,FW,Orlando City,24-260,2001,2,0,24,0.3,0,0,0,0,0,0,0,0,0.00,0.00,0.00,0.00,0.00,Matches,,,0,0,,0.00,0.00,,,,,,,,,,,,,,,,,,,Major League Soccer,2026
d9d3eb6c,Dor Turgeman,Dor Turgeman,il ISR,"FW,MF",NE Revolution,22-172,2003,6,6,478,5.3,1,2,3,1,0,0,1,0,0.19,0.38,0.56,0.19,0.56,Matches,0.10,0.25,10,4,40.0,0.75,1.88,,,,,,,,,,,,,,,,,,,Major League Soccer,2026
d86edf5a,Gavin Turner,Gavin Turner,us USA,MF,D.C. United,19-099,2007,2,0,30,0.3,0,0,0,0,0,0,0,0,0.00,0.00,0.00,0.00,0.00,Matches,0.00,,1,0,0.0,0.00,3.00,,,,,,,,,,,,,,,,,,,Major League Soccer,2026
4a51ba65,Matt Turner,Matt Turner,us USA,GK,NE Revolution,31-294,1994,6,6,540,6.0,0,0,0,0,0,0,0,0,0.00,0.00,0.00,0.00,0.00,Matches,,,0,0,,0.00,0.00,2,33.3,6,6,9,1.50,3,540,0,0,0,,0,73.5,25,34,0,3,Major League Soccer,2026
898b9fd1,Jeppe Tverskov,Jeppe Tverskov,dk DEN,MF,San Diego FC,33-033,1993,7,6,585,6.5,0,1,1,0,0,0,1,0,0.00,0.15,0.15,0.00,0.15,Matches,0.00,,1,0,0.0,0.00,0.15,,,,,,,,,,,,,,,,,,,Major League Soccer,2026
1124ac8a,Osaze Urhoghide,Osaze Urhoghide,nl NED,DF,FC Dallas,25-284,2000,6,6,539,6.0,1,1,2,1,0,0,3,0,0.17,0.17,0.33,0.17,0.33,Matches,0.33,1.00,3,1,33.3,0.17,0.50,,,,,,,,,,,,,,,,,,,Major League Soccer,2026
01da7812,Myrto Uzuni,Myrto Uzuni,al ALB,FW,Austin FC,30-318,1995,7,7,614,6.8,2,0,2,2,0,0,2,0,0.29,0.00,0.29,0.29,0.29,Matches,0.17,0.50,12,4,33.3,0.59,1.76,,,,,,,,,,,,,,,,,,,Major League Soccer,2026
8ed8c801,Onni Valakari,Onni Valakari,fi FIN,MF,San Diego FC,26-239,1999,7,7,571,6.3,3,1,4,2,1,1,0,0,0.47,0.16,0.63,0.32,0.47,Matches,0.20,0.29,10,7,70.0,1.10,1.58,,,,,,,,,,,,,,,,,,,Major League Soccer,2026
790c93ea,Omar Valencia,Omar Valencia,pa PAN,DF,NY Red Bulls,21-310,2004,5,0,120,1.3,0,0,0,0,0,0,1,0,0.00,0.00,0.00,0.00,0.00,Matches,0.00,0.00,2,2,100.0,1.50,1.50,,,,,,,,,,,,,,,,,,,Major League Soccer,2026
ca07c1c5,Gerardo Valenzuela,Gerardo Valenzuela,us USA,MF,FC Cincinnati,21-198,2004,5,3,277,3.1,1,0,1,1,0,0,0,1,0.32,0.00,0.32,0.32,0.32,Matches,0.14,0.50,7,2,28.6,0.65,2.27,,,,,,,,,,,,,,,,,,,Major League Soccer,2026
f3156a5b,Joaquín Valiente,Joaquín Valiente,uy URU,"MF,FW",FC Dallas,25-001,2001,6,3,311,3.5,0,2,2,0,0,0,0,0,0.00,0.58,0.58,0.00,0.58,Matches,0.00,0.00,4,1,25.0,0.29,1.16,,,,,,,,,,,,,,,,,,,Major League Soccer,2026
758de7b4,Kerwin Vargas,Kerwin Vargas,co COL,"MF,FW",Charlotte,24-102,2002,7,4,353,3.9,1,0,1,1,0,0,0,0,0.25,0.00,0.25,0.25,0.25,Matches,0.13,0.25,8,4,50.0,1.02,2.04,,,,,,,,,,,,,,,,,,,Major League Soccer,2026
04e195ee,Indiana Vassilev,Indiana Vassilev,us USA,MF,Philadelphia Union,25-057,2001,7,6,505,5.6,1,0,1,0,1,1,0,0,0.18,0.00,0.18,0.00,0.00,Matches,0.00,0.00,8,4,50.0,0.71,1.43,,,,,,,,,,,,,,,,,,,Major League Soccer,2026
60419133,David Vazquez,David Vazquez,us USA,"MF,FW",San Diego FC,20-051,2006,6,3,235,2.6,0,0,0,0,0,0,1,0,0.00,0.00,0.00,0.00,0.00,Matches,0.00,0.00,4,1,25.0,0.38,1.53,,,,,,,,,,,,,,,,,,,Major League Soccer,2026
c5c1627c,Kristoffer Velde,Kristoffer Velde,no NOR,"MF,FW",Portland Timbers,26-217,1999,7,7,596,6.6,3,0,3,3,0,1,2,0,0.45,0.00,0.45,0.45,0.45,Matches,0.19,0.43,16,7,43.8,1.06,2.42,,,,,,,,,,,,,,,,,,,Major League Soccer,2026
80c718dd,Brayan Vera,Brayan Vera,co COL,DF,CF Montréal,27-089,1999,6,6,468,5.2,0,0,0,0,0,0,1,0,0.00,0.00,0.00,0.00,0.00,Matches,0.00,0.00,5,3,60.0,0.58,0.96,,,,,,,,,,,,,,,,,,,Major League Soccer,2026
8409bad1,Oscar Verhoeven,Oscar Verhoeven,us USA,DF,San Diego FC,19-318,2006,6,3,311,3.5,0,0,0,0,0,0,1,0,0.00,0.00,0.00,0.00,0.00,Matches,0.00,,1,0,0.0,0.00,0.29,,,,,,,,,,,,,,,,,,,Major League Soccer,2026
75e60d75,Ronaldo Vieira,Ronaldo Vieira,gw GNB,MF,SJ Earthquakes,27-269,1998,6,6,465,5.2,0,0,0,0,0,0,0,0,0.00,0.00,0.00,0.00,0.00,Matches,0.00,0.00,9,2,22.2,0.39,1.74,,,,,,,,,,,,,,,,,,,Major League Soccer,2026
2d6e535f,Sam Vines,Sam Vines,us USA,DF,Houston Dynamo,26-318,1999,1,0,1,0.0,0,0,0,0,0,0,0,0,0.00,0.00,0.00,0.00,0.00,Matches,,,0,0,,0.00,0.00,,,,,,,,,,,,,,,,,,,Major League Soccer,2026
33d9d789,Robert Voloder,Robert Voloder,ba BIH,DF,NY Red Bulls,24-340,2001,5,5,450,5.0,0,0,0,0,0,0,1,0,0.00,0.00,0.00,0.00,0.00,Matches,0.00,0.00,3,1,33.3,0.20,0.60,,,,,,,,,,,,,,,,,,,Major League Soccer,2026
443a4bb2,Conrad Wallem,Conrad Wallem,no NOR,MF,St. Louis City,25-309,2000,7,7,626,7.0,0,0,0,0,0,0,0,0,0.00,0.00,0.00,0.00,0.00,Matches,0.00,,4,0,0.0,0.00,0.58,,,,,,,,,,,,,,,,,,,Major League Soccer,2026
47ddcc22,Joel Waterman,Joel Waterman,ca CAN,DF,Chicago Fire,30-080,1996,5,3,330,3.7,0,0,0,0,0,0,2,0,0.00,0.00,0.00,0.00,0.00,Matches,0.00,,1,0,0.0,0.00,0.27,,,,,,,,,,,,,,,,,,,Major League Soccer,2026
49fe9070,Timo Werner,Timo Werner,de GER,MF,SJ Earthquakes,30-039,1996,4,1,202,2.2,0,2,2,0,0,0,1,0,0.00,0.89,0.89,0.00,0.89,Matches,0.00,,1,0,0.0,0.00,0.45,,,,,,,,,,,,,,,,,,,Major League Soccer,2026
4cafc4bb,Francis Westfield,Francis Westfield,us USA,DF,Philadelphia Union,20-126,2005,6,6,508,5.6,0,1,1,0,0,0,1,0,0.00,0.18,0.18,0.00,0.18,Matches,0.00,0.00,6,1,16.7,0.18,1.06,,,,,,,,,,,,,,,,,,,Major League Soccer,2026
495945ef,Ashley Westwood,Ashley Westwood,eng ENG,MF,Charlotte,36-013,1990,7,6,584,6.5,1,0,1,1,0,0,2,0,0.15,0.00,0.15,0.15,0.15,Matches,0.33,0.50,3,2,66.7,0.31,0.46,,,,,,,,,,,,,,,,,,,Major League Soccer,2026
54c948de,Brian White,Brian White,us USA,FW,Vancouver W'caps,30-070,1996,7,7,607,6.7,6,0,6,5,1,1,0,0,0.89,0.00,0.89,0.74,0.74,Matches,0.17,0.29,30,17,56.7,2.52,4.45,,,,,,,,,,,,,,,,,,,Major League Soccer,2026
0362c29e,Henry Wingo,Henry Wingo,us USA,"DF,MF",Toronto FC,30-192,1995,1,0,13,0.1,0,0,0,0,0,0,0,0,0.00,0.00,0.00,0.00,0.00,Matches,0.00,,1,0,0.0,0.00,6.92,,,,,,,,,,,,,,,,,,,Major League Soccer,2026
2b8798a6,Maxwell Woledzi,Maxwell Woledzi,gh GHA,DF,Nashville SC,24-286,2001,7,7,630,7.0,0,0,0,0,0,0,0,0,0.00,0.00,0.00,0.00,0.00,Matches,0.00,,1,0,0.0,0.00,0.14,,,,,,,,,,,,,,,,,,,Major League Soccer,2026
be42a291,Hannes Wolf,Hannes Wolf,at AUT,"MF,FW",NYCFC,26-363,1999,7,7,581,6.5,2,0,2,2,0,0,1,0,0.31,0.00,0.31,0.31,0.31,Matches,0.17,0.50,12,4,33.3,0.62,1.86,,,,,,,,,,,,,,,,,,,Major League Soccer,2026
53171f69,Elijah Wynder,Elijah Wynder,us USA,MF,LA Galaxy,23-035,2003,6,5,398,4.4,0,0,0,0,0,0,1,0,0.00,0.00,0.00,0.00,0.00,Matches,0.00,,2,0,0.0,0.00,0.45,,,,,,,,,,,,,,,,,,,Major League Soccer,2026
b712e02d,Miki Yamane,Miki Yamane,jp JPN,"DF,MF",LA Galaxy,32-113,1993,7,6,446,5.0,0,0,0,0,0,0,0,0,0.00,0.00,0.00,0.00,0.00,Matches,0.00,0.00,2,2,100.0,0.40,0.40,,,,,,,,,,,,,,,,,,,Major League Soccer,2026
63abd734,Darren Yapi,Darren Yapi,us USA,"MF,FW",Colorado Rapids,21-146,2004,7,5,421,4.7,2,2,4,2,0,0,1,0,0.43,0.43,0.86,0.43,0.86,Matches,0.20,0.40,10,5,50.0,1.07,2.14,,,,,,,,,,,,,,,,,,,Major League Soccer,2026
1e745ee1,Patrick Yazbek,Patrick Yazbek,au AUS,MF,Nashville SC,24-009,2002,7,5,468,5.2,1,3,4,1,0,0,0,0,0.19,0.58,0.77,0.19,0.77,Matches,0.20,0.33,5,3,60.0,0.58,0.96,,,,,,,,,,,,,,,,,,,Major League Soccer,2026
ea0893d6,Kelvin Yeboah,Kelvin Yeboah,it ITA,FW,Minnesota Utd,25-343,2000,7,7,606,6.7,4,0,4,4,0,0,0,0,0.59,0.00,0.59,0.59,0.59,Matches,0.25,0.57,16,7,43.8,1.04,2.38,,,,,,,,,,,,,,,,,,,Major League Soccer,2026
ae0a7ddf,DeAndre Yedlin,DeAndre Yedlin,us USA,DF,Real Salt Lake,32-279,1993,1,1,84,0.9,0,0,0,0,0,0,0,0,0.00,0.00,0.00,0.00,0.00,Matches,,,0,0,,0.00,0.00,,,,,,,,,,,,,,,,,,,Major League Soccer,2026
caffaf5a,Maya Yoshida,Maya Yoshida,jp JPN,DF,LA Galaxy,37-233,1988,6,4,385,4.3,1,0,1,1,0,0,0,0,0.23,0.00,0.23,0.23,0.23,Matches,0.17,0.33,6,3,50.0,0.70,1.40,,,,,,,,,,,,,,,,,,,Major League Soccer,2026
ddd5cf39,Griffin Yow,Griffin Yow,us USA,"MF,FW",NE Revolution,23-201,2002,6,3,278,3.1,1,0,1,1,0,0,2,0,0.32,0.00,0.32,0.32,0.32,Matches,0.20,0.33,5,3,60.0,0.97,1.62,,,,,,,,,,,,,,,,,,,Major League Soccer,2026
7dce16bf,Jackson Yueill,Jackson Yueill,us USA,MF,NE Revolution,29-026,1997,5,1,108,1.2,0,0,0,0,0,0,0,0,0.00,0.00,0.00,0.00,0.00,Matches,,,0,0,,0.00,0.00,,,,,,,,,,,,,,,,,,,Major League Soccer,2026
0de73fa4,Alhassan Yusuf,Alhassan Yusuf,ng NGA,"MF,FW",NE Revolution,25-270,2000,6,3,356,4.0,2,0,2,2,0,0,0,0,0.51,0.00,0.51,0.51,0.51,Matches,0.67,1.00,3,2,66.7,0.51,0.76,,,,,,,,,,,,,,,,,,,Major League Soccer,2026
b2bc3b1f,Wilfried Zaha,Wilfried Zaha,ci CIV,"MF,FW",Charlotte,33-155,1992,6,6,531,5.9,2,1,3,2,0,0,5,0,0.34,0.17,0.51,0.34,0.51,Matches,0.13,0.22,15,9,60.0,1.53,2.54,,,,,,,,,,,,,,,,,,,Major League Soccer,2026
6f219f20,Bryan Zamblé,Bryan Zamblé,ci CIV,FW,San Diego FC,18-054,2008,4,1,98,1.1,1,0,1,1,0,0,0,0,0.92,0.00,0.92,0.92,0.92,Matches,1.00,1.00,1,1,100.0,0.92,0.92,,,,,,,,,,,,,,,,,,,Major League Soccer,2026
380ee265,Sean Zawadzki,Sean Zawadzki,us USA,"DF,MF",Columbus Crew,25-358,2000,7,7,630,7.0,0,0,0,0,0,0,2,0,0.00,0.00,0.00,0.00,0.00,Matches,0.00,0.00,3,1,33.3,0.14,0.43,,,,,,,,,,,,,,,,,,,Major League Soccer,2026
220fa883,Walker Zimmerman,Walker Zimmerman,us USA,DF,Toronto FC,32-330,1993,6,6,487,5.4,1,0,1,1,0,0,2,0,0.18,0.00,0.18,0.18,0.18,Matches,0.14,1.00,7,1,14.3,0.18,1.29,,,,,,,,,,,,,,,,,,,Major League Soccer,2026
a5ea254c,Philip Zinckernagel,Philip Zinckernagel,dk DEN,"MF,FW",Chicago Fire,31-119,1994,7,7,565,6.3,1,0,1,1,0,0,4,0,0.16,0.00,0.16,0.16,0.16,Matches,0.07,0.33,15,3,20.0,0.48,2.39,,,,,,,,,,,,,,,,,,,Major League Soccer,2026
0cbe2ba8,Mateja Đorđević,Mateja Đorđević,rs SRB,DF,Austin FC,23-087,2003,1,0,21,0.2,0,0,0,0,0,0,0,0,0.00,0.00,0.00,0.00,0.00,Matches,,,0,0,,0.00,0.00,,,,,,,,,,,,,,,,,,,Major League Soccer,2026
8377ba6a,Prince Owusu,gh GHA,FW,28,34,32,"2,818",31.3,13,3,16,10,3,4,4,0,0.42,0.10,0.51,0.32,0.42,Matches,Major League Soccer,2025
fafeaf3d,Luca Petrasso,ca CAN,DF,24,34,31,"2,708",30.1,2,4,6,2,0,0,4,0,0.07,0.13,0.20,0.07,0.20,Matches,Major League Soccer,2025
620ae69c,Dante Sealy,tt TRI,"MF,FW",21,30,28,"2,421",26.9,9,1,10,9,0,0,6,0,0.33,0.04,0.37,0.33,0.37,Matches,Major League Soccer,2025
6bc235e5,Victor Loturi,ca CAN,MF,23,34,27,"2,506",27.8,2,0,2,2,0,0,7,0,0.07,0.00,0.07,0.07,0.07,Matches,Major League Soccer,2025
5dc34eaa,Jonathan Sirois,ca CAN,GK,23,23,23,"2,070",23.0,0,0,0,0,0,0,0,0,0.00,0.00,0.00,0.00,0.00,Matches,Major League Soccer,2025
bc33c73b,Samuel Piette,ca CAN,MF,30,24,20,"1,538",17.1,0,0,0,0,0,0,4,0,0.00,0.00,0.00,0.00,0.00,Matches,Major League Soccer,2025
8873ce45,Dawid Bugaj,pl POL,DF,20,23,19,"1,726",19.2,0,2,2,0,0,0,4,0,0.00,0.10,0.10,0.00,0.10,Matches,Major League Soccer,2025
6e327d0d,Caden Clark,us USA,"MF,FW",21,26,17,"1,567",17.4,0,4,4,0,0,0,5,0,0.00,0.23,0.23,0.00,0.23,Matches,Major League Soccer,2025
47ddcc22,Joel Waterman,ca CAN,DF,29,18,17,"1,437",16.0,0,1,1,0,0,0,8,1,0.00,0.06,0.06,0.00,0.06,Matches,Major League Soccer,2025
45e1a597,George Campbell,us USA,DF,23,16,15,"1,345",14.9,0,1,1,0,0,0,4,0,0.00,0.07,0.07,0.00,0.07,Matches,Major League Soccer,2025
44cfc681,Nathan Saliba,ca CAN,MF,20,16,15,"1,260",14.0,1,0,1,1,0,0,5,0,0.07,0.00,0.07,0.07,0.07,Matches,Major League Soccer,2025
4d0f7cb3,Brandan Craig,us USA,DF,20,23,14,"1,439",16.0,0,0,0,0,0,0,3,0,0.00,0.00,0.00,0.00,0.00,Matches,Major League Soccer,2025
ca1e91a1,Jalen Neal,us USA,DF,21,14,12,950,10.6,1,0,1,1,0,0,1,0,0.09,0.00,0.09,0.09,0.09,Matches,Major League Soccer,2025
e2e96950,Fernando Álvarez,co COL,DF,21,22,11,"1,094",12.2,0,1,1,0,0,0,4,0,0.00,0.08,0.08,0.00,0.08,Matches,Major League Soccer,2025
5cbf5ccd,Fabian Herbers,de GER,MF,31,16,11,723,8.0,1,0,1,1,0,0,3,0,0.12,0.00,0.12,0.12,0.12,Matches,Major League Soccer,2025
24686935,Yuri Guboglo,ht HAI,"MF,DF",17,23,10,"1,011",11.2,0,1,1,0,0,0,1,0,0.00,0.09,0.09,0.00,0.09,Matches,Major League Soccer,2025
8220e6eb,Hennadii Synchuk,ua UKR,MF,18,14,10,789,8.8,1,0,1,1,0,0,2,0,0.11,0.00,0.11,0.11,0.11,Matches,Major League Soccer,2025
1ba50942,Tom Pearce,eng ENG,"MF,DF",26,21,9,911,10.1,0,1,1,0,0,0,2,0,0.00,0.10,0.10,0.00,0.10,Matches,Major League Soccer,2025
996c61e5,Thomas Gillier,cl CHI,GK,20,8,8,720,8.0,0,0,0,0,0,0,2,0,0.00,0.00,0.00,0.00,0.00,Matches,Major League Soccer,2025
59557625,Bryce Duke,us USA,"MF,FW",23,18,7,679,7.5,0,1,1,0,0,0,1,0,0.00,0.13,0.13,0.00,0.13,Matches,Major League Soccer,2025
c0027d2d,Matthew Longstaff,eng ENG,MF,24,8,6,586,6.5,0,1,1,0,0,0,0,0,0.00,0.15,0.15,0.00,0.15,Matches,Major League Soccer,2025
bf4d31d3,Giacomo Vrioni,al ALB,FW,26,9,6,410,4.6,3,0,3,3,0,0,0,1,0.66,0.00,0.66,0.66,0.66,Matches,Major League Soccer,2025
2fb02c65,Efrain Morales,bo BOL,DF,20,6,5,484,5.4,0,0,0,0,0,0,2,0,0.00,0.00,0.00,0.00,0.00,Matches,Major League Soccer,2025
d515b0f9,Olger Escobar,gt GUA,MF,18,13,4,450,5.0,1,1,2,1,0,0,1,0,0.20,0.20,0.40,0.20,0.40,Matches,Major League Soccer,2025
891f8b82,Bode Hidalgo,us USA,DF,22,6,4,349,3.9,0,0,0,0,0,0,1,0,0.00,0.00,0.00,0.00,0.00,Matches,Major League Soccer,2025
90ba7fa6,Ivan Jaime Pajuelo,es ESP,"FW,MF",24,6,3,307,3.4,0,1,1,0,0,0,1,0,0.00,0.29,0.29,0.00,0.29,Matches,Major League Soccer,2025
52e7f812,Sebastian Breza,ca CAN,GK,26,3,3,270,3.0,0,0,0,0,0,0,1,0,0.00,0.00,0.00,0.00,0.00,Matches,Major League Soccer,2025
b9459f85,Jahkeele Marshall-Rutty,ca CAN,MF,20,6,2,230,2.6,0,0,0,0,0,0,1,0,0.00,0.00,0.00,0.00,0.00,Matches,Major League Soccer,2025
226a288e,Kwadwo Opoku,gh GHA,FW,23,9,2,192,2.1,0,0,0,0,0,0,1,0,0.00,0.00,0.00,0.00,0.00,Matches,Major League Soccer,2025
6ef6e9ce,Jules-Anthony Vilsaint,ca CAN,FW,22,9,1,225,2.5,0,1,1,0,0,0,0,0,0.00,0.40,0.40,0.00,0.40,Matches,Major League Soccer,2025
9c02bea6,Owen Graham Roache,ca CAN,FW,16,6,1,123,1.4,0,0,0,0,0,0,0,0,0.00,0.00,0.00,0.00,0.00,Matches,Major League Soccer,2025
50a5e230,Ousman Jabang,us USA,DF,23,1,1,88,1.0,0,0,0,0,0,0,1,0,0.00,0.00,0.00,0.00,0.00,Matches,Major League Soccer,2025
796994e5,Sunusi Ibrahim,ng NGA,FW,22,10,0,78,0.9,0,0,0,0,0,0,0,0,0.00,0.00,0.00,0.00,0.00,Matches,Major League Soccer,2025
871961e8,Dominik Yankov,bg BUL,MF,24,3,0,31,0.3,0,0,0,0,0,0,0,0,0.00,0.00,0.00,0.00,0.00,Matches,Major League Soccer,2025
8d38238b,Emil Gazdov,ca CAN,GK,21,0,0,,,,,,,,,,,,,,,,Matches,Major League Soccer,2025
3235182a,Pavel Bucha,cz CZE,MF,26,33,32,"2,883",32.0,3,3,6,3,0,0,3,0,0.09,0.09,0.19,0.09,0.19,Matches,Major League Soccer,2025
4352d221,Evander,br BRA,MF,26,32,31,"2,737",30.4,18,14,32,18,0,0,6,0,0.59,0.46,1.05,0.59,1.05,Matches,Major League Soccer,2025
aedaf328,Lukas Engel,dk DEN,"DF,MF",26,33,31,"2,721",30.2,0,4,4,0,0,0,4,0,0.00,0.13,0.13,0.00,0.13,Matches,Major League Soccer,2025
42ba8628,Roman Celentano,us USA,GK,24,30,30,"2,700",30.0,0,0,0,0,0,0,1,0,0.00,0.00,0.00,0.00,0.00,Matches,Major League Soccer,2025
0d3585b5,Kévin Denkey,tg TOG,FW,24,29,26,"2,273",25.3,15,1,16,12,3,3,7,0,0.59,0.04,0.63,0.48,0.51,Matches,Major League Soccer,2025
782a95d9,Miles Robinson,us USA,DF,27,26,26,"2,255",25.1,1,0,1,1,0,0,3,0,0.04,0.00,0.04,0.04,0.04,Matches,Major League Soccer,2025
ae0a7ddf,DeAndre Yedlin,us USA,"MF,DF",31,27,22,"1,971",21.9,0,4,4,0,0,0,5,0,0.00,0.18,0.18,0.00,0.18,Matches,Major League Soccer,2025
53ae4b5e,Luca Orellano,ar ARG,"MF,FW",24,27,22,"1,917",21.3,2,5,7,2,0,0,3,0,0.09,0.23,0.33,0.09,0.33,Matches,Major League Soccer,2025
17b28ec7,Brian Anunga,cm CMR,MF,28,30,19,"1,700",18.9,0,1,1,0,0,0,2,1,0.00,0.05,0.05,0.00,0.05,Matches,Major League Soccer,2025
9fc0f253,Matt Miazga,us USA,DF,29,21,19,"1,533",17.0,0,1,1,0,0,0,3,0,0.00,0.06,0.06,0.00,0.06,Matches,Major League Soccer,2025
39632554,Nick Hagglund,us USA,DF,32,17,16,"1,163",12.9,1,0,1,1,0,0,2,0,0.08,0.00,0.08,0.08,0.08,Matches,Major League Soccer,2025
55d8f630,Gilberto Flores,py PAR,DF,21,16,12,"1,181",13.1,0,0,0,0,0,0,5,1,0.00,0.00,0.00,0.00,0.00,Matches,Major League Soccer,2025
897c8066,Obinna Nwobodo,ng NGA,MF,28,14,11,867,9.6,0,0,0,0,0,0,4,0,0.00,0.00,0.00,0.00,0.00,Matches,Major League Soccer,2025
582952f2,Teenage Hadebe,zw ZIM,DF,29,20,9,953,10.6,0,0,0,0,0,0,3,0,0.00,0.00,0.00,0.00,0.00,Matches,Major League Soccer,2025
ca07c1c5,Gerardo Valenzuela,us USA,"MF,FW",20,23,9,834,9.3,5,1,6,5,0,0,1,0,0.54,0.11,0.65,0.54,0.65,Matches,Major League Soccer,2025
2f91124d,Alvas Powell,jm JAM,"DF,MF",30,25,8,861,9.6,0,0,0,0,0,0,2,0,0.00,0.00,0.00,0.00,0.00,Matches,Major League Soccer,2025
6e3f3809,Kei Kamara,sl SLE,FW,40,19,8,786,8.7,0,0,0,0,0,0,2,0,0.00,0.00,0.00,0.00,0.00,Matches,Major League Soccer,2025
cba16a46,Yuya Kubo,jp JPN,"MF,FW",31,14,7,659,7.3,1,0,1,1,0,0,1,0,0.14,0.00,0.14,0.14,0.14,Matches,Major League Soccer,2025
a930b263,Sergio Santos Gomes,br BRA,"FW,MF",30,18,6,646,7.2,1,2,3,1,0,0,0,0,0.14,0.28,0.42,0.14,0.42,Matches,Major League Soccer,2025
279508bf,Brenner,br BRA,"FW,MF",25,6,6,516,5.7,4,1,5,4,0,0,1,0,0.70,0.17,0.87,0.70,0.87,Matches,Major League Soccer,2025
837bd7eb,Ender Echenique,ve VEN,"MF,FW",20,8,6,506,5.6,1,1,2,1,0,0,0,0,0.18,0.18,0.36,0.18,0.36,Matches,Major League Soccer,2025
95c5f7c1,Evan Louro,us USA,GK,29,4,4,360,4.0,0,0,0,0,0,0,0,0,0.00,0.00,0.00,0.00,0.00,Matches,Major League Soccer,2025
2d0d1442,Corey Baird,us USA,"MF,FW",29,18,3,422,4.7,0,0,0,0,0,0,4,0,0.00,0.00,0.00,0.00,0.00,Matches,Major League Soccer,2025
c76c717c,Brad Smith,au AUS,MF,30,17,3,321,3.6,0,0,0,0,0,0,0,0,0.00,0.00,0.00,0.00,0.00,Matches,Major League Soccer,2025
be3fb78d,Samuel Gidi,sk SVK,MF,20,5,3,301,3.3,0,0,0,0,0,0,2,0,0.00,0.00,0.00,0.00,0.00,Matches,Major League Soccer,2025
dc010d26,Dominik Marczuk,pl POL,MF,21,5,3,217,2.4,0,0,0,0,0,0,1,0,0.00,0.00,0.00,0.00,0.00,Matches,Major League Soccer,2025
062c4d41,Ayoub Jabbari,ma MAR,FW,25,5,1,116,1.3,0,0,0,0,0,0,0,0,0.00,0.00,0.00,0.00,0.00,Matches,Major League Soccer,2025
b26a0215,Stiven Jimenez,us USA,MF,17,2,1,107,1.2,0,0,0,0,0,0,0,0,0.00,0.00,0.00,0.00,0.00,Matches,Major League Soccer,2025
18a1a530,Kenji Mboma Dem,fr FRA,FW,23,4,0,84,0.9,0,0,0,0,0,0,0,0,0.00,0.00,0.00,0.00,0.00,Matches,Major League Soccer,2025
8821de7e,Bret Halsey,us USA,MF,24,1,0,33,0.4,0,0,0,0,0,0,0,0,0.00,0.00,0.00,0.00,0.00,Matches,Major League Soccer,2025
285e7868,Ștefan Chirilă,ro ROU,FW,18,2,0,8,0.1,0,0,0,0,0,0,0,0,0.00,0.00,0.00,0.00,0.00,Matches,Major League Soccer,2025
29237bc9,Noah Adnan,us USA,DF,23,0,0,,,,,,,,,,,,,,,,Matches,Major League Soccer,2025
4a8af93c,Alec Kann,us USA,GK,34,0,0,,,,,,,,,,,,,,,,Matches,Major League Soccer,2025
4a9e152f,Peter Mangione,us USA,FW,23,0,0,,,,,,,,,,,,,,,,Matches,Major League Soccer,2025
8ee2d7c4,Paul Walters,us USA,GK,20,0,0,,,,,,,,,,,,,,,,Matches,Major League Soccer,2025
c644e140,Justin Haak,us USA,"DF,MF",23,34,34,"3,008",33.4,1,4,5,1,0,0,6,0,0.03,0.12,0.15,0.03,0.15,Matches,Major League Soccer,2025
f99f37fc,Maximiliano Moralez,ar ARG,MF,37,34,34,"2,744",30.5,2,7,9,2,0,0,6,0,0.07,0.23,0.30,0.07,0.30,Matches,Major League Soccer,2025
be42a291,Hannes Wolf,at AUT,MF,25,33,32,"2,630",29.2,11,5,16,11,0,0,2,0,0.38,0.17,0.55,0.38,0.55,Matches,Major League Soccer,2025
2f49476c,Matt Freese,us USA,GK,26,31,31,"2,766",30.7,0,0,0,0,0,0,3,0,0.00,0.00,0.00,0.00,0.00,Matches,Major League Soccer,2025
4d6ec370,Thiago Martins,br BRA,DF,29,31,30,"2,698",30.0,1,0,1,1,0,0,1,0,0.03,0.00,0.03,0.03,0.03,Matches,Major League Soccer,2025
20de0b83,Alonso Martínez,cr CRC,FW,26,30,29,"2,496",27.7,17,1,18,12,5,7,2,0,0.61,0.04,0.65,0.43,0.47,Matches,Major League Soccer,2025
72a0f655,Kevin O'Toole,ie IRL,"DF,MF",26,26,22,"1,893",21.0,1,1,2,1,0,0,7,1,0.05,0.05,0.10,0.05,0.10,Matches,Major League Soccer,2025
c839e1b2,Tayvon Gray,jm JAM,DF,22,26,22,"1,756",19.5,0,0,0,0,0,0,5,0,0.00,0.00,0.00,0.00,0.00,Matches,Major League Soccer,2025
7e1dbecf,Andrés Perea,us USA,MF,24,24,20,"1,665",18.5,3,1,4,3,0,0,7,0,0.16,0.05,0.22,0.16,0.22,Matches,Major League Soccer,2025
c7aee75b,Aiden O'Neill,au AUS,MF,26,20,17,"1,506",16.7,0,0,0,0,0,0,4,0,0.00,0.00,0.00,0.00,0.00,Matches,Major League Soccer,2025
83572e83,Julián Fernández,ar ARG,"MF,FW",21,32,14,"1,411",15.7,3,5,8,3,0,0,6,0,0.19,0.32,0.51,0.19,0.51,Matches,Major League Soccer,2025
7cf7d4dd,Jonathan Shore,us USA,MF,17,28,14,"1,398",15.5,1,0,1,1,0,0,1,0,0.06,0.00,0.06,0.06,0.06,Matches,Major League Soccer,2025
0dfc20ce,Agustin Ojeda,ar ARG,MF,20,34,12,"1,344",14.9,0,5,5,0,0,0,1,0,0.00,0.33,0.33,0.00,0.33,Matches,Major League Soccer,2025
c70b221c,Birk Risa,no NOR,DF,26,17,12,"1,057",11.7,0,0,0,0,0,0,1,0,0.00,0.00,0.00,0.00,0.00,Matches,Major League Soccer,2025
9694c407,Mitja Ilenič,si SVN,DF,20,19,10,"1,092",12.1,2,2,4,2,0,0,1,0,0.16,0.16,0.33,0.16,0.33,Matches,Major League Soccer,2025
3409de86,Nicolás Ezequiel Fernández,ar ARG,"MF,FW",25,11,10,883,9.8,3,1,4,3,0,0,2,0,0.31,0.10,0.41,0.31,0.41,Matches,Major League Soccer,2025
77986763,Keaton Parks,us USA,"MF,DF",27,14,10,880,9.8,1,2,3,1,0,0,3,0,0.10,0.20,0.31,0.10,0.31,Matches,Major League Soccer,2025
618ab91f,Strahinja Tanasijević,rs SRB,DF,27,14,6,612,6.8,0,0,0,0,0,0,3,0,0.00,0.00,0.00,0.00,0.00,Matches,Major League Soccer,2025
8b379fcd,Monsef Bakrar,dz ALG,"FW,MF",24,21,5,601,6.7,2,0,2,2,0,0,1,0,0.30,0.00,0.30,0.30,0.30,Matches,Major League Soccer,2025
79af412b,Raul Gustavo,br BRA,DF,25,5,5,419,4.7,0,1,1,0,0,0,0,0,0.00,0.21,0.21,0.00,0.21,Matches,Major League Soccer,2025
3349dcba,Tomas Romero,sv SLV,GK,24,4,3,294,3.3,0,0,0,0,0,0,0,0,0.00,0.00,0.00,0.00,0.00,Matches,Major League Soccer,2025
290d5b58,Nico Cavallo,us USA,DF,23,15,2,319,3.5,0,0,0,0,0,0,1,0,0.00,0.00,0.00,0.00,0.00,Matches,Major League Soccer,2025
39b3e9d4,Maxi Carrizo,us USA,MF,16,5,0,89,1.0,0,0,0,0,0,0,0,0,0.00,0.00,0.00,0.00,0.00,Matches,Major League Soccer,2025
2d164f37,Seymour Reid,jm JAM,FW,16,9,0,80,0.9,1,0,1,1,0,0,0,0,1.13,0.00,1.13,1.13,1.13,Matches,Major League Soccer,2025
22cfe245,Sebastiano Musu,it ITA,FW,24,1,0,14,0.2,0,0,0,0,0,0,0,0,0.00,0.00,0.00,0.00,0.00,Matches,Major League Soccer,2025
9abfaed6,Prince Amponsah,us USA,DF,21,0,0,,,,,,,,,,,,,,,,Matches,Major League Soccer,2025
9e80b378,Drew Baiera,us USA,DF,17,0,0,,,,,,,,,,,,,,,,Matches,Major League Soccer,2025
30aa12e2,Peter Molinari,us USA,MF,16,0,0,,,,,,,,,,,,,,,,Matches,Major League Soccer,2025
a30fed59,Max Murray,us USA,DF,22,0,0,,,,,,,,,,,,,,,,Matches,Major League Soccer,2025
075d989a,Alexander Rando,us USA,GK,23,0,0,,,,,,,,,,,,,,,,Matches,Major League Soccer,2025
4b1cbf4d,Greg Ranjitsingh,tt TRI,GK,31,0,0,,,,,,,,,,,,,,,,Matches,Major League Soccer,2025
2acfe487,Zidane Yañez,cl CHI,FW,17,0,0,,,,,,,,,,,,,,,,Matches,Major League Soccer,2025
c6486b01,Anders Dreyer,dk DEN,FW,26,34,34,"3,019",33.5,19,17,36,16,3,4,3,0,0.57,0.51,1.07,0.48,0.98,Matches,Major League Soccer,2025
898b9fd1,Jeppe Tverskov,dk DEN,MF,31,33,33,"2,927",32.5,2,7,9,2,0,0,5,0,0.06,0.22,0.28,0.06,0.28,Matches,Major League Soccer,2025
149d8165,Christopher McVey,se SWE,DF,27,32,32,"2,853",31.7,2,0,2,2,0,0,5,0,0.06,0.00,0.06,0.06,0.06,Matches,Major League Soccer,2025
e329eaa6,C.J. dos Santos,us USA,GK,24,30,30,"2,700",30.0,0,0,0,0,0,0,1,0,0.00,0.00,0.00,0.00,0.00,Matches,Major League Soccer,2025
8ed8c801,Onni Valakari,fi FIN,"MF,FW",25,34,26,"2,446",27.2,4,7,11,4,0,0,4,0,0.15,0.26,0.40,0.15,0.40,Matches,Major League Soccer,2025
1b78973a,Luca Bombino,us USA,DF,18,26,24,"2,122",23.6,1,2,3,1,0,0,5,0,0.04,0.08,0.13,0.04,0.13,Matches,Major League Soccer,2025
e9241b40,Luca de la Torre,us USA,MF,26,30,24,"2,116",23.5,5,1,6,5,0,0,4,0,0.21,0.04,0.26,0.21,0.26,Matches,Major League Soccer,2025
a69e4806,Hirving Lozano,mx MEX,FW,29,27,22,"1,824",20.3,9,8,17,7,2,2,5,0,0.44,0.39,0.84,0.35,0.74,Matches,Major League Soccer,2025
2d496ca3,Aníbal Godoy,pa PAN,MF,34,25,21,"1,717",19.1,1,1,2,1,0,0,6,0,0.05,0.05,0.10,0.05,0.10,Matches,Major League Soccer,2025
8ac454b5,Paddy McNair,nir NIR,DF,29,23,21,"1,708",19.0,0,0,0,0,0,0,0,0,0.00,0.00,0.00,0.00,0.00,Matches,Major League Soccer,2025
037bebf4,Manu Duah,gh GHA,DF,19,14,12,"1,039",11.5,0,0,0,0,0,0,2,0,0.00,0.00,0.00,0.00,0.00,Matches,Major League Soccer,2025
10ec4169,Alex Mighten,eng ENG,FW,22,26,11,"1,049",11.7,1,0,1,1,0,0,1,0,0.09,0.00,0.09,0.09,0.09,Matches,Major League Soccer,2025
8409bad1,Oscar Verhoeven,us USA,DF,18,14,11,"1,002",11.1,0,0,0,0,0,0,2,0,0.00,0.00,0.00,0.00,0.00,Matches,Major League Soccer,2025
c7230a25,Tomas Ángel,co COL,FW,21,22,9,715,7.9,3,2,5,3,0,0,1,0,0.38,0.25,0.63,0.38,0.63,Matches,Major League Soccer,2025
a61d2c1a,Franco Negri,ar ARG,DF,29,15,9,657,7.3,1,1,2,1,0,0,4,0,0.14,0.14,0.27,0.14,0.27,Matches,Major League Soccer,2025
16151b25,Ian Pilcher,us USA,DF,21,17,8,921,10.2,1,1,2,1,0,0,3,0,0.10,0.10,0.20,0.10,0.20,Matches,Major League Soccer,2025
291b879c,Willy Kumado,gh GHA,DF,22,19,7,762,8.5,0,0,0,0,0,0,2,0,0.00,0.00,0.00,0.00,0.00,Matches,Major League Soccer,2025
ce037639,Jasper Löffelsend,de GER,DF,27,13,7,600,6.7,0,1,1,0,0,0,0,0,0.00,0.15,0.15,0.00,0.15,Matches,Major League Soccer,2025
14c93be3,Alejandro Alvarado Jr.,us USA,MF,21,12,6,488,5.4,0,0,0,0,0,0,2,0,0.00,0.00,0.00,0.00,0.00,Matches,Major League Soccer,2025
271b8617,Marcus Ingvartsen,dk DEN,FW,29,8,5,406,4.5,2,1,3,2,0,0,0,0,0.44,0.22,0.67,0.44,0.67,Matches,Major League Soccer,2025
85c4ef14,Aiden Harangi,us USA,DF,18,5,5,335,3.7,0,0,0,0,0,0,1,0,0.00,0.00,0.00,0.00,0.00,Matches,Major League Soccer,2025
550557e1,Pablo Sisniega,mx MEX,GK,29,4,4,360,4.0,0,0,0,0,0,0,0,0,0.00,0.00,0.00,0.00,0.00,Matches,Major League Soccer,2025
9d9e69df,Amahl Pellegrino,no NOR,FW,34,7,4,328,3.6,3,3,6,3,0,0,0,0,0.82,0.82,1.65,0.82,1.65,Matches,Major League Soccer,2025
4f87c75f,Milan Iloski,us USA,FW,25,14,3,479,5.3,10,1,11,10,0,0,0,0,1.88,0.19,2.07,1.88,2.07,Matches,Major League Soccer,2025
2d0d1442,Corey Baird,us USA,FW,29,5,3,263,2.9,0,0,0,0,0,0,0,0,0.00,0.00,0.00,0.00,0.00,Matches,Major League Soccer,2025
60419133,David Vazquez,us USA,"MF,FW",18,4,2,177,2.0,0,0,0,0,0,0,0,0,0.00,0.00,0.00,0.00,0.00,Matches,Major League Soccer,2025
36ab14f5,Andrés Reyes,co COL,DF,25,1,1,42,0.5,0,0,0,0,0,0,2,1,0.00,0.00,0.00,0.00,0.00,Matches,Major League Soccer,2025
25f77a5f,Emmanuel Boateng,gh GHA,"FW,MF",31,13,0,242,2.7,0,0,0,0,0,0,3,0,0.00,0.00,0.00,0.00,0.00,Matches,Major League Soccer,2025
8a6f47ca,Hamady Diop,sn SEN,DF,22,7,0,196,2.2,0,0,0,0,0,0,1,0,0.00,0.00,0.00,0.00,0.00,Matches,Major League Soccer,2025
c29783af,Pedro Soma,us USA,MF,18,5,0,71,0.8,0,0,0,0,0,0,0,0,0.00,0.00,0.00,0.00,0.00,Matches,Major League Soccer,2025
ca9e1a50,Leo Duru,eng ENG,DF,20,2,0,39,0.4,0,0,0,0,0,0,0,0,0.00,0.00,0.00,0.00,0.00,Matches,Major League Soccer,2025
2d567f34,Anisse Saidi,tn TUN,FW,16,1,0,9,0.1,0,0,0,0,0,0,0,0,0.00,0.00,0.00,0.00,0.00,Matches,Major League Soccer,2025
5f004975,Heine Bruseth,no NOR,MF,20,0,0,,,,,,,,,,,,,,,,Matches,Major League Soccer,2025
56b6d34f,Duran Ferree,us USA,GK,18,0,0,,,,,,,,,,,,,,,,Matches,Major League Soccer,2025
de301aee,Jacob Jackson,us USA,GK,24,0,0,,,,,,,,,,,,,,,,Matches,Major League Soccer,2025
806f7a26,Rafael Cabral,br BRA,GK,34,34,34,"3,060",34.0,0,0,0,0,0,0,3,0,0.00,0.00,0.00,0.00,0.00,Matches,Major League Soccer,2025
5b768b0f,Justen Glad,us USA,DF,27,31,31,"2,778",30.9,0,1,1,0,0,0,9,0,0.00,0.03,0.03,0.00,0.03,Matches,Major League Soccer,2025
e67f8af0,Diego Luna,us USA,MF,21,27,27,"2,264",25.2,9,3,12,7,2,2,9,2,0.36,0.12,0.48,0.28,0.40,Matches,Major League Soccer,2025
f4b52308,Diogo Gonçalves,pt POR,MF,27,29,26,"2,175",24.2,4,4,8,4,0,0,2,0,0.17,0.17,0.33,0.17,0.33,Matches,Major League Soccer,2025
60953af0,Braian Ojeda,py PAR,MF,24,30,25,"2,105",23.4,2,0,2,2,0,0,6,0,0.09,0.00,0.09,0.09,0.09,Matches,Major League Soccer,2025
80c718dd,Brayan Vera,co COL,DF,26,27,23,"1,984",22.0,1,0,1,1,0,0,8,0,0.05,0.00,0.05,0.05,0.05,Matches,Major League Soccer,2025
5c041f1f,Alexandros Katranis,gr GRE,DF,26,29,23,"1,835",20.4,1,3,4,1,0,0,9,0,0.05,0.15,0.20,0.05,0.20,Matches,Major League Soccer,2025
6d526838,Noel Caliskan,de GER,"DF,MF",24,25,22,"1,988",22.1,1,1,2,1,0,0,4,0,0.05,0.05,0.09,0.05,0.09,Matches,Major League Soccer,2025
bc2eb719,Zavier Gozo,us USA,"MF,FW",17,25,21,"1,810",20.1,4,3,7,4,0,0,4,0,0.20,0.15,0.35,0.20,0.35,Matches,Major League Soccer,2025
a0f55677,Emeka Eneli,us USA,MF,25,28,19,"1,805",20.1,0,1,1,0,0,0,3,0,0.00,0.05,0.05,0.00,0.05,Matches,Major League Soccer,2025
91981d97,Sam Junqua,us USA,DF,28,32,17,"1,833",20.4,1,1,2,1,0,0,0,0,0.05,0.05,0.10,0.05,0.10,Matches,Major League Soccer,2025
7368cd70,Pablo Ruíz,ar ARG,MF,26,21,14,"1,207",13.4,0,1,1,0,0,0,4,0,0.00,0.07,0.07,0.00,0.07,Matches,Major League Soccer,2025
d2275b1b,William Agada,ng NGA,FW,25,22,12,"1,173",13.0,2,2,4,2,0,0,6,1,0.15,0.15,0.31,0.15,0.31,Matches,Major League Soccer,2025
1c33e4ec,Ariath Piol,au AUS,FW,20,24,12,903,10.0,1,1,2,1,0,0,0,1,0.10,0.10,0.20,0.10,0.20,Matches,Major League Soccer,2025
dc010d26,Dominik Marczuk,pl POL,MF,21,17,10,868,9.6,1,2,3,1,0,0,3,0,0.10,0.21,0.31,0.10,0.31,Matches,Major League Soccer,2025
ad411288,Philip Quinton,us USA,DF,25,16,9,812,9.0,0,0,0,0,0,0,2,0,0.00,0.00,0.00,0.00,0.00,Matches,Major League Soccer,2025
891f8b82,Bode Hidalgo,us USA,DF,22,18,8,821,9.1,0,0,0,0,0,0,5,1,0.00,0.00,0.00,0.00,0.00,Matches,Major League Soccer,2025
568a75fd,Rwan,br BRA,FW,23,10,8,612,6.8,0,1,1,0,0,1,4,0,0.00,0.15,0.15,0.00,0.15,Matches,Major League Soccer,2025
743ffce1,Victor Olatunji,ng NGA,FW,25,8,7,643,7.1,4,0,4,4,0,0,1,1,0.56,0.00,0.56,0.56,0.56,Matches,Major League Soccer,2025
ae0a7ddf,DeAndre Yedlin,us USA,DF,31,7,7,630,7.0,1,0,1,1,0,0,3,0,0.14,0.00,0.14,0.14,0.14,Matches,Major League Soccer,2025
a80d92fe,Nelson Palacio,co COL,MF,23,10,6,589,6.5,0,0,0,0,0,0,1,0,0.00,0.00,0.00,0.00,0.00,Matches,Major League Soccer,2025
a30e1562,Johnny Russell,sct SCO,MF,34,12,4,348,3.9,2,0,2,2,0,0,1,0,0.52,0.00,0.52,0.52,0.52,Matches,Major League Soccer,2025
840f67fe,Forster Ajago,gh GHA,FW,23,6,3,259,2.9,1,0,1,1,0,0,2,0,0.35,0.00,0.35,0.35,0.35,Matches,Major League Soccer,2025
3d14c62e,Javain Brown,jm JAM,DF,25,3,3,194,2.2,0,0,0,0,0,0,1,0,0.00,0.00,0.00,0.00,0.00,Matches,Major League Soccer,2025
0985c282,Tyler Wolff,us USA,MF,21,13,2,363,4.0,0,0,0,0,0,0,1,0,0.00,0.00,0.00,0.00,0.00,Matches,Major League Soccer,2025
67c8818a,Jesús Barea,es ESP,FW,22,11,1,263,2.9,0,0,0,0,0,0,0,0,0.00,0.00,0.00,0.00,0.00,Matches,Major League Soccer,2025
25bd3ff0,Lachlan Brook,au AUS,"FW,MF",23,5,0,100,1.1,0,0,0,0,0,0,1,0,0.00,0.00,0.00,0.00,0.00,Matches,Major League Soccer,2025
2a4c41f6,Aiden Hezarkhani,us USA,FW,17,2,0,58,0.6,0,0,0,0,0,0,0,0,0.00,0.00,0.00,0.00,0.00,Matches,Major League Soccer,2025
6af165bc,Kobi Henry,tt TRI,DF,20,3,0,41,0.5,0,0,0,0,0,0,0,0,0.00,0.00,0.00,0.00,0.00,Matches,Major League Soccer,2025
4d095ea6,Griffin Dillon,us USA,MF,21,0,0,,,,,,,,,,,,,,,,Matches,Major League Soccer,2025
459e6dc0,Zackery Farnsworth,us USA,DF,22,0,0,,,,,,,,,,,,,,,,Matches,Major League Soccer,2025
622eb5d3,Max Kerkvliet,us USA,GK,20,0,0,,,,,,,,,,,,,,,,Matches,Major League Soccer,2025
73a5d12c,Omar Marquez,us USA,MF,16,0,0,,,,,,,,,,,,,,,,Matches,Major League Soccer,2025
f01df62c,Mason Stajduhar,us USA,GK,27,0,0,,,,,,,,,,,,,,,,Matches,Major League Soccer,2025
06dafc0e,David Ayala,ar ARG,MF,22,33,32,"2,624",29.2,2,1,3,2,0,0,4,0,0.07,0.03,0.10,0.07,0.10,Matches,Major League Soccer,2025
016e419b,Finn Surman,nz NZL,DF,21,31,31,"2,720",30.2,0,0,0,0,0,0,2,0,0.00,0.00,0.00,0.00,0.00,Matches,Major League Soccer,2025
59948ef7,David Costa,pt POR,"MF,FW",24,32,28,"2,514",27.9,4,6,10,4,0,0,2,0,0.14,0.21,0.36,0.14,0.36,Matches,Major League Soccer,2025
bb18b3b6,Juan David Mosquera,co COL,"DF,MF",22,28,26,"2,266",25.2,1,2,3,1,0,0,2,0,0.04,0.08,0.12,0.04,0.12,Matches,Major League Soccer,2025
6a2381f7,Antony,br BRA,MF,23,28,26,"2,202",24.5,7,5,12,7,0,0,5,0,0.29,0.20,0.49,0.29,0.49,Matches,Major League Soccer,2025
faf827ca,Jimer Fory,co COL,"DF,MF",22,26,23,"2,061",22.9,0,2,2,0,0,0,9,0,0.00,0.09,0.09,0.00,0.09,Matches,Major League Soccer,2025
0646bd8a,Kamal Miller,ca CAN,DF,27,24,23,"1,880",20.9,1,0,1,1,0,0,5,1,0.05,0.00,0.05,0.05,0.05,Matches,Major League Soccer,2025
3261d0e4,Santiago Moreno,co COL,MF,24,22,20,"1,696",18.8,4,5,9,4,0,0,1,0,0.21,0.27,0.48,0.21,0.48,Matches,Major League Soccer,2025
f4b0ea46,Felipe Mora,cl CHI,FW,31,33,20,"1,664",18.5,5,3,8,4,1,2,4,0,0.27,0.16,0.43,0.22,0.38,Matches,Major League Soccer,2025
901408ac,James Pantemis,ca CAN,GK,27,19,19,"1,710",19.0,0,0,0,0,0,0,0,0,0.00,0.00,0.00,0.00,0.00,Matches,Major League Soccer,2025
136958ad,Kevin Kelsy,ve VEN,FW,20,33,17,"1,605",17.8,7,1,8,6,1,1,3,0,0.39,0.06,0.45,0.34,0.39,Matches,Major League Soccer,2025
c6f99e42,Dario Župarić,ba BIH,DF,32,19,17,"1,568",17.4,0,0,0,0,0,0,4,0,0.00,0.00,0.00,0.00,0.00,Matches,Major League Soccer,2025
97ec94a5,Julio Joao Ortíz,ec ECU,MF,28,20,17,"1,106",12.3,0,0,0,0,0,0,4,0,0.00,0.00,0.00,0.00,0.00,Matches,Major League Soccer,2025
ea42e480,Maxime Crépeau,ca CAN,GK,30,15,15,"1,350",15.0,0,0,0,0,0,0,0,0,0.00,0.00,0.00,0.00,0.00,Matches,Major League Soccer,2025
80a9110c,Ian Smith,us USA,"DF,MF",22,20,11,"1,025",11.4,1,1,2,1,0,0,4,0,0.09,0.09,0.18,0.09,0.18,Matches,Major League Soccer,2025
6260cc9d,Diego Chará,co COL,MF,38,27,10,"1,195",13.3,0,1,1,0,0,0,3,0,0.00,0.08,0.08,0.00,0.08,Matches,Major League Soccer,2025
0d8a2551,Cristhian Paredes,py PAR,MF,26,29,8,"1,016",11.3,2,0,2,2,0,0,7,0,0.18,0.00,0.18,0.18,0.18,Matches,Major League Soccer,2025
c5c1627c,Kristoffer Velde,no NOR,"MF,FW",25,8,8,651,7.2,0,2,2,0,0,0,1,0,0.00,0.28,0.28,0.00,0.28,Matches,Major League Soccer,2025
f2416544,Matías Rojas,py PAR,MF,29,7,5,352,3.9,1,0,1,1,0,0,0,0,0.26,0.00,0.26,0.26,0.26,Matches,Major League Soccer,2025
bd7b916c,Ariel Lassiter,cr CRC,"MF,FW",30,21,4,531,5.9,0,1,1,0,0,0,2,0,0.00,0.17,0.17,0.00,0.17,Matches,Major League Soccer,2025
c0593f5d,Eric Miller,us USA,DF,32,16,3,436,4.8,0,0,0,0,0,0,0,0,0.00,0.00,0.00,0.00,0.00,Matches,Major League Soccer,2025
622986f0,Omir Fernandez,us USA,MF,25,18,3,426,4.7,1,0,1,1,0,0,0,0,0.21,0.00,0.21,0.21,0.21,Matches,Major League Soccer,2025
5619c5e8,Claudio Bravo,ar ARG,DF,27,8,3,330,3.7,0,0,0,0,0,0,1,0,0.00,0.00,0.00,0.00,0.00,Matches,Major League Soccer,2025
83129dc7,Zac McGraw,ca CAN,DF,27,4,3,242,2.7,0,0,0,0,0,0,2,0,0.00,0.00,0.00,0.00,0.00,Matches,Major League Soccer,2025
a9af351a,Felipe Carballo,uy URU,MF,28,2,2,123,1.4,0,0,0,0,0,0,0,0,0.00,0.00,0.00,0.00,0.00,Matches,Major League Soccer,2025
86ca9bca,Jonathan Rodríguez,uy URU,"FW,MF",31,6,0,154,1.7,1,1,2,0,1,1,2,0,0.58,0.58,1.17,0.00,0.58,Matches,Major League Soccer,2025
b34c473e,Gage Guerra,us USA,FW,22,6,0,133,1.5,0,0,0,0,0,0,0,0,0.00,0.00,0.00,0.00,0.00,Matches,Major League Soccer,2025
c505d8b0,Sawyer Jura,us USA,DF,18,0,0,,,,,,,,,,,,,,,,Matches,Major League Soccer,2025
47491d74,Kyle Linhares,us USA,MF,22,0,0,,,,,,,,,,,,,,,,Matches,Major League Soccer,2025
20e26ab3,Trey Muse,us USA,GK,25,0,0,,,,,,,,,,,,,,,,Matches,Major League Soccer,2025
48875649,Cristian Roldan,us USA,MF,29,31,30,"2,632",29.2,1,2,3,1,0,0,3,0,0.03,0.07,0.10,0.03,0.10,Matches,Major League Soccer,2025
f61246d8,Jesús Ferreira,us USA,"MF,FW",24,32,27,"2,176",24.2,4,4,8,4,0,0,3,0,0.17,0.17,0.33,0.17,0.33,Matches,Major League Soccer,2025
875e8269,Paul Rothrock,us USA,MF,26,33,27,"2,163",24.0,4,5,9,4,0,0,4,0,0.17,0.21,0.37,0.17,0.37,Matches,Major League Soccer,2025
1d0a0f3e,Stefan Frei,ch SUI,GK,38,26,26,"2,340",26.0,0,0,0,0,0,0,0,0,0.00,0.00,0.00,0.00,0.00,Matches,Major League Soccer,2025
9cc1fde4,Obed Vargas,mx MEX,MF,19,26,26,"2,268",25.2,3,1,4,3,0,0,4,0,0.12,0.04,0.16,0.12,0.16,Matches,Major League Soccer,2025
0796512f,Nouhou Tolo,cm CMR,DF,27,27,25,"2,197",24.4,1,2,3,1,0,0,5,2,0.04,0.08,0.12,0.04,0.12,Matches,Major League Soccer,2025
1255a82a,Alex Roldan,sv SLV,"DF,MF",28,29,24,"2,116",23.5,0,2,2,0,0,0,2,0,0.00,0.09,0.09,0.00,0.09,Matches,Major League Soccer,2025
e43c8d72,Yeimar Gómez Andrade,co COL,DF,32,24,24,"1,760",19.6,0,1,1,0,0,0,3,0,0.00,0.05,0.05,0.00,0.05,Matches,Major League Soccer,2025
0adeafaa,Albert Rusnák,sk SVK,"MF,FW",30,29,23,"2,148",23.9,11,8,19,8,3,3,3,1,0.46,0.34,0.80,0.34,0.67,Matches,Major League Soccer,2025
a3d67f70,Jackson Ragen,us USA,DF,26,24,21,"1,916",21.3,2,1,3,2,0,0,6,0,0.09,0.05,0.14,0.09,0.14,Matches,Major League Soccer,2025
925a2703,Daniel Musovski,mk MKD,FW,29,31,16,"1,562",17.4,14,4,18,13,1,1,6,0,0.81,0.23,1.04,0.75,0.98,Matches,Major League Soccer,2025
a7f6b9c4,Kalani Rienzi,us USA,"DF,MF",22,22,15,"1,414",15.7,3,2,5,3,0,0,4,1,0.19,0.13,0.32,0.19,0.32,Matches,Major League Soccer,2025
ef6e8c5b,Pedro De la Vega,ar ARG,"MF,FW",23,26,15,"1,173",13.0,4,4,8,4,0,0,0,0,0.31,0.31,0.61,0.31,0.61,Matches,Major League Soccer,2025
658a3134,Jon Bell,jm JAM,DF,27,21,13,"1,327",14.7,0,0,0,0,0,0,1,1,0.00,0.00,0.00,0.00,0.00,Matches,Major League Soccer,2025
46c6ba76,Kim Kee-hee,kr KOR,DF,35,15,10,"1,035",11.5,0,0,0,0,0,0,3,0,0.00,0.00,0.00,0.00,0.00,Matches,Major League Soccer,2025
bd298d0d,Jordan Morris,us USA,"FW,MF",30,17,8,753,8.4,5,1,6,5,0,1,0,0,0.60,0.12,0.72,0.60,0.72,Matches,Major League Soccer,2025
1425ee30,Andrew Thomas,ru RUS,GK,26,8,8,720,8.0,0,0,0,0,0,0,0,0,0.00,0.00,0.00,0.00,0.00,Matches,Major League Soccer,2025
574a5662,Georgi Minoungou,bf BFA,"MF,FW",22,21,6,726,8.1,1,3,4,1,0,0,0,0,0.12,0.37,0.50,0.12,0.50,Matches,Major League Soccer,2025
ecc3a9c9,Danny Leyva,us USA,MF,21,16,6,705,7.8,0,2,2,0,0,0,2,0,0.00,0.26,0.26,0.00,0.26,Matches,Major League Soccer,2025
816d7aec,Reed Baker-Whiting,us USA,DF,19,14,6,544,6.0,0,1,1,0,0,0,5,1,0.00,0.17,0.17,0.00,0.17,Matches,Major League Soccer,2025
b96aa1d6,João Paulo Mior,br BRA,MF,33,11,6,479,5.3,0,0,0,0,0,0,3,0,0.00,0.00,0.00,0.00,0.00,Matches,Major League Soccer,2025
316de854,Ryan Kent,eng ENG,MF,28,15,5,543,6.0,0,3,3,0,0,0,0,0,0.00,0.50,0.50,0.00,0.50,Matches,Major League Soccer,2025
1861c746,Snyder Brunell,us USA,MF,17,6,3,293,3.3,2,0,2,2,0,0,0,0,0.61,0.00,0.61,0.61,0.61,Matches,Major League Soccer,2025
1b09202f,Osaze De Rosario,gy GUY,FW,23,12,3,259,2.9,1,0,1,1,0,0,2,0,0.35,0.00,0.35,0.35,0.35,Matches,Major League Soccer,2025
fdffba5d,Cody Baker,us USA,DF,21,3,1,117,1.3,0,0,0,0,0,0,0,0,0.00,0.00,0.00,0.00,0.00,Matches,Major League Soccer,2025
c7e13846,Stuart Hawkins,us USA,DF,18,4,0,127,1.4,0,0,0,0,0,0,0,0,0.00,0.00,0.00,0.00,0.00,Matches,Major League Soccer,2025
1bb2acce,Paul Arriola,us USA,"FW,MF",29,2,0,75,0.8,0,0,0,0,0,0,0,0,0.00,0.00,0.00,0.00,0.00,Matches,Major League Soccer,2025
7a798d92,Peter Kingston,us USA,MF,23,1,0,11,0.1,0,0,0,0,0,0,0,0,0.00,0.00,0.00,0.00,0.00,Matches,Major League Soccer,2025
7b02a7e1,Antino Lopez,us USA,DF,22,1,0,1,0.0,0,0,0,0,0,0,0,0,0.00,0.00,0.00,0.00,0.00,Matches,Major League Soccer,2025
4b3c8ed3,Jacob Castro,us USA,GK,25,0,0,,,,,,,,,,,,,,,,Matches,Major League Soccer,2025
fb5ae5a2,Sebastian Gomez,us USA,MF,18,0,0,,,,,,,,,,,,,,,,Matches,Major League Soccer,2025
1eb5b7fc,Travian Sousa,us USA,DF,23,0,0,,,,,,,,,,,,,,,,Matches,Major League Soccer,2025
ea6803c7,Artur,br BRA,MF,28,33,32,"2,850",31.7,1,0,1,1,0,0,5,1,0.03,0.00,0.03,0.03,0.03,Matches,Major League Soccer,2025
ccbbe661,Ezequiel Ponce,ar ARG,FW,27,32,32,"2,669",29.7,10,1,11,9,1,1,8,0,0.34,0.03,0.37,0.30,0.34,Matches,Major League Soccer,2025
c182ca04,Griffin Dorsey,us USA,DF,25,33,29,"2,667",29.6,2,4,6,2,0,0,8,0,0.07,0.13,0.20,0.07,0.20,Matches,Major League Soccer,2025
c3a86eea,Jonathan Bond,eng ENG,GK,31,26,26,"2,340",26.0,0,0,0,0,0,0,0,0,0.00,0.00,0.00,0.00,0.00,Matches,Major League Soccer,2025
e2b8c25c,Jack McGlynn,us USA,"MF,FW",21,26,26,"2,308",25.6,6,6,12,4,2,2,2,0,0.23,0.23,0.47,0.16,0.39,Matches,Major League Soccer,2025
66a7effe,Ondřej Lingr,cz CZE,"MF,FW",26,26,22,"1,783",19.8,3,3,6,3,0,0,5,0,0.15,0.15,0.30,0.15,0.30,Matches,Major League Soccer,2025
ced1d98f,Amine Bassi,fr FRA,"MF,FW",27,29,20,"1,749",19.4,2,3,5,2,0,0,4,0,0.10,0.15,0.26,0.10,0.26,Matches,Major League Soccer,2025
b4caa0c5,Brooklyn Raines,us USA,MF,19,22,20,"1,695",18.8,0,0,0,0,0,0,8,1,0.00,0.00,0.00,0.00,0.00,Matches,Major League Soccer,2025
4cf81576,Felipe Andrade,br BRA,DF,22,23,19,"1,732",19.2,4,1,5,4,0,0,4,0,0.21,0.05,0.26,0.21,0.26,Matches,Major League Soccer,2025
54f33d0e,Franco Escobar,ar ARG,DF,29,23,18,"1,569",17.4,2,2,4,2,0,0,10,1,0.11,0.11,0.23,0.11,0.23,Matches,Major League Soccer,2025
70ac9e4f,Obafemi Awodesu,us USA,DF,23,24,17,"1,546",17.2,1,0,1,1,0,0,3,1,0.06,0.00,0.06,0.06,0.06,Matches,Major League Soccer,2025
1ea1a59a,Sebastian Kowalczyk,pl POL,"MF,FW",26,29,16,"1,498",16.6,1,1,2,1,0,0,4,0,0.06,0.06,0.12,0.06,0.12,Matches,Major League Soccer,2025
daf2b2ad,Pablo Ortiz,co COL,DF,24,20,16,"1,393",15.5,1,0,1,1,0,0,6,0,0.06,0.00,0.06,0.06,0.06,Matches,Major League Soccer,2025
552898bd,Ethan Bartlow,us USA,DF,24,22,14,"1,326",14.7,0,2,2,0,0,0,2,0,0.00,0.14,0.14,0.00,0.14,Matches,Major League Soccer,2025
9614b550,Erik Sviatchenko,dk DEN,DF,33,15,13,960,10.7,0,0,0,0,0,0,1,1,0.00,0.00,0.00,0.00,0.00,Matches,Major League Soccer,2025
b40424f1,Júnior Urso,br BRA,MF,35,19,11,973,10.8,1,1,2,1,0,0,4,0,0.09,0.09,0.18,0.09,0.18,Matches,Major League Soccer,2025
f77a051b,Lawrence Ennali,de GER,"MF,FW",22,18,10,994,11.0,1,4,5,1,0,0,2,0,0.09,0.36,0.45,0.09,0.45,Matches,Major League Soccer,2025
949fe1e8,Antonio Carlos,br BRA,DF,31,8,7,603,6.7,1,0,1,1,0,0,2,0,0.15,0.00,0.15,0.15,0.15,Matches,Major League Soccer,2025
fe81d0d1,Nicolás Lodeiro,uy URU,"MF,FW",35,16,6,580,6.4,1,1,2,1,0,0,0,0,0.16,0.16,0.31,0.16,0.31,Matches,Major League Soccer,2025
47a050ed,Duane Holmes,us USA,MF,30,18,5,583,6.5,1,0,1,1,0,0,3,0,0.15,0.00,0.15,0.15,0.15,Matches,Major League Soccer,2025
c5487a34,Andrew Tarbell,us USA,GK,31,4,4,306,3.4,0,0,0,0,0,0,0,0,0.00,0.00,0.00,0.00,0.00,Matches,Major League Soccer,2025
17c03c76,Daniel Steres,us USA,DF,34,8,3,398,4.4,0,0,0,0,0,0,2,0,0.00,0.00,0.00,0.00,0.00,Matches,Major League Soccer,2025
57fb1211,Blake Gillingham,us USA,GK,22,4,3,294,3.3,0,0,0,0,0,0,0,0,0.00,0.00,0.00,0.00,0.00,Matches,Major League Soccer,2025
363399b2,Aliyu Ibrahim,ng NGA,MF,23,8,2,176,2.0,0,0,0,0,0,0,1,0,0.00,0.00,0.00,0.00,0.00,Matches,Major League Soccer,2025
6a8e0145,Erik Duenas,us USA,MF,20,8,1,158,1.8,0,1,1,0,0,0,3,0,0.00,0.57,0.57,0.00,0.57,Matches,Major League Soccer,2025
031097ba,Gabe Segal,us USA,FW,23,11,1,154,1.7,2,0,2,1,1,1,0,0,1.17,0.00,1.17,0.58,0.58,Matches,Major League Soccer,2025
ca1c6f3d,Jimmy Maurer,us USA,GK,36,2,1,120,1.3,0,0,0,0,0,0,0,0,0.00,0.00,0.00,0.00,0.00,Matches,Major League Soccer,2025
b1aea125,Toyosi Olusanya,eng ENG,"FW,MF",27,6,0,58,0.6,0,1,1,0,0,0,1,0,0.00,1.55,1.55,0.00,1.55,Matches,Major League Soccer,2025
a930b263,Sergio Santos Gomes,br BRA,FW,30,2,0,18,0.2,1,0,1,1,0,0,0,0,5.00,0.00,5.00,5.00,5.00,Matches,Major League Soccer,2025
a295f0b3,Nelson Quiñones,co COL,MF,22,1,0,11,0.1,0,0,0,0,0,0,0,0,0.00,0.00,0.00,0.00,0.00,Matches,Major League Soccer,2025
ff625e8a,Andy Batioja,co COL,FW,19,1,0,10,0.1,0,0,0,0,0,0,0,0,0.00,0.00,0.00,0.00,0.00,Matches,Major League Soccer,2025
08593525,Diadie Samassékou,ml MLI,MF,29,1,0,1,0.0,0,0,0,0,0,0,0,0,0.00,0.00,0.00,0.00,0.00,Matches,Major League Soccer,2025
f1133dc0,Exon Arzú,hn HON,FW,20,0,0,,,,,,,,,,,,,,,,Matches,Major League Soccer,2025
8c630121,Diego Gonzalez,us USA,MF,22,0,0,,,,,,,,,,,,,,,,Matches,Major League Soccer,2025
6ad5f50e,Michael Halliday,us USA,DF,22,0,0,,,,,,,,,,,,,,,,Matches,Major League Soccer,2025
b6e2e54c,Damion Lowe,jm JAM,DF,31,0,0,,,,,,,,,,,,,,,,Matches,Major League Soccer,2025
7978c9db,Pedro,br BRA,GK,20,0,0,,,,,,,,,,,,,,,,Matches,Major League Soccer,2025
614eca9b,Marcel Hartel,de GER,"MF,FW",29,34,34,"3,022",33.6,9,4,13,8,1,1,1,0,0.27,0.12,0.39,0.24,0.36,Matches,Major League Soccer,2025
f5ae006d,Klauss,br BRA,FW,27,33,29,"2,411",26.8,10,2,12,10,0,0,4,0,0.37,0.07,0.45,0.37,0.45,Matches,Major League Soccer,2025
443a4bb2,Conrad Wallem,no NOR,"MF,DF",24,32,28,"2,419",26.9,1,2,3,1,0,0,7,1,0.04,0.07,0.11,0.04,0.11,Matches,Major League Soccer,2025
9d12e142,Roman Bürki,ch SUI,GK,34,25,25,"2,250",25.0,0,0,0,0,0,0,1,0,0.00,0.00,0.00,0.00,0.00,Matches,Major League Soccer,2025
bd7d2e6d,Timo Baumgartl,de GER,DF,28,22,20,"1,754",19.5,0,1,1,0,0,0,4,0,0.00,0.05,0.05,0.00,0.05,Matches,Major League Soccer,2025
e16db703,Kyle Hiebert,ca CAN,"DF,MF",27,22,19,"1,692",18.8,1,1,2,1,0,0,3,0,0.05,0.05,0.11,0.05,0.11,Matches,Major League Soccer,2025
f956479d,Cedric Teuchert,de GER,"FW,MF",28,22,17,"1,238",13.8,3,1,4,3,0,0,1,0,0.22,0.07,0.29,0.22,0.29,Matches,Major League Soccer,2025
b7cc83e3,Célio Pompeu,br BRA,"MF,FW",25,28,16,"1,478",16.4,2,3,5,2,0,0,3,0,0.12,0.18,0.30,0.12,0.30,Matches,Major League Soccer,2025
70678132,Eduard Löwen,de GER,MF,28,19,16,"1,398",15.5,6,3,9,3,3,3,6,1,0.39,0.19,0.58,0.19,0.39,Matches,Major League Soccer,2025
23c75879,Henry Kessler,us USA,DF,26,17,15,"1,374",15.3,0,1,1,0,0,0,2,0,0.00,0.07,0.07,0.00,0.07,Matches,Major League Soccer,2025
1c595d53,Akil Watts,us USA,MF,24,22,14,"1,418",15.8,1,0,1,1,0,0,1,0,0.06,0.00,0.06,0.06,0.06,Matches,Major League Soccer,2025
672f4300,Joshua Yaro,gh GHA,DF,30,18,14,"1,267",14.1,1,0,1,1,0,0,1,0,0.07,0.00,0.07,0.07,0.07,Matches,Major League Soccer,2025
0ffd4373,Chris Durkin,us USA,MF,24,18,14,"1,104",12.3,0,1,1,0,0,0,4,1,0.00,0.08,0.08,0.00,0.08,Matches,Major League Soccer,2025
3ba95f20,Tomáš Ostrák,cz CZE,MF,24,23,13,"1,016",11.3,1,2,3,1,0,0,4,0,0.09,0.18,0.27,0.09,0.27,Matches,Major League Soccer,2025
8bb174fc,Tomas Totland,no NOR,"DF,MF",25,17,12,"1,072",11.9,0,1,1,0,0,0,0,0,0.00,0.08,0.08,0.00,0.08,Matches,Major League Soccer,2025
bc921182,Simon Becher,us USA,"MF,FW",25,32,11,"1,249",13.9,3,2,5,3,0,0,4,0,0.22,0.14,0.36,0.22,0.36,Matches,Major League Soccer,2025
ff45add5,Alfredo Morales,us USA,MF,34,25,11,"1,102",12.2,0,2,2,0,0,0,6,1,0.00,0.16,0.16,0.00,0.16,Matches,Major League Soccer,2025
abe9908a,Benjamin Lundt,de GER,GK,29,9,9,810,9.0,0,0,0,0,0,0,1,0,0.00,0.00,0.00,0.00,0.00,Matches,Major League Soccer,2025
004b090e,Devin Padelford,us USA,DF,22,10,9,748,8.3,0,1,1,0,0,0,0,0,0.00,0.12,0.12,0.00,0.12,Matches,Major League Soccer,2025
2b83fa49,Jannes Horn,de GER,"DF,MF",27,9,9,719,8.0,0,1,1,0,0,0,2,0,0.00,0.13,0.13,0.00,0.13,Matches,Major League Soccer,2025
f6fca8c6,Jeong Sangbin,kr KOR,"MF,FW",22,9,9,633,7.0,1,1,2,1,0,0,1,0,0.14,0.14,0.28,0.14,0.28,Matches,Major League Soccer,2025
2c8a91b9,Fallou Fall,sn SEN,DF,20,8,6,589,6.5,0,1,1,0,0,0,1,0,0.00,0.15,0.15,0.00,0.15,Matches,Major League Soccer,2025
46af4656,Jaziel Orozco,us USA,DF,20,7,6,531,5.9,1,0,1,1,0,0,1,0,0.17,0.00,0.17,0.17,0.17,Matches,Major League Soccer,2025
ed39ab4a,Jake Girdwood-Reich,au AUS,"DF,MF",20,10,5,495,5.5,0,0,0,0,0,0,0,0,0.00,0.00,0.00,0.00,0.00,Matches,Major League Soccer,2025
24ec625a,Jayden Reid,us USA,DF,23,8,5,452,5.0,0,0,0,0,0,0,3,0,0.00,0.00,0.00,0.00,0.00,Matches,Major League Soccer,2025
9a01d4ba,Brendan McSorley,us USA,"MF,FW",22,8,2,277,3.1,2,1,3,2,0,0,1,0,0.65,0.32,0.97,0.65,0.97,Matches,Major League Soccer,2025
52de007c,Joseph Zalinsky,us USA,DF,22,7,2,221,2.5,0,0,0,0,0,0,2,0,0.00,0.00,0.00,0.00,0.00,Matches,Major League Soccer,2025
c562c5b4,Joakim Nilsson,se SWE,DF,30,6,2,133,1.5,0,0,0,0,0,0,0,0,0.00,0.00,0.00,0.00,0.00,Matches,Major League Soccer,2025
50c9bf12,Mykhi Joyner,us USA,MF,18,13,1,370,4.1,1,0,1,1,0,0,2,0,0.24,0.00,0.24,0.24,0.24,Matches,Major League Soccer,2025
7c2c2c0b,Michael Wentzel,de GER,DF,22,2,1,97,1.1,0,0,0,0,0,0,1,0,0.00,0.00,0.00,0.00,0.00,Matches,Major League Soccer,2025
15d561fa,Xande Silva,pt POR,"FW,MF",27,11,0,215,2.4,0,0,0,0,0,0,1,0,0.00,0.00,0.00,0.00,0.00,Matches,Major League Soccer,2025
408ac2de,Tyson Pearce,us USA,MF,17,2,0,30,0.3,0,0,0,0,0,0,0,0,0.00,0.00,0.00,0.00,0.00,Matches,Major League Soccer,2025
840753cc,Seth Antwi,gh GHA,MF,25,2,0,15,0.2,0,0,0,0,0,0,0,0,0.00,0.00,0.00,0.00,0.00,Matches,Major League Soccer,2025
78506575,Rasmus Alm,se SWE,"FW,MF",29,1,0,8,0.1,0,0,0,0,0,0,0,0,0.00,0.00,0.00,0.00,0.00,Matches,Major League Soccer,2025
ed9e7981,Cam Cilley,us USA,MF,24,0,0,,,,,,,,,,,,,,,,Matches,Major League Soccer,2025
bfa47345,Emil Jääskeläinen,fi FIN,FW,23,0,0,,,,,,,,,,,,,,,,Matches,Major League Soccer,2025
730dfee1,Christian Olivares,us USA,GK,22,0,0,,,,,,,,,,,,,,,,Matches,Major League Soccer,2025
9bf9391c,Wil Trapp,us USA,MF,32,34,32,"2,717",30.2,2,2,4,2,0,0,3,0,0.07,0.07,0.13,0.07,0.13,Matches,Major League Soccer,2025
3f41d25f,Dayne St. Clair,ca CAN,GK,27,30,30,"2,700",30.0,0,0,0,0,0,0,4,0,0.00,0.00,0.00,0.00,0.00,Matches,Major League Soccer,2025
98af660d,Joaquín Pereyra,ar ARG,"MF,FW",26,33,29,"2,561",28.5,6,8,14,6,0,0,8,0,0.21,0.28,0.49,0.21,0.49,Matches,Major League Soccer,2025
6bfa0d3a,Michael Boxall,nz NZL,DF,36,31,28,"2,651",29.5,1,1,2,1,0,0,5,0,0.03,0.03,0.07,0.03,0.07,Matches,Major League Soccer,2025
33c69aa0,Robin Lod,fi FIN,"MF,FW",31,33,28,"2,454",27.3,5,3,8,4,1,1,4,0,0.18,0.11,0.29,0.15,0.26,Matches,Major League Soccer,2025
de9952b5,Bongokuhle Hlongwane,za RSA,"DF,MF",24,34,27,"2,379",26.4,3,1,4,3,0,0,1,0,0.11,0.04,0.15,0.11,0.15,Matches,Major League Soccer,2025
bc4b0544,Nicolás Romero,ar ARG,DF,21,27,25,"2,125",23.6,0,5,5,0,0,0,10,0,0.00,0.21,0.21,0.00,0.21,Matches,Major League Soccer,2025
ec27d954,Jefferson Díaz,co COL,DF,24,27,24,"1,899",21.1,0,3,3,0,0,0,3,0,0.00,0.14,0.14,0.00,0.14,Matches,Major League Soccer,2025
ea0893d6,Kelvin Yeboah,it ITA,FW,24,30,23,"2,042",22.7,9,0,9,6,3,3,3,0,0.40,0.00,0.40,0.26,0.26,Matches,Major League Soccer,2025
565fde4a,Anthony Markanich,ph PHI,"DF,MF",25,31,23,"1,895",21.1,9,1,10,9,0,0,5,0,0.43,0.05,0.47,0.43,0.47,Matches,Major League Soccer,2025
950ef017,Tani Oluwaseyi,ca CAN,"FW,MF",24,24,21,"1,856",20.6,10,7,17,10,0,0,5,0,0.48,0.34,0.82,0.48,0.82,Matches,Major League Soccer,2025
3f18600c,Carlos Harvey,pa PAN,"DF,MF",24,25,16,"1,526",17.0,2,1,3,2,0,0,2,0,0.12,0.06,0.18,0.12,0.18,Matches,Major League Soccer,2025
6a29d06b,Joseph Rosales,hn HON,"DF,MF",24,25,15,"1,449",16.1,1,2,3,1,0,0,2,0,0.06,0.12,0.19,0.06,0.19,Matches,Major League Soccer,2025
04391c12,Morris Duggan,de GER,DF,24,21,14,"1,311",14.6,0,1,1,0,0,0,1,0,0.00,0.07,0.07,0.00,0.07,Matches,Major League Soccer,2025
acd47bc0,Julian Gressel,us USA,"DF,MF",31,21,12,"1,086",12.1,1,3,4,1,0,0,2,0,0.08,0.25,0.33,0.08,0.33,Matches,Major League Soccer,2025
bfff2337,Owen Géne,fr FRA,MF,21,22,5,655,7.3,0,0,0,0,0,0,0,0,0.00,0.00,0.00,0.00,0.00,Matches,Major League Soccer,2025
8f2af1ed,Hassani Dotson,us USA,MF,27,8,5,416,4.6,1,0,1,1,0,0,2,0,0.22,0.00,0.22,0.22,0.22,Matches,Major League Soccer,2025
73d58203,Nectarios Triantis,gr GRE,"MF,DF",21,5,4,352,3.9,2,2,4,2,0,0,1,0,0.51,0.51,1.02,0.51,1.02,Matches,Major League Soccer,2025
c0a7d95b,Wessel Speel,nl NED,GK,23,3,3,199,2.2,0,0,0,0,0,0,0,0,0.00,0.00,0.00,0.00,0.00,Matches,Major League Soccer,2025
f6fca8c6,Jeong Sangbin,kr KOR,"MF,FW",22,15,2,319,3.5,0,0,0,0,0,0,1,0,0.00,0.00,0.00,0.00,0.00,Matches,Major League Soccer,2025
ed4dc7f4,D.J. Taylor,us USA,DF,27,7,1,202,2.2,0,0,0,0,0,0,0,0,0.00,0.00,0.00,0.00,0.00,Matches,Major League Soccer,2025
c650c63c,Alec Smir,us USA,GK,25,2,1,161,1.8,0,0,0,0,0,0,1,0,0.00,0.00,0.00,0.00,0.00,Matches,Major League Soccer,2025
ea19e14d,Dominik Fitz,at AUT,MF,25,5,1,151,1.7,0,0,0,0,0,0,0,0,0.00,0.00,0.00,0.00,0.00,Matches,Major League Soccer,2025
31429cca,Mamadou Dieng,sn SEN,FW,20,4,1,114,1.3,0,0,0,0,0,0,0,0,0.00,0.00,0.00,0.00,0.00,Matches,Major League Soccer,2025
004b090e,Devin Padelford,us USA,DF,22,4,1,105,1.2,0,0,0,0,0,0,0,0,0.00,0.00,0.00,0.00,0.00,Matches,Major League Soccer,2025
751c1de2,Jung Hoyeon,kr KOR,MF,24,4,1,89,1.0,0,0,0,0,0,0,0,0,0.00,0.00,0.00,0.00,0.00,Matches,Major League Soccer,2025
3864b63d,Kieran Chandler,us USA,DF,19,1,1,64,0.7,0,0,0,0,0,0,0,0,0.00,0.00,0.00,0.00,0.00,Matches,Major League Soccer,2025
cfbe04c3,Alisa Randell,lr LBR,MF,17,4,1,64,0.7,0,0,0,0,0,0,0,0,0.00,0.00,0.00,0.00,0.00,Matches,Major League Soccer,2025
df855e4b,Samuel Shashoua,eng ENG,"FW,MF",25,5,0,105,1.2,0,0,0,0,0,0,0,0,0.00,0.00,0.00,0.00,0.00,Matches,Major League Soccer,2025
9d66e108,Loïc Mesanvi,tg TOG,FW,21,2,0,12,0.1,0,0,0,0,0,0,0,0,0.00,0.00,0.00,0.00,0.00,Matches,Major League Soccer,2025
fe30e5a2,Luke Hille,us USA,MF,21,1,0,1,0.0,0,0,0,0,0,0,0,0,0.00,0.00,0.00,0.00,0.00,Matches,Major League Soccer,2025
fe5fea9f,Kipp Keller,us USA,DF,24,0,0,,,,,,,,,,,,,,,,Matches,Major League Soccer,2025
10d2b097,Kayne Rizvanovich,us USA,GK,17,0,0,,,,,,,,,,,,,,,,Matches,Major League Soccer,2025
467f09c8,Joe Willis,us USA,GK,36,34,34,"3,060",34.0,0,0,0,0,0,0,2,0,0.00,0.00,0.00,0.00,0.00,Matches,Major League Soccer,2025
87fe8526,Hany Mukhtar,de GER,"FW,MF",29,34,34,"2,997",33.3,16,8,24,13,3,5,5,0,0.48,0.24,0.72,0.39,0.63,Matches,Major League Soccer,2025
b017b770,Sam Surridge,eng ENG,FW,26,34,33,"2,934",32.6,24,3,27,19,5,6,2,0,0.74,0.09,0.83,0.58,0.67,Matches,Major League Soccer,2025
db97d838,Daniel Lovitz,us USA,DF,33,31,30,"2,721",30.2,2,6,8,2,0,0,5,0,0.07,0.20,0.26,0.07,0.26,Matches,Major League Soccer,2025
0c6f2fa6,Jack Maher,us USA,DF,25,30,29,"2,572",28.6,0,0,0,0,0,0,3,0,0.00,0.00,0.00,0.00,0.00,Matches,Major League Soccer,2025
215918bf,Edvard Sandvik Tagseth,no NOR,MF,24,33,29,"2,452",27.2,0,2,2,0,0,0,9,0,0.00,0.07,0.07,0.00,0.07,Matches,Major League Soccer,2025
f8280175,Andy Najar,hn HON,DF,31,33,28,"2,541",28.2,2,7,9,2,0,0,4,0,0.07,0.25,0.32,0.07,0.32,Matches,Major League Soccer,2025
2c1025bf,Alex Muyl,us USA,"MF,FW",29,32,28,"2,230",24.8,1,4,5,1,0,0,5,0,0.04,0.16,0.20,0.04,0.20,Matches,Major League Soccer,2025
1e745ee1,Patrick Yazbek,au AUS,MF,22,32,24,"2,103",23.4,1,0,1,1,0,0,6,0,0.04,0.00,0.04,0.04,0.04,Matches,Major League Soccer,2025
44014034,Jeison Palacios,co COL,DF,30,22,21,"1,829",20.3,2,0,2,2,0,0,3,0,0.10,0.00,0.10,0.10,0.10,Matches,Major League Soccer,2025
220fa883,Walker Zimmerman,us USA,DF,31,21,16,"1,532",17.0,0,2,2,0,0,0,3,0,0.00,0.12,0.12,0.00,0.12,Matches,Major League Soccer,2025
e947ee4a,Gastón Brugman,uy URU,MF,32,24,14,"1,278",14.2,0,1,1,0,0,0,2,0,0.00,0.07,0.07,0.00,0.07,Matches,Major League Soccer,2025
27219ecb,Ahmed Qasem,se SWE,MF,21,28,12,"1,223",13.6,2,1,3,2,0,0,2,0,0.15,0.07,0.22,0.15,0.22,Matches,Major League Soccer,2025
339a2561,Jacob Shaffelburg,ca CAN,MF,25,23,12,"1,110",12.3,4,2,6,4,0,0,1,0,0.32,0.16,0.49,0.32,0.49,Matches,Major League Soccer,2025
41e57408,Jonathan Perez,mx MEX,MF,22,22,10,852,9.5,1,2,3,1,0,0,5,1,0.11,0.21,0.32,0.11,0.32,Matches,Major League Soccer,2025
733aa9ec,Josh Bauer,us USA,DF,26,24,9,844,9.4,2,2,4,2,0,0,0,0,0.21,0.21,0.43,0.21,0.43,Matches,Major League Soccer,2025
0acbd246,Matthew Corcoran,us USA,MF,18,8,3,257,2.9,0,0,0,0,0,0,1,0,0.00,0.00,0.00,0.00,0.00,Matches,Major League Soccer,2025
a1674d2a,Wyatt Meyer,us USA,"MF,DF",24,6,3,235,2.6,0,0,0,0,0,0,0,0,0.00,0.00,0.00,0.00,0.00,Matches,Major League Soccer,2025
86f90eb1,Chris Applewhite,us USA,DF,17,5,2,190,2.1,0,0,0,0,0,0,0,0,0.00,0.00,0.00,0.00,0.00,Matches,Major League Soccer,2025
c5f400f4,Bryan Acosta,hn HON,MF,31,14,1,221,2.5,0,0,0,0,0,0,1,0,0.00,0.00,0.00,0.00,0.00,Matches,Major League Soccer,2025
3077fce8,Teal Bunbury,us USA,FW,34,21,1,211,2.3,0,0,0,0,0,0,0,0,0.00,0.00,0.00,0.00,0.00,Matches,Major League Soccer,2025
f4b1e26f,Tyler Boyd,us USA,MF,30,5,1,161,1.8,0,1,1,0,0,0,0,0,0.00,0.56,0.56,0.00,0.56,Matches,Major League Soccer,2025
60d6c271,Alan Carleton,us USA,MF,19,2,0,38,0.4,0,0,0,0,0,0,0,0,0.00,0.00,0.00,0.00,0.00,Matches,Major League Soccer,2025
15a987c9,Julian Gaines,us USA,DF,22,3,0,25,0.3,0,0,0,0,0,0,0,0,0.00,0.00,0.00,0.00,0.00,Matches,Major League Soccer,2025
fa21bbc8,Tate Schmitt,us USA,DF,27,2,0,16,0.2,0,0,0,0,0,0,0,0,0.00,0.00,0.00,0.00,0.00,Matches,Major League Soccer,2025
076ec0be,Jordan Knight,ca CAN,DF,22,0,0,,,,,,,,,,,,,,,,Matches,Major League Soccer,2025
bab56fee,Ethan O'Brien,ie IRL,MF,24,0,0,,,,,,,,,,,,,,,,Matches,Major League Soccer,2025
e287eefa,Brian Schwake,us USA,GK,23,0,0,,,,,,,,,,,,,,,,Matches,Major League Soccer,2025
49d05130,Adem Sipić,us USA,FW,18,0,0,,,,,,,,,,,,,,,,Matches,Major League Soccer,2025
1f184220,Xavier Valdez,do DOM,GK,21,0,0,,,,,,,,,,,,,,,,Matches,Major League Soccer,2025
480d3bcc,Taylor Washington,us USA,"DF,MF",31,0,0,,,,,,,,,,,,,,,,Matches,Major League Soccer,2025
9d83969b,Adilson Malanda,fr FRA,DF,23,33,33,"2,899",32.2,1,0,1,1,0,0,4,1,0.03,0.00,0.03,0.03,0.03,Matches,Major League Soccer,2025
53e360bb,Kristijan Kahlina,hr CRO,GK,32,32,32,"2,880",32.0,0,0,0,0,0,0,1,0,0.00,0.00,0.00,0.00,0.00,Matches,Major League Soccer,2025
495945ef,Ashley Westwood,eng ENG,MF,34,32,32,"2,880",32.0,1,4,5,1,0,0,9,0,0.03,0.12,0.16,0.03,0.16,Matches,Major League Soccer,2025
b2bc3b1f,Wilfried Zaha,ci CIV,"MF,FW",32,31,31,"2,737",30.4,10,5,15,8,2,3,11,1,0.33,0.16,0.49,0.26,0.43,Matches,Major League Soccer,2025
bd4460b1,Brandt Bronico,us USA,MF,29,31,28,"2,325",25.8,2,3,5,2,0,0,10,0,0.08,0.12,0.19,0.08,0.19,Matches,Major League Soccer,2025
28b40c9c,Tim Ream,us USA,DF,37,27,24,"2,203",24.5,0,0,0,0,0,0,1,0,0.00,0.00,0.00,0.00,0.00,Matches,Major League Soccer,2025
1c59240b,Pep Biel,es ESP,"MF,FW",28,26,24,"2,006",22.3,10,11,21,10,0,0,4,0,0.45,0.49,0.94,0.45,0.94,Matches,Major League Soccer,2025
dd97f441,Idan Markovich,il ISR,FW,20,30,19,"1,810",20.1,11,3,14,10,1,1,4,0,0.55,0.15,0.70,0.50,0.65,Matches,Major League Soccer,2025
4fd77159,Andrew Privett,us USA,DF,24,23,19,"1,798",20.0,1,0,1,1,0,0,2,1,0.05,0.00,0.05,0.05,0.05,Matches,Major League Soccer,2025
b9459f85,Jahkeele Marshall-Rutty,ca CAN,DF,20,24,19,"1,797",20.0,0,2,2,0,0,0,3,0,0.00,0.10,0.10,0.00,0.10,Matches,Major League Soccer,2025
758de7b4,Kerwin Vargas,co COL,MF,23,34,19,"1,712",19.0,6,3,9,6,0,0,4,0,0.32,0.16,0.47,0.32,0.47,Matches,Major League Soccer,2025
c4041fbc,Nathan Byrne,eng ENG,DF,32,17,17,"1,527",17.0,0,0,0,0,0,0,3,0,0.00,0.00,0.00,0.00,0.00,Matches,Major League Soccer,2025
1339039e,Liel Abada,il ISR,"MF,FW",23,32,17,"1,481",16.5,5,1,6,5,0,0,1,0,0.30,0.06,0.36,0.30,0.36,Matches,Major League Soccer,2025
d987142b,Patrick Agyemang,us USA,FW,24,16,15,"1,224",13.6,6,1,7,5,1,1,3,0,0.44,0.07,0.51,0.37,0.44,Matches,Major League Soccer,2025
4d095331,Djibril Diani,fr FRA,MF,26,25,14,"1,152",12.8,0,0,0,0,0,0,1,0,0.00,0.00,0.00,0.00,0.00,Matches,Major League Soccer,2025
39523553,Nick Scardina,us USA,DF,23,15,8,800,8.9,0,1,1,0,0,0,1,0,0.00,0.11,0.11,0.00,0.11,Matches,Major League Soccer,2025
9daeac61,Souleyman Doumbia,ci CIV,DF,28,11,8,600,6.7,0,1,1,0,0,0,0,0,0.00,0.15,0.15,0.00,0.15,Matches,Major League Soccer,2025
bf547c54,Bill Tuiloma,nz NZL,DF,29,8,6,427,4.7,1,0,1,1,0,0,0,0,0.21,0.00,0.21,0.21,0.21,Matches,Major League Soccer,2025
e0364352,Eryk Williamson,us USA,MF,27,24,4,681,7.6,0,1,1,0,0,0,5,0,0.00,0.13,0.13,0.00,0.13,Matches,Major League Soccer,2025
7fd42a85,David Bingham,us USA,GK,35,2,2,180,2.0,0,0,0,0,0,0,0,0,0.00,0.00,0.00,0.00,0.00,Matches,Major League Soccer,2025
a105d46a,Harry Toffolo,eng ENG,DF,29,3,2,118,1.3,0,1,1,0,0,0,0,0,0.00,0.76,0.76,0.00,0.76,Matches,Major League Soccer,2025
6f546721,Nikola Petković,rs SRB,MF,21,4,1,99,1.1,0,1,1,0,0,0,0,0,0.00,0.91,0.91,0.00,0.91,Matches,Major League Soccer,2025
1e78e7c5,Tyger Smalls,,FW,22,14,0,157,1.7,0,0,0,0,0,0,0,0,0.00,0.00,0.00,0.00,0.00,Matches,Major League Soccer,2025
569362ab,Archie Goodwin,au AUS,FW,20,6,0,40,0.4,0,0,0,0,0,0,0,0,0.00,0.00,0.00,0.00,0.00,Matches,Major League Soccer,2025
7505f7f1,Iuri Tavares,cv CPV,MF,23,5,0,24,0.3,0,0,0,0,0,0,0,0,0.00,0.00,0.00,0.00,0.00,Matches,Major League Soccer,2025
2569bc7b,Baye Coulibaly,ml MLI,MF,19,2,0,10,0.1,0,0,0,0,0,0,0,0,0.00,0.00,0.00,0.00,0.00,Matches,Major League Soccer,2025
6a2dfa5e,Jack Neeley,us USA,DF,19,1,0,3,0.0,0,0,0,0,0,0,0,0,0.00,0.00,0.00,0.00,0.00,Matches,Major League Soccer,2025
a31a5f0c,Brandon Cambridge,us USA,MF,22,1,0,1,0.0,0,0,0,0,0,0,0,0,0.00,0.00,0.00,0.00,0.00,Matches,Major League Soccer,2025
bc307884,Ben Bender,us USA,MF,23,0,0,,,,,,,,,,,,,,,,Matches,Major League Soccer,2025
105d36b6,Jahlane Forbes,us USA,DF,22,0,0,,,,,,,,,,,,,,,,Matches,Major League Soccer,2025
fdc715d9,Kai Wagner,de GER,DF,27,32,30,"2,769",30.8,2,10,12,2,0,0,5,0,0.07,0.33,0.39,0.07,0.39,Matches,Major League Soccer,2025
ac65aef3,Jakob Glesnes,no NOR,DF,30,31,30,"2,624",29.2,1,1,2,1,0,0,10,0,0.03,0.03,0.07,0.03,0.07,Matches,Major League Soccer,2025
90268125,Jovan Lukić,rs SRB,MF,23,32,30,"2,617",29.1,2,2,4,2,0,0,9,1,0.07,0.07,0.14,0.07,0.14,Matches,Major League Soccer,2025
59fcbd6d,Danley Jean-Jacques,ht HAI,MF,24,31,26,"2,358",26.2,3,3,6,3,0,0,6,0,0.11,0.11,0.23,0.11,0.23,Matches,Major League Soccer,2025
92f62cfe,Quinn Sullivan,us USA,MF,20,28,24,"1,955",21.7,2,7,9,2,0,1,3,0,0.09,0.32,0.41,0.09,0.41,Matches,Major League Soccer,2025
1627e6b5,Olwethu Makhanya,za RSA,DF,20,29,23,"2,147",23.9,1,0,1,1,0,0,9,2,0.04,0.00,0.04,0.04,0.04,Matches,Major League Soccer,2025
b3edbeff,Nathan Harriel,us USA,DF,23,25,23,"2,099",23.3,2,0,2,2,0,0,7,0,0.09,0.00,0.09,0.09,0.09,Matches,Major League Soccer,2025
47546af8,Bruno Damiani,uy URU,FW,22,33,23,"2,030",22.6,7,1,8,6,1,2,6,0,0.31,0.04,0.35,0.27,0.31,Matches,Major League Soccer,2025
04e195ee,Indiana Vassilev,us USA,MF,23,31,21,"1,964",21.8,5,2,7,5,0,0,2,0,0.23,0.09,0.32,0.23,0.32,Matches,Major League Soccer,2025
b3b21a11,Andre Blake,jm JAM,GK,34,21,21,"1,827",20.3,0,0,0,0,0,0,0,0,0.00,0.00,0.00,0.00,0.00,Matches,Major League Soccer,2025
18a8e594,Tai Baribo,il ISR,FW,27,29,20,"1,867",20.7,16,2,18,15,1,1,7,0,0.77,0.10,0.87,0.72,0.82,Matches,Major League Soccer,2025
4cafc4bb,Francis Westfield,us USA,"DF,MF",19,25,18,"1,728",19.2,1,3,4,1,0,0,5,1,0.05,0.16,0.21,0.05,0.21,Matches,Major League Soccer,2025
be84c466,Mikael Uhre,dk DEN,FW,30,29,16,"1,325",14.7,6,6,12,6,0,0,3,0,0.41,0.41,0.82,0.41,0.82,Matches,Major League Soccer,2025
125b66d4,Andrew Rick,us USA,GK,19,14,13,"1,233",13.7,0,0,0,0,0,0,1,0,0.00,0.00,0.00,0.00,0.00,Matches,Major League Soccer,2025
b5687b08,Jesús Daniel Bueno,ve VEN,MF,25,20,11,906,10.1,1,0,1,1,0,0,3,0,0.10,0.00,0.10,0.10,0.10,Matches,Major League Soccer,2025
9a6f8dfd,Alejandro Bedoya,us USA,"MF,DF",37,24,9,749,8.3,1,1,2,1,0,0,4,0,0.12,0.12,0.24,0.12,0.24,Matches,Major League Soccer,2025
4f87c75f,Milan Iloski,us USA,"MF,FW",25,9,7,595,6.6,2,4,6,2,0,0,1,0,0.30,0.61,0.91,0.30,0.91,Matches,Major League Soccer,2025
8f995d10,Christopher Donovan,us USA,"FW,MF",24,20,6,545,6.1,0,0,0,0,0,0,0,0,0.00,0.00,0.00,0.00,0.00,Matches,Major League Soccer,2025
527d0e31,Dániel Gazdag,hu HUN,"MF,FW",28,6,6,494,5.5,2,2,4,2,0,0,1,0,0.36,0.36,0.73,0.36,0.73,Matches,Major League Soccer,2025
f6315619,Olivier Mbaizo,cm CMR,DF,27,9,6,483,5.4,0,0,0,0,0,0,2,0,0.00,0.00,0.00,0.00,0.00,Matches,Major League Soccer,2025
bc307884,Ben Bender,us USA,MF,23,7,4,321,3.6,0,0,0,0,0,0,3,0,0.00,0.00,0.00,0.00,0.00,Matches,Major League Soccer,2025
7298c545,Ian Glavinovich,ar ARG,DF,23,4,3,257,2.9,1,0,1,1,0,0,1,0,0.35,0.00,0.35,0.35,0.35,Matches,Major League Soccer,2025
ca9ccbf2,Jeremy Rafanello,us USA,MF,24,15,2,287,3.2,0,0,0,0,0,0,0,0,0.00,0.00,0.00,0.00,0.00,Matches,Major League Soccer,2025
0ddabe9e,Cavan Sullivan,us USA,MF,15,11,1,221,2.5,0,0,0,0,0,0,1,0,0.00,0.00,0.00,0.00,0.00,Matches,Major League Soccer,2025
c76e16c1,Markus Anderson,us USA,FW,21,3,1,100,1.1,1,0,1,1,0,0,0,0,0.90,0.00,0.90,0.90,0.90,Matches,Major League Soccer,2025
9a7ef5ae,Salvador Olivas,us USA,FW,18,3,0,47,0.5,0,0,0,0,0,0,1,0,0.00,0.00,0.00,0.00,0.00,Matches,Major League Soccer,2025
b229cdc3,Neil Pierre,us USA,DF,17,1,0,21,0.2,0,0,0,0,0,0,0,0,0.00,0.00,0.00,0.00,0.00,Matches,Major League Soccer,2025
60419133,David Vazquez,us USA,FW,18,1,0,20,0.2,0,0,0,0,0,0,0,0,0.00,0.00,0.00,0.00,0.00,Matches,Major League Soccer,2025
cd18ff76,Edward Davis,us USA,MF,18,1,0,3,0.0,0,0,0,0,0,0,0,0,0.00,0.00,0.00,0.00,0.00,Matches,Major League Soccer,2025
7215d294,Pierce Holbrook,us USA,GK,21,0,0,,,,,,,,,,,,,,,,Matches,Major League Soccer,2025
1c3655bc,Stas Korzeniowski,us USA,FW,22,0,0,,,,,,,,,,,,,,,,Matches,Major League Soccer,2025
fc604b1f,Isaiah LeFlore,us USA,MF,22,0,0,,,,,,,,,,,,,,,,Matches,Major League Soccer,2025
e75f9dba,George Marks,us USA,GK,25,0,0,,,,,,,,,,,,,,,,Matches,Major League Soccer,2025
aeab5ed2,Christopher Olney,us USA,MF,18,0,0,,,,,,,,,,,,,,,,Matches,Major League Soccer,2025
231073fa,Nick Pariano,us USA,MF,21,0,0,,,,,,,,,,,,,,,,Matches,Major League Soccer,2025
19a94252,Nelson Pierre,ht HAI,FW,19,0,0,,,,,,,,,,,,,,,,Matches,Major League Soccer,2025
2ead66a4,Oliver Semmle,de GER,GK,26,0,0,,,,,,,,,,,,,,,,Matches,Major League Soccer,2025
c164335e,Sean Johnson,us USA,GK,35,31,31,"2,790",31.0,0,0,0,0,0,0,1,0,0.00,0.00,0.00,0.00,0.00,Matches,Major League Soccer,2025
5777eca0,Sigurd Rosted,no NOR,DF,30,31,27,"2,532",28.1,1,1,2,1,0,0,2,0,0.04,0.04,0.07,0.04,0.07,Matches,Major League Soccer,2025
25b82f9a,Theo Corbeanu,ca CAN,"MF,FW",22,32,26,"2,300",25.6,6,2,8,5,1,1,2,0,0.23,0.08,0.31,0.20,0.27,Matches,Major League Soccer,2025
00eb5be4,Alonso Coello,es ESP,MF,25,31,24,"2,168",24.1,1,0,1,1,0,0,4,1,0.04,0.00,0.04,0.04,0.04,Matches,Major League Soccer,2025
517bef8b,Kosi Thompson,ca CAN,DF,22,28,23,"2,119",23.5,0,0,0,0,0,0,8,0,0.00,0.00,0.00,0.00,0.00,Matches,Major League Soccer,2025
5a4280b1,Kevin Long,ie IRL,DF,34,24,23,"1,887",21.0,0,0,0,0,0,0,6,0,0.00,0.00,0.00,0.00,0.00,Matches,Major League Soccer,2025
90f3beec,Raoul Petretta,it ITA,DF,27,25,22,"1,843",20.5,0,0,0,0,0,0,6,0,0.00,0.00,0.00,0.00,0.00,Matches,Major League Soccer,2025
70106ff6,Jonathan Osorio,ca CAN,MF,32,24,21,"1,920",21.3,4,1,5,4,0,0,1,0,0.19,0.05,0.23,0.19,0.23,Matches,Major League Soccer,2025
ffe5ecdb,Ola Brynhildsen,no NOR,FW,25,21,18,"1,335",14.8,2,1,3,2,0,0,0,0,0.13,0.07,0.20,0.13,0.20,Matches,Major League Soccer,2025
45cc6e15,Deybi Flores,hn HON,MF,28,19,16,"1,360",15.1,2,2,4,2,0,0,5,0,0.13,0.13,0.26,0.13,0.26,Matches,Major League Soccer,2025
1fe2c2e0,Maxime Dominguez,ch SUI,MF,28,24,15,"1,415",15.7,0,1,1,0,0,0,5,0,0.00,0.06,0.06,0.00,0.06,Matches,Major League Soccer,2025
ee93c1a9,Federico Bernardeschi,it ITA,"MF,FW",30,15,15,"1,298",14.4,4,3,7,3,1,1,5,0,0.28,0.21,0.49,0.21,0.42,Matches,Major League Soccer,2025
276fdbe4,Richie Laryea,ca CAN,"DF,MF",30,17,14,"1,251",13.9,1,1,2,1,0,0,4,0,0.07,0.07,0.14,0.07,0.14,Matches,Major League Soccer,2025
c0027d2d,Matthew Longstaff,eng ENG,MF,24,17,11,906,10.1,0,1,1,0,0,0,3,0,0.00,0.10,0.10,0.00,0.10,Matches,Major League Soccer,2025
59059f1e,Derrick Etienne,ht HAI,"MF,FW",28,25,10,987,11.0,0,2,2,0,0,0,2,0,0.00,0.18,0.18,0.00,0.18,Matches,Major League Soccer,2025
83cf9719,Djordje Mihailovic,us USA,"MF,FW",26,10,10,886,9.8,4,2,6,4,0,1,2,0,0.41,0.20,0.61,0.41,0.61,Matches,Major League Soccer,2025
2f557579,Lorenzo Insigne,it ITA,"MF,FW",33,12,10,861,9.6,1,2,3,1,0,0,1,0,0.10,0.21,0.31,0.10,0.31,Matches,Major League Soccer,2025
a3e85f7b,Deandre Kerr,ca CAN,FW,22,20,8,879,9.8,4,0,4,4,0,0,1,0,0.41,0.00,0.41,0.41,0.41,Matches,Major League Soccer,2025
407325c4,Kobe Franklin,ca CAN,DF,21,15,8,785,8.7,0,0,0,0,0,0,2,0,0.00,0.00,0.00,0.00,0.00,Matches,Major League Soccer,2025
685576cf,Tyrese Spicer,tt TRI,"MF,FW",24,21,7,867,9.6,2,0,2,2,0,0,1,0,0.21,0.00,0.21,0.21,0.21,Matches,Major League Soccer,2025
7745640e,Zane Monlouis,eng ENG,DF,21,10,6,514,5.7,0,0,0,0,0,0,0,0,0.00,0.00,0.00,0.00,0.00,Matches,Major League Soccer,2025
8c8c07a7,José Cifuentes,ec ECU,MF,25,7,6,487,5.4,0,1,1,0,0,0,0,0,0.00,0.18,0.18,0.00,0.18,Matches,Major League Soccer,2025
3c2d167e,Nicksoen Gomis,fr FRA,DF,22,6,6,479,5.3,0,0,0,0,0,0,0,0,0.00,0.00,0.00,0.00,0.00,Matches,Major League Soccer,2025
0362c29e,Henry Wingo,us USA,"DF,MF",29,6,5,278,3.1,0,0,0,0,0,0,0,0,0.00,0.00,0.00,0.00,0.00,Matches,Major League Soccer,2025
681fad6a,Lazar Stefanovic,ca CAN,DF,18,14,4,576,6.4,0,0,0,0,0,0,0,0,0.00,0.00,0.00,0.00,0.00,Matches,Major League Soccer,2025
76c220e0,Luka Gavran,ca CAN,GK,24,3,3,270,3.0,0,0,0,0,0,0,0,0,0.00,0.00,0.00,0.00,0.00,Matches,Major League Soccer,2025
b781b6bf,Markus Cimermancic,ca CAN,MF,20,9,3,258,2.9,0,0,0,0,0,0,0,0,0.00,0.00,0.00,0.00,0.00,Matches,Major League Soccer,2025
6ef6e9ce,Jules-Anthony Vilsaint,ca CAN,FW,22,7,1,179,2.0,1,0,1,1,0,0,1,0,0.50,0.00,0.50,0.50,0.50,Matches,Major League Soccer,2025
662cccf1,Charles Sharp,us USA,FW,23,6,1,106,1.2,0,1,1,0,0,0,1,0,0.00,0.85,0.85,0.00,0.85,Matches,Major League Soccer,2025
c047f6aa,Malik Henry,ca CAN,MF,22,9,0,118,1.3,0,1,1,0,0,0,2,0,0.00,0.76,0.76,0.00,0.76,Matches,Major League Soccer,2025
73d2381c,Michael Sullivan,us USA,MF,21,1,0,5,0.1,0,0,0,0,0,0,0,0,0.00,0.00,0.00,0.00,0.00,Matches,Major League Soccer,2025
1e72f1ad,Adisa De Rosario,ca CAN,GK,20,0,0,,,,,,,,,,,,,,,,Matches,Major League Soccer,2025
047df27d,Nathaniel Edwards,ca CAN,DF,22,0,0,,,,,,,,,,,,,,,,Matches,Major League Soccer,2025
88ec2682,Reid Fisher,us USA,MF,20,0,0,,,,,,,,,,,,,,,,Matches,Major League Soccer,2025
dbde4959,Dylan Chambost,fr FRA,MF,27,34,30,"2,627",29.2,1,5,6,1,0,0,4,0,0.03,0.17,0.21,0.03,0.21,Matches,Major League Soccer,2025
6219c704,Darlington Nagbe,us USA,MF,34,30,30,"2,595",28.8,0,0,0,0,0,0,1,0,0.00,0.00,0.00,0.00,0.00,Matches,Major League Soccer,2025
668f881e,Max Arfsten,us USA,"MF,DF",23,29,29,"2,562",28.5,4,5,9,4,0,0,4,0,0.14,0.18,0.32,0.14,0.32,Matches,Major League Soccer,2025
a81dba8c,Diego Rossi,uy URU,"FW,MF",26,29,29,"2,496",27.7,16,3,19,13,3,3,3,0,0.58,0.11,0.69,0.47,0.58,Matches,Major League Soccer,2025
f10983ae,Steven Moreira,cv CPV,DF,30,30,29,"2,457",27.3,1,2,3,1,0,0,4,0,0.04,0.07,0.11,0.04,0.11,Matches,Major League Soccer,2025
380ee265,Sean Zawadzki,us USA,"DF,MF",24,27,27,"2,430",27.0,2,0,2,2,0,0,5,0,0.07,0.00,0.07,0.07,0.07,Matches,Major League Soccer,2025
02fbc447,Yevhen Cheberko,ua UKR,DF,27,30,25,"2,315",25.7,0,0,0,0,0,0,2,0,0.00,0.00,0.00,0.00,0.00,Matches,Major League Soccer,2025
b8f47d7c,Patrick Schulte,us USA,GK,23,25,25,"2,250",25.0,0,0,0,0,0,0,3,0,0.00,0.00,0.00,0.00,0.00,Matches,Major League Soccer,2025
527d0e31,Dániel Gazdag,hu HUN,"MF,FW",28,26,23,"2,060",22.9,4,3,7,2,2,2,5,0,0.17,0.13,0.31,0.09,0.22,Matches,Major League Soccer,2025
83b6e15d,Malte Amundsen,dk DEN,DF,26,24,21,"1,780",19.8,1,2,3,1,0,0,3,1,0.05,0.10,0.15,0.05,0.15,Matches,Major League Soccer,2025
b33c6ed5,Jacen Russell-Rowe,ca CAN,FW,22,31,19,"1,726",19.2,7,1,8,7,0,0,3,0,0.37,0.05,0.42,0.37,0.42,Matches,Major League Soccer,2025
81039302,Mohamed Farsi,dz ALG,MF,25,18,16,"1,481",16.5,1,3,4,1,0,0,2,0,0.06,0.18,0.24,0.06,0.24,Matches,Major League Soccer,2025
460cfb5b,Marcelo Herrera,ar ARG,"MF,DF",26,20,15,"1,369",15.2,4,2,6,4,0,0,1,0,0.26,0.13,0.39,0.26,0.39,Matches,Major League Soccer,2025
363399b2,Aliyu Ibrahim,ng NGA,"MF,FW",23,23,12,"1,204",13.4,3,2,5,3,0,0,2,0,0.22,0.15,0.37,0.22,0.37,Matches,Major League Soccer,2025
9862259f,Aziel Jackson,us USA,"MF,FW",23,18,7,733,8.1,2,1,3,2,0,0,0,0,0.25,0.12,0.37,0.25,0.37,Matches,Major League Soccer,2025
69a57596,Evan Bush,us USA,GK,38,6,6,540,6.0,0,0,0,0,0,0,1,0,0.00,0.00,0.00,0.00,0.00,Matches,Major League Soccer,2025
edc3b063,Taha Habroune,us USA,"MF,FW",18,18,5,569,6.3,1,1,2,1,0,0,2,0,0.16,0.16,0.32,0.16,0.32,Matches,Major League Soccer,2025
6d353bf4,Hugo Picard,fr FRA,"MF,FW",21,8,5,504,5.6,0,0,0,0,0,0,1,0,0.00,0.00,0.00,0.00,0.00,Matches,Major League Soccer,2025
bcb2282d,Lassi Lappalainen,fi FIN,"MF,FW",26,17,5,398,4.4,1,4,5,1,0,0,0,0,0.23,0.90,1.13,0.23,1.13,Matches,Major League Soccer,2025
43ca2019,Amar Sejdic,us USA,MF,28,14,4,340,3.8,0,0,0,0,0,0,0,0,0.00,0.00,0.00,0.00,0.00,Matches,Major League Soccer,2025
a06467dc,Wessam Abou Ali,ps PLE,FW,26,5,4,303,3.4,3,0,3,3,0,0,0,0,0.89,0.00,0.89,0.89,0.89,Matches,Major League Soccer,2025
4202ac27,Nicholas Hagen,gt GUA,GK,28,3,3,270,3.0,0,0,0,0,0,0,0,0,0.00,0.00,0.00,0.00,0.00,Matches,Major League Soccer,2025
10d1139c,DeJuan Jones,us USA,MF,27,5,3,245,2.7,0,1,1,0,0,0,0,0,0.00,0.37,0.37,0.00,0.37,Matches,Major League Soccer,2025
3ad1adbb,Cesar Ruvalcaba,us USA,DF,23,14,2,302,3.4,1,0,1,1,0,0,1,0,0.30,0.00,0.30,0.30,0.30,Matches,Major League Soccer,2025
9d16dfbf,Tristan Brown,us USA,DF,17,6,0,41,0.5,0,0,0,0,0,0,0,0,0.00,0.00,0.00,0.00,0.00,Matches,Major League Soccer,2025
ed42a43f,Cole Mrowka,us USA,MF,18,2,0,28,0.3,0,0,0,0,0,0,0,0,0.00,0.00,0.00,0.00,0.00,Matches,Major League Soccer,2025
93c92d6c,Derrick Jones,us USA,MF,27,3,0,5,0.1,0,0,0,0,0,0,0,0,0.00,0.00,0.00,0.00,0.00,Matches,Major League Soccer,2025
f63e3ee3,Chase Adams,us USA,MF,16,0,0,,,,,,,,,,,,,,,,Matches,Major League Soccer,2025
6ad16d47,Rudy Camacho,fr FRA,DF,33,0,0,,,,,,,,,,,,,,,,Matches,Major League Soccer,2025
e8572636,Owen Presthus,us USA,DF,18,0,0,,,,,,,,,,,,,,,,Matches,Major League Soccer,2025
0e791190,Luke Pruter,us USA,GK,23,0,0,,,,,,,,,,,,,,,,Matches,Major League Soccer,2025
add014ad,Abraham Romero,mx MEX,GK,26,0,0,,,,,,,,,,,,,,,,Matches,Major League Soccer,2025
2372d475,Stanisłaŭ Łapkies,by BLR,GK,18,0,0,,,,,,,,,,,,,,,,Matches,Major League Soccer,2025
52be0b7d,Yohei Takaoka,jp JPN,GK,28,34,34,"3,060",34.0,0,0,0,0,0,0,0,0,0.00,0.00,0.00,0.00,0.00,Matches,Major League Soccer,2025
a2484ef5,Édier Ocampo,co COL,DF,21,30,26,"2,173",24.1,2,0,2,2,0,0,10,1,0.08,0.00,0.08,0.08,0.08,Matches,Major League Soccer,2025
f33ee427,Sebastian Berhalter,us USA,MF,23,29,25,"2,295",25.5,4,10,14,4,0,0,6,0,0.16,0.39,0.55,0.16,0.55,Matches,Major League Soccer,2025
37295115,Mathías Laborda,uy URU,DF,25,28,25,"2,181",24.2,5,1,6,5,0,0,5,1,0.21,0.04,0.25,0.21,0.25,Matches,Major League Soccer,2025
9b40a6ea,Andrés Cubas,py PAR,MF,28,26,25,"1,980",22.0,0,0,0,0,0,0,9,0,0.00,0.00,0.00,0.00,0.00,Matches,Major League Soccer,2025
7f35d14e,Tristan Blackmon,us USA,DF,28,25,23,"2,070",23.0,2,1,3,2,0,0,4,0,0.09,0.04,0.13,0.09,0.13,Matches,Major League Soccer,2025
2e1b7c83,Emmanuel Sabbi,us USA,"MF,FW",27,28,23,"1,793",19.9,7,3,10,7,0,0,4,0,0.35,0.15,0.50,0.35,0.50,Matches,Major League Soccer,2025
eb8e36b9,Tate Johnson,us USA,DF,19,29,20,"1,977",22.0,1,1,2,1,0,0,4,0,0.05,0.05,0.09,0.05,0.09,Matches,Major League Soccer,2025
366609b6,Ranko Veselinović,rs SRB,DF,25,21,20,"1,755",19.5,0,0,0,0,0,0,1,0,0.00,0.00,0.00,0.00,0.00,Matches,Major League Soccer,2025
54c948de,Brian White,us USA,FW,28,21,18,"1,671",18.6,16,1,17,13,3,4,3,0,0.86,0.05,0.92,0.70,0.75,Matches,Major League Soccer,2025
078b2c07,Daniel Armando Ríos,mx MEX,FW,29,31,16,"1,416",15.7,3,2,5,3,0,2,3,0,0.19,0.13,0.32,0.19,0.32,Matches,Major League Soccer,2025
9c146b36,Pedro Vite,ec ECU,"MF,FW",22,19,16,"1,395",15.5,4,2,6,4,0,0,1,0,0.26,0.13,0.39,0.26,0.39,Matches,Major League Soccer,2025
92305a81,Jayden Nelson,ca CAN,"FW,MF",22,23,16,"1,321",14.7,2,5,7,2,0,0,4,1,0.14,0.34,0.48,0.14,0.48,Matches,Major League Soccer,2025
acb3e899,Ralph Priso-Mbongue,ca CAN,"MF,DF",22,28,14,"1,388",15.4,0,2,2,0,0,0,5,0,0.00,0.13,0.13,0.00,0.13,Matches,Major League Soccer,2025
a898dc13,Jean-Claude Ngando,cm CMR,MF,25,25,13,"1,256",14.0,2,3,5,2,0,0,1,0,0.14,0.21,0.36,0.14,0.36,Matches,Major League Soccer,2025
540a5be1,Ali Ahmed,ca CAN,"MF,FW",24,22,12,"1,288",14.3,0,8,8,0,0,0,2,0,0.00,0.56,0.56,0.00,0.56,Matches,Major League Soccer,2025
5e388ecf,Bjørn Inge Utvik,no NOR,DF,28,16,12,"1,029",11.4,0,0,0,0,0,0,1,0,0.00,0.00,0.00,0.00,0.00,Matches,Major League Soccer,2025
4b22382f,Jeevan Badwal,ca CAN,MF,18,25,9,896,10.0,1,2,3,1,0,0,1,0,0.10,0.20,0.30,0.10,0.30,Matches,Major League Soccer,2025
57cefb87,Belal Halbouni,sy SYR,DF,25,13,7,732,8.1,0,0,0,0,0,0,4,0,0.00,0.00,0.00,0.00,0.00,Matches,Major League Soccer,2025
3c6089ab,Thomas Müller,de GER,MF,35,7,6,541,6.0,7,3,10,3,4,4,1,0,1.16,0.50,1.66,0.50,1.00,Matches,Major League Soccer,2025
7f2309be,Sam Adekugbe,ca CAN,DF,30,7,4,291,3.2,2,0,2,2,0,0,0,0,0.62,0.00,0.62,0.62,0.62,Matches,Major League Soccer,2025
862e93c2,Ryan Gauld,sct SCO,FW,29,6,3,245,2.7,1,1,2,1,0,0,1,0,0.37,0.37,0.73,0.37,0.73,Matches,Major League Soccer,2025
51029ad2,Giuseppe Bovalina,au AUS,DF,20,7,2,205,2.3,0,2,2,0,0,0,0,0,0.00,0.88,0.88,0.00,0.88,Matches,Major League Soccer,2025
7cd21bce,Rayan Elloumi,tn TUN,FW,17,7,2,203,2.3,2,0,2,2,0,0,0,0,0.89,0.00,0.89,0.89,0.89,Matches,Major League Soccer,2025
eb442b0c,Kenji Cabrera,pe PER,MF,22,6,2,180,2.0,1,0,1,1,0,0,0,0,0.50,0.00,0.50,0.50,0.50,Matches,Major League Soccer,2025
4b3681f1,Liam MacKenzie,ca CAN,FW,17,1,1,64,0.7,0,0,0,0,0,0,0,0,0.00,0.00,0.00,0.00,0.00,Matches,Major League Soccer,2025
19a94252,Nelson Pierre,ht HAI,FW,19,3,0,35,0.4,1,0,1,1,0,0,0,0,2.57,0.00,2.57,2.57,2.57,Matches,Major League Soccer,2025
2f4c60bd,Johnny Selemani,ca CAN,FW,16,1,0,27,0.3,0,0,0,0,0,0,0,0,0.00,0.00,0.00,0.00,0.00,Matches,Major League Soccer,2025
068be155,Damir Kreilach,hr CRO,"FW,MF",35,4,0,23,0.3,1,0,1,0,1,1,0,0,3.91,0.00,3.91,0.00,0.00,Matches,Major League Soccer,2025
059a32d5,Antoine Coupland,ca CAN,MF,21,2,0,16,0.2,1,0,1,1,0,0,0,0,5.63,0.00,5.63,5.63,5.63,Matches,Major League Soccer,2025
2137636d,Nicolas Fleuriau,ca CAN,FW,22,2,0,8,0.1,0,0,0,0,0,0,0,0,0.00,0.00,0.00,0.00,0.00,Matches,Major League Soccer,2025
de5f6ea2,Jackson Castro,us USA,MF,22,1,0,1,0.0,0,0,0,0,0,0,0,0,0.00,0.00,0.00,0.00,0.00,Matches,Major League Soccer,2025
d6aa8848,Max Anchor,ca CAN,GK,20,0,0,,,,,,,,,,,,,,,,Matches,Major League Soccer,2025
9792574e,Isaac Boehmer,us USA,GK,23,0,0,,,,,,,,,,,,,,,,Matches,Major League Soccer,2025
052dcd03,Nikola Djordjevic,us USA,DF,22,0,0,,,,,,,,,,,,,,,,Matches,Major League Soccer,2025
60f7c0c1,Mark O'Neill,us USA,DF,22,0,0,,,,,,,,,,,,,,,,Matches,Major League Soccer,2025
0014c269,Adrián Pelayo,us USA,DF,18,0,0,,,,,,,,,,,,,,,,Matches,Major League Soccer,2025
5b57b3c7,Joedrick Pupe,be BEL,DF,27,0,0,,,,,,,,,,,,,,,,Matches,Major League Soccer,2025
7232d6aa,Daniel Russo,us USA,DF,22,0,0,,,,,,,,,,,,,,,,Matches,Major League Soccer,2025
efd623db,Sebastian Schonlau,de GER,"DF,MF",30,0,0,,,,,,,,,,,,,,,,Matches,Major League Soccer,2025
d52cd2a0,Adrian Zendejas,mx MEX,GK,29,0,0,,,,,,,,,,,,,,,,Matches,Major League Soccer,2025
5ab0ea87,Sergio Busquets,es ESP,MF,36,33,32,"2,867",31.9,0,8,8,0,0,0,5,0,0.00,0.25,0.25,0.00,0.25,Matches,Major League Soccer,2025
4601e194,Jordi Alba,es ESP,"DF,MF",35,30,29,"2,563",28.5,6,11,17,6,0,0,6,0,0.21,0.39,0.60,0.21,0.60,Matches,Major League Soccer,2025
a6154613,Luis Suárez,uy URU,FW,38,28,27,"2,284",25.4,10,10,20,9,1,1,6,0,0.39,0.39,0.79,0.35,0.75,Matches,Major League Soccer,2025
d70ce98e,Lionel Messi,ar ARG,"FW,MF",37,28,26,"2,421",26.9,29,16,45,28,1,2,2,0,1.08,0.59,1.67,1.04,1.64,Matches,Major League Soccer,2025
75a66bed,Tadeo Allende,ar ARG,"MF,FW",25,31,26,"2,154",23.9,11,1,12,11,0,0,1,0,0.46,0.04,0.50,0.46,0.50,Matches,Major League Soccer,2025
40e417fa,Óscar Ustari,ar ARG,GK,38,25,25,"2,082",23.1,0,0,0,0,0,0,0,1,0.00,0.00,0.00,0.00,0.00,Matches,Major League Soccer,2025
8470a4c2,Maximiliano Falcón,uy URU,DF,27,24,21,"1,872",20.8,1,0,1,1,0,0,8,0,0.05,0.00,0.05,0.05,0.05,Matches,Major League Soccer,2025
209aad11,Gonzalo Luján,ar ARG,DF,23,26,21,"1,748",19.4,0,1,1,0,0,0,3,0,0.00,0.05,0.05,0.00,0.05,Matches,Major League Soccer,2025
043f389a,Noah Allen,gr GRE,DF,20,26,20,"1,898",21.1,0,1,1,0,0,0,4,0,0.00,0.05,0.05,0.00,0.05,Matches,Major League Soccer,2025
9142b22f,Telasco Segovia,ve VEN,"MF,FW",21,31,19,"1,617",18.0,8,4,12,8,0,0,6,0,0.45,0.22,0.67,0.45,0.67,Matches,Major League Soccer,2025
ac106741,Marcelo Weigandt,ar ARG,DF,25,24,18,"1,537",17.1,1,2,3,1,0,0,4,0,0.06,0.12,0.18,0.06,0.18,Matches,Major League Soccer,2025
03a446a2,Ben Cremaschi,us USA,"MF,FW",19,22,16,"1,388",15.4,1,2,3,1,0,0,6,0,0.06,0.13,0.19,0.06,0.19,Matches,Major League Soccer,2025
83b115d4,Yannick Bright,it ITA,MF,23,27,16,"1,352",15.0,1,0,1,1,0,0,5,0,0.07,0.00,0.07,0.07,0.07,Matches,Major League Soccer,2025
f51b9ae1,Tomás Avilés,ar ARG,DF,20,25,15,"1,195",13.3,2,0,2,2,0,0,5,2,0.15,0.00,0.15,0.15,0.15,Matches,Major League Soccer,2025
f09cbe39,Ian Fray,jm JAM,DF,22,21,13,"1,231",13.7,1,2,3,1,0,0,3,1,0.07,0.15,0.22,0.07,0.22,Matches,Major League Soccer,2025
162efffd,Rodrigo De Paul,ar ARG,MF,30,11,9,890,9.9,0,3,3,0,0,0,2,0,0.00,0.30,0.30,0.00,0.30,Matches,Major League Soccer,2025
b7b9c8ce,Federico Redondo,ar ARG,MF,22,20,8,882,9.8,0,1,1,0,0,0,5,0,0.00,0.10,0.10,0.00,0.10,Matches,Major League Soccer,2025
f59bd2d3,Rocco Ríos Novo,ar ARG,GK,22,10,7,790,8.8,0,0,0,0,0,0,0,0,0.00,0.00,0.00,0.00,0.00,Matches,Major League Soccer,2025
dbaa10c0,Fafà Picault,ht HAI,"MF,FW",33,20,7,760,8.4,4,0,4,4,0,0,0,0,0.47,0.00,0.47,0.47,0.47,Matches,Major League Soccer,2025
3ae8029b,Baltasar Rodríguez,ar ARG,MF,21,14,6,614,6.8,3,3,6,3,0,0,3,0,0.44,0.44,0.88,0.44,0.88,Matches,Major League Soccer,2025
03d0ea9a,Héctor David Martínez,py PAR,DF,27,9,3,382,4.2,1,0,1,1,0,0,3,0,0.24,0.00,0.24,0.24,0.24,Matches,Major League Soccer,2025
1fc0973f,Robert Taylor,fi FIN,MF,30,4,2,198,2.2,1,0,1,1,0,0,0,0,0.45,0.00,0.45,0.45,0.45,Matches,Major League Soccer,2025
c4d9567d,Drake Callender,us USA,GK,27,3,2,185,2.1,0,0,0,0,0,0,0,0,0.00,0.00,0.00,0.00,0.00,Matches,Major League Soccer,2025
14cbe9d4,David Ruíz,hn HON,MF,20,4,2,129,1.4,0,0,0,0,0,0,0,0,0.00,0.00,0.00,0.00,0.00,Matches,Major League Soccer,2025
7496c944,Allen Obando,ec ECU,FW,18,6,1,157,1.7,1,0,1,1,0,0,0,0,0.57,0.00,0.57,0.57,0.57,Matches,Major League Soccer,2025
12a2d3e0,Mateo Silvetti,ar ARG,"FW,MF",19,3,1,97,1.1,0,0,0,0,0,1,2,0,0.00,0.00,0.00,0.00,0.00,Matches,Major League Soccer,2025
4924d9bb,Ryan Sailor,us USA,DF,26,5,1,95,1.1,0,0,0,0,0,0,0,0,0.00,0.00,0.00,0.00,0.00,Matches,Major League Soccer,2025
06e75d19,Leonardo Afonso,br BRA,MF,23,3,1,87,1.0,0,0,0,0,0,0,1,0,0.00,0.00,0.00,0.00,0.00,Matches,Major League Soccer,2025
5a50abf2,Santi Morales,us USA,MF,17,4,0,30,0.3,0,0,0,0,0,0,0,0,0.00,0.00,0.00,0.00,0.00,Matches,Major League Soccer,2025
93e4e1de,Dániel Pintér,us USA,FW,17,1,0,21,0.2,0,0,0,0,0,0,0,0,0.00,0.00,0.00,0.00,0.00,Matches,Major League Soccer,2025
629aac47,Ezequiel Abadia-Reda,us USA,DF,18,0,0,,,,,,,,,,,,,,,,Matches,Major League Soccer,2025
30a9e2e3,Samuel Basabe,us USA,DF,19,0,0,,,,,,,,,,,,,,,,Matches,Major League Soccer,2025
acd47bc0,Julian Gressel,us USA,"DF,MF",31,0,0,,,,,,,,,,,,,,,,Matches,Major League Soccer,2025
36f876d9,Tyler Hall,us USA,DF,18,0,0,,,,,,,,,,,,,,,,Matches,Major League Soccer,2025
896d2ff1,Ricardo Montenegro,us USA,DF,20,0,0,,,,,,,,,,,,,,,,Matches,Major League Soccer,2025
ec646e88,William Yarbrough,us USA,GK,35,0,0,,,,,,,,,,,,,,,,Matches,Major League Soccer,2025
8f62b6ee,Hugo Lloris,fr FRA,GK,38,32,32,"2,835",31.5,0,0,0,0,0,0,1,0,0.00,0.00,0.00,0.00,0.00,Matches,Major League Soccer,2025
19f8e480,Sergi Palencia,es ESP,"DF,MF",28,33,32,"2,809",31.2,1,2,3,1,0,0,5,0,0.03,0.06,0.10,0.03,0.10,Matches,Major League Soccer,2025
7f6a25b7,Marky Delgado,us USA,MF,29,34,30,"2,570",28.6,3,3,6,3,0,0,4,0,0.11,0.11,0.21,0.11,0.21,Matches,Major League Soccer,2025
0b0cbe5b,Denis Bouanga,ga GAB,FW,30,31,29,"2,654",29.5,24,7,31,17,7,8,3,0,0.81,0.24,1.05,0.58,0.81,Matches,Major League Soccer,2025
c70e3fe0,Eddie Segura,co COL,DF,27,31,28,"2,490",27.7,1,2,3,1,0,0,8,1,0.04,0.07,0.11,0.04,0.11,Matches,Major League Soccer,2025
a5bea1fb,Timothy Tillman,us USA,MF,26,30,28,"2,413",26.8,0,2,2,0,0,0,7,0,0.00,0.07,0.07,0.00,0.07,Matches,Major League Soccer,2025
28b58797,Ryan Hollingshead,us USA,"DF,MF",33,31,22,"2,109",23.4,2,3,5,2,0,0,5,0,0.09,0.13,0.21,0.09,0.21,Matches,Major League Soccer,2025
fb19d550,Igor,br BRA,MF,21,24,22,"1,855",20.6,0,1,1,0,0,0,4,1,0.00,0.05,0.05,0.00,0.05,Matches,Major League Soccer,2025
4a07ae31,Nkosi Tafari,us USA,DF,27,25,20,"1,833",20.4,0,0,0,0,0,0,5,0,0.00,0.00,0.00,0.00,0.00,Matches,Major League Soccer,2025
a9094a3d,Nathan Ordaz,sv SLV,FW,21,26,15,"1,313",14.6,5,3,8,5,0,0,1,0,0.34,0.21,0.55,0.34,0.55,Matches,Major League Soccer,2025
46b89640,Aaron Long,us USA,DF,32,15,15,"1,271",14.1,1,0,1,1,0,0,0,0,0.07,0.00,0.07,0.07,0.07,Matches,Major League Soccer,2025
52fe0ad4,David Martínez,ve VEN,FW,18,29,13,"1,171",13.0,3,5,8,3,0,1,4,0,0.23,0.38,0.61,0.23,0.61,Matches,Major League Soccer,2025
a7590f18,Artem Smoliakov,ua UKR,"DF,MF",21,26,13,"1,124",12.5,1,3,4,1,0,0,1,0,0.08,0.24,0.32,0.08,0.32,Matches,Major League Soccer,2025
5fa7b2ec,Jeremy Ebobisse,us USA,FW,27,22,9,876,9.7,4,1,5,4,0,0,0,0,0.41,0.10,0.51,0.41,0.51,Matches,Major League Soccer,2025
514725a0,Ryan Porteous,sct SCO,DF,25,10,9,822,9.1,0,0,0,0,0,0,2,0,0.00,0.00,0.00,0.00,0.00,Matches,Major League Soccer,2025
92e7e919,Son Heung-min,kr KOR,FW,32,10,9,803,8.9,9,2,11,9,0,0,0,0,1.01,0.22,1.23,1.01,1.23,Matches,Major League Soccer,2025
017459bb,Mathieu Choiniere,ca CAN,MF,25,10,7,643,7.1,1,0,1,1,0,0,1,0,0.14,0.00,0.14,0.14,0.14,Matches,Major League Soccer,2025
cdf65d12,Marlon,br BRA,DF,29,11,7,631,7.0,0,0,0,0,0,0,0,0,0.00,0.00,0.00,0.00,0.00,Matches,Major League Soccer,2025
16ceb862,Olivier Giroud,fr FRA,FW,38,11,6,528,5.9,3,1,4,3,0,0,1,0,0.51,0.17,0.68,0.51,0.68,Matches,Major League Soccer,2025
34a0f5ff,Javairô Dilrosun,nl NED,FW,26,6,6,429,4.8,2,0,2,2,0,0,0,0,0.42,0.00,0.42,0.42,0.42,Matches,Major League Soccer,2025
36292031,Yaw Yeboah,gh GHA,"MF,FW",27,17,4,462,5.1,1,0,1,1,0,0,1,0,0.19,0.00,0.19,0.19,0.19,Matches,Major League Soccer,2025
1880614f,Cengiz Ünder,tr TUR,FW,27,12,4,446,5.0,2,2,4,2,0,0,0,0,0.40,0.40,0.81,0.40,0.81,Matches,Major League Soccer,2025
2e8bd00c,Frankie Amaya,us USA,MF,24,19,3,433,4.8,1,0,1,1,0,0,1,0,0.21,0.00,0.21,0.21,0.21,Matches,Major League Soccer,2025
c4720845,Andrew Moran,ie IRL,"MF,FW",21,8,3,318,3.5,1,1,2,1,0,0,1,0,0.28,0.28,0.57,0.28,0.57,Matches,Major League Soccer,2025
ca135560,Adam Saldaña,us USA,MF,22,2,2,180,2.0,0,0,0,0,0,0,1,0,0.00,0.00,0.00,0.00,0.00,Matches,Major League Soccer,2025
86bac87b,Thomas Hasal,ca CAN,GK,25,2,1,135,1.5,0,0,0,0,0,0,0,0,0.00,0.00,0.00,0.00,0.00,Matches,Major League Soccer,2025
0355010f,Odin Thiago Holm,no NOR,MF,22,3,1,99,1.1,0,0,0,0,0,0,0,0,0.00,0.00,0.00,0.00,0.00,Matches,Major League Soccer,2025
3bce0d23,Kenneth Nielsen,us USA,DF,22,2,1,94,1.0,0,0,0,0,0,0,0,0,0.00,0.00,0.00,0.00,0.00,Matches,Major League Soccer,2025
dba6b279,David Ochoa,us USA,GK,24,1,1,90,1.0,0,0,0,0,0,0,0,0,0.00,0.00,0.00,0.00,0.00,Matches,Major League Soccer,2025
ca366055,Maxime Chanot,lu LUX,DF,35,1,1,67,0.7,0,0,0,0,0,0,0,0,0.00,0.00,0.00,0.00,0.00,Matches,Major League Soccer,2025
b4819112,Jailson Siqueira,br BRA,"MF,DF",29,3,1,67,0.7,0,0,0,0,0,0,0,0,0.00,0.00,0.00,0.00,0.00,Matches,Major League Soccer,2025
f006a9b3,Ryan Raposo,ca CAN,MF,25,5,0,18,0.2,0,0,0,0,0,0,0,0,0.00,0.00,0.00,0.00,0.00,Matches,Major League Soccer,2025
dcbced3a,Adrian Wibowo,id IDN,FW,19,2,0,18,0.2,0,0,0,0,0,0,0,0,0.00,0.00,0.00,0.00,0.00,Matches,Major League Soccer,2025
baa82726,Alexandru Băluță,ro ROU,"FW,MF",31,1,0,15,0.2,0,0,0,0,0,0,0,0,0.00,0.00,0.00,0.00,0.00,Matches,Major League Soccer,2025
c19a4e36,Érick Díaz,pa PAN,DF,18,0,0,,,,,,,,,,,,,,,,Matches,Major League Soccer,2025
9fddd510,Josh Santiago,us USA,DF,18,0,0,,,,,,,,,,,,,,,,Matches,Major League Soccer,2025
058203db,Jude Terry,us USA,MF,16,0,0,,,,,,,,,,,,,,,,Matches,Major League Soccer,2025
6a1940d5,Brad Stuver,us USA,GK,33,34,34,"3,060",34.0,0,0,0,0,0,0,3,0,0.00,0.00,0.00,0.00,0.00,Matches,Major League Soccer,2025
b807c1dc,Brendan Hines-Ike,us USA,DF,30,31,31,"2,761",30.7,0,1,1,0,0,0,4,1,0.00,0.03,0.03,0.00,0.03,Matches,Major League Soccer,2025
02c7236e,Guilherme Biro,br BRA,DF,24,32,31,"2,623",29.1,3,1,4,3,0,0,7,0,0.10,0.03,0.14,0.10,0.14,Matches,Major League Soccer,2025
9edc70d6,Owen Wolff,us USA,"MF,FW",20,34,31,"2,585",28.7,7,7,14,7,0,0,5,0,0.24,0.24,0.49,0.24,0.49,Matches,Major League Soccer,2025
eab85789,Osman Bukari,gh GHA,"MF,FW",26,33,27,"2,318",25.8,3,3,6,3,0,0,2,0,0.12,0.12,0.23,0.12,0.23,Matches,Major League Soccer,2025
b70be510,Oleksandr Svatok,ua UKR,DF,30,29,25,"2,371",26.3,1,0,1,1,0,0,5,0,0.04,0.00,0.04,0.04,0.04,Matches,Major League Soccer,2025
9d5afdfb,Jon Gallagher,ie IRL,"DF,MF",28,34,25,"2,354",26.2,1,0,1,1,0,0,3,0,0.04,0.00,0.04,0.04,0.04,Matches,Major League Soccer,2025
b8862e65,Daniel Pereira,ve VEN,MF,24,27,23,"2,071",23.0,1,3,4,1,0,0,8,0,0.04,0.13,0.17,0.04,0.17,Matches,Major League Soccer,2025
01da7812,Myrto Uzuni,al ALB,FW,29,27,23,"2,064",22.9,6,3,9,6,0,0,3,0,0.26,0.13,0.39,0.26,0.39,Matches,Major League Soccer,2025
72979f65,Ilie Sánchez,es ESP,MF,34,26,20,"1,641",18.2,1,0,1,1,0,0,6,0,0.05,0.00,0.05,0.05,0.05,Matches,Major League Soccer,2025
6fde84aa,Besard Sabovic,se SWE,MF,27,32,19,"1,759",19.5,1,0,1,1,0,0,7,0,0.05,0.00,0.05,0.05,0.05,Matches,Major League Soccer,2025
c570cf22,Brandon Vazquez,us USA,FW,26,19,19,"1,599",17.8,5,0,5,4,1,2,3,0,0.28,0.00,0.28,0.23,0.23,Matches,Major League Soccer,2025
1d5c96f8,Mikkel Desler,dk DEN,"DF,MF",29,20,18,"1,338",14.9,1,3,4,1,0,0,5,0,0.07,0.20,0.27,0.07,0.27,Matches,Major League Soccer,2025
3f082234,Diego Rubio,cl CHI,"FW,MF",31,25,11,936,10.4,2,2,4,2,0,0,3,0,0.19,0.19,0.38,0.19,0.38,Matches,Major League Soccer,2025
1471b2a8,Jáder Obrian,co COL,"FW,MF",29,31,9,915,10.2,0,1,1,0,0,0,4,0,0.00,0.10,0.10,0.00,0.10,Matches,Major League Soccer,2025
cc120b4f,Julio Cascante,cr CRC,DF,31,13,9,760,8.4,0,0,0,0,0,0,1,0,0.00,0.00,0.00,0.00,0.00,Matches,Major League Soccer,2025
bed3eed1,Nicolás Dubersarsky,ar ARG,MF,20,22,7,694,7.7,0,1,1,0,0,0,2,0,0.00,0.13,0.13,0.00,0.13,Matches,Major League Soccer,2025
4501fd21,Žan Kolmanič,si SVN,"DF,MF",24,25,5,732,8.1,1,1,2,1,0,0,2,0,0.12,0.12,0.25,0.12,0.25,Matches,Major League Soccer,2025
0cbe2ba8,Mateja Đorđević,rs SRB,DF,22,4,4,323,3.6,0,0,0,0,0,0,2,0,0.00,0.00,0.00,0.00,0.00,Matches,Major League Soccer,2025
ee4a0679,CJ Fodrey,us USA,FW,20,22,2,335,3.7,1,1,2,1,0,0,0,0,0.27,0.27,0.54,0.27,0.54,Matches,Major League Soccer,2025
1fc0973f,Robert Taylor,fi FIN,FW,30,17,1,412,4.6,1,0,1,1,0,0,1,0,0.22,0.00,0.22,0.22,0.22,Matches,Major League Soccer,2025
a6e64806,Ervin Torres,us USA,DF,17,1,0,8,0.1,0,0,0,0,0,0,0,0,0.00,0.00,0.00,0.00,0.00,Matches,Major League Soccer,2025
ba5a0210,Micah Burton,us USA,FW,18,0,0,,,,,,,,,,,,,,,,Matches,Major League Soccer,2025
873fdbdf,Stefan Cleveland,us USA,GK,30,0,0,,,,,,,,,,,,,,,,Matches,Major League Soccer,2025
752ef25b,Bryant Farkarlun,lr LBR,FW,23,0,0,,,,,,,,,,,,,,,,Matches,Major League Soccer,2025
c8243890,Antonio Gomez,us USA,DF,23,0,0,,,,,,,,,,,,,,,,Matches,Major League Soccer,2025
fafae922,Adrian Gonzalez,us USA,MF,21,0,0,,,,,,,,,,,,,,,,Matches,Major League Soccer,2025
ed889b45,Nico van Rijn,es ESP,DF,23,0,0,,,,,,,,,,,,,,,,Matches,Major League Soccer,2025
0fc46aea,Riley Thomas,us USA,DF,22,0,0,,,,,,,,,,,,,,,,Matches,Major League Soccer,2025
93b56ba5,Leo Väisänen,fi FIN,DF,27,0,0,,,,,,,,,,,,,,,,Matches,Major League Soccer,2025
3b9f859b,Shaq Moore,us USA,"DF,MF",28,33,31,"2,822",31.4,3,2,5,3,0,0,4,0,0.10,0.06,0.16,0.10,0.16,Matches,Major League Soccer,2025
41ba8175,Sebastien Ibeagha,us USA,DF,33,33,30,"2,763",30.7,1,0,1,1,0,0,4,1,0.03,0.00,0.03,0.03,0.03,Matches,Major League Soccer,2025
96d14fe7,Ramiro Benetti,br BRA,MF,31,29,27,"2,301",25.6,0,2,2,0,0,0,9,0,0.00,0.08,0.08,0.00,0.08,Matches,Major League Soccer,2025
4567a0b4,Petar Musa,hr CRO,FW,26,30,27,"2,295",25.5,18,6,24,16,2,3,7,0,0.71,0.24,0.94,0.63,0.86,Matches,Major League Soccer,2025
1124ac8a,Osaze Urhoghide,nl NED,DF,24,27,25,"2,201",24.5,2,0,2,2,0,0,6,0,0.08,0.00,0.08,0.08,0.08,Matches,Major League Soccer,2025
eb343262,Maarten Paes,id IDN,GK,26,22,22,"1,980",22.0,0,0,0,0,0,0,0,0,0.00,0.00,0.00,0.00,0.00,Matches,Major League Soccer,2025
79d49f47,Patrickson Delgado,ec ECU,"MF,FW",21,30,22,"1,709",19.0,1,6,7,1,0,0,3,0,0.05,0.32,0.37,0.05,0.37,Matches,Major League Soccer,2025
7703e0fe,Kaick,br BRA,MF,19,27,21,"1,662",18.5,2,0,2,2,0,0,7,1,0.11,0.00,0.11,0.11,0.11,Matches,Major League Soccer,2025
363ba6d7,Luciano Acosta,ar ARG,"MF,FW",30,21,18,"1,695",18.8,5,1,6,4,1,2,8,0,0.27,0.05,0.32,0.21,0.27,Matches,Major League Soccer,2025
4a67f05b,Lalas Abubakar,gh GHA,DF,30,29,18,"1,656",18.4,1,0,1,1,0,0,5,1,0.05,0.00,0.05,0.05,0.05,Matches,Major League Soccer,2025
640b5773,Logan Farrington,us USA,"FW,MF",23,32,18,"1,570",17.4,5,3,8,5,0,0,4,1,0.29,0.17,0.46,0.29,0.46,Matches,Major League Soccer,2025
f907a6a8,Anderson Julio,ec ECU,"MF,FW",28,25,17,"1,577",17.5,6,1,7,6,0,0,5,0,0.34,0.06,0.40,0.34,0.40,Matches,Major League Soccer,2025
186acc62,Bernard Kamungo,us USA,"MF,FW",23,28,16,"1,576",17.5,2,1,3,2,0,0,3,0,0.11,0.06,0.17,0.11,0.17,Matches,Major League Soccer,2025
cfc68595,Marco Farfan,us USA,DF,26,17,14,"1,291",14.3,0,0,0,0,0,0,1,0,0.00,0.00,0.00,0.00,0.00,Matches,Major League Soccer,2025
73019c31,Sebastian Lletget,us USA,MF,32,20,14,"1,143",12.7,1,2,3,1,0,0,1,0,0.08,0.16,0.24,0.08,0.24,Matches,Major League Soccer,2025
118d25ee,Pedrinho,br BRA,"MF,FW",21,23,9,935,10.4,2,3,5,2,0,0,2,0,0.19,0.29,0.48,0.19,0.48,Matches,Major League Soccer,2025
25ef5b47,Christian Cappis,us USA,MF,25,11,9,819,9.1,1,2,3,1,0,0,2,0,0.11,0.22,0.33,0.11,0.33,Matches,Major League Soccer,2025
e5857da0,Michael Collodi,us USA,GK,23,9,9,735,8.2,0,0,0,0,0,0,0,1,0.00,0.00,0.00,0.00,0.00,Matches,Major League Soccer,2025
3391e359,Nolan Norris,us USA,"DF,MF",19,13,8,635,7.1,0,1,1,0,0,0,3,0,0.00,0.14,0.14,0.00,0.14,Matches,Major League Soccer,2025
6d06853b,Alvaro Ribeiro,pt POR,DF,19,7,4,366,4.1,0,0,0,0,0,0,0,0,0.00,0.00,0.00,0.00,0.00,Matches,Major League Soccer,2025
b9392438,Show,ao ANG,MF,25,6,4,304,3.4,0,0,0,0,0,0,2,0,0.00,0.00,0.00,0.00,0.00,Matches,Major League Soccer,2025
de301aee,Jacob Jackson,us USA,GK,24,4,3,342,3.8,0,0,0,0,0,0,1,0,0.00,0.00,0.00,0.00,0.00,Matches,Major League Soccer,2025
5cb6d60f,Joshua Torquato,us USA,MF,17,5,3,226,2.5,0,0,0,0,0,0,1,0,0.00,0.00,0.00,0.00,0.00,Matches,Major League Soccer,2025
d88ebbe9,Léo Chú,br BRA,"MF,FW",24,4,3,210,2.3,1,0,1,1,0,0,0,0,0.43,0.00,0.43,0.43,0.43,Matches,Major League Soccer,2025
bcbc53d5,Tsiki Ntsabeleng,za RSA,MF,26,13,1,337,3.7,0,1,1,0,0,0,1,0,0.00,0.27,0.27,0.00,0.27,Matches,Major League Soccer,2025
2d43686c,Samuel Sarver,us USA,"MF,FW",21,6,1,165,1.8,0,2,2,0,0,0,0,0,0.00,1.09,1.09,0.00,1.09,Matches,Major League Soccer,2025
fe4f3b39,Tarik Scott,us USA,FW,19,4,0,47,0.5,0,0,0,0,0,0,0,0,0.00,0.00,0.00,0.00,0.00,Matches,Major League Soccer,2025
c1f0fb45,Paxton Pomykal,us USA,MF,25,4,0,42,0.5,0,0,0,0,0,0,0,0,0.00,0.00,0.00,0.00,0.00,Matches,Major League Soccer,2025
f7059bb1,Louicius Deedson,ht HAI,MF,23,2,0,23,0.3,0,0,0,0,0,0,0,0,0.00,0.00,0.00,0.00,0.00,Matches,Major League Soccer,2025
8e29f89f,Diego García,us USA,MF,18,2,0,12,0.1,0,0,0,0,0,0,0,0,0.00,0.00,0.00,0.00,0.00,Matches,Major League Soccer,2025
9f925166,Anthony Ramirez,us USA,FW,19,1,0,1,0.0,0,0,0,0,0,0,0,0,0.00,0.00,0.00,0.00,0.00,Matches,Major League Soccer,2025
e7f073de,Antonio Carrera,us USA,GK,20,0,0,,,,,,,,,,,,,,,,Matches,Major League Soccer,2025
d6ceb5ae,JT Harms,us USA,GK,22,0,0,,,,,,,,,,,,,,,,Matches,Major League Soccer,2025
3dbb175e,Enzo Newman,us USA,DF,19,0,0,,,,,,,,,,,,,,,,Matches,Major League Soccer,2025
acf270e0,Enes Sali,ro ROU,MF,18,0,0,,,,,,,,,,,,,,,,Matches,Major League Soccer,2025
b7a23251,Andrew Gutman,us USA,"DF,MF",28,34,34,"2,863",31.8,3,8,11,3,0,0,4,0,0.09,0.25,0.35,0.09,0.35,Matches,Major League Soccer,2025
041deebd,Jack Elliott,eng ENG,DF,29,33,33,"2,938",32.6,3,3,6,3,0,0,7,0,0.09,0.09,0.18,0.09,0.18,Matches,Major League Soccer,2025
9f417f8c,Hugo Cuypers,be BEL,FW,27,33,33,"2,801",31.1,17,2,19,14,3,4,0,0,0.55,0.06,0.61,0.45,0.51,Matches,Major League Soccer,2025
b2bd0f6c,Jonathan Bamba,ci CIV,"FW,MF",28,34,32,"2,456",27.3,5,4,9,5,0,0,3,0,0.18,0.15,0.33,0.18,0.33,Matches,Major League Soccer,2025
a5ea254c,Philip Zinckernagel,dk DEN,"FW,MF",30,32,31,"2,516",28.0,15,12,27,15,0,0,6,0,0.54,0.43,0.97,0.54,0.97,Matches,Major League Soccer,2025
a71768a2,Chris Brady,us USA,GK,20,28,28,"2,465",27.4,0,0,0,0,0,0,3,1,0.00,0.00,0.00,0.00,0.00,Matches,Major League Soccer,2025
f6c6ff09,Sergio Oregel,us USA,MF,19,28,25,"2,046",22.7,0,0,0,0,0,0,7,0,0.00,0.00,0.00,0.00,0.00,Matches,Major League Soccer,2025
d88f31db,Brian Gutiérrez,mx MEX,MF,21,29,24,"2,045",22.7,9,3,12,7,2,2,6,1,0.40,0.13,0.53,0.31,0.44,Matches,Major League Soccer,2025
6a0be032,Sam Rogers,us USA,DF,25,22,20,"1,701",18.9,0,0,0,0,0,0,6,0,0.00,0.00,0.00,0.00,0.00,Matches,Major League Soccer,2025
ed8c35d2,Jonathan Dean,us USA,"DF,MF",27,29,18,"1,672",18.6,1,3,4,1,0,0,2,0,0.05,0.16,0.22,0.05,0.22,Matches,Major League Soccer,2025
e0c17cde,Mauricio Pineda,us USA,MF,27,28,18,"1,520",16.9,0,2,2,0,0,0,7,0,0.00,0.12,0.12,0.00,0.12,Matches,Major League Soccer,2025
6b561720,Innocent Dje,ci CIV,MF,21,21,11,"1,169",13.0,2,1,3,2,0,0,4,1,0.15,0.08,0.23,0.15,0.23,Matches,Major League Soccer,2025
6bbda3e5,Leonardo Barroso,pt POR,DF,19,19,11,"1,045",11.6,1,1,2,1,0,0,1,0,0.09,0.09,0.17,0.09,0.17,Matches,Major League Soccer,2025
324509e2,Carlos Terán,co COL,DF,24,8,7,535,5.9,1,0,1,1,0,0,2,0,0.17,0.00,0.17,0.17,0.17,Matches,Major League Soccer,2025
ece10cfe,Kellyn Acosta,us USA,MF,29,19,6,655,7.3,0,0,0,0,0,0,2,0,0.00,0.00,0.00,0.00,0.00,Matches,Major League Soccer,2025
a689bb06,Jeffrey Gal,us USA,GK,31,7,6,591,6.6,0,0,0,0,0,0,0,0,0.00,0.00,0.00,0.00,0.00,Matches,Major League Soccer,2025
86a2ba20,Rominigue Kouamé,ml MLI,"MF,FW",28,18,6,564,6.3,3,1,4,3,0,0,1,0,0.48,0.16,0.64,0.48,0.64,Matches,Major League Soccer,2025
47ddcc22,Joel Waterman,ca CAN,DF,29,6,6,530,5.9,1,0,1,1,0,0,1,0,0.17,0.00,0.17,0.17,0.17,Matches,Major League Soccer,2025
aee414b1,Maren Haile-Selassie,ch SUI,"MF,FW",25,30,5,936,10.4,2,6,8,2,0,0,1,0,0.19,0.58,0.77,0.19,0.77,Matches,Major League Soccer,2025
86df4d6b,André Franco,pt POR,MF,26,6,5,400,4.4,0,4,4,0,0,0,1,0,0.00,0.90,0.90,0.00,0.90,Matches,Major League Soccer,2025
ac1aa0f9,Omari Glasgow,gy GUY,"DF,FW",21,14,4,529,5.9,0,1,1,0,0,0,0,0,0.00,0.17,0.17,0.00,0.17,Matches,Major League Soccer,2025
0d2fe665,Omar Gonzalez,us USA,DF,36,12,3,427,4.7,0,0,0,0,0,0,3,0,0.00,0.00,0.00,0.00,0.00,Matches,Major League Soccer,2025
2b300bb2,Samuel Williams,us USA,MF,19,7,3,314,3.5,0,0,0,0,0,0,0,0,0.00,0.00,0.00,0.00,0.00,Matches,Major League Soccer,2025
ad2bce19,Christopher Cupps,us USA,DF,16,4,3,285,3.2,0,0,0,0,0,0,1,0,0.00,0.00,0.00,0.00,0.00,Matches,Major League Soccer,2025
da4821de,Tom Barlow,us USA,FW,29,22,1,373,4.1,3,0,3,3,0,0,1,0,0.72,0.00,0.72,0.72,0.72,Matches,Major League Soccer,2025
b7a764a8,Justin Reynolds,us USA,DF,20,4,1,146,1.6,1,0,1,1,0,0,0,0,0.62,0.00,0.62,0.62,0.62,Matches,Major League Soccer,2025
f347746b,Jason Shokalook,us USA,FW,22,1,0,15,0.2,0,1,1,0,0,0,0,0,0.00,6.00,6.00,0.00,6.00,Matches,Major League Soccer,2025
43d10bb0,Harold Osorio,sv SLV,MF,21,1,0,1,0.0,0,0,0,0,0,0,0,0,0.00,0.00,0.00,0.00,0.00,Matches,Major League Soccer,2025
8ed39636,Dylan Borso,us USA,MF,18,0,0,,,,,,,,,,,,,,,,Matches,Major League Soccer,2025
983fae32,Bryan Dowd,us USA,GK,22,0,0,,,,,,,,,,,,,,,,Matches,Major League Soccer,2025
ae12212c,Richard Fleming,us USA,MF,20,0,0,,,,,,,,,,,,,,,,Matches,Major League Soccer,2025
7371ec36,Chase Gasper,us USA,DF,29,0,0,,,,,,,,,,,,,,,,Matches,Major League Soccer,2025
7cfd3f98,Vitaliy Hlyut,us USA,MF,16,0,0,,,,,,,,,,,,,,,,Matches,Major League Soccer,2025
32acd546,Diego Koninck,nl NED,DF,24,0,0,,,,,,,,,,,,,,,,Matches,Major League Soccer,2025
a9aa0d1d,Aleksei Miranchuk,ru RUS,MF,29,33,31,"2,747",30.5,6,3,9,6,0,0,2,0,0.20,0.10,0.29,0.20,0.29,Matches,Major League Soccer,2025
862a1c15,Miguel Almirón,py PAR,"MF,FW",30,31,31,"2,706",30.1,6,4,10,3,3,3,4,0,0.20,0.13,0.33,0.10,0.23,Matches,Major League Soccer,2025
d899e3bf,Brad Guzan,us USA,GK,40,26,26,"2,340",26.0,0,0,0,0,0,0,1,0,0.00,0.00,0.00,0.00,0.00,Matches,Major League Soccer,2025
7ee64741,Bartosz Slisz,pl POL,MF,25,29,26,"2,293",25.5,2,1,3,2,0,0,10,0,0.08,0.04,0.12,0.08,0.12,Matches,Major League Soccer,2025
1c9cfad4,Emmanuel Latte Lath,ci CIV,FW,26,30,25,"2,195",24.4,7,1,8,6,1,1,7,0,0.29,0.04,0.33,0.25,0.29,Matches,Major League Soccer,2025
00dad262,Pedro Amador,pt POR,DF,26,26,24,"2,078",23.1,1,0,1,1,0,0,4,0,0.04,0.00,0.04,0.04,0.04,Matches,Major League Soccer,2025
84d6ce13,Saba Lobzhanidze,ge GEO,"MF,FW",30,33,23,"1,931",21.5,0,5,5,0,0,0,0,0,0.00,0.23,0.23,0.00,0.23,Matches,Major League Soccer,2025
5f011e05,Stian Rode Gregersen,no NOR,DF,29,18,18,"1,365",15.2,0,1,1,0,0,0,3,0,0.00,0.07,0.07,0.00,0.07,Matches,Major League Soccer,2025
ec80ba72,Brooks Lennon,us USA,DF,27,25,17,"1,556",17.3,1,3,4,1,0,0,2,0,0.06,0.17,0.23,0.06,0.23,Matches,Major League Soccer,2025
1f462f95,Luis Abram,pe PER,DF,28,21,16,"1,493",16.6,0,0,0,0,0,0,1,0,0.00,0.00,0.00,0.00,0.00,Matches,Major League Soccer,2025
de907bab,Ronald Hernández,ve VEN,DF,27,21,16,"1,316",14.6,1,1,2,1,0,0,3,0,0.07,0.07,0.14,0.07,0.14,Matches,Major League Soccer,2025
c0a28fbd,Derrick Williams,ie IRL,DF,32,17,15,"1,320",14.7,1,0,1,1,0,0,1,0,0.07,0.00,0.07,0.07,0.07,Matches,Major League Soccer,2025
bf7ba1d8,Tristan Muyumba,fr FRA,MF,27,24,15,"1,190",13.2,1,0,1,1,0,0,2,0,0.08,0.00,0.08,0.08,0.08,Matches,Major League Soccer,2025
8510e2e6,Matthew Edwards,us USA,DF,21,20,14,"1,207",13.4,0,1,1,0,0,0,3,0,0.00,0.07,0.07,0.00,0.07,Matches,Major League Soccer,2025
ecca2f67,Jamal Thiaré,sn SEN,FW,31,28,9,"1,007",11.2,5,0,5,5,0,0,2,0,0.45,0.00,0.45,0.45,0.45,Matches,Major League Soccer,2025
282679b4,Mateusz Klich,pl POL,MF,34,16,9,795,8.8,0,1,1,0,0,0,4,0,0.00,0.11,0.11,0.00,0.11,Matches,Major League Soccer,2025
6c3c3c3c,Ajani Fortune,tt TRI,MF,22,15,8,784,8.7,1,0,1,1,0,0,4,0,0.11,0.00,0.11,0.11,0.11,Matches,Major League Soccer,2025
203e4a15,Jayden Hibbert,ca CAN,GK,20,8,8,720,8.0,0,0,0,0,0,0,1,0,0.00,0.00,0.00,0.00,0.00,Matches,Major League Soccer,2025
ad1f61f3,Steven Alzate,co COL,MF,26,10,7,649,7.2,0,1,1,0,0,0,2,0,0.00,0.14,0.14,0.00,0.14,Matches,Major League Soccer,2025
29c28f01,Enea Mihaj,al ALB,DF,26,9,7,631,7.0,0,1,1,0,0,0,0,0,0.00,0.14,0.14,0.00,0.14,Matches,Major League Soccer,2025
f6f4f7f0,Luke Brennan,us USA,"MF,FW",19,14,6,530,5.9,0,1,1,0,0,0,1,0,0.00,0.17,0.17,0.00,0.17,Matches,Major League Soccer,2025
377ef3a6,Juan Berrocal,es ESP,DF,25,10,5,577,6.4,0,0,0,0,0,0,0,0,0.00,0.00,0.00,0.00,0.00,Matches,Major League Soccer,2025
2fb02c65,Efrain Morales,bo BOL,DF,20,5,5,405,4.5,0,0,0,0,0,0,2,0,0.00,0.00,0.00,0.00,0.00,Matches,Major League Soccer,2025
2361b580,William Reilly,us USA,MF,22,11,4,496,5.5,1,0,1,1,0,0,3,0,0.18,0.00,0.18,0.18,0.18,Matches,Major League Soccer,2025
4c46e404,Noah Cobb,us USA,DF,19,13,3,432,4.8,0,0,0,0,0,0,0,0,0.00,0.00,0.00,0.00,0.00,Matches,Major League Soccer,2025
15d561fa,Xande Silva,pt POR,MF,27,7,2,229,2.5,0,1,1,0,0,0,0,0,0.00,0.39,0.39,0.00,0.39,Matches,Major League Soccer,2025
a42fac72,Dominik Chong Qui,us USA,"MF,DF",17,3,2,150,1.7,0,0,0,0,0,0,0,0,0.00,0.00,0.00,0.00,0.00,Matches,Major League Soccer,2025
4fcf3b14,Cooper Sanchez,us USA,MF,16,2,1,101,1.1,0,0,0,0,0,0,0,0,0.00,0.00,0.00,0.00,0.00,Matches,Major League Soccer,2025
06e75d19,Leonardo Afonso,br BRA,MF,23,3,1,77,0.9,0,0,0,0,0,0,0,0,0.00,0.00,0.00,0.00,0.00,Matches,Major League Soccer,2025
15cda5f6,Edwin Mosquera,co COL,MF,23,10,0,156,1.7,1,0,1,1,0,0,3,0,0.58,0.00,0.58,0.58,0.58,Matches,Major League Soccer,2025
81273f6d,Cayman Togashi,jp JPN,FW,31,7,0,100,1.1,0,0,0,0,0,0,0,0,0.00,0.00,0.00,0.00,0.00,Matches,Major League Soccer,2025
619349ee,Salvatore Mazzaferro,ca CAN,DF,23,1,0,74,0.8,0,0,0,0,0,0,0,0,0.00,0.00,0.00,0.00,0.00,Matches,Major League Soccer,2025
ae2ee5a5,Patrick Weah,lr LBR,FW,21,1,0,6,0.1,0,0,0,0,0,0,0,0,0.00,0.00,0.00,0.00,0.00,Matches,Major League Soccer,2025
0ca423c9,Nykolas Sessock,us USA,DF,24,2,0,4,0.0,0,0,0,0,0,0,0,0,0.00,0.00,0.00,0.00,0.00,Matches,Major League Soccer,2025
75c2e240,Josh Cohen,us USA,GK,32,0,0,,,,,,,,,,,,,,,,Matches,Major League Soccer,2025
c33ca9b0,Ashton Gordon,jm JAM,FW,17,0,0,,,,,,,,,,,,,,,,Matches,Major League Soccer,2025
697db5a7,Rodrigo Neri,us USA,FW,19,0,0,,,,,,,,,,,,,,,,Matches,Major League Soccer,2025
ffd21f70,Adyn Torres,pr PUR,MF,17,0,0,,,,,,,,,,,,,,,,Matches,Major League Soccer,2025
b76e1394,Pedro Gallese,pe PER,GK,34,32,32,"2,880",32.0,0,1,1,0,0,0,6,0,0.00,0.03,0.03,0.00,0.03,Matches,Major League Soccer,2025
1866b0f1,Marco Pašalić,hr CRO,MF,24,33,32,"2,568",28.5,12,5,17,12,0,0,3,0,0.42,0.18,0.60,0.42,0.60,Matches,Major League Soccer,2025
5bb02df4,Rodrigo Schlegel,ar ARG,DF,27,31,31,"2,679",29.8,0,0,0,0,0,0,11,1,0.00,0.00,0.00,0.00,0.00,Matches,Major League Soccer,2025
016a7f95,Martín Ojeda,ar ARG,"FW,MF",26,33,30,"2,680",29.8,16,9,25,14,2,2,0,0,0.54,0.30,0.84,0.47,0.77,Matches,Major League Soccer,2025
8ca5c176,Robin Jansson,se SWE,DF,33,30,30,"2,613",29.0,1,0,1,1,0,0,6,0,0.03,0.00,0.03,0.03,0.03,Matches,Major League Soccer,2025
55a5d959,Iván Angulo,co COL,MF,25,33,30,"2,305",25.6,0,4,4,0,0,0,4,0,0.00,0.16,0.16,0.00,0.16,Matches,Major League Soccer,2025
fd594b15,David Brekalo,si SVN,DF,26,29,27,"2,402",26.7,1,2,3,1,0,0,5,0,0.04,0.07,0.11,0.04,0.11,Matches,Major League Soccer,2025
754f150b,Alex Freeman,us USA,DF,20,29,26,"2,453",27.3,6,3,9,6,0,0,4,0,0.22,0.11,0.33,0.22,0.33,Matches,Major League Soccer,2025
60990b81,Eduard Atuesta,co COL,MF,27,28,25,"2,268",25.2,0,6,6,0,0,0,6,0,0.00,0.24,0.24,0.00,0.24,Matches,Major League Soccer,2025
eb2fe5b6,Luis Muriel,co COL,FW,33,33,25,"2,104",23.4,9,6,15,8,1,1,1,1,0.38,0.26,0.64,0.34,0.60,Matches,Major League Soccer,2025
3ed214ff,César Araujo,uy URU,MF,23,22,20,"1,798",20.0,2,3,5,2,0,0,6,1,0.10,0.15,0.25,0.10,0.25,Matches,Major League Soccer,2025
581597fc,Joran Gerbet,fr FRA,MF,23,20,13,"1,117",12.4,0,1,1,0,0,0,2,0,0.00,0.08,0.08,0.00,0.08,Matches,Major League Soccer,2025
9e6b2ec3,Kyle Smith,us USA,"MF,DF",33,29,12,"1,151",12.8,0,2,2,0,0,0,5,0,0.00,0.16,0.16,0.00,0.16,Matches,Major League Soccer,2025
c350e7d5,Dagur Dan Þórhallsson,is ISL,"DF,MF",24,31,11,"1,116",12.4,3,0,3,3,0,0,3,0,0.24,0.00,0.24,0.24,0.24,Matches,Major League Soccer,2025
35c95bb2,Ramiro Enrique,ar ARG,FW,23,24,8,942,10.5,8,0,8,8,0,0,2,0,0.76,0.00,0.76,0.76,0.76,Matches,Major League Soccer,2025
e0d45022,Duncan McGuire,us USA,FW,23,18,6,731,8.1,3,2,5,3,0,0,1,0,0.37,0.25,0.62,0.37,0.62,Matches,Major League Soccer,2025
c72a6057,Rafael Santos,br BRA,DF,26,17,6,677,7.5,0,0,0,0,0,0,3,1,0.00,0.00,0.00,0.00,0.00,Matches,Major League Soccer,2025
b7f2edff,Adrián Marín,es ESP,DF,28,5,4,327,3.6,0,0,0,0,0,0,1,0,0.00,0.00,0.00,0.00,0.00,Matches,Major League Soccer,2025
685576cf,Tyrese Spicer,tt TRI,"MF,FW",24,8,2,283,3.1,1,2,3,1,0,0,0,0,0.32,0.64,0.95,0.32,0.95,Matches,Major League Soccer,2025
718c76da,Nicolás Rodríguez,co COL,"MF,FW",20,12,2,220,2.4,1,0,1,1,0,0,1,0,0.41,0.00,0.41,0.41,0.41,Matches,Major League Soccer,2025
67cbc8e7,Javier Otero,ve VEN,GK,22,2,2,180,2.0,0,0,0,0,0,0,1,0,0.00,0.00,0.00,0.00,0.00,Matches,Major League Soccer,2025
0896e23e,Zakaria Taifi,us USA,MF,19,6,0,40,0.4,0,0,0,0,0,0,0,0,0.00,0.00,0.00,0.00,0.00,Matches,Major League Soccer,2025
c3b97297,Gustavo Caraballo,ve VEN,FW,16,5,0,17,0.2,0,0,0,0,0,0,0,0,0.00,0.00,0.00,0.00,0.00,Matches,Major League Soccer,2025
ebf7ddd9,Colin Guske,us USA,MF,18,5,0,16,0.2,0,0,0,0,0,0,1,0,0.00,0.00,0.00,0.00,0.00,Matches,Major League Soccer,2025
d46d1cdd,Thomas Williams,us USA,DF,20,1,0,11,0.1,0,0,0,0,0,0,0,0,0.00,0.00,0.00,0.00,0.00,Matches,Major League Soccer,2025
85430bbc,Shakur Mohammed,gh GHA,MF,21,2,0,5,0.1,0,0,0,0,0,0,0,0,0.00,0.00,0.00,0.00,0.00,Matches,Major League Soccer,2025
fee55588,Justin Ellis,us USA,FW,17,1,0,3,0.0,0,0,0,0,0,0,0,0,0.00,0.00,0.00,0.00,0.00,Matches,Major League Soccer,2025
c40717f5,Favian Loyola,cl CHI,MF,19,0,0,,,,,,,,,,,,,,,,Matches,Major League Soccer,2025
187e8ec5,Carlos Mercado,us USA,GK,25,0,0,,,,,,,,,,,,,,,,Matches,Major League Soccer,2025
7fa20456,Tahir Reid-Brown,us USA,DF,18,0,0,,,,,,,,,,,,,,,,Matches,Major League Soccer,2025
49a1d6f5,Titus Sandy Jr,dm DMA,DF,23,0,0,,,,,,,,,,,,,,,,Matches,Major League Soccer,2025
dff01e56,Riyon Tori,jp JPN,MF,23,0,0,,,,,,,,,,,,,,,,Matches,Major League Soccer,2025
9c794a80,Cristian Espinoza,ar ARG,"MF,FW",29,31,30,"2,688",29.9,4,8,12,3,1,1,8,0,0.13,0.27,0.40,0.10,0.37,Matches,Major League Soccer,2025
fea9401e,Cristian Arango,co COL,"FW,MF",29,30,30,"2,551",28.3,13,3,16,10,3,3,6,0,0.46,0.11,0.56,0.35,0.46,Matches,Major League Soccer,2025
b7b6e781,David Romney,us USA,DF,31,33,29,"2,673",29.7,0,0,0,0,0,0,4,0,0.00,0.00,0.00,0.00,0.00,Matches,Major League Soccer,2025
636fc976,Daniel,br BRA,GK,30,29,29,"2,495",27.7,0,0,0,0,0,0,3,0,0.00,0.00,0.00,0.00,0.00,Matches,Major League Soccer,2025
73fdc4c2,Ian Harkes,us USA,MF,29,30,26,"2,145",23.8,3,2,5,3,0,0,7,1,0.13,0.08,0.21,0.13,0.21,Matches,Major League Soccer,2025
6a9ab308,Beau Leroux,us USA,MF,21,33,25,"2,105",23.4,5,3,8,5,0,0,3,0,0.21,0.13,0.34,0.21,0.34,Matches,Major League Soccer,2025
ce44f0de,Daniel Munie,us USA,DF,24,24,22,"1,991",22.1,2,2,4,2,0,0,4,0,0.09,0.09,0.18,0.09,0.18,Matches,Major League Soccer,2025
e73f0aa1,Josef Martínez,ve VEN,FW,31,30,21,"1,873",20.8,14,2,16,13,1,1,0,0,0.67,0.10,0.77,0.62,0.72,Matches,Major League Soccer,2025
e28ae695,Vitor Costa,br BRA,MF,30,25,19,"1,612",17.9,1,2,3,1,0,0,5,0,0.06,0.11,0.17,0.06,0.17,Matches,Major League Soccer,2025
67f5e064,Rodrigues,br BRA,DF,27,20,17,"1,481",16.5,1,1,2,1,0,0,4,0,0.06,0.06,0.12,0.06,0.12,Matches,Major League Soccer,2025
0672f944,Ousseni Bouda,bf BFA,"MF,FW",24,34,13,"1,329",14.8,3,1,4,3,0,0,4,0,0.20,0.07,0.27,0.20,0.27,Matches,Major League Soccer,2025
965fc36d,Bruno Wilson,pt POR,DF,28,16,13,"1,226",13.6,1,0,1,1,0,0,4,0,0.07,0.00,0.07,0.07,0.07,Matches,Major League Soccer,2025
10d1139c,DeJuan Jones,us USA,MF,27,15,13,"1,159",12.9,1,6,7,1,0,0,3,1,0.08,0.47,0.54,0.08,0.54,Matches,Major League Soccer,2025
c4bf0bb9,Jamar Ricketts,us USA,"MF,DF",23,19,12,915,10.2,1,2,3,1,0,0,0,0,0.10,0.20,0.30,0.10,0.30,Matches,Major League Soccer,2025
00534d73,Preston Judd,us USA,FW,25,29,10,"1,057",11.7,6,2,8,6,0,0,5,0,0.51,0.17,0.68,0.51,0.68,Matches,Major League Soccer,2025
36a38acd,Mark-Anthony Kaye,ca CAN,MF,30,27,10,"1,017",11.3,1,2,3,1,0,0,5,0,0.09,0.18,0.27,0.09,0.27,Matches,Major League Soccer,2025
5e49d644,Reid Roberts,us USA,"DF,MF",21,14,10,890,9.9,0,0,0,0,0,0,6,1,0.00,0.00,0.00,0.00,0.00,Matches,Major League Soccer,2025
b1c742df,Max Floriani,us USA,DF,21,14,9,822,9.1,0,0,0,0,0,0,4,0,0.00,0.00,0.00,0.00,0.00,Matches,Major League Soccer,2025
75e60d75,Ronaldo Vieira,gw GNB,MF,26,7,6,540,6.0,0,0,0,0,0,0,4,0,0.00,0.00,0.00,0.00,0.00,Matches,Major League Soccer,2025
10f6f942,Earl Edwards Jr.,us USA,GK,33,7,5,565,6.3,0,0,0,0,0,0,1,0,0.00,0.00,0.00,0.00,0.00,Matches,Major League Soccer,2025
9d9e69df,Amahl Pellegrino,no NOR,"MF,FW",34,13,5,488,5.4,1,1,2,1,0,0,0,0,0.18,0.18,0.37,0.18,0.37,Matches,Major League Soccer,2025
fe11d61b,Benjamin Kikanovic,us USA,"MF,DF",25,10,5,422,4.7,0,0,0,0,0,0,3,0,0.00,0.00,0.00,0.00,0.00,Matches,Major League Soccer,2025
959686eb,Nick Lima,us USA,"MF,DF",30,11,4,451,5.0,0,0,0,0,0,0,1,0,0.00,0.00,0.00,0.00,0.00,Matches,Major League Soccer,2025
cb501677,Niko Tsakiris,us USA,MF,19,11,4,365,4.1,1,1,2,1,0,0,0,0,0.25,0.25,0.49,0.25,0.49,Matches,Major League Soccer,2025
2e8597d8,Hernán López Muñoz,ar ARG,"MF,FW",24,5,4,252,2.8,0,0,0,0,0,0,2,1,0.00,0.00,0.00,0.00,0.00,Matches,Major League Soccer,2025
43801098,Nick Fernandez,us USA,MF,23,2,2,117,1.3,0,0,0,0,0,0,0,0,0.00,0.00,0.00,0.00,0.00,Matches,Major League Soccer,2025
da0bb55a,Paul Marie,fr FRA,FW,29,2,1,103,1.1,0,0,0,0,0,0,0,0,0.00,0.00,0.00,0.00,0.00,Matches,Major League Soccer,2025
3d47c1ad,Noel Buck,eng ENG,MF,19,9,0,151,1.7,0,1,1,0,0,0,0,0,0.00,0.60,0.60,0.00,0.60,Matches,Major League Soccer,2025
9c07bdc7,Jack Skahan,us USA,MF,26,5,0,58,0.6,0,2,2,0,0,0,0,0,0.00,3.10,3.10,0.00,3.10,Matches,Major League Soccer,2025
8409bad1,Oscar Verhoeven,us USA,DF,18,1,0,6,0.1,0,0,0,0,0,0,0,0,0.00,0.00,0.00,0.00,0.00,Matches,Major League Soccer,2025
b13bc618,Francesco Montali,us USA,MF,24,0,0,,,,,,,,,,,,,,,,Matches,Major League Soccer,2025
a2382c26,Luca Ulrich,us USA,GK,21,0,0,,,,,,,,,,,,,,,,Matches,Major League Soccer,2025
52fdf512,Andreas Maxsø,dk DEN,DF,30,32,32,"2,880",32.0,1,0,1,1,0,0,4,0,0.03,0.00,0.03,0.03,0.03,Matches,Major League Soccer,2025
4b5ab509,Rafael Navarro,br BRA,FW,24,31,30,"2,661",29.6,12,3,15,10,2,4,2,0,0.41,0.10,0.51,0.34,0.44,Matches,Major League Soccer,2025
ad9ffc7e,Reggie Cannon,us USA,DF,26,28,28,"2,443",27.1,0,0,0,0,0,0,10,0,0.00,0.00,0.00,0.00,0.00,Matches,Major League Soccer,2025
ecdbe767,Oliver Larraz,us USA,MF,23,33,26,"2,217",24.6,0,3,3,0,0,0,3,0,0.00,0.12,0.12,0.00,0.12,Matches,Major League Soccer,2025
2c8da8a1,Cole Bassett,us USA,MF,23,28,25,"2,196",24.4,3,3,6,2,1,1,4,0,0.12,0.12,0.25,0.08,0.20,Matches,Major League Soccer,2025
83cf9719,Djordje Mihailovic,us USA,"MF,FW",26,24,24,"2,055",22.8,9,6,15,5,4,6,2,0,0.39,0.26,0.66,0.22,0.48,Matches,Major League Soccer,2025
42130443,Zack Steffen,us USA,GK,29,23,23,"2,070",23.0,0,0,0,0,0,0,3,0,0.00,0.00,0.00,0.00,0.00,Matches,Major League Soccer,2025
1f084637,Joshua Atencio,us USA,MF,23,27,23,"1,771",19.7,0,0,0,0,0,0,2,0,0.00,0.00,0.00,0.00,0.00,Matches,Major League Soccer,2025
70d8e84c,Chidozie Awaziem,ng NGA,DF,28,20,20,"1,773",19.7,0,1,1,0,0,0,6,0,0.00,0.05,0.05,0.00,0.05,Matches,Major League Soccer,2025
63abd734,Darren Yapi,us USA,"FW,MF",20,29,17,"1,430",15.9,8,2,10,8,0,0,5,0,0.50,0.13,0.63,0.50,0.63,Matches,Major League Soccer,2025
07b0aeef,Calvin Harris,eng ENG,MF,24,27,13,"1,334",14.8,5,1,6,5,0,0,2,0,0.34,0.07,0.40,0.34,0.40,Matches,Major League Soccer,2025
2d6e535f,Sam Vines,us USA,DF,25,22,13,"1,271",14.1,0,2,2,0,0,0,0,0,0.00,0.14,0.14,0.00,0.14,Matches,Major League Soccer,2025
ef7c10e0,Theodore Ku-Dipietro,us USA,MF,23,25,12,"1,142",12.7,1,2,3,1,0,0,2,0,0.08,0.16,0.24,0.08,0.24,Matches,Major League Soccer,2025
c6d233e3,Ian Murphy,us USA,DF,25,16,12,"1,048",11.6,0,0,0,0,0,0,1,0,0.00,0.00,0.00,0.00,0.00,Matches,Major League Soccer,2025
f940c69e,Keegan Rosenberry,us USA,"DF,MF",31,16,10,"1,051",11.7,2,0,2,2,0,0,0,0,0.17,0.00,0.17,0.17,0.17,Matches,Major League Soccer,2025
1b804500,Connor Ronan,ie IRL,MF,26,24,10,"1,019",11.3,0,0,0,0,0,0,1,0,0.00,0.00,0.00,0.00,0.00,Matches,Major League Soccer,2025
58d7534b,Nicholas Hansen,dk DEN,GK,23,10,10,900,10.0,0,0,0,0,0,0,0,0,0.00,0.00,0.00,0.00,0.00,Matches,Major League Soccer,2025
42af215b,Kevin Cabral,fr FRA,"MF,FW",25,18,10,767,8.5,0,0,0,0,0,0,4,0,0.00,0.00,0.00,0.00,0.00,Matches,Major League Soccer,2025
08b318c0,Jackson Travis,us USA,DF,20,9,9,675,7.5,0,0,0,0,0,0,2,1,0.00,0.00,0.00,0.00,0.00,Matches,Major League Soccer,2025
4cd41883,Paxten Aaronson,us USA,MF,21,7,6,572,6.4,1,0,1,1,0,0,3,0,0.16,0.00,0.16,0.16,0.16,Matches,Major League Soccer,2025
d79a8c87,Rob Holding,eng ENG,DF,29,6,6,526,5.8,0,0,0,0,0,0,1,0,0.00,0.00,0.00,0.00,0.00,Matches,Major League Soccer,2025
c72a6057,Rafael Santos,br BRA,"DF,MF",26,7,5,378,4.2,1,2,3,1,0,0,0,0,0.24,0.48,0.71,0.24,0.71,Matches,Major League Soccer,2025
4c46e404,Noah Cobb,us USA,DF,19,4,4,360,4.0,0,0,0,0,0,0,0,0,0.00,0.00,0.00,0.00,0.00,Matches,Major League Soccer,2025
3449d750,Sam Bassett,us USA,MF,21,12,3,339,3.8,0,1,1,0,0,0,1,0,0.00,0.27,0.27,0.00,0.27,Matches,Major League Soccer,2025
9f5400d8,Wayne Frederick,tt TRI,MF,20,9,2,222,2.5,0,0,0,0,0,0,3,1,0.00,0.00,0.00,0.00,0.00,Matches,Major League Soccer,2025
800d439e,Adam Beaudry,us USA,GK,18,1,1,90,1.0,0,0,0,0,0,0,0,0,0.00,0.00,0.00,0.00,0.00,Matches,Major League Soccer,2025
622986f0,Omir Fernandez,us USA,MF,25,8,0,182,2.0,0,2,2,0,0,0,0,0,0.00,0.99,0.99,0.00,0.99,Matches,Major League Soccer,2025
73ca72d5,Alex Harris,us USA,FW,19,4,0,44,0.5,0,0,0,0,0,0,0,0,0.00,0.00,0.00,0.00,0.00,Matches,Major League Soccer,2025
6e159787,Alexis Manyoma,co COL,MF,22,3,0,42,0.5,0,0,0,0,0,0,0,0,0.00,0.00,0.00,0.00,0.00,Matches,Major League Soccer,2025
7b84fa86,Kimani Stewart-Baynes,ca CAN,FW,20,4,0,31,0.3,0,0,0,0,0,0,0,0,0.00,0.00,0.00,0.00,0.00,Matches,Major League Soccer,2025
f03bba0c,Michael Edwards,us USA,DF,24,1,0,27,0.3,0,0,0,0,0,0,0,0,0.00,0.00,0.00,0.00,0.00,Matches,Major League Soccer,2025
5ab1ace2,Anderson Rosa,br BRA,DF,23,2,0,23,0.3,0,0,0,0,0,0,0,0,0.00,0.00,0.00,0.00,0.00,Matches,Major League Soccer,2025
afc2507c,Daouda Amadou,cm CMR,MF,22,1,0,11,0.1,0,0,0,0,0,0,0,0,0.00,0.00,0.00,0.00,0.00,Matches,Major League Soccer,2025
30c8e1f9,Sydney Wathuta,ca CAN,DF,20,1,0,1,0.0,0,0,0,0,0,0,0,0,0.00,0.00,0.00,0.00,0.00,Matches,Major League Soccer,2025
25e320eb,Zackory Campagnolo,us USA,GK,17,0,0,,,,,,,,,,,,,,,,Matches,Major League Soccer,2025
e6dd80d9,Ali Fadal,gh GHA,MF,21,0,0,,,,,,,,,,,,,,,,Matches,Major League Soccer,2025
bd060315,Edwin Cerrillo,us USA,MF,24,32,32,"2,673",29.7,0,0,0,0,0,0,13,1,0.00,0.00,0.00,0.00,0.00,Matches,Major League Soccer,2025
fe81682e,Diego Fagúndez,uy URU,"MF,FW",29,32,29,"2,464",27.4,6,2,8,6,0,0,5,0,0.22,0.07,0.29,0.22,0.29,Matches,Major League Soccer,2025
c37ce1ca,Gabriel Chaves,br BRA,"MF,FW",23,29,27,"2,472",27.5,7,2,9,6,1,1,8,0,0.25,0.07,0.33,0.22,0.29,Matches,Major League Soccer,2025
caffaf5a,Maya Yoshida,jp JPN,DF,36,28,26,"2,345",26.1,2,0,2,2,0,0,3,0,0.08,0.00,0.08,0.08,0.08,Matches,Major League Soccer,2025
b712e02d,Miki Yamane,jp JPN,DF,31,31,24,"2,216",24.6,1,4,5,1,0,0,4,0,0.04,0.16,0.20,0.04,0.20,Matches,Major League Soccer,2025
df8c4d49,John Nelson,us USA,DF,26,31,24,"2,044",22.7,0,1,1,0,0,0,2,0,0.00,0.04,0.04,0.00,0.04,Matches,Major League Soccer,2025
88062e83,Joseph Paintsil,gh GHA,"MF,FW",26,25,22,"1,974",21.9,10,2,12,8,2,2,3,0,0.46,0.09,0.55,0.36,0.46,Matches,Major League Soccer,2025
98cd66a3,Novak Mićović,rs SRB,GK,23,20,20,"1,800",20.0,0,0,0,0,0,0,0,0,0.00,0.00,0.00,0.00,0.00,Matches,Major League Soccer,2025
d8eb21b7,Carlos Garcés,co COL,DF,23,23,19,"1,715",19.1,1,1,2,1,0,0,6,0,0.05,0.05,0.10,0.05,0.10,Matches,Major League Soccer,2025
36a3ff67,Marco Reus,de GER,MF,35,21,17,"1,482",16.5,5,8,13,5,0,0,1,0,0.30,0.49,0.79,0.30,0.79,Matches,Major League Soccer,2025
0db5d2c8,Mathias Jørgensen,dk DEN,DF,34,17,16,"1,347",15.0,0,1,1,0,0,0,2,1,0.00,0.07,0.07,0.00,0.07,Matches,Major League Soccer,2025
e744c3de,Matheus Nascimento,br BRA,FW,20,22,13,"1,166",13.0,3,2,5,3,0,0,1,0,0.23,0.15,0.39,0.23,0.39,Matches,Major League Soccer,2025
1d9b8c4d,Lucas Sanabria,uy URU,MF,21,21,12,983,10.9,2,0,2,2,0,0,4,0,0.18,0.00,0.18,0.18,0.18,Matches,Major League Soccer,2025
4223d7bb,Julián Aude,ar ARG,DF,21,28,11,"1,221",13.6,0,0,0,0,0,0,3,0,0.00,0.00,0.00,0.00,0.00,Matches,Major League Soccer,2025
249362e9,John McCarthy,us USA,GK,32,11,11,990,11.0,0,0,0,0,0,0,0,0,0.00,0.00,0.00,0.00,0.00,Matches,Major League Soccer,2025
53171f69,Elijah Wynder,us USA,MF,21,18,11,958,10.6,2,0,2,2,0,0,3,0,0.19,0.00,0.19,0.19,0.19,Matches,Major League Soccer,2025
316d5521,Christian Ramirez,us USA,FW,33,25,10,917,10.2,4,1,5,4,0,0,1,0,0.39,0.10,0.49,0.39,0.49,Matches,Major League Soccer,2025
6dbc74d6,Isaiah Parente,us USA,MF,24,25,9,"1,050",11.7,0,1,1,0,0,0,7,1,0.00,0.09,0.09,0.00,0.09,Matches,Major League Soccer,2025
4a5b1142,Harbor Miller,us USA,"MF,DF",17,10,9,640,7.1,1,1,2,1,0,0,1,0,0.14,0.14,0.28,0.14,0.28,Matches,Major League Soccer,2025
cf4f1eb9,Mauricio Cuevas,us USA,"DF,FW",21,24,8,791,8.8,2,3,5,2,0,0,4,0,0.23,0.34,0.57,0.23,0.57,Matches,Major League Soccer,2025
a5532e80,Miguel Berry,es ESP,FW,27,17,7,681,7.6,0,2,2,0,0,0,0,0,0.00,0.26,0.26,0.00,0.26,Matches,Major League Soccer,2025
1fafbf53,Tucker Lepley,us USA,"MF,FW",23,16,6,558,6.2,0,1,1,0,0,0,2,0,0.00,0.16,0.16,0.00,0.16,Matches,Major League Soccer,2025
0fb34657,Chris Rindov,us USA,DF,23,6,6,514,5.7,0,0,0,0,0,0,0,0,0.00,0.00,0.00,0.00,0.00,Matches,Major League Soccer,2025
977791f4,J.T. Marcinkowski,us USA,GK,27,3,3,270,3.0,0,0,0,0,0,0,0,0,0.00,0.00,0.00,0.00,0.00,Matches,Major League Soccer,2025
edbfbb3f,Eriq Zavaleta,sv SLV,DF,32,5,1,144,1.6,0,0,0,0,0,0,0,0,0.00,0.00,0.00,0.00,0.00,Matches,Major League Soccer,2025
d85152ae,Rubén Ramos,us USA,MF,18,6,1,130,1.4,0,0,0,0,0,0,0,0,0.00,0.00,0.00,0.00,0.00,Matches,Major League Soccer,2025
b2d27b1d,Nicklaus Sullivan,us USA,FW,22,1,0,11,0.1,0,0,0,0,0,0,0,0,0.00,0.00,0.00,0.00,0.00,Matches,Major League Soccer,2025
980dba3d,Ascel Essengue,cm CMR,DF,21,0,0,,,,,,,,,,,,,,,,Matches,Major League Soccer,2025
a0bd08bb,Sean Karani,us USA,MF,24,0,0,,,,,,,,,,,,,,,,Matches,Major League Soccer,2025
a7079fb0,Thomas Musto,us USA,MF,21,0,0,,,,,,,,,,,,,,,,Matches,Major League Soccer,2025
9a2e0ccc,Emil Forsberg,se SWE,MF,33,33,33,"2,866",31.8,11,8,19,9,2,2,4,0,0.35,0.25,0.60,0.28,0.53,Matches,Major League Soccer,2025
5c07e176,Carlos Coronel,py PAR,GK,28,31,31,"2,790",31.0,0,0,0,0,0,0,0,0,0.00,0.00,0.00,0.00,0.00,Matches,Major League Soccer,2025
0e6bc38c,Eric Maxim Choupo-Moting,cm CMR,FW,35,33,31,"2,755",30.6,17,4,21,12,5,6,5,0,0.56,0.13,0.69,0.39,0.52,Matches,Major League Soccer,2025
e1574c2d,Noah Eile,se SWE,DF,22,30,29,"2,610",29.0,1,0,1,1,0,0,8,0,0.03,0.00,0.03,0.03,0.03,Matches,Major League Soccer,2025
a8de0bd5,Daniel Edelman,us USA,MF,21,26,25,"2,018",22.4,1,0,1,1,0,0,5,0,0.04,0.00,0.04,0.04,0.04,Matches,Major League Soccer,2025
16000870,Peter Stroud,us USA,MF,22,27,22,"1,720",19.1,0,3,3,0,0,0,6,0,0.00,0.16,0.16,0.00,0.16,Matches,Major League Soccer,2025
cab97dd2,Wikelman Carmona,ve VEN,MF,21,34,21,"1,891",21.0,0,1,1,0,0,0,1,0,0.00,0.05,0.05,0.00,0.05,Matches,Major League Soccer,2025
8c1b17b3,Sean Nealis,us USA,DF,28,25,20,"1,833",20.4,0,0,0,0,0,0,8,0,0.00,0.00,0.00,0.00,0.00,Matches,Major League Soccer,2025
09390bae,Mohammed Sofo,gh GHA,"MF,FW",20,25,19,"1,577",17.5,5,0,5,5,0,0,3,0,0.29,0.00,0.29,0.29,0.29,Matches,Major League Soccer,2025
575e6cb1,Kyle Duncan,us USA,"DF,MF",27,20,17,"1,531",17.0,0,3,3,0,0,0,3,1,0.00,0.18,0.18,0.00,0.18,Matches,Major League Soccer,2025
790c93ea,Omar Valencia,pa PAN,"DF,MF",20,20,17,"1,399",15.5,0,5,5,0,0,0,6,0,0.00,0.32,0.32,0.00,0.32,Matches,Major League Soccer,2025
a5ec3ede,Alexander Hack,de GER,DF,31,22,16,"1,451",16.1,1,0,1,1,0,0,6,0,0.06,0.00,0.06,0.06,0.06,Matches,Major League Soccer,2025
b828d56a,Raheem Edwards,ca CAN,"DF,MF",29,24,15,"1,427",15.9,0,0,0,0,0,0,5,1,0.00,0.00,0.00,0.00,0.00,Matches,Major League Soccer,2025
24f4dd87,Dylan Nealis,us USA,"DF,MF",26,18,13,"1,093",12.1,1,0,1,1,0,0,3,0,0.08,0.00,0.08,0.08,0.08,Matches,Major League Soccer,2025
a9af351a,Felipe Carballo,uy URU,MF,28,16,10,941,10.5,0,1,1,0,0,0,3,1,0.00,0.10,0.10,0.00,0.10,Matches,Major League Soccer,2025
4988a44d,Tim Parker,us USA,DF,31,13,10,867,9.6,1,0,1,1,0,0,2,0,0.10,0.00,0.10,0.10,0.10,Matches,Major League Soccer,2025
82a10738,Ronald Donkor,gh GHA,MF,20,20,8,867,9.6,0,2,2,0,0,0,5,0,0.00,0.21,0.21,0.00,0.21,Matches,Major League Soccer,2025
88a9b30e,Dennis Gjengaar,no NOR,MF,20,21,8,763,8.5,2,1,3,2,0,0,2,0,0.24,0.12,0.35,0.24,0.35,Matches,Major League Soccer,2025
4a78c769,Cameron Harper,us USA,"MF,DF",23,12,8,668,7.4,3,2,5,3,0,0,2,0,0.40,0.27,0.67,0.40,0.67,Matches,Major League Soccer,2025
de7a0fe6,Serge Ngoma,us USA,"MF,FW",19,20,5,630,7.0,1,0,1,1,0,0,4,0,0.14,0.00,0.14,0.14,0.14,Matches,Major League Soccer,2025
ea7733d4,Julian Hall,us USA,"FW,MF",16,26,4,681,7.6,1,0,1,1,0,0,0,0,0.13,0.00,0.13,0.13,0.13,Matches,Major League Soccer,2025
b8103669,Gustav Berggren,se SWE,MF,27,6,4,353,3.9,0,0,0,0,0,0,0,0,0.00,0.00,0.00,0.00,0.00,Matches,Major League Soccer,2025
54059668,Marcelo Morales,cl CHI,DF,21,4,2,183,2.0,0,0,0,0,0,0,0,0,0.00,0.00,0.00,0.00,0.00,Matches,Major League Soccer,2025
20c86a38,AJ Marcucci,us USA,GK,25,2,2,180,2.0,0,0,0,0,0,0,0,0,0.00,0.00,0.00,0.00,0.00,Matches,Major League Soccer,2025
b675e328,Lewis Morgan,sct SCO,"MF,FW",28,3,2,148,1.6,0,0,0,0,0,0,0,0,0.00,0.00,0.00,0.00,0.00,Matches,Major League Soccer,2025
68a0a431,Wiktor Bogacz,pl POL,FW,20,19,1,317,3.5,1,1,2,1,0,0,1,0,0.28,0.28,0.57,0.28,0.57,Matches,Major League Soccer,2025
249362e9,John McCarthy,us USA,GK,32,1,1,90,1.0,0,0,0,0,0,0,0,0,0.00,0.00,0.00,0.00,0.00,Matches,Major League Soccer,2025
82f03f3d,Rafael Mosquera,pa PAN,FW,19,1,0,9,0.1,0,0,0,0,0,0,0,0,0.00,0.00,0.00,0.00,0.00,Matches,Major League Soccer,2025
1ced6bde,Nehuén Benedetti,ar ARG,MF,19,0,0,,,,,,,,,,,,,,,,Matches,Major League Soccer,2025
b351a2b2,Austin Causey,us USA,GK,23,0,0,,,,,,,,,,,,,,,,Matches,Major League Soccer,2025
b4642b52,Aiden Jarvis,ag ATG,DF,20,0,0,,,,,,,,,,,,,,,,Matches,Major League Soccer,2025
5178f39c,Adri Mehmeti,us USA,MF,15,0,0,,,,,,,,,,,,,,,,Matches,Major League Soccer,2025
193b60a6,Roald Mitchell,tt TRI,MF,22,0,0,,,,,,,,,,,,,,,,Matches,Major League Soccer,2025
24d1531c,Andy Rojas,cr CRC,FW,19,0,0,,,,,,,,,,,,,,,,Matches,Major League Soccer,2025
01c66b96,Tanner Rosborough,us USA,FW,16,0,0,,,,,,,,,,,,,,,,Matches,Major League Soccer,2025
598702df,Aidan Stokes,us USA,GK,17,0,0,,,,,,,,,,,,,,,,Matches,Major League Soccer,2025
1c341b14,David Schnegg,at AUT,"DF,MF",26,32,31,"2,698",30.0,0,1,1,0,0,0,8,0,0.00,0.03,0.03,0.00,0.03,Matches,Major League Soccer,2025
8caf6772,Kye Rowles,au AUS,DF,26,31,29,"2,686",29.8,0,0,0,0,0,0,8,0,0.00,0.00,0.00,0.00,0.00,Matches,Major League Soccer,2025
c90615e6,Lucas Bartlett,us USA,DF,27,30,29,"2,603",28.9,0,0,0,0,0,0,6,0,0.00,0.00,0.00,0.00,0.00,Matches,Major League Soccer,2025
e6f22a6b,Luis Barraza,us USA,GK,28,24,24,"2,090",23.2,0,1,1,0,0,0,3,1,0.00,0.04,0.04,0.00,0.04,Matches,Major League Soccer,2025
d86e3070,Aaron Herrera,gt GUA,"DF,MF",27,26,24,"2,066",23.0,0,2,2,0,0,0,10,2,0.00,0.09,0.09,0.00,0.09,Matches,Major League Soccer,2025
4d825a2d,Brandon Servania,us USA,MF,25,30,24,"2,038",22.6,0,2,2,0,0,0,7,0,0.00,0.09,0.09,0.00,0.09,Matches,Major League Soccer,2025
ab070c55,Christian Benteke,be BEL,FW,34,25,23,"1,877",20.9,9,3,12,7,2,3,7,0,0.43,0.14,0.58,0.34,0.48,Matches,Major League Soccer,2025
17205abf,Gabriel Pirani,br BRA,"MF,FW",22,28,22,"1,892",21.0,7,3,10,7,0,0,2,0,0.33,0.14,0.48,0.33,0.48,Matches,Major League Soccer,2025
8a861bc5,Peglow,br BRA,"MF,FW",23,24,21,"1,693",18.8,3,3,6,3,0,0,3,0,0.16,0.16,0.32,0.16,0.32,Matches,Major League Soccer,2025
858f1390,Hosei Kijima,jp JPN,"MF,FW",22,29,20,"1,593",17.7,2,0,2,2,0,0,0,0,0.11,0.00,0.11,0.11,0.11,Matches,Major League Soccer,2025
11c00e70,Boris Enow,cm CMR,MF,24,29,17,"1,636",18.2,1,0,1,1,0,0,8,0,0.06,0.00,0.06,0.06,0.06,Matches,Major League Soccer,2025
6396308d,Conner Antley,us USA,"DF,MF",29,20,17,"1,343",14.9,1,1,2,1,0,0,1,0,0.07,0.07,0.13,0.07,0.13,Matches,Major League Soccer,2025
7af31216,Matti Peltola,fi FIN,"MF,DF",22,26,16,"1,527",17.0,0,1,1,0,0,0,6,0,0.00,0.06,0.06,0.00,0.06,Matches,Major League Soccer,2025
5d018899,Jared Stroud,us USA,"MF,FW",28,29,15,"1,303",14.5,0,0,0,0,0,0,3,0,0.00,0.00,0.00,0.00,0.00,Matches,Major League Soccer,2025
8344adf5,Jackson Hopkins,us USA,MF,20,17,11,839,9.3,3,0,3,3,0,0,4,0,0.32,0.00,0.32,0.32,0.32,Matches,Major League Soccer,2025
b6111d16,Lukas MacNaughton,ca CAN,DF,29,11,9,715,7.9,1,0,1,1,0,0,3,1,0.13,0.00,0.13,0.13,0.13,Matches,Major League Soccer,2025
7676c367,Kim Joonhong,kr KOR,GK,21,8,8,720,8.0,0,0,0,0,0,0,1,0,0.00,0.00,0.00,0.00,0.00,Matches,Major League Soccer,2025
a1f61bdf,Jacob Murrell,us USA,"FW,MF",20,24,7,878,9.8,2,1,3,2,0,0,1,0,0.21,0.10,0.31,0.21,0.31,Matches,Major League Soccer,2025
0d32b115,Garrison Tubbs,us USA,DF,22,8,7,565,6.3,0,0,0,0,0,0,3,0,0.00,0.00,0.00,0.00,0.00,Matches,Major League Soccer,2025
758ac389,Dominique Badji,sn SEN,"FW,MF",32,21,6,748,8.3,1,0,1,1,0,0,3,0,0.12,0.00,0.12,0.12,0.12,Matches,Major League Soccer,2025
b9b0304a,Derek Dodson,us USA,"DF,MF",26,14,5,577,6.4,0,1,1,0,0,0,1,0,0.00,0.16,0.16,0.00,0.16,Matches,Major League Soccer,2025
874a5031,Randall Leal,cr CRC,"MF,FW",28,15,4,523,5.8,0,1,1,0,0,0,0,0,0.00,0.17,0.17,0.00,0.17,Matches,Major League Soccer,2025
e1e65f24,Rida Zouhir,ca CAN,MF,21,15,2,335,3.7,0,0,0,0,0,0,1,0,0.00,0.00,0.00,0.00,0.00,Matches,Major League Soccer,2025
7b20d178,Jordan Farr,us USA,GK,30,3,2,248,2.8,0,0,0,0,0,0,0,0,0.00,0.00,0.00,0.00,0.00,Matches,Major League Soccer,2025
6e327d0d,Caden Clark,us USA,FW,21,4,1,140,1.6,0,0,0,0,0,0,1,0,0.00,0.00,0.00,0.00,0.00,Matches,Major League Soccer,2025
67d3d023,Kristian Fletcher,us USA,FW,19,3,0,77,0.9,0,0,0,0,0,0,0,0,0.00,0.00,0.00,0.00,0.00,Matches,Major League Soccer,2025
4abe30fa,Fidel Barajas,mx MEX,MF,18,4,0,38,0.4,0,0,0,0,0,0,0,0,0.00,0.00,0.00,0.00,0.00,Matches,Major League Soccer,2025
d86edf5a,Gavin Turner,us USA,MF,18,1,0,25,0.3,0,0,0,0,0,0,0,0,0.00,0.00,0.00,0.00,0.00,Matches,Major League Soccer,2025
e216e242,Bibi Karamoko,us USA,FW,19,1,0,20,0.2,0,0,0,0,0,0,1,0,0.00,0.00,0.00,0.00,0.00,Matches,Major League Soccer,2025
11c30a46,Carles Gil,es ESP,"MF,FW",32,34,34,"3,054",33.9,10,9,19,5,5,5,3,0,0.29,0.27,0.56,0.15,0.41,Matches,Major League Soccer,2025
0de73fa4,Alhassan Yusuf,ng NGA,MF,24,34,32,"2,934",32.6,2,1,3,2,0,0,5,0,0.06,0.03,0.09,0.06,0.09,Matches,Major League Soccer,2025
4c4ffacc,Mamadou Fofana,ml MLI,DF,27,30,30,"2,571",28.6,0,1,1,0,0,0,9,0,0.00,0.04,0.04,0.00,0.04,Matches,Major League Soccer,2025
3fa61ade,Brayan Ceballos,co COL,DF,23,29,29,"2,551",28.3,1,0,1,1,0,0,9,0,0.04,0.00,0.04,0.04,0.04,Matches,Major League Soccer,2025
d1d418f8,Matt Polster,us USA,MF,31,26,26,"2,317",25.7,1,1,2,1,0,0,7,0,0.04,0.04,0.08,0.04,0.08,Matches,Major League Soccer,2025
fe91e603,Ilay Feingold,il ISR,"MF,DF",20,29,26,"2,239",24.9,3,3,6,3,0,0,3,0,0.12,0.12,0.24,0.12,0.24,Matches,Major League Soccer,2025
6cb5be4f,Peyton Miller,us USA,"MF,DF",17,26,25,"2,071",23.0,2,2,4,2,0,0,3,1,0.09,0.09,0.17,0.09,0.17,Matches,Major League Soccer,2025
4d6e50d8,Aljaž Ivačič,si SVN,GK,31,24,24,"2,160",24.0,0,0,0,0,0,0,1,0,0.00,0.00,0.00,0.00,0.00,Matches,Major League Soccer,2025
3f1b018e,Tanner Beason,us USA,DF,27,27,22,"1,946",21.6,0,1,1,0,0,0,1,0,0.00,0.05,0.05,0.00,0.05,Matches,Major League Soccer,2025
bf9c0749,Leonardo Campana,ec ECU,FW,24,24,20,"1,645",18.3,7,1,8,7,0,0,5,0,0.38,0.05,0.44,0.38,0.44,Matches,Major League Soccer,2025
b9532512,Luca Langoni,ar ARG,"MF,FW",22,27,19,"1,633",18.1,2,2,4,2,0,0,4,0,0.11,0.11,0.22,0.11,0.22,Matches,Major League Soccer,2025
23c63b7f,Ignatius Ganago,cm CMR,"MF,FW",25,20,19,"1,574",17.5,3,2,5,3,0,0,1,0,0.17,0.11,0.29,0.17,0.29,Matches,Major League Soccer,2025
317be364,Tomás Chancalay,ar ARG,"FW,MF",26,26,12,"1,175",13.1,4,2,6,4,0,0,4,0,0.31,0.15,0.46,0.31,0.46,Matches,Major League Soccer,2025
9fcd12af,Brandon Bye,us USA,"MF,DF",29,26,12,"1,107",12.3,0,0,0,0,0,0,0,0,0.00,0.00,0.00,0.00,0.00,Matches,Major League Soccer,2025
4a51ba65,Matt Turner,us USA,GK,30,10,10,900,10.0,0,0,0,0,0,0,0,0,0.00,0.00,0.00,0.00,0.00,Matches,Major League Soccer,2025
7dce16bf,Jackson Yueill,us USA,MF,27,14,8,726,8.1,0,0,0,0,0,0,1,0,0.00,0.00,0.00,0.00,0.00,Matches,Major League Soccer,2025
960a4473,William Sands,us USA,"MF,DF",24,19,6,737,8.2,0,0,0,0,0,0,3,0,0.00,0.00,0.00,0.00,0.00,Matches,Major League Soccer,2025
6c8fb474,Maximiliano Urruti,ar ARG,FW,33,20,5,591,6.6,2,0,2,2,0,0,3,0,0.30,0.00,0.30,0.30,0.30,Matches,Major League Soccer,2025
cd44ba68,Wyatt Omsberg,us USA,DF,29,9,4,393,4.4,0,0,0,0,0,0,0,0,0.00,0.00,0.00,0.00,0.00,Matches,Major League Soccer,2025
3b0f3e7a,Keegan Hughes,us USA,DF,24,7,4,369,4.1,0,0,0,0,0,0,2,0,0.00,0.00,0.00,0.00,0.00,Matches,Major League Soccer,2025
1b0cc998,Allan Oyirwoth,ug UGA,MF,18,5,4,286,3.2,0,0,0,0,0,0,3,0,0.00,0.00,0.00,0.00,0.00,Matches,Major League Soccer,2025
d9d3eb6c,Dor Turgeman,il ISR,FW,21,3,2,213,2.4,3,1,4,3,0,0,1,0,1.27,0.42,1.69,1.27,1.69,Matches,Major League Soccer,2025
1c9838aa,Luis Díaz,cr CRC,FW,26,19,1,398,4.4,0,1,1,0,0,0,2,0,0.00,0.23,0.23,0.00,0.23,Matches,Major League Soccer,2025
3d47c1ad,Noel Buck,eng ENG,MF,19,2,0,24,0.3,0,0,0,0,0,0,0,0,0.00,0.00,0.00,0.00,0.00,Matches,Major League Soccer,2025
71eda165,Andrew Farrell,us USA,DF,32,3,0,23,0.3,0,0,0,0,0,0,0,0,0.00,0.00,0.00,0.00,0.00,Matches,Major League Soccer,2025
0da84c8b,Sharod George,us USA,MF,20,1,0,5,0.1,0,0,0,0,0,0,0,0,0.00,0.00,0.00,0.00,0.00,Matches,Major League Soccer,2025
48493ede,Eric Klein,us USA,MF,18,2,0,2,0.0,0,0,0,0,0,0,0,0,0.00,0.00,0.00,0.00,0.00,Matches,Major League Soccer,2025
aa28a396,Alex Bono,us USA,GK,30,0,0,,,,,,,,,,,,,,,,Matches,Major League Soccer,2025
31aa1045,John David Gunn,pa PAN,GK,25,0,0,,,,,,,,,,,,,,,,Matches,Major League Soccer,2025
5f27940c,Gevork Diarbian,us USA,MF,23,0,0,,,,,,,,,,,,,,,,Matches,Major League Soccer,2025
730afdd6,Malcolm Fry,us USA,FW,19,0,0,,,,,,,,,,,,,,,,Matches,Major League Soccer,2025
c19a1f0f,Cristiano Oliveira,us USA,MF,16,0,0,,,,,,,,,,,,,,,,Matches,Major League Soccer,2025
121ca823,Jack Panayotou,us USA,MF,20,0,0,,,,,,,,,,,,,,,,Matches,Major League Soccer,2025
8bf8b648,Donovan Parisian,us USA,GK,20,0,0,,,,,,,,,,,,,,,,Matches,Major League Soccer,2025
6b306c92,John Pulskamp,us USA,GK,23,34,34,"3,060",34.0,0,2,2,0,0,0,3,0,0.00,0.06,0.06,0.00,0.06,Matches,Major League Soccer,2025
95a24690,Dejan Joveljić,rs SRB,FW,25,32,31,"2,763",30.7,18,2,20,13,5,6,3,0,0.59,0.07,0.65,0.42,0.49,Matches,Major League Soccer,2025
d94653be,Magomed-Shapi Suleymanov,ru RUS,"MF,FW",25,32,26,"2,017",22.4,2,3,5,2,0,0,2,1,0.09,0.13,0.22,0.09,0.22,Matches,Major League Soccer,2025
c2183cdd,Jansen Miller,us USA,DF,22,29,25,"2,304",25.6,0,1,1,0,0,0,2,0,0.00,0.04,0.04,0.00,0.04,Matches,Major League Soccer,2025
6fcddf5f,Dániel Sallói,hu HUN,"FW,MF",28,33,24,"2,185",24.3,7,2,9,7,0,0,4,0,0.29,0.08,0.37,0.29,0.37,Matches,Major League Soccer,2025
6ed1a2a2,Manu García,es ESP,MF,27,27,23,"2,094",23.3,2,7,9,2,0,0,5,0,0.09,0.30,0.39,0.09,0.39,Matches,Major League Soccer,2025
f625e8a5,Logan Ndenbe,be BEL,DF,24,30,22,"1,990",22.1,1,0,1,1,0,0,2,0,0.05,0.00,0.05,0.05,0.05,Matches,Major League Soccer,2025
5b40c2a1,Jacob Bartlett,us USA,MF,19,30,22,"1,935",21.5,0,1,1,0,0,0,8,0,0.00,0.05,0.05,0.00,0.05,Matches,Major League Soccer,2025
f935709c,Khiry Shelton,us USA,DF,31,27,21,"1,803",20.0,0,1,1,0,0,0,2,1,0.00,0.05,0.05,0.00,0.05,Matches,Major League Soccer,2025
79d3a503,Jake Davis,us USA,"MF,DF",23,28,19,"1,865",20.7,0,1,1,0,0,0,7,1,0.00,0.05,0.05,0.00,0.05,Matches,Major League Soccer,2025
6297d826,Zorhan Bassong,ca CAN,MF,25,25,18,"1,665",18.5,1,0,1,1,0,0,8,0,0.05,0.00,0.05,0.05,0.05,Matches,Major League Soccer,2025
33d9d789,Robert Voloder,ba BIH,DF,23,18,16,"1,490",16.6,0,0,0,0,0,0,1,0,0.00,0.00,0.00,0.00,0.00,Matches,Major League Soccer,2025
b86a64b2,Joaquín Fernández,es ESP,DF,28,17,16,"1,298",14.4,0,0,0,0,0,0,6,0,0.00,0.00,0.00,0.00,0.00,Matches,Major League Soccer,2025
df8e7b62,Erik Thommy,de GER,"MF,FW",30,25,14,"1,271",14.1,4,4,8,4,0,0,0,0,0.28,0.28,0.57,0.28,0.57,Matches,Major League Soccer,2025
b5dd3469,Nemanja Radoja,rs SRB,MF,31,20,13,"1,099",12.2,0,0,0,0,0,0,3,0,0.00,0.00,0.00,0.00,0.00,Matches,Major League Soccer,2025
f2571c91,Tim Leibold,de GER,DF,31,19,11,871,9.7,1,2,3,1,0,0,6,0,0.10,0.21,0.31,0.10,0.31,Matches,Major League Soccer,2025
dd986929,Santiago Muñóz,mx MEX,"MF,FW",22,21,8,871,9.7,3,2,5,2,1,1,0,0,0.31,0.21,0.52,0.21,0.41,Matches,Major League Soccer,2025
fc6c6b2b,Memo Rodriguez,us USA,MF,29,19,7,654,7.3,0,0,0,0,0,0,3,0,0.00,0.00,0.00,0.00,0.00,Matches,Major League Soccer,2025
33e46323,Andrew Brody,us USA,DF,29,12,6,493,5.5,0,0,0,0,0,0,0,0,0.00,0.00,0.00,0.00,0.00,Matches,Major League Soccer,2025
3e10c876,Ian James,us USA,DF,16,8,5,491,5.5,0,0,0,0,0,0,1,0,0.00,0.00,0.00,0.00,0.00,Matches,Major League Soccer,2025
78db8e07,Alán Montes,mx MEX,DF,24,8,5,458,5.1,0,0,0,0,0,0,1,0,0.00,0.00,0.00,0.00,0.00,Matches,Major League Soccer,2025
0aa41f67,Mason Toye,us USA,FW,26,21,4,519,5.8,3,2,5,3,0,0,0,0,0.52,0.35,0.87,0.52,0.87,Matches,Major League Soccer,2025
1c886b0e,Daniel Rosero,co COL,DF,31,5,2,180,2.0,0,0,0,0,0,0,1,0,0.00,0.00,0.00,0.00,0.00,Matches,Major League Soccer,2025
cea02b5b,Stephen Afrifa,ca CAN,MF,23,9,1,138,1.5,0,0,0,0,0,0,1,0,0.00,0.00,0.00,0.00,0.00,Matches,Major League Soccer,2025
d2275b1b,William Agada,ng NGA,FW,25,6,1,99,1.1,0,0,0,0,0,0,0,0,0.00,0.00,0.00,0.00,0.00,Matches,Major League Soccer,2025
931622a6,Ryan Schewe,us USA,GK,22,0,0,,,,,,,,,,,,,,,,Matches,Major League Soccer,2025
4cd41883,Paxten Aaronson,Paxten Aaronson,us USA,MF,Colorado Rapids,22-231,2003,7,7,588,6.5,3,1,4,3,0,0,0,0,0.46,0.15,0.61,0.46,0.61,Matches,0.30,0.75,10,4,40.0,0.61,1.53,,,,,,,,,,,,,,,,,,,Major League Soccer,2026
1339039e,Liel Abada,Liel Abada,il ISR,"MF,FW",Charlotte,24-193,2001,6,4,302,3.4,0,2,2,0,0,0,1,0,0.00,0.60,0.60,0.00,0.60,Matches,0.00,0.00,9,7,77.8,2.09,2.68,,,,,,,,,,,,,,,,,,,Major League Soccer,2026
629aac47,Ezequiel Abadia-Reda,Ezequiel Abadia-Reda,us USA,DF,Inter Miami,20-052,2006,1,0,23,0.3,0,0,0,0,0,0,0,0,0.00,0.00,0.00,0.00,0.00,Matches,,,0,0,,0.00,0.00,,,,,,,,,,,,,,,,,,,Major League Soccer,2026
a06467dc,Wessam Abou Ali,Wessam Abou Ali,ps PLE,FW,Columbus Crew,27-100,1999,7,7,565,6.3,5,1,6,5,0,1,1,0,0.80,0.16,0.96,0.80,0.96,Matches,0.25,0.56,20,9,45.0,1.43,3.19,,,,,,,,,,,,,,,,,,,Major League Soccer,2026
c5f400f4,Bryan Acosta,Bryan Acosta,hn HON,MF,Nashville SC,32-141,1993,2,1,61,0.7,0,0,0,0,0,0,0,0,0.00,0.00,0.00,0.00,0.00,Matches,,,0,0,,0.00,0.00,,,,,,,,,,,,,,,,,,,Major League Soccer,2026
cea02b5b,Stephen Afrifa,Stephen Afrifa,ca CAN,FW,Sporting KC,25-054,2001,6,0,113,1.3,0,1,1,0,0,0,0,0,0.00,0.80,0.80,0.00,0.80,Matches,0.00,0.00,2,2,100.0,1.59,1.59,,,,,,,,,,,,,,,,,,,Major League Soccer,2026
85ae83c8,Kwaku Agyabeng,Kwaku Agyabeng,gh GHA,MF,Sporting KC,19-291,2006,5,0,115,1.3,0,0,0,0,0,0,0,0,0.00,0.00,0.00,0.00,0.00,Matches,,,0,0,,0.00,0.00,,,,,,,,,,,,,,,,,,,Major League Soccer,2026
65bf5126,Morrison Agyemang,Morrison Agyemang,gh GHA,DF,Charlotte,21-114,2004,6,5,495,5.5,0,0,0,0,0,0,2,0,0.00,0.00,0.00,0.00,0.00,Matches,0.00,,1,0,0.0,0.00,0.18,,,,,,,,,,,,,,,,,,,Major League Soccer,2026
4b45ac00,Jorge Alastuey,Jorge Alastuey,es ESP,MF,Austin FC,22-335,2003,1,0,32,0.4,0,0,0,0,0,0,0,0,0.00,0.00,0.00,0.00,0.00,Matches,0.00,,1,0,0.0,0.00,2.81,,,,,,,,,,,,,,,,,,,Major League Soccer,2026
043f389a,Noah Allen,Noah Allen,gr GRE,DF,Inter Miami,21-351,2004,6,6,462,5.1,0,1,1,0,0,0,0,0,0.00,0.19,0.19,0.00,0.19,Matches,,,0,0,,0.00,0.00,,,,,,,,,,,,,,,,,,,Major League Soccer,2026
75a66bed,Tadeo Allende,Tadeo Allende,ar ARG,MF,Inter Miami,27-053,1999,6,3,295,3.3,0,0,0,0,0,0,2,0,0.00,0.00,0.00,0.00,0.00,Matches,0.00,0.00,5,3,60.0,0.92,1.53,,,,,,,,,,,,,,,,,,,Major League Soccer,2026
862a1c15,Miguel Almirón,Miguel Almirón,py PAR,"FW,MF",Atlanta Utd,32-063,1994,7,7,627,7.0,0,2,2,0,0,0,0,0,0.00,0.29,0.29,0.00,0.29,Matches,0.00,0.00,18,5,27.8,0.72,2.58,,,,,,,,,,,,,,,,,,,Major League Soccer,2026
033672ed,Rodolfo Aloko,Rodolfo Aloko,bj BEN,MF,Charlotte,19-109,2006,1,0,8,0.1,0,0,0,0,0,0,0,0,0.00,0.00,0.00,0.00,0.00,Matches,0.00,,1,0,0.0,0.00,11.25,,,,,,,,,,,,,,,,,,,Major League Soccer,2026
ad1f61f3,Steven Alzate,Steven Alzate,co COL,MF,Atlanta Utd,27-218,1998,7,4,397,4.4,0,0,0,0,0,0,1,0,0.00,0.00,0.00,0.00,0.00,Matches,0.00,0.00,3,1,33.3,0.23,0.68,,,,,,,,,,,,,,,,,,,Major League Soccer,2026
00dad262,Pedro Amador,Pedro Amador,pt POR,DF,Atlanta Utd,27-117,1998,4,0,40,0.4,0,0,0,0,0,0,0,0,0.00,0.00,0.00,0.00,0.00,Matches,0.00,,1,0,0.0,0.00,2.25,,,,,,,,,,,,,,,,,,,Major League Soccer,2026
83b6e15d,Malte Amundsen,Malte Amundsen,dk DEN,DF,Columbus Crew,28-062,1998,7,7,630,7.0,0,0,0,0,0,0,2,0,0.00,0.00,0.00,0.00,0.00,Matches,0.00,,3,0,0.0,0.00,0.43,,,,,,,,,,,,,,,,,,,Major League Soccer,2026
4cf81576,Felipe Andrade,Felipe Andrade,br BRA,DF,Houston Dynamo,23-320,2002,4,4,360,4.0,1,0,1,1,0,0,1,0,0.25,0.00,0.25,0.25,0.25,Matches,0.25,1.00,4,1,25.0,0.25,1.00,,,,,,,,,,,,,,,,,,,Major League Soccer,2026
c16ab6bc,Augustin Anello,Augustin Anello,it ITA,"MF,FW",Philadelphia Union,23-357,2002,4,2,171,1.9,1,0,1,1,0,0,0,0,0.53,0.00,0.53,0.53,0.53,Matches,0.14,0.33,7,3,42.9,1.58,3.68,,,,,,,,,,,,,,,,,,,Major League Soccer,2026
55a5d959,Iván Angulo,Iván Angulo,co COL,MF,Orlando City,27-023,1999,7,6,568,6.3,0,2,2,0,0,0,1,0,0.00,0.32,0.32,0.00,0.32,Matches,0.00,0.00,5,3,60.0,0.48,0.79,,,,,,,,,,,,,,,,,,,Major League Soccer,2026
6a2381f7,Antony,Antony,br BRA,"MF,FW",Portland Timbers,24-218,2001,6,6,499,5.5,1,1,2,1,0,0,0,0,0.18,0.18,0.36,0.18,0.36,Matches,0.13,1.00,8,1,12.5,0.18,1.44,,,,,,,,,,,,,,,,,,,Major League Soccer,2026
17b28ec7,Brian Anunga,Brian Anunga,cm CMR,MF,FC Cincinnati,29-247,1996,3,1,115,1.3,0,0,0,0,0,0,0,0,0.00,0.00,0.00,0.00,0.00,Matches,,,0,0,,0.00,0.00,,,,,,,,,,,,,,,,,,,Major League Soccer,2026
a3df8928,Matthew Arana,Matthew Arana,mx MEX,MF,Houston Dynamo,15-229,2010,1,0,3,0.0,0,0,0,0,0,0,0,0,0.00,0.00,0.00,0.00,0.00,Matches,,,0,0,,0.00,0.00,,,,,,,,,,,,,,,,,,,Major League Soccer,2026
4535ab5d,Alexander Aravena,Alexander Aravena,cl CHI,MF,Portland Timbers,23-220,2002,5,2,183,2.0,0,0,0,0,0,0,0,0,0.00,0.00,0.00,0.00,0.00,Matches,0.00,0.00,5,3,60.0,1.48,2.46,,,,,,,,,,,,,,,,,,,Major League Soccer,2026
668f881e,Max Arfsten,Max Arfsten,us USA,MF,Columbus Crew,24-360,2001,7,7,594,6.6,1,2,3,1,0,0,0,0,0.15,0.30,0.45,0.15,0.45,Matches,0.11,0.33,9,3,33.3,0.45,1.36,,,,,,,,,,,,,,,,,,,Major League Soccer,2026
268dec15,Emilio Aristizábal,Emilio Aristizábal,co COL,FW,Toronto FC,20-252,2005,7,2,165,1.8,0,0,0,0,0,0,0,0,0.00,0.00,0.00,0.00,0.00,Matches,0.00,0.00,5,3,60.0,1.64,2.73,,,,,,,,,,,,,,,,,,,Major League Soccer,2026
078b2c07,Daniel Armando Ríos,Daniel Armando Ríos,mx MEX,FW,CF Montréal,31-051,1995,4,0,98,1.1,0,0,0,0,0,0,0,0,0.00,0.00,0.00,0.00,0.00,Matches,0.00,,2,0,0.0,0.00,1.84,,,,,,,,,,,,,,,,,,,Major League Soccer,2026
1bb2acce,Paul Arriola,Paul Arriola,us USA,MF,Seattle Sounders,31-068,1995,4,1,100,1.1,0,0,0,0,0,0,1,0,0.00,0.00,0.00,0.00,0.00,Matches,0.00,,1,0,0.0,0.00,0.90,,,,,,,,,,,,,,,,,,,Major League Soccer,2026
1f084637,Joshua Atencio,Joshua Atencio,us USA,MF,Colorado Rapids,24-073,2002,7,5,443,4.9,1,0,1,1,0,0,3,0,0.20,0.00,0.20,0.20,0.20,Matches,0.50,1.00,2,1,50.0,0.20,0.41,,,,,,,,,,,,,,,,,,,Major League Soccer,2026
60990b81,Eduard Atuesta,Eduard Atuesta,co COL,MF,Orlando City,28-300,1997,5,3,231,2.6,0,0,0,0,0,0,2,0,0.00,0.00,0.00,0.00,0.00,Matches,,,0,0,,0.00,0.00,,,,,,,,,,,,,,,,,,,Major League Soccer,2026
4223d7bb,Julián Aude,Julián Aude,ar ARG,DF,LA Galaxy,23-021,2003,7,7,521,5.8,0,0,0,0,0,0,1,0,0.00,0.00,0.00,0.00,0.00,Matches,,,0,0,,0.00,0.00,,,,,,,,,,,,,,,,,,,Major League Soccer,2026
f51b9ae1,Tomás Avilés,Tomás Avilés,ar ARG,DF,CF Montréal,22-070,2004,4,3,220,2.4,0,0,0,0,0,0,0,1,0.00,0.00,0.00,0.00,0.00,Matches,0.00,,1,0,0.0,0.00,0.41,,,,,,,,,,,,,,,,,,,Major League Soccer,2026
b7bf9318,Nəriman Axundzadə,Nəriman Axundzadə,az AZE,MF,Columbus Crew,21-356,2004,2,0,4,0.0,0,0,0,0,0,0,0,0,0.00,0.00,0.00,0.00,0.00,Matches,,,0,0,,0.00,0.00,,,,,,,,,,,,,,,,,,,Major League Soccer,2026
06dafc0e,David Ayala,David Ayala,ar ARG,MF,Inter Miami,23-262,2002,3,3,219,2.4,0,0,0,0,0,0,0,0,0.00,0.00,0.00,0.00,0.00,Matches,0.00,,1,0,0.0,0.00,0.41,,,,,,,,,,,,,,,,,,,Major League Soccer,2026
4b22382f,Jeevan Badwal,Jeevan Badwal,ca CAN,MF,Vancouver W'caps,20-034,2006,7,5,435,4.8,0,0,0,0,0,0,0,0,0.00,0.00,0.00,0.00,0.00,Matches,0.00,0.00,5,2,40.0,0.41,1.03,,,,,,,,,,,,,,,,,,,Major League Soccer,2026
ecb61924,Elías Báez,Elías Báez,ar ARG,DF,Atlanta Utd,21-178,2004,7,7,614,6.8,0,1,1,0,0,0,2,0,0.00,0.15,0.15,0.00,0.15,Matches,0.00,0.00,7,3,42.9,0.44,1.03,,,,,,,,,,,,,,,,,,,Major League Soccer,2026
9e80b378,Drew Baiera,Drew Baiera,us USA,DF,NYCFC,19-045,2007,3,0,24,0.3,0,0,0,0,0,0,0,0,0.00,0.00,0.00,0.00,0.00,Matches,,,0,0,,0.00,0.00,,,,,,,,,,,,,,,,,,,Major League Soccer,2026
fdffba5d,Cody Baker,Cody Baker,us USA,DF,Seattle Sounders,22-097,2004,2,1,96,1.1,0,0,0,0,0,0,0,0,0.00,0.00,0.00,0.00,0.00,Matches,0.00,,1,0,0.0,0.00,0.94,,,,,,,,,,,,,,,,,,,Major League Soccer,2026
816d7aec,Reed Baker-Whiting,Reed Baker-Whiting,us USA,DF,Nashville SC,21-014,2005,4,1,114,1.3,0,0,0,0,0,0,0,0,0.00,0.00,0.00,0.00,0.00,Matches,0.00,,1,0,0.0,0.00,0.79,,,,,,,,,,,,,,,,,,,Major League Soccer,2026
b2bd0f6c,Jonathan Bamba,Jonathan Bamba,ci CIV,"MF,FW",Chicago Fire,30-019,1996,6,6,502,5.6,2,2,4,2,0,0,1,0,0.36,0.36,0.72,0.36,0.72,Matches,0.13,0.29,15,7,46.7,1.25,2.69,,,,,,,,,,,,,,,,,,,Major League Soccer,2026
67c8818a,Jesús Barea,Jesús Barea,es ESP,FW,Real Salt Lake,23-351,2002,3,0,17,0.2,0,0,0,0,0,0,0,0,0.00,0.00,0.00,0.00,0.00,Matches,0.00,,1,0,0.0,0.00,5.29,,,,,,,,,,,,,,,,,,,Major League Soccer,2026
18a8e594,Tai Baribo,Tai Baribo,il ISR,FW,D.C. United,28-089,1998,6,6,516,5.7,3,0,3,2,1,1,0,0,0.52,0.00,0.52,0.35,0.35,Matches,0.17,0.40,12,5,41.7,0.87,2.09,,,,,,,,,,,,,,,,,,,Major League Soccer,2026
da4821de,Tom Barlow,Tom Barlow,us USA,"FW,MF",FC Cincinnati,30-280,1995,7,3,298,3.3,1,0,1,1,0,0,0,0,0.30,0.00,0.30,0.30,0.30,Matches,0.13,0.20,8,5,62.5,1.51,2.42,,,,,,,,,,,,,,,,,,,Major League Soccer,2026
6bbda3e5,Leonardo Barroso,Leonardo Barroso,pt POR,"DF,MF",Chicago Fire,20-306,2005,7,7,543,6.0,0,0,0,0,0,0,1,0,0.00,0.00,0.00,0.00,0.00,Matches,0.00,0.00,5,2,40.0,0.33,0.83,,,,,,,,,,,,,,,,,,,Major League Soccer,2026
5b40c2a1,Jacob Bartlett,Jacob Bartlett,us USA,MF,Sporting KC,20-189,2005,7,6,529,5.9,1,0,1,1,0,0,2,0,0.17,0.00,0.17,0.17,0.17,Matches,1.00,1.00,1,1,100.0,0.17,0.17,,,,,,,,,,,,,,,,,,,Major League Soccer,2026
c90615e6,Lucas Bartlett,Lucas Bartlett,us USA,DF,D.C. United,28-262,1997,7,7,626,7.0,0,0,0,0,0,0,2,0,0.00,0.00,0.00,0.00,0.00,Matches,0.00,0.00,9,3,33.3,0.43,1.29,,,,,,,,,,,,,,,,,,,Major League Soccer,2026
552898bd,Ethan Bartlow,Ethan Bartlow,us USA,DF,Sporting KC,26-071,2000,5,5,405,4.5,0,0,0,0,0,0,0,0,0.00,0.00,0.00,0.00,0.00,Matches,0.00,0.00,1,1,100.0,0.22,0.22,,,,,,,,,,,,,,,,,,,Major League Soccer,2026
2c8da8a1,Cole Bassett,Cole Bassett,us USA,MF,Portland Timbers,24-260,2001,3,3,268,3.0,0,2,2,0,0,0,0,0,0.00,0.67,0.67,0.00,0.67,Matches,0.00,0.00,4,3,75.0,1.01,1.34,,,,,,,,,,,,,,,,,,,Major League Soccer,2026
6297d826,Zorhan Bassong,Zorhan Bassong,ca CAN,"DF,MF",Sporting KC,26-342,1999,1,0,27,0.3,0,0,0,0,0,0,0,0,0.00,0.00,0.00,0.00,0.00,Matches,,,0,0,,0.00,0.00,,,,,,,,,,,,,,,,,,,Major League Soccer,2026
733aa9ec,Josh Bauer,Josh Bauer,us USA,DF,Nashville SC,27-266,1998,5,2,218,2.4,0,0,0,0,0,0,1,0,0.00,0.00,0.00,0.00,0.00,Matches,0.00,,1,0,0.0,0.00,0.41,,,,,,,,,,,,,,,,,,,Major League Soccer,2026
bd7d2e6d,Timo Baumgartl,Timo Baumgartl,de GER,DF,St. Louis City,30-041,1996,7,7,630,7.0,1,0,1,1,0,0,1,0,0.14,0.00,0.14,0.14,0.14,Matches,1.00,1.00,1,1,100.0,0.14,0.14,,,,,,,,,,,,,,,,,,,Major League Soccer,2026
3f1b018e,Tanner Beason,Tanner Beason,us USA,DF,NE Revolution,29-022,1997,1,0,46,0.5,0,0,0,0,0,0,0,0,0.00,0.00,0.00,0.00,0.00,Matches,,,0,0,,0.00,0.00,,,,,,,,,,,,,,,,,,,Major League Soccer,2026
bc921182,Simon Becher,Simon Becher,us USA,FW,St. Louis City,26-268,1999,7,7,563,6.3,1,1,2,1,0,0,0,0,0.16,0.16,0.32,0.16,0.32,Matches,0.07,0.50,15,2,13.3,0.32,2.40,,,,,,,,,,,,,,,,,,,Major League Soccer,2026
9a6f8dfd,Alejandro Bedoya,Alejandro Bedoya,us USA,MF,Philadelphia Union,38-350,1987,5,1,134,1.5,0,1,1,0,0,0,0,0,0.00,0.67,0.67,0.00,0.67,Matches,0.00,0.00,3,1,33.3,0.67,2.01,,,,,,,,,,,,,,,,,,,Major League Soccer,2026
658a3134,Jon Bell,Jon Bell,jm JAM,DF,Austin FC,28-231,1997,6,2,225,2.5,1,0,1,1,0,0,1,0,0.40,0.00,0.40,0.40,0.40,Matches,1.00,1.00,1,1,100.0,0.40,0.40,,,,,,,,,,,,,,,,,,,Major League Soccer,2026
bc307884,Ben Bender,Ben Bender,us USA,MF,Philadelphia Union,25-038,2001,4,1,120,1.3,0,0,0,0,0,0,0,0,0.00,0.00,0.00,0.00,0.00,Matches,,,0,0,,0.00,0.00,,,,,,,,,,,,,,,,,,,Major League Soccer,2026
1ced6bde,Nehuén Benedetti,Nehuén Benedetti,ar ARG,MF,NY Red Bulls,21-049,2005,1,0,11,0.1,0,0,0,0,0,0,0,0,0.00,0.00,0.00,0.00,0.00,Matches,,,0,0,,0.00,0.00,,,,,,,,,,,,,,,,,,,Major League Soccer,2026
96d14fe7,Ramiro Benetti,Ramiro Benetti,br BRA,MF,FC Dallas,32-327,1993,7,6,457,5.1,0,1,1,0,0,0,1,0,0.00,0.20,0.20,0.00,0.20,Matches,0.00,0.00,2,1,50.0,0.20,0.39,,,,,,,,,,,,,,,,,,,Major League Soccer,2026
a0b95824,Lasse Berg Johnsen,Lasse Berg Johnsen,no NOR,MF,Sporting KC,26-239,1999,4,4,360,4.0,1,0,1,1,0,0,0,0,0.25,0.00,0.25,0.25,0.25,Matches,0.33,1.00,3,1,33.3,0.25,0.75,,,,,,,,,,,,,,,,,,,Major League Soccer,2026
b8103669,Gustav Berggren,Gustav Berggren,se SWE,DF,NY Red Bulls,28-219,1997,4,1,71,0.8,0,0,0,0,0,0,0,1,0.00,0.00,0.00,0.00,0.00,Matches,0.00,,1,0,0.0,0.00,1.27,,,,,,,,,,,,,,,,,,,Major League Soccer,2026
f33ee427,Sebastian Berhalter,Sebastian Berhalter,us USA,MF,Vancouver W'caps,24-332,2001,7,6,512,5.7,3,3,6,2,1,1,0,0,0.53,0.53,1.05,0.35,0.88,Matches,0.20,0.50,10,4,40.0,0.70,1.76,,,,,,,,,,,,,,,,,,,Major League Soccer,2026
377ef3a6,Juan Berrocal,Juan Berrocal,es ESP,DF,Atlanta Utd,26-345,1999,3,3,270,3.0,0,0,0,0,0,0,1,0,0.00,0.00,0.00,0.00,0.00,Matches,0.00,,1,0,0.0,0.00,0.33,,,,,,,,,,,,,,,,,,,Major League Soccer,2026
fa61a2db,Germán Berterame,Germán Berterame,mx MEX,FW,Inter Miami,27-152,1998,7,4,425,4.7,1,1,2,1,0,0,0,0,0.21,0.21,0.42,0.21,0.42,Matches,0.10,0.17,10,6,60.0,1.27,2.12,,,,,,,,,,,,,,,,,,,Major League Soccer,2026
1c59240b,Pep Biel,Pep Biel,es ESP,MF,Charlotte,29-221,1996,7,7,602,6.7,4,2,6,4,0,0,0,0,0.60,0.30,0.90,0.60,0.90,Matches,0.25,0.57,16,7,43.8,1.05,2.39,,,,,,,,,,,,,,,,,,,Major League Soccer,2026
223a2094,Mamadou Billo Diop,Mamadou Billo Diop,sn SEN,FW,Colorado Rapids,19-212,2006,1,0,9,0.1,0,0,0,0,0,0,0,0,0.00,0.00,0.00,0.00,0.00,Matches,,,0,0,,0.00,0.00,,,,,,,,,,,,,,,,,,,Major League Soccer,2026
8a582646,Ran Binyamin,Ran Binyamin,il ISR,MF,FC Dallas,22-067,2004,6,0,39,0.4,0,0,0,0,0,0,0,0,0.00,0.00,0.00,0.00,0.00,Matches,0.00,,2,0,0.0,0.00,4.62,,,,,,,,,,,,,,,,,,,Major League Soccer,2026
02c7236e,Guilherme Biro,Guilherme Biro,br BRA,DF,Austin FC,25-348,2000,5,4,293,3.3,1,0,1,1,0,0,1,1,0.31,0.00,0.31,0.31,0.31,Matches,0.14,0.50,7,2,28.6,0.61,2.15,,,,,,,,,,,,,,,,,,,Major League Soccer,2026
7f35d14e,Tristan Blackmon,Tristan Blackmon,us USA,DF,Vancouver W'caps,29-245,1996,6,6,540,6.0,1,0,1,1,0,0,0,0,0.17,0.00,0.17,0.17,0.17,Matches,0.25,1.00,4,1,25.0,0.17,0.67,,,,,,,,,,,,,,,,,,,Major League Soccer,2026
b3b21a11,Andre Blake,Andre Blake,jm JAM,GK,Philadelphia Union,35-144,1990,7,7,630,7.0,0,0,0,0,0,0,0,0,0.00,0.00,0.00,0.00,0.00,Matches,,,0,0,,0.00,0.00,0,0.0,7,7,12,1.71,6,630,0,0,0,,0,61.3,19,31,0,1,Major League Soccer,2026
a2c1d8c2,Mateusz Bogusz,Mateusz Bogusz,pl POL,"FW,MF",Houston Dynamo,24-235,2001,6,6,534,5.9,1,1,2,1,0,0,0,0,0.17,0.17,0.34,0.17,0.34,Matches,0.06,0.33,18,3,16.7,0.51,3.03,,,,,,,,,,,,,,,,,,,Major League Soccer,2026
1b78973a,Luca Bombino,Luca Bombino,us USA,DF,San Diego FC,19-278,2006,7,7,582,6.5,1,0,1,1,0,0,2,0,0.15,0.00,0.15,0.15,0.15,Matches,0.33,1.00,3,1,33.3,0.15,0.46,,,,,,,,,,,,,,,,,,,Major League Soccer,2026
c3a86eea,Jonathan Bond,Jonathan Bond,eng ENG,GK,Houston Dynamo,32-330,1993,6,6,540,6.0,0,0,0,0,0,0,0,0,0.00,0.00,0.00,0.00,0.00,Matches,,,0,0,,0.00,0.00,0,0.0,6,6,16,2.67,4,540,1,2,0,50.0,1,53.1,18,32,0,2,Major League Soccer,2026
5d22ca4b,Alex Bonetig,Alex Bonetig,au AUS,DF,Portland Timbers,23-237,2002,5,4,421,4.7,0,0,0,0,0,0,1,0,0.00,0.00,0.00,0.00,0.00,Matches,,,0,0,,0.00,0.00,,,,,,,,,,,,,,,,,,,Major League Soccer,2026
7e47a132,Zach Booth,Zach Booth,us USA,FW,Real Salt Lake,22-056,2004,3,2,138,1.5,0,0,0,0,0,0,0,0,0.00,0.00,0.00,0.00,0.00,Matches,,,0,0,,0.00,0.00,,,,,,,,,,,,,,,,,,,Major League Soccer,2026
df8c0be0,Diego Borges,Diego Borges,br BRA,DF,Sporting KC,21-120,2004,2,1,135,1.5,0,0,0,0,0,0,0,0,0.00,0.00,0.00,0.00,0.00,Matches,0.00,,1,0,0.0,0.00,0.67,,,,,,,,,,,,,,,,,,,Major League Soccer,2026
8ed39636,Dylan Borso,Dylan Borso,us USA,MF,Chicago Fire,19-316,2006,2,0,64,0.7,0,0,0,0,0,0,0,0,0.00,0.00,0.00,0.00,0.00,Matches,0.00,0.00,3,1,33.3,1.41,4.22,,,,,,,,,,,,,,,,,,,Major League Soccer,2026
0b0cbe5b,Denis Bouanga,Denis Bouanga,ga GAB,"MF,FW",LAFC,31-154,1994,7,7,567,6.3,4,1,5,4,0,0,3,0,0.63,0.16,0.79,0.63,0.79,Matches,0.14,0.33,28,12,42.9,1.90,4.44,,,,,,,,,,,,,,,,,,,Major League Soccer,2026
0672f944,Ousseni Bouda,Ousseni Bouda,bf BFA,"MF,FW",SJ Earthquakes,25-351,2000,7,7,585,6.5,2,0,2,2,0,0,1,0,0.31,0.00,0.31,0.31,0.31,Matches,0.14,0.33,14,6,42.9,0.92,2.15,,,,,,,,,,,,,,,,,,,Major League Soccer,2026
8c03d809,Amin Boudri,Amin Boudri,se SWE,MF,LAFC,21-197,2004,4,0,78,0.9,0,0,0,0,0,0,0,0,0.00,0.00,0.00,0.00,0.00,Matches,0.00,0.00,4,2,50.0,2.31,4.62,,,,,,,,,,,,,,,,,,,Major League Soccer,2026
a98f4de5,Agustín Bouzat,Agustín Bouzat,ar ARG,MF,Houston Dynamo,32-017,1994,5,4,319,3.5,0,0,0,0,0,0,0,1,0.00,0.00,0.00,0.00,0.00,Matches,0.00,0.00,6,2,33.3,0.56,1.69,,,,,,,,,,,,,,,,,,,Major League Soccer,2026
6bfa0d3a,Michael Boxall,Michael Boxall,nz NZL,DF,Minnesota Utd,37-239,1988,2,2,166,1.8,0,0,0,0,0,0,0,0,0.00,0.00,0.00,0.00,0.00,Matches,,,0,0,,0.00,0.00,,,,,,,,,,,,,,,,,,,Major League Soccer,2026
f4b1e26f,Tyler Boyd,Tyler Boyd,us USA,MF,LAFC,31-105,1994,7,2,248,2.8,1,0,1,1,0,0,1,0,0.36,0.00,0.36,0.36,0.36,Matches,0.13,0.25,8,4,50.0,1.45,2.90,,,,,,,,,,,,,,,,,,,Major League Soccer,2026
a71768a2,Chris Brady,Chris Brady,us USA,GK,Chicago Fire,22-042,2004,7,7,630,7.0,0,0,0,0,0,0,0,0,0.00,0.00,0.00,0.00,0.00,Matches,,,0,0,,0.00,0.00,4,57.1,7,7,5,0.71,2,630,1,1,0,0.0,0,83.3,20,24,1,4,Major League Soccer,2026
fd594b15,David Brekalo,David Brekalo,si SVN,DF,Orlando City,27-132,1998,6,6,540,6.0,0,0,0,0,0,0,1,0,0.00,0.00,0.00,0.00,0.00,Matches,0.00,0.00,3,1,33.3,0.17,0.50,,,,,,,,,,,,,,,,,,,Major League Soccer,2026
f6f4f7f0,Luke Brennan,Luke Brennan,us USA,FW,Atlanta Utd,21-049,2005,2,0,20,0.2,0,0,0,0,0,0,0,0,0.00,0.00,0.00,0.00,0.00,Matches,,,0,0,,0.00,0.00,,,,,,,,,,,,,,,,,,,Major League Soccer,2026
83b115d4,Yannick Bright,Yannick Bright,it ITA,MF,Inter Miami,24-223,2001,6,5,446,5.0,0,0,0,0,0,0,1,0,0.00,0.00,0.00,0.00,0.00,Matches,0.00,,1,0,0.0,0.00,0.20,,,,,,,,,,,,,,,,,,,Major League Soccer,2026
bd4460b1,Brandt Bronico,Brandt Bronico,us USA,MF,Charlotte,30-298,1995,6,2,235,2.6,0,0,0,0,0,0,0,0,0.00,0.00,0.00,0.00,0.00,Matches,0.00,,1,0,0.0,0.00,0.38,,,,,,,,,,,,,,,,,,,Major League Soccer,2026
1861c746,Snyder Brunell,Snyder Brunell,us USA,MF,Seattle Sounders,19-022,2007,6,2,275,3.1,0,0,0,0,0,0,1,0,0.00,0.00,0.00,0.00,0.00,Matches,0.00,0.00,2,2,100.0,0.65,0.65,,,,,,,,,,,,,,,,,,,Major League Soccer,2026
3235182a,Pavel Bucha,Pavel Bucha,cz CZE,MF,FC Cincinnati,28-034,1998,6,6,523,5.8,1,0,1,1,0,0,0,0,0.17,0.00,0.17,0.17,0.17,Matches,0.17,0.50,6,2,33.3,0.34,1.03,,,,,,,,,,,,,,,,,,,Major League Soccer,2026
8873ce45,Dawid Bugaj,Dawid Bugaj,pl POL,DF,CF Montréal,21-279,2004,3,2,208,2.3,0,0,0,0,0,0,0,0,0.00,0.00,0.00,0.00,0.00,Matches,0.00,0.00,3,1,33.3,0.43,1.30,,,,,,,,,,,,,,,,,,,Major League Soccer,2026
9d12e142,Roman Bürki,Roman Bürki,ch SUI,GK,St. Louis City,35-151,1990,7,7,630,7.0,0,0,0,0,0,0,1,0,0.00,0.00,0.00,0.00,0.00,Matches,,,0,0,,0.00,0.00,0,0.0,7,7,9,1.29,3,630,0,0,0,,0,71.0,22,31,3,1,Major League Soccer,2026
9fcd12af,Brandon Bye,Brandon Bye,us USA,DF,Portland Timbers,30-136,1995,7,6,575,6.4,0,1,1,0,0,0,2,0,0.00,0.16,0.16,0.00,0.16,Matches,0.00,,5,0,0.0,0.00,0.78,,,,,,,,,,,,,,,,,,,Major League Soccer,2026
c4041fbc,Nathan Byrne,Nathan Byrne,eng ENG,DF,Charlotte,33-313,1992,7,7,630,7.0,0,0,0,0,0,0,0,0,0.00,0.00,0.00,0.00,0.00,Matches,0.00,,1,0,0.0,0.00,0.14,,,,,,,,,,,,,,,,,,,Major League Soccer,2026
806f7a26,Rafael Cabral,Rafael Cabral,br BRA,GK,Real Salt Lake,35-329,1990,6,6,540,6.0,0,0,0,0,0,0,0,0,0.00,0.00,0.00,0.00,0.00,Matches,,,0,0,,0.00,0.00,0,0.0,6,6,8,1.33,1,540,0,0,0,,0,71.4,20,28,1,4,Major League Soccer,2026
eb442b0c,Kenji Cabrera,Kenji Cabrera,pe PER,MF,Vancouver W'caps,23-077,2003,3,0,61,0.7,0,1,1,0,0,0,0,0,0.00,1.48,1.48,0.00,1.48,Matches,0.00,,1,0,0.0,0.00,1.48,,,,,,,,,,,,,,,,,,,Major League Soccer,2026
7f06a1d2,Bruno Caicedo,Bruno Caicedo,ec ECU,MF,Vancouver W'caps,21-089,2005,2,0,48,0.5,0,1,1,0,0,0,0,0,0.00,1.87,1.87,0.00,1.87,Matches,0.00,0.00,5,1,20.0,1.87,9.37,,,,,,,,,,,,,,,,,,,Major League Soccer,2026
4b583a34,José Caicedo,José Caicedo,co COL,MF,Portland Timbers,23-326,2002,2,2,180,2.0,0,0,0,0,0,0,0,0,0.00,0.00,0.00,0.00,0.00,Matches,0.00,0.00,1,1,100.0,0.50,0.50,,,,,,,,,,,,,,,,,,,Major League Soccer,2026
682b151c,Taylor Calheira,Taylor Calheira,us USA,FW,Sporting KC,23-353,2002,5,0,31,0.3,0,0,0,0,0,0,1,0,0.00,0.00,0.00,0.00,0.00,Matches,0.00,0.00,2,2,100.0,5.81,5.81,,,,,,,,,,,,,,,,,,,Major League Soccer,2026
6d526838,Noel Caliskan,Noel Caliskan,de GER,MF,Real Salt Lake,25-228,2000,6,6,540,6.0,0,2,2,0,0,0,1,0,0.00,0.33,0.33,0.00,0.33,Matches,0.00,,4,0,0.0,0.00,0.67,,,,,,,,,,,,,,,,,,,Major League Soccer,2026
c4d9567d,Drake Callender,Drake Callender,us USA,GK,Minnesota Utd,28-189,1997,7,7,630,7.0,0,0,0,0,0,0,0,0,0.00,0.00,0.00,0.00,0.00,Matches,,,0,0,,0.00,0.00,2,28.6,7,7,13,1.86,2,630,2,2,0,0.0,0,71.8,28,39,2,3,Major League Soccer,2026
6ad16d47,Rudy Camacho,Rudy Camacho,fr FRA,DF,Columbus Crew,35-040,1991,7,6,547,6.1,0,0,0,0,0,0,0,0,0.00,0.00,0.00,0.00,0.00,Matches,0.00,0.00,2,2,100.0,0.33,0.33,,,,,,,,,,,,,,,,,,,Major League Soccer,2026
bf9c0749,Leonardo Campana,Leonardo Campana,ec ECU,FW,NE Revolution,25-264,2000,2,1,109,1.2,1,0,1,1,0,0,0,0,0.83,0.00,0.83,0.83,0.83,Matches,0.50,1.00,2,1,50.0,0.83,1.65,,,,,,,,,,,,,,,,,,,Major League Soccer,2026
ad9ffc7e,Reggie Cannon,Reggie Cannon,us USA,DF,Colorado Rapids,27-307,1998,3,3,199,2.2,0,0,0,0,0,0,1,0,0.00,0.00,0.00,0.00,0.00,Matches,0.00,0.00,1,1,100.0,0.45,0.45,,,,,,,,,,,,,,,,,,,Major League Soccer,2026
13d5fc25,Capita,Capita,ao ANG,MF,Sporting KC,24-094,2002,1,0,34,0.4,0,0,0,0,0,0,0,0,0.00,0.00,0.00,0.00,0.00,Matches,0.00,,1,0,0.0,0.00,2.65,,,,,,,,,,,,,,,,,,,Major League Soccer,2026
25ef5b47,Christian Cappis,Christian Cappis,us USA,MF,FC Dallas,26-244,1999,7,6,478,5.3,0,0,0,0,0,0,2,0,0.00,0.00,0.00,0.00,0.00,Matches,0.00,,3,0,0.0,0.00,0.56,,,,,,,,,,,,,,,,,,,Major League Soccer,2026
949fe1e8,Antonio Carlos,Antonio Carlos,br BRA,DF,Houston Dynamo,33-038,1993,5,5,404,4.5,0,0,0,0,0,0,0,1,0.00,0.00,0.00,0.00,0.00,Matches,0.00,0.00,4,1,25.0,0.22,0.89,,,,,,,,,,,,,,,,,,,Major League Soccer,2026
cab97dd2,Wikelman Carmona,Wikelman Carmona,ve VEN,MF,CF Montréal,23-049,2003,7,5,415,4.6,3,1,4,3,0,0,1,0,0.65,0.22,0.87,0.65,0.87,Matches,0.30,0.60,10,5,50.0,1.08,2.17,,,,,,,,,,,,,,,,,,,Major League Soccer,2026
39b3e9d4,Maxi Carrizo,Maxi Carrizo,us USA,MF,NYCFC,18-045,2008,1,0,20,0.2,0,0,0,0,0,0,0,0,0.00,0.00,0.00,0.00,0.00,Matches,0.00,,1,0,0.0,0.00,4.50,,,,,,,,,,,,,,,,,,,Major League Soccer,2026
9f0f5d15,Wilder Cartagena,Wilder Cartagena,pe PER,MF,Orlando City,31-203,1994,1,1,13,0.1,0,0,0,0,0,0,0,0,0.00,0.00,0.00,0.00,0.00,Matches,,,0,0,,0.00,0.00,,,,,,,,,,,,,,,,,,,Major League Soccer,2026
d9180b76,Cabral Carter,Cabral Carter,us USA,GK,LAFC,21-283,2004,1,0,61,0.7,0,0,0,0,0,0,0,0,0.00,0.00,0.00,0.00,0.00,Matches,,,0,0,,0.00,0.00,0,,1,0,2,2.95,,61,0,0,0,,0,75.0,6,8,,,Major League Soccer,2026
290d5b58,Nico Cavallo,Nico Cavallo,us USA,DF,NYCFC,24-108,2001,1,0,3,0.0,0,0,0,0,0,0,0,0,0.00,0.00,0.00,0.00,0.00,Matches,,,0,0,,0.00,0.00,,,,,,,,,,,,,,,,,,,Major League Soccer,2026
3fa61ade,Brayan Ceballos,Brayan Ceballos,co COL,DF,NE Revolution,24-325,2001,5,5,450,5.0,2,0,2,2,0,0,2,0,0.40,0.00,0.40,0.40,0.40,Matches,1.00,1.00,2,2,100.0,0.40,0.40,,,,,,,,,,,,,,,,,,,Major League Soccer,2026
42ba8628,Roman Celentano,Roman Celentano,us USA,GK,FC Cincinnati,25-212,2000,5,5,450,5.0,0,0,0,0,0,0,0,0,0.00,0.00,0.00,0.00,0.00,Matches,,,0,0,,0.00,0.00,1,20.0,5,5,9,1.80,3,450,0,0,0,,0,65.4,17,26,1,1,Major League Soccer,2026
bd060315,Edwin Cerrillo,Edwin Cerrillo,us USA,MF,LA Galaxy,25-193,2000,6,6,526,5.8,0,0,0,0,0,0,2,0,0.00,0.00,0.00,0.00,0.00,Matches,0.00,0.00,6,3,50.0,0.51,1.03,,,,,,,,,,,,,,,,,,,Major League Soccer,2026
dbde4959,Dylan Chambost,Dylan Chambost,fr FRA,MF,Columbus Crew,28-238,1997,5,4,282,3.1,0,1,1,0,0,0,2,0,0.00,0.32,0.32,0.00,0.32,Matches,0.00,,2,0,0.0,0.00,0.64,,,,,,,,,,,,,,,,,,,Major League Soccer,2026
317be364,Tomás Chancalay,Tomás Chancalay,ar ARG,"FW,MF",Minnesota Utd,27-103,1999,7,7,573,6.4,0,2,2,0,0,0,0,0,0.00,0.31,0.31,0.00,0.31,Matches,0.00,0.00,15,4,26.7,0.63,2.36,,,,,,,,,,,,,,,,,,,Major League Soccer,2026
3864b63d,Kieran Chandler,Kieran Chandler,us USA,DF,Minnesota Utd,20-309,2005,1,0,9,0.1,0,0,0,0,0,0,0,0,0.00,0.00,0.00,0.00,0.00,Matches,,,0,0,,0.00,0.00,,,,,,,,,,,,,,,,,,,Major League Soccer,2026
6260cc9d,Diego Chará,Diego Chará,co COL,MF,Portland Timbers,40-009,1986,6,4,368,4.1,0,0,0,0,0,0,2,0,0.00,0.00,0.00,0.00,0.00,Matches,0.00,,1,0,0.0,0.00,0.24,,,,,,,,,,,,,,,,,,,Major League Soccer,2026
c37ce1ca,Gabriel Chaves,Gabriel Chaves,br BRA,"MF,FW",LA Galaxy,25-062,2001,6,6,491,5.5,0,2,2,0,0,0,2,1,0.00,0.37,0.37,0.00,0.37,Matches,0.00,0.00,31,16,51.6,2.93,5.68,,,,,,,,,,,,,,,,,,,Major League Soccer,2026
3c569f37,Justin Che,Justin Che,us USA,DF,NY Red Bulls,22-147,2003,4,4,359,4.0,0,0,0,0,0,0,2,0,0.00,0.00,0.00,0.00,0.00,Matches,0.00,0.00,3,2,66.7,0.50,0.75,,,,,,,,,,,,,,,,,,,Major League Soccer,2026
02fbc447,Yevhen Cheberko,Yevhen Cheberko,ua UKR,"DF,MF",Columbus Crew,28-081,1998,1,0,18,0.2,0,0,0,0,0,0,0,0,0.00,0.00,0.00,0.00,0.00,Matches,,,0,0,,0.00,0.00,,,,,,,,,,,,,,,,,,,Major League Soccer,2026
c5c6e70e,Andrei Chirilă,Andrei Chirilă,us USA,DF,FC Cincinnati,17-242,2008,1,1,90,1.0,0,0,0,0,0,0,0,0,0.00,0.00,0.00,0.00,0.00,Matches,0.00,0.00,1,1,100.0,1.00,1.00,,,,,,,,,,,,,,,,,,,Major League Soccer,2026
017459bb,Mathieu Choiniere,Mathieu Choiniere,ca CAN,MF,LAFC,27-066,1999,7,3,300,3.3,2,0,2,2,0,0,0,0,0.60,0.00,0.60,0.60,0.60,Matches,1.00,1.00,2,2,100.0,0.60,0.60,,,,,,,,,,,,,,,,,,,Major League Soccer,2026
8c8c07a7,José Cifuentes,José Cifuentes,ec ECU,MF,Toronto FC,27-033,1999,7,7,584,6.5,1,0,1,1,0,0,2,0,0.15,0.00,0.15,0.15,0.15,Matches,0.14,0.33,7,3,42.9,0.46,1.08,,,,,,,,,,,,,,,,,,,Major League Soccer,2026
6e327d0d,Caden Clark,Caden Clark,us USA,MF,D.C. United,22-322,2003,5,0,59,0.7,0,0,0,0,0,0,0,0,0.00,0.00,0.00,0.00,0.00,Matches,0.00,,1,0,0.0,0.00,1.53,,,,,,,,,,,,,,,,,,,Major League Soccer,2026
4c46e404,Noah Cobb,Noah Cobb,us USA,DF,Colorado Rapids,20-268,2005,4,1,137,1.5,0,0,0,0,0,0,2,0,0.00,0.00,0.00,0.00,0.00,Matches,,,0,0,,0.00,0.00,,,,,,,,,,,,,,,,,,,Major League Soccer,2026
00eb5be4,Alonso Coello,Alonso Coello,es ESP,MF,Toronto FC,26-184,1999,7,5,417,4.6,0,1,1,0,0,0,0,0,0.00,0.22,0.22,0.00,0.22,Matches,0.00,0.00,1,1,100.0,0.22,0.22,,,,,,,,,,,,,,,,,,,Major League Soccer,2026
e5857da0,Michael Collodi,Michael Collodi,us USA,GK,FC Dallas,24-324,2001,7,7,630,7.0,0,0,0,0,0,0,1,0,0.00,0.00,0.00,0.00,0.00,Matches,,,0,0,,0.00,0.00,2,28.6,7,7,10,1.43,1,630,2,2,0,0.0,0,69.2,18,26,3,3,Major League Soccer,2026
0acbd246,Matthew Corcoran,Matthew Corcoran,us USA,MF,Nashville SC,20-056,2006,4,2,185,2.1,0,0,0,0,0,0,2,1,0.00,0.00,0.00,0.00,0.00,Matches,0.00,,1,0,0.0,0.00,0.49,,,,,,,,,,,,,,,,,,,Major League Soccer,2026
229cd98a,Sergio Córdova,Sergio Córdova,ve VEN,"MF,FW",St. Louis City,28-248,1997,5,2,242,2.7,0,0,0,0,0,0,1,0,0.00,0.00,0.00,0.00,0.00,Matches,0.00,,3,0,0.0,0.00,1.12,,,,,,,,,,,,,,,,,,,Major League Soccer,2026
59948ef7,David Costa,David Costa,pt POR,MF,Portland Timbers,25-099,2001,4,4,309,3.4,1,0,1,1,0,0,0,0,0.29,0.00,0.29,0.29,0.29,Matches,0.50,0.50,2,2,100.0,0.58,0.58,,,,,,,,,,,,,,,,,,,Major League Soccer,2026
e28ae695,Vitor Costa,Vitor Costa,br BRA,"DF,MF",SJ Earthquakes,31-287,1994,3,0,91,1.0,0,0,0,0,0,0,0,0,0.00,0.00,0.00,0.00,0.00,Matches,,,0,0,,0.00,0.00,,,,,,,,,,,,,,,,,,,Major League Soccer,2026
f8e95f87,Cade Cowell,Cade Cowell,us USA,"FW,MF",NY Red Bulls,22-182,2003,6,6,453,5.0,0,1,1,0,0,0,1,0,0.00,0.20,0.20,0.00,0.20,Matches,0.00,0.00,13,5,38.5,0.99,2.58,,,,,,,,,,,,,,,,,,,Major League Soccer,2026
4d0f7cb3,Brandan Craig,Brandan Craig,us USA,DF,CF Montréal,22-007,2004,3,1,163,1.8,0,0,0,0,0,0,1,0,0.00,0.00,0.00,0.00,0.00,Matches,0.00,0.00,3,1,33.3,0.55,1.66,,,,,,,,,,,,,,,,,,,Major League Soccer,2026
ea42e480,Maxime Crépeau,Maxime Crépeau,ca CAN,GK,Orlando City,31-338,1994,6,6,465,5.2,0,0,0,0,0,0,0,1,0.00,0.00,0.00,0.00,0.00,Matches,,,0,0,,0.00,0.00,0,0.0,6,6,23,4.45,5,465,1,1,0,0.0,0,54.2,26,48,1,0,Major League Soccer,2026
9b40a6ea,Andrés Cubas,Andrés Cubas,py PAR,MF,Vancouver W'caps,29-327,1996,5,5,395,4.4,0,0,0,0,0,0,3,0,0.00,0.00,0.00,0.00,0.00,Matches,0.00,,2,0,0.0,0.00,0.46,,,,,,,,,,,,,,,,,,,Major League Soccer,2026
cf4f1eb9,Mauricio Cuevas,Mauricio Cuevas,us USA,"MF,DF",LA Galaxy,23-063,2003,5,2,262,2.9,0,0,0,0,0,0,1,0,0.00,0.00,0.00,0.00,0.00,Matches,0.00,0.00,2,1,50.0,0.34,0.69,,,,,,,,,,,,,,,,,,,Major League Soccer,2026
ad2bce19,Christopher Cupps,Christopher Cupps,us USA,DF,Chicago Fire,17-323,2008,2,0,44,0.5,0,0,0,0,0,0,0,0,0.00,0.00,0.00,0.00,0.00,Matches,,,0,0,,0.00,0.00,,,,,,,,,,,,,,,,,,,Major League Soccer,2026
9f417f8c,Hugo Cuypers,Hugo Cuypers,be BEL,FW,Chicago Fire,29-066,1997,4,4,360,4.0,4,0,4,2,2,2,0,0,1.00,0.00,1.00,0.50,0.50,Matches,0.17,0.29,12,7,58.3,1.75,3.00,,,,,,,,,,,,,,,,,,,Major League Soccer,2026
1fd1c027,Jayden Da,Jayden Da,us USA,FW,NE Revolution,24-006,2002,1,0,9,0.1,0,0,0,0,0,0,0,0,0.00,0.00,0.00,0.00,0.00,Matches,,,0,0,,0.00,0.00,,,,,,,,,,,,,,,,,,,Major League Soccer,2026
47546af8,Bruno Damiani,Bruno Damiani,uy URU,FW,Philadelphia Union,23-361,2002,7,7,585,6.5,0,0,0,0,0,0,2,0,0.00,0.00,0.00,0.00,0.00,Matches,0.00,0.00,15,1,6.7,0.15,2.31,,,,,,,,,,,,,,,,,,,Major League Soccer,2026
c350e7d5,Dagur Dan Þórhallsson,Dagur Dan Þórhallsson,is ISL,"MF,DF",CF Montréal,25-347,2000,7,6,473,5.3,0,0,0,0,0,0,0,0,0.00,0.00,0.00,0.00,0.00,Matches,0.00,0.00,4,1,25.0,0.19,0.76,,,,,,,,,,,,,,,,,,,Major League Soccer,2026
636fc976,Daniel,Daniel,br BRA,GK,SJ Earthquakes,31-343,1994,7,7,630,7.0,0,0,0,0,0,0,0,0,0.00,0.00,0.00,0.00,0.00,Matches,,,0,0,,0.00,0.00,5,71.4,7,7,2,0.29,1,630,0,0,0,,0,90.0,18,20,0,6,Major League Soccer,2026
b5687b08,Jesús Daniel Bueno,Jesús Daniel Bueno,ve VEN,MF,Philadelphia Union,26-364,1999,6,3,259,2.9,1,0,1,1,0,0,1,0,0.35,0.00,0.35,0.35,0.35,Matches,0.20,0.25,5,4,80.0,1.39,1.74,,,,,,,,,,,,,,,,,,,Major League Soccer,2026
bb18b3b6,Juan David Mosquera,Juan David Mosquera,co COL,DF,Portland Timbers,23-221,2002,1,1,45,0.5,1,1,2,1,0,0,0,0,2.00,2.00,4.00,2.00,4.00,Matches,1.00,1.00,1,1,100.0,2.00,2.00,,,,,,,,,,,,,,,,,,,Major League Soccer,2026
79d3a503,Jake Davis,Jake Davis,us USA,"MF,FW",Sporting KC,24-101,2002,7,6,561,6.2,0,1,1,0,0,0,1,0,0.00,0.16,0.16,0.00,0.16,Matches,0.00,,2,0,0.0,0.00,0.32,,,,,,,,,,,,,,,,,,,Major League Soccer,2026
162efffd,Rodrigo De Paul,Rodrigo De Paul,ar ARG,MF,Inter Miami,31-325,1994,5,5,450,5.0,1,1,2,1,0,0,1,0,0.20,0.20,0.40,0.20,0.40,Matches,0.11,0.25,9,4,44.4,0.80,1.80,,,,,,,,,,,,,,,,,,,Major League Soccer,2026
1b09202f,Osaze De Rosario,Osaze De Rosario,gy GUY,FW,Seattle Sounders,24-269,2001,5,4,278,3.1,0,0,0,0,0,0,0,0,0.00,0.00,0.00,0.00,0.00,Matches,0.00,,4,0,0.0,0.00,1.29,,,,,,,,,,,,,,,,,,,Major League Soccer,2026
ed8c35d2,Jonathan Dean,Jonathan Dean,us USA,DF,Chicago Fire,28-334,1997,4,2,169,1.9,0,0,0,0,0,0,0,1,0.00,0.00,0.00,0.00,0.00,Matches,,,0,0,,0.00,0.00,,,,,,,,,,,,,,,,,,,Major League Soccer,2026
f7059bb1,Louicius Deedson,Louicius Deedson,ht HAI,MF,FC Dallas,25-062,2001,5,1,129,1.4,1,0,1,1,0,0,0,0,0.70,0.00,0.70,0.70,0.70,Matches,0.20,1.00,5,1,20.0,0.70,3.49,,,,,,,,,,,,,,,,,,,Major League Soccer,2026
7f6a25b7,Marky Delgado,Marky Delgado,us USA,MF,LAFC,30-333,1995,7,6,524,5.8,1,1,2,1,0,0,1,0,0.17,0.17,0.34,0.17,0.34,Matches,0.20,0.50,5,2,40.0,0.34,0.86,,,,,,,,,,,,,,,,,,,Major League Soccer,2026
79d49f47,Patrickson Delgado,Patrickson Delgado,ec ECU,MF,FC Dallas,22-179,2003,7,3,257,2.9,1,0,1,1,0,0,0,0,0.35,0.00,0.35,0.35,0.35,Matches,0.33,1.00,3,1,33.3,0.35,1.05,,,,,,,,,,,,,,,,,,,Major League Soccer,2026
0d3585b5,Kévin Denkey,Kévin Denkey,tg TOG,FW,FC Cincinnati,25-135,2000,7,6,565,6.3,2,1,3,2,0,0,3,1,0.32,0.16,0.48,0.32,0.48,Matches,0.15,0.50,13,4,30.8,0.64,2.07,,,,,,,,,,,,,,,,,,,Major League Soccer,2026
1d5c96f8,Mikkel Desler,Mikkel Desler,dk DEN,"DF,MF",Austin FC,31-054,1995,2,0,43,0.5,0,0,0,0,0,0,1,0,0.00,0.00,0.00,0.00,0.00,Matches,0.00,0.00,1,1,100.0,2.09,2.09,,,,,,,,,,,,,,,,,,,Major League Soccer,2026
4d095331,Djibril Diani,Djibril Diani,fr FRA,MF,Charlotte,28-062,1998,6,4,261,2.9,0,0,0,0,0,0,2,0,0.00,0.00,0.00,0.00,0.00,Matches,0.00,,4,0,0.0,0.00,1.38,,,,,,,,,,,,,,,,,,,Major League Soccer,2026
ec27d954,Jefferson Díaz,Jefferson Díaz,co COL,DF,Minnesota Utd,25-130,2000,6,6,520,5.8,0,0,0,0,0,0,3,0,0.00,0.00,0.00,0.00,0.00,Matches,0.00,0.00,6,3,50.0,0.52,1.04,,,,,,,,,,,,,,,,,,,Major League Soccer,2026
31429cca,Mamadou Dieng,Mamadou Dieng,sn SEN,FW,Minnesota Utd,22-069,2004,6,0,45,0.5,0,0,0,0,0,0,0,0,0.00,0.00,0.00,0.00,0.00,Matches,0.00,0.00,6,3,50.0,6.00,12.00,,,,,,,,,,,,,,,,,,,Major League Soccer,2026
4d095ea6,Griffin Dillon,Griffin Dillon,us USA,MF,Real Salt Lake,22-354,2003,4,2,199,2.2,0,0,0,0,0,0,1,0,0.00,0.00,0.00,0.00,0.00,Matches,0.00,0.00,4,2,50.0,0.90,1.81,,,,,,,,,,,,,,,,,,,Major League Soccer,2026
b055c837,Puso Dithejane,Puso Dithejane,za RSA,MF,Chicago Fire,21-307,2004,2,0,5,0.1,0,0,0,0,0,0,0,0,0.00,0.00,0.00,0.00,0.00,Matches,,,0,0,,0.00,0.00,,,,,,,,,,,,,,,,,,,Major League Soccer,2026
6b561720,Innocent Dje,Innocent Dje,ci CIV,MF,Chicago Fire,22-344,2003,7,5,436,4.8,0,0,0,0,0,0,3,0,0.00,0.00,0.00,0.00,0.00,Matches,0.00,,1,0,0.0,0.00,0.21,,,,,,,,,,,,,,,,,,,Major League Soccer,2026
82a10738,Ronald Donkor,Ronald Donkor,gh GHA,MF,NY Red Bulls,21-145,2004,6,6,481,5.3,0,1,1,0,0,0,3,0,0.00,0.19,0.19,0.00,0.19,Matches,0.00,0.00,5,1,20.0,0.19,0.94,,,,,,,,,,,,,,,,,,,Major League Soccer,2026
2446b380,Shane Donovan,Shane Donovan,us USA,MF,Sporting KC,19-098,2007,1,0,1,0.0,0,0,0,0,0,0,0,0,0.00,0.00,0.00,0.00,0.00,Matches,,,0,0,,0.00,0.00,,,,,,,,,,,,,,,,,,,Major League Soccer,2026
c182ca04,Griffin Dorsey,Griffin Dorsey,us USA,"DF,MF",Orlando City,27-040,1999,6,6,486,5.4,0,1,1,0,0,0,1,0,0.00,0.19,0.19,0.00,0.19,Matches,0.00,0.00,4,1,25.0,0.19,0.74,,,,,,,,,,,,,,,,,,,Major League Soccer,2026
84dd18f1,Matthew Dos Santos,Matthew Dos Santos,us USA,DF,NY Red Bulls,17-313,2008,7,7,475,5.3,0,0,0,0,0,0,1,0,0.00,0.00,0.00,0.00,0.00,Matches,0.00,,1,0,0.0,0.00,0.19,,,,,,,,,,,,,,,,,,,Major League Soccer,2026
8f2af1ed,Hassani Dotson,Hassani Dotson,us USA,MF,Seattle Sounders,28-251,1997,4,3,244,2.7,0,0,0,0,0,0,2,0,0.00,0.00,0.00,0.00,0.00,Matches,,,0,0,,0.00,0.00,,,,,,,,,,,,,,,,,,,Major League Soccer,2026
c6486b01,Anders Dreyer,Anders Dreyer,dk DEN,"FW,MF",San Diego FC,27-347,1998,7,6,573,6.4,3,3,6,3,0,0,0,0,0.47,0.47,0.94,0.47,0.94,Matches,0.13,0.23,24,13,54.2,2.04,3.77,,,,,,,,,,,,,,,,,,,Major League Soccer,2026
037bebf4,Manu Duah,Manu Duah,gh GHA,DF,San Diego FC,20-313,2005,6,6,479,5.3,0,0,0,0,0,0,1,1,0.00,0.00,0.00,0.00,0.00,Matches,0.00,,1,0,0.0,0.00,0.19,,,,,,,,,,,,,,,,,,,Major League Soccer,2026
bed3eed1,Nicolás Dubersarsky,Nicolás Dubersarsky,ar ARG,MF,Austin FC,21-114,2004,6,4,373,4.1,0,0,0,0,0,0,0,0,0.00,0.00,0.00,0.00,0.00,Matches,0.00,,1,0,0.0,0.00,0.24,,,,,,,,,,,,,,,,,,,Major League Soccer,2026
04391c12,Morris Duggan,Morris Duggan,de GER,DF,Minnesota Utd,25-172,2000,7,7,630,7.0,1,0,1,1,0,0,2,0,0.14,0.00,0.14,0.14,0.14,Matches,0.25,0.50,4,2,50.0,0.29,0.57,,,,,,,,,,,,,,,,,,,Major League Soccer,2026
59557625,Bryce Duke,Bryce Duke,us USA,MF,San Diego FC,25-045,2001,2,0,23,0.3,0,0,0,0,0,0,0,0,0.00,0.00,0.00,0.00,0.00,Matches,,,0,0,,0.00,0.00,,,,,,,,,,,,,,,,,,,Major League Soccer,2026
575e6cb1,Kyle Duncan,Kyle Duncan,us USA,"MF,DF",Minnesota Utd,28-249,1997,5,4,312,3.5,1,0,1,1,0,0,1,0,0.29,0.00,0.29,0.29,0.29,Matches,0.33,0.50,3,2,66.7,0.58,0.87,,,,,,,,,,,,,,,,,,,Major League Soccer,2026
0ffd4373,Chris Durkin,Chris Durkin,us USA,MF,St. Louis City,26-065,2000,7,7,596,6.6,1,0,1,1,0,0,2,0,0.15,0.00,0.15,0.15,0.15,Matches,0.13,0.50,8,2,25.0,0.30,1.21,,,,,,,,,,,,,,,,,,,Major League Soccer,2026
5fa7b2ec,Jeremy Ebobisse,Jeremy Ebobisse,us USA,"FW,MF",LAFC,29-059,1997,1,0,18,0.2,0,0,0,0,0,0,0,0,0.00,0.00,0.00,0.00,0.00,Matches,,,0,0,,0.00,0.00,,,,,,,,,,,,,,,,,,,Major League Soccer,2026
837bd7eb,Ender Echenique,Ender Echenique,ve VEN,MF,FC Cincinnati,22-012,2004,7,6,560,6.2,1,2,3,1,0,0,1,0,0.16,0.32,0.48,0.16,0.48,Matches,0.10,0.33,10,3,30.0,0.48,1.61,,,,,,,,,,,,,,,,,,,Major League Soccer,2026
a8de0bd5,Daniel Edelman,Daniel Edelman,us USA,MF,St. Louis City,22-351,2003,7,7,599,6.7,0,2,2,0,0,0,1,0,0.00,0.30,0.30,0.00,0.30,Matches,0.00,,2,0,0.0,0.00,0.30,,,,,,,,,,,,,,,,,,,Major League Soccer,2026
8510e2e6,Matthew Edwards,Matthew Edwards,us USA,DF,Atlanta Utd,23-056,2003,3,0,33,0.4,0,0,0,0,0,0,0,0,0.00,0.00,0.00,0.00,0.00,Matches,0.00,,1,0,0.0,0.00,2.73,,,,,,,,,,,,,,,,,,,Major League Soccer,2026
b828d56a,Raheem Edwards,Raheem Edwards,ca CAN,"MF,DF",Toronto FC,30-273,1995,6,4,365,4.1,0,0,0,0,0,0,1,1,0.00,0.00,0.00,0.00,0.00,Matches,0.00,0.00,3,1,33.3,0.25,0.74,,,,,,,,,,,,,,,,,,,Major League Soccer,2026
b6e2a075,Wilson Eisner,Wilson Eisner,us USA,DF,San Diego FC,23-346,2002,2,0,79,0.9,0,0,0,0,0,0,0,0,0.00,0.00,0.00,0.00,0.00,Matches,,,0,0,,0.00,0.00,,,,,,,,,,,,,,,,,,,Major League Soccer,2026
041deebd,Jack Elliott,Jack Elliott,eng ENG,DF,Chicago Fire,30-232,1995,5,5,395,4.4,0,0,0,0,0,0,1,0,0.00,0.00,0.00,0.00,0.00,Matches,0.00,,4,0,0.0,0.00,0.91,,,,,,,,,,,,,,,,,,,Major League Soccer,2026
7cd21bce,Rayan Elloumi,Rayan Elloumi,tn TUN,FW,Vancouver W'caps,18-209,2007,5,0,35,0.4,0,0,0,0,0,0,0,0,0.00,0.00,0.00,0.00,0.00,Matches,,,0,0,,0.00,0.00,,,,,,,,,,,,,,,,,,,Major League Soccer,2026
aedaf328,Lukas Engel,Lukas Engel,dk DEN,DF,Real Salt Lake,27-121,1998,5,5,420,4.7,0,0,0,0,0,0,0,0,0.00,0.00,0.00,0.00,0.00,Matches,0.00,,6,0,0.0,0.00,1.29,,,,,,,,,,,,,,,,,,,Major League Soccer,2026
f77a051b,Lawrence Ennali,Lawrence Ennali,de GER,MF,Houston Dynamo,24-038,2002,6,6,518,5.8,2,0,2,2,0,0,0,0,0.35,0.00,0.35,0.35,0.35,Matches,0.40,0.50,5,4,80.0,0.69,0.87,,,,,,,,,,,,,,,,,,,Major League Soccer,2026
d515b0f9,Olger Escobar,Olger Escobar,gt GUA,MF,CF Montréal,19-215,2006,6,1,91,1.0,0,0,0,0,0,0,0,0,0.00,0.00,0.00,0.00,0.00,Matches,0.00,0.00,4,2,50.0,1.98,3.96,,,,,,,,,,,,,,,,,,,Major League Soccer,2026
9c794a80,Cristian Espinoza,Cristian Espinoza,ar ARG,"FW,MF",Nashville SC,31-011,1995,7,5,427,4.7,2,2,4,2,0,0,0,0,0.42,0.42,0.84,0.42,0.84,Matches,0.22,0.67,9,3,33.3,0.63,1.90,,,,,,,,,,,,,,,,,,,Major League Soccer,2026
59059f1e,Derrick Etienne,Derrick Etienne,ht HAI,"FW,MF",Toronto FC,29-140,1996,5,3,311,3.5,1,0,1,1,0,0,0,0,0.29,0.00,0.29,0.29,0.29,Matches,0.20,0.33,5,3,60.0,0.87,1.45,,,,,,,,,,,,,,,,,,,Major League Soccer,2026
577efaec,Stephen Eustáquio,Stephen Eustáquio,ca CAN,MF,LAFC,29-114,1996,3,3,270,3.0,1,1,2,1,0,0,0,0,0.33,0.33,0.67,0.33,0.67,Matches,0.33,0.50,3,2,66.7,0.67,1.00,,,,,,,,,,,,,,,,,,,Major League Soccer,2026
4352d221,Evander,Evander,br BRA,"MF,FW",FC Cincinnati,27-309,1998,6,5,389,4.3,0,1,1,0,0,0,0,0,0.00,0.23,0.23,0.00,0.23,Matches,0.00,0.00,14,7,50.0,1.62,3.24,,,,,,,,,,,,,,,,,,,Major League Soccer,2026
7fb0f29f,Matthew Evans,Matthew Evans,gt GUA,MF,LAFC,19-324,2006,1,1,55,0.6,0,1,1,0,0,0,1,0,0.00,1.64,1.64,0.00,1.64,Matches,0.00,0.00,2,1,50.0,1.64,3.27,,,,,,,,,,,,,,,,,,,Major League Soccer,2026
3409de86,Nicolás Ezequiel Fernández,Nicolás Ezequiel Fernández,ar ARG,"FW,MF",NYCFC,26-093,2000,7,7,622,6.9,5,0,5,4,1,1,1,0,0.72,0.00,0.72,0.58,0.58,Matches,0.17,0.31,23,13,56.5,1.88,3.33,,,,,,,,,,,,,,,,,,,Major League Soccer,2026
fe81682e,Diego Fagúndez,Diego Fagúndez,uy URU,"FW,MF",NE Revolution,31-059,1995,2,0,21,0.2,0,0,0,0,0,0,0,0,0.00,0.00,0.00,0.00,0.00,Matches,,,0,0,,0.00,0.00,,,,,,,,,,,,,,,,,,,Major League Soccer,2026
8470a4c2,Maximiliano Falcón,Maximiliano Falcón,uy URU,DF,Inter Miami,28-348,1997,5,5,450,5.0,0,0,0,0,0,0,2,0,0.00,0.00,0.00,0.00,0.00,Matches,0.00,,3,0,0.0,0.00,0.60,,,,,,,,,,,,,,,,,,,Major League Soccer,2026
805a2a11,Mamadou Fall,Mamadou Fall,sn SEN,DF,St. Louis City,23-144,2002,1,0,1,0.0,0,0,0,0,0,0,0,0,0.00,0.00,0.00,0.00,0.00,Matches,,,0,0,,0.00,0.00,,,,,,,,,,,,,,,,,,,Major League Soccer,2026
6ef46d30,Arnau Farnós,Arnau Farnós,es ESP,MF,NYCFC,23-086,2003,1,0,3,0.0,0,0,0,0,0,0,0,0,0.00,0.00,0.00,0.00,0.00,Matches,0.00,0.00,1,1,100.0,30.00,30.00,,,,,,,,,,,,,,,,,,,Major League Soccer,2026
71eda165,Andrew Farrell,Andrew Farrell,us USA,DF,NE Revolution,34-012,1992,1,1,90,1.0,0,0,0,0,0,0,0,0,0.00,0.00,0.00,0.00,0.00,Matches,,,0,0,,0.00,0.00,,,,,,,,,,,,,,,,,,,Major League Soccer,2026
640b5773,Logan Farrington,Logan Farrington,us USA,FW,FC Dallas,24-121,2001,7,6,485,5.4,4,1,5,4,0,0,1,0,0.74,0.19,0.93,0.74,0.93,Matches,0.27,0.67,15,6,40.0,1.11,2.78,,,,,,,,,,,,,,,,,,,Major League Soccer,2026
fe91e603,Ilay Feingold,Ilay Feingold,il ISR,DF,NE Revolution,21-234,2004,6,5,441,4.9,1,0,1,1,0,0,0,0,0.20,0.00,0.20,0.20,0.20,Matches,0.17,1.00,6,1,16.7,0.20,1.22,,,,,,,,,,,,,,,,,,,Major League Soccer,2026
43801098,Nick Fernandez,Nick Fernandez,us USA,MF,SJ Earthquakes,24-113,2001,4,0,58,0.6,0,0,0,0,0,0,0,0,0.00,0.00,0.00,0.00,0.00,Matches,0.00,0.00,3,1,33.3,1.55,4.66,,,,,,,,,,,,,,,,,,,Major League Soccer,2026
56b6d34f,Duran Ferree,Duran Ferree,us USA,GK,San Diego FC,19-198,2006,6,6,540,6.0,0,0,0,0,0,0,0,0,0.00,0.00,0.00,0.00,0.00,Matches,,,0,0,,0.00,0.00,3,50.0,6,6,7,1.17,2,540,1,1,0,0.0,0,78.6,22,28,1,3,Major League Soccer,2026
f61246d8,Jesús Ferreira,Jesús Ferreira,us USA,MF,Seattle Sounders,25-111,2000,6,5,319,3.5,0,2,2,0,0,0,0,0,0.00,0.56,0.56,0.00,0.56,Matches,0.00,0.00,3,3,100.0,0.85,0.85,,,,,,,,,,,,,,,,,,,Major League Soccer,2026
55d8f630,Gilberto Flores,Gilberto Flores,py PAR,DF,FC Cincinnati,23-013,2003,4,2,197,2.2,0,0,0,0,0,0,0,0,0.00,0.00,0.00,0.00,0.00,Matches,0.00,,1,0,0.0,0.00,0.46,,,,,,,,,,,,,,,,,,,Major League Soccer,2026
ee4a0679,CJ Fodrey,CJ Fodrey,us USA,FW,Austin FC,22-063,2004,6,0,73,0.8,0,0,0,0,0,0,0,0,0.00,0.00,0.00,0.00,0.00,Matches,,,0,0,,0.00,0.00,,,,,,,,,,,,,,,,,,,Major League Soccer,2026
4c4ffacc,Mamadou Fofana,Mamadou Fofana,ml MLI,DF,NE Revolution,28-083,1998,5,5,450,5.0,1,0,1,1,0,0,1,0,0.20,0.00,0.20,0.20,0.20,Matches,1.00,1.00,1,1,100.0,0.20,0.20,,,,,,,,,,,,,,,,,,,Major League Soccer,2026
9a2e0ccc,Emil Forsberg,Emil Forsberg,se SWE,MF,NY Red Bulls,34-173,1991,7,7,621,6.9,1,1,2,1,0,0,0,0,0.14,0.14,0.29,0.14,0.29,Matches,0.06,0.20,16,5,31.3,0.72,2.32,,,,,,,,,,,,,,,,,,,Major League Soccer,2026
6c3c3c3c,Ajani Fortune,Ajani Fortune,tt TRI,MF,Atlanta Utd,23-105,2002,2,0,35,0.4,0,0,0,0,0,0,0,0,0.00,0.00,0.00,0.00,0.00,Matches,,,0,0,,0.00,0.00,,,,,,,,,,,,,,,,,,,Major League Soccer,2026
faf827ca,Jimer Fory,Jimer Fory,co COL,DF,Portland Timbers,23-325,2002,6,6,499,5.5,0,0,0,0,0,0,2,1,0.00,0.00,0.00,0.00,0.00,Matches,,,0,0,,0.00,0.00,,,,,,,,,,,,,,,,,,,Major League Soccer,2026
407325c4,Kobe Franklin,Kobe Franklin,ca CAN,DF,Toronto FC,22-339,2003,4,2,139,1.5,0,0,0,0,0,0,0,0,0.00,0.00,0.00,0.00,0.00,Matches,0.00,,1,0,0.0,0.00,0.65,,,,,,,,,,,,,,,,,,,Major League Soccer,2026
f09cbe39,Ian Fray,Ian Fray,jm JAM,DF,Inter Miami,23-226,2002,5,5,334,3.7,0,0,0,0,0,0,2,0,0.00,0.00,0.00,0.00,0.00,Matches,0.00,0.00,1,1,100.0,0.27,0.27,,,,,,,,,,,,,,,,,,,Major League Soccer,2026
9f5400d8,Wayne Frederick,Wayne Frederick,tt TRI,"MF,DF",Colorado Rapids,21-305,2004,7,4,421,4.7,1,1,2,1,0,0,0,0,0.21,0.21,0.43,0.21,0.43,Matches,0.33,1.00,3,1,33.3,0.21,0.64,,,,,,,,,,,,,,,,,,,Major League Soccer,2026
2f49476c,Matt Freese,Matt Freese,us USA,GK,NYCFC,27-224,1998,7,7,630,7.0,0,0,0,0,0,0,0,0,0.00,0.00,0.00,0.00,0.00,Matches,0.00,,1,0,0.0,0.00,0.14,1,14.3,7,7,9,1.29,2,630,1,1,0,0.0,0,76.5,26,34,2,3,Major League Soccer,2026
730afdd6,Malcolm Fry,Malcolm Fry,us USA,FW,NE Revolution,20-334,2005,2,0,32,0.4,0,0,0,0,0,0,0,0,0.00,0.00,0.00,0.00,0.00,Matches,,,0,0,,0.00,0.00,,,,,,,,,,,,,,,,,,,Major League Soccer,2026
8e97a57b,Matías Galarza,Matías Galarza,py PAR,MF,Atlanta Utd,24-062,2002,4,3,261,2.9,0,0,0,0,0,0,1,0,0.00,0.00,0.00,0.00,0.00,Matches,0.00,0.00,6,3,50.0,1.03,2.07,,,,,,,,,,,,,,,,,,,Major League Soccer,2026
9d5afdfb,Jon Gallagher,Jon Gallagher,ie IRL,DF,Austin FC,30-050,1996,7,7,587,6.5,0,1,1,0,0,0,1,0,0.00,0.15,0.15,0.00,0.15,Matches,0.00,0.00,2,1,50.0,0.15,0.31,,,,,,,,,,,,,,,,,,,Major League Soccer,2026
d8eb21b7,Carlos Garcés,Carlos Garcés,co COL,DF,LA Galaxy,24-185,2001,4,3,263,2.9,0,1,1,0,0,0,3,1,0.00,0.34,0.34,0.00,0.34,Matches,0.00,,1,0,0.0,0.00,0.34,,,,,,,,,,,,,,,,,,,Major League Soccer,2026
6ed1a2a2,Manu García,Manu García,es ESP,"MF,FW",Sporting KC,28-102,1998,7,7,605,6.7,0,1,1,0,0,0,2,0,0.00,0.15,0.15,0.00,0.15,Matches,0.00,0.00,2,1,50.0,0.15,0.30,,,,,,,,,,,,,,,,,,,Major League Soccer,2026
76c220e0,Luka Gavran,Luka Gavran,ca CAN,GK,Toronto FC,25-340,2000,7,7,630,7.0,0,0,0,0,0,0,0,0,0.00,0.00,0.00,0.00,0.00,Matches,,,0,0,,0.00,0.00,1,14.3,7,7,11,1.57,2,630,1,1,0,0.0,0,63.0,17,27,2,3,Major League Soccer,2026
527d0e31,Dániel Gazdag,Dániel Gazdag,hu HUN,FW,Columbus Crew,30-043,1996,3,1,80,0.9,0,0,0,0,0,0,0,0,0.00,0.00,0.00,0.00,0.00,Matches,0.00,0.00,3,1,33.3,1.13,3.38,,,,,,,,,,,,,,,,,,,Major League Soccer,2026
bfff2337,Owen Géne,Owen Géne,fr FRA,MF,Minnesota Utd,23-026,2003,6,2,180,2.0,0,0,0,0,0,0,0,0,0.00,0.00,0.00,0.00,0.00,Matches,,,0,0,,0.00,0.00,,,,,,,,,,,,,,,,,,,Major League Soccer,2026
ca4929d0,Mihail Gherasimencov,Mihail Gherasimencov,md MDA,DF,Vancouver W'caps,21-020,2005,3,2,178,2.0,0,0,0,0,0,0,0,0,0.00,0.00,0.00,0.00,0.00,Matches,0.00,,1,0,0.0,0.00,0.51,,,,,,,,,,,,,,,,,,,Major League Soccer,2026
be3fb78d,Samuel Gidi,Samuel Gidi,sk SVK,MF,FC Cincinnati,21-364,2004,6,4,377,4.2,0,0,0,0,0,0,0,0,0.00,0.00,0.00,0.00,0.00,Matches,0.00,,1,0,0.0,0.00,0.24,,,,,,,,,,,,,,,,,,,Major League Soccer,2026
11c30a46,Carles Gil,Carles Gil,es ESP,MF,NE Revolution,33-143,1992,6,6,537,6.0,0,1,1,0,0,0,1,0,0.00,0.17,0.17,0.00,0.17,Matches,0.00,0.00,8,5,62.5,0.84,1.34,,,,,,,,,,,,,,,,,,,Major League Soccer,2026
996c61e5,Thomas Gillier,Thomas Gillier,cl CHI,GK,CF Montréal,21-321,2004,7,7,630,7.0,0,0,0,0,0,0,2,0,0.00,0.00,0.00,0.00,0.00,Matches,,,0,0,,0.00,0.00,1,14.3,7,7,19,2.71,6,630,1,1,0,0.0,0,60.9,28,46,0,1,Major League Soccer,2026
5b768b0f,Justen Glad,Justen Glad,us USA,DF,Real Salt Lake,29-045,1997,6,6,540,6.0,0,1,1,0,0,0,0,0,0.00,0.17,0.17,0.00,0.17,Matches,0.00,,2,0,0.0,0.00,0.33,,,,,,,,,,,,,,,,,,,Major League Soccer,2026
ac65aef3,Jakob Glesnes,Jakob Glesnes,no NOR,DF,LA Galaxy,32-020,1994,3,3,270,3.0,0,0,0,0,0,0,1,0,0.00,0.00,0.00,0.00,0.00,Matches,,,0,0,,0.00,0.00,,,,,,,,,,,,,,,,,,,Major League Soccer,2026
2d496ca3,Aníbal Godoy,Aníbal Godoy,pa PAN,MF,San Diego FC,36-063,1990,7,4,364,4.0,0,0,0,0,0,0,1,0,0.00,0.00,0.00,0.00,0.00,Matches,,,0,0,,0.00,0.00,,,,,,,,,,,,,,,,,,,Major League Soccer,2026
1961b2aa,André Gomes,André Gomes,pt POR,MF,Columbus Crew,32-258,1993,4,4,277,3.1,0,0,0,0,0,0,0,0,0.00,0.00,0.00,0.00,0.00,Matches,0.00,0.00,4,1,25.0,0.32,1.30,,,,,,,,,,,,,,,,,,,Major League Soccer,2026
e43c8d72,Yeimar Gómez Andrade,Yeimar Gómez Andrade,co COL,DF,Seattle Sounders,33-288,1992,3,3,169,1.9,0,0,0,0,0,0,0,0,0.00,0.00,0.00,0.00,0.00,Matches,0.00,0.00,4,1,25.0,0.53,2.13,,,,,,,,,,,,,,,,,,,Major League Soccer,2026
a8785279,Jonathan González,Jonathan González,mx MEX,MF,SJ Earthquakes,27-001,1999,4,0,52,0.6,0,0,0,0,0,0,1,0,0.00,0.00,0.00,0.00,0.00,Matches,,,0,0,,0.00,0.00,,,,,,,,,,,,,,,,,,,Major League Soccer,2026
569362ab,Archie Goodwin,Archie Goodwin,au AUS,FW,Charlotte,21-158,2004,5,0,47,0.5,3,0,3,2,1,1,0,0,5.74,0.00,5.74,3.83,3.83,Matches,0.50,0.67,4,3,75.0,5.74,7.66,,,,,,,,,,,,,,,,,,,Major League Soccer,2026
bc2eb719,Zavier Gozo,Zavier Gozo,us USA,MF,Real Salt Lake,19-023,2007,6,6,539,6.0,2,2,4,2,0,0,3,0,0.33,0.33,0.67,0.33,0.67,Matches,0.11,0.33,19,6,31.6,1.00,3.17,,,,,,,,,,,,,,,,,,,Major League Soccer,2026
c839e1b2,Tayvon Gray,Tayvon Gray,jm JAM,DF,NYCFC,23-238,2002,7,7,598,6.6,1,1,2,1,0,0,2,0,0.15,0.15,0.30,0.15,0.30,Matches,0.14,0.33,7,3,42.9,0.45,1.05,,,,,,,,,,,,,,,,,,,Major League Soccer,2026
acd47bc0,Julian Gressel,Julian Gressel,us USA,"DF,MF",Minnesota Utd,32-119,1993,3,0,52,0.6,0,0,0,0,0,0,1,0,0.00,0.00,0.00,0.00,0.00,Matches,,,0,0,,0.00,0.00,,,,,,,,,,,,,,,,,,,Major League Soccer,2026
24686935,Yuri Guboglo,Yuri Guboglo,ht HAI,DF,CF Montréal,19-025,2007,1,1,62,0.7,0,0,0,0,0,0,0,0,0.00,0.00,0.00,0.00,0.00,Matches,,,0,0,,0.00,0.00,,,,,,,,,,,,,,,,,,,Major League Soccer,2026
b34c473e,Gage Guerra,Gage Guerra,us USA,FW,Portland Timbers,23-114,2002,4,3,273,3.0,1,1,2,1,0,0,0,0,0.33,0.33,0.66,0.33,0.66,Matches,0.17,0.50,6,2,33.3,0.66,1.98,,,,,,,,,,,,,,,,,,,Major League Soccer,2026
79b51257,Morgan Guilavogui,Morgan Guilavogui,gn GUI,"MF,FW",Real Salt Lake,28-035,1998,5,4,370,4.1,0,2,2,0,0,0,2,0,0.00,0.49,0.49,0.00,0.49,Matches,0.00,0.00,17,4,23.5,0.97,4.14,,,,,,,,,,,,,,,,,,,Major League Soccer,2026
58649f05,Guilherme,Guilherme,br BRA,"FW,MF",Houston Dynamo,31-001,1995,6,6,530,5.9,5,4,9,5,0,0,1,0,0.85,0.68,1.53,0.85,1.53,Matches,0.24,0.45,21,11,52.4,1.87,3.57,,,,,,,,,,,,,,,,,,,Major League Soccer,2026
ebf7ddd9,Colin Guske,Colin Guske,us USA,MF,Orlando City,19-075,2007,5,2,284,3.2,0,0,0,0,0,0,2,1,0.00,0.00,0.00,0.00,0.00,Matches,0.00,,1,0,0.0,0.00,0.32,,,,,,,,,,,,,,,,,,,Major League Soccer,2026
79af412b,Raul Gustavo,Raul Gustavo,br BRA,DF,NYCFC,26-355,1999,6,3,321,3.6,0,0,0,0,0,0,0,0,0.00,0.00,0.00,0.00,0.00,Matches,0.00,0.00,2,1,50.0,0.28,0.56,,,,,,,,,,,,,,,,,,,Major League Soccer,2026
b7a23251,Andrew Gutman,Andrew Gutman,us USA,DF,Chicago Fire,29-194,1996,3,3,225,2.5,0,1,1,0,0,0,0,0,0.00,0.40,0.40,0.00,0.40,Matches,0.00,,2,0,0.0,0.00,0.80,,,,,,,,,,,,,,,,,,,Major League Soccer,2026
c644e140,Justin Haak,Justin Haak,us USA,"DF,MF",LA Galaxy,24-214,2001,6,5,463,5.1,0,0,0,0,0,0,0,0,0.00,0.00,0.00,0.00,0.00,Matches,0.00,,2,0,0.0,0.00,0.39,,,,,,,,,,,,,,,,,,,Major League Soccer,2026
edc3b063,Taha Habroune,Taha Habroune,us USA,"MF,FW",Columbus Crew,20-068,2006,7,5,445,4.9,0,2,2,0,0,0,0,0,0.00,0.40,0.40,0.00,0.40,Matches,0.00,0.00,4,2,50.0,0.40,0.81,,,,,,,,,,,,,,,,,,,Major League Soccer,2026
582952f2,Teenage Hadebe,Teenage Hadebe,zw ZIM,DF,FC Cincinnati,30-209,1995,5,2,205,2.3,0,0,0,0,0,0,1,0,0.00,0.00,0.00,0.00,0.00,Matches,0.00,,1,0,0.0,0.00,0.44,,,,,,,,,,,,,,,,,,,Major League Soccer,2026
39632554,Nick Hagglund,Nick Hagglund,us USA,DF,FC Cincinnati,33-212,1992,7,6,540,6.0,1,0,1,1,0,0,1,0,0.17,0.00,0.17,0.17,0.17,Matches,0.14,0.33,7,3,42.9,0.50,1.17,,,,,,,,,,,,,,,,,,,Major League Soccer,2026
aee414b1,Maren Haile-Selassie,Maren Haile-Selassie,ch SUI,"FW,MF",Chicago Fire,27-032,1999,7,5,526,5.8,1,0,1,1,0,0,0,0,0.17,0.00,0.17,0.17,0.17,Matches,0.13,0.33,8,3,37.5,0.51,1.37,,,,,,,,,,,,,,,,,,,Major League Soccer,2026
ea7733d4,Julian Hall,Julian Hall,us USA,"FW,MF",NY Red Bulls,18-021,2008,7,7,620,6.9,5,2,7,5,0,0,0,0,0.73,0.29,1.02,0.73,1.02,Matches,0.36,0.63,14,8,57.1,1.16,2.03,,,,,,,,,,,,,,,,,,,Major League Soccer,2026
7aa882a2,Lucas Halter,Lucas Halter,br BRA,DF,Houston Dynamo,25-347,2000,3,3,249,2.8,0,0,0,0,0,0,1,0,0.00,0.00,0.00,0.00,0.00,Matches,0.00,,3,0,0.0,0.00,1.08,,,,,,,,,,,,,,,,,,,Major League Soccer,2026
58d7534b,Nicholas Hansen,Nicholas Hansen,dk DEN,GK,Colorado Rapids,24-278,2001,2,2,180,2.0,0,0,0,0,0,0,0,0,0.00,0.00,0.00,0.00,0.00,Matches,,,0,0,,0.00,0.00,0,0.0,2,2,4,2.00,1,180,0,0,0,,0,71.4,10,14,0,1,Major League Soccer,2026
73fdc4c2,Ian Harkes,Ian Harkes,us USA,MF,SJ Earthquakes,31-015,1995,6,1,196,2.2,0,0,0,0,0,0,0,0,0.00,0.00,0.00,0.00,0.00,Matches,0.00,0.00,2,1,50.0,0.46,0.92,,,,,,,,,,,,,,,,,,,Major League Soccer,2026
b3edbeff,Nathan Harriel,Nathan Harriel,us USA,DF,Philadelphia Union,24-356,2001,7,7,630,7.0,0,0,0,0,0,0,2,0,0.00,0.00,0.00,0.00,0.00,Matches,0.00,0.00,10,3,30.0,0.43,1.43,,,,,,,,,,,,,,,,,,,Major League Soccer,2026
73ca72d5,Alex Harris,Alex Harris,us USA,FW,Colorado Rapids,21-057,2005,2,1,79,0.9,0,0,0,0,0,0,0,0,0.00,0.00,0.00,0.00,0.00,Matches,0.00,0.00,3,2,66.7,2.28,3.42,,,,,,,,,,,,,,,,,,,Major League Soccer,2026
07b0aeef,Calvin Harris,Calvin Harris,eng ENG,"FW,MF",Sporting KC,26-025,2000,7,7,529,5.9,0,1,1,0,0,0,0,0,0.00,0.17,0.17,0.00,0.17,Matches,0.00,0.00,9,2,22.2,0.34,1.53,,,,,,,,,,,,,,,,,,,Major League Soccer,2026
614eca9b,Marcel Hartel,Marcel Hartel,de GER,"MF,FW",St. Louis City,30-085,1996,6,6,540,6.0,2,0,2,2,0,0,0,0,0.33,0.00,0.33,0.33,0.33,Matches,0.09,0.15,22,13,59.1,2.17,3.67,,,,,,,,,,,,,,,,,,,Major League Soccer,2026
3f18600c,Carlos Harvey,Carlos Harvey,pa PAN,DF,Minnesota Utd,26-070,2000,4,1,100,1.1,0,0,0,0,0,0,0,0,0.00,0.00,0.00,0.00,0.00,Matches,,,0,0,,0.00,0.00,,,,,,,,,,,,,,,,,,,Major League Soccer,2026
86bac87b,Thomas Hasal,Thomas Hasal,ca CAN,GK,LAFC,26-279,1999,1,1,29,0.3,0,0,0,0,0,0,0,0,0.00,0.00,0.00,0.00,0.00,Matches,,,0,0,,0.00,0.00,0,0.0,1,1,0,0.00,1,29,0,0,0,,0,,0,0,0,0,Major League Soccer,2026
f8342731,Silvan Hefti,Silvan Hefti,ch SUI,DF,D.C. United,28-171,1997,7,7,630,7.0,0,0,0,0,0,0,0,0,0.00,0.00,0.00,0.00,0.00,Matches,0.00,,3,0,0.0,0.00,0.43,,,,,,,,,,,,,,,,,,,Major League Soccer,2026
c047f6aa,Malik Henry,Malik Henry,ca CAN,MF,Toronto FC,23-265,2002,4,1,86,1.0,0,0,0,0,0,0,1,0,0.00,0.00,0.00,0.00,0.00,Matches,0.00,0.00,1,1,100.0,1.05,1.05,,,,,,,,,,,,,,,,,,,Major League Soccer,2026
5cbf5ccd,Fabian Herbers,Fabian Herbers,de GER,"FW,MF",CF Montréal,32-240,1993,1,0,45,0.5,0,0,0,0,0,0,0,0,0.00,0.00,0.00,0.00,0.00,Matches,,,0,0,,0.00,0.00,,,,,,,,,,,,,,,,,,,Major League Soccer,2026
de907bab,Ronald Hernández,Ronald Hernández,ve VEN,DF,Atlanta Utd,28-205,1997,2,2,149,1.7,0,0,0,0,0,0,1,0,0.00,0.00,0.00,0.00,0.00,Matches,,,0,0,,0.00,0.00,,,,,,,,,,,,,,,,,,,Major League Soccer,2026
d86e3070,Aaron Herrera,Aaron Herrera,gt GUA,MF,D.C. United,28-312,1997,2,1,121,1.3,0,0,0,0,0,0,1,0,0.00,0.00,0.00,0.00,0.00,Matches,0.00,,4,0,0.0,0.00,2.98,,,,,,,,,,,,,,,,,,,Major League Soccer,2026
a8542814,Héctor Herrera,Héctor Herrera,mx MEX,MF,Houston Dynamo,35-360,1990,5,1,179,2.0,0,0,0,0,0,0,0,0,0.00,0.00,0.00,0.00,0.00,Matches,0.00,,2,0,0.0,0.00,1.01,,,,,,,,,,,,,,,,,,,Major League Soccer,2026
460cfb5b,Marcelo Herrera,Marcelo Herrera,ar ARG,"DF,MF",Columbus Crew,27-162,1998,7,7,599,6.7,0,1,1,0,0,0,2,0,0.00,0.15,0.15,0.00,0.15,Matches,0.00,0.00,9,5,55.6,0.75,1.35,,,,,,,,,,,,,,,,,,,Major League Soccer,2026
6f808c85,Lucas Herrington,Lucas Herrington,au AUS,DF,Colorado Rapids,18-221,2007,7,7,630,7.0,1,0,1,1,0,0,2,0,0.14,0.00,0.14,0.14,0.14,Matches,1.00,1.00,1,1,100.0,0.14,0.14,,,,,,,,,,,,,,,,,,,Major League Soccer,2026
92e7e919,Son Heung-min,Son Heung-min,kr KOR,"FW,MF",LAFC,33-280,1992,6,6,485,5.4,0,6,6,0,0,0,1,0,0.00,1.11,1.11,0.00,1.11,Matches,0.00,0.00,18,3,16.7,0.56,3.34,,,,,,,,,,,,,,,,,,,Major League Soccer,2026
2a4c41f6,Aiden Hezarkhani,Aiden Hezarkhani,us USA,"FW,MF",Real Salt Lake,18-290,2007,5,5,318,3.5,2,0,2,2,0,0,1,0,0.57,0.00,0.57,0.57,0.57,Matches,0.33,0.67,6,3,50.0,0.85,1.70,,,,,,,,,,,,,,,,,,,Major League Soccer,2026
891f8b82,Bode Hidalgo,Bode Hidalgo,us USA,DF,CF Montréal,24-051,2002,4,2,255,2.8,0,0,0,0,0,0,0,0,0.00,0.00,0.00,0.00,0.00,Matches,0.00,,1,0,0.0,0.00,0.35,,,,,,,,,,,,,,,,,,,Major League Soccer,2026
b807c1dc,Brendan Hines-Ike,Brendan Hines-Ike,us USA,DF,Austin FC,31-135,1994,7,7,629,7.0,1,0,1,1,0,0,0,0,0.14,0.00,0.14,0.14,0.14,Matches,0.17,0.25,6,4,66.7,0.57,0.86,,,,,,,,,,,,,,,,,,,Major League Soccer,2026
de9952b5,Bongokuhle Hlongwane,Bongokuhle Hlongwane,za RSA,MF,Minnesota Utd,25-298,2000,7,3,300,3.3,0,0,0,0,0,0,0,0,0.00,0.00,0.00,0.00,0.00,Matches,0.00,,2,0,0.0,0.00,0.60,,,,,,,,,,,,,,,,,,,Major League Soccer,2026
d79a8c87,Rob Holding,Rob Holding,eng ENG,DF,Colorado Rapids,30-206,1995,6,6,519,5.8,0,0,0,0,0,0,1,0,0.00,0.00,0.00,0.00,0.00,Matches,0.00,0.00,3,1,33.3,0.17,0.52,,,,,,,,,,,,,,,,,,,Major League Soccer,2026
28b58797,Ryan Hollingshead,Ryan Hollingshead,us USA,DF,LAFC,34-363,1991,5,2,202,2.2,0,0,0,0,0,0,0,0,0.00,0.00,0.00,0.00,0.00,Matches,0.00,,1,0,0.0,0.00,0.45,,,,,,,,,,,,,,,,,,,Major League Soccer,2026
47a050ed,Duane Holmes,Duane Holmes,us USA,"MF,DF",Houston Dynamo,31-159,1994,6,6,432,4.8,0,0,0,0,0,0,2,0,0.00,0.00,0.00,0.00,0.00,Matches,0.00,0.00,4,1,25.0,0.21,0.83,,,,,,,,,,,,,,,,,,,Major League Soccer,2026
8344adf5,Jackson Hopkins,Jackson Hopkins,us USA,"MF,FW",D.C. United,21-287,2004,7,6,527,5.9,0,0,0,0,0,0,2,0,0.00,0.00,0.00,0.00,0.00,Matches,0.00,0.00,8,3,37.5,0.51,1.37,,,,,,,,,,,,,,,,,,,Major League Soccer,2026
3f65d5ce,Ethan Horvath,Ethan Horvath,us USA,GK,NY Red Bulls,30-309,1995,7,7,630,7.0,0,0,0,0,0,0,0,0,0.00,0.00,0.00,0.00,0.00,Matches,,,0,0,,0.00,0.00,1,14.3,7,7,15,2.14,2,630,1,1,0,0.0,0,64.1,25,39,2,3,Major League Soccer,2026
848cbc52,Lucas Hoyos,Lucas Hoyos,ar ARG,GK,Atlanta Utd,36-350,1989,7,7,630,7.0,0,0,0,0,0,0,0,0,0.00,0.00,0.00,0.00,0.00,Matches,,,0,0,,0.00,0.00,1,14.3,7,7,12,1.71,5,630,0,1,1,,0,52.0,13,25,1,1,Major League Soccer,2026
3b0f3e7a,Keegan Hughes,Keegan Hughes,us USA,DF,NE Revolution,25-266,2000,1,1,81,0.9,0,0,0,0,0,0,0,0,0.00,0.00,0.00,0.00,0.00,Matches,,,0,0,,0.00,0.00,,,,,,,,,,,,,,,,,,,Major League Soccer,2026
f76a981b,Iago,Iago,br BRA,DF,Orlando City,20-361,2005,6,5,421,4.7,0,0,0,0,0,0,2,0,0.00,0.00,0.00,0.00,0.00,Matches,0.00,,2,0,0.0,0.00,0.43,,,,,,,,,,,,,,,,,,,Major League Soccer,2026
41ba8175,Sebastien Ibeagha,Sebastien Ibeagha,us USA,DF,FC Dallas,34-083,1992,7,6,535,5.9,0,0,0,0,0,0,0,0,0.00,0.00,0.00,0.00,0.00,Matches,0.00,,2,0,0.0,0.00,0.34,,,,,,,,,,,,,,,,,,,Major League Soccer,2026
363399b2,Aliyu Ibrahim,Aliyu Ibrahim,ng NGA,"FW,MF",Houston Dynamo,24-088,2002,4,0,59,0.7,0,0,0,0,0,0,0,0,0.00,0.00,0.00,0.00,0.00,Matches,,,0,0,,0.00,0.00,,,,,,,,,,,,,,,,,,,Major League Soccer,2026
4f87c75f,Milan Iloski,Milan Iloski,us USA,"MF,FW",Philadelphia Union,26-259,1999,7,7,533,5.9,1,1,2,1,0,1,0,0,0.17,0.17,0.34,0.17,0.34,Matches,0.04,0.20,23,5,21.7,0.84,3.88,,,,,,,,,,,,,,,,,,,Major League Soccer,2026
271b8617,Marcus Ingvartsen,Marcus Ingvartsen,dk DEN,FW,San Diego FC,30-100,1996,7,6,485,5.4,4,2,6,3,1,1,0,0,0.74,0.37,1.11,0.56,0.93,Matches,0.23,0.43,13,7,53.8,1.30,2.41,,,,,,,,,,,,,,,,,,,Major League Soccer,2026
fd67b8d3,Eric Izoita,Eric Izoita,us USA,MF,Portland Timbers,18-218,2007,1,1,90,1.0,1,0,1,1,0,0,0,0,1.00,0.00,1.00,1.00,1.00,Matches,1.00,1.00,1,1,100.0,1.00,1.00,,,,,,,,,,,,,,,,,,,Major League Soccer,2026
062c4d41,Ayoub Jabbari,Ayoub Jabbari,ma MAR,FW,FC Cincinnati,26-074,2000,7,4,311,3.5,1,1,2,1,0,0,1,0,0.29,0.29,0.58,0.29,0.58,Matches,0.17,0.50,6,2,33.3,0.58,1.74,,,,,,,,,,,,,,,,,,,Major League Soccer,2026
9862259f,Aziel Jackson,Aziel Jackson,us USA,MF,Vancouver W'caps,24-172,2001,6,6,400,4.4,1,1,2,1,0,0,0,0,0.23,0.23,0.45,0.23,0.45,Matches,0.09,0.20,11,5,45.5,1.13,2.48,,,,,,,,,,,,,,,,,,,Major League Soccer,2026
3264fa21,Tomás Jacob,Tomás Jacob,ar ARG,"DF,MF",Atlanta Utd,21-359,2004,7,7,601,6.7,1,0,1,1,0,0,3,0,0.15,0.00,0.15,0.15,0.15,Matches,0.33,1.00,3,1,33.3,0.15,0.45,,,,,,,,,,,,,,,,,,,Major League Soccer,2026
90ba7fa6,Ivan Jaime Pajuelo,Ivan Jaime Pajuelo,es ESP,MF,CF Montréal,25-200,2000,6,5,402,4.5,1,1,2,1,0,0,1,0,0.22,0.22,0.45,0.22,0.45,Matches,0.08,0.25,13,4,30.8,0.90,2.91,,,,,,,,,,,,,,,,,,,Major League Soccer,2026
595fc7dd,Malik Jakupović,Malik Jakupović,us USA,FW,Philadelphia Union,16-294,2009,2,0,37,0.4,0,0,0,0,0,0,0,0,0.00,0.00,0.00,0.00,0.00,Matches,,,0,0,,0.00,0.00,,,,,,,,,,,,,,,,,,,Major League Soccer,2026
3e10c876,Ian James,Ian James,us USA,DF,Sporting KC,17-312,2008,4,4,332,3.7,0,0,0,0,0,0,0,0,0.00,0.00,0.00,0.00,0.00,Matches,0.00,,1,0,0.0,0.00,0.27,,,,,,,,,,,,,,,,,,,Major League Soccer,2026
8ca5c176,Robin Jansson,Robin Jansson,se SWE,DF,Orlando City,34-150,1991,1,1,77,0.9,0,0,0,0,0,0,0,0,0.00,0.00,0.00,0.00,0.00,Matches,,,0,0,,0.00,0.00,,,,,,,,,,,,,,,,,,,Major League Soccer,2026
6211719a,Jack Jasinski,Jack Jasinski,us USA,FW,SJ Earthquakes,22-131,2003,1,0,15,0.2,0,0,0,0,0,0,0,0,0.00,0.00,0.00,0.00,0.00,Matches,,,0,0,,0.00,0.00,,,,,,,,,,,,,,,,,,,Major League Soccer,2026
59fcbd6d,Danley Jean-Jacques,Danley Jean-Jacques,ht HAI,MF,Philadelphia Union,25-329,2000,6,6,505,5.6,1,0,1,1,0,0,1,0,0.18,0.00,0.18,0.18,0.18,Matches,0.20,1.00,5,1,20.0,0.18,0.89,,,,,,,,,,,,,,,,,,,Major League Soccer,2026
b26a0215,Stiven Jimenez,Stiven Jimenez,us USA,MF,FC Cincinnati,18-294,2007,1,0,3,0.0,0,0,0,0,0,0,0,0,0.00,0.00,0.00,0.00,0.00,Matches,,,0,0,,0.00,0.00,,,,,,,,,,,,,,,,,,,Major League Soccer,2026
97ec94a5,Julio Joao Ortíz,Julio Joao Ortíz,ec ECU,MF,Portland Timbers,29-348,1996,5,3,291,3.2,0,1,1,0,0,0,0,0,0.00,0.31,0.31,0.00,0.31,Matches,0.00,0.00,5,1,20.0,0.31,1.55,,,,,,,,,,,,,,,,,,,Major League Soccer,2026
6f864562,Herman Johansson,Herman Johansson,se SWE,"MF,DF",FC Dallas,28-180,1997,6,5,435,4.8,0,1,1,0,0,0,1,0,0.00,0.21,0.21,0.00,0.21,Matches,0.00,0.00,2,1,50.0,0.21,0.41,,,,,,,,,,,,,,,,,,,Major League Soccer,2026
604300bc,Aron John,Aron John,us USA,MF,Charlotte,20-011,2006,1,0,1,0.0,0,0,0,0,0,0,0,0,0.00,0.00,0.00,0.00,0.00,Matches,,,0,0,,0.00,0.00,,,,,,,,,,,,,,,,,,,Major League Soccer,2026
c164335e,Sean Johnson,Sean Johnson,us USA,GK,D.C. United,36-318,1989,7,7,630,7.0,0,0,0,0,0,0,0,0,0.00,0.00,0.00,0.00,0.00,Matches,,,0,0,,0.00,0.00,2,28.6,7,7,9,1.29,4,630,1,1,0,0.0,0,75.0,23,32,1,2,Major League Soccer,2026
eb8e36b9,Tate Johnson,Tate Johnson,us USA,DF,Vancouver W'caps,20-278,2005,5,4,379,4.2,0,0,0,0,0,0,0,0,0.00,0.00,0.00,0.00,0.00,Matches,0.00,,2,0,0.0,0.00,0.47,,,,,,,,,,,,,,,,,,,Major League Soccer,2026
10d1139c,DeJuan Jones,DeJuan Jones,us USA,DF,SJ Earthquakes,28-294,1997,5,5,359,4.0,0,0,0,0,0,0,2,0,0.00,0.00,0.00,0.00,0.00,Matches,0.00,,1,0,0.0,0.00,0.25,,,,,,,,,,,,,,,,,,,Major League Soccer,2026
81167a59,Malachi Jones,Malachi Jones,sl SLE,FW,NYCFC,22-203,2003,1,0,14,0.2,0,0,0,0,0,0,0,0,0.00,0.00,0.00,0.00,0.00,Matches,0.00,,1,0,0.0,0.00,6.43,,,,,,,,,,,,,,,,,,,Major League Soccer,2026
95a24690,Dejan Joveljić,Dejan Joveljić,rs SRB,FW,Sporting KC,26-250,1999,7,7,630,7.0,4,1,5,4,0,0,0,0,0.57,0.14,0.71,0.57,0.71,Matches,0.31,0.50,13,8,61.5,1.14,1.86,,,,,,,,,,,,,,,,,,,Major League Soccer,2026
50c9bf12,Mykhi Joyner,Mykhi Joyner,us USA,FW,St. Louis City,19-227,2006,2,0,12,0.1,0,0,0,0,0,0,0,0,0.00,0.00,0.00,0.00,0.00,Matches,0.00,,1,0,0.0,0.00,7.50,,,,,,,,,,,,,,,,,,,Major League Soccer,2026
00534d73,Preston Judd,Preston Judd,us USA,FW,SJ Earthquakes,26-321,1999,7,7,567,6.3,3,2,5,3,0,0,2,0,0.48,0.32,0.79,0.48,0.79,Matches,0.14,0.27,21,11,52.4,1.75,3.33,,,,,,,,,,,,,,,,,,,Major League Soccer,2026
f907a6a8,Anderson Julio,Anderson Julio,ec ECU,"FW,MF",FC Dallas,29-318,1996,2,0,29,0.3,0,0,0,0,0,0,0,0,0.00,0.00,0.00,0.00,0.00,Matches,0.00,0.00,1,1,100.0,3.10,3.10,,,,,,,,,,,,,,,,,,,Major League Soccer,2026
91981d97,Sam Junqua,Sam Junqua,us USA,DF,Real Salt Lake,29-156,1996,4,1,145,1.6,0,0,0,0,0,0,1,0,0.00,0.00,0.00,0.00,0.00,Matches,,,0,0,,0.00,0.00,,,,,,,,,,,,,,,,,,,Major League Soccer,2026
53e360bb,Kristijan Kahlina,Kristijan Kahlina,hr CRO,GK,Charlotte,33-264,1992,7,7,630,7.0,0,0,0,0,0,0,1,0,0.00,0.00,0.00,0.00,0.00,Matches,,,0,0,,0.00,0.00,1,14.3,7,7,9,1.29,2,630,0,0,0,,0,79.5,35,44,2,3,Major League Soccer,2026
7703e0fe,Kaick,Kaick,br BRA,MF,FC Dallas,20-136,2005,7,5,483,5.4,0,0,0,0,0,0,2,0,0.00,0.00,0.00,0.00,0.00,Matches,0.00,0.00,7,2,28.6,0.37,1.30,,,,,,,,,,,,,,,,,,,Major League Soccer,2026
186acc62,Bernard Kamungo,Bernard Kamungo,us USA,"MF,DF",FC Dallas,24-103,2002,6,6,511,5.7,0,1,1,0,0,0,0,0,0.00,0.18,0.18,0.00,0.18,Matches,0.00,0.00,6,2,33.3,0.35,1.06,,,,,,,,,,,,,,,,,,,Major League Soccer,2026
5c041f1f,Alexandros Katranis,Alexandros Katranis,gr GRE,MF,Real Salt Lake,27-345,1998,2,2,161,1.8,0,0,0,0,0,0,1,0,0.00,0.00,0.00,0.00,0.00,Matches,0.00,0.00,1,1,100.0,0.56,0.56,,,,,,,,,,,,,,,,,,,Major League Soccer,2026
136958ad,Kevin Kelsy,Kevin Kelsy,ve VEN,FW,Portland Timbers,21-261,2004,7,3,182,2.0,1,1,2,1,0,0,1,0,0.49,0.49,0.99,0.49,0.99,Matches,0.17,0.25,6,4,66.7,1.98,2.97,,,,,,,,,,,,,,,,,,,Major League Soccer,2026
a3e85f7b,Deandre Kerr,Deandre Kerr,ca CAN,MF,Toronto FC,23-146,2002,4,2,188,2.1,0,0,0,0,0,0,0,0,0.00,0.00,0.00,0.00,0.00,Matches,0.00,0.00,7,2,28.6,0.96,3.35,,,,,,,,,,,,,,,,,,,Major League Soccer,2026
858f1390,Hosei Kijima,Hosei Kijima,jp JPN,MF,D.C. United,23-287,2002,2,1,58,0.6,0,0,0,0,0,0,0,0,0.00,0.00,0.00,0.00,0.00,Matches,0.00,0.00,1,1,100.0,1.55,1.55,,,,,,,,,,,,,,,,,,,Major League Soccer,2026
fe11d61b,Benjamin Kikanovic,Benjamin Kikanovic,us USA,DF,SJ Earthquakes,26-098,2000,7,7,614,6.8,0,0,0,0,0,0,1,0,0.00,0.00,0.00,0.00,0.00,Matches,0.00,0.00,3,1,33.3,0.15,0.44,,,,,,,,,,,,,,,,,,,Major League Soccer,2026
7a798d92,Peter Kingston,Peter Kingston,us USA,MF,Seattle Sounders,24-274,2001,2,1,95,1.1,0,0,0,0,0,0,1,0,0.00,0.00,0.00,0.00,0.00,Matches,0.00,0.00,2,1,50.0,0.95,1.89,,,,,,,,,,,,,,,,,,,Major League Soccer,2026
f5ae006d,Klauss,Klauss,br BRA,FW,LA Galaxy,29-044,1997,7,6,493,5.5,5,0,5,5,0,0,0,0,0.91,0.00,0.91,0.91,0.91,Matches,0.25,0.42,20,12,60.0,2.19,3.65,,,,,,,,,,,,,,,,,,,Major League Soccer,2026
48493ede,Eric Klein,Eric Klein,us USA,MF,NE Revolution,19-145,2006,1,0,1,0.0,0,0,0,0,0,0,0,0,0.00,0.00,0.00,0.00,0.00,Matches,,,0,0,,0.00,0.00,,,,,,,,,,,,,,,,,,,Major League Soccer,2026
076ec0be,Jordan Knight,Jordan Knight,ca CAN,DF,Nashville SC,23-305,2002,1,0,4,0.0,0,0,0,0,0,0,0,0,0.00,0.00,0.00,0.00,0.00,Matches,,,0,0,,0.00,0.00,,,,,,,,,,,,,,,,,,,Major League Soccer,2026
5e352f81,Ethan Kohler,Ethan Kohler,us USA,DF,NE Revolution,20-329,2005,2,1,108,1.2,0,0,0,0,0,0,0,0,0.00,0.00,0.00,0.00,0.00,Matches,0.00,,1,0,0.0,0.00,0.83,,,,,,,,,,,,,,,,,,,Major League Soccer,2026
4501fd21,Žan Kolmanič,Žan Kolmanič,si SVN,DF,Austin FC,26-042,2000,3,1,105,1.2,0,0,0,0,0,0,0,0,0.00,0.00,0.00,0.00,0.00,Matches,,,0,0,,0.00,0.00,,,,,,,,,,,,,,,,,,,Major League Soccer,2026
1c3655bc,Stas Korzeniowski,Stas Korzeniowski,us USA,FW,Philadelphia Union,23-074,2003,5,1,124,1.4,0,0,0,0,0,0,0,0,0.00,0.00,0.00,0.00,0.00,Matches,0.00,0.00,5,1,20.0,0.73,3.63,,,,,,,,,,,,,,,,,,,Major League Soccer,2026
ef7c10e0,Theodore Ku-Dipietro,Theodore Ku-Dipietro,us USA,"FW,MF",Colorado Rapids,24-076,2002,4,0,95,1.1,0,0,0,0,0,0,0,0,0.00,0.00,0.00,0.00,0.00,Matches,0.00,0.00,3,1,33.3,0.95,2.84,,,,,,,,,,,,,,,,,,,Major League Soccer,2026
291b879c,Willy Kumado,Willy Kumado,gh GHA,MF,San Diego FC,23-180,2002,2,0,24,0.3,0,0,0,0,0,0,0,0,0.00,0.00,0.00,0.00,0.00,Matches,,,0,0,,0.00,0.00,,,,,,,,,,,,,,,,,,,Major League Soccer,2026
dddab740,Keisuke Kurokawa,Keisuke Kurokawa,jp JPN,DF,D.C. United,29-001,1997,7,7,630,7.0,0,0,0,0,0,0,1,0,0.00,0.00,0.00,0.00,0.00,Matches,0.00,,1,0,0.0,0.00,0.14,,,,,,,,,,,,,,,,,,,Major League Soccer,2026
9edddc34,Benjamín Kuscevic,Benjamín Kuscevic,cl CHI,DF,Toronto FC,29-347,1996,5,5,450,5.0,0,0,0,0,0,0,2,0,0.00,0.00,0.00,0.00,0.00,Matches,0.00,0.00,5,1,20.0,0.20,1.00,,,,,,,,,,,,,,,,,,,Major League Soccer,2026
f8406838,Ezekiel Kwame Alladoh,Ezekiel Kwame Alladoh,gh GHA,FW,Philadelphia Union,20-213,2005,5,2,225,2.5,0,1,1,0,0,0,1,1,0.00,0.40,0.40,0.00,0.40,Matches,0.00,,2,0,0.0,0.00,0.80,,,,,,,,,,,,,,,,,,,Major League Soccer,2026
e9241b40,Luca de la Torre,Luca de la Torre,us USA,MF,Charlotte,27-326,1998,6,2,231,2.6,0,1,1,0,0,0,0,0,0.00,0.39,0.39,0.00,0.39,Matches,0.00,,4,0,0.0,0.00,1.56,,,,,,,,,,,,,,,,,,,Major League Soccer,2026
37295115,Mathías Laborda,Mathías Laborda,uy URU,DF,Vancouver W'caps,26-211,1999,6,5,472,5.2,2,2,4,2,0,0,1,0,0.38,0.38,0.76,0.38,0.76,Matches,0.25,0.50,8,4,50.0,0.76,1.53,,,,,,,,,,,,,,,,,,,Major League Soccer,2026
b9532512,Luca Langoni,Luca Langoni,ar ARG,"MF,FW",NE Revolution,24-064,2002,6,5,379,4.2,1,5,6,1,0,0,1,0,0.24,1.19,1.42,0.24,1.42,Matches,0.17,0.33,6,3,50.0,0.71,1.42,,,,,,,,,,,,,,,,,,,Major League Soccer,2026
ecdbe767,Oliver Larraz,Oliver Larraz,us USA,MF,Vancouver W'caps,24-210,2001,5,1,140,1.6,0,0,0,0,0,0,2,0,0.00,0.00,0.00,0.00,0.00,Matches,0.00,,1,0,0.0,0.00,0.64,,,,,,,,,,,,,,,,,,,Major League Soccer,2026
276fdbe4,Richie Laryea,Richie Laryea,ca CAN,"DF,MF",Toronto FC,31-097,1995,7,7,630,7.0,1,1,2,1,0,0,1,0,0.14,0.14,0.29,0.14,0.29,Matches,0.50,0.50,2,2,100.0,0.29,0.29,,,,,,,,,,,,,,,,,,,Major League Soccer,2026
bd7b916c,Ariel Lassiter,Ariel Lassiter,cr CRC,FW,Portland Timbers,31-199,1994,5,1,134,1.5,1,0,1,1,0,0,1,0,0.67,0.00,0.67,0.67,0.67,Matches,0.33,0.50,3,2,66.7,1.34,2.01,,,,,,,,,,,,,,,,,,,Major League Soccer,2026
1c9cfad4,Emmanuel Latte Lath,Emmanuel Latte Lath,ci CIV,FW,Atlanta Utd,27-103,1999,7,7,595,6.6,1,2,3,1,0,0,1,0,0.15,0.30,0.45,0.15,0.45,Matches,0.06,0.33,18,3,16.7,0.45,2.72,,,,,,,,,,,,,,,,,,,Major League Soccer,2026
6a9ab308,Beau Leroux,Beau Leroux,us USA,MF,SJ Earthquakes,22-226,2003,7,7,533,5.9,1,2,3,1,0,0,0,0,0.17,0.34,0.51,0.17,0.51,Matches,0.08,0.50,12,2,16.7,0.34,2.03,,,,,,,,,,,,,,,,,,,Major League Soccer,2026
66a7effe,Ondřej Lingr,Ondřej Lingr,cz CZE,FW,Houston Dynamo,27-189,1998,6,1,125,1.4,0,0,0,0,0,0,0,0,0.00,0.00,0.00,0.00,0.00,Matches,0.00,0.00,1,1,100.0,0.72,0.72,,,,,,,,,,,,,,,,,,,Major League Soccer,2026
8f62b6ee,Hugo Lloris,Hugo Lloris,fr FRA,GK,LAFC,39-109,1986,6,6,540,6.0,0,0,0,0,0,0,0,0,0.00,0.00,0.00,0.00,0.00,Matches,,,0,0,,0.00,0.00,6,100.0,6,6,0,0.00,0,540,0,0,0,,0,100.0,22,22,1,5,Major League Soccer,2026
84d6ce13,Saba Lobzhanidze,Saba Lobzhanidze,ge GEO,"FW,MF",Atlanta Utd,31-117,1994,7,3,267,3.0,0,0,0,0,0,0,0,0,0.00,0.00,0.00,0.00,0.00,Matches,0.00,0.00,5,2,40.0,0.67,1.69,,,,,,,,,,,,,,,,,,,Major League Soccer,2026
33c69aa0,Robin Lod,Robin Lod,fi FIN,"MF,FW",Chicago Fire,32-362,1993,7,5,444,4.9,1,0,1,1,0,0,1,0,0.20,0.00,0.20,0.20,0.20,Matches,0.14,0.50,7,2,28.6,0.41,1.42,,,,,,,,,,,,,,,,,,,Major League Soccer,2026
c0027d2d,Matthew Longstaff,Matthew Longstaff,eng ENG,MF,CF Montréal,26-024,2000,7,6,526,5.8,0,0,0,0,0,0,0,0,0.00,0.00,0.00,0.00,0.00,Matches,0.00,0.00,3,1,33.3,0.17,0.51,,,,,,,,,,,,,,,,,,,Major League Soccer,2026
7b02a7e1,Antino Lopez,Antino Lopez,us USA,DF,Seattle Sounders,23-328,2002,3,3,270,3.0,0,0,0,0,0,0,1,0,0.00,0.00,0.00,0.00,0.00,Matches,,,0,0,,0.00,0.00,,,,,,,,,,,,,,,,,,,Major League Soccer,2026
6bc235e5,Victor Loturi,Victor Loturi,ca CAN,MF,CF Montréal,24-328,2001,7,7,615,6.8,0,0,0,0,0,0,2,0,0.00,0.00,0.00,0.00,0.00,Matches,0.00,,1,0,0.0,0.00,0.15,,,,,,,,,,,,,,,,,,,Major League Soccer,2026
897dec3e,Ricardo Louis,Ricardo Louis,ht HAI,MF,FC Dallas,21-192,2004,1,0,18,0.2,0,0,0,0,0,0,0,0,0.00,0.00,0.00,0.00,0.00,Matches,,,0,0,,0.00,0.00,,,,,,,,,,,,,,,,,,,Major League Soccer,2026
95c5f7c1,Evan Louro,Evan Louro,us USA,GK,FC Cincinnati,30-085,1996,2,2,180,2.0,0,0,0,0,0,0,0,0,0.00,0.00,0.00,0.00,0.00,Matches,,,0,0,,0.00,0.00,0,0.0,2,2,7,3.50,1,180,1,1,0,0.0,0,53.8,7,13,0,1,Major League Soccer,2026
db97d838,Daniel Lovitz,Daniel Lovitz,us USA,DF,Nashville SC,34-230,1991,7,6,511,5.7,0,0,0,0,0,0,2,0,0.00,0.00,0.00,0.00,0.00,Matches,,,0,0,,0.00,0.00,,,,,,,,,,,,,,,,,,,Major League Soccer,2026
209aad11,Gonzalo Luján,Gonzalo Luján,ar ARG,DF,Inter Miami,24-352,2001,6,2,252,2.8,1,0,1,1,0,0,1,0,0.36,0.00,0.36,0.36,0.36,Matches,0.50,1.00,2,1,50.0,0.36,0.71,,,,,,,,,,,,,,,,,,,Major League Soccer,2026
90268125,Jovan Lukić,Jovan Lukić,rs SRB,MF,Philadelphia Union,24-084,2002,6,5,464,5.2,0,0,0,0,0,0,2,0,0.00,0.00,0.00,0.00,0.00,Matches,0.00,,1,0,0.0,0.00,0.19,,,,,,,,,,,,,,,,,,,Major League Soccer,2026
e67f8af0,Diego Luna,Diego Luna,us USA,MF,Real Salt Lake,22-219,2003,3,1,148,1.6,1,0,1,1,0,0,0,0,0.61,0.00,0.61,0.61,0.61,Matches,0.20,1.00,5,1,20.0,0.61,3.04,,,,,,,,,,,,,,,,,,,Major League Soccer,2026
b6111d16,Lukas MacNaughton,Lukas MacNaughton,ca CAN,DF,St. Louis City,31-037,1995,5,0,63,0.7,0,1,1,0,0,0,0,0,0.00,1.43,1.43,0.00,1.43,Matches,,,0,0,,0.00,0.00,,,,,,,,,,,,,,,,,,,Major League Soccer,2026
b4adf12d,Warren Madrigal,Warren Madrigal,cr CRC,"FW,MF",Nashville SC,21-264,2004,7,4,342,3.8,2,1,3,2,0,0,0,0,0.53,0.26,0.79,0.53,0.79,Matches,0.14,0.40,14,5,35.7,1.32,3.68,,,,,,,,,,,,,,,,,,,Major League Soccer,2026
64c98878,Talles Magno,Talles Magno,br BRA,"FW,MF",NYCFC,23-292,2002,7,0,104,1.2,1,0,1,1,0,0,0,0,0.87,0.00,0.87,0.87,0.87,Matches,0.25,0.50,4,2,50.0,1.73,3.46,,,,,,,,,,,,,,,,,,,Major League Soccer,2026
0c6f2fa6,Jack Maher,Jack Maher,us USA,DF,Nashville SC,26-168,1999,2,2,180,2.0,0,0,0,0,0,0,1,0,0.00,0.00,0.00,0.00,0.00,Matches,0.00,0.00,1,1,100.0,0.50,0.50,,,,,,,,,,,,,,,,,,,Major League Soccer,2026
1627e6b5,Olwethu Makhanya,Olwethu Makhanya,za RSA,DF,Philadelphia Union,21-349,2004,6,6,539,6.0,0,0,0,0,0,0,4,1,0.00,0.00,0.00,0.00,0.00,Matches,0.00,,4,0,0.0,0.00,0.67,,,,,,,,,,,,,,,,,,,Major League Soccer,2026
f1d74479,Juan Manuel Sanabria,Juan Manuel Sanabria,uy URU,MF,Real Salt Lake,26-016,2000,4,4,360,4.0,0,2,2,0,0,0,0,0,0.00,0.50,0.50,0.00,0.50,Matches,0.00,0.00,7,1,14.3,0.25,1.75,,,,,,,,,,,,,,,,,,,Major League Soccer,2026
6e159787,Alexis Manyoma,Alexis Manyoma,co COL,MF,Colorado Rapids,23-101,2003,6,1,141,1.6,1,0,1,1,0,0,0,0,0.64,0.00,0.64,0.64,0.64,Matches,0.50,1.00,2,1,50.0,0.64,1.28,,,,,,,,,,,,,,,,,,,Major League Soccer,2026
977791f4,J.T. Marcinkowski,J.T. Marcinkowski,us USA,GK,LA Galaxy,28-340,1997,3,3,270,3.0,0,0,0,0,0,0,1,0,0.00,0.00,0.00,0.00,0.00,Matches,,,0,0,,0.00,0.00,0,0.0,3,3,4,1.33,1,270,0,0,0,,0,63.6,7,11,1,1,Major League Soccer,2026
dc010d26,Dominik Marczuk,Dominik Marczuk,pl POL,MF,Real Salt Lake,22-164,2003,4,0,64,0.7,0,0,0,0,0,0,1,0,0.00,0.00,0.00,0.00,0.00,Matches,0.00,,1,0,0.0,0.00,1.41,,,,,,,,,,,,,,,,,,,Major League Soccer,2026
da0bb55a,Paul Marie,Paul Marie,fr FRA,"DF,MF",SJ Earthquakes,31-021,1995,5,0,48,0.5,0,0,0,0,0,0,0,0,0.00,0.00,0.00,0.00,0.00,Matches,,,0,0,,0.00,0.00,,,,,,,,,,,,,,,,,,,Major League Soccer,2026
b7f2edff,Adrián Marín,Adrián Marín,es ESP,DF,Orlando City,29-095,1997,5,3,299,3.3,0,0,0,0,0,0,1,0,0.00,0.00,0.00,0.00,0.00,Matches,0.00,,1,0,0.0,0.00,0.30,,,,,,,,,,,,,,,,,,,Major League Soccer,2026
565fde4a,Anthony Markanich,Anthony Markanich,ph PHI,"DF,MF",Minnesota Utd,26-109,1999,7,6,511,5.7,1,0,1,1,0,0,1,0,0.18,0.00,0.18,0.18,0.18,Matches,0.14,1.00,7,1,14.3,0.18,1.23,,,,,,,,,,,,,,,,,,,Major League Soccer,2026
65988c73,Nick Markanich,Nick Markanich,us USA,MF,Houston Dynamo,26-109,1999,4,0,22,0.2,0,0,0,0,0,0,0,1,0.00,0.00,0.00,0.00,0.00,Matches,0.00,,1,0,0.0,0.00,4.09,,,,,,,,,,,,,,,,,,,Major League Soccer,2026
74a841d9,Nikola Marković,Nikola Marković,ca CAN,DF,D.C. United,21-266,2004,3,0,33,0.4,0,0,0,0,0,0,0,0,0.00,0.00,0.00,0.00,0.00,Matches,,,0,0,,0.00,0.00,,,,,,,,,,,,,,,,,,,Major League Soccer,2026
dd97f441,Idan Markovich,Idan Markovich,il ISR,FW,Charlotte,21-248,2004,7,7,579,6.4,2,1,3,2,0,1,1,0,0.31,0.16,0.47,0.31,0.47,Matches,0.25,0.40,8,5,62.5,0.78,1.24,,,,,,,,,,,,,,,,,,,Major League Soccer,2026
b9459f85,Jahkeele Marshall-Rutty,Jahkeele Marshall-Rutty,ca CAN,DF,NY Red Bulls,21-302,2004,7,7,590,6.6,0,0,0,0,0,0,0,0,0.00,0.00,0.00,0.00,0.00,Matches,0.00,0.00,7,3,42.9,0.46,1.07,,,,,,,,,,,,,,,,,,,Major League Soccer,2026
52fe0ad4,David Martínez,David Martínez,ve VEN,"FW,MF",LAFC,20-066,2006,6,5,365,4.1,2,0,2,2,0,0,1,0,0.49,0.00,0.49,0.49,0.49,Matches,0.22,0.67,9,3,33.3,0.74,2.22,,,,,,,,,,,,,,,,,,,Major League Soccer,2026
0c0b1959,Geiner Martínez,Geiner Martínez,co COL,DF,Philadelphia Union,23-095,2003,2,0,46,0.5,0,0,0,0,0,0,0,0,0.00,0.00,0.00,0.00,0.00,Matches,,,0,0,,0.00,0.00,,,,,,,,,,,,,,,,,,,Major League Soccer,2026
4d6ec370,Thiago Martins,Thiago Martins,br BRA,DF,NYCFC,31-028,1995,6,6,520,5.8,0,0,0,0,0,0,0,0,0.00,0.00,0.00,0.00,0.00,Matches,0.00,,1,0,0.0,0.00,0.17,,,,,,,,,,,,,,,,,,,Major League Soccer,2026
0e6bc38c,Eric Maxim Choupo-Moting,Eric Maxim Choupo-Moting,cm CMR,FW,NY Red Bulls,37-022,1989,6,1,108,1.2,1,0,1,1,0,0,0,0,0.83,0.00,0.83,0.83,0.83,Matches,0.50,0.50,2,2,100.0,1.67,1.67,,,,,,,,,,,,,,,,,,,Major League Soccer,2026
13398d42,Mbekezeli Mbokazi,Mbekezeli Mbokazi,za RSA,DF,Chicago Fire,20-207,2005,7,7,627,7.0,0,0,0,0,0,0,0,0,0.00,0.00,0.00,0.00,0.00,Matches,0.00,0.00,6,3,50.0,0.43,0.86,,,,,,,,,,,,,,,,,,,Major League Soccer,2026
18a1a530,Kenji Mboma Dem,Kenji Mboma Dem,fr FRA,FW,FC Cincinnati,24-082,2002,4,0,25,0.3,1,0,1,1,0,0,0,0,3.60,0.00,3.60,3.60,3.60,Matches,0.25,1.00,4,1,25.0,3.60,14.40,,,,,,,,,,,,,,,,,,,Major League Soccer,2026
e2b8c25c,Jack McGlynn,Jack McGlynn,us USA,MF,Houston Dynamo,22-281,2003,4,4,353,3.9,0,2,2,0,0,0,1,0,0.00,0.51,0.51,0.00,0.51,Matches,0.00,0.00,4,2,50.0,0.51,1.02,,,,,,,,,,,,,,,,,,,Major League Soccer,2026
e0d45022,Duncan McGuire,Duncan McGuire,us USA,FW,Orlando City,25-068,2001,6,4,363,4.0,1,0,1,1,0,0,1,0,0.25,0.00,0.25,0.25,0.25,Matches,0.17,0.25,6,4,66.7,0.99,1.49,,,,,,,,,,,,,,,,,,,Major League Soccer,2026
9a01d4ba,Brendan McSorley,Brendan McSorley,us USA,FW,St. Louis City,24-072,2002,6,0,104,1.2,1,0,1,1,0,0,0,0,0.87,0.00,0.87,0.87,0.87,Matches,0.17,0.20,6,5,83.3,4.33,5.19,,,,,,,,,,,,,,,,,,,Major League Soccer,2026
149d8165,Christopher McVey,Christopher McVey,se SWE,DF,San Diego FC,29-002,1997,6,5,423,4.7,1,0,1,1,0,0,6,2,0.21,0.00,0.21,0.21,0.21,Matches,0.20,0.50,5,2,40.0,0.43,1.06,,,,,,,,,,,,,,,,,,,Major League Soccer,2026
5178f39c,Adri Mehmeti,Adri Mehmeti,us USA,MF,NY Red Bulls,17-008,2009,7,7,565,6.3,1,2,3,1,0,0,1,0,0.16,0.32,0.48,0.16,0.48,Matches,0.25,1.00,4,1,25.0,0.16,0.64,,,,,,,,,,,,,,,,,,,Major League Soccer,2026
d70ce98e,Lionel Messi,Lionel Messi,ar ARG,"MF,FW",Inter Miami,38-294,1987,6,6,540,6.0,5,0,5,5,0,0,0,0,0.83,0.00,0.83,0.83,0.83,Matches,0.14,0.38,37,13,35.1,2.17,6.17,,,,,,,,,,,,,,,,,,,Major League Soccer,2026
a1674d2a,Wyatt Meyer,Wyatt Meyer,us USA,DF,Sporting KC,25-093,2001,5,5,411,4.6,0,0,0,0,0,0,1,0,0.00,0.00,0.00,0.00,0.00,Matches,,,0,0,,0.00,0.00,,,,,,,,,,,,,,,,,,,Major League Soccer,2026
9fc0f253,Matt Miazga,Matt Miazga,us USA,DF,FC Cincinnati,30-269,1995,4,3,238,2.6,0,0,0,0,0,0,2,0,0.00,0.00,0.00,0.00,0.00,Matches,0.00,0.00,1,1,100.0,0.38,0.38,,,,,,,,,,,,,,,,,,,Major League Soccer,2026
ea95d7a6,Micael,Micael,br BRA,DF,Inter Miami,25-245,2000,6,6,540,6.0,1,0,1,1,0,0,1,0,0.17,0.00,0.17,0.17,0.17,Matches,0.25,0.50,4,2,50.0,0.33,0.67,,,,,,,,,,,,,,,,,,,Major League Soccer,2026
98cd66a3,Novak Mićović,Novak Mićović,rs SRB,GK,LA Galaxy,24-171,2001,4,4,360,4.0,0,0,0,0,0,0,0,0,0.00,0.00,0.00,0.00,0.00,Matches,,,0,0,,0.00,0.00,1,25.0,4,4,7,1.75,2,360,1,1,0,0.0,0,45.5,5,11,1,1,Major League Soccer,2026
10ec4169,Alex Mighten,Alex Mighten,eng ENG,FW,San Diego FC,24-003,2002,4,1,114,1.3,0,1,1,0,0,0,0,0,0.00,0.79,0.79,0.00,0.79,Matches,,,0,0,,0.00,0.00,,,,,,,,,,,,,,,,,,,Major League Soccer,2026
83cf9719,Djordje Mihailovic,Djordje Mihailovic,us USA,"MF,FW",Toronto FC,27-155,1998,5,4,400,4.4,1,2,3,1,0,0,0,0,0.23,0.45,0.68,0.23,0.68,Matches,0.14,0.25,7,4,57.1,0.90,1.58,,,,,,,,,,,,,,,,,,,Major League Soccer,2026
29c28f01,Enea Mihaj,Enea Mihaj,al ALB,DF,Atlanta Utd,27-283,1998,7,7,625,6.9,0,0,0,0,0,0,1,0,0.00,0.00,0.00,0.00,0.00,Matches,0.00,0.00,1,1,100.0,0.14,0.14,,,,,,,,,,,,,,,,,,,Major League Soccer,2026
4a5b1142,Harbor Miller,Harbor Miller,us USA,MF,LA Galaxy,18-297,2007,5,1,155,1.7,0,0,0,0,0,0,0,0,0.00,0.00,0.00,0.00,0.00,Matches,0.00,0.00,4,1,25.0,0.58,2.32,,,,,,,,,,,,,,,,,,,Major League Soccer,2026
c2183cdd,Jansen Miller,Jansen Miller,us USA,DF,Sporting KC,24-063,2002,6,3,297,3.3,0,0,0,0,0,0,2,0,0.00,0.00,0.00,0.00,0.00,Matches,,,0,0,,0.00,0.00,,,,,,,,,,,,,,,,,,,Major League Soccer,2026
0646bd8a,Kamal Miller,Kamal Miller,ca CAN,DF,Portland Timbers,28-333,1997,5,3,212,2.4,0,0,0,0,0,0,1,1,0.00,0.00,0.00,0.00,0.00,Matches,,,0,0,,0.00,0.00,,,,,,,,,,,,,,,,,,,Major League Soccer,2026
5b7585b3,Nolan Miller,Nolan Miller,us USA,DF,Orlando City,21-254,2004,5,4,328,3.6,0,0,0,0,0,0,2,0,0.00,0.00,0.00,0.00,0.00,Matches,0.00,,1,0,0.0,0.00,0.27,,,,,,,,,,,,,,,,,,,Major League Soccer,2026
6cb5be4f,Peyton Miller,Peyton Miller,us USA,FW,NE Revolution,18-157,2007,4,0,81,0.9,2,0,2,2,0,0,0,0,2.22,0.00,2.22,2.22,2.22,Matches,0.33,0.67,6,3,50.0,3.33,6.67,,,,,,,,,,,,,,,,,,,Major League Soccer,2026
c0d7bb65,Juan Mina,Juan Mina,co COL,DF,NY Red Bulls,21-261,2004,3,0,75,0.8,0,0,0,0,0,0,0,0,0.00,0.00,0.00,0.00,0.00,Matches,0.00,0.00,4,2,50.0,2.40,4.80,,,,,,,,,,,,,,,,,,,Major League Soccer,2026
574a5662,Georgi Minoungou,Georgi Minoungou,bf BFA,MF,Seattle Sounders,23-263,2002,3,2,150,1.7,0,0,0,0,0,0,0,0,0.00,0.00,0.00,0.00,0.00,Matches,0.00,0.00,3,2,66.7,1.20,1.80,,,,,,,,,,,,,,,,,,,Major League Soccer,2026
574a5662,Georgi Minoungou,Georgi Minoungou,bf BFA,MF,Seattle Sounders,23-263,2002,3,2,150,1.7,0,0,0,0,0,0,0,0,0.00,0.00,0.00,0.00,0.00,Matches,0.00,0.00,1,1,100.0,3.91,3.91,,,,,,,,,,,,,,,,,,,Major League Soccer,2026
574a5662,Georgi Minoungou,Georgi Minoungou,bf BFA,FW,Colorado Rapids,23-263,2002,1,0,23,0.3,0,1,1,0,0,0,0,0,0.00,3.91,3.91,0.00,3.91,Matches,0.00,0.00,3,2,66.7,1.20,1.80,,,,,,,,,,,,,,,,,,,Major League Soccer,2026
574a5662,Georgi Minoungou,Georgi Minoungou,bf BFA,FW,Colorado Rapids,23-263,2002,1,0,23,0.3,0,1,1,0,0,0,0,0,0.00,3.91,3.91,0.00,3.91,Matches,0.00,0.00,1,1,100.0,3.91,3.91,,,,,,,,,,,,,,,,,,,Major League Soccer,2026
a9aa0d1d,Aleksei Miranchuk,Aleksei Miranchuk,ru RUS,"MF,FW",Atlanta Utd,30-179,1995,6,4,393,4.4,4,0,4,4,0,0,0,0,0.92,0.00,0.92,0.92,0.92,Matches,0.67,1.00,6,4,66.7,0.92,1.37,,,,,,,,,,,,,,,,,,,Major League Soccer,2026
193b60a6,Roald Mitchell,Roald Mitchell,tt TRI,MF,NY Red Bulls,23-091,2003,1,0,6,0.1,0,0,0,0,0,0,0,0,0.00,0.00,0.00,0.00,0.00,Matches,0.00,,1,0,0.0,0.00,15.00,,,,,,,,,,,,,,,,,,,Major League Soccer,2026
9ca6f93c,Luca Moisa,Luca Moisa,us USA,MF,Real Salt Lake,17-359,2008,3,3,175,1.9,0,0,0,0,0,0,1,0,0.00,0.00,0.00,0.00,0.00,Matches,0.00,,1,0,0.0,0.00,0.51,,,,,,,,,,,,,,,,,,,Major League Soccer,2026
7745640e,Zane Monlouis,Zane Monlouis,eng ENG,DF,Toronto FC,22-180,2003,6,3,297,3.3,0,0,0,0,0,0,1,0,0.00,0.00,0.00,0.00,0.00,Matches,,,0,0,,0.00,0.00,,,,,,,,,,,,,,,,,,,Major League Soccer,2026
3b9f859b,Shaq Moore,Shaq Moore,us USA,"DF,MF",FC Dallas,29-163,1996,7,7,630,7.0,0,1,1,0,0,0,1,0,0.00,0.14,0.14,0.00,0.14,Matches,0.00,,1,0,0.0,0.00,0.14,,,,,,,,,,,,,,,,,,,Major League Soccer,2026
f4b0ea46,Felipe Mora,Felipe Mora,cl CHI,"MF,FW",Portland Timbers,32-255,1993,7,3,291,3.2,1,0,1,1,0,0,1,0,0.31,0.00,0.31,0.31,0.31,Matches,0.20,0.50,5,2,40.0,0.62,1.55,,,,,,,,,,,,,,,,,,,Major League Soccer,2026
2fb02c65,Efrain Morales,Efrain Morales,bo BOL,DF,CF Montréal,22-041,2004,7,7,601,6.7,0,1,1,0,0,0,0,0,0.00,0.15,0.15,0.00,0.15,Matches,0.00,0.00,6,2,33.3,0.30,0.90,,,,,,,,,,,,,,,,,,,Major League Soccer,2026
5a50abf2,Santi Morales,Santi Morales,us USA,MF,Inter Miami,19-064,2007,1,1,72,0.8,0,0,0,0,0,0,0,0,0.00,0.00,0.00,0.00,0.00,Matches,,,0,0,,0.00,0.00,,,,,,,,,,,,,,,,,,,Major League Soccer,2026
f99f37fc,Maximiliano Moralez,Maximiliano Moralez,ar ARG,MF,NYCFC,39-046,1987,7,7,584,6.5,1,5,6,0,1,1,1,0,0.15,0.77,0.92,0.00,0.77,Matches,0.00,0.00,7,3,42.9,0.46,1.08,,,,,,,,,,,,,,,,,,,Major League Soccer,2026
f10983ae,Steven Moreira,Steven Moreira,cv CPV,DF,Columbus Crew,31-244,1994,6,6,522,5.8,0,0,0,0,0,0,1,0,0.00,0.00,0.00,0.00,0.00,Matches,0.00,0.00,6,1,16.7,0.17,1.03,,,,,,,,,,,,,,,,,,,Major League Soccer,2026
3261d0e4,Santiago Moreno,Santiago Moreno,co COL,"FW,MF",FC Dallas,25-358,2000,2,0,30,0.3,0,0,0,0,0,0,0,0,0.00,0.00,0.00,0.00,0.00,Matches,0.00,0.00,3,2,66.7,6.00,9.00,,,,,,,,,,,,,,,,,,,Major League Soccer,2026
b675e328,Lewis Morgan,Lewis Morgan,sct SCO,FW,San Diego FC,29-196,1996,4,2,160,1.8,0,1,1,0,0,0,0,0,0.00,0.56,0.56,0.00,0.56,Matches,0.00,,5,0,0.0,0.00,2.81,,,,,,,,,,,,,,,,,,,Major League Soccer,2026
bd298d0d,Jordan Morris,Jordan Morris,us USA,MF,Seattle Sounders,31-170,1994,3,1,63,0.7,0,1,1,0,0,0,0,0,0.00,1.43,1.43,0.00,1.43,Matches,0.00,,1,0,0.0,0.00,1.43,,,,,,,,,,,,,,,,,,,Major League Soccer,2026
82f03f3d,Rafael Mosquera,Rafael Mosquera,pa PAN,FW,NY Red Bulls,20-325,2005,2,0,55,0.6,0,0,0,0,0,0,1,0,0.00,0.00,0.00,0.00,0.00,Matches,0.00,,2,0,0.0,0.00,3.27,,,,,,,,,,,,,,,,,,,Major League Soccer,2026
a5334099,Chris Mueller,Chris Mueller,us USA,FW,Chicago Fire,29-228,1996,2,1,69,0.8,0,0,0,0,0,0,1,0,0.00,0.00,0.00,0.00,0.00,Matches,,,0,0,,0.00,0.00,,,,,,,,,,,,,,,,,,,Major League Soccer,2026
87fe8526,Hany Mukhtar,Hany Mukhtar,de GER,"FW,MF",Nashville SC,31-024,1995,7,5,526,5.8,2,1,3,2,0,0,1,0,0.34,0.17,0.51,0.34,0.51,Matches,0.13,0.25,15,8,53.3,1.37,2.57,,,,,,,,,,,,,,,,,,,Major League Soccer,2026
3c6089ab,Thomas Müller,Thomas Müller,de GER,MF,Vancouver W'caps,36-213,1989,7,5,489,5.4,3,0,3,1,2,2,0,0,0.55,0.00,0.55,0.18,0.18,Matches,0.09,0.20,11,5,45.5,0.92,2.02,,,,,,,,,,,,,,,,,,,Major League Soccer,2026
ce44f0de,Daniel Munie,Daniel Munie,us USA,DF,SJ Earthquakes,26-063,2000,7,7,630,7.0,2,1,3,2,0,0,1,0,0.29,0.14,0.43,0.29,0.43,Matches,0.29,0.67,7,3,42.9,0.43,1.00,,,,,,,,,,,,,,,,,,,Major League Soccer,2026
4692ecb3,Louis Munteanu,Louis Munteanu,ro ROU,FW,D.C. United,23-302,2002,5,0,125,1.4,0,0,0,0,0,0,0,0,0.00,0.00,0.00,0.00,0.00,Matches,0.00,,7,0,0.0,0.00,5.04,,,,,,,,,,,,,,,,,,,Major League Soccer,2026
5d16dfc2,Facundo Mura,Facundo Mura,ar ARG,DF,Inter Miami,27-022,1999,4,2,239,2.7,0,0,0,0,0,0,0,0,0.00,0.00,0.00,0.00,0.00,Matches,0.00,,2,0,0.0,0.00,0.75,,,,,,,,,,,,,,,,,,,Major League Soccer,2026
c6d233e3,Ian Murphy,Ian Murphy,us USA,DF,Colorado Rapids,26-088,2000,1,0,7,0.1,0,0,0,0,0,0,0,0,0.00,0.00,0.00,0.00,0.00,Matches,,,0,0,,0.00,0.00,,,,,,,,,,,,,,,,,,,Major League Soccer,2026
a1f61bdf,Jacob Murrell,Jacob Murrell,us USA,FW,D.C. United,22-017,2004,4,0,33,0.4,0,0,0,0,0,0,0,0,0.00,0.00,0.00,0.00,0.00,Matches,,,0,0,,0.00,0.00,,,,,,,,,,,,,,,,,,,Major League Soccer,2026
4567a0b4,Petar Musa,Petar Musa,hr CRO,FW,FC Dallas,28-041,1998,7,6,585,6.5,7,1,8,6,1,1,1,0,1.08,0.15,1.23,0.92,1.08,Matches,0.21,0.40,28,15,53.6,2.31,4.31,,,,,,,,,,,,,,,,,,,Major League Soccer,2026
925a2703,Daniel Musovski,Daniel Musovski,mk MKD,FW,Seattle Sounders,30-135,1995,5,2,206,2.3,0,0,0,0,0,0,1,0,0.00,0.00,0.00,0.00,0.00,Matches,0.00,0.00,3,1,33.3,0.44,1.31,,,,,,,,,,,,,,,,,,,Major League Soccer,2026
2c1025bf,Alex Muyl,Alex Muyl,us USA,MF,Nashville SC,30-196,1995,7,5,399,4.4,0,0,0,0,0,0,1,0,0.00,0.00,0.00,0.00,0.00,Matches,0.00,,2,0,0.0,0.00,0.45,,,,,,,,,,,,,,,,,,,Major League Soccer,2026
bf7ba1d8,Tristan Muyumba,Tristan Muyumba,fr FRA,MF,Atlanta Utd,29-038,1997,7,5,466,5.2,0,0,0,0,0,0,1,0,0.00,0.00,0.00,0.00,0.00,Matches,0.00,,3,0,0.0,0.00,0.58,,,,,,,,,,,,,,,,,,,Major League Soccer,2026
f8280175,Andy Najar,Andy Najar,hn HON,DF,Nashville SC,33-029,1993,6,5,428,4.8,0,1,1,0,0,0,2,0,0.00,0.21,0.21,0.00,0.21,Matches,,,0,0,,0.00,0.00,,,,,,,,,,,,,,,,,,,Major League Soccer,2026
e744c3de,Matheus Nascimento,Matheus Nascimento,br BRA,FW,LA Galaxy,22-042,2004,5,0,95,1.1,0,0,0,0,0,0,0,0,0.00,0.00,0.00,0.00,0.00,Matches,0.00,0.00,4,2,50.0,1.89,3.79,,,,,,,,,,,,,,,,,,,Major League Soccer,2026
3fbff39a,Miguel Navarro,Miguel Navarro,ve VEN,DF,Colorado Rapids,27-047,1999,4,2,175,1.9,0,1,1,0,0,0,3,1,0.00,0.51,0.51,0.00,0.51,Matches,0.00,,1,0,0.0,0.00,0.51,,,,,,,,,,,,,,,,,,,Major League Soccer,2026
4b5ab509,Rafael Navarro,Rafael Navarro,br BRA,FW,Colorado Rapids,26-000,2000,7,7,623,6.9,5,3,8,4,1,1,1,0,0.72,0.43,1.16,0.58,1.01,Matches,0.15,0.27,26,15,57.7,2.17,3.76,,,,,,,,,,,,,,,,,,,Major League Soccer,2026
aac8b194,Philippe Ndinga,Philippe Ndinga,ga GAB,DF,Philadelphia Union,20-315,2005,4,2,168,1.9,0,0,0,0,0,0,1,0,0.00,0.00,0.00,0.00,0.00,Matches,0.00,0.00,1,1,100.0,0.54,0.54,,,,,,,,,,,,,,,,,,,Major League Soccer,2026
ca1e91a1,Jalen Neal,Jalen Neal,us USA,DF,CF Montréal,22-233,2003,2,1,51,0.6,0,0,0,0,0,0,0,0,0.00,0.00,0.00,0.00,0.00,Matches,0.00,,1,0,0.0,0.00,1.76,,,,,,,,,,,,,,,,,,,Major League Soccer,2026
24f4dd87,Dylan Nealis,Dylan Nealis,us USA,DF,NY Red Bulls,27-258,1998,4,4,360,4.0,0,0,0,0,0,0,1,0,0.00,0.00,0.00,0.00,0.00,Matches,,,0,0,,0.00,0.00,,,,,,,,,,,,,,,,,,,Major League Soccer,2026
8c1b17b3,Sean Nealis,Sean Nealis,us USA,DF,D.C. United,29-091,1997,4,1,63,0.7,0,0,0,0,0,0,0,0,0.00,0.00,0.00,0.00,0.00,Matches,,,0,0,,0.00,0.00,,,,,,,,,,,,,,,,,,,Major League Soccer,2026
a61d2c1a,Franco Negri,Franco Negri,ar ARG,DF,Houston Dynamo,31-053,1995,2,1,49,0.5,0,0,0,0,0,0,0,0,0.00,0.00,0.00,0.00,0.00,Matches,0.00,,1,0,0.0,0.00,1.84,,,,,,,,,,,,,,,,,,,Major League Soccer,2026
92305a81,Jayden Nelson,Jayden Nelson,ca CAN,MF,Austin FC,23-200,2002,6,4,295,3.3,1,0,1,1,0,0,1,0,0.31,0.00,0.31,0.31,0.31,Matches,0.20,1.00,5,1,20.0,0.31,1.53,,,,,,,,,,,,,,,,,,,Major League Soccer,2026
df8c4d49,John Nelson,John Nelson,us USA,DF,LA Galaxy,27-277,1998,5,0,102,1.1,0,0,0,0,0,0,0,0,0.00,0.00,0.00,0.00,0.00,Matches,,,0,0,,0.00,0.00,,,,,,,,,,,,,,,,,,,Major League Soccer,2026
a898dc13,Jean-Claude Ngando,Jean-Claude Ngando,cm CMR,MF,Vancouver W'caps,26-145,1999,2,1,85,0.9,0,0,0,0,0,0,1,0,0.00,0.00,0.00,0.00,0.00,Matches,0.00,,1,0,0.0,0.00,1.06,,,,,,,,,,,,,,,,,,,Major League Soccer,2026
3bce0d23,Kenneth Nielsen,Kenneth Nielsen,us USA,DF,LAFC,24-060,2002,2,1,57,0.6,0,0,0,0,0,0,0,0,0.00,0.00,0.00,0.00,0.00,Matches,,,0,0,,0.00,0.00,,,,,,,,,,,,,,,,,,,Major League Soccer,2026
3391e359,Nolan Norris,Nolan Norris,us USA,DF,FC Dallas,21-056,2005,4,4,323,3.6,0,0,0,0,0,0,1,0,0.00,0.00,0.00,0.00,0.00,Matches,0.00,0.00,1,1,100.0,0.28,0.28,,,,,,,,,,,,,,,,,,,Major League Soccer,2026
897c8066,Obinna Nwobodo,Obinna Nwobodo,ng NGA,MF,FC Cincinnati,29-136,1996,6,3,247,2.7,0,0,0,0,0,0,1,0,0.00,0.00,0.00,0.00,0.00,Matches,0.00,0.00,5,1,20.0,0.36,1.82,,,,,,,,,,,,,,,,,,,Major League Soccer,2026
c7aee75b,Aiden O'Neill,Aiden O'Neill,au AUS,MF,NYCFC,27-284,1998,7,7,599,6.7,0,0,0,0,0,0,2,0,0.00,0.00,0.00,0.00,0.00,Matches,0.00,0.00,3,1,33.3,0.15,0.45,,,,,,,,,,,,,,,,,,,Major League Soccer,2026
72a0f655,Kevin O'Toole,Kevin O'Toole,ie IRL,DF,NYCFC,27-121,1998,7,7,630,7.0,0,0,0,0,0,0,0,0,0.00,0.00,0.00,0.00,0.00,Matches,0.00,0.00,3,1,33.3,0.14,0.43,,,,,,,,,,,,,,,,,,,Major League Soccer,2026
a2484ef5,Édier Ocampo,Édier Ocampo,co COL,DF,Vancouver W'caps,22-193,2003,7,6,495,5.5,1,0,1,1,0,0,2,0,0.18,0.00,0.18,0.18,0.18,Matches,0.17,0.50,6,2,33.3,0.36,1.09,,,,,,,,,,,,,,,,,,,Major League Soccer,2026
0dfc20ce,Agustin Ojeda,Agustin Ojeda,ar ARG,"MF,FW",NYCFC,21-299,2004,7,7,572,6.4,2,1,3,2,0,0,0,0,0.31,0.16,0.47,0.31,0.47,Matches,0.18,0.50,11,4,36.4,0.63,1.73,,,,,,,,,,,,,,,,,,,Major League Soccer,2026
60953af0,Braian Ojeda,Braian Ojeda,py PAR,"MF,DF",Orlando City,25-291,2000,7,7,630,7.0,0,0,0,0,0,0,0,0,0.00,0.00,0.00,0.00,0.00,Matches,0.00,,5,0,0.0,0.00,0.71,,,,,,,,,,,,,,,,,,,Major League Soccer,2026
016a7f95,Martín Ojeda,Martín Ojeda,ar ARG,"MF,FW",Orlando City,27-138,1998,7,7,594,6.6,2,0,2,2,0,0,0,0,0.30,0.00,0.30,0.30,0.30,Matches,0.13,0.25,16,8,50.0,1.21,2.42,,,,,,,,,,,,,,,,,,,Major League Soccer,2026
25124a21,Hamzat Ojediran,Hamzat Ojediran,ng NGA,MF,Colorado Rapids,22-151,2003,7,7,476,5.3,1,0,1,1,0,0,2,0,0.19,0.00,0.19,0.19,0.19,Matches,0.17,0.50,6,2,33.3,0.38,1.13,,,,,,,,,,,,,,,,,,,Major League Soccer,2026
743ffce1,Victor Olatunji,Victor Olatunji,ng NGA,FW,Real Salt Lake,26-221,1999,3,0,63,0.7,1,0,1,1,0,0,0,0,1.43,0.00,1.43,1.43,1.43,Matches,0.17,0.25,6,4,66.7,5.71,8.57,,,,,,,,,,,,,,,,,,,Major League Soccer,2026
9a7ef5ae,Salvador Olivas,Salvador Olivas,us USA,FW,Philadelphia Union,19-277,2006,1,0,8,0.1,0,0,0,0,0,0,0,0,0.00,0.00,0.00,0.00,0.00,Matches,,,0,0,,0.00,0.00,,,,,,,,,,,,,,,,,,,Major League Soccer,2026
226a288e,Kwadwo Opoku,Kwadwo Opoku,gh GHA,FW,CF Montréal,24-275,2001,2,0,43,0.5,0,0,0,0,0,0,0,0,0.00,0.00,0.00,0.00,0.00,Matches,0.00,,1,0,0.0,0.00,2.09,,,,,,,,,,,,,,,,,,,Major League Soccer,2026
a9094a3d,Nathan Ordaz,Nathan Ordaz,sv SLV,"FW,MF",LAFC,22-092,2004,4,3,272,3.0,1,0,1,1,0,0,0,0,0.33,0.00,0.33,0.33,0.33,Matches,0.17,0.50,6,2,33.3,0.66,1.99,,,,,,,,,,,,,,,,,,,Major League Soccer,2026
f6c6ff09,Sergio Oregel,Sergio Oregel,us USA,MF,Chicago Fire,20-333,2005,1,0,3,0.0,0,0,0,0,0,0,0,0,0.00,0.00,0.00,0.00,0.00,Matches,,,0,0,,0.00,0.00,,,,,,,,,,,,,,,,,,,Major League Soccer,2026
46af4656,Jaziel Orozco,Jaziel Orozco,us USA,DF,St. Louis City,21-316,2004,7,7,614,6.8,0,0,0,0,0,0,3,0,0.00,0.00,0.00,0.00,0.00,Matches,0.00,,2,0,0.0,0.00,0.29,,,,,,,,,,,,,,,,,,,Major League Soccer,2026
70106ff6,Jonathan Osorio,Jonathan Osorio,ca CAN,MF,Toronto FC,33-306,1992,7,7,630,7.0,0,1,1,0,0,0,1,0,0.00,0.14,0.14,0.00,0.14,Matches,0.00,,3,0,0.0,0.00,0.43,,,,,,,,,,,,,,,,,,,Major League Soccer,2026
1ffa6688,Luis Otávio,Luis Otávio,br BRA,MF,Orlando City,19-002,2007,4,2,140,1.6,0,0,0,0,0,0,0,0,0.00,0.00,0.00,0.00,0.00,Matches,0.00,0.00,2,1,50.0,0.64,1.29,,,,,,,,,,,,,,,,,,,Major League Soccer,2026
67cbc8e7,Javier Otero,Javier Otero,ve VEN,GK,Orlando City,23-147,2002,2,1,162,1.8,0,0,0,0,0,0,0,0,0.00,0.00,0.00,0.00,0.00,Matches,,,0,0,,0.00,0.00,0,0.0,2,1,6,3.33,0,162,1,1,0,0.0,0,44.4,4,9,0,1,Major League Soccer,2026
8377ba6a,Prince Owusu,Prince Owusu,gh GHA,FW,CF Montréal,29-097,1997,7,7,551,6.1,4,1,5,2,2,2,1,0,0.65,0.16,0.82,0.33,0.49,Matches,0.22,0.50,9,4,44.4,0.65,1.47,,,,,,,,,,,,,,,,,,,Major League Soccer,2026
43cc460f,Woobens Pacius,Woobens Pacius,ht HAI,FW,Nashville SC,24-338,2001,7,2,164,1.8,0,0,0,0,0,0,1,0,0.00,0.00,0.00,0.00,0.00,Matches,0.00,,4,0,0.0,0.00,2.20,,,,,,,,,,,,,,,,,,,Major League Soccer,2026
004b090e,Devin Padelford,Devin Padelford,us USA,"MF,DF",Minnesota Utd,23-101,2003,7,2,260,2.9,0,1,1,0,0,0,0,0,0.00,0.35,0.35,0.00,0.35,Matches,0.00,0.00,2,1,50.0,0.35,0.69,,,,,,,,,,,,,,,,,,,Major League Soccer,2026
88062e83,Joseph Paintsil,Joseph Paintsil,gh GHA,FW,LA Galaxy,28-072,1998,3,3,229,2.5,0,0,0,0,0,0,0,0,0.00,0.00,0.00,0.00,0.00,Matches,0.00,0.00,3,2,66.7,0.79,1.18,,,,,,,,,,,,,,,,,,,Major League Soccer,2026
44014034,Jeison Palacios,Jeison Palacios,co COL,DF,Nashville SC,32-025,1994,5,5,450,5.0,0,0,0,0,0,0,1,0,0.00,0.00,0.00,0.00,0.00,Matches,0.00,0.00,5,1,20.0,0.20,1.00,,,,,,,,,,,,,,,,,,,Major League Soccer,2026
19f8e480,Sergi Palencia,Sergi Palencia,es ESP,DF,LAFC,30-022,1996,5,5,411,4.6,1,0,1,1,0,0,0,0,0.22,0.00,0.22,0.22,0.22,Matches,0.33,1.00,3,1,33.3,0.22,0.66,,,,,,,,,,,,,,,,,,,Major League Soccer,2026
901408ac,James Pantemis,James Pantemis,ca CAN,GK,Portland Timbers,29-052,1997,7,7,630,7.0,0,0,0,0,0,0,1,0,0.00,0.00,0.00,0.00,0.00,Matches,,,0,0,,0.00,0.00,0,0.0,7,7,16,2.29,4,630,1,1,0,0.0,0,67.4,31,46,1,2,Major League Soccer,2026
4988a44d,Tim Parker,Tim Parker,us USA,DF,NY Red Bulls,33-050,1993,2,0,36,0.4,0,0,0,0,0,0,0,0,0.00,0.00,0.00,0.00,0.00,Matches,,,0,0,,0.00,0.00,,,,,,,,,,,,,,,,,,,Major League Soccer,2026
77986763,Keaton Parks,Keaton Parks,us USA,MF,NYCFC,28-251,1997,7,6,474,5.3,2,0,2,2,0,0,1,0,0.38,0.00,0.38,0.38,0.38,Matches,0.33,1.00,6,2,33.3,0.38,1.14,,,,,,,,,,,,,,,,,,,Major League Soccer,2026
1866b0f1,Marco Pašalić,Marco Pašalić,hr CRO,"MF,FW",Orlando City,25-212,2000,7,7,540,6.0,2,0,2,2,0,0,2,0,0.33,0.00,0.33,0.33,0.33,Matches,0.18,0.67,11,3,27.3,0.50,1.83,,,,,,,,,,,,,,,,,,,Major League Soccer,2026
77022c3e,Pedrinho,Pedrinho,br BRA,FW,Orlando City,19-290,2006,1,0,7,0.1,0,0,0,0,0,0,0,0,0.00,0.00,0.00,0.00,0.00,Matches,,,0,0,,0.00,0.00,,,,,,,,,,,,,,,,,,,Major League Soccer,2026
8a861bc5,Peglow,Peglow,br BRA,"MF,FW",D.C. United,24-097,2002,7,7,588,6.5,0,1,1,0,0,0,2,0,0.00,0.15,0.15,0.00,0.15,Matches,0.00,0.00,9,3,33.3,0.46,1.38,,,,,,,,,,,,,,,,,,,Major League Soccer,2026
9d9e69df,Amahl Pellegrino,Amahl Pellegrino,no NOR,"FW,MF",San Diego FC,35-300,1990,5,4,363,4.0,1,1,2,1,0,0,0,0,0.25,0.25,0.50,0.25,0.50,Matches,0.17,0.50,6,2,33.3,0.50,1.49,,,,,,,,,,,,,,,,,,,Major League Soccer,2026
7af31216,Matti Peltola,Matti Peltola,fi FIN,MF,D.C. United,23-285,2002,7,7,629,7.0,1,0,1,1,0,0,0,0,0.14,0.00,0.14,0.14,0.14,Matches,0.25,1.00,4,1,25.0,0.14,0.57,,,,,,,,,,,,,,,,,,,Major League Soccer,2026
b8862e65,Daniel Pereira,Daniel Pereira,ve VEN,MF,Austin FC,25-274,2000,4,3,227,2.5,0,0,0,0,0,0,1,0,0.00,0.00,0.00,0.00,0.00,Matches,0.00,0.00,2,1,50.0,0.40,0.79,,,,,,,,,,,,,,,,,,,Major League Soccer,2026
ac903694,Matheus Pereira,Matheus Pereira,br BRA,MF,Toronto FC,25-114,2000,2,1,120,1.3,0,0,0,0,0,0,0,0,0.00,0.00,0.00,0.00,0.00,Matches,0.00,,3,0,0.0,0.00,2.25,,,,,,,,,,,,,,,,,,,Major League Soccer,2026
98af660d,Joaquín Pereyra,Joaquín Pereyra,ar ARG,"FW,MF",Minnesota Utd,27-134,1998,7,7,622,6.9,0,3,3,0,0,0,1,0,0.00,0.43,0.43,0.00,0.43,Matches,0.00,0.00,12,2,16.7,0.29,1.74,,,,,,,,,,,,,,,,,,,Major League Soccer,2026
61f7e18e,Miguel Perez,Miguel Perez,us USA,MF,St. Louis City,20-351,2005,4,1,93,1.0,0,0,0,0,0,0,0,0,0.00,0.00,0.00,0.00,0.00,Matches,0.00,,1,0,0.0,0.00,0.97,,,,,,,,,,,,,,,,,,,Major League Soccer,2026
6f546721,Nikola Petković,Nikola Petković,rs SRB,MF,Seattle Sounders,23-050,2003,4,2,134,1.5,0,0,0,0,0,0,2,0,0.00,0.00,0.00,0.00,0.00,Matches,0.00,0.00,5,2,40.0,1.34,3.36,,,,,,,,,,,,,,,,,,,Major League Soccer,2026
fafeaf3d,Luca Petrasso,Luca Petrasso,ca CAN,DF,CF Montréal,25-302,2000,5,5,450,5.0,0,0,0,0,0,0,0,0,0.00,0.00,0.00,0.00,0.00,Matches,0.00,,2,0,0.0,0.00,0.40,,,,,,,,,,,,,,,,,,,Major League Soccer,2026
6d353bf4,Hugo Picard,Hugo Picard,fr FRA,FW,Columbus Crew,22-340,2003,7,1,192,2.1,0,0,0,0,0,0,0,0,0.00,0.00,0.00,0.00,0.00,Matches,0.00,0.00,5,1,20.0,0.47,2.34,,,,,,,,,,,,,,,,,,,Major League Soccer,2026
dbaa10c0,Fafà Picault,Fafà Picault,ht HAI,"FW,MF",Atlanta Utd,35-050,1991,2,0,25,0.3,0,0,0,0,0,0,0,0,0.00,0.00,0.00,0.00,0.00,Matches,,,0,0,,0.00,0.00,,,,,,,,,,,,,,,,,,,Major League Soccer,2026
bc33c73b,Samuel Piette,Samuel Piette,ca CAN,MF,CF Montréal,31-153,1994,4,1,106,1.2,0,0,0,0,0,0,0,0,0.00,0.00,0.00,0.00,0.00,Matches,,,0,0,,0.00,0.00,,,,,,,,,,,,,,,,,,,Major League Soccer,2026
16151b25,Ian Pilcher,Ian Pilcher,us USA,DF,San Diego FC,23-024,2003,3,1,48,0.5,0,0,0,0,0,0,0,0,0.00,0.00,0.00,0.00,0.00,Matches,,,0,0,,0.00,0.00,,,,,,,,,,,,,,,,,,,Major League Soccer,2026
e0c17cde,Mauricio Pineda,Mauricio Pineda,us USA,MF,Chicago Fire,28-179,1997,4,2,191,2.1,0,0,0,0,0,0,0,0,0.00,0.00,0.00,0.00,0.00,Matches,,,0,0,,0.00,0.00,,,,,,,,,,,,,,,,,,,Major League Soccer,2026
93e4e1de,Dániel Pintér,Dániel Pintér,us USA,MF,Inter Miami,18-312,2007,4,1,156,1.7,0,0,0,0,0,0,0,0,0.00,0.00,0.00,0.00,0.00,Matches,0.00,,2,0,0.0,0.00,1.15,,,,,,,,,,,,,,,,,,,Major League Soccer,2026
1c33e4ec,Ariath Piol,Ariath Piol,au AUS,FW,Real Salt Lake,21-185,2004,2,2,164,1.8,1,0,1,1,0,0,0,0,0.55,0.00,0.55,0.55,0.55,Matches,0.33,0.50,3,2,66.7,1.10,1.65,,,,,,,,,,,,,,,,,,,Major League Soccer,2026
17205abf,Gabriel Pirani,Gabriel Pirani,br BRA,"FW,MF",D.C. United,24-002,2002,7,6,468,5.2,0,0,0,0,0,0,1,0,0.00,0.00,0.00,0.00,0.00,Matches,0.00,0.00,5,2,40.0,0.38,0.96,,,,,,,,,,,,,,,,,,,Major League Soccer,2026
d1d418f8,Matt Polster,Matt Polster,us USA,MF,NE Revolution,32-310,1993,5,5,356,4.0,0,0,0,0,0,0,1,0,0.00,0.00,0.00,0.00,0.00,Matches,0.00,,1,0,0.0,0.00,0.25,,,,,,,,,,,,,,,,,,,Major League Soccer,2026
03748579,Dante Polvara,Dante Polvara,us USA,DF,St. Louis City,25-297,2000,7,7,621,6.9,0,0,0,0,0,0,1,0,0.00,0.00,0.00,0.00,0.00,Matches,0.00,,5,0,0.0,0.00,0.72,,,,,,,,,,,,,,,,,,,Major League Soccer,2026
b7cc83e3,Célio Pompeu,Célio Pompeu,br BRA,MF,St. Louis City,26-125,1999,3,1,114,1.3,0,0,0,0,0,0,0,0,0.00,0.00,0.00,0.00,0.00,Matches,0.00,0.00,5,2,40.0,1.58,3.95,,,,,,,,,,,,,,,,,,,Major League Soccer,2026
ccbbe661,Ezequiel Ponce,Ezequiel Ponce,ar ARG,FW,Houston Dynamo,29-016,1997,5,5,375,4.2,0,0,0,0,0,0,2,0,0.00,0.00,0.00,0.00,0.00,Matches,0.00,0.00,8,1,12.5,0.24,1.92,,,,,,,,,,,,,,,,,,,Major League Soccer,2026
514725a0,Ryan Porteous,Ryan Porteous,sct SCO,DF,LAFC,27-020,1999,7,6,573,6.4,0,0,0,0,0,0,1,0,0.00,0.00,0.00,0.00,0.00,Matches,0.00,,1,0,0.0,0.00,0.16,,,,,,,,,,,,,,,,,,,Major League Soccer,2026
2f91124d,Alvas Powell,Alvas Powell,jm JAM,DF,FC Cincinnati,31-270,1994,5,1,108,1.2,0,1,1,0,0,0,0,1,0.00,0.83,0.83,0.00,0.83,Matches,,,0,0,,0.00,0.00,,,,,,,,,,,,,,,,,,,Major League Soccer,2026
acb3e899,Ralph Priso-Mbongue,Ralph Priso-Mbongue,ca CAN,DF,Vancouver W'caps,23-255,2002,5,5,450,5.0,0,0,0,0,0,0,0,0,0.00,0.00,0.00,0.00,0.00,Matches,,,0,0,,0.00,0.00,,,,,,,,,,,,,,,,,,,Major League Soccer,2026
4fd77159,Andrew Privett,Andrew Privett,us USA,DF,Charlotte,25-255,2000,2,2,135,1.5,0,0,0,0,0,0,1,0,0.00,0.00,0.00,0.00,0.00,Matches,,,0,0,,0.00,0.00,,,,,,,,,,,,,,,,,,,Major League Soccer,2026
6b306c92,John Pulskamp,John Pulskamp,us USA,GK,Sporting KC,24-360,2001,7,7,630,7.0,0,0,0,0,0,0,0,0,0.00,0.00,0.00,0.00,0.00,Matches,,,0,0,,0.00,0.00,0,0.0,7,7,17,2.43,5,630,0,1,0,100.0,1,54.1,21,37,1,1,Major League Soccer,2026
bd542828,Troy Putt,Troy Putt,nz NZL,FW,Minnesota Utd,19-199,2006,1,0,5,0.1,0,0,0,0,0,0,0,0,0.00,0.00,0.00,0.00,0.00,Matches,,,0,0,,0.00,0.00,,,,,,,,,,,,,,,,,,,Major League Soccer,2026
27219ecb,Ahmed Qasem,Ahmed Qasem,se SWE,"MF,FW",Nashville SC,22-276,2003,7,2,185,2.1,0,0,0,0,0,0,1,0,0.00,0.00,0.00,0.00,0.00,Matches,0.00,0.00,4,2,50.0,0.97,1.95,,,,,,,,,,,,,,,,,,,Major League Soccer,2026
ad411288,Philip Quinton,Philip Quinton,us USA,DF,Real Salt Lake,26-149,1999,6,5,450,5.0,0,1,1,0,0,0,1,0,0.00,0.20,0.20,0.00,0.20,Matches,0.00,,2,0,0.0,0.00,0.40,,,,,,,,,,,,,,,,,,,Major League Soccer,2026
8093ca99,Viktor Radojevic,Viktor Radojevic,rs SRB,DF,Chicago Fire,21-274,2004,3,0,47,0.5,0,0,0,0,0,0,1,0,0.00,0.00,0.00,0.00,0.00,Matches,,,0,0,,0.00,0.00,,,,,,,,,,,,,,,,,,,Major League Soccer,2026
ca9ccbf2,Jeremy Rafanello,Jeremy Rafanello,us USA,MF,Philadelphia Union,26-000,2000,1,0,25,0.3,0,0,0,0,0,0,0,0,0.00,0.00,0.00,0.00,0.00,Matches,,,0,0,,0.00,0.00,,,,,,,,,,,,,,,,,,,Major League Soccer,2026
a3d67f70,Jackson Ragen,Jackson Ragen,us USA,DF,Seattle Sounders,27-202,1998,6,5,519,5.8,0,0,0,0,0,0,2,0,0.00,0.00,0.00,0.00,0.00,Matches,0.00,0.00,3,1,33.3,0.17,0.52,,,,,,,,,,,,,,,,,,,Major League Soccer,2026
b4caa0c5,Brooklyn Raines,Brooklyn Raines,us USA,MF,NE Revolution,21-034,2005,6,6,513,5.7,0,0,0,0,0,0,2,0,0.00,0.00,0.00,0.00,0.00,Matches,,,0,0,,0.00,0.00,,,,,,,,,,,,,,,,,,,Major League Soccer,2026
226685d8,Bryan Ramírez,Bryan Ramírez,ec ECU,"MF,DF",FC Cincinnati,25-246,2000,7,7,581,6.5,0,1,1,0,0,0,4,0,0.00,0.15,0.15,0.00,0.15,Matches,0.00,0.00,3,2,66.7,0.31,0.46,,,,,,,,,,,,,,,,,,,Major League Soccer,2026
316d5521,Christian Ramirez,Christian Ramirez,us USA,FW,Austin FC,35-010,1991,6,3,269,3.0,1,0,1,1,0,0,0,0,0.33,0.00,0.33,0.33,0.33,Matches,0.17,0.33,6,3,50.0,1.00,2.01,,,,,,,,,,,,,,,,,,,Major League Soccer,2026
d85152ae,Rubén Ramos,Rubén Ramos,us USA,FW,LA Galaxy,19-082,2007,2,0,37,0.4,0,0,0,0,0,0,1,0,0.00,0.00,0.00,0.00,0.00,Matches,,,0,0,,0.00,0.00,,,,,,,,,,,,,,,,,,,Major League Soccer,2026
f006a9b3,Ryan Raposo,Ryan Raposo,ca CAN,DF,LAFC,27-040,1999,3,1,122,1.4,0,0,0,0,0,0,0,0,0.00,0.00,0.00,0.00,0.00,Matches,0.00,,2,0,0.0,0.00,1.48,,,,,,,,,,,,,,,,,,,Major League Soccer,2026
28b40c9c,Tim Ream,Tim Ream,us USA,DF,Charlotte,38-191,1987,7,7,630,7.0,0,0,0,0,0,0,0,0,0.00,0.00,0.00,0.00,0.00,Matches,0.00,,1,0,0.0,0.00,0.14,,,,,,,,,,,,,,,,,,,Major League Soccer,2026
3353737a,Sergio Reguilón,Sergio Reguilón,es ESP,DF,Inter Miami,29-119,1996,2,2,112,1.2,0,0,0,0,0,0,0,0,0.00,0.00,0.00,0.00,0.00,Matches,0.00,,2,0,0.0,0.00,1.61,,,,,,,,,,,,,,,,,,,Major League Soccer,2026
24ec625a,Jayden Reid,Jayden Reid,us USA,DF,Sporting KC,24-227,2001,5,5,440,4.9,0,0,0,0,0,0,0,0,0.00,0.00,0.00,0.00,0.00,Matches,0.00,,1,0,0.0,0.00,0.20,,,,,,,,,,,,,,,,,,,Major League Soccer,2026
2d164f37,Seymour Reid,Seymour Reid,jm JAM,FW,NYCFC,18-041,2008,3,0,26,0.3,0,0,0,0,0,0,0,0,0.00,0.00,0.00,0.00,0.00,Matches,0.00,0.00,1,1,100.0,3.46,3.46,,,,,,,,,,,,,,,,,,,Major League Soccer,2026
7fa20456,Tahir Reid-Brown,Tahir Reid-Brown,us USA,DF,Orlando City,19-286,2006,5,2,200,2.2,0,0,0,0,0,0,1,0,0.00,0.00,0.00,0.00,0.00,Matches,,,0,0,,0.00,0.00,,,,,,,,,,,,,,,,,,,Major League Soccer,2026
2361b580,William Reilly,William Reilly,us USA,MF,Atlanta Utd,23-132,2002,1,1,57,0.6,0,0,0,0,0,0,0,0,0.00,0.00,0.00,0.00,0.00,Matches,,,0,0,,0.00,0.00,,,,,,,,,,,,,,,,,,,Major League Soccer,2026
2d870682,Agustín Resch,Agustín Resch,ar ARG,DF,Houston Dynamo,24-045,2002,5,0,146,1.6,0,0,0,0,0,0,1,0,0.00,0.00,0.00,0.00,0.00,Matches,,,0,0,,0.00,0.00,,,,,,,,,,,,,,,,,,,Major League Soccer,2026
36a3ff67,Marco Reus,Marco Reus,de GER,"MF,FW",LA Galaxy,36-318,1989,7,6,502,5.6,2,3,5,2,0,0,0,0,0.36,0.54,0.90,0.36,0.90,Matches,0.25,0.40,8,5,62.5,0.90,1.43,,,,,,,,,,,,,,,,,,,Major League Soccer,2026
b7a764a8,Justin Reynolds,Justin Reynolds,us USA,"DF,MF",Sporting KC,21-253,2004,4,3,197,2.2,0,1,1,0,0,0,0,0,0.00,0.46,0.46,0.00,0.46,Matches,0.00,0.00,2,1,50.0,0.46,0.91,,,,,,,,,,,,,,,,,,,Major League Soccer,2026
c4bf0bb9,Jamar Ricketts,Jamar Ricketts,us USA,"MF,DF",SJ Earthquakes,24-172,2001,5,5,324,3.6,0,2,2,0,0,0,0,0,0.00,0.56,0.56,0.00,0.56,Matches,0.00,0.00,4,1,25.0,0.28,1.11,,,,,,,,,,,,,,,,,,,Major League Soccer,2026
a7f6b9c4,Kalani Rienzi,Kalani Rienzi,us USA,DF,Seattle Sounders,23-291,2002,4,2,281,3.1,1,0,1,1,0,0,0,0,0.32,0.00,0.32,0.32,0.32,Matches,0.33,1.00,3,1,33.3,0.32,0.96,,,,,,,,,,,,,,,,,,,Major League Soccer,2026
f59bd2d3,Rocco Ríos Novo,Rocco Ríos Novo,ar ARG,GK,Inter Miami,23-314,2002,1,1,90,1.0,0,0,0,0,0,0,0,0,0.00,0.00,0.00,0.00,0.00,Matches,,,0,0,,0.00,0.00,1,100.0,1,1,0,0.00,0,90,0,0,0,,0,100.0,5,5,1,0,Major League Soccer,2026
5e49d644,Reid Roberts,Reid Roberts,us USA,DF,SJ Earthquakes,22-126,2003,7,7,630,7.0,0,0,0,0,0,0,0,0,0.00,0.00,0.00,0.00,0.00,Matches,0.00,,2,0,0.0,0.00,0.29,,,,,,,,,,,,,,,,,,,Major League Soccer,2026
782a95d9,Miles Robinson,Miles Robinson,us USA,DF,FC Cincinnati,29-031,1997,5,5,389,4.3,0,0,0,0,0,0,0,1,0.00,0.00,0.00,0.00,0.00,Matches,0.00,0.00,1,1,100.0,0.23,0.23,,,,,,,,,,,,,,,,,,,Major League Soccer,2026
5f011e05,Stian Rode Gregersen,Stian Rode Gregersen,no NOR,DF,Atlanta Utd,30-332,1995,4,4,360,4.0,0,0,0,0,0,0,1,0,0.00,0.00,0.00,0.00,0.00,Matches,0.00,0.00,1,1,100.0,0.25,0.25,,,,,,,,,,,,,,,,,,,Major League Soccer,2026
715bf047,James Rodríguez,James Rodríguez,co COL,"FW,MF",Minnesota Utd,34-276,1991,2,0,41,0.5,0,0,0,0,0,0,0,0,0.00,0.00,0.00,0.00,0.00,Matches,,,0,0,,0.00,0.00,,,,,,,,,,,,,,,,,,,Major League Soccer,2026
6a0be032,Sam Rogers,Sam Rogers,us USA,DF,Chicago Fire,26-332,1999,1,1,75,0.8,0,0,0,0,0,0,0,0,0.00,0.00,0.00,0.00,0.00,Matches,,,0,0,,0.00,0.00,,,,,,,,,,,,,,,,,,,Major League Soccer,2026
24d1531c,Andy Rojas,Andy Rojas,cr CRC,FW,NY Red Bulls,20-130,2005,2,0,49,0.5,0,0,0,0,0,0,0,0,0.00,0.00,0.00,0.00,0.00,Matches,0.00,,1,0,0.0,0.00,1.84,,,,,,,,,,,,,,,,,,,Major League Soccer,2026
1255a82a,Alex Roldan,Alex Roldan,sv SLV,DF,Seattle Sounders,29-260,1996,6,4,320,3.6,0,0,0,0,0,0,2,0,0.00,0.00,0.00,0.00,0.00,Matches,0.00,,4,0,0.0,0.00,1.13,,,,,,,,,,,,,,,,,,,Major League Soccer,2026
48875649,Cristian Roldan,Cristian Roldan,us USA,MF,Seattle Sounders,30-315,1995,6,5,476,5.3,1,0,1,1,0,0,0,0,0.19,0.00,0.19,0.19,0.19,Matches,0.25,1.00,4,1,25.0,0.19,0.76,,,,,,,,,,,,,,,,,,,Major League Soccer,2026
bc4b0544,Nicolás Romero,Nicolás Romero,ar ARG,DF,Minnesota Utd,22-137,2003,3,3,203,2.3,0,0,0,0,0,0,0,0,0.00,0.00,0.00,0.00,0.00,Matches,0.00,,1,0,0.0,0.00,0.44,,,,,,,,,,,,,,,,,,,Major League Soccer,2026
b7b6e781,David Romney,David Romney,us USA,DF,SJ Earthquakes,32-306,1993,3,1,121,1.3,1,0,1,1,0,0,0,0,0.74,0.00,0.74,0.74,0.74,Matches,0.25,1.00,4,1,25.0,0.74,2.98,,,,,,,,,,,,,,,,,,,Major League Soccer,2026
1b804500,Connor Ronan,Connor Ronan,ie IRL,MF,Colorado Rapids,28-039,1998,2,0,19,0.2,0,0,0,0,0,0,0,0,0.00,0.00,0.00,0.00,0.00,Matches,,,0,0,,0.00,0.00,,,,,,,,,,,,,,,,,,,Major League Soccer,2026
6a29d06b,Joseph Rosales,Joseph Rosales,hn HON,MF,Austin FC,25-159,2000,7,7,575,6.4,0,0,0,0,0,0,0,0,0.00,0.00,0.00,0.00,0.00,Matches,0.00,0.00,8,1,12.5,0.16,1.25,,,,,,,,,,,,,,,,,,,Major League Soccer,2026
01c66b96,Tanner Rosborough,Tanner Rosborough,us USA,FW,NY Red Bulls,18-024,2008,5,0,65,0.7,0,0,0,0,0,0,0,0,0.00,0.00,0.00,0.00,0.00,Matches,0.00,0.00,4,2,50.0,2.77,5.54,,,,,,,,,,,,,,,,,,,Major League Soccer,2026
f940c69e,Keegan Rosenberry,Keegan Rosenberry,us USA,DF,Colorado Rapids,32-124,1993,7,1,263,2.9,1,0,1,1,0,0,0,0,0.34,0.00,0.34,0.34,0.34,Matches,0.33,0.50,3,2,66.7,0.68,1.03,,,,,,,,,,,,,,,,,,,Major League Soccer,2026
a81dba8c,Diego Rossi,Diego Rossi,uy URU,"FW,MF",Columbus Crew,28-040,1998,7,7,622,6.9,3,0,3,3,0,0,0,0,0.43,0.00,0.43,0.43,0.43,Matches,0.19,0.50,16,6,37.5,0.87,2.32,,,,,,,,,,,,,,,,,,,Major League Soccer,2026
875e8269,Paul Rothrock,Paul Rothrock,us USA,MF,Seattle Sounders,27-095,1999,5,4,440,4.9,3,1,4,3,0,0,1,0,0.61,0.20,0.82,0.61,0.82,Matches,0.50,0.60,6,5,83.3,1.02,1.23,,,,,,,,,,,,,,,,,,,Major League Soccer,2026
8caf6772,Kye Rowles,Kye Rowles,au AUS,DF,D.C. United,27-294,1998,6,6,540,6.0,0,0,0,0,0,0,0,0,0.00,0.00,0.00,0.00,0.00,Matches,0.00,,1,0,0.0,0.00,0.17,,,,,,,,,,,,,,,,,,,Major League Soccer,2026
14cbe9d4,David Ruíz,David Ruíz,hn HON,MF,Inter Miami,22-065,2004,2,1,81,0.9,0,0,0,0,0,0,0,0,0.00,0.00,0.00,0.00,0.00,Matches,0.00,,1,0,0.0,0.00,1.11,,,,,,,,,,,,,,,,,,,Major League Soccer,2026
7368cd70,Pablo Ruíz,Pablo Ruíz,ar ARG,MF,Real Salt Lake,27-115,1998,2,0,50,0.6,0,0,0,0,0,0,0,0,0.00,0.00,0.00,0.00,0.00,Matches,0.00,0.00,1,1,100.0,1.80,1.80,,,,,,,,,,,,,,,,,,,Major League Soccer,2026
0adeafaa,Albert Rusnák,Albert Rusnák,sk SVK,MF,Seattle Sounders,31-281,1994,6,4,425,4.7,1,1,2,1,0,0,0,0,0.21,0.21,0.42,0.21,0.42,Matches,0.10,0.25,10,4,40.0,0.85,2.12,,,,,,,,,,,,,,,,,,,Major League Soccer,2026
3c0efe33,Jorge Ruvalcaba,Jorge Ruvalcaba,mx MEX,"FW,MF",NY Red Bulls,24-265,2001,7,7,555,6.2,1,0,1,1,0,0,0,0,0.16,0.00,0.16,0.16,0.16,Matches,0.05,0.14,20,7,35.0,1.14,3.24,,,,,,,,,,,,,,,,,,,Major League Soccer,2026
2e1b7c83,Emmanuel Sabbi,Emmanuel Sabbi,us USA,MF,Vancouver W'caps,28-111,1997,6,3,330,3.7,1,1,2,1,0,0,2,0,0.27,0.27,0.55,0.27,0.55,Matches,0.13,0.20,8,5,62.5,1.36,2.18,,,,,,,,,,,,,,,,,,,Major League Soccer,2026
6fde84aa,Besard Sabovic,Besard Sabovic,se SWE,MF,Austin FC,28-099,1998,6,0,166,1.8,0,0,0,0,0,0,2,0,0.00,0.00,0.00,0.00,0.00,Matches,0.00,0.00,1,1,100.0,0.54,0.54,,,,,,,,,,,,,,,,,,,Major League Soccer,2026
3da8c3f9,Anton Salétros,Anton Salétros,se SWE,MF,Chicago Fire,30-002,1996,7,7,630,7.0,0,0,0,0,0,0,2,0,0.00,0.00,0.00,0.00,0.00,Matches,0.00,0.00,5,1,20.0,0.14,0.71,,,,,,,,,,,,,,,,,,,Major League Soccer,2026
6fcddf5f,Dániel Sallói,Dániel Sallói,hu HUN,"MF,FW",Toronto FC,29-269,1996,7,6,569,6.3,2,1,3,2,0,0,0,0,0.32,0.16,0.47,0.32,0.47,Matches,0.15,0.25,13,8,61.5,1.27,2.06,,,,,,,,,,,,,,,,,,,Major League Soccer,2026
08593525,Diadie Samassékou,Diadie Samassékou,ml MLI,MF,Houston Dynamo,30-093,1996,5,3,255,2.8,0,0,0,0,0,0,0,0,0.00,0.00,0.00,0.00,0.00,Matches,,,0,0,,0.00,0.00,,,,,,,,,,,,,,,,,,,Major League Soccer,2026
1d9b8c4d,Lucas Sanabria,Lucas Sanabria,uy URU,MF,LA Galaxy,22-109,2003,7,4,342,3.8,1,0,1,1,0,0,2,0,0.26,0.00,0.26,0.26,0.26,Matches,0.20,1.00,5,1,20.0,0.26,1.32,,,,,,,,,,,,,,,,,,,Major League Soccer,2026
4fcf3b14,Cooper Sanchez,Cooper Sanchez,us USA,MF,Atlanta Utd,18-019,2008,7,6,447,5.0,0,0,0,0,0,0,2,0,0.00,0.00,0.00,0.00,0.00,Matches,0.00,0.00,2,1,50.0,0.20,0.40,,,,,,,,,,,,,,,,,,,Major League Soccer,2026
72979f65,Ilie Sánchez,Ilie Sánchez,es ESP,MF,Austin FC,35-144,1990,7,7,472,5.2,0,0,0,0,0,0,2,0,0.00,0.00,0.00,0.00,0.00,Matches,0.00,0.00,6,2,33.3,0.38,1.14,,,,,,,,,,,,,,,,,,,Major League Soccer,2026
960a4473,William Sands,William Sands,us USA,DF,NE Revolution,25-282,2000,6,6,476,5.3,0,0,0,0,0,0,1,0,0.00,0.00,0.00,0.00,0.00,Matches,0.00,0.00,2,1,50.0,0.19,0.38,,,,,,,,,,,,,,,,,,,Major League Soccer,2026
215918bf,Edvard Sandvik Tagseth,Edvard Sandvik Tagseth,no NOR,MF,Nashville SC,25-081,2001,7,7,608,6.8,1,0,1,1,0,0,1,0,0.15,0.00,0.15,0.15,0.15,Matches,0.50,1.00,2,1,50.0,0.15,0.30,,,,,,,,,,,,,,,,,,,Major League Soccer,2026
f6fca8c6,Jeong Sangbin,Jeong Sangbin,kr KOR,MF,St. Louis City,24-013,2002,4,2,127,1.4,0,0,0,0,0,0,0,0,0.00,0.00,0.00,0.00,0.00,Matches,0.00,,1,0,0.0,0.00,0.71,,,,,,,,,,,,,,,,,,,Major League Soccer,2026
a930b263,Sergio Santos Gomes,Sergio Santos Gomes,br BRA,FW,Atlanta Utd,31-222,1994,1,0,5,0.1,0,0,0,0,0,0,0,0,0.00,0.00,0.00,0.00,0.00,Matches,,,0,0,,0.00,0.00,,,,,,,,,,,,,,,,,,,Major League Soccer,2026
c72a6057,Rafael Santos,Rafael Santos,br BRA,"MF,DF",St. Louis City,28-068,1998,7,7,562,6.2,0,1,1,0,0,0,1,0,0.00,0.16,0.16,0.00,0.16,Matches,0.00,0.00,8,5,62.5,0.80,1.28,,,,,,,,,,,,,,,,,,,Major League Soccer,2026
9ca44215,Kieran Sargeant,Kieran Sargeant,us USA,DF,San Diego FC,22-364,2003,3,3,270,3.0,0,0,0,0,0,0,0,0,0.00,0.00,0.00,0.00,0.00,Matches,0.00,,1,0,0.0,0.00,0.33,,,,,,,,,,,,,,,,,,,Major League Soccer,2026
a8d4428b,Josh Sargent,Josh Sargent,us USA,FW,Toronto FC,26-053,2000,4,3,245,2.7,1,1,2,1,0,0,0,0,0.37,0.37,0.73,0.37,0.73,Matches,0.13,0.33,8,3,37.5,1.10,2.94,,,,,,,,,,,,,,,,,,,Major League Soccer,2026
2d43686c,Samuel Sarver,Samuel Sarver,us USA,FW,FC Dallas,23-042,2003,2,0,26,0.3,0,0,0,0,0,0,1,0,0.00,0.00,0.00,0.00,0.00,Matches,0.00,,2,0,0.0,0.00,6.92,,,,,,,,,,,,,,,,,,,Major League Soccer,2026
1c341b14,David Schnegg,David Schnegg,at AUT,"DF,MF",Charlotte,27-197,1998,2,0,38,0.4,0,1,1,0,0,0,0,0,0.00,2.37,2.37,0.00,2.37,Matches,,,0,0,,0.00,0.00,,,,,,,,,,,,,,,,,,,Major League Soccer,2026
efd623db,Sebastian Schonlau,Sebastian Schonlau,de GER,"DF,MF",Vancouver W'caps,31-252,1994,1,0,26,0.3,0,0,0,0,0,0,0,0,0.00,0.00,0.00,0.00,0.00,Matches,0.00,,1,0,0.0,0.00,3.46,,,,,,,,,,,,,,,,,,,Major League Soccer,2026
b8f47d7c,Patrick Schulte,Patrick Schulte,us USA,GK,Columbus Crew,25-032,2001,7,7,630,7.0,0,0,0,0,0,0,0,0,0.00,0.00,0.00,0.00,0.00,Matches,,,0,0,,0.00,0.00,1,14.3,7,7,10,1.43,3,630,0,0,0,,0,64.3,18,28,3,1,Major League Soccer,2026
e287eefa,Brian Schwake,Brian Schwake,us USA,GK,Nashville SC,24-233,2001,7,7,630,7.0,0,0,0,0,0,0,0,0,0.00,0.00,0.00,0.00,0.00,Matches,,,0,0,,0.00,0.00,3,42.9,7,7,4,0.57,1,630,1,2,0,50.0,1,75.0,10,12,1,5,Major League Soccer,2026
620ae69c,Dante Sealy,Dante Sealy,tt TRI,"MF,FW",Colorado Rapids,22-362,2003,7,6,437,4.9,0,2,2,0,0,0,1,0,0.00,0.41,0.41,0.00,0.41,Matches,0.00,0.00,10,2,20.0,0.41,2.06,,,,,,,,,,,,,,,,,,,Major League Soccer,2026
9142b22f,Telasco Segovia,Telasco Segovia,ve VEN,MF,Inter Miami,23-012,2003,7,6,537,6.0,1,3,4,1,0,0,3,0,0.17,0.50,0.67,0.17,0.67,Matches,0.13,1.00,8,1,12.5,0.17,1.34,,,,,,,,,,,,,,,,,,,Major League Soccer,2026
c70e3fe0,Eddie Segura,Eddie Segura,co COL,DF,LAFC,29-071,1997,5,5,450,5.0,0,0,0,0,0,0,1,0,0.00,0.00,0.00,0.00,0.00,Matches,,,0,0,,0.00,0.00,,,,,,,,,,,,,,,,,,,Major League Soccer,2026
43ca2019,Amar Sejdic,Amar Sejdic,us USA,MF,Columbus Crew,29-136,1996,2,1,138,1.5,0,0,0,0,0,0,0,0,0.00,0.00,0.00,0.00,0.00,Matches,0.00,0.00,3,2,66.7,1.30,1.96,,,,,,,,,,,,,,,,,,,Major League Soccer,2026
e27b3742,Giovanny Sequera,Giovanny Sequera,ve VEN,DF,Philadelphia Union,20-059,2006,1,1,81,0.9,0,0,0,0,0,0,0,0,0.00,0.00,0.00,0.00,0.00,Matches,0.00,,1,0,0.0,0.00,1.11,,,,,,,,,,,,,,,,,,,Major League Soccer,2026
4d825a2d,Brandon Servania,Brandon Servania,us USA,MF,D.C. United,27-033,1999,7,7,570,6.3,0,0,0,0,0,0,0,0,0.00,0.00,0.00,0.00,0.00,Matches,0.00,0.00,4,1,25.0,0.16,0.63,,,,,,,,,,,,,,,,,,,Major League Soccer,2026
03e7a498,Japhet Sery,Japhet Sery,dk DEN,DF,Philadelphia Union,26-004,2000,6,5,447,5.0,1,0,1,1,0,0,3,0,0.20,0.00,0.20,0.20,0.20,Matches,1.00,1.00,1,1,100.0,0.20,0.20,,,,,,,,,,,,,,,,,,,Major League Soccer,2026
339a2561,Jacob Shaffelburg,Jacob Shaffelburg,ca CAN,MF,LAFC,26-139,1999,2,0,56,0.6,0,1,1,0,0,0,0,0,0.00,1.61,1.61,0.00,1.61,Matches,0.00,,1,0,0.0,0.00,1.61,,,,,,,,,,,,,,,,,,,Major League Soccer,2026
773d5387,Alexander Shaw,Alexander Shaw,us USA,MF,Inter Miami,18-041,2008,1,0,23,0.3,0,0,0,0,0,0,0,0,0.00,0.00,0.00,0.00,0.00,Matches,,,0,0,,0.00,0.00,,,,,,,,,,,,,,,,,,,Major League Soccer,2026
f347746b,Jason Shokalook,Jason Shokalook,us USA,FW,Chicago Fire,23-196,2002,4,0,15,0.2,0,0,0,0,0,0,0,0,0.00,0.00,0.00,0.00,0.00,Matches,,,0,0,,0.00,0.00,,,,,,,,,,,,,,,,,,,Major League Soccer,2026
7cf7d4dd,Jonathan Shore,Jonathan Shore,us USA,MF,NYCFC,19-001,2007,5,0,40,0.4,0,0,0,0,0,0,0,0,0.00,0.00,0.00,0.00,0.00,Matches,,,0,0,,0.00,0.00,,,,,,,,,,,,,,,,,,,Major League Soccer,2026
12a2d3e0,Mateo Silvetti,Mateo Silvetti,ar ARG,"MF,FW",Inter Miami,20-090,2006,7,6,514,5.7,2,1,3,2,0,0,1,0,0.35,0.18,0.53,0.35,0.53,Matches,0.11,0.22,18,9,50.0,1.58,3.15,,,,,,,,,,,,,,,,,,,Major League Soccer,2026
550557e1,Pablo Sisniega,Pablo Sisniega,mx MEX,GK,San Diego FC,30-281,1995,1,1,90,1.0,0,0,0,0,0,0,0,0,0.00,0.00,0.00,0.00,0.00,Matches,,,0,0,,0.00,0.00,0,0.0,1,1,3,3.00,0,90,1,1,0,0.0,0,71.4,5,7,1,0,Major League Soccer,2026
9c07bdc7,Jack Skahan,Jack Skahan,us USA,"MF,FW",SJ Earthquakes,28-066,1998,6,2,181,2.0,2,0,2,2,0,0,0,0,0.99,0.00,0.99,0.99,0.99,Matches,0.50,1.00,4,2,50.0,0.99,1.99,,,,,,,,,,,,,,,,,,,Major League Soccer,2026
1e78e7c5,Tyger Smalls,Tyger Smalls,,FW,Charlotte,23-208,2002,4,0,46,0.5,0,0,0,0,0,0,0,0,0.00,0.00,0.00,0.00,0.00,Matches,,,0,0,,0.00,0.00,,,,,,,,,,,,,,,,,,,Major League Soccer,2026
80a9110c,Ian Smith,Ian Smith,us USA,DF,Portland Timbers,23-272,2002,6,1,168,1.9,0,0,0,0,0,0,2,0,0.00,0.00,0.00,0.00,0.00,Matches,0.00,,2,0,0.0,0.00,1.07,,,,,,,,,,,,,,,,,,,Major League Soccer,2026
9e6b2ec3,Kyle Smith,Kyle Smith,us USA,"MF,DF",FC Cincinnati,34-095,1992,4,2,188,2.1,1,0,1,1,0,0,0,0,0.48,0.00,0.48,0.48,0.48,Matches,0.50,1.00,2,1,50.0,0.48,0.96,,,,,,,,,,,,,,,,,,,Major League Soccer,2026
a7590f18,Artem Smoliakov,Artem Smoliakov,ua UKR,DF,LAFC,22-320,2003,1,1,75,0.8,0,0,0,0,0,0,1,0,0.00,0.00,0.00,0.00,0.00,Matches,0.00,,2,0,0.0,0.00,2.40,,,,,,,,,,,,,,,,,,,Major League Soccer,2026
09390bae,Mohammed Sofo,Mohammed Sofo,gh GHA,MF,NY Red Bulls,21-135,2004,4,1,136,1.5,1,0,1,1,0,0,0,0,0.66,0.00,0.66,0.66,0.66,Matches,0.17,0.25,6,4,66.7,2.65,3.97,,,,,,,,,,,,,,,,,,,Major League Soccer,2026
a5c74923,Sergi Solans,Sergi Solans,es ESP,FW,Real Salt Lake,23-047,2003,6,4,339,3.8,3,0,3,3,0,0,0,0,0.80,0.00,0.80,0.80,0.80,Matches,0.21,0.43,14,7,50.0,1.86,3.72,,,,,,,,,,,,,,,,,,,Major League Soccer,2026
c29783af,Pedro Soma,Pedro Soma,us USA,MF,San Diego FC,19-288,2006,4,2,156,1.7,0,0,0,0,0,0,1,0,0.00,0.00,0.00,0.00,0.00,Matches,,,0,0,,0.00,0.00,,,,,,,,,,,,,,,,,,,Major League Soccer,2026
685576cf,Tyrese Spicer,Tyrese Spicer,tt TRI,"MF,FW",Orlando City,25-131,2000,4,2,138,1.5,0,0,0,0,0,0,1,0,0.00,0.00,0.00,0.00,0.00,Matches,0.00,0.00,6,1,16.7,0.65,3.91,,,,,,,,,,,,,,,,,,,Major League Soccer,2026
a08985b8,Stijn Spierings,Stijn Spierings,nl NED,MF,Real Salt Lake,30-033,1996,3,1,116,1.3,1,0,1,1,0,0,0,0,0.78,0.00,0.78,0.78,0.78,Matches,0.33,0.50,3,2,66.7,1.55,2.33,,,,,,,,,,,,,,,,,,,Major League Soccer,2026
3f41d25f,Dayne St. Clair,Dayne St. Clair,ca CAN,GK,Inter Miami,28-340,1997,6,6,540,6.0,0,0,0,0,0,0,1,0,0.00,0.00,0.00,0.00,0.00,Matches,,,0,0,,0.00,0.00,0,0.0,6,6,12,2.00,1,540,0,0,0,,0,47.8,11,23,2,3,Major League Soccer,2026
681fad6a,Lazar Stefanovic,Lazar Stefanovic,ca CAN,DF,Toronto FC,19-247,2006,2,0,27,0.3,0,0,0,0,0,0,0,0,0.00,0.00,0.00,0.00,0.00,Matches,,,0,0,,0.00,0.00,,,,,,,,,,,,,,,,,,,Major League Soccer,2026
42130443,Zack Steffen,Zack Steffen,us USA,GK,Colorado Rapids,31-012,1995,5,5,450,5.0,0,0,0,0,0,0,0,0,0.00,0.00,0.00,0.00,0.00,Matches,,,0,0,,0.00,0.00,1,20.0,5,5,8,1.60,2,450,0,0,0,,0,69.2,18,26,0,3,Major League Soccer,2026
70ece0eb,Noah Streit,Noah Streit,ch SUI,FW,CF Montréal,20-185,2005,4,0,84,0.9,0,0,0,0,0,0,0,0,0.00,0.00,0.00,0.00,0.00,Matches,0.00,,1,0,0.0,0.00,1.07,,,,,,,,,,,,,,,,,,,Major League Soccer,2026
5d018899,Jared Stroud,Jared Stroud,us USA,MF,D.C. United,29-278,1996,2,1,54,0.6,0,0,0,0,0,0,1,0,0.00,0.00,0.00,0.00,0.00,Matches,0.00,,1,0,0.0,0.00,1.67,,,,,,,,,,,,,,,,,,,Major League Soccer,2026
6a1940d5,Brad Stuver,Brad Stuver,us USA,GK,Austin FC,34-363,1991,7,7,630,7.0,0,0,0,0,0,0,1,0,0.00,0.00,0.00,0.00,0.00,Matches,,,0,0,,0.00,0.00,2,28.6,7,7,11,1.57,3,630,0,0,0,,0,73.8,31,42,3,1,Major League Soccer,2026
a6154613,Luis Suárez,Luis Suárez,uy URU,FW,Inter Miami,39-080,1987,4,1,130,1.4,1,0,1,1,0,0,0,0,0.69,0.00,0.69,0.69,0.69,Matches,0.25,0.50,4,2,50.0,1.38,2.77,,,,,,,,,,,,,,,,,,,Major League Soccer,2026
d94653be,Magomed-Shapi Suleymanov,Magomed-Shapi Suleymanov,ru RUS,"MF,FW",Sporting KC,26-119,1999,7,7,548,6.1,1,0,1,1,0,0,1,0,0.16,0.00,0.16,0.16,0.16,Matches,0.11,0.33,9,3,33.3,0.49,1.48,,,,,,,,,,,,,,,,,,,Major League Soccer,2026
0ddabe9e,Cavan Sullivan,Cavan Sullivan,us USA,MF,Philadelphia Union,16-198,2009,5,1,107,1.2,0,1,1,0,0,0,1,0,0.00,0.84,0.84,0.00,0.84,Matches,0.00,,1,0,0.0,0.00,0.84,,,,,,,,,,,,,,,,,,,Major League Soccer,2026
3b9e2775,Finn Sundstrom,Finn Sundstrom,us USA,DF,Philadelphia Union,19-146,2006,1,1,45,0.5,0,0,0,0,0,0,0,0,0.00,0.00,0.00,0.00,0.00,Matches,,,0,0,,0.00,0.00,,,,,,,,,,,,,,,,,,,Major League Soccer,2026
016e419b,Finn Surman,Finn Surman,nz NZL,DF,Portland Timbers,22-203,2003,7,7,630,7.0,0,1,1,0,0,0,0,0,0.00,0.14,0.14,0.00,0.14,Matches,0.00,0.00,3,2,66.7,0.29,0.43,,,,,,,,,,,,,,,,,,,Major League Soccer,2026
b017b770,Sam Surridge,Sam Surridge,eng ENG,FW,Nashville SC,27-260,1998,6,4,393,4.4,7,0,7,6,1,1,0,0,1.60,0.00,1.60,1.37,1.37,Matches,0.35,0.46,17,13,76.5,2.98,3.89,,,,,,,,,,,,,,,,,,,Major League Soccer,2026
b70be510,Oleksandr Svatok,Oleksandr Svatok,ua UKR,DF,Austin FC,31-199,1994,7,7,630,7.0,0,0,0,0,0,0,0,0,0.00,0.00,0.00,0.00,0.00,Matches,0.00,0.00,3,1,33.3,0.14,0.43,,,,,,,,,,,,,,,,,,,Major League Soccer,2026
9614b550,Erik Sviatchenko,Erik Sviatchenko,dk DEN,DF,Houston Dynamo,34-192,1991,5,5,402,4.5,1,0,1,1,0,0,3,1,0.22,0.00,0.22,0.22,0.22,Matches,0.50,1.00,2,1,50.0,0.22,0.45,,,,,,,,,,,,,,,,,,,Major League Soccer,2026
8220e6eb,Hennadii Synchuk,Hennadii Synchuk,ua UKR,MF,CF Montréal,19-278,2006,6,4,332,3.7,0,0,0,0,0,0,2,0,0.00,0.00,0.00,0.00,0.00,Matches,0.00,0.00,12,4,33.3,1.08,3.25,,,,,,,,,,,,,,,,,,,Major League Soccer,2026
715a11e7,Osvald Søe,Osvald Søe,dk DEN,DF,San Diego FC,20-160,2005,4,3,251,2.8,0,0,0,0,0,0,1,0,0.00,0.00,0.00,0.00,0.00,Matches,0.00,,1,0,0.0,0.00,0.36,,,,,,,,,,,,,,,,,,,Major League Soccer,2026
4a07ae31,Nkosi Tafari,Nkosi Tafari,us USA,DF,LAFC,29-022,1997,7,7,630,7.0,0,0,0,0,0,0,0,0,0.00,0.00,0.00,0.00,0.00,Matches,0.00,,4,0,0.0,0.00,0.57,,,,,,,,,,,,,,,,,,,Major League Soccer,2026
0896e23e,Zakaria Taifi,Zakaria Taifi,us USA,MF,Orlando City,20-195,2005,5,0,135,1.5,0,1,1,0,0,0,0,0,0.00,0.67,0.67,0.00,0.67,Matches,0.00,0.00,3,2,66.7,1.33,2.00,,,,,,,,,,,,,,,,,,,Major League Soccer,2026
52be0b7d,Yohei Takaoka,Yohei Takaoka,jp JPN,GK,Vancouver W'caps,30-029,1996,7,7,630,7.0,0,1,1,0,0,0,0,0,0.00,0.14,0.14,0.00,0.14,Matches,,,0,0,,0.00,0.00,4,57.1,7,7,4,0.57,1,630,0,0,0,,0,76.5,13,17,0,6,Major League Soccer,2026
618ab91f,Strahinja Tanasijević,Strahinja Tanasijević,rs SRB,DF,NYCFC,28-306,1997,1,0,20,0.2,0,0,0,0,0,0,0,0,0.00,0.00,0.00,0.00,0.00,Matches,,,0,0,,0.00,0.00,,,,,,,,,,,,,,,,,,,Major League Soccer,2026
ed4dc7f4,D.J. Taylor,D.J. Taylor,us USA,DF,Minnesota Utd,28-231,1997,4,1,116,1.3,0,0,0,0,0,0,1,0,0.00,0.00,0.00,0.00,0.00,Matches,,,0,0,,0.00,0.00,,,,,,,,,,,,,,,,,,,Major League Soccer,2026
1fc0973f,Robert Taylor,Robert Taylor,fi FIN,"FW,MF",Austin FC,31-175,1994,1,0,21,0.2,0,0,0,0,0,0,0,0,0.00,0.00,0.00,0.00,0.00,Matches,0.00,,1,0,0.0,0.00,4.29,,,,,,,,,,,,,,,,,,,Major League Soccer,2026
058203db,Jude Terry,Jude Terry,us USA,MF,LAFC,17-188,2008,2,1,95,1.1,1,0,1,1,0,0,0,0,0.95,0.00,0.95,0.95,0.95,Matches,1.00,1.00,1,1,100.0,0.95,0.95,,,,,,,,,,,,,,,,,,,Major League Soccer,2026
f956479d,Cedric Teuchert,Cedric Teuchert,de GER,"MF,FW",St. Louis City,29-090,1997,6,2,164,1.8,0,0,0,0,0,0,0,0,0.00,0.00,0.00,0.00,0.00,Matches,0.00,0.00,9,6,66.7,3.29,4.94,,,,,,,,,,,,,,,,,,,Major League Soccer,2026
ecca2f67,Jamal Thiaré,Jamal Thiaré,sn SEN,FW,Columbus Crew,33-014,1993,6,0,93,1.0,0,0,0,0,0,0,1,0,0.00,0.00,0.00,0.00,0.00,Matches,,,0,0,,0.00,0.00,,,,,,,,,,,,,,,,,,,Major League Soccer,2026
1425ee30,Andrew Thomas,Andrew Thomas,ru RUS,GK,Seattle Sounders,27-225,1998,6,6,540,6.0,0,0,0,0,0,0,0,0,0.00,0.00,0.00,0.00,0.00,Matches,,,0,0,,0.00,0.00,5,83.3,6,6,2,0.33,1,540,0,0,0,,0,91.7,22,24,1,4,Major League Soccer,2026
df8e7b62,Erik Thommy,Erik Thommy,de GER,MF,LA Galaxy,31-237,1994,5,3,261,2.9,1,0,1,1,0,0,1,0,0.34,0.00,0.34,0.34,0.34,Matches,0.08,0.33,13,3,23.1,1.03,4.48,,,,,,,,,,,,,,,,,,,Major League Soccer,2026
517bef8b,Kosi Thompson,Kosi Thompson,ca CAN,DF,Toronto FC,23-077,2003,2,2,135,1.5,0,0,0,0,0,0,0,0,0.00,0.00,0.00,0.00,0.00,Matches,,,0,0,,0.00,0.00,,,,,,,,,,,,,,,,,,,Major League Soccer,2026
517bef8b,Kosi Thompson,Kosi Thompson,ca CAN,DF,Toronto FC,23-077,2003,2,2,135,1.5,0,0,0,0,0,0,0,0,0.00,0.00,0.00,0.00,0.00,Matches,1.00,1.00,2,2,100.0,2.54,2.54,,,,,,,,,,,,,,,,,,,Major League Soccer,2026
517bef8b,Kosi Thompson,Kosi Thompson,ca CAN,DF,Colorado Rapids,23-077,2003,1,1,71,0.8,2,0,2,2,0,0,0,0,2.54,0.00,2.54,2.54,2.54,Matches,,,0,0,,0.00,0.00,,,,,,,,,,,,,,,,,,,Major League Soccer,2026
517bef8b,Kosi Thompson,Kosi Thompson,ca CAN,DF,Colorado Rapids,23-077,2003,1,1,71,0.8,2,0,2,2,0,0,0,0,2.54,0.00,2.54,2.54,2.54,Matches,1.00,1.00,2,2,100.0,2.54,2.54,,,,,,,,,,,,,,,,,,,Major League Soccer,2026
77ee5b27,Tiago,Tiago,br BRA,FW,Orlando City,21-006,2005,6,2,207,2.3,1,1,2,1,0,0,0,0,0.43,0.43,0.87,0.43,0.87,Matches,0.17,0.50,6,2,33.3,0.87,2.61,,,,,,,,,,,,,,,,,,,Major League Soccer,2026
9ddf7fae,Cheikh Tidiane Sabaly,Cheikh Tidiane Sabaly,sn SEN,MF,Vancouver W'caps,27-041,1999,5,3,223,2.5,1,0,1,1,0,0,0,0,0.40,0.00,0.40,0.40,0.40,Matches,0.14,0.33,7,3,42.9,1.21,2.83,,,,,,,,,,,,,,,,,,,Major League Soccer,2026
62045652,Sékou Tidiany Bangoura,Sékou Tidiany Bangoura,gn GUI,MF,Columbus Crew,24-009,2002,5,0,62,0.7,0,0,0,0,0,0,0,0,0.00,0.00,0.00,0.00,0.00,Matches,0.00,,1,0,0.0,0.00,1.45,,,,,,,,,,,,,,,,,,,Major League Soccer,2026
a5bea1fb,Timothy Tillman,Timothy Tillman,us USA,MF,LAFC,27-100,1999,7,5,447,5.0,0,1,1,0,0,0,1,0,0.00,0.20,0.20,0.00,0.20,Matches,0.00,,4,0,0.0,0.00,0.81,,,,,,,,,,,,,,,,,,,Major League Soccer,2026
a105d46a,Harry Toffolo,Harry Toffolo,eng ENG,DF,Charlotte,30-238,1995,7,7,592,6.6,0,1,1,0,0,0,1,0,0.00,0.15,0.15,0.00,0.15,Matches,0.00,0.00,4,1,25.0,0.15,0.61,,,,,,,,,,,,,,,,,,,Major League Soccer,2026
81273f6d,Cayman Togashi,Cayman Togashi,jp JPN,FW,Atlanta Utd,32-247,1993,1,0,13,0.1,0,0,0,0,0,0,0,0,0.00,0.00,0.00,0.00,0.00,Matches,0.00,0.00,1,1,100.0,6.92,6.92,,,,,,,,,,,,,,,,,,,Major League Soccer,2026
0796512f,Nouhou Tolo,Nouhou Tolo,cm CMR,DF,Seattle Sounders,28-295,1997,6,6,540,6.0,0,0,0,0,0,0,1,0,0.00,0.00,0.00,0.00,0.00,Matches,0.00,,1,0,0.0,0.00,0.17,,,,,,,,,,,,,,,,,,,Major League Soccer,2026
4de3b2c0,Facundo Torres,Facundo Torres,uy URU,MF,Austin FC,26-001,2000,7,7,584,6.5,0,3,3,0,0,0,1,0,0.00,0.46,0.46,0.00,0.46,Matches,0.00,0.00,12,4,33.3,0.62,1.85,,,,,,,,,,,,,,,,,,,Major League Soccer,2026
8bb174fc,Tomas Totland,Tomas Totland,no NOR,"DF,MF",St. Louis City,26-198,1999,3,0,29,0.3,0,0,0,0,0,0,0,0,0.00,0.00,0.00,0.00,0.00,Matches,,,0,0,,0.00,0.00,,,,,,,,,,,,,,,,,,,Major League Soccer,2026
9bf9391c,Wil Trapp,Wil Trapp,us USA,MF,Minnesota Utd,33-089,1993,6,5,468,5.2,0,0,0,0,0,0,1,0,0.00,0.00,0.00,0.00,0.00,Matches,,,0,0,,0.00,0.00,,,,,,,,,,,,,,,,,,,Major League Soccer,2026
08b318c0,Jackson Travis,Jackson Travis,us USA,DF,Colorado Rapids,22-050,2004,6,6,451,5.0,0,1,1,0,0,0,0,1,0.00,0.20,0.20,0.00,0.20,Matches,0.00,,1,0,0.0,0.00,0.20,,,,,,,,,,,,,,,,,,,Major League Soccer,2026
1ab3d134,Kai Trewin,Kai Trewin,au AUS,DF,NYCFC,24-331,2001,7,6,545,6.1,0,0,0,0,0,0,1,0,0.00,0.00,0.00,0.00,0.00,Matches,0.00,0.00,2,1,50.0,0.17,0.33,,,,,,,,,,,,,,,,,,,Major League Soccer,2026
73d58203,Nectarios Triantis,Nectarios Triantis,gr GRE,MF,Minnesota Utd,22-338,2003,7,7,581,6.5,1,0,1,1,0,0,0,0,0.15,0.00,0.15,0.15,0.15,Matches,0.08,0.20,13,5,38.5,0.77,2.01,,,,,,,,,,,,,,,,,,,Major League Soccer,2026
cb501677,Niko Tsakiris,Niko Tsakiris,us USA,MF,SJ Earthquakes,20-299,2005,7,7,629,7.0,2,1,3,1,1,1,2,0,0.29,0.14,0.43,0.14,0.29,Matches,0.07,0.17,14,6,42.9,0.86,2.00,,,,,,,,,,,,,,,,,,,Major League Soccer,2026
56d6715c,Yutaro Tsukada,Yutaro Tsukada,jp JPN,FW,Orlando City,24-260,2001,2,0,24,0.3,0,0,0,0,0,0,0,0,0.00,0.00,0.00,0.00,0.00,Matches,,,0,0,,0.00,0.00,,,,,,,,,,,,,,,,,,,Major League Soccer,2026
d9d3eb6c,Dor Turgeman,Dor Turgeman,il ISR,"FW,MF",NE Revolution,22-172,2003,6,6,478,5.3,1,2,3,1,0,0,1,0,0.19,0.38,0.56,0.19,0.56,Matches,0.10,0.25,10,4,40.0,0.75,1.88,,,,,,,,,,,,,,,,,,,Major League Soccer,2026
d86edf5a,Gavin Turner,Gavin Turner,us USA,MF,D.C. United,19-099,2007,2,0,30,0.3,0,0,0,0,0,0,0,0,0.00,0.00,0.00,0.00,0.00,Matches,0.00,,1,0,0.0,0.00,3.00,,,,,,,,,,,,,,,,,,,Major League Soccer,2026
4a51ba65,Matt Turner,Matt Turner,us USA,GK,NE Revolution,31-294,1994,6,6,540,6.0,0,0,0,0,0,0,0,0,0.00,0.00,0.00,0.00,0.00,Matches,,,0,0,,0.00,0.00,2,33.3,6,6,9,1.50,3,540,0,0,0,,0,73.5,25,34,0,3,Major League Soccer,2026
898b9fd1,Jeppe Tverskov,Jeppe Tverskov,dk DEN,MF,San Diego FC,33-033,1993,7,6,585,6.5,0,1,1,0,0,0,1,0,0.00,0.15,0.15,0.00,0.15,Matches,0.00,,1,0,0.0,0.00,0.15,,,,,,,,,,,,,,,,,,,Major League Soccer,2026
1124ac8a,Osaze Urhoghide,Osaze Urhoghide,nl NED,DF,FC Dallas,25-284,2000,6,6,539,6.0,1,1,2,1,0,0,3,0,0.17,0.17,0.33,0.17,0.33,Matches,0.33,1.00,3,1,33.3,0.17,0.50,,,,,,,,,,,,,,,,,,,Major League Soccer,2026
01da7812,Myrto Uzuni,Myrto Uzuni,al ALB,FW,Austin FC,30-318,1995,7,7,614,6.8,2,0,2,2,0,0,2,0,0.29,0.00,0.29,0.29,0.29,Matches,0.17,0.50,12,4,33.3,0.59,1.76,,,,,,,,,,,,,,,,,,,Major League Soccer,2026
8ed8c801,Onni Valakari,Onni Valakari,fi FIN,MF,San Diego FC,26-239,1999,7,7,571,6.3,3,1,4,2,1,1,0,0,0.47,0.16,0.63,0.32,0.47,Matches,0.20,0.29,10,7,70.0,1.10,1.58,,,,,,,,,,,,,,,,,,,Major League Soccer,2026
790c93ea,Omar Valencia,Omar Valencia,pa PAN,DF,NY Red Bulls,21-310,2004,5,0,120,1.3,0,0,0,0,0,0,1,0,0.00,0.00,0.00,0.00,0.00,Matches,0.00,0.00,2,2,100.0,1.50,1.50,,,,,,,,,,,,,,,,,,,Major League Soccer,2026
ca07c1c5,Gerardo Valenzuela,Gerardo Valenzuela,us USA,MF,FC Cincinnati,21-198,2004,5,3,277,3.1,1,0,1,1,0,0,0,1,0.32,0.00,0.32,0.32,0.32,Matches,0.14,0.50,7,2,28.6,0.65,2.27,,,,,,,,,,,,,,,,,,,Major League Soccer,2026
f3156a5b,Joaquín Valiente,Joaquín Valiente,uy URU,"MF,FW",FC Dallas,25-001,2001,6,3,311,3.5,0,2,2,0,0,0,0,0,0.00,0.58,0.58,0.00,0.58,Matches,0.00,0.00,4,1,25.0,0.29,1.16,,,,,,,,,,,,,,,,,,,Major League Soccer,2026
758de7b4,Kerwin Vargas,Kerwin Vargas,co COL,"MF,FW",Charlotte,24-102,2002,7,4,353,3.9,1,0,1,1,0,0,0,0,0.25,0.00,0.25,0.25,0.25,Matches,0.13,0.25,8,4,50.0,1.02,2.04,,,,,,,,,,,,,,,,,,,Major League Soccer,2026
04e195ee,Indiana Vassilev,Indiana Vassilev,us USA,MF,Philadelphia Union,25-057,2001,7,6,505,5.6,1,0,1,0,1,1,0,0,0.18,0.00,0.18,0.00,0.00,Matches,0.00,0.00,8,4,50.0,0.71,1.43,,,,,,,,,,,,,,,,,,,Major League Soccer,2026
60419133,David Vazquez,David Vazquez,us USA,"MF,FW",San Diego FC,20-051,2006,6,3,235,2.6,0,0,0,0,0,0,1,0,0.00,0.00,0.00,0.00,0.00,Matches,0.00,0.00,4,1,25.0,0.38,1.53,,,,,,,,,,,,,,,,,,,Major League Soccer,2026
c5c1627c,Kristoffer Velde,Kristoffer Velde,no NOR,"MF,FW",Portland Timbers,26-217,1999,7,7,596,6.6,3,0,3,3,0,1,2,0,0.45,0.00,0.45,0.45,0.45,Matches,0.19,0.43,16,7,43.8,1.06,2.42,,,,,,,,,,,,,,,,,,,Major League Soccer,2026
80c718dd,Brayan Vera,Brayan Vera,co COL,DF,CF Montréal,27-089,1999,6,6,468,5.2,0,0,0,0,0,0,1,0,0.00,0.00,0.00,0.00,0.00,Matches,0.00,0.00,5,3,60.0,0.58,0.96,,,,,,,,,,,,,,,,,,,Major League Soccer,2026
8409bad1,Oscar Verhoeven,Oscar Verhoeven,us USA,DF,San Diego FC,19-318,2006,6,3,311,3.5,0,0,0,0,0,0,1,0,0.00,0.00,0.00,0.00,0.00,Matches,0.00,,1,0,0.0,0.00,0.29,,,,,,,,,,,,,,,,,,,Major League Soccer,2026
75e60d75,Ronaldo Vieira,Ronaldo Vieira,gw GNB,MF,SJ Earthquakes,27-269,1998,6,6,465,5.2,0,0,0,0,0,0,0,0,0.00,0.00,0.00,0.00,0.00,Matches,0.00,0.00,9,2,22.2,0.39,1.74,,,,,,,,,,,,,,,,,,,Major League Soccer,2026
2d6e535f,Sam Vines,Sam Vines,us USA,DF,Houston Dynamo,26-318,1999,1,0,1,0.0,0,0,0,0,0,0,0,0,0.00,0.00,0.00,0.00,0.00,Matches,,,0,0,,0.00,0.00,,,,,,,,,,,,,,,,,,,Major League Soccer,2026
33d9d789,Robert Voloder,Robert Voloder,ba BIH,DF,NY Red Bulls,24-340,2001,5,5,450,5.0,0,0,0,0,0,0,1,0,0.00,0.00,0.00,0.00,0.00,Matches,0.00,0.00,3,1,33.3,0.20,0.60,,,,,,,,,,,,,,,,,,,Major League Soccer,2026
443a4bb2,Conrad Wallem,Conrad Wallem,no NOR,MF,St. Louis City,25-309,2000,7,7,626,7.0,0,0,0,0,0,0,0,0,0.00,0.00,0.00,0.00,0.00,Matches,0.00,,4,0,0.0,0.00,0.58,,,,,,,,,,,,,,,,,,,Major League Soccer,2026
47ddcc22,Joel Waterman,Joel Waterman,ca CAN,DF,Chicago Fire,30-080,1996,5,3,330,3.7,0,0,0,0,0,0,2,0,0.00,0.00,0.00,0.00,0.00,Matches,0.00,,1,0,0.0,0.00,0.27,,,,,,,,,,,,,,,,,,,Major League Soccer,2026
49fe9070,Timo Werner,Timo Werner,de GER,MF,SJ Earthquakes,30-039,1996,4,1,202,2.2,0,2,2,0,0,0,1,0,0.00,0.89,0.89,0.00,0.89,Matches,0.00,,1,0,0.0,0.00,0.45,,,,,,,,,,,,,,,,,,,Major League Soccer,2026
4cafc4bb,Francis Westfield,Francis Westfield,us USA,DF,Philadelphia Union,20-126,2005,6,6,508,5.6,0,1,1,0,0,0,1,0,0.00,0.18,0.18,0.00,0.18,Matches,0.00,0.00,6,1,16.7,0.18,1.06,,,,,,,,,,,,,,,,,,,Major League Soccer,2026
495945ef,Ashley Westwood,Ashley Westwood,eng ENG,MF,Charlotte,36-013,1990,7,6,584,6.5,1,0,1,1,0,0,2,0,0.15,0.00,0.15,0.15,0.15,Matches,0.33,0.50,3,2,66.7,0.31,0.46,,,,,,,,,,,,,,,,,,,Major League Soccer,2026
54c948de,Brian White,Brian White,us USA,FW,Vancouver W'caps,30-070,1996,7,7,607,6.7,6,0,6,5,1,1,0,0,0.89,0.00,0.89,0.74,0.74,Matches,0.17,0.29,30,17,56.7,2.52,4.45,,,,,,,,,,,,,,,,,,,Major League Soccer,2026
0362c29e,Henry Wingo,Henry Wingo,us USA,"DF,MF",Toronto FC,30-192,1995,1,0,13,0.1,0,0,0,0,0,0,0,0,0.00,0.00,0.00,0.00,0.00,Matches,0.00,,1,0,0.0,0.00,6.92,,,,,,,,,,,,,,,,,,,Major League Soccer,2026
2b8798a6,Maxwell Woledzi,Maxwell Woledzi,gh GHA,DF,Nashville SC,24-286,2001,7,7,630,7.0,0,0,0,0,0,0,0,0,0.00,0.00,0.00,0.00,0.00,Matches,0.00,,1,0,0.0,0.00,0.14,,,,,,,,,,,,,,,,,,,Major League Soccer,2026
be42a291,Hannes Wolf,Hannes Wolf,at AUT,"MF,FW",NYCFC,26-363,1999,7,7,581,6.5,2,0,2,2,0,0,1,0,0.31,0.00,0.31,0.31,0.31,Matches,0.17,0.50,12,4,33.3,0.62,1.86,,,,,,,,,,,,,,,,,,,Major League Soccer,2026
53171f69,Elijah Wynder,Elijah Wynder,us USA,MF,LA Galaxy,23-035,2003,6,5,398,4.4,0,0,0,0,0,0,1,0,0.00,0.00,0.00,0.00,0.00,Matches,0.00,,2,0,0.0,0.00,0.45,,,,,,,,,,,,,,,,,,,Major League Soccer,2026
b712e02d,Miki Yamane,Miki Yamane,jp JPN,"DF,MF",LA Galaxy,32-113,1993,7,6,446,5.0,0,0,0,0,0,0,0,0,0.00,0.00,0.00,0.00,0.00,Matches,0.00,0.00,2,2,100.0,0.40,0.40,,,,,,,,,,,,,,,,,,,Major League Soccer,2026
63abd734,Darren Yapi,Darren Yapi,us USA,"MF,FW",Colorado Rapids,21-146,2004,7,5,421,4.7,2,2,4,2,0,0,1,0,0.43,0.43,0.86,0.43,0.86,Matches,0.20,0.40,10,5,50.0,1.07,2.14,,,,,,,,,,,,,,,,,,,Major League Soccer,2026
1e745ee1,Patrick Yazbek,Patrick Yazbek,au AUS,MF,Nashville SC,24-009,2002,7,5,468,5.2,1,3,4,1,0,0,0,0,0.19,0.58,0.77,0.19,0.77,Matches,0.20,0.33,5,3,60.0,0.58,0.96,,,,,,,,,,,,,,,,,,,Major League Soccer,2026
ea0893d6,Kelvin Yeboah,Kelvin Yeboah,it ITA,FW,Minnesota Utd,25-343,2000,7,7,606,6.7,4,0,4,4,0,0,0,0,0.59,0.00,0.59,0.59,0.59,Matches,0.25,0.57,16,7,43.8,1.04,2.38,,,,,,,,,,,,,,,,,,,Major League Soccer,2026
ae0a7ddf,DeAndre Yedlin,DeAndre Yedlin,us USA,DF,Real Salt Lake,32-279,1993,1,1,84,0.9,0,0,0,0,0,0,0,0,0.00,0.00,0.00,0.00,0.00,Matches,,,0,0,,0.00,0.00,,,,,,,,,,,,,,,,,,,Major League Soccer,2026
caffaf5a,Maya Yoshida,Maya Yoshida,jp JPN,DF,LA Galaxy,37-233,1988,6,4,385,4.3,1,0,1,1,0,0,0,0,0.23,0.00,0.23,0.23,0.23,Matches,0.17,0.33,6,3,50.0,0.70,1.40,,,,,,,,,,,,,,,,,,,Major League Soccer,2026
ddd5cf39,Griffin Yow,Griffin Yow,us USA,"MF,FW",NE Revolution,23-201,2002,6,3,278,3.1,1,0,1,1,0,0,2,0,0.32,0.00,0.32,0.32,0.32,Matches,0.20,0.33,5,3,60.0,0.97,1.62,,,,,,,,,,,,,,,,,,,Major League Soccer,2026
7dce16bf,Jackson Yueill,Jackson Yueill,us USA,MF,NE Revolution,29-026,1997,5,1,108,1.2,0,0,0,0,0,0,0,0,0.00,0.00,0.00,0.00,0.00,Matches,,,0,0,,0.00,0.00,,,,,,,,,,,,,,,,,,,Major League Soccer,2026
0de73fa4,Alhassan Yusuf,Alhassan Yusuf,ng NGA,"MF,FW",NE Revolution,25-270,2000,6,3,356,4.0,2,0,2,2,0,0,0,0,0.51,0.00,0.51,0.51,0.51,Matches,0.67,1.00,3,2,66.7,0.51,0.76,,,,,,,,,,,,,,,,,,,Major League Soccer,2026
b2bc3b1f,Wilfried Zaha,Wilfried Zaha,ci CIV,"MF,FW",Charlotte,33-155,1992,6,6,531,5.9,2,1,3,2,0,0,5,0,0.34,0.17,0.51,0.34,0.51,Matches,0.13,0.22,15,9,60.0,1.53,2.54,,,,,,,,,,,,,,,,,,,Major League Soccer,2026
6f219f20,Bryan Zamblé,Bryan Zamblé,ci CIV,FW,San Diego FC,18-054,2008,4,1,98,1.1,1,0,1,1,0,0,0,0,0.92,0.00,0.92,0.92,0.92,Matches,1.00,1.00,1,1,100.0,0.92,0.92,,,,,,,,,,,,,,,,,,,Major League Soccer,2026
380ee265,Sean Zawadzki,Sean Zawadzki,us USA,"DF,MF",Columbus Crew,25-358,2000,7,7,630,7.0,0,0,0,0,0,0,2,0,0.00,0.00,0.00,0.00,0.00,Matches,0.00,0.00,3,1,33.3,0.14,0.43,,,,,,,,,,,,,,,,,,,Major League Soccer,2026
220fa883,Walker Zimmerman,Walker Zimmerman,us USA,DF,Toronto FC,32-330,1993,6,6,487,5.4,1,0,1,1,0,0,2,0,0.18,0.00,0.18,0.18,0.18,Matches,0.14,1.00,7,1,14.3,0.18,1.29,,,,,,,,,,,,,,,,,,,Major League Soccer,2026
a5ea254c,Philip Zinckernagel,Philip Zinckernagel,dk DEN,"MF,FW",Chicago Fire,31-119,1994,7,7,565,6.3,1,0,1,1,0,0,4,0,0.16,0.00,0.16,0.16,0.16,Matches,0.07,0.33,15,3,20.0,0.48,2.39,,,,,,,,,,,,,,,,,,,Major League Soccer,2026
0cbe2ba8,Mateja Đorđević,Mateja Đorđević,rs SRB,DF,Austin FC,23-087,2003,1,0,21,0.2,0,0,0,0,0,0,0,0,0.00,0.00,0.00,0.00,0.00,Matches,,,0,0,,0.00,0.00,,,,,,,,,,,,,,,,,,,Major League Soccer,2026
c644e140,Justin Haak,us USA,"DF,MF",23,34,34,"3,008",33.4,1,4,5,1,0,0,6,0,0.03,0.12,0.15,0.03,0.15,Matches,Major League Soccer,2025
f99f37fc,Maximiliano Moralez,ar ARG,MF,37,34,34,"2,744",30.5,2,7,9,2,0,0,6,0,0.07,0.23,0.30,0.07,0.30,Matches,Major League Soccer,2025
be42a291,Hannes Wolf,at AUT,MF,25,33,32,"2,630",29.2,11,5,16,11,0,0,2,0,0.38,0.17,0.55,0.38,0.55,Matches,Major League Soccer,2025
2f49476c,Matt Freese,us USA,GK,26,31,31,"2,766",30.7,0,0,0,0,0,0,3,0,0.00,0.00,0.00,0.00,0.00,Matches,Major League Soccer,2025
4d6ec370,Thiago Martins,br BRA,DF,29,31,30,"2,698",30.0,1,0,1,1,0,0,1,0,0.03,0.00,0.03,0.03,0.03,Matches,Major League Soccer,2025
20de0b83,Alonso Martínez,cr CRC,FW,26,30,29,"2,496",27.7,17,1,18,12,5,7,2,0,0.61,0.04,0.65,0.43,0.47,Matches,Major League Soccer,2025
72a0f655,Kevin O'Toole,ie IRL,"DF,MF",26,26,22,"1,893",21.0,1,1,2,1,0,0,7,1,0.05,0.05,0.10,0.05,0.10,Matches,Major League Soccer,2025
c839e1b2,Tayvon Gray,jm JAM,DF,22,26,22,"1,756",19.5,0,0,0,0,0,0,5,0,0.00,0.00,0.00,0.00,0.00,Matches,Major League Soccer,2025
7e1dbecf,Andrés Perea,us USA,MF,24,24,20,"1,665",18.5,3,1,4,3,0,0,7,0,0.16,0.05,0.22,0.16,0.22,Matches,Major League Soccer,2025
c7aee75b,Aiden O'Neill,au AUS,MF,26,20,17,"1,506",16.7,0,0,0,0,0,0,4,0,0.00,0.00,0.00,0.00,0.00,Matches,Major League Soccer,2025
83572e83,Julián Fernández,ar ARG,"MF,FW",21,32,14,"1,411",15.7,3,5,8,3,0,0,6,0,0.19,0.32,0.51,0.19,0.51,Matches,Major League Soccer,2025
7cf7d4dd,Jonathan Shore,us USA,MF,17,28,14,"1,398",15.5,1,0,1,1,0,0,1,0,0.06,0.00,0.06,0.06,0.06,Matches,Major League Soccer,2025
0dfc20ce,Agustin Ojeda,ar ARG,MF,20,34,12,"1,344",14.9,0,5,5,0,0,0,1,0,0.00,0.33,0.33,0.00,0.33,Matches,Major League Soccer,2025
c70b221c,Birk Risa,no NOR,DF,26,17,12,"1,057",11.7,0,0,0,0,0,0,1,0,0.00,0.00,0.00,0.00,0.00,Matches,Major League Soccer,2025
9694c407,Mitja Ilenič,si SVN,DF,20,19,10,"1,092",12.1,2,2,4,2,0,0,1,0,0.16,0.16,0.33,0.16,0.33,Matches,Major League Soccer,2025
3409de86,Nicolás Ezequiel Fernández,ar ARG,"MF,FW",25,11,10,883,9.8,3,1,4,3,0,0,2,0,0.31,0.10,0.41,0.31,0.41,Matches,Major League Soccer,2025
77986763,Keaton Parks,us USA,"MF,DF",27,14,10,880,9.8,1,2,3,1,0,0,3,0,0.10,0.20,0.31,0.10,0.31,Matches,Major League Soccer,2025
618ab91f,Strahinja Tanasijević,rs SRB,DF,27,14,6,612,6.8,0,0,0,0,0,0,3,0,0.00,0.00,0.00,0.00,0.00,Matches,Major League Soccer,2025
8b379fcd,Monsef Bakrar,dz ALG,"FW,MF",24,21,5,601,6.7,2,0,2,2,0,0,1,0,0.30,0.00,0.30,0.30,0.30,Matches,Major League Soccer,2025
79af412b,Raul Gustavo,br BRA,DF,25,5,5,419,4.7,0,1,1,0,0,0,0,0,0.00,0.21,0.21,0.00,0.21,Matches,Major League Soccer,2025
3349dcba,Tomas Romero,sv SLV,GK,24,4,3,294,3.3,0,0,0,0,0,0,0,0,0.00,0.00,0.00,0.00,0.00,Matches,Major League Soccer,2025
290d5b58,Nico Cavallo,us USA,DF,23,15,2,319,3.5,0,0,0,0,0,0,1,0,0.00,0.00,0.00,0.00,0.00,Matches,Major League Soccer,2025
39b3e9d4,Maxi Carrizo,us USA,MF,16,5,0,89,1.0,0,0,0,0,0,0,0,0,0.00,0.00,0.00,0.00,0.00,Matches,Major League Soccer,2025
2d164f37,Seymour Reid,jm JAM,FW,16,9,0,80,0.9,1,0,1,1,0,0,0,0,1.13,0.00,1.13,1.13,1.13,Matches,Major League Soccer,2025
22cfe245,Sebastiano Musu,it ITA,FW,24,1,0,14,0.2,0,0,0,0,0,0,0,0,0.00,0.00,0.00,0.00,0.00,Matches,Major League Soccer,2025
9abfaed6,Prince Amponsah,us USA,DF,21,0,0,,,,,,,,,,,,,,,,Matches,Major League Soccer,2025
9e80b378,Drew Baiera,us USA,DF,17,0,0,,,,,,,,,,,,,,,,Matches,Major League Soccer,2025
30aa12e2,Peter Molinari,us USA,MF,16,0,0,,,,,,,,,,,,,,,,Matches,Major League Soccer,2025
a30fed59,Max Murray,us USA,DF,22,0,0,,,,,,,,,,,,,,,,Matches,Major League Soccer,2025
075d989a,Alexander Rando,us USA,GK,23,0,0,,,,,,,,,,,,,,,,Matches,Major League Soccer,2025
4b1cbf4d,Greg Ranjitsingh,tt TRI,GK,31,0,0,,,,,,,,,,,,,,,,Matches,Major League Soccer,2025
2acfe487,Zidane Yañez,cl CHI,FW,17,0,0,,,,,,,,,,,,,,,,Matches,Major League Soccer,2025
fdc715d9,Kai Wagner,de GER,DF,27,32,30,"2,769",30.8,2,10,12,2,0,0,5,0,0.07,0.33,0.39,0.07,0.39,Matches,Major League Soccer,2025
ac65aef3,Jakob Glesnes,no NOR,DF,30,31,30,"2,624",29.2,1,1,2,1,0,0,10,0,0.03,0.03,0.07,0.03,0.07,Matches,Major League Soccer,2025
90268125,Jovan Lukić,rs SRB,MF,23,32,30,"2,617",29.1,2,2,4,2,0,0,9,1,0.07,0.07,0.14,0.07,0.14,Matches,Major League Soccer,2025
59fcbd6d,Danley Jean-Jacques,ht HAI,MF,24,31,26,"2,358",26.2,3,3,6,3,0,0,6,0,0.11,0.11,0.23,0.11,0.23,Matches,Major League Soccer,2025
92f62cfe,Quinn Sullivan,us USA,MF,20,28,24,"1,955",21.7,2,7,9,2,0,1,3,0,0.09,0.32,0.41,0.09,0.41,Matches,Major League Soccer,2025
1627e6b5,Olwethu Makhanya,za RSA,DF,20,29,23,"2,147",23.9,1,0,1,1,0,0,9,2,0.04,0.00,0.04,0.04,0.04,Matches,Major League Soccer,2025
b3edbeff,Nathan Harriel,us USA,DF,23,25,23,"2,099",23.3,2,0,2,2,0,0,7,0,0.09,0.00,0.09,0.09,0.09,Matches,Major League Soccer,2025
47546af8,Bruno Damiani,uy URU,FW,22,33,23,"2,030",22.6,7,1,8,6,1,2,6,0,0.31,0.04,0.35,0.27,0.31,Matches,Major League Soccer,2025
04e195ee,Indiana Vassilev,us USA,MF,23,31,21,"1,964",21.8,5,2,7,5,0,0,2,0,0.23,0.09,0.32,0.23,0.32,Matches,Major League Soccer,2025
b3b21a11,Andre Blake,jm JAM,GK,34,21,21,"1,827",20.3,0,0,0,0,0,0,0,0,0.00,0.00,0.00,0.00,0.00,Matches,Major League Soccer,2025
18a8e594,Tai Baribo,il ISR,FW,27,29,20,"1,867",20.7,16,2,18,15,1,1,7,0,0.77,0.10,0.87,0.72,0.82,Matches,Major League Soccer,2025
4cafc4bb,Francis Westfield,us USA,"DF,MF",19,25,18,"1,728",19.2,1,3,4,1,0,0,5,1,0.05,0.16,0.21,0.05,0.21,Matches,Major League Soccer,2025
be84c466,Mikael Uhre,dk DEN,FW,30,29,16,"1,325",14.7,6,6,12,6,0,0,3,0,0.41,0.41,0.82,0.41,0.82,Matches,Major League Soccer,2025
125b66d4,Andrew Rick,us USA,GK,19,14,13,"1,233",13.7,0,0,0,0,0,0,1,0,0.00,0.00,0.00,0.00,0.00,Matches,Major League Soccer,2025
b5687b08,Jesús Daniel Bueno,ve VEN,MF,25,20,11,906,10.1,1,0,1,1,0,0,3,0,0.10,0.00,0.10,0.10,0.10,Matches,Major League Soccer,2025
9a6f8dfd,Alejandro Bedoya,us USA,"MF,DF",37,24,9,749,8.3,1,1,2,1,0,0,4,0,0.12,0.12,0.24,0.12,0.24,Matches,Major League Soccer,2025
4f87c75f,Milan Iloski,us USA,"MF,FW",25,9,7,595,6.6,2,4,6,2,0,0,1,0,0.30,0.61,0.91,0.30,0.91,Matches,Major League Soccer,2025
8f995d10,Christopher Donovan,us USA,"FW,MF",24,20,6,545,6.1,0,0,0,0,0,0,0,0,0.00,0.00,0.00,0.00,0.00,Matches,Major League Soccer,2025
527d0e31,Dániel Gazdag,hu HUN,"MF,FW",28,6,6,494,5.5,2,2,4,2,0,0,1,0,0.36,0.36,0.73,0.36,0.73,Matches,Major League Soccer,2025
f6315619,Olivier Mbaizo,cm CMR,DF,27,9,6,483,5.4,0,0,0,0,0,0,2,0,0.00,0.00,0.00,0.00,0.00,Matches,Major League Soccer,2025
bc307884,Ben Bender,us USA,MF,23,7,4,321,3.6,0,0,0,0,0,0,3,0,0.00,0.00,0.00,0.00,0.00,Matches,Major League Soccer,2025
7298c545,Ian Glavinovich,ar ARG,DF,23,4,3,257,2.9,1,0,1,1,0,0,1,0,0.35,0.00,0.35,0.35,0.35,Matches,Major League Soccer,2025
ca9ccbf2,Jeremy Rafanello,us USA,MF,24,15,2,287,3.2,0,0,0,0,0,0,0,0,0.00,0.00,0.00,0.00,0.00,Matches,Major League Soccer,2025
0ddabe9e,Cavan Sullivan,us USA,MF,15,11,1,221,2.5,0,0,0,0,0,0,1,0,0.00,0.00,0.00,0.00,0.00,Matches,Major League Soccer,2025
c76e16c1,Markus Anderson,us USA,FW,21,3,1,100,1.1,1,0,1,1,0,0,0,0,0.90,0.00,0.90,0.90,0.90,Matches,Major League Soccer,2025
9a7ef5ae,Salvador Olivas,us USA,FW,18,3,0,47,0.5,0,0,0,0,0,0,1,0,0.00,0.00,0.00,0.00,0.00,Matches,Major League Soccer,2025
b229cdc3,Neil Pierre,us USA,DF,17,1,0,21,0.2,0,0,0,0,0,0,0,0,0.00,0.00,0.00,0.00,0.00,Matches,Major League Soccer,2025
60419133,David Vazquez,us USA,FW,18,1,0,20,0.2,0,0,0,0,0,0,0,0,0.00,0.00,0.00,0.00,0.00,Matches,Major League Soccer,2025
cd18ff76,Edward Davis,us USA,MF,18,1,0,3,0.0,0,0,0,0,0,0,0,0,0.00,0.00,0.00,0.00,0.00,Matches,Major League Soccer,2025
7215d294,Pierce Holbrook,us USA,GK,21,0,0,,,,,,,,,,,,,,,,Matches,Major League Soccer,2025
1c3655bc,Stas Korzeniowski,us USA,FW,22,0,0,,,,,,,,,,,,,,,,Matches,Major League Soccer,2025
fc604b1f,Isaiah LeFlore,us USA,MF,22,0,0,,,,,,,,,,,,,,,,Matches,Major League Soccer,2025
e75f9dba,George Marks,us USA,GK,25,0,0,,,,,,,,,,,,,,,,Matches,Major League Soccer,2025
aeab5ed2,Christopher Olney,us USA,MF,18,0,0,,,,,,,,,,,,,,,,Matches,Major League Soccer,2025
231073fa,Nick Pariano,us USA,MF,21,0,0,,,,,,,,,,,,,,,,Matches,Major League Soccer,2025
19a94252,Nelson Pierre,ht HAI,FW,19,0,0,,,,,,,,,,,,,,,,Matches,Major League Soccer,2025
2ead66a4,Oliver Semmle,de GER,GK,26,0,0,,,,,,,,,,,,,,,,Matches,Major League Soccer,2025
06dafc0e,David Ayala,ar ARG,MF,22,33,32,"2,624",29.2,2,1,3,2,0,0,4,0,0.07,0.03,0.10,0.07,0.10,Matches,Major League Soccer,2025
016e419b,Finn Surman,nz NZL,DF,21,31,31,"2,720",30.2,0,0,0,0,0,0,2,0,0.00,0.00,0.00,0.00,0.00,Matches,Major League Soccer,2025
59948ef7,David Costa,pt POR,"MF,FW",24,32,28,"2,514",27.9,4,6,10,4,0,0,2,0,0.14,0.21,0.36,0.14,0.36,Matches,Major League Soccer,2025
bb18b3b6,Juan David Mosquera,co COL,"DF,MF",22,28,26,"2,266",25.2,1,2,3,1,0,0,2,0,0.04,0.08,0.12,0.04,0.12,Matches,Major League Soccer,2025
6a2381f7,Antony,br BRA,MF,23,28,26,"2,202",24.5,7,5,12,7,0,0,5,0,0.29,0.20,0.49,0.29,0.49,Matches,Major League Soccer,2025
faf827ca,Jimer Fory,co COL,"DF,MF",22,26,23,"2,061",22.9,0,2,2,0,0,0,9,0,0.00,0.09,0.09,0.00,0.09,Matches,Major League Soccer,2025
0646bd8a,Kamal Miller,ca CAN,DF,27,24,23,"1,880",20.9,1,0,1,1,0,0,5,1,0.05,0.00,0.05,0.05,0.05,Matches,Major League Soccer,2025
3261d0e4,Santiago Moreno,co COL,MF,24,22,20,"1,696",18.8,4,5,9,4,0,0,1,0,0.21,0.27,0.48,0.21,0.48,Matches,Major League Soccer,2025
f4b0ea46,Felipe Mora,cl CHI,FW,31,33,20,"1,664",18.5,5,3,8,4,1,2,4,0,0.27,0.16,0.43,0.22,0.38,Matches,Major League Soccer,2025
901408ac,James Pantemis,ca CAN,GK,27,19,19,"1,710",19.0,0,0,0,0,0,0,0,0,0.00,0.00,0.00,0.00,0.00,Matches,Major League Soccer,2025
136958ad,Kevin Kelsy,ve VEN,FW,20,33,17,"1,605",17.8,7,1,8,6,1,1,3,0,0.39,0.06,0.45,0.34,0.39,Matches,Major League Soccer,2025
c6f99e42,Dario Župarić,ba BIH,DF,32,19,17,"1,568",17.4,0,0,0,0,0,0,4,0,0.00,0.00,0.00,0.00,0.00,Matches,Major League Soccer,2025
97ec94a5,Julio Joao Ortíz,ec ECU,MF,28,20,17,"1,106",12.3,0,0,0,0,0,0,4,0,0.00,0.00,0.00,0.00,0.00,Matches,Major League Soccer,2025
ea42e480,Maxime Crépeau,ca CAN,GK,30,15,15,"1,350",15.0,0,0,0,0,0,0,0,0,0.00,0.00,0.00,0.00,0.00,Matches,Major League Soccer,2025
80a9110c,Ian Smith,us USA,"DF,MF",22,20,11,"1,025",11.4,1,1,2,1,0,0,4,0,0.09,0.09,0.18,0.09,0.18,Matches,Major League Soccer,2025
6260cc9d,Diego Chará,co COL,MF,38,27,10,"1,195",13.3,0,1,1,0,0,0,3,0,0.00,0.08,0.08,0.00,0.08,Matches,Major League Soccer,2025
0d8a2551,Cristhian Paredes,py PAR,MF,26,29,8,"1,016",11.3,2,0,2,2,0,0,7,0,0.18,0.00,0.18,0.18,0.18,Matches,Major League Soccer,2025
c5c1627c,Kristoffer Velde,no NOR,"MF,FW",25,8,8,651,7.2,0,2,2,0,0,0,1,0,0.00,0.28,0.28,0.00,0.28,Matches,Major League Soccer,2025
f2416544,Matías Rojas,py PAR,MF,29,7,5,352,3.9,1,0,1,1,0,0,0,0,0.26,0.00,0.26,0.26,0.26,Matches,Major League Soccer,2025
bd7b916c,Ariel Lassiter,cr CRC,"MF,FW",30,21,4,531,5.9,0,1,1,0,0,0,2,0,0.00,0.17,0.17,0.00,0.17,Matches,Major League Soccer,2025
c0593f5d,Eric Miller,us USA,DF,32,16,3,436,4.8,0,0,0,0,0,0,0,0,0.00,0.00,0.00,0.00,0.00,Matches,Major League Soccer,2025
622986f0,Omir Fernandez,us USA,MF,25,18,3,426,4.7,1,0,1,1,0,0,0,0,0.21,0.00,0.21,0.21,0.21,Matches,Major League Soccer,2025
5619c5e8,Claudio Bravo,ar ARG,DF,27,8,3,330,3.7,0,0,0,0,0,0,1,0,0.00,0.00,0.00,0.00,0.00,Matches,Major League Soccer,2025
83129dc7,Zac McGraw,ca CAN,DF,27,4,3,242,2.7,0,0,0,0,0,0,2,0,0.00,0.00,0.00,0.00,0.00,Matches,Major League Soccer,2025
a9af351a,Felipe Carballo,uy URU,MF,28,2,2,123,1.4,0,0,0,0,0,0,0,0,0.00,0.00,0.00,0.00,0.00,Matches,Major League Soccer,2025
86ca9bca,Jonathan Rodríguez,uy URU,"FW,MF",31,6,0,154,1.7,1,1,2,0,1,1,2,0,0.58,0.58,1.17,0.00,0.58,Matches,Major League Soccer,2025
b34c473e,Gage Guerra,us USA,FW,22,6,0,133,1.5,0,0,0,0,0,0,0,0,0.00,0.00,0.00,0.00,0.00,Matches,Major League Soccer,2025
c505d8b0,Sawyer Jura,us USA,DF,18,0,0,,,,,,,,,,,,,,,,Matches,Major League Soccer,2025
47491d74,Kyle Linhares,us USA,MF,22,0,0,,,,,,,,,,,,,,,,Matches,Major League Soccer,2025
20e26ab3,Trey Muse,us USA,GK,25,0,0,,,,,,,,,,,,,,,,Matches,Major League Soccer,2025
614eca9b,Marcel Hartel,de GER,"MF,FW",29,34,34,"3,022",33.6,9,4,13,8,1,1,1,0,0.27,0.12,0.39,0.24,0.36,Matches,Major League Soccer,2025
f5ae006d,Klauss,br BRA,FW,27,33,29,"2,411",26.8,10,2,12,10,0,0,4,0,0.37,0.07,0.45,0.37,0.45,Matches,Major League Soccer,2025
443a4bb2,Conrad Wallem,no NOR,"MF,DF",24,32,28,"2,419",26.9,1,2,3,1,0,0,7,1,0.04,0.07,0.11,0.04,0.11,Matches,Major League Soccer,2025
9d12e142,Roman Bürki,ch SUI,GK,34,25,25,"2,250",25.0,0,0,0,0,0,0,1,0,0.00,0.00,0.00,0.00,0.00,Matches,Major League Soccer,2025
bd7d2e6d,Timo Baumgartl,de GER,DF,28,22,20,"1,754",19.5,0,1,1,0,0,0,4,0,0.00,0.05,0.05,0.00,0.05,Matches,Major League Soccer,2025
e16db703,Kyle Hiebert,ca CAN,"DF,MF",27,22,19,"1,692",18.8,1,1,2,1,0,0,3,0,0.05,0.05,0.11,0.05,0.11,Matches,Major League Soccer,2025
f956479d,Cedric Teuchert,de GER,"FW,MF",28,22,17,"1,238",13.8,3,1,4,3,0,0,1,0,0.22,0.07,0.29,0.22,0.29,Matches,Major League Soccer,2025
b7cc83e3,Célio Pompeu,br BRA,"MF,FW",25,28,16,"1,478",16.4,2,3,5,2,0,0,3,0,0.12,0.18,0.30,0.12,0.30,Matches,Major League Soccer,2025
70678132,Eduard Löwen,de GER,MF,28,19,16,"1,398",15.5,6,3,9,3,3,3,6,1,0.39,0.19,0.58,0.19,0.39,Matches,Major League Soccer,2025
23c75879,Henry Kessler,us USA,DF,26,17,15,"1,374",15.3,0,1,1,0,0,0,2,0,0.00,0.07,0.07,0.00,0.07,Matches,Major League Soccer,2025
1c595d53,Akil Watts,us USA,MF,24,22,14,"1,418",15.8,1,0,1,1,0,0,1,0,0.06,0.00,0.06,0.06,0.06,Matches,Major League Soccer,2025
672f4300,Joshua Yaro,gh GHA,DF,30,18,14,"1,267",14.1,1,0,1,1,0,0,1,0,0.07,0.00,0.07,0.07,0.07,Matches,Major League Soccer,2025
0ffd4373,Chris Durkin,us USA,MF,24,18,14,"1,104",12.3,0,1,1,0,0,0,4,1,0.00,0.08,0.08,0.00,0.08,Matches,Major League Soccer,2025
3ba95f20,Tomáš Ostrák,cz CZE,MF,24,23,13,"1,016",11.3,1,2,3,1,0,0,4,0,0.09,0.18,0.27,0.09,0.27,Matches,Major League Soccer,2025
8bb174fc,Tomas Totland,no NOR,"DF,MF",25,17,12,"1,072",11.9,0,1,1,0,0,0,0,0,0.00,0.08,0.08,0.00,0.08,Matches,Major League Soccer,2025
bc921182,Simon Becher,us USA,"MF,FW",25,32,11,"1,249",13.9,3,2,5,3,0,0,4,0,0.22,0.14,0.36,0.22,0.36,Matches,Major League Soccer,2025
ff45add5,Alfredo Morales,us USA,MF,34,25,11,"1,102",12.2,0,2,2,0,0,0,6,1,0.00,0.16,0.16,0.00,0.16,Matches,Major League Soccer,2025
abe9908a,Benjamin Lundt,de GER,GK,29,9,9,810,9.0,0,0,0,0,0,0,1,0,0.00,0.00,0.00,0.00,0.00,Matches,Major League Soccer,2025
004b090e,Devin Padelford,us USA,DF,22,10,9,748,8.3,0,1,1,0,0,0,0,0,0.00,0.12,0.12,0.00,0.12,Matches,Major League Soccer,2025
2b83fa49,Jannes Horn,de GER,"DF,MF",27,9,9,719,8.0,0,1,1,0,0,0,2,0,0.00,0.13,0.13,0.00,0.13,Matches,Major League Soccer,2025
f6fca8c6,Jeong Sangbin,kr KOR,"MF,FW",22,9,9,633,7.0,1,1,2,1,0,0,1,0,0.14,0.14,0.28,0.14,0.28,Matches,Major League Soccer,2025
2c8a91b9,Fallou Fall,sn SEN,DF,20,8,6,589,6.5,0,1,1,0,0,0,1,0,0.00,0.15,0.15,0.00,0.15,Matches,Major League Soccer,2025
46af4656,Jaziel Orozco,us USA,DF,20,7,6,531,5.9,1,0,1,1,0,0,1,0,0.17,0.00,0.17,0.17,0.17,Matches,Major League Soccer,2025
ed39ab4a,Jake Girdwood-Reich,au AUS,"DF,MF",20,10,5,495,5.5,0,0,0,0,0,0,0,0,0.00,0.00,0.00,0.00,0.00,Matches,Major League Soccer,2025
24ec625a,Jayden Reid,us USA,DF,23,8,5,452,5.0,0,0,0,0,0,0,3,0,0.00,0.00,0.00,0.00,0.00,Matches,Major League Soccer,2025
9a01d4ba,Brendan McSorley,us USA,"MF,FW",22,8,2,277,3.1,2,1,3,2,0,0,1,0,0.65,0.32,0.97,0.65,0.97,Matches,Major League Soccer,2025
52de007c,Joseph Zalinsky,us USA,DF,22,7,2,221,2.5,0,0,0,0,0,0,2,0,0.00,0.00,0.00,0.00,0.00,Matches,Major League Soccer,2025
c562c5b4,Joakim Nilsson,se SWE,DF,30,6,2,133,1.5,0,0,0,0,0,0,0,0,0.00,0.00,0.00,0.00,0.00,Matches,Major League Soccer,2025
50c9bf12,Mykhi Joyner,us USA,MF,18,13,1,370,4.1,1,0,1,1,0,0,2,0,0.24,0.00,0.24,0.24,0.24,Matches,Major League Soccer,2025
7c2c2c0b,Michael Wentzel,de GER,DF,22,2,1,97,1.1,0,0,0,0,0,0,1,0,0.00,0.00,0.00,0.00,0.00,Matches,Major League Soccer,2025
15d561fa,Xande Silva,pt POR,"FW,MF",27,11,0,215,2.4,0,0,0,0,0,0,1,0,0.00,0.00,0.00,0.00,0.00,Matches,Major League Soccer,2025
408ac2de,Tyson Pearce,us USA,MF,17,2,0,30,0.3,0,0,0,0,0,0,0,0,0.00,0.00,0.00,0.00,0.00,Matches,Major League Soccer,2025
840753cc,Seth Antwi,gh GHA,MF,25,2,0,15,0.2,0,0,0,0,0,0,0,0,0.00,0.00,0.00,0.00,0.00,Matches,Major League Soccer,2025
78506575,Rasmus Alm,se SWE,"FW,MF",29,1,0,8,0.1,0,0,0,0,0,0,0,0,0.00,0.00,0.00,0.00,0.00,Matches,Major League Soccer,2025
ed9e7981,Cam Cilley,us USA,MF,24,0,0,,,,,,,,,,,,,,,,Matches,Major League Soccer,2025
bfa47345,Emil Jääskeläinen,fi FIN,FW,23,0,0,,,,,,,,,,,,,,,,Matches,Major League Soccer,2025
730dfee1,Christian Olivares,us USA,GK,22,0,0,,,,,,,,,,,,,,,,Matches,Major League Soccer,2025
c164335e,Sean Johnson,us USA,GK,35,31,31,"2,790",31.0,0,0,0,0,0,0,1,0,0.00,0.00,0.00,0.00,0.00,Matches,Major League Soccer,2025
5777eca0,Sigurd Rosted,no NOR,DF,30,31,27,"2,532",28.1,1,1,2,1,0,0,2,0,0.04,0.04,0.07,0.04,0.07,Matches,Major League Soccer,2025
25b82f9a,Theo Corbeanu,ca CAN,"MF,FW",22,32,26,"2,300",25.6,6,2,8,5,1,1,2,0,0.23,0.08,0.31,0.20,0.27,Matches,Major League Soccer,2025
00eb5be4,Alonso Coello,es ESP,MF,25,31,24,"2,168",24.1,1,0,1,1,0,0,4,1,0.04,0.00,0.04,0.04,0.04,Matches,Major League Soccer,2025
517bef8b,Kosi Thompson,ca CAN,DF,22,28,23,"2,119",23.5,0,0,0,0,0,0,8,0,0.00,0.00,0.00,0.00,0.00,Matches,Major League Soccer,2025
5a4280b1,Kevin Long,ie IRL,DF,34,24,23,"1,887",21.0,0,0,0,0,0,0,6,0,0.00,0.00,0.00,0.00,0.00,Matches,Major League Soccer,2025
90f3beec,Raoul Petretta,it ITA,DF,27,25,22,"1,843",20.5,0,0,0,0,0,0,6,0,0.00,0.00,0.00,0.00,0.00,Matches,Major League Soccer,2025
70106ff6,Jonathan Osorio,ca CAN,MF,32,24,21,"1,920",21.3,4,1,5,4,0,0,1,0,0.19,0.05,0.23,0.19,0.23,Matches,Major League Soccer,2025
ffe5ecdb,Ola Brynhildsen,no NOR,FW,25,21,18,"1,335",14.8,2,1,3,2,0,0,0,0,0.13,0.07,0.20,0.13,0.20,Matches,Major League Soccer,2025
45cc6e15,Deybi Flores,hn HON,MF,28,19,16,"1,360",15.1,2,2,4,2,0,0,5,0,0.13,0.13,0.26,0.13,0.26,Matches,Major League Soccer,2025
1fe2c2e0,Maxime Dominguez,ch SUI,MF,28,24,15,"1,415",15.7,0,1,1,0,0,0,5,0,0.00,0.06,0.06,0.00,0.06,Matches,Major League Soccer,2025
ee93c1a9,Federico Bernardeschi,it ITA,"MF,FW",30,15,15,"1,298",14.4,4,3,7,3,1,1,5,0,0.28,0.21,0.49,0.21,0.42,Matches,Major League Soccer,2025
276fdbe4,Richie Laryea,ca CAN,"DF,MF",30,17,14,"1,251",13.9,1,1,2,1,0,0,4,0,0.07,0.07,0.14,0.07,0.14,Matches,Major League Soccer,2025
c0027d2d,Matthew Longstaff,eng ENG,MF,24,17,11,906,10.1,0,1,1,0,0,0,3,0,0.00,0.10,0.10,0.00,0.10,Matches,Major League Soccer,2025
59059f1e,Derrick Etienne,ht HAI,"MF,FW",28,25,10,987,11.0,0,2,2,0,0,0,2,0,0.00,0.18,0.18,0.00,0.18,Matches,Major League Soccer,2025
83cf9719,Djordje Mihailovic,us USA,"MF,FW",26,10,10,886,9.8,4,2,6,4,0,1,2,0,0.41,0.20,0.61,0.41,0.61,Matches,Major League Soccer,2025
2f557579,Lorenzo Insigne,it ITA,"MF,FW",33,12,10,861,9.6,1,2,3,1,0,0,1,0,0.10,0.21,0.31,0.10,0.31,Matches,Major League Soccer,2025
a3e85f7b,Deandre Kerr,ca CAN,FW,22,20,8,879,9.8,4,0,4,4,0,0,1,0,0.41,0.00,0.41,0.41,0.41,Matches,Major League Soccer,2025
407325c4,Kobe Franklin,ca CAN,DF,21,15,8,785,8.7,0,0,0,0,0,0,2,0,0.00,0.00,0.00,0.00,0.00,Matches,Major League Soccer,2025
685576cf,Tyrese Spicer,tt TRI,"MF,FW",24,21,7,867,9.6,2,0,2,2,0,0,1,0,0.21,0.00,0.21,0.21,0.21,Matches,Major League Soccer,2025
7745640e,Zane Monlouis,eng ENG,DF,21,10,6,514,5.7,0,0,0,0,0,0,0,0,0.00,0.00,0.00,0.00,0.00,Matches,Major League Soccer,2025
8c8c07a7,José Cifuentes,ec ECU,MF,25,7,6,487,5.4,0,1,1,0,0,0,0,0,0.00,0.18,0.18,0.00,0.18,Matches,Major League Soccer,2025
3c2d167e,Nicksoen Gomis,fr FRA,DF,22,6,6,479,5.3,0,0,0,0,0,0,0,0,0.00,0.00,0.00,0.00,0.00,Matches,Major League Soccer,2025
0362c29e,Henry Wingo,us USA,"DF,MF",29,6,5,278,3.1,0,0,0,0,0,0,0,0,0.00,0.00,0.00,0.00,0.00,Matches,Major League Soccer,2025
681fad6a,Lazar Stefanovic,ca CAN,DF,18,14,4,576,6.4,0,0,0,0,0,0,0,0,0.00,0.00,0.00,0.00,0.00,Matches,Major League Soccer,2025
76c220e0,Luka Gavran,ca CAN,GK,24,3,3,270,3.0,0,0,0,0,0,0,0,0,0.00,0.00,0.00,0.00,0.00,Matches,Major League Soccer,2025
b781b6bf,Markus Cimermancic,ca CAN,MF,20,9,3,258,2.9,0,0,0,0,0,0,0,0,0.00,0.00,0.00,0.00,0.00,Matches,Major League Soccer,2025
6ef6e9ce,Jules-Anthony Vilsaint,ca CAN,FW,22,7,1,179,2.0,1,0,1,1,0,0,1,0,0.50,0.00,0.50,0.50,0.50,Matches,Major League Soccer,2025
662cccf1,Charles Sharp,us USA,FW,23,6,1,106,1.2,0,1,1,0,0,0,1,0,0.00,0.85,0.85,0.00,0.85,Matches,Major League Soccer,2025
c047f6aa,Malik Henry,ca CAN,MF,22,9,0,118,1.3,0,1,1,0,0,0,2,0,0.00,0.76,0.76,0.00,0.76,Matches,Major League Soccer,2025
73d2381c,Michael Sullivan,us USA,MF,21,1,0,5,0.1,0,0,0,0,0,0,0,0,0.00,0.00,0.00,0.00,0.00,Matches,Major League Soccer,2025
1e72f1ad,Adisa De Rosario,ca CAN,GK,20,0,0,,,,,,,,,,,,,,,,Matches,Major League Soccer,2025
047df27d,Nathaniel Edwards,ca CAN,DF,22,0,0,,,,,,,,,,,,,,,,Matches,Major League Soccer,2025
88ec2682,Reid Fisher,us USA,MF,20,0,0,,,,,,,,,,,,,,,,Matches,Major League Soccer,2025
6a1940d5,Brad Stuver,us USA,GK,33,34,34,"3,060",34.0,0,0,0,0,0,0,3,0,0.00,0.00,0.00,0.00,0.00,Matches,Major League Soccer,2025
b807c1dc,Brendan Hines-Ike,us USA,DF,30,31,31,"2,761",30.7,0,1,1,0,0,0,4,1,0.00,0.03,0.03,0.00,0.03,Matches,Major League Soccer,2025
02c7236e,Guilherme Biro,br BRA,DF,24,32,31,"2,623",29.1,3,1,4,3,0,0,7,0,0.10,0.03,0.14,0.10,0.14,Matches,Major League Soccer,2025
9edc70d6,Owen Wolff,us USA,"MF,FW",20,34,31,"2,585",28.7,7,7,14,7,0,0,5,0,0.24,0.24,0.49,0.24,0.49,Matches,Major League Soccer,2025
eab85789,Osman Bukari,gh GHA,"MF,FW",26,33,27,"2,318",25.8,3,3,6,3,0,0,2,0,0.12,0.12,0.23,0.12,0.23,Matches,Major League Soccer,2025
b70be510,Oleksandr Svatok,ua UKR,DF,30,29,25,"2,371",26.3,1,0,1,1,0,0,5,0,0.04,0.00,0.04,0.04,0.04,Matches,Major League Soccer,2025
9d5afdfb,Jon Gallagher,ie IRL,"DF,MF",28,34,25,"2,354",26.2,1,0,1,1,0,0,3,0,0.04,0.00,0.04,0.04,0.04,Matches,Major League Soccer,2025
b8862e65,Daniel Pereira,ve VEN,MF,24,27,23,"2,071",23.0,1,3,4,1,0,0,8,0,0.04,0.13,0.17,0.04,0.17,Matches,Major League Soccer,2025
01da7812,Myrto Uzuni,al ALB,FW,29,27,23,"2,064",22.9,6,3,9,6,0,0,3,0,0.26,0.13,0.39,0.26,0.39,Matches,Major League Soccer,2025
72979f65,Ilie Sánchez,es ESP,MF,34,26,20,"1,641",18.2,1,0,1,1,0,0,6,0,0.05,0.00,0.05,0.05,0.05,Matches,Major League Soccer,2025
6fde84aa,Besard Sabovic,se SWE,MF,27,32,19,"1,759",19.5,1,0,1,1,0,0,7,0,0.05,0.00,0.05,0.05,0.05,Matches,Major League Soccer,2025
c570cf22,Brandon Vazquez,us USA,FW,26,19,19,"1,599",17.8,5,0,5,4,1,2,3,0,0.28,0.00,0.28,0.23,0.23,Matches,Major League Soccer,2025
1d5c96f8,Mikkel Desler,dk DEN,"DF,MF",29,20,18,"1,338",14.9,1,3,4,1,0,0,5,0,0.07,0.20,0.27,0.07,0.27,Matches,Major League Soccer,2025
3f082234,Diego Rubio,cl CHI,"FW,MF",31,25,11,936,10.4,2,2,4,2,0,0,3,0,0.19,0.19,0.38,0.19,0.38,Matches,Major League Soccer,2025
1471b2a8,Jáder Obrian,co COL,"FW,MF",29,31,9,915,10.2,0,1,1,0,0,0,4,0,0.00,0.10,0.10,0.00,0.10,Matches,Major League Soccer,2025
cc120b4f,Julio Cascante,cr CRC,DF,31,13,9,760,8.4,0,0,0,0,0,0,1,0,0.00,0.00,0.00,0.00,0.00,Matches,Major League Soccer,2025
bed3eed1,Nicolás Dubersarsky,ar ARG,MF,20,22,7,694,7.7,0,1,1,0,0,0,2,0,0.00,0.13,0.13,0.00,0.13,Matches,Major League Soccer,2025
4501fd21,Žan Kolmanič,si SVN,"DF,MF",24,25,5,732,8.1,1,1,2,1,0,0,2,0,0.12,0.12,0.25,0.12,0.25,Matches,Major League Soccer,2025
0cbe2ba8,Mateja Đorđević,rs SRB,DF,22,4,4,323,3.6,0,0,0,0,0,0,2,0,0.00,0.00,0.00,0.00,0.00,Matches,Major League Soccer,2025
ee4a0679,CJ Fodrey,us USA,FW,20,22,2,335,3.7,1,1,2,1,0,0,0,0,0.27,0.27,0.54,0.27,0.54,Matches,Major League Soccer,2025
1fc0973f,Robert Taylor,fi FIN,FW,30,17,1,412,4.6,1,0,1,1,0,0,1,0,0.22,0.00,0.22,0.22,0.22,Matches,Major League Soccer,2025
a6e64806,Ervin Torres,us USA,DF,17,1,0,8,0.1,0,0,0,0,0,0,0,0,0.00,0.00,0.00,0.00,0.00,Matches,Major League Soccer,2025
ba5a0210,Micah Burton,us USA,FW,18,0,0,,,,,,,,,,,,,,,,Matches,Major League Soccer,2025
873fdbdf,Stefan Cleveland,us USA,GK,30,0,0,,,,,,,,,,,,,,,,Matches,Major League Soccer,2025
752ef25b,Bryant Farkarlun,lr LBR,FW,23,0,0,,,,,,,,,,,,,,,,Matches,Major League Soccer,2025
c8243890,Antonio Gomez,us USA,DF,23,0,0,,,,,,,,,,,,,,,,Matches,Major League Soccer,2025
fafae922,Adrian Gonzalez,us USA,MF,21,0,0,,,,,,,,,,,,,,,,Matches,Major League Soccer,2025
ed889b45,Nico van Rijn,es ESP,DF,23,0,0,,,,,,,,,,,,,,,,Matches,Major League Soccer,2025
0fc46aea,Riley Thomas,us USA,DF,22,0,0,,,,,,,,,,,,,,,,Matches,Major League Soccer,2025
93b56ba5,Leo Väisänen,fi FIN,DF,27,0,0,,,,,,,,,,,,,,,,Matches,Major League Soccer,2025
1c341b14,David Schnegg,at AUT,"DF,MF",26,32,31,"2,698",30.0,0,1,1,0,0,0,8,0,0.00,0.03,0.03,0.00,0.03,Matches,Major League Soccer,2025
8caf6772,Kye Rowles,au AUS,DF,26,31,29,"2,686",29.8,0,0,0,0,0,0,8,0,0.00,0.00,0.00,0.00,0.00,Matches,Major League Soccer,2025
c90615e6,Lucas Bartlett,us USA,DF,27,30,29,"2,603",28.9,0,0,0,0,0,0,6,0,0.00,0.00,0.00,0.00,0.00,Matches,Major League Soccer,2025
e6f22a6b,Luis Barraza,us USA,GK,28,24,24,"2,090",23.2,0,1,1,0,0,0,3,1,0.00,0.04,0.04,0.00,0.04,Matches,Major League Soccer,2025
d86e3070,Aaron Herrera,gt GUA,"DF,MF",27,26,24,"2,066",23.0,0,2,2,0,0,0,10,2,0.00,0.09,0.09,0.00,0.09,Matches,Major League Soccer,2025
4d825a2d,Brandon Servania,us USA,MF,25,30,24,"2,038",22.6,0,2,2,0,0,0,7,0,0.00,0.09,0.09,0.00,0.09,Matches,Major League Soccer,2025
ab070c55,Christian Benteke,be BEL,FW,34,25,23,"1,877",20.9,9,3,12,7,2,3,7,0,0.43,0.14,0.58,0.34,0.48,Matches,Major League Soccer,2025
17205abf,Gabriel Pirani,br BRA,"MF,FW",22,28,22,"1,892",21.0,7,3,10,7,0,0,2,0,0.33,0.14,0.48,0.33,0.48,Matches,Major League Soccer,2025
8a861bc5,Peglow,br BRA,"MF,FW",23,24,21,"1,693",18.8,3,3,6,3,0,0,3,0,0.16,0.16,0.32,0.16,0.32,Matches,Major League Soccer,2025
858f1390,Hosei Kijima,jp JPN,"MF,FW",22,29,20,"1,593",17.7,2,0,2,2,0,0,0,0,0.11,0.00,0.11,0.11,0.11,Matches,Major League Soccer,2025
11c00e70,Boris Enow,cm CMR,MF,24,29,17,"1,636",18.2,1,0,1,1,0,0,8,0,0.06,0.00,0.06,0.06,0.06,Matches,Major League Soccer,2025
6396308d,Conner Antley,us USA,"DF,MF",29,20,17,"1,343",14.9,1,1,2,1,0,0,1,0,0.07,0.07,0.13,0.07,0.13,Matches,Major League Soccer,2025
7af31216,Matti Peltola,fi FIN,"MF,DF",22,26,16,"1,527",17.0,0,1,1,0,0,0,6,0,0.00,0.06,0.06,0.00,0.06,Matches,Major League Soccer,2025
5d018899,Jared Stroud,us USA,"MF,FW",28,29,15,"1,303",14.5,0,0,0,0,0,0,3,0,0.00,0.00,0.00,0.00,0.00,Matches,Major League Soccer,2025
8344adf5,Jackson Hopkins,us USA,MF,20,17,11,839,9.3,3,0,3,3,0,0,4,0,0.32,0.00,0.32,0.32,0.32,Matches,Major League Soccer,2025
b6111d16,Lukas MacNaughton,ca CAN,DF,29,11,9,715,7.9,1,0,1,1,0,0,3,1,0.13,0.00,0.13,0.13,0.13,Matches,Major League Soccer,2025
7676c367,Kim Joonhong,kr KOR,GK,21,8,8,720,8.0,0,0,0,0,0,0,1,0,0.00,0.00,0.00,0.00,0.00,Matches,Major League Soccer,2025
a1f61bdf,Jacob Murrell,us USA,"FW,MF",20,24,7,878,9.8,2,1,3,2,0,0,1,0,0.21,0.10,0.31,0.21,0.31,Matches,Major League Soccer,2025
0d32b115,Garrison Tubbs,us USA,DF,22,8,7,565,6.3,0,0,0,0,0,0,3,0,0.00,0.00,0.00,0.00,0.00,Matches,Major League Soccer,2025
758ac389,Dominique Badji,sn SEN,"FW,MF",32,21,6,748,8.3,1,0,1,1,0,0,3,0,0.12,0.00,0.12,0.12,0.12,Matches,Major League Soccer,2025
b9b0304a,Derek Dodson,us USA,"DF,MF",26,14,5,577,6.4,0,1,1,0,0,0,1,0,0.00,0.16,0.16,0.00,0.16,Matches,Major League Soccer,2025
874a5031,Randall Leal,cr CRC,"MF,FW",28,15,4,523,5.8,0,1,1,0,0,0,0,0,0.00,0.17,0.17,0.00,0.17,Matches,Major League Soccer,2025
e1e65f24,Rida Zouhir,ca CAN,MF,21,15,2,335,3.7,0,0,0,0,0,0,1,0,0.00,0.00,0.00,0.00,0.00,Matches,Major League Soccer,2025
7b20d178,Jordan Farr,us USA,GK,30,3,2,248,2.8,0,0,0,0,0,0,0,0,0.00,0.00,0.00,0.00,0.00,Matches,Major League Soccer,2025
6e327d0d,Caden Clark,us USA,FW,21,4,1,140,1.6,0,0,0,0,0,0,1,0,0.00,0.00,0.00,0.00,0.00,Matches,Major League Soccer,2025
67d3d023,Kristian Fletcher,us USA,FW,19,3,0,77,0.9,0,0,0,0,0,0,0,0,0.00,0.00,0.00,0.00,0.00,Matches,Major League Soccer,2025
4abe30fa,Fidel Barajas,mx MEX,MF,18,4,0,38,0.4,0,0,0,0,0,0,0,0,0.00,0.00,0.00,0.00,0.00,Matches,Major League Soccer,2025
d86edf5a,Gavin Turner,us USA,MF,18,1,0,25,0.3,0,0,0,0,0,0,0,0,0.00,0.00,0.00,0.00,0.00,Matches,Major League Soccer,2025
e216e242,Bibi Karamoko,us USA,FW,19,1,0,20,0.2,0,0,0,0,0,0,1,0,0.00,0.00,0.00,0.00,0.00,Matches,Major League Soccer,2025
5ab0ea87,Sergio Busquets,es ESP,MF,36,33,32,"2,867",31.9,0,8,8,0,0,0,5,0,0.00,0.25,0.25,0.00,0.25,Matches,Major League Soccer,2025
4601e194,Jordi Alba,es ESP,"DF,MF",35,30,29,"2,563",28.5,6,11,17,6,0,0,6,0,0.21,0.39,0.60,0.21,0.60,Matches,Major League Soccer,2025
a6154613,Luis Suárez,uy URU,FW,38,28,27,"2,284",25.4,10,10,20,9,1,1,6,0,0.39,0.39,0.79,0.35,0.75,Matches,Major League Soccer,2025
d70ce98e,Lionel Messi,ar ARG,"FW,MF",37,28,26,"2,421",26.9,29,16,45,28,1,2,2,0,1.08,0.59,1.67,1.04,1.64,Matches,Major League Soccer,2025
75a66bed,Tadeo Allende,ar ARG,"MF,FW",25,31,26,"2,154",23.9,11,1,12,11,0,0,1,0,0.46,0.04,0.50,0.46,0.50,Matches,Major League Soccer,2025
40e417fa,Óscar Ustari,ar ARG,GK,38,25,25,"2,082",23.1,0,0,0,0,0,0,0,1,0.00,0.00,0.00,0.00,0.00,Matches,Major League Soccer,2025
8470a4c2,Maximiliano Falcón,uy URU,DF,27,24,21,"1,872",20.8,1,0,1,1,0,0,8,0,0.05,0.00,0.05,0.05,0.05,Matches,Major League Soccer,2025
209aad11,Gonzalo Luján,ar ARG,DF,23,26,21,"1,748",19.4,0,1,1,0,0,0,3,0,0.00,0.05,0.05,0.00,0.05,Matches,Major League Soccer,2025
043f389a,Noah Allen,gr GRE,DF,20,26,20,"1,898",21.1,0,1,1,0,0,0,4,0,0.00,0.05,0.05,0.00,0.05,Matches,Major League Soccer,2025
9142b22f,Telasco Segovia,ve VEN,"MF,FW",21,31,19,"1,617",18.0,8,4,12,8,0,0,6,0,0.45,0.22,0.67,0.45,0.67,Matches,Major League Soccer,2025
ac106741,Marcelo Weigandt,ar ARG,DF,25,24,18,"1,537",17.1,1,2,3,1,0,0,4,0,0.06,0.12,0.18,0.06,0.18,Matches,Major League Soccer,2025
03a446a2,Ben Cremaschi,us USA,"MF,FW",19,22,16,"1,388",15.4,1,2,3,1,0,0,6,0,0.06,0.13,0.19,0.06,0.19,Matches,Major League Soccer,2025
83b115d4,Yannick Bright,it ITA,MF,23,27,16,"1,352",15.0,1,0,1,1,0,0,5,0,0.07,0.00,0.07,0.07,0.07,Matches,Major League Soccer,2025
f51b9ae1,Tomás Avilés,ar ARG,DF,20,25,15,"1,195",13.3,2,0,2,2,0,0,5,2,0.15,0.00,0.15,0.15,0.15,Matches,Major League Soccer,2025
f09cbe39,Ian Fray,jm JAM,DF,22,21,13,"1,231",13.7,1,2,3,1,0,0,3,1,0.07,0.15,0.22,0.07,0.22,Matches,Major League Soccer,2025
162efffd,Rodrigo De Paul,ar ARG,MF,30,11,9,890,9.9,0,3,3,0,0,0,2,0,0.00,0.30,0.30,0.00,0.30,Matches,Major League Soccer,2025
b7b9c8ce,Federico Redondo,ar ARG,MF,22,20,8,882,9.8,0,1,1,0,0,0,5,0,0.00,0.10,0.10,0.00,0.10,Matches,Major League Soccer,2025
f59bd2d3,Rocco Ríos Novo,ar ARG,GK,22,10,7,790,8.8,0,0,0,0,0,0,0,0,0.00,0.00,0.00,0.00,0.00,Matches,Major League Soccer,2025
dbaa10c0,Fafà Picault,ht HAI,"MF,FW",33,20,7,760,8.4,4,0,4,4,0,0,0,0,0.47,0.00,0.47,0.47,0.47,Matches,Major League Soccer,2025
3ae8029b,Baltasar Rodríguez,ar ARG,MF,21,14,6,614,6.8,3,3,6,3,0,0,3,0,0.44,0.44,0.88,0.44,0.88,Matches,Major League Soccer,2025
03d0ea9a,Héctor David Martínez,py PAR,DF,27,9,3,382,4.2,1,0,1,1,0,0,3,0,0.24,0.00,0.24,0.24,0.24,Matches,Major League Soccer,2025
1fc0973f,Robert Taylor,fi FIN,MF,30,4,2,198,2.2,1,0,1,1,0,0,0,0,0.45,0.00,0.45,0.45,0.45,Matches,Major League Soccer,2025
c4d9567d,Drake Callender,us USA,GK,27,3,2,185,2.1,0,0,0,0,0,0,0,0,0.00,0.00,0.00,0.00,0.00,Matches,Major League Soccer,2025
14cbe9d4,David Ruíz,hn HON,MF,20,4,2,129,1.4,0,0,0,0,0,0,0,0,0.00,0.00,0.00,0.00,0.00,Matches,Major League Soccer,2025
7496c944,Allen Obando,ec ECU,FW,18,6,1,157,1.7,1,0,1,1,0,0,0,0,0.57,0.00,0.57,0.57,0.57,Matches,Major League Soccer,2025
12a2d3e0,Mateo Silvetti,ar ARG,"FW,MF",19,3,1,97,1.1,0,0,0,0,0,1,2,0,0.00,0.00,0.00,0.00,0.00,Matches,Major League Soccer,2025
4924d9bb,Ryan Sailor,us USA,DF,26,5,1,95,1.1,0,0,0,0,0,0,0,0,0.00,0.00,0.00,0.00,0.00,Matches,Major League Soccer,2025
06e75d19,Leonardo Afonso,br BRA,MF,23,3,1,87,1.0,0,0,0,0,0,0,1,0,0.00,0.00,0.00,0.00,0.00,Matches,Major League Soccer,2025
5a50abf2,Santi Morales,us USA,MF,17,4,0,30,0.3,0,0,0,0,0,0,0,0,0.00,0.00,0.00,0.00,0.00,Matches,Major League Soccer,2025
93e4e1de,Dániel Pintér,us USA,FW,17,1,0,21,0.2,0,0,0,0,0,0,0,0,0.00,0.00,0.00,0.00,0.00,Matches,Major League Soccer,2025
629aac47,Ezequiel Abadia-Reda,us USA,DF,18,0,0,,,,,,,,,,,,,,,,Matches,Major League Soccer,2025
30a9e2e3,Samuel Basabe,us USA,DF,19,0,0,,,,,,,,,,,,,,,,Matches,Major League Soccer,2025
acd47bc0,Julian Gressel,us USA,"DF,MF",31,0,0,,,,,,,,,,,,,,,,Matches,Major League Soccer,2025
36f876d9,Tyler Hall,us USA,DF,18,0,0,,,,,,,,,,,,,,,,Matches,Major League Soccer,2025
896d2ff1,Ricardo Montenegro,us USA,DF,20,0,0,,,,,,,,,,,,,,,,Matches,Major League Soccer,2025
ec646e88,William Yarbrough,us USA,GK,35,0,0,,,,,,,,,,,,,,,,Matches,Major League Soccer,2025
bd060315,Edwin Cerrillo,us USA,MF,24,32,32,"2,673",29.7,0,0,0,0,0,0,13,1,0.00,0.00,0.00,0.00,0.00,Matches,Major League Soccer,2025
fe81682e,Diego Fagúndez,uy URU,"MF,FW",29,32,29,"2,464",27.4,6,2,8,6,0,0,5,0,0.22,0.07,0.29,0.22,0.29,Matches,Major League Soccer,2025
c37ce1ca,Gabriel Chaves,br BRA,"MF,FW",23,29,27,"2,472",27.5,7,2,9,6,1,1,8,0,0.25,0.07,0.33,0.22,0.29,Matches,Major League Soccer,2025
caffaf5a,Maya Yoshida,jp JPN,DF,36,28,26,"2,345",26.1,2,0,2,2,0,0,3,0,0.08,0.00,0.08,0.08,0.08,Matches,Major League Soccer,2025
b712e02d,Miki Yamane,jp JPN,DF,31,31,24,"2,216",24.6,1,4,5,1,0,0,4,0,0.04,0.16,0.20,0.04,0.20,Matches,Major League Soccer,2025
df8c4d49,John Nelson,us USA,DF,26,31,24,"2,044",22.7,0,1,1,0,0,0,2,0,0.00,0.04,0.04,0.00,0.04,Matches,Major League Soccer,2025
88062e83,Joseph Paintsil,gh GHA,"MF,FW",26,25,22,"1,974",21.9,10,2,12,8,2,2,3,0,0.46,0.09,0.55,0.36,0.46,Matches,Major League Soccer,2025
98cd66a3,Novak Mićović,rs SRB,GK,23,20,20,"1,800",20.0,0,0,0,0,0,0,0,0,0.00,0.00,0.00,0.00,0.00,Matches,Major League Soccer,2025
d8eb21b7,Carlos Garcés,co COL,DF,23,23,19,"1,715",19.1,1,1,2,1,0,0,6,0,0.05,0.05,0.10,0.05,0.10,Matches,Major League Soccer,2025
36a3ff67,Marco Reus,de GER,MF,35,21,17,"1,482",16.5,5,8,13,5,0,0,1,0,0.30,0.49,0.79,0.30,0.79,Matches,Major League Soccer,2025
0db5d2c8,Mathias Jørgensen,dk DEN,DF,34,17,16,"1,347",15.0,0,1,1,0,0,0,2,1,0.00,0.07,0.07,0.00,0.07,Matches,Major League Soccer,2025
e744c3de,Matheus Nascimento,br BRA,FW,20,22,13,"1,166",13.0,3,2,5,3,0,0,1,0,0.23,0.15,0.39,0.23,0.39,Matches,Major League Soccer,2025
1d9b8c4d,Lucas Sanabria,uy URU,MF,21,21,12,983,10.9,2,0,2,2,0,0,4,0,0.18,0.00,0.18,0.18,0.18,Matches,Major League Soccer,2025
4223d7bb,Julián Aude,ar ARG,DF,21,28,11,"1,221",13.6,0,0,0,0,0,0,3,0,0.00,0.00,0.00,0.00,0.00,Matches,Major League Soccer,2025
249362e9,John McCarthy,us USA,GK,32,11,11,990,11.0,0,0,0,0,0,0,0,0,0.00,0.00,0.00,0.00,0.00,Matches,Major League Soccer,2025
53171f69,Elijah Wynder,us USA,MF,21,18,11,958,10.6,2,0,2,2,0,0,3,0,0.19,0.00,0.19,0.19,0.19,Matches,Major League Soccer,2025
316d5521,Christian Ramirez,us USA,FW,33,25,10,917,10.2,4,1,5,4,0,0,1,0,0.39,0.10,0.49,0.39,0.49,Matches,Major League Soccer,2025
6dbc74d6,Isaiah Parente,us USA,MF,24,25,9,"1,050",11.7,0,1,1,0,0,0,7,1,0.00,0.09,0.09,0.00,0.09,Matches,Major League Soccer,2025
4a5b1142,Harbor Miller,us USA,"MF,DF",17,10,9,640,7.1,1,1,2,1,0,0,1,0,0.14,0.14,0.28,0.14,0.28,Matches,Major League Soccer,2025
cf4f1eb9,Mauricio Cuevas,us USA,"DF,FW",21,24,8,791,8.8,2,3,5,2,0,0,4,0,0.23,0.34,0.57,0.23,0.57,Matches,Major League Soccer,2025
a5532e80,Miguel Berry,es ESP,FW,27,17,7,681,7.6,0,2,2,0,0,0,0,0,0.00,0.26,0.26,0.00,0.26,Matches,Major League Soccer,2025
1fafbf53,Tucker Lepley,us USA,"MF,FW",23,16,6,558,6.2,0,1,1,0,0,0,2,0,0.00,0.16,0.16,0.00,0.16,Matches,Major League Soccer,2025
0fb34657,Chris Rindov,us USA,DF,23,6,6,514,5.7,0,0,0,0,0,0,0,0,0.00,0.00,0.00,0.00,0.00,Matches,Major League Soccer,2025
977791f4,J.T. Marcinkowski,us USA,GK,27,3,3,270,3.0,0,0,0,0,0,0,0,0,0.00,0.00,0.00,0.00,0.00,Matches,Major League Soccer,2025
edbfbb3f,Eriq Zavaleta,sv SLV,DF,32,5,1,144,1.6,0,0,0,0,0,0,0,0,0.00,0.00,0.00,0.00,0.00,Matches,Major League Soccer,2025
d85152ae,Rubén Ramos,us USA,MF,18,6,1,130,1.4,0,0,0,0,0,0,0,0,0.00,0.00,0.00,0.00,0.00,Matches,Major League Soccer,2025
b2d27b1d,Nicklaus Sullivan,us USA,FW,22,1,0,11,0.1,0,0,0,0,0,0,0,0,0.00,0.00,0.00,0.00,0.00,Matches,Major League Soccer,2025
980dba3d,Ascel Essengue,cm CMR,DF,21,0,0,,,,,,,,,,,,,,,,Matches,Major League Soccer,2025
a0bd08bb,Sean Karani,us USA,MF,24,0,0,,,,,,,,,,,,,,,,Matches,Major League Soccer,2025
a7079fb0,Thomas Musto,us USA,MF,21,0,0,,,,,,,,,,,,,,,,Matches,Major League Soccer,2025
6b306c92,John Pulskamp,us USA,GK,23,34,34,"3,060",34.0,0,2,2,0,0,0,3,0,0.00,0.06,0.06,0.00,0.06,Matches,Major League Soccer,2025
95a24690,Dejan Joveljić,rs SRB,FW,25,32,31,"2,763",30.7,18,2,20,13,5,6,3,0,0.59,0.07,0.65,0.42,0.49,Matches,Major League Soccer,2025
d94653be,Magomed-Shapi Suleymanov,ru RUS,"MF,FW",25,32,26,"2,017",22.4,2,3,5,2,0,0,2,1,0.09,0.13,0.22,0.09,0.22,Matches,Major League Soccer,2025
c2183cdd,Jansen Miller,us USA,DF,22,29,25,"2,304",25.6,0,1,1,0,0,0,2,0,0.00,0.04,0.04,0.00,0.04,Matches,Major League Soccer,2025
6fcddf5f,Dániel Sallói,hu HUN,"FW,MF",28,33,24,"2,185",24.3,7,2,9,7,0,0,4,0,0.29,0.08,0.37,0.29,0.37,Matches,Major League Soccer,2025
6ed1a2a2,Manu García,es ESP,MF,27,27,23,"2,094",23.3,2,7,9,2,0,0,5,0,0.09,0.30,0.39,0.09,0.39,Matches,Major League Soccer,2025
f625e8a5,Logan Ndenbe,be BEL,DF,24,30,22,"1,990",22.1,1,0,1,1,0,0,2,0,0.05,0.00,0.05,0.05,0.05,Matches,Major League Soccer,2025
5b40c2a1,Jacob Bartlett,us USA,MF,19,30,22,"1,935",21.5,0,1,1,0,0,0,8,0,0.00,0.05,0.05,0.00,0.05,Matches,Major League Soccer,2025
f935709c,Khiry Shelton,us USA,DF,31,27,21,"1,803",20.0,0,1,1,0,0,0,2,1,0.00,0.05,0.05,0.00,0.05,Matches,Major League Soccer,2025
79d3a503,Jake Davis,us USA,"MF,DF",23,28,19,"1,865",20.7,0,1,1,0,0,0,7,1,0.00,0.05,0.05,0.00,0.05,Matches,Major League Soccer,2025
6297d826,Zorhan Bassong,ca CAN,MF,25,25,18,"1,665",18.5,1,0,1,1,0,0,8,0,0.05,0.00,0.05,0.05,0.05,Matches,Major League Soccer,2025
33d9d789,Robert Voloder,ba BIH,DF,23,18,16,"1,490",16.6,0,0,0,0,0,0,1,0,0.00,0.00,0.00,0.00,0.00,Matches,Major League Soccer,2025
b86a64b2,Joaquín Fernández,es ESP,DF,28,17,16,"1,298",14.4,0,0,0,0,0,0,6,0,0.00,0.00,0.00,0.00,0.00,Matches,Major League Soccer,2025
df8e7b62,Erik Thommy,de GER,"MF,FW",30,25,14,"1,271",14.1,4,4,8,4,0,0,0,0,0.28,0.28,0.57,0.28,0.57,Matches,Major League Soccer,2025
b5dd3469,Nemanja Radoja,rs SRB,MF,31,20,13,"1,099",12.2,0,0,0,0,0,0,3,0,0.00,0.00,0.00,0.00,0.00,Matches,Major League Soccer,2025
f2571c91,Tim Leibold,de GER,DF,31,19,11,871,9.7,1,2,3,1,0,0,6,0,0.10,0.21,0.31,0.10,0.31,Matches,Major League Soccer,2025
dd986929,Santiago Muñóz,mx MEX,"MF,FW",22,21,8,871,9.7,3,2,5,2,1,1,0,0,0.31,0.21,0.52,0.21,0.41,Matches,Major League Soccer,2025
fc6c6b2b,Memo Rodriguez,us USA,MF,29,19,7,654,7.3,0,0,0,0,0,0,3,0,0.00,0.00,0.00,0.00,0.00,Matches,Major League Soccer,2025
33e46323,Andrew Brody,us USA,DF,29,12,6,493,5.5,0,0,0,0,0,0,0,0,0.00,0.00,0.00,0.00,0.00,Matches,Major League Soccer,2025
3e10c876,Ian James,us USA,DF,16,8,5,491,5.5,0,0,0,0,0,0,1,0,0.00,0.00,0.00,0.00,0.00,Matches,Major League Soccer,2025
78db8e07,Alán Montes,mx MEX,DF,24,8,5,458,5.1,0,0,0,0,0,0,1,0,0.00,0.00,0.00,0.00,0.00,Matches,Major League Soccer,2025
0aa41f67,Mason Toye,us USA,FW,26,21,4,519,5.8,3,2,5,3,0,0,0,0,0.52,0.35,0.87,0.52,0.87,Matches,Major League Soccer,2025
1c886b0e,Daniel Rosero,co COL,DF,31,5,2,180,2.0,0,0,0,0,0,0,1,0,0.00,0.00,0.00,0.00,0.00,Matches,Major League Soccer,2025
cea02b5b,Stephen Afrifa,ca CAN,MF,23,9,1,138,1.5,0,0,0,0,0,0,1,0,0.00,0.00,0.00,0.00,0.00,Matches,Major League Soccer,2025
d2275b1b,William Agada,ng NGA,FW,25,6,1,99,1.1,0,0,0,0,0,0,0,0,0.00,0.00,0.00,0.00,0.00,Matches,Major League Soccer,2025
931622a6,Ryan Schewe,us USA,GK,22,0,0,,,,,,,,,,,,,,,,Matches,Major League Soccer,2025
3235182a,Pavel Bucha,cz CZE,MF,26,33,32,"2,883",32.0,3,3,6,3,0,0,3,0,0.09,0.09,0.19,0.09,0.19,Matches,Major League Soccer,2025
4352d221,Evander,br BRA,MF,26,32,31,"2,737",30.4,18,14,32,18,0,0,6,0,0.59,0.46,1.05,0.59,1.05,Matches,Major League Soccer,2025
aedaf328,Lukas Engel,dk DEN,"DF,MF",26,33,31,"2,721",30.2,0,4,4,0,0,0,4,0,0.00,0.13,0.13,0.00,0.13,Matches,Major League Soccer,2025
42ba8628,Roman Celentano,us USA,GK,24,30,30,"2,700",30.0,0,0,0,0,0,0,1,0,0.00,0.00,0.00,0.00,0.00,Matches,Major League Soccer,2025
0d3585b5,Kévin Denkey,tg TOG,FW,24,29,26,"2,273",25.3,15,1,16,12,3,3,7,0,0.59,0.04,0.63,0.48,0.51,Matches,Major League Soccer,2025
782a95d9,Miles Robinson,us USA,DF,27,26,26,"2,255",25.1,1,0,1,1,0,0,3,0,0.04,0.00,0.04,0.04,0.04,Matches,Major League Soccer,2025
ae0a7ddf,DeAndre Yedlin,us USA,"MF,DF",31,27,22,"1,971",21.9,0,4,4,0,0,0,5,0,0.00,0.18,0.18,0.00,0.18,Matches,Major League Soccer,2025
53ae4b5e,Luca Orellano,ar ARG,"MF,FW",24,27,22,"1,917",21.3,2,5,7,2,0,0,3,0,0.09,0.23,0.33,0.09,0.33,Matches,Major League Soccer,2025
17b28ec7,Brian Anunga,cm CMR,MF,28,30,19,"1,700",18.9,0,1,1,0,0,0,2,1,0.00,0.05,0.05,0.00,0.05,Matches,Major League Soccer,2025
9fc0f253,Matt Miazga,us USA,DF,29,21,19,"1,533",17.0,0,1,1,0,0,0,3,0,0.00,0.06,0.06,0.00,0.06,Matches,Major League Soccer,2025
39632554,Nick Hagglund,us USA,DF,32,17,16,"1,163",12.9,1,0,1,1,0,0,2,0,0.08,0.00,0.08,0.08,0.08,Matches,Major League Soccer,2025
55d8f630,Gilberto Flores,py PAR,DF,21,16,12,"1,181",13.1,0,0,0,0,0,0,5,1,0.00,0.00,0.00,0.00,0.00,Matches,Major League Soccer,2025
897c8066,Obinna Nwobodo,ng NGA,MF,28,14,11,867,9.6,0,0,0,0,0,0,4,0,0.00,0.00,0.00,0.00,0.00,Matches,Major League Soccer,2025
582952f2,Teenage Hadebe,zw ZIM,DF,29,20,9,953,10.6,0,0,0,0,0,0,3,0,0.00,0.00,0.00,0.00,0.00,Matches,Major League Soccer,2025
ca07c1c5,Gerardo Valenzuela,us USA,"MF,FW",20,23,9,834,9.3,5,1,6,5,0,0,1,0,0.54,0.11,0.65,0.54,0.65,Matches,Major League Soccer,2025
2f91124d,Alvas Powell,jm JAM,"DF,MF",30,25,8,861,9.6,0,0,0,0,0,0,2,0,0.00,0.00,0.00,0.00,0.00,Matches,Major League Soccer,2025
6e3f3809,Kei Kamara,sl SLE,FW,40,19,8,786,8.7,0,0,0,0,0,0,2,0,0.00,0.00,0.00,0.00,0.00,Matches,Major League Soccer,2025
cba16a46,Yuya Kubo,jp JPN,"MF,FW",31,14,7,659,7.3,1,0,1,1,0,0,1,0,0.14,0.00,0.14,0.14,0.14,Matches,Major League Soccer,2025
a930b263,Sergio Santos Gomes,br BRA,"FW,MF",30,18,6,646,7.2,1,2,3,1,0,0,0,0,0.14,0.28,0.42,0.14,0.42,Matches,Major League Soccer,2025
279508bf,Brenner,br BRA,"FW,MF",25,6,6,516,5.7,4,1,5,4,0,0,1,0,0.70,0.17,0.87,0.70,0.87,Matches,Major League Soccer,2025
837bd7eb,Ender Echenique,ve VEN,"MF,FW",20,8,6,506,5.6,1,1,2,1,0,0,0,0,0.18,0.18,0.36,0.18,0.36,Matches,Major League Soccer,2025
95c5f7c1,Evan Louro,us USA,GK,29,4,4,360,4.0,0,0,0,0,0,0,0,0,0.00,0.00,0.00,0.00,0.00,Matches,Major League Soccer,2025
2d0d1442,Corey Baird,us USA,"MF,FW",29,18,3,422,4.7,0,0,0,0,0,0,4,0,0.00,0.00,0.00,0.00,0.00,Matches,Major League Soccer,2025
c76c717c,Brad Smith,au AUS,MF,30,17,3,321,3.6,0,0,0,0,0,0,0,0,0.00,0.00,0.00,0.00,0.00,Matches,Major League Soccer,2025
be3fb78d,Samuel Gidi,sk SVK,MF,20,5,3,301,3.3,0,0,0,0,0,0,2,0,0.00,0.00,0.00,0.00,0.00,Matches,Major League Soccer,2025
dc010d26,Dominik Marczuk,pl POL,MF,21,5,3,217,2.4,0,0,0,0,0,0,1,0,0.00,0.00,0.00,0.00,0.00,Matches,Major League Soccer,2025
062c4d41,Ayoub Jabbari,ma MAR,FW,25,5,1,116,1.3,0,0,0,0,0,0,0,0,0.00,0.00,0.00,0.00,0.00,Matches,Major League Soccer,2025
b26a0215,Stiven Jimenez,us USA,MF,17,2,1,107,1.2,0,0,0,0,0,0,0,0,0.00,0.00,0.00,0.00,0.00,Matches,Major League Soccer,2025
18a1a530,Kenji Mboma Dem,fr FRA,FW,23,4,0,84,0.9,0,0,0,0,0,0,0,0,0.00,0.00,0.00,0.00,0.00,Matches,Major League Soccer,2025
8821de7e,Bret Halsey,us USA,MF,24,1,0,33,0.4,0,0,0,0,0,0,0,0,0.00,0.00,0.00,0.00,0.00,Matches,Major League Soccer,2025
285e7868,Ștefan Chirilă,ro ROU,FW,18,2,0,8,0.1,0,0,0,0,0,0,0,0,0.00,0.00,0.00,0.00,0.00,Matches,Major League Soccer,2025
29237bc9,Noah Adnan,us USA,DF,23,0,0,,,,,,,,,,,,,,,,Matches,Major League Soccer,2025
4a8af93c,Alec Kann,us USA,GK,34,0,0,,,,,,,,,,,,,,,,Matches,Major League Soccer,2025
4a9e152f,Peter Mangione,us USA,FW,23,0,0,,,,,,,,,,,,,,,,Matches,Major League Soccer,2025
8ee2d7c4,Paul Walters,us USA,GK,20,0,0,,,,,,,,,,,,,,,,Matches,Major League Soccer,2025
dbde4959,Dylan Chambost,fr FRA,MF,27,34,30,"2,627",29.2,1,5,6,1,0,0,4,0,0.03,0.17,0.21,0.03,0.21,Matches,Major League Soccer,2025
6219c704,Darlington Nagbe,us USA,MF,34,30,30,"2,595",28.8,0,0,0,0,0,0,1,0,0.00,0.00,0.00,0.00,0.00,Matches,Major League Soccer,2025
668f881e,Max Arfsten,us USA,"MF,DF",23,29,29,"2,562",28.5,4,5,9,4,0,0,4,0,0.14,0.18,0.32,0.14,0.32,Matches,Major League Soccer,2025
a81dba8c,Diego Rossi,uy URU,"FW,MF",26,29,29,"2,496",27.7,16,3,19,13,3,3,3,0,0.58,0.11,0.69,0.47,0.58,Matches,Major League Soccer,2025
f10983ae,Steven Moreira,cv CPV,DF,30,30,29,"2,457",27.3,1,2,3,1,0,0,4,0,0.04,0.07,0.11,0.04,0.11,Matches,Major League Soccer,2025
380ee265,Sean Zawadzki,us USA,"DF,MF",24,27,27,"2,430",27.0,2,0,2,2,0,0,5,0,0.07,0.00,0.07,0.07,0.07,Matches,Major League Soccer,2025
02fbc447,Yevhen Cheberko,ua UKR,DF,27,30,25,"2,315",25.7,0,0,0,0,0,0,2,0,0.00,0.00,0.00,0.00,0.00,Matches,Major League Soccer,2025
b8f47d7c,Patrick Schulte,us USA,GK,23,25,25,"2,250",25.0,0,0,0,0,0,0,3,0,0.00,0.00,0.00,0.00,0.00,Matches,Major League Soccer,2025
527d0e31,Dániel Gazdag,hu HUN,"MF,FW",28,26,23,"2,060",22.9,4,3,7,2,2,2,5,0,0.17,0.13,0.31,0.09,0.22,Matches,Major League Soccer,2025
83b6e15d,Malte Amundsen,dk DEN,DF,26,24,21,"1,780",19.8,1,2,3,1,0,0,3,1,0.05,0.10,0.15,0.05,0.15,Matches,Major League Soccer,2025
b33c6ed5,Jacen Russell-Rowe,ca CAN,FW,22,31,19,"1,726",19.2,7,1,8,7,0,0,3,0,0.37,0.05,0.42,0.37,0.42,Matches,Major League Soccer,2025
81039302,Mohamed Farsi,dz ALG,MF,25,18,16,"1,481",16.5,1,3,4,1,0,0,2,0,0.06,0.18,0.24,0.06,0.24,Matches,Major League Soccer,2025
460cfb5b,Marcelo Herrera,ar ARG,"MF,DF",26,20,15,"1,369",15.2,4,2,6,4,0,0,1,0,0.26,0.13,0.39,0.26,0.39,Matches,Major League Soccer,2025
363399b2,Aliyu Ibrahim,ng NGA,"MF,FW",23,23,12,"1,204",13.4,3,2,5,3,0,0,2,0,0.22,0.15,0.37,0.22,0.37,Matches,Major League Soccer,2025
9862259f,Aziel Jackson,us USA,"MF,FW",23,18,7,733,8.1,2,1,3,2,0,0,0,0,0.25,0.12,0.37,0.25,0.37,Matches,Major League Soccer,2025
69a57596,Evan Bush,us USA,GK,38,6,6,540,6.0,0,0,0,0,0,0,1,0,0.00,0.00,0.00,0.00,0.00,Matches,Major League Soccer,2025
edc3b063,Taha Habroune,us USA,"MF,FW",18,18,5,569,6.3,1,1,2,1,0,0,2,0,0.16,0.16,0.32,0.16,0.32,Matches,Major League Soccer,2025
6d353bf4,Hugo Picard,fr FRA,"MF,FW",21,8,5,504,5.6,0,0,0,0,0,0,1,0,0.00,0.00,0.00,0.00,0.00,Matches,Major League Soccer,2025
bcb2282d,Lassi Lappalainen,fi FIN,"MF,FW",26,17,5,398,4.4,1,4,5,1,0,0,0,0,0.23,0.90,1.13,0.23,1.13,Matches,Major League Soccer,2025
43ca2019,Amar Sejdic,us USA,MF,28,14,4,340,3.8,0,0,0,0,0,0,0,0,0.00,0.00,0.00,0.00,0.00,Matches,Major League Soccer,2025
a06467dc,Wessam Abou Ali,ps PLE,FW,26,5,4,303,3.4,3,0,3,3,0,0,0,0,0.89,0.00,0.89,0.89,0.89,Matches,Major League Soccer,2025
4202ac27,Nicholas Hagen,gt GUA,GK,28,3,3,270,3.0,0,0,0,0,0,0,0,0,0.00,0.00,0.00,0.00,0.00,Matches,Major League Soccer,2025
10d1139c,DeJuan Jones,us USA,MF,27,5,3,245,2.7,0,1,1,0,0,0,0,0,0.00,0.37,0.37,0.00,0.37,Matches,Major League Soccer,2025
3ad1adbb,Cesar Ruvalcaba,us USA,DF,23,14,2,302,3.4,1,0,1,1,0,0,1,0,0.30,0.00,0.30,0.30,0.30,Matches,Major League Soccer,2025
9d16dfbf,Tristan Brown,us USA,DF,17,6,0,41,0.5,0,0,0,0,0,0,0,0,0.00,0.00,0.00,0.00,0.00,Matches,Major League Soccer,2025
ed42a43f,Cole Mrowka,us USA,MF,18,2,0,28,0.3,0,0,0,0,0,0,0,0,0.00,0.00,0.00,0.00,0.00,Matches,Major League Soccer,2025
93c92d6c,Derrick Jones,us USA,MF,27,3,0,5,0.1,0,0,0,0,0,0,0,0,0.00,0.00,0.00,0.00,0.00,Matches,Major League Soccer,2025
f63e3ee3,Chase Adams,us USA,MF,16,0,0,,,,,,,,,,,,,,,,Matches,Major League Soccer,2025
6ad16d47,Rudy Camacho,fr FRA,DF,33,0,0,,,,,,,,,,,,,,,,Matches,Major League Soccer,2025
e8572636,Owen Presthus,us USA,DF,18,0,0,,,,,,,,,,,,,,,,Matches,Major League Soccer,2025
0e791190,Luke Pruter,us USA,GK,23,0,0,,,,,,,,,,,,,,,,Matches,Major League Soccer,2025
add014ad,Abraham Romero,mx MEX,GK,26,0,0,,,,,,,,,,,,,,,,Matches,Major League Soccer,2025
2372d475,Stanisłaŭ Łapkies,by BLR,GK,18,0,0,,,,,,,,,,,,,,,,Matches,Major League Soccer,2025
8f62b6ee,Hugo Lloris,fr FRA,GK,38,32,32,"2,835",31.5,0,0,0,0,0,0,1,0,0.00,0.00,0.00,0.00,0.00,Matches,Major League Soccer,2025
19f8e480,Sergi Palencia,es ESP,"DF,MF",28,33,32,"2,809",31.2,1,2,3,1,0,0,5,0,0.03,0.06,0.10,0.03,0.10,Matches,Major League Soccer,2025
7f6a25b7,Marky Delgado,us USA,MF,29,34,30,"2,570",28.6,3,3,6,3,0,0,4,0,0.11,0.11,0.21,0.11,0.21,Matches,Major League Soccer,2025
0b0cbe5b,Denis Bouanga,ga GAB,FW,30,31,29,"2,654",29.5,24,7,31,17,7,8,3,0,0.81,0.24,1.05,0.58,0.81,Matches,Major League Soccer,2025
c70e3fe0,Eddie Segura,co COL,DF,27,31,28,"2,490",27.7,1,2,3,1,0,0,8,1,0.04,0.07,0.11,0.04,0.11,Matches,Major League Soccer,2025
a5bea1fb,Timothy Tillman,us USA,MF,26,30,28,"2,413",26.8,0,2,2,0,0,0,7,0,0.00,0.07,0.07,0.00,0.07,Matches,Major League Soccer,2025
28b58797,Ryan Hollingshead,us USA,"DF,MF",33,31,22,"2,109",23.4,2,3,5,2,0,0,5,0,0.09,0.13,0.21,0.09,0.21,Matches,Major League Soccer,2025
fb19d550,Igor,br BRA,MF,21,24,22,"1,855",20.6,0,1,1,0,0,0,4,1,0.00,0.05,0.05,0.00,0.05,Matches,Major League Soccer,2025
4a07ae31,Nkosi Tafari,us USA,DF,27,25,20,"1,833",20.4,0,0,0,0,0,0,5,0,0.00,0.00,0.00,0.00,0.00,Matches,Major League Soccer,2025
a9094a3d,Nathan Ordaz,sv SLV,FW,21,26,15,"1,313",14.6,5,3,8,5,0,0,1,0,0.34,0.21,0.55,0.34,0.55,Matches,Major League Soccer,2025
46b89640,Aaron Long,us USA,DF,32,15,15,"1,271",14.1,1,0,1,1,0,0,0,0,0.07,0.00,0.07,0.07,0.07,Matches,Major League Soccer,2025
52fe0ad4,David Martínez,ve VEN,FW,18,29,13,"1,171",13.0,3,5,8,3,0,1,4,0,0.23,0.38,0.61,0.23,0.61,Matches,Major League Soccer,2025
a7590f18,Artem Smoliakov,ua UKR,"DF,MF",21,26,13,"1,124",12.5,1,3,4,1,0,0,1,0,0.08,0.24,0.32,0.08,0.32,Matches,Major League Soccer,2025
5fa7b2ec,Jeremy Ebobisse,us USA,FW,27,22,9,876,9.7,4,1,5,4,0,0,0,0,0.41,0.10,0.51,0.41,0.51,Matches,Major League Soccer,2025
514725a0,Ryan Porteous,sct SCO,DF,25,10,9,822,9.1,0,0,0,0,0,0,2,0,0.00,0.00,0.00,0.00,0.00,Matches,Major League Soccer,2025
92e7e919,Son Heung-min,kr KOR,FW,32,10,9,803,8.9,9,2,11,9,0,0,0,0,1.01,0.22,1.23,1.01,1.23,Matches,Major League Soccer,2025
017459bb,Mathieu Choiniere,ca CAN,MF,25,10,7,643,7.1,1,0,1,1,0,0,1,0,0.14,0.00,0.14,0.14,0.14,Matches,Major League Soccer,2025
cdf65d12,Marlon,br BRA,DF,29,11,7,631,7.0,0,0,0,0,0,0,0,0,0.00,0.00,0.00,0.00,0.00,Matches,Major League Soccer,2025
16ceb862,Olivier Giroud,fr FRA,FW,38,11,6,528,5.9,3,1,4,3,0,0,1,0,0.51,0.17,0.68,0.51,0.68,Matches,Major League Soccer,2025
34a0f5ff,Javairô Dilrosun,nl NED,FW,26,6,6,429,4.8,2,0,2,2,0,0,0,0,0.42,0.00,0.42,0.42,0.42,Matches,Major League Soccer,2025
36292031,Yaw Yeboah,gh GHA,"MF,FW",27,17,4,462,5.1,1,0,1,1,0,0,1,0,0.19,0.00,0.19,0.19,0.19,Matches,Major League Soccer,2025
1880614f,Cengiz Ünder,tr TUR,FW,27,12,4,446,5.0,2,2,4,2,0,0,0,0,0.40,0.40,0.81,0.40,0.81,Matches,Major League Soccer,2025
2e8bd00c,Frankie Amaya,us USA,MF,24,19,3,433,4.8,1,0,1,1,0,0,1,0,0.21,0.00,0.21,0.21,0.21,Matches,Major League Soccer,2025
c4720845,Andrew Moran,ie IRL,"MF,FW",21,8,3,318,3.5,1,1,2,1,0,0,1,0,0.28,0.28,0.57,0.28,0.57,Matches,Major League Soccer,2025
ca135560,Adam Saldaña,us USA,MF,22,2,2,180,2.0,0,0,0,0,0,0,1,0,0.00,0.00,0.00,0.00,0.00,Matches,Major League Soccer,2025
86bac87b,Thomas Hasal,ca CAN,GK,25,2,1,135,1.5,0,0,0,0,0,0,0,0,0.00,0.00,0.00,0.00,0.00,Matches,Major League Soccer,2025
0355010f,Odin Thiago Holm,no NOR,MF,22,3,1,99,1.1,0,0,0,0,0,0,0,0,0.00,0.00,0.00,0.00,0.00,Matches,Major League Soccer,2025
3bce0d23,Kenneth Nielsen,us USA,DF,22,2,1,94,1.0,0,0,0,0,0,0,0,0,0.00,0.00,0.00,0.00,0.00,Matches,Major League Soccer,2025
dba6b279,David Ochoa,us USA,GK,24,1,1,90,1.0,0,0,0,0,0,0,0,0,0.00,0.00,0.00,0.00,0.00,Matches,Major League Soccer,2025
ca366055,Maxime Chanot,lu LUX,DF,35,1,1,67,0.7,0,0,0,0,0,0,0,0,0.00,0.00,0.00,0.00,0.00,Matches,Major League Soccer,2025
b4819112,Jailson Siqueira,br BRA,"MF,DF",29,3,1,67,0.7,0,0,0,0,0,0,0,0,0.00,0.00,0.00,0.00,0.00,Matches,Major League Soccer,2025
f006a9b3,Ryan Raposo,ca CAN,MF,25,5,0,18,0.2,0,0,0,0,0,0,0,0,0.00,0.00,0.00,0.00,0.00,Matches,Major League Soccer,2025
dcbced3a,Adrian Wibowo,id IDN,FW,19,2,0,18,0.2,0,0,0,0,0,0,0,0,0.00,0.00,0.00,0.00,0.00,Matches,Major League Soccer,2025
baa82726,Alexandru Băluță,ro ROU,"FW,MF",31,1,0,15,0.2,0,0,0,0,0,0,0,0,0.00,0.00,0.00,0.00,0.00,Matches,Major League Soccer,2025
c19a4e36,Érick Díaz,pa PAN,DF,18,0,0,,,,,,,,,,,,,,,,Matches,Major League Soccer,2025
9fddd510,Josh Santiago,us USA,DF,18,0,0,,,,,,,,,,,,,,,,Matches,Major League Soccer,2025
058203db,Jude Terry,us USA,MF,16,0,0,,,,,,,,,,,,,,,,Matches,Major League Soccer,2025
52be0b7d,Yohei Takaoka,jp JPN,GK,28,34,34,"3,060",34.0,0,0,0,0,0,0,0,0,0.00,0.00,0.00,0.00,0.00,Matches,Major League Soccer,2025
a2484ef5,Édier Ocampo,co COL,DF,21,30,26,"2,173",24.1,2,0,2,2,0,0,10,1,0.08,0.00,0.08,0.08,0.08,Matches,Major League Soccer,2025
f33ee427,Sebastian Berhalter,us USA,MF,23,29,25,"2,295",25.5,4,10,14,4,0,0,6,0,0.16,0.39,0.55,0.16,0.55,Matches,Major League Soccer,2025
37295115,Mathías Laborda,uy URU,DF,25,28,25,"2,181",24.2,5,1,6,5,0,0,5,1,0.21,0.04,0.25,0.21,0.25,Matches,Major League Soccer,2025
9b40a6ea,Andrés Cubas,py PAR,MF,28,26,25,"1,980",22.0,0,0,0,0,0,0,9,0,0.00,0.00,0.00,0.00,0.00,Matches,Major League Soccer,2025
7f35d14e,Tristan Blackmon,us USA,DF,28,25,23,"2,070",23.0,2,1,3,2,0,0,4,0,0.09,0.04,0.13,0.09,0.13,Matches,Major League Soccer,2025
2e1b7c83,Emmanuel Sabbi,us USA,"MF,FW",27,28,23,"1,793",19.9,7,3,10,7,0,0,4,0,0.35,0.15,0.50,0.35,0.50,Matches,Major League Soccer,2025
eb8e36b9,Tate Johnson,us USA,DF,19,29,20,"1,977",22.0,1,1,2,1,0,0,4,0,0.05,0.05,0.09,0.05,0.09,Matches,Major League Soccer,2025
366609b6,Ranko Veselinović,rs SRB,DF,25,21,20,"1,755",19.5,0,0,0,0,0,0,1,0,0.00,0.00,0.00,0.00,0.00,Matches,Major League Soccer,2025
54c948de,Brian White,us USA,FW,28,21,18,"1,671",18.6,16,1,17,13,3,4,3,0,0.86,0.05,0.92,0.70,0.75,Matches,Major League Soccer,2025
078b2c07,Daniel Armando Ríos,mx MEX,FW,29,31,16,"1,416",15.7,3,2,5,3,0,2,3,0,0.19,0.13,0.32,0.19,0.32,Matches,Major League Soccer,2025
9c146b36,Pedro Vite,ec ECU,"MF,FW",22,19,16,"1,395",15.5,4,2,6,4,0,0,1,0,0.26,0.13,0.39,0.26,0.39,Matches,Major League Soccer,2025
92305a81,Jayden Nelson,ca CAN,"FW,MF",22,23,16,"1,321",14.7,2,5,7,2,0,0,4,1,0.14,0.34,0.48,0.14,0.48,Matches,Major League Soccer,2025
acb3e899,Ralph Priso-Mbongue,ca CAN,"MF,DF",22,28,14,"1,388",15.4,0,2,2,0,0,0,5,0,0.00,0.13,0.13,0.00,0.13,Matches,Major League Soccer,2025
a898dc13,Jean-Claude Ngando,cm CMR,MF,25,25,13,"1,256",14.0,2,3,5,2,0,0,1,0,0.14,0.21,0.36,0.14,0.36,Matches,Major League Soccer,2025
540a5be1,Ali Ahmed,ca CAN,"MF,FW",24,22,12,"1,288",14.3,0,8,8,0,0,0,2,0,0.00,0.56,0.56,0.00,0.56,Matches,Major League Soccer,2025
5e388ecf,Bjørn Inge Utvik,no NOR,DF,28,16,12,"1,029",11.4,0,0,0,0,0,0,1,0,0.00,0.00,0.00,0.00,0.00,Matches,Major League Soccer,2025
4b22382f,Jeevan Badwal,ca CAN,MF,18,25,9,896,10.0,1,2,3,1,0,0,1,0,0.10,0.20,0.30,0.10,0.30,Matches,Major League Soccer,2025
57cefb87,Belal Halbouni,sy SYR,DF,25,13,7,732,8.1,0,0,0,0,0,0,4,0,0.00,0.00,0.00,0.00,0.00,Matches,Major League Soccer,2025
3c6089ab,Thomas Müller,de GER,MF,35,7,6,541,6.0,7,3,10,3,4,4,1,0,1.16,0.50,1.66,0.50,1.00,Matches,Major League Soccer,2025
7f2309be,Sam Adekugbe,ca CAN,DF,30,7,4,291,3.2,2,0,2,2,0,0,0,0,0.62,0.00,0.62,0.62,0.62,Matches,Major League Soccer,2025
862e93c2,Ryan Gauld,sct SCO,FW,29,6,3,245,2.7,1,1,2,1,0,0,1,0,0.37,0.37,0.73,0.37,0.73,Matches,Major League Soccer,2025
51029ad2,Giuseppe Bovalina,au AUS,DF,20,7,2,205,2.3,0,2,2,0,0,0,0,0,0.00,0.88,0.88,0.00,0.88,Matches,Major League Soccer,2025
7cd21bce,Rayan Elloumi,tn TUN,FW,17,7,2,203,2.3,2,0,2,2,0,0,0,0,0.89,0.00,0.89,0.89,0.89,Matches,Major League Soccer,2025
eb442b0c,Kenji Cabrera,pe PER,MF,22,6,2,180,2.0,1,0,1,1,0,0,0,0,0.50,0.00,0.50,0.50,0.50,Matches,Major League Soccer,2025
4b3681f1,Liam MacKenzie,ca CAN,FW,17,1,1,64,0.7,0,0,0,0,0,0,0,0,0.00,0.00,0.00,0.00,0.00,Matches,Major League Soccer,2025
19a94252,Nelson Pierre,ht HAI,FW,19,3,0,35,0.4,1,0,1,1,0,0,0,0,2.57,0.00,2.57,2.57,2.57,Matches,Major League Soccer,2025
2f4c60bd,Johnny Selemani,ca CAN,FW,16,1,0,27,0.3,0,0,0,0,0,0,0,0,0.00,0.00,0.00,0.00,0.00,Matches,Major League Soccer,2025
068be155,Damir Kreilach,hr CRO,"FW,MF",35,4,0,23,0.3,1,0,1,0,1,1,0,0,3.91,0.00,3.91,0.00,0.00,Matches,Major League Soccer,2025
059a32d5,Antoine Coupland,ca CAN,MF,21,2,0,16,0.2,1,0,1,1,0,0,0,0,5.63,0.00,5.63,5.63,5.63,Matches,Major League Soccer,2025
2137636d,Nicolas Fleuriau,ca CAN,FW,22,2,0,8,0.1,0,0,0,0,0,0,0,0,0.00,0.00,0.00,0.00,0.00,Matches,Major League Soccer,2025
de5f6ea2,Jackson Castro,us USA,MF,22,1,0,1,0.0,0,0,0,0,0,0,0,0,0.00,0.00,0.00,0.00,0.00,Matches,Major League Soccer,2025
d6aa8848,Max Anchor,ca CAN,GK,20,0,0,,,,,,,,,,,,,,,,Matches,Major League Soccer,2025
9792574e,Isaac Boehmer,us USA,GK,23,0,0,,,,,,,,,,,,,,,,Matches,Major League Soccer,2025
052dcd03,Nikola Djordjevic,us USA,DF,22,0,0,,,,,,,,,,,,,,,,Matches,Major League Soccer,2025
60f7c0c1,Mark O'Neill,us USA,DF,22,0,0,,,,,,,,,,,,,,,,Matches,Major League Soccer,2025
0014c269,Adrián Pelayo,us USA,DF,18,0,0,,,,,,,,,,,,,,,,Matches,Major League Soccer,2025
5b57b3c7,Joedrick Pupe,be BEL,DF,27,0,0,,,,,,,,,,,,,,,,Matches,Major League Soccer,2025
7232d6aa,Daniel Russo,us USA,DF,22,0,0,,,,,,,,,,,,,,,,Matches,Major League Soccer,2025
efd623db,Sebastian Schonlau,de GER,"DF,MF",30,0,0,,,,,,,,,,,,,,,,Matches,Major League Soccer,2025
d52cd2a0,Adrian Zendejas,mx MEX,GK,29,0,0,,,,,,,,,,,,,,,,Matches,Major League Soccer,2025
ea6803c7,Artur,br BRA,MF,28,33,32,"2,850",31.7,1,0,1,1,0,0,5,1,0.03,0.00,0.03,0.03,0.03,Matches,Major League Soccer,2025
ccbbe661,Ezequiel Ponce,ar ARG,FW,27,32,32,"2,669",29.7,10,1,11,9,1,1,8,0,0.34,0.03,0.37,0.30,0.34,Matches,Major League Soccer,2025
c182ca04,Griffin Dorsey,us USA,DF,25,33,29,"2,667",29.6,2,4,6,2,0,0,8,0,0.07,0.13,0.20,0.07,0.20,Matches,Major League Soccer,2025
c3a86eea,Jonathan Bond,eng ENG,GK,31,26,26,"2,340",26.0,0,0,0,0,0,0,0,0,0.00,0.00,0.00,0.00,0.00,Matches,Major League Soccer,2025
e2b8c25c,Jack McGlynn,us USA,"MF,FW",21,26,26,"2,308",25.6,6,6,12,4,2,2,2,0,0.23,0.23,0.47,0.16,0.39,Matches,Major League Soccer,2025
66a7effe,Ondřej Lingr,cz CZE,"MF,FW",26,26,22,"1,783",19.8,3,3,6,3,0,0,5,0,0.15,0.15,0.30,0.15,0.30,Matches,Major League Soccer,2025
ced1d98f,Amine Bassi,fr FRA,"MF,FW",27,29,20,"1,749",19.4,2,3,5,2,0,0,4,0,0.10,0.15,0.26,0.10,0.26,Matches,Major League Soccer,2025
b4caa0c5,Brooklyn Raines,us USA,MF,19,22,20,"1,695",18.8,0,0,0,0,0,0,8,1,0.00,0.00,0.00,0.00,0.00,Matches,Major League Soccer,2025
4cf81576,Felipe Andrade,br BRA,DF,22,23,19,"1,732",19.2,4,1,5,4,0,0,4,0,0.21,0.05,0.26,0.21,0.26,Matches,Major League Soccer,2025
54f33d0e,Franco Escobar,ar ARG,DF,29,23,18,"1,569",17.4,2,2,4,2,0,0,10,1,0.11,0.11,0.23,0.11,0.23,Matches,Major League Soccer,2025
70ac9e4f,Obafemi Awodesu,us USA,DF,23,24,17,"1,546",17.2,1,0,1,1,0,0,3,1,0.06,0.00,0.06,0.06,0.06,Matches,Major League Soccer,2025
1ea1a59a,Sebastian Kowalczyk,pl POL,"MF,FW",26,29,16,"1,498",16.6,1,1,2,1,0,0,4,0,0.06,0.06,0.12,0.06,0.12,Matches,Major League Soccer,2025
daf2b2ad,Pablo Ortiz,co COL,DF,24,20,16,"1,393",15.5,1,0,1,1,0,0,6,0,0.06,0.00,0.06,0.06,0.06,Matches,Major League Soccer,2025
552898bd,Ethan Bartlow,us USA,DF,24,22,14,"1,326",14.7,0,2,2,0,0,0,2,0,0.00,0.14,0.14,0.00,0.14,Matches,Major League Soccer,2025
9614b550,Erik Sviatchenko,dk DEN,DF,33,15,13,960,10.7,0,0,0,0,0,0,1,1,0.00,0.00,0.00,0.00,0.00,Matches,Major League Soccer,2025
b40424f1,Júnior Urso,br BRA,MF,35,19,11,973,10.8,1,1,2,1,0,0,4,0,0.09,0.09,0.18,0.09,0.18,Matches,Major League Soccer,2025
f77a051b,Lawrence Ennali,de GER,"MF,FW",22,18,10,994,11.0,1,4,5,1,0,0,2,0,0.09,0.36,0.45,0.09,0.45,Matches,Major League Soccer,2025
949fe1e8,Antonio Carlos,br BRA,DF,31,8,7,603,6.7,1,0,1,1,0,0,2,0,0.15,0.00,0.15,0.15,0.15,Matches,Major League Soccer,2025
fe81d0d1,Nicolás Lodeiro,uy URU,"MF,FW",35,16,6,580,6.4,1,1,2,1,0,0,0,0,0.16,0.16,0.31,0.16,0.31,Matches,Major League Soccer,2025
47a050ed,Duane Holmes,us USA,MF,30,18,5,583,6.5,1,0,1,1,0,0,3,0,0.15,0.00,0.15,0.15,0.15,Matches,Major League Soccer,2025
c5487a34,Andrew Tarbell,us USA,GK,31,4,4,306,3.4,0,0,0,0,0,0,0,0,0.00,0.00,0.00,0.00,0.00,Matches,Major League Soccer,2025
17c03c76,Daniel Steres,us USA,DF,34,8,3,398,4.4,0,0,0,0,0,0,2,0,0.00,0.00,0.00,0.00,0.00,Matches,Major League Soccer,2025
57fb1211,Blake Gillingham,us USA,GK,22,4,3,294,3.3,0,0,0,0,0,0,0,0,0.00,0.00,0.00,0.00,0.00,Matches,Major League Soccer,2025
363399b2,Aliyu Ibrahim,ng NGA,MF,23,8,2,176,2.0,0,0,0,0,0,0,1,0,0.00,0.00,0.00,0.00,0.00,Matches,Major League Soccer,2025
6a8e0145,Erik Duenas,us USA,MF,20,8,1,158,1.8,0,1,1,0,0,0,3,0,0.00,0.57,0.57,0.00,0.57,Matches,Major League Soccer,2025
031097ba,Gabe Segal,us USA,FW,23,11,1,154,1.7,2,0,2,1,1,1,0,0,1.17,0.00,1.17,0.58,0.58,Matches,Major League Soccer,2025
ca1c6f3d,Jimmy Maurer,us USA,GK,36,2,1,120,1.3,0,0,0,0,0,0,0,0,0.00,0.00,0.00,0.00,0.00,Matches,Major League Soccer,2025
b1aea125,Toyosi Olusanya,eng ENG,"FW,MF",27,6,0,58,0.6,0,1,1,0,0,0,1,0,0.00,1.55,1.55,0.00,1.55,Matches,Major League Soccer,2025
a930b263,Sergio Santos Gomes,br BRA,FW,30,2,0,18,0.2,1,0,1,1,0,0,0,0,5.00,0.00,5.00,5.00,5.00,Matches,Major League Soccer,2025
a295f0b3,Nelson Quiñones,co COL,MF,22,1,0,11,0.1,0,0,0,0,0,0,0,0,0.00,0.00,0.00,0.00,0.00,Matches,Major League Soccer,2025
ff625e8a,Andy Batioja,co COL,FW,19,1,0,10,0.1,0,0,0,0,0,0,0,0,0.00,0.00,0.00,0.00,0.00,Matches,Major League Soccer,2025
08593525,Diadie Samassékou,ml MLI,MF,29,1,0,1,0.0,0,0,0,0,0,0,0,0,0.00,0.00,0.00,0.00,0.00,Matches,Major League Soccer,2025
f1133dc0,Exon Arzú,hn HON,FW,20,0,0,,,,,,,,,,,,,,,,Matches,Major League Soccer,2025
8c630121,Diego Gonzalez,us USA,MF,22,0,0,,,,,,,,,,,,,,,,Matches,Major League Soccer,2025
6ad5f50e,Michael Halliday,us USA,DF,22,0,0,,,,,,,,,,,,,,,,Matches,Major League Soccer,2025
b6e2e54c,Damion Lowe,jm JAM,DF,31,0,0,,,,,,,,,,,,,,,,Matches,Major League Soccer,2025
7978c9db,Pedro,br BRA,GK,20,0,0,,,,,,,,,,,,,,,,Matches,Major League Soccer,2025
c6486b01,Anders Dreyer,dk DEN,FW,26,34,34,"3,019",33.5,19,17,36,16,3,4,3,0,0.57,0.51,1.07,0.48,0.98,Matches,Major League Soccer,2025
898b9fd1,Jeppe Tverskov,dk DEN,MF,31,33,33,"2,927",32.5,2,7,9,2,0,0,5,0,0.06,0.22,0.28,0.06,0.28,Matches,Major League Soccer,2025
149d8165,Christopher McVey,se SWE,DF,27,32,32,"2,853",31.7,2,0,2,2,0,0,5,0,0.06,0.00,0.06,0.06,0.06,Matches,Major League Soccer,2025
e329eaa6,C.J. dos Santos,us USA,GK,24,30,30,"2,700",30.0,0,0,0,0,0,0,1,0,0.00,0.00,0.00,0.00,0.00,Matches,Major League Soccer,2025
8ed8c801,Onni Valakari,fi FIN,"MF,FW",25,34,26,"2,446",27.2,4,7,11,4,0,0,4,0,0.15,0.26,0.40,0.15,0.40,Matches,Major League Soccer,2025
1b78973a,Luca Bombino,us USA,DF,18,26,24,"2,122",23.6,1,2,3,1,0,0,5,0,0.04,0.08,0.13,0.04,0.13,Matches,Major League Soccer,2025
e9241b40,Luca de la Torre,us USA,MF,26,30,24,"2,116",23.5,5,1,6,5,0,0,4,0,0.21,0.04,0.26,0.21,0.26,Matches,Major League Soccer,2025
a69e4806,Hirving Lozano,mx MEX,FW,29,27,22,"1,824",20.3,9,8,17,7,2,2,5,0,0.44,0.39,0.84,0.35,0.74,Matches,Major League Soccer,2025
2d496ca3,Aníbal Godoy,pa PAN,MF,34,25,21,"1,717",19.1,1,1,2,1,0,0,6,0,0.05,0.05,0.10,0.05,0.10,Matches,Major League Soccer,2025
8ac454b5,Paddy McNair,nir NIR,DF,29,23,21,"1,708",19.0,0,0,0,0,0,0,0,0,0.00,0.00,0.00,0.00,0.00,Matches,Major League Soccer,2025
037bebf4,Manu Duah,gh GHA,DF,19,14,12,"1,039",11.5,0,0,0,0,0,0,2,0,0.00,0.00,0.00,0.00,0.00,Matches,Major League Soccer,2025
10ec4169,Alex Mighten,eng ENG,FW,22,26,11,"1,049",11.7,1,0,1,1,0,0,1,0,0.09,0.00,0.09,0.09,0.09,Matches,Major League Soccer,2025
8409bad1,Oscar Verhoeven,us USA,DF,18,14,11,"1,002",11.1,0,0,0,0,0,0,2,0,0.00,0.00,0.00,0.00,0.00,Matches,Major League Soccer,2025
c7230a25,Tomas Ángel,co COL,FW,21,22,9,715,7.9,3,2,5,3,0,0,1,0,0.38,0.25,0.63,0.38,0.63,Matches,Major League Soccer,2025
a61d2c1a,Franco Negri,ar ARG,DF,29,15,9,657,7.3,1,1,2,1,0,0,4,0,0.14,0.14,0.27,0.14,0.27,Matches,Major League Soccer,2025
16151b25,Ian Pilcher,us USA,DF,21,17,8,921,10.2,1,1,2,1,0,0,3,0,0.10,0.10,0.20,0.10,0.20,Matches,Major League Soccer,2025
291b879c,Willy Kumado,gh GHA,DF,22,19,7,762,8.5,0,0,0,0,0,0,2,0,0.00,0.00,0.00,0.00,0.00,Matches,Major League Soccer,2025
ce037639,Jasper Löffelsend,de GER,DF,27,13,7,600,6.7,0,1,1,0,0,0,0,0,0.00,0.15,0.15,0.00,0.15,Matches,Major League Soccer,2025
14c93be3,Alejandro Alvarado Jr.,us USA,MF,21,12,6,488,5.4,0,0,0,0,0,0,2,0,0.00,0.00,0.00,0.00,0.00,Matches,Major League Soccer,2025
271b8617,Marcus Ingvartsen,dk DEN,FW,29,8,5,406,4.5,2,1,3,2,0,0,0,0,0.44,0.22,0.67,0.44,0.67,Matches,Major League Soccer,2025
85c4ef14,Aiden Harangi,us USA,DF,18,5,5,335,3.7,0,0,0,0,0,0,1,0,0.00,0.00,0.00,0.00,0.00,Matches,Major League Soccer,2025
550557e1,Pablo Sisniega,mx MEX,GK,29,4,4,360,4.0,0,0,0,0,0,0,0,0,0.00,0.00,0.00,0.00,0.00,Matches,Major League Soccer,2025
9d9e69df,Amahl Pellegrino,no NOR,FW,34,7,4,328,3.6,3,3,6,3,0,0,0,0,0.82,0.82,1.65,0.82,1.65,Matches,Major League Soccer,2025
4f87c75f,Milan Iloski,us USA,FW,25,14,3,479,5.3,10,1,11,10,0,0,0,0,1.88,0.19,2.07,1.88,2.07,Matches,Major League Soccer,2025
2d0d1442,Corey Baird,us USA,FW,29,5,3,263,2.9,0,0,0,0,0,0,0,0,0.00,0.00,0.00,0.00,0.00,Matches,Major League Soccer,2025
60419133,David Vazquez,us USA,"MF,FW",18,4,2,177,2.0,0,0,0,0,0,0,0,0,0.00,0.00,0.00,0.00,0.00,Matches,Major League Soccer,2025
36ab14f5,Andrés Reyes,co COL,DF,25,1,1,42,0.5,0,0,0,0,0,0,2,1,0.00,0.00,0.00,0.00,0.00,Matches,Major League Soccer,2025
25f77a5f,Emmanuel Boateng,gh GHA,"FW,MF",31,13,0,242,2.7,0,0,0,0,0,0,3,0,0.00,0.00,0.00,0.00,0.00,Matches,Major League Soccer,2025
8a6f47ca,Hamady Diop,sn SEN,DF,22,7,0,196,2.2,0,0,0,0,0,0,1,0,0.00,0.00,0.00,0.00,0.00,Matches,Major League Soccer,2025
c29783af,Pedro Soma,us USA,MF,18,5,0,71,0.8,0,0,0,0,0,0,0,0,0.00,0.00,0.00,0.00,0.00,Matches,Major League Soccer,2025
ca9e1a50,Leo Duru,eng ENG,DF,20,2,0,39,0.4,0,0,0,0,0,0,0,0,0.00,0.00,0.00,0.00,0.00,Matches,Major League Soccer,2025
2d567f34,Anisse Saidi,tn TUN,FW,16,1,0,9,0.1,0,0,0,0,0,0,0,0,0.00,0.00,0.00,0.00,0.00,Matches,Major League Soccer,2025
5f004975,Heine Bruseth,no NOR,MF,20,0,0,,,,,,,,,,,,,,,,Matches,Major League Soccer,2025
56b6d34f,Duran Ferree,us USA,GK,18,0,0,,,,,,,,,,,,,,,,Matches,Major League Soccer,2025
de301aee,Jacob Jackson,us USA,GK,24,0,0,,,,,,,,,,,,,,,,Matches,Major League Soccer,2025
a9aa0d1d,Aleksei Miranchuk,ru RUS,MF,29,33,31,"2,747",30.5,6,3,9,6,0,0,2,0,0.20,0.10,0.29,0.20,0.29,Matches,Major League Soccer,2025
862a1c15,Miguel Almirón,py PAR,"MF,FW",30,31,31,"2,706",30.1,6,4,10,3,3,3,4,0,0.20,0.13,0.33,0.10,0.23,Matches,Major League Soccer,2025
d899e3bf,Brad Guzan,us USA,GK,40,26,26,"2,340",26.0,0,0,0,0,0,0,1,0,0.00,0.00,0.00,0.00,0.00,Matches,Major League Soccer,2025
7ee64741,Bartosz Slisz,pl POL,MF,25,29,26,"2,293",25.5,2,1,3,2,0,0,10,0,0.08,0.04,0.12,0.08,0.12,Matches,Major League Soccer,2025
1c9cfad4,Emmanuel Latte Lath,ci CIV,FW,26,30,25,"2,195",24.4,7,1,8,6,1,1,7,0,0.29,0.04,0.33,0.25,0.29,Matches,Major League Soccer,2025
00dad262,Pedro Amador,pt POR,DF,26,26,24,"2,078",23.1,1,0,1,1,0,0,4,0,0.04,0.00,0.04,0.04,0.04,Matches,Major League Soccer,2025
84d6ce13,Saba Lobzhanidze,ge GEO,"MF,FW",30,33,23,"1,931",21.5,0,5,5,0,0,0,0,0,0.00,0.23,0.23,0.00,0.23,Matches,Major League Soccer,2025
5f011e05,Stian Rode Gregersen,no NOR,DF,29,18,18,"1,365",15.2,0,1,1,0,0,0,3,0,0.00,0.07,0.07,0.00,0.07,Matches,Major League Soccer,2025
ec80ba72,Brooks Lennon,us USA,DF,27,25,17,"1,556",17.3,1,3,4,1,0,0,2,0,0.06,0.17,0.23,0.06,0.23,Matches,Major League Soccer,2025
1f462f95,Luis Abram,pe PER,DF,28,21,16,"1,493",16.6,0,0,0,0,0,0,1,0,0.00,0.00,0.00,0.00,0.00,Matches,Major League Soccer,2025
de907bab,Ronald Hernández,ve VEN,DF,27,21,16,"1,316",14.6,1,1,2,1,0,0,3,0,0.07,0.07,0.14,0.07,0.14,Matches,Major League Soccer,2025
c0a28fbd,Derrick Williams,ie IRL,DF,32,17,15,"1,320",14.7,1,0,1,1,0,0,1,0,0.07,0.00,0.07,0.07,0.07,Matches,Major League Soccer,2025
bf7ba1d8,Tristan Muyumba,fr FRA,MF,27,24,15,"1,190",13.2,1,0,1,1,0,0,2,0,0.08,0.00,0.08,0.08,0.08,Matches,Major League Soccer,2025
8510e2e6,Matthew Edwards,us USA,DF,21,20,14,"1,207",13.4,0,1,1,0,0,0,3,0,0.00,0.07,0.07,0.00,0.07,Matches,Major League Soccer,2025
ecca2f67,Jamal Thiaré,sn SEN,FW,31,28,9,"1,007",11.2,5,0,5,5,0,0,2,0,0.45,0.00,0.45,0.45,0.45,Matches,Major League Soccer,2025
282679b4,Mateusz Klich,pl POL,MF,34,16,9,795,8.8,0,1,1,0,0,0,4,0,0.00,0.11,0.11,0.00,0.11,Matches,Major League Soccer,2025
6c3c3c3c,Ajani Fortune,tt TRI,MF,22,15,8,784,8.7,1,0,1,1,0,0,4,0,0.11,0.00,0.11,0.11,0.11,Matches,Major League Soccer,2025
203e4a15,Jayden Hibbert,ca CAN,GK,20,8,8,720,8.0,0,0,0,0,0,0,1,0,0.00,0.00,0.00,0.00,0.00,Matches,Major League Soccer,2025
ad1f61f3,Steven Alzate,co COL,MF,26,10,7,649,7.2,0,1,1,0,0,0,2,0,0.00,0.14,0.14,0.00,0.14,Matches,Major League Soccer,2025
29c28f01,Enea Mihaj,al ALB,DF,26,9,7,631,7.0,0,1,1,0,0,0,0,0,0.00,0.14,0.14,0.00,0.14,Matches,Major League Soccer,2025
f6f4f7f0,Luke Brennan,us USA,"MF,FW",19,14,6,530,5.9,0,1,1,0,0,0,1,0,0.00,0.17,0.17,0.00,0.17,Matches,Major League Soccer,2025
377ef3a6,Juan Berrocal,es ESP,DF,25,10,5,577,6.4,0,0,0,0,0,0,0,0,0.00,0.00,0.00,0.00,0.00,Matches,Major League Soccer,2025
2fb02c65,Efrain Morales,bo BOL,DF,20,5,5,405,4.5,0,0,0,0,0,0,2,0,0.00,0.00,0.00,0.00,0.00,Matches,Major League Soccer,2025
2361b580,William Reilly,us USA,MF,22,11,4,496,5.5,1,0,1,1,0,0,3,0,0.18,0.00,0.18,0.18,0.18,Matches,Major League Soccer,2025
4c46e404,Noah Cobb,us USA,DF,19,13,3,432,4.8,0,0,0,0,0,0,0,0,0.00,0.00,0.00,0.00,0.00,Matches,Major League Soccer,2025
15d561fa,Xande Silva,pt POR,MF,27,7,2,229,2.5,0,1,1,0,0,0,0,0,0.00,0.39,0.39,0.00,0.39,Matches,Major League Soccer,2025
a42fac72,Dominik Chong Qui,us USA,"MF,DF",17,3,2,150,1.7,0,0,0,0,0,0,0,0,0.00,0.00,0.00,0.00,0.00,Matches,Major League Soccer,2025
4fcf3b14,Cooper Sanchez,us USA,MF,16,2,1,101,1.1,0,0,0,0,0,0,0,0,0.00,0.00,0.00,0.00,0.00,Matches,Major League Soccer,2025
06e75d19,Leonardo Afonso,br BRA,MF,23,3,1,77,0.9,0,0,0,0,0,0,0,0,0.00,0.00,0.00,0.00,0.00,Matches,Major League Soccer,2025
15cda5f6,Edwin Mosquera,co COL,MF,23,10,0,156,1.7,1,0,1,1,0,0,3,0,0.58,0.00,0.58,0.58,0.58,Matches,Major League Soccer,2025
81273f6d,Cayman Togashi,jp JPN,FW,31,7,0,100,1.1,0,0,0,0,0,0,0,0,0.00,0.00,0.00,0.00,0.00,Matches,Major League Soccer,2025
619349ee,Salvatore Mazzaferro,ca CAN,DF,23,1,0,74,0.8,0,0,0,0,0,0,0,0,0.00,0.00,0.00,0.00,0.00,Matches,Major League Soccer,2025
ae2ee5a5,Patrick Weah,lr LBR,FW,21,1,0,6,0.1,0,0,0,0,0,0,0,0,0.00,0.00,0.00,0.00,0.00,Matches,Major League Soccer,2025
0ca423c9,Nykolas Sessock,us USA,DF,24,2,0,4,0.0,0,0,0,0,0,0,0,0,0.00,0.00,0.00,0.00,0.00,Matches,Major League Soccer,2025
75c2e240,Josh Cohen,us USA,GK,32,0,0,,,,,,,,,,,,,,,,Matches,Major League Soccer,2025
c33ca9b0,Ashton Gordon,jm JAM,FW,17,0,0,,,,,,,,,,,,,,,,Matches,Major League Soccer,2025
697db5a7,Rodrigo Neri,us USA,FW,19,0,0,,,,,,,,,,,,,,,,Matches,Major League Soccer,2025
ffd21f70,Adyn Torres,pr PUR,MF,17,0,0,,,,,,,,,,,,,,,,Matches,Major League Soccer,2025
11c30a46,Carles Gil,es ESP,"MF,FW",32,34,34,"3,054",33.9,10,9,19,5,5,5,3,0,0.29,0.27,0.56,0.15,0.41,Matches,Major League Soccer,2025
0de73fa4,Alhassan Yusuf,ng NGA,MF,24,34,32,"2,934",32.6,2,1,3,2,0,0,5,0,0.06,0.03,0.09,0.06,0.09,Matches,Major League Soccer,2025
4c4ffacc,Mamadou Fofana,ml MLI,DF,27,30,30,"2,571",28.6,0,1,1,0,0,0,9,0,0.00,0.04,0.04,0.00,0.04,Matches,Major League Soccer,2025
3fa61ade,Brayan Ceballos,co COL,DF,23,29,29,"2,551",28.3,1,0,1,1,0,0,9,0,0.04,0.00,0.04,0.04,0.04,Matches,Major League Soccer,2025
d1d418f8,Matt Polster,us USA,MF,31,26,26,"2,317",25.7,1,1,2,1,0,0,7,0,0.04,0.04,0.08,0.04,0.08,Matches,Major League Soccer,2025
fe91e603,Ilay Feingold,il ISR,"MF,DF",20,29,26,"2,239",24.9,3,3,6,3,0,0,3,0,0.12,0.12,0.24,0.12,0.24,Matches,Major League Soccer,2025
6cb5be4f,Peyton Miller,us USA,"MF,DF",17,26,25,"2,071",23.0,2,2,4,2,0,0,3,1,0.09,0.09,0.17,0.09,0.17,Matches,Major League Soccer,2025
4d6e50d8,Aljaž Ivačič,si SVN,GK,31,24,24,"2,160",24.0,0,0,0,0,0,0,1,0,0.00,0.00,0.00,0.00,0.00,Matches,Major League Soccer,2025
3f1b018e,Tanner Beason,us USA,DF,27,27,22,"1,946",21.6,0,1,1,0,0,0,1,0,0.00,0.05,0.05,0.00,0.05,Matches,Major League Soccer,2025
bf9c0749,Leonardo Campana,ec ECU,FW,24,24,20,"1,645",18.3,7,1,8,7,0,0,5,0,0.38,0.05,0.44,0.38,0.44,Matches,Major League Soccer,2025
b9532512,Luca Langoni,ar ARG,"MF,FW",22,27,19,"1,633",18.1,2,2,4,2,0,0,4,0,0.11,0.11,0.22,0.11,0.22,Matches,Major League Soccer,2025
23c63b7f,Ignatius Ganago,cm CMR,"MF,FW",25,20,19,"1,574",17.5,3,2,5,3,0,0,1,0,0.17,0.11,0.29,0.17,0.29,Matches,Major League Soccer,2025
317be364,Tomás Chancalay,ar ARG,"FW,MF",26,26,12,"1,175",13.1,4,2,6,4,0,0,4,0,0.31,0.15,0.46,0.31,0.46,Matches,Major League Soccer,2025
9fcd12af,Brandon Bye,us USA,"MF,DF",29,26,12,"1,107",12.3,0,0,0,0,0,0,0,0,0.00,0.00,0.00,0.00,0.00,Matches,Major League Soccer,2025
4a51ba65,Matt Turner,us USA,GK,30,10,10,900,10.0,0,0,0,0,0,0,0,0,0.00,0.00,0.00,0.00,0.00,Matches,Major League Soccer,2025
7dce16bf,Jackson Yueill,us USA,MF,27,14,8,726,8.1,0,0,0,0,0,0,1,0,0.00,0.00,0.00,0.00,0.00,Matches,Major League Soccer,2025
960a4473,William Sands,us USA,"MF,DF",24,19,6,737,8.2,0,0,0,0,0,0,3,0,0.00,0.00,0.00,0.00,0.00,Matches,Major League Soccer,2025
6c8fb474,Maximiliano Urruti,ar ARG,FW,33,20,5,591,6.6,2,0,2,2,0,0,3,0,0.30,0.00,0.30,0.30,0.30,Matches,Major League Soccer,2025
cd44ba68,Wyatt Omsberg,us USA,DF,29,9,4,393,4.4,0,0,0,0,0,0,0,0,0.00,0.00,0.00,0.00,0.00,Matches,Major League Soccer,2025
3b0f3e7a,Keegan Hughes,us USA,DF,24,7,4,369,4.1,0,0,0,0,0,0,2,0,0.00,0.00,0.00,0.00,0.00,Matches,Major League Soccer,2025
1b0cc998,Allan Oyirwoth,ug UGA,MF,18,5,4,286,3.2,0,0,0,0,0,0,3,0,0.00,0.00,0.00,0.00,0.00,Matches,Major League Soccer,2025
d9d3eb6c,Dor Turgeman,il ISR,FW,21,3,2,213,2.4,3,1,4,3,0,0,1,0,1.27,0.42,1.69,1.27,1.69,Matches,Major League Soccer,2025
1c9838aa,Luis Díaz,cr CRC,FW,26,19,1,398,4.4,0,1,1,0,0,0,2,0,0.00,0.23,0.23,0.00,0.23,Matches,Major League Soccer,2025
3d47c1ad,Noel Buck,eng ENG,MF,19,2,0,24,0.3,0,0,0,0,0,0,0,0,0.00,0.00,0.00,0.00,0.00,Matches,Major League Soccer,2025
71eda165,Andrew Farrell,us USA,DF,32,3,0,23,0.3,0,0,0,0,0,0,0,0,0.00,0.00,0.00,0.00,0.00,Matches,Major League Soccer,2025
0da84c8b,Sharod George,us USA,MF,20,1,0,5,0.1,0,0,0,0,0,0,0,0,0.00,0.00,0.00,0.00,0.00,Matches,Major League Soccer,2025
48493ede,Eric Klein,us USA,MF,18,2,0,2,0.0,0,0,0,0,0,0,0,0,0.00,0.00,0.00,0.00,0.00,Matches,Major League Soccer,2025
aa28a396,Alex Bono,us USA,GK,30,0,0,,,,,,,,,,,,,,,,Matches,Major League Soccer,2025
31aa1045,John David Gunn,pa PAN,GK,25,0,0,,,,,,,,,,,,,,,,Matches,Major League Soccer,2025
5f27940c,Gevork Diarbian,us USA,MF,23,0,0,,,,,,,,,,,,,,,,Matches,Major League Soccer,2025
730afdd6,Malcolm Fry,us USA,FW,19,0,0,,,,,,,,,,,,,,,,Matches,Major League Soccer,2025
c19a1f0f,Cristiano Oliveira,us USA,MF,16,0,0,,,,,,,,,,,,,,,,Matches,Major League Soccer,2025
121ca823,Jack Panayotou,us USA,MF,20,0,0,,,,,,,,,,,,,,,,Matches,Major League Soccer,2025
8bf8b648,Donovan Parisian,us USA,GK,20,0,0,,,,,,,,,,,,,,,,Matches,Major League Soccer,2025
467f09c8,Joe Willis,us USA,GK,36,34,34,"3,060",34.0,0,0,0,0,0,0,2,0,0.00,0.00,0.00,0.00,0.00,Matches,Major League Soccer,2025
87fe8526,Hany Mukhtar,de GER,"FW,MF",29,34,34,"2,997",33.3,16,8,24,13,3,5,5,0,0.48,0.24,0.72,0.39,0.63,Matches,Major League Soccer,2025
b017b770,Sam Surridge,eng ENG,FW,26,34,33,"2,934",32.6,24,3,27,19,5,6,2,0,0.74,0.09,0.83,0.58,0.67,Matches,Major League Soccer,2025
db97d838,Daniel Lovitz,us USA,DF,33,31,30,"2,721",30.2,2,6,8,2,0,0,5,0,0.07,0.20,0.26,0.07,0.26,Matches,Major League Soccer,2025
0c6f2fa6,Jack Maher,us USA,DF,25,30,29,"2,572",28.6,0,0,0,0,0,0,3,0,0.00,0.00,0.00,0.00,0.00,Matches,Major League Soccer,2025
215918bf,Edvard Sandvik Tagseth,no NOR,MF,24,33,29,"2,452",27.2,0,2,2,0,0,0,9,0,0.00,0.07,0.07,0.00,0.07,Matches,Major League Soccer,2025
f8280175,Andy Najar,hn HON,DF,31,33,28,"2,541",28.2,2,7,9,2,0,0,4,0,0.07,0.25,0.32,0.07,0.32,Matches,Major League Soccer,2025
2c1025bf,Alex Muyl,us USA,"MF,FW",29,32,28,"2,230",24.8,1,4,5,1,0,0,5,0,0.04,0.16,0.20,0.04,0.20,Matches,Major League Soccer,2025
1e745ee1,Patrick Yazbek,au AUS,MF,22,32,24,"2,103",23.4,1,0,1,1,0,0,6,0,0.04,0.00,0.04,0.04,0.04,Matches,Major League Soccer,2025
44014034,Jeison Palacios,co COL,DF,30,22,21,"1,829",20.3,2,0,2,2,0,0,3,0,0.10,0.00,0.10,0.10,0.10,Matches,Major League Soccer,2025
220fa883,Walker Zimmerman,us USA,DF,31,21,16,"1,532",17.0,0,2,2,0,0,0,3,0,0.00,0.12,0.12,0.00,0.12,Matches,Major League Soccer,2025
e947ee4a,Gastón Brugman,uy URU,MF,32,24,14,"1,278",14.2,0,1,1,0,0,0,2,0,0.00,0.07,0.07,0.00,0.07,Matches,Major League Soccer,2025
27219ecb,Ahmed Qasem,se SWE,MF,21,28,12,"1,223",13.6,2,1,3,2,0,0,2,0,0.15,0.07,0.22,0.15,0.22,Matches,Major League Soccer,2025
339a2561,Jacob Shaffelburg,ca CAN,MF,25,23,12,"1,110",12.3,4,2,6,4,0,0,1,0,0.32,0.16,0.49,0.32,0.49,Matches,Major League Soccer,2025
41e57408,Jonathan Perez,mx MEX,MF,22,22,10,852,9.5,1,2,3,1,0,0,5,1,0.11,0.21,0.32,0.11,0.32,Matches,Major League Soccer,2025
733aa9ec,Josh Bauer,us USA,DF,26,24,9,844,9.4,2,2,4,2,0,0,0,0,0.21,0.21,0.43,0.21,0.43,Matches,Major League Soccer,2025
0acbd246,Matthew Corcoran,us USA,MF,18,8,3,257,2.9,0,0,0,0,0,0,1,0,0.00,0.00,0.00,0.00,0.00,Matches,Major League Soccer,2025
a1674d2a,Wyatt Meyer,us USA,"MF,DF",24,6,3,235,2.6,0,0,0,0,0,0,0,0,0.00,0.00,0.00,0.00,0.00,Matches,Major League Soccer,2025
86f90eb1,Chris Applewhite,us USA,DF,17,5,2,190,2.1,0,0,0,0,0,0,0,0,0.00,0.00,0.00,0.00,0.00,Matches,Major League Soccer,2025
c5f400f4,Bryan Acosta,hn HON,MF,31,14,1,221,2.5,0,0,0,0,0,0,1,0,0.00,0.00,0.00,0.00,0.00,Matches,Major League Soccer,2025
3077fce8,Teal Bunbury,us USA,FW,34,21,1,211,2.3,0,0,0,0,0,0,0,0,0.00,0.00,0.00,0.00,0.00,Matches,Major League Soccer,2025
f4b1e26f,Tyler Boyd,us USA,MF,30,5,1,161,1.8,0,1,1,0,0,0,0,0,0.00,0.56,0.56,0.00,0.56,Matches,Major League Soccer,2025
60d6c271,Alan Carleton,us USA,MF,19,2,0,38,0.4,0,0,0,0,0,0,0,0,0.00,0.00,0.00,0.00,0.00,Matches,Major League Soccer,2025
15a987c9,Julian Gaines,us USA,DF,22,3,0,25,0.3,0,0,0,0,0,0,0,0,0.00,0.00,0.00,0.00,0.00,Matches,Major League Soccer,2025
fa21bbc8,Tate Schmitt,us USA,DF,27,2,0,16,0.2,0,0,0,0,0,0,0,0,0.00,0.00,0.00,0.00,0.00,Matches,Major League Soccer,2025
076ec0be,Jordan Knight,ca CAN,DF,22,0,0,,,,,,,,,,,,,,,,Matches,Major League Soccer,2025
bab56fee,Ethan O'Brien,ie IRL,MF,24,0,0,,,,,,,,,,,,,,,,Matches,Major League Soccer,2025
e287eefa,Brian Schwake,us USA,GK,23,0,0,,,,,,,,,,,,,,,,Matches,Major League Soccer,2025
49d05130,Adem Sipić,us USA,FW,18,0,0,,,,,,,,,,,,,,,,Matches,Major League Soccer,2025
1f184220,Xavier Valdez,do DOM,GK,21,0,0,,,,,,,,,,,,,,,,Matches,Major League Soccer,2025
480d3bcc,Taylor Washington,us USA,"DF,MF",31,0,0,,,,,,,,,,,,,,,,Matches,Major League Soccer,2025
48875649,Cristian Roldan,us USA,MF,29,31,30,"2,632",29.2,1,2,3,1,0,0,3,0,0.03,0.07,0.10,0.03,0.10,Matches,Major League Soccer,2025
f61246d8,Jesús Ferreira,us USA,"MF,FW",24,32,27,"2,176",24.2,4,4,8,4,0,0,3,0,0.17,0.17,0.33,0.17,0.33,Matches,Major League Soccer,2025
875e8269,Paul Rothrock,us USA,MF,26,33,27,"2,163",24.0,4,5,9,4,0,0,4,0,0.17,0.21,0.37,0.17,0.37,Matches,Major League Soccer,2025
1d0a0f3e,Stefan Frei,ch SUI,GK,38,26,26,"2,340",26.0,0,0,0,0,0,0,0,0,0.00,0.00,0.00,0.00,0.00,Matches,Major League Soccer,2025
9cc1fde4,Obed Vargas,mx MEX,MF,19,26,26,"2,268",25.2,3,1,4,3,0,0,4,0,0.12,0.04,0.16,0.12,0.16,Matches,Major League Soccer,2025
0796512f,Nouhou Tolo,cm CMR,DF,27,27,25,"2,197",24.4,1,2,3,1,0,0,5,2,0.04,0.08,0.12,0.04,0.12,Matches,Major League Soccer,2025
1255a82a,Alex Roldan,sv SLV,"DF,MF",28,29,24,"2,116",23.5,0,2,2,0,0,0,2,0,0.00,0.09,0.09,0.00,0.09,Matches,Major League Soccer,2025
e43c8d72,Yeimar Gómez Andrade,co COL,DF,32,24,24,"1,760",19.6,0,1,1,0,0,0,3,0,0.00,0.05,0.05,0.00,0.05,Matches,Major League Soccer,2025
0adeafaa,Albert Rusnák,sk SVK,"MF,FW",30,29,23,"2,148",23.9,11,8,19,8,3,3,3,1,0.46,0.34,0.80,0.34,0.67,Matches,Major League Soccer,2025
a3d67f70,Jackson Ragen,us USA,DF,26,24,21,"1,916",21.3,2,1,3,2,0,0,6,0,0.09,0.05,0.14,0.09,0.14,Matches,Major League Soccer,2025
925a2703,Daniel Musovski,mk MKD,FW,29,31,16,"1,562",17.4,14,4,18,13,1,1,6,0,0.81,0.23,1.04,0.75,0.98,Matches,Major League Soccer,2025
a7f6b9c4,Kalani Rienzi,us USA,"DF,MF",22,22,15,"1,414",15.7,3,2,5,3,0,0,4,1,0.19,0.13,0.32,0.19,0.32,Matches,Major League Soccer,2025
ef6e8c5b,Pedro De la Vega,ar ARG,"MF,FW",23,26,15,"1,173",13.0,4,4,8,4,0,0,0,0,0.31,0.31,0.61,0.31,0.61,Matches,Major League Soccer,2025
658a3134,Jon Bell,jm JAM,DF,27,21,13,"1,327",14.7,0,0,0,0,0,0,1,1,0.00,0.00,0.00,0.00,0.00,Matches,Major League Soccer,2025
46c6ba76,Kim Kee-hee,kr KOR,DF,35,15,10,"1,035",11.5,0,0,0,0,0,0,3,0,0.00,0.00,0.00,0.00,0.00,Matches,Major League Soccer,2025
bd298d0d,Jordan Morris,us USA,"FW,MF",30,17,8,753,8.4,5,1,6,5,0,1,0,0,0.60,0.12,0.72,0.60,0.72,Matches,Major League Soccer,2025
1425ee30,Andrew Thomas,ru RUS,GK,26,8,8,720,8.0,0,0,0,0,0,0,0,0,0.00,0.00,0.00,0.00,0.00,Matches,Major League Soccer,2025
574a5662,Georgi Minoungou,bf BFA,"MF,FW",22,21,6,726,8.1,1,3,4,1,0,0,0,0,0.12,0.37,0.50,0.12,0.50,Matches,Major League Soccer,2025
ecc3a9c9,Danny Leyva,us USA,MF,21,16,6,705,7.8,0,2,2,0,0,0,2,0,0.00,0.26,0.26,0.00,0.26,Matches,Major League Soccer,2025
816d7aec,Reed Baker-Whiting,us USA,DF,19,14,6,544,6.0,0,1,1,0,0,0,5,1,0.00,0.17,0.17,0.00,0.17,Matches,Major League Soccer,2025
b96aa1d6,João Paulo Mior,br BRA,MF,33,11,6,479,5.3,0,0,0,0,0,0,3,0,0.00,0.00,0.00,0.00,0.00,Matches,Major League Soccer,2025
316de854,Ryan Kent,eng ENG,MF,28,15,5,543,6.0,0,3,3,0,0,0,0,0,0.00,0.50,0.50,0.00,0.50,Matches,Major League Soccer,2025
1861c746,Snyder Brunell,us USA,MF,17,6,3,293,3.3,2,0,2,2,0,0,0,0,0.61,0.00,0.61,0.61,0.61,Matches,Major League Soccer,2025
1b09202f,Osaze De Rosario,gy GUY,FW,23,12,3,259,2.9,1,0,1,1,0,0,2,0,0.35,0.00,0.35,0.35,0.35,Matches,Major League Soccer,2025
fdffba5d,Cody Baker,us USA,DF,21,3,1,117,1.3,0,0,0,0,0,0,0,0,0.00,0.00,0.00,0.00,0.00,Matches,Major League Soccer,2025
c7e13846,Stuart Hawkins,us USA,DF,18,4,0,127,1.4,0,0,0,0,0,0,0,0,0.00,0.00,0.00,0.00,0.00,Matches,Major League Soccer,2025
1bb2acce,Paul Arriola,us USA,"FW,MF",29,2,0,75,0.8,0,0,0,0,0,0,0,0,0.00,0.00,0.00,0.00,0.00,Matches,Major League Soccer,2025
7a798d92,Peter Kingston,us USA,MF,23,1,0,11,0.1,0,0,0,0,0,0,0,0,0.00,0.00,0.00,0.00,0.00,Matches,Major League Soccer,2025
7b02a7e1,Antino Lopez,us USA,DF,22,1,0,1,0.0,0,0,0,0,0,0,0,0,0.00,0.00,0.00,0.00,0.00,Matches,Major League Soccer,2025
4b3c8ed3,Jacob Castro,us USA,GK,25,0,0,,,,,,,,,,,,,,,,Matches,Major League Soccer,2025
fb5ae5a2,Sebastian Gomez,us USA,MF,18,0,0,,,,,,,,,,,,,,,,Matches,Major League Soccer,2025
1eb5b7fc,Travian Sousa,us USA,DF,23,0,0,,,,,,,,,,,,,,,,Matches,Major League Soccer,2025
52fdf512,Andreas Maxsø,dk DEN,DF,30,32,32,"2,880",32.0,1,0,1,1,0,0,4,0,0.03,0.00,0.03,0.03,0.03,Matches,Major League Soccer,2025
4b5ab509,Rafael Navarro,br BRA,FW,24,31,30,"2,661",29.6,12,3,15,10,2,4,2,0,0.41,0.10,0.51,0.34,0.44,Matches,Major League Soccer,2025
ad9ffc7e,Reggie Cannon,us USA,DF,26,28,28,"2,443",27.1,0,0,0,0,0,0,10,0,0.00,0.00,0.00,0.00,0.00,Matches,Major League Soccer,2025
ecdbe767,Oliver Larraz,us USA,MF,23,33,26,"2,217",24.6,0,3,3,0,0,0,3,0,0.00,0.12,0.12,0.00,0.12,Matches,Major League Soccer,2025
2c8da8a1,Cole Bassett,us USA,MF,23,28,25,"2,196",24.4,3,3,6,2,1,1,4,0,0.12,0.12,0.25,0.08,0.20,Matches,Major League Soccer,2025
83cf9719,Djordje Mihailovic,us USA,"MF,FW",26,24,24,"2,055",22.8,9,6,15,5,4,6,2,0,0.39,0.26,0.66,0.22,0.48,Matches,Major League Soccer,2025
42130443,Zack Steffen,us USA,GK,29,23,23,"2,070",23.0,0,0,0,0,0,0,3,0,0.00,0.00,0.00,0.00,0.00,Matches,Major League Soccer,2025
1f084637,Joshua Atencio,us USA,MF,23,27,23,"1,771",19.7,0,0,0,0,0,0,2,0,0.00,0.00,0.00,0.00,0.00,Matches,Major League Soccer,2025
70d8e84c,Chidozie Awaziem,ng NGA,DF,28,20,20,"1,773",19.7,0,1,1,0,0,0,6,0,0.00,0.05,0.05,0.00,0.05,Matches,Major League Soccer,2025
63abd734,Darren Yapi,us USA,"FW,MF",20,29,17,"1,430",15.9,8,2,10,8,0,0,5,0,0.50,0.13,0.63,0.50,0.63,Matches,Major League Soccer,2025
07b0aeef,Calvin Harris,eng ENG,MF,24,27,13,"1,334",14.8,5,1,6,5,0,0,2,0,0.34,0.07,0.40,0.34,0.40,Matches,Major League Soccer,2025
2d6e535f,Sam Vines,us USA,DF,25,22,13,"1,271",14.1,0,2,2,0,0,0,0,0,0.00,0.14,0.14,0.00,0.14,Matches,Major League Soccer,2025
ef7c10e0,Theodore Ku-Dipietro,us USA,MF,23,25,12,"1,142",12.7,1,2,3,1,0,0,2,0,0.08,0.16,0.24,0.08,0.24,Matches,Major League Soccer,2025
c6d233e3,Ian Murphy,us USA,DF,25,16,12,"1,048",11.6,0,0,0,0,0,0,1,0,0.00,0.00,0.00,0.00,0.00,Matches,Major League Soccer,2025
f940c69e,Keegan Rosenberry,us USA,"DF,MF",31,16,10,"1,051",11.7,2,0,2,2,0,0,0,0,0.17,0.00,0.17,0.17,0.17,Matches,Major League Soccer,2025
1b804500,Connor Ronan,ie IRL,MF,26,24,10,"1,019",11.3,0,0,0,0,0,0,1,0,0.00,0.00,0.00,0.00,0.00,Matches,Major League Soccer,2025
58d7534b,Nicholas Hansen,dk DEN,GK,23,10,10,900,10.0,0,0,0,0,0,0,0,0,0.00,0.00,0.00,0.00,0.00,Matches,Major League Soccer,2025
42af215b,Kevin Cabral,fr FRA,"MF,FW",25,18,10,767,8.5,0,0,0,0,0,0,4,0,0.00,0.00,0.00,0.00,0.00,Matches,Major League Soccer,2025
08b318c0,Jackson Travis,us USA,DF,20,9,9,675,7.5,0,0,0,0,0,0,2,1,0.00,0.00,0.00,0.00,0.00,Matches,Major League Soccer,2025
4cd41883,Paxten Aaronson,us USA,MF,21,7,6,572,6.4,1,0,1,1,0,0,3,0,0.16,0.00,0.16,0.16,0.16,Matches,Major League Soccer,2025
d79a8c87,Rob Holding,eng ENG,DF,29,6,6,526,5.8,0,0,0,0,0,0,1,0,0.00,0.00,0.00,0.00,0.00,Matches,Major League Soccer,2025
c72a6057,Rafael Santos,br BRA,"DF,MF",26,7,5,378,4.2,1,2,3,1,0,0,0,0,0.24,0.48,0.71,0.24,0.71,Matches,Major League Soccer,2025
4c46e404,Noah Cobb,us USA,DF,19,4,4,360,4.0,0,0,0,0,0,0,0,0,0.00,0.00,0.00,0.00,0.00,Matches,Major League Soccer,2025
3449d750,Sam Bassett,us USA,MF,21,12,3,339,3.8,0,1,1,0,0,0,1,0,0.00,0.27,0.27,0.00,0.27,Matches,Major League Soccer,2025
9f5400d8,Wayne Frederick,tt TRI,MF,20,9,2,222,2.5,0,0,0,0,0,0,3,1,0.00,0.00,0.00,0.00,0.00,Matches,Major League Soccer,2025
800d439e,Adam Beaudry,us USA,GK,18,1,1,90,1.0,0,0,0,0,0,0,0,0,0.00,0.00,0.00,0.00,0.00,Matches,Major League Soccer,2025
622986f0,Omir Fernandez,us USA,MF,25,8,0,182,2.0,0,2,2,0,0,0,0,0,0.00,0.99,0.99,0.00,0.99,Matches,Major League Soccer,2025
73ca72d5,Alex Harris,us USA,FW,19,4,0,44,0.5,0,0,0,0,0,0,0,0,0.00,0.00,0.00,0.00,0.00,Matches,Major League Soccer,2025
6e159787,Alexis Manyoma,co COL,MF,22,3,0,42,0.5,0,0,0,0,0,0,0,0,0.00,0.00,0.00,0.00,0.00,Matches,Major League Soccer,2025
7b84fa86,Kimani Stewart-Baynes,ca CAN,FW,20,4,0,31,0.3,0,0,0,0,0,0,0,0,0.00,0.00,0.00,0.00,0.00,Matches,Major League Soccer,2025
f03bba0c,Michael Edwards,us USA,DF,24,1,0,27,0.3,0,0,0,0,0,0,0,0,0.00,0.00,0.00,0.00,0.00,Matches,Major League Soccer,2025
5ab1ace2,Anderson Rosa,br BRA,DF,23,2,0,23,0.3,0,0,0,0,0,0,0,0,0.00,0.00,0.00,0.00,0.00,Matches,Major League Soccer,2025
afc2507c,Daouda Amadou,cm CMR,MF,22,1,0,11,0.1,0,0,0,0,0,0,0,0,0.00,0.00,0.00,0.00,0.00,Matches,Major League Soccer,2025
30c8e1f9,Sydney Wathuta,ca CAN,DF,20,1,0,1,0.0,0,0,0,0,0,0,0,0,0.00,0.00,0.00,0.00,0.00,Matches,Major League Soccer,2025
25e320eb,Zackory Campagnolo,us USA,GK,17,0,0,,,,,,,,,,,,,,,,Matches,Major League Soccer,2025
e6dd80d9,Ali Fadal,gh GHA,MF,21,0,0,,,,,,,,,,,,,,,,Matches,Major League Soccer,2025
b76e1394,Pedro Gallese,pe PER,GK,34,32,32,"2,880",32.0,0,1,1,0,0,0,6,0,0.00,0.03,0.03,0.00,0.03,Matches,Major League Soccer,2025
1866b0f1,Marco Pašalić,hr CRO,MF,24,33,32,"2,568",28.5,12,5,17,12,0,0,3,0,0.42,0.18,0.60,0.42,0.60,Matches,Major League Soccer,2025
5bb02df4,Rodrigo Schlegel,ar ARG,DF,27,31,31,"2,679",29.8,0,0,0,0,0,0,11,1,0.00,0.00,0.00,0.00,0.00,Matches,Major League Soccer,2025
016a7f95,Martín Ojeda,ar ARG,"FW,MF",26,33,30,"2,680",29.8,16,9,25,14,2,2,0,0,0.54,0.30,0.84,0.47,0.77,Matches,Major League Soccer,2025
8ca5c176,Robin Jansson,se SWE,DF,33,30,30,"2,613",29.0,1,0,1,1,0,0,6,0,0.03,0.00,0.03,0.03,0.03,Matches,Major League Soccer,2025
55a5d959,Iván Angulo,co COL,MF,25,33,30,"2,305",25.6,0,4,4,0,0,0,4,0,0.00,0.16,0.16,0.00,0.16,Matches,Major League Soccer,2025
fd594b15,David Brekalo,si SVN,DF,26,29,27,"2,402",26.7,1,2,3,1,0,0,5,0,0.04,0.07,0.11,0.04,0.11,Matches,Major League Soccer,2025
754f150b,Alex Freeman,us USA,DF,20,29,26,"2,453",27.3,6,3,9,6,0,0,4,0,0.22,0.11,0.33,0.22,0.33,Matches,Major League Soccer,2025
60990b81,Eduard Atuesta,co COL,MF,27,28,25,"2,268",25.2,0,6,6,0,0,0,6,0,0.00,0.24,0.24,0.00,0.24,Matches,Major League Soccer,2025
eb2fe5b6,Luis Muriel,co COL,FW,33,33,25,"2,104",23.4,9,6,15,8,1,1,1,1,0.38,0.26,0.64,0.34,0.60,Matches,Major League Soccer,2025
3ed214ff,César Araujo,uy URU,MF,23,22,20,"1,798",20.0,2,3,5,2,0,0,6,1,0.10,0.15,0.25,0.10,0.25,Matches,Major League Soccer,2025
581597fc,Joran Gerbet,fr FRA,MF,23,20,13,"1,117",12.4,0,1,1,0,0,0,2,0,0.00,0.08,0.08,0.00,0.08,Matches,Major League Soccer,2025
9e6b2ec3,Kyle Smith,us USA,"MF,DF",33,29,12,"1,151",12.8,0,2,2,0,0,0,5,0,0.00,0.16,0.16,0.00,0.16,Matches,Major League Soccer,2025
c350e7d5,Dagur Dan Þórhallsson,is ISL,"DF,MF",24,31,11,"1,116",12.4,3,0,3,3,0,0,3,0,0.24,0.00,0.24,0.24,0.24,Matches,Major League Soccer,2025
35c95bb2,Ramiro Enrique,ar ARG,FW,23,24,8,942,10.5,8,0,8,8,0,0,2,0,0.76,0.00,0.76,0.76,0.76,Matches,Major League Soccer,2025
e0d45022,Duncan McGuire,us USA,FW,23,18,6,731,8.1,3,2,5,3,0,0,1,0,0.37,0.25,0.62,0.37,0.62,Matches,Major League Soccer,2025
c72a6057,Rafael Santos,br BRA,DF,26,17,6,677,7.5,0,0,0,0,0,0,3,1,0.00,0.00,0.00,0.00,0.00,Matches,Major League Soccer,2025
b7f2edff,Adrián Marín,es ESP,DF,28,5,4,327,3.6,0,0,0,0,0,0,1,0,0.00,0.00,0.00,0.00,0.00,Matches,Major League Soccer,2025
685576cf,Tyrese Spicer,tt TRI,"MF,FW",24,8,2,283,3.1,1,2,3,1,0,0,0,0,0.32,0.64,0.95,0.32,0.95,Matches,Major League Soccer,2025
718c76da,Nicolás Rodríguez,co COL,"MF,FW",20,12,2,220,2.4,1,0,1,1,0,0,1,0,0.41,0.00,0.41,0.41,0.41,Matches,Major League Soccer,2025
67cbc8e7,Javier Otero,ve VEN,GK,22,2,2,180,2.0,0,0,0,0,0,0,1,0,0.00,0.00,0.00,0.00,0.00,Matches,Major League Soccer,2025
0896e23e,Zakaria Taifi,us USA,MF,19,6,0,40,0.4,0,0,0,0,0,0,0,0,0.00,0.00,0.00,0.00,0.00,Matches,Major League Soccer,2025
c3b97297,Gustavo Caraballo,ve VEN,FW,16,5,0,17,0.2,0,0,0,0,0,0,0,0,0.00,0.00,0.00,0.00,0.00,Matches,Major League Soccer,2025
ebf7ddd9,Colin Guske,us USA,MF,18,5,0,16,0.2,0,0,0,0,0,0,1,0,0.00,0.00,0.00,0.00,0.00,Matches,Major League Soccer,2025
d46d1cdd,Thomas Williams,us USA,DF,20,1,0,11,0.1,0,0,0,0,0,0,0,0,0.00,0.00,0.00,0.00,0.00,Matches,Major League Soccer,2025
85430bbc,Shakur Mohammed,gh GHA,MF,21,2,0,5,0.1,0,0,0,0,0,0,0,0,0.00,0.00,0.00,0.00,0.00,Matches,Major League Soccer,2025
fee55588,Justin Ellis,us USA,FW,17,1,0,3,0.0,0,0,0,0,0,0,0,0,0.00,0.00,0.00,0.00,0.00,Matches,Major League Soccer,2025
c40717f5,Favian Loyola,cl CHI,MF,19,0,0,,,,,,,,,,,,,,,,Matches,Major League Soccer,2025
187e8ec5,Carlos Mercado,us USA,GK,25,0,0,,,,,,,,,,,,,,,,Matches,Major League Soccer,2025
7fa20456,Tahir Reid-Brown,us USA,DF,18,0,0,,,,,,,,,,,,,,,,Matches,Major League Soccer,2025
49a1d6f5,Titus Sandy Jr,dm DMA,DF,23,0,0,,,,,,,,,,,,,,,,Matches,Major League Soccer,2025
dff01e56,Riyon Tori,jp JPN,MF,23,0,0,,,,,,,,,,,,,,,,Matches,Major League Soccer,2025
9bf9391c,Wil Trapp,us USA,MF,32,34,32,"2,717",30.2,2,2,4,2,0,0,3,0,0.07,0.07,0.13,0.07,0.13,Matches,Major League Soccer,2025
3f41d25f,Dayne St. Clair,ca CAN,GK,27,30,30,"2,700",30.0,0,0,0,0,0,0,4,0,0.00,0.00,0.00,0.00,0.00,Matches,Major League Soccer,2025
98af660d,Joaquín Pereyra,ar ARG,"MF,FW",26,33,29,"2,561",28.5,6,8,14,6,0,0,8,0,0.21,0.28,0.49,0.21,0.49,Matches,Major League Soccer,2025
6bfa0d3a,Michael Boxall,nz NZL,DF,36,31,28,"2,651",29.5,1,1,2,1,0,0,5,0,0.03,0.03,0.07,0.03,0.07,Matches,Major League Soccer,2025
33c69aa0,Robin Lod,fi FIN,"MF,FW",31,33,28,"2,454",27.3,5,3,8,4,1,1,4,0,0.18,0.11,0.29,0.15,0.26,Matches,Major League Soccer,2025
de9952b5,Bongokuhle Hlongwane,za RSA,"DF,MF",24,34,27,"2,379",26.4,3,1,4,3,0,0,1,0,0.11,0.04,0.15,0.11,0.15,Matches,Major League Soccer,2025
bc4b0544,Nicolás Romero,ar ARG,DF,21,27,25,"2,125",23.6,0,5,5,0,0,0,10,0,0.00,0.21,0.21,0.00,0.21,Matches,Major League Soccer,2025
ec27d954,Jefferson Díaz,co COL,DF,24,27,24,"1,899",21.1,0,3,3,0,0,0,3,0,0.00,0.14,0.14,0.00,0.14,Matches,Major League Soccer,2025
ea0893d6,Kelvin Yeboah,it ITA,FW,24,30,23,"2,042",22.7,9,0,9,6,3,3,3,0,0.40,0.00,0.40,0.26,0.26,Matches,Major League Soccer,2025
565fde4a,Anthony Markanich,ph PHI,"DF,MF",25,31,23,"1,895",21.1,9,1,10,9,0,0,5,0,0.43,0.05,0.47,0.43,0.47,Matches,Major League Soccer,2025
950ef017,Tani Oluwaseyi,ca CAN,"FW,MF",24,24,21,"1,856",20.6,10,7,17,10,0,0,5,0,0.48,0.34,0.82,0.48,0.82,Matches,Major League Soccer,2025
3f18600c,Carlos Harvey,pa PAN,"DF,MF",24,25,16,"1,526",17.0,2,1,3,2,0,0,2,0,0.12,0.06,0.18,0.12,0.18,Matches,Major League Soccer,2025
6a29d06b,Joseph Rosales,hn HON,"DF,MF",24,25,15,"1,449",16.1,1,2,3,1,0,0,2,0,0.06,0.12,0.19,0.06,0.19,Matches,Major League Soccer,2025
04391c12,Morris Duggan,de GER,DF,24,21,14,"1,311",14.6,0,1,1,0,0,0,1,0,0.00,0.07,0.07,0.00,0.07,Matches,Major League Soccer,2025
acd47bc0,Julian Gressel,us USA,"DF,MF",31,21,12,"1,086",12.1,1,3,4,1,0,0,2,0,0.08,0.25,0.33,0.08,0.33,Matches,Major League Soccer,2025
bfff2337,Owen Géne,fr FRA,MF,21,22,5,655,7.3,0,0,0,0,0,0,0,0,0.00,0.00,0.00,0.00,0.00,Matches,Major League Soccer,2025
8f2af1ed,Hassani Dotson,us USA,MF,27,8,5,416,4.6,1,0,1,1,0,0,2,0,0.22,0.00,0.22,0.22,0.22,Matches,Major League Soccer,2025
73d58203,Nectarios Triantis,gr GRE,"MF,DF",21,5,4,352,3.9,2,2,4,2,0,0,1,0,0.51,0.51,1.02,0.51,1.02,Matches,Major League Soccer,2025
c0a7d95b,Wessel Speel,nl NED,GK,23,3,3,199,2.2,0,0,0,0,0,0,0,0,0.00,0.00,0.00,0.00,0.00,Matches,Major League Soccer,2025
f6fca8c6,Jeong Sangbin,kr KOR,"MF,FW",22,15,2,319,3.5,0,0,0,0,0,0,1,0,0.00,0.00,0.00,0.00,0.00,Matches,Major League Soccer,2025
ed4dc7f4,D.J. Taylor,us USA,DF,27,7,1,202,2.2,0,0,0,0,0,0,0,0,0.00,0.00,0.00,0.00,0.00,Matches,Major League Soccer,2025
c650c63c,Alec Smir,us USA,GK,25,2,1,161,1.8,0,0,0,0,0,0,1,0,0.00,0.00,0.00,0.00,0.00,Matches,Major League Soccer,2025
ea19e14d,Dominik Fitz,at AUT,MF,25,5,1,151,1.7,0,0,0,0,0,0,0,0,0.00,0.00,0.00,0.00,0.00,Matches,Major League Soccer,2025
31429cca,Mamadou Dieng,sn SEN,FW,20,4,1,114,1.3,0,0,0,0,0,0,0,0,0.00,0.00,0.00,0.00,0.00,Matches,Major League Soccer,2025
004b090e,Devin Padelford,us USA,DF,22,4,1,105,1.2,0,0,0,0,0,0,0,0,0.00,0.00,0.00,0.00,0.00,Matches,Major League Soccer,2025
751c1de2,Jung Hoyeon,kr KOR,MF,24,4,1,89,1.0,0,0,0,0,0,0,0,0,0.00,0.00,0.00,0.00,0.00,Matches,Major League Soccer,2025
3864b63d,Kieran Chandler,us USA,DF,19,1,1,64,0.7,0,0,0,0,0,0,0,0,0.00,0.00,0.00,0.00,0.00,Matches,Major League Soccer,2025
cfbe04c3,Alisa Randell,lr LBR,MF,17,4,1,64,0.7,0,0,0,0,0,0,0,0,0.00,0.00,0.00,0.00,0.00,Matches,Major League Soccer,2025
df855e4b,Samuel Shashoua,eng ENG,"FW,MF",25,5,0,105,1.2,0,0,0,0,0,0,0,0,0.00,0.00,0.00,0.00,0.00,Matches,Major League Soccer,2025
9d66e108,Loïc Mesanvi,tg TOG,FW,21,2,0,12,0.1,0,0,0,0,0,0,0,0,0.00,0.00,0.00,0.00,0.00,Matches,Major League Soccer,2025
fe30e5a2,Luke Hille,us USA,MF,21,1,0,1,0.0,0,0,0,0,0,0,0,0,0.00,0.00,0.00,0.00,0.00,Matches,Major League Soccer,2025
fe5fea9f,Kipp Keller,us USA,DF,24,0,0,,,,,,,,,,,,,,,,Matches,Major League Soccer,2025
10d2b097,Kayne Rizvanovich,us USA,GK,17,0,0,,,,,,,,,,,,,,,,Matches,Major League Soccer,2025
9c794a80,Cristian Espinoza,ar ARG,"MF,FW",29,31,30,"2,688",29.9,4,8,12,3,1,1,8,0,0.13,0.27,0.40,0.10,0.37,Matches,Major League Soccer,2025
fea9401e,Cristian Arango,co COL,"FW,MF",29,30,30,"2,551",28.3,13,3,16,10,3,3,6,0,0.46,0.11,0.56,0.35,0.46,Matches,Major League Soccer,2025
b7b6e781,David Romney,us USA,DF,31,33,29,"2,673",29.7,0,0,0,0,0,0,4,0,0.00,0.00,0.00,0.00,0.00,Matches,Major League Soccer,2025
636fc976,Daniel,br BRA,GK,30,29,29,"2,495",27.7,0,0,0,0,0,0,3,0,0.00,0.00,0.00,0.00,0.00,Matches,Major League Soccer,2025
73fdc4c2,Ian Harkes,us USA,MF,29,30,26,"2,145",23.8,3,2,5,3,0,0,7,1,0.13,0.08,0.21,0.13,0.21,Matches,Major League Soccer,2025
6a9ab308,Beau Leroux,us USA,MF,21,33,25,"2,105",23.4,5,3,8,5,0,0,3,0,0.21,0.13,0.34,0.21,0.34,Matches,Major League Soccer,2025
ce44f0de,Daniel Munie,us USA,DF,24,24,22,"1,991",22.1,2,2,4,2,0,0,4,0,0.09,0.09,0.18,0.09,0.18,Matches,Major League Soccer,2025
e73f0aa1,Josef Martínez,ve VEN,FW,31,30,21,"1,873",20.8,14,2,16,13,1,1,0,0,0.67,0.10,0.77,0.62,0.72,Matches,Major League Soccer,2025
e28ae695,Vitor Costa,br BRA,MF,30,25,19,"1,612",17.9,1,2,3,1,0,0,5,0,0.06,0.11,0.17,0.06,0.17,Matches,Major League Soccer,2025
67f5e064,Rodrigues,br BRA,DF,27,20,17,"1,481",16.5,1,1,2,1,0,0,4,0,0.06,0.06,0.12,0.06,0.12,Matches,Major League Soccer,2025
0672f944,Ousseni Bouda,bf BFA,"MF,FW",24,34,13,"1,329",14.8,3,1,4,3,0,0,4,0,0.20,0.07,0.27,0.20,0.27,Matches,Major League Soccer,2025
965fc36d,Bruno Wilson,pt POR,DF,28,16,13,"1,226",13.6,1,0,1,1,0,0,4,0,0.07,0.00,0.07,0.07,0.07,Matches,Major League Soccer,2025
10d1139c,DeJuan Jones,us USA,MF,27,15,13,"1,159",12.9,1,6,7,1,0,0,3,1,0.08,0.47,0.54,0.08,0.54,Matches,Major League Soccer,2025
c4bf0bb9,Jamar Ricketts,us USA,"MF,DF",23,19,12,915,10.2,1,2,3,1,0,0,0,0,0.10,0.20,0.30,0.10,0.30,Matches,Major League Soccer,2025
00534d73,Preston Judd,us USA,FW,25,29,10,"1,057",11.7,6,2,8,6,0,0,5,0,0.51,0.17,0.68,0.51,0.68,Matches,Major League Soccer,2025
36a38acd,Mark-Anthony Kaye,ca CAN,MF,30,27,10,"1,017",11.3,1,2,3,1,0,0,5,0,0.09,0.18,0.27,0.09,0.27,Matches,Major League Soccer,2025
5e49d644,Reid Roberts,us USA,"DF,MF",21,14,10,890,9.9,0,0,0,0,0,0,6,1,0.00,0.00,0.00,0.00,0.00,Matches,Major League Soccer,2025
b1c742df,Max Floriani,us USA,DF,21,14,9,822,9.1,0,0,0,0,0,0,4,0,0.00,0.00,0.00,0.00,0.00,Matches,Major League Soccer,2025
75e60d75,Ronaldo Vieira,gw GNB,MF,26,7,6,540,6.0,0,0,0,0,0,0,4,0,0.00,0.00,0.00,0.00,0.00,Matches,Major League Soccer,2025
10f6f942,Earl Edwards Jr.,us USA,GK,33,7,5,565,6.3,0,0,0,0,0,0,1,0,0.00,0.00,0.00,0.00,0.00,Matches,Major League Soccer,2025
9d9e69df,Amahl Pellegrino,no NOR,"MF,FW",34,13,5,488,5.4,1,1,2,1,0,0,0,0,0.18,0.18,0.37,0.18,0.37,Matches,Major League Soccer,2025
fe11d61b,Benjamin Kikanovic,us USA,"MF,DF",25,10,5,422,4.7,0,0,0,0,0,0,3,0,0.00,0.00,0.00,0.00,0.00,Matches,Major League Soccer,2025
959686eb,Nick Lima,us USA,"MF,DF",30,11,4,451,5.0,0,0,0,0,0,0,1,0,0.00,0.00,0.00,0.00,0.00,Matches,Major League Soccer,2025
cb501677,Niko Tsakiris,us USA,MF,19,11,4,365,4.1,1,1,2,1,0,0,0,0,0.25,0.25,0.49,0.25,0.49,Matches,Major League Soccer,2025
2e8597d8,Hernán López Muñoz,ar ARG,"MF,FW",24,5,4,252,2.8,0,0,0,0,0,0,2,1,0.00,0.00,0.00,0.00,0.00,Matches,Major League Soccer,2025
43801098,Nick Fernandez,us USA,MF,23,2,2,117,1.3,0,0,0,0,0,0,0,0,0.00,0.00,0.00,0.00,0.00,Matches,Major League Soccer,2025
da0bb55a,Paul Marie,fr FRA,FW,29,2,1,103,1.1,0,0,0,0,0,0,0,0,0.00,0.00,0.00,0.00,0.00,Matches,Major League Soccer,2025
3d47c1ad,Noel Buck,eng ENG,MF,19,9,0,151,1.7,0,1,1,0,0,0,0,0,0.00,0.60,0.60,0.00,0.60,Matches,Major League Soccer,2025
9c07bdc7,Jack Skahan,us USA,MF,26,5,0,58,0.6,0,2,2,0,0,0,0,0,0.00,3.10,3.10,0.00,3.10,Matches,Major League Soccer,2025
8409bad1,Oscar Verhoeven,us USA,DF,18,1,0,6,0.1,0,0,0,0,0,0,0,0,0.00,0.00,0.00,0.00,0.00,Matches,Major League Soccer,2025
b13bc618,Francesco Montali,us USA,MF,24,0,0,,,,,,,,,,,,,,,,Matches,Major League Soccer,2025
a2382c26,Luca Ulrich,us USA,GK,21,0,0,,,,,,,,,,,,,,,,Matches,Major League Soccer,2025
806f7a26,Rafael Cabral,br BRA,GK,34,34,34,"3,060",34.0,0,0,0,0,0,0,3,0,0.00,0.00,0.00,0.00,0.00,Matches,Major League Soccer,2025
5b768b0f,Justen Glad,us USA,DF,27,31,31,"2,778",30.9,0,1,1,0,0,0,9,0,0.00,0.03,0.03,0.00,0.03,Matches,Major League Soccer,2025
e67f8af0,Diego Luna,us USA,MF,21,27,27,"2,264",25.2,9,3,12,7,2,2,9,2,0.36,0.12,0.48,0.28,0.40,Matches,Major League Soccer,2025
f4b52308,Diogo Gonçalves,pt POR,MF,27,29,26,"2,175",24.2,4,4,8,4,0,0,2,0,0.17,0.17,0.33,0.17,0.33,Matches,Major League Soccer,2025
60953af0,Braian Ojeda,py PAR,MF,24,30,25,"2,105",23.4,2,0,2,2,0,0,6,0,0.09,0.00,0.09,0.09,0.09,Matches,Major League Soccer,2025
80c718dd,Brayan Vera,co COL,DF,26,27,23,"1,984",22.0,1,0,1,1,0,0,8,0,0.05,0.00,0.05,0.05,0.05,Matches,Major League Soccer,2025
5c041f1f,Alexandros Katranis,gr GRE,DF,26,29,23,"1,835",20.4,1,3,4,1,0,0,9,0,0.05,0.15,0.20,0.05,0.20,Matches,Major League Soccer,2025
6d526838,Noel Caliskan,de GER,"DF,MF",24,25,22,"1,988",22.1,1,1,2,1,0,0,4,0,0.05,0.05,0.09,0.05,0.09,Matches,Major League Soccer,2025
bc2eb719,Zavier Gozo,us USA,"MF,FW",17,25,21,"1,810",20.1,4,3,7,4,0,0,4,0,0.20,0.15,0.35,0.20,0.35,Matches,Major League Soccer,2025
a0f55677,Emeka Eneli,us USA,MF,25,28,19,"1,805",20.1,0,1,1,0,0,0,3,0,0.00,0.05,0.05,0.00,0.05,Matches,Major League Soccer,2025
91981d97,Sam Junqua,us USA,DF,28,32,17,"1,833",20.4,1,1,2,1,0,0,0,0,0.05,0.05,0.10,0.05,0.10,Matches,Major League Soccer,2025
7368cd70,Pablo Ruíz,ar ARG,MF,26,21,14,"1,207",13.4,0,1,1,0,0,0,4,0,0.00,0.07,0.07,0.00,0.07,Matches,Major League Soccer,2025
d2275b1b,William Agada,ng NGA,FW,25,22,12,"1,173",13.0,2,2,4,2,0,0,6,1,0.15,0.15,0.31,0.15,0.31,Matches,Major League Soccer,2025
1c33e4ec,Ariath Piol,au AUS,FW,20,24,12,903,10.0,1,1,2,1,0,0,0,1,0.10,0.10,0.20,0.10,0.20,Matches,Major League Soccer,2025
dc010d26,Dominik Marczuk,pl POL,MF,21,17,10,868,9.6,1,2,3,1,0,0,3,0,0.10,0.21,0.31,0.10,0.31,Matches,Major League Soccer,2025
ad411288,Philip Quinton,us USA,DF,25,16,9,812,9.0,0,0,0,0,0,0,2,0,0.00,0.00,0.00,0.00,0.00,Matches,Major League Soccer,2025
891f8b82,Bode Hidalgo,us USA,DF,22,18,8,821,9.1,0,0,0,0,0,0,5,1,0.00,0.00,0.00,0.00,0.00,Matches,Major League Soccer,2025
568a75fd,Rwan,br BRA,FW,23,10,8,612,6.8,0,1,1,0,0,1,4,0,0.00,0.15,0.15,0.00,0.15,Matches,Major League Soccer,2025
743ffce1,Victor Olatunji,ng NGA,FW,25,8,7,643,7.1,4,0,4,4,0,0,1,1,0.56,0.00,0.56,0.56,0.56,Matches,Major League Soccer,2025
ae0a7ddf,DeAndre Yedlin,us USA,DF,31,7,7,630,7.0,1,0,1,1,0,0,3,0,0.14,0.00,0.14,0.14,0.14,Matches,Major League Soccer,2025
a80d92fe,Nelson Palacio,co COL,MF,23,10,6,589,6.5,0,0,0,0,0,0,1,0,0.00,0.00,0.00,0.00,0.00,Matches,Major League Soccer,2025
a30e1562,Johnny Russell,sct SCO,MF,34,12,4,348,3.9,2,0,2,2,0,0,1,0,0.52,0.00,0.52,0.52,0.52,Matches,Major League Soccer,2025
840f67fe,Forster Ajago,gh GHA,FW,23,6,3,259,2.9,1,0,1,1,0,0,2,0,0.35,0.00,0.35,0.35,0.35,Matches,Major League Soccer,2025
3d14c62e,Javain Brown,jm JAM,DF,25,3,3,194,2.2,0,0,0,0,0,0,1,0,0.00,0.00,0.00,0.00,0.00,Matches,Major League Soccer,2025
0985c282,Tyler Wolff,us USA,MF,21,13,2,363,4.0,0,0,0,0,0,0,1,0,0.00,0.00,0.00,0.00,0.00,Matches,Major League Soccer,2025
67c8818a,Jesús Barea,es ESP,FW,22,11,1,263,2.9,0,0,0,0,0,0,0,0,0.00,0.00,0.00,0.00,0.00,Matches,Major League Soccer,2025
25bd3ff0,Lachlan Brook,au AUS,"FW,MF",23,5,0,100,1.1,0,0,0,0,0,0,1,0,0.00,0.00,0.00,0.00,0.00,Matches,Major League Soccer,2025
2a4c41f6,Aiden Hezarkhani,us USA,FW,17,2,0,58,0.6,0,0,0,0,0,0,0,0,0.00,0.00,0.00,0.00,0.00,Matches,Major League Soccer,2025
6af165bc,Kobi Henry,tt TRI,DF,20,3,0,41,0.5,0,0,0,0,0,0,0,0,0.00,0.00,0.00,0.00,0.00,Matches,Major League Soccer,2025
4d095ea6,Griffin Dillon,us USA,MF,21,0,0,,,,,,,,,,,,,,,,Matches,Major League Soccer,2025
459e6dc0,Zackery Farnsworth,us USA,DF,22,0,0,,,,,,,,,,,,,,,,Matches,Major League Soccer,2025
622eb5d3,Max Kerkvliet,us USA,GK,20,0,0,,,,,,,,,,,,,,,,Matches,Major League Soccer,2025
73a5d12c,Omar Marquez,us USA,MF,16,0,0,,,,,,,,,,,,,,,,Matches,Major League Soccer,2025
f01df62c,Mason Stajduhar,us USA,GK,27,0,0,,,,,,,,,,,,,,,,Matches,Major League Soccer,2025
3b9f859b,Shaq Moore,us USA,"DF,MF",28,33,31,"2,822",31.4,3,2,5,3,0,0,4,0,0.10,0.06,0.16,0.10,0.16,Matches,Major League Soccer,2025
41ba8175,Sebastien Ibeagha,us USA,DF,33,33,30,"2,763",30.7,1,0,1,1,0,0,4,1,0.03,0.00,0.03,0.03,0.03,Matches,Major League Soccer,2025
96d14fe7,Ramiro Benetti,br BRA,MF,31,29,27,"2,301",25.6,0,2,2,0,0,0,9,0,0.00,0.08,0.08,0.00,0.08,Matches,Major League Soccer,2025
4567a0b4,Petar Musa,hr CRO,FW,26,30,27,"2,295",25.5,18,6,24,16,2,3,7,0,0.71,0.24,0.94,0.63,0.86,Matches,Major League Soccer,2025
1124ac8a,Osaze Urhoghide,nl NED,DF,24,27,25,"2,201",24.5,2,0,2,2,0,0,6,0,0.08,0.00,0.08,0.08,0.08,Matches,Major League Soccer,2025
eb343262,Maarten Paes,id IDN,GK,26,22,22,"1,980",22.0,0,0,0,0,0,0,0,0,0.00,0.00,0.00,0.00,0.00,Matches,Major League Soccer,2025
79d49f47,Patrickson Delgado,ec ECU,"MF,FW",21,30,22,"1,709",19.0,1,6,7,1,0,0,3,0,0.05,0.32,0.37,0.05,0.37,Matches,Major League Soccer,2025
7703e0fe,Kaick,br BRA,MF,19,27,21,"1,662",18.5,2,0,2,2,0,0,7,1,0.11,0.00,0.11,0.11,0.11,Matches,Major League Soccer,2025
363ba6d7,Luciano Acosta,ar ARG,"MF,FW",30,21,18,"1,695",18.8,5,1,6,4,1,2,8,0,0.27,0.05,0.32,0.21,0.27,Matches,Major League Soccer,2025
4a67f05b,Lalas Abubakar,gh GHA,DF,30,29,18,"1,656",18.4,1,0,1,1,0,0,5,1,0.05,0.00,0.05,0.05,0.05,Matches,Major League Soccer,2025
640b5773,Logan Farrington,us USA,"FW,MF",23,32,18,"1,570",17.4,5,3,8,5,0,0,4,1,0.29,0.17,0.46,0.29,0.46,Matches,Major League Soccer,2025
f907a6a8,Anderson Julio,ec ECU,"MF,FW",28,25,17,"1,577",17.5,6,1,7,6,0,0,5,0,0.34,0.06,0.40,0.34,0.40,Matches,Major League Soccer,2025
186acc62,Bernard Kamungo,us USA,"MF,FW",23,28,16,"1,576",17.5,2,1,3,2,0,0,3,0,0.11,0.06,0.17,0.11,0.17,Matches,Major League Soccer,2025
cfc68595,Marco Farfan,us USA,DF,26,17,14,"1,291",14.3,0,0,0,0,0,0,1,0,0.00,0.00,0.00,0.00,0.00,Matches,Major League Soccer,2025
73019c31,Sebastian Lletget,us USA,MF,32,20,14,"1,143",12.7,1,2,3,1,0,0,1,0,0.08,0.16,0.24,0.08,0.24,Matches,Major League Soccer,2025
118d25ee,Pedrinho,br BRA,"MF,FW",21,23,9,935,10.4,2,3,5,2,0,0,2,0,0.19,0.29,0.48,0.19,0.48,Matches,Major League Soccer,2025
25ef5b47,Christian Cappis,us USA,MF,25,11,9,819,9.1,1,2,3,1,0,0,2,0,0.11,0.22,0.33,0.11,0.33,Matches,Major League Soccer,2025
e5857da0,Michael Collodi,us USA,GK,23,9,9,735,8.2,0,0,0,0,0,0,0,1,0.00,0.00,0.00,0.00,0.00,Matches,Major League Soccer,2025
3391e359,Nolan Norris,us USA,"DF,MF",19,13,8,635,7.1,0,1,1,0,0,0,3,0,0.00,0.14,0.14,0.00,0.14,Matches,Major League Soccer,2025
6d06853b,Alvaro Ribeiro,pt POR,DF,19,7,4,366,4.1,0,0,0,0,0,0,0,0,0.00,0.00,0.00,0.00,0.00,Matches,Major League Soccer,2025
b9392438,Show,ao ANG,MF,25,6,4,304,3.4,0,0,0,0,0,0,2,0,0.00,0.00,0.00,0.00,0.00,Matches,Major League Soccer,2025
de301aee,Jacob Jackson,us USA,GK,24,4,3,342,3.8,0,0,0,0,0,0,1,0,0.00,0.00,0.00,0.00,0.00,Matches,Major League Soccer,2025
5cb6d60f,Joshua Torquato,us USA,MF,17,5,3,226,2.5,0,0,0,0,0,0,1,0,0.00,0.00,0.00,0.00,0.00,Matches,Major League Soccer,2025
d88ebbe9,Léo Chú,br BRA,"MF,FW",24,4,3,210,2.3,1,0,1,1,0,0,0,0,0.43,0.00,0.43,0.43,0.43,Matches,Major League Soccer,2025
bcbc53d5,Tsiki Ntsabeleng,za RSA,MF,26,13,1,337,3.7,0,1,1,0,0,0,1,0,0.00,0.27,0.27,0.00,0.27,Matches,Major League Soccer,2025
2d43686c,Samuel Sarver,us USA,"MF,FW",21,6,1,165,1.8,0,2,2,0,0,0,0,0,0.00,1.09,1.09,0.00,1.09,Matches,Major League Soccer,2025
fe4f3b39,Tarik Scott,us USA,FW,19,4,0,47,0.5,0,0,0,0,0,0,0,0,0.00,0.00,0.00,0.00,0.00,Matches,Major League Soccer,2025
c1f0fb45,Paxton Pomykal,us USA,MF,25,4,0,42,0.5,0,0,0,0,0,0,0,0,0.00,0.00,0.00,0.00,0.00,Matches,Major League Soccer,2025
f7059bb1,Louicius Deedson,ht HAI,MF,23,2,0,23,0.3,0,0,0,0,0,0,0,0,0.00,0.00,0.00,0.00,0.00,Matches,Major League Soccer,2025
8e29f89f,Diego García,us USA,MF,18,2,0,12,0.1,0,0,0,0,0,0,0,0,0.00,0.00,0.00,0.00,0.00,Matches,Major League Soccer,2025
9f925166,Anthony Ramirez,us USA,FW,19,1,0,1,0.0,0,0,0,0,0,0,0,0,0.00,0.00,0.00,0.00,0.00,Matches,Major League Soccer,2025
e7f073de,Antonio Carrera,us USA,GK,20,0,0,,,,,,,,,,,,,,,,Matches,Major League Soccer,2025
d6ceb5ae,JT Harms,us USA,GK,22,0,0,,,,,,,,,,,,,,,,Matches,Major League Soccer,2025
3dbb175e,Enzo Newman,us USA,DF,19,0,0,,,,,,,,,,,,,,,,Matches,Major League Soccer,2025
acf270e0,Enes Sali,ro ROU,MF,18,0,0,,,,,,,,,,,,,,,,Matches,Major League Soccer,2025
9d83969b,Adilson Malanda,fr FRA,DF,23,33,33,"2,899",32.2,1,0,1,1,0,0,4,1,0.03,0.00,0.03,0.03,0.03,Matches,Major League Soccer,2025
53e360bb,Kristijan Kahlina,hr CRO,GK,32,32,32,"2,880",32.0,0,0,0,0,0,0,1,0,0.00,0.00,0.00,0.00,0.00,Matches,Major League Soccer,2025
495945ef,Ashley Westwood,eng ENG,MF,34,32,32,"2,880",32.0,1,4,5,1,0,0,9,0,0.03,0.12,0.16,0.03,0.16,Matches,Major League Soccer,2025
b2bc3b1f,Wilfried Zaha,ci CIV,"MF,FW",32,31,31,"2,737",30.4,10,5,15,8,2,3,11,1,0.33,0.16,0.49,0.26,0.43,Matches,Major League Soccer,2025
bd4460b1,Brandt Bronico,us USA,MF,29,31,28,"2,325",25.8,2,3,5,2,0,0,10,0,0.08,0.12,0.19,0.08,0.19,Matches,Major League Soccer,2025
28b40c9c,Tim Ream,us USA,DF,37,27,24,"2,203",24.5,0,0,0,0,0,0,1,0,0.00,0.00,0.00,0.00,0.00,Matches,Major League Soccer,2025
1c59240b,Pep Biel,es ESP,"MF,FW",28,26,24,"2,006",22.3,10,11,21,10,0,0,4,0,0.45,0.49,0.94,0.45,0.94,Matches,Major League Soccer,2025
dd97f441,Idan Markovich,il ISR,FW,20,30,19,"1,810",20.1,11,3,14,10,1,1,4,0,0.55,0.15,0.70,0.50,0.65,Matches,Major League Soccer,2025
4fd77159,Andrew Privett,us USA,DF,24,23,19,"1,798",20.0,1,0,1,1,0,0,2,1,0.05,0.00,0.05,0.05,0.05,Matches,Major League Soccer,2025
b9459f85,Jahkeele Marshall-Rutty,ca CAN,DF,20,24,19,"1,797",20.0,0,2,2,0,0,0,3,0,0.00,0.10,0.10,0.00,0.10,Matches,Major League Soccer,2025
758de7b4,Kerwin Vargas,co COL,MF,23,34,19,"1,712",19.0,6,3,9,6,0,0,4,0,0.32,0.16,0.47,0.32,0.47,Matches,Major League Soccer,2025
c4041fbc,Nathan Byrne,eng ENG,DF,32,17,17,"1,527",17.0,0,0,0,0,0,0,3,0,0.00,0.00,0.00,0.00,0.00,Matches,Major League Soccer,2025
1339039e,Liel Abada,il ISR,"MF,FW",23,32,17,"1,481",16.5,5,1,6,5,0,0,1,0,0.30,0.06,0.36,0.30,0.36,Matches,Major League Soccer,2025
d987142b,Patrick Agyemang,us USA,FW,24,16,15,"1,224",13.6,6,1,7,5,1,1,3,0,0.44,0.07,0.51,0.37,0.44,Matches,Major League Soccer,2025
4d095331,Djibril Diani,fr FRA,MF,26,25,14,"1,152",12.8,0,0,0,0,0,0,1,0,0.00,0.00,0.00,0.00,0.00,Matches,Major League Soccer,2025
39523553,Nick Scardina,us USA,DF,23,15,8,800,8.9,0,1,1,0,0,0,1,0,0.00,0.11,0.11,0.00,0.11,Matches,Major League Soccer,2025
9daeac61,Souleyman Doumbia,ci CIV,DF,28,11,8,600,6.7,0,1,1,0,0,0,0,0,0.00,0.15,0.15,0.00,0.15,Matches,Major League Soccer,2025
bf547c54,Bill Tuiloma,nz NZL,DF,29,8,6,427,4.7,1,0,1,1,0,0,0,0,0.21,0.00,0.21,0.21,0.21,Matches,Major League Soccer,2025
e0364352,Eryk Williamson,us USA,MF,27,24,4,681,7.6,0,1,1,0,0,0,5,0,0.00,0.13,0.13,0.00,0.13,Matches,Major League Soccer,2025
7fd42a85,David Bingham,us USA,GK,35,2,2,180,2.0,0,0,0,0,0,0,0,0,0.00,0.00,0.00,0.00,0.00,Matches,Major League Soccer,2025
a105d46a,Harry Toffolo,eng ENG,DF,29,3,2,118,1.3,0,1,1,0,0,0,0,0,0.00,0.76,0.76,0.00,0.76,Matches,Major League Soccer,2025
6f546721,Nikola Petković,rs SRB,MF,21,4,1,99,1.1,0,1,1,0,0,0,0,0,0.00,0.91,0.91,0.00,0.91,Matches,Major League Soccer,2025
1e78e7c5,Tyger Smalls,,FW,22,14,0,157,1.7,0,0,0,0,0,0,0,0,0.00,0.00,0.00,0.00,0.00,Matches,Major League Soccer,2025
569362ab,Archie Goodwin,au AUS,FW,20,6,0,40,0.4,0,0,0,0,0,0,0,0,0.00,0.00,0.00,0.00,0.00,Matches,Major League Soccer,2025
7505f7f1,Iuri Tavares,cv CPV,MF,23,5,0,24,0.3,0,0,0,0,0,0,0,0,0.00,0.00,0.00,0.00,0.00,Matches,Major League Soccer,2025
2569bc7b,Baye Coulibaly,ml MLI,MF,19,2,0,10,0.1,0,0,0,0,0,0,0,0,0.00,0.00,0.00,0.00,0.00,Matches,Major League Soccer,2025
6a2dfa5e,Jack Neeley,us USA,DF,19,1,0,3,0.0,0,0,0,0,0,0,0,0,0.00,0.00,0.00,0.00,0.00,Matches,Major League Soccer,2025
a31a5f0c,Brandon Cambridge,us USA,MF,22,1,0,1,0.0,0,0,0,0,0,0,0,0,0.00,0.00,0.00,0.00,0.00,Matches,Major League Soccer,2025
bc307884,Ben Bender,us USA,MF,23,0,0,,,,,,,,,,,,,,,,Matches,Major League Soccer,2025
105d36b6,Jahlane Forbes,us USA,DF,22,0,0,,,,,,,,,,,,,,,,Matches,Major League Soccer,2025
8377ba6a,Prince Owusu,gh GHA,FW,28,34,32,"2,818",31.3,13,3,16,10,3,4,4,0,0.42,0.10,0.51,0.32,0.42,Matches,Major League Soccer,2025
fafeaf3d,Luca Petrasso,ca CAN,DF,24,34,31,"2,708",30.1,2,4,6,2,0,0,4,0,0.07,0.13,0.20,0.07,0.20,Matches,Major League Soccer,2025
620ae69c,Dante Sealy,tt TRI,"MF,FW",21,30,28,"2,421",26.9,9,1,10,9,0,0,6,0,0.33,0.04,0.37,0.33,0.37,Matches,Major League Soccer,2025
6bc235e5,Victor Loturi,ca CAN,MF,23,34,27,"2,506",27.8,2,0,2,2,0,0,7,0,0.07,0.00,0.07,0.07,0.07,Matches,Major League Soccer,2025
5dc34eaa,Jonathan Sirois,ca CAN,GK,23,23,23,"2,070",23.0,0,0,0,0,0,0,0,0,0.00,0.00,0.00,0.00,0.00,Matches,Major League Soccer,2025
bc33c73b,Samuel Piette,ca CAN,MF,30,24,20,"1,538",17.1,0,0,0,0,0,0,4,0,0.00,0.00,0.00,0.00,0.00,Matches,Major League Soccer,2025
8873ce45,Dawid Bugaj,pl POL,DF,20,23,19,"1,726",19.2,0,2,2,0,0,0,4,0,0.00,0.10,0.10,0.00,0.10,Matches,Major League Soccer,2025
6e327d0d,Caden Clark,us USA,"MF,FW",21,26,17,"1,567",17.4,0,4,4,0,0,0,5,0,0.00,0.23,0.23,0.00,0.23,Matches,Major League Soccer,2025
47ddcc22,Joel Waterman,ca CAN,DF,29,18,17,"1,437",16.0,0,1,1,0,0,0,8,1,0.00,0.06,0.06,0.00,0.06,Matches,Major League Soccer,2025
45e1a597,George Campbell,us USA,DF,23,16,15,"1,345",14.9,0,1,1,0,0,0,4,0,0.00,0.07,0.07,0.00,0.07,Matches,Major League Soccer,2025
44cfc681,Nathan Saliba,ca CAN,MF,20,16,15,"1,260",14.0,1,0,1,1,0,0,5,0,0.07,0.00,0.07,0.07,0.07,Matches,Major League Soccer,2025
4d0f7cb3,Brandan Craig,us USA,DF,20,23,14,"1,439",16.0,0,0,0,0,0,0,3,0,0.00,0.00,0.00,0.00,0.00,Matches,Major League Soccer,2025
ca1e91a1,Jalen Neal,us USA,DF,21,14,12,950,10.6,1,0,1,1,0,0,1,0,0.09,0.00,0.09,0.09,0.09,Matches,Major League Soccer,2025
e2e96950,Fernando Álvarez,co COL,DF,21,22,11,"1,094",12.2,0,1,1,0,0,0,4,0,0.00,0.08,0.08,0.00,0.08,Matches,Major League Soccer,2025
5cbf5ccd,Fabian Herbers,de GER,MF,31,16,11,723,8.0,1,0,1,1,0,0,3,0,0.12,0.00,0.12,0.12,0.12,Matches,Major League Soccer,2025
24686935,Yuri Guboglo,ht HAI,"MF,DF",17,23,10,"1,011",11.2,0,1,1,0,0,0,1,0,0.00,0.09,0.09,0.00,0.09,Matches,Major League Soccer,2025
8220e6eb,Hennadii Synchuk,ua UKR,MF,18,14,10,789,8.8,1,0,1,1,0,0,2,0,0.11,0.00,0.11,0.11,0.11,Matches,Major League Soccer,2025
1ba50942,Tom Pearce,eng ENG,"MF,DF",26,21,9,911,10.1,0,1,1,0,0,0,2,0,0.00,0.10,0.10,0.00,0.10,Matches,Major League Soccer,2025
996c61e5,Thomas Gillier,cl CHI,GK,20,8,8,720,8.0,0,0,0,0,0,0,2,0,0.00,0.00,0.00,0.00,0.00,Matches,Major League Soccer,2025
59557625,Bryce Duke,us USA,"MF,FW",23,18,7,679,7.5,0,1,1,0,0,0,1,0,0.00,0.13,0.13,0.00,0.13,Matches,Major League Soccer,2025
c0027d2d,Matthew Longstaff,eng ENG,MF,24,8,6,586,6.5,0,1,1,0,0,0,0,0,0.00,0.15,0.15,0.00,0.15,Matches,Major League Soccer,2025
bf4d31d3,Giacomo Vrioni,al ALB,FW,26,9,6,410,4.6,3,0,3,3,0,0,0,1,0.66,0.00,0.66,0.66,0.66,Matches,Major League Soccer,2025
2fb02c65,Efrain Morales,bo BOL,DF,20,6,5,484,5.4,0,0,0,0,0,0,2,0,0.00,0.00,0.00,0.00,0.00,Matches,Major League Soccer,2025
d515b0f9,Olger Escobar,gt GUA,MF,18,13,4,450,5.0,1,1,2,1,0,0,1,0,0.20,0.20,0.40,0.20,0.40,Matches,Major League Soccer,2025
891f8b82,Bode Hidalgo,us USA,DF,22,6,4,349,3.9,0,0,0,0,0,0,1,0,0.00,0.00,0.00,0.00,0.00,Matches,Major League Soccer,2025
90ba7fa6,Ivan Jaime Pajuelo,es ESP,"FW,MF",24,6,3,307,3.4,0,1,1,0,0,0,1,0,0.00,0.29,0.29,0.00,0.29,Matches,Major League Soccer,2025
52e7f812,Sebastian Breza,ca CAN,GK,26,3,3,270,3.0,0,0,0,0,0,0,1,0,0.00,0.00,0.00,0.00,0.00,Matches,Major League Soccer,2025
b9459f85,Jahkeele Marshall-Rutty,ca CAN,MF,20,6,2,230,2.6,0,0,0,0,0,0,1,0,0.00,0.00,0.00,0.00,0.00,Matches,Major League Soccer,2025
226a288e,Kwadwo Opoku,gh GHA,FW,23,9,2,192,2.1,0,0,0,0,0,0,1,0,0.00,0.00,0.00,0.00,0.00,Matches,Major League Soccer,2025
6ef6e9ce,Jules-Anthony Vilsaint,ca CAN,FW,22,9,1,225,2.5,0,1,1,0,0,0,0,0,0.00,0.40,0.40,0.00,0.40,Matches,Major League Soccer,2025
9c02bea6,Owen Graham Roache,ca CAN,FW,16,6,1,123,1.4,0,0,0,0,0,0,0,0,0.00,0.00,0.00,0.00,0.00,Matches,Major League Soccer,2025
50a5e230,Ousman Jabang,us USA,DF,23,1,1,88,1.0,0,0,0,0,0,0,1,0,0.00,0.00,0.00,0.00,0.00,Matches,Major League Soccer,2025
796994e5,Sunusi Ibrahim,ng NGA,FW,22,10,0,78,0.9,0,0,0,0,0,0,0,0,0.00,0.00,0.00,0.00,0.00,Matches,Major League Soccer,2025
871961e8,Dominik Yankov,bg BUL,MF,24,3,0,31,0.3,0,0,0,0,0,0,0,0,0.00,0.00,0.00,0.00,0.00,Matches,Major League Soccer,2025
8d38238b,Emil Gazdov,ca CAN,GK,21,0,0,,,,,,,,,,,,,,,,Matches,Major League Soccer,2025
9a2e0ccc,Emil Forsberg,se SWE,MF,33,33,33,"2,866",31.8,11,8,19,9,2,2,4,0,0.35,0.25,0.60,0.28,0.53,Matches,Major League Soccer,2025
5c07e176,Carlos Coronel,py PAR,GK,28,31,31,"2,790",31.0,0,0,0,0,0,0,0,0,0.00,0.00,0.00,0.00,0.00,Matches,Major League Soccer,2025
0e6bc38c,Eric Maxim Choupo-Moting,cm CMR,FW,35,33,31,"2,755",30.6,17,4,21,12,5,6,5,0,0.56,0.13,0.69,0.39,0.52,Matches,Major League Soccer,2025
e1574c2d,Noah Eile,se SWE,DF,22,30,29,"2,610",29.0,1,0,1,1,0,0,8,0,0.03,0.00,0.03,0.03,0.03,Matches,Major League Soccer,2025
a8de0bd5,Daniel Edelman,us USA,MF,21,26,25,"2,018",22.4,1,0,1,1,0,0,5,0,0.04,0.00,0.04,0.04,0.04,Matches,Major League Soccer,2025
16000870,Peter Stroud,us USA,MF,22,27,22,"1,720",19.1,0,3,3,0,0,0,6,0,0.00,0.16,0.16,0.00,0.16,Matches,Major League Soccer,2025
cab97dd2,Wikelman Carmona,ve VEN,MF,21,34,21,"1,891",21.0,0,1,1,0,0,0,1,0,0.00,0.05,0.05,0.00,0.05,Matches,Major League Soccer,2025
8c1b17b3,Sean Nealis,us USA,DF,28,25,20,"1,833",20.4,0,0,0,0,0,0,8,0,0.00,0.00,0.00,0.00,0.00,Matches,Major League Soccer,2025
09390bae,Mohammed Sofo,gh GHA,"MF,FW",20,25,19,"1,577",17.5,5,0,5,5,0,0,3,0,0.29,0.00,0.29,0.29,0.29,Matches,Major League Soccer,2025
575e6cb1,Kyle Duncan,us USA,"DF,MF",27,20,17,"1,531",17.0,0,3,3,0,0,0,3,1,0.00,0.18,0.18,0.00,0.18,Matches,Major League Soccer,2025
790c93ea,Omar Valencia,pa PAN,"DF,MF",20,20,17,"1,399",15.5,0,5,5,0,0,0,6,0,0.00,0.32,0.32,0.00,0.32,Matches,Major League Soccer,2025
a5ec3ede,Alexander Hack,de GER,DF,31,22,16,"1,451",16.1,1,0,1,1,0,0,6,0,0.06,0.00,0.06,0.06,0.06,Matches,Major League Soccer,2025
b828d56a,Raheem Edwards,ca CAN,"DF,MF",29,24,15,"1,427",15.9,0,0,0,0,0,0,5,1,0.00,0.00,0.00,0.00,0.00,Matches,Major League Soccer,2025
24f4dd87,Dylan Nealis,us USA,"DF,MF",26,18,13,"1,093",12.1,1,0,1,1,0,0,3,0,0.08,0.00,0.08,0.08,0.08,Matches,Major League Soccer,2025
a9af351a,Felipe Carballo,uy URU,MF,28,16,10,941,10.5,0,1,1,0,0,0,3,1,0.00,0.10,0.10,0.00,0.10,Matches,Major League Soccer,2025
4988a44d,Tim Parker,us USA,DF,31,13,10,867,9.6,1,0,1,1,0,0,2,0,0.10,0.00,0.10,0.10,0.10,Matches,Major League Soccer,2025
82a10738,Ronald Donkor,gh GHA,MF,20,20,8,867,9.6,0,2,2,0,0,0,5,0,0.00,0.21,0.21,0.00,0.21,Matches,Major League Soccer,2025
88a9b30e,Dennis Gjengaar,no NOR,MF,20,21,8,763,8.5,2,1,3,2,0,0,2,0,0.24,0.12,0.35,0.24,0.35,Matches,Major League Soccer,2025
4a78c769,Cameron Harper,us USA,"MF,DF",23,12,8,668,7.4,3,2,5,3,0,0,2,0,0.40,0.27,0.67,0.40,0.67,Matches,Major League Soccer,2025
de7a0fe6,Serge Ngoma,us USA,"MF,FW",19,20,5,630,7.0,1,0,1,1,0,0,4,0,0.14,0.00,0.14,0.14,0.14,Matches,Major League Soccer,2025
ea7733d4,Julian Hall,us USA,"FW,MF",16,26,4,681,7.6,1,0,1,1,0,0,0,0,0.13,0.00,0.13,0.13,0.13,Matches,Major League Soccer,2025
b8103669,Gustav Berggren,se SWE,MF,27,6,4,353,3.9,0,0,0,0,0,0,0,0,0.00,0.00,0.00,0.00,0.00,Matches,Major League Soccer,2025
54059668,Marcelo Morales,cl CHI,DF,21,4,2,183,2.0,0,0,0,0,0,0,0,0,0.00,0.00,0.00,0.00,0.00,Matches,Major League Soccer,2025
20c86a38,AJ Marcucci,us USA,GK,25,2,2,180,2.0,0,0,0,0,0,0,0,0,0.00,0.00,0.00,0.00,0.00,Matches,Major League Soccer,2025
b675e328,Lewis Morgan,sct SCO,"MF,FW",28,3,2,148,1.6,0,0,0,0,0,0,0,0,0.00,0.00,0.00,0.00,0.00,Matches,Major League Soccer,2025
68a0a431,Wiktor Bogacz,pl POL,FW,20,19,1,317,3.5,1,1,2,1,0,0,1,0,0.28,0.28,0.57,0.28,0.57,Matches,Major League Soccer,2025
249362e9,John McCarthy,us USA,GK,32,1,1,90,1.0,0,0,0,0,0,0,0,0,0.00,0.00,0.00,0.00,0.00,Matches,Major League Soccer,2025
82f03f3d,Rafael Mosquera,pa PAN,FW,19,1,0,9,0.1,0,0,0,0,0,0,0,0,0.00,0.00,0.00,0.00,0.00,Matches,Major League Soccer,2025
1ced6bde,Nehuén Benedetti,ar ARG,MF,19,0,0,,,,,,,,,,,,,,,,Matches,Major League Soccer,2025
b351a2b2,Austin Causey,us USA,GK,23,0,0,,,,,,,,,,,,,,,,Matches,Major League Soccer,2025
b4642b52,Aiden Jarvis,ag ATG,DF,20,0,0,,,,,,,,,,,,,,,,Matches,Major League Soccer,2025
5178f39c,Adri Mehmeti,us USA,MF,15,0,0,,,,,,,,,,,,,,,,Matches,Major League Soccer,2025
193b60a6,Roald Mitchell,tt TRI,MF,22,0,0,,,,,,,,,,,,,,,,Matches,Major League Soccer,2025
24d1531c,Andy Rojas,cr CRC,FW,19,0,0,,,,,,,,,,,,,,,,Matches,Major League Soccer,2025
01c66b96,Tanner Rosborough,us USA,FW,16,0,0,,,,,,,,,,,,,,,,Matches,Major League Soccer,2025
598702df,Aidan Stokes,us USA,GK,17,0,0,,,,,,,,,,,,,,,,Matches,Major League Soccer,2025
b7a23251,Andrew Gutman,us USA,"DF,MF",28,34,34,"2,863",31.8,3,8,11,3,0,0,4,0,0.09,0.25,0.35,0.09,0.35,Matches,Major League Soccer,2025
041deebd,Jack Elliott,eng ENG,DF,29,33,33,"2,938",32.6,3,3,6,3,0,0,7,0,0.09,0.09,0.18,0.09,0.18,Matches,Major League Soccer,2025
9f417f8c,Hugo Cuypers,be BEL,FW,27,33,33,"2,801",31.1,17,2,19,14,3,4,0,0,0.55,0.06,0.61,0.45,0.51,Matches,Major League Soccer,2025
b2bd0f6c,Jonathan Bamba,ci CIV,"FW,MF",28,34,32,"2,456",27.3,5,4,9,5,0,0,3,0,0.18,0.15,0.33,0.18,0.33,Matches,Major League Soccer,2025
a5ea254c,Philip Zinckernagel,dk DEN,"FW,MF",30,32,31,"2,516",28.0,15,12,27,15,0,0,6,0,0.54,0.43,0.97,0.54,0.97,Matches,Major League Soccer,2025
a71768a2,Chris Brady,us USA,GK,20,28,28,"2,465",27.4,0,0,0,0,0,0,3,1,0.00,0.00,0.00,0.00,0.00,Matches,Major League Soccer,2025
f6c6ff09,Sergio Oregel,us USA,MF,19,28,25,"2,046",22.7,0,0,0,0,0,0,7,0,0.00,0.00,0.00,0.00,0.00,Matches,Major League Soccer,2025
d88f31db,Brian Gutiérrez,mx MEX,MF,21,29,24,"2,045",22.7,9,3,12,7,2,2,6,1,0.40,0.13,0.53,0.31,0.44,Matches,Major League Soccer,2025
6a0be032,Sam Rogers,us USA,DF,25,22,20,"1,701",18.9,0,0,0,0,0,0,6,0,0.00,0.00,0.00,0.00,0.00,Matches,Major League Soccer,2025
ed8c35d2,Jonathan Dean,us USA,"DF,MF",27,29,18,"1,672",18.6,1,3,4,1,0,0,2,0,0.05,0.16,0.22,0.05,0.22,Matches,Major League Soccer,2025
e0c17cde,Mauricio Pineda,us USA,MF,27,28,18,"1,520",16.9,0,2,2,0,0,0,7,0,0.00,0.12,0.12,0.00,0.12,Matches,Major League Soccer,2025
6b561720,Innocent Dje,ci CIV,MF,21,21,11,"1,169",13.0,2,1,3,2,0,0,4,1,0.15,0.08,0.23,0.15,0.23,Matches,Major League Soccer,2025
6bbda3e5,Leonardo Barroso,pt POR,DF,19,19,11,"1,045",11.6,1,1,2,1,0,0,1,0,0.09,0.09,0.17,0.09,0.17,Matches,Major League Soccer,2025
324509e2,Carlos Terán,co COL,DF,24,8,7,535,5.9,1,0,1,1,0,0,2,0,0.17,0.00,0.17,0.17,0.17,Matches,Major League Soccer,2025
ece10cfe,Kellyn Acosta,us USA,MF,29,19,6,655,7.3,0,0,0,0,0,0,2,0,0.00,0.00,0.00,0.00,0.00,Matches,Major League Soccer,2025
a689bb06,Jeffrey Gal,us USA,GK,31,7,6,591,6.6,0,0,0,0,0,0,0,0,0.00,0.00,0.00,0.00,0.00,Matches,Major League Soccer,2025
86a2ba20,Rominigue Kouamé,ml MLI,"MF,FW",28,18,6,564,6.3,3,1,4,3,0,0,1,0,0.48,0.16,0.64,0.48,0.64,Matches,Major League Soccer,2025
47ddcc22,Joel Waterman,ca CAN,DF,29,6,6,530,5.9,1,0,1,1,0,0,1,0,0.17,0.00,0.17,0.17,0.17,Matches,Major League Soccer,2025
aee414b1,Maren Haile-Selassie,ch SUI,"MF,FW",25,30,5,936,10.4,2,6,8,2,0,0,1,0,0.19,0.58,0.77,0.19,0.77,Matches,Major League Soccer,2025
86df4d6b,André Franco,pt POR,MF,26,6,5,400,4.4,0,4,4,0,0,0,1,0,0.00,0.90,0.90,0.00,0.90,Matches,Major League Soccer,2025
ac1aa0f9,Omari Glasgow,gy GUY,"DF,FW",21,14,4,529,5.9,0,1,1,0,0,0,0,0,0.00,0.17,0.17,0.00,0.17,Matches,Major League Soccer,2025
0d2fe665,Omar Gonzalez,us USA,DF,36,12,3,427,4.7,0,0,0,0,0,0,3,0,0.00,0.00,0.00,0.00,0.00,Matches,Major League Soccer,2025
2b300bb2,Samuel Williams,us USA,MF,19,7,3,314,3.5,0,0,0,0,0,0,0,0,0.00,0.00,0.00,0.00,0.00,Matches,Major League Soccer,2025
ad2bce19,Christopher Cupps,us USA,DF,16,4,3,285,3.2,0,0,0,0,0,0,1,0,0.00,0.00,0.00,0.00,0.00,Matches,Major League Soccer,2025
da4821de,Tom Barlow,us USA,FW,29,22,1,373,4.1,3,0,3,3,0,0,1,0,0.72,0.00,0.72,0.72,0.72,Matches,Major League Soccer,2025
b7a764a8,Justin Reynolds,us USA,DF,20,4,1,146,1.6,1,0,1,1,0,0,0,0,0.62,0.00,0.62,0.62,0.62,Matches,Major League Soccer,2025
f347746b,Jason Shokalook,us USA,FW,22,1,0,15,0.2,0,1,1,0,0,0,0,0,0.00,6.00,6.00,0.00,6.00,Matches,Major League Soccer,2025
43d10bb0,Harold Osorio,sv SLV,MF,21,1,0,1,0.0,0,0,0,0,0,0,0,0,0.00,0.00,0.00,0.00,0.00,Matches,Major League Soccer,2025
8ed39636,Dylan Borso,us USA,MF,18,0,0,,,,,,,,,,,,,,,,Matches,Major League Soccer,2025
983fae32,Bryan Dowd,us USA,GK,22,0,0,,,,,,,,,,,,,,,,Matches,Major League Soccer,2025
ae12212c,Richard Fleming,us USA,MF,20,0,0,,,,,,,,,,,,,,,,Matches,Major League Soccer,2025
7371ec36,Chase Gasper,us USA,DF,29,0,0,,,,,,,,,,,,,,,,Matches,Major League Soccer,2025
7cfd3f98,Vitaliy Hlyut,us USA,MF,16,0,0,,,,,,,,,,,,,,,,Matches,Major League Soccer,2025
32acd546,Diego Koninck,nl NED,DF,24,0,0,,,,,,,,,,,,,,,,Matches,Major League Soccer,2025
