PlayerID,Name,player,nationality,position,team,age,birth_year,games,games_starts,minutes,minutes_90s,goals,assists,goals_assists,goals_pens,pens_made,pens_att,cards_yellow,cards_red,goals_per90,assists_per90,goals_assists_per90,goals_pens_per90,goals_assists_pens_per90,matches,goals_per_shot,goals_per_shot_on_target,shots,shots_on_target,shots_on_target_pct,shots_on_target_per90,shots_per90,gk_clean_sheets,gk_clean_sheets_pct,gk_games,gk_games_starts,gk_goals_against,gk_goals_against_per90,gk_losses,gk_minutes,gk_pens_allowed,gk_pens_att,gk_pens_missed,gk_pens_save_pct,gk_pens_saved,gk_save_pct,gk_saves,gk_shots_on_target_against,gk_ties,gk_wins,League,Season
cfd667ae,Tristan Abrahams,Tristan Abrahams,eng ENG,"FW,MF",Maidenhead United,25,1998,41,32,"2,844",31.6,11,8,19,10,1,1,9,1,0.35,0.25,0.60,0.32,0.57,Matches,,,,,,,,,,,,,,,,,,,,,,,,,,National League,2024-2025
61343a8f,Ben Acquaye,Ben Acquaye,eng ENG,MF,Tamworth,24,1999,12,9,843,9.4,1,0,1,1,0,0,7,0,0.11,0.00,0.11,0.11,0.11,Matches,,,,,,,,,,,,,,,,,,,,,,,,,,National League,2024-2025
8f910eb1,Jacob Adams,Jacob Adams,,GK,Wealdstone FC,,,4,2,319,3.5,0,0,0,0,0,0,0,0,0.00,0.00,0.00,0.00,0.00,Matches,,,,,,,,2,100.0,4,2,1,0.28,0,319,0,0,0,,0,,,,1,1,National League,2024-2025
a60a16ce,Tobi Adebayo-Rowling,Tobi Adebayo-Rowling,eng ENG,"MF,DF",Rochdale,27,1996,39,36,"3,201",35.6,1,9,10,1,0,0,4,0,0.03,0.25,0.28,0.03,0.28,Matches,,,,,,,,,,,,,,,,,,,,,,,,,,National League,2024-2025
6402ac70,Oluwalopemiwa Aderoju,Oluwalopemiwa Aderoju,,FW,Boston United,,,22,8,846,9.4,1,2,3,1,0,0,1,0,0.11,0.21,0.32,0.11,0.32,Matches,,,,,,,,,,,,,,,,,,,,,,,,,,National League,2024-2025
037dfa32,Jason Adigun,Jason Adigun,eng ENG,MF,Dagenham & Redbridge,20,2003,1,0,4,0.0,0,0,0,0,0,0,0,0,0.00,0.00,0.00,0.00,0.00,Matches,,,,,,,,,,,,,,,,,,,,,,,,,,National League,2024-2025
e532e0a9,Kain Adom,Kain Adom,,"MF,FW",Gateshead,,,22,7,787,8.7,1,0,1,1,0,0,1,0,0.11,0.00,0.11,0.11,0.11,Matches,,,,,,,,,,,,,,,,,,,,,,,,,,National League,2024-2025
e532e0a9,Kain Adom,Kain Adom,,"MF,FW",Gateshead,,,22,7,787,8.7,1,0,1,1,0,0,1,0,0.11,0.00,0.11,0.11,0.11,Matches,,,,,,,,,,,,,,,,,,,,,,,,,,National League,2024-2025
e532e0a9,Kain Adom,Kain Adom,,"MF,FW",Gateshead,,,22,7,787,8.7,1,0,1,1,0,0,1,0,0.11,0.00,0.11,0.11,0.11,Matches,,,,,,,,,,,,,,,,,,,,,,,,,,National League,2024-2025
e532e0a9,Kain Adom,Kain Adom,,"FW,MF",Fylde,,,6,0,134,1.5,0,0,0,0,0,0,0,0,0.00,0.00,0.00,0.00,0.00,Matches,,,,,,,,,,,,,,,,,,,,,,,,,,National League,2024-2025
e532e0a9,Kain Adom,Kain Adom,,"FW,MF",Fylde,,,6,0,134,1.5,0,0,0,0,0,0,0,0,0.00,0.00,0.00,0.00,0.00,Matches,,,,,,,,,,,,,,,,,,,,,,,,,,National League,2024-2025
e532e0a9,Kain Adom,Kain Adom,,"FW,MF",Fylde,,,6,0,134,1.5,0,0,0,0,0,0,0,0,0.00,0.00,0.00,0.00,0.00,Matches,,,,,,,,,,,,,,,,,,,,,,,,,,National League,2024-2025
e532e0a9,Kain Adom,Kain Adom,,"MF,FW",Sutton United,,,7,6,385,4.3,0,0,0,0,0,0,0,0,0.00,0.00,0.00,0.00,0.00,Matches,,,,,,,,,,,,,,,,,,,,,,,,,,National League,2024-2025
e532e0a9,Kain Adom,Kain Adom,,"MF,FW",Sutton United,,,7,6,385,4.3,0,0,0,0,0,0,0,0,0.00,0.00,0.00,0.00,0.00,Matches,,,,,,,,,,,,,,,,,,,,,,,,,,National League,2024-2025
e532e0a9,Kain Adom,Kain Adom,,"MF,FW",Sutton United,,,7,6,385,4.3,0,0,0,0,0,0,0,0,0.00,0.00,0.00,0.00,0.00,Matches,,,,,,,,,,,,,,,,,,,,,,,,,,National League,2024-2025
8f817fc7,Daniel Adshead,Daniel Adshead,eng ENG,"MF,FW",Boston United,22,2001,3,2,111,1.2,0,0,0,0,0,0,0,0,0.00,0.00,0.00,0.00,0.00,Matches,,,,,,,,,,,,,,,,,,,,,,,,,,National League,2024-2025
e47141d7,Michael Adu-Poku,Michael Adu-Poku,eng ENG,"MF,DF",Rochdale,18,2005,7,4,372,4.1,0,0,0,0,0,0,0,0,0.00,0.00,0.00,0.00,0.00,Matches,,,,,,,,,,,,,,,,,,,,,,,,,,National League,2024-2025
e47141d7,Michael Adu-Poku,Michael Adu-Poku,eng ENG,"MF,DF",Rochdale,18,2005,7,4,372,4.1,0,0,0,0,0,0,0,0,0.00,0.00,0.00,0.00,0.00,Matches,,,,,,,,,,,,,,,,,,,,,,,,,,National League,2024-2025
e47141d7,Michael Adu-Poku,Michael Adu-Poku,eng ENG,"MF,FW",Solihull Moors,18,2005,11,11,898,10.0,1,1,2,1,0,0,1,0,0.10,0.10,0.20,0.10,0.20,Matches,,,,,,,,,,,,,,,,,,,,,,,,,,National League,2024-2025
e47141d7,Michael Adu-Poku,Michael Adu-Poku,eng ENG,"MF,FW",Solihull Moors,18,2005,11,11,898,10.0,1,1,2,1,0,0,1,0,0.10,0.10,0.20,0.10,0.20,Matches,,,,,,,,,,,,,,,,,,,,,,,,,,National League,2024-2025
ea57b8f4,Edwin Agbaje,Edwin Agbaje,ie IRL,DF,Sutton United,20,2004,1,1,44,0.5,0,0,0,0,0,0,0,0,0.00,0.00,0.00,0.00,0.00,Matches,,,,,,,,,,,,,,,,,,,,,,,,,,National League,2024-2025
81ef747a,Ricky Aguiar,Ricky Aguiar,eng ENG,"MF,DF",York City,23,2001,30,18,"1,425",15.8,2,1,3,2,0,0,3,0,0.13,0.06,0.19,0.13,0.19,Matches,,,,,,,,,,,,,,,,,,,,,,,,,,National League,2024-2025
5b1e9f24,David Ajiboye,David Ajiboye,eng ENG,MF,York City,25,1998,7,5,436,4.8,1,0,1,1,0,0,0,0,0.21,0.00,0.21,0.21,0.21,Matches,,,,,,,,,,,,,,,,,,,,,,,,,,National League,2024-2025
eeccc57d,Joseph Ajose,Joseph Ajose,eng ENG,MF,Maidenhead United,23,2001,16,4,401,4.5,1,1,2,1,0,0,0,0,0.22,0.22,0.45,0.22,0.45,Matches,,,,,,,,,,,,,,,,,,,,,,,,,,National League,2024-2025
93a09a47,John Akinde,John Akinde,eng ENG,"FW,MF",Braintree Town,35,1989,40,28,"2,559",28.4,10,4,14,6,4,4,12,1,0.35,0.14,0.49,0.21,0.35,Matches,,,,,,,,,,,,,,,,,,,,,,,,,,National League,2024-2025
f148e802,Olatunji Akinola,Olatunji Akinola,eng ENG,"MF,DF",Woking,25,1998,40,37,"3,202",35.6,2,0,2,2,0,0,8,0,0.06,0.00,0.06,0.06,0.06,Matches,,,,,,,,,,,,,,,,,,,,,,,,,,National League,2024-2025
e8cd04a6,Tim Akinola,Tim Akinola,eng ENG,MF,Solihull Moors,23,2001,2,2,142,1.6,0,0,0,0,0,0,1,0,0.00,0.00,0.00,0.00,0.00,Matches,,,,,,,,,,,,,,,,,,,,,,,,,,National League,2024-2025
e8cd04a6,Tim Akinola,Tim Akinola,eng ENG,MF,Solihull Moors,23,2001,2,2,142,1.6,0,0,0,0,0,0,1,0,0.00,0.00,0.00,0.00,0.00,Matches,,,,,,,,,,,,,,,,,,,,,,,,,,National League,2024-2025
e8cd04a6,Tim Akinola,Tim Akinola,eng ENG,MF,Solihull Moors,23,2001,2,2,142,1.6,0,0,0,0,0,0,1,0,0.00,0.00,0.00,0.00,0.00,Matches,,,,,,,,,,,,,,,,,,,,,,,,,,National League,2024-2025
e8cd04a6,Tim Akinola,Tim Akinola,eng ENG,MF,Gateshead,23,2001,6,6,464,5.2,1,0,1,1,0,0,0,0,0.19,0.00,0.19,0.19,0.19,Matches,,,,,,,,,,,,,,,,,,,,,,,,,,National League,2024-2025
e8cd04a6,Tim Akinola,Tim Akinola,eng ENG,MF,Gateshead,23,2001,6,6,464,5.2,1,0,1,1,0,0,0,0,0.19,0.00,0.19,0.19,0.19,Matches,,,,,,,,,,,,,,,,,,,,,,,,,,National League,2024-2025
e8cd04a6,Tim Akinola,Tim Akinola,eng ENG,MF,Gateshead,23,2001,6,6,464,5.2,1,0,1,1,0,0,0,0,0.19,0.00,0.19,0.19,0.19,Matches,,,,,,,,,,,,,,,,,,,,,,,,,,National League,2024-2025
e8cd04a6,Tim Akinola,Tim Akinola,eng ENG,"MF,DF",Dagenham & Redbridge,23,2001,5,2,237,2.6,0,0,0,0,0,0,0,0,0.00,0.00,0.00,0.00,0.00,Matches,,,,,,,,,,,,,,,,,,,,,,,,,,National League,2024-2025
e8cd04a6,Tim Akinola,Tim Akinola,eng ENG,"MF,DF",Dagenham & Redbridge,23,2001,5,2,237,2.6,0,0,0,0,0,0,0,0,0.00,0.00,0.00,0.00,0.00,Matches,,,,,,,,,,,,,,,,,,,,,,,,,,National League,2024-2025
e8cd04a6,Tim Akinola,Tim Akinola,eng ENG,"MF,DF",Dagenham & Redbridge,23,2001,5,2,237,2.6,0,0,0,0,0,0,0,0,0.00,0.00,0.00,0.00,0.00,Matches,,,,,,,,,,,,,,,,,,,,,,,,,,National League,2024-2025
9a7614d9,Dipo Akinyemi,Dipo Akinyemi,eng ENG,"MF,FW",York City,27,1997,25,11,"1,242",13.8,4,5,9,4,0,0,3,0,0.29,0.36,0.65,0.29,0.65,Matches,,,,,,,,,,,,,,,,,,,,,,,,,,National League,2024-2025
7c31a4b4,Ashley Akpan,Ashley Akpan,eng ENG,"MF,DF",Aldershot Town,20,2004,17,16,"1,450",16.1,1,3,4,1,0,0,1,0,0.06,0.19,0.25,0.06,0.25,Matches,,,,,,,,,,,,,,,,,,,,,,,,,,National League,2024-2025
e79de0cc,Ody Alfa,Ody Alfa,ng NGA,FW,Rochdale,25,1999,3,0,31,0.3,0,0,0,0,0,0,0,0,0.00,0.00,0.00,0.00,0.00,Matches,,,,,,,,,,,,,,,,,,,,,,,,,,National League,2024-2025
3a81c5ee,Adam Alimi-Adetoro,Adam Alimi-Adetoro,ie IRL,"DF,MF",FC Halifax Town,22,2002,36,29,"2,642",29.4,2,1,3,2,0,0,12,0,0.07,0.03,0.10,0.07,0.10,Matches,,,,,,,,,,,,,,,,,,,,,,,,,,National League,2024-2025
e95726c1,Thomas Allan,Thomas Allan,eng ENG,"FW,MF",Gateshead,24,1999,12,6,524,5.8,0,0,0,0,0,0,1,1,0.00,0.00,0.00,0.00,0.00,Matches,,,,,,,,,,,,,,,,,,,,,,,,,,National League,2024-2025
81db2ca6,Tarryn Allarakhia,Tarryn Allarakhia,tz TAN,"MF,FW",Rochdale,26,1997,42,34,"2,852",31.7,4,5,9,4,0,0,5,0,0.13,0.16,0.28,0.13,0.28,Matches,,,,,,,,,,,,,,,,,,,,,,,,,,National League,2024-2025
d9fb392c,Luca Alonzi,Luca Alonzi,eng ENG,FW,Boston United,16,2008,1,0,36,0.4,0,0,0,0,0,0,1,0,0.00,0.00,0.00,0.00,0.00,Matches,,,,,,,,,,,,,,,,,,,,,,,,,,National League,2024-2025
b3f78f19,Justin Amaluzor,Justin Amaluzor,eng ENG,"MF,FW",Altrincham,27,1996,29,25,"2,040",22.7,4,2,6,4,0,0,4,1,0.18,0.09,0.26,0.18,0.26,Matches,,,,,,,,,,,,,,,,,,,,,,,,,,National League,2024-2025
8b806366,Francis Amartey,Francis Amartey,eng ENG,FW,Braintree Town,25,1999,1,0,8,0.1,0,0,0,0,0,0,0,0,0.00,0.00,0.00,0.00,0.00,Matches,,,,,,,,,,,,,,,,,,,,,,,,,,National League,2024-2025
4012d509,Collin Andeng-Ndi,Collin Andeng-Ndi,cm CMR,GK,Southend United,20,2003,24,23,"2,060",22.9,0,0,0,0,0,0,2,0,0.00,0.00,0.00,0.00,0.00,Matches,,,,,,,,11,47.8,24,23,25,1.09,6,"2,060",4,4,0,0.0,0,,,,9,8,National League,2024-2025
97d9a4df,Jermaine Anderson,Jermaine Anderson,eng ENG,MF,Woking,28,1996,26,13,"1,073",11.9,1,0,1,1,0,0,7,0,0.08,0.00,0.08,0.08,0.08,Matches,,,,,,,,,,,,,,,,,,,,,,,,,,National League,2024-2025
ed53f476,Keane Anderson,Keane Anderson,eng ENG,MF,Aldershot Town,20,2003,9,7,584,6.5,0,0,0,0,0,0,1,0,0.00,0.00,0.00,0.00,0.00,Matches,,,,,,,,,,,,,,,,,,,,,,,,,,National League,2024-2025
cbb8faac,Jamie Andrews,Jamie Andrews,eng ENG,MF,Woking,21,2002,43,37,"3,370",37.4,1,2,3,1,0,0,6,0,0.03,0.05,0.08,0.03,0.08,Matches,,,,,,,,,,,,,,,,,,,,,,,,,,National League,2024-2025
88ddc295,Louie Annesley,Louie Annesley,gi GIB,"DF,MF",Braintree Town,24,2000,42,42,"3,635",40.4,2,1,3,2,0,0,8,0,0.05,0.02,0.07,0.05,0.07,Matches,,,,,,,,,,,,,,,,,,,,,,,,,,National League,2024-2025
5be1a1f3,Caleb Ansen,Caleb Ansen,eng ENG,GK,Altrincham,18,2005,12,11,999,11.1,0,0,0,0,0,0,1,0,0.00,0.00,0.00,0.00,0.00,Matches,,,,,,,,2,18.2,12,11,17,1.53,4,999,2,2,0,0.0,0,,,,3,4,National League,2024-2025
247120d2,Elijah Anthony,Elijah Anthony,eng ENG,DF,Ebbsfleet United,20,2004,1,0,40,0.4,0,0,0,0,0,0,1,0,0.00,0.00,0.00,0.00,0.00,Matches,,,,,,,,,,,,,,,,,,,,,,,,,,National League,2024-2025
100dc4d3,Alex Aoraha,Alex Aoraha,iq IRQ,"MF,FW",Ebbsfleet United,21,2003,16,11,922,10.2,0,2,2,0,0,0,2,0,0.00,0.20,0.20,0.00,0.20,Matches,,,,,,,,,,,,,,,,,,,,,,,,,,National League,2024-2025
270c700c,Keenan Appiah-Forson,Keenan Appiah-Forson,eng ENG,"MF,DF",Southend United,22,2001,36,15,"1,611",17.9,2,1,3,2,0,0,3,0,0.11,0.06,0.17,0.11,0.17,Matches,,,,,,,,,,,,,,,,,,,,,,,,,,National League,2024-2025
1169e5d5,Raphael Araoye,Raphael Araoye,eng ENG,DF,Yeovil Town,20,2004,5,2,200,2.2,0,1,1,0,0,0,0,0,0.00,0.45,0.45,0.00,0.45,Matches,,,,,,,,,,,,,,,,,,,,,,,,,,National League,2024-2025
08d45bf7,Will Armitage,Will Armitage,eng ENG,DF,Aldershot Town,19,2005,20,20,"1,771",19.7,0,1,1,0,0,0,3,0,0.00,0.05,0.05,0.00,0.05,Matches,,,,,,,,,,,,,,,,,,,,,,,,,,National League,2024-2025
746e68ad,Finlay Armstrong,Finlay Armstrong,eng ENG,"MF,DF",Rochdale,21,2003,12,2,278,3.1,0,0,0,0,0,0,0,0,0.00,0.00,0.00,0.00,0.00,Matches,,,,,,,,,,,,,,,,,,,,,,,,,,National League,2024-2025
8a6ec36e,Marvin Armstrong,Marvin Armstrong,eng ENG,"MF,FW",York City,25,1999,39,30,"2,431",27.0,4,1,5,4,0,0,4,0,0.15,0.04,0.19,0.15,0.19,Matches,,,,,,,,,,,,,,,,,,,,,,,,,,National League,2024-2025
8c0d375b,Steve Arnold,Steve Arnold,eng ENG,GK,Sutton United,34,1989,14,14,"1,260",14.0,0,0,0,0,0,0,1,0,0.00,0.00,0.00,0.00,0.00,Matches,,,,,,,,3,21.4,14,14,23,1.64,5,"1,260",1,1,0,0.0,0,,,,4,5,National League,2024-2025
8200275b,Festus Arthur,Festus Arthur,de GER,DF,FC Halifax Town,23,2001,9,7,558,6.2,0,1,1,0,0,0,1,0,0.00,0.16,0.16,0.00,0.16,Matches,,,,,,,,,,,,,,,,,,,,,,,,,,National League,2024-2025
9c194ec4,Sam Ashford,Sam Ashford,eng ENG,FW,Woking,28,1995,8,7,556,6.2,0,1,1,0,0,0,0,0,0.00,0.16,0.16,0.00,0.16,Matches,,,,,,,,,,,,,,,,,,,,,,,,,,National League,2024-2025
9c194ec4,Sam Ashford,Sam Ashford,eng ENG,FW,Woking,28,1995,8,7,556,6.2,0,1,1,0,0,0,0,0,0.00,0.16,0.16,0.00,0.16,Matches,,,,,,,,,,,,,,,,,,,,,,,,,,National League,2024-2025
9c194ec4,Sam Ashford,Sam Ashford,eng ENG,"FW,MF",Wealdstone FC,28,1995,28,20,"1,764",19.6,7,1,8,6,1,1,2,0,0.36,0.05,0.41,0.31,0.36,Matches,,,,,,,,,,,,,,,,,,,,,,,,,,National League,2024-2025
9c194ec4,Sam Ashford,Sam Ashford,eng ENG,"FW,MF",Wealdstone FC,28,1995,28,20,"1,764",19.6,7,1,8,6,1,1,2,0,0.36,0.05,0.41,0.31,0.36,Matches,,,,,,,,,,,,,,,,,,,,,,,,,,National League,2024-2025
90817cad,Nathan Asiimwe,Nathan Asiimwe,ug UGA,"MF,DF",Hartlepool United,19,2004,5,4,288,3.2,0,0,0,0,0,0,0,0,0.00,0.00,0.00,0.00,0.00,Matches,,,,,,,,,,,,,,,,,,,,,,,,,,National League,2024-2025
9ac825cb,Leon Ayinde,Leon Ayinde,ie IRL,"FW,MF",Rochdale,19,2004,27,11,974,10.8,2,1,3,2,0,0,0,0,0.18,0.09,0.28,0.18,0.28,Matches,,,,,,,,,,,,,,,,,,,,,,,,,,National League,2024-2025
b06224eb,Lewis Baines,Lewis Baines,eng ENG,DF,Altrincham,25,1998,37,36,"3,194",35.5,1,0,1,1,0,0,1,0,0.03,0.00,0.03,0.03,0.03,Matches,,,,,,,,,,,,,,,,,,,,,,,,,,National League,2024-2025
101dfbcf,Hazeem Bakre,Hazeem Bakre,eng ENG,MF,Dagenham & Redbridge,18,2005,3,0,78,0.9,0,0,0,0,0,0,0,0,0.00,0.00,0.00,0.00,0.00,Matches,,,,,,,,,,,,,,,,,,,,,,,,,,National League,2024-2025
15e20e58,Lanre Balogun,Lanre Balogun,eng ENG,FW,Braintree Town,23,2000,3,0,52,0.6,0,0,0,0,0,0,0,0,0.00,0.00,0.00,0.00,0.00,Matches,,,,,,,,,,,,,,,,,,,,,,,,,,National League,2024-2025
2a8cea78,Lewis Banks,Lewis Banks,eng ENG,DF,Altrincham,27,1997,44,41,"3,702",41.1,2,2,4,2,0,0,8,0,0.05,0.05,0.10,0.05,0.10,Matches,,,,,,,,,,,,,,,,,,,,,,,,,,National League,2024-2025
9af37034,Dante Baptiste,Dante Baptiste,eng ENG,GK,Wealdstone FC,22,2002,7,7,630,7.0,0,0,0,0,0,0,1,0,0.00,0.00,0.00,0.00,0.00,Matches,,,,,,,,1,14.3,7,7,9,1.29,2,630,0,0,0,,0,,,,2,3,National League,2024-2025
5c957d3e,Finley Barbrook,Finley Barbrook,eng ENG,MF,Sutton United,19,2004,35,34,"2,930",32.6,2,1,3,2,0,0,12,0,0.06,0.03,0.09,0.06,0.09,Matches,,,,,,,,,,,,,,,,,,,,,,,,,,National League,2024-2025
c683914c,Max Bardell,Max Bardell,eng ENG,DF,Fylde,21,2002,26,22,"1,918",21.3,0,0,0,0,0,0,4,0,0.00,0.00,0.00,0.00,0.00,Matches,,,,,,,,,,,,,,,,,,,,,,,,,,National League,2024-2025
eacfb653,Jack Barham,Jack Barham,eng ENG,FW,Aldershot Town,28,1996,44,30,"2,821",31.3,10,4,14,10,0,0,4,0,0.32,0.13,0.45,0.32,0.45,Matches,,,,,,,,,,,,,,,,,,,,,,,,,,National League,2024-2025
d67c87a4,Aidan Barlow,Aidan Barlow,eng ENG,"FW,MF",Rochdale,24,2000,26,18,"1,591",17.7,2,5,7,2,0,0,2,0,0.11,0.28,0.40,0.11,0.40,Matches,,,,,,,,,,,,,,,,,,,,,,,,,,National League,2024-2025
8506c40f,Sam Barratt,Sam Barratt,eng ENG,MF,Maidenhead United,28,1995,32,13,"1,179",13.1,4,2,6,1,3,3,3,0,0.31,0.15,0.46,0.08,0.23,Matches,,,,,,,,,,,,,,,,,,,,,,,,,,National League,2024-2025
0e1365b3,Josh Barrett,Josh Barrett,ie IRL,FW,Aldershot Town,26,1998,38,33,"2,538",28.2,16,2,18,16,0,1,7,0,0.57,0.07,0.64,0.57,0.64,Matches,,,,,,,,,,,,,,,,,,,,,,,,,,National League,2024-2025
236d601c,Killian Barrett,Killian Barrett,ie IRL,GK,Solihull Moors,20,2004,9,9,810,9.0,0,0,0,0,0,0,0,0,0.00,0.00,0.00,0.00,0.00,Matches,,,,,,,,2,22.2,9,9,8,0.89,3,810,0,0,0,,0,,,,2,4,National League,2024-2025
236d601c,Killian Barrett,Killian Barrett,ie IRL,GK,Solihull Moors,20,2004,9,9,810,9.0,0,0,0,0,0,0,0,0,0.00,0.00,0.00,0.00,0.00,Matches,,,,,,,,4,44.4,9,9,6,0.67,2,810,1,1,0,0.0,0,,,,2,5,National League,2024-2025
236d601c,Killian Barrett,Killian Barrett,ie IRL,GK,Solihull Moors,20,2004,9,9,810,9.0,0,0,0,0,0,0,0,0,0.00,0.00,0.00,0.00,0.00,Matches,,,,,,,,2,22.2,9,9,8,0.89,3,810,0,0,0,,0,,,,2,4,National League,2024-2025
236d601c,Killian Barrett,Killian Barrett,ie IRL,GK,Solihull Moors,20,2004,9,9,810,9.0,0,0,0,0,0,0,0,0,0.00,0.00,0.00,0.00,0.00,Matches,,,,,,,,4,44.4,9,9,6,0.67,2,810,1,1,0,0.0,0,,,,2,5,National League,2024-2025
236d601c,Killian Barrett,Killian Barrett,ie IRL,GK,Rochdale,20,2004,9,9,810,9.0,0,0,0,0,0,0,0,0,0.00,0.00,0.00,0.00,0.00,Matches,,,,,,,,2,22.2,9,9,8,0.89,3,810,0,0,0,,0,,,,2,4,National League,2024-2025
236d601c,Killian Barrett,Killian Barrett,ie IRL,GK,Rochdale,20,2004,9,9,810,9.0,0,0,0,0,0,0,0,0,0.00,0.00,0.00,0.00,0.00,Matches,,,,,,,,4,44.4,9,9,6,0.67,2,810,1,1,0,0.0,0,,,,2,5,National League,2024-2025
236d601c,Killian Barrett,Killian Barrett,ie IRL,GK,Rochdale,20,2004,9,9,810,9.0,0,0,0,0,0,0,0,0,0.00,0.00,0.00,0.00,0.00,Matches,,,,,,,,2,22.2,9,9,8,0.89,3,810,0,0,0,,0,,,,2,4,National League,2024-2025
236d601c,Killian Barrett,Killian Barrett,ie IRL,GK,Rochdale,20,2004,9,9,810,9.0,0,0,0,0,0,0,0,0,0.00,0.00,0.00,0.00,0.00,Matches,,,,,,,,4,44.4,9,9,6,0.67,2,810,1,1,0,0.0,0,,,,2,5,National League,2024-2025
539455f1,Mason Barrett,Mason Barrett,eng ENG,"DF,MF",Wealdstone FC,24,1999,9,9,699,7.8,0,0,0,0,0,0,1,0,0.00,0.00,0.00,0.00,0.00,Matches,,,,,,,,,,,,,,,,,,,,,,,,,,National League,2024-2025
b381ce3d,Ryan Bartley,Ryan Bartley,eng ENG,DF,Gateshead,20,2003,9,6,539,6.0,0,0,0,0,0,0,1,1,0.00,0.00,0.00,0.00,0.00,Matches,,,,,,,,,,,,,,,,,,,,,,,,,,National League,2024-2025
96c92a74,Daniel Batty,Daniel Batty,eng ENG,"MF,DF",York City,26,1997,41,32,"2,814",31.3,0,5,5,0,0,0,5,0,0.00,0.16,0.16,0.00,0.16,Matches,,,,,,,,,,,,,,,,,,,,,,,,,,National League,2024-2025
b6623a0a,Harry Beautyman,Harry Beautyman,eng ENG,"MF,FW",Woking,32,1992,35,29,"2,620",29.1,10,3,13,5,5,5,8,0,0.34,0.10,0.45,0.17,0.27,Matches,,,,,,,,,,,,,,,,,,,,,,,,,,National League,2024-2025
60d58b05,Mark Beck,Mark Beck,sct SCO,"FW,MF",Gateshead,30,1994,14,3,393,4.4,0,0,0,0,0,0,0,0,0.00,0.00,0.00,0.00,0.00,Matches,,,,,,,,,,,,,,,,,,,,,,,,,,National League,2024-2025
d04668f1,Sam Beckwith,Sam Beckwith,eng ENG,DF,Rochdale,23,2001,45,43,"3,716",41.3,2,0,2,2,0,0,9,1,0.05,0.00,0.05,0.05,0.05,Matches,,,,,,,,,,,,,,,,,,,,,,,,,,National League,2024-2025
e9b37d1d,Jean Belehoua,Jean Belehoua,fr FRA,DF,Gateshead,23,2000,25,16,"1,717",19.1,0,1,1,0,0,0,1,0,0.00,0.05,0.05,0.00,0.05,Matches,,,,,,,,,,,,,,,,,,,,,,,,,,National League,2024-2025
d8cee7b2,Zac Bell,Zac Bell,wls WAL,DF,Maidenhead United,21,2003,5,2,223,2.5,0,0,0,0,0,0,1,0,0.00,0.00,0.00,0.00,0.00,Matches,,,,,,,,,,,,,,,,,,,,,,,,,,National League,2024-2025
15e9692b,Giosue Bellagambi,Giosue Bellagambi,ug UGA,GK,Barnet,22,2001,1,1,90,1.0,0,0,0,0,0,0,0,0,0.00,0.00,0.00,0.00,0.00,Matches,,,,,,,,1,100.0,1,1,0,0.00,0,90,0,0,0,,0,,,,0,1,National League,2024-2025
a87cad26,Dominic Bernard,Dominic Bernard,ie IRL,DF,Yeovil Town,27,1997,31,24,"2,196",24.4,2,1,3,2,0,0,8,1,0.08,0.04,0.12,0.08,0.12,Matches,,,,,,,,,,,,,,,,,,,,,,,,,,National League,2024-2025
d8a1d6ec,Dylan Berry,Dylan Berry,nir NIR,GK,Ebbsfleet United,21,2003,1,1,90,1.0,0,0,0,0,0,0,0,0,0.00,0.00,0.00,0.00,0.00,Matches,,,,,,,,0,0.0,1,1,2,2.00,1,90,0,0,0,,0,,,,0,0,National League,2024-2025
70e40fa1,Jake Bickerstaff,Jake Bickerstaff,wls WAL,"FW,MF",Altrincham,22,2001,25,12,"1,052",11.7,2,2,4,2,0,0,1,0,0.17,0.17,0.34,0.17,0.34,Matches,,,,,,,,,,,,,,,,,,,,,,,,,,National League,2024-2025
2f74966e,Rakish Bingham,Rakish Bingham,eng ENG,"FW,MF",Ebbsfleet United,30,1993,23,11,"1,052",11.7,2,0,2,1,1,1,3,0,0.17,0.00,0.17,0.09,0.09,Matches,,,,,,,,,,,,,,,,,,,,,,,,,,National League,2024-2025
246e15d1,Jay Bird,Jay Bird,eng ENG,FW,Rochdale,23,2001,9,6,458,5.1,4,0,4,4,0,0,0,0,0.79,0.00,0.79,0.79,0.79,Matches,,,,,,,,,,,,,,,,,,,,,,,,,,National League,2024-2025
d15e3efb,Tom Blackwell,Tom Blackwell,eng ENG,"MF,FW",Braintree Town,23,2000,42,24,"2,128",23.6,2,2,4,2,0,0,2,0,0.08,0.08,0.17,0.08,0.17,Matches,,,,,,,,,,,,,,,,,,,,,,,,,,National League,2024-2025
1346e497,Sonny Blu Lo-Everton,Sonny Blu Lo-Everton,sct SCO,MF,Yeovil Town,21,2002,29,19,"1,661",18.5,4,1,5,4,0,0,2,0,0.22,0.05,0.27,0.22,0.27,Matches,,,,,,,,,,,,,,,,,,,,,,,,,,National League,2024-2025
a95d214b,Nana Boateng,Nana Boateng,eng ENG,"MF,FW",Sutton United,21,2002,27,11,"1,037",11.5,0,0,0,0,0,0,2,0,0.00,0.00,0.00,0.00,0.00,Matches,,,,,,,,,,,,,,,,,,,,,,,,,,National League,2024-2025
5d2fb6e9,Ashley Boatswain,Ashley Boatswain,ms MSR,FW,Fylde,19,2005,18,7,659,7.3,1,0,1,1,0,0,0,0,0.14,0.00,0.14,0.14,0.14,Matches,,,,,,,,,,,,,,,,,,,,,,,,,,National League,2024-2025
6db00ad8,Enzio Boldewijn,Enzio Boldewijn,nl NED,"MF,DF",Wealdstone FC,31,1992,45,41,"3,639",40.4,2,1,3,2,0,0,3,0,0.05,0.02,0.07,0.05,0.07,Matches,,,,,,,,,,,,,,,,,,,,,,,,,,National League,2024-2025
5353cf2b,Aaron Bolger,Aaron Bolger,ie IRL,MF,Ebbsfleet United,24,2000,16,16,"1,395",15.5,0,0,0,0,0,0,3,0,0.00,0.00,0.00,0.00,0.00,Matches,,,,,,,,,,,,,,,,,,,,,,,,,,National League,2024-2025
82e98e43,Harrison Bond,Harrison Bond,eng ENG,GK,Gateshead,20,2003,2,1,139,1.5,0,0,0,0,0,0,0,0,0.00,0.00,0.00,0.00,0.00,Matches,,,,,,,,0,0.0,2,1,4,2.59,0,139,0,0,0,,0,,,,0,1,National League,2024-2025
53ef24c2,Matthew Bondswell,Matthew Bondswell,eng ENG,DF,Hartlepool United,22,2002,1,0,9,0.1,0,0,0,0,0,0,0,0,0.00,0.00,0.00,0.00,0.00,Matches,,,,,,,,,,,,,,,,,,,,,,,,,,National League,2024-2025
9ca8b21c,Macauley Bonne,Macauley Bonne,zw ZIM,FW,Southend United,28,1995,40,20,"2,129",23.7,5,4,9,5,0,0,3,0,0.21,0.17,0.38,0.21,0.38,Matches,,,,,,,,,,,,,,,,,,,,,,,,,,National League,2024-2025
66fe775c,Regan Booty,Regan Booty,eng ENG,MF,Gateshead,26,1998,43,43,"3,861",42.9,2,8,10,2,0,0,10,0,0.05,0.19,0.23,0.05,0.23,Matches,,,,,,,,,,,,,,,,,,,,,,,,,,National League,2024-2025
dcbb8355,Pedro Borges,Pedro Borges,pt POR,"MF,DF",Yeovil Town,19,2005,8,6,436,4.8,0,0,0,0,0,0,0,0,0.00,0.00,0.00,0.00,0.00,Matches,,,,,,,,,,,,,,,,,,,,,,,,,,National League,2024-2025
46291841,John Bostock,John Bostock,tt TRI,MF,Solihull Moors,32,1992,40,28,"2,428",27.0,0,3,3,0,0,0,4,0,0.00,0.11,0.11,0.00,0.11,Matches,,,,,,,,,,,,,,,,,,,,,,,,,,National League,2024-2025
649b0d73,Michael Bostwick,Michael Bostwick,eng ENG,"DF,MF",Boston United,36,1988,17,17,"1,410",15.7,0,0,0,0,0,0,5,0,0.00,0.00,0.00,0.00,0.00,Matches,,,,,,,,,,,,,,,,,,,,,,,,,,National League,2024-2025
d80f8c19,Noa Boutin,Noa Boutin,fr FRA,"MF,DF",Eastleigh,20,2003,34,26,"2,295",25.5,1,0,1,1,0,0,5,0,0.04,0.00,0.04,0.04,0.04,Matches,,,,,,,,,,,,,,,,,,,,,,,,,,National League,2024-2025
e4209f59,Sam Bowen,Sam Bowen,wls WAL,MF,Solihull Moors,23,2001,32,29,"2,412",26.8,4,1,5,4,0,0,3,0,0.15,0.04,0.19,0.15,0.19,Matches,,,,,,,,,,,,,,,,,,,,,,,,,,National League,2024-2025
10f46b5d,Jamie Bramwell,Jamie Bramwell,eng ENG,"DF,MF",Gateshead,20,2004,5,3,287,3.2,1,0,1,1,0,0,1,0,0.31,0.00,0.31,0.31,0.31,Matches,,,,,,,,,,,,,,,,,,,,,,,,,,National League,2024-2025
618e06d4,Oliver Bray,Oliver Bray,eng ENG,FW,Aldershot Town,21,2003,6,1,107,1.2,0,1,1,0,0,0,0,0,0.00,0.84,0.84,0.00,0.84,Matches,,,,,,,,,,,,,,,,,,,,,,,,,,National League,2024-2025
c346407b,Owen Bray,Owen Bray,eng ENG,MF,FC Halifax Town,21,2003,36,12,"1,150",12.8,2,3,5,2,0,0,4,0,0.16,0.23,0.39,0.16,0.39,Matches,,,,,,,,,,,,,,,,,,,,,,,,,,National League,2024-2025
81ef454b,Luke Brennan,Luke Brennan,eng ENG,MF,Fylde,22,2001,5,1,101,1.1,0,0,0,0,0,0,0,0,0.00,0.00,0.00,0.00,0.00,Matches,,,,,,,,,,,,,,,,,,,,,,,,,,National League,2024-2025
2a00dced,Jack Bridge,Jack Bridge,eng ENG,"MF,DF",Southend United,28,1995,42,31,"2,889",32.1,1,4,5,0,1,1,1,0,0.03,0.12,0.16,0.00,0.12,Matches,,,,,,,,,,,,,,,,,,,,,,,,,,National League,2024-2025
a7588b8d,Richard Brindley,Richard Brindley,eng ENG,"DF,MF",Eastleigh,31,1993,37,33,"2,803",31.1,3,1,4,3,0,0,9,1,0.10,0.03,0.13,0.10,0.13,Matches,,,,,,,,,,,,,,,,,,,,,,,,,,National League,2024-2025
d881e416,Tiernan Brooks,Tiernan Brooks,ie IRL,GK,Gateshead,22,2002,24,24,"2,160",24.0,0,0,0,0,0,0,1,0,0.00,0.00,0.00,0.00,0.00,Matches,,,,,,,,5,20.8,24,24,39,1.62,10,"2,160",3,4,0,25.0,1,,,,5,9,National League,2024-2025
d668d03a,Michael Brothers,Michael Brothers,eng ENG,MF,Braintree Town,39,1985,1,0,1,0.0,0,0,0,0,0,0,0,0,0.00,0.00,0.00,0.00,0.00,Matches,,,,,,,,,,,,,,,,,,,,,,,,,,National League,2024-2025
776270a4,Jedidiah Brown,Jedidiah Brown,eng ENG,FW,Wealdstone FC,25,1998,1,0,2,0.0,0,0,0,0,0,0,0,0,0.00,0.00,0.00,0.00,0.00,Matches,,,,,,,,,,,,,,,,,,,,,,,,,,National League,2024-2025
b88d0922,Rhys Browne,Rhys Browne,ag ATG,"FW,MF",Barnet,28,1995,29,16,"1,431",15.9,7,2,9,7,0,0,3,0,0.44,0.13,0.57,0.44,0.57,Matches,,,,,,,,,,,,,,,,,,,,,,,,,,National League,2024-2025
8f4d4609,Rico Browne,Rico Browne,kn SKN,DF,Tamworth,20,2003,4,4,316,3.5,0,0,0,0,0,0,0,0,0.00,0.00,0.00,0.00,0.00,Matches,,,,,,,,,,,,,,,,,,,,,,,,,,National League,2024-2025
0598b224,Tyler Bruck,Tyler Bruck,,FW,Solihull Moors,,,3,0,12,0.1,0,0,0,0,0,0,0,0,0.00,0.00,0.00,0.00,0.00,Matches,,,,,,,,,,,,,,,,,,,,,,,,,,National League,2024-2025
a31f0ebf,Zak Brunt,Zak Brunt,eng ENG,"MF,FW",Barnet,22,2001,44,31,"2,572",28.6,6,6,12,5,1,1,5,0,0.21,0.21,0.42,0.17,0.38,Matches,,,,,,,,,,,,,,,,,,,,,,,,,,National League,2024-2025
af36be45,Harvey Bunker,Harvey Bunker,eng ENG,"MF,DF",Forest Green Rovers,21,2003,35,16,"1,760",19.6,5,1,6,5,0,0,4,0,0.26,0.05,0.31,0.26,0.31,Matches,,,,,,,,,,,,,,,,,,,,,,,,,,National League,2024-2025
cd6f6860,Jake Burger,Jake Burger,eng ENG,"FW,MF",Rochdale,19,2005,25,13,"1,259",14.0,1,1,2,1,0,0,2,0,0.07,0.07,0.14,0.07,0.14,Matches,,,,,,,,,,,,,,,,,,,,,,,,,,National League,2024-2025
5ff1aeb8,Jacob Butterfield,Jacob Butterfield,eng ENG,"MF,FW",Gateshead,34,1990,19,18,"1,295",14.4,4,0,4,4,0,0,1,0,0.28,0.00,0.28,0.28,0.28,Matches,,,,,,,,,,,,,,,,,,,,,,,,,,National League,2024-2025
15ee4bc1,Jili Buyabu,Jili Buyabu,eng ENG,MF,Rochdale,22,2001,22,16,"1,336",14.8,0,0,0,0,0,0,2,0,0.00,0.00,0.00,0.00,0.00,Matches,,,,,,,,,,,,,,,,,,,,,,,,,,National League,2024-2025
3ce712c4,Lachlan Byrd,Lachlan Byrd,au AUS,DF,Aldershot Town,22,2002,17,15,"1,372",15.2,0,0,0,0,0,0,2,0,0.00,0.00,0.00,0.00,0.00,Matches,,,,,,,,,,,,,,,,,,,,,,,,,,National League,2024-2025
e3aa211f,Adam Campbell,Adam Campbell,eng ENG,"MF,FW",Hartlepool United,29,1995,38,26,"2,164",24.0,2,0,2,2,0,0,3,0,0.08,0.00,0.08,0.08,0.08,Matches,,,,,,,,,,,,,,,,,,,,,,,,,,National League,2024-2025
106f7efa,Tahvon Campbell,Tahvon Campbell,eng ENG,"FW,MF",Solihull Moors,27,1997,9,6,512,5.7,2,0,2,1,1,1,2,0,0.35,0.00,0.35,0.18,0.18,Matches,,,,,,,,,,,,,,,,,,,,,,,,,,National League,2024-2025
f738734d,Ted Cann,Ted Cann,eng ENG,GK,Forest Green Rovers,23,2000,6,6,540,6.0,0,0,0,0,0,0,1,0,0.00,0.00,0.00,0.00,0.00,Matches,,,,,,,,2,33.3,6,6,7,1.17,2,540,1,1,0,0.0,0,,,,2,2,National League,2024-2025
f8ca9dd2,Angelo Cappello,Angelo Cappello,bz BLZ,"MF,FW",FC Halifax Town,22,2002,38,30,"2,487",27.6,3,2,5,3,0,0,5,0,0.11,0.07,0.18,0.11,0.18,Matches,,,,,,,,,,,,,,,,,,,,,,,,,,National League,2024-2025
d3082f30,Jake Caprice,Jake Caprice,eng ENG,"MF,DF",Oldham Athletic,31,1992,40,32,"2,746",30.5,2,3,5,2,0,0,6,0,0.07,0.10,0.16,0.07,0.16,Matches,,,,,,,,,,,,,,,,,,,,,,,,,,National League,2024-2025
597d0f13,Mustapha Carayol,Mustapha Carayol,gm GAM,"DF,MF",Wealdstone FC,35,1988,12,5,572,6.4,1,1,2,1,0,0,1,0,0.16,0.16,0.31,0.16,0.31,Matches,,,,,,,,,,,,,,,,,,,,,,,,,,National League,2024-2025
7f876c2e,Harry Cardwell,Harry Cardwell,sct SCO,FW,Southend United,27,1996,5,5,449,5.0,1,1,2,1,0,0,0,0,0.20,0.20,0.40,0.20,0.40,Matches,,,,,,,,,,,,,,,,,,,,,,,,,,National League,2024-2025
7f876c2e,Harry Cardwell,Harry Cardwell,sct SCO,FW,Southend United,27,1996,5,5,449,5.0,1,1,2,1,0,0,0,0,0.20,0.20,0.40,0.20,0.40,Matches,,,,,,,,,,,,,,,,,,,,,,,,,,National League,2024-2025
7f876c2e,Harry Cardwell,Harry Cardwell,sct SCO,FW,Forest Green Rovers,27,1996,37,15,"1,449",16.1,4,1,5,4,0,0,1,0,0.25,0.06,0.31,0.25,0.31,Matches,,,,,,,,,,,,,,,,,,,,,,,,,,National League,2024-2025
7f876c2e,Harry Cardwell,Harry Cardwell,sct SCO,FW,Forest Green Rovers,27,1996,37,15,"1,449",16.1,4,1,5,4,0,0,1,0,0.25,0.06,0.31,0.25,0.31,Matches,,,,,,,,,,,,,,,,,,,,,,,,,,National League,2024-2025
f4dd7cdf,Ryan Carr,Ryan Carr,sct SCO,MF,Ebbsfleet United,19,2004,10,6,579,6.4,1,0,1,1,0,0,1,0,0.16,0.00,0.16,0.16,0.16,Matches,,,,,,,,,,,,,,,,,,,,,,,,,,National League,2024-2025
f4dd7cdf,Ryan Carr,Ryan Carr,sct SCO,MF,Ebbsfleet United,19,2004,10,6,579,6.4,1,0,1,1,0,0,1,0,0.16,0.00,0.16,0.16,0.16,Matches,,,,,,,,,,,,,,,,,,,,,,,,,,National League,2024-2025
f4dd7cdf,Ryan Carr,Ryan Carr,sct SCO,MF,Gateshead,19,2004,1,0,3,0.0,0,0,0,0,0,0,0,0,0.00,0.00,0.00,0.00,0.00,Matches,,,,,,,,,,,,,,,,,,,,,,,,,,National League,2024-2025
f4dd7cdf,Ryan Carr,Ryan Carr,sct SCO,MF,Gateshead,19,2004,1,0,3,0.0,0,0,0,0,0,0,0,0,0.00,0.00,0.00,0.00,0.00,Matches,,,,,,,,,,,,,,,,,,,,,,,,,,National League,2024-2025
57dca386,Ruben Carvalho,Ruben Carvalho,eng ENG,MF,Maidenhead United,23,2001,13,1,209,2.3,0,0,0,0,0,0,0,0,0.00,0.00,0.00,0.00,0.00,Matches,,,,,,,,,,,,,,,,,,,,,,,,,,National League,2024-2025
a653f8a7,Kallum Cesay,Kallum Cesay,sl SLE,MF,Wealdstone FC,21,2002,37,33,"2,917",32.4,6,0,6,6,0,0,7,0,0.19,0.00,0.19,0.19,0.19,Matches,,,,,,,,,,,,,,,,,,,,,,,,,,National League,2024-2025
c5bf0f24,Billy Chadwick,Billy Chadwick,eng ENG,FW,Boston United,24,2000,3,2,192,2.1,0,1,1,0,0,0,1,0,0.00,0.47,0.47,0.00,0.47,Matches,,,,,,,,,,,,,,,,,,,,,,,,,,National League,2024-2025
c5bf0f24,Billy Chadwick,Billy Chadwick,eng ENG,FW,Boston United,24,2000,3,2,192,2.1,0,1,1,0,0,0,1,0,0.00,0.47,0.47,0.00,0.47,Matches,,,,,,,,,,,,,,,,,,,,,,,,,,National League,2024-2025
c5bf0f24,Billy Chadwick,Billy Chadwick,eng ENG,MF,York City,24,2000,20,8,704,7.8,1,1,2,1,0,0,0,0,0.13,0.13,0.26,0.13,0.26,Matches,,,,,,,,,,,,,,,,,,,,,,,,,,National League,2024-2025
c5bf0f24,Billy Chadwick,Billy Chadwick,eng ENG,MF,York City,24,2000,20,8,704,7.8,1,1,2,1,0,0,0,0,0.13,0.13,0.26,0.13,0.26,Matches,,,,,,,,,,,,,,,,,,,,,,,,,,National League,2024-2025
6535901f,Leon Chambers-Parillon,Leon Chambers-Parillon,eng ENG,MF,Southend United,22,2001,18,11,927,10.3,0,5,5,0,0,0,0,0,0.00,0.49,0.49,0.00,0.49,Matches,,,,,,,,,,,,,,,,,,,,,,,,,,National League,2024-2025
8b43ec7f,Ben Chapman,Ben Chapman,eng ENG,"MF,DF",Ebbsfleet United,25,1998,38,31,"2,788",31.0,1,2,3,1,0,0,8,0,0.03,0.06,0.10,0.03,0.10,Matches,,,,,,,,,,,,,,,,,,,,,,,,,,National League,2024-2025
7768b19f,Harry Chapman,Harry Chapman,eng ENG,"MF,FW",Barnet,26,1997,22,9,945,10.5,4,2,6,3,1,1,2,0,0.38,0.19,0.57,0.29,0.48,Matches,,,,,,,,,,,,,,,,,,,,,,,,,,National League,2024-2025
4be54d60,Luke Charman,Luke Charman,eng ENG,"MF,FW",Hartlepool United,26,1997,40,26,"2,267",25.2,4,5,9,4,0,0,6,0,0.16,0.20,0.36,0.16,0.36,Matches,,,,,,,,,,,,,,,,,,,,,,,,,,National League,2024-2025
b20eece9,Harry Charsley,Harry Charsley,ie IRL,"MF,FW",Oldham Athletic,27,1996,11,7,606,6.7,2,0,2,2,0,0,0,0,0.30,0.00,0.30,0.30,0.30,Matches,,,,,,,,,,,,,,,,,,,,,,,,,,National League,2024-2025
c87352d6,Adam Chicksen,Adam Chicksen,zw ZIM,DF,Woking,32,1991,26,25,"2,183",24.3,0,2,2,0,0,0,4,0,0.00,0.08,0.08,0.00,0.08,Matches,,,,,,,,,,,,,,,,,,,,,,,,,,National League,2024-2025
ac0dfdfa,Ryan Clampin,Ryan Clampin,eng ENG,DF,Braintree Town,25,1999,35,33,"2,802",31.1,0,4,4,0,0,0,6,1,0.00,0.13,0.13,0.00,0.13,Matches,,,,,,,,,,,,,,,,,,,,,,,,,,National League,2024-2025
dd6be055,Taylor Clark,Taylor Clark,eng ENG,DF,Wealdstone FC,19,2005,2,1,56,0.6,0,0,0,0,0,0,0,0,0.00,0.00,0.00,0.00,0.00,Matches,,,,,,,,,,,,,,,,,,,,,,,,,,National League,2024-2025
ccb62b10,Jahmari Clarke,Jahmari Clarke,jm JAM,FW,Wealdstone FC,20,2003,2,0,33,0.4,0,0,0,0,0,0,0,0,0.00,0.00,0.00,0.00,0.00,Matches,,,,,,,,,,,,,,,,,,,,,,,,,,National League,2024-2025
ccb62b10,Jahmari Clarke,Jahmari Clarke,jm JAM,FW,Wealdstone FC,20,2003,2,0,33,0.4,0,0,0,0,0,0,0,0,0.00,0.00,0.00,0.00,0.00,Matches,,,,,,,,,,,,,,,,,,,,,,,,,,National League,2024-2025
ccb62b10,Jahmari Clarke,Jahmari Clarke,jm JAM,FW,Yeovil Town,20,2003,1,0,45,0.5,0,0,0,0,0,0,1,0,0.00,0.00,0.00,0.00,0.00,Matches,,,,,,,,,,,,,,,,,,,,,,,,,,National League,2024-2025
ccb62b10,Jahmari Clarke,Jahmari Clarke,jm JAM,FW,Yeovil Town,20,2003,1,0,45,0.5,0,0,0,0,0,0,1,0,0.00,0.00,0.00,0.00,0.00,Matches,,,,,,,,,,,,,,,,,,,,,,,,,,National League,2024-2025
ecc5b3be,James Clarke,James Clarke,ie IRL,"DF,MF",Solihull Moors,24,2000,41,40,"3,432",38.1,1,2,3,1,0,0,7,2,0.03,0.05,0.08,0.03,0.08,Matches,,,,,,,,,,,,,,,,,,,,,,,,,,National League,2024-2025
97855227,Regan Clayton,Regan Clayton,eng ENG,DF,Dagenham & Redbridge,19,2004,11,7,622,6.9,0,0,0,0,0,0,2,0,0.00,0.00,0.00,0.00,0.00,Matches,,,,,,,,,,,,,,,,,,,,,,,,,,National League,2024-2025
d8e563fb,Reyes Cleary,Reyes Cleary,eng ENG,"MF,FW",Hartlepool United,20,2004,20,18,"1,540",17.1,6,3,9,6,0,0,3,0,0.35,0.18,0.53,0.35,0.53,Matches,,,,,,,,,,,,,,,,,,,,,,,,,,National League,2024-2025
56ce83ab,Remy Clerima,Remy Clerima,fr FRA,DF,Maidenhead United,33,1990,13,11,967,10.7,0,1,1,0,0,0,0,0,0.00,0.09,0.09,0.00,0.09,Matches,,,,,,,,,,,,,,,,,,,,,,,,,,National League,2024-2025
ac30d565,Billy Clifford,Billy Clifford,eng ENG,"MF,FW",Barnet,31,1992,21,6,637,7.1,0,0,0,0,0,0,3,0,0.00,0.00,0.00,0.00,0.00,Matches,,,,,,,,,,,,,,,,,,,,,,,,,,National League,2024-2025
1e8a5099,Ben Close,Ben Close,eng ENG,MF,Eastleigh,27,1996,16,16,"1,293",14.4,0,1,1,0,0,0,1,0,0.00,0.07,0.07,0.00,0.07,Matches,,,,,,,,,,,,,,,,,,,,,,,,,,National League,2024-2025
987718f5,Sam Clucas,Sam Clucas,eng ENG,MF,Oldham Athletic,33,1990,7,6,574,6.4,0,2,2,0,0,0,4,0,0.00,0.31,0.31,0.00,0.31,Matches,,,,,,,,,,,,,,,,,,,,,,,,,,National League,2024-2025
e32637f9,Kieran Coates,Kieran Coates,eng ENG,DF,Boston United,22,2001,12,3,390,4.3,0,1,1,0,0,0,1,0,0.00,0.23,0.23,0.00,0.23,Matches,,,,,,,,,,,,,,,,,,,,,,,,,,National League,2024-2025
b4d654a2,Owen Cochrane,Owen Cochrane,,"DF,MF",Maidenhead United,,,33,22,"2,027",22.5,0,2,2,0,0,0,0,0,0.00,0.09,0.09,0.00,0.09,Matches,,,,,,,,,,,,,,,,,,,,,,,,,,National League,2024-2025
08baf141,Callum Cockerill-Mollett,Callum Cockerill-Mollett,eng ENG,DF,Tamworth,25,1999,20,20,"1,649",18.3,0,3,3,0,0,0,0,0,0.00,0.16,0.16,0.00,0.16,Matches,,,,,,,,,,,,,,,,,,,,,,,,,,National League,2024-2025
40c4f987,Ben Coker,Ben Coker,eng ENG,"DF,MF",Barnet,35,1989,31,20,"1,718",19.1,2,6,8,2,0,0,5,0,0.10,0.31,0.42,0.10,0.42,Matches,,,,,,,,,,,,,,,,,,,,,,,,,,National League,2024-2025
8beaa4a3,Oliver Coker,Oliver Coker,,"MF,FW",Southend United,,,32,24,"1,906",21.2,5,3,8,5,0,0,3,0,0.24,0.14,0.38,0.24,0.38,Matches,,,,,,,,,,,,,,,,,,,,,,,,,,National League,2024-2025
7fa1086d,Josh Coley,Josh Coley,eng ENG,MF,Sutton United,26,1998,33,22,"2,072",23.0,5,4,9,5,0,0,6,0,0.22,0.17,0.39,0.22,0.39,Matches,,,,,,,,,,,,,,,,,,,,,,,,,,National League,2024-2025
ecf151ac,Charlie Colkett,Charlie Colkett,eng ENG,"MF,FW",Gateshead,27,1996,18,5,572,6.4,0,0,0,0,0,0,0,0,0.00,0.00,0.00,0.00,0.00,Matches,,,,,,,,,,,,,,,,,,,,,,,,,,National League,2024-2025
784b5bb9,Danny Collinge,Danny Collinge,eng ENG,DF,Barnet,26,1998,29,26,"2,294",25.5,4,4,8,4,0,0,3,1,0.16,0.16,0.31,0.16,0.31,Matches,,,,,,,,,,,,,,,,,,,,,,,,,,National League,2024-2025
58d0198f,Tom Conlon,Tom Conlon,eng ENG,MF,Oldham Athletic,28,1996,30,29,"2,354",26.2,0,3,3,0,0,0,6,0,0.00,0.11,0.11,0.00,0.11,Matches,,,,,,,,,,,,,,,,,,,,,,,,,,National League,2024-2025
442ecc1e,Raheem Conte,Raheem Conte,eng ENG,"MF,DF",Woking,21,2002,8,6,559,6.2,0,1,1,0,0,0,0,0,0.00,0.16,0.16,0.00,0.16,Matches,,,,,,,,,,,,,,,,,,,,,,,,,,National League,2024-2025
5c15638f,Jack Cook,Jack Cook,eng ENG,DF,Wealdstone FC,30,1993,36,35,"3,119",34.7,2,1,3,2,0,0,12,0,0.06,0.03,0.09,0.06,0.09,Matches,,,,,,,,,,,,,,,,,,,,,,,,,,National League,2024-2025
72648d9f,Jamie Cooke,Jamie Cooke,eng ENG,"MF,FW",FC Halifax Town,22,2002,44,33,"3,089",34.3,7,3,10,6,1,1,9,1,0.20,0.09,0.29,0.17,0.26,Matches,,,,,,,,,,,,,,,,,,,,,,,,,,National League,2024-2025
9eadfbf2,Charlie Cooper,Charlie Cooper,eng ENG,MF,Yeovil Town,27,1997,41,36,"3,239",36.0,2,3,5,2,0,0,10,0,0.06,0.08,0.14,0.06,0.14,Matches,,,,,,,,,,,,,,,,,,,,,,,,,,National League,2024-2025
01c46bde,Chay Cooper,Chay Cooper,eng ENG,MF,Braintree Town,22,2001,43,26,"2,302",25.6,4,6,10,4,0,0,6,1,0.16,0.23,0.39,0.16,0.39,Matches,,,,,,,,,,,,,,,,,,,,,,,,,,National League,2024-2025
f84199b8,Kai Corbett,Kai Corbett,eng ENG,"FW,MF",Aldershot Town,21,2002,34,11,"1,041",11.6,1,2,3,1,0,0,1,0,0.09,0.17,0.26,0.09,0.26,Matches,,,,,,,,,,,,,,,,,,,,,,,,,,National League,2024-2025
598a5fde,Tyler Cordner,Tyler Cordner,eng ENG,DF,Ebbsfleet United,25,1998,16,15,"1,245",13.8,1,0,1,1,0,0,4,0,0.07,0.00,0.07,0.07,0.07,Matches,,,,,,,,,,,,,,,,,,,,,,,,,,National League,2024-2025
efcd5f18,Aaron Cosgrave,Aaron Cosgrave,eng ENG,FW,Ebbsfleet United,25,1999,32,27,"2,291",25.5,8,2,10,8,0,1,2,0,0.31,0.08,0.39,0.31,0.39,Matches,,,,,,,,,,,,,,,,,,,,,,,,,,National League,2024-2025
efcd5f18,Aaron Cosgrave,Aaron Cosgrave,eng ENG,FW,Ebbsfleet United,25,1999,32,27,"2,291",25.5,8,2,10,8,0,1,2,0,0.31,0.08,0.39,0.31,0.39,Matches,,,,,,,,,,,,,,,,,,,,,,,,,,National League,2024-2025
efcd5f18,Aaron Cosgrave,Aaron Cosgrave,eng ENG,"FW,MF",FC Halifax Town,25,1999,5,0,85,0.9,0,0,0,0,0,0,0,0,0.00,0.00,0.00,0.00,0.00,Matches,,,,,,,,,,,,,,,,,,,,,,,,,,National League,2024-2025
efcd5f18,Aaron Cosgrave,Aaron Cosgrave,eng ENG,"FW,MF",FC Halifax Town,25,1999,5,0,85,0.9,0,0,0,0,0,0,0,0,0.00,0.00,0.00,0.00,0.00,Matches,,,,,,,,,,,,,,,,,,,,,,,,,,National League,2024-2025
ebc31af0,Finn Cousin-Dawson,Finn Cousin-Dawson,nir NIR,"DF,MF",Yeovil Town,21,2002,37,28,"2,566",28.5,2,0,2,2,0,0,10,1,0.07,0.00,0.07,0.07,0.07,Matches,,,,,,,,,,,,,,,,,,,,,,,,,,National League,2024-2025
56fc23cd,Mark Cousins,Mark Cousins,eng ENG,GK,Ebbsfleet United,37,1987,43,43,"3,870",43.0,0,0,0,0,0,0,1,0,0.00,0.00,0.00,0.00,0.00,Matches,,,,,,,,7,16.3,43,43,92,2.14,27,"3,870",8,8,0,0.0,0,,,,13,3,National League,2024-2025
286ce3ae,Aidan Coyne,Aidan Coyne,au AUS,DF,Maidenhead United,20,2004,2,0,5,0.1,0,0,0,0,0,0,0,0,0.00,0.00,0.00,0.00,0.00,Matches,,,,,,,,,,,,,,,,,,,,,,,,,,National League,2024-2025
dc89af95,Oliver Crankshaw,Oliver Crankshaw,eng ENG,MF,Altrincham,25,1998,6,2,154,1.7,0,0,0,0,0,0,2,0,0.00,0.00,0.00,0.00,0.00,Matches,,,,,,,,,,,,,,,,,,,,,,,,,,National League,2024-2025
259feedc,Ellis Craven,Ellis Craven,eng ENG,GK,Boston United,19,2004,1,0,35,0.4,0,0,0,0,0,0,0,0,0.00,0.00,0.00,0.00,0.00,Matches,,,,,,,,0,,1,0,2,5.14,0,35,0,0,0,,0,,,,0,0,National League,2024-2025
256335e2,Tom Crawford,Tom Crawford,eng ENG,MF,Altrincham,25,1999,42,40,"3,534",39.3,4,5,9,3,1,1,12,2,0.10,0.13,0.23,0.08,0.20,Matches,,,,,,,,,,,,,,,,,,,,,,,,,,National League,2024-2025
d45613eb,Daniel Creaney,Daniel Creaney,eng ENG,FW,Tamworth,30,1994,42,31,"2,832",31.5,19,5,24,18,1,1,12,0,0.60,0.16,0.76,0.57,0.73,Matches,,,,,,,,,,,,,,,,,,,,,,,,,,National League,2024-2025
e410c58c,Romoney Crichlow-Noble,Romoney Crichlow-Noble,eng ENG,DF,Dagenham & Redbridge,25,1999,10,10,853,9.5,1,0,1,1,0,0,6,1,0.11,0.00,0.11,0.11,0.11,Matches,,,,,,,,,,,,,,,,,,,,,,,,,,National League,2024-2025
51d0587c,Ben Crompton,Ben Crompton,eng ENG,DF,Tamworth,20,2003,25,22,"1,887",21.0,1,2,3,1,0,0,6,0,0.05,0.10,0.14,0.05,0.14,Matches,,,,,,,,,,,,,,,,,,,,,,,,,,National League,2024-2025
3cd6b4ce,Adam Crookes,Adam Crookes,eng ENG,DF,York City,26,1997,13,7,764,8.5,1,2,3,1,0,0,0,0,0.12,0.24,0.35,0.12,0.35,Matches,,,,,,,,,,,,,,,,,,,,,,,,,,National League,2024-2025
3de9d26b,Jordan Cropper,Jordan Cropper,eng ENG,DF,Barnet,24,2000,29,1,402,4.5,0,2,2,0,0,0,0,0,0.00,0.45,0.45,0.00,0.45,Matches,,,,,,,,,,,,,,,,,,,,,,,,,,National League,2024-2025
c7c0e66f,Adam Crowther,Adam Crowther,eng ENG,DF,Southend United,23,2001,20,20,"1,748",19.4,1,1,2,1,0,0,1,0,0.05,0.05,0.10,0.05,0.10,Matches,,,,,,,,,,,,,,,,,,,,,,,,,,National League,2024-2025
f5c01bd9,Jordan Cullinane-Liburd,Jordan Cullinane-Liburd,eng ENG,DF,Tamworth,29,1995,26,22,"2,022",22.5,2,1,3,2,0,0,11,2,0.09,0.04,0.13,0.09,0.13,Matches,,,,,,,,,,,,,,,,,,,,,,,,,,National League,2024-2025
7ff209a4,Jo Cummings,Jo Cummings,eng ENG,DF,FC Halifax Town,25,1998,13,12,"1,025",11.4,0,0,0,0,0,0,1,0,0.00,0.00,0.00,0.00,0.00,Matches,,,,,,,,,,,,,,,,,,,,,,,,,,National League,2024-2025
18f96afa,Greg Cundle,Greg Cundle,eng ENG,FW,Ebbsfleet United,27,1997,10,3,429,4.8,0,1,1,0,0,0,0,0,0.00,0.21,0.21,0.00,0.21,Matches,,,,,,,,,,,,,,,,,,,,,,,,,,National League,2024-2025
7d24aa01,Robbie Cundy,Robbie Cundy,eng ENG,DF,Solihull Moors,27,1997,8,8,617,6.9,0,0,0,0,0,0,1,0,0.00,0.00,0.00,0.00,0.00,Matches,,,,,,,,,,,,,,,,,,,,,,,,,,National League,2024-2025
c045945b,Matt Curley,Matt Curley,eng ENG,DF,Tamworth,29,1995,16,9,843,9.4,0,0,0,0,0,0,2,0,0.00,0.00,0.00,0.00,0.00,Matches,,,,,,,,,,,,,,,,,,,,,,,,,,National League,2024-2025
a782215c,Tom Dallison,Tom Dallison,eng ENG,DF,Ebbsfleet United,28,1996,30,28,"2,604",28.9,0,0,0,0,0,0,9,0,0.00,0.00,0.00,0.00,0.00,Matches,,,,,,,,,,,,,,,,,,,,,,,,,,National League,2024-2025
10906963,Campbell Darcy,Campbell Darcy,eng ENG,MF,Hartlepool United,18,2006,1,0,9,0.1,0,0,0,0,0,0,0,0,0.00,0.00,0.00,0.00,0.00,Matches,,,,,,,,,,,,,,,,,,,,,,,,,,National League,2024-2025
54b9be69,Jezreel Davies,Jezreel Davies,eng ENG,"MF,FW",Ebbsfleet United,20,2004,6,4,368,4.1,0,1,1,0,0,0,1,1,0.00,0.24,0.24,0.00,0.24,Matches,,,,,,,,,,,,,,,,,,,,,,,,,,National League,2024-2025
5a5a42ac,Will Davies,Will Davies,eng ENG,FW,Sutton United,25,1999,44,40,"3,682",40.9,18,4,22,16,2,3,8,0,0.44,0.10,0.54,0.39,0.49,Matches,,,,,,,,,,,,,,,,,,,,,,,,,,National League,2024-2025
04d0f653,Harry Davis,Harry Davis,eng ENG,DF,Fylde,32,1991,26,25,"2,138",23.8,2,0,2,2,0,0,8,1,0.08,0.00,0.08,0.08,0.08,Matches,,,,,,,,,,,,,,,,,,,,,,,,,,National League,2024-2025
e969d3e2,Dillon De Silva,Dillon De Silva,lk SRI,"MF,FW",Sutton United,22,2002,21,11,931,10.3,1,1,2,1,0,0,1,0,0.10,0.10,0.19,0.10,0.19,Matches,,,,,,,,,,,,,,,,,,,,,,,,,,National League,2024-2025
c7dbfb76,Jake Dennis,Jake Dennis,wls WAL,GK,Oldham Athletic,19,2004,1,1,90,1.0,0,0,0,0,0,0,0,0,0.00,0.00,0.00,0.00,0.00,Matches,,,,,,,,0,0.0,1,1,2,2.00,0,90,0,0,0,,0,,,,1,0,National League,2024-2025
c97c3a37,Matthew Dennis,Matthew Dennis,eng ENG,FW,Rochdale,22,2002,4,1,87,1.0,0,0,0,0,0,0,0,0,0.00,0.00,0.00,0.00,0.00,Matches,,,,,,,,,,,,,,,,,,,,,,,,,,National League,2024-2025
525eb624,Marcus Dewhurst,Marcus Dewhurst,eng ENG,GK,Aldershot Town,23,2001,43,43,"3,870",43.0,0,0,0,0,0,0,3,0,0.00,0.00,0.00,0.00,0.00,Matches,,,,,,,,7,16.3,43,43,72,1.67,14,"3,870",5,7,0,28.6,2,,,,15,14,National League,2024-2025
fda11e76,Emmanuel Dieseruvwe,Emmanuel Dieseruvwe,eng ENG,"FW,MF",Hartlepool United,29,1995,46,41,"3,794",42.2,17,2,19,16,1,2,6,0,0.40,0.05,0.45,0.38,0.43,Matches,,,,,,,,,,,,,,,,,,,,,,,,,,National League,2024-2025
5b7e82eb,Kennedy Digie,Kennedy Digie,eng ENG,DF,Tamworth,27,1996,29,27,"2,456",27.3,2,0,2,2,0,0,2,0,0.07,0.00,0.07,0.07,0.07,Matches,,,,,,,,,,,,,,,,,,,,,,,,,,National League,2024-2025
7ed390a2,Joel Dixon,Joel Dixon,eng ENG,GK,Hartlepool United,30,1993,6,6,482,5.4,0,1,1,0,0,0,0,0,0.00,0.19,0.19,0.00,0.19,Matches,,,,,,,,4,66.7,6,6,4,0.75,1,482,0,0,0,,0,,,,3,2,National League,2024-2025
c9ae596f,Daniel Dodds,Daniel Dodds,eng ENG,"DF,MF",Hartlepool United,23,2001,23,17,"1,458",16.2,0,0,0,0,0,0,2,1,0.00,0.00,0.00,0.00,0.00,Matches,,,,,,,,,,,,,,,,,,,,,,,,,,National League,2024-2025
beed85c7,Joe Dodoo,Joe Dodoo,eng ENG,"FW,MF",Solihull Moors,29,1995,7,6,497,5.5,1,0,1,0,1,1,1,0,0.18,0.00,0.18,0.00,0.00,Matches,,,,,,,,,,,,,,,,,,,,,,,,,,National League,2024-2025
9c4c3044,Christian Doidge,Christian Doidge,wls WAL,FW,Forest Green Rovers,31,1992,41,21,"1,881",20.9,12,4,16,12,0,0,0,0,0.57,0.19,0.77,0.57,0.77,Matches,,,,,,,,,,,,,,,,,,,,,,,,,,National League,2024-2025
82aa76ef,Brad Dolaghan,Brad Dolaghan,eng ENG,FW,Aldershot Town,19,2004,3,0,63,0.7,0,0,0,0,0,0,0,0,0.00,0.00,0.00,0.00,0.00,Matches,,,,,,,,,,,,,,,,,,,,,,,,,,National League,2024-2025
8331d73f,Callum Dolan,Callum Dolan,eng ENG,MF,Altrincham,23,2000,6,4,336,3.7,0,0,0,0,0,0,0,0,0.00,0.00,0.00,0.00,0.00,Matches,,,,,,,,,,,,,,,,,,,,,,,,,,National League,2024-2025
8331d73f,Callum Dolan,Callum Dolan,eng ENG,MF,Altrincham,23,2000,6,4,336,3.7,0,0,0,0,0,0,0,0,0.00,0.00,0.00,0.00,0.00,Matches,,,,,,,,,,,,,,,,,,,,,,,,,,National League,2024-2025
8331d73f,Callum Dolan,Callum Dolan,eng ENG,"MF,FW",Oldham Athletic,23,2000,6,3,249,2.8,0,0,0,0,0,0,1,0,0.00,0.00,0.00,0.00,0.00,Matches,,,,,,,,,,,,,,,,,,,,,,,,,,National League,2024-2025
8331d73f,Callum Dolan,Callum Dolan,eng ENG,"MF,FW",Oldham Athletic,23,2000,6,3,249,2.8,0,0,0,0,0,0,1,0,0.00,0.00,0.00,0.00,0.00,Matches,,,,,,,,,,,,,,,,,,,,,,,,,,National League,2024-2025
34d68303,Franklin Domi,Franklin Domi,al ALB,"MF,DF",Ebbsfleet United,23,2000,36,24,"2,259",25.1,3,2,5,3,0,0,7,1,0.12,0.08,0.20,0.12,0.20,Matches,,,,,,,,,,,,,,,,,,,,,,,,,,National League,2024-2025
a79f64f0,Tom Donaghy,Tom Donaghy,eng ENG,GK,Boston United,21,2003,2,2,180,2.0,0,0,0,0,0,0,0,0,0.00,0.00,0.00,0.00,0.00,Matches,,,,,,,,4,40.0,10,10,9,0.90,3,900,1,1,0,0.0,0,,,,5,2,National League,2024-2025
a79f64f0,Tom Donaghy,Tom Donaghy,eng ENG,GK,Boston United,21,2003,2,2,180,2.0,0,0,0,0,0,0,0,0,0.00,0.00,0.00,0.00,0.00,Matches,,,,,,,,0,0.0,2,2,5,2.50,1,180,0,0,0,,0,,,,1,0,National League,2024-2025
a79f64f0,Tom Donaghy,Tom Donaghy,eng ENG,GK,Boston United,21,2003,2,2,180,2.0,0,0,0,0,0,0,0,0,0.00,0.00,0.00,0.00,0.00,Matches,,,,,,,,4,40.0,10,10,9,0.90,3,900,1,1,0,0.0,0,,,,5,2,National League,2024-2025
a79f64f0,Tom Donaghy,Tom Donaghy,eng ENG,GK,Boston United,21,2003,2,2,180,2.0,0,0,0,0,0,0,0,0,0.00,0.00,0.00,0.00,0.00,Matches,,,,,,,,0,0.0,2,2,5,2.50,1,180,0,0,0,,0,,,,1,0,National League,2024-2025
a79f64f0,Tom Donaghy,Tom Donaghy,eng ENG,GK,Oldham Athletic,21,2003,10,10,900,10.0,0,0,0,0,0,0,0,0,0.00,0.00,0.00,0.00,0.00,Matches,,,,,,,,4,40.0,10,10,9,0.90,3,900,1,1,0,0.0,0,,,,5,2,National League,2024-2025
a79f64f0,Tom Donaghy,Tom Donaghy,eng ENG,GK,Oldham Athletic,21,2003,10,10,900,10.0,0,0,0,0,0,0,0,0,0.00,0.00,0.00,0.00,0.00,Matches,,,,,,,,0,0.0,2,2,5,2.50,1,180,0,0,0,,0,,,,1,0,National League,2024-2025
a79f64f0,Tom Donaghy,Tom Donaghy,eng ENG,GK,Oldham Athletic,21,2003,10,10,900,10.0,0,0,0,0,0,0,0,0,0.00,0.00,0.00,0.00,0.00,Matches,,,,,,,,4,40.0,10,10,9,0.90,3,900,1,1,0,0.0,0,,,,5,2,National League,2024-2025
a79f64f0,Tom Donaghy,Tom Donaghy,eng ENG,GK,Oldham Athletic,21,2003,10,10,900,10.0,0,0,0,0,0,0,0,0,0.00,0.00,0.00,0.00,0.00,Matches,,,,,,,,0,0.0,2,2,5,2.50,1,180,0,0,0,,0,,,,1,0,National League,2024-2025
d1c509d9,Luke Dreher,Luke Dreher,eng ENG,MF,Wealdstone FC,25,1998,3,2,131,1.5,0,0,0,0,0,0,0,0,0.00,0.00,0.00,0.00,0.00,Matches,,,,,,,,,,,,,,,,,,,,,,,,,,National League,2024-2025
f310dd7e,Kane Drummond,Kane Drummond,eng ENG,FW,Oldham Athletic,23,2000,7,4,312,3.5,0,0,0,0,0,0,0,0,0.00,0.00,0.00,0.00,0.00,Matches,,,,,,,,,,,,,,,,,,,,,,,,,,National League,2024-2025
a339a158,Immanuelson Duku,Immanuelson Duku,nl NED,FW,Solihull Moors,31,1992,9,6,614,6.8,4,0,4,4,0,0,0,0,0.59,0.00,0.59,0.59,0.59,Matches,,,,,,,,,,,,,,,,,,,,,,,,,,National League,2024-2025
a3b858fa,Tyrese Dyce,Tyrese Dyce,eng ENG,DF,Maidenhead United,23,2001,11,6,641,7.1,0,0,0,0,0,0,1,0,0.00,0.00,0.00,0.00,0.00,Matches,,,,,,,,,,,,,,,,,,,,,,,,,,National League,2024-2025
dfcb90c9,Max Dyche,Max Dyche,eng ENG,DF,Woking,21,2003,21,21,"1,868",20.8,2,1,3,2,0,0,7,0,0.10,0.05,0.14,0.10,0.14,Matches,,,,,,,,,,,,,,,,,,,,,,,,,,National League,2024-2025
455e2591,Alex Dyer,Alex Dyer,ms MSR,MF,Wealdstone FC,34,1990,32,21,"2,028",22.5,0,0,0,0,0,0,9,0,0.00,0.00,0.00,0.00,0.00,Matches,,,,,,,,,,,,,,,,,,,,,,,,,,National League,2024-2025
7112c6a6,Ryan East,Ryan East,eng ENG,MF,Rochdale,26,1998,37,36,"3,183",35.4,2,3,5,2,0,0,2,0,0.06,0.08,0.14,0.06,0.14,Matches,,,,,,,,,,,,,,,,,,,,,,,,,,National League,2024-2025
c7e4c513,Tom Eastman,Tom Eastman,eng ENG,DF,Dagenham & Redbridge,32,1991,26,25,"2,203",24.5,0,2,2,0,0,0,3,0,0.00,0.08,0.08,0.00,0.08,Matches,,,,,,,,,,,,,,,,,,,,,,,,,,National League,2024-2025
a8c40a73,Craig Eastmond,Craig Eastmond,eng ENG,MF,Wealdstone FC,33,1990,12,8,649,7.2,0,1,1,0,0,0,7,2,0.00,0.14,0.14,0.00,0.14,Matches,,,,,,,,,,,,,,,,,,,,,,,,,,National League,2024-2025
a2cf6cbc,Ethan Ebanks-Landell,Ethan Ebanks-Landell,eng ENG,DF,Rochdale,31,1992,16,11,972,10.8,0,1,1,0,0,0,2,0,0.00,0.09,0.09,0.00,0.09,Matches,,,,,,,,,,,,,,,,,,,,,,,,,,National League,2024-2025
41c3fac1,Junior Eccleston,Junior Eccleston,eng ENG,DF,Sutton United,17,2007,1,1,45,0.5,0,0,0,0,0,0,1,0,0.00,0.00,0.00,0.00,0.00,Matches,,,,,,,,,,,,,,,,,,,,,,,,,,National League,2024-2025
8c444f18,Charlie Edge,Charlie Edge,,,Tamworth,,,1,0,1,0.0,0,0,0,0,0,0,0,0,0.00,0.00,0.00,0.00,0.00,Matches,,,,,,,,,,,,,,,,,,,,,,,,,,National League,2024-2025
23767872,Toby Edser,Toby Edser,eng ENG,MF,Ebbsfleet United,25,1999,37,33,"2,910",32.3,1,0,1,1,0,0,11,1,0.03,0.00,0.03,0.03,0.03,Matches,,,,,,,,,,,,,,,,,,,,,,,,,,National League,2024-2025
669e3090,Corey Edwards,Corey Edwards,gd GRN,MF,Rochdale,17,2007,6,5,412,4.6,0,0,0,0,0,0,0,0,0.00,0.00,0.00,0.00,0.00,Matches,,,,,,,,,,,,,,,,,,,,,,,,,,National League,2024-2025
ae9aadb8,Inih Effiong,Inih Effiong,eng ENG,"FW,MF",Braintree Town,33,1991,21,15,"1,383",15.4,2,0,2,1,1,1,4,0,0.13,0.00,0.13,0.07,0.07,Matches,,,,,,,,,,,,,,,,,,,,,,,,,,National League,2024-2025
ae9aadb8,Inih Effiong,Inih Effiong,eng ENG,"FW,MF",Braintree Town,33,1991,21,15,"1,383",15.4,2,0,2,1,1,1,4,0,0.13,0.00,0.13,0.07,0.07,Matches,,,,,,,,,,,,,,,,,,,,,,,,,,National League,2024-2025
ae9aadb8,Inih Effiong,Inih Effiong,eng ENG,FW,Woking,33,1991,23,18,"1,660",18.4,5,2,7,4,1,1,2,0,0.27,0.11,0.38,0.22,0.33,Matches,,,,,,,,,,,,,,,,,,,,,,,,,,National League,2024-2025
ae9aadb8,Inih Effiong,Inih Effiong,eng ENG,FW,Woking,33,1991,23,18,"1,660",18.4,5,2,7,4,1,1,2,0,0.27,0.11,0.38,0.22,0.33,Matches,,,,,,,,,,,,,,,,,,,,,,,,,,National League,2024-2025
9c94fb5d,Dan Ellison,Dan Ellison,eng ENG,DF,Aldershot Town,19,2005,22,18,"1,560",17.3,0,0,0,0,0,0,7,1,0.00,0.00,0.00,0.00,0.00,Matches,,,,,,,,,,,,,,,,,,,,,,,,,,National League,2024-2025
59160a19,Josh Emmanuel,Josh Emmanuel,eng ENG,DF,FC Halifax Town,26,1997,12,10,929,10.3,0,0,0,0,0,0,0,0,0.00,0.00,0.00,0.00,0.00,Matches,,,,,,,,,,,,,,,,,,,,,,,,,,National League,2024-2025
bc69c7a0,Zac Emmerson,Zac Emmerson,eng ENG,"FW,MF",FC Halifax Town,19,2004,33,12,"1,246",13.8,4,1,5,4,0,0,1,0,0.29,0.07,0.36,0.29,0.36,Matches,,,,,,,,,,,,,,,,,,,,,,,,,,National League,2024-2025
ad74274e,Beck-Ray Enoru,Beck-Ray Enoru,cm CMR,MF,Tamworth,21,2002,37,18,"1,622",18.0,3,4,7,3,0,0,2,0,0.17,0.22,0.39,0.17,0.39,Matches,,,,,,,,,,,,,,,,,,,,,,,,,,National League,2024-2025
3e38b72f,Corry Evans,Corry Evans,nir NIR,MF,Oldham Athletic,34,1990,6,2,161,1.8,0,0,0,0,0,0,0,0,0.00,0.00,0.00,0.00,0.00,Matches,,,,,,,,,,,,,,,,,,,,,,,,,,National League,2024-2025
9fa5c6c5,George Evans,George Evans,eng ENG,GK,Sutton United,19,2005,1,1,90,1.0,0,0,0,0,0,0,0,0,0.00,0.00,0.00,0.00,0.00,Matches,,,,,,,,0,0.0,1,1,2,2.00,0,90,0,0,0,,0,,,,1,0,National League,2024-2025
8366e195,Jack Evans,Jack Evans,eng ENG,"MF,DF",FC Halifax Town,23,2000,36,33,"3,043",33.8,0,3,3,0,0,0,4,0,0.00,0.09,0.09,0.00,0.09,Matches,,,,,,,,,,,,,,,,,,,,,,,,,,National League,2024-2025
04bbc466,Owen Evans,Owen Evans,wls WAL,GK,Barnet,27,1996,18,18,"1,620",18.0,0,0,0,0,0,0,3,0,0.00,0.00,0.00,0.00,0.00,Matches,,,,,,,,12,66.7,18,18,7,0.39,1,"1,620",2,2,0,0.0,0,,,,4,13,National League,2024-2025
a295f8d9,Owen Evans,Owen Evans,eng ENG,"DF,MF",Fylde,23,2000,32,28,"2,380",26.4,0,0,0,0,0,0,2,0,0.00,0.00,0.00,0.00,0.00,Matches,,,,,,,,,,,,,,,,,,,,,,,,,,National League,2024-2025
0455b788,Dubem Eze,Dubem Eze,eng ENG,MF,FC Halifax Town,19,2005,6,1,108,1.2,0,0,0,0,0,0,0,0,0.00,0.00,0.00,0.00,0.00,Matches,,,,,,,,,,,,,,,,,,,,,,,,,,National League,2024-2025
7ece7a5a,Mo Fadera,Mo Fadera,gm GAM,FW,York City,19,2004,5,0,43,0.5,0,0,0,0,0,0,0,0,0.00,0.00,0.00,0.00,0.00,Matches,,,,,,,,,,,,,,,,,,,,,,,,,,National League,2024-2025
8263d615,Malachi Fagan-Walcott,Malachi Fagan-Walcott,eng ENG,"DF,MF",York City,22,2002,38,38,"3,292",36.6,6,4,10,6,0,0,6,0,0.16,0.11,0.27,0.16,0.27,Matches,,,,,,,,,,,,,,,,,,,,,,,,,,National League,2024-2025
b16c08e9,Luke Fairlamb,Luke Fairlamb,eng ENG,DF,Tamworth,30,1993,27,25,"2,329",25.9,0,1,1,0,0,0,3,0,0.00,0.04,0.04,0.00,0.04,Matches,,,,,,,,,,,,,,,,,,,,,,,,,,National League,2024-2025
9eca0249,Louie Fallon,Louie Fallon,eng ENG,GK,Altrincham,17,2006,1,0,21,0.2,0,0,0,0,0,0,0,0,0.00,0.00,0.00,0.00,0.00,Matches,,,,,,,,0,,1,0,1,4.29,0,21,0,0,0,,0,,,,0,0,National League,2024-2025
c27a7dd5,Ryan Fallowfield,Ryan Fallowfield,eng ENG,DF,York City,28,1996,27,19,"1,767",19.6,1,0,1,1,0,0,3,0,0.05,0.00,0.05,0.05,0.05,Matches,,,,,,,,,,,,,,,,,,,,,,,,,,National League,2024-2025
6db8d67b,Nicky Featherstone,Nicky Featherstone,eng ENG,MF,Hartlepool United,35,1988,44,29,"2,790",31.0,2,3,5,2,0,0,4,0,0.06,0.10,0.16,0.06,0.16,Matches,,,,,,,,,,,,,,,,,,,,,,,,,,National League,2024-2025
67c1f87a,Joe Felix,Joe Felix,eng ENG,"DF,MF",York City,24,1999,46,45,"4,011",44.6,2,7,9,2,0,0,6,0,0.04,0.16,0.20,0.04,0.20,Matches,,,,,,,,,,,,,,,,,,,,,,,,,,National League,2024-2025
afeccafe,James Fennelow,James Fennelow,,FW,Sutton United,,,1,0,10,0.1,0,0,0,0,0,0,0,0,0.00,0.00,0.00,0.00,0.00,Matches,,,,,,,,,,,,,,,,,,,,,,,,,,National League,2024-2025
705da758,Kane Ferdinand,Kane Ferdinand,ie IRL,MF,Maidenhead United,31,1992,18,16,"1,433",15.9,0,1,1,0,0,0,1,0,0.00,0.06,0.06,0.00,0.06,Matches,,,,,,,,,,,,,,,,,,,,,,,,,,National League,2024-2025
821bcc32,David Ferguson,David Ferguson,eng ENG,DF,Hartlepool United,30,1994,45,42,"3,885",43.2,3,4,7,3,0,0,5,1,0.07,0.09,0.16,0.07,0.16,Matches,,,,,,,,,,,,,,,,,,,,,,,,,,National League,2024-2025
2061d284,Kyle Ferguson,Kyle Ferguson,sct SCO,DF,Rochdale,24,1999,15,6,654,7.3,0,0,0,0,0,0,1,0,0.00,0.00,0.00,0.00,0.00,Matches,,,,,,,,,,,,,,,,,,,,,,,,,,National League,2024-2025
2061d284,Kyle Ferguson,Kyle Ferguson,sct SCO,DF,Rochdale,24,1999,15,6,654,7.3,0,0,0,0,0,0,1,0,0.00,0.00,0.00,0.00,0.00,Matches,,,,,,,,,,,,,,,,,,,,,,,,,,National League,2024-2025
2061d284,Kyle Ferguson,Kyle Ferguson,sct SCO,"DF,MF",Yeovil Town,24,1999,4,4,360,4.0,0,0,0,0,0,0,3,0,0.00,0.00,0.00,0.00,0.00,Matches,,,,,,,,,,,,,,,,,,,,,,,,,,National League,2024-2025
2061d284,Kyle Ferguson,Kyle Ferguson,sct SCO,"DF,MF",Yeovil Town,24,1999,4,4,360,4.0,0,0,0,0,0,0,3,0,0.00,0.00,0.00,0.00,0.00,Matches,,,,,,,,,,,,,,,,,,,,,,,,,,National League,2024-2025
41f5a198,Nathan Ferguson,Nathan Ferguson,gy GUY,MF,Maidenhead United,28,1995,36,35,"2,954",32.8,0,9,9,0,0,0,5,0,0.00,0.27,0.27,0.00,0.27,Matches,,,,,,,,,,,,,,,,,,,,,,,,,,National League,2024-2025
06b30347,Luis Fernandez,Luis Fernandez,eng ENG,DF,Eastleigh,22,2001,33,23,"1,924",21.4,0,2,2,0,0,0,7,0,0.00,0.09,0.09,0.00,0.09,Matches,,,,,,,,,,,,,,,,,,,,,,,,,,National League,2024-2025
3c095fd3,Kyle Finn,Kyle Finn,eng ENG,MF,Tamworth,25,1998,29,13,"1,190",13.2,2,2,4,2,0,0,4,0,0.15,0.15,0.30,0.15,0.30,Matches,,,,,,,,,,,,,,,,,,,,,,,,,,National League,2024-2025
bf3809ba,Sonny Fish,Sonny Fish,eng ENG,FW,Solihull Moors,20,2004,1,0,45,0.5,0,0,0,0,0,0,0,0,0.00,0.00,0.00,0.00,0.00,Matches,,,,,,,,,,,,,,,,,,,,,,,,,,National League,2024-2025
3708655f,Brandon Fleming,Brandon Fleming,eng ENG,MF,Forest Green Rovers,24,1999,10,3,255,2.8,0,0,0,0,0,0,2,0,0.00,0.00,0.00,0.00,0.00,Matches,,,,,,,,,,,,,,,,,,,,,,,,,,National League,2024-2025
a7d6a1d2,Alex Fletcher,Alex Fletcher,eng ENG,"MF,DF",Tamworth,27,1996,27,12,"1,267",14.1,1,0,1,1,0,0,1,0,0.07,0.00,0.07,0.07,0.07,Matches,,,,,,,,,,,,,,,,,,,,,,,,,,National League,2024-2025
bf5732ee,Louis Flower,Louis Flower,eng ENG,"FW,MF",Gateshead,19,2004,4,3,246,2.7,0,0,0,0,0,0,1,0,0.00,0.00,0.00,0.00,0.00,Matches,,,,,,,,,,,,,,,,,,,,,,,,,,National League,2024-2025
bbe91cbf,Samuel Folarin,Samuel Folarin,ng NGA,"MF,FW",Hartlepool United,23,2000,16,2,407,4.5,1,1,2,1,0,0,1,0,0.22,0.22,0.44,0.22,0.44,Matches,,,,,,,,,,,,,,,,,,,,,,,,,,National League,2024-2025
da18e5b2,Mike Fondop-Talom,Mike Fondop-Talom,cm CMR,FW,Oldham Athletic,30,1993,45,32,"3,187",35.4,17,5,22,16,1,2,7,0,0.48,0.14,0.62,0.45,0.59,Matches,,,,,,,,,,,,,,,,,,,,,,,,,,National League,2024-2025
44a6728b,Wesley Fonguck,Wesley Fonguck,eng ENG,"MF,FW",Ebbsfleet United,27,1997,16,9,745,8.3,1,1,2,1,0,0,0,0,0.12,0.12,0.24,0.12,0.24,Matches,,,,,,,,,,,,,,,,,,,,,,,,,,National League,2024-2025
29c9978a,Taylor Foran,Taylor Foran,eng ENG,DF,Southend United,20,2003,2,1,93,1.0,0,0,0,0,0,0,0,0,0.00,0.00,0.00,0.00,0.00,Matches,,,,,,,,,,,,,,,,,,,,,,,,,,National League,2024-2025
728d7c07,Nathaniel Ford,Nathaniel Ford,eng ENG,GK,FC Halifax Town,20,2004,1,0,57,0.6,0,0,0,0,0,0,0,0,0.00,0.00,0.00,0.00,0.00,Matches,,,,,,,,0,,1,0,1,1.58,0,57,0,0,0,,0,,,,0,0,National League,2024-2025
413c0f61,Kian Foreman,Kian Foreman,,FW,Hartlepool United,,,1,0,6,0.1,0,0,0,0,0,0,0,0,0.00,0.00,0.00,0.00,0.00,Matches,,,,,,,,,,,,,,,,,,,,,,,,,,National League,2024-2025
c8eb2b86,Ludwig Francillette,Ludwig Francillette,gp GLP,DF,Eastleigh,25,1999,43,43,"3,835",42.6,8,1,9,8,0,0,9,1,0.19,0.02,0.21,0.19,0.21,Matches,,,,,,,,,,,,,,,,,,,,,,,,,,National League,2024-2025
38c29201,Aidan Francis,Aidan Francis,eng ENG,"DF,FW",Braintree Town,20,2004,20,18,"1,665",18.5,1,3,4,1,0,0,3,0,0.05,0.16,0.22,0.05,0.22,Matches,,,,,,,,,,,,,,,,,,,,,,,,,,National League,2024-2025
cffba09d,Chris Francis,Chris Francis,eng ENG,"DF,MF",Dagenham & Redbridge,21,2002,12,10,769,8.5,0,0,0,0,0,0,2,1,0.00,0.00,0.00,0.00,0.00,Matches,,,,,,,,,,,,,,,,,,,,,,,,,,National League,2024-2025
4494c4f1,Jermaine Francis,Jermaine Francis,gd GRN,MF,Barnet,22,2002,5,0,20,0.2,0,0,0,0,0,0,0,0,0.00,0.00,0.00,0.00,0.00,Matches,,,,,,,,,,,,,,,,,,,,,,,,,,National League,2024-2025
4494c4f1,Jermaine Francis,Jermaine Francis,gd GRN,MF,Barnet,22,2002,5,0,20,0.2,0,0,0,0,0,0,0,0,0.00,0.00,0.00,0.00,0.00,Matches,,,,,,,,,,,,,,,,,,,,,,,,,,National League,2024-2025
4494c4f1,Jermaine Francis,Jermaine Francis,gd GRN,"MF,FW",Braintree Town,22,2002,29,26,"2,398",26.6,8,0,8,8,0,0,8,0,0.30,0.00,0.30,0.30,0.30,Matches,,,,,,,,,,,,,,,,,,,,,,,,,,National League,2024-2025
4494c4f1,Jermaine Francis,Jermaine Francis,gd GRN,"MF,FW",Braintree Town,22,2002,29,26,"2,398",26.6,8,0,8,8,0,0,8,0,0.30,0.00,0.30,0.30,0.30,Matches,,,,,,,,,,,,,,,,,,,,,,,,,,National League,2024-2025
c13c24c8,Kieron Freeman,Kieron Freeman,wls WAL,DF,Hartlepool United,32,1992,7,5,353,3.9,0,1,1,0,0,0,0,0,0.00,0.25,0.25,0.00,0.25,Matches,,,,,,,,,,,,,,,,,,,,,,,,,,National League,2024-2025
14a23ba8,Tyler French,Tyler French,eng ENG,DF,Sutton United,25,1999,41,39,"3,492",38.8,0,0,0,0,0,0,10,1,0.00,0.00,0.00,0.00,0.00,Matches,,,,,,,,,,,,,,,,,,,,,,,,,,National League,2024-2025
2bffdc2a,Tyler Frost,Tyler Frost,eng ENG,MF,Aldershot Town,25,1999,37,29,"2,598",28.9,6,3,9,5,1,1,2,0,0.21,0.10,0.31,0.17,0.28,Matches,,,,,,,,,,,,,,,,,,,,,,,,,,National League,2024-2025
321a93d5,Jamal Fyfield,Jamal Fyfield,eng ENG,DF,Braintree Town,35,1989,24,13,"1,332",14.8,0,1,1,0,0,0,2,0,0.00,0.07,0.07,0.00,0.07,Matches,,,,,,,,,,,,,,,,,,,,,,,,,,National League,2024-2025
06405142,James Gale,James Gale,eng ENG,"MF,FW",Boston United,22,2001,20,3,621,6.9,3,1,4,3,0,0,3,0,0.43,0.14,0.58,0.43,0.58,Matches,,,,,,,,,,,,,,,,,,,,,,,,,,National League,2024-2025
06405142,James Gale,James Gale,eng ENG,"MF,FW",Boston United,22,2001,20,3,621,6.9,3,1,4,3,0,0,3,0,0.43,0.14,0.58,0.43,0.58,Matches,,,,,,,,,,,,,,,,,,,,,,,,,,National League,2024-2025
06405142,James Gale,James Gale,eng ENG,"FW,MF",Solihull Moors,22,2001,15,6,651,7.2,3,1,4,3,0,0,4,0,0.41,0.14,0.55,0.41,0.55,Matches,,,,,,,,,,,,,,,,,,,,,,,,,,National League,2024-2025
06405142,James Gale,James Gale,eng ENG,"FW,MF",Solihull Moors,22,2001,15,6,651,7.2,3,1,4,3,0,0,4,0,0.41,0.14,0.55,0.41,0.55,Matches,,,,,,,,,,,,,,,,,,,,,,,,,,National League,2024-2025
5b4880c8,Oisin Gallagher,Oisin Gallagher,nir NIR,"MF,DF",Boston United,19,2004,4,4,311,3.5,0,0,0,0,0,0,1,0,0.00,0.00,0.00,0.00,0.00,Matches,,,,,,,,,,,,,,,,,,,,,,,,,,National League,2024-2025
9595ca34,Ryan Galvin,Ryan Galvin,eng ENG,"DF,MF",FC Halifax Town,23,2001,37,28,"2,682",29.8,2,1,3,2,0,0,3,0,0.07,0.03,0.10,0.07,0.10,Matches,,,,,,,,,,,,,,,,,,,,,,,,,,National League,2024-2025
5ba7bc40,Patrick Gamble,Patrick Gamble,eng ENG,DF,Fylde,20,2003,10,6,563,6.3,0,0,0,0,0,0,2,0,0.00,0.00,0.00,0.00,0.00,Matches,,,,,,,,,,,,,,,,,,,,,,,,,,National League,2024-2025
f744b4df,Dominic Gape,Dominic Gape,eng ENG,MF,Eastleigh,29,1994,10,7,636,7.1,0,2,2,0,0,0,2,0,0.00,0.28,0.28,0.00,0.28,Matches,,,,,,,,,,,,,,,,,,,,,,,,,,National League,2024-2025
91cd24fc,Dan Gardner,Dan Gardner,eng ENG,"MF,FW",Oldham Athletic,34,1990,21,10,943,10.5,0,4,4,0,0,0,5,0,0.00,0.38,0.38,0.00,0.38,Matches,,,,,,,,,,,,,,,,,,,,,,,,,,National League,2024-2025
adb9f204,Joe Garner,Joe Garner,eng ENG,"FW,MF",Oldham Athletic,36,1988,14,5,460,5.1,2,0,2,1,1,1,2,0,0.39,0.00,0.39,0.20,0.20,Matches,,,,,,,,,,,,,,,,,,,,,,,,,,National League,2024-2025
eacc267b,Jordan Garrick,Jordan Garrick,eng ENG,MF,Forest Green Rovers,26,1998,21,12,"1,021",11.3,4,2,6,4,0,0,3,0,0.35,0.18,0.53,0.35,0.53,Matches,,,,,,,,,,,,,,,,,,,,,,,,,,National League,2024-2025
ad28ee23,Anthony Georgiou,Anthony Georgiou,cy CYP,"DF,MF",Wealdstone FC,27,1997,34,26,"2,310",25.7,1,3,4,1,0,0,4,0,0.04,0.12,0.16,0.04,0.16,Matches,,,,,,,,,,,,,,,,,,,,,,,,,,National League,2024-2025
b07a43b7,Hady Ghandour,Hady Ghandour,lb LIB,FW,Aldershot Town,24,2000,20,15,"1,360",15.1,3,1,4,3,0,0,1,0,0.20,0.07,0.26,0.20,0.26,Matches,,,,,,,,,,,,,,,,,,,,,,,,,,National League,2024-2025
6cbd1d9d,Harvey Gilmour,Harvey Gilmour,eng ENG,MF,Rochdale,25,1998,37,34,"2,991",33.2,2,2,4,2,0,0,4,0,0.06,0.06,0.12,0.06,0.12,Matches,,,,,,,,,,,,,,,,,,,,,,,,,,National League,2024-2025
20c3fd5e,Ryan Glover,Ryan Glover,eng ENG,"MF,DF",Barnet,23,2000,42,41,"3,460",38.4,8,9,17,8,0,0,9,0,0.21,0.23,0.44,0.21,0.44,Matches,,,,,,,,,,,,,,,,,,,,,,,,,,National League,2024-2025
975dc6ea,Felix Goddard,Felix Goddard,eng ENG,GK,Ebbsfleet United,20,2004,1,1,90,1.0,0,0,0,0,0,0,0,0,0.00,0.00,0.00,0.00,0.00,Matches,,,,,,,,0,0.0,1,1,2,2.00,1,90,1,1,0,0.0,0,,,,0,0,National League,2024-2025
b8e85c47,Tylor Golden,Tylor Golden,eng ENG,DF,Altrincham,24,1999,41,38,"3,400",37.8,2,3,5,2,0,0,10,0,0.05,0.08,0.13,0.05,0.13,Matches,,,,,,,,,,,,,,,,,,,,,,,,,,National League,2024-2025
71b3a110,James Golding,James Golding,ie IRL,"DF,MF",Southend United,19,2004,14,13,"1,172",13.0,3,0,3,3,0,0,1,0,0.23,0.00,0.23,0.23,0.23,Matches,,,,,,,,,,,,,,,,,,,,,,,,,,National League,2024-2025
71b3a110,James Golding,James Golding,ie IRL,"DF,MF",Southend United,19,2004,14,13,"1,172",13.0,3,0,3,3,0,0,1,0,0.23,0.00,0.23,0.23,0.23,Matches,,,,,,,,,,,,,,,,,,,,,,,,,,National League,2024-2025
71b3a110,James Golding,James Golding,ie IRL,"MF,DF",Maidenhead United,19,2004,7,7,612,6.8,2,0,2,2,0,0,1,0,0.29,0.00,0.29,0.29,0.29,Matches,,,,,,,,,,,,,,,,,,,,,,,,,,National League,2024-2025
71b3a110,James Golding,James Golding,ie IRL,"MF,DF",Maidenhead United,19,2004,7,7,612,6.8,2,0,2,2,0,0,1,0,0.29,0.00,0.29,0.29,0.29,Matches,,,,,,,,,,,,,,,,,,,,,,,,,,National League,2024-2025
bda82fc2,Anthony Gomez Mancini,Anthony Gomez Mancini,fr FRA,"MF,FW",Hartlepool United,23,2001,25,7,927,10.3,2,2,4,2,0,0,3,0,0.19,0.19,0.39,0.19,0.39,Matches,,,,,,,,,,,,,,,,,,,,,,,,,,National League,2024-2025
1dcffffe,Ben Goodliffe,Ben Goodliffe,eng ENG,DF,Southend United,25,1999,19,14,"1,284",14.3,2,1,3,2,0,0,2,0,0.14,0.07,0.21,0.14,0.21,Matches,,,,,,,,,,,,,,,,,,,,,,,,,,National League,2024-2025
f4aba1af,Kyron Gordon,Kyron Gordon,eng ENG,DF,Rochdale,22,2002,38,38,"3,381",37.6,2,2,4,2,0,0,3,0,0.05,0.05,0.11,0.05,0.11,Matches,,,,,,,,,,,,,,,,,,,,,,,,,,National League,2024-2025
a9eb6c6b,Dale Gorman,Dale Gorman,nir NIR,MF,Woking,28,1996,36,32,"2,831",31.5,2,8,10,2,0,0,18,1,0.06,0.25,0.32,0.06,0.32,Matches,,,,,,,,,,,,,,,,,,,,,,,,,,National League,2024-2025
9672abe8,Joshua Grant,Joshua Grant,eng ENG,"DF,MF",Wealdstone FC,25,1998,23,17,"1,465",16.3,3,0,3,3,0,0,2,0,0.18,0.00,0.18,0.18,0.18,Matches,,,,,,,,,,,,,,,,,,,,,,,,,,National League,2024-2025
87e6ad90,Henry Gray,Henry Gray,nz NZL,GK,Braintree Town,19,2005,20,20,"1,800",20.0,0,0,0,0,0,0,3,0,0.00,0.00,0.00,0.00,0.00,Matches,,,,,,,,8,40.0,20,20,21,1.05,5,"1,800",2,2,0,0.0,0,,,,6,9,National League,2024-2025
d401981c,Joe Grayson,Joe Grayson,eng ENG,DF,Gateshead,25,1999,13,11,975,10.8,1,1,2,1,0,0,3,0,0.09,0.09,0.18,0.09,0.18,Matches,,,,,,,,,,,,,,,,,,,,,,,,,,National League,2024-2025
5bdc4370,Cameron Green,Cameron Green,eng ENG,"DF,MF",Boston United,25,1999,43,42,"3,722",41.4,2,5,7,2,0,0,8,0,0.05,0.12,0.17,0.05,0.17,Matches,,,,,,,,,,,,,,,,,,,,,,,,,,National League,2024-2025
f155a501,Oliver Green,Oliver Green,eng ENG,MF,Boston United,21,2003,6,1,71,0.8,0,0,0,0,0,0,0,0,0.00,0.00,0.00,0.00,0.00,Matches,,,,,,,,,,,,,,,,,,,,,,,,,,National League,2024-2025
7cb2be9d,Harvey Greenslade,Harvey Greenslade,eng ENG,"FW,MF",Yeovil Town,20,2004,27,7,895,9.9,3,1,4,3,0,0,2,0,0.30,0.10,0.40,0.30,0.40,Matches,,,,,,,,,,,,,,,,,,,,,,,,,,National League,2024-2025
16f65d25,Reece Grego-Cox,Reece Grego-Cox,ie IRL,FW,Dagenham & Redbridge,27,1996,17,6,662,7.4,1,1,2,0,1,1,2,0,0.14,0.14,0.27,0.00,0.14,Matches,,,,,,,,,,,,,,,,,,,,,,,,,,National League,2024-2025
941d6c81,Cameron Gregory,Cameron Gregory,eng ENG,GK,Boston United,24,2000,31,31,"2,749",30.5,0,0,0,0,0,0,1,1,0.00,0.00,0.00,0.00,0.00,Matches,,,,,,,,9,29.0,31,31,42,1.38,11,"2,749",3,4,0,25.0,1,,,,6,14,National League,2024-2025
3bd54918,Joe Grey,Joe Grey,eng ENG,"FW,MF",Hartlepool United,21,2003,39,33,"2,788",31.0,6,3,9,6,0,0,4,0,0.19,0.10,0.29,0.19,0.29,Matches,,,,,,,,,,,,,,,,,,,,,,,,,,National League,2024-2025
9badbf3f,Regan Griffiths,Regan Griffiths,eng ENG,MF,Altrincham,24,2000,2,0,48,0.5,0,0,0,0,0,0,1,0,0.00,0.00,0.00,0.00,0.00,Matches,,,,,,,,,,,,,,,,,,,,,,,,,,National League,2024-2025
819ba1f7,Joe Grimwood,Joe Grimwood,eng ENG,DF,Barnet,22,2001,18,7,648,7.2,0,0,0,0,0,0,1,1,0.00,0.00,0.00,0.00,0.00,Matches,,,,,,,,,,,,,,,,,,,,,,,,,,National League,2024-2025
819ba1f7,Joe Grimwood,Joe Grimwood,eng ENG,DF,Barnet,22,2001,18,7,648,7.2,0,0,0,0,0,0,1,1,0.00,0.00,0.00,0.00,0.00,Matches,,,,,,,,,,,,,,,,,,,,,,,,,,National League,2024-2025
819ba1f7,Joe Grimwood,Joe Grimwood,eng ENG,"DF,FW",Braintree Town,22,2001,7,7,630,7.0,0,0,0,0,0,0,0,0,0.00,0.00,0.00,0.00,0.00,Matches,,,,,,,,,,,,,,,,,,,,,,,,,,National League,2024-2025
819ba1f7,Joe Grimwood,Joe Grimwood,eng ENG,"DF,FW",Braintree Town,22,2001,7,7,630,7.0,0,0,0,0,0,0,0,0,0.00,0.00,0.00,0.00,0.00,Matches,,,,,,,,,,,,,,,,,,,,,,,,,,National League,2024-2025
799a197a,George Grumley,George Grumley,,MF,York City,,,1,0,1,0.0,0,0,0,0,0,0,0,0,0.00,0.00,0.00,0.00,0.00,Matches,,,,,,,,,,,,,,,,,,,,,,,,,,National League,2024-2025
5e5437d4,Joe Gubbins,Joe Gubbins,eng ENG,DF,Southend United,22,2001,24,14,"1,151",12.8,0,0,0,0,0,0,4,0,0.00,0.00,0.00,0.00,0.00,Matches,,,,,,,,,,,,,,,,,,,,,,,,,,National League,2024-2025
4f334ed9,Luca Gunter,Luca Gunter,eng ENG,GK,Wealdstone FC,19,2005,14,14,"1,260",14.0,0,0,0,0,0,0,1,0,0.00,0.00,0.00,0.00,0.00,Matches,,,,,,,,2,14.3,14,14,29,2.07,7,"1,260",4,4,0,0.0,0,,,,2,5,National League,2024-2025
4a5c7dde,Reece Hall-Johnson,Reece Hall-Johnson,eng ENG,DF,Solihull Moors,29,1995,7,6,495,5.5,0,0,0,0,0,0,3,0,0.00,0.00,0.00,0.00,0.00,Matches,,,,,,,,,,,,,,,,,,,,,,,,,,National League,2024-2025
4a5c7dde,Reece Hall-Johnson,Reece Hall-Johnson,eng ENG,DF,Solihull Moors,29,1995,7,6,495,5.5,0,0,0,0,0,0,3,0,0.00,0.00,0.00,0.00,0.00,Matches,,,,,,,,,,,,,,,,,,,,,,,,,,National League,2024-2025
4a5c7dde,Reece Hall-Johnson,Reece Hall-Johnson,eng ENG,MF,Barnet,29,1995,5,3,262,2.9,0,0,0,0,0,0,0,0,0.00,0.00,0.00,0.00,0.00,Matches,,,,,,,,,,,,,,,,,,,,,,,,,,National League,2024-2025
4a5c7dde,Reece Hall-Johnson,Reece Hall-Johnson,eng ENG,MF,Barnet,29,1995,5,3,262,2.9,0,0,0,0,0,0,0,0,0.00,0.00,0.00,0.00,0.00,Matches,,,,,,,,,,,,,,,,,,,,,,,,,,National League,2024-2025
3766178e,Oliver Hammond,Oliver Hammond,wls WAL,"MF,FW",Oldham Athletic,21,2002,8,6,483,5.4,0,0,0,0,0,0,0,0,0.00,0.00,0.00,0.00,0.00,Matches,,,,,,,,,,,,,,,,,,,,,,,,,,National League,2024-2025
fd6816f3,Luke Hannant,Luke Hannant,eng ENG,"MF,DF",Gateshead,30,1993,44,44,"3,931",43.7,15,10,25,4,11,12,10,0,0.34,0.23,0.57,0.09,0.32,Matches,,,,,,,,,,,,,,,,,,,,,,,,,,National League,2024-2025
8a3be0f1,Ollie Harfield,Ollie Harfield,eng ENG,DF,Aldershot Town,26,1998,6,6,468,5.2,0,0,0,0,0,0,0,0,0.00,0.00,0.00,0.00,0.00,Matches,,,,,,,,,,,,,,,,,,,,,,,,,,National League,2024-2025
acdec532,Cameron Hargreaves,Cameron Hargreaves,eng ENG,MF,Aldershot Town,25,1998,43,39,"3,413",37.9,5,3,8,5,0,0,7,1,0.13,0.08,0.21,0.13,0.21,Matches,,,,,,,,,,,,,,,,,,,,,,,,,,National League,2024-2025
cce0ae26,Nathan Harness,Nathan Harness,eng ENG,GK,Southend United,24,2000,3,2,252,2.8,0,0,0,0,0,0,1,0,0.00,0.00,0.00,0.00,0.00,Matches,,,,,,,,2,100.0,3,2,3,1.07,1,252,0,0,0,,0,,,,0,1,National League,2024-2025
dd4c0cac,Kayden Harrack,Kayden Harrack,gd GRN,"DF,MF",Dagenham & Redbridge,20,2003,12,9,657,7.3,0,0,0,0,0,0,2,0,0.00,0.00,0.00,0.00,0.00,Matches,,,,,,,,,,,,,,,,,,,,,,,,,,National League,2024-2025
51cb4026,Kian Harratt,Kian Harratt,eng ENG,FW,Oldham Athletic,22,2002,9,6,574,6.4,2,0,2,2,0,0,0,0,0.31,0.00,0.31,0.31,0.31,Matches,,,,,,,,,,,,,,,,,,,,,,,,,,National League,2024-2025
6ee0d5eb,Cian Harries,Cian Harries,wls WAL,DF,Woking,27,1997,24,24,"2,105",23.4,1,1,2,0,1,2,5,0,0.04,0.04,0.09,0.00,0.04,Matches,,,,,,,,,,,,,,,,,,,,,,,,,,National League,2024-2025
6ee0d5eb,Cian Harries,Cian Harries,wls WAL,DF,Woking,27,1997,24,24,"2,105",23.4,1,1,2,0,1,2,5,0,0.04,0.04,0.09,0.00,0.04,Matches,,,,,,,,,,,,,,,,,,,,,,,,,,National League,2024-2025
6ee0d5eb,Cian Harries,Cian Harries,wls WAL,DF,Forest Green Rovers,27,1997,14,13,"1,102",12.2,0,0,0,0,0,0,2,0,0.00,0.00,0.00,0.00,0.00,Matches,,,,,,,,,,,,,,,,,,,,,,,,,,National League,2024-2025
6ee0d5eb,Cian Harries,Cian Harries,wls WAL,DF,Forest Green Rovers,27,1997,14,13,"1,102",12.2,0,0,0,0,0,0,2,0,0.00,0.00,0.00,0.00,0.00,Matches,,,,,,,,,,,,,,,,,,,,,,,,,,National League,2024-2025
5eed3c9c,Callum Harriott,Callum Harriott,gy GUY,MF,York City,30,1994,6,2,155,1.7,1,0,1,1,0,0,1,0,0.58,0.00,0.58,0.58,0.58,Matches,,,,,,,,,,,,,,,,,,,,,,,,,,National League,2024-2025
5eed3c9c,Callum Harriott,Callum Harriott,gy GUY,MF,York City,30,1994,6,2,155,1.7,1,0,1,1,0,0,1,0,0.58,0.00,0.58,0.58,0.58,Matches,,,,,,,,,,,,,,,,,,,,,,,,,,National League,2024-2025
5eed3c9c,Callum Harriott,Callum Harriott,gy GUY,"MF,FW",Ebbsfleet United,30,1994,10,4,373,4.1,0,1,1,0,0,0,2,0,0.00,0.24,0.24,0.00,0.24,Matches,,,,,,,,,,,,,,,,,,,,,,,,,,National League,2024-2025
5eed3c9c,Callum Harriott,Callum Harriott,gy GUY,"MF,FW",Ebbsfleet United,30,1994,10,4,373,4.1,0,1,1,0,0,0,2,0,0.00,0.24,0.24,0.00,0.24,Matches,,,,,,,,,,,,,,,,,,,,,,,,,,National League,2024-2025
a1f7531e,Jayden Harris,Jayden Harris,eng ENG,"MF,FW",Sutton United,24,1999,16,14,"1,292",14.4,3,2,5,3,0,0,5,0,0.21,0.14,0.35,0.21,0.35,Matches,,,,,,,,,,,,,,,,,,,,,,,,,,National League,2024-2025
515a62bb,Anthony Hartigan,Anthony Hartigan,eng ENG,"MF,DF",Barnet,24,2000,46,46,"4,123",45.8,2,10,12,2,0,0,4,0,0.04,0.22,0.26,0.04,0.26,Matches,,,,,,,,,,,,,,,,,,,,,,,,,,National League,2024-2025
14206c26,Nathan Harvey,Nathan Harvey,eng ENG,GK,Dagenham & Redbridge,22,2002,5,4,366,4.1,0,0,0,0,0,0,0,0,0.00,0.00,0.00,0.00,0.00,Matches,,,,,,,,0,0.0,5,4,8,1.97,2,366,0,1,0,100.0,1,,,,2,0,National League,2024-2025
7c47ac8b,Nick Haughton,Nick Haughton,eng ENG,"MF,FW",Fylde,29,1994,45,42,"3,642",40.5,19,7,26,15,4,4,3,0,0.47,0.17,0.64,0.37,0.54,Matches,,,,,,,,,,,,,,,,,,,,,,,,,,National League,2024-2025
d7831bf7,Brandon Haunstrup,Brandon Haunstrup,eng ENG,"DF,MF",Gateshead,27,1996,9,7,535,5.9,1,1,2,1,0,0,0,0,0.17,0.17,0.34,0.17,0.34,Matches,,,,,,,,,,,,,,,,,,,,,,,,,,National League,2024-2025
1c6301f7,Will de Havilland,Will de Havilland,eng ENG,DF,Maidenhead United,29,1994,38,38,"3,307",36.7,2,0,2,2,0,0,8,0,0.05,0.00,0.05,0.05,0.05,Matches,,,,,,,,,,,,,,,,,,,,,,,,,,National League,2024-2025
7c94a189,Nicholas Hayes,Nicholas Hayes,eng ENG,GK,Southend United,25,1999,18,18,"1,620",18.0,0,0,0,0,0,0,1,0,0.00,0.00,0.00,0.00,0.00,Matches,,,,,,,,8,32.0,25,25,30,1.20,5,"2,250",0,0,0,,0,,,,5,15,National League,2024-2025
7c94a189,Nicholas Hayes,Nicholas Hayes,eng ENG,GK,Southend United,25,1999,18,18,"1,620",18.0,0,0,0,0,0,0,1,0,0.00,0.00,0.00,0.00,0.00,Matches,,,,,,,,5,27.8,18,18,18,1.00,3,"1,620",0,0,0,,0,,,,8,7,National League,2024-2025
7c94a189,Nicholas Hayes,Nicholas Hayes,eng ENG,GK,Southend United,25,1999,18,18,"1,620",18.0,0,0,0,0,0,0,1,0,0.00,0.00,0.00,0.00,0.00,Matches,,,,,,,,8,32.0,25,25,30,1.20,5,"2,250",0,0,0,,0,,,,5,15,National League,2024-2025
7c94a189,Nicholas Hayes,Nicholas Hayes,eng ENG,GK,Southend United,25,1999,18,18,"1,620",18.0,0,0,0,0,0,0,1,0,0.00,0.00,0.00,0.00,0.00,Matches,,,,,,,,5,27.8,18,18,18,1.00,3,"1,620",0,0,0,,0,,,,8,7,National League,2024-2025
7c94a189,Nicholas Hayes,Nicholas Hayes,eng ENG,GK,Barnet,25,1999,25,25,"2,250",25.0,0,0,0,0,0,0,1,0,0.00,0.00,0.00,0.00,0.00,Matches,,,,,,,,8,32.0,25,25,30,1.20,5,"2,250",0,0,0,,0,,,,5,15,National League,2024-2025
7c94a189,Nicholas Hayes,Nicholas Hayes,eng ENG,GK,Barnet,25,1999,25,25,"2,250",25.0,0,0,0,0,0,0,1,0,0.00,0.00,0.00,0.00,0.00,Matches,,,,,,,,5,27.8,18,18,18,1.00,3,"1,620",0,0,0,,0,,,,8,7,National League,2024-2025
7c94a189,Nicholas Hayes,Nicholas Hayes,eng ENG,GK,Barnet,25,1999,25,25,"2,250",25.0,0,0,0,0,0,0,1,0,0.00,0.00,0.00,0.00,0.00,Matches,,,,,,,,8,32.0,25,25,30,1.20,5,"2,250",0,0,0,,0,,,,5,15,National League,2024-2025
7c94a189,Nicholas Hayes,Nicholas Hayes,eng ENG,GK,Barnet,25,1999,25,25,"2,250",25.0,0,0,0,0,0,0,1,0,0.00,0.00,0.00,0.00,0.00,Matches,,,,,,,,5,27.8,18,18,18,1.00,3,"1,620",0,0,0,,0,,,,8,7,National League,2024-2025
2294d430,Maxwell Haygarth,Maxwell Haygarth,eng ENG,MF,Altrincham,22,2002,6,4,246,2.7,0,0,0,0,0,0,2,0,0.00,0.00,0.00,0.00,0.00,Matches,,,,,,,,,,,,,,,,,,,,,,,,,,National League,2024-2025
0c35e192,Jacob Hazel,Jacob Hazel,kn SKN,"FW,MF",Boston United,30,1994,45,37,"3,147",35.0,13,6,19,13,0,0,7,0,0.37,0.17,0.54,0.37,0.54,Matches,,,,,,,,,,,,,,,,,,,,,,,,,,National League,2024-2025
5f1a2f31,Michael Hector,Michael Hector,jm JAM,DF,Dagenham & Redbridge,32,1992,2,2,179,2.0,0,0,0,0,0,0,0,0,0.00,0.00,0.00,0.00,0.00,Matches,,,,,,,,,,,,,,,,,,,,,,,,,,National League,2024-2025
afb0fae3,Ian Henderson,Ian Henderson,eng ENG,"FW,MF",Rochdale,39,1985,41,9,"1,230",13.7,9,4,13,9,0,0,0,0,0.66,0.29,0.95,0.66,0.95,Matches,,,,,,,,,,,,,,,,,,,,,,,,,,National League,2024-2025
72b12581,Aaron Henry,Aaron Henry,eng ENG,MF,Rochdale,20,2003,14,8,650,7.2,1,2,3,1,0,0,1,0,0.14,0.28,0.42,0.14,0.42,Matches,,,,,,,,,,,,,,,,,,,,,,,,,,National League,2024-2025
c354b50c,James Henry,James Henry,eng ENG,"FW,MF",Aldershot Town,35,1989,40,25,"2,150",23.9,13,7,20,13,0,0,6,0,0.54,0.29,0.84,0.54,0.84,Matches,,,,,,,,,,,,,,,,,,,,,,,,,,National League,2024-2025
4a3ab75c,Jake Hessenthaler,Jake Hessenthaler,eng ENG,MF,Dagenham & Redbridge,30,1994,34,32,"2,786",31.0,1,0,1,1,0,0,7,1,0.03,0.00,0.03,0.03,0.03,Matches,,,,,,,,,,,,,,,,,,,,,,,,,,National League,2024-2025
b8ec3525,Scott High,Scott High,sct SCO,MF,FC Halifax Town,23,2001,21,20,"1,807",20.1,2,1,3,2,0,0,3,0,0.10,0.05,0.15,0.10,0.15,Matches,,,,,,,,,,,,,,,,,,,,,,,,,,National League,2024-2025
d470029b,Dylan Hill,Dylan Hill,eng ENG,MF,Boston United,20,2004,45,40,"3,535",39.3,0,2,2,0,0,0,8,0,0.00,0.05,0.05,0.00,0.05,Matches,,,,,,,,,,,,,,,,,,,,,,,,,,National League,2024-2025
297a396f,Ryan Hill,Ryan Hill,eng ENG,MF,Dagenham & Redbridge,26,1998,39,32,"2,933",32.6,4,7,11,3,1,2,9,0,0.12,0.21,0.34,0.09,0.31,Matches,,,,,,,,,,,,,,,,,,,,,,,,,,National League,2024-2025
4837f8d4,Tariq Hinds,Tariq Hinds,eng ENG,MF,Braintree Town,24,2000,3,1,85,0.9,0,0,0,0,0,0,0,0,0.00,0.00,0.00,0.00,0.00,Matches,,,,,,,,,,,,,,,,,,,,,,,,,,National League,2024-2025
4837f8d4,Tariq Hinds,Tariq Hinds,eng ENG,MF,Braintree Town,24,2000,3,1,85,0.9,0,0,0,0,0,0,0,0,0.00,0.00,0.00,0.00,0.00,Matches,,,,,,,,,,,,,,,,,,,,,,,,,,National League,2024-2025
4837f8d4,Tariq Hinds,Tariq Hinds,eng ENG,"DF,MF",Woking,24,2000,15,13,"1,180",13.1,2,0,2,2,0,0,4,1,0.15,0.00,0.15,0.15,0.15,Matches,,,,,,,,,,,,,,,,,,,,,,,,,,National League,2024-2025
4837f8d4,Tariq Hinds,Tariq Hinds,eng ENG,"DF,MF",Woking,24,2000,15,13,"1,180",13.1,2,0,2,2,0,0,4,1,0.15,0.00,0.15,0.15,0.15,Matches,,,,,,,,,,,,,,,,,,,,,,,,,,National League,2024-2025
84d12479,Jack Hitchman,Jack Hitchman,eng ENG,GK,Tamworth,20,2004,1,0,62,0.7,0,0,0,0,0,0,0,0,0.00,0.00,0.00,0.00,0.00,Matches,,,,,,,,0,,1,0,3,4.35,0,62,0,0,0,,0,,,,0,0,National League,2024-2025
25288dfe,Bailey Hobson,Bailey Hobson,eng ENG,"MF,FW",Barnet,21,2002,13,10,875,9.7,2,1,3,2,0,0,1,0,0.21,0.10,0.31,0.21,0.31,Matches,,,,,,,,,,,,,,,,,,,,,,,,,,National League,2024-2025
a2d2dbf3,Shaun Hobson,Shaun Hobson,eng ENG,DF,Oldham Athletic,26,1998,21,19,"1,726",19.2,0,0,0,0,0,0,2,0,0.00,0.00,0.00,0.00,0.00,Matches,,,,,,,,,,,,,,,,,,,,,,,,,,National League,2024-2025
7206c879,Lee Hodson,Lee Hodson,nir NIR,"MF,DF",Eastleigh,32,1991,30,12,"1,360",15.1,0,1,1,0,0,0,2,0,0.00,0.07,0.07,0.00,0.07,Matches,,,,,,,,,,,,,,,,,,,,,,,,,,National League,2024-2025
7a5e2895,Liam Hogan,Liam Hogan,eng ENG,DF,Rochdale,35,1989,29,26,"2,340",26.0,0,0,0,0,0,0,3,0,0.00,0.00,0.00,0.00,0.00,Matches,,,,,,,,,,,,,,,,,,,,,,,,,,National League,2024-2025
3e6bea88,Haydn Hollis,Haydn Hollis,eng ENG,DF,Tamworth,31,1992,46,46,"4,140",46.0,3,2,5,3,0,0,3,0,0.07,0.04,0.11,0.07,0.11,Matches,,,,,,,,,,,,,,,,,,,,,,,,,,National League,2024-2025
de40b95a,Fletcher Holman,Fletcher Holman,eng ENG,"FW,MF",Solihull Moors,19,2004,20,9,"1,033",11.5,3,0,3,3,0,0,1,0,0.26,0.00,0.26,0.26,0.26,Matches,,,,,,,,,,,,,,,,,,,,,,,,,,National League,2024-2025
80e42c26,Finley Holmes,Finley Holmes,eng ENG,MF,Solihull Moors,18,2006,2,0,14,0.2,0,0,0,0,0,0,0,0,0.00,0.00,0.00,0.00,0.00,Matches,,,,,,,,,,,,,,,,,,,,,,,,,,National League,2024-2025
c2343ea9,Josh Home,Josh Home,eng ENG,MF,Gateshead,19,2005,2,0,22,0.2,0,0,0,0,0,0,0,0,0.00,0.00,0.00,0.00,0.00,Matches,,,,,,,,,,,,,,,,,,,,,,,,,,National League,2024-2025
ad8a7344,Tom Hopper,Tom Hopper,eng ENG,FW,Southend United,30,1993,19,15,"1,320",14.7,2,1,3,2,0,0,2,0,0.14,0.07,0.20,0.14,0.20,Matches,,,,,,,,,,,,,,,,,,,,,,,,,,National League,2024-2025
12144137,Branden Horton,Branden Horton,eng ENG,"MF,DF",Gateshead,23,2000,17,15,"1,420",15.8,0,1,1,0,0,0,5,0,0.00,0.06,0.06,0.00,0.06,Matches,,,,,,,,,,,,,,,,,,,,,,,,,,National League,2024-2025
be3fae33,Bryce Hosannah,Bryce Hosannah,eng ENG,"DF,MF",Fylde,25,1999,25,18,"1,643",18.3,0,2,2,0,0,0,3,0,0.00,0.11,0.11,0.00,0.11,Matches,,,,,,,,,,,,,,,,,,,,,,,,,,National League,2024-2025
fab0ae07,Florent Hoti,Florent Hoti,xk KVX,"MF,FW",FC Halifax Town,23,2000,37,31,"2,707",30.1,5,5,10,4,1,2,7,0,0.17,0.17,0.33,0.13,0.30,Matches,,,,,,,,,,,,,,,,,,,,,,,,,,National League,2024-2025
a121920f,Callum Howe,Callum Howe,eng ENG,DF,York City,30,1994,46,46,"4,139",46.0,3,3,6,3,0,0,3,0,0.07,0.07,0.13,0.07,0.13,Matches,,,,,,,,,,,,,,,,,,,,,,,,,,National League,2024-2025
45e6ab96,Finn Howell,Finn Howell,,DF,Solihull Moors,,,2,0,15,0.2,0,0,0,0,0,0,0,0,0.00,0.00,0.00,0.00,0.00,Matches,,,,,,,,,,,,,,,,,,,,,,,,,,National League,2024-2025
4504f157,Samuel Howes,Samuel Howes,eng ENG,GK,Wealdstone FC,26,1997,8,8,650,7.2,0,0,0,0,0,0,0,0,0.00,0.00,0.00,0.00,0.00,Matches,,,,,,,,1,12.5,8,8,14,1.94,3,650,2,2,0,0.0,0,,,,3,2,National League,2024-2025
4504f157,Samuel Howes,Samuel Howes,eng ENG,GK,Wealdstone FC,26,1997,8,8,650,7.2,0,0,0,0,0,0,0,0,0.00,0.00,0.00,0.00,0.00,Matches,,,,,,,,3,50.0,6,6,4,0.67,0,540,1,1,0,0.0,0,,,,2,4,National League,2024-2025
4504f157,Samuel Howes,Samuel Howes,eng ENG,GK,Wealdstone FC,26,1997,8,8,650,7.2,0,0,0,0,0,0,0,0,0.00,0.00,0.00,0.00,0.00,Matches,,,,,,,,1,12.5,8,8,14,1.94,3,650,2,2,0,0.0,0,,,,3,2,National League,2024-2025
4504f157,Samuel Howes,Samuel Howes,eng ENG,GK,Wealdstone FC,26,1997,8,8,650,7.2,0,0,0,0,0,0,0,0,0.00,0.00,0.00,0.00,0.00,Matches,,,,,,,,3,50.0,6,6,4,0.67,0,540,1,1,0,0.0,0,,,,2,4,National League,2024-2025
4504f157,Samuel Howes,Samuel Howes,eng ENG,GK,Maidenhead United,26,1997,6,6,540,6.0,0,0,0,0,0,0,0,0,0.00,0.00,0.00,0.00,0.00,Matches,,,,,,,,1,12.5,8,8,14,1.94,3,650,2,2,0,0.0,0,,,,3,2,National League,2024-2025
4504f157,Samuel Howes,Samuel Howes,eng ENG,GK,Maidenhead United,26,1997,6,6,540,6.0,0,0,0,0,0,0,0,0,0.00,0.00,0.00,0.00,0.00,Matches,,,,,,,,3,50.0,6,6,4,0.67,0,540,1,1,0,0.0,0,,,,2,4,National League,2024-2025
4504f157,Samuel Howes,Samuel Howes,eng ENG,GK,Maidenhead United,26,1997,6,6,540,6.0,0,0,0,0,0,0,0,0,0.00,0.00,0.00,0.00,0.00,Matches,,,,,,,,1,12.5,8,8,14,1.94,3,650,2,2,0,0.0,0,,,,3,2,National League,2024-2025
4504f157,Samuel Howes,Samuel Howes,eng ENG,GK,Maidenhead United,26,1997,6,6,540,6.0,0,0,0,0,0,0,0,0,0.00,0.00,0.00,0.00,0.00,Matches,,,,,,,,3,50.0,6,6,4,0.67,0,540,1,1,0,0.0,0,,,,2,4,National League,2024-2025
687edb27,Mathew Hudson,Mathew Hudson,eng ENG,GK,Oldham Athletic,26,1998,35,35,"3,150",35.0,0,0,0,0,0,0,3,0,0.00,0.00,0.00,0.00,0.00,Matches,,,,,,,,12,34.3,35,35,37,1.06,8,"3,150",2,2,0,0.0,0,,,,10,17,National League,2024-2025
37bffbb2,Will Hugill,Will Hugill,eng ENG,MF,Fylde,20,2004,26,20,"1,764",19.6,2,0,2,2,0,0,4,0,0.10,0.00,0.10,0.10,0.10,Matches,,,,,,,,,,,,,,,,,,,,,,,,,,National League,2024-2025
a21093e1,Liam Humbles,Liam Humbles,eng ENG,"MF,FW",Altrincham,20,2003,8,6,481,5.3,0,3,3,0,0,0,0,0,0.00,0.56,0.56,0.00,0.56,Matches,,,,,,,,,,,,,,,,,,,,,,,,,,National League,2024-2025
a21093e1,Liam Humbles,Liam Humbles,eng ENG,"MF,FW",Altrincham,20,2003,8,6,481,5.3,0,3,3,0,0,0,0,0,0.00,0.56,0.56,0.00,0.56,Matches,,,,,,,,,,,,,,,,,,,,,,,,,,National League,2024-2025
a21093e1,Liam Humbles,Liam Humbles,eng ENG,MF,Gateshead,20,2003,21,15,"1,360",15.1,1,2,3,1,0,0,0,0,0.07,0.13,0.20,0.07,0.20,Matches,,,,,,,,,,,,,,,,,,,,,,,,,,National League,2024-2025
a21093e1,Liam Humbles,Liam Humbles,eng ENG,MF,Gateshead,20,2003,21,15,"1,360",15.1,1,2,3,1,0,0,0,0,0.07,0.13,0.20,0.07,0.20,Matches,,,,,,,,,,,,,,,,,,,,,,,,,,National League,2024-2025
6fa6a42e,Lloyd Humphries,Lloyd Humphries,wls WAL,"DF,MF",Eastleigh,26,1997,37,26,"2,288",25.4,1,4,5,1,0,0,4,0,0.04,0.16,0.20,0.04,0.20,Matches,,,,,,,,,,,,,,,,,,,,,,,,,,National League,2024-2025
c049795e,Alex Hunt,Alex Hunt,eng ENG,MF,York City,24,2000,45,42,"3,622",40.2,4,7,11,3,1,1,10,0,0.10,0.17,0.27,0.07,0.25,Matches,,,,,,,,,,,,,,,,,,,,,,,,,,National League,2024-2025
64d91580,Jack Hunter,Jack Hunter,eng ENG,"MF,DF",Hartlepool United,26,1997,30,21,"1,960",21.8,1,0,1,1,0,0,8,1,0.05,0.00,0.05,0.05,0.05,Matches,,,,,,,,,,,,,,,,,,,,,,,,,,National League,2024-2025
9035308b,Noor Husin,Noor Husin,af AFG,MF,Southend United,27,1997,43,36,"3,212",35.7,1,1,2,1,0,0,6,0,0.03,0.03,0.06,0.03,0.06,Matches,,,,,,,,,,,,,,,,,,,,,,,,,,National League,2024-2025
e6514c9c,Dominic Hutchinson,Dominic Hutchinson,eng ENG,"MF,DF",Wealdstone FC,22,2001,29,15,"1,501",16.7,1,1,2,1,0,0,3,0,0.06,0.06,0.12,0.06,0.12,Matches,,,,,,,,,,,,,,,,,,,,,,,,,,National League,2024-2025
a74f8572,Rohan Ince,Rohan Ince,ms MSR,"DF,FW",Woking,31,1992,1,0,1,0.0,0,0,0,0,0,0,0,0,0.00,0.00,0.00,0.00,0.00,Matches,,,,,,,,,,,,,,,,,,,,,,,,,,National League,2024-2025
600ae8cb,Ryan Inniss,Ryan Inniss,eng ENG,DF,Forest Green Rovers,29,1995,41,39,"3,410",37.9,5,1,6,5,0,0,3,1,0.13,0.03,0.16,0.13,0.16,Matches,,,,,,,,,,,,,,,,,,,,,,,,,,National League,2024-2025
26110349,Alex Iwumene,Alex Iwumene,eng ENG,MF,Eastleigh,19,2005,1,0,1,0.0,0,0,0,0,0,0,0,0,0.00,0.00,0.00,0.00,0.00,Matches,,,,,,,,,,,,,,,,,,,,,,,,,,National League,2024-2025
dd6814d1,William Jääskeläinen,William Jääskeläinen,fi FIN,GK,Woking,26,1998,44,44,"3,960",44.0,0,0,0,0,0,0,4,0,0.00,0.00,0.00,0.00,0.00,Matches,,,,,,,,10,22.7,44,44,56,1.27,14,"3,960",4,5,1,0.0,0,,,,17,13,National League,2024-2025
904f53f7,Ryan Jackson,Ryan Jackson,eng ENG,"DF,MF",Sutton United,34,1990,24,21,"1,731",19.2,0,0,0,0,0,0,1,0,0.00,0.00,0.00,0.00,0.00,Matches,,,,,,,,,,,,,,,,,,,,,,,,,,National League,2024-2025
2fd633be,Edward James,Edward James,wls WAL,DF,Yeovil Town,19,2004,2,2,157,1.7,1,0,1,1,0,0,1,0,0.57,0.00,0.57,0.57,0.57,Matches,,,,,,,,,,,,,,,,,,,,,,,,,,National League,2024-2025
23a11244,Aaron Jarvis,Aaron Jarvis,eng ENG,FW,Yeovil Town,26,1998,27,24,"1,976",22.0,7,2,9,7,0,0,5,0,0.32,0.09,0.41,0.32,0.41,Matches,,,,,,,,,,,,,,,,,,,,,,,,,,National League,2024-2025
f7299b39,Zach Jeacock,Zach Jeacock,eng ENG,GK,Southend United,23,2001,3,3,206,2.3,0,0,0,0,0,0,0,1,0.00,0.00,0.00,0.00,0.00,Matches,,,,,,,,1,33.3,3,3,3,1.31,2,206,0,0,0,,0,,,,0,1,National League,2024-2025
3d46127c,Jack Jenkins,Jack Jenkins,eng ENG,MF,FC Halifax Town,22,2002,29,22,"1,626",18.1,0,1,1,0,0,0,5,0,0.00,0.06,0.06,0.00,0.06,Matches,,,,,,,,,,,,,,,,,,,,,,,,,,National League,2024-2025
1e901274,Luke Jenkins,Luke Jenkins,eng ENG,"DF,MF",Aldershot Town,21,2002,10,6,525,5.8,0,0,0,0,0,0,2,0,0.00,0.00,0.00,0.00,0.00,Matches,,,,,,,,,,,,,,,,,,,,,,,,,,National League,2024-2025
a96ba40b,Teddy Jenks,Teddy Jenks,eng ENG,"DF,MF",Forest Green Rovers,22,2002,19,8,675,7.5,2,0,2,2,0,0,0,0,0.27,0.00,0.27,0.27,0.27,Matches,,,,,,,,,,,,,,,,,,,,,,,,,,National League,2024-2025
6c753e99,Cameron John,Cameron John,eng ENG,DF,York City,24,1999,32,27,"2,369",26.3,2,3,5,2,0,0,6,0,0.08,0.11,0.19,0.08,0.19,Matches,,,,,,,,,,,,,,,,,,,,,,,,,,National League,2024-2025
2e5479ae,Louis John,Louis John,eng ENG,"DF,MF",Ebbsfleet United,30,1994,10,7,571,6.3,0,0,0,0,0,0,0,0,0.00,0.00,0.00,0.00,0.00,Matches,,,,,,,,,,,,,,,,,,,,,,,,,,National League,2024-2025
9e4d738e,Lenell John-Lewis,Lenell John-Lewis,eng ENG,"FW,MF",York City,35,1989,34,0,655,7.3,5,4,9,4,1,1,3,0,0.69,0.55,1.24,0.55,1.10,Matches,,,,,,,,,,,,,,,,,,,,,,,,,,National League,2024-2025
fc472fa3,Brayden Johnson,Brayden Johnson,eng ENG,MF,Gateshead,18,2006,4,0,83,0.9,0,0,0,0,0,0,0,0,0.00,0.00,0.00,0.00,0.00,Matches,,,,,,,,,,,,,,,,,,,,,,,,,,National League,2024-2025
a605536a,Joshua Johnson,Joshua Johnson,eng ENG,"MF,FW",Maidenhead United,19,2004,22,11,"1,042",11.6,1,0,1,1,0,0,0,0,0.09,0.00,0.09,0.09,0.09,Matches,,,,,,,,,,,,,,,,,,,,,,,,,,National League,2024-2025
a8fe5f70,Sam Johnson,Sam Johnson,eng ENG,GK,FC Halifax Town,31,1992,38,38,"3,363",37.4,0,0,0,0,0,0,0,0,0.00,0.00,0.00,0.00,0.00,Matches,,,,,,,,14,36.8,38,38,35,0.94,10,"3,363",6,6,0,0.0,0,,,,11,17,National League,2024-2025
ed807659,Charlie Jolley,Charlie Jolley,eng ENG,"FW,MF",Fylde,23,2001,39,26,"2,136",23.7,7,2,9,7,0,0,9,0,0.29,0.08,0.38,0.29,0.38,Matches,,,,,,,,,,,,,,,,,,,,,,,,,,National League,2024-2025
ab2ed7c9,Aaron Jones,Aaron Jones,eng ENG,"MF,DF",Aldershot Town,30,1994,33,31,"2,724",30.3,1,0,1,1,0,0,11,2,0.03,0.00,0.03,0.03,0.03,Matches,,,,,,,,,,,,,,,,,,,,,,,,,,National League,2024-2025
0ccfc499,Dan Jones,Dan Jones,eng ENG,DF,Gateshead,29,1994,23,18,"1,574",17.5,1,0,1,1,0,0,4,0,0.06,0.00,0.06,0.06,0.06,Matches,,,,,,,,,,,,,,,,,,,,,,,,,,National League,2024-2025
86954f62,Edward Jones,Edward Jones,wls WAL,DF,Altrincham,22,2001,14,10,833,9.3,1,1,2,1,0,0,4,1,0.11,0.11,0.22,0.11,0.22,Matches,,,,,,,,,,,,,,,,,,,,,,,,,,National League,2024-2025
1ab4469c,Jacob Jones,Jacob Jones,wls WAL,"MF,DF",Woking,22,2001,11,8,621,6.9,0,1,1,0,0,0,2,0,0.00,0.14,0.14,0.00,0.14,Matches,,,,,,,,,,,,,,,,,,,,,,,,,,National League,2024-2025
fd175aab,James Jones,James Jones,sct SCO,DF,Altrincham,27,1997,27,21,"2,068",23.0,1,0,1,1,0,0,0,0,0.04,0.00,0.04,0.04,0.04,Matches,,,,,,,,,,,,,,,,,,,,,,,,,,National League,2024-2025
c58bcf0d,Louis Jones,Louis Jones,eng ENG,GK,Dagenham & Redbridge,25,1998,7,7,624,6.9,0,0,0,0,0,0,0,0,0.00,0.00,0.00,0.00,0.00,Matches,,,,,,,,2,28.6,7,7,9,1.30,3,624,1,1,0,0.0,0,,,,3,1,National League,2024-2025
33c68da9,Ryan Jones,Ryan Jones,eng ENG,"MF,FW",Aldershot Town,22,2002,39,28,"2,526",28.1,6,5,11,6,0,0,5,0,0.21,0.18,0.39,0.21,0.39,Matches,,,,,,,,,,,,,,,,,,,,,,,,,,National League,2024-2025
bb165e36,Sean Jordon Adarkwa,Sean Jordon Adarkwa,eng ENG,FW,Wealdstone FC,23,2000,2,0,40,0.4,0,0,0,0,0,0,0,0,0.00,0.00,0.00,0.00,0.00,Matches,,,,,,,,,,,,,,,,,,,,,,,,,,National League,2024-2025
3d9ef282,Alan Judge,Alan Judge,ie IRL,MF,Braintree Town,35,1988,13,4,463,5.1,0,0,0,0,0,0,0,0,0.00,0.00,0.00,0.00,0.00,Matches,,,,,,,,,,,,,,,,,,,,,,,,,,National League,2024-2025
3d9ef282,Alan Judge,Alan Judge,ie IRL,MF,Braintree Town,35,1988,13,4,463,5.1,0,0,0,0,0,0,0,0,0.00,0.00,0.00,0.00,0.00,Matches,,,,,,,,,,,,,,,,,,,,,,,,,,National League,2024-2025
3d9ef282,Alan Judge,Alan Judge,ie IRL,MF,Woking,35,1988,5,2,188,2.1,0,0,0,0,0,0,0,0,0.00,0.00,0.00,0.00,0.00,Matches,,,,,,,,,,,,,,,,,,,,,,,,,,National League,2024-2025
3d9ef282,Alan Judge,Alan Judge,ie IRL,MF,Woking,35,1988,5,2,188,2.1,0,0,0,0,0,0,0,0,0.00,0.00,0.00,0.00,0.00,Matches,,,,,,,,,,,,,,,,,,,,,,,,,,National League,2024-2025
18b1c055,Elliot Justham,Elliot Justham,eng ENG,GK,Dagenham & Redbridge,34,1990,28,28,"2,520",28.0,0,0,0,0,0,0,3,0,0.00,0.00,0.00,0.00,0.00,Matches,,,,,,,,5,17.9,28,28,40,1.43,12,"2,520",4,4,0,0.0,0,,,,8,8,National League,2024-2025
db35ec0a,Nicke Kabamba,Nicke Kabamba,eng ENG,"FW,MF",Barnet,31,1993,18,13,"1,291",14.3,10,0,10,8,2,2,1,0,0.70,0.00,0.70,0.56,0.56,Matches,,,,,,,,,,,,,,,,,,,,,,,,,,National League,2024-2025
da390ff1,Adan Kai George,Adan Kai George,eng ENG,"FW,MF",FC Halifax Town,22,2002,19,13,"1,065",11.8,0,1,1,0,0,0,2,1,0.00,0.08,0.08,0.00,0.08,Matches,,,,,,,,,,,,,,,,,,,,,,,,,,National League,2024-2025
d1b37f9d,Paul Kalambayi,Paul Kalambayi,eng ENG,DF,Dagenham & Redbridge,25,1999,40,39,"3,375",37.5,0,1,1,0,0,0,2,0,0.00,0.03,0.03,0.00,0.03,Matches,,,,,,,,,,,,,,,,,,,,,,,,,,National League,2024-2025
dd082c59,Todd Kane,Todd Kane,eng ENG,"DF,MF",Ebbsfleet United,30,1993,11,10,762,8.5,0,0,0,0,0,0,0,0,0.00,0.00,0.00,0.00,0.00,Matches,,,,,,,,,,,,,,,,,,,,,,,,,,National League,2024-2025
23c98036,Idris Kanu,Idris Kanu,sl SLE,"MF,FW",Barnet,24,1999,38,29,"2,536",28.2,2,3,5,2,0,0,5,0,0.07,0.11,0.18,0.07,0.18,Matches,,,,,,,,,,,,,,,,,,,,,,,,,,National League,2024-2025
1e7cc357,Josh Kay,Josh Kay,eng ENG,MF,Oldham Athletic,27,1996,21,5,759,8.4,1,2,3,1,0,0,5,1,0.12,0.24,0.36,0.12,0.36,Matches,,,,,,,,,,,,,,,,,,,,,,,,,,National League,2024-2025
474d0150,Bradley Keetch,Bradley Keetch,eng ENG,MF,Maidenhead United,23,2000,12,2,239,2.7,0,0,0,0,0,0,1,0,0.00,0.00,0.00,0.00,0.00,Matches,,,,,,,,,,,,,,,,,,,,,,,,,,National League,2024-2025
e1539b3f,Jim Kellerman,Jim Kellerman,eng ENG,"MF,DF",Ebbsfleet United,26,1997,12,11,833,9.3,0,0,0,0,0,0,3,0,0.00,0.00,0.00,0.00,0.00,Matches,,,,,,,,,,,,,,,,,,,,,,,,,,National League,2024-2025
c2fb28d7,Bradley Kelly,Bradley Kelly,eng ENG,GK,Rochdale,24,2000,1,0,19,0.2,0,0,0,0,0,0,0,0,0.00,0.00,0.00,0.00,0.00,Matches,,,,,,,,0,,1,0,1,4.74,0,19,0,0,0,,0,,,,0,0,National League,2024-2025
61fa62a8,Dion Kelly-Evans,Dion Kelly-Evans,eng ENG,"DF,MF",Woking,27,1996,29,25,"1,998",22.2,1,0,1,1,0,0,1,1,0.05,0.00,0.05,0.05,0.05,Matches,,,,,,,,,,,,,,,,,,,,,,,,,,National League,2024-2025
f3cb63d1,Charlie Kendall,Charlie Kendall,eng ENG,"FW,MF",Woking,23,2000,17,8,857,9.5,3,1,4,3,0,0,3,0,0.32,0.11,0.42,0.32,0.42,Matches,,,,,,,,,,,,,,,,,,,,,,,,,,National League,2024-2025
f3cb63d1,Charlie Kendall,Charlie Kendall,eng ENG,"FW,MF",Woking,23,2000,17,8,857,9.5,3,1,4,3,0,0,3,0,0.32,0.11,0.42,0.32,0.42,Matches,,,,,,,,,,,,,,,,,,,,,,,,,,National League,2024-2025
f3cb63d1,Charlie Kendall,Charlie Kendall,eng ENG,FW,Southend United,23,2000,22,13,"1,068",11.9,4,5,9,4,0,0,0,0,0.34,0.42,0.76,0.34,0.76,Matches,,,,,,,,,,,,,,,,,,,,,,,,,,National League,2024-2025
f3cb63d1,Charlie Kendall,Charlie Kendall,eng ENG,FW,Southend United,23,2000,22,13,"1,068",11.9,4,5,9,4,0,0,0,0,0.34,0.42,0.76,0.34,0.76,Matches,,,,,,,,,,,,,,,,,,,,,,,,,,National League,2024-2025
e1cfdc48,Myles Kenlock,Myles Kenlock,eng ENG,"DF,MF",Barnet,27,1996,42,42,"3,609",40.1,1,1,2,1,0,0,5,0,0.02,0.02,0.05,0.02,0.05,Matches,,,,,,,,,,,,,,,,,,,,,,,,,,National League,2024-2025
862fce90,Ollie Kensdale,Ollie Kensdale,eng ENG,"DF,MF",Southend United,24,2000,3,3,270,3.0,0,0,0,0,0,0,0,0,0.00,0.00,0.00,0.00,0.00,Matches,,,,,,,,,,,,,,,,,,,,,,,,,,National League,2024-2025
a894acb0,Matt Kerbey,Matt Kerbey,eng ENG,GK,Sutton United,22,2002,1,0,5,0.1,0,0,0,0,0,0,0,0,0.00,0.00,0.00,0.00,0.00,Matches,,,,,,,,0,,1,0,1,18.00,0,5,0,0,0,,0,,,,0,0,National League,2024-2025
10e551ab,Rafiq Khaleel,Rafiq Khaleel,eng ENG,MF,Dagenham & Redbridge,21,2003,10,3,317,3.5,1,0,1,1,0,0,0,0,0.28,0.00,0.28,0.28,0.28,Matches,,,,,,,,,,,,,,,,,,,,,,,,,,National League,2024-2025
013a61ae,Otis Khan,Otis Khan,pk PAK,MF,Oldham Athletic,28,1995,7,2,247,2.7,1,0,1,1,0,0,2,1,0.36,0.00,0.36,0.36,0.36,Matches,,,,,,,,,,,,,,,,,,,,,,,,,,National League,2024-2025
013a61ae,Otis Khan,Otis Khan,pk PAK,MF,Oldham Athletic,28,1995,7,2,247,2.7,1,0,1,1,0,0,2,1,0.36,0.00,0.36,0.36,0.36,Matches,,,,,,,,,,,,,,,,,,,,,,,,,,National League,2024-2025
013a61ae,Otis Khan,Otis Khan,pk PAK,"MF,FW",Yeovil Town,28,1995,5,4,303,3.4,0,0,0,0,0,0,1,1,0.00,0.00,0.00,0.00,0.00,Matches,,,,,,,,,,,,,,,,,,,,,,,,,,National League,2024-2025
013a61ae,Otis Khan,Otis Khan,pk PAK,"MF,FW",Yeovil Town,28,1995,5,4,303,3.4,0,0,0,0,0,0,1,1,0.00,0.00,0.00,0.00,0.00,Matches,,,,,,,,,,,,,,,,,,,,,,,,,,National League,2024-2025
7b3ca119,Brendan Kiernan,Brendan Kiernan,eng ENG,"MF,FW",Maidenhead United,31,1992,9,7,534,5.9,5,2,7,5,0,0,2,0,0.84,0.34,1.18,0.84,1.18,Matches,,,,,,,,,,,,,,,,,,,,,,,,,,National League,2024-2025
4fb3b8e4,Jeff King,Jeff King,eng ENG,DF,York City,28,1995,10,3,394,4.4,0,2,2,0,0,0,1,0,0.00,0.46,0.46,0.00,0.46,Matches,,,,,,,,,,,,,,,,,,,,,,,,,,National League,2024-2025
2e1811e4,Jack Kingdon,Jack Kingdon,sct SCO,DF,Rochdale,18,2005,16,9,953,10.6,0,1,1,0,0,0,2,0,0.00,0.09,0.09,0.00,0.09,Matches,,,,,,,,,,,,,,,,,,,,,,,,,,National League,2024-2025
ace36a62,Alex Kirk,Alex Kirk,eng ENG,"DF,MF",Sutton United,21,2002,11,9,848,9.4,1,0,1,1,0,0,0,0,0.11,0.00,0.11,0.11,0.11,Matches,,,,,,,,,,,,,,,,,,,,,,,,,,National League,2024-2025
9cca4f93,Mark Kitching,Mark Kitching,eng ENG,"MF,DF",Oldham Athletic,28,1995,40,35,"3,165",35.2,3,3,6,3,0,0,4,0,0.09,0.09,0.17,0.09,0.17,Matches,,,,,,,,,,,,,,,,,,,,,,,,,,National League,2024-2025
506d5e2d,Harry Kite,Harry Kite,eng ENG,MF,Yeovil Town,24,2000,7,5,428,4.8,0,0,0,0,0,0,3,0,0.00,0.00,0.00,0.00,0.00,Matches,,,,,,,,,,,,,,,,,,,,,,,,,,National League,2024-2025
66b9c6f2,Joe Kizzi,Joe Kizzi,eng ENG,"DF,FW",Barnet,31,1993,12,6,717,8.0,0,1,1,0,0,0,1,0,0.00,0.13,0.13,0.00,0.13,Matches,,,,,,,,,,,,,,,,,,,,,,,,,,National League,2024-2025
145a8071,Jacob Knightbridge,Jacob Knightbridge,eng ENG,GK,Braintree Town,20,2004,2,2,180,2.0,0,0,0,0,0,0,0,0,0.00,0.00,0.00,0.00,0.00,Matches,,,,,,,,0,0.0,2,2,4,2.00,2,180,0,0,0,,0,,,,0,0,National League,2024-2025
ab2e4f92,Jimmy Knowles,Jimmy Knowles,eng ENG,"FW,MF",Boston United,23,2001,18,17,"1,216",13.5,4,2,6,4,0,0,1,0,0.30,0.15,0.44,0.30,0.44,Matches,,,,,,,,,,,,,,,,,,,,,,,,,,National League,2024-2025
05182c2c,Tom Knowles,Tom Knowles,eng ENG,"FW,MF",Forest Green Rovers,25,1998,40,28,"2,299",25.5,1,2,3,1,0,0,6,0,0.04,0.08,0.12,0.04,0.12,Matches,,,,,,,,,,,,,,,,,,,,,,,,,,National League,2024-2025
4c57bb59,Corey Koerner,Corey Koerner,,,Yeovil Town,,,1,0,1,0.0,0,0,0,0,0,0,0,0,0.00,0.00,0.00,0.00,0.00,Matches,,,,,,,,,,,,,,,,,,,,,,,,,,National League,2024-2025
3cf0a771,Ricky Korboa,Ricky Korboa,eng ENG,MF,Maidenhead United,27,1996,5,2,263,2.9,0,1,1,0,0,0,0,0,0.00,0.34,0.34,0.00,0.34,Matches,,,,,,,,,,,,,,,,,,,,,,,,,,National League,2024-2025
33653967,Matty Kosylo,Matty Kosylo,eng ENG,"MF,FW",Altrincham,31,1992,25,13,"1,187",13.2,2,3,5,2,0,0,6,2,0.15,0.23,0.38,0.15,0.38,Matches,,,,,,,,,,,,,,,,,,,,,,,,,,National League,2024-2025
c4ff4d0e,Max Kretzschmar,Max Kretzschmar,eng ENG,MF,Wealdstone FC,30,1993,39,35,"2,886",32.1,3,9,12,3,0,0,9,1,0.09,0.28,0.37,0.09,0.37,Matches,,,,,,,,,,,,,,,,,,,,,,,,,,National League,2024-2025
57fdfc19,Joss Labadie,Joss Labadie,eng ENG,"MF,DF",Solihull Moors,33,1990,19,4,348,3.9,0,0,0,0,0,0,2,1,0.00,0.00,0.00,0.00,0.00,Matches,,,,,,,,,,,,,,,,,,,,,,,,,,National League,2024-2025
90295964,Levi Laing,Levi Laing,eng ENG,DF,Aldershot Town,21,2003,4,4,258,2.9,0,0,0,0,0,0,0,0,0.00,0.00,0.00,0.00,0.00,Matches,,,,,,,,,,,,,,,,,,,,,,,,,,National League,2024-2025
8b5e21c0,Rob Lainton,Rob Lainton,eng ENG,GK,Altrincham,34,1989,7,7,576,6.4,0,0,0,0,0,0,1,0,0.00,0.00,0.00,0.00,0.00,Matches,,,,,,,,0,0.0,7,7,10,1.56,5,576,0,0,0,,0,,,,1,1,National League,2024-2025
17307e0a,Reggie Lambe,Reggie Lambe,bm BER,MF,Braintree Town,33,1991,6,0,107,1.2,0,0,0,0,0,0,2,0,0.00,0.00,0.00,0.00,0.00,Matches,,,,,,,,,,,,,,,,,,,,,,,,,,National League,2024-2025
5ee078da,George Langston,George Langston,eng ENG,DF,Braintree Town,21,2002,42,42,"3,731",41.5,0,4,4,0,0,0,9,0,0.00,0.10,0.10,0.00,0.10,Matches,,,,,,,,,,,,,,,,,,,,,,,,,,National League,2024-2025
ccc52936,Alex Lankshear,Alex Lankshear,eng ENG,"DF,MF",Ebbsfleet United,21,2002,14,13,"1,216",13.5,1,0,1,1,0,0,0,0,0.07,0.00,0.07,0.07,0.07,Matches,,,,,,,,,,,,,,,,,,,,,,,,,,National League,2024-2025
b4073508,Thierry Latty Fairweather,Thierry Latty Fairweather,eng ENG,DF,Maidenhead United,21,2002,34,31,"2,599",28.9,1,0,1,1,0,0,7,1,0.03,0.00,0.03,0.03,0.03,Matches,,,,,,,,,,,,,,,,,,,,,,,,,,National League,2024-2025
6b3e4b53,Marcel Lavinier,Marcel Lavinier,eng ENG,"MF,DF",Yeovil Town,23,2000,8,4,343,3.8,0,0,0,0,0,0,1,0,0.00,0.00,0.00,0.00,0.00,Matches,,,,,,,,,,,,,,,,,,,,,,,,,,National League,2024-2025
6b3e4b53,Marcel Lavinier,Marcel Lavinier,eng ENG,"MF,DF",Yeovil Town,23,2000,8,4,343,3.8,0,0,0,0,0,0,1,0,0.00,0.00,0.00,0.00,0.00,Matches,,,,,,,,,,,,,,,,,,,,,,,,,,National League,2024-2025
6b3e4b53,Marcel Lavinier,Marcel Lavinier,eng ENG,DF,Forest Green Rovers,23,2000,6,0,103,1.1,0,1,1,0,0,0,0,0,0.00,0.87,0.87,0.00,0.87,Matches,,,,,,,,,,,,,,,,,,,,,,,,,,National League,2024-2025
6b3e4b53,Marcel Lavinier,Marcel Lavinier,eng ENG,DF,Forest Green Rovers,23,2000,6,0,103,1.1,0,1,1,0,0,0,0,0,0.00,0.87,0.87,0.00,0.87,Matches,,,,,,,,,,,,,,,,,,,,,,,,,,National League,2024-2025
e19e78a5,Conor Lawless,Conor Lawless,eng ENG,MF,Dagenham & Redbridge,23,2001,8,0,66,0.7,0,0,0,0,0,0,1,0,0.00,0.00,0.00,0.00,0.00,Matches,,,,,,,,,,,,,,,,,,,,,,,,,,National League,2024-2025
1dbc0c52,Sha'mar Lawson,Sha'mar Lawson,,MF,Ebbsfleet United,,,6,2,227,2.5,0,0,0,0,0,0,0,0,0.00,0.00,0.00,0.00,0.00,Matches,,,,,,,,,,,,,,,,,,,,,,,,,,National League,2024-2025
1dbc0c52,Sha'mar Lawson,Sha'mar Lawson,,MF,Ebbsfleet United,,,6,2,227,2.5,0,0,0,0,0,0,0,0,0.00,0.00,0.00,0.00,0.00,Matches,,,,,,,,,,,,,,,,,,,,,,,,,,National League,2024-2025
1dbc0c52,Sha'mar Lawson,Sha'mar Lawson,,"MF,DF",Woking,,,6,3,248,2.8,0,0,0,0,0,0,2,0,0.00,0.00,0.00,0.00,0.00,Matches,,,,,,,,,,,,,,,,,,,,,,,,,,National League,2024-2025
1dbc0c52,Sha'mar Lawson,Sha'mar Lawson,,"MF,DF",Woking,,,6,3,248,2.8,0,0,0,0,0,0,2,0,0.00,0.00,0.00,0.00,0.00,Matches,,,,,,,,,,,,,,,,,,,,,,,,,,National League,2024-2025
a2f34f23,Tom Leahy,Tom Leahy,eng ENG,"FW,MF",Woking,20,2004,13,4,427,4.7,1,0,1,1,0,0,1,0,0.21,0.00,0.21,0.21,0.21,Matches,,,,,,,,,,,,,,,,,,,,,,,,,,National League,2024-2025
30b520ad,Tom Leak,Tom Leak,eng ENG,DF,Boston United,23,2000,17,10,"1,012",11.2,0,0,0,0,0,0,3,0,0.00,0.00,0.00,0.00,0.00,Matches,,,,,,,,,,,,,,,,,,,,,,,,,,National League,2024-2025
da3c6e0a,Jake Leake,Jake Leake,eng ENG,"DF,MF",Oldham Athletic,21,2003,16,15,"1,261",14.0,0,0,0,0,0,0,1,0,0.00,0.00,0.00,0.00,0.00,Matches,,,,,,,,,,,,,,,,,,,,,,,,,,National League,2024-2025
be26ecbe,Lewis Leigh,Lewis Leigh,eng ENG,"MF,FW",FC Halifax Town,20,2003,7,3,338,3.8,0,0,0,0,0,0,0,1,0.00,0.00,0.00,0.00,0.00,Matches,,,,,,,,,,,,,,,,,,,,,,,,,,National League,2024-2025
9bbcb926,Dennon Lewis,Dennon Lewis,eng ENG,MF,Woking,27,1997,18,10,981,10.9,0,1,1,0,0,0,0,0,0.00,0.09,0.09,0.00,0.09,Matches,,,,,,,,,,,,,,,,,,,,,,,,,,National League,2024-2025
3cc22309,Sam Ling,Sam Ling,eng ENG,DF,Dagenham & Redbridge,27,1996,13,8,679,7.5,0,1,1,0,0,0,0,0,0.00,0.13,0.13,0.00,0.13,Matches,,,,,,,,,,,,,,,,,,,,,,,,,,National League,2024-2025
8af4ec0b,Regan Linney,Regan Linney,eng ENG,"FW,MF",Altrincham,27,1997,42,36,"3,077",34.2,23,7,30,18,5,5,9,0,0.67,0.20,0.88,0.53,0.73,Matches,,,,,,,,,,,,,,,,,,,,,,,,,,National League,2024-2025
22c7c9cb,Kyreece Lisbie,Kyreece Lisbie,jm JAM,MF,Braintree Town,20,2003,5,5,408,4.5,1,0,1,1,0,0,2,0,0.22,0.00,0.22,0.22,0.22,Matches,,,,,,,,,,,,,,,,,,,,,,,,,,National League,2024-2025
c629112f,Kyrell Lisbie,Kyrell Lisbie,jm JAM,"MF,FW",Braintree Town,20,2003,40,30,"2,554",28.4,13,1,14,13,0,0,7,0,0.46,0.04,0.49,0.46,0.49,Matches,,,,,,,,,,,,,,,,,,,,,,,,,,National League,2024-2025
3a329bbc,Kai Lissimore,Kai Lissimore,eng ENG,MF,Tamworth,20,2003,5,0,93,1.0,0,0,0,0,0,0,1,0,0.00,0.00,0.00,0.00,0.00,Matches,,,,,,,,,,,,,,,,,,,,,,,,,,National League,2024-2025
d89bfb5b,Paris Lock,Paris Lock,eng ENG,FW,Braintree Town,19,2004,5,0,20,0.2,0,0,0,0,0,0,0,0,0.00,0.00,0.00,0.00,0.00,Matches,,,,,,,,,,,,,,,,,,,,,,,,,,National League,2024-2025
248c483c,Kevin Lokko,Kevin Lokko,eng ENG,DF,Maidenhead United,28,1995,27,26,"2,276",25.3,4,1,5,4,0,0,4,1,0.16,0.04,0.20,0.16,0.20,Matches,,,,,,,,,,,,,,,,,,,,,,,,,,National League,2024-2025
2b179a40,Adam Long,Adam Long,eng ENG,DF,Fylde,23,2000,18,15,"1,346",15.0,1,1,2,1,0,0,2,0,0.07,0.07,0.13,0.07,0.13,Matches,,,,,,,,,,,,,,,,,,,,,,,,,,National League,2024-2025
ebfab2ea,Sean Long,Sean Long,ie IRL,DF,Forest Green Rovers,29,1995,37,32,"2,746",30.5,0,0,0,0,0,0,9,1,0.00,0.00,0.00,0.00,0.00,Matches,,,,,,,,,,,,,,,,,,,,,,,,,,National League,2024-2025
55572f89,Aaron Loupalo-Bi,Aaron Loupalo-Bi,eng ENG,FW,Dagenham & Redbridge,18,2005,20,12,"1,060",11.8,1,1,2,1,0,0,0,0,0.08,0.08,0.17,0.08,0.17,Matches,,,,,,,,,,,,,,,,,,,,,,,,,,National League,2024-2025
d732d28a,Kazenga LuaLua,Kazenga LuaLua,cd COD,MF,Hartlepool United,33,1990,7,2,247,2.7,0,1,1,0,0,0,1,0,0.00,0.36,0.36,0.00,0.36,Matches,,,,,,,,,,,,,,,,,,,,,,,,,,National League,2024-2025
0466c547,Junior Luamba,Junior Luamba,eng ENG,MF,York City,21,2003,17,5,648,7.2,1,2,3,1,0,0,0,0,0.14,0.28,0.42,0.14,0.42,Matches,,,,,,,,,,,,,,,,,,,,,,,,,,National League,2024-2025
3afe2ff9,Lucas,Lucas,br BRA,GK,Braintree Town,33,1991,23,23,"2,070",23.0,0,0,0,0,0,0,0,0,0.00,0.00,0.00,0.00,0.00,Matches,,,,,,,,6,26.1,23,23,32,1.39,12,"2,070",2,2,0,0.0,0,,,,5,6,National League,2024-2025
3afe2ff9,Lucas,Lucas,br BRA,GK,Braintree Town,33,1991,23,23,"2,070",23.0,0,0,0,0,0,0,0,0,0.00,0.00,0.00,0.00,0.00,Matches,,,,,,,,0,0.0,1,1,2,2.00,1,90,1,1,0,0.0,0,,,,0,0,National League,2024-2025
3afe2ff9,Lucas,Lucas,br BRA,GK,Braintree Town,33,1991,23,23,"2,070",23.0,0,0,0,0,0,0,0,0,0.00,0.00,0.00,0.00,0.00,Matches,,,,,,,,6,26.1,23,23,32,1.39,12,"2,070",2,2,0,0.0,0,,,,5,6,National League,2024-2025
3afe2ff9,Lucas,Lucas,br BRA,GK,Braintree Town,33,1991,23,23,"2,070",23.0,0,0,0,0,0,0,0,0,0.00,0.00,0.00,0.00,0.00,Matches,,,,,,,,0,0.0,1,1,2,2.00,1,90,1,1,0,0.0,0,,,,0,0,National League,2024-2025
3afe2ff9,Lucas,Lucas,br BRA,GK,Ebbsfleet United,33,1991,1,1,90,1.0,0,0,0,0,0,0,0,0,0.00,0.00,0.00,0.00,0.00,Matches,,,,,,,,6,26.1,23,23,32,1.39,12,"2,070",2,2,0,0.0,0,,,,5,6,National League,2024-2025
3afe2ff9,Lucas,Lucas,br BRA,GK,Ebbsfleet United,33,1991,1,1,90,1.0,0,0,0,0,0,0,0,0,0.00,0.00,0.00,0.00,0.00,Matches,,,,,,,,0,0.0,1,1,2,2.00,1,90,1,1,0,0.0,0,,,,0,0,National League,2024-2025
3afe2ff9,Lucas,Lucas,br BRA,GK,Ebbsfleet United,33,1991,1,1,90,1.0,0,0,0,0,0,0,0,0,0.00,0.00,0.00,0.00,0.00,Matches,,,,,,,,6,26.1,23,23,32,1.39,12,"2,070",2,2,0,0.0,0,,,,5,6,National League,2024-2025
3afe2ff9,Lucas,Lucas,br BRA,GK,Ebbsfleet United,33,1991,1,1,90,1.0,0,0,0,0,0,0,0,0,0.00,0.00,0.00,0.00,0.00,Matches,,,,,,,,0,0.0,1,1,2,2.00,1,90,1,1,0,0.0,0,,,,0,0,National League,2024-2025
62156ac0,Josh Lundstram,Josh Lundstram,eng ENG,"MF,FW",Oldham Athletic,25,1999,37,28,"2,326",25.8,5,2,7,5,0,0,1,0,0.19,0.08,0.27,0.19,0.27,Matches,,,,,,,,,,,,,,,,,,,,,,,,,,National League,2024-2025
6c4a7247,Lennon MacLorg,Lennon MacLorg,eng ENG,GK,Braintree Town,18,2005,1,1,90,1.0,0,0,0,0,0,0,0,0,0.00,0.00,0.00,0.00,0.00,Matches,,,,,,,,0,0.0,1,1,2,2.00,1,90,1,1,0,0.0,0,,,,0,0,National League,2024-2025
ff97076d,Jacob Maddox,Jacob Maddox,eng ENG,"MF,FW",Yeovil Town,25,1998,5,2,129,1.4,0,0,0,0,0,0,0,0,0.00,0.00,0.00,0.00,0.00,Matches,,,,,,,,,,,,,,,,,,,,,,,,,,National League,2024-2025
e3e6502a,Gary Madine,Gary Madine,eng ENG,FW,Hartlepool United,33,1990,29,17,"1,426",15.8,7,1,8,7,0,0,1,0,0.44,0.06,0.50,0.44,0.50,Matches,,,,,,,,,,,,,,,,,,,,,,,,,,National League,2024-2025
0d824513,Christian Maghoma,Christian Maghoma,cd COD,"DF,MF",Aldershot Town,26,1997,23,21,"1,888",21.0,0,2,2,0,0,0,5,0,0.00,0.10,0.10,0.00,0.10,Matches,,,,,,,,,,,,,,,,,,,,,,,,,,National League,2024-2025
f5a71789,Chris Maguire,Chris Maguire,sct SCO,"FW,MF",Eastleigh,35,1989,42,24,"2,416",26.8,8,0,8,5,3,5,7,0,0.30,0.00,0.30,0.19,0.19,Matches,,,,,,,,,,,,,,,,,,,,,,,,,,National League,2024-2025
3e5bd5e0,Frankie Maguire,Frankie Maguire,eng ENG,MF,Boston United,21,2003,37,30,"2,472",27.5,5,4,9,5,0,0,4,0,0.18,0.15,0.33,0.18,0.33,Matches,,,,,,,,,,,,,,,,,,,,,,,,,,National League,2024-2025
419bc22a,Niall Maher,Niall Maher,eng ENG,DF,Eastleigh,29,1995,36,35,"3,038",33.8,3,0,3,3,0,0,6,0,0.09,0.00,0.09,0.09,0.09,Matches,,,,,,,,,,,,,,,,,,,,,,,,,,National League,2024-2025
2f4692d1,Ronan Maher,Ronan Maher,ie IRL,MF,Tamworth,19,2004,13,10,824,9.2,2,2,4,2,0,0,1,0,0.22,0.22,0.44,0.22,0.44,Matches,,,,,,,,,,,,,,,,,,,,,,,,,,National League,2024-2025
26bc03a2,Trent Mahorn,Trent Mahorn,eng ENG,"DF,MF",Dagenham & Redbridge,22,2001,33,19,"1,917",21.3,0,1,1,0,0,0,9,0,0.00,0.05,0.05,0.00,0.05,Matches,,,,,,,,,,,,,,,,,,,,,,,,,,National League,2024-2025
d4badd4f,Emmanuel Maja-Awesu,Emmanuel Maja-Awesu,eng ENG,MF,Aldershot Town,23,2001,9,1,252,2.8,0,0,0,0,0,0,1,0,0.00,0.00,0.00,0.00,0.00,Matches,,,,,,,,,,,,,,,,,,,,,,,,,,National League,2024-2025
4090b0e9,Jovan Malcolm,Jovan Malcolm,eng ENG,"FW,MF",Gateshead,21,2002,37,21,"2,063",22.9,9,1,10,9,0,0,2,0,0.39,0.04,0.44,0.39,0.44,Matches,,,,,,,,,,,,,,,,,,,,,,,,,,National League,2024-2025
1573da4d,Harrison Male,Harrison Male,eng ENG,GK,York City,23,2000,41,41,"3,620",40.2,0,1,1,0,0,0,4,0,0.00,0.02,0.02,0.00,0.02,Matches,,,,,,,,19,46.3,41,41,34,0.85,7,"3,620",1,3,0,66.7,2,,,,7,27,National League,2024-2025
ac65c20c,Maxx Manktelow,Maxx Manktelow,,"DF,FW",Ebbsfleet United,,,25,7,953,10.6,1,1,2,1,0,0,3,0,0.09,0.09,0.19,0.09,0.19,Matches,,,,,,,,,,,,,,,,,,,,,,,,,,National League,2024-2025
8aa5f52c,Adrian Mariappa,Adrian Mariappa,jm JAM,DF,Wealdstone FC,37,1986,41,33,"3,081",34.2,0,0,0,0,0,0,9,1,0.00,0.00,0.00,0.00,0.00,Matches,,,,,,,,,,,,,,,,,,,,,,,,,,National League,2024-2025
cfaf78a0,Adam Marriott,Adam Marriott,eng ENG,FW,Boston United,33,1991,29,1,483,5.4,2,0,2,2,0,0,0,0,0.37,0.00,0.37,0.37,0.37,Matches,,,,,,,,,,,,,,,,,,,,,,,,,,National League,2024-2025
c9fdd637,Isaac Marriott,Isaac Marriott,eng ENG,MF,Altrincham,24,1999,18,12,974,10.8,1,0,1,1,0,0,5,0,0.09,0.00,0.09,0.09,0.09,Matches,,,,,,,,,,,,,,,,,,,,,,,,,,National League,2024-2025
4862e1cb,Marley Marshall-Miranda,Marley Marshall-Miranda,eng ENG,"MF,DF",Braintree Town,21,2002,31,27,"2,231",24.8,1,0,1,1,0,0,16,1,0.04,0.00,0.04,0.04,0.04,Matches,,,,,,,,,,,,,,,,,,,,,,,,,,National League,2024-2025
1415840f,Brandon Mason,Brandon Mason,eng ENG,"MF,DF",Wealdstone FC,26,1997,7,4,396,4.4,0,0,0,0,0,0,3,0,0.00,0.00,0.00,0.00,0.00,Matches,,,,,,,,,,,,,,,,,,,,,,,,,,National League,2024-2025
d160dba6,Owen Mason,Owen Mason,ie IRL,GK,Gateshead,20,2004,11,11,990,11.0,0,0,0,0,0,0,0,0,0.00,0.00,0.00,0.00,0.00,Matches,,,,,,,,3,27.3,11,11,14,1.27,3,990,0,0,0,,0,,,,4,4,National League,2024-2025
e0edd746,Alan Massey,Alan Massey,eng ENG,DF,Maidenhead United,35,1989,21,13,"1,311",14.6,0,0,0,0,0,0,2,1,0.00,0.00,0.00,0.00,0.00,Matches,,,,,,,,,,,,,,,,,,,,,,,,,,National League,2024-2025
2d20498b,Gavin Massey,Gavin Massey,eng ENG,"MF,FW",Fylde,31,1992,38,25,"2,228",24.8,6,2,8,6,0,1,8,0,0.24,0.08,0.32,0.24,0.32,Matches,,,,,,,,,,,,,,,,,,,,,,,,,,National League,2024-2025
c036048e,Roshaun Mathurin,Roshaun Mathurin,eng ENG,"MF,FW",Hartlepool United,20,2004,9,3,297,3.3,0,1,1,0,0,0,0,0,0.00,0.30,0.30,0.00,0.30,Matches,,,,,,,,,,,,,,,,,,,,,,,,,,National League,2024-2025
412bed19,Archie Matthews,Archie Matthews,eng ENG,GK,Wealdstone FC,22,2001,9,9,741,8.2,0,0,0,0,0,0,0,0,0.00,0.00,0.00,0.00,0.00,Matches,,,,,,,,1,11.1,9,9,11,1.34,5,741,1,1,0,0.0,0,,,,3,1,National League,2024-2025
04f6724d,Adam May,Adam May,eng ENG,MF,Forest Green Rovers,26,1997,46,46,"4,090",45.4,2,3,5,2,0,0,5,0,0.04,0.07,0.11,0.04,0.11,Matches,,,,,,,,,,,,,,,,,,,,,,,,,,National League,2024-2025
0048e432,Jokubas Mazionis,Jokubas Mazionis,lt LTU,DF,Woking,18,2006,6,6,540,6.0,0,0,0,0,0,0,1,0,0.00,0.00,0.00,0.00,0.00,Matches,,,,,,,,,,,,,,,,,,,,,,,,,,National League,2024-2025
206d1f48,Kyle McAllister,Kyle McAllister,sct SCO,"MF,FW",Forest Green Rovers,25,1999,44,39,"3,446",38.3,10,7,17,9,1,1,5,0,0.26,0.18,0.44,0.24,0.42,Matches,,,,,,,,,,,,,,,,,,,,,,,,,,National League,2024-2025
cfdd6846,Connor McAvoy,Connor McAvoy,sct SCO,DF,Wealdstone FC,22,2002,16,13,"1,174",13.0,0,0,0,0,0,0,4,0,0.00,0.00,0.00,0.00,0.00,Matches,,,,,,,,,,,,,,,,,,,,,,,,,,National League,2024-2025
4d600d04,Connor McBride,Connor McBride,sct SCO,"FW,MF",Rochdale,23,2001,31,19,"1,712",19.0,4,2,6,4,0,0,1,0,0.21,0.11,0.32,0.21,0.32,Matches,,,,,,,,,,,,,,,,,,,,,,,,,,National League,2024-2025
fc3a96ed,Paul McCallum,Paul McCallum,eng ENG,FW,Eastleigh,31,1993,35,26,"2,326",25.8,9,3,12,7,2,2,10,0,0.35,0.12,0.46,0.27,0.39,Matches,,,,,,,,,,,,,,,,,,,,,,,,,,National League,2024-2025
187650d5,Charlie McCann,Charlie McCann,nir NIR,MF,Forest Green Rovers,22,2002,38,35,"3,109",34.5,11,4,15,11,0,0,8,0,0.32,0.12,0.43,0.32,0.43,Matches,,,,,,,,,,,,,,,,,,,,,,,,,,National League,2024-2025
edd9f53f,Luke McCormick,Luke McCormick,eng ENG,MF,Forest Green Rovers,25,1999,5,1,162,1.8,0,0,0,0,0,0,0,0,0.00,0.00,0.00,0.00,0.00,Matches,,,,,,,,,,,,,,,,,,,,,,,,,,National League,2024-2025
ad0b4e96,Shawn McCoulsky,Shawn McCoulsky,eng ENG,FW,Maidenhead United,27,1997,44,36,"3,307",36.7,16,2,18,14,2,2,6,0,0.44,0.05,0.49,0.38,0.44,Matches,,,,,,,,,,,,,,,,,,,,,,,,,,National League,2024-2025
11afa85e,Wesley McDonald,Wesley McDonald,eng ENG,"FW,MF",Eastleigh,27,1997,6,0,123,1.4,0,0,0,0,0,0,1,0,0.00,0.00,0.00,0.00,0.00,Matches,,,,,,,,,,,,,,,,,,,,,,,,,,National League,2024-2025
2739f08a,Joe McDonnell,Joe McDonnell,eng ENG,GK,Eastleigh,30,1994,46,46,"4,140",46.0,0,1,1,0,0,0,4,0,0.00,0.02,0.02,0.00,0.02,Matches,,,,,,,,12,26.1,46,46,61,1.33,15,"4,140",4,4,0,0.0,0,,,,17,14,National League,2024-2025
3ad76a60,Callum McFarlane,Callum McFarlane,eng ENG,"FW,MF",Wealdstone FC,20,2003,8,6,634,7.0,3,0,3,3,0,0,0,0,0.43,0.00,0.43,0.43,0.43,Matches,,,,,,,,,,,,,,,,,,,,,,,,,,National League,2024-2025
86a3eb1a,Lincoln McFayden,Lincoln McFayden,eng ENG,"DF,MF",Fylde,22,2002,31,23,"2,179",24.2,2,2,4,2,0,0,2,0,0.08,0.08,0.17,0.08,0.17,Matches,,,,,,,,,,,,,,,,,,,,,,,,,,National League,2024-2025
f0094deb,Brett McGavin,Brett McGavin,eng ENG,MF,Yeovil Town,24,1999,39,35,"2,991",33.2,7,3,10,7,0,1,3,0,0.21,0.09,0.30,0.21,0.30,Matches,,,,,,,,,,,,,,,,,,,,,,,,,,National League,2024-2025
e00a1edd,Tom McGlinchey,Tom McGlinchey,eng ENG,MF,Tamworth,27,1996,42,35,"2,968",33.0,10,2,12,10,0,0,2,0,0.30,0.06,0.36,0.30,0.36,Matches,,,,,,,,,,,,,,,,,,,,,,,,,,National League,2024-2025
78397afe,Will McGowan,Will McGowan,eng ENG,"MF,FW",Gateshead,21,2002,15,10,863,9.6,0,2,2,0,0,0,0,0,0.00,0.21,0.21,0.00,0.21,Matches,,,,,,,,,,,,,,,,,,,,,,,,,,National League,2024-2025
aa583204,Ciaran McGuckin,Ciaran McGuckin,nir NIR,"FW,MF",Yeovil Town,20,2003,26,20,"1,636",18.2,4,4,8,4,0,0,1,0,0.22,0.22,0.44,0.22,0.44,Matches,,,,,,,,,,,,,,,,,,,,,,,,,,National League,2024-2025
33cbe5b9,Sean McGurk,Sean McGurk,eng ENG,"FW,MF",Yeovil Town,21,2003,10,7,563,6.3,2,0,2,2,0,0,0,0,0.32,0.00,0.32,0.32,0.32,Matches,,,,,,,,,,,,,,,,,,,,,,,,,,National League,2024-2025
303fbb6c,Patrick McLaughlin,Patrick McLaughlin,nir NIR,"DF,MF",York City,33,1991,6,0,23,0.3,0,0,0,0,0,0,0,0,0.00,0.00,0.00,0.00,0.00,Matches,,,,,,,,,,,,,,,,,,,,,,,,,,National League,2024-2025
716138a2,Ryan McLean,Ryan McLean,eng ENG,MF,Yeovil Town,24,2000,7,2,253,2.8,0,0,0,0,0,0,0,0,0.00,0.00,0.00,0.00,0.00,Matches,,,,,,,,,,,,,,,,,,,,,,,,,,National League,2024-2025
ebd043b1,Luke McNicholas,Luke McNicholas,ie IRL,GK,Rochdale,24,2000,9,9,810,9.0,0,0,0,0,0,0,0,0,0.00,0.00,0.00,0.00,0.00,Matches,,,,,,,,6,66.7,9,9,3,0.33,1,810,0,0,0,,0,,,,2,6,National League,2024-2025
185b59e9,Cameron McPherson,Cameron McPherson,,,Braintree Town,,,1,0,1,0.0,0,0,0,0,0,0,0,0,0.00,0.00,0.00,0.00,0.00,Matches,,,,,,,,,,,,,,,,,,,,,,,,,,National League,2024-2025
104e9490,Rollin Menayese,Rollin Menayese,wls WAL,"DF,MF",Aldershot Town,26,1997,12,10,"1,005",11.2,0,0,0,0,0,0,4,0,0.00,0.00,0.00,0.00,0.00,Matches,,,,,,,,,,,,,,,,,,,,,,,,,,National League,2024-2025
769e0887,Cavanagh Miley,Cavanagh Miley,eng ENG,MF,Southend United,29,1995,25,12,"1,139",12.7,0,0,0,0,0,0,8,1,0.00,0.00,0.00,0.00,0.00,Matches,,,,,,,,,,,,,,,,,,,,,,,,,,National League,2024-2025
86bef93d,Jamie Miley,Jamie Miley,eng ENG,MF,Hartlepool United,20,2004,16,13,"1,068",11.9,2,2,4,2,0,0,6,0,0.17,0.17,0.34,0.17,0.34,Matches,,,,,,,,,,,,,,,,,,,,,,,,,,National League,2024-2025
a3d04dc8,Todd Miller,Todd Miller,eng ENG,MF,Wealdstone FC,21,2002,3,0,38,0.4,0,0,0,0,0,0,0,0,0.00,0.00,0.00,0.00,0.00,Matches,,,,,,,,,,,,,,,,,,,,,,,,,,National League,2024-2025
7ba9f8ee,Zak Mills,Zak Mills,eng ENG,DF,Boston United,32,1992,39,39,"3,489",38.8,6,1,7,6,0,0,9,0,0.15,0.03,0.18,0.15,0.18,Matches,,,,,,,,,,,,,,,,,,,,,,,,,,National League,2024-2025
68195034,Carter Milmore,Carter Milmore,eng ENG,DF,Gateshead,18,2005,1,0,5,0.1,0,0,0,0,0,0,0,0,0.00,0.00,0.00,0.00,0.00,Matches,,,,,,,,,,,,,,,,,,,,,,,,,,National League,2024-2025
60f801e7,Ben Milnes,Ben Milnes,eng ENG,MF,Tamworth,32,1991,28,23,"1,707",19.0,2,2,4,1,1,1,8,0,0.11,0.11,0.21,0.05,0.16,Matches,,,,,,,,,,,,,,,,,,,,,,,,,,National League,2024-2025
cefd1350,Ethan Mitchell,Ethan Mitchell,eng ENG,MF,Fylde,21,2002,40,39,"3,445",38.3,1,2,3,1,0,0,14,0,0.03,0.05,0.08,0.03,0.08,Matches,,,,,,,,,,,,,,,,,,,,,,,,,,National League,2024-2025
6ff4e8e9,Kairo Mitchell,Kairo Mitchell,gd GRN,FW,Rochdale,26,1997,44,35,"3,117",34.6,14,4,18,13,1,1,8,0,0.40,0.12,0.52,0.38,0.49,Matches,,,,,,,,,,,,,,,,,,,,,,,,,,National League,2024-2025
eb5efdc7,Jayden Mitchell-Lawson,Jayden Mitchell-Lawson,eng ENG,MF,Maidenhead United,24,1999,11,11,870,9.7,0,1,1,0,0,0,2,0,0.00,0.10,0.10,0.00,0.10,Matches,,,,,,,,,,,,,,,,,,,,,,,,,,National League,2024-2025
14a7d8e3,George Moncur,George Moncur,eng ENG,"MF,FW",Southend United,30,1993,14,12,969,10.8,0,1,1,0,0,0,1,0,0.00,0.09,0.09,0.00,0.09,Matches,,,,,,,,,,,,,,,,,,,,,,,,,,National League,2024-2025
14a7d8e3,George Moncur,George Moncur,eng ENG,"MF,FW",Southend United,30,1993,14,12,969,10.8,0,1,1,0,0,0,1,0,0.00,0.09,0.09,0.00,0.09,Matches,,,,,,,,,,,,,,,,,,,,,,,,,,National League,2024-2025
14a7d8e3,George Moncur,George Moncur,eng ENG,"MF,FW",Ebbsfleet United,30,1993,21,21,"1,701",18.9,3,3,6,3,0,0,0,0,0.16,0.16,0.32,0.16,0.32,Matches,,,,,,,,,,,,,,,,,,,,,,,,,,National League,2024-2025
14a7d8e3,George Moncur,George Moncur,eng ENG,"MF,FW",Ebbsfleet United,30,1993,21,21,"1,701",18.9,3,3,6,3,0,0,0,0,0.16,0.16,0.32,0.16,0.32,Matches,,,,,,,,,,,,,,,,,,,,,,,,,,National League,2024-2025
c256ceeb,Manny Monthe,Manny Monthe,cm CMR,DF,Oldham Athletic,29,1995,27,27,"2,429",27.0,4,1,5,4,0,0,5,0,0.15,0.04,0.19,0.15,0.19,Matches,,,,,,,,,,,,,,,,,,,,,,,,,,National League,2024-2025
fb36a33a,Daniel Mooney,Daniel Mooney,wls WAL,"FW,MF",Boston United,25,1999,13,6,515,5.7,0,0,0,0,0,1,1,0,0.00,0.00,0.00,0.00,0.00,Matches,,,,,,,,,,,,,,,,,,,,,,,,,,National League,2024-2025
42a272a4,Deon Moore,Deon Moore,gy GUY,"FW,MF",Woking,25,1999,10,7,531,5.9,0,1,1,0,0,0,1,0,0.00,0.17,0.17,0.00,0.17,Matches,,,,,,,,,,,,,,,,,,,,,,,,,,National League,2024-2025
306501b7,Jack Moore,Jack Moore,eng ENG,DF,Tamworth,20,2003,1,0,1,0.0,0,0,0,0,0,0,0,0,0.00,0.00,0.00,0.00,0.00,Matches,,,,,,,,,,,,,,,,,,,,,,,,,,National League,2024-2025
34623941,Jordan Moore-Taylor,Jordan Moore-Taylor,eng ENG,"DF,MF",Forest Green Rovers,30,1994,23,19,"1,672",18.6,1,0,1,1,0,0,2,0,0.05,0.00,0.05,0.05,0.05,Matches,,,,,,,,,,,,,,,,,,,,,,,,,,National League,2024-2025
4d09edf2,Dylan Morgan,Dylan Morgan,eng ENG,"MF,FW",Yeovil Town,21,2002,11,5,439,4.9,0,1,1,0,0,0,0,0,0.00,0.21,0.21,0.00,0.21,Matches,,,,,,,,,,,,,,,,,,,,,,,,,,National League,2024-2025
31eec725,Junior Morias,Junior Morias,eng ENG,MF,Woking,29,1995,7,3,338,3.8,2,0,2,2,0,0,0,0,0.53,0.00,0.53,0.53,0.53,Matches,,,,,,,,,,,,,,,,,,,,,,,,,,National League,2024-2025
31eec725,Junior Morias,Junior Morias,eng ENG,MF,Woking,29,1995,7,3,338,3.8,2,0,2,2,0,0,0,0,0.53,0.00,0.53,0.53,0.53,Matches,,,,,,,,,,,,,,,,,,,,,,,,,,National League,2024-2025
31eec725,Junior Morias,Junior Morias,eng ENG,"MF,FW",Dagenham & Redbridge,29,1995,19,19,"1,554",17.3,6,3,9,6,0,0,2,0,0.35,0.17,0.52,0.35,0.52,Matches,,,,,,,,,,,,,,,,,,,,,,,,,,National League,2024-2025
31eec725,Junior Morias,Junior Morias,eng ENG,"MF,FW",Dagenham & Redbridge,29,1995,19,19,"1,554",17.3,6,3,9,6,0,0,2,0,0.35,0.17,0.52,0.35,0.52,Matches,,,,,,,,,,,,,,,,,,,,,,,,,,National League,2024-2025
739b93fc,George Morrison,George Morrison,sct SCO,MF,Tamworth,18,2005,34,32,"2,772",30.8,0,2,2,0,0,0,9,0,0.00,0.06,0.06,0.00,0.06,Matches,,,,,,,,,,,,,,,,,,,,,,,,,,National League,2024-2025
06516c01,Kyle Morrison,Kyle Morrison,eng ENG,DF,Solihull Moors,28,1996,11,5,598,6.6,0,0,0,0,0,0,1,0,0.00,0.00,0.00,0.00,0.00,Matches,,,,,,,,,,,,,,,,,,,,,,,,,,National League,2024-2025
c6d70d1e,James Morton,James Morton,eng ENG,MF,Southend United,24,1999,43,32,"2,835",31.5,0,4,4,0,0,0,3,0,0.00,0.13,0.13,0.00,0.13,Matches,,,,,,,,,,,,,,,,,,,,,,,,,,National League,2024-2025
5069526f,Daniel Moss,Daniel Moss,eng ENG,"MF,DF",Woking,23,2000,27,25,"2,136",23.7,3,0,3,3,0,0,9,0,0.13,0.00,0.13,0.13,0.13,Matches,,,,,,,,,,,,,,,,,,,,,,,,,,National League,2024-2025
96a74d40,Harry Moss,Harry Moss,eng ENG,GK,Gateshead,20,2004,3,3,270,3.0,0,0,0,0,0,0,0,0,0.00,0.00,0.00,0.00,0.00,Matches,,,,,,,,1,33.3,3,3,5,1.67,2,270,0,0,0,,0,,,,0,1,National League,2024-2025
927eecf9,Fabian Mrozek,Fabian Mrozek,pl POL,GK,Forest Green Rovers,20,2003,11,11,990,11.0,0,0,0,0,0,0,1,0,0.00,0.00,0.00,0.00,0.00,Matches,,,,,,,,3,27.3,11,11,13,1.18,3,990,1,1,0,0.0,0,,,,4,4,National League,2024-2025
78549571,Hayden Muller,Hayden Muller,eng ENG,"DF,MF",Sutton United,22,2002,26,21,"1,839",20.4,0,0,0,0,0,0,4,0,0.00,0.00,0.00,0.00,0.00,Matches,,,,,,,,,,,,,,,,,,,,,,,,,,National League,2024-2025
df5e7b4b,Maxwell Mullins,Maxwell Mullins,eng ENG,"DF,MF",Aldershot Town,21,2002,32,5,675,7.5,1,2,3,1,0,0,3,0,0.13,0.27,0.40,0.13,0.40,Matches,,,,,,,,,,,,,,,,,,,,,,,,,,National League,2024-2025
adc4a193,Jaydn Mundle-Smith,Jaydn Mundle-Smith,eng ENG,DF,Wealdstone FC,24,1999,17,15,"1,385",15.4,0,5,5,0,0,0,3,1,0.00,0.32,0.32,0.00,0.32,Matches,,,,,,,,,,,,,,,,,,,,,,,,,,National League,2024-2025
bbeae2d9,Christian N'Guessan,Christian N'Guessan,eng ENG,MF,Dagenham & Redbridge,25,1998,40,33,"2,829",31.4,1,1,2,1,0,0,6,0,0.03,0.03,0.06,0.03,0.06,Matches,,,,,,,,,,,,,,,,,,,,,,,,,,National League,2024-2025
ba39248a,Ashley Nadesan,Ashley Nadesan,eng ENG,"FW,MF",Sutton United,29,1994,43,28,"2,863",31.8,8,7,15,8,0,0,8,0,0.25,0.22,0.47,0.25,0.47,Matches,,,,,,,,,,,,,,,,,,,,,,,,,,National League,2024-2025
de6cafb8,Richard Nartey,Richard Nartey,eng ENG,DF,Barnet,25,1998,2,0,52,0.6,0,0,0,0,0,0,0,0,0.00,0.00,0.00,0.00,0.00,Matches,,,,,,,,,,,,,,,,,,,,,,,,,,National League,2024-2025
2c5dbbac,Ashley Nathaniel-George,Ashley Nathaniel-George,ag ATG,"MF,FW",York City,29,1995,36,24,"1,992",22.1,6,2,8,6,0,0,6,1,0.27,0.09,0.36,0.27,0.36,Matches,,,,,,,,,,,,,,,,,,,,,,,,,,National League,2024-2025
4e77bd1d,Lee Ndlovu,Lee Ndlovu,zw ZIM,FW,Barnet,29,1994,20,17,"1,418",15.8,6,1,7,6,0,0,1,0,0.38,0.06,0.44,0.38,0.44,Matches,,,,,,,,,,,,,,,,,,,,,,,,,,National League,2024-2025
9f297afa,Alex Newby,Alex Newby,eng ENG,MF,Altrincham,28,1995,44,42,"3,519",39.1,15,9,24,15,0,0,4,0,0.38,0.23,0.61,0.38,0.61,Matches,,,,,,,,,,,,,,,,,,,,,,,,,,National League,2024-2025
1ef3c3e9,Joe Newton,Joe Newton,eng ENG,"DF,MF",Solihull Moors,23,2001,40,36,"3,273",36.4,0,3,3,0,0,0,7,0,0.00,0.08,0.08,0.00,0.08,Matches,,,,,,,,,,,,,,,,,,,,,,,,,,National League,2024-2025
e0aef7b7,Tyrelle Newton,Tyrelle Newton,eng ENG,"FW,MF",Gateshead,19,2005,34,20,"1,957",21.7,4,1,5,4,0,0,5,0,0.18,0.05,0.23,0.18,0.23,Matches,,,,,,,,,,,,,,,,,,,,,,,,,,National League,2024-2025
c2737cf0,Brad Nicholson,Brad Nicholson,eng ENG,DF,Boston United,25,1998,19,17,"1,597",17.7,0,4,4,0,0,0,3,0,0.00,0.23,0.23,0.00,0.23,Matches,,,,,,,,,,,,,,,,,,,,,,,,,,National League,2024-2025
4b9a2c96,Daniel Nkrumah,Daniel Nkrumah,eng ENG,FW,FC Halifax Town,20,2003,6,4,321,3.6,0,0,0,0,0,0,1,0,0.00,0.00,0.00,0.00,0.00,Matches,,,,,,,,,,,,,,,,,,,,,,,,,,National League,2024-2025
f01b35ea,James Norwood,James Norwood,eng ENG,"FW,MF",Oldham Athletic,33,1990,25,14,"1,261",14.0,8,2,10,7,1,1,5,0,0.57,0.14,0.71,0.50,0.64,Matches,,,,,,,,,,,,,,,,,,,,,,,,,,National League,2024-2025
0a8e46da,Frank Nouble,Frank Nouble,eng ENG,FW,Gateshead,32,1991,7,3,299,3.3,0,0,0,0,0,0,1,0,0.00,0.00,0.00,0.00,0.00,Matches,,,,,,,,,,,,,,,,,,,,,,,,,,National League,2024-2025
0a8e46da,Frank Nouble,Frank Nouble,eng ENG,FW,Gateshead,32,1991,7,3,299,3.3,0,0,0,0,0,0,1,0,0.00,0.00,0.00,0.00,0.00,Matches,,,,,,,,,,,,,,,,,,,,,,,,,,National League,2024-2025
0a8e46da,Frank Nouble,Frank Nouble,eng ENG,"FW,MF",Yeovil Town,32,1991,36,25,"2,459",27.3,3,3,6,3,0,0,4,0,0.11,0.11,0.22,0.11,0.22,Matches,,,,,,,,,,,,,,,,,,,,,,,,,,National League,2024-2025
0a8e46da,Frank Nouble,Frank Nouble,eng ENG,"FW,MF",Yeovil Town,32,1991,36,25,"2,459",27.3,3,3,6,3,0,0,4,0,0.11,0.11,0.22,0.11,0.22,Matches,,,,,,,,,,,,,,,,,,,,,,,,,,National League,2024-2025
fd357b13,Joe Nuttall,Joe Nuttall,eng ENG,"FW,MF",Altrincham,27,1997,26,13,"1,307",14.5,4,1,5,4,0,0,3,0,0.28,0.07,0.34,0.28,0.34,Matches,,,,,,,,,,,,,,,,,,,,,,,,,,National League,2024-2025
3dcb23a4,Solomon Nwabuokei,Solomon Nwabuokei,eng ENG,MF,Eastleigh,28,1996,4,3,315,3.5,0,0,0,0,0,0,2,0,0.00,0.00,0.00,0.00,0.00,Matches,,,,,,,,,,,,,,,,,,,,,,,,,,National League,2024-2025
c5cc1b13,Aiden O'Brien,Aiden O'Brien,ie IRL,MF,Woking,30,1993,9,7,556,6.2,3,0,3,3,0,0,2,0,0.49,0.00,0.49,0.49,0.49,Matches,,,,,,,,,,,,,,,,,,,,,,,,,,National League,2024-2025
868305ff,Darragh O'Connor,Darragh O'Connor,ie IRL,DF,York City,24,1999,4,2,190,2.1,0,0,0,0,0,0,1,0,0.00,0.00,0.00,0.00,0.00,Matches,,,,,,,,,,,,,,,,,,,,,,,,,,National League,2024-2025
0d6c3433,Taelor O'Kane,Taelor O'Kane,eng ENG,MF,Fylde,18,2005,20,6,707,7.9,0,1,1,0,0,0,1,0,0.00,0.13,0.13,0.00,0.13,Matches,,,,,,,,,,,,,,,,,,,,,,,,,,National League,2024-2025
0b8720ce,Luke O'Neill,Luke O'Neill,eng ENG,DF,Ebbsfleet United,32,1991,22,21,"1,654",18.4,0,0,0,0,0,0,1,0,0.00,0.00,0.00,0.00,0.00,Matches,,,,,,,,,,,,,,,,,,,,,,,,,,National League,2024-2025
114ef345,Marcel Oakley,Marcel Oakley,eng ENG,"DF,MF",Solihull Moors,21,2002,29,27,"2,294",25.5,1,1,2,1,0,0,6,0,0.04,0.04,0.08,0.04,0.08,Matches,,,,,,,,,,,,,,,,,,,,,,,,,,National League,2024-2025
abfea42c,Emeka Obi,Emeka Obi,ng NGA,DF,Fylde,23,2001,22,14,"1,340",14.9,0,0,0,0,0,0,3,0,0.00,0.00,0.00,0.00,0.00,Matches,,,,,,,,,,,,,,,,,,,,,,,,,,National League,2024-2025
6d1a159d,Micah Obiero,Micah Obiero,eng ENG,"FW,MF",Wealdstone FC,23,2001,35,21,"1,919",21.3,3,1,4,3,0,0,5,0,0.14,0.05,0.19,0.14,0.19,Matches,,,,,,,,,,,,,,,,,,,,,,,,,,National League,2024-2025
067588f2,Siju Odelusi,Siju Odelusi,eng ENG,MF,Sutton United,25,1998,34,20,"1,818",20.2,3,0,3,1,2,2,4,0,0.15,0.00,0.15,0.05,0.05,Matches,,,,,,,,,,,,,,,,,,,,,,,,,,National League,2024-2025
28f92967,Nathan Odokonyero,Nathan Odokonyero,eng ENG,FW,Ebbsfleet United,21,2002,1,0,31,0.3,0,0,0,0,0,0,0,0,0.00,0.00,0.00,0.00,0.00,Matches,,,,,,,,,,,,,,,,,,,,,,,,,,National League,2024-2025
a01c4240,Oluwarotimi Odusina,Oluwarotimi Odusina,eng ENG,DF,Woking,24,1999,21,16,"1,432",15.9,0,0,0,0,0,0,4,0,0.00,0.00,0.00,0.00,0.00,Matches,,,,,,,,,,,,,,,,,,,,,,,,,,National League,2024-2025
1c9c1f51,Reagan Ogle,Reagan Ogle,eng ENG,DF,Oldham Athletic,25,1999,36,34,"2,969",33.0,1,1,2,1,0,0,5,0,0.03,0.03,0.06,0.03,0.06,Matches,,,,,,,,,,,,,,,,,,,,,,,,,,National League,2024-2025
04d7a416,Miracle Okafor,Miracle Okafor,eng ENG,FW,Tamworth,23,2001,14,1,197,2.2,0,0,0,0,0,0,0,0,0.00,0.00,0.00,0.00,0.00,Matches,,,,,,,,,,,,,,,,,,,,,,,,,,National League,2024-2025
c5fc420e,Jid Okeke,Jid Okeke,ng NGA,"MF,FW",Rochdale,19,2004,8,6,520,5.8,0,1,1,0,0,0,1,0,0.00,0.17,0.17,0.00,0.17,Matches,,,,,,,,,,,,,,,,,,,,,,,,,,National League,2024-2025
12c912e2,Jerome Okimo,Jerome Okimo,eng ENG,"DF,MF",Barnet,36,1988,11,0,141,1.6,0,0,0,0,0,0,0,0,0.00,0.00,0.00,0.00,0.00,Matches,,,,,,,,,,,,,,,,,,,,,,,,,,National League,2024-2025
3145b6e2,Chinwike Okoli,Chinwike Okoli,eng ENG,DF,Sutton United,20,2003,9,6,577,6.4,0,0,0,0,0,0,3,0,0.00,0.00,0.00,0.00,0.00,Matches,,,,,,,,,,,,,,,,,,,,,,,,,,National League,2024-2025
3145b6e2,Chinwike Okoli,Chinwike Okoli,eng ENG,DF,Sutton United,20,2003,9,6,577,6.4,0,0,0,0,0,0,3,0,0.00,0.00,0.00,0.00,0.00,Matches,,,,,,,,,,,,,,,,,,,,,,,,,,National League,2024-2025
3145b6e2,Chinwike Okoli,Chinwike Okoli,eng ENG,DF,Woking,20,2003,17,16,"1,385",15.4,1,0,1,1,0,0,4,1,0.06,0.00,0.06,0.06,0.06,Matches,,,,,,,,,,,,,,,,,,,,,,,,,,National League,2024-2025
3145b6e2,Chinwike Okoli,Chinwike Okoli,eng ENG,DF,Woking,20,2003,17,16,"1,385",15.4,1,0,1,1,0,0,4,1,0.06,0.00,0.06,0.06,0.06,Matches,,,,,,,,,,,,,,,,,,,,,,,,,,National League,2024-2025
dc1b6c68,Emmanuel Okunowo,Emmanuel Okunowo,eng ENG,MF,Braintree Town,18,2005,6,0,42,0.5,0,0,0,0,0,0,1,0,0.00,0.00,0.00,0.00,0.00,Matches,,,,,,,,,,,,,,,,,,,,,,,,,,National League,2024-2025
69db7164,Mustapha Olagunju,Mustapha Olagunju,eng ENG,DF,Ebbsfleet United,22,2002,24,24,"2,095",23.3,2,0,2,2,0,0,6,2,0.09,0.00,0.09,0.09,0.09,Matches,,,,,,,,,,,,,,,,,,,,,,,,,,National League,2024-2025
784b9507,Greg Olley,Greg Olley,eng ENG,FW,Gateshead,28,1996,2,2,86,1.0,3,0,3,3,0,0,0,0,3.14,0.00,3.14,3.14,3.14,Matches,,,,,,,,,,,,,,,,,,,,,,,,,,National League,2024-2025
7c313382,Charlie Olson,Charlie Olson,eng ENG,DF,Altrincham,19,2004,20,20,"1,613",17.9,0,0,0,0,0,0,5,0,0.00,0.00,0.00,0.00,0.00,Matches,,,,,,,,,,,,,,,,,,,,,,,,,,National League,2024-2025
73c61a18,Andrew Oluwabori,Andrew Oluwabori,ng NGA,"MF,FW",FC Halifax Town,22,2001,27,17,"1,501",16.7,6,0,6,6,0,0,3,0,0.36,0.00,0.36,0.36,0.36,Matches,,,,,,,,,,,,,,,,,,,,,,,,,,National League,2024-2025
aff0774f,Adebola Oluwo,Adebola Oluwo,eng ENG,DF,Barnet,24,1999,36,33,"2,948",32.8,6,0,6,6,0,0,5,0,0.18,0.00,0.18,0.18,0.18,Matches,,,,,,,,,,,,,,,,,,,,,,,,,,National League,2024-2025
042b285b,Joshua Oluwole,Joshua Oluwole,eng ENG,MF,Woking,25,1999,8,2,325,3.6,0,0,0,0,0,0,1,0,0.00,0.00,0.00,0.00,0.00,Matches,,,,,,,,,,,,,,,,,,,,,,,,,,National League,2024-2025
296904e8,Tobi Omole,Tobi Omole,eng ENG,DF,Wealdstone FC,24,1999,3,0,12,0.1,0,0,0,0,0,0,0,0,0.00,0.00,0.00,0.00,0.00,Matches,,,,,,,,,,,,,,,,,,,,,,,,,,National League,2024-2025
4ea75e87,Tyrese Omotoye,Tyrese Omotoye,be BEL,FW,Forest Green Rovers,21,2002,4,0,34,0.4,0,0,0,0,0,0,0,0,0.00,0.00,0.00,0.00,0.00,Matches,,,,,,,,,,,,,,,,,,,,,,,,,,National League,2024-2025
69c1a491,Manny Onariase,Manny Onariase,ng NGA,"DF,MF",Hartlepool United,27,1996,4,0,80,0.9,0,0,0,0,0,0,0,0,0.00,0.00,0.00,0.00,0.00,Matches,,,,,,,,,,,,,,,,,,,,,,,,,,National League,2024-2025
69c1a491,Manny Onariase,Manny Onariase,ng NGA,"DF,MF",Hartlepool United,27,1996,4,0,80,0.9,0,0,0,0,0,0,0,0,0.00,0.00,0.00,0.00,0.00,Matches,,,,,,,,,,,,,,,,,,,,,,,,,,National League,2024-2025
69c1a491,Manny Onariase,Manny Onariase,ng NGA,DF,Maidenhead United,27,1996,20,19,"1,720",19.1,1,0,1,1,0,0,1,0,0.05,0.00,0.05,0.05,0.05,Matches,,,,,,,,,,,,,,,,,,,,,,,,,,National League,2024-2025
69c1a491,Manny Onariase,Manny Onariase,ng NGA,DF,Maidenhead United,27,1996,20,19,"1,720",19.1,1,0,1,1,0,0,1,0,0.05,0.00,0.05,0.05,0.05,Matches,,,,,,,,,,,,,,,,,,,,,,,,,,National League,2024-2025
4fd96308,Charles Ondo,Charles Ondo,gq EQG,DF,Ebbsfleet United,20,2003,1,0,34,0.4,0,0,0,0,0,0,0,0,0.00,0.00,0.00,0.00,0.00,Matches,,,,,,,,,,,,,,,,,,,,,,,,,,National League,2024-2025
a968440b,Danny Ormerod,Danny Ormerod,eng ENG,"FW,MF",Fylde,18,2006,33,11,"1,110",12.3,1,1,2,1,0,0,3,0,0.08,0.08,0.16,0.08,0.16,Matches,,,,,,,,,,,,,,,,,,,,,,,,,,National League,2024-2025
d8819c25,Emmanuel Osadebe,Emmanuel Osadebe,ie IRL,"MF,DF",Forest Green Rovers,27,1996,41,24,"2,266",25.2,1,5,6,1,0,0,9,0,0.04,0.20,0.24,0.04,0.24,Matches,,,,,,,,,,,,,,,,,,,,,,,,,,National League,2024-2025
a50c1fe4,Elliot Osborne,Elliot Osborne,eng ENG,MF,Altrincham,28,1996,42,35,"3,067",34.1,1,3,4,1,0,0,4,0,0.03,0.09,0.12,0.03,0.12,Matches,,,,,,,,,,,,,,,,,,,,,,,,,,National League,2024-2025
6ace445f,Jamey Osborne,Jamey Osborne,eng ENG,"MF,FW",Solihull Moors,32,1992,39,37,"3,128",34.8,2,10,12,2,0,0,13,0,0.06,0.29,0.35,0.06,0.35,Matches,,,,,,,,,,,,,,,,,,,,,,,,,,National League,2024-2025
f2d2b827,Sam Osborne,Sam Osborne,eng ENG,"MF,FW",Boston United,25,1999,19,11,962,10.7,3,1,4,3,0,0,2,0,0.28,0.09,0.37,0.28,0.37,Matches,,,,,,,,,,,,,,,,,,,,,,,,,,National League,2024-2025
223156dd,Owen Oseni,Owen Oseni,ie IRL,FW,Gateshead,21,2003,24,21,"1,686",18.7,12,0,12,12,0,0,4,0,0.64,0.00,0.64,0.64,0.64,Matches,,,,,,,,,,,,,,,,,,,,,,,,,,National League,2024-2025
54d79726,Lewis Page,Lewis Page,eng ENG,"DF,MF",Ebbsfleet United,28,1996,16,15,"1,065",11.8,1,0,1,1,0,0,4,0,0.08,0.00,0.08,0.08,0.08,Matches,,,,,,,,,,,,,,,,,,,,,,,,,,National League,2024-2025
88020f05,Corey Panter,Corey Panter,eng ENG,"DF,MF",Eastleigh,23,2000,22,11,"1,110",12.3,0,0,0,0,0,0,9,0,0.00,0.00,0.00,0.00,0.00,Matches,,,,,,,,,,,,,,,,,,,,,,,,,,National League,2024-2025
87a8e452,Tom Parkes,Tom Parkes,eng ENG,"DF,MF",Hartlepool United,32,1992,41,41,"3,550",39.4,2,1,3,2,0,0,11,0,0.05,0.03,0.08,0.05,0.08,Matches,,,,,,,,,,,,,,,,,,,,,,,,,,National League,2024-2025
46dcd732,Connor Parsons,Connor Parsons,eng ENG,MF,Dagenham & Redbridge,23,2000,2,0,86,1.0,0,0,0,0,0,0,0,0,0.00,0.00,0.00,0.00,0.00,Matches,,,,,,,,,,,,,,,,,,,,,,,,,,National League,2024-2025
af41ba84,Kacper Pasiek,Kacper Pasiek,pl POL,"DF,MF",Altrincham,18,2005,7,4,416,4.6,0,0,0,0,0,0,0,0,0.00,0.00,0.00,0.00,0.00,Matches,,,,,,,,,,,,,,,,,,,,,,,,,,National League,2024-2025
e1672820,Josh Passley,Josh Passley,eng ENG,"MF,DF",Ebbsfleet United,29,1994,11,9,730,8.1,0,0,0,0,0,0,2,1,0.00,0.00,0.00,0.00,0.00,Matches,,,,,,,,,,,,,,,,,,,,,,,,,,National League,2024-2025
f3051c6f,Kai Payne,Kai Payne,eng ENG,MF,Oldham Athletic,19,2004,4,4,326,3.6,0,0,0,0,0,0,0,0,0.00,0.00,0.00,0.00,0.00,Matches,,,,,,,,,,,,,,,,,,,,,,,,,,National League,2024-2025
3490fef0,Ollie Pearce,Ollie Pearce,eng ENG,"FW,MF",York City,28,1995,45,44,"3,771",41.9,31,10,41,23,8,8,7,1,0.74,0.24,0.98,0.55,0.79,Matches,,,,,,,,,,,,,,,,,,,,,,,,,,National League,2024-2025
8ade0e46,Sam Pearson,Sam Pearson,wls WAL,MF,Yeovil Town,22,2001,12,5,615,6.8,1,4,5,1,0,0,1,0,0.15,0.59,0.73,0.15,0.73,Matches,,,,,,,,,,,,,,,,,,,,,,,,,,National League,2024-2025
b74a0f79,Matt Penney,Matt Penney,eng ENG,"DF,MF",Altrincham,26,1998,3,0,118,1.3,0,1,1,0,0,0,0,0,0.00,0.76,0.76,0.00,0.76,Matches,,,,,,,,,,,,,,,,,,,,,,,,,,National League,2024-2025
b74a0f79,Matt Penney,Matt Penney,eng ENG,"DF,MF",Altrincham,26,1998,3,0,118,1.3,0,1,1,0,0,0,0,0,0.00,0.76,0.76,0.00,0.76,Matches,,,,,,,,,,,,,,,,,,,,,,,,,,National League,2024-2025
b74a0f79,Matt Penney,Matt Penney,eng ENG,"DF,MF",Rochdale,26,1998,1,0,31,0.3,0,0,0,0,0,0,0,0,0.00,0.00,0.00,0.00,0.00,Matches,,,,,,,,,,,,,,,,,,,,,,,,,,National League,2024-2025
b74a0f79,Matt Penney,Matt Penney,eng ENG,"DF,MF",Rochdale,26,1998,1,0,31,0.3,0,0,0,0,0,0,0,0,0.00,0.00,0.00,0.00,0.00,Matches,,,,,,,,,,,,,,,,,,,,,,,,,,National League,2024-2025
94c53a55,Aribim Pepple,Aribim Pepple,ca CAN,FW,Southend United,21,2002,19,17,"1,217",13.5,7,2,9,7,0,0,3,0,0.52,0.15,0.67,0.52,0.67,Matches,,,,,,,,,,,,,,,,,,,,,,,,,,National League,2024-2025
8aab04dc,Dion Pereira,Dion Pereira,ag ATG,"MF,FW",Dagenham & Redbridge,25,1999,35,29,"2,551",28.3,10,4,14,4,6,6,2,0,0.35,0.14,0.49,0.14,0.28,Matches,,,,,,,,,,,,,,,,,,,,,,,,,,National League,2024-2025
c3ac50ff,Tom Pett,Tom Pett,eng ENG,MF,Oldham Athletic,32,1991,21,19,"1,664",18.5,0,5,5,0,0,0,4,0,0.00,0.27,0.27,0.00,0.27,Matches,,,,,,,,,,,,,,,,,,,,,,,,,,National League,2024-2025
02f607ba,Casey Pettit,Casey Pettit,eng ENG,MF,Maidenhead United,21,2002,46,46,"3,943",43.8,0,1,1,0,0,0,5,0,0.00,0.02,0.02,0.00,0.02,Matches,,,,,,,,,,,,,,,,,,,,,,,,,,National League,2024-2025
ce5d5349,Giles Phillips,Giles Phillips,us USA,"DF,MF",Ebbsfleet United,27,1997,5,4,349,3.9,0,0,0,0,0,0,0,0,0.00,0.00,0.00,0.00,0.00,Matches,,,,,,,,,,,,,,,,,,,,,,,,,,National League,2024-2025
448ec521,Leon Phillips,Leon Phillips,eng ENG,GK,Tamworth,22,2001,1,1,90,1.0,0,0,0,0,0,0,0,0,0.00,0.00,0.00,0.00,0.00,Matches,,,,,,,,0,0.0,1,1,1,1.00,0,90,0,0,0,,0,,,,1,0,National League,2024-2025
380a180f,Harry Phipps,Harry Phipps,eng ENG,"DF,MF",Dagenham & Redbridge,25,1998,34,28,"2,616",29.1,4,0,4,4,0,0,5,0,0.14,0.00,0.14,0.14,0.14,Matches,,,,,,,,,,,,,,,,,,,,,,,,,,National League,2024-2025
bee5d289,Rio Phipps,Rio Phipps,eng ENG,"MF,DF",Braintree Town,26,1997,7,3,362,4.0,0,0,0,0,0,0,2,0,0.00,0.00,0.00,0.00,0.00,Matches,,,,,,,,,,,,,,,,,,,,,,,,,,National League,2024-2025
1e9c9743,Jacob Pinnington,Jacob Pinnington,eng ENG,"DF,MF",Braintree Town,19,2004,20,14,"1,310",14.6,0,2,2,0,0,0,3,0,0.00,0.14,0.14,0.00,0.14,Matches,,,,,,,,,,,,,,,,,,,,,,,,,,National League,2024-2025
1e9c9743,Jacob Pinnington,Jacob Pinnington,eng ENG,"DF,MF",Braintree Town,19,2004,20,14,"1,310",14.6,0,2,2,0,0,0,3,0,0.00,0.14,0.14,0.00,0.14,Matches,,,,,,,,,,,,,,,,,,,,,,,,,,National League,2024-2025
1e9c9743,Jacob Pinnington,Jacob Pinnington,eng ENG,"MF,DF",Solihull Moors,19,2004,9,2,214,2.4,0,0,0,0,0,0,0,0,0.00,0.00,0.00,0.00,0.00,Matches,,,,,,,,,,,,,,,,,,,,,,,,,,National League,2024-2025
1e9c9743,Jacob Pinnington,Jacob Pinnington,eng ENG,"MF,DF",Solihull Moors,19,2004,9,2,214,2.4,0,0,0,0,0,0,0,0,0.00,0.00,0.00,0.00,0.00,Matches,,,,,,,,,,,,,,,,,,,,,,,,,,National League,2024-2025
09b62860,James Plant,James Plant,eng ENG,"DF,MF",Yeovil Town,19,2004,13,12,"1,077",12.0,2,1,3,2,0,0,2,0,0.17,0.08,0.25,0.17,0.25,Matches,,,,,,,,,,,,,,,,,,,,,,,,,,National League,2024-2025
18c922bb,Dominic Poleon,Dominic Poleon,lc LCA,FW,Ebbsfleet United,30,1993,27,14,"1,571",17.5,5,0,5,4,1,1,1,0,0.29,0.00,0.29,0.23,0.23,Matches,,,,,,,,,,,,,,,,,,,,,,,,,,National League,2024-2025
667ad6cb,Jordan Ponticelli,Jordan Ponticelli,eng ENG,"MF,FW",Tamworth,25,1998,19,9,752,8.4,2,2,4,2,0,0,0,0,0.24,0.24,0.48,0.24,0.48,Matches,,,,,,,,,,,,,,,,,,,,,,,,,,National League,2024-2025
36614d8f,Callum Powell,Callum Powell,eng ENG,MF,Tamworth,28,1996,2,2,138,1.5,0,0,0,0,0,0,0,0,0.00,0.00,0.00,0.00,0.00,Matches,,,,,,,,,,,,,,,,,,,,,,,,,,National League,2024-2025
36614d8f,Callum Powell,Callum Powell,eng ENG,MF,Tamworth,28,1996,2,2,138,1.5,0,0,0,0,0,0,0,0,0.00,0.00,0.00,0.00,0.00,Matches,,,,,,,,,,,,,,,,,,,,,,,,,,National League,2024-2025
36614d8f,Callum Powell,Callum Powell,eng ENG,"FW,MF",Braintree Town,28,1996,16,7,689,7.7,1,0,1,1,0,0,2,0,0.13,0.00,0.13,0.13,0.13,Matches,,,,,,,,,,,,,,,,,,,,,,,,,,National League,2024-2025
36614d8f,Callum Powell,Callum Powell,eng ENG,"FW,MF",Braintree Town,28,1996,16,7,689,7.7,1,0,1,1,0,0,2,0,0.13,0.00,0.13,0.13,0.13,Matches,,,,,,,,,,,,,,,,,,,,,,,,,,National League,2024-2025
05f6be0b,Joe Pritchard,Joe Pritchard,eng ENG,"MF,FW",Oldham Athletic,27,1996,14,6,778,8.6,2,2,4,1,1,1,4,0,0.23,0.23,0.46,0.12,0.35,Matches,,,,,,,,,,,,,,,,,,,,,,,,,,National League,2024-2025
f9c186bd,Tom Pugh,Tom Pugh,eng ENG,"MF,FW",FC Halifax Town,23,2000,39,18,"1,645",18.3,2,1,3,2,0,0,1,0,0.11,0.05,0.16,0.11,0.16,Matches,,,,,,,,,,,,,,,,,,,,,,,,,,National League,2024-2025
4e93da96,Rekeil Pyke,Rekeil Pyke,eng ENG,FW,Eastleigh,26,1997,2,2,99,1.1,0,0,0,0,0,0,0,0,0.00,0.00,0.00,0.00,0.00,Matches,,,,,,,,,,,,,,,,,,,,,,,,,,National League,2024-2025
0e9e2dd4,Joe Quigley,Joe Quigley,ie IRL,FW,Forest Green Rovers,27,1996,37,11,"1,218",13.5,0,5,5,0,0,0,1,0,0.00,0.37,0.37,0.00,0.37,Matches,,,,,,,,,,,,,,,,,,,,,,,,,,National League,2024-2025
8cace2d5,Scott Quigley,Scott Quigley,eng ENG,"FW,MF",Eastleigh,31,1992,23,17,"1,412",15.7,2,2,4,2,0,0,3,2,0.13,0.13,0.25,0.13,0.25,Matches,,,,,,,,,,,,,,,,,,,,,,,,,,National League,2024-2025
c1824876,Ben Radcliffe,Ben Radcliffe,eng ENG,DF,Gateshead,20,2004,19,17,"1,554",17.3,2,1,3,2,0,0,2,0,0.12,0.06,0.17,0.12,0.17,Matches,,,,,,,,,,,,,,,,,,,,,,,,,,National League,2024-2025
387ac5d8,Charlie Raglan,Charlie Raglan,eng ENG,DF,Oldham Athletic,31,1993,41,40,"3,674",40.8,5,1,6,5,0,0,8,0,0.12,0.02,0.15,0.12,0.15,Matches,,,,,,,,,,,,,,,,,,,,,,,,,,National League,2024-2025
5f364ecd,Arjan Raikhy,Arjan Raikhy,eng ENG,MF,Tamworth,21,2002,7,1,111,1.2,0,0,0,0,0,0,2,0,0.00,0.00,0.00,0.00,0.00,Matches,,,,,,,,,,,,,,,,,,,,,,,,,,National League,2024-2025
2dec3014,Nathan Ralph,Nathan Ralph,eng ENG,DF,Southend United,31,1993,40,39,"3,535",39.3,2,1,3,2,0,0,8,0,0.05,0.03,0.08,0.05,0.08,Matches,,,,,,,,,,,,,,,,,,,,,,,,,,National League,2024-2025
130915c8,Will Randall,Will Randall,eng ENG,"MF,DF",Wealdstone FC,27,1997,11,8,621,6.9,0,0,0,0,0,0,2,0,0.00,0.00,0.00,0.00,0.00,Matches,,,,,,,,,,,,,,,,,,,,,,,,,,National League,2024-2025
130915c8,Will Randall,Will Randall,eng ENG,"MF,DF",Wealdstone FC,27,1997,11,8,621,6.9,0,0,0,0,0,0,2,0,0.00,0.00,0.00,0.00,0.00,Matches,,,,,,,,,,,,,,,,,,,,,,,,,,National League,2024-2025
130915c8,Will Randall,Will Randall,eng ENG,"FW,MF",Ebbsfleet United,27,1997,7,3,230,2.6,0,0,0,0,0,0,0,0,0.00,0.00,0.00,0.00,0.00,Matches,,,,,,,,,,,,,,,,,,,,,,,,,,National League,2024-2025
130915c8,Will Randall,Will Randall,eng ENG,"FW,MF",Ebbsfleet United,27,1997,7,3,230,2.6,0,0,0,0,0,0,0,0,0.00,0.00,0.00,0.00,0.00,Matches,,,,,,,,,,,,,,,,,,,,,,,,,,National League,2024-2025
a958d801,Harvey Randle,Harvey Randle,,GK,Altrincham,,,2,1,135,1.5,0,0,0,0,0,0,0,0,0.00,0.00,0.00,0.00,0.00,Matches,,,,,,,,1,100.0,2,1,2,1.33,0,135,0,0,0,,0,,,,0,1,National League,2024-2025
698779af,Harry Ransom,Harry Ransom,eng ENG,DF,Sutton United,24,1999,21,13,"1,421",15.8,0,2,2,0,0,0,5,0,0.00,0.13,0.13,0.00,0.13,Matches,,,,,,,,,,,,,,,,,,,,,,,,,,National League,2024-2025
f7e7eb81,Kahrel Reddin,Kahrel Reddin,eng ENG,MF,Altrincham,20,2004,34,9,"1,116",12.4,1,3,4,1,0,0,2,0,0.08,0.24,0.32,0.08,0.32,Matches,,,,,,,,,,,,,,,,,,,,,,,,,,National League,2024-2025
6ed9e9f6,Samuel Reed,Samuel Reed,,MF,Boston United,,,4,3,225,2.5,0,0,0,0,0,0,1,0,0.00,0.00,0.00,0.00,0.00,Matches,,,,,,,,,,,,,,,,,,,,,,,,,,National League,2024-2025
89dd9814,Josh Rees,Josh Rees,eng ENG,"MF,FW",Dagenham & Redbridge,30,1993,41,38,"3,421",38.0,16,6,22,16,0,0,5,0,0.42,0.16,0.58,0.42,0.58,Matches,,,,,,,,,,,,,,,,,,,,,,,,,,National League,2024-2025
b3502edd,Alex Reid,Alex Reid,eng ENG,FW,Oldham Athletic,28,1995,5,2,175,1.9,0,0,0,0,0,0,0,0,0.00,0.00,0.00,0.00,0.00,Matches,,,,,,,,,,,,,,,,,,,,,,,,,,National League,2024-2025
b3502edd,Alex Reid,Alex Reid,eng ENG,FW,Oldham Athletic,28,1995,5,2,175,1.9,0,0,0,0,0,0,0,0,0.00,0.00,0.00,0.00,0.00,Matches,,,,,,,,,,,,,,,,,,,,,,,,,,National League,2024-2025
b3502edd,Alex Reid,Alex Reid,eng ENG,FW,Wealdstone FC,28,1995,30,30,"2,698",30.0,16,0,16,11,5,5,5,0,0.53,0.00,0.53,0.37,0.37,Matches,,,,,,,,,,,,,,,,,,,,,,,,,,National League,2024-2025
b3502edd,Alex Reid,Alex Reid,eng ENG,FW,Wealdstone FC,28,1995,30,30,"2,698",30.0,16,0,16,11,5,5,5,0,0.53,0.00,0.53,0.37,0.37,Matches,,,,,,,,,,,,,,,,,,,,,,,,,,National League,2024-2025
e7340e38,Shiloh Remy,Shiloh Remy,lc LCA,"MF,FW",Dagenham & Redbridge,23,2000,23,12,"1,000",11.1,1,1,2,1,0,0,3,0,0.09,0.09,0.18,0.09,0.18,Matches,,,,,,,,,,,,,,,,,,,,,,,,,,National League,2024-2025
ed4a6fc0,Jordan Richards,Jordan Richards,eng ENG,"MF,DF",Boston United,27,1997,41,38,"3,295",36.6,0,2,2,0,0,0,7,2,0.00,0.05,0.05,0.00,0.05,Matches,,,,,,,,,,,,,,,,,,,,,,,,,,National League,2024-2025
6ee319a2,Kenton Richardson,Kenton Richardson,eng ENG,DF,Gateshead,25,1999,15,14,"1,196",13.3,1,0,1,1,0,0,4,0,0.08,0.00,0.08,0.08,0.08,Matches,,,,,,,,,,,,,,,,,,,,,,,,,,National League,2024-2025
4fa62ae4,Lewis Richardson,Lewis Richardson,eng ENG,"MF,FW",York City,21,2003,13,10,682,7.6,4,2,6,4,0,0,1,0,0.53,0.26,0.79,0.53,0.79,Matches,,,,,,,,,,,,,,,,,,,,,,,,,,National League,2024-2025
de1866e8,Theo Richardson,Theo Richardson,eng ENG,GK,Fylde,25,1998,5,5,450,5.0,0,0,0,0,0,0,0,0,0.00,0.00,0.00,0.00,0.00,Matches,,,,,,,,0,0.0,5,5,14,2.80,2,450,1,1,0,0.0,0,,,,0,3,National League,2024-2025
4d4e417c,Joe Riley,Joe Riley,eng ENG,MF,Fylde,27,1996,40,30,"2,728",30.3,1,3,4,1,0,0,8,0,0.03,0.10,0.13,0.03,0.13,Matches,,,,,,,,,,,,,,,,,,,,,,,,,,National League,2024-2025
c2464b76,Mitchell Roberts,Mitchell Roberts,eng ENG,DF,Boston United,23,2000,7,6,442,4.9,0,0,0,0,0,0,1,0,0.00,0.00,0.00,0.00,0.00,Matches,,,,,,,,,,,,,,,,,,,,,,,,,,National League,2024-2025
91ac3046,Tyler Roberts,Tyler Roberts,jm JAM,MF,Fylde,20,2003,29,23,"2,021",22.5,3,2,5,3,0,0,9,1,0.13,0.09,0.22,0.13,0.22,Matches,,,,,,,,,,,,,,,,,,,,,,,,,,National League,2024-2025
569525cd,Darren Robinson,Darren Robinson,nir NIR,MF,Hartlepool United,19,2004,6,2,166,1.8,0,0,0,0,0,0,3,0,0.00,0.00,0.00,0.00,0.00,Matches,,,,,,,,,,,,,,,,,,,,,,,,,,National League,2024-2025
df25cb0e,Jack Robinson,Jack Robinson,eng ENG,DF,Hartlepool United,23,2001,3,2,79,0.9,0,0,0,0,0,0,0,0,0.00,0.00,0.00,0.00,0.00,Matches,,,,,,,,,,,,,,,,,,,,,,,,,,National League,2024-2025
ecb01ccb,Junior Robinson,Junior Robinson,eng ENG,DF,Sutton United,20,2004,1,1,61,0.7,0,0,0,0,0,0,0,0,0.00,0.00,0.00,0.00,0.00,Matches,,,,,,,,,,,,,,,,,,,,,,,,,,National League,2024-2025
ac487578,Matt Robinson,Matt Robinson,eng ENG,MF,Braintree Town,30,1994,43,38,"3,319",36.9,3,2,5,3,0,0,4,0,0.08,0.05,0.14,0.08,0.14,Matches,,,,,,,,,,,,,,,,,,,,,,,,,,National League,2024-2025
206d7181,David Robson,David Robson,wls WAL,GK,Rochdale,22,2002,8,8,720,8.0,0,0,0,0,0,0,1,0,0.00,0.00,0.00,0.00,0.00,Matches,,,,,,,,1,12.5,8,8,13,1.62,4,720,2,2,0,0.0,0,,,,1,3,National League,2024-2025
961a5164,Ethan Robson,Ethan Robson,eng ENG,"MF,FW",Gateshead,27,1996,3,3,167,1.9,1,0,1,1,0,0,0,0,0.54,0.00,0.54,0.54,0.54,Matches,,,,,,,,,,,,,,,,,,,,,,,,,,National League,2024-2025
b0780fb4,Jamie Robson,Jamie Robson,sct SCO,DF,Forest Green Rovers,26,1997,46,46,"4,092",45.5,4,3,7,4,0,0,11,0,0.09,0.07,0.15,0.09,0.15,Matches,,,,,,,,,,,,,,,,,,,,,,,,,,National League,2024-2025
9ca54653,Devante Rodney,Devante Rodney,eng ENG,FW,Rochdale,26,1998,35,28,"2,396",26.6,17,3,20,16,1,1,1,0,0.64,0.11,0.75,0.60,0.71,Matches,,,,,,,,,,,,,,,,,,,,,,,,,,National League,2024-2025
a6915d4b,Jack Roles,Jack Roles,cy CYP,MF,Gateshead,25,1999,12,11,916,10.2,3,0,3,3,0,0,3,0,0.29,0.00,0.29,0.29,0.29,Matches,,,,,,,,,,,,,,,,,,,,,,,,,,National League,2024-2025
74eda47c,Craig Ross,Craig Ross,eng ENG,GK,Maidenhead United,34,1990,40,40,"3,600",40.0,0,2,2,0,0,0,4,0,0.00,0.05,0.05,0.00,0.05,Matches,,,,,,,,6,15.0,40,40,71,1.77,22,"3,600",3,3,0,0.0,0,,,,8,10,National League,2024-2025
d1c8c364,Ethan Ross,Ethan Ross,eng ENG,GK,Altrincham,27,1997,27,27,"2,409",26.8,0,0,0,0,0,0,2,0,0.00,0.00,0.00,0.00,0.00,Matches,,,,,,,,9,33.3,27,27,32,1.20,7,"2,409",4,4,0,0.0,0,,,,9,11,National League,2024-2025
0e459095,Jordan Rossiter,Jordan Rossiter,eng ENG,MF,Oldham Athletic,27,1997,21,18,"1,500",16.7,0,2,2,0,0,0,4,0,0.00,0.12,0.12,0.00,0.12,Matches,,,,,,,,,,,,,,,,,,,,,,,,,,National League,2024-2025
b140b76f,Jai Rowe,Jai Rowe,eng ENG,"DF,MF",Boston United,22,2001,46,43,"3,941",43.8,7,1,8,7,0,0,4,0,0.16,0.02,0.18,0.16,0.18,Matches,,,,,,,,,,,,,,,,,,,,,,,,,,National League,2024-2025
2bed795e,Matt Rush,Matt Rush,eng ENG,FW,Sutton United,23,2001,7,1,114,1.3,0,0,0,0,0,0,1,0,0.00,0.00,0.00,0.00,0.00,Matches,,,,,,,,,,,,,,,,,,,,,,,,,,National League,2024-2025
bdb42e2c,Oscar Rutherford,Oscar Rutherford,eng ENG,"DF,MF",Dagenham & Redbridge,20,2003,40,30,"2,781",30.9,1,1,2,1,0,0,3,0,0.03,0.03,0.06,0.03,0.06,Matches,,,,,,,,,,,,,,,,,,,,,,,,,,National League,2024-2025
28e8b0d1,Joe Ryan,Joe Ryan,,FW,Eastleigh,,,5,0,45,0.5,0,0,0,0,0,0,0,0,0.00,0.00,0.00,0.00,0.00,Matches,,,,,,,,,,,,,,,,,,,,,,,,,,National League,2024-2025
54649cde,Joe Rye,Joe Rye,eng ENG,DF,Barnet,20,2004,3,3,186,2.1,0,0,0,0,0,0,1,0,0.00,0.00,0.00,0.00,0.00,Matches,,,,,,,,,,,,,,,,,,,,,,,,,,National League,2024-2025
9ca8292f,Kian Ryley,Kian Ryley,eng ENG,MF,Solihull Moors,19,2005,6,0,72,0.8,0,0,0,0,0,0,0,0,0.00,0.00,0.00,0.00,0.00,Matches,,,,,,,,,,,,,,,,,,,,,,,,,,National League,2024-2025
65829d85,Dominic Samuel,Dominic Samuel,eng ENG,FW,Ebbsfleet United,30,1994,15,8,664,7.4,1,0,1,1,0,0,1,0,0.14,0.00,0.14,0.14,0.14,Matches,,,,,,,,,,,,,,,,,,,,,,,,,,National League,2024-2025
98a62bc6,Henry Sandat,Henry Sandat,eng ENG,MF,Sutton United,19,2005,11,2,217,2.4,0,0,0,0,0,0,1,0,0.00,0.00,0.00,0.00,0.00,Matches,,,,,,,,,,,,,,,,,,,,,,,,,,National League,2024-2025
98a62bc6,Henry Sandat,Henry Sandat,eng ENG,MF,Sutton United,19,2005,11,2,217,2.4,0,0,0,0,0,0,1,0,0.00,0.00,0.00,0.00,0.00,Matches,,,,,,,,,,,,,,,,,,,,,,,,,,National League,2024-2025
98a62bc6,Henry Sandat,Henry Sandat,eng ENG,"MF,FW",Wealdstone FC,19,2005,14,6,542,6.0,1,0,1,1,0,0,0,0,0.17,0.00,0.17,0.17,0.17,Matches,,,,,,,,,,,,,,,,,,,,,,,,,,National League,2024-2025
98a62bc6,Henry Sandat,Henry Sandat,eng ENG,"MF,FW",Wealdstone FC,19,2005,14,6,542,6.0,1,0,1,1,0,0,0,0,0.17,0.00,0.17,0.17,0.17,Matches,,,,,,,,,,,,,,,,,,,,,,,,,,National League,2024-2025
d6486476,Billy Sass-Davies,Billy Sass-Davies,wls WAL,DF,Hartlepool United,24,2000,24,20,"1,818",20.2,0,0,0,0,0,0,3,0,0.00,0.00,0.00,0.00,0.00,Matches,,,,,,,,,,,,,,,,,,,,,,,,,,National League,2024-2025
e70e6657,Dan Sassi,Dan Sassi,eng ENG,DF,Rochdale,20,2003,4,4,358,4.0,0,1,1,0,0,0,0,0,0.00,0.25,0.25,0.00,0.25,Matches,,,,,,,,,,,,,,,,,,,,,,,,,,National League,2024-2025
e70e6657,Dan Sassi,Dan Sassi,eng ENG,DF,Rochdale,20,2003,4,4,358,4.0,0,1,1,0,0,0,0,0,0.00,0.25,0.25,0.00,0.25,Matches,,,,,,,,,,,,,,,,,,,,,,,,,,National League,2024-2025
e70e6657,Dan Sassi,Dan Sassi,eng ENG,DF,Fylde,20,2003,6,4,346,3.8,0,0,0,0,0,0,1,0,0.00,0.00,0.00,0.00,0.00,Matches,,,,,,,,,,,,,,,,,,,,,,,,,,National League,2024-2025
e70e6657,Dan Sassi,Dan Sassi,eng ENG,DF,Fylde,20,2003,6,4,346,3.8,0,0,0,0,0,0,1,0,0.00,0.00,0.00,0.00,0.00,Matches,,,,,,,,,,,,,,,,,,,,,,,,,,National League,2024-2025
2eac1788,Toby Savin,Toby Savin,ga GAB,GK,Barnet,24,2000,2,2,180,2.0,0,0,0,0,0,0,0,0,0.00,0.00,0.00,0.00,0.00,Matches,,,,,,,,1,50.0,2,2,1,0.50,0,180,0,0,0,,0,,,,0,2,National League,2024-2025
2eac1788,Toby Savin,Toby Savin,ga GAB,GK,Barnet,24,2000,2,2,180,2.0,0,0,0,0,0,0,0,0,0.00,0.00,0.00,0.00,0.00,Matches,,,,,,,,3,37.5,8,8,10,1.25,4,720,2,3,0,33.3,1,,,,2,2,National League,2024-2025
2eac1788,Toby Savin,Toby Savin,ga GAB,GK,Barnet,24,2000,2,2,180,2.0,0,0,0,0,0,0,0,0,0.00,0.00,0.00,0.00,0.00,Matches,,,,,,,,1,50.0,2,2,1,0.50,0,180,0,0,0,,0,,,,0,2,National League,2024-2025
2eac1788,Toby Savin,Toby Savin,ga GAB,GK,Barnet,24,2000,2,2,180,2.0,0,0,0,0,0,0,0,0,0.00,0.00,0.00,0.00,0.00,Matches,,,,,,,,3,37.5,8,8,10,1.25,4,720,2,3,0,33.3,1,,,,2,2,National League,2024-2025
2eac1788,Toby Savin,Toby Savin,ga GAB,GK,FC Halifax Town,24,2000,8,8,720,8.0,0,0,0,0,0,0,0,0,0.00,0.00,0.00,0.00,0.00,Matches,,,,,,,,1,50.0,2,2,1,0.50,0,180,0,0,0,,0,,,,0,2,National League,2024-2025
2eac1788,Toby Savin,Toby Savin,ga GAB,GK,FC Halifax Town,24,2000,8,8,720,8.0,0,0,0,0,0,0,0,0,0.00,0.00,0.00,0.00,0.00,Matches,,,,,,,,3,37.5,8,8,10,1.25,4,720,2,3,0,33.3,1,,,,2,2,National League,2024-2025
2eac1788,Toby Savin,Toby Savin,ga GAB,GK,FC Halifax Town,24,2000,8,8,720,8.0,0,0,0,0,0,0,0,0,0.00,0.00,0.00,0.00,0.00,Matches,,,,,,,,1,50.0,2,2,1,0.50,0,180,0,0,0,,0,,,,0,2,National League,2024-2025
2eac1788,Toby Savin,Toby Savin,ga GAB,GK,FC Halifax Town,24,2000,8,8,720,8.0,0,0,0,0,0,0,0,0,0.00,0.00,0.00,0.00,0.00,Matches,,,,,,,,3,37.5,8,8,10,1.25,4,720,2,3,0,33.3,1,,,,2,2,National League,2024-2025
e9a33c85,Charlie Sayers,Charlie Sayers,eng ENG,DF,Woking,20,2004,1,1,45,0.5,0,0,0,0,0,0,0,0,0.00,0.00,0.00,0.00,0.00,Matches,,,,,,,,,,,,,,,,,,,,,,,,,,National League,2024-2025
2c358941,Christian Scott,Christian Scott,eng ENG,MF,Wealdstone FC,19,2005,14,5,488,5.4,0,0,0,0,0,0,1,0,0.00,0.00,0.00,0.00,0.00,Matches,,,,,,,,,,,,,,,,,,,,,,,,,,National League,2024-2025
d50648de,Jacob Scott,Jacob Scott,eng ENG,DF,Boston United,18,2005,3,2,164,1.8,0,1,1,0,0,0,1,0,0.00,0.55,0.55,0.00,0.55,Matches,,,,,,,,,,,,,,,,,,,,,,,,,,National League,2024-2025
4df4375e,Oliver Scott,Oliver Scott,eng ENG,"DF,MF",Aldershot Town,23,2000,24,21,"1,824",20.3,1,0,1,1,0,0,5,0,0.05,0.00,0.05,0.05,0.05,Matches,,,,,,,,,,,,,,,,,,,,,,,,,,National League,2024-2025
16540629,Gus Scott-Morriss,Gus Scott-Morriss,eng ENG,DF,Southend United,27,1997,44,44,"3,938",43.8,17,4,21,17,0,0,8,0,0.39,0.09,0.48,0.39,0.48,Matches,,,,,,,,,,,,,,,,,,,,,,,,,,National League,2024-2025
b252b367,Jamie Searle,Jamie Searle,nz NZL,GK,Forest Green Rovers,23,2000,1,1,90,1.0,0,0,0,0,0,0,0,0,0.00,0.00,0.00,0.00,0.00,Matches,,,,,,,,1,100.0,1,1,0,0.00,0,90,0,0,0,,0,,,,0,1,National League,2024-2025
10ae58a8,Jeffrey Sekyere,Jeffrey Sekyere,be BEL,FW,Wealdstone FC,20,2003,4,0,17,0.2,0,0,0,0,0,0,0,0,0.00,0.00,0.00,0.00,0.00,Matches,,,,,,,,,,,,,,,,,,,,,,,,,,National League,2024-2025
4f20f4af,Tyrell Sellars-Fleming,Tyrell Sellars-Fleming,eng ENG,FW,Gateshead,19,2005,15,6,681,7.6,1,4,5,1,0,0,1,0,0.13,0.53,0.66,0.13,0.66,Matches,,,,,,,,,,,,,,,,,,,,,,,,,,National League,2024-2025
2719a70a,Jai Semenyo,Jai Semenyo,eng ENG,"DF,MF",Eastleigh,21,2003,24,7,760,8.4,1,0,1,1,0,0,4,0,0.12,0.00,0.12,0.12,0.12,Matches,,,,,,,,,,,,,,,,,,,,,,,,,,National League,2024-2025
982d373e,Adam Senior,Adam Senior,eng ENG,DF,FC Halifax Town,22,2002,46,46,"4,140",46.0,5,3,8,5,0,0,4,0,0.11,0.07,0.17,0.11,0.17,Matches,,,,,,,,,,,,,,,,,,,,,,,,,,National League,2024-2025
afed04f9,Courtney Senior,Courtney Senior,eng ENG,MF,Rochdale,27,1997,6,1,83,0.9,0,0,0,0,0,0,0,0,0.00,0.00,0.00,0.00,0.00,Matches,,,,,,,,,,,,,,,,,,,,,,,,,,National League,2024-2025
52ca979d,Liam Sercombe,Liam Sercombe,eng ENG,MF,Forest Green Rovers,34,1990,35,31,"2,564",28.5,4,4,8,4,0,0,4,0,0.14,0.14,0.28,0.14,0.28,Matches,,,,,,,,,,,,,,,,,,,,,,,,,,National League,2024-2025
8ef54d40,Tyrese Shade,Tyrese Shade,kn SKN,"FW,MF",Eastleigh,24,2000,43,41,"3,533",39.3,14,6,20,14,0,0,8,1,0.36,0.15,0.51,0.36,0.51,Matches,,,,,,,,,,,,,,,,,,,,,,,,,,National League,2024-2025
972ef49c,Kofi Shaw,Kofi Shaw,,"MF,FW",Yeovil Town,,,16,10,937,10.4,2,1,3,2,0,0,3,1,0.19,0.10,0.29,0.19,0.29,Matches,,,,,,,,,,,,,,,,,,,,,,,,,,National League,2024-2025
d1c09e4e,Max Sheaf,Max Sheaf,eng ENG,"MF,FW",Gateshead,24,2000,6,2,128,1.4,0,0,0,0,0,0,1,0,0.00,0.00,0.00,0.00,0.00,Matches,,,,,,,,,,,,,,,,,,,,,,,,,,National League,2024-2025
1fa3806b,Mark Shelton,Mark Shelton,eng ENG,MF,Barnet,27,1996,33,27,"2,312",25.7,12,2,14,6,6,6,6,0,0.47,0.08,0.54,0.23,0.31,Matches,,,,,,,,,,,,,,,,,,,,,,,,,,National League,2024-2025
5ab61aea,George Shelvey,George Shelvey,eng ENG,GK,Gateshead,23,2001,7,7,581,6.5,0,1,1,0,0,0,0,0,0.00,0.15,0.15,0.00,0.15,Matches,,,,,,,,2,28.6,7,7,6,0.93,2,581,0,0,0,,0,,,,1,4,National League,2024-2025
dec9eb3d,Nathan Sheron,Nathan Sheron,eng ENG,"MF,DF",Hartlepool United,26,1997,44,44,"3,790",42.1,1,3,4,1,0,0,11,0,0.02,0.07,0.09,0.02,0.09,Matches,,,,,,,,,,,,,,,,,,,,,,,,,,National League,2024-2025
d4c9b726,Tobi Sho-Silva,Tobi Sho-Silva,eng ENG,FW,Maidenhead United,29,1995,18,1,210,2.3,1,0,1,1,0,0,1,0,0.43,0.00,0.43,0.43,0.43,Matches,,,,,,,,,,,,,,,,,,,,,,,,,,National League,2024-2025
3a3088b2,Lewis Simper,Lewis Simper,eng ENG,"MF,FW",Sutton United,22,2001,40,39,"3,452",38.4,7,5,12,7,0,0,9,0,0.18,0.13,0.31,0.18,0.31,Matches,,,,,,,,,,,,,,,,,,,,,,,,,,National League,2024-2025
5e7dc92c,Jack Sims,Jack Sims,eng ENG,GK,Sutton United,25,1999,31,31,"2,785",30.9,0,1,1,0,0,0,1,0,0.00,0.03,0.03,0.00,0.03,Matches,,,,,,,,9,29.0,31,31,38,1.23,11,"2,785",2,5,0,60.0,3,,,,10,10,National League,2024-2025
6d6f09dc,Josh Sims,Josh Sims,eng ENG,"MF,FW",Yeovil Town,27,1997,36,17,"1,639",18.2,1,2,3,1,0,0,2,0,0.05,0.11,0.16,0.05,0.16,Matches,,,,,,,,,,,,,,,,,,,,,,,,,,National League,2024-2025
501dedfd,Tyrese Sinclair,Tyrese Sinclair,eng ENG,MF,York City,23,2001,45,32,"2,626",29.2,7,4,11,7,0,0,8,0,0.24,0.14,0.38,0.24,0.38,Matches,,,,,,,,,,,,,,,,,,,,,,,,,,National League,2024-2025
cf9f4b8b,Frankie Sinfield,Frankie Sinfield,,FW,FC Halifax Town,,,1,0,1,0.0,0,0,0,0,0,0,0,0,0.00,0.00,0.00,0.00,0.00,Matches,,,,,,,,,,,,,,,,,,,,,,,,,,National League,2024-2025
4cd6bd09,Jasbir Singh,Jasbir Singh,eng ENG,GK,Tamworth,34,1990,45,45,"3,987",44.3,0,0,0,0,0,0,6,1,0.00,0.00,0.00,0.00,0.00,Matches,,,,,,,,6,13.3,45,45,71,1.60,16,"3,987",7,7,0,0.0,0,,,,12,17,National League,2024-2025
bbda4918,Jeremy Sivi,Jeremy Sivi,eng ENG,"MF,DF",Sutton United,22,2002,20,10,972,10.8,2,0,2,2,0,0,0,0,0.19,0.00,0.19,0.19,0.19,Matches,,,,,,,,,,,,,,,,,,,,,,,,,,National League,2024-2025
d035138b,Greg Sloggett,Greg Sloggett,ie IRL,MF,Boston United,28,1996,9,6,598,6.6,0,0,0,0,0,0,0,0,0.00,0.00,0.00,0.00,0.00,Matches,,,,,,,,,,,,,,,,,,,,,,,,,,National League,2024-2025
d035138b,Greg Sloggett,Greg Sloggett,ie IRL,MF,Boston United,28,1996,9,6,598,6.6,0,0,0,0,0,0,0,0,0.00,0.00,0.00,0.00,0.00,Matches,,,,,,,,,,,,,,,,,,,,,,,,,,National League,2024-2025
d035138b,Greg Sloggett,Greg Sloggett,ie IRL,MF,Hartlepool United,28,1996,18,8,728,8.1,0,0,0,0,0,0,2,0,0.00,0.00,0.00,0.00,0.00,Matches,,,,,,,,,,,,,,,,,,,,,,,,,,National League,2024-2025
d035138b,Greg Sloggett,Greg Sloggett,ie IRL,MF,Hartlepool United,28,1996,18,8,728,8.1,0,0,0,0,0,0,2,0,0.00,0.00,0.00,0.00,0.00,Matches,,,,,,,,,,,,,,,,,,,,,,,,,,National League,2024-2025
9425d9bf,Adam Smith,Adam Smith,eng ENG,GK,Hartlepool United,31,1992,31,30,"2,758",30.6,0,0,0,0,0,0,2,0,0.00,0.00,0.00,0.00,0.00,Matches,,,,,,,,5,16.7,31,30,44,1.44,11,"2,758",1,1,0,0.0,0,,,,11,8,National League,2024-2025
502e321f,Joshua Smith,Joshua Smith,eng ENG,MF,Woking,20,2004,1,0,10,0.1,0,0,0,0,0,0,0,0,0.00,0.00,0.00,0.00,0.00,Matches,,,,,,,,,,,,,,,,,,,,,,,,,,National League,2024-2025
ffea470f,Michael Smith,Michael Smith,nir NIR,"DF,MF",Yeovil Town,35,1988,27,22,"1,691",18.8,1,2,3,1,0,0,4,0,0.05,0.11,0.16,0.05,0.16,Matches,,,,,,,,,,,,,,,,,,,,,,,,,,National League,2024-2025
d23cc8c6,Reece Smith,Reece Smith,eng ENG,MF,Maidenhead United,22,2002,43,40,"3,550",39.4,6,8,14,6,0,0,4,0,0.15,0.20,0.35,0.15,0.35,Matches,,,,,,,,,,,,,,,,,,,,,,,,,,National League,2024-2025
2a29198c,Will Smith,Will Smith,eng ENG,DF,FC Halifax Town,25,1998,33,33,"2,956",32.8,1,0,1,1,0,0,3,0,0.03,0.00,0.03,0.03,0.03,Matches,,,,,,,,,,,,,,,,,,,,,,,,,,National League,2024-2025
11661c16,Harrison Sohna,Harrison Sohna,eng ENG,MF,Wealdstone FC,22,2002,18,13,"1,134",12.6,3,2,5,3,0,0,3,0,0.24,0.16,0.40,0.24,0.40,Matches,,,,,,,,,,,,,,,,,,,,,,,,,,National League,2024-2025
02bdd01e,Ayodeji Sotona,Ayodeji Sotona,ie IRL,FW,Eastleigh,21,2002,1,0,32,0.4,0,0,0,0,0,0,0,0,0.00,0.00,0.00,0.00,0.00,Matches,,,,,,,,,,,,,,,,,,,,,,,,,,National League,2024-2025
46b5375e,Pape Souaré,Pape Souaré,sn SEN,"DF,MF",Ebbsfleet United,34,1990,8,5,585,6.5,0,0,0,0,0,0,3,0,0.00,0.00,0.00,0.00,0.00,Matches,,,,,,,,,,,,,,,,,,,,,,,,,,National League,2024-2025
d521711d,Jake Southern-Cooper,Jake Southern-Cooper,eng ENG,DF,Altrincham,24,2000,24,15,"1,385",15.4,0,1,1,0,0,0,4,0,0.00,0.06,0.06,0.00,0.06,Matches,,,,,,,,,,,,,,,,,,,,,,,,,,National League,2024-2025
de6b82d6,Jordi van Stappershoef,Jordi van Stappershoef,nl NED,GK,Aldershot Town,28,1996,3,3,270,3.0,0,0,0,0,0,0,0,0,0.00,0.00,0.00,0.00,0.00,Matches,,,,,,,,0,0.0,3,3,11,3.67,3,270,0,0,0,,0,,,,0,0,National League,2024-2025
178a3f77,Callum Stead,Callum Stead,,"FW,MF",Barnet,,,44,37,"3,454",38.4,18,8,26,18,0,0,3,0,0.47,0.21,0.68,0.47,0.68,Matches,,,,,,,,,,,,,,,,,,,,,,,,,,National League,2024-2025
ca414bb5,Dylan Stephenson,Dylan Stephenson,eng ENG,"FW,MF",Dagenham & Redbridge,21,2002,14,4,373,4.1,2,0,2,2,0,0,1,0,0.48,0.00,0.48,0.48,0.48,Matches,,,,,,,,,,,,,,,,,,,,,,,,,,National League,2024-2025
110af045,Louis Stephenson,Louis Stephenson,eng ENG,"MF,DF",Hartlepool United,18,2005,17,12,"1,005",11.2,0,1,1,0,0,0,4,1,0.00,0.09,0.09,0.00,0.09,Matches,,,,,,,,,,,,,,,,,,,,,,,,,,National League,2024-2025
fc503244,Jack Stevens,Jack Stevens,wls WAL,"MF,DF",Solihull Moors,23,2000,27,25,"2,160",24.0,12,4,16,9,3,3,4,0,0.50,0.17,0.67,0.37,0.54,Matches,,,,,,,,,,,,,,,,,,,,,,,,,,National League,2024-2025
a5766b9e,Bradley Stevenson,Bradley Stevenson,eng ENG,"FW,MF",Solihull Moors,25,1998,41,15,"1,750",19.4,3,3,6,3,0,0,6,0,0.15,0.15,0.31,0.15,0.31,Matches,,,,,,,,,,,,,,,,,,,,,,,,,,National League,2024-2025
df4e3865,Toby Steward,Toby Steward,eng ENG,GK,Wealdstone FC,19,2005,6,6,540,6.0,0,0,0,0,0,0,0,0,0.00,0.00,0.00,0.00,0.00,Matches,,,,,,,,1,16.7,6,6,12,2.00,2,540,1,2,0,50.0,1,,,,3,1,National League,2024-2025
09bdb662,Anthony Stewart,Anthony Stewart,eng ENG,DF,Ebbsfleet United,31,1992,19,18,"1,580",17.6,1,0,1,1,0,0,6,0,0.06,0.00,0.06,0.06,0.06,Matches,,,,,,,,,,,,,,,,,,,,,,,,,,National League,2024-2025
591054e6,Noah Stewart,Noah Stewart,nir NIR,FW,Maidenhead United,20,2004,2,0,18,0.2,0,0,0,0,0,0,0,0,0.00,0.00,0.00,0.00,0.00,Matches,,,,,,,,,,,,,,,,,,,,,,,,,,National League,2024-2025
de1260a3,Chris Stokes,Chris Stokes,eng ENG,DF,Fylde,33,1991,6,5,385,4.3,0,0,0,0,0,0,1,0,0.00,0.00,0.00,0.00,0.00,Matches,,,,,,,,,,,,,,,,,,,,,,,,,,National League,2024-2025
1fd14651,Aidan Stone,Aidan Stone,eng ENG,GK,Boston United,25,1999,13,13,"1,170",13.0,0,0,0,0,0,0,1,0,0.00,0.00,0.00,0.00,0.00,Matches,,,,,,,,1,7.7,13,13,20,1.54,9,"1,170",2,2,0,0.0,0,,,,3,1,National League,2024-2025
1fd14651,Aidan Stone,Aidan Stone,eng ENG,GK,Boston United,25,1999,13,13,"1,170",13.0,0,0,0,0,0,0,1,0,0.00,0.00,0.00,0.00,0.00,Matches,,,,,,,,3,17.6,17,17,25,1.47,9,"1,530",3,3,0,0.0,0,,,,3,5,National League,2024-2025
1fd14651,Aidan Stone,Aidan Stone,eng ENG,GK,Boston United,25,1999,13,13,"1,170",13.0,0,0,0,0,0,0,1,0,0.00,0.00,0.00,0.00,0.00,Matches,,,,,,,,1,7.7,13,13,20,1.54,9,"1,170",2,2,0,0.0,0,,,,3,1,National League,2024-2025
1fd14651,Aidan Stone,Aidan Stone,eng ENG,GK,Boston United,25,1999,13,13,"1,170",13.0,0,0,0,0,0,0,1,0,0.00,0.00,0.00,0.00,0.00,Matches,,,,,,,,3,17.6,17,17,25,1.47,9,"1,530",3,3,0,0.0,0,,,,3,5,National League,2024-2025
1fd14651,Aidan Stone,Aidan Stone,eng ENG,GK,Yeovil Town,25,1999,17,17,"1,530",17.0,0,0,0,0,0,0,0,0,0.00,0.00,0.00,0.00,0.00,Matches,,,,,,,,1,7.7,13,13,20,1.54,9,"1,170",2,2,0,0.0,0,,,,3,1,National League,2024-2025
1fd14651,Aidan Stone,Aidan Stone,eng ENG,GK,Yeovil Town,25,1999,17,17,"1,530",17.0,0,0,0,0,0,0,0,0,0.00,0.00,0.00,0.00,0.00,Matches,,,,,,,,3,17.6,17,17,25,1.47,9,"1,530",3,3,0,0.0,0,,,,3,5,National League,2024-2025
1fd14651,Aidan Stone,Aidan Stone,eng ENG,GK,Yeovil Town,25,1999,17,17,"1,530",17.0,0,0,0,0,0,0,0,0,0.00,0.00,0.00,0.00,0.00,Matches,,,,,,,,1,7.7,13,13,20,1.54,9,"1,170",2,2,0,0.0,0,,,,3,1,National League,2024-2025
1fd14651,Aidan Stone,Aidan Stone,eng ENG,GK,Yeovil Town,25,1999,17,17,"1,530",17.0,0,0,0,0,0,0,0,0,0.00,0.00,0.00,0.00,0.00,Matches,,,,,,,,3,17.6,17,17,25,1.47,9,"1,530",3,3,0,0.0,0,,,,3,5,National League,2024-2025
b55820e5,Josh Stones,Josh Stones,eng ENG,FW,Oldham Athletic,20,2003,6,5,363,4.0,4,2,6,4,0,0,3,0,0.99,0.50,1.49,0.99,1.49,Matches,,,,,,,,,,,,,,,,,,,,,,,,,,National League,2024-2025
b55820e5,Josh Stones,Josh Stones,eng ENG,FW,Oldham Athletic,20,2003,6,5,363,4.0,4,2,6,4,0,0,3,0,0.99,0.50,1.49,0.99,1.49,Matches,,,,,,,,,,,,,,,,,,,,,,,,,,National League,2024-2025
b55820e5,Josh Stones,Josh Stones,eng ENG,"FW,MF",York City,20,2003,21,8,"1,000",11.1,7,1,8,7,0,0,3,0,0.63,0.09,0.72,0.63,0.72,Matches,,,,,,,,,,,,,,,,,,,,,,,,,,National League,2024-2025
b55820e5,Josh Stones,Josh Stones,eng ENG,"FW,MF",York City,20,2003,21,8,"1,000",11.1,7,1,8,7,0,0,3,0,0.63,0.09,0.72,0.63,0.72,Matches,,,,,,,,,,,,,,,,,,,,,,,,,,National League,2024-2025
cf07d192,Louis Storey,Louis Storey,eng ENG,"DF,MF",Gateshead,30,1993,10,9,822,9.1,1,0,1,1,0,0,4,0,0.11,0.00,0.11,0.11,0.11,Matches,,,,,,,,,,,,,,,,,,,,,,,,,,National League,2024-2025
e462fbb9,Jack Stretton,Jack Stretton,eng ENG,FW,Oldham Athletic,22,2001,1,0,1,0.0,0,0,0,0,0,0,0,0,0.00,0.00,0.00,0.00,0.00,Matches,,,,,,,,,,,,,,,,,,,,,,,,,,National League,2024-2025
e462fbb9,Jack Stretton,Jack Stretton,eng ENG,FW,Oldham Athletic,22,2001,1,0,1,0.0,0,0,0,0,0,0,0,0,0.00,0.00,0.00,0.00,0.00,Matches,,,,,,,,,,,,,,,,,,,,,,,,,,National League,2024-2025
e462fbb9,Jack Stretton,Jack Stretton,eng ENG,FW,Woking,22,2001,6,4,264,2.9,0,0,0,0,0,0,0,1,0.00,0.00,0.00,0.00,0.00,Matches,,,,,,,,,,,,,,,,,,,,,,,,,,National League,2024-2025
e462fbb9,Jack Stretton,Jack Stretton,eng ENG,FW,Woking,22,2001,6,4,264,2.9,0,0,0,0,0,0,0,1,0.00,0.00,0.00,0.00,0.00,Matches,,,,,,,,,,,,,,,,,,,,,,,,,,National League,2024-2025
cf25877b,Jonny Stuttle,Jonny Stuttle,eng ENG,FW,Aldershot Town,18,2005,6,1,126,1.4,0,0,0,0,0,0,1,0,0.00,0.00,0.00,0.00,0.00,Matches,,,,,,,,,,,,,,,,,,,,,,,,,,National League,2024-2025
5721c197,Munashe Sundire,Munashe Sundire,zw ZIM,"MF,DF",Tamworth,27,1997,29,17,"1,644",18.3,0,0,0,0,0,0,2,0,0.00,0.00,0.00,0.00,0.00,Matches,,,,,,,,,,,,,,,,,,,,,,,,,,National League,2024-2025
a7abd792,Ethan Sutherland,Ethan Sutherland,sct SCO,"MF,FW",Solihull Moors,18,2006,5,2,174,1.9,0,0,0,0,0,0,0,0,0.00,0.00,0.00,0.00,0.00,Matches,,,,,,,,,,,,,,,,,,,,,,,,,,National League,2024-2025
799e7967,Harvey Suttcliffe,Harvey Suttcliffe,eng ENG,"DF,MF",FC Halifax Town,20,2003,9,5,295,3.3,0,0,0,0,0,0,3,0,0.00,0.00,0.00,0.00,0.00,Matches,,,,,,,,,,,,,,,,,,,,,,,,,,National League,2024-2025
2d74fdac,Will Sutton,Will Sutton,eng ENG,DF,Oldham Athletic,21,2002,15,13,"1,055",11.7,0,1,1,0,0,0,3,0,0.00,0.09,0.09,0.00,0.09,Matches,,,,,,,,,,,,,,,,,,,,,,,,,,National League,2024-2025
52e63bdd,Jephte Tanga,Jephte Tanga,eng ENG,MF,Ebbsfleet United,20,2004,18,6,793,8.8,0,0,0,0,0,0,1,0,0.00,0.00,0.00,0.00,0.00,Matches,,,,,,,,,,,,,,,,,,,,,,,,,,National League,2024-2025
016f3eac,Craig Tanner,Craig Tanner,eng ENG,"MF,FW",Ebbsfleet United,29,1994,16,7,714,7.9,0,2,2,0,0,0,2,0,0.00,0.25,0.25,0.00,0.25,Matches,,,,,,,,,,,,,,,,,,,,,,,,,,National League,2024-2025
e04cde81,Sean Tarima,Sean Tarima,eng ENG,MF,FC Halifax Town,19,2004,7,1,241,2.7,0,0,0,0,0,0,0,0,0.00,0.00,0.00,0.00,0.00,Matches,,,,,,,,,,,,,,,,,,,,,,,,,,National League,2024-2025
0beeb166,Nikola Tavares,Nikola Tavares,hr CRO,"DF,MF",Barnet,25,1999,38,34,"2,896",32.2,1,2,3,1,0,0,3,0,0.03,0.06,0.09,0.03,0.09,Matches,,,,,,,,,,,,,,,,,,,,,,,,,,National League,2024-2025
7945a45f,Harry Taylor,Harry Taylor,eng ENG,DF,Southend United,27,1997,45,45,"4,049",45.0,0,1,1,0,0,0,6,0,0.00,0.02,0.02,0.00,0.02,Matches,,,,,,,,,,,,,,,,,,,,,,,,,,National League,2024-2025
3b10aaca,Jack Taylor,Jack Taylor,eng ENG,DF,Sutton United,18,2005,13,12,"1,063",11.8,0,0,0,0,0,0,1,0,0.00,0.00,0.00,0.00,0.00,Matches,,,,,,,,,,,,,,,,,,,,,,,,,,National League,2024-2025
999185eb,Jake Taylor,Jake Taylor,wls WAL,MF,Eastleigh,32,1991,42,40,"3,422",38.0,6,3,9,4,2,3,10,0,0.16,0.08,0.24,0.11,0.18,Matches,,,,,,,,,,,,,,,,,,,,,,,,,,National League,2024-2025
154026a3,Kian Taylor,Kian Taylor,eng ENG,MF,Altrincham,19,2005,5,3,223,2.5,1,0,1,1,0,0,0,0,0.40,0.00,0.40,0.40,0.40,Matches,,,,,,,,,,,,,,,,,,,,,,,,,,National League,2024-2025
ca47d43c,Samuel Taylor,Samuel Taylor,eng ENG,FW,Oldham Athletic,19,2004,1,0,25,0.3,0,0,0,0,0,0,0,0,0.00,0.00,0.00,0.00,0.00,Matches,,,,,,,,,,,,,,,,,,,,,,,,,,National League,2024-2025
84a50ca4,Connor Teale,Connor Teale,eng ENG,DF,Altrincham,21,2002,1,1,90,1.0,0,0,0,0,0,0,0,0,0.00,0.00,0.00,0.00,0.00,Matches,,,,,,,,,,,,,,,,,,,,,,,,,,National League,2024-2025
84a50ca4,Connor Teale,Connor Teale,eng ENG,DF,Altrincham,21,2002,1,1,90,1.0,0,0,0,0,0,0,0,0,0.00,0.00,0.00,0.00,0.00,Matches,,,,,,,,,,,,,,,,,,,,,,,,,,National League,2024-2025
84a50ca4,Connor Teale,Connor Teale,eng ENG,DF,Boston United,21,2002,23,23,"2,070",23.0,3,0,3,3,0,0,1,0,0.13,0.00,0.13,0.13,0.13,Matches,,,,,,,,,,,,,,,,,,,,,,,,,,National League,2024-2025
84a50ca4,Connor Teale,Connor Teale,eng ENG,DF,Boston United,21,2002,23,23,"2,070",23.0,3,0,3,3,0,0,1,0,0.13,0.00,0.13,0.13,0.13,Matches,,,,,,,,,,,,,,,,,,,,,,,,,,National League,2024-2025
f830bae5,Dom Telford,Dom Telford,eng ENG,FW,Barnet,27,1996,15,3,339,3.8,3,1,4,2,1,1,0,0,0.80,0.27,1.06,0.53,0.80,Matches,,,,,,,,,,,,,,,,,,,,,,,,,,National League,2024-2025
bb6a8b34,Frankie Terry,Frankie Terry,eng ENG,DF,Braintree Town,20,2004,19,19,"1,701",18.9,1,0,1,1,0,0,4,0,0.05,0.00,0.05,0.05,0.05,Matches,,,,,,,,,,,,,,,,,,,,,,,,,,National League,2024-2025
bb6a8b34,Frankie Terry,Frankie Terry,eng ENG,DF,Braintree Town,20,2004,19,19,"1,701",18.9,1,0,1,1,0,0,4,0,0.05,0.00,0.05,0.05,0.05,Matches,,,,,,,,,,,,,,,,,,,,,,,,,,National League,2024-2025
bb6a8b34,Frankie Terry,Frankie Terry,eng ENG,DF,Yeovil Town,20,2004,10,10,870,9.7,1,1,2,1,0,0,1,0,0.10,0.10,0.21,0.10,0.21,Matches,,,,,,,,,,,,,,,,,,,,,,,,,,National League,2024-2025
bb6a8b34,Frankie Terry,Frankie Terry,eng ENG,DF,Yeovil Town,20,2004,10,10,870,9.7,1,1,2,1,0,0,1,0,0.10,0.10,0.21,0.10,0.21,Matches,,,,,,,,,,,,,,,,,,,,,,,,,,National League,2024-2025
0eb32994,Dejan Tetek,Dejan Tetek,rs SRB,MF,Aldershot Town,21,2002,22,13,"1,191",13.2,1,2,3,1,0,0,4,0,0.08,0.15,0.23,0.08,0.23,Matches,,,,,,,,,,,,,,,,,,,,,,,,,,National League,2024-2025
b547f08c,Jordan Thomas,Jordan Thomas,eng ENG,MF,Yeovil Town,23,2001,5,1,117,1.3,0,0,0,0,0,0,0,0,0.00,0.00,0.00,0.00,0.00,Matches,,,,,,,,,,,,,,,,,,,,,,,,,,National League,2024-2025
42971f4b,Kwame Thomas,Kwame Thomas,kn SKN,"FW,MF",Ebbsfleet United,28,1995,28,13,"1,249",13.9,2,0,2,1,1,1,4,0,0.14,0.00,0.14,0.07,0.07,Matches,,,,,,,,,,,,,,,,,,,,,,,,,,National League,2024-2025
42971f4b,Kwame Thomas,Kwame Thomas,kn SKN,"FW,MF",Ebbsfleet United,28,1995,28,13,"1,249",13.9,2,0,2,1,1,1,4,0,0.14,0.00,0.14,0.07,0.07,Matches,,,,,,,,,,,,,,,,,,,,,,,,,,National League,2024-2025
42971f4b,Kwame Thomas,Kwame Thomas,kn SKN,FW,Aldershot Town,28,1995,8,3,460,5.1,1,0,1,1,0,0,1,0,0.20,0.00,0.20,0.20,0.20,Matches,,,,,,,,,,,,,,,,,,,,,,,,,,National League,2024-2025
42971f4b,Kwame Thomas,Kwame Thomas,kn SKN,FW,Aldershot Town,28,1995,8,3,460,5.1,1,0,1,1,0,0,1,0,0.20,0.00,0.20,0.20,0.20,Matches,,,,,,,,,,,,,,,,,,,,,,,,,,National League,2024-2025
51c33942,Kymani Thomas,Kymani Thomas,,,Ebbsfleet United,,,1,0,25,0.3,0,0,0,0,0,0,0,0,0.00,0.00,0.00,0.00,0.00,Matches,,,,,,,,,,,,,,,,,,,,,,,,,,National League,2024-2025
273815fa,Luca Thomas,Luca Thomas,eng ENG,"FW,MF",FC Halifax Town,19,2004,20,13,"1,140",12.7,3,2,5,3,0,0,1,0,0.24,0.16,0.39,0.24,0.39,Matches,,,,,,,,,,,,,,,,,,,,,,,,,,National League,2024-2025
273815fa,Luca Thomas,Luca Thomas,eng ENG,"FW,MF",FC Halifax Town,19,2004,20,13,"1,140",12.7,3,2,5,3,0,0,1,0,0.24,0.16,0.39,0.24,0.39,Matches,,,,,,,,,,,,,,,,,,,,,,,,,,National League,2024-2025
273815fa,Luca Thomas,Luca Thomas,eng ENG,MF,York City,19,2004,9,2,196,2.2,2,0,2,2,0,0,0,0,0.92,0.00,0.92,0.92,0.92,Matches,,,,,,,,,,,,,,,,,,,,,,,,,,National League,2024-2025
273815fa,Luca Thomas,Luca Thomas,eng ENG,MF,York City,19,2004,9,2,196,2.2,2,0,2,2,0,0,0,0,0.92,0.00,0.92,0.92,0.92,Matches,,,,,,,,,,,,,,,,,,,,,,,,,,National League,2024-2025
d22bfa74,Olly Thompson,Olly Thompson,,MF,Gateshead,,,5,0,21,0.2,0,0,0,0,0,0,0,0,0.00,0.00,0.00,0.00,0.00,Matches,,,,,,,,,,,,,,,,,,,,,,,,,,National League,2024-2025
5fe2d5ec,Remi Thompson,Remi Thompson,,MF,Altrincham,,,1,0,6,0.1,0,0,0,0,0,0,0,0,0.00,0.00,0.00,0.00,0.00,Matches,,,,,,,,,,,,,,,,,,,,,,,,,,National League,2024-2025
9b1da146,Elliot Thorpe,Elliot Thorpe,wls WAL,"MF,FW",Solihull Moors,23,2000,6,6,391,4.3,1,0,1,1,0,0,0,0,0.23,0.00,0.23,0.23,0.23,Matches,,,,,,,,,,,,,,,,,,,,,,,,,,National League,2024-2025
9b1da146,Elliot Thorpe,Elliot Thorpe,wls WAL,"MF,FW",Solihull Moors,23,2000,6,6,391,4.3,1,0,1,1,0,0,0,0,0.23,0.00,0.23,0.23,0.23,Matches,,,,,,,,,,,,,,,,,,,,,,,,,,National League,2024-2025
9b1da146,Elliot Thorpe,Elliot Thorpe,wls WAL,MF,Wealdstone FC,23,2000,10,4,452,5.0,0,0,0,0,0,0,1,0,0.00,0.00,0.00,0.00,0.00,Matches,,,,,,,,,,,,,,,,,,,,,,,,,,National League,2024-2025
9b1da146,Elliot Thorpe,Elliot Thorpe,wls WAL,MF,Wealdstone FC,23,2000,10,4,452,5.0,0,0,0,0,0,0,1,0,0.00,0.00,0.00,0.00,0.00,Matches,,,,,,,,,,,,,,,,,,,,,,,,,,National League,2024-2025
19eabeab,Robbie Tinkler,Robbie Tinkler,eng ENG,DF,Gateshead,28,1996,30,29,"2,427",27.0,0,0,0,0,0,0,4,0,0.00,0.00,0.00,0.00,0.00,Matches,,,,,,,,,,,,,,,,,,,,,,,,,,National League,2024-2025
d967d9c3,Oliver Tipton,Oliver Tipton,eng ENG,"DF,MF",Solihull Moors,20,2003,39,27,"2,532",28.1,0,3,3,0,0,0,4,0,0.00,0.11,0.11,0.00,0.11,Matches,,,,,,,,,,,,,,,,,,,,,,,,,,National League,2024-2025
ded9e7cc,Tom Tonks,Tom Tonks,eng ENG,MF,Tamworth,32,1991,42,26,"2,413",26.8,1,5,6,1,0,0,13,0,0.04,0.19,0.22,0.04,0.22,Matches,,,,,,,,,,,,,,,,,,,,,,,,,,National League,2024-2025
2a2338d3,Besart Topalloj,Besart Topalloj,eng ENG,"DF,MF",Sutton United,23,2001,25,25,"2,247",25.0,1,0,1,1,0,0,5,1,0.04,0.00,0.04,0.04,0.04,Matches,,,,,,,,,,,,,,,,,,,,,,,,,,National League,2024-2025
0df7e28d,Ben Tozer,Ben Tozer,eng ENG,DF,Forest Green Rovers,34,1990,29,21,"1,959",21.8,0,1,1,0,0,0,3,0,0.00,0.05,0.05,0.00,0.05,Matches,,,,,,,,,,,,,,,,,,,,,,,,,,National League,2024-2025
c332dfe1,Yacouba Traore,Yacouba Traore,eng ENG,"DF,MF",Wealdstone FC,19,2004,7,3,201,2.2,0,0,0,0,0,0,2,0,0.00,0.00,0.00,0.00,0.00,Matches,,,,,,,,,,,,,,,,,,,,,,,,,,National League,2024-2025
4c480be6,Callum Tripp,Callum Tripp,eng ENG,"DF,MF",Gateshead,17,2006,5,5,450,5.0,0,0,0,0,0,0,0,0,0.00,0.00,0.00,0.00,0.00,Matches,,,,,,,,,,,,,,,,,,,,,,,,,,National League,2024-2025
e9629736,Nathan Tshikuna,Nathan Tshikuna,eng ENG,"MF,FW",Eastleigh,25,1999,7,5,499,5.5,0,0,0,0,0,0,0,1,0.00,0.00,0.00,0.00,0.00,Matches,,,,,,,,,,,,,,,,,,,,,,,,,,National League,2024-2025
e9629736,Nathan Tshikuna,Nathan Tshikuna,eng ENG,"MF,FW",Eastleigh,25,1999,7,5,499,5.5,0,0,0,0,0,0,0,1,0.00,0.00,0.00,0.00,0.00,Matches,,,,,,,,,,,,,,,,,,,,,,,,,,National League,2024-2025
e9629736,Nathan Tshikuna,Nathan Tshikuna,eng ENG,"MF,FW",Tamworth,25,1999,28,24,"1,997",22.2,8,4,12,6,2,2,4,0,0.36,0.18,0.54,0.27,0.45,Matches,,,,,,,,,,,,,,,,,,,,,,,,,,National League,2024-2025
e9629736,Nathan Tshikuna,Nathan Tshikuna,eng ENG,"MF,FW",Tamworth,25,1999,28,24,"1,997",22.2,8,4,12,6,2,2,4,0,0.36,0.18,0.54,0.27,0.45,Matches,,,,,,,,,,,,,,,,,,,,,,,,,,National League,2024-2025
3a6e788c,Vinnie Tume,Vinnie Tume,,DF,Sutton United,,,2,0,34,0.4,0,0,0,0,0,0,0,0,0.00,0.00,0.00,0.00,0.00,Matches,,,,,,,,,,,,,,,,,,,,,,,,,,National League,2024-2025
de859a1c,Jordan Tunnicliffe,Jordan Tunnicliffe,eng ENG,DF,Solihull Moors,30,1993,23,21,"1,909",21.2,1,1,2,1,0,0,3,0,0.05,0.05,0.09,0.05,0.09,Matches,,,,,,,,,,,,,,,,,,,,,,,,,,National League,2024-2025
b34c52c3,Jake Turner,Jake Turner,eng ENG,GK,Dagenham & Redbridge,25,1999,7,7,630,7.0,0,0,0,0,0,0,0,0,0.00,0.00,0.00,0.00,0.00,Matches,,,,,,,,3,42.9,7,7,5,0.71,1,630,0,1,0,100.0,1,,,,3,3,National League,2024-2025
74ced66f,Lewys Twamley,Lewys Twamley,wls WAL,FW,Yeovil Town,20,2003,9,1,190,2.1,0,0,0,0,0,0,0,0,0.00,0.00,0.00,0.00,0.00,Matches,,,,,,,,,,,,,,,,,,,,,,,,,,National League,2024-2025
a56de69c,Jesurun Uchegbulam,Jesurun Uchegbulam,eng ENG,"MF,FW",Oldham Athletic,23,2001,27,12,"1,324",14.7,1,1,2,1,0,0,3,0,0.07,0.07,0.14,0.07,0.14,Matches,,,,,,,,,,,,,,,,,,,,,,,,,,National League,2024-2025
a56de69c,Jesurun Uchegbulam,Jesurun Uchegbulam,eng ENG,"MF,FW",Oldham Athletic,23,2001,27,12,"1,324",14.7,1,1,2,1,0,0,3,0,0.07,0.07,0.14,0.07,0.14,Matches,,,,,,,,,,,,,,,,,,,,,,,,,,National League,2024-2025
a56de69c,Jesurun Uchegbulam,Jesurun Uchegbulam,eng ENG,"FW,MF",Eastleigh,23,2001,7,4,380,4.2,0,1,1,0,0,0,0,0,0.00,0.24,0.24,0.00,0.24,Matches,,,,,,,,,,,,,,,,,,,,,,,,,,National League,2024-2025
a56de69c,Jesurun Uchegbulam,Jesurun Uchegbulam,eng ENG,"FW,MF",Eastleigh,23,2001,7,4,380,4.2,0,1,1,0,0,0,0,0,0.00,0.24,0.24,0.00,0.24,Matches,,,,,,,,,,,,,,,,,,,,,,,,,,National League,2024-2025
2c300c14,Josh Umerah,Josh Umerah,eng ENG,FW,Dagenham & Redbridge,27,1997,37,30,"2,638",29.3,8,3,11,7,1,1,10,0,0.27,0.10,0.38,0.24,0.34,Matches,,,,,,,,,,,,,,,,,,,,,,,,,,National League,2024-2025
fe80698e,Connor Underhill,Connor Underhill,,"MF,DF",Eastleigh,,,12,2,314,3.5,0,0,0,0,0,0,0,0,0.00,0.00,0.00,0.00,0.00,Matches,,,,,,,,,,,,,,,,,,,,,,,,,,National League,2024-2025
29cdf4fd,Jonathan Ustabaşı,Jonathan Ustabaşı,eng ENG,"MF,FW",Fylde,30,1994,33,23,"2,128",23.6,2,3,5,2,0,0,6,1,0.08,0.13,0.21,0.08,0.21,Matches,,,,,,,,,,,,,,,,,,,,,,,,,,National League,2024-2025
e4526d3a,Tariq Uwakwe,Tariq Uwakwe,eng ENG,MF,Maidenhead United,24,1999,1,0,6,0.1,0,0,0,0,0,0,0,0,0.00,0.00,0.00,0.00,0.00,Matches,,,,,,,,,,,,,,,,,,,,,,,,,,National League,2024-2025
e4526d3a,Tariq Uwakwe,Tariq Uwakwe,eng ENG,MF,Maidenhead United,24,1999,1,0,6,0.1,0,0,0,0,0,0,0,0,0.00,0.00,0.00,0.00,0.00,Matches,,,,,,,,,,,,,,,,,,,,,,,,,,National League,2024-2025
e4526d3a,Tariq Uwakwe,Tariq Uwakwe,eng ENG,MF,Aldershot Town,24,1999,3,0,26,0.3,0,0,0,0,0,0,0,0,0.00,0.00,0.00,0.00,0.00,Matches,,,,,,,,,,,,,,,,,,,,,,,,,,National League,2024-2025
e4526d3a,Tariq Uwakwe,Tariq Uwakwe,eng ENG,MF,Aldershot Town,24,1999,3,0,26,0.3,0,0,0,0,0,0,0,0,0.00,0.00,0.00,0.00,0.00,Matches,,,,,,,,,,,,,,,,,,,,,,,,,,National League,2024-2025
7b6a96f3,Haydon Vaughan,Haydon Vaughan,,MF,Aldershot Town,,,2,0,5,0.1,0,0,0,0,0,0,0,0,0.00,0.00,0.00,0.00,0.00,Matches,,,,,,,,,,,,,,,,,,,,,,,,,,National League,2024-2025
1fc0a437,Eduino Vaz,Eduino Vaz,gw GNB,"DF,MF",Sutton United,20,2003,29,23,"1,986",22.1,3,3,6,3,0,0,4,0,0.14,0.14,0.27,0.14,0.27,Matches,,,,,,,,,,,,,,,,,,,,,,,,,,National League,2024-2025
f3c5191c,James Vennings,James Vennings,eng ENG,"MF,DF",Braintree Town,24,2000,33,31,"2,825",31.4,0,1,1,0,0,0,9,1,0.00,0.03,0.03,0.00,0.03,Matches,,,,,,,,,,,,,,,,,,,,,,,,,,National League,2024-2025
93da73b8,Ralph Vigrass,Ralph Vigrass,eng ENG,MF,Dagenham & Redbridge,18,2005,6,0,39,0.4,0,0,0,0,0,0,0,0,0.00,0.00,0.00,0.00,0.00,Matches,,,,,,,,,,,,,,,,,,,,,,,,,,National League,2024-2025
e44e16f0,Francis Vincent,Francis Vincent,eng ENG,"DF,MF",Dagenham & Redbridge,25,1999,19,11,978,10.9,0,1,1,0,0,0,3,0,0.00,0.09,0.09,0.00,0.09,Matches,,,,,,,,,,,,,,,,,,,,,,,,,,National League,2024-2025
e44e16f0,Francis Vincent,Francis Vincent,eng ENG,"DF,MF",Dagenham & Redbridge,25,1999,19,11,978,10.9,0,1,1,0,0,0,3,0,0.00,0.09,0.09,0.00,0.09,Matches,,,,,,,,,,,,,,,,,,,,,,,,,,National League,2024-2025
e44e16f0,Francis Vincent,Francis Vincent,eng ENG,"MF,DF",Woking,25,1999,13,8,676,7.5,1,2,3,1,0,0,0,0,0.13,0.27,0.40,0.13,0.40,Matches,,,,,,,,,,,,,,,,,,,,,,,,,,National League,2024-2025
e44e16f0,Francis Vincent,Francis Vincent,eng ENG,"MF,DF",Woking,25,1999,13,8,676,7.5,1,2,3,1,0,0,0,0,0.13,0.27,0.40,0.13,0.40,Matches,,,,,,,,,,,,,,,,,,,,,,,,,,National League,2024-2025
d484c261,Jake Vokins,Jake Vokins,eng ENG,"DF,MF",Eastleigh,24,2000,24,20,"1,707",19.0,1,3,4,1,0,0,3,0,0.05,0.16,0.21,0.05,0.21,Matches,,,,,,,,,,,,,,,,,,,,,,,,,,National League,2024-2025
4e7c5034,Jack Wadham,Jack Wadham,eng ENG,"MF,FW",Sutton United,21,2003,25,19,"1,704",18.9,2,4,6,2,0,0,1,0,0.11,0.21,0.32,0.11,0.32,Matches,,,,,,,,,,,,,,,,,,,,,,,,,,National League,2024-2025
d566ffb6,Noah Wadsworth,Noah Wadsworth,eng ENG,"MF,DF",Boston United,19,2005,3,2,140,1.6,0,0,0,0,0,0,0,0,0.00,0.00,0.00,0.00,0.00,Matches,,,,,,,,,,,,,,,,,,,,,,,,,,National League,2024-2025
60e81db0,Jack Wakely,Jack Wakely,eng ENG,DF,Ebbsfleet United,23,2000,4,1,115,1.3,0,0,0,0,0,0,0,0,0.00,0.00,0.00,0.00,0.00,Matches,,,,,,,,,,,,,,,,,,,,,,,,,,National League,2024-2025
3dedf88f,Danny Waldron,Danny Waldron,eng ENG,"MF,FW",Southend United,28,1996,11,2,252,2.8,0,0,0,0,0,0,0,0,0.00,0.00,0.00,0.00,0.00,Matches,,,,,,,,,,,,,,,,,,,,,,,,,,National League,2024-2025
3dedf88f,Danny Waldron,Danny Waldron,eng ENG,"MF,FW",Southend United,28,1996,11,2,252,2.8,0,0,0,0,0,0,0,0,0.00,0.00,0.00,0.00,0.00,Matches,,,,,,,,,,,,,,,,,,,,,,,,,,National League,2024-2025
3dedf88f,Danny Waldron,Danny Waldron,eng ENG,FW,Tamworth,28,1996,7,0,102,1.1,0,0,0,0,0,0,0,0,0.00,0.00,0.00,0.00,0.00,Matches,,,,,,,,,,,,,,,,,,,,,,,,,,National League,2024-2025
3dedf88f,Danny Waldron,Danny Waldron,eng ENG,FW,Tamworth,28,1996,7,0,102,1.1,0,0,0,0,0,0,0,0,0.00,0.00,0.00,0.00,0.00,Matches,,,,,,,,,,,,,,,,,,,,,,,,,,National League,2024-2025
9def2eb4,Josh Walker,Josh Walker,eng ENG,FW,Southend United,26,1997,35,20,"1,708",19.0,4,2,6,4,0,0,5,0,0.21,0.11,0.32,0.21,0.32,Matches,,,,,,,,,,,,,,,,,,,,,,,,,,National League,2024-2025
f23b5903,Laurie Walker,Laurie Walker,eng ENG,GK,Solihull Moors,34,1989,27,27,"2,430",27.0,0,0,0,0,0,0,3,0,0.00,0.00,0.00,0.00,0.00,Matches,,,,,,,,4,14.8,27,27,41,1.52,11,"2,430",0,2,0,100.0,2,,,,5,11,National League,2024-2025
07240809,Lewis Walker,Lewis Walker,eng ENG,FW,Woking,26,1998,39,17,"1,901",21.1,5,2,7,5,0,0,5,0,0.24,0.09,0.33,0.24,0.33,Matches,,,,,,,,,,,,,,,,,,,,,,,,,,National League,2024-2025
6625dc22,Tyler Walker,Tyler Walker,eng ENG,FW,Wealdstone FC,27,1996,8,7,575,6.4,1,2,3,1,0,0,1,0,0.16,0.31,0.47,0.16,0.47,Matches,,,,,,,,,,,,,,,,,,,,,,,,,,National League,2024-2025
d83a1b10,Kieran Wallace,Kieran Wallace,eng ENG,MF,Tamworth,29,1995,6,3,269,3.0,0,0,0,0,0,0,0,0,0.00,0.00,0.00,0.00,0.00,Matches,,,,,,,,,,,,,,,,,,,,,,,,,,National League,2024-2025
9f630ff6,Charlie Waller,Charlie Waller,eng ENG,DF,Sutton United,19,2005,21,20,"1,797",20.0,1,0,1,1,0,0,3,0,0.05,0.00,0.05,0.05,0.05,Matches,,,,,,,,,,,,,,,,,,,,,,,,,,National League,2024-2025
8ee48565,Sam Waller,Sam Waller,eng ENG,GK,Rochdale,20,2003,20,20,"1,781",19.8,0,2,2,0,0,0,0,0,0.00,0.10,0.10,0.00,0.10,Matches,,,,,,,,7,35.0,20,20,21,1.06,7,"1,781",0,1,0,100.0,1,,,,6,7,National League,2024-2025
3c67d98c,Jake Wannell,Jake Wannell,eng ENG,DF,Yeovil Town,30,1994,33,31,"2,855",31.7,1,0,1,1,0,0,8,2,0.03,0.00,0.03,0.03,0.03,Matches,,,,,,,,,,,,,,,,,,,,,,,,,,National League,2024-2025
f4ab8a71,Matthew Warburton,Matthew Warburton,eng ENG,"MF,FW",Solihull Moors,32,1992,19,10,926,10.3,2,0,2,2,0,0,2,0,0.19,0.00,0.19,0.19,0.19,Matches,,,,,,,,,,,,,,,,,,,,,,,,,,National League,2024-2025
827428c1,Christie Ward,Christie Ward,wls WAL,MF,Braintree Town,20,2003,2,0,24,0.3,0,0,0,0,0,0,0,0,0.00,0.00,0.00,0.00,0.00,Matches,,,,,,,,,,,,,,,,,,,,,,,,,,National League,2024-2025
edb2744d,Jed Ward,Jed Ward,eng ENG,GK,Forest Green Rovers,21,2003,28,28,"2,520",28.0,0,0,0,0,0,0,1,0,0.00,0.00,0.00,0.00,0.00,Matches,,,,,,,,10,35.7,28,28,22,0.79,2,"2,520",0,1,0,100.0,1,,,,11,15,National League,2024-2025
7079be00,Keaton Ward,Keaton Ward,eng ENG,"MF,FW",Boston United,24,2000,44,18,"1,887",21.0,5,3,8,5,0,0,5,0,0.24,0.14,0.38,0.24,0.38,Matches,,,,,,,,,,,,,,,,,,,,,,,,,,National League,2024-2025
83f6fed1,Matt Ward,Matt Ward,eng ENG,MF,Woking,20,2003,34,19,"1,936",21.5,4,2,6,4,0,0,8,0,0.19,0.09,0.28,0.19,0.28,Matches,,,,,,,,,,,,,,,,,,,,,,,,,,National League,2024-2025
ef3438ea,Angel Waruih,Angel Waruih,eng ENG,"MF,FW",Eastleigh,20,2003,43,37,"3,272",36.4,0,2,2,0,0,0,7,0,0.00,0.06,0.06,0.00,0.06,Matches,,,,,,,,,,,,,,,,,,,,,,,,,,National League,2024-2025
6ece557a,Luke Waterfall,Luke Waterfall,eng ENG,DF,Hartlepool United,34,1990,27,25,"2,192",24.4,1,2,3,1,0,0,7,2,0.04,0.08,0.12,0.04,0.12,Matches,,,,,,,,,,,,,,,,,,,,,,,,,,National League,2024-2025
19dc8fb7,Billy Waters,Billy Waters,eng ENG,FW,FC Halifax Town,29,1994,18,18,"1,467",16.3,5,0,5,5,0,0,2,0,0.31,0.00,0.31,0.31,0.31,Matches,,,,,,,,,,,,,,,,,,,,,,,,,,National League,2024-2025
19dc8fb7,Billy Waters,Billy Waters,eng ENG,FW,FC Halifax Town,29,1994,18,18,"1,467",16.3,5,0,5,5,0,0,2,0,0.31,0.00,0.31,0.31,0.31,Matches,,,,,,,,,,,,,,,,,,,,,,,,,,National League,2024-2025
19dc8fb7,Billy Waters,Billy Waters,eng ENG,FW,Oldham Athletic,29,1994,13,9,689,7.7,2,0,2,2,0,1,1,0,0.26,0.00,0.26,0.26,0.26,Matches,,,,,,,,,,,,,,,,,,,,,,,,,,National League,2024-2025
19dc8fb7,Billy Waters,Billy Waters,eng ENG,FW,Oldham Athletic,29,1994,13,9,689,7.7,2,0,2,2,0,1,1,0,0.26,0.00,0.26,0.26,0.26,Matches,,,,,,,,,,,,,,,,,,,,,,,,,,National League,2024-2025
73cb6785,Rory Watson,Rory Watson,eng ENG,GK,York City,28,1996,7,5,520,5.8,0,0,0,0,0,0,1,0,0.00,0.00,0.00,0.00,0.00,Matches,,,,,,,,3,60.0,7,5,8,1.38,1,520,0,0,0,,0,,,,2,2,National League,2024-2025
4079ad1e,Lucas Weaver,Lucas Weaver,,MF,Altrincham,,,20,3,505,5.6,1,1,2,1,0,0,1,0,0.18,0.18,0.36,0.18,0.36,Matches,,,,,,,,,,,,,,,,,,,,,,,,,,National League,2024-2025
42fd0a0c,Oliver Webber,Oliver Webber,nir NIR,GK,Woking,24,2000,2,2,180,2.0,0,0,0,0,0,0,0,0,0.00,0.00,0.00,0.00,0.00,Matches,,,,,,,,0,0.0,2,2,3,1.50,0,180,0,0,0,,0,,,,2,0,National League,2024-2025
0e5b23db,Finley Welch,Finley Welch,eng ENG,MF,Boston United,19,2004,2,2,126,1.4,0,0,0,0,0,0,1,0,0.00,0.00,0.00,0.00,0.00,Matches,,,,,,,,,,,,,,,,,,,,,,,,,,National League,2024-2025
56b89d16,Miles Welch-Hayes,Miles Welch-Hayes,eng ENG,DF,Maidenhead United,27,1996,31,28,"2,442",27.1,1,0,1,1,0,0,3,1,0.04,0.00,0.04,0.04,0.04,Matches,,,,,,,,,,,,,,,,,,,,,,,,,,National League,2024-2025
a71ebcc8,Jack Wells-Morrison,Jack Wells-Morrison,eng ENG,MF,Wealdstone FC,20,2004,16,15,"1,334",14.8,0,1,1,0,0,0,3,0,0.00,0.07,0.07,0.00,0.07,Matches,,,,,,,,,,,,,,,,,,,,,,,,,,National League,2024-2025
a71ebcc8,Jack Wells-Morrison,Jack Wells-Morrison,eng ENG,MF,Wealdstone FC,20,2004,16,15,"1,334",14.8,0,1,1,0,0,0,3,0,0.00,0.07,0.07,0.00,0.07,Matches,,,,,,,,,,,,,,,,,,,,,,,,,,National League,2024-2025
a71ebcc8,Jack Wells-Morrison,Jack Wells-Morrison,eng ENG,"MF,DF",Solihull Moors,20,2004,15,14,"1,260",14.0,0,0,0,0,0,0,0,0,0.00,0.00,0.00,0.00,0.00,Matches,,,,,,,,,,,,,,,,,,,,,,,,,,National League,2024-2025
a71ebcc8,Jack Wells-Morrison,Jack Wells-Morrison,eng ENG,"MF,DF",Solihull Moors,20,2004,15,14,"1,260",14.0,0,0,0,0,0,0,0,0,0.00,0.00,0.00,0.00,0.00,Matches,,,,,,,,,,,,,,,,,,,,,,,,,,National League,2024-2025
c2b7d53e,Joe Westley,Joe Westley,eng ENG,FW,Rochdale,19,2004,3,0,28,0.3,0,0,0,0,0,0,0,0,0.00,0.00,0.00,0.00,0.00,Matches,,,,,,,,,,,,,,,,,,,,,,,,,,National League,2024-2025
c7adf1aa,Charlie Weston,Charlie Weston,eng ENG,MF,Rochdale,20,2004,8,1,196,2.2,0,0,0,0,0,0,0,0,0.00,0.00,0.00,0.00,0.00,Matches,,,,,,,,,,,,,,,,,,,,,,,,,,National League,2024-2025
7586d4fb,Tony Weston,Tony Weston,eng ENG,"FW,MF",Boston United,20,2003,25,14,"1,151",12.8,0,2,2,0,0,0,0,0,0.00,0.16,0.16,0.00,0.16,Matches,,,,,,,,,,,,,,,,,,,,,,,,,,National League,2024-2025
db5373f7,Lennon Wheeldon,Lennon Wheeldon,eng ENG,FW,Boston United,17,2006,3,2,152,1.7,0,0,0,0,0,0,0,0,0.00,0.00,0.00,0.00,0.00,Matches,,,,,,,,,,,,,,,,,,,,,,,,,,National League,2024-2025
4bc65f1a,Callum Whelan,Callum Whelan,eng ENG,"MF,FW",Gateshead,25,1998,24,23,"1,979",22.0,6,3,9,6,0,0,4,0,0.27,0.14,0.41,0.27,0.41,Matches,,,,,,,,,,,,,,,,,,,,,,,,,,National League,2024-2025
8edb65a7,Corey Whelan,Corey Whelan,ie IRL,"DF,MF",Fylde,26,1997,45,43,"3,846",42.7,2,1,3,2,0,0,5,0,0.05,0.02,0.07,0.05,0.07,Matches,,,,,,,,,,,,,,,,,,,,,,,,,,National League,2024-2025
a5d52702,Alex Whitmore,Alex Whitmore,eng ENG,DF,Solihull Moors,28,1995,44,43,"3,858",42.9,4,0,4,4,0,0,8,0,0.09,0.00,0.09,0.09,0.09,Matches,,,,,,,,,,,,,,,,,,,,,,,,,,National League,2024-2025
d8c93f7e,Alex Whittle,Alex Whittle,eng ENG,DF,Yeovil Town,31,1993,34,33,"2,790",31.0,1,1,2,1,0,0,5,0,0.03,0.03,0.06,0.03,0.06,Matches,,,,,,,,,,,,,,,,,,,,,,,,,,National League,2024-2025
be950ce7,Szhem Whyte Hall,Szhem Whyte Hall,,"MF,FW",Solihull Moors,,,12,4,366,4.1,0,1,1,0,0,0,1,0,0.00,0.25,0.25,0.00,0.25,Matches,,,,,,,,,,,,,,,,,,,,,,,,,,National League,2024-2025
f5f5a843,Theo Widdrington,Theo Widdrington,eng ENG,"MF,DF",Aldershot Town,25,1999,36,31,"2,693",29.9,1,3,4,0,1,2,15,1,0.03,0.10,0.13,0.00,0.10,Matches,,,,,,,,,,,,,,,,,,,,,,,,,,National League,2024-2025
c547c634,Conor Wilkinson,Conor Wilkinson,ie IRL,FW,Solihull Moors,29,1995,30,25,"2,199",24.4,13,4,17,13,0,1,12,1,0.53,0.16,0.70,0.53,0.70,Matches,,,,,,,,,,,,,,,,,,,,,,,,,,National League,2024-2025
25b456d2,Finley Wilkinson,Finley Wilkinson,eng ENG,MF,Braintree Town,21,2002,7,7,525,5.8,1,0,1,1,0,0,0,0,0.17,0.00,0.17,0.17,0.17,Matches,,,,,,,,,,,,,,,,,,,,,,,,,,National League,2024-2025
25b456d2,Finley Wilkinson,Finley Wilkinson,eng ENG,MF,Braintree Town,21,2002,7,7,525,5.8,1,0,1,1,0,0,0,0,0.17,0.00,0.17,0.17,0.17,Matches,,,,,,,,,,,,,,,,,,,,,,,,,,National League,2024-2025
25b456d2,Finley Wilkinson,Finley Wilkinson,eng ENG,MF,Barnet,21,2002,4,0,61,0.7,0,0,0,0,0,0,0,0,0.00,0.00,0.00,0.00,0.00,Matches,,,,,,,,,,,,,,,,,,,,,,,,,,National League,2024-2025
25b456d2,Finley Wilkinson,Finley Wilkinson,eng ENG,MF,Barnet,21,2002,4,0,61,0.7,0,0,0,0,0,0,0,0,0.00,0.00,0.00,0.00,0.00,Matches,,,,,,,,,,,,,,,,,,,,,,,,,,National League,2024-2025
3252266d,Jamie Willets,Jamie Willets,eng ENG,DF,Tamworth,31,1992,6,5,444,4.9,0,1,1,0,0,0,0,0,0.00,0.20,0.20,0.00,0.20,Matches,,,,,,,,,,,,,,,,,,,,,,,,,,National League,2024-2025
108a7f3e,Josh Williams,Josh Williams,eng ENG,MF,Gateshead,21,2002,10,9,802,8.9,0,0,0,0,0,0,0,0,0.00,0.00,0.00,0.00,0.00,Matches,,,,,,,,,,,,,,,,,,,,,,,,,,National League,2024-2025
4fb69e0e,Kai Williams,Kai Williams,eng ENG,MF,Tamworth,27,1997,19,4,599,6.7,1,1,2,1,0,0,0,0,0.15,0.15,0.30,0.15,0.30,Matches,,,,,,,,,,,,,,,,,,,,,,,,,,National League,2024-2025
9c7f34ef,Morgan Williams,Morgan Williams,eng ENG,DF,Yeovil Town,24,1999,28,25,"2,262",25.1,2,0,2,2,0,0,4,1,0.08,0.00,0.08,0.08,0.08,Matches,,,,,,,,,,,,,,,,,,,,,,,,,,National League,2024-2025
f36c94f3,George Wilson,George Wilson,eng ENG,MF,Altrincham,23,2001,29,15,"1,514",16.8,1,0,1,1,0,0,6,0,0.06,0.00,0.06,0.06,0.06,Matches,,,,,,,,,,,,,,,,,,,,,,,,,,National League,2024-2025
aa7cbca1,Kyrell Wilson,Kyrell Wilson,eng ENG,"FW,MF",Yeovil Town,19,2004,15,10,865,9.6,1,2,3,1,0,0,0,0,0.10,0.21,0.31,0.10,0.31,Matches,,,,,,,,,,,,,,,,,,,,,,,,,,National League,2024-2025
b2cb71e5,George Wind,George Wind,eng ENG,"MF,DF",Southend United,21,2002,13,2,271,3.0,0,0,0,0,0,0,0,0,0.00,0.00,0.00,0.00,0.00,Matches,,,,,,,,,,,,,,,,,,,,,,,,,,National League,2024-2025
ad6fb9eb,Ben Winterbottom,Ben Winterbottom,eng ENG,GK,Fylde,23,2001,41,41,"3,690",41.0,0,0,0,0,0,0,7,0,0.00,0.00,0.00,0.00,0.00,Matches,,,,,,,,6,14.6,41,41,71,1.73,26,"3,690",5,5,0,0.0,0,,,,7,8,National League,2024-2025
ae97f18e,Jack Wood,Jack Wood,eng ENG,MF,Southend United,21,2002,10,0,153,1.7,0,1,1,0,0,0,0,0,0.00,0.59,0.59,0.00,0.59,Matches,,,,,,,,,,,,,,,,,,,,,,,,,,National League,2024-2025
7d3b91e0,Luca Woodhouse,Luca Woodhouse,eng ENG,DF,Dagenham & Redbridge,20,2004,14,7,692,7.7,1,0,1,1,0,0,3,0,0.13,0.00,0.13,0.13,0.13,Matches,,,,,,,,,,,,,,,,,,,,,,,,,,National League,2024-2025
7d3b91e0,Luca Woodhouse,Luca Woodhouse,eng ENG,DF,Dagenham & Redbridge,20,2004,14,7,692,7.7,1,0,1,1,0,0,3,0,0.13,0.00,0.13,0.13,0.13,Matches,,,,,,,,,,,,,,,,,,,,,,,,,,National League,2024-2025
7d3b91e0,Luca Woodhouse,Luca Woodhouse,eng ENG,"DF,MF",Aldershot Town,20,2004,20,20,"1,785",19.8,1,3,4,1,0,0,2,0,0.05,0.15,0.20,0.05,0.20,Matches,,,,,,,,,,,,,,,,,,,,,,,,,,National League,2024-2025
7d3b91e0,Luca Woodhouse,Luca Woodhouse,eng ENG,"DF,MF",Aldershot Town,20,2004,20,20,"1,785",19.8,1,3,4,1,0,0,2,0,0.05,0.15,0.20,0.05,0.20,Matches,,,,,,,,,,,,,,,,,,,,,,,,,,National League,2024-2025
16cf322d,Deonysus Woodman,Deonysus Woodman,eng ENG,"DF,MF",Wealdstone FC,21,2002,12,9,773,8.6,0,0,0,0,0,0,2,0,0.00,0.00,0.00,0.00,0.00,Matches,,,,,,,,,,,,,,,,,,,,,,,,,,National League,2024-2025
b42ecd28,Martin Woods,Martin Woods,sct SCO,MF,Boston United,38,1986,19,11,916,10.2,0,0,0,0,0,0,2,0,0.00,0.00,0.00,0.00,0.00,Matches,,,,,,,,,,,,,,,,,,,,,,,,,,National League,2024-2025
f9daf48b,Alex Woodyard,Alex Woodyard,eng ENG,MF,Sutton United,31,1993,12,11,694,7.7,0,0,0,0,0,0,2,0,0.00,0.00,0.00,0.00,0.00,Matches,,,,,,,,,,,,,,,,,,,,,,,,,,National League,2024-2025
17f33c4d,Ben Worman,Ben Worman,eng ENG,"MF,FW",Gateshead,22,2001,44,29,"2,663",29.6,1,2,3,1,0,0,3,0,0.03,0.07,0.10,0.03,0.10,Matches,,,,,,,,,,,,,,,,,,,,,,,,,,National League,2024-2025
8c8b941f,Matt Worthington,Matt Worthington,eng ENG,"MF,FW",Oldham Athletic,26,1997,9,5,425,4.7,0,0,0,0,0,0,2,0,0.00,0.00,0.00,0.00,0.00,Matches,,,,,,,,,,,,,,,,,,,,,,,,,,National League,2024-2025
8c8b941f,Matt Worthington,Matt Worthington,eng ENG,"MF,FW",Oldham Athletic,26,1997,9,5,425,4.7,0,0,0,0,0,0,2,0,0.00,0.00,0.00,0.00,0.00,Matches,,,,,,,,,,,,,,,,,,,,,,,,,,National League,2024-2025
8c8b941f,Matt Worthington,Matt Worthington,eng ENG,"MF,DF",Yeovil Town,26,1997,21,16,"1,350",15.0,0,1,1,0,0,0,2,0,0.00,0.07,0.07,0.00,0.07,Matches,,,,,,,,,,,,,,,,,,,,,,,,,,National League,2024-2025
8c8b941f,Matt Worthington,Matt Worthington,eng ENG,"MF,DF",Yeovil Town,26,1997,21,16,"1,350",15.0,0,1,1,0,0,0,2,0,0.00,0.07,0.07,0.00,0.07,Matches,,,,,,,,,,,,,,,,,,,,,,,,,,National League,2024-2025
6a4523ed,Christopher Wreh,Christopher Wreh,eng ENG,FW,Tamworth,27,1996,17,10,874,9.7,3,1,4,3,0,0,0,0,0.31,0.10,0.41,0.31,0.41,Matches,,,,,,,,,,,,,,,,,,,,,,,,,,National League,2024-2025
6a4523ed,Christopher Wreh,Christopher Wreh,eng ENG,FW,Tamworth,27,1996,17,10,874,9.7,3,1,4,3,0,0,0,0,0.31,0.10,0.41,0.31,0.41,Matches,,,,,,,,,,,,,,,,,,,,,,,,,,National League,2024-2025
6a4523ed,Christopher Wreh,Christopher Wreh,eng ENG,FW,Maidenhead United,27,1996,3,0,52,0.6,0,0,0,0,0,0,0,0,0.00,0.00,0.00,0.00,0.00,Matches,,,,,,,,,,,,,,,,,,,,,,,,,,National League,2024-2025
6a4523ed,Christopher Wreh,Christopher Wreh,eng ENG,FW,Maidenhead United,27,1996,3,0,52,0.6,0,0,0,0,0,0,0,0,0.00,0.00,0.00,0.00,0.00,Matches,,,,,,,,,,,,,,,,,,,,,,,,,,National League,2024-2025
2aa43fab,Josh Wright,Josh Wright,eng ENG,"MF,DF",Ebbsfleet United,34,1989,20,19,"1,521",16.9,1,0,1,1,0,0,2,0,0.06,0.00,0.06,0.06,0.06,Matches,,,,,,,,,,,,,,,,,,,,,,,,,,National League,2024-2025
99dd3022,Max Wright,Max Wright,eng ENG,"MF,FW",FC Halifax Town,26,1998,22,9,"1,071",11.9,1,3,4,1,0,0,5,0,0.08,0.25,0.34,0.08,0.34,Matches,,,,,,,,,,,,,,,,,,,,,,,,,,National League,2024-2025
e0084379,Oliver Wright,Oliver Wright,eng ENG,GK,Solihull Moors,21,2002,10,10,900,10.0,0,0,0,0,0,0,0,0,0.00,0.00,0.00,0.00,0.00,Matches,,,,,,,,9,31.0,29,29,35,1.21,11,"2,610",4,4,0,0.0,0,,,,8,10,National League,2024-2025
e0084379,Oliver Wright,Oliver Wright,eng ENG,GK,Solihull Moors,21,2002,10,10,900,10.0,0,0,0,0,0,0,0,0,0.00,0.00,0.00,0.00,0.00,Matches,,,,,,,,0,0.0,10,10,18,1.80,6,900,3,3,0,0.0,0,,,,3,1,National League,2024-2025
e0084379,Oliver Wright,Oliver Wright,eng ENG,GK,Solihull Moors,21,2002,10,10,900,10.0,0,0,0,0,0,0,0,0,0.00,0.00,0.00,0.00,0.00,Matches,,,,,,,,9,31.0,29,29,35,1.21,11,"2,610",4,4,0,0.0,0,,,,8,10,National League,2024-2025
e0084379,Oliver Wright,Oliver Wright,eng ENG,GK,Solihull Moors,21,2002,10,10,900,10.0,0,0,0,0,0,0,0,0,0.00,0.00,0.00,0.00,0.00,Matches,,,,,,,,0,0.0,10,10,18,1.80,6,900,3,3,0,0.0,0,,,,3,1,National League,2024-2025
e0084379,Oliver Wright,Oliver Wright,eng ENG,GK,Yeovil Town,21,2002,29,29,"2,610",29.0,0,0,0,0,0,0,1,0,0.00,0.00,0.00,0.00,0.00,Matches,,,,,,,,9,31.0,29,29,35,1.21,11,"2,610",4,4,0,0.0,0,,,,8,10,National League,2024-2025
e0084379,Oliver Wright,Oliver Wright,eng ENG,GK,Yeovil Town,21,2002,29,29,"2,610",29.0,0,0,0,0,0,0,1,0,0.00,0.00,0.00,0.00,0.00,Matches,,,,,,,,0,0.0,10,10,18,1.80,6,900,3,3,0,0.0,0,,,,3,1,National League,2024-2025
e0084379,Oliver Wright,Oliver Wright,eng ENG,GK,Yeovil Town,21,2002,29,29,"2,610",29.0,0,0,0,0,0,0,1,0,0.00,0.00,0.00,0.00,0.00,Matches,,,,,,,,9,31.0,29,29,35,1.21,11,"2,610",4,4,0,0.0,0,,,,8,10,National League,2024-2025
e0084379,Oliver Wright,Oliver Wright,eng ENG,GK,Yeovil Town,21,2002,29,29,"2,610",29.0,0,0,0,0,0,0,1,0,0.00,0.00,0.00,0.00,0.00,Matches,,,,,,,,0,0.0,10,10,18,1.80,6,900,3,3,0,0.0,0,,,,3,1,National League,2024-2025
2533678d,Marcus Wyllie,Marcus Wyllie,eng ENG,FW,Dagenham & Redbridge,25,1999,10,3,360,4.0,0,0,0,0,0,0,0,0,0.00,0.00,0.00,0.00,0.00,Matches,,,,,,,,,,,,,,,,,,,,,,,,,,National League,2024-2025
86334f1a,Ben Wynter,Ben Wynter,eng ENG,DF,Woking,26,1997,10,7,550,6.1,1,1,2,1,0,0,1,0,0.16,0.16,0.33,0.16,0.33,Matches,,,,,,,,,,,,,,,,,,,,,,,,,,National League,2024-2025
b9d3d3fd,Vimal Yoganathan,Vimal Yoganathan,wls WAL,"MF,FW",Oldham Athletic,18,2006,14,6,598,6.6,1,0,1,1,0,0,2,0,0.15,0.00,0.15,0.15,0.15,Matches,,,,,,,,,,,,,,,,,,,,,,,,,,National League,2024-2025
042f690f,Brad Young,Brad Young,eng ENG,GK,Hartlepool United,22,2002,10,10,900,10.0,0,0,0,0,0,0,0,0,0.00,0.00,0.00,0.00,0.00,Matches,,,,,,,,4,40.0,10,10,14,1.40,2,900,2,2,0,0.0,0,,,,4,4,National League,2024-2025
08901da5,Jordan Young,Jordan Young,sct SCO,"MF,FW",Yeovil Town,25,1999,14,6,688,7.6,1,1,2,1,0,0,1,0,0.13,0.13,0.26,0.13,0.26,Matches,,,,,,,,,,,,,,,,,,,,,,,,,,National League,2024-2025
058aadb0,Offrande Zanzala,Offrande Zanzala,cg CGO,FW,Fylde,27,1996,12,4,423,4.7,0,0,0,0,0,0,0,0,0.00,0.00,0.00,0.00,0.00,Matches,,,,,,,,,,,,,,,,,,,,,,,,,,National League,2024-2025
