PlayerID,Name,player,nationality,position,team,age,birth_year,games,games_starts,minutes,minutes_90s,goals,assists,goals_assists,goals_pens,pens_made,pens_att,cards_yellow,cards_red,goals_per90,assists_per90,goals_assists_per90,goals_pens_per90,goals_assists_pens_per90,matches,goals_per_shot,goals_per_shot_on_target,shots,shots_on_target,shots_on_target_pct,shots_on_target_per90,shots_per90,gk_clean_sheets,gk_clean_sheets_pct,gk_games,gk_games_starts,gk_goals_against,gk_goals_against_per90,gk_losses,gk_minutes,gk_pens_allowed,gk_pens_att,gk_pens_missed,gk_pens_save_pct,gk_pens_saved,gk_save_pct,gk_saves,gk_shots_on_target_against,gk_ties,gk_wins,League,Season
abbc950a,Mustapha Abiodun,Mustapha Abiodun,ng NGA,"MF,FW",Tekstilac Odžaci,19,2005,12,2,384,4.3,1,0,1,1,0,0,0,0,0.23,0.00,0.23,0.23,0.23,Matches,0.50,1.00,2,1,50.0,0.23,0.47,,,,,,,,,,,,,,,,,,,Serbian SuperLiga,2024-2025
abbc950a,Mustapha Abiodun,Mustapha Abiodun,ng NGA,"MF,FW",Tekstilac Odžaci,19,2005,12,2,384,4.3,1,0,1,1,0,0,0,0,0.23,0.00,0.23,0.23,0.23,Matches,,,0,0,,0.00,0.00,,,,,,,,,,,,,,,,,,,Serbian SuperLiga,2024-2025
abbc950a,Mustapha Abiodun,Mustapha Abiodun,ng NGA,FW,Novi Beograd,19,2005,3,0,25,0.3,0,0,0,0,0,0,1,0,0.00,0.00,0.00,0.00,0.00,Matches,0.50,1.00,2,1,50.0,0.23,0.47,,,,,,,,,,,,,,,,,,,Serbian SuperLiga,2024-2025
abbc950a,Mustapha Abiodun,Mustapha Abiodun,ng NGA,FW,Novi Beograd,19,2005,3,0,25,0.3,0,0,0,0,0,0,1,0,0.00,0.00,0.00,0.00,0.00,Matches,,,0,0,,0.00,0.00,,,,,,,,,,,,,,,,,,,Serbian SuperLiga,2024-2025
a194c06b,Dimitrije Aćimović,Dimitrije Aćimović,rs SRB,DF,Jedinstvo Ub,19,2004,24,19,"1,711",19.0,2,0,2,2,0,0,3,0,0.11,0.00,0.11,0.11,0.11,Matches,0.40,1.00,5,2,40.0,0.11,0.26,,,,,,,,,,,,,,,,,,,Serbian SuperLiga,2024-2025
6af56975,Edmund Addo,Edmund Addo,gh GHA,MF,OFK Beograd,24,2000,26,26,"2,175",24.2,0,0,0,0,0,0,12,1,0.00,0.00,0.00,0.00,0.00,Matches,0.00,0.00,8,2,25.0,0.08,0.33,,,,,,,,,,,,,,,,,,,Serbian SuperLiga,2024-2025
3e634eec,Adetunji Adeshina,Adetunji Adeshina,ng NGA,MF,Novi Pazar,19,2004,35,30,"2,435",27.1,6,1,7,6,0,0,9,0,0.22,0.04,0.26,0.22,0.26,Matches,0.25,0.75,24,8,33.3,0.30,0.89,,,,,,,,,,,,,,,,,,,Serbian SuperLiga,2024-2025
683dbf08,Emmanuel Adimchukwunobi,Emmanuel Adimchukwunobi,ng NGA,MF,Novi Beograd,18,2005,3,0,51,0.6,0,0,0,0,0,0,0,0,0.00,0.00,0.00,0.00,0.00,Matches,,,0,0,,0.00,0.00,,,,,,,,,,,,,,,,,,,Serbian SuperLiga,2024-2025
0f8be5ce,Bojan Adžić,Bojan Adžić,me MNE,"MF,DF",Radnički Kragujevac,20,2003,23,10,"1,060",11.8,4,0,4,4,0,0,4,0,0.34,0.00,0.34,0.34,0.34,Matches,1.00,1.33,4,3,75.0,0.25,0.34,,,,,,,,,,,,,,,,,,,Serbian SuperLiga,2024-2025
15ee0274,Nemanja Ahčin,Nemanja Ahčin,rs SRB,MF,Tekstilac Odžaci,30,1994,16,15,"1,182",13.1,3,0,3,3,0,0,4,0,0.23,0.00,0.23,0.23,0.23,Matches,0.75,0.75,4,4,100.0,0.30,0.30,,,,,,,,,,,,,,,,,,,Serbian SuperLiga,2024-2025
c79f7793,Milan Aleksić,Milan Aleksić,rs SRB,FW,Radnički Kragujevac,18,2005,5,5,440,4.9,0,1,1,0,0,0,1,0,0.00,0.20,0.20,0.00,0.20,Matches,0.00,0.00,12,3,25.0,0.61,2.45,,,,,,,,,,,,,,,,,,,Serbian SuperLiga,2024-2025
ccf02f1c,Ognjen Alempijevic,Ognjen Alempijevic,rs SRB,MF,Mladost Lučani,17,2007,6,2,183,2.0,0,0,0,0,0,0,0,0,0.00,0.00,0.00,0.00,0.00,Matches,0.00,,1,0,0.0,0.00,0.49,,,,,,,,,,,,,,,,,,,Serbian SuperLiga,2024-2025
771b45e4,Semir Alić,Semir Alić,rs SRB,MF,Novi Pazar,20,2004,17,6,696,7.7,0,0,0,0,0,0,3,0,0.00,0.00,0.00,0.00,0.00,Matches,0.00,,3,0,0.0,0.00,0.39,,,,,,,,,,,,,,,,,,,Serbian SuperLiga,2024-2025
9248923e,Zoran Alilović,Zoran Alilović,rs SRB,MF,Partizan,18,2006,11,1,236,2.6,0,0,0,0,0,0,1,0,0.00,0.00,0.00,0.00,0.00,Matches,,,0,0,,0.00,0.00,,,,,,,,,,,,,,,,,,,Serbian SuperLiga,2024-2025
e960e29c,Simon Amin,Simon Amin,sy SYR,MF,Radnički Niš,26,1997,5,2,151,1.7,0,0,0,0,0,0,1,0,0.00,0.00,0.00,0.00,0.00,Matches,,,0,0,,0.00,0.00,,,,,,,,,,,,,,,,,,,Serbian SuperLiga,2024-2025
9f8ec0fd,Nikola Andrić,Nikola Andrić,rs SRB,DF,Mladost Lučani,32,1992,33,31,"2,834",31.5,1,0,1,1,0,0,3,0,0.03,0.00,0.03,0.03,0.03,Matches,0.33,0.50,3,2,66.7,0.06,0.10,,,,,,,,,,,,,,,,,,,Serbian SuperLiga,2024-2025
39aa05a7,Ebenezer Annan,Ebenezer Annan,gh GHA,DF,Red Star,21,2002,16,14,"1,221",13.6,1,4,5,1,0,0,2,0,0.07,0.29,0.37,0.07,0.37,Matches,1.00,1.00,1,1,100.0,0.07,0.07,,,,,,,,,,,,,,,,,,,Serbian SuperLiga,2024-2025
39aa05a7,Ebenezer Annan,Ebenezer Annan,gh GHA,DF,Red Star,21,2002,16,14,"1,221",13.6,1,4,5,1,0,0,2,0,0.07,0.29,0.37,0.07,0.37,Matches,0.00,,7,0,0.0,0.00,0.46,,,,,,,,,,,,,,,,,,,Serbian SuperLiga,2024-2025
39aa05a7,Ebenezer Annan,Ebenezer Annan,gh GHA,DF,OFK Beograd,21,2002,19,16,"1,375",15.3,0,4,4,0,0,0,1,1,0.00,0.26,0.26,0.00,0.26,Matches,1.00,1.00,1,1,100.0,0.07,0.07,,,,,,,,,,,,,,,,,,,Serbian SuperLiga,2024-2025
39aa05a7,Ebenezer Annan,Ebenezer Annan,gh GHA,DF,OFK Beograd,21,2002,19,16,"1,375",15.3,0,4,4,0,0,0,1,1,0.00,0.26,0.26,0.00,0.26,Matches,0.00,,7,0,0.0,0.00,0.46,,,,,,,,,,,,,,,,,,,Serbian SuperLiga,2024-2025
ac432dfd,Nikola Antić,Nikola Antić,rs SRB,DF,Partizan,30,1994,6,5,450,5.0,0,2,2,0,0,0,0,0,0.00,0.40,0.40,0.00,0.40,Matches,0.00,,3,0,0.0,0.00,0.60,,,,,,,,,,,,,,,,,,,Serbian SuperLiga,2024-2025
aecfc75e,Léo Antônio,Léo Antônio,br BRA,MF,Spartak Subotica,27,1997,13,6,546,6.1,1,1,2,1,0,0,0,0,0.16,0.16,0.33,0.16,0.33,Matches,1.00,1.00,1,1,100.0,0.16,0.16,,,,,,,,,,,,,,,,,,,Serbian SuperLiga,2024-2025
f30c6a09,Rodney Antwi,Rodney Antwi,nl NED,MF,Novi Pazar,28,1995,30,29,"2,367",26.3,9,3,12,9,0,0,2,0,0.34,0.11,0.46,0.34,0.46,Matches,0.33,0.60,27,15,55.6,0.57,1.03,,,,,,,,,,,,,,,,,,,Serbian SuperLiga,2024-2025
5cdee175,Joe Arana,Joe Arana,ec ECU,FW,Jedinstvo Ub,20,2003,5,2,168,1.9,0,0,0,0,0,0,0,0,0.00,0.00,0.00,0.00,0.00,Matches,0.00,,2,0,0.0,0.00,1.07,,,,,,,,,,,,,,,,,,,Serbian SuperLiga,2024-2025
4f8a9f70,Kervin Arriaga,Kervin Arriaga,hn HON,DF,Partizan,26,1998,15,13,"1,209",13.4,0,1,1,0,0,0,1,0,0.00,0.07,0.07,0.00,0.07,Matches,0.00,0.00,12,4,33.3,0.30,0.89,,,,,,,,,,,,,,,,,,,Serbian SuperLiga,2024-2025
4b4b66a4,Adem Avdić,Adem Avdić,rs SRB,DF,OFK Beograd,16,2007,8,5,437,4.9,0,0,0,0,0,0,2,1,0.00,0.00,0.00,0.00,0.00,Matches,,,0,0,,0.00,0.00,,,,,,,,,,,,,,,,,,,Serbian SuperLiga,2024-2025
f4afe5f8,Alesander Azzam,Alesander Azzam,ru RUS,FW,Tekstilac Odžaci,21,2003,1,0,10,0.1,0,0,0,0,0,0,0,0,0.00,0.00,0.00,0.00,0.00,Matches,,,0,0,,0.00,0.00,,,,,,,,,,,,,,,,,,,Serbian SuperLiga,2024-2025
d44e7d1d,Goran Babic,Goran Babic,eng ENG,MF,Jedinstvo Ub,20,2003,1,0,24,0.3,0,0,0,0,0,0,0,0,0.00,0.00,0.00,0.00,0.00,Matches,,,0,0,,0.00,0.00,,,,,,,,,,,,,,,,,,,Serbian SuperLiga,2024-2025
3af1fe0c,Ilija Babić,Ilija Babić,rs SRB,"MF,FW",Spartak Subotica,21,2002,36,35,"2,931",32.6,3,4,7,3,0,0,4,1,0.09,0.12,0.21,0.09,0.21,Matches,0.27,0.43,11,7,63.6,0.21,0.34,,,,,,,,,,,,,,,,,,,Serbian SuperLiga,2024-2025
e855446d,Andrej Bačanin,Andrej Bačanin,rs SRB,MF,Čukarički,17,2007,17,10,987,11.0,1,2,3,1,0,0,0,0,0.09,0.18,0.27,0.09,0.27,Matches,1.00,1.00,1,1,100.0,0.09,0.09,,,,,,,,,,,,,,,,,,,Serbian SuperLiga,2024-2025
2dfa5711,Filip Bačkulja,Filip Bačkulja,rs SRB,DF,Novi Pazar,22,2002,20,14,"1,288",14.3,3,0,3,3,0,0,6,0,0.21,0.00,0.21,0.21,0.21,Matches,0.38,1.00,8,3,37.5,0.21,0.56,,,,,,,,,,,,,,,,,,,Serbian SuperLiga,2024-2025
7b9efbd4,Macky Bagnack,Macky Bagnack,cm CMR,DF,TSC,29,1995,6,4,375,4.2,1,0,1,1,0,0,1,0,0.24,0.00,0.24,0.24,0.24,Matches,0.50,1.00,2,1,50.0,0.24,0.48,,,,,,,,,,,,,,,,,,,Serbian SuperLiga,2024-2025
956a78ea,Issa Bah,Issa Bah,lu LUX,"FW,MF",Radnički Kragujevac,22,2002,14,9,820,9.1,5,0,5,5,0,0,3,0,0.55,0.00,0.55,0.55,0.55,Matches,0.36,0.63,14,8,57.1,0.88,1.54,,,,,,,,,,,,,,,,,,,Serbian SuperLiga,2024-2025
32b74e97,Bojan Balaž,Bojan Balaž,rs SRB,DF,Železničar Pančevo,23,2001,5,1,160,1.8,0,0,0,0,0,0,1,0,0.00,0.00,0.00,0.00,0.00,Matches,0.00,,1,0,0.0,0.00,0.56,,,,,,,,,,,,,,,,,,,Serbian SuperLiga,2024-2025
35fdbb9d,Lazar Balević,Lazar Balević,rs SRB,GK,Napredak Kruševac,16,2007,21,21,"1,890",21.0,0,0,0,0,0,0,1,0,0.00,0.00,0.00,0.00,0.00,Matches,,,0,0,,0.00,0.00,6,28.6,21,21,26,1.24,10,"1,890",3,3,0,0.0,0,61.0,36,59,5,6,Serbian SuperLiga,2024-2025
a2c8a06f,Toheeb Bamigboye,Toheeb Bamigboye,ng NGA,DF,Novi Pazar,20,2004,2,0,24,0.3,0,0,0,0,0,0,0,0,0.00,0.00,0.00,0.00,0.00,Matches,,,0,0,,0.00,0.00,,,,,,,,,,,,,,,,,,,Serbian SuperLiga,2024-2025
dc955ff9,Mihajlo Banjac,Mihajlo Banjac,rs SRB,MF,TSC,24,1999,19,15,"1,305",14.5,1,4,5,1,0,0,3,0,0.07,0.28,0.34,0.07,0.34,Matches,0.03,0.10,31,10,32.3,0.69,2.14,,,,,,,,,,,,,,,,,,,Serbian SuperLiga,2024-2025
ddd8d161,Petar Barac,Petar Barac,me MNE,FW,Tekstilac Odžaci,19,2005,14,4,551,6.1,2,1,3,2,0,0,3,0,0.33,0.16,0.49,0.33,0.49,Matches,2.00,2.00,1,1,100.0,0.16,0.16,,,,,,,,,,,,,,,,,,,Serbian SuperLiga,2024-2025
cbaf55df,Lucas Barros,Lucas Barros,br BRA,"DF,MF",Vojvodina,24,1999,29,24,"2,097",23.3,0,3,3,0,0,0,6,1,0.00,0.13,0.13,0.00,0.13,Matches,0.00,0.00,8,2,25.0,0.09,0.34,,,,,,,,,,,,,,,,,,,Serbian SuperLiga,2024-2025
09b589a4,Miloš Bašić,Miloš Bašić,rs SRB,FW,Novi Beograd,18,2006,2,0,37,0.4,0,0,0,0,0,0,0,0,0.00,0.00,0.00,0.00,0.00,Matches,,,0,0,,0.00,0.00,,,,,,,,,,,,,,,,,,,Serbian SuperLiga,2024-2025
ec9bc22c,Stefan Bastaja,Stefan Bastaja,rs SRB,DF,Novi Beograd,19,2005,23,18,"1,469",16.3,0,0,0,0,0,0,0,0,0.00,0.00,0.00,0.00,0.00,Matches,0.00,,2,0,0.0,0.00,0.12,,,,,,,,,,,,,,,,,,,Serbian SuperLiga,2024-2025
d5b071dc,Nebojša Bastajić,Nebojša Bastajić,rs SRB,"MF,FW",Napredak Kruševac,33,1990,33,32,"2,704",30.0,6,3,9,5,1,1,4,0,0.20,0.10,0.30,0.17,0.27,Matches,0.19,0.45,27,11,40.7,0.37,0.90,,,,,,,,,,,,,,,,,,,Serbian SuperLiga,2024-2025
7a4c23b9,Antoine Batisse,Antoine Batisse,fr FRA,DF,Novi Beograd,29,1995,36,36,"3,240",36.0,2,2,4,2,0,0,6,0,0.06,0.06,0.11,0.06,0.11,Matches,0.14,0.40,14,5,35.7,0.14,0.39,,,,,,,,,,,,,,,,,,,Serbian SuperLiga,2024-2025
78e6bf2c,Brian Bayeye,Brian Bayeye,cd COD,DF,Radnički Niš,24,2000,7,6,522,5.8,0,0,0,0,0,0,0,0,0.00,0.00,0.00,0.00,0.00,Matches,,,0,0,,0.00,0.00,,,,,,,,,,,,,,,,,,,Serbian SuperLiga,2024-2025
f22296c7,Nemanja Belaković,Nemanja Belaković,rs SRB,"DF,MF",Radnički Niš,27,1997,26,20,"1,736",19.3,1,1,2,0,1,1,3,0,0.05,0.05,0.10,0.00,0.05,Matches,0.00,0.00,11,2,18.2,0.10,0.57,,,,,,,,,,,,,,,,,,,Serbian SuperLiga,2024-2025
ff182fdc,Ishak Belfodil,Ishak Belfodil,dz ALG,FW,Novi Beograd,32,1992,14,11,"1,009",11.2,4,4,8,3,1,1,0,0,0.36,0.36,0.71,0.27,0.62,Matches,0.23,0.50,13,6,46.2,0.54,1.16,,,,,,,,,,,,,,,,,,,Serbian SuperLiga,2024-2025
e771b117,Nemanja Belić,Nemanja Belić,rs SRB,GK,Novi Beograd,37,1987,9,9,810,9.0,0,0,0,0,0,0,0,0,0.00,0.00,0.00,0.00,0.00,Matches,,,0,0,,0.00,0.00,1,11.1,9,9,17,1.89,5,810,1,1,0,0.0,0,57.9,22,38,2,2,Serbian SuperLiga,2024-2025
04dd393d,Louay Ben Hassine,Louay Ben Hassine,tn TUN,MF,Radnički Kragujevac,24,2000,34,25,"2,189",24.3,3,0,3,3,0,0,7,0,0.12,0.00,0.12,0.12,0.12,Matches,0.20,0.60,15,5,33.3,0.21,0.62,,,,,,,,,,,,,,,,,,,Serbian SuperLiga,2024-2025
1a7b4364,Justin Bengui,Justin Bengui,fr FRA,GK,Jedinstvo Ub,19,2005,12,12,"1,079",12.0,0,0,0,0,0,0,0,0,0.00,0.00,0.00,0.00,0.00,Matches,,,0,0,,0.00,0.00,0,0.0,12,12,19,1.58,8,"1,079",0,1,0,100.0,1,-5.6,0,18,1,3,Serbian SuperLiga,2024-2025
6123aa99,Michael Bermúdez,Michael Bermúdez,ec ECU,FW,OFK Beograd,18,2006,9,3,276,3.1,0,1,1,0,0,0,0,0,0.00,0.33,0.33,0.00,0.33,Matches,0.00,0.00,6,2,33.3,0.65,1.96,,,,,,,,,,,,,,,,,,,Serbian SuperLiga,2024-2025
7ca9f0f0,Muhamed Bešić,Muhamed Bešić,ba BIH,DF,Spartak Subotica,31,1992,5,4,247,2.7,0,0,0,0,0,0,0,0,0.00,0.00,0.00,0.00,0.00,Matches,,,0,0,,0.00,0.00,,,,,,,,,,,,,,,,,,,Serbian SuperLiga,2024-2025
9a4e6a74,Kilian Bevis,Kilian Bevis,gp GLP,MF,Radnički Kragujevac,26,1998,36,30,"2,710",30.1,7,7,14,6,1,1,4,0,0.23,0.23,0.46,0.20,0.43,Matches,0.13,0.27,48,22,45.8,0.73,1.59,,,,,,,,,,,,,,,,,,,Serbian SuperLiga,2024-2025
7f02ba09,Diogo Bezerra,Diogo Bezerra,br BRA,MF,OFK Beograd,22,2002,15,14,"1,210",13.4,3,3,6,3,0,1,1,0,0.22,0.22,0.45,0.22,0.45,Matches,0.43,0.75,7,4,57.1,0.30,0.52,,,,,,,,,,,,,,,,,,,Serbian SuperLiga,2024-2025
67ce724c,Luka Bijelovic,Luka Bijelovic,rs SRB,"MF,FW",Spartak Subotica,23,2001,23,12,"1,156",12.8,1,0,1,1,0,0,0,0,0.08,0.00,0.08,0.08,0.08,Matches,0.13,0.14,8,7,87.5,0.54,0.62,,,,,,,,,,,,,,,,,,,Serbian SuperLiga,2024-2025
29df114a,Yohan Bilingi,Yohan Bilingi,fr FRA,DF,Spartak Subotica,25,1999,15,13,"1,191",13.2,0,0,0,0,0,0,2,0,0.00,0.00,0.00,0.00,0.00,Matches,,,0,0,,0.00,0.00,,,,,,,,,,,,,,,,,,,Serbian SuperLiga,2024-2025
a5023c6e,Boston Billups,Boston Billups,us USA,MF,Novi Beograd,18,2005,4,0,21,0.2,0,0,0,0,0,0,0,0,0.00,0.00,0.00,0.00,0.00,Matches,,,0,0,,0.00,0.00,,,,,,,,,,,,,,,,,,,Serbian SuperLiga,2024-2025
0b7dce08,Ognjen Bjeličić,Ognjen Bjeličić,rs SRB,DF,Novi Pazar,27,1997,10,10,855,9.5,0,1,1,0,0,0,1,0,0.00,0.11,0.11,0.00,0.11,Matches,0.00,0.00,3,2,66.7,0.21,0.32,,,,,,,,,,,,,,,,,,,Serbian SuperLiga,2024-2025
75f33345,Bozidar Blagojevic,Bozidar Blagojevic,rs SRB,DF,Železničar Pančevo,22,2002,1,0,66,0.7,0,0,0,0,0,0,1,0,0.00,0.00,0.00,0.00,0.00,Matches,,,0,0,,0.00,0.00,,,,,,,,,,,,,,,,,,,Serbian SuperLiga,2024-2025
990744ee,Vuk Bogdanović,Vuk Bogdanović,rs SRB,DF,Mladost Lučani,22,2002,6,4,237,2.6,0,0,0,0,0,0,0,0,0.00,0.00,0.00,0.00,0.00,Matches,,,0,0,,0.00,0.00,,,,,,,,,,,,,,,,,,,Serbian SuperLiga,2024-2025
bc5eaa13,Nikola Bogdanovski,Nikola Bogdanovski,mk MKD,"MF,DF",Napredak Kruševac,25,1999,12,3,343,3.8,0,0,0,0,0,0,0,0,0.00,0.00,0.00,0.00,0.00,Matches,,,0,0,,0.00,0.00,,,,,,,,,,,,,,,,,,,Serbian SuperLiga,2024-2025
cf21165c,Mihailo Bogicevic,Mihailo Bogicevic,ch SUI,DF,Spartak Subotica,26,1998,36,33,"3,006",33.4,1,1,2,1,0,0,6,0,0.03,0.03,0.06,0.03,0.06,Matches,0.17,0.50,6,2,33.3,0.06,0.18,,,,,,,,,,,,,,,,,,,Serbian SuperLiga,2024-2025
8a29bc2c,Dragan Bojat,Dragan Bojat,rs SRB,DF,Novi Pazar,20,2003,30,28,"2,490",27.7,2,0,2,2,0,0,6,0,0.07,0.00,0.07,0.07,0.07,Matches,0.40,1.00,5,2,40.0,0.07,0.18,,,,,,,,,,,,,,,,,,,Serbian SuperLiga,2024-2025
86ff431a,Petar Bojić,Petar Bojić,rs SRB,"MF,FW",Mladost Lučani,32,1991,31,20,"2,117",23.5,4,1,5,4,0,0,3,0,0.17,0.04,0.21,0.17,0.21,Matches,0.29,0.50,14,8,57.1,0.34,0.60,,,,,,,,,,,,,,,,,,,Serbian SuperLiga,2024-2025
3a3e1916,Jonathan Bolingi,Jonathan Bolingi,cd COD,FW,Vojvodina,30,1994,5,0,61,0.7,0,0,0,0,0,0,0,0,0.00,0.00,0.00,0.00,0.00,Matches,,,0,0,,0.00,0.00,,,,,,,,,,,,,,,,,,,Serbian SuperLiga,2024-2025
ba45c60a,Ognjen Bondžulić,Ognjen Bondžulić,rs SRB,"FW,MF",Mladost Lučani,17,2007,16,15,"1,352",15.0,6,1,7,6,0,0,4,0,0.40,0.07,0.47,0.40,0.47,Matches,0.67,0.75,9,8,88.9,0.53,0.60,,,,,,,,,,,,,,,,,,,Serbian SuperLiga,2024-2025
edfe36a7,Ugo Bonnet,Ugo Bonnet,fr FRA,FW,Novi Beograd,30,1993,24,11,"1,064",11.8,4,1,5,4,0,0,2,0,0.34,0.08,0.42,0.34,0.42,Matches,0.21,0.50,19,8,42.1,0.68,1.61,,,,,,,,,,,,,,,,,,,Serbian SuperLiga,2024-2025
7095d00e,Radivoj Bosić,Radivoj Bosić,rs SRB,"MF,FW",Radnički Niš,23,2000,31,25,"2,250",25.0,5,7,12,5,0,0,7,0,0.20,0.28,0.48,0.20,0.48,Matches,0.13,0.45,39,11,28.2,0.44,1.56,,,,,,,,,,,,,,,,,,,Serbian SuperLiga,2024-2025
83d28b5a,Kristijan Bošković,Kristijan Bošković,rs SRB,DF,Jedinstvo Ub,22,2001,3,0,48,0.5,0,0,0,0,0,0,0,0,0.00,0.00,0.00,0.00,0.00,Matches,,,0,0,,0.00,0.00,,,,,,,,,,,,,,,,,,,Serbian SuperLiga,2024-2025
dab9e30f,Bojan Brać,Bojan Brać,rs SRB,GK,Tekstilac Odžaci,35,1989,33,33,"2,904",32.3,0,0,0,0,0,0,0,0,0.00,0.00,0.00,0.00,0.00,Matches,,,0,0,,0.00,0.00,6,18.2,33,33,58,1.80,19,"2,904",6,6,0,0.0,0,37.3,31,83,4,10,Serbian SuperLiga,2024-2025
f276ff38,Ensar Brahic,Ensar Brahic,rs SRB,FW,Novi Pazar,20,2004,2,0,23,0.3,0,0,0,0,0,0,0,0,0.00,0.00,0.00,0.00,0.00,Matches,0.00,0.00,3,1,33.3,3.91,11.74,,,,,,,,,,,,,,,,,,,Serbian SuperLiga,2024-2025
6cec273a,Ensar Brunčević,Ensar Brunčević,rs SRB,DF,Novi Pazar,25,1999,3,0,29,0.3,0,0,0,0,0,0,2,0,0.00,0.00,0.00,0.00,0.00,Matches,,,0,0,,0.00,0.00,,,,,,,,,,,,,,,,,,,Serbian SuperLiga,2024-2025
3ecd7472,Mateja Bubanj,Mateja Bubanj,rs SRB,FW,Napredak Kruševac,19,2005,27,6,848,9.4,1,0,1,1,0,0,1,0,0.11,0.00,0.11,0.11,0.11,Matches,0.13,0.25,8,4,50.0,0.42,0.85,,,,,,,,,,,,,,,,,,,Serbian SuperLiga,2024-2025
9dfc28e5,Stefan Bukinac,Stefan Bukinac,rs SRB,DF,Vojvodina,19,2005,10,8,693,7.7,0,1,1,0,0,0,0,0,0.00,0.13,0.13,0.00,0.13,Matches,,,0,0,,0.00,0.00,,,,,,,,,,,,,,,,,,,Serbian SuperLiga,2024-2025
f9a43e9b,Stefan Bukorac,Stefan Bukorac,rs SRB,DF,Napredak Kruševac,33,1991,33,33,"2,961",32.9,2,2,4,2,0,0,10,0,0.06,0.06,0.12,0.06,0.12,Matches,0.25,0.67,8,3,37.5,0.09,0.24,,,,,,,,,,,,,,,,,,,Serbian SuperLiga,2024-2025
f93a41ea,Nikola Bukumira,Nikola Bukumira,rs SRB,MF,Radnički Kragujevac,18,2005,12,1,257,2.9,0,1,1,0,0,0,2,0,0.00,0.35,0.35,0.00,0.35,Matches,0.00,,1,0,0.0,0.00,0.35,,,,,,,,,,,,,,,,,,,Serbian SuperLiga,2024-2025
3ee273d5,Vukasin Bulatovic,Vukasin Bulatovic,us USA,DF,Radnički Kragujevac,24,2000,2,0,19,0.2,0,0,0,0,0,0,0,0,0.00,0.00,0.00,0.00,0.00,Matches,,,0,0,,0.00,0.00,,,,,,,,,,,,,,,,,,,Serbian SuperLiga,2024-2025
247d3507,Dragoslav Burkić,Dragoslav Burkić,at AUT,MF,Tekstilac Odžaci,24,2000,2,0,58,0.6,0,0,0,0,0,0,0,0,0.00,0.00,0.00,0.00,0.00,Matches,,,0,0,,0.00,0.00,,,,,,,,,,,,,,,,,,,Serbian SuperLiga,2024-2025
9df4a7e8,Mihai Butean,Mihai Butean,ro ROU,DF,Vojvodina,27,1996,29,24,"2,295",25.5,1,2,3,1,0,0,6,0,0.04,0.08,0.12,0.04,0.12,Matches,0.10,1.00,10,1,10.0,0.04,0.39,,,,,,,,,,,,,,,,,,,Serbian SuperLiga,2024-2025
59ebbd72,Nemanja Ćalasan,Nemanja Ćalasan,rs SRB,DF,Spartak Subotica,28,1996,16,16,"1,395",15.5,0,1,1,0,0,0,6,0,0.00,0.06,0.06,0.00,0.06,Matches,0.00,0.00,5,2,40.0,0.13,0.32,,,,,,,,,,,,,,,,,,,Serbian SuperLiga,2024-2025
3956ea02,Kenroy Campbell,Kenroy Campbell,jm JAM,MF,Novi Beograd,22,2002,7,2,229,2.5,0,0,0,0,0,0,2,0,0.00,0.00,0.00,0.00,0.00,Matches,,,0,0,,0.00,0.00,,,,,,,,,,,,,,,,,,,Serbian SuperLiga,2024-2025
23559bd9,Luka Capan,Luka Capan,hr CRO,DF,TSC,29,1995,21,18,"1,583",17.6,0,0,0,0,0,0,6,0,0.00,0.00,0.00,0.00,0.00,Matches,0.00,,1,0,0.0,0.00,0.06,,,,,,,,,,,,,,,,,,,Serbian SuperLiga,2024-2025
f88280c3,Vladan Čarapić,Vladan Čarapić,rs SRB,GK,Čukarički,17,2007,1,1,90,1.0,0,0,0,0,0,0,0,0,0.00,0.00,0.00,0.00,0.00,Matches,,,0,0,,0.00,0.00,0,0.0,1,1,2,2.00,0,90,0,0,0,,0,0.0,0,2,1,0,Serbian SuperLiga,2024-2025
8804949c,Lazar Carević,Lazar Carević,me MNE,GK,Vojvodina,25,1999,3,3,270,3.0,0,0,0,0,0,0,0,0,0.00,0.00,0.00,0.00,0.00,Matches,,,0,0,,0.00,0.00,0,0.0,3,3,7,2.33,2,270,0,0,0,,0,41.7,5,12,0,1,Serbian SuperLiga,2024-2025
a1bb9045,Edrissa Ceesay,Edrissa Ceesay,gm GAM,DF,Jedinstvo Ub,23,2001,6,4,387,4.3,0,0,0,0,0,0,3,0,0.00,0.00,0.00,0.00,0.00,Matches,,,0,0,,0.00,0.00,,,,,,,,,,,,,,,,,,,Serbian SuperLiga,2024-2025
37fb2001,Stephen Chinedu,Stephen Chinedu,ng NGA,FW,Radnički Kragujevac,24,2000,10,5,448,5.0,2,0,2,2,0,0,0,0,0.40,0.00,0.40,0.40,0.40,Matches,0.67,2.00,3,1,33.3,0.20,0.60,,,,,,,,,,,,,,,,,,,Serbian SuperLiga,2024-2025
8661efe7,Stefan Cimbaljević,Stefan Cimbaljević,mk MKD,DF,Jedinstvo Ub,19,2005,5,2,225,2.5,0,0,0,0,0,0,1,0,0.00,0.00,0.00,0.00,0.00,Matches,,,0,0,,0.00,0.00,,,,,,,,,,,,,,,,,,,Serbian SuperLiga,2024-2025
3be1289b,Jovan Ćirić,Jovan Ćirić,rs SRB,"MF,FW",Mladost Lučani,17,2007,24,16,"1,129",12.5,1,0,1,1,0,0,2,0,0.08,0.00,0.08,0.08,0.08,Matches,0.08,0.25,13,4,30.8,0.32,1.04,,,,,,,,,,,,,,,,,,,Serbian SuperLiga,2024-2025
7ff1c729,Aleksandar Ćirković,Aleksandar Ćirković,rs SRB,MF,TSC,22,2001,18,12,"1,158",12.9,4,1,5,4,0,0,6,0,0.31,0.08,0.39,0.31,0.39,Matches,0.13,0.57,32,7,21.9,0.54,2.49,,,,,,,,,,,,,,,,,,,Serbian SuperLiga,2024-2025
aa77ae9b,Nikola Ćirković,Nikola Ćirković,rs SRB,DF,Mladost Lučani,32,1991,28,28,"2,475",27.5,1,0,1,1,0,0,4,0,0.04,0.00,0.04,0.04,0.04,Matches,0.20,0.33,5,3,60.0,0.11,0.18,,,,,,,,,,,,,,,,,,,Serbian SuperLiga,2024-2025
8bd86d1c,Petar Ćirković,Petar Ćirković,rs SRB,DF,Napredak Kruševac,24,1999,7,3,328,3.6,0,0,0,0,0,0,3,0,0.00,0.00,0.00,0.00,0.00,Matches,0.00,0.00,1,1,100.0,0.27,0.27,,,,,,,,,,,,,,,,,,,Serbian SuperLiga,2024-2025
28ffbce0,Abdoulaye Cissé,Abdoulaye Cissé,gn GUI,MF,Novi Pazar,29,1994,12,11,927,10.3,3,0,3,3,0,0,2,0,0.29,0.00,0.29,0.29,0.29,Matches,0.43,0.50,7,6,85.7,0.58,0.68,,,,,,,,,,,,,,,,,,,Serbian SuperLiga,2024-2025
9abeb0b4,Atule Collins,Atule Collins,ng NGA,FW,Spartak Subotica,20,2004,10,3,375,4.2,1,0,1,1,0,0,0,0,0.24,0.00,0.24,0.24,0.24,Matches,0.13,1.00,8,1,12.5,0.24,1.92,,,,,,,,,,,,,,,,,,,Serbian SuperLiga,2024-2025
d5854b7a,Stefan Čolović,Stefan Čolović,rs SRB,DF,Radnički Niš,30,1994,1,1,45,0.5,0,0,0,0,0,0,0,0,0.00,0.00,0.00,0.00,0.00,Matches,,,0,0,,0.00,0.00,,,,,,,,,,,,,,,,,,,Serbian SuperLiga,2024-2025
2432d68d,Mehmed Ćosić,Mehmed Ćosić,ba BIH,"DF,MF",Radnički Kragujevac,27,1997,34,32,"2,814",31.3,2,5,7,2,0,0,6,0,0.06,0.16,0.22,0.06,0.22,Matches,0.20,0.33,10,6,60.0,0.19,0.32,,,,,,,,,,,,,,,,,,,Serbian SuperLiga,2024-2025
26e4447b,Yoann Court,Yoann Court,fr FRA,MF,Novi Beograd,34,1990,28,14,"1,428",15.9,3,1,4,1,2,3,5,0,0.19,0.06,0.25,0.06,0.13,Matches,0.04,0.10,26,10,38.5,0.63,1.64,,,,,,,,,,,,,,,,,,,Serbian SuperLiga,2024-2025
e1604571,Đorđe Crnomarković,Đorđe Crnomarković,rs SRB,DF,Vojvodina,30,1993,27,26,"2,276",25.3,1,0,1,1,0,0,11,2,0.04,0.00,0.04,0.04,0.04,Matches,0.14,1.00,7,1,14.3,0.04,0.28,,,,,,,,,,,,,,,,,,,Serbian SuperLiga,2024-2025
e8d97e5a,Dragan Čubra,Dragan Čubra,rs SRB,DF,Napredak Kruševac,22,2002,12,6,612,6.8,0,0,0,0,0,0,2,0,0.00,0.00,0.00,0.00,0.00,Matches,0.00,,1,0,0.0,0.00,0.15,,,,,,,,,,,,,,,,,,,Serbian SuperLiga,2024-2025
b1ede8ef,Marko Curic,Marko Curic,rs SRB,MF,Železničar Pančevo,20,2003,26,16,"1,308",14.5,2,2,4,2,0,0,3,0,0.14,0.14,0.28,0.14,0.28,Matches,0.14,0.29,14,7,50.0,0.48,0.96,,,,,,,,,,,,,,,,,,,Serbian SuperLiga,2024-2025
5911813f,Dusan Cvetinovic,Dusan Cvetinovic,rs SRB,DF,Mladost Lučani,35,1988,24,21,"1,697",18.9,1,0,1,1,0,0,3,2,0.05,0.00,0.05,0.05,0.05,Matches,0.33,0.50,3,2,66.7,0.11,0.16,,,,,,,,,,,,,,,,,,,Serbian SuperLiga,2024-2025
ca5bb502,Aleksa Cvetković,Aleksa Cvetković,rs SRB,MF,OFK Beograd,19,2005,36,26,"2,288",25.4,4,3,7,4,0,0,3,0,0.16,0.12,0.28,0.16,0.28,Matches,0.27,0.50,15,8,53.3,0.31,0.59,,,,,,,,,,,,,,,,,,,Serbian SuperLiga,2024-2025
a9be55c1,Mihajlo Cvetković,Mihajlo Cvetković,rs SRB,"FW,MF",Čukarički,17,2007,31,21,"1,672",18.6,8,1,9,8,0,0,5,0,0.43,0.05,0.48,0.43,0.48,Matches,0.31,0.57,26,14,53.8,0.75,1.40,,,,,,,,,,,,,,,,,,,Serbian SuperLiga,2024-2025
a7bc6c2a,Miloš Cvetković,Miloš Cvetković,rs SRB,"DF,MF",Čukarički,34,1990,20,17,"1,460",16.2,1,0,1,1,0,0,3,0,0.06,0.00,0.06,0.06,0.06,Matches,0.50,,2,0,0.0,0.00,0.12,,,,,,,,,,,,,,,,,,,Serbian SuperLiga,2024-2025
7d441952,Stefan Cvetkovic,Stefan Cvetkovic,rs SRB,MF,Železničar Pančevo,26,1998,33,26,"2,285",25.4,8,3,11,7,1,1,3,0,0.32,0.12,0.43,0.28,0.39,Matches,0.23,0.50,30,14,46.7,0.55,1.18,,,,,,,,,,,,,,,,,,,Serbian SuperLiga,2024-2025
7fee4a5f,Tomislav Dadić,Tomislav Dadić,hr CRO,DF,Radnički Kragujevac,26,1997,30,25,"2,127",23.6,1,1,2,1,0,0,13,0,0.04,0.04,0.08,0.04,0.08,Matches,0.10,0.33,10,3,30.0,0.13,0.42,,,,,,,,,,,,,,,,,,,Serbian SuperLiga,2024-2025
87cca890,Dálcio,Dálcio,gw GNB,"FW,MF",Red Star,28,1996,13,8,760,8.4,0,1,1,0,0,0,0,0,0.00,0.12,0.12,0.00,0.12,Matches,0.00,0.00,10,4,40.0,0.47,1.18,,,,,,,,,,,,,,,,,,,Serbian SuperLiga,2024-2025
72b16216,Viktor Damjanić,Viktor Damjanić,hr CRO,DF,Jedinstvo Ub,18,2005,32,31,"2,714",30.2,1,0,1,1,0,0,8,0,0.03,0.00,0.03,0.03,0.03,Matches,0.20,0.50,5,2,40.0,0.07,0.17,,,,,,,,,,,,,,,,,,,Serbian SuperLiga,2024-2025
1a8dd395,Uros Damnjanovic,Uros Damnjanovic,rs SRB,FW,Jedinstvo Ub,15,2008,2,0,46,0.5,0,0,0,0,0,0,0,0,0.00,0.00,0.00,0.00,0.00,Matches,,,0,0,,0.00,0.00,,,,,,,,,,,,,,,,,,,Serbian SuperLiga,2024-2025
b531bf7a,Jovan Dašić,Jovan Dašić,me MNE,MF,Tekstilac Odžaci,21,2003,7,1,167,1.9,0,0,0,0,0,0,0,0,0.00,0.00,0.00,0.00,0.00,Matches,,,0,0,,0.00,0.00,,,,,,,,,,,,,,,,,,,Serbian SuperLiga,2024-2025
133efbe2,Ivan Davidović,Ivan Davidović,rs SRB,MF,Tekstilac Odžaci,28,1996,32,29,"2,219",24.7,6,2,8,5,1,2,5,0,0.24,0.08,0.32,0.20,0.28,Matches,0.14,0.36,37,14,37.8,0.57,1.50,,,,,,,,,,,,,,,,,,,Serbian SuperLiga,2024-2025
c8e65157,Miloš Degenek,Miloš Degenek,au AUS,DF,TSC,30,1994,16,16,"1,440",16.0,0,0,0,0,0,0,3,0,0.00,0.00,0.00,0.00,0.00,Matches,,,0,0,,0.00,0.00,,,,,,,,,,,,,,,,,,,Serbian SuperLiga,2024-2025
c8e65157,Miloš Degenek,Miloš Degenek,au AUS,DF,TSC,30,1994,16,16,"1,440",16.0,0,0,0,0,0,0,3,0,0.00,0.00,0.00,0.00,0.00,Matches,,,0,0,,0.00,0.00,,,,,,,,,,,,,,,,,,,Serbian SuperLiga,2024-2025
c8e65157,Miloš Degenek,Miloš Degenek,au AUS,"DF,MF",Red Star,30,1994,1,0,8,0.1,0,0,0,0,0,0,0,0,0.00,0.00,0.00,0.00,0.00,Matches,,,0,0,,0.00,0.00,,,,,,,,,,,,,,,,,,,Serbian SuperLiga,2024-2025
c8e65157,Miloš Degenek,Miloš Degenek,au AUS,"DF,MF",Red Star,30,1994,1,0,8,0.1,0,0,0,0,0,0,0,0,0.00,0.00,0.00,0.00,0.00,Matches,,,0,0,,0.00,0.00,,,,,,,,,,,,,,,,,,,Serbian SuperLiga,2024-2025
9e5e7bae,Dele,Dele,ng NGA,"MF,FW",Vojvodina,23,2001,34,28,"2,399",26.7,15,4,19,13,2,2,7,0,0.56,0.15,0.71,0.49,0.64,Matches,0.30,0.65,43,20,46.5,0.75,1.61,,,,,,,,,,,,,,,,,,,Serbian SuperLiga,2024-2025
ca786030,Mirza Delimeđac,Mirza Delimeđac,rs SRB,MF,Tekstilac Odžaci,24,1999,4,4,238,2.6,0,0,0,0,0,0,1,0,0.00,0.00,0.00,0.00,0.00,Matches,,,0,0,,0.00,0.00,,,,,,,,,,,,,,,,,,,Serbian SuperLiga,2024-2025
73dc79f7,Issiaka Dembele,Issiaka Dembele,ci CIV,MF,OFK Beograd,18,2005,1,0,16,0.2,0,0,0,0,0,0,0,0,0.00,0.00,0.00,0.00,0.00,Matches,,,0,0,,0.00,0.00,,,,,,,,,,,,,,,,,,,Serbian SuperLiga,2024-2025
99ffad9d,Stefan Denić,Stefan Denić,rs SRB,MF,Jedinstvo Ub,24,1999,5,3,271,3.0,0,0,0,0,0,0,0,0,0.00,0.00,0.00,0.00,0.00,Matches,0.00,,3,0,0.0,0.00,1.00,,,,,,,,,,,,,,,,,,,Serbian SuperLiga,2024-2025
6ed04118,Richardson Denzell,Richardson Denzell,gh GHA,MF,Jedinstvo Ub,19,2004,23,16,"1,378",15.3,4,0,4,4,0,0,2,0,0.26,0.00,0.26,0.26,0.26,Matches,0.25,0.40,16,10,62.5,0.65,1.04,,,,,,,,,,,,,,,,,,,Serbian SuperLiga,2024-2025
0ca4fdab,Depú,Depú,ao ANG,FW,Vojvodina,24,2000,21,2,475,5.3,0,1,1,0,0,0,0,0,0.00,0.19,0.19,0.00,0.19,Matches,0.00,0.00,20,3,15.0,0.57,3.79,,,,,,,,,,,,,,,,,,,Serbian SuperLiga,2024-2025
310a80ec,Stefan Despotovski,Stefan Despotovski,mk MKD,DF,OFK Beograd,21,2003,14,13,"1,176",13.1,0,0,0,0,0,0,4,0,0.00,0.00,0.00,0.00,0.00,Matches,,,0,0,,0.00,0.00,,,,,,,,,,,,,,,,,,,Serbian SuperLiga,2024-2025
ec7ad0c6,Ognjen Dimitrić,Ognjen Dimitrić,rs SRB,MF,Jedinstvo Ub,26,1998,7,4,441,4.9,0,0,0,0,0,0,1,0,0.00,0.00,0.00,0.00,0.00,Matches,0.00,,5,0,0.0,0.00,1.02,,,,,,,,,,,,,,,,,,,Serbian SuperLiga,2024-2025
3d6295b3,Veljko Dimković,Veljko Dimković,rs SRB,DF,Tekstilac Odžaci,21,2003,4,3,269,3.0,0,0,0,0,0,0,1,0,0.00,0.00,0.00,0.00,0.00,Matches,,,0,0,,0.00,0.00,,,,,,,,,,,,,,,,,,,Serbian SuperLiga,2024-2025
2f1dab87,Bojan Dimoski,Bojan Dimoski,mk MKD,MF,Partizan,22,2001,3,0,59,0.7,0,0,0,0,0,0,0,0,0.00,0.00,0.00,0.00,0.00,Matches,,,0,0,,0.00,0.00,,,,,,,,,,,,,,,,,,,Serbian SuperLiga,2024-2025
8a6f47ca,Hamady Diop,Hamady Diop,sn SEN,DF,Čukarički,22,2002,8,7,504,5.6,0,0,0,0,0,0,2,0,0.00,0.00,0.00,0.00,0.00,Matches,0.00,,2,0,0.0,0.00,0.36,,,,,,,,,,,,,,,,,,,Serbian SuperLiga,2024-2025
02930850,Miloš Divac,Miloš Divac,rs SRB,DF,Mladost Lučani,19,2004,9,4,405,4.5,0,0,0,0,0,0,8,1,0.00,0.00,0.00,0.00,0.00,Matches,,,0,0,,0.00,0.00,,,,,,,,,,,,,,,,,,,Serbian SuperLiga,2024-2025
f9800547,Nemanja Djekovic,Nemanja Djekovic,rs SRB,DF,Napredak Kruševac,21,2003,21,19,"1,719",19.1,2,0,2,2,0,0,3,0,0.10,0.00,0.10,0.10,0.10,Matches,1.00,1.00,2,2,100.0,0.10,0.10,,,,,,,,,,,,,,,,,,,Serbian SuperLiga,2024-2025
1a7a4d84,Nasser Djiga,Nasser Djiga,bf BFA,DF,Red Star,21,2002,17,14,"1,363",15.1,2,0,2,2,0,0,0,0,0.13,0.00,0.13,0.13,0.13,Matches,0.18,0.67,11,3,27.3,0.20,0.73,,,,,,,,,,,,,,,,,,,Serbian SuperLiga,2024-2025
9c00fa03,Vukasin Djurdjevic,Vukasin Djurdjevic,rs SRB,DF,Partizan,20,2004,12,7,586,6.5,0,0,0,0,0,0,5,1,0.00,0.00,0.00,0.00,0.00,Matches,,,0,0,,0.00,0.00,,,,,,,,,,,,,,,,,,,Serbian SuperLiga,2024-2025
0b266f68,Maxime Do Couto Teixeira,Maxime Do Couto Teixeira,fr FRA,"FW,MF",Novi Beograd,27,1996,7,2,243,2.7,1,1,2,1,0,0,1,0,0.37,0.37,0.74,0.37,0.74,Matches,0.14,0.50,7,2,28.6,0.74,2.59,,,,,,,,,,,,,,,,,,,Serbian SuperLiga,2024-2025
5192c212,Marko Docić,Marko Docić,rs SRB,MF,Čukarički,31,1993,31,27,"2,464",27.4,2,4,6,1,1,1,4,1,0.07,0.15,0.22,0.04,0.18,Matches,0.04,0.14,25,7,28.0,0.26,0.91,,,,,,,,,,,,,,,,,,,Serbian SuperLiga,2024-2025
c5419e9a,Nemanja Doderović,Nemanja Doderović,ba BIH,DF,Jedinstvo Ub,30,1993,25,18,"1,600",17.8,0,1,1,0,0,0,2,0,0.00,0.06,0.06,0.00,0.06,Matches,0.00,0.00,4,3,75.0,0.17,0.23,,,,,,,,,,,,,,,,,,,Serbian SuperLiga,2024-2025
a91058b0,Vanja Dragojević,Vanja Dragojević,rs SRB,MF,Partizan,18,2006,9,9,801,8.9,0,1,1,0,0,0,2,0,0.00,0.11,0.11,0.00,0.11,Matches,,,0,0,,0.00,0.00,,,,,,,,,,,,,,,,,,,Serbian SuperLiga,2024-2025
a7128be0,Miljan Drinčić,Miljan Drinčić,rs SRB,GK,Tekstilac Odžaci,25,1998,4,4,360,4.0,0,0,0,0,0,0,0,0,0.00,0.00,0.00,0.00,0.00,Matches,,,0,0,,0.00,0.00,0,0.0,4,4,6,1.50,3,360,0,0,0,,0,70.0,14,20,0,1,Serbian SuperLiga,2024-2025
e2e816b9,Vanja Drkušič,Vanja Drkušič,si SVN,DF,Red Star,24,1999,9,9,639,7.1,1,0,1,1,0,0,0,0,0.14,0.00,0.14,0.14,0.14,Matches,0.25,0.33,4,3,75.0,0.42,0.56,,,,,,,,,,,,,,,,,,,Serbian SuperLiga,2024-2025
499ade2c,Luka Drobnjak,Luka Drobnjak,rs SRB,DF,Vojvodina,20,2004,3,2,160,1.8,0,0,0,0,0,0,2,0,0.00,0.00,0.00,0.00,0.00,Matches,0.00,,1,0,0.0,0.00,0.56,,,,,,,,,,,,,,,,,,,Serbian SuperLiga,2024-2025
d9b89391,Bruno Duarte,Bruno Duarte,br BRA,"FW,MF",Red Star,28,1996,32,20,"1,834",20.4,16,4,20,15,1,1,1,0,0.79,0.20,0.98,0.74,0.93,Matches,0.24,0.44,62,34,54.8,1.67,3.04,,,,,,,,,,,,,,,,,,,Serbian SuperLiga,2024-2025
30c69c03,Mišo Dubljanić,Mišo Dubljanić,me MNE,GK,Jedinstvo Ub,24,1999,4,4,360,4.0,0,0,0,0,0,0,1,0,0.00,0.00,0.00,0.00,0.00,Matches,,,0,0,,0.00,0.00,1,25.0,4,4,7,1.75,3,360,1,1,0,0.0,0,53.8,7,13,0,1,Serbian SuperLiga,2024-2025
e49be77d,Marin Dulić,Marin Dulić,rs SRB,GK,Spartak Subotica,20,2004,2,2,180,2.0,0,0,0,0,0,0,0,0,0.00,0.00,0.00,0.00,0.00,Matches,,,0,0,,0.00,0.00,0,0.0,2,2,6,3.00,1,180,2,2,0,0.0,0,50.0,4,8,1,0,Serbian SuperLiga,2024-2025
666dc7a4,David Dunđerski,David Dunđerski,rs SRB,MF,Spartak Subotica,24,1999,5,0,97,1.1,0,0,0,0,0,0,2,0,0.00,0.00,0.00,0.00,0.00,Matches,,,0,0,,0.00,0.00,,,,,,,,,,,,,,,,,,,Serbian SuperLiga,2024-2025
3107664a,Daniił Dušeŭski,Daniił Dušeŭski,by BLR,MF,OFK Beograd,20,2004,1,0,10,0.1,0,0,0,0,0,0,0,0,0.00,0.00,0.00,0.00,0.00,Matches,,,0,0,,0.00,0.00,,,,,,,,,,,,,,,,,,,Serbian SuperLiga,2024-2025
dfe2b7e7,Emmanuel Dzigbah,Emmanuel Dzigbah,gh GHA,MF,Čukarički,18,2006,3,0,31,0.3,0,0,0,0,0,0,0,0,0.00,0.00,0.00,0.00,0.00,Matches,,,0,0,,0.00,0.00,,,,,,,,,,,,,,,,,,,Serbian SuperLiga,2024-2025
66f040ff,Timi Elšnik,Timi Elšnik,si SVN,MF,Red Star,26,1998,29,26,"2,293",25.5,4,10,14,4,0,0,4,0,0.16,0.39,0.55,0.16,0.55,Matches,0.17,0.44,23,9,39.1,0.35,0.90,,,,,,,,,,,,,,,,,,,Serbian SuperLiga,2024-2025
f7a3eb24,Mitar Ergelas,Mitar Ergelas,rs SRB,MF,Čukarički,21,2002,1,0,4,0.0,0,0,0,0,0,0,0,0,0.00,0.00,0.00,0.00,0.00,Matches,,,0,0,,0.00,0.00,,,,,,,,,,,,,,,,,,,Serbian SuperLiga,2024-2025
852db903,Amougou Etongou,Amougou Etongou,cm CMR,DF,Radnički Niš,24,1999,14,4,519,5.8,0,0,0,0,0,0,3,0,0.00,0.00,0.00,0.00,0.00,Matches,,,0,0,,0.00,0.00,,,,,,,,,,,,,,,,,,,Serbian SuperLiga,2024-2025
40784535,Francis Ezeh,Francis Ezeh,ng NGA,MF,Železničar Pančevo,26,1997,20,18,"1,394",15.5,5,5,10,5,0,0,2,0,0.32,0.32,0.65,0.32,0.65,Matches,0.17,0.28,29,18,62.1,1.16,1.87,,,,,,,,,,,,,,,,,,,Serbian SuperLiga,2024-2025
8306e93b,Pablo Ferreira,Pablo Ferreira,ar ARG,MF,Jedinstvo Ub,19,2004,15,10,834,9.3,0,0,0,0,0,0,4,1,0.00,0.00,0.00,0.00,0.00,Matches,0.00,,4,0,0.0,0.00,0.43,,,,,,,,,,,,,,,,,,,Serbian SuperLiga,2024-2025
a5e16eba,Aleksandar Filipović,Aleksandar Filipović,rs SRB,DF,Partizan,29,1994,28,27,"2,360",26.2,4,0,4,4,0,0,3,0,0.15,0.00,0.15,0.15,0.15,Matches,0.33,0.67,12,6,50.0,0.23,0.46,,,,,,,,,,,,,,,,,,,Serbian SuperLiga,2024-2025
0359961d,Filip Frei,Filip Frei,ch SUI,DF,Radnički Niš,23,2001,9,4,440,4.9,0,0,0,0,0,0,0,0,0.00,0.00,0.00,0.00,0.00,Matches,0.00,0.00,3,1,33.3,0.20,0.61,,,,,,,,,,,,,,,,,,,Serbian SuperLiga,2024-2025
1a105265,Patrick Friday Eze,Patrick Friday Eze,ng NGA,FW,Mladost Lučani,31,1992,13,1,258,2.9,0,0,0,0,0,0,0,0,0.00,0.00,0.00,0.00,0.00,Matches,0.00,0.00,5,2,40.0,0.70,1.74,,,,,,,,,,,,,,,,,,,Serbian SuperLiga,2024-2025
eae6aa91,Pape Fuhrer,Pape Fuhrer,sn SEN,FW,Partizan,18,2005,9,0,134,1.5,0,1,1,0,0,0,1,0,0.00,0.67,0.67,0.00,0.67,Matches,,,0,0,,0.00,0.00,,,,,,,,,,,,,,,,,,,Serbian SuperLiga,2024-2025
fa36f5e1,Miodrag Gemović,Miodrag Gemović,rs SRB,MF,Radnički Niš,29,1994,14,7,690,7.7,1,1,2,1,0,0,1,0,0.13,0.13,0.26,0.13,0.26,Matches,0.50,1.00,2,1,50.0,0.13,0.26,,,,,,,,,,,,,,,,,,,Serbian SuperLiga,2024-2025
5eb3130f,Petar Gigić,Petar Gigić,rs SRB,FW,Železničar Pančevo,27,1997,11,7,628,7.0,2,0,2,1,1,1,2,0,0.29,0.00,0.29,0.14,0.14,Matches,0.17,0.50,6,2,33.3,0.29,0.86,,,,,,,,,,,,,,,,,,,Serbian SuperLiga,2024-2025
78c513b3,Omri Glazer,Omri Glazer,il ISR,GK,Red Star,28,1996,12,12,"1,052",11.7,0,0,0,0,0,0,0,0,0.00,0.00,0.00,0.00,0.00,Matches,,,0,0,,0.00,0.00,3,25.0,12,12,14,1.20,1,"1,052",1,1,0,0.0,0,38.1,8,21,1,10,Serbian SuperLiga,2024-2025
6ec89fe7,Nikola Glišić,Nikola Glišić,rs SRB,DF,Novi Beograd,25,1999,33,28,"2,579",28.7,4,3,7,4,0,0,5,0,0.14,0.10,0.24,0.14,0.24,Matches,0.22,0.44,18,9,50.0,0.31,0.63,,,,,,,,,,,,,,,,,,,Serbian SuperLiga,2024-2025
06e8fbd6,Matija Gluščević,Matija Gluščević,rs SRB,"MF,FW",Radnički Kragujevac,20,2004,30,18,"1,419",15.8,2,1,3,2,0,0,5,2,0.13,0.06,0.19,0.13,0.19,Matches,0.09,0.29,22,7,31.8,0.44,1.40,,,,,,,,,,,,,,,,,,,Serbian SuperLiga,2024-2025
50c1ff86,Marko Gobeljić,Marko Gobeljić,rs SRB,DF,OFK Beograd,31,1992,27,26,"2,299",25.5,0,2,2,0,0,0,0,0,0.00,0.08,0.08,0.00,0.08,Matches,0.00,0.00,9,2,22.2,0.08,0.35,,,,,,,,,,,,,,,,,,,Serbian SuperLiga,2024-2025
789f507c,Matija Gočmanac,Matija Gočmanac,rs SRB,GK,Vojvodina,20,2003,15,15,"1,350",15.0,0,0,0,0,0,0,1,0,0.00,0.00,0.00,0.00,0.00,Matches,,,0,0,,0.00,0.00,5,33.3,15,15,13,0.87,3,"1,350",3,3,0,0.0,0,37.5,6,16,6,6,Serbian SuperLiga,2024-2025
b8aea01b,Novak Gojkov,Novak Gojkov,rs SRB,MF,OFK Beograd,18,2005,2,0,11,0.1,0,0,0,0,0,0,0,0,0.00,0.00,0.00,0.00,0.00,Matches,,,0,0,,0.00,0.00,,,,,,,,,,,,,,,,,,,Serbian SuperLiga,2024-2025
1db295e5,Vladimir Golemić,Vladimir Golemić,si SVN,"MF,DF",Mladost Lučani,33,1991,6,4,409,4.5,0,0,0,0,0,0,1,0,0.00,0.00,0.00,0.00,0.00,Matches,,,0,0,,0.00,0.00,,,,,,,,,,,,,,,,,,,Serbian SuperLiga,2024-2025
cebfde2f,Aleksej Golijanin,Aleksej Golijanin,ba BIH,FW,Radnički Kragujevac,21,2003,14,9,750,8.3,1,0,1,1,0,0,5,0,0.12,0.00,0.12,0.12,0.12,Matches,0.08,0.14,13,7,53.8,0.84,1.56,,,,,,,,,,,,,,,,,,,Serbian SuperLiga,2024-2025
909c3703,Stefan Golubović,Stefan Golubović,rs SRB,"DF,MF",Jedinstvo Ub,25,1999,27,27,"2,288",25.4,2,2,4,2,0,0,3,0,0.08,0.08,0.16,0.08,0.16,Matches,0.40,1.00,5,2,40.0,0.08,0.20,,,,,,,,,,,,,,,,,,,Serbian SuperLiga,2024-2025
bbc82bcf,Đorđe Gordić,Đorđe Gordić,rs SRB,MF,TSC,19,2004,9,2,189,2.1,0,0,0,0,0,0,0,0,0.00,0.00,0.00,0.00,0.00,Matches,0.00,0.00,2,1,50.0,0.48,0.95,,,,,,,,,,,,,,,,,,,Serbian SuperLiga,2024-2025
ff1cd31f,Dario Grgić,Dario Grgić,rs SRB,"MF,FW",Železničar Pančevo,21,2003,33,22,"1,983",22.0,5,4,9,5,0,2,2,0,0.23,0.18,0.41,0.23,0.41,Matches,0.19,0.56,26,9,34.6,0.41,1.18,,,,,,,,,,,,,,,,,,,Serbian SuperLiga,2024-2025
a3e0207a,Joao Grimaldo,Joao Grimaldo,pe PER,"FW,MF",Partizan,21,2003,5,2,137,1.5,0,0,0,0,0,0,0,0,0.00,0.00,0.00,0.00,0.00,Matches,,,0,0,,0.00,0.00,,,,,,,,,,,,,,,,,,,Serbian SuperLiga,2024-2025
faf7e75f,Ivan Guteša,Ivan Guteša,rs SRB,GK,Red Star,22,2002,14,14,"1,260",14.0,0,0,0,0,0,0,0,0,0.00,0.00,0.00,0.00,0.00,Matches,,,0,0,,0.00,0.00,6,42.9,14,14,14,1.00,0,"1,260",1,1,0,0.0,0,23.5,4,17,2,12,Serbian SuperLiga,2024-2025
bbf0250d,Irfan Hadžić,Irfan Hadžić,ba BIH,FW,Tekstilac Odžaci,31,1993,9,8,558,6.2,4,0,4,4,0,0,2,0,0.65,0.00,0.65,0.65,0.65,Matches,0.36,0.67,11,6,54.5,0.97,1.77,,,,,,,,,,,,,,,,,,,Serbian SuperLiga,2024-2025
00246179,Stefan Hajdin,Stefan Hajdin,hr CRO,DF,Čukarički,30,1994,7,4,441,4.9,0,1,1,0,0,0,1,0,0.00,0.20,0.20,0.00,0.20,Matches,,,0,0,,0.00,0.00,,,,,,,,,,,,,,,,,,,Serbian SuperLiga,2024-2025
4e8c9f61,Filip Halabrin,Filip Halabrin,rs SRB,MF,OFK Beograd,18,2006,6,0,63,0.7,0,0,0,0,0,0,0,0,0.00,0.00,0.00,0.00,0.00,Matches,0.00,0.00,1,1,100.0,1.43,1.43,,,,,,,,,,,,,,,,,,,Serbian SuperLiga,2024-2025
bd4a47d5,Gleofilo Hasselbaink,Gleofilo Hasselbaink,sr SUR,"MF,FW",OFK Beograd,24,1999,32,28,"2,270",25.2,10,5,15,8,2,2,1,0,0.40,0.20,0.59,0.32,0.52,Matches,0.19,0.47,43,17,39.5,0.67,1.70,,,,,,,,,,,,,,,,,,,Serbian SuperLiga,2024-2025
621f2e3f,Ethan Hoard,Ethan Hoard,us USA,FW,Jedinstvo Ub,23,2001,17,17,"1,529",17.0,6,2,8,6,0,0,3,0,0.35,0.12,0.47,0.35,0.47,Matches,0.50,0.75,12,8,66.7,0.47,0.71,,,,,,,,,,,,,,,,,,,Serbian SuperLiga,2024-2025
efb6dd54,Zubairu Ibrahim,Zubairu Ibrahim,gh GHA,MF,Partizan,20,2004,26,24,"1,850",20.6,9,3,12,8,1,1,8,0,0.44,0.15,0.58,0.39,0.54,Matches,0.22,0.40,37,20,54.1,0.97,1.80,,,,,,,,,,,,,,,,,,,Serbian SuperLiga,2024-2025
4b25a107,Uroš Ignjatović,Uroš Ignjatović,rs SRB,"DF,MF",Napredak Kruševac,23,2001,29,24,"2,221",24.7,0,1,1,0,0,0,7,2,0.00,0.04,0.04,0.00,0.04,Matches,0.00,0.00,6,2,33.3,0.08,0.24,,,,,,,,,,,,,,,,,,,Serbian SuperLiga,2024-2025
2a73a37a,Jovan Ilic,Jovan Ilic,ba BIH,MF,Radnički Kragujevac,24,2000,13,6,613,6.8,2,3,5,2,0,0,2,0,0.29,0.44,0.73,0.29,0.73,Matches,0.67,1.00,3,2,66.7,0.29,0.44,,,,,,,,,,,,,,,,,,,Serbian SuperLiga,2024-2025
7bbcff4d,Luka Ilić,Luka Ilić,rs SRB,MF,Red Star,25,1999,34,18,"1,689",18.8,12,6,18,12,0,0,1,0,0.64,0.32,0.96,0.64,0.96,Matches,0.35,0.75,34,16,47.1,0.85,1.81,,,,,,,,,,,,,,,,,,,Serbian SuperLiga,2024-2025
2010815f,Marko Ilić,Marko Ilić,rs SRB,GK,Red Star,26,1998,10,9,838,9.3,0,0,0,0,0,0,0,0,0.00,0.00,0.00,0.00,0.00,Matches,,,0,0,,0.00,0.00,4,44.4,10,9,6,0.64,0,838,0,0,0,,0,70.0,14,20,1,8,Serbian SuperLiga,2024-2025
a06526cf,Mihajlo Ilić,Mihajlo Ilić,rs SRB,DF,Partizan,21,2003,29,28,"2,503",27.8,3,1,4,3,0,0,10,0,0.11,0.04,0.14,0.11,0.14,Matches,0.50,1.00,6,3,50.0,0.11,0.22,,,,,,,,,,,,,,,,,,,Serbian SuperLiga,2024-2025
6cd722bf,Milijan Ilić,Milijan Ilić,rs SRB,DF,Tekstilac Odžaci,31,1993,25,23,"1,915",21.3,0,4,4,0,0,0,5,0,0.00,0.19,0.19,0.00,0.19,Matches,0.00,0.00,1,1,100.0,0.05,0.05,,,,,,,,,,,,,,,,,,,Serbian SuperLiga,2024-2025
34474b2b,Vanja Ilić,Vanja Ilić,rs SRB,"MF,FW",Radnički Niš,25,1999,35,27,"2,459",27.3,4,3,7,2,2,2,4,0,0.15,0.11,0.26,0.07,0.18,Matches,0.04,0.13,47,16,34.0,0.59,1.72,,,,,,,,,,,,,,,,,,,Serbian SuperLiga,2024-2025
8e3cf6ce,Veljko Ilic,Veljko Ilic,rs SRB,GK,TSC,21,2003,31,31,"2,716",30.2,0,0,0,0,0,0,4,0,0.00,0.00,0.00,0.00,0.00,Matches,,,0,0,,0.00,0.00,8,25.8,31,31,43,1.42,15,"2,716",5,5,0,0.0,0,51.3,40,78,4,12,Serbian SuperLiga,2024-2025
92fa5d28,Hwang In-beom,Hwang In-beom,kr KOR,MF,Red Star,27,1996,5,5,439,4.9,0,4,4,0,0,0,1,0,0.00,0.82,0.82,0.00,0.82,Matches,0.00,0.00,15,4,26.7,0.82,3.08,,,,,,,,,,,,,,,,,,,Serbian SuperLiga,2024-2025
488f7e6b,Darko Isailovic,Darko Isailovic,rs SRB,DF,Novi Pazar,29,1995,1,1,90,1.0,0,0,0,0,0,0,0,0,0.00,0.00,0.00,0.00,0.00,Matches,,,0,0,,0.00,0.00,,,,,,,,,,,,,,,,,,,Serbian SuperLiga,2024-2025
faaa9eec,Sead Islamović,Sead Islamović,rs SRB,MF,Novi Pazar,24,1999,28,16,"1,612",17.9,2,4,6,2,0,0,7,0,0.11,0.22,0.33,0.11,0.33,Matches,0.14,0.40,14,5,35.7,0.28,0.78,,,,,,,,,,,,,,,,,,,Serbian SuperLiga,2024-2025
2590ddf7,Abass Issah,Abass Issah,gh GHA,"MF,FW",Jedinstvo Ub,25,1998,15,15,"1,289",14.3,3,2,5,3,0,0,3,0,0.21,0.14,0.35,0.21,0.35,Matches,0.50,0.75,6,4,66.7,0.28,0.42,,,,,,,,,,,,,,,,,,,Serbian SuperLiga,2024-2025
4c82730b,Mirko Ivanić,Mirko Ivanić,me MNE,MF,Red Star,30,1993,21,17,"1,474",16.4,11,4,15,11,0,0,0,0,0.67,0.24,0.92,0.67,0.92,Matches,0.23,0.55,47,20,42.6,1.22,2.87,,,,,,,,,,,,,,,,,,,Serbian SuperLiga,2024-2025
71c620d7,Mihailo Ivanović,Mihailo Ivanović,rs SRB,FW,Vojvodina,19,2004,5,4,335,3.7,1,0,1,1,0,0,0,0,0.27,0.00,0.27,0.27,0.27,Matches,0.11,0.33,9,3,33.3,0.81,2.42,,,,,,,,,,,,,,,,,,,Serbian SuperLiga,2024-2025
1668b4b1,Đorđe Ivanović,Đorđe Ivanović,rs SRB,"MF,FW",Čukarički,28,1995,30,30,"2,289",25.4,3,1,4,3,0,0,3,0,0.12,0.04,0.16,0.12,0.16,Matches,0.10,0.33,29,9,31.0,0.35,1.14,,,,,,,,,,,,,,,,,,,Serbian SuperLiga,2024-2025
492de2b6,Pavle Ivelja,Pavle Ivelja,rs SRB,FW,Radnički Niš,26,1998,18,3,527,5.9,6,0,6,6,0,0,0,0,1.02,0.00,1.02,1.02,1.02,Matches,0.55,0.86,11,7,63.6,1.20,1.88,,,,,,,,,,,,,,,,,,,Serbian SuperLiga,2024-2025
5d79f18b,David Ivić,David Ivić,,FW,Železničar Pančevo,19,2005,1,0,3,0.0,0,0,0,0,0,0,0,0,0.00,0.00,0.00,0.00,0.00,Matches,,,0,0,,0.00,0.00,,,,,,,,,,,,,,,,,,,Serbian SuperLiga,2024-2025
45041246,Luka Izderic,Luka Izderic,at AUT,FW,Radnički Niš,18,2006,5,1,132,1.5,0,0,0,0,0,0,0,0,0.00,0.00,0.00,0.00,0.00,Matches,,,0,0,,0.00,0.00,,,,,,,,,,,,,,,,,,,Serbian SuperLiga,2024-2025
42b684cd,Aleksa Janković,Aleksa Janković,rs SRB,MF,Radnički Kragujevac,24,2000,16,8,652,7.2,0,0,0,0,0,0,1,0,0.00,0.00,0.00,0.00,0.00,Matches,0.00,,3,0,0.0,0.00,0.41,,,,,,,,,,,,,,,,,,,Serbian SuperLiga,2024-2025
0a057efb,Dimitrije Janković,Dimitrije Janković,rs SRB,MF,Partizan,18,2006,5,4,274,3.0,0,0,0,0,0,0,0,0,0.00,0.00,0.00,0.00,0.00,Matches,,,0,0,,0.00,0.00,,,,,,,,,,,,,,,,,,,Serbian SuperLiga,2024-2025
cf150616,Janko Jevremović,Janko Jevremović,rs SRB,MF,Železničar Pančevo,20,2004,15,4,420,4.7,0,0,0,0,0,0,2,0,0.00,0.00,0.00,0.00,0.00,Matches,0.00,0.00,3,1,33.3,0.21,0.64,,,,,,,,,,,,,,,,,,,Serbian SuperLiga,2024-2025
bb5f2430,Darko Jevtić,Darko Jevtić,ch SUI,"FW,MF",Jedinstvo Ub,31,1993,6,5,360,4.0,1,0,1,1,0,0,0,0,0.25,0.00,0.25,0.25,0.25,Matches,0.11,0.25,9,4,44.4,1.00,2.25,,,,,,,,,,,,,,,,,,,Serbian SuperLiga,2024-2025
bad413f1,Marko Jevtić,Marko Jevtić,rs SRB,DF,Novi Beograd,28,1996,23,15,"1,336",14.8,2,0,2,2,0,0,0,0,0.13,0.00,0.13,0.13,0.13,Matches,0.50,0.67,4,3,75.0,0.20,0.27,,,,,,,,,,,,,,,,,,,Serbian SuperLiga,2024-2025
ac72cbf7,Milan Jezdimirović,Milan Jezdimirović,rs SRB,"MF,DF",Tekstilac Odžaci,27,1996,26,17,"1,706",19.0,0,2,2,0,0,0,2,0,0.00,0.11,0.11,0.00,0.11,Matches,,,0,0,,0.00,0.00,,,,,,,,,,,,,,,,,,,Serbian SuperLiga,2024-2025
e703ad4c,Jo Jinho,Jo Jinho,kr KOR,"MF,DF",Radnički Niš,21,2003,30,25,"2,144",23.8,0,1,1,0,0,0,9,0,0.00,0.04,0.04,0.00,0.04,Matches,0.00,0.00,3,2,66.7,0.08,0.13,,,,,,,,,,,,,,,,,,,Serbian SuperLiga,2024-2025
f6bd2b84,Branimir Jočić,Branimir Jočić,rs SRB,MF,Tekstilac Odžaci,30,1994,17,17,"1,399",15.5,0,0,0,0,0,0,7,0,0.00,0.00,0.00,0.00,0.00,Matches,0.00,,5,0,0.0,0.00,0.32,,,,,,,,,,,,,,,,,,,Serbian SuperLiga,2024-2025
e0b56122,Veljko Jocić,Veljko Jocić,rs SRB,FW,Spartak Subotica,18,2006,4,0,45,0.5,0,0,0,0,0,0,1,0,0.00,0.00,0.00,0.00,0.00,Matches,,,0,0,,0.00,0.00,,,,,,,,,,,,,,,,,,,Serbian SuperLiga,2024-2025
56f47c4f,Nikola Jojić,Nikola Jojić,rs SRB,MF,Mladost Lučani,20,2003,12,4,583,6.5,1,0,1,1,0,0,1,0,0.15,0.00,0.15,0.15,0.15,Matches,0.33,0.50,3,2,66.7,0.31,0.46,,,,,,,,,,,,,,,,,,,Serbian SuperLiga,2024-2025
243cfbb2,Milan Joksimović,Milan Joksimović,rs SRB,"DF,MF",Mladost Lučani,34,1990,27,26,"2,245",24.9,0,0,0,0,0,0,4,0,0.00,0.00,0.00,0.00,0.00,Matches,0.00,0.00,2,1,50.0,0.04,0.08,,,,,,,,,,,,,,,,,,,Serbian SuperLiga,2024-2025
077862b8,Levan Jordania,Levan Jordania,ge GEO,MF,Jedinstvo Ub,27,1997,13,2,354,3.9,0,0,0,0,0,0,1,0,0.00,0.00,0.00,0.00,0.00,Matches,0.00,,1,0,0.0,0.00,0.25,,,,,,,,,,,,,,,,,,,Serbian SuperLiga,2024-2025
fa73c223,Nemanja Jorgić,Nemanja Jorgić,rs SRB,GK,TSC,36,1988,1,1,90,1.0,0,0,0,0,0,0,1,0,0.00,0.00,0.00,0.00,0.00,Matches,,,0,0,,0.00,0.00,0,0.0,1,1,3,3.00,0,90,0,0,0,,0,50.0,3,6,1,0,Serbian SuperLiga,2024-2025
4dbdf7f7,Dušan Jovančić,Dušan Jovančić,rs SRB,"DF,MF",Čukarički,33,1990,14,11,"1,041",11.6,0,0,0,0,0,0,5,0,0.00,0.00,0.00,0.00,0.00,Matches,,,0,0,,0.00,0.00,,,,,,,,,,,,,,,,,,,Serbian SuperLiga,2024-2025
129dd8e7,Aleksandar Jovanović,Aleksandar Jovanović,rs SRB,GK,Partizan,31,1992,37,37,"3,330",37.0,0,0,0,0,0,0,3,0,0.00,0.00,0.00,0.00,0.00,Matches,,,0,0,,0.00,0.00,15,40.5,37,37,40,1.08,6,"3,330",7,8,0,12.5,1,56.6,44,76,10,21,Serbian SuperLiga,2024-2025
69044eac,Dušan Jovanović,Dušan Jovanović,rs SRB,FW,Partizan,18,2006,13,2,287,3.2,0,1,1,0,0,0,0,0,0.00,0.31,0.31,0.00,0.31,Matches,0.00,0.00,2,2,100.0,0.63,0.63,,,,,,,,,,,,,,,,,,,Serbian SuperLiga,2024-2025
42ae0123,Ivan Jovanović,Ivan Jovanović,rs SRB,GK,Jedinstvo Ub,35,1989,2,1,91,1.0,0,0,0,0,0,0,0,0,0.00,0.00,0.00,0.00,0.00,Matches,,,0,0,,0.00,0.00,0,0.0,2,1,6,5.93,1,91,1,1,0,0.0,0,0.0,0,5,0,0,Serbian SuperLiga,2024-2025
a8ab89ba,Lazar Jovanović,Lazar Jovanović,rs SRB,FW,Red Star,17,2006,5,0,104,1.2,1,2,3,1,0,0,0,0,0.87,1.73,2.60,0.87,2.60,Matches,1.00,1.00,1,1,100.0,0.87,0.87,,,,,,,,,,,,,,,,,,,Serbian SuperLiga,2024-2025
a8ab89ba,Lazar Jovanović,Lazar Jovanović,rs SRB,FW,Red Star,17,2006,5,0,104,1.2,1,2,3,1,0,0,0,0,0.87,1.73,2.60,0.87,2.60,Matches,0.50,1.00,8,4,50.0,0.39,0.79,,,,,,,,,,,,,,,,,,,Serbian SuperLiga,2024-2025
a8ab89ba,Lazar Jovanović,Lazar Jovanović,rs SRB,MF,OFK Beograd,17,2006,15,12,917,10.2,4,1,5,4,0,0,3,0,0.39,0.10,0.49,0.39,0.49,Matches,1.00,1.00,1,1,100.0,0.87,0.87,,,,,,,,,,,,,,,,,,,Serbian SuperLiga,2024-2025
a8ab89ba,Lazar Jovanović,Lazar Jovanović,rs SRB,MF,OFK Beograd,17,2006,15,12,917,10.2,4,1,5,4,0,0,3,0,0.39,0.10,0.49,0.39,0.49,Matches,0.50,1.00,8,4,50.0,0.39,0.79,,,,,,,,,,,,,,,,,,,Serbian SuperLiga,2024-2025
5b27636f,Nikola Jovanovic,Nikola Jovanovic,rs SRB,MF,Železničar Pančevo,20,2003,25,15,"1,302",14.5,0,1,1,0,0,0,2,0,0.00,0.07,0.07,0.00,0.07,Matches,0.00,0.00,9,5,55.6,0.35,0.62,,,,,,,,,,,,,,,,,,,Serbian SuperLiga,2024-2025
73c56892,Saša Jovanović,Saša Jovanović,rs SRB,FW,TSC,32,1991,13,7,517,5.7,3,4,7,3,0,0,1,0,0.52,0.70,1.22,0.52,1.22,Matches,0.50,1.50,6,2,33.3,0.35,1.04,,,,,,,,,,,,,,,,,,,Serbian SuperLiga,2024-2025
91c7245a,Stefan Jovanović,Stefan Jovanović,rs SRB,DF,TSC,30,1994,29,26,"2,290",25.4,0,0,0,0,0,0,8,0,0.00,0.00,0.00,0.00,0.00,Matches,0.00,,3,0,0.0,0.00,0.12,,,,,,,,,,,,,,,,,,,Serbian SuperLiga,2024-2025
545e985b,Vukašin Jovanović,Vukašin Jovanović,rs SRB,GK,Jedinstvo Ub,16,2007,20,20,"1,800",20.0,0,0,0,0,0,0,0,0,0.00,0.00,0.00,0.00,0.00,Matches,,,0,0,,0.00,0.00,3,15.0,20,20,41,2.05,14,"1,800",6,6,0,0.0,0,56.3,45,80,3,3,Serbian SuperLiga,2024-2025
0eb03d5b,Vukašin Jovanović,Vukašin Jovanović,rs SRB,DF,Čukarički,28,1996,24,23,"2,012",22.4,0,1,1,0,0,0,3,0,0.00,0.04,0.04,0.00,0.04,Matches,0.00,,3,0,0.0,0.00,0.13,,,,,,,,,,,,,,,,,,,Serbian SuperLiga,2024-2025
8e19242c,Đorđe Jovanović,Đorđe Jovanović,rs SRB,FW,Partizan,25,1999,19,10,954,10.6,6,1,7,6,0,0,3,0,0.57,0.09,0.66,0.57,0.66,Matches,0.21,0.38,28,16,57.1,1.51,2.64,,,,,,,,,,,,,,,,,,,Serbian SuperLiga,2024-2025
f106279d,Filip Jović,Filip Jović,rs SRB,MF,Napredak Kruševac,26,1997,6,4,297,3.3,0,0,0,0,0,0,0,0,0.00,0.00,0.00,0.00,0.00,Matches,,,0,0,,0.00,0.00,,,,,,,,,,,,,,,,,,,Serbian SuperLiga,2024-2025
695c21a4,Milos Jovic,Milos Jovic,rs SRB,FW,Novi Beograd,18,2006,15,9,662,7.4,2,1,3,2,0,0,2,0,0.27,0.14,0.41,0.27,0.41,Matches,0.50,1.00,4,2,50.0,0.27,0.54,,,,,,,,,,,,,,,,,,,Serbian SuperLiga,2024-2025
26a015d3,Miloš Jovičić,Miloš Jovičić,hr CRO,MF,TSC,18,2006,1,0,1,0.0,0,0,0,0,0,0,0,0,0.00,0.00,0.00,0.00,0.00,Matches,,,0,0,,0.00,0.00,,,,,,,,,,,,,,,,,,,Serbian SuperLiga,2024-2025
b7a476c6,Mario Jurčevič,Mario Jurčevič,si SVN,DF,Partizan,29,1995,27,26,"2,165",24.1,0,3,3,0,0,0,6,0,0.00,0.12,0.12,0.00,0.12,Matches,0.00,0.00,8,2,25.0,0.08,0.33,,,,,,,,,,,,,,,,,,,Serbian SuperLiga,2024-2025
008042f3,Uroš Kabić,Uroš Kabić,rs SRB,MF,Čukarički,20,2004,17,3,480,5.3,1,1,2,1,0,0,1,0,0.19,0.19,0.37,0.19,0.37,Matches,0.17,0.25,6,4,66.7,0.75,1.13,,,,,,,,,,,,,,,,,,,Serbian SuperLiga,2024-2025
1dd76b11,Irfan Kahrovic,Irfan Kahrovic,rs SRB,FW,Novi Pazar,18,2006,2,2,180,2.0,0,0,0,0,0,0,1,0,0.00,0.00,0.00,0.00,0.00,Matches,,,0,0,,0.00,0.00,,,,,,,,,,,,,,,,,,,Serbian SuperLiga,2024-2025
245f0c14,Aleksandar Kahvić,Aleksandar Kahvić,ba BIH,FW,OFK Beograd,20,2004,6,6,501,5.6,5,0,5,4,1,2,1,0,0.90,0.00,0.90,0.72,0.72,Matches,0.40,0.50,10,8,80.0,1.44,1.80,,,,,,,,,,,,,,,,,,,Serbian SuperLiga,2024-2025
ca8d5b17,Lazar Kaličanin,Lazar Kaličanin,rs SRB,GK,Čukarički,23,2001,16,16,"1,440",16.0,0,0,0,0,0,0,3,0,0.00,0.00,0.00,0.00,0.00,Matches,,,0,0,,0.00,0.00,7,43.8,16,16,13,0.81,2,"1,440",0,1,1,,0,68.3,28,41,6,8,Serbian SuperLiga,2024-2025
d75098c2,Aldo Kalulu,Aldo Kalulu,cd COD,MF,Partizan,28,1996,34,31,"2,454",27.3,6,5,11,6,0,0,3,0,0.22,0.18,0.40,0.22,0.40,Matches,0.29,0.55,21,11,52.4,0.40,0.77,,,,,,,,,,,,,,,,,,,Serbian SuperLiga,2024-2025
af50141d,Guélor Kanga,Guélor Kanga,ga GAB,MF,Red Star,33,1990,31,21,"1,916",21.3,1,10,11,0,1,2,2,0,0.05,0.47,0.52,0.00,0.47,Matches,0.00,0.00,11,2,18.2,0.09,0.52,,,,,,,,,,,,,,,,,,,Serbian SuperLiga,2024-2025
065fe4a8,Miloš Kapur,Miloš Kapur,rs SRB,FW,Tekstilac Odžaci,22,2001,6,0,165,1.8,0,0,0,0,0,0,1,0,0.00,0.00,0.00,0.00,0.00,Matches,0.00,0.00,3,1,33.3,0.55,1.64,,,,,,,,,,,,,,,,,,,Serbian SuperLiga,2024-2025
74b5180d,Nikola Karaklajić,Nikola Karaklajić,rs SRB,"MF,FW",Napredak Kruševac,29,1995,28,24,"2,012",22.4,2,2,4,2,0,0,4,0,0.09,0.09,0.18,0.09,0.18,Matches,0.14,0.29,14,7,50.0,0.31,0.63,,,,,,,,,,,,,,,,,,,Serbian SuperLiga,2024-2025
43dc09e3,Ibrahim Kargbo Jr.,Ibrahim Kargbo Jr.,be BEL,FW,Jedinstvo Ub,24,2000,7,5,318,3.5,0,0,0,0,0,0,0,0,0.00,0.00,0.00,0.00,0.00,Matches,0.00,,7,0,0.0,0.00,1.98,,,,,,,,,,,,,,,,,,,Serbian SuperLiga,2024-2025
d5127c3f,Aleksandar Katai,Aleksandar Katai,rs SRB,"MF,FW",Red Star,33,1991,27,13,"1,274",14.2,13,9,22,13,0,0,2,0,0.92,0.64,1.55,0.92,1.55,Matches,0.22,0.57,58,23,39.7,1.62,4.10,,,,,,,,,,,,,,,,,,,Serbian SuperLiga,2024-2025
de4cac2d,Silas Katompa,Silas Katompa,cd COD,MF,Red Star,25,1998,16,10,674,7.5,5,1,6,5,0,0,0,0,0.67,0.13,0.80,0.67,0.80,Matches,0.28,0.63,18,8,44.4,1.07,2.40,,,,,,,,,,,,,,,,,,,Serbian SuperLiga,2024-2025
54b980d6,Kayque,Kayque,br BRA,MF,Spartak Subotica,24,2000,24,21,"1,581",17.6,0,0,0,0,0,0,6,0,0.00,0.00,0.00,0.00,0.00,Matches,0.00,,7,0,0.0,0.00,0.40,,,,,,,,,,,,,,,,,,,Serbian SuperLiga,2024-2025
dac43183,Dejan Kerkez,Dejan Kerkez,rs SRB,DF,Spartak Subotica,28,1996,6,4,396,4.4,0,0,0,0,0,0,0,0,0.00,0.00,0.00,0.00,0.00,Matches,0.00,0.00,2,1,50.0,0.23,0.45,,,,,,,,,,,,,,,,,,,Serbian SuperLiga,2024-2025
01a02403,Marko Kerkez,Marko Kerkez,rs SRB,DF,Partizan,24,2000,1,0,33,0.4,0,0,0,0,0,0,0,0,0.00,0.00,0.00,0.00,0.00,Matches,,,0,0,,0.00,0.00,,,,,,,,,,,,,,,,,,,Serbian SuperLiga,2024-2025
564080b8,Veljko Kijevčanin,Veljko Kijevčanin,rs SRB,MF,Novi Beograd,24,1999,9,3,285,3.2,0,0,0,0,0,0,2,0,0.00,0.00,0.00,0.00,0.00,Matches,0.00,,2,0,0.0,0.00,0.63,,,,,,,,,,,,,,,,,,,Serbian SuperLiga,2024-2025
564080b8,Veljko Kijevčanin,Veljko Kijevčanin,rs SRB,MF,Novi Beograd,24,1999,9,3,285,3.2,0,0,0,0,0,0,2,0,0.00,0.00,0.00,0.00,0.00,Matches,,,0,0,,0.00,0.00,,,,,,,,,,,,,,,,,,,Serbian SuperLiga,2024-2025
564080b8,Veljko Kijevčanin,Veljko Kijevčanin,rs SRB,MF,Jedinstvo Ub,24,1999,13,13,"1,117",12.4,0,2,2,0,0,0,3,0,0.00,0.16,0.16,0.00,0.16,Matches,0.00,,2,0,0.0,0.00,0.63,,,,,,,,,,,,,,,,,,,Serbian SuperLiga,2024-2025
564080b8,Veljko Kijevčanin,Veljko Kijevčanin,rs SRB,MF,Jedinstvo Ub,24,1999,13,13,"1,117",12.4,0,2,2,0,0,0,3,0,0.00,0.16,0.16,0.00,0.16,Matches,,,0,0,,0.00,0.00,,,,,,,,,,,,,,,,,,,Serbian SuperLiga,2024-2025
11e910bc,Mladen Kiselcic,Mladen Kiselcic,rs SRB,FW,Jedinstvo Ub,17,2006,1,0,7,0.1,0,0,0,0,0,0,0,0,0.00,0.00,0.00,0.00,0.00,Matches,,,0,0,,0.00,0.00,,,,,,,,,,,,,,,,,,,Serbian SuperLiga,2024-2025
d4d1541b,Branislav Knežević,Branislav Knežević,rs SRB,MF,Železničar Pančevo,22,2002,35,31,"2,673",29.7,7,0,7,7,0,0,10,0,0.24,0.00,0.24,0.24,0.24,Matches,0.33,0.70,21,10,47.6,0.34,0.71,,,,,,,,,,,,,,,,,,,Serbian SuperLiga,2024-2025
de9c6d5d,Nikola Knezevic,Nikola Knezevic,rs SRB,MF,OFK Beograd,21,2003,27,26,"2,173",24.1,4,4,8,1,3,3,3,0,0.17,0.17,0.33,0.04,0.21,Matches,0.06,0.17,16,6,37.5,0.25,0.66,,,,,,,,,,,,,,,,,,,Serbian SuperLiga,2024-2025
4c0783b7,Nikola Kodžić,Nikola Kodžić,rs SRB,FW,Tekstilac Odžaci,26,1997,17,9,969,10.8,0,0,0,0,0,0,1,0,0.00,0.00,0.00,0.00,0.00,Matches,0.00,0.00,9,1,11.1,0.09,0.84,,,,,,,,,,,,,,,,,,,Serbian SuperLiga,2024-2025
f1087f76,Nemanja Kojcic,Nemanja Kojcic,rs SRB,DF,Tekstilac Odžaci,26,1997,11,9,862,9.6,1,0,1,1,0,0,2,0,0.10,0.00,0.10,0.10,0.10,Matches,1.00,,1,0,0.0,0.00,0.10,,,,,,,,,,,,,,,,,,,Serbian SuperLiga,2024-2025
26b10b6c,Dragan Kokanović,Dragan Kokanović,rs SRB,MF,Vojvodina,22,2002,29,26,"2,220",24.7,5,0,5,5,0,0,4,0,0.20,0.00,0.20,0.20,0.20,Matches,0.17,0.42,29,12,41.4,0.49,1.18,,,,,,,,,,,,,,,,,,,Serbian SuperLiga,2024-2025
af230fd8,Danijel Kolarić,Danijel Kolarić,rs SRB,DF,Spartak Subotica,19,2005,20,19,"1,505",16.7,0,0,0,0,0,0,2,0,0.00,0.00,0.00,0.00,0.00,Matches,,,0,0,,0.00,0.00,,,,,,,,,,,,,,,,,,,Serbian SuperLiga,2024-2025
396b5f1c,Marko Konatar,Marko Konatar,rs SRB,DF,Železničar Pančevo,24,2000,18,12,"1,139",12.7,1,0,1,1,0,0,2,0,0.08,0.00,0.08,0.08,0.08,Matches,0.50,0.50,2,2,100.0,0.16,0.16,,,,,,,,,,,,,,,,,,,Serbian SuperLiga,2024-2025
c1f02f01,Lazar Konstantinov,Lazar Konstantinov,rs SRB,DF,Novi Beograd,19,2005,15,11,998,11.1,0,0,0,0,0,0,2,0,0.00,0.00,0.00,0.00,0.00,Matches,0.00,,2,0,0.0,0.00,0.18,,,,,,,,,,,,,,,,,,,Serbian SuperLiga,2024-2025
d3743667,Seid Korac,Seid Korac,lu LUX,DF,Vojvodina,22,2001,30,29,"2,550",28.3,1,0,1,1,0,0,9,0,0.04,0.00,0.04,0.04,0.04,Matches,0.06,0.50,16,2,12.5,0.07,0.56,,,,,,,,,,,,,,,,,,,Serbian SuperLiga,2024-2025
c02be712,Vasilije Kostov,Vasilije Kostov,rs SRB,MF,Red Star,16,2008,3,0,33,0.4,0,0,0,0,0,0,0,0,0.00,0.00,0.00,0.00,0.00,Matches,,,0,0,,0.00,0.00,,,,,,,,,,,,,,,,,,,Serbian SuperLiga,2024-2025
ce22d1e6,Stefan Kovač,Stefan Kovač,ba BIH,MF,Čukarički,25,1999,4,4,345,3.8,1,1,2,1,0,0,1,0,0.26,0.26,0.52,0.26,0.52,Matches,0.17,0.50,6,2,33.3,0.52,1.57,,,,,,,,,,,,,,,,,,,Serbian SuperLiga,2024-2025
ce22d1e6,Stefan Kovač,Stefan Kovač,ba BIH,MF,Čukarički,25,1999,4,4,345,3.8,1,1,2,1,0,0,1,0,0.26,0.26,0.52,0.26,0.52,Matches,0.57,1.00,7,4,57.1,0.18,0.31,,,,,,,,,,,,,,,,,,,Serbian SuperLiga,2024-2025
ce22d1e6,Stefan Kovač,Stefan Kovač,ba BIH,MF,Partizan,25,1999,29,23,"2,020",22.4,4,3,7,4,0,0,3,0,0.18,0.13,0.31,0.18,0.31,Matches,0.17,0.50,6,2,33.3,0.52,1.57,,,,,,,,,,,,,,,,,,,Serbian SuperLiga,2024-2025
ce22d1e6,Stefan Kovač,Stefan Kovač,ba BIH,MF,Partizan,25,1999,29,23,"2,020",22.4,4,3,7,4,0,0,3,0,0.18,0.13,0.31,0.18,0.31,Matches,0.57,1.00,7,4,57.1,0.18,0.31,,,,,,,,,,,,,,,,,,,Serbian SuperLiga,2024-2025
2a6a26ce,Aleksandar Kovačević,Aleksandar Kovačević,rs SRB,MF,Novi Pazar,32,1992,18,2,427,4.7,1,0,1,1,0,0,3,2,0.21,0.00,0.21,0.21,0.21,Matches,0.20,0.50,5,2,40.0,0.42,1.05,,,,,,,,,,,,,,,,,,,Serbian SuperLiga,2024-2025
b804c280,Julian Kristoffersen,Julian Kristoffersen,no NOR,FW,Jedinstvo Ub,27,1997,6,4,324,3.6,0,0,0,0,0,0,1,0,0.00,0.00,0.00,0.00,0.00,Matches,0.00,0.00,5,1,20.0,0.28,1.39,,,,,,,,,,,,,,,,,,,Serbian SuperLiga,2024-2025
055a4f1d,Nemanja Krsmanović,Nemanja Krsmanović,rs SRB,"MF,DF",Spartak Subotica,21,2003,4,2,175,1.9,0,1,1,0,0,0,1,0,0.00,0.51,0.51,0.00,0.51,Matches,,,0,0,,0.00,0.00,,,,,,,,,,,,,,,,,,,Serbian SuperLiga,2024-2025
d8c2a4be,Ognjen Krsmanovic,Ognjen Krsmanovic,rs SRB,"FW,MF",Mladost Lučani,19,2005,32,17,"1,444",16.0,2,3,5,2,0,0,3,0,0.12,0.19,0.31,0.12,0.31,Matches,0.13,0.29,16,7,43.8,0.44,1.00,,,,,,,,,,,,,,,,,,,Serbian SuperLiga,2024-2025
78e462d7,Filip Krstić,Filip Krstić,rs SRB,MF,Napredak Kruševac,26,1997,36,35,"3,094",34.4,4,0,4,4,0,0,5,0,0.12,0.00,0.12,0.12,0.12,Matches,0.17,0.44,23,9,39.1,0.26,0.67,,,,,,,,,,,,,,,,,,,Serbian SuperLiga,2024-2025
1f9a8947,Nikola Krstic,Nikola Krstic,rs SRB,MF,Novi Beograd,19,2004,33,30,"2,491",27.7,6,2,8,6,0,1,6,0,0.22,0.07,0.29,0.22,0.29,Matches,0.29,0.55,21,11,52.4,0.40,0.76,,,,,,,,,,,,,,,,,,,Serbian SuperLiga,2024-2025
92725c75,Vukašin Krstić,Vukašin Krstić,rs SRB,DF,TSC,21,2003,22,18,"1,626",18.1,0,0,0,0,0,0,4,0,0.00,0.00,0.00,0.00,0.00,Matches,,,0,0,,0.00,0.00,,,,,,,,,,,,,,,,,,,Serbian SuperLiga,2024-2025
fcca38e4,Luka Krstović,Luka Krstović,rs SRB,"MF,FW",Novi Beograd,18,2005,26,20,"1,662",18.5,2,0,2,2,0,0,4,0,0.11,0.00,0.11,0.11,0.11,Matches,0.50,,4,0,0.0,0.00,0.22,,,,,,,,,,,,,,,,,,,Serbian SuperLiga,2024-2025
817c6964,Rade Krunić,Rade Krunić,ba BIH,"DF,MF",Red Star,30,1993,23,18,"1,647",18.3,3,1,4,3,0,0,0,0,0.16,0.05,0.22,0.16,0.22,Matches,0.33,0.60,9,5,55.6,0.27,0.49,,,,,,,,,,,,,,,,,,,Serbian SuperLiga,2024-2025
a7f00f92,Numan Kurdic,Numan Kurdic,ba BIH,DF,Novi Pazar,25,1999,11,11,945,10.5,0,1,1,0,0,0,2,0,0.00,0.10,0.10,0.00,0.10,Matches,,,0,0,,0.00,0.00,,,,,,,,,,,,,,,,,,,Serbian SuperLiga,2024-2025
5add6a3e,Nikola Kuveljić,Nikola Kuveljić,rs SRB,MF,TSC,27,1997,1,0,6,0.1,0,0,0,0,0,0,0,0,0.00,0.00,0.00,0.00,0.00,Matches,,,0,0,,0.00,0.00,,,,,,,,,,,,,,,,,,,Serbian SuperLiga,2024-2025
5add6a3e,Nikola Kuveljić,Nikola Kuveljić,rs SRB,MF,TSC,27,1997,1,0,6,0.1,0,0,0,0,0,0,0,0,0.00,0.00,0.00,0.00,0.00,Matches,,,0,0,,0.00,0.00,,,,,,,,,,,,,,,,,,,Serbian SuperLiga,2024-2025
5add6a3e,Nikola Kuveljić,Nikola Kuveljić,rs SRB,MF,Spartak Subotica,27,1997,7,7,549,6.1,0,0,0,0,0,0,2,0,0.00,0.00,0.00,0.00,0.00,Matches,,,0,0,,0.00,0.00,,,,,,,,,,,,,,,,,,,Serbian SuperLiga,2024-2025
5add6a3e,Nikola Kuveljić,Nikola Kuveljić,rs SRB,MF,Spartak Subotica,27,1997,7,7,549,6.1,0,0,0,0,0,0,2,0,0.00,0.00,0.00,0.00,0.00,Matches,,,0,0,,0.00,0.00,,,,,,,,,,,,,,,,,,,Serbian SuperLiga,2024-2025
47508c51,Ivan Lakićević,Ivan Lakićević,rs SRB,DF,Novi Pazar,31,1993,17,10,986,11.0,1,2,3,1,0,0,3,0,0.09,0.18,0.27,0.09,0.27,Matches,0.33,1.00,3,1,33.3,0.09,0.27,,,,,,,,,,,,,,,,,,,Serbian SuperLiga,2024-2025
e115be50,Milan Lazarević,Milan Lazarević,rs SRB,DF,Partizan,27,1997,5,0,132,1.5,0,0,0,0,0,0,0,0,0.00,0.00,0.00,0.00,0.00,Matches,0.00,,1,0,0.0,0.00,0.68,,,,,,,,,,,,,,,,,,,Serbian SuperLiga,2024-2025
93088fbb,Marko Lazetić,Marko Lazetić,rs SRB,FW,TSC,20,2004,32,17,"1,478",16.4,1,0,1,1,0,1,6,0,0.06,0.00,0.06,0.06,0.06,Matches,0.07,0.20,15,5,33.3,0.30,0.91,,,,,,,,,,,,,,,,,,,Serbian SuperLiga,2024-2025
0bb29b45,Radomir Lazic,Radomir Lazic,rs SRB,FW,Jedinstvo Ub,16,2007,11,0,69,0.8,0,0,0,0,0,0,0,0,0.00,0.00,0.00,0.00,0.00,Matches,,,0,0,,0.00,0.00,,,,,,,,,,,,,,,,,,,Serbian SuperLiga,2024-2025
eb3112e0,Uroš Lazić,Uroš Lazić,rs SRB,DF,Napredak Kruševac,21,2003,12,8,722,8.0,0,1,1,0,0,0,1,0,0.00,0.12,0.12,0.00,0.12,Matches,,,0,0,,0.00,0.00,,,,,,,,,,,,,,,,,,,Serbian SuperLiga,2024-2025
eb3112e0,Uroš Lazić,Uroš Lazić,rs SRB,DF,Napredak Kruševac,21,2003,12,8,722,8.0,0,1,1,0,0,0,1,0,0.00,0.12,0.12,0.00,0.12,Matches,0.00,0.00,6,1,16.7,0.17,1.01,,,,,,,,,,,,,,,,,,,Serbian SuperLiga,2024-2025
eb3112e0,Uroš Lazić,Uroš Lazić,rs SRB,DF,OFK Beograd,21,2003,11,6,533,5.9,0,0,0,0,0,0,1,0,0.00,0.00,0.00,0.00,0.00,Matches,,,0,0,,0.00,0.00,,,,,,,,,,,,,,,,,,,Serbian SuperLiga,2024-2025
eb3112e0,Uroš Lazić,Uroš Lazić,rs SRB,DF,OFK Beograd,21,2003,11,6,533,5.9,0,0,0,0,0,0,1,0,0.00,0.00,0.00,0.00,0.00,Matches,0.00,0.00,6,1,16.7,0.17,1.01,,,,,,,,,,,,,,,,,,,Serbian SuperLiga,2024-2025
5902e5d9,Oriyomi Lebi,Oriyomi Lebi,ng NGA,FW,Novi Beograd,18,2006,11,5,511,5.7,0,0,0,0,0,0,0,0,0.00,0.00,0.00,0.00,0.00,Matches,0.00,0.00,12,3,25.0,0.53,2.11,,,,,,,,,,,,,,,,,,,Serbian SuperLiga,2024-2025
2b688f3e,Nikola Leković,Nikola Leković,rs SRB,"DF,MF",Mladost Lučani,34,1989,22,17,"1,537",17.1,0,1,1,0,0,0,5,0,0.00,0.06,0.06,0.00,0.06,Matches,0.00,,2,0,0.0,0.00,0.12,,,,,,,,,,,,,,,,,,,Serbian SuperLiga,2024-2025
d633fd46,Stefan Lekovic,Stefan Lekovic,rs SRB,DF,Red Star,20,2004,9,8,735,8.2,1,0,1,1,0,0,1,0,0.12,0.00,0.12,0.12,0.12,Matches,0.13,1.00,8,1,12.5,0.12,0.98,,,,,,,,,,,,,,,,,,,Serbian SuperLiga,2024-2025
e9c6a435,Stojan Leković,Stojan Leković,rs SRB,GK,Radnički Kragujevac,22,2001,1,1,90,1.0,0,0,0,0,0,0,1,0,0.00,0.00,0.00,0.00,0.00,Matches,,,0,0,,0.00,0.00,0,0.0,1,1,3,3.00,1,90,0,0,0,,0,25.0,1,4,0,0,Serbian SuperLiga,2024-2025
66c4bb94,Luka Lijeskić,Luka Lijeskić,rs SRB,GK,Radnički Kragujevac,19,2005,11,10,945,10.5,0,0,0,0,0,0,0,0,0.00,0.00,0.00,0.00,0.00,Matches,,,0,0,,0.00,0.00,4,40.0,11,10,12,1.14,4,945,2,2,0,0.0,0,56.5,13,23,1,5,Serbian SuperLiga,2024-2025
2648e18f,Adem Ljajić,Adem Ljajić,rs SRB,MF,Novi Pazar,32,1991,35,34,"2,947",32.7,8,11,19,6,2,2,5,0,0.24,0.34,0.58,0.18,0.52,Matches,0.13,0.29,45,21,46.7,0.64,1.37,,,,,,,,,,,,,,,,,,,Serbian SuperLiga,2024-2025
4fe608e7,Uroš Ljubomirac,Uroš Ljubomirac,rs SRB,"MF,DF",Mladost Lučani,35,1989,32,26,"2,206",24.5,3,2,5,3,0,0,5,1,0.12,0.08,0.20,0.12,0.20,Matches,0.27,0.75,11,4,36.4,0.16,0.45,,,,,,,,,,,,,,,,,,,Serbian SuperLiga,2024-2025
29b5a673,Anthony Lokosa,Anthony Lokosa,ng NGA,FW,Železničar Pančevo,27,1997,11,2,276,3.1,0,0,0,0,0,0,2,0,0.00,0.00,0.00,0.00,0.00,Matches,0.00,0.00,3,1,33.3,0.33,0.98,,,,,,,,,,,,,,,,,,,Serbian SuperLiga,2024-2025
8c451492,Vladimir Lučić,Vladimir Lučić,rs SRB,"MF,FW",Novi Beograd,22,2002,25,24,"2,126",23.6,6,3,9,6,0,0,2,0,0.25,0.13,0.38,0.25,0.38,Matches,0.22,0.55,27,11,40.7,0.47,1.14,,,,,,,,,,,,,,,,,,,Serbian SuperLiga,2024-2025
b333b014,José Luis Rodríguez,José Luis Rodríguez,pa PAN,"FW,MF",Red Star,26,1998,5,4,291,3.2,1,2,3,1,0,0,0,0,0.31,0.62,0.93,0.31,0.93,Matches,0.09,0.20,11,5,45.5,1.55,3.40,,,,,,,,,,,,,,,,,,,Serbian SuperLiga,2024-2025
90268125,Jovan Lukić,Jovan Lukić,rs SRB,MF,Spartak Subotica,22,2002,16,14,"1,246",13.8,0,0,0,0,0,0,4,0,0.00,0.00,0.00,0.00,0.00,Matches,0.00,0.00,10,4,40.0,0.29,0.72,,,,,,,,,,,,,,,,,,,Serbian SuperLiga,2024-2025
a0e3bd26,Nenad Lukić,Nenad Lukić,rs SRB,FW,Spartak Subotica,31,1992,15,10,743,8.3,0,0,0,0,0,0,1,0,0.00,0.00,0.00,0.00,0.00,Matches,,,0,0,,0.00,0.00,,,,,,,,,,,,,,,,,,,Serbian SuperLiga,2024-2025
01dd9fb9,Ognjen Lukić,Ognjen Lukić,rs SRB,GK,Železničar Pančevo,21,2003,8,8,720,8.0,0,0,0,0,0,0,0,0,0.00,0.00,0.00,0.00,0.00,Matches,,,0,0,,0.00,0.00,1,12.5,8,8,13,1.62,3,720,0,0,0,,0,0.0,0,13,3,2,Serbian SuperLiga,2024-2025
7cce7822,Andrija Luković,Andrija Luković,rs SRB,MF,Napredak Kruševac,29,1994,9,2,273,3.0,1,1,2,1,0,0,1,0,0.33,0.33,0.66,0.33,0.66,Matches,0.25,1.00,4,1,25.0,0.33,1.32,,,,,,,,,,,,,,,,,,,Serbian SuperLiga,2024-2025
41e39e0a,Luka Luković,Luka Luković,rs SRB,MF,Novi Beograd,27,1996,20,8,809,9.0,0,0,0,0,0,0,1,0,0.00,0.00,0.00,0.00,0.00,Matches,0.00,0.00,16,2,12.5,0.22,1.78,,,,,,,,,,,,,,,,,,,Serbian SuperLiga,2024-2025
59f35380,Marko Luković,Marko Luković,rs SRB,DF,Tekstilac Odžaci,20,2003,30,29,"2,463",27.4,0,1,1,0,0,0,6,0,0.00,0.04,0.04,0.00,0.04,Matches,0.00,0.00,3,2,66.7,0.07,0.11,,,,,,,,,,,,,,,,,,,Serbian SuperLiga,2024-2025
01464072,Aleksandar Lutovac,Aleksandar Lutovac,rs SRB,DF,Novi Beograd,27,1997,28,22,"2,108",23.4,0,1,1,0,0,0,6,0,0.00,0.04,0.04,0.00,0.04,Matches,0.00,0.00,19,8,42.1,0.34,0.81,,,,,,,,,,,,,,,,,,,Serbian SuperLiga,2024-2025
b51430ad,Ismael Maiga,Ismael Maiga,ci CIV,DF,Tekstilac Odžaci,20,2003,12,9,846,9.4,0,0,0,0,0,0,3,0,0.00,0.00,0.00,0.00,0.00,Matches,,,0,0,,0.00,0.00,,,,,,,,,,,,,,,,,,,Serbian SuperLiga,2024-2025
51324681,Nemanja Majkic,Nemanja Majkic,ba BIH,FW,Jedinstvo Ub,16,2007,1,0,7,0.1,0,0,0,0,0,0,0,0,0.00,0.00,0.00,0.00,0.00,Matches,,,0,0,,0.00,0.00,,,,,,,,,,,,,,,,,,,Serbian SuperLiga,2024-2025
fa5116fa,Andrija Maksimović,Andrija Maksimović,rs SRB,MF,Red Star,17,2007,27,16,"1,314",14.6,4,5,9,3,1,1,1,0,0.27,0.34,0.62,0.21,0.55,Matches,0.21,0.43,14,7,50.0,0.48,0.96,,,,,,,,,,,,,,,,,,,Serbian SuperLiga,2024-2025
04981123,Filip Malbašić,Filip Malbašić,rs SRB,MF,Novi Beograd,31,1992,8,3,240,2.7,1,0,1,1,0,0,0,0,0.37,0.00,0.37,0.37,0.37,Matches,0.25,1.00,4,1,25.0,0.37,1.50,,,,,,,,,,,,,,,,,,,Serbian SuperLiga,2024-2025
fa9bd13f,Ibrahima Mame N'Diaye,Ibrahima Mame N'Diaye,sn SEN,FW,Mladost Lučani,30,1994,9,4,379,4.2,1,1,2,1,0,0,1,0,0.24,0.24,0.47,0.24,0.47,Matches,0.14,0.50,7,2,28.6,0.47,1.66,,,,,,,,,,,,,,,,,,,Serbian SuperLiga,2024-2025
44747fbc,Strahinja Manojlović,Strahinja Manojlović,ba BIH,GK,Radnički Niš,21,2002,25,25,"2,250",25.0,0,0,0,0,0,0,2,0,0.00,0.00,0.00,0.00,0.00,Matches,,,0,0,,0.00,0.00,3,12.0,25,25,46,1.84,11,"2,250",5,6,0,16.7,1,33.9,22,62,6,8,Serbian SuperLiga,2024-2025
956988bb,Milan Marčić,Milan Marčić,rs SRB,MF,Tekstilac Odžaci,28,1996,17,11,876,9.7,0,0,0,0,0,0,2,0,0.00,0.00,0.00,0.00,0.00,Matches,0.00,0.00,9,1,11.1,0.10,0.92,,,,,,,,,,,,,,,,,,,Serbian SuperLiga,2024-2025
84c17da7,Jovan Marinković,Jovan Marinković,rs SRB,DF,Napredak Kruševac,27,1996,17,14,"1,287",14.3,0,0,0,0,0,0,4,0,0.00,0.00,0.00,0.00,0.00,Matches,0.00,0.00,3,1,33.3,0.07,0.21,,,,,,,,,,,,,,,,,,,Serbian SuperLiga,2024-2025
bef1c208,Đorđe Marinković,Đorđe Marinković,rs SRB,MF,Mladost Lučani,18,2006,4,0,22,0.2,0,0,0,0,0,0,0,0,0.00,0.00,0.00,0.00,0.00,Matches,,,0,0,,0.00,0.00,,,,,,,,,,,,,,,,,,,Serbian SuperLiga,2024-2025
27129c6e,Nikola Marjanovic,Nikola Marjanovic,rs SRB,DF,Tekstilac Odžaci,26,1998,36,36,"3,134",34.8,1,1,2,1,0,0,2,1,0.03,0.03,0.06,0.03,0.06,Matches,0.14,0.33,7,3,42.9,0.09,0.20,,,,,,,,,,,,,,,,,,,Serbian SuperLiga,2024-2025
416572e8,Saša Marjanović,Saša Marjanović,rs SRB,MF,Napredak Kruševac,36,1987,20,4,596,6.6,1,1,2,1,0,0,1,0,0.15,0.15,0.30,0.15,0.30,Matches,0.13,0.50,8,2,25.0,0.30,1.21,,,,,,,,,,,,,,,,,,,Serbian SuperLiga,2024-2025
25e8594b,Saša Marković,Saša Marković,rs SRB,MF,OFK Beograd,33,1991,17,3,395,4.4,1,0,1,1,0,0,2,0,0.23,0.00,0.23,0.23,0.23,Matches,1.00,1.00,1,1,100.0,0.23,0.23,,,,,,,,,,,,,,,,,,,Serbian SuperLiga,2024-2025
bb31def4,Svetozar Marković,Svetozar Marković,rs SRB,DF,Partizan,24,2000,4,4,360,4.0,1,0,1,1,0,0,0,0,0.25,0.00,0.25,0.25,0.25,Matches,0.50,1.00,2,1,50.0,0.25,0.50,,,,,,,,,,,,,,,,,,,Serbian SuperLiga,2024-2025
28fa80da,John Mary,John Mary,cm CMR,FW,Novi Pazar,31,1993,12,8,721,8.0,5,0,5,5,0,0,2,0,0.62,0.00,0.62,0.62,0.62,Matches,0.50,0.63,10,8,80.0,1.00,1.25,,,,,,,,,,,,,,,,,,,Serbian SuperLiga,2024-2025
26a796c1,Uroš Matić,Uroš Matić,mk MKD,MF,Jedinstvo Ub,34,1990,13,13,"1,170",13.0,0,1,1,0,0,0,1,0,0.00,0.08,0.08,0.00,0.08,Matches,0.00,0.00,6,1,16.7,0.08,0.46,,,,,,,,,,,,,,,,,,,Serbian SuperLiga,2024-2025
977123f2,Filip Matijašević,Filip Matijašević,rs SRB,MF,Čukarički,16,2008,6,4,294,3.3,0,0,0,0,0,0,0,0,0.00,0.00,0.00,0.00,0.00,Matches,,,0,0,,0.00,0.00,,,,,,,,,,,,,,,,,,,Serbian SuperLiga,2024-2025
1dc8f5ab,Prestige Mboungou,Prestige Mboungou,cg CGO,"MF,FW",TSC,24,2000,29,21,"1,926",21.4,11,3,14,11,0,0,3,0,0.51,0.14,0.65,0.51,0.65,Matches,0.58,1.10,19,10,52.6,0.47,0.89,,,,,,,,,,,,,,,,,,,Serbian SuperLiga,2024-2025
2e64bb49,Slobodan Medojević,Slobodan Medojević,rs SRB,MF,Vojvodina,33,1990,26,22,"1,777",19.7,1,2,3,1,0,0,3,0,0.05,0.10,0.15,0.05,0.15,Matches,0.17,1.00,6,1,16.7,0.05,0.30,,,,,,,,,,,,,,,,,,,Serbian SuperLiga,2024-2025
4c6409cf,Vinicius Mello,Vinicius Mello,br BRA,FW,Čukarički,21,2002,8,6,515,5.7,5,2,7,5,0,0,1,0,0.87,0.35,1.22,0.87,1.22,Matches,0.20,0.56,25,9,36.0,1.57,4.37,,,,,,,,,,,,,,,,,,,Serbian SuperLiga,2024-2025
75eef560,Aleksandar Mesarović,Aleksandar Mesarović,rs SRB,MF,Novi Pazar,25,1998,30,28,"2,418",26.9,4,10,14,4,0,0,9,0,0.15,0.37,0.52,0.15,0.52,Matches,0.18,0.44,22,9,40.9,0.33,0.82,,,,,,,,,,,,,,,,,,,Serbian SuperLiga,2024-2025
33c820d5,Marko Mijailović,Marko Mijailović,rs SRB,DF,Spartak Subotica,26,1997,27,19,"1,746",19.4,0,0,0,0,0,0,7,0,0.00,0.00,0.00,0.00,0.00,Matches,0.00,0.00,7,1,14.3,0.05,0.36,,,,,,,,,,,,,,,,,,,Serbian SuperLiga,2024-2025
175bef1f,Srđan Mijailović,Srđan Mijailović,rs SRB,MF,Red Star,30,1993,1,0,45,0.5,0,0,0,0,0,0,0,0,0.00,0.00,0.00,0.00,0.00,Matches,0.00,0.00,1,1,100.0,2.00,2.00,,,,,,,,,,,,,,,,,,,Serbian SuperLiga,2024-2025
958724e0,Miloš Mijić,Miloš Mijić,rs SRB,MF,Spartak Subotica,34,1989,33,16,"1,713",19.0,1,3,4,1,0,0,3,0,0.05,0.16,0.21,0.05,0.21,Matches,0.08,0.20,13,5,38.5,0.26,0.68,,,,,,,,,,,,,,,,,,,Serbian SuperLiga,2024-2025
53501401,Danilo Miladinović,Danilo Miladinović,rs SRB,MF,Jedinstvo Ub,22,2002,29,24,"2,154",23.9,1,2,3,1,0,0,3,0,0.04,0.08,0.13,0.04,0.13,Matches,0.07,0.17,15,6,40.0,0.25,0.63,,,,,,,,,,,,,,,,,,,Serbian SuperLiga,2024-2025
e4d08672,Uroš Miladinović,Uroš Miladinović,rs SRB,"MF,FW",Čukarički,20,2004,24,17,"1,515",16.8,3,3,6,3,0,0,4,0,0.18,0.18,0.36,0.18,0.36,Matches,0.16,0.60,19,5,26.3,0.30,1.13,,,,,,,,,,,,,,,,,,,Serbian SuperLiga,2024-2025
3abad0a1,Igor Milanović,Igor Milanović,rs SRB,FW,Jedinstvo Ub,29,1994,13,10,829,9.2,0,1,1,0,0,0,1,0,0.00,0.11,0.11,0.00,0.11,Matches,0.00,0.00,5,2,40.0,0.22,0.54,,,,,,,,,,,,,,,,,,,Serbian SuperLiga,2024-2025
57f60036,Nemanja Miletić,Nemanja Miletić,rs SRB,DF,Novi Pazar,33,1991,35,35,"3,089",34.3,3,3,6,3,0,0,6,0,0.09,0.09,0.17,0.09,0.17,Matches,0.25,0.50,12,6,50.0,0.17,0.35,,,,,,,,,,,,,,,,,,,Serbian SuperLiga,2024-2025
e109d9ba,Vladimir Miletić,Vladimir Miletić,rs SRB,MF,Napredak Kruševac,21,2003,26,17,"1,473",16.4,2,1,3,2,0,0,3,0,0.12,0.06,0.18,0.12,0.18,Matches,0.50,0.67,4,3,75.0,0.18,0.24,,,,,,,,,,,,,,,,,,,Serbian SuperLiga,2024-2025
26a3c0aa,Nikola Miličić,Nikola Miličić,rs SRB,MF,Napredak Kruševac,20,2004,6,6,463,5.1,0,0,0,0,0,0,0,0,0.00,0.00,0.00,0.00,0.00,Matches,0.00,,1,0,0.0,0.00,0.19,,,,,,,,,,,,,,,,,,,Serbian SuperLiga,2024-2025
0643491d,Mirko Milikic,Mirko Milikic,me MNE,DF,Železničar Pančevo,22,2001,28,23,"2,084",23.2,2,0,2,2,0,0,1,0,0.09,0.00,0.09,0.09,0.09,Matches,0.17,0.67,12,3,25.0,0.13,0.52,,,,,,,,,,,,,,,,,,,Serbian SuperLiga,2024-2025
6b0259ed,Milos Milivojevic,Milos Milivojevic,rs SRB,FW,Napredak Kruševac,22,2002,3,1,91,1.0,0,0,0,0,0,0,0,0,0.00,0.00,0.00,0.00,0.00,Matches,0.00,,1,0,0.0,0.00,0.99,,,,,,,,,,,,,,,,,,,Serbian SuperLiga,2024-2025
5d9983c0,Luka Milojević,Luka Milojević,rs SRB,MF,Radnički Kragujevac,21,2003,2,0,6,0.1,0,0,0,0,0,0,0,0,0.00,0.00,0.00,0.00,0.00,Matches,,,0,0,,0.00,0.00,,,,,,,,,,,,,,,,,,,Serbian SuperLiga,2024-2025
a30a0699,Nemanja Milojević,Nemanja Milojević,rs SRB,"MF,FW",Čukarički,26,1998,15,10,668,7.4,2,1,3,2,0,0,3,0,0.27,0.13,0.40,0.27,0.40,Matches,0.67,1.00,3,2,66.7,0.27,0.40,,,,,,,,,,,,,,,,,,,Serbian SuperLiga,2024-2025
7014f34b,Ivan Milosavljević,Ivan Milosavljević,rs SRB,MF,TSC,41,1983,23,12,889,9.9,2,0,2,2,0,0,3,0,0.20,0.00,0.20,0.20,0.20,Matches,0.33,0.67,6,3,50.0,0.30,0.61,,,,,,,,,,,,,,,,,,,Serbian SuperLiga,2024-2025
5122414e,Jovan Milosavljević,Jovan Milosavljević,rs SRB,MF,Železničar Pančevo,17,2007,13,2,405,4.5,1,0,1,1,0,0,2,0,0.22,0.00,0.22,0.22,0.22,Matches,0.20,1.00,5,1,20.0,0.22,1.11,,,,,,,,,,,,,,,,,,,Serbian SuperLiga,2024-2025
819f3a54,Radomir Milosavljević,Radomir Milosavljević,rs SRB,MF,Radnički Niš,32,1992,15,12,"1,087",12.1,1,0,1,1,0,0,4,1,0.08,0.00,0.08,0.08,0.08,Matches,1.00,1.00,1,1,100.0,0.08,0.08,,,,,,,,,,,,,,,,,,,Serbian SuperLiga,2024-2025
c478319d,Veljko Milosavljević,Veljko Milosavljević,rs SRB,DF,Red Star,17,2007,14,11,"1,082",12.0,0,0,0,0,0,0,1,0,0.00,0.00,0.00,0.00,0.00,Matches,0.00,,2,0,0.0,0.00,0.17,,,,,,,,,,,,,,,,,,,Serbian SuperLiga,2024-2025
fdbe14c8,Jovan Milošević,Jovan Milošević,rs SRB,FW,Partizan,19,2005,5,4,331,3.7,3,0,3,3,0,0,0,0,0.82,0.00,0.82,0.82,0.82,Matches,0.38,0.50,8,6,75.0,1.63,2.18,,,,,,,,,,,,,,,,,,,Serbian SuperLiga,2024-2025
0cd1b62f,Marko Milošević,Marko Milošević,rs SRB,GK,Radnički Kragujevac,33,1991,26,26,"2,295",25.5,0,0,0,0,0,0,0,0,0.00,0.00,0.00,0.00,0.00,Matches,,,0,0,,0.00,0.00,8,30.8,26,26,38,1.49,9,"2,295",4,4,0,0.0,0,49.3,33,67,7,10,Serbian SuperLiga,2024-2025
690f6e40,Milson,Milson,ao ANG,MF,Red Star,24,1999,27,17,"1,317",14.6,5,4,9,5,0,0,0,0,0.34,0.27,0.62,0.34,0.62,Matches,0.20,0.56,25,9,36.0,0.62,1.71,,,,,,,,,,,,,,,,,,,Serbian SuperLiga,2024-2025
746b64a7,Nemanja Milunović,Nemanja Milunović,rs SRB,DF,Železničar Pančevo,35,1989,27,23,"2,169",24.1,1,1,2,1,0,0,3,1,0.04,0.04,0.08,0.04,0.08,Matches,0.17,1.00,6,1,16.7,0.04,0.25,,,,,,,,,,,,,,,,,,,Serbian SuperLiga,2024-2025
a8b0d9bc,Ognjen Mimovic,Ognjen Mimovic,rs SRB,DF,Red Star,19,2004,12,10,937,10.4,0,2,2,0,0,0,1,0,0.00,0.19,0.19,0.00,0.19,Matches,0.00,,1,0,0.0,0.00,0.10,,,,,,,,,,,,,,,,,,,Serbian SuperLiga,2024-2025
ef6d50fb,Bogdan Mirčetić,Bogdan Mirčetić,rs SRB,MF,Radnički Kragujevac,18,2005,33,24,"2,166",24.1,6,6,12,4,2,2,3,0,0.25,0.25,0.50,0.17,0.42,Matches,0.19,0.36,21,11,52.4,0.46,0.87,,,,,,,,,,,,,,,,,,,Serbian SuperLiga,2024-2025
094b1096,Nikola Mirković,Nikola Mirković,rs SRB,GK,Čukarički,33,1991,20,20,"1,800",20.0,0,0,0,0,0,0,2,0,0.00,0.00,0.00,0.00,0.00,Matches,,,0,0,,0.00,0.00,4,20.0,20,20,34,1.70,10,"1,800",2,4,2,0.0,0,37.3,19,51,6,4,Serbian SuperLiga,2024-2025
a6a4304c,Marko Mitrović,Marko Mitrović,rs SRB,"MF,FW",Jedinstvo Ub,20,2004,22,16,"1,105",12.3,1,3,4,1,0,0,1,1,0.08,0.24,0.33,0.08,0.33,Matches,0.13,0.50,8,2,25.0,0.16,0.65,,,,,,,,,,,,,,,,,,,Serbian SuperLiga,2024-2025
46eeb1bb,Matija Mitrovic,Matija Mitrovic,rs SRB,MF,Železničar Pančevo,19,2004,34,28,"2,276",25.3,2,5,7,2,0,0,2,0,0.08,0.20,0.28,0.08,0.28,Matches,0.10,0.40,20,5,25.0,0.20,0.79,,,,,,,,,,,,,,,,,,,Serbian SuperLiga,2024-2025
e41ee432,Milan Mitrović,Milan Mitrović,rs SRB,DF,Radnički Kragujevac,36,1988,21,20,"1,764",19.6,1,1,2,1,0,0,4,0,0.05,0.05,0.10,0.05,0.10,Matches,0.50,1.00,2,1,50.0,0.05,0.10,,,,,,,,,,,,,,,,,,,Serbian SuperLiga,2024-2025
b6397cfb,Jovan Mituljikic,Jovan Mituljikic,rs SRB,MF,Radnički Niš,21,2003,8,3,341,3.8,0,0,0,0,0,0,0,0,0.00,0.00,0.00,0.00,0.00,Matches,,,0,0,,0.00,0.00,,,,,,,,,,,,,,,,,,,Serbian SuperLiga,2024-2025
b6397cfb,Jovan Mituljikic,Jovan Mituljikic,rs SRB,MF,Radnički Niš,21,2003,8,3,341,3.8,0,0,0,0,0,0,0,0,0.00,0.00,0.00,0.00,0.00,Matches,,,0,0,,0.00,0.00,,,,,,,,,,,,,,,,,,,Serbian SuperLiga,2024-2025
b6397cfb,Jovan Mituljikic,Jovan Mituljikic,rs SRB,FW,Novi Pazar,21,2003,11,1,158,1.8,0,0,0,0,0,0,0,0,0.00,0.00,0.00,0.00,0.00,Matches,,,0,0,,0.00,0.00,,,,,,,,,,,,,,,,,,,Serbian SuperLiga,2024-2025
b6397cfb,Jovan Mituljikic,Jovan Mituljikic,rs SRB,FW,Novi Pazar,21,2003,11,1,158,1.8,0,0,0,0,0,0,0,0,0.00,0.00,0.00,0.00,0.00,Matches,,,0,0,,0.00,0.00,,,,,,,,,,,,,,,,,,,Serbian SuperLiga,2024-2025
28e61ffe,Nikola Mituljikić,Nikola Mituljikić,rs SRB,MF,OFK Beograd,21,2003,31,17,"1,558",17.3,4,1,5,4,0,0,4,1,0.23,0.06,0.29,0.23,0.29,Matches,0.25,0.57,16,7,43.8,0.40,0.92,,,,,,,,,,,,,,,,,,,Serbian SuperLiga,2024-2025
80dddccc,Luka Mladenović,Luka Mladenović,be BEL,MF,Jedinstvo Ub,17,2006,12,0,174,1.9,0,0,0,0,0,0,2,0,0.00,0.00,0.00,0.00,0.00,Matches,,,0,0,,0.00,0.00,,,,,,,,,,,,,,,,,,,Serbian SuperLiga,2024-2025
6510ee8d,Marko Mladenović,Marko Mladenović,rs SRB,MF,Vojvodina,19,2005,14,3,485,5.4,0,0,0,0,0,0,1,0,0.00,0.00,0.00,0.00,0.00,Matches,,,0,0,,0.00,0.00,,,,,,,,,,,,,,,,,,,Serbian SuperLiga,2024-2025
2e53698c,Stefan Mladenović,Stefan Mladenović,rs SRB,FW,TSC,16,2007,3,1,122,1.4,1,0,1,1,0,0,0,0,0.74,0.00,0.74,0.74,0.74,Matches,0.33,1.00,3,1,33.3,0.74,2.21,,,,,,,,,,,,,,,,,,,Serbian SuperLiga,2024-2025
16b42840,Miljan Momcilovic,Miljan Momcilovic,rs SRB,"MF,DF",OFK Beograd,23,2001,31,19,"1,663",18.5,0,0,0,0,0,0,2,1,0.00,0.00,0.00,0.00,0.00,Matches,0.00,0.00,2,1,50.0,0.05,0.11,,,,,,,,,,,,,,,,,,,Serbian SuperLiga,2024-2025
97cf41b0,Simón Moreno,Simón Moreno,es ESP,FW,Jedinstvo Ub,27,1997,12,6,550,6.1,1,0,1,0,1,1,1,0,0.16,0.00,0.16,0.00,0.00,Matches,0.00,0.00,4,1,25.0,0.16,0.65,,,,,,,,,,,,,,,,,,,Serbian SuperLiga,2024-2025
15ff51b3,Ognjen Mršić,Ognjen Mršić,rs SRB,DF,Novi Pazar,25,1999,20,18,"1,666",18.5,0,0,0,0,0,0,10,0,0.00,0.00,0.00,0.00,0.00,Matches,0.00,0.00,2,1,50.0,0.05,0.11,,,,,,,,,,,,,,,,,,,Serbian SuperLiga,2024-2025
8eff6286,Nihad Mujakić,Nihad Mujakić,ba BIH,DF,Partizan,26,1998,26,26,"2,282",25.4,0,1,1,0,0,0,5,0,0.00,0.04,0.04,0.00,0.04,Matches,,,0,0,,0.00,0.00,,,,,,,,,,,,,,,,,,,Serbian SuperLiga,2024-2025
f2b170ae,José Mulato,José Mulato,co COL,FW,Spartak Subotica,21,2003,7,3,235,2.6,0,0,0,0,0,0,0,0,0.00,0.00,0.00,0.00,0.00,Matches,,,0,0,,0.00,0.00,,,,,,,,,,,,,,,,,,,Serbian SuperLiga,2024-2025
7b002367,Alfa Mussá,Alfa Mussá,pt POR,MF,Radnički Kragujevac,19,2005,12,1,320,3.6,0,0,0,0,0,0,4,1,0.00,0.00,0.00,0.00,0.00,Matches,,,0,0,,0.00,0.00,,,,,,,,,,,,,,,,,,,Serbian SuperLiga,2024-2025
d4aa40b8,Ben Nabouhane,Ben Nabouhane,km COM,"FW,MF",Železničar Pančevo,35,1989,5,0,75,0.8,0,1,1,0,0,0,1,0,0.00,1.20,1.20,0.00,1.20,Matches,,,0,0,,0.00,0.00,,,,,,,,,,,,,,,,,,,Serbian SuperLiga,2024-2025
fd3fe85c,Richard Nagy,Richard Nagy,sk SVK,DF,Jedinstvo Ub,23,2000,1,1,45,0.5,0,0,0,0,0,0,0,0,0.00,0.00,0.00,0.00,0.00,Matches,,,0,0,,0.00,0.00,,,,,,,,,,,,,,,,,,,Serbian SuperLiga,2024-2025
c44a1d58,Bibras Natkho,Bibras Natkho,il ISR,"MF,FW",Partizan,36,1988,35,28,"2,217",24.6,15,13,28,10,5,5,3,0,0.61,0.53,1.14,0.41,0.93,Matches,0.32,0.50,31,20,64.5,0.81,1.26,,,,,,,,,,,,,,,,,,,Serbian SuperLiga,2024-2025
858a54c3,Cherif Ndiaye,Cherif Ndiaye,sn SEN,FW,Red Star,28,1996,29,21,"1,849",20.5,19,5,24,15,4,5,5,0,0.92,0.24,1.17,0.73,0.97,Matches,0.28,0.48,53,31,58.5,1.51,2.58,,,,,,,,,,,,,,,,,,,Serbian SuperLiga,2024-2025
4d116df3,Bojica Nikčević,Bojica Nikčević,rs SRB,"MF,FW",Čukarički,24,2000,25,13,"1,203",13.4,1,0,1,1,0,1,5,0,0.07,0.00,0.07,0.07,0.07,Matches,0.25,1.00,4,1,25.0,0.07,0.30,,,,,,,,,,,,,,,,,,,Serbian SuperLiga,2024-2025
f9c8dcf2,Lazar Nikolić,Lazar Nikolić,rs SRB,"MF,DF",Vojvodina,24,1999,23,14,"1,330",14.8,0,0,0,0,0,0,2,0,0.00,0.00,0.00,0.00,0.00,Matches,0.00,0.00,1,1,100.0,0.07,0.07,,,,,,,,,,,,,,,,,,,Serbian SuperLiga,2024-2025
2398dd36,Nemanja Nikolić,Nemanja Nikolić,me MNE,FW,Partizan,31,1992,28,16,"1,380",15.3,10,2,12,8,2,2,1,0,0.65,0.13,0.78,0.52,0.65,Matches,0.26,0.53,31,15,48.4,0.98,2.02,,,,,,,,,,,,,,,,,,,Serbian SuperLiga,2024-2025
07af9ac4,Srdjan Nikolić,Srdjan Nikolić,rs SRB,DF,OFK Beograd,26,1997,1,0,34,0.4,0,0,0,0,0,0,0,0,0.00,0.00,0.00,0.00,0.00,Matches,,,0,0,,0.00,0.00,,,,,,,,,,,,,,,,,,,Serbian SuperLiga,2024-2025
e013c895,Stefan Nikolic,Stefan Nikolic,rs SRB,"MF,DF",Radnički Niš,18,2006,14,9,773,8.6,1,2,3,1,0,0,0,0,0.12,0.23,0.35,0.12,0.35,Matches,0.25,0.50,4,2,50.0,0.23,0.47,,,,,,,,,,,,,,,,,,,Serbian SuperLiga,2024-2025
a82bc635,Uroš Nikolić,Uroš Nikolić,rs SRB,"MF,FW",Vojvodina,30,1993,24,16,"1,339",14.9,4,5,9,3,1,1,2,0,0.27,0.34,0.60,0.20,0.54,Matches,0.33,0.38,9,8,88.9,0.54,0.60,,,,,,,,,,,,,,,,,,,Serbian SuperLiga,2024-2025
ab1263d2,Nikola Ninković,Nikola Ninković,rs SRB,"FW,MF",Tekstilac Odžaci,29,1994,9,2,305,3.4,1,1,2,1,0,0,2,0,0.30,0.30,0.59,0.30,0.59,Matches,1.00,1.00,1,1,100.0,0.30,0.30,,,,,,,,,,,,,,,,,,,Serbian SuperLiga,2024-2025
c6c71b82,Jovan Nišić,Jovan Nišić,rs SRB,MF,Radnički Niš,26,1998,31,24,"2,136",23.7,4,6,10,4,0,0,6,1,0.17,0.25,0.42,0.17,0.42,Matches,0.27,0.31,15,13,86.7,0.55,0.63,,,,,,,,,,,,,,,,,,,Serbian SuperLiga,2024-2025
c3bcff93,Darly Nlandu,Darly Nlandu,fr FRA,MF,Radnički Kragujevac,24,2000,7,1,220,2.4,0,0,0,0,0,0,1,0,0.00,0.00,0.00,0.00,0.00,Matches,0.00,0.00,1,1,100.0,0.41,0.41,,,,,,,,,,,,,,,,,,,Serbian SuperLiga,2024-2025
c5bd9313,Filip Nović,Filip Nović,rs SRB,GK,Železničar Pančevo,22,2002,3,2,245,2.7,0,0,0,0,0,0,0,0,0.00,0.00,0.00,0.00,0.00,Matches,,,0,0,,0.00,0.00,2,100.0,3,2,1,0.37,0,245,0,0,0,,0,75.0,3,4,1,1,Serbian SuperLiga,2024-2025
0c0a5578,Dimitrije Novicevic,Dimitrije Novicevic,rs SRB,MF,Železničar Pančevo,18,2006,1,0,5,0.1,0,0,0,0,0,0,0,0,0.00,0.00,0.00,0.00,0.00,Matches,,,0,0,,0.00,0.00,,,,,,,,,,,,,,,,,,,Serbian SuperLiga,2024-2025
aebd4161,Vasilije Novičić,Vasilije Novičić,rs SRB,MF,Novi Beograd,16,2008,23,23,"1,898",21.1,1,2,3,0,1,1,6,0,0.05,0.09,0.14,0.00,0.09,Matches,0.00,0.00,2,1,50.0,0.05,0.09,,,,,,,,,,,,,,,,,,,Serbian SuperLiga,2024-2025
30c64d92,Francis Nwokeabia,Francis Nwokeabia,ng NGA,,Spartak Subotica,19,2005,13,0,160,1.8,0,0,0,0,0,0,0,0,0.00,0.00,0.00,0.00,0.00,Matches,0.00,,3,0,0.0,0.00,1.69,,,,,,,,,,,,,,,,,,,Serbian SuperLiga,2024-2025
a62a56b4,Shane O'Neill,Shane O'Neill,us USA,DF,Radnički Kragujevac,30,1993,3,2,143,1.6,0,0,0,0,0,0,1,0,0.00,0.00,0.00,0.00,0.00,Matches,,,0,0,,0.00,0.00,,,,,,,,,,,,,,,,,,,Serbian SuperLiga,2024-2025
922b3560,Prince Obasi,Prince Obasi,ng NGA,FW,OFK Beograd,18,2005,2,0,4,0.0,0,0,0,0,0,0,0,0,0.00,0.00,0.00,0.00,0.00,Matches,,,0,0,,0.00,0.00,,,,,,,,,,,,,,,,,,,Serbian SuperLiga,2024-2025
2fb93207,Marko Obradović,Marko Obradović,me MNE,FW,Napredak Kruševac,33,1991,21,7,800,8.9,1,1,2,1,0,0,5,1,0.11,0.11,0.23,0.11,0.23,Matches,0.06,0.17,17,6,35.3,0.68,1.91,,,,,,,,,,,,,,,,,,,Serbian SuperLiga,2024-2025
9a41182b,Stefan Obradovic,Stefan Obradovic,rs SRB,DF,OFK Beograd,20,2003,17,10,865,9.6,0,0,0,0,0,0,5,0,0.00,0.00,0.00,0.00,0.00,Matches,,,0,0,,0.00,0.00,,,,,,,,,,,,,,,,,,,Serbian SuperLiga,2024-2025
1b8be881,Richard Odada,Richard Odada,ke KEN,MF,OFK Beograd,23,2000,6,1,194,2.2,0,0,0,0,0,0,1,0,0.00,0.00,0.00,0.00,0.00,Matches,,,0,0,,0.00,0.00,,,,,,,,,,,,,,,,,,,Serbian SuperLiga,2024-2025
beec76cc,Peter Olayinka,Peter Olayinka,ng NGA,"FW,MF",Red Star,28,1995,7,5,394,4.4,2,3,5,2,0,0,0,0,0.46,0.69,1.14,0.46,1.14,Matches,0.18,0.50,11,4,36.4,0.91,2.51,,,,,,,,,,,,,,,,,,,Serbian SuperLiga,2024-2025
a3562060,Ejike Opara,Ejike Opara,ng NGA,"FW,MF",Novi Pazar,19,2005,28,16,"1,397",15.5,3,1,4,3,0,0,5,0,0.19,0.06,0.26,0.19,0.26,Matches,0.13,0.25,24,12,50.0,0.77,1.55,,,,,,,,,,,,,,,,,,,Serbian SuperLiga,2024-2025
8067166a,Kwadwo Opoku Ackah,Kwadwo Opoku Ackah,gh GHA,DF,OFK Beograd,19,2005,1,0,1,0.0,0,0,0,0,0,0,0,0,0.00,0.00,0.00,0.00,0.00,Matches,,,0,0,,0.00,0.00,,,,,,,,,,,,,,,,,,,Serbian SuperLiga,2024-2025
db354046,Dilan Ortiz,Dilan Ortiz,co COL,"FW,MF",Mladost Lučani,24,2000,15,9,746,8.3,2,2,4,2,0,0,1,0,0.24,0.24,0.48,0.24,0.48,Matches,0.40,0.67,5,3,60.0,0.36,0.60,,,,,,,,,,,,,,,,,,,Serbian SuperLiga,2024-2025
db354046,Dilan Ortiz,Dilan Ortiz,co COL,"FW,MF",Mladost Lučani,24,2000,15,9,746,8.3,2,2,4,2,0,0,1,0,0.24,0.24,0.48,0.24,0.48,Matches,0.12,0.29,17,7,41.2,1.38,3.34,,,,,,,,,,,,,,,,,,,Serbian SuperLiga,2024-2025
db354046,Dilan Ortiz,Dilan Ortiz,co COL,FW,Radnički Kragujevac,24,2000,14,4,458,5.1,2,1,3,2,0,0,1,0,0.39,0.20,0.59,0.39,0.59,Matches,0.40,0.67,5,3,60.0,0.36,0.60,,,,,,,,,,,,,,,,,,,Serbian SuperLiga,2024-2025
db354046,Dilan Ortiz,Dilan Ortiz,co COL,FW,Radnički Kragujevac,24,2000,14,4,458,5.1,2,1,3,2,0,0,1,0,0.39,0.20,0.59,0.39,0.59,Matches,0.12,0.29,17,7,41.2,1.38,3.34,,,,,,,,,,,,,,,,,,,Serbian SuperLiga,2024-2025
9f8d49ff,Kwaku Osei Bonsu,Kwaku Osei Bonsu,gh GHA,FW,Spartak Subotica,23,2000,19,5,633,7.0,3,0,3,3,0,0,3,0,0.43,0.00,0.43,0.43,0.43,Matches,0.43,0.60,7,5,71.4,0.71,1.00,,,,,,,,,,,,,,,,,,,Serbian SuperLiga,2024-2025
f790ce79,Ivan Ostojić,Ivan Ostojić,rs SRB,DF,Napredak Kruševac,35,1989,19,10,906,10.1,0,0,0,0,0,0,1,0,0.00,0.00,0.00,0.00,0.00,Matches,0.00,0.00,3,1,33.3,0.10,0.30,,,,,,,,,,,,,,,,,,,Serbian SuperLiga,2024-2025
a06c6c8a,Leonard Owusu,Leonard Owusu,gh GHA,MF,Partizan,27,1997,8,6,551,6.1,0,0,0,0,0,0,1,0,0.00,0.00,0.00,0.00,0.00,Matches,0.00,,1,0,0.0,0.00,0.16,,,,,,,,,,,,,,,,,,,Serbian SuperLiga,2024-2025
7c92cab0,Samuel Owusu,Samuel Owusu,gh GHA,MF,OFK Beograd,28,1996,23,9,"1,033",11.5,3,2,5,3,0,0,5,0,0.26,0.17,0.44,0.26,0.44,Matches,0.38,0.75,8,4,50.0,0.35,0.70,,,,,,,,,,,,,,,,,,,Serbian SuperLiga,2024-2025
393fb351,Aleksa Paić,Aleksa Paić,rs SRB,DF,Jedinstvo Ub,20,2003,17,17,"1,515",16.8,3,0,3,3,0,0,4,0,0.18,0.00,0.18,0.18,0.18,Matches,0.75,0.75,4,4,100.0,0.24,0.24,,,,,,,,,,,,,,,,,,,Serbian SuperLiga,2024-2025
c578bb20,Filip Pajović,Filip Pajović,rs SRB,GK,Novi Pazar,31,1993,5,5,450,5.0,0,0,0,0,0,0,0,0,0.00,0.00,0.00,0.00,0.00,Matches,,,0,0,,0.00,0.00,1,20.0,5,5,9,1.80,3,450,0,0,0,,0,64.0,16,25,1,1,Serbian SuperLiga,2024-2025
1a2b755b,Aleksandar Paločević,Aleksandar Paločević,rs SRB,MF,OFK Beograd,30,1993,16,15,"1,351",15.0,3,1,4,1,2,2,1,0,0.20,0.07,0.27,0.07,0.13,Matches,0.06,0.17,18,6,33.3,0.40,1.20,,,,,,,,,,,,,,,,,,,Serbian SuperLiga,2024-2025
6eac907b,Miloš Pantović,Miloš Pantović,rs SRB,"FW,MF",TSC,21,2002,34,24,"2,204",24.5,10,6,16,9,1,1,3,0,0.41,0.25,0.65,0.37,0.61,Matches,0.32,0.60,28,15,53.6,0.61,1.14,,,,,,,,,,,,,,,,,,,Serbian SuperLiga,2024-2025
eed332df,Milan Pavkov,Milan Pavkov,rs SRB,FW,Čukarički,30,1994,18,1,360,4.0,1,2,3,1,0,0,3,0,0.25,0.50,0.75,0.25,0.75,Matches,0.50,0.50,2,2,100.0,0.50,0.50,,,,,,,,,,,,,,,,,,,Serbian SuperLiga,2024-2025
297aed01,Dušan Pavlović,Dušan Pavlović,rs SRB,"DF,MF",Radnički Niš,20,2004,23,18,"1,764",19.6,2,2,4,2,0,0,4,0,0.10,0.10,0.20,0.10,0.20,Matches,0.33,0.50,6,4,66.7,0.20,0.31,,,,,,,,,,,,,,,,,,,Serbian SuperLiga,2024-2025
e98d18ca,Lazar Pavlović,Lazar Pavlović,rs SRB,MF,Novi Beograd,22,2001,1,0,15,0.2,0,0,0,0,0,0,0,0,0.00,0.00,0.00,0.00,0.00,Matches,,,0,0,,0.00,0.00,,,,,,,,,,,,,,,,,,,Serbian SuperLiga,2024-2025
9f06f976,Luka Peic,Luka Peic,rs SRB,DF,Spartak Subotica,19,2005,2,0,47,0.5,0,0,0,0,0,0,0,0,0.00,0.00,0.00,0.00,0.00,Matches,,,0,0,,0.00,0.00,,,,,,,,,,,,,,,,,,,Serbian SuperLiga,2024-2025
83bc53fa,Aleksa Pejić,Aleksa Pejić,rs SRB,MF,TSC,25,1999,25,11,"1,113",12.4,1,0,1,1,0,0,1,0,0.08,0.00,0.08,0.08,0.08,Matches,0.33,1.00,3,1,33.3,0.08,0.24,,,,,,,,,,,,,,,,,,,Serbian SuperLiga,2024-2025
8653a3e1,Aleksandar Pejović,Aleksandar Pejović,rs SRB,MF,Mladost Lučani,33,1990,34,34,"3,030",33.7,10,4,14,2,8,9,9,0,0.30,0.12,0.42,0.06,0.18,Matches,0.10,0.15,21,13,61.9,0.39,0.62,,,,,,,,,,,,,,,,,,,Serbian SuperLiga,2024-2025
63b77bfa,Tomás Pérez,Tomás Pérez,ar ARG,FW,Jedinstvo Ub,18,2006,19,13,"1,128",12.5,1,0,1,1,0,0,0,0,0.08,0.00,0.08,0.08,0.08,Matches,0.04,0.10,23,10,43.5,0.80,1.84,,,,,,,,,,,,,,,,,,,Serbian SuperLiga,2024-2025
70d31829,Marko Petković,Marko Petković,rs SRB,DF,Radnički Niš,31,1992,12,5,418,4.6,1,1,2,1,0,0,1,1,0.22,0.22,0.43,0.22,0.43,Matches,1.00,1.00,1,1,100.0,0.22,0.22,,,,,,,,,,,,,,,,,,,Serbian SuperLiga,2024-2025
921d6c35,Mihajlo Petkovic,Mihajlo Petkovic,rs SRB,MF,Napredak Kruševac,20,2004,31,22,"1,687",18.7,1,2,3,1,0,0,5,0,0.05,0.11,0.16,0.05,0.16,Matches,0.08,0.25,13,4,30.8,0.21,0.69,1,100.0,1,1,0,0.00,0,90,0,0,0,,0,100.0,7,7,0,1,Serbian SuperLiga,2024-2025
61df20ba,David Petrovic,David Petrovic,rs SRB,DF,Radnički Niš,21,2003,2,2,180,2.0,0,0,0,0,0,0,1,0,0.00,0.00,0.00,0.00,0.00,Matches,0.00,0.00,3,1,33.3,0.50,1.50,,,,,,,,,,,,,,,,,,,Serbian SuperLiga,2024-2025
85d8a92b,Mihajlo Petrović,Mihajlo Petrović,rs SRB,MF,Partizan,18,2005,1,0,14,0.2,0,0,0,0,0,0,0,0,0.00,0.00,0.00,0.00,0.00,Matches,,,0,0,,0.00,0.00,,,,,,,,,,,,,,,,,,,Serbian SuperLiga,2024-2025
2a57edd2,Nemanja Petrović,Nemanja Petrović,rs SRB,DF,TSC,32,1992,17,13,"1,261",14.0,0,0,0,0,0,0,6,0,0.00,0.00,0.00,0.00,0.00,Matches,0.00,0.00,6,2,33.3,0.14,0.43,,,,,,,,,,,,,,,,,,,Serbian SuperLiga,2024-2025
0cb29e91,Njegoš Petrović,Njegoš Petrović,rs SRB,MF,Vojvodina,25,1999,33,31,"2,645",29.4,5,2,7,4,1,2,6,0,0.17,0.07,0.24,0.14,0.20,Matches,0.12,0.21,33,19,57.6,0.65,1.12,,,,,,,,,,,,,,,,,,,Serbian SuperLiga,2024-2025
50224643,Stefan Pirgic,Stefan Pirgic,rs SRB,FW,Železničar Pančevo,21,2003,17,11,995,11.1,0,3,3,0,0,0,4,0,0.00,0.27,0.27,0.00,0.27,Matches,0.00,,2,0,0.0,0.00,0.18,,,,,,,,,,,,,,,,,,,Serbian SuperLiga,2024-2025
70da6f27,Marko Poletanović,Marko Poletanović,rs SRB,MF,Vojvodina,31,1993,16,10,904,10.0,1,2,3,0,1,1,1,0,0.10,0.20,0.30,0.00,0.20,Matches,0.00,0.00,8,4,50.0,0.40,0.80,,,,,,,,,,,,,,,,,,,Serbian SuperLiga,2024-2025
eeba992f,Aleksandar Popovic,Aleksandar Popovic,rs SRB,DF,Tekstilac Odžaci,26,1998,1,0,33,0.4,0,0,0,0,0,0,0,0,0.00,0.00,0.00,0.00,0.00,Matches,,,0,0,,0.00,0.00,,,,,,,,,,,,,,,,,,,Serbian SuperLiga,2024-2025
a37e3a31,Aleksandar Popovic,Aleksandar Popovic,rs SRB,DF,Jedinstvo Ub,25,1999,9,4,490,5.4,0,0,0,0,0,0,1,0,0.00,0.00,0.00,0.00,0.00,Matches,,,0,0,,0.00,0.00,,,,,,,,,,,,,,,,,,,Serbian SuperLiga,2024-2025
5e99d4af,Balša Popović,Balša Popović,me MNE,GK,OFK Beograd,24,2000,37,37,"3,330",37.0,0,0,0,0,0,0,1,0,0.00,0.00,0.00,0.00,0.00,Matches,,,0,0,,0.00,0.00,12,32.4,37,37,54,1.46,14,"3,330",7,8,0,12.5,1,57.3,64,110,8,15,Serbian SuperLiga,2024-2025
541f831e,Milos Popovic,Milos Popovic,rs SRB,MF,Vojvodina,20,2004,4,0,72,0.8,0,0,0,0,0,0,0,0,0.00,0.00,0.00,0.00,0.00,Matches,,,0,0,,0.00,0.00,,,,,,,,,,,,,,,,,,,Serbian SuperLiga,2024-2025
d92c1faa,Nikola Popović,Nikola Popović,rs SRB,GK,Mladost Lučani,18,2006,1,1,90,1.0,0,0,0,0,0,0,0,0,0.00,0.00,0.00,0.00,0.00,Matches,,,0,0,,0.00,0.00,0,0.0,1,1,3,3.00,1,90,0,0,0,,0,0.0,0,3,0,0,Serbian SuperLiga,2024-2025
c3fb824a,Siniša Popović,Siniša Popović,rs SRB,DF,Novi Beograd,19,2005,30,24,"2,209",24.5,0,1,1,0,0,0,8,0,0.00,0.04,0.04,0.00,0.04,Matches,0.00,0.00,6,2,33.3,0.08,0.24,,,,,,,,,,,,,,,,,,,Serbian SuperLiga,2024-2025
6258b172,Stefan Popović,Stefan Popović,me MNE,GK,Novi Pazar,31,1993,12,12,"1,080",12.0,0,0,0,0,0,0,1,1,0.00,0.00,0.00,0.00,0.00,Matches,,,0,0,,0.00,0.00,3,25.0,12,12,19,1.58,4,"1,080",0,1,0,100.0,1,60.4,30,48,2,6,Serbian SuperLiga,2024-2025
d1a08b5a,Zoran Popović,Zoran Popović,rs SRB,GK,Železničar Pančevo,36,1988,27,27,"2,365",26.3,0,0,0,0,0,0,0,0,0.00,0.00,0.00,0.00,0.00,Matches,,,0,0,,0.00,0.00,8,29.6,27,27,29,1.10,11,"2,365",2,3,0,33.3,1,55.7,35,61,6,10,Serbian SuperLiga,2024-2025
760f77f4,Miloje Preković,Miloje Preković,rs SRB,GK,Napredak Kruševac,33,1991,11,11,990,11.0,0,0,0,0,0,0,1,0,0.00,0.00,0.00,0.00,0.00,Matches,,,0,0,,0.00,0.00,2,18.2,11,11,16,1.45,5,990,2,2,0,0.0,0,17.6,3,17,2,4,Serbian SuperLiga,2024-2025
1ba95a44,Sava Pribaković,Sava Pribaković,rs SRB,DF,Mladost Lučani,21,2003,6,0,44,0.5,0,0,0,0,0,0,0,1,0.00,0.00,0.00,0.00,0.00,Matches,0.00,,1,0,0.0,0.00,2.05,,,,,,,,,,,,,,,,,,,Serbian SuperLiga,2024-2025
11557b01,Vladimir Prijović,Vladimir Prijović,rs SRB,"MF,DF",Spartak Subotica,22,2002,25,23,"1,980",22.0,0,5,5,0,0,0,6,1,0.00,0.23,0.23,0.00,0.23,Matches,0.00,0.00,2,1,50.0,0.05,0.09,,,,,,,,,,,,,,,,,,,Serbian SuperLiga,2024-2025
d49b756e,Mateja Prokopijević,Mateja Prokopijević,rs SRB,MF,Čukarički,17,2007,1,1,90,1.0,0,0,0,0,0,0,0,0,0.00,0.00,0.00,0.00,0.00,Matches,,,0,0,,0.00,0.00,,,,,,,,,,,,,,,,,,,Serbian SuperLiga,2024-2025
d7744042,Egor Prutsev,Egor Prutsev,ru RUS,MF,Red Star,21,2002,11,6,489,5.4,0,1,1,0,0,0,0,0,0.00,0.18,0.18,0.00,0.18,Matches,0.00,0.00,10,4,40.0,0.74,1.84,,,,,,,,,,,,,,,,,,,Serbian SuperLiga,2024-2025
9adb12f3,Savo Radanović,Savo Radanović,rs SRB,GK,Red Star,15,2009,2,2,180,2.0,0,0,0,0,0,0,0,0,0.00,0.00,0.00,0.00,0.00,Matches,,,0,0,,0.00,0.00,1,50.0,2,2,1,0.50,0,180,0,0,0,,0,0.0,0,1,0,2,Serbian SuperLiga,2024-2025
5ada5385,Milan Radin,Milan Radin,rs SRB,MF,TSC,33,1991,32,27,"2,288",25.4,0,2,2,0,0,0,10,1,0.00,0.08,0.08,0.00,0.08,Matches,0.00,0.00,9,2,22.2,0.08,0.35,,,,,,,,,,,,,,,,,,,Serbian SuperLiga,2024-2025
c0cedc7f,Luka Radivojević,Luka Radivojević,rs SRB,MF,Jedinstvo Ub,24,1999,5,4,318,3.5,0,0,0,0,0,0,1,0,0.00,0.00,0.00,0.00,0.00,Matches,0.00,,1,0,0.0,0.00,0.28,,,,,,,,,,,,,,,,,,,Serbian SuperLiga,2024-2025
c91acce9,Đorđe Radivojević,Đorđe Radivojević,rs SRB,MF,Novi Beograd,15,2008,1,0,13,0.1,0,0,0,0,0,0,0,0,0.00,0.00,0.00,0.00,0.00,Matches,,,0,0,,0.00,0.00,,,,,,,,,,,,,,,,,,,Serbian SuperLiga,2024-2025
68120a14,Vladimir Radocaj,Vladimir Radocaj,rs SRB,MF,Novi Beograd,25,1998,31,21,"1,888",21.0,5,4,9,5,0,0,6,0,0.24,0.19,0.43,0.24,0.43,Matches,0.31,1.67,16,3,18.8,0.14,0.76,,,,,,,,,,,,,,,,,,,Serbian SuperLiga,2024-2025
8093ca99,Viktor Radojevic,Viktor Radojevic,rs SRB,DF,TSC,20,2004,21,18,"1,550",17.2,0,0,0,0,0,0,3,0,0.00,0.00,0.00,0.00,0.00,Matches,0.00,0.00,4,1,25.0,0.06,0.23,,,,,,,,,,,,,,,,,,,Serbian SuperLiga,2024-2025
0630eb63,Nemanja Radonjić,Nemanja Radonjić,rs SRB,MF,Red Star,28,1996,21,4,734,8.2,5,3,8,5,0,0,0,0,0.61,0.37,0.98,0.61,0.98,Matches,0.63,1.00,8,5,62.5,0.61,0.98,,,,,,,,,,,,,,,,,,,Serbian SuperLiga,2024-2025
7c4d8993,Veljko Radosavljević,Veljko Radosavljević,rs SRB,FW,Čukarički,19,2005,8,2,310,3.4,1,1,2,1,0,0,1,0,0.29,0.29,0.58,0.29,0.58,Matches,1.00,1.00,1,1,100.0,0.29,0.29,,,,,,,,,,,,,,,,,,,Serbian SuperLiga,2024-2025
3f9c084b,Slaviša Radović,Slaviša Radović,ba BIH,DF,Radnički Kragujevac,30,1993,15,8,671,7.5,1,1,2,1,0,0,5,0,0.13,0.13,0.27,0.13,0.27,Matches,0.33,1.00,3,1,33.3,0.13,0.40,,,,,,,,,,,,,,,,,,,Serbian SuperLiga,2024-2025
d84b7d06,Andrija Radulović,Andrija Radulović,me MNE,FW,Vojvodina,22,2002,17,10,861,9.6,3,1,4,2,1,1,1,0,0.31,0.10,0.42,0.21,0.31,Matches,0.06,0.20,31,10,32.3,1.05,3.24,,,,,,,,,,,,,,,,,,,Serbian SuperLiga,2024-2025
2ef2fb9f,Strahinja Rakić,Strahinja Rakić,rs SRB,MF,Jedinstvo Ub,18,2006,29,24,"2,170",24.1,2,0,2,2,0,0,7,0,0.08,0.00,0.08,0.08,0.08,Matches,0.13,0.40,16,5,31.3,0.21,0.66,,,,,,,,,,,,,,,,,,,Serbian SuperLiga,2024-2025
1dbfae2d,Lazar Ranđelović,Lazar Ranđelović,rs SRB,MF,Vojvodina,26,1997,7,2,209,2.3,0,0,0,0,0,0,1,0,0.00,0.00,0.00,0.00,0.00,Matches,0.00,0.00,2,1,50.0,0.43,0.86,,,,,,,,,,,,,,,,,,,Serbian SuperLiga,2024-2025
9eab2f39,Abdul Razak Yusif,Abdul Razak Yusif,gh GHA,"MF,DF",Železničar Pančevo,22,2001,29,21,"1,760",19.6,0,1,1,0,0,0,1,0,0.00,0.05,0.05,0.00,0.05,Matches,0.00,0.00,5,1,20.0,0.05,0.26,,,,,,,,,,,,,,,,,,,Serbian SuperLiga,2024-2025
b715db94,Obeng Regan,Obeng Regan,gh GHA,MF,Tekstilac Odžaci,29,1994,10,2,309,3.4,0,0,0,0,0,0,0,0,0.00,0.00,0.00,0.00,0.00,Matches,0.00,,1,0,0.0,0.00,0.29,,,,,,,,,,,,,,,,,,,Serbian SuperLiga,2024-2025
828ffe78,Miloš Ristić,Miloš Ristić,rs SRB,MF,Radnički Kragujevac,29,1995,35,33,"2,697",30.0,1,3,4,1,0,0,7,0,0.03,0.10,0.13,0.03,0.13,Matches,0.07,0.33,14,3,21.4,0.10,0.47,,,,,,,,,,,,,,,,,,,Serbian SuperLiga,2024-2025
a94bad97,Nigel Robertha,Nigel Robertha,nl NED,"MF,FW",Spartak Subotica,26,1998,13,9,685,7.6,4,0,4,4,0,0,0,0,0.53,0.00,0.53,0.53,0.53,Matches,0.40,0.67,10,6,60.0,0.79,1.31,,,,,,,,,,,,,,,,,,,Serbian SuperLiga,2024-2025
4dedd469,Milan Rodić,Milan Rodić,rs SRB,DF,Red Star,33,1991,18,15,"1,246",13.8,2,2,4,2,0,0,2,0,0.14,0.14,0.29,0.14,0.29,Matches,0.50,1.00,4,2,50.0,0.14,0.29,,,,,,,,,,,,,,,,,,,Serbian SuperLiga,2024-2025
9e6442f9,Ivan Rogač,Ivan Rogač,rs SRB,DF,Jedinstvo Ub,32,1992,17,17,"1,519",16.9,0,0,0,0,0,0,3,0,0.00,0.00,0.00,0.00,0.00,Matches,,,0,0,,0.00,0.00,,,,,,,,,,,,,,,,,,,Serbian SuperLiga,2024-2025
2a07c0cd,Viktor Rogan,Viktor Rogan,rs SRB,DF,Čukarički,21,2002,14,5,544,6.0,0,0,0,0,0,0,3,0,0.00,0.00,0.00,0.00,0.00,Matches,0.00,0.00,4,1,25.0,0.17,0.66,,,,,,,,,,,,,,,,,,,Serbian SuperLiga,2024-2025
77489aa3,Milan Roganović,Milan Roganović,me MNE,DF,Partizan,18,2005,17,11,"1,085",12.1,0,1,1,0,0,0,1,0,0.00,0.08,0.08,0.00,0.08,Matches,,,0,0,,0.00,0.00,,,,,,,,,,,,,,,,,,,Serbian SuperLiga,2024-2025
46be9fc9,Lazar Romanić,Lazar Romanić,rs SRB,FW,Vojvodina,26,1998,17,15,"1,208",13.4,5,3,8,4,1,1,2,0,0.37,0.22,0.60,0.30,0.52,Matches,0.36,0.80,11,5,45.5,0.37,0.82,,,,,,,,,,,,,,,,,,,Serbian SuperLiga,2024-2025
46be9fc9,Lazar Romanić,Lazar Romanić,rs SRB,FW,Vojvodina,26,1998,17,15,"1,208",13.4,5,3,8,4,1,1,2,0,0.37,0.22,0.60,0.30,0.52,Matches,0.25,0.47,32,17,53.1,0.90,1.70,,,,,,,,,,,,,,,,,,,Serbian SuperLiga,2024-2025
46be9fc9,Lazar Romanić,Lazar Romanić,rs SRB,FW,Železničar Pančevo,26,1998,19,19,"1,697",18.9,9,4,13,8,1,3,1,1,0.48,0.21,0.69,0.42,0.64,Matches,0.36,0.80,11,5,45.5,0.37,0.82,,,,,,,,,,,,,,,,,,,Serbian SuperLiga,2024-2025
46be9fc9,Lazar Romanić,Lazar Romanić,rs SRB,FW,Železničar Pančevo,26,1998,19,19,"1,697",18.9,9,4,13,8,1,3,1,1,0.48,0.21,0.69,0.42,0.64,Matches,0.25,0.47,32,17,53.1,0.90,1.70,,,,,,,,,,,,,,,,,,,Serbian SuperLiga,2024-2025
038950b1,Miloš Rošević,Miloš Rošević,rs SRB,FW,Radnički Kragujevac,23,2001,3,0,58,0.6,0,0,0,0,0,0,0,0,0.00,0.00,0.00,0.00,0.00,Matches,,,0,0,,0.00,0.00,,,,,,,,,,,,,,,,,,,Serbian SuperLiga,2024-2025
b614c059,Dragan Rosić,Dragan Rosić,rs SRB,GK,Vojvodina,27,1996,19,19,"1,710",19.0,0,1,1,0,0,0,2,0,0.00,0.05,0.05,0.00,0.05,Matches,,,0,0,,0.00,0.00,6,31.6,19,19,29,1.53,7,"1,710",3,3,0,0.0,0,50.0,26,52,5,7,Serbian SuperLiga,2024-2025
ad9dd8e3,Slobodan Rubežić,Slobodan Rubežić,me MNE,DF,Novi Pazar,24,2000,13,13,"1,170",13.0,1,0,1,1,0,0,1,0,0.08,0.00,0.08,0.08,0.08,Matches,0.50,1.00,2,1,50.0,0.08,0.15,,,,,,,,,,,,,,,,,,,Serbian SuperLiga,2024-2025
558a5c1d,Rob Rudonja,Rob Rudonja,si SVN,"MF,DF",Tekstilac Odžaci,22,2001,13,6,684,7.6,0,0,0,0,0,0,0,0,0.00,0.00,0.00,0.00,0.00,Matches,,,0,0,,0.00,0.00,,,,,,,,,,,,,,,,,,,Serbian SuperLiga,2024-2025
4b2c9aac,Branislav Runjajić,Branislav Runjajić,rs SRB,FW,Jedinstvo Ub,19,2004,13,3,330,3.7,1,1,2,1,0,0,0,0,0.27,0.27,0.55,0.27,0.55,Matches,0.25,0.50,4,2,50.0,0.55,1.09,,,,,,,,,,,,,,,,,,,Serbian SuperLiga,2024-2025
4c07bc1b,Wajdi Sahli,Wajdi Sahli,tn TUN,MF,Radnički Kragujevac,27,1997,2,1,115,1.3,0,0,0,0,0,0,1,0,0.00,0.00,0.00,0.00,0.00,Matches,0.00,,4,0,0.0,0.00,3.13,,,,,,,,,,,,,,,,,,,Serbian SuperLiga,2024-2025
e012b500,Amirbek Saidov,Amirbek Saidov,uz UZB,FW,Jedinstvo Ub,18,2006,5,1,110,1.2,0,0,0,0,0,0,0,0,0.00,0.00,0.00,0.00,0.00,Matches,0.00,0.00,2,1,50.0,0.82,1.64,,,,,,,,,,,,,,,,,,,Serbian SuperLiga,2024-2025
88f39046,Saldanha,Saldanha,br BRA,FW,Partizan,24,1999,1,1,90,1.0,1,0,1,1,0,0,1,0,1.00,0.00,1.00,1.00,1.00,Matches,1.00,1.00,1,1,100.0,1.00,1.00,,,,,,,,,,,,,,,,,,,Serbian SuperLiga,2024-2025
3d6d6681,Željko Samčović,Željko Samčović,rs SRB,GK,Novi Pazar,21,2002,16,16,"1,440",16.0,0,0,0,0,0,0,1,0,0.00,0.00,0.00,0.00,0.00,Matches,,,0,0,,0.00,0.00,3,18.8,16,16,24,1.50,4,"1,440",1,3,2,0.0,0,0.0,0,23,4,8,Serbian SuperLiga,2024-2025
e85d97ff,Keimer Sandoval,Keimer Sandoval,co COL,DF,Red Star,18,2005,1,1,78,0.9,0,0,0,0,0,0,0,0,0.00,0.00,0.00,0.00,0.00,Matches,,,0,0,,0.00,0.00,,,,,,,,,,,,,,,,,,,Serbian SuperLiga,2024-2025
90d7dda6,Sékou Sanogo,Sékou Sanogo,ci CIV,MF,Železničar Pančevo,35,1989,16,12,"1,095",12.2,0,1,1,0,0,0,6,0,0.00,0.08,0.08,0.00,0.08,Matches,0.00,0.00,3,1,33.3,0.08,0.25,,,,,,,,,,,,,,,,,,,Serbian SuperLiga,2024-2025
6d47b448,Marko Šarić,Marko Šarić,rs SRB,FW,Napredak Kruševac,25,1998,28,19,"1,519",16.9,7,3,10,6,1,1,0,1,0.41,0.18,0.59,0.36,0.53,Matches,0.35,0.67,17,9,52.9,0.53,1.01,,,,,,,,,,,,,,,,,,,Serbian SuperLiga,2024-2025
845d83f5,Dragoljub Savić,Dragoljub Savić,rs SRB,"MF,DF",TSC,23,2001,14,9,899,10.0,3,2,5,3,0,0,1,0,0.30,0.20,0.50,0.30,0.50,Matches,0.50,1.00,6,3,50.0,0.30,0.60,,,,,,,,,,,,,,,,,,,Serbian SuperLiga,2024-2025
d3c83e1f,Luka Savić,Luka Savić,rs SRB,GK,Mladost Lučani,23,2001,1,1,90,1.0,0,0,0,0,0,0,0,0,0.00,0.00,0.00,0.00,0.00,Matches,,,0,0,,0.00,0.00,0,0.0,1,1,2,2.00,1,90,0,0,0,,0,0.0,0,2,0,0,Serbian SuperLiga,2024-2025
423add0c,Vladimir Savić,Vladimir Savić,rs SRB,GK,Napredak Kruševac,28,1996,4,4,360,4.0,0,0,0,0,0,0,0,0,0.00,0.00,0.00,0.00,0.00,Matches,,,0,0,,0.00,0.00,0,0.0,4,4,6,1.50,2,360,0,1,0,100.0,1,62.5,11,16,2,0,Serbian SuperLiga,2024-2025
f16ecb03,Vukan Savićević,Vukan Savićević,me MNE,"MF,FW",Vojvodina,30,1994,27,14,"1,317",14.6,1,3,4,1,0,0,4,0,0.07,0.21,0.27,0.07,0.27,Matches,0.04,0.11,23,9,39.1,0.62,1.57,,,,,,,,,,,,,,,,,,,Serbian SuperLiga,2024-2025
a7b0290a,Stefan Šavija,Stefan Šavija,rs SRB,FW,Tekstilac Odžaci,23,2001,8,4,301,3.3,1,0,1,1,0,0,1,0,0.30,0.00,0.30,0.30,0.30,Matches,0.17,0.33,6,3,50.0,0.90,1.79,,,,,,,,,,,,,,,,,,,Serbian SuperLiga,2024-2025
6e9b0531,Uros Savkovic,Uros Savkovic,rs SRB,DF,Jedinstvo Ub,21,2003,16,8,809,9.0,0,1,1,0,0,0,2,0,0.00,0.11,0.11,0.00,0.11,Matches,,,0,0,,0.00,0.00,,,,,,,,,,,,,,,,,,,Serbian SuperLiga,2024-2025
146b19d9,Aleksandar Šćekić,Aleksandar Šćekić,me MNE,MF,Partizan,32,1991,27,17,"1,571",17.5,2,0,2,2,0,0,4,0,0.11,0.00,0.11,0.11,0.11,Matches,0.33,0.67,6,3,50.0,0.17,0.34,,,,,,,,,,,,,,,,,,,Serbian SuperLiga,2024-2025
983f798c,Stefan Šćepović,Stefan Šćepović,rs SRB,FW,OFK Beograd,34,1990,13,0,165,1.8,2,3,5,2,0,0,1,0,1.09,1.64,2.73,1.09,2.73,Matches,1.00,1.00,2,2,100.0,1.09,1.09,,,,,,,,,,,,,,,,,,,Serbian SuperLiga,2024-2025
bf5fc6a9,Zlatan Šehović,Zlatan Šehović,rs SRB,DF,Partizan,23,2000,2,1,77,0.9,0,0,0,0,0,0,1,0,0.00,0.00,0.00,0.00,0.00,Matches,,,0,0,,0.00,0.00,,,,,,,,,,,,,,,,,,,Serbian SuperLiga,2024-2025
adf26bd4,Boris Sekulić,Boris Sekulić,sk SVK,DF,Železničar Pančevo,32,1991,20,14,"1,195",13.3,0,0,0,0,0,0,5,1,0.00,0.00,0.00,0.00,0.00,Matches,,,0,0,,0.00,0.00,,,,,,,,,,,,,,,,,,,Serbian SuperLiga,2024-2025
29a6ebdc,Vojin Serafimović,Vojin Serafimović,rs SRB,DF,Čukarički,18,2005,27,23,"2,136",23.7,1,2,3,1,0,0,3,0,0.04,0.08,0.13,0.04,0.13,Matches,0.33,1.00,3,1,33.3,0.04,0.13,,,,,,,,,,,,,,,,,,,Serbian SuperLiga,2024-2025
5384e3bf,Besim Šerbečić,Besim Šerbečić,ba BIH,DF,Radnički Kragujevac,26,1998,9,8,692,7.7,1,0,1,1,0,0,4,0,0.13,0.00,0.13,0.13,0.13,Matches,0.20,0.50,5,2,40.0,0.26,0.65,,,,,,,,,,,,,,,,,,,Serbian SuperLiga,2024-2025
1877057f,Luka Serdar,Luka Serdar,rs SRB,MF,Tekstilac Odžaci,20,2004,1,0,17,0.2,0,0,0,0,0,0,0,0,0.00,0.00,0.00,0.00,0.00,Matches,,,0,0,,0.00,0.00,,,,,,,,,,,,,,,,,,,Serbian SuperLiga,2024-2025
c42f4312,Xander Severina,Xander Severina,cw CUW,"FW,MF",Partizan,23,2001,5,2,228,2.5,0,0,0,0,0,0,0,0,0.00,0.00,0.00,0.00,0.00,Matches,0.00,0.00,10,4,40.0,1.58,3.95,,,,,,,,,,,,,,,,,,,Serbian SuperLiga,2024-2025
2934dd4e,Collins Sichenje,Collins Sichenje,ke KEN,DF,Vojvodina,20,2003,25,20,"1,792",19.9,0,0,0,0,0,0,7,0,0.00,0.00,0.00,0.00,0.00,Matches,0.00,,3,0,0.0,0.00,0.15,,,,,,,,,,,,,,,,,,,Serbian SuperLiga,2024-2025
c5afeca4,Evandro da Silva,Evandro da Silva,br BRA,FW,Radnički Kragujevac,27,1997,21,12,982,10.9,7,0,7,6,1,1,3,0,0.64,0.00,0.64,0.55,0.55,Matches,0.25,0.46,24,13,54.2,1.19,2.20,,,,,,,,,,,,,,,,,,,Serbian SuperLiga,2024-2025
0020514a,Nikola Simić,Nikola Simić,rs SRB,DF,Partizan,17,2007,9,6,499,5.5,0,0,0,0,0,0,1,1,0.00,0.00,0.00,0.00,0.00,Matches,,,0,0,,0.00,0.00,,,,,,,,,,,,,,,,,,,Serbian SuperLiga,2024-2025
0a26ec79,Nikola Simić,Nikola Simić,rs SRB,GK,TSC,27,1996,6,5,524,5.8,0,0,0,0,0,0,0,0,0.00,0.00,0.00,0.00,0.00,Matches,,,0,0,,0.00,0.00,1,20.0,6,5,12,2.06,2,524,0,1,1,,0,0.0,0,12,0,3,Serbian SuperLiga,2024-2025
d5a01939,Stefan Simin,Stefan Simin,rs SRB,FW,Spartak Subotica,19,2005,1,1,74,0.8,0,0,0,0,0,0,0,0,0.00,0.00,0.00,0.00,0.00,Matches,,,0,0,,0.00,0.00,,,,,,,,,,,,,,,,,,,Serbian SuperLiga,2024-2025
e4c35d02,Slobodan Simović,Slobodan Simović,rs SRB,DF,Radnički Kragujevac,35,1989,25,20,"1,841",20.5,1,1,2,1,0,0,5,0,0.05,0.05,0.10,0.05,0.10,Matches,0.08,0.25,13,4,30.8,0.20,0.64,,,,,,,,,,,,,,,,,,,Serbian SuperLiga,2024-2025
537fc7b2,Sambou Sissoko,Sambou Sissoko,ml MLI,MF,Čukarički,24,2000,34,33,"2,823",31.4,2,2,4,2,0,0,7,1,0.06,0.06,0.13,0.06,0.13,Matches,0.14,0.22,14,9,64.3,0.29,0.45,,,,,,,,,,,,,,,,,,,Serbian SuperLiga,2024-2025
89a7fc2a,Miljan Škrbić,Miljan Škrbić,rs SRB,FW,Tekstilac Odžaci,28,1995,5,2,157,1.7,0,0,0,0,0,0,0,0,0.00,0.00,0.00,0.00,0.00,Matches,0.00,,2,0,0.0,0.00,1.15,,,,,,,,,,,,,,,,,,,Serbian SuperLiga,2024-2025
5715193c,Nikola Skrobonja,Nikola Skrobonja,rs SRB,MF,Tekstilac Odžaci,18,2005,20,12,"1,044",11.6,1,1,2,1,0,0,4,0,0.09,0.09,0.17,0.09,0.17,Matches,0.10,0.20,10,5,50.0,0.43,0.86,,,,,,,,,,,,,,,,,,,Serbian SuperLiga,2024-2025
02272322,Jovan Šljivić,Jovan Šljivić,rs SRB,MF,Red Star,18,2005,15,7,700,7.8,2,1,3,2,0,0,0,0,0.26,0.13,0.39,0.26,0.39,Matches,0.40,0.50,5,4,80.0,0.51,0.64,,,,,,,,,,,,,,,,,,,Serbian SuperLiga,2024-2025
6435143e,Kévin Soni,Kévin Soni,cm CMR,MF,Železničar Pančevo,26,1998,10,5,441,4.9,1,0,1,1,0,0,1,0,0.20,0.00,0.20,0.20,0.20,Matches,1.00,1.00,1,1,100.0,0.20,0.20,,,,,,,,,,,,,,,,,,,Serbian SuperLiga,2024-2025
4256a876,Bence Sós,Bence Sós,hu HUN,"DF,MF",TSC,30,1994,23,6,597,6.6,1,0,1,1,0,0,2,0,0.15,0.00,0.15,0.15,0.15,Matches,0.25,0.50,4,2,50.0,0.30,0.60,,,,,,,,,,,,,,,,,,,Serbian SuperLiga,2024-2025
02ce2030,Uroš Spajić,Uroš Spajić,rs SRB,DF,Red Star,31,1993,9,8,675,7.5,1,0,1,0,1,1,0,0,0.13,0.00,0.13,0.00,0.00,Matches,0.00,0.00,9,2,22.2,0.27,1.20,,,,,,,,,,,,,,,,,,,Serbian SuperLiga,2024-2025
6cbe6a7d,Mihajlo Spasojević,Mihajlo Spasojević,rs SRB,FW,Železničar Pančevo,20,2004,4,0,57,0.6,0,0,0,0,0,0,0,0,0.00,0.00,0.00,0.00,0.00,Matches,,,0,0,,0.00,0.00,,,,,,,,,,,,,,,,,,,Serbian SuperLiga,2024-2025
ee19a5c3,Milan Spremo,Milan Spremo,rs SRB,MF,Novi Beograd,29,1995,3,2,147,1.6,0,0,0,0,0,0,0,0,0.00,0.00,0.00,0.00,0.00,Matches,0.00,,2,0,0.0,0.00,1.22,,,,,,,,,,,,,,,,,,,Serbian SuperLiga,2024-2025
30952eee,Filip Sredojević,Filip Sredojević,ba BIH,DF,Tekstilac Odžaci,28,1996,12,11,"1,001",11.1,1,0,1,1,0,0,1,0,0.09,0.00,0.09,0.09,0.09,Matches,0.20,0.50,5,2,40.0,0.18,0.45,,,,,,,,,,,,,,,,,,,Serbian SuperLiga,2024-2025
cf8ef0a1,Slavoljub Srnić,Slavoljub Srnić,rs SRB,MF,Čukarički,32,1992,8,2,211,2.3,0,0,0,0,0,0,2,0,0.00,0.00,0.00,0.00,0.00,Matches,,,0,0,,0.00,0.00,,,,,,,,,,,,,,,,,,,Serbian SuperLiga,2024-2025
a56b8004,Milorad Stajić,Milorad Stajić,ba BIH,MF,Radnički Niš,22,2002,21,10,989,11.0,0,1,1,0,0,0,2,0,0.00,0.09,0.09,0.00,0.09,Matches,0.00,0.00,6,1,16.7,0.09,0.55,,,,,,,,,,,,,,,,,,,Serbian SuperLiga,2024-2025
af28fd02,Vojin Stajkovic,Vojin Stajkovic,rs SRB,GK,Tekstilac Odžaci,22,2001,1,0,66,0.7,0,0,0,0,0,0,0,0,0.00,0.00,0.00,0.00,0.00,Matches,,,0,0,,0.00,0.00,0,,1,0,1,1.36,0,66,0,0,0,,0,0.0,0,1,0,0,Serbian SuperLiga,2024-2025
b2715c69,Uroš Stamenić,Uroš Stamenić,rs SRB,FW,Tekstilac Odžaci,27,1996,7,1,161,1.8,0,0,0,0,0,0,1,0,0.00,0.00,0.00,0.00,0.00,Matches,,,0,0,,0.00,0.00,,,,,,,,,,,,,,,,,,,Serbian SuperLiga,2024-2025
8436d8a0,Saša Stamenković,Saša Stamenković,rs SRB,GK,Mladost Lučani,39,1985,35,35,"3,150",35.0,0,0,0,0,0,0,5,0,0.00,0.00,0.00,0.00,0.00,Matches,,,0,0,,0.00,0.00,9,25.7,35,35,43,1.23,12,"3,150",5,7,1,16.7,1,65.8,74,111,11,12,Serbian SuperLiga,2024-2025
373b0151,Aleksandar Stančić,Aleksandar Stančić,rs SRB,MF,TSC,17,2006,6,1,172,1.9,0,0,0,0,0,0,2,0,0.00,0.00,0.00,0.00,0.00,Matches,,,0,0,,0.00,0.00,,,,,,,,,,,,,,,,,,,Serbian SuperLiga,2024-2025
27e6fbbc,Petar Stanic,Petar Stanic,rs SRB,MF,TSC,22,2001,33,25,"2,255",25.1,8,6,14,8,0,0,4,0,0.32,0.24,0.56,0.32,0.56,Matches,0.21,0.40,39,20,51.3,0.80,1.56,,,,,,,,,,,,,,,,,,,Serbian SuperLiga,2024-2025
e7d06cf9,Dejan Stanivuković,Dejan Stanivuković,rs SRB,GK,Radnički Niš,30,1994,8,8,720,8.0,0,0,0,0,0,0,1,0,0.00,0.00,0.00,0.00,0.00,Matches,,,0,0,,0.00,0.00,1,12.5,8,8,11,1.37,3,720,2,2,0,0.0,0,0.0,0,9,3,2,Serbian SuperLiga,2024-2025
1deae882,Dejan Stanković,Dejan Stanković,rs SRB,DF,Tekstilac Odžaci,32,1992,3,1,92,1.0,0,0,0,0,0,0,0,0,0.00,0.00,0.00,0.00,0.00,Matches,,,0,0,,0.00,0.00,,,,,,,,,,,,,,,,,,,Serbian SuperLiga,2024-2025
e58b914e,Nikola Stanković,Nikola Stanković,rs SRB,DF,Čukarički,21,2003,31,31,"2,723",30.3,3,0,3,3,0,0,6,0,0.10,0.00,0.10,0.10,0.10,Matches,0.21,0.60,14,5,35.7,0.17,0.46,,,,,,,,,,,,,,,,,,,Serbian SuperLiga,2024-2025
9c202f15,Luka Stankovski,Luka Stankovski,mk MKD,MF,Radnički Kragujevac,21,2002,27,19,"1,612",17.9,3,0,3,3,0,0,4,0,0.17,0.00,0.17,0.17,0.17,Matches,0.23,0.75,13,4,30.8,0.22,0.73,,,,,,,,,,,,,,,,,,,Serbian SuperLiga,2024-2025
90623c2c,Slobodan Stanojlovic,Slobodan Stanojlovic,rs SRB,FW,OFK Beograd,22,2001,18,5,471,5.2,1,2,3,1,0,0,1,0,0.19,0.38,0.57,0.19,0.57,Matches,0.04,0.11,23,9,39.1,1.72,4.39,,,,,,,,,,,,,,,,,,,Serbian SuperLiga,2024-2025
9c5113a1,Uroš Stevančević,Uroš Stevančević,rs SRB,DF,Jedinstvo Ub,18,2005,23,9,975,10.8,0,0,0,0,0,0,1,0,0.00,0.00,0.00,0.00,0.00,Matches,0.00,0.00,7,1,14.3,0.09,0.65,,,,,,,,,,,,,,,,,,,Serbian SuperLiga,2024-2025
afaa0561,Aleksandar Stevanović,Aleksandar Stevanović,rs SRB,MF,Tekstilac Odžaci,20,2004,1,0,21,0.2,0,0,0,0,0,0,0,0,0.00,0.00,0.00,0.00,0.00,Matches,,,0,0,,0.00,0.00,,,,,,,,,,,,,,,,,,,Serbian SuperLiga,2024-2025
d8e584b9,Alen Stevanović,Alen Stevanović,rs SRB,MF,Novi Beograd,33,1991,29,13,"1,139",12.7,2,1,3,2,0,0,4,0,0.16,0.08,0.24,0.16,0.24,Matches,0.22,0.67,9,3,33.3,0.24,0.71,,,,,,,,,,,,,,,,,,,Serbian SuperLiga,2024-2025
c3dba3ed,Dimitrije Stevanović,Dimitrije Stevanović,rs SRB,GK,Radnički Niš,19,2004,4,4,360,4.0,0,0,0,0,0,0,1,0,0.00,0.00,0.00,0.00,0.00,Matches,,,0,0,,0.00,0.00,1,25.0,4,4,9,2.25,2,360,0,1,0,100.0,1,43.8,8,16,1,1,Serbian SuperLiga,2024-2025
daf5d26b,Dušan Stevanović,Dušan Stevanović,rs SRB,DF,TSC,28,1996,12,10,919,10.2,0,0,0,0,0,0,1,0,0.00,0.00,0.00,0.00,0.00,Matches,0.00,0.00,6,2,33.3,0.20,0.59,,,,,,,,,,,,,,,,,,,Serbian SuperLiga,2024-2025
3e5201b6,Miladin Stevanović,Miladin Stevanović,rs SRB,DF,Čukarički,28,1996,18,17,"1,498",16.6,0,0,0,0,0,0,3,0,0.00,0.00,0.00,0.00,0.00,Matches,0.00,,3,0,0.0,0.00,0.18,,,,,,,,,,,,,,,,,,,Serbian SuperLiga,2024-2025
75bd6f48,Trivante Stewart,Trivante Stewart,jm JAM,"FW,MF",Radnički Niš,24,2000,33,32,"2,679",29.8,13,4,17,11,2,2,5,0,0.44,0.13,0.57,0.37,0.50,Matches,0.16,0.39,67,28,41.8,0.94,2.25,,,,,,,,,,,,,,,,,,,Serbian SuperLiga,2024-2025
3c830734,Mateja Stjepanović,Mateja Stjepanović,rs SRB,MF,Partizan,20,2004,15,1,309,3.4,0,0,0,0,0,0,2,0,0.00,0.00,0.00,0.00,0.00,Matches,0.00,,1,0,0.0,0.00,0.29,,,,,,,,,,,,,,,,,,,Serbian SuperLiga,2024-2025
ee91e60c,Dušan Stoiljković,Dušan Stoiljković,rs SRB,"MF,DF",Napredak Kruševac,29,1994,32,23,"1,990",22.1,4,1,5,4,0,0,0,0,0.18,0.05,0.23,0.18,0.23,Matches,0.17,0.50,23,8,34.8,0.36,1.04,,,,,,,,,,,,,,,,,,,Serbian SuperLiga,2024-2025
f28a02c5,Dragan Stoisavljević,Dragan Stoisavljević,rs SRB,FW,OFK Beograd,20,2003,2,0,35,0.4,0,0,0,0,0,0,0,0,0.00,0.00,0.00,0.00,0.00,Matches,,,0,0,,0.00,0.00,,,,,,,,,,,,,,,,,,,Serbian SuperLiga,2024-2025
7b5ad049,Andreja Stojanović,Andreja Stojanović,rs SRB,DF,Radnički Niš,25,1998,30,27,"2,306",25.6,2,2,4,2,0,0,7,0,0.08,0.08,0.16,0.08,0.16,Matches,0.29,1.00,7,2,28.6,0.08,0.27,,,,,,,,,,,,,,,,,,,Serbian SuperLiga,2024-2025
6013d803,Darko Stojanović,Darko Stojanović,rs SRB,MF,Novi Pazar,20,2003,19,7,607,6.7,0,2,2,0,0,0,1,0,0.00,0.30,0.30,0.00,0.30,Matches,0.00,0.00,5,2,40.0,0.30,0.74,,,,,,,,,,,,,,,,,,,Serbian SuperLiga,2024-2025
3f65e5d8,Jovan Stojanović,Jovan Stojanović,rs SRB,MF,Jedinstvo Ub,32,1992,8,3,316,3.5,0,0,0,0,0,0,0,0,0.00,0.00,0.00,0.00,0.00,Matches,0.00,0.00,7,1,14.3,0.28,1.99,,,,,,,,,,,,,,,,,,,Serbian SuperLiga,2024-2025
4237145f,Lazar Stojanovic,Lazar Stojanovic,rs SRB,DF,Čukarički,19,2005,12,11,960,10.7,0,0,0,0,0,0,3,1,0.00,0.00,0.00,0.00,0.00,Matches,,,0,0,,0.00,0.00,,,,,,,,,,,,,,,,,,,Serbian SuperLiga,2024-2025
a32ef7d6,Stefan Stojanović,Stefan Stojanović,rs SRB,"MF,FW",Tekstilac Odžaci,23,2001,33,18,"1,773",19.7,2,4,6,2,0,0,6,0,0.10,0.20,0.30,0.10,0.30,Matches,0.25,0.67,8,3,37.5,0.15,0.41,,,,,,,,,,,,,,,,,,,Serbian SuperLiga,2024-2025
3639944b,Uroš Stojanović,Uroš Stojanović,rs SRB,DF,Železničar Pančevo,28,1995,28,25,"2,292",25.5,1,0,1,1,0,0,6,0,0.04,0.00,0.04,0.04,0.04,Matches,0.17,0.33,6,3,50.0,0.12,0.24,,,,,,,,,,,,,,,,,,,Serbian SuperLiga,2024-2025
8bf49cd8,Nemanja Stojić,Nemanja Stojić,rs SRB,DF,Red Star,26,1998,4,3,270,3.0,0,1,1,0,0,0,0,0,0.00,0.33,0.33,0.00,0.33,Matches,0.00,,3,0,0.0,0.00,1.00,,,,,,,,,,,,,,,,,,,Serbian SuperLiga,2024-2025
0cbe584d,Filip Stojilković,Filip Stojilković,ch SUI,FW,OFK Beograd,24,2000,26,12,"1,163",12.9,7,3,10,7,0,1,2,0,0.54,0.23,0.77,0.54,0.77,Matches,0.33,0.50,21,14,66.7,1.08,1.63,,,,,,,,,,,,,,,,,,,Serbian SuperLiga,2024-2025
d3591285,Strahinja Stojković,Strahinja Stojković,rs SRB,DF,Red Star,17,2007,4,1,158,1.8,0,0,0,0,0,0,0,0,0.00,0.00,0.00,0.00,0.00,Matches,,,0,0,,0.00,0.00,,,,,,,,,,,,,,,,,,,Serbian SuperLiga,2024-2025
cd30069c,Andrej Subotić,Andrej Subotić,rs SRB,FW,Čukarički,17,2006,4,0,79,0.9,0,0,0,0,0,0,0,0,0.00,0.00,0.00,0.00,0.00,Matches,0.00,,1,0,0.0,0.00,1.14,,,,,,,,,,,,,,,,,,,Serbian SuperLiga,2024-2025
af8cf0ed,Luka Subotić,Luka Subotić,rs SRB,DF,Spartak Subotica,21,2003,13,11,"1,036",11.5,0,0,0,0,0,0,6,0,0.00,0.00,0.00,0.00,0.00,Matches,,,0,0,,0.00,0.00,,,,,,,,,,,,,,,,,,,Serbian SuperLiga,2024-2025
bd76c5c5,Petar Sukacev,Petar Sukacev,rs SRB,FW,Vojvodina,18,2005,3,1,78,0.9,0,0,0,0,0,0,1,0,0.00,0.00,0.00,0.00,0.00,Matches,0.00,0.00,2,2,100.0,2.31,2.31,,,,,,,,,,,,,,,,,,,Serbian SuperLiga,2024-2025
db50a805,Marko Susnjar,Marko Susnjar,rs SRB,MF,Tekstilac Odžaci,20,2003,2,0,17,0.2,0,0,0,0,0,0,0,0,0.00,0.00,0.00,0.00,0.00,Matches,,,0,0,,0.00,0.00,,,,,,,,,,,,,,,,,,,Serbian SuperLiga,2024-2025
9fea516b,Sinisa Tanjga,Sinisa Tanjga,rs SRB,DF,Vojvodina,20,2004,4,1,85,0.9,0,0,0,0,0,0,2,0,0.00,0.00,0.00,0.00,0.00,Matches,,,0,0,,0.00,0.00,,,,,,,,,,,,,,,,,,,Serbian SuperLiga,2024-2025
ee6fc42b,Ibrahim Tanko,Ibrahim Tanko,gh GHA,"FW,MF",Radnički Niš,25,1999,17,7,716,8.0,1,0,1,1,0,0,3,0,0.13,0.00,0.13,0.13,0.13,Matches,0.20,1.00,5,1,20.0,0.13,0.63,,,,,,,,,,,,,,,,,,,Serbian SuperLiga,2024-2025
477ac4d2,Slobodan Tedić,Slobodan Tedić,rs SRB,FW,Čukarički,24,2000,27,9,"1,152",12.8,5,0,5,3,2,2,4,1,0.39,0.00,0.39,0.23,0.23,Matches,0.21,0.43,14,7,50.0,0.55,1.09,,,,,,,,,,,,,,,,,,,Serbian SuperLiga,2024-2025
82a065fd,Mihajlo Terzić,Mihajlo Terzić,rs SRB,MF,Radnički Niš,18,2005,14,5,511,5.7,0,0,0,0,0,0,0,0,0.00,0.00,0.00,0.00,0.00,Matches,0.00,,4,0,0.0,0.00,0.70,,,,,,,,,,,,,,,,,,,Serbian SuperLiga,2024-2025
3f67a646,Nikola Terzić,Nikola Terzić,rs SRB,FW,Novi Beograd,23,2000,4,3,268,3.0,1,0,1,1,0,0,1,0,0.34,0.00,0.34,0.34,0.34,Matches,0.50,1.00,2,1,50.0,0.34,0.67,,,,,,,,,,,,,,,,,,,Serbian SuperLiga,2024-2025
97561d18,Andrej Todoroski,Andrej Todoroski,mk MKD,MF,TSC,25,1999,10,7,572,6.4,2,1,3,2,0,0,1,0,0.31,0.16,0.47,0.31,0.47,Matches,0.50,2.00,4,1,25.0,0.16,0.63,,,,,,,,,,,,,,,,,,,Serbian SuperLiga,2024-2025
97561d18,Andrej Todoroski,Andrej Todoroski,mk MKD,MF,TSC,25,1999,10,7,572,6.4,2,1,3,2,0,0,1,0,0.31,0.16,0.47,0.31,0.47,Matches,0.16,0.40,38,15,39.5,0.84,2.13,,,,,,,,,,,,,,,,,,,Serbian SuperLiga,2024-2025
97561d18,Andrej Todoroski,Andrej Todoroski,mk MKD,FW,Spartak Subotica,25,1999,20,19,"1,607",17.9,6,3,9,6,0,0,2,0,0.34,0.17,0.50,0.34,0.50,Matches,0.50,2.00,4,1,25.0,0.16,0.63,,,,,,,,,,,,,,,,,,,Serbian SuperLiga,2024-2025
97561d18,Andrej Todoroski,Andrej Todoroski,mk MKD,FW,Spartak Subotica,25,1999,20,19,"1,607",17.9,6,3,9,6,0,0,2,0,0.34,0.17,0.50,0.34,0.50,Matches,0.16,0.40,38,15,39.5,0.84,2.13,,,,,,,,,,,,,,,,,,,Serbian SuperLiga,2024-2025
9d9210b9,Vanja Tomić,Vanja Tomić,rs SRB,MF,Radnički Kragujevac,19,2005,1,0,23,0.3,0,0,0,0,0,0,0,0,0.00,0.00,0.00,0.00,0.00,Matches,,,0,0,,0.00,0.00,,,,,,,,,,,,,,,,,,,Serbian SuperLiga,2024-2025
f8a546c9,Stefan Tomović,Stefan Tomović,rs SRB,"MF,FW",Spartak Subotica,22,2001,32,28,"2,325",25.8,9,2,11,7,2,2,4,0,0.35,0.08,0.43,0.27,0.35,Matches,0.35,0.50,20,14,70.0,0.54,0.77,,,,,,,,,,,,,,,,,,,Serbian SuperLiga,2024-2025
8073ca97,Vuk Toplicevic,Vuk Toplicevic,rs SRB,DF,Radnički Kragujevac,17,2006,1,0,13,0.1,0,0,0,0,0,0,0,0,0.00,0.00,0.00,0.00,0.00,Matches,,,0,0,,0.00,0.00,,,,,,,,,,,,,,,,,,,Serbian SuperLiga,2024-2025
41c48311,Miloš Tošesk,Miloš Tošesk,rs SRB,MF,Napredak Kruševac,26,1998,29,17,"1,535",17.1,1,1,2,1,0,0,2,1,0.06,0.06,0.12,0.06,0.12,Matches,0.13,0.50,8,2,25.0,0.12,0.47,,,,,,,,,,,,,,,,,,,Serbian SuperLiga,2024-2025
fe428225,Djakaridja Traoré,Djakaridja Traoré,ci CIV,FW,Železničar Pančevo,25,1998,6,1,161,1.8,0,0,0,0,0,0,0,0,0.00,0.00,0.00,0.00,0.00,Matches,,,0,0,,0.00,0.00,,,,,,,,,,,,,,,,,,,Serbian SuperLiga,2024-2025
ba893c77,Nemanja Trifunović,Nemanja Trifunović,rs SRB,MF,Partizan,20,2004,19,8,796,8.8,1,1,2,1,0,0,2,0,0.11,0.11,0.23,0.11,0.23,Matches,0.17,0.50,6,2,33.3,0.23,0.68,,,,,,,,,,,,,,,,,,,Serbian SuperLiga,2024-2025
ba201942,Veljko Trifunović,Veljko Trifunović,rs SRB,FW,Tekstilac Odžaci,25,1998,6,0,133,1.5,0,0,0,0,0,0,0,0,0.00,0.00,0.00,0.00,0.00,Matches,,,0,0,,0.00,0.00,,,,,,,,,,,,,,,,,,,Serbian SuperLiga,2024-2025
86060d5e,Ognjen Tripković,Ognjen Tripković,me MNE,DF,Tekstilac Odžaci,19,2005,9,6,552,6.1,0,0,0,0,0,0,1,0,0.00,0.00,0.00,0.00,0.00,Matches,,,0,0,,0.00,0.00,,,,,,,,,,,,,,,,,,,Serbian SuperLiga,2024-2025
ec335880,Anastasios Tselios,Anastasios Tselios,gr GRE,MF,Radnički Kragujevac,21,2002,2,0,42,0.5,0,0,0,0,0,0,0,0,0.00,0.00,0.00,0.00,0.00,Matches,,,0,0,,0.00,0.00,,,,,,,,,,,,,,,,,,,Serbian SuperLiga,2024-2025
9240b994,Lazar Tufegdžić,Lazar Tufegdžić,rs SRB,MF,Čukarički,27,1997,29,20,"1,519",16.9,3,4,7,3,0,0,3,0,0.18,0.24,0.41,0.18,0.41,Matches,0.15,0.43,20,7,35.0,0.41,1.18,,,,,,,,,,,,,,,,,,,Serbian SuperLiga,2024-2025
479234a0,Luka Tukuljac,Luka Tukuljac,rs SRB,DF,Spartak Subotica,19,2005,3,1,72,0.8,0,0,0,0,0,0,0,0,0.00,0.00,0.00,0.00,0.00,Matches,,,0,0,,0.00,0.00,,,,,,,,,,,,,,,,,,,Serbian SuperLiga,2024-2025
d8ede15e,Janko Tumbasević,Janko Tumbasević,me MNE,MF,Mladost Lučani,39,1985,24,24,"2,041",22.7,1,1,2,1,0,0,7,0,0.04,0.04,0.09,0.04,0.09,Matches,0.08,0.33,12,3,25.0,0.13,0.53,,,,,,,,,,,,,,,,,,,Serbian SuperLiga,2024-2025
44d2957e,Alpha Turay,Alpha Turay,sl SLE,DF,Radnički Kragujevac,19,2005,1,0,14,0.2,0,0,0,0,0,0,1,0,0.00,0.00,0.00,0.00,0.00,Matches,,,0,0,,0.00,0.00,,,,,,,,,,,,,,,,,,,Serbian SuperLiga,2024-2025
0b19abe2,Boris Tyutyukov,Boris Tyutyukov,bg BUL,MF,Radnički Niš,26,1997,3,1,72,0.8,0,0,0,0,0,0,0,0,0.00,0.00,0.00,0.00,0.00,Matches,,,0,0,,0.00,0.00,,,,,,,,,,,,,,,,,,,Serbian SuperLiga,2024-2025
b004076a,Marinos Tzionis,Marinos Tzionis,cy CYP,"FW,MF",Čukarički,23,2001,15,4,539,6.0,0,2,2,0,0,0,0,0,0.00,0.33,0.33,0.00,0.33,Matches,0.00,0.00,7,1,14.3,0.17,1.17,,,,,,,,,,,,,,,,,,,Serbian SuperLiga,2024-2025
629afb86,Vojo Ubiparip,Vojo Ubiparip,rs SRB,FW,Spartak Subotica,36,1988,31,13,"1,487",16.5,4,3,7,4,0,0,2,0,0.24,0.18,0.42,0.24,0.42,Matches,0.21,0.50,19,8,42.1,0.48,1.15,,,,,,,,,,,,,,,,,,,Serbian SuperLiga,2024-2025
3387b99f,Žarko Udovičić,Žarko Udovičić,rs SRB,"DF,MF",Mladost Lučani,36,1987,32,27,"2,421",26.9,1,3,4,1,0,0,1,0,0.04,0.11,0.15,0.04,0.15,Matches,0.25,0.50,4,2,50.0,0.07,0.15,,,,,,,,,,,,,,,,,,,Serbian SuperLiga,2024-2025
60f9e2c3,Ognjen Ugrešić,Ognjen Ugrešić,rs SRB,MF,Partizan,18,2006,11,7,590,6.6,3,0,3,3,0,0,3,0,0.46,0.00,0.46,0.46,0.46,Matches,0.60,1.00,5,3,60.0,0.46,0.76,,,,,,,,,,,,,,,,,,,Serbian SuperLiga,2024-2025
5c21a1b6,Prince Ukachukwu,Prince Ukachukwu,ng NGA,FW,Tekstilac Odžaci,21,2003,17,13,"1,033",11.5,0,2,2,0,0,0,3,0,0.00,0.17,0.17,0.00,0.17,Matches,0.00,0.00,7,2,28.6,0.17,0.61,,,,,,,,,,,,,,,,,,,Serbian SuperLiga,2024-2025
8fa744c4,Godwill Vadze,Godwill Vadze,gh GHA,FW,Čukarički,22,2001,4,2,151,1.7,0,1,1,0,0,0,1,0,0.00,0.60,0.60,0.00,0.60,Matches,0.00,,3,0,0.0,0.00,1.79,,,,,,,,,,,,,,,,,,,Serbian SuperLiga,2024-2025
5156f01f,Aleksandar Varjačić,Aleksandar Varjačić,rs SRB,DF,Mladost Lučani,33,1991,23,15,"1,432",15.9,2,1,3,1,1,1,1,0,0.13,0.06,0.19,0.06,0.13,Matches,0.13,0.25,8,4,50.0,0.25,0.50,,,,,,,,,,,,,,,,,,,Serbian SuperLiga,2024-2025
8953672b,Leontije Vasic,Leontije Vasic,rs SRB,MF,Tekstilac Odžaci,20,2004,31,23,"2,054",22.8,0,1,1,0,0,0,11,1,0.00,0.04,0.04,0.00,0.04,Matches,0.00,0.00,4,1,25.0,0.04,0.18,,,,,,,,,,,,,,,,,,,Serbian SuperLiga,2024-2025
178908b1,Marko Veličković,Marko Veličković,rs SRB,MF,Vojvodina,19,2004,19,8,842,9.4,4,1,5,4,0,0,2,0,0.43,0.11,0.53,0.43,0.53,Matches,0.17,0.29,23,14,60.9,1.50,2.46,,,,,,,,,,,,,,,,,,,Serbian SuperLiga,2024-2025
d59ee412,Vojin Vesković,Vojin Vesković,rs SRB,FW,Jedinstvo Ub,17,2007,2,0,3,0.0,0,0,0,0,0,0,0,0,0.00,0.00,0.00,0.00,0.00,Matches,,,0,0,,0.00,0.00,,,,,,,,,,,,,,,,,,,Serbian SuperLiga,2024-2025
172946ae,Milan Vidakov,Milan Vidakov,rs SRB,FW,Radnički Kragujevac,24,2000,3,0,43,0.5,0,1,1,0,0,0,0,0,0.00,2.09,2.09,0.00,2.09,Matches,,,0,0,,0.00,0.00,,,,,,,,,,,,,,,,,,,Serbian SuperLiga,2024-2025
4252adff,Vladan Vidaković,Vladan Vidaković,rs SRB,MF,Novi Pazar,25,1999,21,13,"1,172",13.0,1,0,1,1,0,0,3,0,0.08,0.00,0.08,0.08,0.08,Matches,0.07,0.14,14,7,50.0,0.54,1.08,,,,,,,,,,,,,,,,,,,Serbian SuperLiga,2024-2025
20aaddc4,Luka Vidić,Luka Vidić,rs SRB,MF,Železničar Pančevo,17,2006,2,0,69,0.8,0,0,0,0,0,0,0,0,0.00,0.00,0.00,0.00,0.00,Matches,0.00,,1,0,0.0,0.00,1.30,,,,,,,,,,,,,,,,,,,Serbian SuperLiga,2024-2025
45384a21,Nemanja Vidojević,Nemanja Vidojević,rs SRB,MF,Železničar Pančevo,20,2004,6,5,402,4.5,0,0,0,0,0,0,2,0,0.00,0.00,0.00,0.00,0.00,Matches,,,0,0,,0.00,0.00,,,,,,,,,,,,,,,,,,,Serbian SuperLiga,2024-2025
1670abb5,Milutin Vidosavljević,Milutin Vidosavljević,rs SRB,"MF,FW",Radnički Kragujevac,23,2001,12,9,799,8.9,5,3,8,4,1,1,1,0,0.56,0.34,0.90,0.45,0.79,Matches,0.25,0.67,16,6,37.5,0.68,1.80,,,,,,,,,,,,,,,,,,,Serbian SuperLiga,2024-2025
051675e5,Gustavo Vieira,Gustavo Vieira,br BRA,DF,Jedinstvo Ub,22,2002,1,0,8,0.1,0,0,0,0,0,0,0,0,0.00,0.00,0.00,0.00,0.00,Matches,,,0,0,,0.00,0.00,,,,,,,,,,,,,,,,,,,Serbian SuperLiga,2024-2025
2987ee02,Uroš Vitas,Uroš Vitas,rs SRB,DF,Radnički Niš,32,1992,10,10,692,7.7,0,0,0,0,0,0,2,0,0.00,0.00,0.00,0.00,0.00,Matches,,,0,0,,0.00,0.00,,,,,,,,,,,,,,,,,,,Serbian SuperLiga,2024-2025
45df3f27,Vladimir Vitorović,Vladimir Vitorović,rs SRB,"MF,DF",Spartak Subotica,23,2000,31,23,"2,249",25.0,1,1,2,1,0,0,6,0,0.04,0.04,0.08,0.04,0.08,Matches,0.20,1.00,5,1,20.0,0.04,0.20,,,,,,,,,,,,,,,,,,,Serbian SuperLiga,2024-2025
8f4e359f,Jovan Vlalukin,Jovan Vlalukin,rs SRB,DF,TSC,25,1999,6,3,326,3.6,0,0,0,0,0,0,1,0,0.00,0.00,0.00,0.00,0.00,Matches,0.00,0.00,7,1,14.3,0.28,1.93,,,,,,,,,,,,,,,,,,,Serbian SuperLiga,2024-2025
f229744c,Aleksandar Vojnović,Aleksandar Vojnović,ba BIH,"DF,MF",Radnički Niš,27,1996,27,26,"2,239",24.9,3,1,4,1,2,2,3,0,0.12,0.04,0.16,0.04,0.08,Matches,0.08,0.14,13,7,53.8,0.28,0.52,,,,,,,,,,,,,,,,,,,Serbian SuperLiga,2024-2025
f8d122c6,Jovan Vojnović,Jovan Vojnović,rs SRB,DF,Čukarički,17,2006,1,0,1,0.0,0,0,0,0,0,0,0,0,0.00,0.00,0.00,0.00,0.00,Matches,,,0,0,,0.00,0.00,,,,,,,,,,,,,,,,,,,Serbian SuperLiga,2024-2025
c6b17f4f,Nikola Vujadinović,Nikola Vujadinović,me MNE,DF,OFK Beograd,38,1986,10,9,822,9.1,1,0,1,1,0,0,1,0,0.11,0.00,0.11,0.11,0.11,Matches,0.50,0.50,2,2,100.0,0.22,0.22,,,,,,,,,,,,,,,,,,,Serbian SuperLiga,2024-2025
ed725bb7,Nikola Vukajlović,Nikola Vukajlović,rs SRB,"DF,MF",Napredak Kruševac,36,1988,33,32,"2,843",31.6,0,1,1,0,0,0,9,0,0.00,0.03,0.03,0.00,0.03,Matches,0.00,0.00,12,4,33.3,0.13,0.38,,,,,,,,,,,,,,,,,,,Serbian SuperLiga,2024-2025
82a8d4cc,Aleksa Vukanović,Aleksa Vukanović,rs SRB,FW,Vojvodina,32,1992,4,1,93,1.0,1,1,2,1,0,0,0,0,0.97,0.97,1.94,0.97,1.94,Matches,0.33,1.00,3,1,33.3,0.97,2.90,,,,,,,,,,,,,,,,,,,Serbian SuperLiga,2024-2025
b88ecfd8,Aleksej Vukičević,Aleksej Vukičević,rs SRB,DF,OFK Beograd,19,2005,27,27,"2,425",26.9,1,0,1,1,0,0,8,0,0.04,0.00,0.04,0.04,0.04,Matches,0.10,0.33,10,3,30.0,0.11,0.37,,,,,,,,,,,,,,,,,,,Serbian SuperLiga,2024-2025
8d7cdc2e,Goran Vukliš,Goran Vukliš,ba BIH,GK,Novi Beograd,34,1989,28,28,"2,520",28.0,0,0,0,0,0,0,1,0,0.00,0.00,0.00,0.00,0.00,Matches,,,0,0,,0.00,0.00,7,25.0,28,28,38,1.36,10,"2,520",5,6,0,16.7,1,31.3,16,48,7,11,Serbian SuperLiga,2024-2025
35b6b383,Veljko Vukojević,Veljko Vukojević,rs SRB,MF,Železničar Pančevo,17,2006,5,1,171,1.9,0,0,0,0,0,0,1,0,0.00,0.00,0.00,0.00,0.00,Matches,,,0,0,,0.00,0.00,,,,,,,,,,,,,,,,,,,Serbian SuperLiga,2024-2025
470eea43,Milan Vukotić,Milan Vukotić,me MNE,MF,Partizan,21,2002,16,8,804,8.9,3,2,5,3,0,0,0,0,0.34,0.22,0.56,0.34,0.56,Matches,0.50,0.75,6,4,66.7,0.45,0.67,,,,,,,,,,,,,,,,,,,Serbian SuperLiga,2024-2025
eabf5fa5,Aleksandar Vulić,Aleksandar Vulić,rs SRB,GK,Spartak Subotica,23,2001,35,35,"3,150",35.0,0,0,0,0,0,0,2,0,0.00,0.00,0.00,0.00,0.00,Matches,,,0,0,,0.00,0.00,11,31.4,35,35,45,1.29,14,"3,150",3,4,0,25.0,1,42.5,32,73,10,11,Serbian SuperLiga,2024-2025
5944af8f,Miloš Vulić,Miloš Vulić,rs SRB,MF,TSC,27,1996,25,13,"1,217",13.5,4,2,6,1,3,3,4,0,0.30,0.15,0.44,0.07,0.22,Matches,0.10,0.25,10,4,40.0,0.30,0.74,,,,,,,,,,,,,,,,,,,Serbian SuperLiga,2024-2025
e8bddec0,Radoslaw Wypart,Radoslaw Wypart,pl POL,MF,Novi Beograd,18,2006,1,0,5,0.1,0,0,0,0,0,0,0,0,0.00,0.00,0.00,0.00,0.00,Matches,,,0,0,,0.00,0.00,,,,,,,,,,,,,,,,,,,Serbian SuperLiga,2024-2025
92f96616,Ajia Yakub,Ajia Yakub,ng NGA,GK,Novi Pazar,19,2005,4,4,360,4.0,0,0,0,0,0,0,0,0,0.00,0.00,0.00,0.00,0.00,Matches,,,0,0,,0.00,0.00,0,0.0,4,4,13,3.25,2,360,0,0,0,,0,23.5,4,17,2,0,Serbian SuperLiga,2024-2025
796fc641,Basile Yamkam,Basile Yamkam,cm CMR,"DF,MF",Radnički Niš,26,1998,33,32,"2,807",31.2,3,2,5,3,0,0,4,1,0.10,0.06,0.16,0.10,0.16,Matches,0.43,1.00,7,3,42.9,0.10,0.22,,,,,,,,,,,,,,,,,,,Serbian SuperLiga,2024-2025
8e577e1d,Seol Young-woo,Seol Young-woo,kr KOR,DF,Red Star,25,1998,30,28,"2,533",28.1,6,5,11,6,0,0,1,0,0.21,0.18,0.39,0.21,0.39,Matches,0.55,0.75,11,8,72.7,0.28,0.39,,,,,,,,,,,,,,,,,,,Serbian SuperLiga,2024-2025
f1c1e9c3,Goh Youngjun,Goh Youngjun,kr KOR,MF,Partizan,23,2001,16,2,449,5.0,1,0,1,1,0,0,1,0,0.20,0.00,0.20,0.20,0.20,Matches,0.50,1.00,2,1,50.0,0.20,0.40,,,,,,,,,,,,,,,,,,,Serbian SuperLiga,2024-2025
b089e718,Iliya Yurukov,Iliya Yurukov,bg BUL,"MF,FW",Radnički Niš,24,1999,26,22,"1,775",19.7,2,3,5,2,0,0,3,0,0.10,0.15,0.25,0.10,0.25,Matches,0.22,0.40,9,5,55.6,0.25,0.46,,,,,,,,,,,,,,,,,,,Serbian SuperLiga,2024-2025
3f82980d,Caleb Zady Sery,Caleb Zady Sery,ci CIV,"MF,FW",Vojvodina,24,1999,26,23,"2,105",23.4,8,6,14,8,0,1,0,0,0.34,0.26,0.60,0.34,0.60,Matches,0.20,0.42,41,19,46.3,0.81,1.75,,,,,,,,,,,,,,,,,,,Serbian SuperLiga,2024-2025
b4bb7a0e,Dušan Žagar,Dušan Žagar,rs SRB,MF,Novi Beograd,17,2006,4,0,70,0.8,0,0,0,0,0,0,0,0,0.00,0.00,0.00,0.00,0.00,Matches,,,0,0,,0.00,0.00,,,,,,,,,,,,,,,,,,,Serbian SuperLiga,2024-2025
5e082d51,Ghayas Zahid,Ghayas Zahid,no NOR,MF,Partizan,29,1994,13,10,878,9.8,1,2,3,1,0,0,3,0,0.10,0.21,0.31,0.10,0.31,Matches,0.06,0.33,16,3,18.8,0.31,1.64,,,,,,,,,,,,,,,,,,,Serbian SuperLiga,2024-2025
241b64c1,Đuro Zec,Đuro Zec,rs SRB,MF,Radnički Niš,34,1990,3,0,65,0.7,0,0,0,0,0,0,0,0,0.00,0.00,0.00,0.00,0.00,Matches,,,0,0,,0.00,0.00,,,,,,,,,,,,,,,,,,,Serbian SuperLiga,2024-2025
241b64c1,Đuro Zec,Đuro Zec,rs SRB,MF,Radnički Niš,34,1990,3,0,65,0.7,0,0,0,0,0,0,0,0,0.00,0.00,0.00,0.00,0.00,Matches,,,0,0,,0.00,0.00,,,,,,,,,,,,,,,,,,,Serbian SuperLiga,2024-2025
241b64c1,Đuro Zec,Đuro Zec,rs SRB,MF,Mladost Lučani,34,1990,5,1,106,1.2,0,0,0,0,0,0,1,0,0.00,0.00,0.00,0.00,0.00,Matches,,,0,0,,0.00,0.00,,,,,,,,,,,,,,,,,,,Serbian SuperLiga,2024-2025
241b64c1,Đuro Zec,Đuro Zec,rs SRB,MF,Mladost Lučani,34,1990,5,1,106,1.2,0,0,0,0,0,0,1,0,0.00,0.00,0.00,0.00,0.00,Matches,,,0,0,,0.00,0.00,,,,,,,,,,,,,,,,,,,Serbian SuperLiga,2024-2025
e2f847a5,Milos Zekic,Milos Zekic,rs SRB,"MF,FW",Tekstilac Odžaci,20,2003,28,21,"1,766",19.6,3,0,3,3,0,0,1,0,0.15,0.00,0.15,0.15,0.15,Matches,0.21,0.60,14,5,35.7,0.25,0.71,,,,,,,,,,,,,,,,,,,Serbian SuperLiga,2024-2025
0ac7f490,Samir Zeljković,Samir Zeljković,ba BIH,DF,Radnički Kragujevac,26,1997,28,25,"2,289",25.4,1,2,3,1,0,0,1,0,0.04,0.08,0.12,0.04,0.12,Matches,0.20,0.50,5,2,40.0,0.08,0.20,,,,,,,,,,,,,,,,,,,Serbian SuperLiga,2024-2025
fcd18ab2,Almedin Zilkic,Almedin Zilkic,rs SRB,MF,Novi Pazar,28,1996,19,5,613,6.8,1,3,4,0,1,1,3,0,0.15,0.44,0.59,0.00,0.44,Matches,0.00,0.00,6,1,16.7,0.15,0.88,,,,,,,,,,,,,,,,,,,Serbian SuperLiga,2024-2025
7054badb,Marko Živković,Marko Živković,rs SRB,DF,Partizan,30,1994,2,0,55,0.6,0,0,0,0,0,0,0,0,0.00,0.00,0.00,0.00,0.00,Matches,,,0,0,,0.00,0.00,,,,,,,,,,,,,,,,,,,Serbian SuperLiga,2024-2025
726a7e5c,Viktor Živojinović,Viktor Živojinović,rs SRB,FW,Novi Pazar,25,1999,5,0,72,0.8,0,0,0,0,0,0,0,0,0.00,0.00,0.00,0.00,0.00,Matches,0.00,,3,0,0.0,0.00,3.75,,,,,,,,,,,,,,,,,,,Serbian SuperLiga,2024-2025
a8b86e2d,Lazar Zličić,Lazar Zličić,rs SRB,MF,Novi Pazar,27,1997,6,1,147,1.6,0,0,0,0,0,0,0,0,0.00,0.00,0.00,0.00,0.00,Matches,0.00,0.00,5,1,20.0,0.61,3.06,,,,,,,,,,,,,,,,,,,Serbian SuperLiga,2024-2025
fa0a55af,Irfan Zulfic,Irfan Zulfic,rs SRB,MF,Novi Beograd,23,2000,19,12,"1,025",11.4,1,2,3,1,0,0,1,0,0.09,0.18,0.26,0.09,0.26,Matches,0.10,0.50,10,2,20.0,0.18,0.88,,,,,,,,,,,,,,,,,,,Serbian SuperLiga,2024-2025
fa0a55af,Irfan Zulfic,Irfan Zulfic,rs SRB,MF,Novi Beograd,23,2000,19,12,"1,025",11.4,1,2,3,1,0,0,1,0,0.09,0.18,0.26,0.09,0.26,Matches,0.50,0.50,4,4,100.0,0.44,0.44,,,,,,,,,,,,,,,,,,,Serbian SuperLiga,2024-2025
fa0a55af,Irfan Zulfic,Irfan Zulfic,rs SRB,MF,Tekstilac Odžaci,23,2000,10,10,809,9.0,3,2,5,2,1,2,2,0,0.33,0.22,0.56,0.22,0.44,Matches,0.10,0.50,10,2,20.0,0.18,0.88,,,,,,,,,,,,,,,,,,,Serbian SuperLiga,2024-2025
fa0a55af,Irfan Zulfic,Irfan Zulfic,rs SRB,MF,Tekstilac Odžaci,23,2000,10,10,809,9.0,3,2,5,2,1,2,2,0,0.33,0.22,0.56,0.22,0.44,Matches,0.50,0.50,4,4,100.0,0.44,0.44,,,,,,,,,,,,,,,,,,,Serbian SuperLiga,2024-2025
8e5232ec,Filip Zunic,Filip Zunic,rs SRB,"MF,DF",Mladost Lučani,24,2000,28,20,"1,865",20.7,0,0,0,0,0,0,8,0,0.00,0.00,0.00,0.00,0.00,Matches,0.00,0.00,6,2,33.3,0.10,0.29,,,,,,,,,,,,,,,,,,,Serbian SuperLiga,2024-2025
e5d553a8,Ifet Đakovac,Ifet Đakovac,ba BIH,MF,TSC,26,1997,15,14,"1,207",13.4,6,6,12,2,4,4,8,0,0.45,0.45,0.89,0.15,0.60,Matches,0.08,0.22,24,9,37.5,0.67,1.79,,,,,,,,,,,,,,,,,,,Serbian SuperLiga,2024-2025
fce9f0da,Milan Đaković,Milan Đaković,rs SRB,,Tekstilac Odžaci,17,2007,1,0,18,0.2,0,0,0,0,0,0,0,0,0.00,0.00,0.00,0.00,0.00,Matches,,,0,0,,0.00,0.00,,,,,,,,,,,,,,,,,,,Serbian SuperLiga,2024-2025
f40903a1,Aleksandar Đermanović,Aleksandar Đermanović,rs SRB,DF,OFK Beograd,21,2002,36,36,"3,240",36.0,0,0,0,0,0,0,4,0,0.00,0.00,0.00,0.00,0.00,Matches,0.00,0.00,8,2,25.0,0.06,0.22,,,,,,,,,,,,,,,,,,,Serbian SuperLiga,2024-2025
7a050cbd,Luka Đorđević,Luka Đorđević,rs SRB,MF,Čukarički,18,2006,7,2,227,2.5,1,1,2,1,0,0,0,0,0.40,0.40,0.79,0.40,0.79,Matches,0.33,0.33,3,3,100.0,1.19,1.19,,,,,,,,,,,,,,,,,,,Serbian SuperLiga,2024-2025
0cbe2ba8,Mateja Đorđević,Mateja Đorđević,rs SRB,DF,TSC,21,2003,23,20,"1,808",20.1,0,1,1,0,0,0,3,1,0.00,0.05,0.05,0.00,0.05,Matches,0.00,,3,0,0.0,0.00,0.15,,,,,,,,,,,,,,,,,,,Serbian SuperLiga,2024-2025
d94ba950,Stefan Đorđević,Stefan Đorđević,rs SRB,MF,Vojvodina,33,1991,7,6,555,6.2,0,1,1,0,0,0,0,0,0.00,0.16,0.16,0.00,0.16,Matches,0.00,,1,0,0.0,0.00,0.16,,,,,,,,,,,,,,,,,,,Serbian SuperLiga,2024-2025
95c92208,Uroš Đuranović,Uroš Đuranović,me MNE,FW,Novi Pazar,30,1994,14,13,"1,051",11.7,5,0,5,5,0,0,4,0,0.43,0.00,0.43,0.43,0.43,Matches,0.29,0.71,17,7,41.2,0.60,1.46,,,,,,,,,,,,,,,,,,,Serbian SuperLiga,2024-2025
13597461,Andrej Đurić,Andrej Đurić,me MNE,DF,Red Star,20,2003,13,12,"1,085",12.1,0,0,0,0,0,0,1,0,0.00,0.00,0.00,0.00,0.00,Matches,,,0,0,,0.00,0.00,,,,,,,,,,,,,,,,,,,Serbian SuperLiga,2024-2025
13597461,Andrej Đurić,Andrej Đurić,me MNE,DF,Red Star,20,2003,13,12,"1,085",12.1,0,0,0,0,0,0,1,0,0.00,0.00,0.00,0.00,0.00,Matches,0.00,,3,0,0.0,0.00,0.39,,,,,,,,,,,,,,,,,,,Serbian SuperLiga,2024-2025
13597461,Andrej Đurić,Andrej Đurić,me MNE,DF,Novi Pazar,20,2003,8,8,698,7.8,0,1,1,0,0,0,1,0,0.00,0.13,0.13,0.00,0.13,Matches,,,0,0,,0.00,0.00,,,,,,,,,,,,,,,,,,,Serbian SuperLiga,2024-2025
13597461,Andrej Đurić,Andrej Đurić,me MNE,DF,Novi Pazar,20,2003,8,8,698,7.8,0,1,1,0,0,0,1,0,0.00,0.13,0.13,0.00,0.13,Matches,0.00,,3,0,0.0,0.00,0.39,,,,,,,,,,,,,,,,,,,Serbian SuperLiga,2024-2025
eb79e1fc,Dejan Đurić,Dejan Đurić,rs SRB,MF,Tekstilac Odžaci,23,2001,18,12,998,11.1,2,1,3,2,0,0,1,0,0.18,0.09,0.27,0.18,0.27,Matches,0.20,0.40,10,5,50.0,0.45,0.90,,,,,,,,,,,,,,,,,,,Serbian SuperLiga,2024-2025
afa7bafe,Nikola Đuričić,Nikola Đuričić,rs SRB,DF,Železničar Pančevo,24,1999,26,26,"2,233",24.8,1,3,4,1,0,0,6,0,0.04,0.12,0.16,0.04,0.16,Matches,0.50,1.00,2,1,50.0,0.04,0.08,,,,,,,,,,,,,,,,,,,Serbian SuperLiga,2024-2025
