PlayerID,Name,player,nationality,position,team,age,birth_year,games,games_starts,minutes,minutes_90s,goals,assists,goals_assists,goals_pens,pens_made,pens_att,cards_yellow,cards_red,goals_per90,assists_per90,goals_assists_per90,goals_pens_per90,goals_assists_pens_per90,matches,goals_per_shot,goals_per_shot_on_target,shots,shots_on_target,shots_on_target_pct,shots_on_target_per90,shots_per90,gk_clean_sheets,gk_clean_sheets_pct,gk_games,gk_games_starts,gk_goals_against,gk_goals_against_per90,gk_losses,gk_minutes,gk_pens_allowed,gk_pens_att,gk_pens_missed,gk_pens_save_pct,gk_pens_saved,gk_save_pct,gk_saves,gk_shots_on_target_against,gk_ties,gk_wins,League,Season
34700200,Delano Abrahams,Delano Abrahams,za RSA,DF,Magesi FC,28,1995,23,23,"2,070",23.0,3,0,3,3,0,0,4,0,0.13,0.00,0.13,0.13,0.13,Matches,0.14,0.43,22,7,31.8,0.30,0.96,,,,,,,,,,,,,,,,,,,South African Premiership,2024-2025
b2498520,Faiz Abrahams,Faiz Abrahams,za RSA,MF,Stellenbosch FC,19,2005,2,0,28,0.3,0,0,0,0,0,0,0,0,0.00,0.00,0.00,0.00,0.00,Matches,0.00,,1,0,0.0,0.00,3.21,,,,,,,,,,,,,,,,,,,South African Premiership,2024-2025
259affab,Jayden Adams,Jayden Adams,za RSA,"MF,FW",Stellenbosch FC,23,2001,8,7,576,6.4,1,1,2,1,0,0,6,1,0.16,0.16,0.31,0.16,0.31,Matches,0.25,0.33,4,3,75.0,0.47,0.62,,,,,,,,,,,,,,,,,,,South African Premiership,2024-2025
259affab,Jayden Adams,Jayden Adams,za RSA,"MF,FW",Stellenbosch FC,23,2001,8,7,576,6.4,1,1,2,1,0,0,6,1,0.16,0.16,0.31,0.16,0.31,Matches,0.43,0.75,7,4,57.1,0.34,0.59,,,,,,,,,,,,,,,,,,,South African Premiership,2024-2025
259affab,Jayden Adams,Jayden Adams,za RSA,MF,Mamelodi Sundowns,23,2001,17,13,"1,064",11.8,3,1,4,3,0,0,0,0,0.25,0.08,0.34,0.25,0.34,Matches,0.25,0.33,4,3,75.0,0.47,0.62,,,,,,,,,,,,,,,,,,,South African Premiership,2024-2025
259affab,Jayden Adams,Jayden Adams,za RSA,MF,Mamelodi Sundowns,23,2001,17,13,"1,064",11.8,3,1,4,3,0,0,0,0,0.25,0.08,0.34,0.25,0.34,Matches,0.43,0.75,7,4,57.1,0.34,0.59,,,,,,,,,,,,,,,,,,,South African Premiership,2024-2025
410726f9,Jody Ahshene,Jody Ahshene,za RSA,FW,Cape Town City,19,2005,9,3,330,3.7,0,0,0,0,0,0,0,0,0.00,0.00,0.00,0.00,0.00,Matches,0.00,0.00,5,1,20.0,0.27,1.36,,,,,,,,,,,,,,,,,,,South African Premiership,2024-2025
bde8457c,Daniel Akpeyi,Daniel Akpeyi,ng NGA,GK,Marumo Gallants FC,37,1986,7,6,587,6.5,0,0,0,0,0,0,1,0,0.00,0.00,0.00,0.00,0.00,Matches,,,0,0,,0.00,0.00,1,16.7,7,6,9,1.38,2,587,0,0,0,,0,65.4,17,26,2,2,South African Premiership,2024-2025
a288e949,Cole Alexander,Cole Alexander,za RSA,MF,Polokwane City,35,1989,13,11,820,9.1,0,2,2,0,0,0,0,0,0.00,0.22,0.22,0.00,0.22,Matches,0.00,0.00,6,2,33.3,0.22,0.66,,,,,,,,,,,,,,,,,,,South African Premiership,2024-2025
7d644e2e,Badra Ali Sangaré,Badra Ali Sangaré,ci CIV,GK,Sekhukhune United FC,38,1986,20,20,"1,800",20.0,0,0,0,0,0,0,2,0,0.00,0.00,0.00,0.00,0.00,Matches,,,0,0,,0.00,0.00,7,35.0,20,20,24,1.20,7,"1,800",1,2,0,50.0,1,71.6,59,81,4,9,South African Premiership,2024-2025
86b21784,Keegan Allan,Keegan Allan,za RSA,DF,Richards Bay FC,23,2000,24,23,"2,071",23.0,1,1,2,1,0,0,4,0,0.04,0.04,0.09,0.04,0.09,Matches,0.08,0.20,13,5,38.5,0.22,0.56,,,,,,,,,,,,,,,,,,,South African Premiership,2024-2025
b0042dc3,Marcelo Allende,Marcelo Allende,cl CHI,MF,Mamelodi Sundowns,25,1999,24,23,"1,781",19.8,2,4,6,2,0,0,4,0,0.10,0.20,0.30,0.10,0.30,Matches,0.13,0.29,15,7,46.7,0.35,0.76,,,,,,,,,,,,,,,,,,,South African Premiership,2024-2025
0827a24a,Gabriel Amato,Gabriel Amato,za RSA,MF,Cape Town City,18,2006,20,17,"1,338",14.9,1,0,1,1,0,0,1,0,0.07,0.00,0.07,0.07,0.07,Matches,0.08,0.25,13,4,30.8,0.27,0.87,,,,,,,,,,,,,,,,,,,South African Premiership,2024-2025
00a4eef0,Ibrahima Aminata Condé,Ibrahima Aminata Condé,gn GUI,DF,Marumo Gallants FC,26,1998,2,0,21,0.2,0,0,0,0,0,0,0,0,0.00,0.00,0.00,0.00,0.00,Matches,0.00,,1,0,0.0,0.00,4.29,,,,,,,,,,,,,,,,,,,South African Premiership,2024-2025
7f011dd8,Lefa Aphane,Lefa Aphane,za RSA,MF,Cape Town City,22,2001,3,0,48,0.5,0,0,0,0,0,0,0,0,0.00,0.00,0.00,0.00,0.00,Matches,0.00,,2,0,0.0,0.00,3.75,,,,,,,,,,,,,,,,,,,South African Premiership,2024-2025
e8933eb0,Oswin Appollis,Oswin Appollis,za RSA,MF,Polokwane City,22,2001,25,25,"2,027",22.5,2,1,3,2,0,0,3,0,0.09,0.04,0.13,0.09,0.13,Matches,0.04,0.13,52,15,28.8,0.67,2.31,,,,,,,,,,,,,,,,,,,South African Premiership,2024-2025
1a9fd19f,Shakeel April,Shakeel April,za RSA,MF,Cape Town City,18,2005,9,2,267,3.0,0,0,0,0,0,0,0,0,0.00,0.00,0.00,0.00,0.00,Matches,0.00,0.00,4,1,25.0,0.34,1.35,,,,,,,,,,,,,,,,,,,South African Premiership,2024-2025
d04d114c,Washington Arubi,Washington Arubi,zw ZIM,GK,Marumo Gallants FC,38,1985,20,20,"1,653",18.4,0,0,0,0,0,0,3,0,0.00,0.00,0.00,0.00,0.00,Matches,,,0,0,,0.00,0.00,6,30.0,20,20,26,1.42,8,"1,653",3,3,0,0.0,0,69.3,52,75,6,6,South African Premiership,2024-2025
b0742d95,Cameron Ashby,Cameron Ashby,,MF,Sekhukhune United FC,,,2,0,47,0.5,0,0,0,0,0,0,1,0,0.00,0.00,0.00,0.00,0.00,Matches,0.00,,2,0,0.0,0.00,3.83,,,,,,,,,,,,,,,,,,,South African Premiership,2024-2025
b0742d95,Cameron Ashby,Cameron Ashby,,MF,Sekhukhune United FC,,,2,0,47,0.5,0,0,0,0,0,0,1,0,0.00,0.00,0.00,0.00,0.00,Matches,0.00,,1,0,0.0,0.00,0.90,,,,,,,,,,,,,,,,,,,South African Premiership,2024-2025
b0742d95,Cameron Ashby,Cameron Ashby,,MF,Magesi FC,,,3,1,100,1.1,0,0,0,0,0,0,0,0,0.00,0.00,0.00,0.00,0.00,Matches,0.00,,2,0,0.0,0.00,3.83,,,,,,,,,,,,,,,,,,,South African Premiership,2024-2025
b0742d95,Cameron Ashby,Cameron Ashby,,MF,Magesi FC,,,3,1,100,1.1,0,0,0,0,0,0,0,0,0.00,0.00,0.00,0.00,0.00,Matches,0.00,,1,0,0.0,0.00,0.90,,,,,,,,,,,,,,,,,,,South African Premiership,2024-2025
70cae33e,Bathusi Aubaas,Bathusi Aubaas,za RSA,"MF,DF",Mamelodi Sundowns,29,1995,14,6,588,6.5,0,0,0,0,0,0,1,0,0.00,0.00,0.00,0.00,0.00,Matches,0.00,0.00,5,1,20.0,0.15,0.77,,,,,,,,,,,,,,,,,,,South African Premiership,2024-2025
5b5c4d01,Keanin Ayer Boya,Keanin Ayer Boya,za RSA,MF,SuperSport United,24,2000,13,10,841,9.3,0,1,1,0,0,0,3,0,0.00,0.11,0.11,0.00,0.11,Matches,0.00,0.00,9,2,22.2,0.21,0.96,,,,,,,,,,,,,,,,,,,South African Premiership,2024-2025
e191883c,Ryan Baartman,Ryan Baartman,za RSA,DF,Sekhukhune United FC,26,1997,2,1,135,1.5,0,0,0,0,0,0,0,0,0.00,0.00,0.00,0.00,0.00,Matches,,,0,0,,0.00,0.00,,,,,,,,,,,,,,,,,,,South African Premiership,2024-2025
2c2f6ea4,Aphiwe Baliti,Aphiwe Baliti,za RSA,DF,SuperSport United,22,2002,15,15,"1,254",13.9,0,0,0,0,0,0,2,0,0.00,0.00,0.00,0.00,0.00,Matches,0.00,0.00,7,1,14.3,0.07,0.50,,,,,,,,,,,,,,,,,,,South African Premiership,2024-2025
35a42711,Siphelo Baloni,Siphelo Baloni,za RSA,MF,Chippa United,24,1999,16,9,"1,021",11.3,1,1,2,1,0,0,4,0,0.09,0.09,0.18,0.09,0.18,Matches,0.06,0.33,17,3,17.6,0.26,1.50,,,,,,,,,,,,,,,,,,,South African Premiership,2024-2025
0ce9ac36,Bafedile Baloyi,Bafedile Baloyi,,"FW,MF",Magesi FC,,,14,9,664,7.4,0,1,1,0,0,0,1,0,0.00,0.14,0.14,0.00,0.14,Matches,0.00,,6,0,0.0,0.00,0.81,,,,,,,,,,,,,,,,,,,South African Premiership,2024-2025
c8f48a7d,Bilal Baloyi,Bilal Baloyi,za RSA,DF,SuperSport United,20,2003,9,8,706,7.8,0,0,0,0,0,0,0,0,0.00,0.00,0.00,0.00,0.00,Matches,,,0,0,,0.00,0.00,,,,,,,,,,,,,,,,,,,South African Premiership,2024-2025
f7df91d0,Francis Baloyi,Francis Baloyi,za RSA,DF,Polokwane City,31,1992,10,3,293,3.3,0,0,0,0,0,0,0,0,0.00,0.00,0.00,0.00,0.00,Matches,,,0,0,,0.00,0.00,,,,,,,,,,,,,,,,,,,South African Premiership,2024-2025
3ff74f53,Menzi Banele Ndwandwe,Menzi Banele Ndwandwe,za RSA,MF,Magesi FC,27,1997,2,0,40,0.4,0,0,0,0,0,0,0,0,0.00,0.00,0.00,0.00,0.00,Matches,,,0,0,,0.00,0.00,,,,,,,,,,,,,,,,,,,South African Premiership,2024-2025
b1e7e393,Sanele Barns,Sanele Barns,za RSA,"MF,DF",Stellenbosch FC,27,1997,25,15,"1,545",17.2,4,3,7,4,0,0,1,0,0.23,0.17,0.41,0.23,0.41,Matches,0.16,0.40,25,10,40.0,0.58,1.46,,,,,,,,,,,,,,,,,,,South African Premiership,2024-2025
36915ede,Fawaaz Basadien,Fawaaz Basadien,za RSA,DF,Stellenbosch FC,27,1996,25,25,"2,199",24.4,3,5,8,2,1,1,3,0,0.12,0.20,0.33,0.08,0.29,Matches,0.08,0.18,26,11,42.3,0.45,1.06,,,,,,,,,,,,,,,,,,,South African Premiership,2024-2025
8c64a33a,Monty Batlhabane,Monty Batlhabane,za RSA,MF,Polokwane City,19,2005,11,2,281,3.1,0,0,0,0,0,0,1,0,0.00,0.00,0.00,0.00,0.00,Matches,0.00,0.00,4,1,25.0,0.32,1.28,,,,,,,,,,,,,,,,,,,South African Premiership,2024-2025
16e4518c,Cee Bezuidenhout,Cee Bezuidenhout,,FW,Cape Town City,,,4,0,30,0.3,0,0,0,0,0,0,0,0,0.00,0.00,0.00,0.00,0.00,Matches,,,0,0,,0.00,0.00,,,,,,,,,,,,,,,,,,,South African Premiership,2024-2025
a79b9e17,Njabulo Blom,Njabulo Blom,za RSA,"DF,MF",Kaizer Chiefs,24,1999,18,9,763,8.5,0,0,0,0,0,0,3,0,0.00,0.00,0.00,0.00,0.00,Matches,0.00,0.00,3,1,33.3,0.12,0.35,,,,,,,,,,,,,,,,,,,South African Premiership,2024-2025
2d37ab76,Ntlonelo Bomelo,Ntlonelo Bomelo,za RSA,"FW,MF",Richards Bay FC,18,2005,15,5,427,4.7,2,0,2,2,0,0,0,0,0.42,0.00,0.42,0.42,0.42,Matches,0.15,0.29,13,7,53.8,1.48,2.74,,,,,,,,,,,,,,,,,,,South African Premiership,2024-2025
f85bc30a,Asanele Bonani,Asanele Bonani,,MF,Chippa United,,,5,0,96,1.1,0,0,0,0,0,0,0,0,0.00,0.00,0.00,0.00,0.00,Matches,0.00,0.00,1,1,100.0,0.94,0.94,,,,,,,,,,,,,,,,,,,South African Premiership,2024-2025
9f2f3ab8,Andy Boyeli,Andy Boyeli,,FW,Sekhukhune United FC,23,2001,24,18,"1,315",14.6,6,0,6,5,1,1,1,0,0.41,0.00,0.41,0.34,0.34,Matches,0.14,0.38,36,13,36.1,0.89,2.46,,,,,,,,,,,,,,,,,,,South African Premiership,2024-2025
179d97cf,Ethan Brook,Ethan Brook,za RSA,MF,AmaZulu,23,2001,23,13,"1,033",11.5,1,1,2,1,0,0,4,0,0.09,0.09,0.17,0.09,0.17,Matches,0.17,0.33,6,3,50.0,0.26,0.52,,,,,,,,,,,,,,,,,,,South African Premiership,2024-2025
c7f9fa25,Melusi Buthelezi,Melusi Buthelezi,za RSA,GK,Orlando Pirates,26,1998,3,2,225,2.5,0,0,0,0,0,0,0,0,0.00,0.00,0.00,0.00,0.00,Matches,,,0,0,,0.00,0.00,1,50.0,3,2,2,0.80,0,225,0,0,0,,0,75.0,6,8,0,2,South African Premiership,2024-2025
975ec450,Mzwandile Buthelezi,Mzwandile Buthelezi,za RSA,DF,Magesi FC,32,1991,20,17,"1,534",17.0,0,2,2,0,0,0,1,0,0.00,0.12,0.12,0.00,0.12,Matches,0.00,0.00,6,1,16.7,0.06,0.35,,,,,,,,,,,,,,,,,,,South African Premiership,2024-2025
32170480,Thando Buthelezi,Thando Buthelezi,za RSA,MF,Richards Bay FC,21,2003,3,1,113,1.3,0,0,0,0,0,0,0,0,0.00,0.00,0.00,0.00,0.00,Matches,,,0,0,,0.00,0.00,,,,,,,,,,,,,,,,,,,South African Premiership,2024-2025
e884f94c,Chumani Butsaka,Chumani Butsaka,za RSA,MF,Stellenbosch FC,22,2001,23,10,"1,055",11.7,2,2,4,2,0,0,1,0,0.17,0.17,0.34,0.17,0.34,Matches,0.11,0.29,19,7,36.8,0.60,1.62,,,,,,,,,,,,,,,,,,,South African Premiership,2024-2025
d4467be4,Bruce Bvuma,Bruce Bvuma,za RSA,GK,Kaizer Chiefs,29,1995,19,19,"1,710",19.0,0,0,0,0,0,0,2,0,0.00,0.00,0.00,0.00,0.00,Matches,,,0,0,,0.00,0.00,6,31.6,19,19,21,1.11,9,"1,710",1,1,0,0.0,0,64.3,36,56,5,5,South African Premiership,2024-2025
bdc4cb72,Brian Bwire,Brian Bwire,ke KEN,GK,Polokwane City,24,2000,12,12,"1,080",12.0,0,0,0,0,0,0,0,0,0.00,0.00,0.00,0.00,0.00,Matches,,,0,0,,0.00,0.00,4,33.3,12,12,12,1.00,5,"1,080",1,1,0,0.0,0,70.3,25,37,4,3,South African Premiership,2024-2025
8f4c0ee3,Daniel Cardoso,Daniel Cardoso,za RSA,DF,Sekhukhune United FC,35,1988,21,18,"1,606",17.8,1,0,1,1,0,0,3,0,0.06,0.00,0.06,0.06,0.06,Matches,0.14,0.33,7,3,42.9,0.17,0.39,,,,,,,,,,,,,,,,,,,South African Premiership,2024-2025
03fb4dc7,Cameron Carnell,Cameron Carnell,za RSA,MF,Sekhukhune United FC,21,2002,2,1,41,0.5,0,0,0,0,0,0,0,0,0.00,0.00,0.00,0.00,0.00,Matches,,,0,0,,0.00,0.00,,,,,,,,,,,,,,,,,,,South African Premiership,2024-2025
f67e0553,Edson Castillo,Edson Castillo,ve VEN,MF,Kaizer Chiefs,30,1994,7,2,252,2.8,0,0,0,0,0,0,0,0,0.00,0.00,0.00,0.00,0.00,Matches,0.00,0.00,7,3,42.9,1.07,2.50,,,,,,,,,,,,,,,,,,,South African Premiership,2024-2025
6ab9de8b,Bongani Cele,Bongani Cele,za RSA,FW,Lamontville Golden Arrows,25,1998,12,5,496,5.5,1,0,1,1,0,0,3,0,0.18,0.00,0.18,0.18,0.18,Matches,0.11,0.50,9,2,22.2,0.36,1.63,,,,,,,,,,,,,,,,,,,South African Premiership,2024-2025
106c3477,Sbonelo Cele,Sbonelo Cele,za RSA,DF,Lamontville Golden Arrows,22,2001,25,22,"2,018",22.4,1,3,4,1,0,0,7,0,0.04,0.13,0.18,0.04,0.18,Matches,0.07,0.25,14,4,28.6,0.18,0.62,,,,,,,,,,,,,,,,,,,South African Premiership,2024-2025
28f6b777,Thabo Cele,Thabo Cele,za RSA,MF,Kaizer Chiefs,27,1997,11,9,711,7.9,0,0,0,0,0,0,4,0,0.00,0.00,0.00,0.00,0.00,Matches,0.00,,4,0,0.0,0.00,0.51,,,,,,,,,,,,,,,,,,,South African Premiership,2024-2025
ae691c25,Justice Chabalala,Justice Chabalala,za RSA,DF,Chippa United,32,1991,17,14,"1,277",14.2,1,0,1,1,0,0,3,0,0.07,0.00,0.07,0.07,0.07,Matches,0.13,1.00,8,1,12.5,0.07,0.56,,,,,,,,,,,,,,,,,,,South African Premiership,2024-2025
eafa3551,Mpho Chabatsane,Mpho Chabatsane,za RSA,DF,Marumo Gallants FC,22,2002,12,9,848,9.4,0,1,1,0,0,0,1,0,0.00,0.11,0.11,0.00,0.11,Matches,0.00,,1,0,0.0,0.00,0.11,,,,,,,,,,,,,,,,,,,South African Premiership,2024-2025
c9f36f66,Sipho Chaine,Sipho Chaine,za RSA,GK,Orlando Pirates,27,1996,25,25,"2,205",24.5,0,0,0,0,0,0,4,0,0.00,0.00,0.00,0.00,0.00,Matches,,,0,0,,0.00,0.00,10,40.0,25,25,18,0.73,5,"2,205",0,1,1,,0,72.3,47,65,4,16,South African Premiership,2024-2025
2af9b649,Hlayisi Chauke,Hlayisi Chauke,za RSA,FW,Polokwane City,23,2001,9,7,572,6.4,0,0,0,0,0,0,1,0,0.00,0.00,0.00,0.00,0.00,Matches,0.00,0.00,13,3,23.1,0.47,2.05,,,,,,,,,,,,,,,,,,,South African Premiership,2024-2025
73d2488c,Elvis Chipezeze,Elvis Chipezeze,zw ZIM,GK,Magesi FC,34,1990,26,26,"2,340",26.0,0,0,0,0,0,0,1,0,0.00,0.00,0.00,0.00,0.00,Matches,,,0,0,,0.00,0.00,10,38.5,26,26,28,1.08,11,"2,340",0,0,0,,0,71.1,69,97,7,8,South African Premiership,2024-2025
5067f53f,Edmore Chirambadare,Edmore Chirambadare,zw ZIM,MF,Magesi FC,32,1992,7,6,460,5.1,2,0,2,2,0,1,0,0,0.39,0.00,0.39,0.39,0.39,Matches,0.20,0.33,10,6,60.0,1.17,1.96,,,,,,,,,,,,,,,,,,,South African Premiership,2024-2025
e87eeeaa,Jiří Ciupa,Jiří Ciupa,cz CZE,GK,TS Galaxy,26,1998,3,3,270,3.0,0,0,0,0,0,0,1,0,0.00,0.00,0.00,0.00,0.00,Matches,,,0,0,,0.00,0.00,0,0.0,3,3,4,1.33,2,270,0,0,0,,0,33.3,2,6,1,0,South African Premiership,2024-2025
60b625cc,Rivaldo Coetzee,Rivaldo Coetzee,za RSA,"DF,MF",Mamelodi Sundowns,27,1996,5,4,335,3.7,0,0,0,0,0,0,0,0,0.00,0.00,0.00,0.00,0.00,Matches,,,0,0,,0.00,0.00,,,,,,,,,,,,,,,,,,,South African Premiership,2024-2025
3bcfaf46,Siboniso Conco,Siboniso Conco,za RSA,"MF,FW",Richards Bay FC,28,1996,7,3,246,2.7,0,0,0,0,0,0,2,0,0.00,0.00,0.00,0.00,0.00,Matches,0.00,0.00,3,1,33.3,0.37,1.10,,,,,,,,,,,,,,,,,,,South African Premiership,2024-2025
9df63a1b,Bradley Cross,Bradley Cross,za RSA,DF,Kaizer Chiefs,23,2001,18,17,"1,332",14.8,0,0,0,0,0,0,4,1,0.00,0.00,0.00,0.00,0.00,Matches,0.00,0.00,10,1,10.0,0.07,0.68,,,,,,,,,,,,,,,,,,,South African Premiership,2024-2025
16214d19,Ashley Cupido,Ashley Cupido,za RSA,"FW,MF",Stellenbosch FC,23,2001,24,16,"1,259",14.0,5,3,8,5,0,1,1,0,0.36,0.21,0.57,0.36,0.57,Matches,0.21,0.45,24,11,45.8,0.79,1.72,,,,,,,,,,,,,,,,,,,South African Premiership,2024-2025
607cf385,Keanu Cupido,Keanu Cupido,za RSA,DF,Mamelodi Sundowns,26,1998,2,0,19,0.2,0,0,0,0,0,0,0,0,0.00,0.00,0.00,0.00,0.00,Matches,,,0,0,,0.00,0.00,,,,,,,,,,,,,,,,,,,South African Premiership,2024-2025
607cf385,Keanu Cupido,Keanu Cupido,za RSA,DF,Mamelodi Sundowns,26,1998,2,0,19,0.2,0,0,0,0,0,0,0,0,0.00,0.00,0.00,0.00,0.00,Matches,0.00,0.00,4,1,25.0,0.12,0.46,,,,,,,,,,,,,,,,,,,South African Premiership,2024-2025
607cf385,Keanu Cupido,Keanu Cupido,za RSA,DF,Cape Town City,26,1998,9,9,776,8.6,0,0,0,0,0,0,0,0,0.00,0.00,0.00,0.00,0.00,Matches,,,0,0,,0.00,0.00,,,,,,,,,,,,,,,,,,,South African Premiership,2024-2025
607cf385,Keanu Cupido,Keanu Cupido,za RSA,DF,Cape Town City,26,1998,9,9,776,8.6,0,0,0,0,0,0,0,0,0.00,0.00,0.00,0.00,0.00,Matches,0.00,0.00,4,1,25.0,0.12,0.46,,,,,,,,,,,,,,,,,,,South African Premiership,2024-2025
084e960b,Raymond Daniels,Raymond Daniels,,"FW,MF",Polokwane City,,,15,10,994,11.0,1,0,1,1,0,0,1,0,0.09,0.00,0.09,0.09,0.09,Matches,0.08,0.20,13,5,38.5,0.45,1.18,,,,,,,,,,,,,,,,,,,South African Premiership,2024-2025
36b95442,Cemran Dansin,Cemran Dansin,za RSA,MF,Orlando Pirates,19,2005,3,0,71,0.8,0,0,0,0,0,0,0,0,0.00,0.00,0.00,0.00,0.00,Matches,,,0,0,,0.00,0.00,,,,,,,,,,,,,,,,,,,South African Premiership,2024-2025
0d64cd98,Samuel Darpoh,Samuel Darpoh,gh GHA,"MF,DF",Magesi FC,26,1998,19,18,"1,606",17.8,0,0,0,0,0,0,4,1,0.00,0.00,0.00,0.00,0.00,Matches,0.00,0.00,7,1,14.3,0.06,0.39,,,,,,,,,,,,,,,,,,,South African Premiership,2024-2025
2d284293,Rushine De Reuck,Rushine De Reuck,za RSA,DF,Mamelodi Sundowns,28,1996,5,3,286,3.2,0,0,0,0,0,0,0,0,0.00,0.00,0.00,0.00,0.00,Matches,0.00,,3,0,0.0,0.00,0.94,,,,,,,,,,,,,,,,,,,South African Premiership,2024-2025
6341a5c8,Thapelo Dhludhlu,Thapelo Dhludhlu,,MF,Marumo Gallants FC,,,17,11,976,10.8,1,0,1,1,0,0,3,0,0.09,0.00,0.09,0.09,0.09,Matches,0.06,0.20,16,5,31.3,0.46,1.48,,,,,,,,,,,,,,,,,,,South African Premiership,2024-2025
b055c837,Puso Dithejane,Puso Dithejane,za RSA,MF,TS Galaxy,20,2004,27,12,"1,292",14.4,2,3,5,2,0,0,2,0,0.14,0.21,0.35,0.14,0.35,Matches,0.10,0.50,21,4,19.0,0.28,1.46,,,,,,,,,,,,,,,,,,,South African Premiership,2024-2025
7e221805,Thatayaone Ditlhokwe,Thatayaone Ditlhokwe,bw BOT,DF,Kaizer Chiefs,25,1998,9,7,661,7.3,0,2,2,0,0,0,3,0,0.00,0.27,0.27,0.00,0.27,Matches,0.00,,4,0,0.0,0.00,0.54,,,,,,,,,,,,,,,,,,,South African Premiership,2024-2025
5d7fe60c,Siyabonga Dladla,Siyabonga Dladla,za RSA,GK,Orlando Pirates,23,2001,1,1,90,1.0,0,0,0,0,0,0,0,0,0.00,0.00,0.00,0.00,0.00,Matches,,,0,0,,0.00,0.00,1,100.0,1,1,0,0.00,0,90,0,0,0,,0,100.0,3,3,0,1,South African Premiership,2024-2025
3b88eb54,Athenkhosi Dlala,Athenkhosi Dlala,za RSA,MF,Chippa United,36,1988,3,0,59,0.7,0,0,0,0,0,0,0,0,0.00,0.00,0.00,0.00,0.00,Matches,,,0,0,,0.00,0.00,,,,,,,,,,,,,,,,,,,South African Premiership,2024-2025
75c6e952,Bonginkosi Dlamini,Bonginkosi Dlamini,sz SWZ,"MF,FW",Polokwane City,33,1990,17,13,"1,149",12.8,1,0,1,1,0,0,2,0,0.08,0.00,0.08,0.08,0.08,Matches,0.04,0.25,24,4,16.7,0.31,1.88,,,,,,,,,,,,,,,,,,,South African Premiership,2024-2025
ad281b45,Kabelo Dlamini,Kabelo Dlamini,za RSA,MF,Orlando Pirates,28,1996,24,15,"1,445",16.1,2,4,6,2,0,0,3,0,0.12,0.25,0.37,0.12,0.37,Matches,0.06,0.17,33,12,36.4,0.75,2.06,,,,,,,,,,,,,,,,,,,South African Premiership,2024-2025
3a00c763,Nqobeko Dlamini,Nqobeko Dlamini,za RSA,MF,Lamontville Golden Arrows,29,1994,15,12,990,11.0,1,0,1,1,0,0,1,0,0.09,0.00,0.09,0.09,0.09,Matches,0.06,0.50,16,2,12.5,0.18,1.45,,,,,,,,,,,,,,,,,,,South African Premiership,2024-2025
5c679992,Romario Dlamini,Romario Dlamini,za RSA,"MF,DF",Richards Bay FC,29,1995,3,2,225,2.5,0,0,0,0,0,0,0,0,0.00,0.00,0.00,0.00,0.00,Matches,,,0,0,,0.00,0.00,,,,,,,,,,,,,,,,,,,South African Premiership,2024-2025
ccb1c3af,Keagan Dolly,Keagan Dolly,za RSA,MF,TS Galaxy,31,1993,18,9,867,9.6,2,0,2,2,0,0,2,0,0.21,0.00,0.21,0.21,0.21,Matches,0.09,0.33,23,6,26.1,0.62,2.39,,,,,,,,,,,,,,,,,,,South African Premiership,2024-2025
7a16efb6,Haashim Domingo,Haashim Domingo,za RSA,"MF,FW",Cape Town City,28,1995,23,17,"1,468",16.3,1,2,3,1,0,0,0,0,0.06,0.12,0.18,0.06,0.18,Matches,0.09,0.17,11,6,54.5,0.37,0.67,,,,,,,,,,,,,,,,,,,South African Premiership,2024-2025
08770ea1,Siphamandla Dondolo,Siphamandla Dondolo,za RSA,DF,Cape Town City,21,2003,12,7,721,8.0,0,0,0,0,0,0,0,0,0.00,0.00,0.00,0.00,0.00,Matches,0.00,0.00,3,1,33.3,0.12,0.37,,,,,,,,,,,,,,,,,,,South African Premiership,2024-2025
cef8b921,Rushwin Dortley,Rushwin Dortley,za RSA,DF,Kaizer Chiefs,22,2002,17,17,"1,506",16.7,0,0,0,0,0,0,2,0,0.00,0.00,0.00,0.00,0.00,Matches,0.00,0.00,4,2,50.0,0.12,0.24,,,,,,,,,,,,,,,,,,,South African Premiership,2024-2025
a676340b,Sihle Doyiza,Sihle Doyiza,,,TS Galaxy,,,1,0,26,0.3,0,0,0,0,0,0,0,0,0.00,0.00,0.00,0.00,0.00,Matches,,,0,0,,0.00,0.00,,,,,,,,,,,,,,,,,,,South African Premiership,2024-2025
37098cde,Ashley Du Preez,Ashley Du Preez,za RSA,"FW,MF",Kaizer Chiefs,27,1997,21,10,"1,007",11.2,2,0,2,2,0,0,0,0,0.18,0.00,0.18,0.18,0.18,Matches,0.10,0.40,21,5,23.8,0.45,1.88,,,,,,,,,,,,,,,,,,,South African Premiership,2024-2025
2aba813d,Wandile Duba,Wandile Duba,za RSA,"MF,FW",Kaizer Chiefs,20,2004,20,16,"1,169",13.0,4,1,5,4,0,0,2,0,0.31,0.08,0.38,0.31,0.38,Matches,0.14,0.31,29,13,44.8,1.00,2.23,,,,,,,,,,,,,,,,,,,South African Premiership,2024-2025
e0a69847,Lungelo Dube,Lungelo Dube,za RSA,MF,Lamontville Golden Arrows,29,1994,12,11,863,9.6,0,0,0,0,0,0,6,0,0.00,0.00,0.00,0.00,0.00,Matches,0.00,,1,0,0.0,0.00,0.10,,,,,,,,,,,,,,,,,,,South African Premiership,2024-2025
cb74fcb7,Siyabonga Dube,Siyabonga Dube,za RSA,DF,Richards Bay FC,28,1995,5,2,226,2.5,0,0,0,0,0,0,1,0,0.00,0.00,0.00,0.00,0.00,Matches,,,0,0,,0.00,0.00,,,,,,,,,,,,,,,,,,,South African Premiership,2024-2025
b675db81,Thabani Dube,Thabani Dube,za RSA,DF,Richards Bay FC,31,1992,2,1,101,1.1,0,0,0,0,0,0,0,0,0.00,0.00,0.00,0.00,0.00,Matches,,,0,0,,0.00,0.00,,,,,,,,,,,,,,,,,,,South African Premiership,2024-2025
244aca88,Terrence Dzvukamanja,Terrence Dzvukamanja,zw ZIM,"FW,MF",SuperSport United,30,1994,19,6,664,7.4,1,1,2,1,0,0,1,0,0.14,0.14,0.27,0.14,0.27,Matches,0.06,0.20,18,5,27.8,0.68,2.44,,,,,,,,,,,,,,,,,,,South African Premiership,2024-2025
89b48fc1,Pule Ekstein,Pule Ekstein,za RSA,MF,AmaZulu,33,1991,22,14,"1,261",14.0,3,1,4,3,0,0,0,0,0.21,0.07,0.29,0.21,0.29,Matches,0.15,0.33,20,9,45.0,0.64,1.43,,,,,,,,,,,,,,,,,,,South African Premiership,2024-2025
d31d5544,Kazie Enyinaya,Kazie Enyinaya,ng NGA,DF,Stellenbosch FC,25,1999,19,16,"1,358",15.1,0,2,2,0,0,0,1,0,0.00,0.13,0.13,0.00,0.13,Matches,0.00,0.00,9,2,22.2,0.13,0.60,,,,,,,,,,,,,,,,,,,South African Premiership,2024-2025
fdfee538,Matías Esquivel,Matías Esquivel,ar ARG,MF,Mamelodi Sundowns,25,1999,1,0,15,0.2,0,0,0,0,0,0,0,0,0.00,0.00,0.00,0.00,0.00,Matches,0.00,,1,0,0.0,0.00,6.00,,,,,,,,,,,,,,,,,,,South African Premiership,2024-2025
b290f930,Evanga,Evanga,cm CMR,FW,Chippa United,31,1993,25,20,"1,703",18.9,3,0,3,3,0,0,3,0,0.16,0.00,0.16,0.16,0.16,Matches,0.11,0.27,28,11,39.3,0.58,1.48,,,,,,,,,,,,,,,,,,,South African Premiership,2024-2025
f94f6d9e,Jacob Everson,Jacob Everson,za RSA,FW,Magesi FC,25,1998,2,0,45,0.5,0,0,0,0,0,0,0,0,0.00,0.00,0.00,0.00,0.00,Matches,0.00,,1,0,0.0,0.00,2.00,,,,,,,,,,,,,,,,,,,South African Premiership,2024-2025
25ff0ce8,Jody February,Jody February,za RSA,GK,Mamelodi Sundowns,28,1996,4,3,279,3.1,0,0,0,0,0,0,1,0,0.00,0.00,0.00,0.00,0.00,Matches,,,0,0,,0.00,0.00,2,66.7,4,3,3,0.97,0,279,0,0,0,,0,40.0,2,5,0,3,South African Premiership,2024-2025
279fff25,Taariq Fielies,Taariq Fielies,za RSA,DF,AmaZulu,32,1992,26,26,"2,340",26.0,1,0,1,1,0,0,5,0,0.04,0.00,0.04,0.04,0.04,Matches,0.09,0.50,11,2,18.2,0.08,0.42,,,,,,,,,,,,,,,,,,,South African Premiership,2024-2025
d8bf7bdc,Justice Figareido,Justice Figareido,sz SWZ,"MF,FW",Richards Bay FC,26,1998,19,13,"1,238",13.8,2,1,3,2,0,0,3,0,0.15,0.07,0.22,0.15,0.22,Matches,0.08,0.25,26,8,30.8,0.58,1.89,,,,,,,,,,,,,,,,,,,South African Premiership,2024-2025
70592a22,Patrick Fisher,Patrick Fisher,za RSA,DF,Cape Town City,21,2002,5,3,312,3.5,0,1,1,0,0,0,0,0,0.00,0.29,0.29,0.00,0.29,Matches,0.00,,1,0,0.0,0.00,0.29,,,,,,,,,,,,,,,,,,,South African Premiership,2024-2025
00ae7124,Kayden Francis,Kayden Francis,za RSA,"FW,MF",Cape Town City,21,2003,19,5,654,7.3,2,0,2,2,0,0,1,0,0.28,0.00,0.28,0.28,0.28,Matches,0.17,0.50,12,4,33.3,0.55,1.65,,,,,,,,,,,,,,,,,,,South African Premiership,2024-2025
79ad3f87,Reeve Frosler,Reeve Frosler,za RSA,DF,Kaizer Chiefs,26,1998,16,14,"1,215",13.5,0,1,1,0,0,0,4,1,0.00,0.07,0.07,0.00,0.07,Matches,0.00,,11,0,0.0,0.00,0.81,,,,,,,,,,,,,,,,,,,South African Premiership,2024-2025
e8f27187,Edmilson Gabriel Dove,Edmilson Gabriel Dove,mz MOZ,DF,Kaizer Chiefs,30,1994,10,9,821,9.1,0,0,0,0,0,0,1,0,0.00,0.00,0.00,0.00,0.00,Matches,0.00,,6,0,0.0,0.00,0.66,,,,,,,,,,,,,,,,,,,South African Premiership,2024-2025
1c87ff37,Fezile Gcaba,Fezile Gcaba,za RSA,DF,Richards Bay FC,25,1999,13,10,829,9.2,2,0,2,2,0,0,2,0,0.22,0.00,0.22,0.22,0.22,Matches,0.33,0.67,6,3,50.0,0.33,0.65,,,,,,,,,,,,,,,,,,,South African Premiership,2024-2025
72c09b43,Gibelé,Gibelé,ao ANG,MF,Orlando Pirates,23,2001,5,1,151,1.7,0,0,0,0,0,0,0,0,0.00,0.00,0.00,0.00,0.00,Matches,0.00,0.00,6,2,33.3,1.19,3.58,,,,,,,,,,,,,,,,,,,South African Premiership,2024-2025
9868fc9d,Taahir Goedeman,Taahir Goedeman,za RSA,MF,Cape Town City,24,1999,10,1,254,2.8,0,0,0,0,0,0,0,0,0.00,0.00,0.00,0.00,0.00,Matches,0.00,,3,0,0.0,0.00,1.06,,,,,,,,,,,,,,,,,,,South African Premiership,2024-2025
ee362038,Darwin González,Darwin González,ve VEN,"MF,FW",Cape Town City,30,1994,23,22,"1,736",19.3,4,0,4,3,1,1,1,0,0.21,0.00,0.21,0.16,0.16,Matches,0.09,0.27,32,11,34.4,0.57,1.66,,,,,,,,,,,,,,,,,,,South African Premiership,2024-2025
08f600fe,Stevens Goovadia,Stevens Goovadia,za RSA,MF,Polokwane City,23,2000,9,0,89,1.0,0,0,0,0,0,0,0,0,0.00,0.00,0.00,0.00,0.00,Matches,0.00,0.00,5,2,40.0,2.02,5.06,,,,,,,,,,,,,,,,,,,South African Premiership,2024-2025
79be9ee9,Lorenzo Gordinho,Lorenzo Gordinho,za RSA,DF,Cape Town City,30,1994,23,21,"1,882",20.9,0,0,0,0,0,0,7,0,0.00,0.00,0.00,0.00,0.00,Matches,0.00,0.00,4,2,50.0,0.10,0.19,,,,,,,,,,,,,,,,,,,South African Premiership,2024-2025
707d1d95,Ricardo Goss,Ricardo Goss,za RSA,GK,SuperSport United,30,1994,15,15,"1,350",15.0,0,0,0,0,0,0,0,0,0.00,0.00,0.00,0.00,0.00,Matches,,,0,0,,0.00,0.00,4,26.7,15,15,16,1.07,6,"1,350",2,2,0,0.0,0,65.0,26,40,6,3,South African Premiership,2024-2025
2f832832,Bradley Grobler,Bradley Grobler,za RSA,"FW,MF",SuperSport United,36,1988,14,10,938,10.4,4,0,4,4,0,0,1,0,0.38,0.00,0.38,0.38,0.38,Matches,0.13,0.31,31,13,41.9,1.25,2.97,,,,,,,,,,,,,,,,,,,South African Premiership,2024-2025
628ad943,Sazi Gumbi,Sazi Gumbi,za RSA,MF,Lamontville Golden Arrows,23,2000,6,2,231,2.6,0,0,0,0,0,0,0,0,0.00,0.00,0.00,0.00,0.00,Matches,0.00,,1,0,0.0,0.00,0.39,,,,,,,,,,,,,,,,,,,South African Premiership,2024-2025
1d04050e,Mbongeni Gumede,Mbongeni Gumede,za RSA,DF,AmaZulu,30,1993,2,2,179,2.0,0,0,0,0,0,0,1,0,0.00,0.00,0.00,0.00,0.00,Matches,,,0,0,,0.00,0.00,,,,,,,,,,,,,,,,,,,South African Premiership,2024-2025
2f2f9ce3,Thulani Gumede,Thulani Gumede,,MF,Richards Bay FC,,,25,17,"1,540",17.1,2,3,5,2,0,0,3,0,0.12,0.18,0.29,0.12,0.29,Matches,0.08,0.40,25,5,20.0,0.29,1.46,,,,,,,,,,,,,,,,,,,South African Premiership,2024-2025
a05faf03,Ayabonga Gwangqa,Ayabonga Gwangqa,za RSA,DF,Polokwane City,19,2004,4,4,360,4.0,0,0,0,0,0,0,1,0,0.00,0.00,0.00,0.00,0.00,Matches,0.00,,2,0,0.0,0.00,0.50,,,,,,,,,,,,,,,,,,,South African Premiership,2024-2025
8ff65aac,Boniface Haba,Boniface Haba,gn GUI,MF,AmaZulu,27,1996,8,1,157,1.7,0,0,0,0,0,0,1,0,0.00,0.00,0.00,0.00,0.00,Matches,0.00,0.00,3,1,33.3,0.57,1.72,,,,,,,,,,,,,,,,,,,South African Premiership,2024-2025
bddb9393,Riaan Hanamub,Riaan Hanamub,na NAM,DF,AmaZulu,29,1995,26,26,"2,268",25.2,0,4,4,0,0,0,4,0,0.00,0.16,0.16,0.00,0.16,Matches,0.00,0.00,9,2,22.2,0.08,0.36,,,,,,,,,,,,,,,,,,,South African Premiership,2024-2025
a5803822,Thulani Hlatshwayo,Thulani Hlatshwayo,za RSA,DF,SuperSport United,34,1989,14,14,"1,260",14.0,0,0,0,0,0,0,1,0,0.00,0.00,0.00,0.00,0.00,Matches,0.00,0.00,5,1,20.0,0.07,0.36,,,,,,,,,,,,,,,,,,,South African Premiership,2024-2025
84f2ac8b,Deon Hotto,Deon Hotto,na NAM,"DF,MF",Orlando Pirates,33,1990,25,24,"2,108",23.4,3,4,7,3,0,0,1,0,0.13,0.17,0.30,0.13,0.30,Matches,0.11,0.25,28,12,42.9,0.51,1.20,,,,,,,,,,,,,,,,,,,South African Premiership,2024-2025
36f9fe25,Rowan Human,Rowan Human,za RSA,MF,AmaZulu,23,2001,26,18,"1,562",17.4,3,5,8,3,0,0,3,0,0.17,0.29,0.46,0.17,0.46,Matches,0.08,0.25,40,12,30.0,0.69,2.30,,,,,,,,,,,,,,,,,,,South African Premiership,2024-2025
e74e7158,Fasika Idumba,Fasika Idumba,cd COD,DF,Cape Town City,25,1999,18,18,"1,620",18.0,0,0,0,0,0,0,4,0,0.00,0.00,0.00,0.00,0.00,Matches,0.00,0.00,14,2,14.3,0.11,0.78,,,,,,,,,,,,,,,,,,,South African Premiership,2024-2025
46285ec9,Etiosa Ighodaro,Etiosa Ighodaro,ng NGA,FW,AmaZulu,23,2001,24,18,"1,662",18.5,5,0,5,5,0,0,3,0,0.27,0.00,0.27,0.27,0.27,Matches,0.10,0.36,48,14,29.2,0.76,2.60,,,,,,,,,,,,,,,,,,,South African Premiership,2024-2025
0869adaf,Eliezer Ira,Eliezer Ira,ci CIV,GK,TS Galaxy,26,1997,25,25,"2,250",25.0,0,0,0,0,0,0,1,0,0.00,0.00,0.00,0.00,0.00,Matches,,,0,0,,0.00,0.00,7,28.0,25,25,26,1.04,7,"2,250",0,0,0,,0,74.5,76,102,10,8,South African Premiership,2024-2025
27b0f61c,Ibraheem Jabaar,Ibraheem Jabaar,ng NGA,"MF,DF",Stellenbosch FC,21,2002,24,8,944,10.5,1,0,1,1,0,0,0,0,0.10,0.00,0.10,0.10,0.10,Matches,0.07,0.20,14,5,35.7,0.48,1.33,,,,,,,,,,,,,,,,,,,South African Premiership,2024-2025
c4df0ee0,Andile Jali,Andile Jali,za RSA,MF,Chippa United,34,1990,11,10,620,6.9,2,0,2,1,1,1,2,0,0.29,0.00,0.29,0.15,0.15,Matches,0.17,0.50,6,2,33.3,0.29,0.87,,,,,,,,,,,,,,,,,,,South African Premiership,2024-2025
78e99c0b,Samkelo Jali,Samkelo Jali,za RSA,DF,Chippa United,24,2000,1,0,21,0.2,0,0,0,0,0,0,0,0,0.00,0.00,0.00,0.00,0.00,Matches,,,0,0,,0.00,0.00,,,,,,,,,,,,,,,,,,,South African Premiership,2024-2025
85fa35f2,Donnay Jansen,Donnay Jansen,,MF,SuperSport United,,,2,0,38,0.4,0,0,0,0,0,0,0,0,0.00,0.00,0.00,0.00,0.00,Matches,,,0,0,,0.00,0.00,,,,,,,,,,,,,,,,,,,South African Premiership,2024-2025
8db47a8e,Ayanda Jiyane,Ayanda Jiyane,za RSA,DF,Lamontville Golden Arrows,21,2002,4,4,360,4.0,0,0,0,0,0,0,0,0,0.00,0.00,0.00,0.00,0.00,Matches,0.00,,2,0,0.0,0.00,0.50,,,,,,,,,,,,,,,,,,,South African Premiership,2024-2025
15a5cb67,Kegan Johannes,Kegan Johannes,za RSA,DF,Mamelodi Sundowns,23,2001,4,1,134,1.5,0,0,0,0,0,0,3,0,0.00,0.00,0.00,0.00,0.00,Matches,,,0,0,,0.00,0.00,,,,,,,,,,,,,,,,,,,South African Premiership,2024-2025
a94be81f,Darren Johnson,Darren Johnson,za RSA,GK,Chippa United,27,1997,5,5,449,5.0,0,0,0,0,0,0,0,0,0.00,0.00,0.00,0.00,0.00,Matches,,,0,0,,0.00,0.00,0,0.0,5,5,8,1.60,2,449,1,1,0,0.0,0,68.2,15,22,2,1,South African Premiership,2024-2025
977a4378,Andre de Jong,Andre de Jong,nz NZL,"FW,MF",Stellenbosch FC,27,1996,25,22,"1,690",18.8,1,2,3,1,0,0,1,0,0.05,0.11,0.16,0.05,0.16,Matches,0.04,0.10,27,10,37.0,0.53,1.44,,,,,,,,,,,,,,,,,,,South African Premiership,2024-2025
6f25a27e,Wayde Jooste,Wayde Jooste,za RSA,DF,AmaZulu,31,1992,20,16,"1,419",15.8,1,1,2,1,0,0,5,0,0.06,0.06,0.13,0.06,0.13,Matches,0.08,0.25,13,4,30.8,0.25,0.82,,,,,,,,,,,,,,,,,,,South African Premiership,2024-2025
91cf1ab4,Lukhanyo July,Lukhanyo July,,GK,Chippa United,,,1,0,1,0.0,0,0,0,0,0,0,0,0,0.00,0.00,0.00,0.00,0.00,Matches,,,0,0,,0.00,0.00,0,,1,0,0,0.00,0,1,0,0,0,,0,,0,0,0,0,South African Premiership,2024-2025
57097c4b,Sédé Junior Dion,Sédé Junior Dion,td CHA,FW,Marumo Gallants FC,30,1994,10,6,443,4.9,3,0,3,3,0,0,1,0,0.61,0.00,0.61,0.61,0.61,Matches,0.30,0.60,10,5,50.0,1.02,2.03,,,,,,,,,,,,,,,,,,,South African Premiership,2024-2025
57097c4b,Sédé Junior Dion,Sédé Junior Dion,td CHA,FW,Marumo Gallants FC,30,1994,10,6,443,4.9,3,0,3,3,0,0,1,0,0.61,0.00,0.61,0.61,0.61,Matches,0.00,,6,0,0.0,0.00,2.43,,,,,,,,,,,,,,,,,,,South African Premiership,2024-2025
57097c4b,Sédé Junior Dion,Sédé Junior Dion,td CHA,FW,AmaZulu,30,1994,7,2,222,2.5,0,0,0,0,0,0,0,0,0.00,0.00,0.00,0.00,0.00,Matches,0.30,0.60,10,5,50.0,1.02,2.03,,,,,,,,,,,,,,,,,,,South African Premiership,2024-2025
57097c4b,Sédé Junior Dion,Sédé Junior Dion,td CHA,FW,AmaZulu,30,1994,7,2,222,2.5,0,0,0,0,0,0,0,0,0.00,0.00,0.00,0.00,0.00,Matches,0.00,,6,0,0.0,0.00,2.43,,,,,,,,,,,,,,,,,,,South African Premiership,2024-2025
d62c06ff,Kyle Jurgens,Kyle Jurgens,za RSA,DF,Stellenbosch FC,20,2003,16,5,583,6.5,0,0,0,0,0,0,3,0,0.00,0.00,0.00,0.00,0.00,Matches,0.00,0.00,5,2,40.0,0.31,0.77,,,,,,,,,,,,,,,,,,,South African Premiership,2024-2025
70b480d3,Samukele Kabini,Samukele Kabini,za RSA,DF,TS Galaxy,20,2004,18,18,"1,620",18.0,3,1,4,3,0,0,3,0,0.17,0.06,0.22,0.17,0.22,Matches,0.27,0.60,11,5,45.5,0.28,0.61,,,,,,,,,,,,,,,,,,,South African Premiership,2024-2025
580934cc,Tshepo Kakora,Tshepo Kakora,za RSA,MF,Magesi FC,26,1998,21,16,"1,370",15.2,1,0,1,1,0,0,5,0,0.07,0.00,0.07,0.07,0.07,Matches,0.05,0.20,20,5,25.0,0.33,1.31,,,,,,,,,,,,,,,,,,,South African Premiership,2024-2025
96d1bae5,Kambala,Kambala,mz MOZ,MF,Polokwane City,32,1991,27,27,"2,380",26.4,0,1,1,0,0,0,4,0,0.00,0.04,0.04,0.00,0.04,Matches,0.00,0.00,23,3,13.0,0.11,0.87,,,,,,,,,,,,,,,,,,,South African Premiership,2024-2025
afd7b0b6,Elmo Kambindu,Elmo Kambindu,na NAM,"MF,FW",Chippa United,31,1993,7,3,348,3.9,0,0,0,0,0,0,0,0,0.00,0.00,0.00,0.00,0.00,Matches,0.00,,9,0,0.0,0.00,2.33,,,,,,,,,,,,,,,,,,,South African Premiership,2024-2025
afd7b0b6,Elmo Kambindu,Elmo Kambindu,na NAM,"MF,FW",Chippa United,31,1993,7,3,348,3.9,0,0,0,0,0,0,0,0,0.00,0.00,0.00,0.00,0.00,Matches,0.19,0.44,21,9,42.9,0.99,2.31,,,,,,,,,,,,,,,,,,,South African Premiership,2024-2025
afd7b0b6,Elmo Kambindu,Elmo Kambindu,na NAM,"FW,MF",AmaZulu,31,1993,11,9,817,9.1,4,0,4,4,0,0,0,0,0.44,0.00,0.44,0.44,0.44,Matches,0.00,,9,0,0.0,0.00,2.33,,,,,,,,,,,,,,,,,,,South African Premiership,2024-2025
afd7b0b6,Elmo Kambindu,Elmo Kambindu,na NAM,"FW,MF",AmaZulu,31,1993,11,9,817,9.1,4,0,4,4,0,0,0,0,0.44,0.00,0.44,0.44,0.44,Matches,0.19,0.44,21,9,42.9,0.99,2.31,,,,,,,,,,,,,,,,,,,South African Premiership,2024-2025
a4152eda,Sirgio Kammies,Sirgio Kammies,za RSA,"MF,DF",Chippa United,26,1998,21,20,"1,780",19.8,0,1,1,0,0,0,6,2,0.00,0.05,0.05,0.00,0.05,Matches,0.00,0.00,8,2,25.0,0.10,0.40,,,,,,,,,,,,,,,,,,,South African Premiership,2024-2025
ebe4e7b0,Lesedi Kapinga,Lesedi Kapinga,za RSA,"MF,FW",Sekhukhune United FC,29,1995,11,2,280,3.1,1,1,2,1,0,0,0,0,0.32,0.32,0.64,0.32,0.64,Matches,0.20,0.33,5,3,60.0,0.96,1.61,,,,,,,,,,,,,,,,,,,South African Premiership,2024-2025
34162888,Loydt Kazapua,Loydt Kazapua,na NAM,GK,Sekhukhune United FC,35,1989,1,1,90,1.0,0,0,0,0,0,0,1,0,0.00,0.00,0.00,0.00,0.00,Matches,,,0,0,,0.00,0.00,1,100.0,1,1,0,0.00,0,90,0,0,0,,0,100.0,2,2,0,1,South African Premiership,2024-2025
3a14f105,Darren Keet,Darren Keet,za RSA,GK,Cape Town City,34,1989,28,28,"2,520",28.0,0,0,0,0,0,0,2,0,0.00,0.00,0.00,0.00,0.00,Matches,,,0,0,,0.00,0.00,10,35.7,28,28,31,1.11,15,"2,520",3,5,1,25.0,1,69.2,64,91,6,7,South African Premiership,2024-2025
c6931f90,Grant Kekana,Grant Kekana,za RSA,DF,Mamelodi Sundowns,31,1992,18,18,"1,534",17.0,1,0,1,1,0,0,6,0,0.06,0.00,0.06,0.06,0.06,Matches,0.33,1.00,3,1,33.3,0.06,0.18,,,,,,,,,,,,,,,,,,,South African Premiership,2024-2025
9af79afc,Thato Khiba,Thato Khiba,za RSA,MF,TS Galaxy,27,1996,10,10,818,9.1,0,0,0,0,0,0,4,0,0.00,0.00,0.00,0.00,0.00,Matches,0.00,,3,0,0.0,0.00,0.33,,,,,,,,,,,,,,,,,,,South African Premiership,2024-2025
9af79afc,Thato Khiba,Thato Khiba,za RSA,MF,TS Galaxy,27,1996,10,10,818,9.1,0,0,0,0,0,0,4,0,0.00,0.00,0.00,0.00,0.00,Matches,0.17,0.25,6,4,66.7,0.37,0.55,,,,,,,,,,,,,,,,,,,South African Premiership,2024-2025
9af79afc,Thato Khiba,Thato Khiba,za RSA,"MF,DF",Stellenbosch FC,27,1996,14,13,979,10.9,1,0,1,1,0,0,3,0,0.09,0.00,0.09,0.09,0.09,Matches,0.00,,3,0,0.0,0.00,0.33,,,,,,,,,,,,,,,,,,,South African Premiership,2024-2025
9af79afc,Thato Khiba,Thato Khiba,za RSA,"MF,DF",Stellenbosch FC,27,1996,14,13,979,10.9,1,0,1,1,0,0,3,0,0.09,0.00,0.09,0.09,0.09,Matches,0.17,0.25,6,4,66.7,0.37,0.55,,,,,,,,,,,,,,,,,,,South African Premiership,2024-2025
601f1c1a,Malibongwe Khoza,Malibongwe Khoza,za RSA,DF,Mamelodi Sundowns,20,2004,18,15,"1,358",15.1,0,0,0,0,0,0,1,0,0.00,0.00,0.00,0.00,0.00,Matches,0.00,,6,0,0.0,0.00,0.40,,,,,,,,,,,,,,,,,,,South African Premiership,2024-2025
9c634692,Edson Khumalo,Edson Khumalo,za RSA,DF,Marumo Gallants FC,24,1999,12,12,"1,046",11.6,0,0,0,0,0,0,3,0,0.00,0.00,0.00,0.00,0.00,Matches,0.00,,4,0,0.0,0.00,0.34,,,,,,,,,,,,,,,,,,,South African Premiership,2024-2025
f48de4b7,Mlungisi Khumalo,Mlungisi Khumalo,za RSA,FW,Marumo Gallants FC,26,1997,9,2,265,2.9,0,1,1,0,0,0,0,0,0.00,0.34,0.34,0.00,0.34,Matches,0.00,0.00,6,2,33.3,0.68,2.04,,,,,,,,,,,,,,,,,,,South African Premiership,2024-2025
0e2f80b4,Sonwabo Khumalo,Sonwabo Khumalo,,MF,Chippa United,,,3,3,249,2.8,0,0,0,0,0,0,1,0,0.00,0.00,0.00,0.00,0.00,Matches,0.00,,2,0,0.0,0.00,0.72,,,,,,,,,,,,,,,,,,,South African Premiership,2024-2025
76a45a96,Karim Kimvuidi,Karim Kimvuidi,cd COD,MF,Orlando Pirates,22,2002,8,1,227,2.5,0,1,1,0,0,0,2,0,0.00,0.40,0.40,0.00,0.40,Matches,0.00,0.00,5,4,80.0,1.59,1.98,,,,,,,,,,,,,,,,,,,South African Premiership,2024-2025
20ca7b13,Shadrack Kobedi,Shadrack Kobedi,za RSA,"DF,MF",Lamontville Golden Arrows,28,1995,7,5,427,4.7,0,0,0,0,0,0,2,0,0.00,0.00,0.00,0.00,0.00,Matches,,,0,0,,0.00,0.00,,,,,,,,,,,,,,,,,,,South African Premiership,2024-2025
7775516d,Kobamelo Kodisang,Kobamelo Kodisang,za RSA,"MF,FW",Mamelodi Sundowns,24,1999,7,4,312,3.5,0,1,1,0,0,0,1,0,0.00,0.29,0.29,0.00,0.29,Matches,0.00,0.00,7,3,42.9,0.87,2.02,,,,,,,,,,,,,,,,,,,South African Premiership,2024-2025
73d296b2,Boikanyo Komane,Boikanyo Komane,za RSA,MF,Magesi FC,31,1992,8,3,312,3.5,0,0,0,0,0,0,1,0,0.00,0.00,0.00,0.00,0.00,Matches,0.00,0.00,2,1,50.0,0.29,0.58,,,,,,,,,,,,,,,,,,,South African Premiership,2024-2025
5265c145,Dimakatso Komape,Dimakatso Komape,,DF,Magesi FC,,,2,2,180,2.0,0,0,0,0,0,0,0,0,0.00,0.00,0.00,0.00,0.00,Matches,,,0,0,,0.00,0.00,,,,,,,,,,,,,,,,,,,South African Premiership,2024-2025
c7f9620a,Thabiso Kutumela,Thabiso Kutumela,za RSA,MF,Richards Bay FC,31,1993,10,2,265,2.9,1,0,1,1,0,0,0,0,0.34,0.00,0.34,0.34,0.34,Matches,0.20,0.25,5,4,80.0,1.36,1.70,,,,,,,,,,,,,,,,,,,South African Premiership,2024-2025
60551e76,Sinoxolo Kwayiba,Sinoxolo Kwayiba,za RSA,"MF,FW",Chippa United,27,1997,25,24,"1,951",21.7,6,1,7,6,0,0,2,0,0.28,0.05,0.32,0.28,0.32,Matches,0.15,0.30,41,20,48.8,0.92,1.89,,,,,,,,,,,,,,,,,,,South African Premiership,2024-2025
c39e3597,Zitha Kwinika,Zitha Kwinika,za RSA,DF,Kaizer Chiefs,30,1994,5,4,375,4.2,0,0,0,0,0,0,1,0,0.00,0.00,0.00,0.00,0.00,Matches,,,0,0,,0.00,0.00,,,,,,,,,,,,,,,,,,,South African Premiership,2024-2025
2bb3402d,Lyle Lakay,Lyle Lakay,za RSA,"MF,DF",SuperSport United,32,1991,15,11,982,10.9,0,1,1,0,0,0,5,0,0.00,0.09,0.09,0.00,0.09,Matches,0.00,0.00,18,8,44.4,0.73,1.65,,,,,,,,,,,,,,,,,,,South African Premiership,2024-2025
3a5dd72f,Sikhosonke Langa,Sikhosonke Langa,,"DF,MF",Sekhukhune United FC,,,8,6,589,6.5,1,0,1,1,0,0,1,0,0.15,0.00,0.15,0.15,0.15,Matches,0.25,0.50,4,2,50.0,0.31,0.61,,,,,,,,,,,,,,,,,,,South African Premiership,2024-2025
17aa2081,Renaldo Leaner,Renaldo Leaner,za RSA,GK,Sekhukhune United FC,26,1998,7,7,630,7.0,0,0,0,0,0,0,1,0,0.00,0.00,0.00,0.00,0.00,Matches,,,0,0,,0.00,0.00,2,28.6,7,7,7,1.00,1,630,0,0,0,,0,70.8,17,24,3,3,South African Premiership,2024-2025
7ac19436,Mosa Lebusa,Mosa Lebusa,za RSA,DF,Mamelodi Sundowns,31,1992,15,11,"1,016",11.3,0,0,0,0,0,0,3,0,0.00,0.00,0.00,0.00,0.00,Matches,0.00,,2,0,0.0,0.00,0.18,,,,,,,,,,,,,,,,,,,South African Premiership,2024-2025
d56a3319,Khomotjo Lekoloane,Khomotjo Lekoloane,za RSA,"MF,FW",Stellenbosch FC,28,1996,19,9,696,7.7,2,0,2,2,0,0,1,0,0.26,0.00,0.26,0.26,0.26,Matches,0.11,0.29,18,7,38.9,0.91,2.33,,,,,,,,,,,,,,,,,,,South African Premiership,2024-2025
ca91726e,Vuyo Letlapa,Vuyo Letlapa,za RSA,DF,Sekhukhune United FC,20,2003,24,23,"2,026",22.5,0,4,4,0,0,0,1,1,0.00,0.18,0.18,0.00,0.18,Matches,0.00,0.00,17,4,23.5,0.18,0.76,,,,,,,,,,,,,,,,,,,South African Premiership,2024-2025
4702fca6,Kutlwano Letlhaku,Kutlwano Letlhaku,za RSA,MF,Mamelodi Sundowns,18,2006,5,1,200,2.2,2,0,2,2,0,0,0,0,0.90,0.00,0.90,0.90,0.90,Matches,0.25,0.67,8,3,37.5,1.35,3.60,,,,,,,,,,,,,,,,,,,South African Premiership,2024-2025
5ae71f65,Teboho Letsema,Teboho Letsema,ls LES,MF,Sekhukhune United FC,21,2002,1,0,1,0.0,0,0,0,0,0,0,0,0,0.00,0.00,0.00,0.00,0.00,Matches,,,0,0,,0.00,0.00,,,,,,,,,,,,,,,,,,,South African Premiership,2024-2025
8e092942,Thato Letshedi,Thato Letshedi,,MF,Polokwane City,,,18,13,"1,049",11.7,0,1,1,0,0,0,3,0,0.00,0.09,0.09,0.00,0.09,Matches,0.00,0.00,19,6,31.6,0.51,1.63,,,,,,,,,,,,,,,,,,,South African Premiership,2024-2025
a3938c2a,Victor Letsoalo,Victor Letsoalo,za RSA,"FW,MF",TS Galaxy,31,1993,21,17,"1,392",15.5,4,3,7,4,0,0,1,1,0.26,0.19,0.45,0.26,0.45,Matches,0.09,0.29,47,14,29.8,0.91,3.04,,,,,,,,,,,,,,,,,,,South African Premiership,2024-2025
8bbf262e,Kganyane Letsoenyo,Kganyane Letsoenyo,za RSA,DF,TS Galaxy,26,1998,17,16,"1,276",14.2,0,2,2,0,0,0,0,0,0.00,0.14,0.14,0.00,0.14,Matches,0.00,,6,0,0.0,0.00,0.42,,,,,,,,,,,,,,,,,,,South African Premiership,2024-2025
d917693c,Moyela Libamba,Moyela Libamba,zm ZAM,FW,Lamontville Golden Arrows,27,1997,2,0,36,0.4,0,0,0,0,0,0,0,0,0.00,0.00,0.00,0.00,0.00,Matches,,,0,0,,0.00,0.00,,,,,,,,,,,,,,,,,,,South African Premiership,2024-2025
73e0a7e4,Makabi Lilepo,Makabi Lilepo,cd COD,MF,Kaizer Chiefs,27,1997,15,13,"1,211",13.5,6,1,7,6,0,0,2,0,0.45,0.07,0.52,0.45,0.52,Matches,0.15,0.35,39,17,43.6,1.26,2.90,,,,,,,,,,,,,,,,,,,South African Premiership,2024-2025
e03dea97,Thembinkosi Lorch,Thembinkosi Lorch,za RSA,FW,Mamelodi Sundowns,31,1993,3,0,35,0.4,0,0,0,0,0,0,0,0,0.00,0.00,0.00,0.00,0.00,Matches,0.00,,1,0,0.0,0.00,2.57,,,,,,,,,,,,,,,,,,,South African Premiership,2024-2025
1d8c695c,David Lukhele,David Lukhele,za RSA,"MF,DF",Lamontville Golden Arrows,22,2001,15,5,610,6.8,0,0,0,0,0,0,2,0,0.00,0.00,0.00,0.00,0.00,Matches,0.00,0.00,6,2,33.3,0.30,0.89,,,,,,,,,,,,,,,,,,,South African Premiership,2024-2025
15593eb6,Divine Lunga,Divine Lunga,zw ZIM,"DF,MF",Mamelodi Sundowns,29,1995,6,5,397,4.4,0,0,0,0,0,0,4,1,0.00,0.00,0.00,0.00,0.00,Matches,,,0,0,,0.00,0.00,,,,,,,,,,,,,,,,,,,South African Premiership,2024-2025
be5fbc2b,Gamphani Lungu,Gamphani Lungu,zm ZAM,MF,SuperSport United,25,1998,18,11,983,10.9,1,1,2,1,0,1,2,0,0.09,0.09,0.18,0.09,0.18,Matches,0.07,0.17,15,6,40.0,0.55,1.37,,,,,,,,,,,,,,,,,,,South African Premiership,2024-2025
383b0ee7,Ronaldo Maarman,Ronaldo Maarman,za RSA,MF,Chippa United,24,1999,15,2,416,4.6,0,1,1,0,0,0,0,0,0.00,0.22,0.22,0.00,0.22,Matches,0.00,0.00,6,3,50.0,0.65,1.30,,,,,,,,,,,,,,,,,,,South African Premiership,2024-2025
dbb29795,Yusuf Maart,Yusuf Maart,za RSA,MF,Kaizer Chiefs,29,1995,27,23,"2,012",22.4,1,3,4,1,0,1,5,0,0.04,0.13,0.18,0.04,0.18,Matches,0.04,0.14,26,7,26.9,0.31,1.16,,,,,,,,,,,,,,,,,,,South African Premiership,2024-2025
d7946ab4,Tshegofatso Mabaso,Tshegofatso Mabaso,za RSA,FW,Orlando Pirates,27,1996,25,15,"1,321",14.7,7,0,7,6,1,1,5,0,0.48,0.00,0.48,0.41,0.41,Matches,0.14,0.38,42,16,38.1,1.09,2.86,,,,,,,,,,,,,,,,,,,South African Premiership,2024-2025
6e1632ce,Siyabonga Mabena,Siyabonga Mabena,za RSA,FW,Mamelodi Sundowns,17,2007,1,1,52,0.6,0,0,0,0,0,0,0,0,0.00,0.00,0.00,0.00,0.00,Matches,,,0,0,,0.00,0.00,,,,,,,,,,,,,,,,,,,South African Premiership,2024-2025
e246b0e7,Lebohang Maboe,Lebohang Maboe,za RSA,"MF,DF",Mamelodi Sundowns,29,1994,4,3,211,2.3,0,0,0,0,0,0,1,0,0.00,0.00,0.00,0.00,0.00,Matches,0.00,0.00,2,1,50.0,0.43,0.85,,,,,,,,,,,,,,,,,,,South African Premiership,2024-2025
e246b0e7,Lebohang Maboe,Lebohang Maboe,za RSA,"MF,DF",Mamelodi Sundowns,29,1994,4,3,211,2.3,0,0,0,0,0,0,1,0,0.00,0.00,0.00,0.00,0.00,Matches,0.00,0.00,20,6,30.0,0.58,1.95,,,,,,,,,,,,,,,,,,,South African Premiership,2024-2025
e246b0e7,Lebohang Maboe,Lebohang Maboe,za RSA,"MF,FW",SuperSport United,29,1994,13,10,925,10.3,0,1,1,0,0,0,1,0,0.00,0.10,0.10,0.00,0.10,Matches,0.00,0.00,2,1,50.0,0.43,0.85,,,,,,,,,,,,,,,,,,,South African Premiership,2024-2025
e246b0e7,Lebohang Maboe,Lebohang Maboe,za RSA,"MF,FW",SuperSport United,29,1994,13,10,925,10.3,0,1,1,0,0,0,1,0,0.00,0.10,0.10,0.00,0.10,Matches,0.00,0.00,20,6,30.0,0.58,1.95,,,,,,,,,,,,,,,,,,,South African Premiership,2024-2025
13bf8c17,Lebohang Mabotja,Lebohang Mabotja,za RSA,DF,Marumo Gallants FC,32,1991,22,19,"1,702",18.9,0,0,0,0,0,0,1,0,0.00,0.00,0.00,0.00,0.00,Matches,0.00,,1,0,0.0,0.00,0.05,,,,,,,,,,,,,,,,,,,South African Premiership,2024-2025
d8c02639,Tshepo Mabua,Tshepo Mabua,za RSA,DF,Richards Bay FC,29,1994,22,20,"1,803",20.0,0,0,0,0,0,0,0,0,0.00,0.00,0.00,0.00,0.00,Matches,0.00,,2,0,0.0,0.00,0.10,,,,,,,,,,,,,,,,,,,South African Premiership,2024-2025
55eb2bd6,Lwandile Mabuya,Lwandile Mabuya,za RSA,"DF,MF",Richards Bay FC,24,2000,16,14,"1,168",13.0,0,2,2,0,0,0,2,0,0.00,0.15,0.15,0.00,0.15,Matches,0.00,0.00,16,4,25.0,0.31,1.23,,,,,,,,,,,,,,,,,,,South African Premiership,2024-2025
a4488005,Mxolisi Macuphu,Mxolisi Macuphu,za RSA,FW,Richards Bay FC,35,1989,8,2,258,2.9,0,0,0,0,0,0,0,0,0.00,0.00,0.00,0.00,0.00,Matches,0.00,0.00,5,1,20.0,0.35,1.74,,,,,,,,,,,,,,,,,,,South African Premiership,2024-2025
db43459c,Boy Madingwane,Boy Madingwane,,"DF,MF",Chippa United,,,15,10,870,9.7,0,0,0,0,0,0,4,0,0.00,0.00,0.00,0.00,0.00,Matches,0.00,0.00,5,1,20.0,0.10,0.52,,,,,,,,,,,,,,,,,,,South African Premiership,2024-2025
1dda4bf0,Sphesihle Maduna,Sphesihle Maduna,za RSA,MF,TS Galaxy,24,1999,18,8,834,9.3,0,0,0,0,0,0,3,0,0.00,0.00,0.00,0.00,0.00,Matches,0.00,,6,0,0.0,0.00,0.65,,,,,,,,,,,,,,,,,,,South African Premiership,2024-2025
7ac908f9,Innocent Maela,Innocent Maela,za RSA,DF,Orlando Pirates,31,1992,4,2,181,2.0,0,0,0,0,0,0,0,0,0.00,0.00,0.00,0.00,0.00,Matches,0.00,,2,0,0.0,0.00,0.99,,,,,,,,,,,,,,,,,,,South African Premiership,2024-2025
99effac2,Neo Maema,Neo Maema,za RSA,MF,Mamelodi Sundowns,28,1995,7,3,295,3.3,0,0,0,0,0,0,0,0,0.00,0.00,0.00,0.00,0.00,Matches,0.00,,3,0,0.0,0.00,0.92,,,,,,,,,,,,,,,,,,,South African Premiership,2024-2025
43b06cf9,Siviwe Magidigidi,Siviwe Magidigidi,za RSA,"MF,FW",SuperSport United,19,2005,13,6,544,6.0,0,1,1,0,0,0,2,0,0.00,0.17,0.17,0.00,0.17,Matches,0.00,0.00,11,6,54.5,0.99,1.82,,,,,,,,,,,,,,,,,,,South African Premiership,2024-2025
dcb6fdcf,Ayabulela Magqwaka,Ayabulela Magqwaka,za RSA,MF,Chippa United,28,1996,21,18,"1,346",15.0,1,1,2,1,0,0,1,0,0.07,0.07,0.13,0.07,0.13,Matches,0.07,0.20,14,5,35.7,0.33,0.94,,,,,,,,,,,,,,,,,,,South African Premiership,2024-2025
67dc5823,Seluleko Mahlambi,Seluleko Mahlambi,,MF,TS Galaxy,,,1,1,73,0.8,0,0,0,0,0,0,0,0,0.00,0.00,0.00,0.00,0.00,Matches,0.00,,1,0,0.0,0.00,1.23,,,,,,,,,,,,,,,,,,,South African Premiership,2024-2025
992dba32,MacBeth Mahlangu,MacBeth Mahlangu,za RSA,DF,TS Galaxy,22,2001,12,11,"1,014",11.3,0,0,0,0,0,0,0,0,0.00,0.00,0.00,0.00,0.00,Matches,0.00,,1,0,0.0,0.00,0.09,,,,,,,,,,,,,,,,,,,South African Premiership,2024-2025
9004827d,Pogiso Mahlangu,Pogiso Mahlangu,za RSA,MF,Sekhukhune United FC,32,1992,2,1,91,1.0,0,0,0,0,0,0,1,0,0.00,0.00,0.00,0.00,0.00,Matches,0.00,0.00,2,1,50.0,0.99,1.98,,,,,,,,,,,,,,,,,,,South African Premiership,2024-2025
5a916688,Sphiwe Mahlangu,Sphiwe Mahlangu,za RSA,MF,TS Galaxy,29,1995,28,20,"1,817",20.2,1,3,4,1,0,0,3,0,0.05,0.15,0.20,0.05,0.20,Matches,0.04,0.09,26,11,42.3,0.54,1.29,,,,,,,,,,,,,,,,,,,South African Premiership,2024-2025
5a73f928,Thabang Mahlangu,Thabang Mahlangu,za RSA,FW,SuperSport United,19,2005,3,0,34,0.4,0,0,0,0,0,0,0,0,0.00,0.00,0.00,0.00,0.00,Matches,0.00,0.00,1,1,100.0,2.65,2.65,,,,,,,,,,,,,,,,,,,South African Premiership,2024-2025
5e5e7c9f,Kamohelo Mahlatsi,Kamohelo Mahlatsi,za RSA,MF,Marumo Gallants FC,25,1998,17,12,"1,024",11.4,1,1,2,1,0,0,1,0,0.09,0.09,0.18,0.09,0.18,Matches,0.13,0.50,8,2,25.0,0.18,0.70,,,,,,,,,,,,,,,,,,,South African Premiership,2024-2025
3f3c8c60,Baraka Majogoro,Baraka Majogoro,tz TAN,MF,Chippa United,28,1996,9,4,443,4.9,0,0,0,0,0,0,1,0,0.00,0.00,0.00,0.00,0.00,Matches,0.00,,1,0,0.0,0.00,0.20,,,,,,,,,,,,,,,,,,,South African Premiership,2024-2025
480a14dc,Fortune Makaringe,Fortune Makaringe,za RSA,"MF,FW",Cape Town City,31,1993,13,9,639,7.1,0,0,0,0,0,0,2,0,0.00,0.00,0.00,0.00,0.00,Matches,0.00,0.00,3,2,66.7,0.28,0.42,,,,,,,,,,,,,,,,,,,South African Premiership,2024-2025
0b27bac3,Keletso Makgalwa,Keletso Makgalwa,za RSA,MF,Sekhukhune United FC,27,1997,26,26,"2,188",24.3,4,11,15,3,1,1,3,0,0.16,0.45,0.62,0.12,0.58,Matches,0.06,0.15,50,20,40.0,0.82,2.06,,,,,,,,,,,,,,,,,,,South African Premiership,2024-2025
f29ca03e,Tshepo Makgoga,Tshepo Makgoga,za RSA,DF,Magesi FC,33,1990,19,18,"1,588",17.6,0,0,0,0,0,0,2,0,0.00,0.00,0.00,0.00,0.00,Matches,0.00,0.00,6,1,16.7,0.06,0.34,,,,,,,,,,,,,,,,,,,South African Premiership,2024-2025
4d76d03b,Evidence Makgopa,Evidence Makgopa,za RSA,FW,Orlando Pirates,24,2000,19,11,911,10.1,5,2,7,5,0,0,1,0,0.49,0.20,0.69,0.49,0.69,Matches,0.24,0.71,21,7,33.3,0.69,2.07,,,,,,,,,,,,,,,,,,,South African Premiership,2024-2025
bbacaaaa,Makhehleni Makhaula,Makhehleni Makhaula,za RSA,MF,Orlando Pirates,34,1989,22,21,"1,571",17.5,1,0,1,1,0,0,6,0,0.06,0.00,0.06,0.06,0.06,Matches,0.08,0.33,12,3,25.0,0.17,0.69,,,,,,,,,,,,,,,,,,,South African Premiership,2024-2025
0aa8954f,Thabo Makhele,Thabo Makhele,ls LES,DF,Chippa United,29,1994,27,27,"2,430",27.0,0,1,1,0,0,0,0,0,0.00,0.04,0.04,0.00,0.04,Matches,0.00,0.00,13,2,15.4,0.07,0.48,,,,,,,,,,,,,,,,,,,South African Premiership,2024-2025
9c250d40,Ntsako Makhubela,Ntsako Makhubela,za RSA,MF,Magesi FC,30,1994,12,0,260,2.9,0,0,0,0,0,0,0,0,0.00,0.00,0.00,0.00,0.00,Matches,,,0,0,,0.00,0.00,,,,,,,,,,,,,,,,,,,South African Premiership,2024-2025
0049334a,Sinhle Makhubela,Sinhle Makhubela,,DF,Polokwane City,,,15,12,"1,129",12.5,0,0,0,0,0,0,1,0,0.00,0.00,0.00,0.00,0.00,Matches,0.00,,4,0,0.0,0.00,0.32,,,,,,,,,,,,,,,,,,,South African Premiership,2024-2025
faa66027,Wonderboy Makhubu,Wonderboy Makhubu,za RSA,FW,Magesi FC,27,1997,15,14,"1,181",13.1,3,1,4,3,0,1,4,0,0.23,0.08,0.30,0.23,0.30,Matches,0.16,0.38,19,8,42.1,0.61,1.45,,,,,,,,,,,,,,,,,,,South African Premiership,2024-2025
0ae9502f,Paseka Mako,Paseka Mako,za RSA,DF,Orlando Pirates,30,1994,17,6,707,7.9,0,1,1,0,0,0,0,0,0.00,0.13,0.13,0.00,0.13,Matches,0.00,,1,0,0.0,0.00,0.13,,,,,,,,,,,,,,,,,,,South African Premiership,2024-2025
d6848e1a,Kagiso Malinga,Kagiso Malinga,za RSA,FW,Lamontville Golden Arrows,29,1995,11,3,321,3.6,0,0,0,0,0,0,1,0,0.00,0.00,0.00,0.00,0.00,Matches,0.00,0.00,3,2,66.7,0.56,0.84,,,,,,,,,,,,,,,,,,,South African Premiership,2024-2025
4bf44563,Mokhele Maloisane,Mokhele Maloisane,za RSA,MF,Magesi FC,27,1996,5,1,129,1.4,0,0,0,0,0,0,0,0,0.00,0.00,0.00,0.00,0.00,Matches,0.00,,1,0,0.0,0.00,0.70,,,,,,,,,,,,,,,,,,,South African Premiership,2024-2025
14bd9e92,Joseph Malongoane,Joseph Malongoane,za RSA,DF,Marumo Gallants FC,36,1988,2,2,165,1.8,0,1,1,0,0,0,0,1,0.00,0.55,0.55,0.00,0.55,Matches,0.00,,1,0,0.0,0.00,0.55,,,,,,,,,,,,,,,,,,,South African Premiership,2024-2025
33e94694,Edgar Manaka,Edgar Manaka,za RSA,MF,Marumo Gallants FC,35,1989,24,22,"2,009",22.3,3,1,4,0,3,4,7,1,0.13,0.04,0.18,0.00,0.04,Matches,0.00,0.00,21,5,23.8,0.22,0.94,,,,,,,,,,,,,,,,,,,South African Premiership,2024-2025
bf74d86f,Nokutenda Mangezi,Nokutenda Mangezi,,FW,SuperSport United,,,6,4,323,3.6,0,0,0,0,0,0,1,0,0.00,0.00,0.00,0.00,0.00,Matches,0.00,0.00,2,1,50.0,0.28,0.56,,,,,,,,,,,,,,,,,,,South African Premiership,2024-2025
6602b8eb,Surprise Manthosi,Surprise Manthosi,za RSA,DF,Polokwane City,19,2005,4,4,360,4.0,0,0,0,0,0,0,2,0,0.00,0.00,0.00,0.00,0.00,Matches,0.00,,2,0,0.0,0.00,0.50,,,,,,,,,,,,,,,,,,,South African Premiership,2024-2025
eb9b8c2d,Themba Mantshiyane,Themba Mantshiyane,za RSA,DF,Lamontville Golden Arrows,28,1996,18,17,"1,539",17.1,1,1,2,1,0,0,1,0,0.06,0.06,0.12,0.06,0.12,Matches,0.20,1.00,5,1,20.0,0.06,0.29,,,,,,,,,,,,,,,,,,,South African Premiership,2024-2025
dd0868dd,Rhulani Manzini,Rhulani Manzini,za RSA,FW,Magesi FC,36,1988,11,1,171,1.9,0,0,0,0,0,0,0,0,0.00,0.00,0.00,0.00,0.00,Matches,0.00,0.00,2,2,100.0,1.05,1.05,,,,,,,,,,,,,,,,,,,South African Premiership,2024-2025
763023f3,Edward Maova,Edward Maova,na NAM,GK,Lamontville Golden Arrows,29,1994,17,16,"1,462",16.2,0,1,1,0,0,0,1,0,0.00,0.06,0.06,0.00,0.06,Matches,,,0,0,,0.00,0.00,5,31.3,17,16,18,1.11,7,"1,462",1,3,1,50.0,1,67.9,37,53,4,5,South African Premiership,2024-2025
5f2e6f21,Douglas Mapfumo,Douglas Mapfumo,zw ZIM,FW,Polokwane City,24,2000,3,1,70,0.8,0,0,0,0,0,0,0,0,0.00,0.00,0.00,0.00,0.00,Matches,0.00,,1,0,0.0,0.00,1.29,,,,,,,,,,,,,,,,,,,South African Premiership,2024-2025
bc36387a,Ndamulelo Maphangule,Ndamulelo Maphangule,za RSA,MF,Polokwane City,24,1999,25,23,"1,941",21.6,1,0,1,1,0,0,9,0,0.05,0.00,0.05,0.05,0.05,Matches,0.06,0.20,18,5,27.8,0.23,0.83,,,,,,,,,,,,,,,,,,,South African Premiership,2024-2025
3a3a6f68,Craig Martin,Craig Martin,za RSA,"MF,DF",Chippa United,30,1993,25,20,"1,635",18.2,2,3,5,2,0,0,4,0,0.11,0.17,0.28,0.11,0.28,Matches,0.09,0.50,22,4,18.2,0.22,1.21,,,,,,,,,,,,,,,,,,,South African Premiership,2024-2025
7afeed25,Tlou Masegela,Tlou Masegela,za RSA,"MF,FW",Magesi FC,26,1998,12,8,660,7.3,0,0,0,0,0,0,1,0,0.00,0.00,0.00,0.00,0.00,Matches,0.00,0.00,11,4,36.4,0.55,1.50,,,,,,,,,,,,,,,,,,,South African Premiership,2024-2025
498d45f7,Thapelo Maseko,Thapelo Maseko,za RSA,MF,Mamelodi Sundowns,20,2003,8,0,152,1.7,1,0,1,1,0,0,0,0,0.59,0.00,0.59,0.59,0.59,Matches,0.20,0.33,5,3,60.0,1.78,2.96,,,,,,,,,,,,,,,,,,,South African Premiership,2024-2025
d4416c5b,Terrence Mashego,Terrence Mashego,za RSA,DF,Mamelodi Sundowns,28,1996,4,1,156,1.7,0,0,0,0,0,0,0,0,0.00,0.00,0.00,0.00,0.00,Matches,0.00,,1,0,0.0,0.00,0.58,,,,,,,,,,,,,,,,,,,South African Premiership,2024-2025
a67a2cac,Abram Mashele,Abram Mashele,,DF,Chippa United,,,2,0,72,0.8,0,0,0,0,0,0,0,0,0.00,0.00,0.00,0.00,0.00,Matches,,,0,0,,0.00,0.00,,,,,,,,,,,,,,,,,,,South African Premiership,2024-2025
78b4a403,Happy Mashiane,Happy Mashiane,za RSA,DF,Kaizer Chiefs,26,1998,7,1,183,2.0,0,1,1,0,0,0,1,0,0.00,0.49,0.49,0.00,0.49,Matches,,,0,0,,0.00,0.00,,,,,,,,,,,,,,,,,,,South African Premiership,2024-2025
afecaab6,Tshepo Mashigo,Tshepo Mashigo,,"MF,DF",Magesi FC,,,8,8,688,7.6,0,0,0,0,0,0,2,0,0.00,0.00,0.00,0.00,0.00,Matches,0.00,,2,0,0.0,0.00,0.26,,,,,,,,,,,,,,,,,,,South African Premiership,2024-2025
2072bdff,Given Mashikinya,Given Mashikinya,za RSA,MF,Magesi FC,33,1991,6,3,267,3.0,1,0,1,1,0,0,0,0,0.34,0.00,0.34,0.34,0.34,Matches,,,0,0,,0.00,0.00,,,,,,,,,,,,,,,,,,,South African Premiership,2024-2025
df866c68,Thamsanqa Masiya,Thamsanqa Masiya,za RSA,DF,TS Galaxy,27,1996,8,1,184,2.0,0,0,0,0,0,0,0,0,0.00,0.00,0.00,0.00,0.00,Matches,,,0,0,,0.00,0.00,,,,,,,,,,,,,,,,,,,South African Premiership,2024-2025
da650454,Menzi Masuku,Menzi Masuku,za RSA,"MF,FW",Lamontville Golden Arrows,31,1993,9,4,327,3.6,0,0,0,0,0,0,0,0,0.00,0.00,0.00,0.00,0.00,Matches,0.00,0.00,4,1,25.0,0.28,1.10,,,,,,,,,,,,,,,,,,,South African Premiership,2024-2025
536eee7d,Tebogo Masuku,Tebogo Masuku,za RSA,MF,AmaZulu,21,2002,9,4,304,3.4,1,0,1,1,0,0,1,0,0.30,0.00,0.30,0.30,0.30,Matches,0.50,1.00,2,1,50.0,0.30,0.59,,,,,,,,,,,,,,,,,,,South African Premiership,2024-2025
0cdcf0d2,Oscarine Masuluke,Oscarine Masuluke,za RSA,GK,Stellenbosch FC,31,1993,9,9,810,9.0,0,0,0,0,0,0,2,0,0.00,0.00,0.00,0.00,0.00,Matches,,,0,0,,0.00,0.00,6,66.7,9,9,5,0.56,1,810,0,0,0,,0,82.8,24,29,3,5,South African Premiership,2024-2025
aa6c332c,Patrick Maswanganyi,Patrick Maswanganyi,za RSA,MF,Orlando Pirates,26,1998,21,18,"1,632",18.1,3,0,3,2,1,2,3,0,0.17,0.00,0.17,0.11,0.11,Matches,0.06,0.25,32,8,25.0,0.44,1.76,,,,,,,,,,,,,,,,,,,South African Premiership,2024-2025
a62f5680,Matome Mathiane,Matome Mathiane,za RSA,DF,Marumo Gallants FC,35,1988,16,15,"1,352",15.0,2,0,2,2,0,0,0,0,0.13,0.00,0.13,0.13,0.13,Matches,0.25,0.67,8,3,37.5,0.20,0.53,,,,,,,,,,,,,,,,,,,South African Premiership,2024-2025
847d1269,Motsie Matima,Motsie Matima,za RSA,"MF,DF",Magesi FC,,,17,10,"1,009",11.2,0,0,0,0,0,0,3,0,0.00,0.00,0.00,0.00,0.00,Matches,0.00,0.00,6,1,16.7,0.09,0.54,,,,,,,,,,,,,,,,,,,South African Premiership,2024-2025
bc8d5bb7,Thabo Matlaba,Thabo Matlaba,za RSA,DF,Lamontville Golden Arrows,36,1987,5,4,325,3.6,0,0,0,0,0,0,1,0,0.00,0.00,0.00,0.00,0.00,Matches,0.00,,3,0,0.0,0.00,0.83,,,,,,,,,,,,,,,,,,,South African Premiership,2024-2025
118f834c,Lehlogonolo Matlou,Lehlogonolo Matlou,za RSA,MF,Kaizer Chiefs,26,1998,10,2,297,3.3,0,0,0,0,0,0,1,0,0.00,0.00,0.00,0.00,0.00,Matches,0.00,0.00,1,1,100.0,0.30,0.30,,,,,,,,,,,,,,,,,,,South African Premiership,2024-2025
6d9f6923,Tendamudzimu Matodzi,Tendamudzimu Matodzi,za RSA,FW,SuperSport United,23,2001,1,0,29,0.3,0,0,0,0,0,0,0,0,0.00,0.00,0.00,0.00,0.00,Matches,,,0,0,,0.00,0.00,,,,,,,,,,,,,,,,,,,South African Premiership,2024-2025
4a6b9584,Azola Matrose,Azola Matrose,za RSA,MF,Chippa United,21,2003,7,3,357,4.0,0,0,0,0,0,0,0,0,0.00,0.00,0.00,0.00,0.00,Matches,0.00,,2,0,0.0,0.00,0.50,,,,,,,,,,,,,,,,,,,South African Premiership,2024-2025
ddb79c36,Tshepo Matsemela,Tshepo Matsemela,za RSA,MF,Magesi FC,29,1995,4,1,114,1.3,0,0,0,0,0,0,0,0,0.00,0.00,0.00,0.00,0.00,Matches,,,0,0,,0.00,0.00,,,,,,,,,,,,,,,,,,,South African Premiership,2024-2025
fd18e7a1,Tashreeq Matthews,Tashreeq Matthews,za RSA,"FW,MF",Mamelodi Sundowns,23,2000,21,11,"1,061",11.8,5,5,10,5,0,0,1,0,0.42,0.42,0.85,0.42,0.85,Matches,0.23,0.42,22,12,54.5,1.02,1.87,,,,,,,,,,,,,,,,,,,South African Premiership,2024-2025
8a77ded2,Thabang Matuludi,Thabang Matuludi,za RSA,DF,Polokwane City,25,1999,12,12,"1,032",11.5,2,1,3,2,0,0,3,0,0.17,0.09,0.26,0.17,0.26,Matches,0.12,0.40,17,5,29.4,0.44,1.48,,,,,,,,,,,,,,,,,,,South African Premiership,2024-2025
0bbdea11,Ayabulela Maxwele,Ayabulela Maxwele,za RSA,"MF,DF",Lamontville Golden Arrows,24,2000,6,3,312,3.5,0,0,0,0,0,0,0,0,0.00,0.00,0.00,0.00,0.00,Matches,0.00,,1,0,0.0,0.00,0.29,,,,,,,,,,,,,,,,,,,South African Premiership,2024-2025
c240d099,Sifiso Mazibuko,Sifiso Mazibuko,za RSA,FW,Chippa United,20,2003,2,0,9,0.1,0,0,0,0,0,0,0,0,0.00,0.00,0.00,0.00,0.00,Matches,,,0,0,,0.00,0.00,,,,,,,,,,,,,,,,,,,South African Premiership,2024-2025
04125d79,Eric Mbangossoum,Eric Mbangossoum,td CHA,"MF,DF",SuperSport United,24,2000,15,6,633,7.0,0,0,0,0,0,0,4,0,0.00,0.00,0.00,0.00,0.00,Matches,0.00,0.00,9,2,22.2,0.28,1.28,,,,,,,,,,,,,,,,,,,South African Premiership,2024-2025
6ec46d34,Andile Mbanjwa,Andile Mbanjwa,za RSA,GK,AmaZulu,26,1998,1,0,41,0.5,0,0,0,0,0,0,0,0,0.00,0.00,0.00,0.00,0.00,Matches,,,0,0,,0.00,0.00,0,,1,0,1,2.20,0,41,0,0,0,,0,50.0,1,2,0,0,South African Premiership,2024-2025
7365a821,Lwanda Mbanjwa,Lwanda Mbanjwa,,FW,Lamontville Golden Arrows,,,3,0,50,0.6,0,0,0,0,0,0,0,0,0.00,0.00,0.00,0.00,0.00,Matches,0.00,,1,0,0.0,0.00,1.80,,,,,,,,,,,,,,,,,,,South African Premiership,2024-2025
bc9c9a82,Mondli Mbanjwa,Mondli Mbanjwa,za RSA,MF,AmaZulu,26,1998,21,8,778,8.6,0,0,0,0,0,0,2,0,0.00,0.00,0.00,0.00,0.00,Matches,0.00,0.00,5,1,20.0,0.12,0.58,,,,,,,,,,,,,,,,,,,South African Premiership,2024-2025
c9f8fcc0,Thakasani Mbanjwa,Thakasani Mbanjwa,za RSA,GK,SuperSport United,28,1996,13,13,"1,170",13.0,0,0,0,0,0,0,1,0,0.00,0.00,0.00,0.00,0.00,Matches,,,0,0,,0.00,0.00,5,38.5,13,13,14,1.08,7,"1,170",2,4,0,50.0,2,67.6,27,37,3,3,South African Premiership,2024-2025
a7f869ee,Lindokuhle Mbatha,Lindokuhle Mbatha,za RSA,MF,TS Galaxy,39,1985,11,8,642,7.1,0,1,1,0,0,0,0,0,0.00,0.14,0.14,0.00,0.14,Matches,0.00,0.00,8,1,12.5,0.14,1.12,,,,,,,,,,,,,,,,,,,South African Premiership,2024-2025
f6272be9,Thalente Mbatha,Thalente Mbatha,za RSA,MF,Orlando Pirates,24,2000,24,23,"1,822",20.2,3,0,3,3,0,0,4,0,0.15,0.00,0.15,0.15,0.15,Matches,0.08,0.23,38,13,34.2,0.64,1.88,,,,,,,,,,,,,,,,,,,South African Premiership,2024-2025
13398d42,Mbekezeli Mbokazi,Mbekezeli Mbokazi,za RSA,DF,Orlando Pirates,18,2005,12,12,"1,010",11.2,0,1,1,0,0,0,1,0,0.00,0.09,0.09,0.00,0.09,Matches,0.00,0.00,6,1,16.7,0.09,0.53,,,,,,,,,,,,,,,,,,,South African Premiership,2024-2025
0cd7624b,Zaphaniah Mbokoma,Zaphaniah Mbokoma,za RSA,MF,Sekhukhune United FC,32,1992,1,1,65,0.7,0,0,0,0,0,0,0,0,0.00,0.00,0.00,0.00,0.00,Matches,,,0,0,,0.00,0.00,,,,,,,,,,,,,,,,,,,South African Premiership,2024-2025
0288b03a,Sipho Mbule,Sipho Mbule,za RSA,"MF,FW",Sekhukhune United FC,26,1998,14,12,846,9.4,2,2,4,2,0,0,2,0,0.21,0.21,0.43,0.21,0.43,Matches,0.10,0.25,21,8,38.1,0.85,2.23,,,,,,,,,,,,,,,,,,,South African Premiership,2024-2025
38cc923f,Mlungisi Mbunjana,Mlungisi Mbunjana,za RSA,"MF,DF",TS Galaxy,33,1990,21,14,"1,371",15.2,1,0,1,1,0,0,4,0,0.07,0.00,0.07,0.07,0.07,Matches,0.08,0.20,13,5,38.5,0.33,0.85,,,,,,,,,,,,,,,,,,,South African Premiership,2024-2025
3a03bf8a,Yanela Mbuthuma,Yanela Mbuthuma,za RSA,FW,Richards Bay FC,22,2002,24,20,"1,791",19.9,5,2,7,5,0,0,5,2,0.25,0.10,0.35,0.25,0.35,Matches,0.11,0.36,47,14,29.8,0.70,2.36,,,,,,,,,,,,,,,,,,,South African Premiership,2024-2025
d0d9a7d3,Athenkosi Mcaba,Athenkosi Mcaba,za RSA,DF,Stellenbosch FC,21,2002,10,6,686,7.6,0,0,0,0,0,0,2,0,0.00,0.00,0.00,0.00,0.00,Matches,0.00,,1,0,0.0,0.00,0.13,,,,,,,,,,,,,,,,,,,South African Premiership,2024-2025
6cc3f231,Aiden McCarthy,Aiden McCarthy,za RSA,DF,Kaizer Chiefs,20,2003,1,1,85,0.9,0,0,0,0,0,0,0,0,0.00,0.00,0.00,0.00,0.00,Matches,,,0,0,,0.00,0.00,,,,,,,,,,,,,,,,,,,South African Premiership,2024-2025
11426cf2,Blessing Mchunu,Blessing Mchunu,,"MF,FW",Lamontville Golden Arrows,,,9,3,333,3.7,0,0,0,0,0,0,3,0,0.00,0.00,0.00,0.00,0.00,Matches,0.00,0.00,11,2,18.2,0.54,2.97,,,,,,,,,,,,,,,,,,,South African Premiership,2024-2025
a6c1d523,Simphiwe Mcineka,Simphiwe Mcineka,za RSA,DF,Richards Bay FC,27,1996,22,22,"1,980",22.0,0,0,0,0,0,0,0,0,0.00,0.00,0.00,0.00,0.00,Matches,0.00,0.00,8,1,12.5,0.05,0.36,,,,,,,,,,,,,,,,,,,South African Premiership,2024-2025
72a2dd0b,Unathi Mdaka,Unathi Mdaka,za RSA,"DF,MF",Stellenbosch FC,20,2003,9,4,396,4.4,0,1,1,0,0,0,1,0,0.00,0.23,0.23,0.00,0.23,Matches,0.00,0.00,2,1,50.0,0.23,0.45,,,,,,,,,,,,,,,,,,,South African Premiership,2024-2025
924cbe50,Mduduzi Mdantsane,Mduduzi Mdantsane,za RSA,MF,Richards Bay FC,29,1994,3,0,39,0.4,0,0,0,0,0,0,1,0,0.00,0.00,0.00,0.00,0.00,Matches,0.00,,1,0,0.0,0.00,2.31,,,,,,,,,,,,,,,,,,,South African Premiership,2024-2025
ed69c459,Asimbonge Mdunge,Asimbonge Mdunge,,,Richards Bay FC,,,2,0,15,0.2,0,0,0,0,0,0,0,0,0.00,0.00,0.00,0.00,0.00,Matches,,,0,0,,0.00,0.00,,,,,,,,,,,,,,,,,,,South African Premiership,2024-2025
99637a43,Zuko Mdunyelwa,Zuko Mdunyelwa,za RSA,DF,Mamelodi Sundowns,25,1999,4,2,131,1.5,0,1,1,0,0,0,1,0,0.00,0.69,0.69,0.00,0.69,Matches,,,0,0,,0.00,0.00,,,,,,,,,,,,,,,,,,,South African Premiership,2024-2025
de6e307a,Deolin Mekoa,Deolin Mekoa,za RSA,"MF,DF",Magesi FC,30,1993,17,14,"1,205",13.4,0,1,1,0,0,0,2,0,0.00,0.07,0.07,0.00,0.07,Matches,0.00,,11,0,0.0,0.00,0.82,,,,,,,,,,,,,,,,,,,South African Premiership,2024-2025
442757e7,Nhlanhla Mgaga,Nhlanhla Mgaga,za RSA,MF,TS Galaxy,28,1996,21,14,"1,223",13.6,0,0,0,0,0,0,2,0,0.00,0.00,0.00,0.00,0.00,Matches,0.00,0.00,13,1,7.7,0.07,0.96,,,,,,,,,,,,,,,,,,,South African Premiership,2024-2025
f1e90c58,Gabadinho Mhango,Gabadinho Mhango,mw MWI,FW,Marumo Gallants FC,31,1992,20,12,"1,207",13.4,5,0,5,5,0,1,5,0,0.37,0.00,0.37,0.37,0.37,Matches,0.09,0.33,57,15,26.3,1.12,4.25,,,,,,,,,,,,,,,,,,,South African Premiership,2024-2025
863007fa,Langelihle Mhlongo,Langelihle Mhlongo,za RSA,MF,Richards Bay FC,23,2001,18,15,"1,327",14.7,0,0,0,0,0,0,2,0,0.00,0.00,0.00,0.00,0.00,Matches,0.00,0.00,3,1,33.3,0.07,0.20,,,,,,,,,,,,,,,,,,,South African Premiership,2024-2025
2aa0c67a,Nduduzo Mhlongo,Nduduzo Mhlongo,za RSA,DF,Lamontville Golden Arrows,23,2001,3,0,92,1.0,0,0,0,0,0,0,0,0,0.00,0.00,0.00,0.00,0.00,Matches,0.00,,1,0,0.0,0.00,0.98,,,,,,,,,,,,,,,,,,,South African Premiership,2024-2025
4a2445fe,Gadiel Michael,Gadiel Michael,tz TAN,DF,Chippa United,27,1996,3,0,74,0.8,0,0,0,0,0,0,1,0,0.00,0.00,0.00,0.00,0.00,Matches,,,0,0,,0.00,0.00,,,,,,,,,,,,,,,,,,,South African Premiership,2024-2025
06cf76ca,Inácio Miguel,Inácio Miguel,ao ANG,DF,Kaizer Chiefs,28,1995,22,22,"1,969",21.9,1,0,1,1,0,0,6,0,0.05,0.00,0.05,0.05,0.05,Matches,0.08,0.33,12,3,25.0,0.14,0.55,,,,,,,,,,,,,,,,,,,South African Premiership,2024-2025
57322e26,Thulani Mini,Thulani Mini,za RSA,FW,Stellenbosch FC,22,2001,2,0,16,0.2,0,0,0,0,0,0,0,0,0.00,0.00,0.00,0.00,0.00,Matches,,,0,0,,0.00,0.00,,,,,,,,,,,,,,,,,,,South African Premiership,2024-2025
d7812343,Katlego Mkhabela,Katlego Mkhabela,za RSA,DF,Sekhukhune United FC,28,1995,11,10,915,10.2,0,0,0,0,0,0,1,0,0.00,0.00,0.00,0.00,0.00,Matches,0.00,,1,0,0.0,0.00,0.10,,,,,,,,,,,,,,,,,,,South African Premiership,2024-2025
6eb589be,Siphesihle Mkhize,Siphesihle Mkhize,za RSA,MF,Sekhukhune United FC,25,1999,24,24,"2,061",22.9,1,1,2,1,0,0,4,1,0.04,0.04,0.09,0.04,0.09,Matches,0.14,0.50,7,2,28.6,0.09,0.31,,,,,,,,,,,,,,,,,,,South African Premiership,2024-2025
059a3b69,Thamsanqa Mkhize,Thamsanqa Mkhize,za RSA,DF,Cape Town City,35,1988,20,18,"1,561",17.3,1,0,1,1,0,0,4,0,0.06,0.00,0.06,0.06,0.06,Matches,0.14,0.50,7,2,28.6,0.12,0.40,,,,,,,,,,,,,,,,,,,South African Premiership,2024-2025
096f4dcf,Sphelele Mkhulise,Sphelele Mkhulise,za RSA,MF,Mamelodi Sundowns,28,1996,15,5,530,5.9,1,0,1,1,0,0,3,0,0.17,0.00,0.17,0.17,0.17,Matches,0.14,0.33,7,3,42.9,0.51,1.19,,,,,,,,,,,,,,,,,,,South African Premiership,2024-2025
f9dd76ba,Kagiso Mlambo,Kagiso Mlambo,za RSA,GK,Marumo Gallants FC,34,1989,2,1,168,1.9,0,0,0,0,0,0,1,0,0.00,0.00,0.00,0.00,0.00,Matches,,,0,0,,0.00,0.00,1,100.0,2,1,1,0.54,1,168,0,0,0,,0,83.3,5,6,0,0,South African Premiership,2024-2025
a194aead,Nicholas Mlambo,Nicholas Mlambo,,GK,Marumo Gallants FC,,,2,1,112,1.2,0,0,0,0,0,0,0,0,0.00,0.00,0.00,0.00,0.00,Matches,,,0,0,,0.00,0.00,0,0.0,2,1,3,2.41,1,112,0,0,0,,0,25.0,1,4,0,0,South African Premiership,2024-2025
6c1a9205,Xolani Mlambo,Xolani Mlambo,za RSA,MF,Marumo Gallants FC,33,1991,8,5,391,4.3,1,0,1,1,0,0,1,0,0.23,0.00,0.23,0.23,0.23,Matches,0.11,1.00,9,1,11.1,0.23,2.07,,,,,,,,,,,,,,,,,,,South African Premiership,2024-2025
bc02fac6,Pule Mmodi,Pule Mmodi,za RSA,MF,Kaizer Chiefs,31,1993,18,14,"1,145",12.7,0,1,1,0,0,0,3,1,0.00,0.08,0.08,0.00,0.08,Matches,0.00,0.00,22,6,27.3,0.47,1.73,,,,,,,,,,,,,,,,,,,South African Premiership,2024-2025
ab19d72a,Khayelihle Mncube,Khayelihle Mncube,,MF,TS Galaxy,,,1,1,45,0.5,0,0,0,0,0,0,0,0,0.00,0.00,0.00,0.00,0.00,Matches,0.00,,1,0,0.0,0.00,2.00,,,,,,,,,,,,,,,,,,,South African Premiership,2024-2025
d28c8a9b,Vusimuzi Mncube,Vusimuzi Mncube,za RSA,"MF,FW",Sekhukhune United FC,30,1993,14,9,627,7.0,0,4,4,0,0,0,2,0,0.00,0.57,0.57,0.00,0.57,Matches,0.00,0.00,6,1,16.7,0.14,0.86,,,,,,,,,,,,,,,,,,,South African Premiership,2024-2025
658cc3ef,Sinethemba Mngomezulu,Sinethemba Mngomezulu,za RSA,MF,Richards Bay FC,24,1999,1,1,90,1.0,0,0,0,0,0,0,0,0,0.00,0.00,0.00,0.00,0.00,Matches,0.00,,1,0,0.0,0.00,1.00,,,,,,,,,,,,,,,,,,,South African Premiership,2024-2025
28853ce0,Kwanda Mngonyama,Kwanda Mngonyama,za RSA,DF,AmaZulu,30,1993,3,2,183,2.0,0,0,0,0,0,0,1,0,0.00,0.00,0.00,0.00,0.00,Matches,0.00,0.00,3,1,33.3,0.49,1.48,,,,,,,,,,,,,,,,,,,South African Premiership,2024-2025
a4c808bb,Onassis Mntambo,Onassis Mntambo,za RSA,"MF,FW",Sekhukhune United FC,35,1989,22,7,"1,028",11.4,5,1,6,5,0,0,4,0,0.44,0.09,0.53,0.44,0.53,Matches,0.25,0.71,20,7,35.0,0.61,1.75,,,,,,,,,,,,,,,,,,,South African Premiership,2024-2025
0288db37,Sbani Mntungwa,Sbani Mntungwa,,DF,Richards Bay FC,,,2,2,180,2.0,0,0,0,0,0,0,0,0,0.00,0.00,0.00,0.00,0.00,Matches,,,0,0,,0.00,0.00,,,,,,,,,,,,,,,,,,,South African Premiership,2024-2025
f5febbb3,Abbubaker Mobara,Abbubaker Mobara,za RSA,"DF,MF",AmaZulu,30,1994,14,10,964,10.7,0,0,0,0,0,0,2,1,0.00,0.00,0.00,0.00,0.00,Matches,0.00,,6,0,0.0,0.00,0.56,,,,,,,,,,,,,,,,,,,South African Premiership,2024-2025
4ba61ff9,Sydney Mobbie,Sydney Mobbie,za RSA,"DF,MF",SuperSport United,29,1994,28,28,"2,396",26.6,1,1,2,1,0,0,1,0,0.04,0.04,0.08,0.04,0.08,Matches,0.10,0.33,10,3,30.0,0.11,0.38,,,,,,,,,,,,,,,,,,,South African Premiership,2024-2025
bb1f97f2,Aubrey Modiba,Aubrey Modiba,za RSA,"DF,MF",Mamelodi Sundowns,29,1995,21,19,"1,670",18.6,0,3,3,0,0,0,3,0,0.00,0.16,0.16,0.00,0.16,Matches,0.00,0.00,14,5,35.7,0.27,0.75,,,,,,,,,,,,,,,,,,,South African Premiership,2024-2025
d7584ecc,Malebogo Modise,Malebogo Modise,za RSA,DF,Chippa United,25,1999,20,14,"1,353",15.0,0,1,1,0,0,0,1,0,0.00,0.07,0.07,0.00,0.07,Matches,0.00,0.00,7,2,28.6,0.13,0.47,,,,,,,,,,,,,,,,,,,South African Premiership,2024-2025
25c3fb97,Relebohile Mofokeng,Relebohile Mofokeng,za RSA,MF,Orlando Pirates,19,2004,26,26,"2,291",25.5,5,7,12,5,0,0,5,0,0.20,0.27,0.47,0.20,0.47,Matches,0.10,0.19,50,27,54.0,1.06,1.96,,,,,,,,,,,,,,,,,,,South African Premiership,2024-2025
d2fc699c,Shaune Mogaila,Shaune Mogaila,za RSA,"DF,MF",Sekhukhune United FC,29,1995,15,15,"1,296",14.4,1,2,3,1,0,0,0,1,0.07,0.14,0.21,0.07,0.21,Matches,0.10,0.33,10,3,30.0,0.21,0.69,,,,,,,,,,,,,,,,,,,South African Premiership,2024-2025
653d8f33,Katlego Mohamme,Katlego Mohamme,za RSA,"DF,MF",Sekhukhune United FC,26,1998,12,9,874,9.7,0,0,0,0,0,0,4,0,0.00,0.00,0.00,0.00,0.00,Matches,0.00,,4,0,0.0,0.00,0.41,,,,,,,,,,,,,,,,,,,South African Premiership,2024-2025
9dfbb5bc,Thato Mohlamme,Thato Mohlamme,,MF,Richards Bay FC,,,8,5,433,4.8,1,0,1,1,0,0,0,0,0.21,0.00,0.21,0.21,0.21,Matches,0.10,0.25,10,4,40.0,0.83,2.08,,,,,,,,,,,,,,,,,,,South African Premiership,2024-2025
8297d920,Lehlohonolo Mojela,Lehlohonolo Mojela,za RSA,FW,Stellenbosch FC,27,1996,1,1,70,0.8,1,0,1,1,0,0,1,0,1.29,0.00,1.29,1.29,1.29,Matches,0.33,1.00,3,1,33.3,1.29,3.86,,,,,,,,,,,,,,,,,,,South African Premiership,2024-2025
b498eaa3,Relebogile Mokhuoane,Relebogile Mokhuoane,za RSA,MF,Sekhukhune United FC,29,1994,17,11,"1,009",11.2,1,1,2,1,0,0,7,0,0.09,0.09,0.18,0.09,0.18,Matches,0.14,1.00,7,1,14.3,0.09,0.62,,,,,,,,,,,,,,,,,,,South African Premiership,2024-2025
5acabda6,Tshepo Mokoane,Tshepo Mokoane,,MF,Sekhukhune United FC,,,19,3,674,7.5,0,1,1,0,0,0,1,0,0.00,0.13,0.13,0.00,0.13,Matches,0.00,0.00,8,2,25.0,0.27,1.07,,,,,,,,,,,,,,,,,,,South African Premiership,2024-2025
61fdedec,Thapelo Mokobodi,Thapelo Mokobodi,za RSA,MF,Marumo Gallants FC,21,2002,19,5,738,8.2,0,0,0,0,0,0,2,0,0.00,0.00,0.00,0.00,0.00,Matches,0.00,0.00,12,1,8.3,0.12,1.46,,,,,,,,,,,,,,,,,,,South African Premiership,2024-2025
00029b1e,Teboho Mokoena,Teboho Mokoena,za RSA,MF,Mamelodi Sundowns,27,1997,22,18,"1,649",18.3,2,3,5,2,0,0,5,0,0.11,0.16,0.27,0.11,0.27,Matches,0.05,0.18,39,11,28.2,0.60,2.13,,,,,,,,,,,,,,,,,,,South African Premiership,2024-2025
e1074b90,John Mokone,John Mokone,,DF,Magesi FC,,,24,23,"2,071",23.0,1,4,5,1,0,0,4,0,0.04,0.17,0.22,0.04,0.22,Matches,0.17,0.33,6,3,50.0,0.13,0.26,,,,,,,,,,,,,,,,,,,South African Premiership,2024-2025
ce41b675,Lehlegonolo Mokone,Lehlegonolo Mokone,za RSA,DF,Magesi FC,30,1994,22,22,"1,873",20.8,1,0,1,1,0,0,0,1,0.05,0.00,0.05,0.05,0.05,Matches,0.13,0.50,8,2,25.0,0.10,0.38,,,,,,,,,,,,,,,,,,,South African Premiership,2024-2025
7832f692,Kamohelo Mokotjo,Kamohelo Mokotjo,za RSA,MF,Cape Town City,33,1991,18,12,"1,008",11.2,0,0,0,0,0,0,1,0,0.00,0.00,0.00,0.00,0.00,Matches,0.00,,1,0,0.0,0.00,0.09,,,,,,,,,,,,,,,,,,,South African Premiership,2024-2025
f8fc2e83,Thabang Molaoa,Thabang Molaoa,za RSA,DF,Chippa United,24,2000,17,14,"1,331",14.8,0,0,0,0,0,0,3,0,0.00,0.00,0.00,0.00,0.00,Matches,0.00,0.00,9,3,33.3,0.20,0.61,,,,,,,,,,,,,,,,,,,South African Premiership,2024-2025
1963456e,Thuso Moleleki,Thuso Moleleki,za RSA,MF,Orlando Pirates,24,2000,4,0,62,0.7,0,0,0,0,0,0,0,0,0.00,0.00,0.00,0.00,0.00,Matches,,,0,0,,0.00,0.00,,,,,,,,,,,,,,,,,,,South African Premiership,2024-2025
667702f4,Oratilwe Moloisane,Oratilwe Moloisane,za RSA,FW,SuperSport United,20,2004,5,0,97,1.1,0,0,0,0,0,0,0,0,0.00,0.00,0.00,0.00,0.00,Matches,0.00,0.00,2,1,50.0,0.93,1.86,,,,,,,,,,,,,,,,,,,South African Premiership,2024-2025
dcf52217,Thabo Moloisane,Thabo Moloisane,za RSA,DF,Stellenbosch FC,25,1999,26,26,"2,295",25.5,2,2,4,2,0,0,4,0,0.08,0.08,0.16,0.08,0.16,Matches,0.29,0.67,7,3,42.9,0.12,0.27,,,,,,,,,,,,,,,,,,,South African Premiership,2024-2025
58557b9f,Thabang Monare,Thabang Monare,za RSA,MF,Sekhukhune United FC,34,1989,21,16,"1,353",15.0,1,1,2,1,0,0,3,0,0.07,0.07,0.13,0.07,0.13,Matches,0.05,0.17,20,6,30.0,0.40,1.33,,,,,,,,,,,,,,,,,,,South African Premiership,2024-2025
e2891a7b,Thabiso Monyane,Thabiso Monyane,za RSA,DF,Orlando Pirates,24,2000,5,3,249,2.8,0,0,0,0,0,0,1,0,0.00,0.00,0.00,0.00,0.00,Matches,0.00,0.00,5,2,40.0,0.72,1.81,,,,,,,,,,,,,,,,,,,South African Premiership,2024-2025
9a712f78,Ryan Moon,Ryan Moon,za RSA,FW,Lamontville Golden Arrows,27,1996,9,6,499,5.5,1,1,2,1,0,0,1,0,0.18,0.18,0.36,0.18,0.36,Matches,0.07,1.00,14,1,7.1,0.18,2.53,,,,,,,,,,,,,,,,,,,South African Premiership,2024-2025
fe8ce375,Gape Moralo,Gape Moralo,za RSA,MF,SuperSport United,24,2000,17,9,858,9.5,0,0,0,0,0,0,0,0,0.00,0.00,0.00,0.00,0.00,Matches,0.00,0.00,10,4,40.0,0.42,1.05,,,,,,,,,,,,,,,,,,,South African Premiership,2024-2025
546d38f9,Tshepang Moremi,Tshepang Moremi,za RSA,MF,AmaZulu,23,2000,28,27,"2,219",24.7,3,7,10,3,0,0,3,0,0.12,0.28,0.41,0.12,0.41,Matches,0.07,0.23,46,13,28.3,0.53,1.87,,,,,,,,,,,,,,,,,,,South African Premiership,2024-2025
82171a55,Thapelo Morena,Thapelo Morena,za RSA,"DF,MF",Mamelodi Sundowns,30,1993,24,14,"1,368",15.2,1,3,4,1,0,0,2,0,0.07,0.20,0.26,0.07,0.26,Matches,0.25,1.00,4,1,25.0,0.07,0.26,,,,,,,,,,,,,,,,,,,South African Premiership,2024-2025
0a578afe,Obarate Morgan,Obarate Morgan,,,Marumo Gallants FC,,,1,0,14,0.2,0,0,0,0,0,0,1,0,0.00,0.00,0.00,0.00,0.00,Matches,,,0,0,,0.00,0.00,,,,,,,,,,,,,,,,,,,South African Premiership,2024-2025
200d8829,Tashreeq Morris,Tashreeq Morris,za RSA,FW,SuperSport United,30,1994,9,8,632,7.0,2,0,2,2,0,0,2,1,0.28,0.00,0.28,0.28,0.28,Matches,0.10,0.29,21,7,33.3,1.00,2.99,,,,,,,,,,,,,,,,,,,South African Premiership,2024-2025
200d8829,Tashreeq Morris,Tashreeq Morris,za RSA,FW,SuperSport United,30,1994,9,8,632,7.0,2,0,2,2,0,0,2,1,0.28,0.00,0.28,0.28,0.28,Matches,0.00,0.00,12,4,33.3,0.92,2.76,,,,,,,,,,,,,,,,,,,South African Premiership,2024-2025
200d8829,Tashreeq Morris,Tashreeq Morris,za RSA,FW,Kaizer Chiefs,30,1994,9,6,392,4.4,0,0,0,0,0,0,1,0,0.00,0.00,0.00,0.00,0.00,Matches,0.10,0.29,21,7,33.3,1.00,2.99,,,,,,,,,,,,,,,,,,,South African Premiership,2024-2025
200d8829,Tashreeq Morris,Tashreeq Morris,za RSA,FW,Kaizer Chiefs,30,1994,9,6,392,4.4,0,0,0,0,0,0,1,0,0.00,0.00,0.00,0.00,0.00,Matches,0.00,0.00,12,4,33.3,0.92,2.76,,,,,,,,,,,,,,,,,,,South African Premiership,2024-2025
2f9b46d5,Goodman Mosele,Goodman Mosele,za RSA,MF,Orlando Pirates,24,1999,5,1,163,1.8,1,0,1,1,0,0,1,0,0.55,0.00,0.55,0.55,0.55,Matches,0.33,0.50,3,2,66.7,1.10,1.66,,,,,,,,,,,,,,,,,,,South African Premiership,2024-2025
012e5c06,Clement Moshwana,Clement Moshwana,za RSA,MF,Magesi FC,20,2003,3,1,78,0.9,0,0,0,0,0,0,0,0,0.00,0.00,0.00,0.00,0.00,Matches,,,0,0,,0.00,0.00,,,,,,,,,,,,,,,,,,,South African Premiership,2024-2025
823632d4,Veli Mothwa,Veli Mothwa,za RSA,GK,AmaZulu,33,1991,7,7,630,7.0,0,0,0,0,0,0,0,0,0.00,0.00,0.00,0.00,0.00,Matches,,,0,0,,0.00,0.00,2,28.6,7,7,13,1.86,5,630,0,0,0,,0,61.8,21,34,1,1,South African Premiership,2024-2025
c97523af,Sello Motsepe,Sello Motsepe,za RSA,DF,Magesi FC,30,1993,2,2,180,2.0,0,0,0,0,0,0,1,0,0.00,0.00,0.00,0.00,0.00,Matches,0.00,,2,0,0.0,0.00,1.00,,,,,,,,,,,,,,,,,,,South African Premiership,2024-2025
3a2f4876,Ben Motshwari,Ben Motshwari,za RSA,MF,AmaZulu,33,1991,26,24,"2,204",24.5,1,0,1,1,0,0,6,0,0.04,0.00,0.04,0.04,0.04,Matches,0.07,0.33,15,3,20.0,0.12,0.61,,,,,,,,,,,,,,,,,,,South African Premiership,2024-2025
3aa8862d,Gift Motupa,Gift Motupa,za RSA,FW,Magesi FC,29,1994,6,2,180,2.0,0,0,0,0,0,0,0,0,0.00,0.00,0.00,0.00,0.00,Matches,0.00,0.00,7,2,28.6,1.00,3.50,,,,,,,,,,,,,,,,,,,South African Premiership,2024-2025
99a2bc48,Monde Mpambaniso,Monde Mpambaniso,za RSA,MF,Marumo Gallants FC,31,1992,20,11,912,10.1,0,0,0,0,0,0,2,0,0.00,0.00,0.00,0.00,0.00,Matches,0.00,0.00,10,3,30.0,0.30,0.99,,,,,,,,,,,,,,,,,,,South African Premiership,2024-2025
fe9e81a7,Bongani Mpandle,Bongani Mpandle,za RSA,GK,Magesi FC,32,1992,2,2,180,2.0,0,0,0,0,0,0,0,0,0.00,0.00,0.00,0.00,0.00,Matches,,,0,0,,0.00,0.00,0,0.0,2,2,3,1.50,2,180,0,0,0,,0,66.7,6,9,0,0,South African Premiership,2024-2025
21de479c,Ramahlwe Mphahlele,Ramahlwe Mphahlele,za RSA,DF,AmaZulu,34,1990,15,14,"1,280",14.2,0,0,0,0,0,0,1,0,0.00,0.00,0.00,0.00,0.00,Matches,0.00,,2,0,0.0,0.00,0.14,,,,,,,,,,,,,,,,,,,South African Premiership,2024-2025
6dd75474,Aviwe Mqokozo,Aviwe Mqokozo,za RSA,MF,Chippa United,22,2001,14,6,404,4.5,0,1,1,0,0,0,2,0,0.00,0.22,0.22,0.00,0.22,Matches,0.00,0.00,9,4,44.4,0.89,2.00,,,,,,,,,,,,,,,,,,,South African Premiership,2024-2025
96872342,Daniel Msendami,Daniel Msendami,zw ZIM,MF,Marumo Gallants FC,23,2000,26,24,"2,118",23.5,3,2,5,3,0,0,4,0,0.13,0.08,0.21,0.13,0.21,Matches,0.05,0.16,66,19,28.8,0.81,2.80,,,,,,,,,,,,,,,,,,,South African Premiership,2024-2025
a68feedf,Given Msimango,Given Msimango,za RSA,DF,Kaizer Chiefs,27,1997,8,7,643,7.1,0,0,0,0,0,0,0,0,0.00,0.00,0.00,0.00,0.00,Matches,0.00,,3,0,0.0,0.00,0.42,,,,,,,,,,,,,,,,,,,South African Premiership,2024-2025
6a15f869,Siphesihle Msomi,Siphesihle Msomi,za RSA,MF,Lamontville Golden Arrows,26,1998,2,1,86,1.0,0,0,0,0,0,0,0,0,0.00,0.00,0.00,0.00,0.00,Matches,0.00,0.00,2,2,100.0,2.09,2.09,,,,,,,,,,,,,,,,,,,South African Premiership,2024-2025
da26b285,Siyanda Mthanti,Siyanda Mthanti,za RSA,"MF,FW",Lamontville Golden Arrows,20,2003,17,15,"1,270",14.1,2,3,5,2,0,0,0,0,0.14,0.21,0.35,0.14,0.35,Matches,0.11,0.22,18,9,50.0,0.64,1.28,,,,,,,,,,,,,,,,,,,South African Premiership,2024-2025
c105cf1d,Moses Mthembu,Moses Mthembu,za RSA,MF,Richards Bay FC,23,2001,22,17,"1,595",17.7,0,0,0,0,0,0,7,0,0.00,0.00,0.00,0.00,0.00,Matches,0.00,0.00,34,5,14.7,0.28,1.92,,,,,,,,,,,,,,,,,,,South African Premiership,2024-2025
b9e80813,Sandile Mthethwa,Sandile Mthethwa,za RSA,DF,AmaZulu,27,1997,12,10,908,10.1,0,0,0,0,0,0,0,0,0.00,0.00,0.00,0.00,0.00,Matches,0.00,0.00,6,2,33.3,0.20,0.59,,,,,,,,,,,,,,,,,,,South African Premiership,2024-2025
4fac1197,Sibongiseni Mthethwa,Sibongiseni Mthethwa,za RSA,MF,Kaizer Chiefs,30,1994,15,11,"1,088",12.1,0,0,0,0,0,0,1,0,0.00,0.00,0.00,0.00,0.00,Matches,0.00,,5,0,0.0,0.00,0.41,,,,,,,,,,,,,,,,,,,South African Premiership,2024-2025
d4ec8d21,Tlakusani Mthethwa,Tlakusani Mthethwa,za RSA,MF,Richards Bay FC,31,1993,22,20,"1,831",20.3,1,0,1,1,0,0,2,0,0.05,0.00,0.05,0.05,0.05,Matches,0.07,0.20,15,5,33.3,0.25,0.74,,,,,,,,,,,,,,,,,,,South African Premiership,2024-2025
b4badf3e,Lehlohonolo Mtshali,Lehlohonolo Mtshali,za RSA,MF,Sekhukhune United FC,29,1994,1,0,11,0.1,0,0,0,0,0,0,0,0,0.00,0.00,0.00,0.00,0.00,Matches,,,0,0,,0.00,0.00,,,,,,,,,,,,,,,,,,,South African Premiership,2024-2025
b4badf3e,Lehlohonolo Mtshali,Lehlohonolo Mtshali,za RSA,MF,Sekhukhune United FC,29,1994,1,0,11,0.1,0,0,0,0,0,0,0,0,0.00,0.00,0.00,0.00,0.00,Matches,0.13,0.50,8,2,25.0,0.15,0.62,,,,,,,,,,,,,,,,,,,South African Premiership,2024-2025
b4badf3e,Lehlohonolo Mtshali,Lehlohonolo Mtshali,za RSA,MF,Magesi FC,29,1994,15,14,"1,166",13.0,1,0,1,1,0,0,5,0,0.08,0.00,0.08,0.08,0.08,Matches,,,0,0,,0.00,0.00,,,,,,,,,,,,,,,,,,,South African Premiership,2024-2025
b4badf3e,Lehlohonolo Mtshali,Lehlohonolo Mtshali,za RSA,MF,Magesi FC,29,1994,15,14,"1,166",13.0,1,0,1,1,0,0,5,0,0.08,0.00,0.08,0.08,0.08,Matches,0.13,0.50,8,2,25.0,0.15,0.62,,,,,,,,,,,,,,,,,,,South African Premiership,2024-2025
8a8f44aa,Lindokuhle Mtshali,Lindokuhle Mtshali,za RSA,MF,Sekhukhune United FC,26,1998,1,1,58,0.6,0,0,0,0,0,0,0,0,0.00,0.00,0.00,0.00,0.00,Matches,0.00,,1,0,0.0,0.00,1.55,,,,,,,,,,,,,,,,,,,South African Premiership,2024-2025
75388f92,Khuliso Mudau,Khuliso Mudau,za RSA,DF,Mamelodi Sundowns,29,1995,15,11,904,10.0,1,3,4,1,0,0,2,0,0.10,0.30,0.40,0.10,0.40,Matches,0.25,1.00,4,1,25.0,0.10,0.40,,,,,,,,,,,,,,,,,,,South African Premiership,2024-2025
00d5ded0,Augustine Mulenga,Augustine Mulenga,zm ZAM,"FW,MF",AmaZulu,34,1990,2,0,59,0.7,0,0,0,0,0,0,0,0,0.00,0.00,0.00,0.00,0.00,Matches,0.00,,2,0,0.0,0.00,3.05,,,,,,,,,,,,,,,,,,,South African Premiership,2024-2025
16b01488,Marks Munyai,Marks Munyai,za RSA,DF,TS Galaxy,33,1991,22,22,"1,837",20.4,0,3,3,0,0,0,6,0,0.00,0.15,0.15,0.00,0.15,Matches,0.00,0.00,14,3,21.4,0.15,0.69,,,,,,,,,,,,,,,,,,,South African Premiership,2024-2025
03fc7db5,Knox Mutizwa,Knox Mutizwa,zw ZIM,"FW,MF",Lamontville Golden Arrows,30,1993,14,10,895,9.9,3,1,4,3,0,0,2,0,0.30,0.10,0.40,0.30,0.40,Matches,0.23,0.50,13,6,46.2,0.60,1.31,,,,,,,,,,,,,,,,,,,South African Premiership,2024-2025
79294dd3,Mothobi Mvala,Mothobi Mvala,za RSA,DF,Mamelodi Sundowns,30,1994,4,1,178,2.0,0,0,0,0,0,0,1,0,0.00,0.00,0.00,0.00,0.00,Matches,,,0,0,,0.00,0.00,,,,,,,,,,,,,,,,,,,South African Premiership,2024-2025
03695186,Mpho Mvelase,Mpho Mvelase,za RSA,MF,TS Galaxy,35,1989,24,17,"1,484",16.5,1,1,2,1,0,0,3,0,0.06,0.06,0.12,0.06,0.12,Matches,0.08,0.33,13,3,23.1,0.18,0.79,,,,,,,,,,,,,,,,,,,South African Premiership,2024-2025
5f0cd630,John Mwengani,John Mwengani,zm ZAM,DF,Lamontville Golden Arrows,29,1994,2,2,180,2.0,0,0,0,0,0,0,1,0,0.00,0.00,0.00,0.00,0.00,Matches,0.00,,1,0,0.0,0.00,0.50,,,,,,,,,,,,,,,,,,,South African Premiership,2024-2025
1ab2bba1,Limbikani Mzava,Limbikani Mzava,mw MWI,"DF,MF",Magesi FC,30,1993,5,5,450,5.0,0,0,0,0,0,0,0,0,0.00,0.00,0.00,0.00,0.00,Matches,,,0,0,,0.00,0.00,,,,,,,,,,,,,,,,,,,South African Premiership,2024-2025
254c9c92,Olwethu Mzimela,Olwethu Mzimela,za RSA,GK,AmaZulu,23,2001,2,2,180,2.0,0,0,0,0,0,0,0,0,0.00,0.00,0.00,0.00,0.00,Matches,,,0,0,,0.00,0.00,0,0.0,2,2,4,2.00,2,180,0,0,0,,0,63.6,7,11,0,0,South African Premiership,2024-2025
0b6e25e7,Samuel Nana,Samuel Nana,,MF,Polokwane City,,,3,2,125,1.4,0,0,0,0,0,0,1,0,0.00,0.00,0.00,0.00,0.00,Matches,0.00,0.00,2,1,50.0,0.72,1.44,,,,,,,,,,,,,,,,,,,South African Premiership,2024-2025
96275b7b,Phathutshedzo Nange,Phathutshedzo Nange,za RSA,MF,Marumo Gallants FC,32,1991,10,4,440,4.9,1,0,1,1,0,0,2,0,0.20,0.00,0.20,0.20,0.20,Matches,0.17,0.33,6,3,50.0,0.61,1.23,,,,,,,,,,,,,,,,,,,South African Premiership,2024-2025
cf49678d,Khumbulani Ncube,Khumbulani Ncube,za RSA,DF,Marumo Gallants FC,24,2000,12,11,"1,002",11.1,0,0,0,0,0,0,1,0,0.00,0.00,0.00,0.00,0.00,Matches,0.00,0.00,5,2,40.0,0.18,0.45,,,,,,,,,,,,,,,,,,,South African Premiership,2024-2025
b17e877b,Olwethu Ncube,Olwethu Ncube,za RSA,"FW,MF",Lamontville Golden Arrows,25,1998,11,3,353,3.9,0,0,0,0,0,0,1,0,0.00,0.00,0.00,0.00,0.00,Matches,0.00,0.00,6,3,50.0,0.76,1.53,,,,,,,,,,,,,,,,,,,South African Premiership,2024-2025
37e6dedf,Nkosikhona Ndaba,Nkosikhona Ndaba,za RSA,"DF,MF",Richards Bay FC,21,2002,20,19,"1,621",18.0,0,0,0,0,0,1,1,0,0.00,0.00,0.00,0.00,0.00,Matches,0.00,0.00,4,2,50.0,0.11,0.22,,,,,,,,,,,,,,,,,,,South African Premiership,2024-2025
639a72d4,Olisa Ndah,Olisa Ndah,ng NGA,DF,Orlando Pirates,26,1998,2,2,173,1.9,0,0,0,0,0,0,0,0,0.00,0.00,0.00,0.00,0.00,Matches,0.00,,1,0,0.0,0.00,0.52,,,,,,,,,,,,,,,,,,,South African Premiership,2024-2025
0ebbc4f3,Khulumani Ndamane,Khulumani Ndamane,za RSA,DF,TS Galaxy,20,2004,24,24,"2,121",23.6,0,0,0,0,0,0,3,0,0.00,0.00,0.00,0.00,0.00,Matches,0.00,0.00,19,4,21.1,0.17,0.81,,,,,,,,,,,,,,,,,,,South African Premiership,2024-2025
7b88c699,Siyabonga Ndebele,Siyabonga Ndebele,,DF,SuperSport United,,,8,8,716,8.0,0,0,0,0,0,0,2,1,0.00,0.00,0.00,0.00,0.00,Matches,0.00,0.00,4,1,25.0,0.13,0.50,,,,,,,,,,,,,,,,,,,South African Premiership,2024-2025
e03f105e,Thabisa Ndelu,Thabisa Ndelu,za RSA,"MF,FW",Richards Bay FC,19,2005,5,5,299,3.3,0,0,0,0,0,0,0,0,0.00,0.00,0.00,0.00,0.00,Matches,,,0,0,,0.00,0.00,,,,,,,,,,,,,,,,,,,South African Premiership,2024-2025
0dc1fab6,Ndabayithethwa Ndlondlo,Ndabayithethwa Ndlondlo,za RSA,MF,Orlando Pirates,29,1995,6,0,87,1.0,0,0,0,0,0,0,0,0,0.00,0.00,0.00,0.00,0.00,Matches,0.00,0.00,3,2,66.7,2.07,3.10,,,,,,,,,,,,,,,,,,,South African Premiership,2024-2025
3f0cc58f,Dino Ndlovu,Dino Ndlovu,za RSA,FW,Marumo Gallants FC,34,1990,4,2,172,1.9,0,1,1,0,0,0,0,0,0.00,0.52,0.52,0.00,0.52,Matches,0.00,0.00,6,3,50.0,1.57,3.14,,,,,,,,,,,,,,,,,,,South African Premiership,2024-2025
ed3c3ea0,Langelihle Ndlovu,Langelihle Ndlovu,za RSA,DF,Polokwane City,,,14,14,"1,260",14.0,0,0,0,0,0,0,4,0,0.00,0.00,0.00,0.00,0.00,Matches,0.00,,5,0,0.0,0.00,0.36,,,,,,,,,,,,,,,,,,,South African Premiership,2024-2025
bdb44e0c,Senzo Ndlovu,Senzo Ndlovu,,MF,AmaZulu,,,1,0,1,0.0,0,0,0,0,0,0,0,0,0.00,0.00,0.00,0.00,0.00,Matches,,,0,0,,0.00,0.00,,,,,,,,,,,,,,,,,,,South African Premiership,2024-2025
91d28621,Seun Ndlovu,Seun Ndlovu,,DF,Chippa United,,,19,12,"1,079",12.0,2,0,2,2,0,0,2,0,0.17,0.00,0.17,0.17,0.17,Matches,0.20,0.67,10,3,30.0,0.25,0.83,,,,,,,,,,,,,,,,,,,South African Premiership,2024-2025
b2d58054,Siphesihle Ndlovu,Siphesihle Ndlovu,za RSA,MF,SuperSport United,27,1996,27,25,"2,299",25.5,2,2,4,2,0,0,8,0,0.08,0.08,0.16,0.08,0.16,Matches,0.13,0.50,16,4,25.0,0.16,0.63,,,,,,,,,,,,,,,,,,,South African Premiership,2024-2025
68a2d3e8,Siyabonga Ndlozi,Siyabonga Ndlozi,za RSA,DF,Orlando Pirates,21,2002,7,1,181,2.0,0,0,0,0,0,0,1,0,0.00,0.00,0.00,0.00,0.00,Matches,0.00,,2,0,0.0,0.00,0.99,,,,,,,,,,,,,,,,,,,South African Premiership,2024-2025
a9d08558,Sihle Nduli,Sihle Nduli,za RSA,MF,Stellenbosch FC,28,1995,24,22,"1,840",20.4,0,0,0,0,0,0,9,0,0.00,0.00,0.00,0.00,0.00,Matches,0.00,,8,0,0.0,0.00,0.39,,,,,,,,,,,,,,,,,,,South African Premiership,2024-2025
2d9c2d26,Velemseni Ndwandwe,Velemseni Ndwandwe,za RSA,MF,Lamontville Golden Arrows,28,1996,22,22,"1,929",21.4,2,1,3,2,0,0,3,0,0.09,0.05,0.14,0.09,0.14,Matches,0.15,0.50,13,4,30.8,0.19,0.61,,,,,,,,,,,,,,,,,,,South African Premiership,2024-2025
ec31d804,Masindi Nemtajela,Masindi Nemtajela,za RSA,MF,Marumo Gallants FC,22,2001,17,16,"1,404",15.6,1,2,3,1,0,0,6,1,0.06,0.13,0.19,0.06,0.19,Matches,0.06,0.25,16,4,25.0,0.26,1.03,,,,,,,,,,,,,,,,,,,South African Premiership,2024-2025
7027bb1b,Alvès Ngakosso,Alvès Ngakosso,cg CGO,DF,Sekhukhune United FC,24,2000,8,2,260,2.9,0,0,0,0,0,0,1,0,0.00,0.00,0.00,0.00,0.00,Matches,0.00,,2,0,0.0,0.00,0.69,,,,,,,,,,,,,,,,,,,South African Premiership,2024-2025
9059c4d5,Njabulo Ngcobo,Njabulo Ngcobo,za RSA,DF,Sekhukhune United FC,30,1994,5,4,376,4.2,0,0,0,0,0,0,1,0,0.00,0.00,0.00,0.00,0.00,Matches,0.00,,2,0,0.0,0.00,0.48,,,,,,,,,,,,,,,,,,,South African Premiership,2024-2025
04aec6b2,Nkosingiphile Ngcobo,Nkosingiphile Ngcobo,za RSA,MF,Kaizer Chiefs,24,1999,11,6,491,5.5,0,0,0,0,0,0,0,0,0.00,0.00,0.00,0.00,0.00,Matches,0.00,0.00,5,1,20.0,0.18,0.92,,,,,,,,,,,,,,,,,,,South African Premiership,2024-2025
b086f641,Celimpilo Ngema,Celimpilo Ngema,za RSA,MF,AmaZulu,26,1997,13,6,643,7.1,1,0,1,1,0,0,3,0,0.14,0.00,0.14,0.14,0.14,Matches,0.25,1.00,4,1,25.0,0.14,0.56,,,,,,,,,,,,,,,,,,,South African Premiership,2024-2025
f792e20b,Wandile Ngema,Wandile Ngema,,MF,Richards Bay FC,,,10,2,377,4.2,0,2,2,0,0,0,0,0,0.00,0.48,0.48,0.00,0.48,Matches,0.00,0.00,7,3,42.9,0.72,1.67,,,,,,,,,,,,,,,,,,,South African Premiership,2024-2025
9e103aef,Sifiso Ngobeni,Sifiso Ngobeni,za RSA,DF,AmaZulu,27,1997,10,2,269,3.0,0,1,1,0,0,0,0,0,0.00,0.33,0.33,0.00,0.33,Matches,0.00,,1,0,0.0,0.00,0.33,,,,,,,,,,,,,,,,,,,South African Premiership,2024-2025
b1d5ae8b,Lungelo Nguse,Lungelo Nguse,za RSA,FW,Lamontville Golden Arrows,25,1999,6,3,312,3.5,1,0,1,0,1,1,0,0,0.29,0.00,0.29,0.00,0.00,Matches,0.00,0.00,13,1,7.7,0.29,3.75,,,,,,,,,,,,,,,,,,,South African Premiership,2024-2025
e06df17e,Anathi Ngwadla,Anathi Ngwadla,za RSA,"MF,FW",Magesi FC,22,2002,2,2,134,1.5,0,0,0,0,0,0,0,0,0.00,0.00,0.00,0.00,0.00,Matches,,,0,0,,0.00,0.00,,,,,,,,,,,,,,,,,,,South African Premiership,2024-2025
acf566a7,Sthabiso Ngwenya,Sthabiso Ngwenya,,MF,Polokwane City,,,2,0,53,0.6,0,0,0,0,0,0,1,0,0.00,0.00,0.00,0.00,0.00,Matches,,,0,0,,0.00,0.00,,,,,,,,,,,,,,,,,,,South African Premiership,2024-2025
3e3d513b,Siyabonga Nhlapo,Siyabonga Nhlapo,za RSA,"MF,DF",Marumo Gallants FC,35,1988,13,5,492,5.5,0,0,0,0,0,0,2,0,0.00,0.00,0.00,0.00,0.00,Matches,,,0,0,,0.00,0.00,,,,,,,,,,,,,,,,,,,South African Premiership,2024-2025
3b6b3b8d,Bulelani Nikani,Bulelani Nikani,za RSA,DF,Polokwane City,31,1993,25,25,"2,250",25.0,2,0,2,2,0,0,4,0,0.08,0.00,0.08,0.08,0.08,Matches,0.18,0.67,11,3,27.3,0.12,0.44,,,,,,,,,,,,,,,,,,,South African Premiership,2024-2025
9b303b76,Tumelo Njoti,Tumelo Njoti,za RSA,MF,Magesi FC,28,1995,2,0,25,0.3,0,0,0,0,0,0,0,0,0.00,0.00,0.00,0.00,0.00,Matches,0.00,,1,0,0.0,0.00,3.60,,,,,,,,,,,,,,,,,,,South African Premiership,2024-2025
dba0b5ba,Lebohang Nkaki,Lebohang Nkaki,,DF,Polokwane City,,,28,28,"2,520",28.0,4,1,5,1,3,3,3,0,0.14,0.04,0.18,0.04,0.07,Matches,0.07,0.14,14,7,50.0,0.25,0.50,,,,,,,,,,,,,,,,,,,South African Premiership,2024-2025
7bc970ac,Mandlenkosi Nkosi,Mandlenkosi Nkosi,,MF,SuperSport United,,,1,0,45,0.5,0,0,0,0,0,0,0,0,0.00,0.00,0.00,0.00,0.00,Matches,,,0,0,,0.00,0.00,,,,,,,,,,,,,,,,,,,South African Premiership,2024-2025
f8a8c580,Mohau Nkota,Mohau Nkota,za RSA,MF,Orlando Pirates,19,2004,25,19,"1,653",18.4,3,3,6,3,0,0,1,0,0.16,0.16,0.33,0.16,0.33,Matches,0.07,0.21,45,14,31.1,0.76,2.45,,,,,,,,,,,,,,,,,,,South African Premiership,2024-2025
c4e13341,Lesiba Nku,Lesiba Nku,za RSA,"MF,FW",Stellenbosch FC,28,1996,15,7,750,8.3,2,0,2,2,0,0,0,0,0.24,0.00,0.24,0.24,0.24,Matches,0.29,0.67,7,3,42.9,0.36,0.84,,,,,,,,,,,,,,,,,,,South African Premiership,2024-2025
f6e36aa4,Tlou Nkwe,Tlou Nkwe,,DF,Polokwane City,,,10,10,900,10.0,0,2,2,0,0,0,1,0,0.00,0.20,0.20,0.00,0.20,Matches,0.00,,2,0,0.0,0.00,0.20,,,,,,,,,,,,,,,,,,,South African Premiership,2024-2025
b76313b0,Thabo Nodada,Thabo Nodada,za RSA,MF,Cape Town City,29,1995,19,9,"1,003",11.1,0,1,1,0,0,0,4,0,0.00,0.09,0.09,0.00,0.09,Matches,0.00,0.00,8,3,37.5,0.27,0.72,,,,,,,,,,,,,,,,,,,South African Premiership,2024-2025
e9d132e7,Lerato Ntamane,Lerato Ntamane,za RSA,DF,Polokwane City,22,2002,2,0,22,0.2,0,0,0,0,0,0,0,0,0.00,0.00,0.00,0.00,0.00,Matches,,,0,0,,0.00,0.00,,,,,,,,,,,,,,,,,,,South African Premiership,2024-2025
b5b561b6,Kenneth Nthatheni,Kenneth Nthatheni,za RSA,DF,Marumo Gallants FC,28,1995,9,7,657,7.3,0,0,0,0,0,0,0,0,0.00,0.00,0.00,0.00,0.00,Matches,0.00,0.00,3,1,33.3,0.14,0.41,,,,,,,,,,,,,,,,,,,South African Premiership,2024-2025
0bde8d3e,Azola Ntsabo,Azola Ntsabo,za RSA,DF,Chippa United,25,1999,15,11,928,10.3,1,2,3,1,0,0,4,0,0.10,0.19,0.29,0.10,0.29,Matches,0.17,0.33,6,3,50.0,0.29,0.58,,,,,,,,,,,,,,,,,,,South African Premiership,2024-2025
00aa9d66,Somila Ntsundwana,Somila Ntsundwana,za RSA,"MF,FW",Richards Bay FC,27,1996,18,14,"1,060",11.8,0,1,1,0,0,0,4,0,0.00,0.08,0.08,0.00,0.08,Matches,0.00,0.00,12,2,16.7,0.17,1.02,,,,,,,,,,,,,,,,,,,South African Premiership,2024-2025
7fca183f,Fiacre Ntwari,Fiacre Ntwari,rw RWA,GK,Kaizer Chiefs,24,1999,5,5,450,5.0,0,0,0,0,0,0,0,0,0.00,0.00,0.00,0.00,0.00,Matches,,,0,0,,0.00,0.00,0,0.0,5,5,7,1.40,2,450,0,0,0,,0,41.7,5,12,1,2,South African Premiership,2024-2025
db2f9824,Samir Nurković,Samir Nurković,rs SRB,"FW,MF",SuperSport United,32,1992,14,7,673,7.5,2,1,3,2,0,0,3,0,0.27,0.13,0.40,0.27,0.40,Matches,0.11,0.40,19,5,26.3,0.67,2.54,,,,,,,,,,,,,,,,,,,South African Premiership,2024-2025
1873b03d,Stanley Nwabili,Stanley Nwabili,ng NGA,GK,Chippa United,28,1996,23,23,"2,070",23.0,0,0,0,0,0,0,3,0,0.00,0.00,0.00,0.00,0.00,Matches,,,0,0,,0.00,0.00,9,39.1,23,23,20,0.87,11,"2,070",1,2,0,50.0,1,80.8,80,99,5,7,South African Premiership,2024-2025
12ff8d69,Ntsikelelo Nxadi,Ntsikelelo Nxadi,za RSA,DF,Lamontville Golden Arrows,29,1995,2,1,96,1.1,0,0,0,0,0,0,0,0,0.00,0.00,0.00,0.00,0.00,Matches,,,0,0,,0.00,0.00,,,,,,,,,,,,,,,,,,,South African Premiership,2024-2025
6630e186,Tshegofatso Nyama,Tshegofatso Nyama,za RSA,DF,Cape Town City,25,1999,25,25,"2,069",23.0,1,1,2,1,0,0,9,0,0.04,0.04,0.09,0.04,0.09,Matches,0.13,0.33,8,3,37.5,0.13,0.35,,,,,,,,,,,,,,,,,,,South African Premiership,2024-2025
de69a2e0,Olwethu Nzimande,Olwethu Nzimande,,MF,Richards Bay FC,,,1,0,45,0.5,0,0,0,0,0,0,0,0,0.00,0.00,0.00,0.00,0.00,Matches,,,0,0,,0.00,0.00,,,,,,,,,,,,,,,,,,,South African Premiership,2024-2025
24cb4b6b,Richard Ofori,Richard Ofori,gh GHA,GK,AmaZulu,30,1993,19,19,"1,669",18.5,0,0,0,0,0,0,3,0,0.00,0.00,0.00,0.00,0.00,Matches,,,0,0,,0.00,0.00,8,42.1,19,19,16,0.86,6,"1,669",1,1,0,0.0,0,75.0,45,60,4,9,South African Premiership,2024-2025
65a239a9,Chibuike Ohizu,Chibuike Ohizu,ng NGA,FW,Sekhukhune United FC,27,1996,19,10,"1,108",12.3,6,1,7,6,0,0,4,0,0.49,0.08,0.57,0.49,0.57,Matches,0.26,0.46,23,13,56.5,1.06,1.87,,,,,,,,,,,,,,,,,,,South African Premiership,2024-2025
3cb58055,Ime Okon,Ime Okon,za RSA,DF,SuperSport United,20,2004,20,19,"1,697",18.9,0,0,0,0,0,0,2,0,0.00,0.00,0.00,0.00,0.00,Matches,0.00,,7,0,0.0,0.00,0.37,,,,,,,,,,,,,,,,,,,South African Premiership,2024-2025
700daac5,Ismaël Olivier Touré,Ismaël Olivier Touré,ci CIV,DF,Stellenbosch FC,26,1997,23,23,"2,012",22.4,0,0,0,0,0,0,6,0,0.00,0.00,0.00,0.00,0.00,Matches,0.00,0.00,10,3,30.0,0.13,0.45,,,,,,,,,,,,,,,,,,,South African Premiership,2024-2025
e7593fad,Brian Onyango,Brian Onyango,ke KEN,DF,Stellenbosch FC,30,1994,4,4,293,3.3,0,0,0,0,0,0,0,1,0.00,0.00,0.00,0.00,0.00,Matches,0.00,0.00,3,2,66.7,0.61,0.92,,,,,,,,,,,,,,,,,,,South African Premiership,2024-2025
690784a5,Denis Onyango,Denis Onyango,ug UGA,GK,Mamelodi Sundowns,39,1985,10,9,828,9.2,0,0,0,0,0,0,2,1,0.00,0.00,0.00,0.00,0.00,Matches,,,0,0,,0.00,0.00,6,66.7,10,9,4,0.43,1,828,0,0,0,,0,83.3,20,24,1,7,South African Premiership,2024-2025
b0e84604,Ian Otieno,Ian Otieno,ke KEN,GK,Richards Bay FC,30,1993,10,9,855,9.5,0,0,0,0,0,0,0,0,0.00,0.00,0.00,0.00,0.00,Matches,,,0,0,,0.00,0.00,3,33.3,10,9,13,1.37,7,855,0,0,0,,0,73.5,35,49,1,1,South African Premiership,2024-2025
d671962a,Katlego Otladisa,Katlego Otladisa,za RSA,MF,Sekhukhune United FC,27,1996,9,9,536,6.0,1,1,2,1,0,0,0,0,0.17,0.17,0.34,0.17,0.34,Matches,0.14,1.00,7,1,14.3,0.17,1.18,,,,,,,,,,,,,,,,,,,South African Premiership,2024-2025
85ce1f4c,Genino Palace,Genino Palace,za RSA,"MF,DF",Stellenbosch FC,25,1998,25,9,946,10.5,0,0,0,0,0,0,0,0,0.00,0.00,0.00,0.00,0.00,Matches,0.00,0.00,3,1,33.3,0.10,0.29,,,,,,,,,,,,,,,,,,,South African Premiership,2024-2025
29821434,Kerwin Peters,Kerwin Peters,za RSA,DF,Chippa United,23,2000,1,0,6,0.1,0,0,0,0,0,0,0,0,0.00,0.00,0.00,0.00,0.00,Matches,,,0,0,,0.00,0.00,,,,,,,,,,,,,,,,,,,South African Premiership,2024-2025
b550c846,Brandon Peterson,Brandon Peterson,za RSA,GK,Kaizer Chiefs,29,1994,4,4,360,4.0,0,0,0,0,0,0,1,0,0.00,0.00,0.00,0.00,0.00,Matches,,,0,0,,0.00,0.00,1,25.0,4,4,4,1.00,1,360,0,0,0,,0,71.4,10,14,2,1,South African Premiership,2024-2025
1aa2ab66,Aprocius Petrus,Aprocius Petrus,na NAM,"MF,DF",Cape Town City,24,1999,21,17,"1,548",17.2,0,1,1,0,0,0,6,1,0.00,0.06,0.06,0.00,0.06,Matches,0.00,0.00,9,2,22.2,0.12,0.52,,,,,,,,,,,,,,,,,,,South African Premiership,2024-2025
358fe116,Cheswyn Philander,Cheswyn Philander,za RSA,FW,Stellenbosch FC,20,2003,2,0,15,0.2,0,0,0,0,0,0,0,0,0.00,0.00,0.00,0.00,0.00,Matches,,,0,0,,0.00,0.00,,,,,,,,,,,,,,,,,,,South African Premiership,2024-2025
25631945,Giovanni Philander,Giovanni Philander,za RSA,MF,Chippa United,24,2000,19,11,"1,144",12.7,0,0,0,0,0,0,1,0,0.00,0.00,0.00,0.00,0.00,Matches,0.00,0.00,26,7,26.9,0.55,2.05,,,,,,,,,,,,,,,,,,,South African Premiership,2024-2025
edde0940,Langelihle Phili,Langelihle Phili,za RSA,"MF,FW",Stellenbosch FC,19,2005,19,6,746,8.3,0,1,1,0,0,0,1,0,0.00,0.12,0.12,0.00,0.12,Matches,0.00,0.00,14,5,35.7,0.60,1.69,,,,,,,,,,,,,,,,,,,South African Premiership,2024-2025
0b05a63e,Keenan Phillips,Keenan Phillips,za RSA,DF,Lamontville Golden Arrows,24,2000,22,19,"1,645",18.3,1,0,1,1,0,0,5,0,0.05,0.00,0.05,0.05,0.05,Matches,0.25,1.00,4,1,25.0,0.05,0.22,,,,,,,,,,,,,,,,,,,South African Premiership,2024-2025
d4602e1a,Ranga Piniel Chivaviro,Ranga Piniel Chivaviro,za RSA,FW,Kaizer Chiefs,31,1992,18,7,761,8.5,3,0,3,3,0,0,1,0,0.35,0.00,0.35,0.35,0.35,Matches,0.10,0.25,29,12,41.4,1.42,3.43,,,,,,,,,,,,,,,,,,,South African Premiership,2024-2025
cf54b018,Brooklyn Poggenpoel,Brooklyn Poggenpoel,za RSA,MF,SuperSport United,24,1999,18,16,"1,326",14.7,0,2,2,0,0,0,1,0,0.00,0.14,0.14,0.00,0.14,Matches,0.00,0.00,10,2,20.0,0.14,0.68,,,,,,,,,,,,,,,,,,,South African Premiership,2024-2025
4c993f98,Tebogo Potsane,Tebogo Potsane,za RSA,MF,Kaizer Chiefs,30,1993,7,2,291,3.2,0,0,0,0,0,0,2,0,0.00,0.00,0.00,0.00,0.00,Matches,0.00,0.00,5,1,20.0,0.31,1.55,,,,,,,,,,,,,,,,,,,South African Premiership,2024-2025
a4ee635c,Rewaldo Prins,Rewaldo Prins,na NAM,MF,Marumo Gallants FC,21,2003,5,1,155,1.7,0,0,0,0,0,0,0,0,0.00,0.00,0.00,0.00,0.00,Matches,0.00,,5,0,0.0,0.00,2.90,,,,,,,,,,,,,,,,,,,South African Premiership,2024-2025
f12ba819,Vincent Pule,Vincent Pule,za RSA,MF,SuperSport United,32,1992,19,12,"1,031",11.5,0,2,2,0,0,0,0,0,0.00,0.17,0.17,0.00,0.17,Matches,0.00,0.00,26,8,30.8,0.70,2.27,,,,,,,,,,,,,,,,,,,South African Premiership,2024-2025
08cabd02,Enoch Quaicoe,Enoch Quaicoe,gh GHA,MF,SuperSport United,24,2000,5,1,129,1.4,0,0,0,0,0,0,0,0,0.00,0.00,0.00,0.00,0.00,Matches,0.00,,8,0,0.0,0.00,5.58,,,,,,,,,,,,,,,,,,,South African Premiership,2024-2025
26feae20,Nkosikhona Radebe,Nkosikhona Radebe,za RSA,MF,AmaZulu,23,2001,7,5,442,4.9,2,0,2,2,0,0,1,0,0.41,0.00,0.41,0.41,0.41,Matches,0.25,0.50,8,4,50.0,0.81,1.63,,,,,,,,,,,,,,,,,,,South African Premiership,2024-2025
26feae20,Nkosikhona Radebe,Nkosikhona Radebe,za RSA,MF,AmaZulu,23,2001,7,5,442,4.9,2,0,2,2,0,0,1,0,0.41,0.00,0.41,0.41,0.41,Matches,0.17,0.33,6,3,50.0,1.06,2.12,,,,,,,,,,,,,,,,,,,South African Premiership,2024-2025
26feae20,Nkosikhona Radebe,Nkosikhona Radebe,za RSA,MF,TS Galaxy,23,2001,9,0,255,2.8,1,0,1,1,0,0,2,0,0.35,0.00,0.35,0.35,0.35,Matches,0.25,0.50,8,4,50.0,0.81,1.63,,,,,,,,,,,,,,,,,,,South African Premiership,2024-2025
26feae20,Nkosikhona Radebe,Nkosikhona Radebe,za RSA,MF,TS Galaxy,23,2001,9,0,255,2.8,1,0,1,1,0,0,2,0,0.35,0.00,0.35,0.35,0.35,Matches,0.17,0.33,6,3,50.0,1.06,2.12,,,,,,,,,,,,,,,,,,,South African Premiership,2024-2025
78768d32,Sabelo Radebe,Sabelo Radebe,za RSA,MF,Richards Bay FC,24,2000,2,0,14,0.2,0,0,0,0,0,0,0,0,0.00,0.00,0.00,0.00,0.00,Matches,,,0,0,,0.00,0.00,,,,,,,,,,,,,,,,,,,South African Premiership,2024-2025
ba8751f0,Kayden Rademeyer,Kayden Rademeyer,za RSA,"MF,FW",Magesi FC,25,1999,16,11,985,10.9,0,0,0,0,0,0,2,0,0.00,0.00,0.00,0.00,0.00,Matches,0.00,,8,0,0.0,0.00,0.73,,,,,,,,,,,,,,,,,,,South African Premiership,2024-2025
6ff6e221,Boitumelo Radiopane,Boitumelo Radiopane,za RSA,FW,Orlando Pirates,22,2002,12,2,316,3.5,1,0,1,0,1,1,1,0,0.28,0.00,0.28,0.00,0.00,Matches,0.00,0.00,8,5,62.5,1.42,2.28,,,,,,,,,,,,,,,,,,,South African Premiership,2024-2025
070e8e66,Mokibelo Ramabu,Mokibelo Ramabu,za RSA,MF,Polokwane City,21,2002,24,21,"1,799",20.0,3,1,4,3,0,0,1,0,0.15,0.05,0.20,0.15,0.20,Matches,0.10,0.25,29,12,41.4,0.60,1.45,,,,,,,,,,,,,,,,,,,South African Premiership,2024-2025
b7cc3270,Ngoanamello Rammala,Ngoanamello Rammala,za RSA,"MF,FW",Sekhukhune United FC,24,1999,17,9,912,10.1,3,1,4,3,0,0,3,1,0.30,0.10,0.39,0.30,0.39,Matches,0.16,0.38,19,8,42.1,0.79,1.87,,,,,,,,,,,,,,,,,,,South African Premiership,2024-2025
89c1258e,Kgaogelo Ramushu,Kgaogelo Ramushu,za RSA,DF,Polokwane City,23,2001,2,0,15,0.2,0,0,0,0,0,0,0,0,0.00,0.00,0.00,0.00,0.00,Matches,,,0,0,,0.00,0.00,,,,,,,,,,,,,,,,,,,South African Premiership,2024-2025
970750bc,Nyakala Raphadu,Nyakala Raphadu,za RSA,"FW,MF",Polokwane City,27,1997,10,5,529,5.9,0,0,0,0,0,0,0,0,0.00,0.00,0.00,0.00,0.00,Matches,0.00,0.00,8,2,25.0,0.34,1.36,,,,,,,,,,,,,,,,,,,South African Premiership,2024-2025
b3d59a1b,Neo Rapoo,Neo Rapoo,za RSA,"DF,MF",SuperSport United,18,2005,11,8,736,8.2,0,1,1,0,0,0,1,0,0.00,0.12,0.12,0.00,0.12,Matches,0.00,0.00,11,3,27.3,0.37,1.35,,,,,,,,,,,,,,,,,,,South African Premiership,2024-2025
a4416cab,Selaelo Rasebotja,Selaelo Rasebotja,za RSA,MF,Orlando Pirates,23,2001,4,0,37,0.4,0,0,0,0,0,0,1,0,0.00,0.00,0.00,0.00,0.00,Matches,,,0,0,,0.00,0.00,,,,,,,,,,,,,,,,,,,South African Premiership,2024-2025
190b0d5e,Iqraam Rayners,Iqraam Rayners,za RSA,FW,Mamelodi Sundowns,28,1995,26,23,"1,822",20.2,14,9,23,14,0,0,1,0,0.69,0.44,1.14,0.69,1.14,Matches,0.34,0.61,41,23,56.1,1.14,2.03,,,,,,,,,,,,,,,,,,,South African Premiership,2024-2025
147c8bda,Jaedin Rhodes,Jaedin Rhodes,za RSA,MF,Cape Town City,21,2003,23,20,"1,679",18.7,1,1,2,1,0,0,1,0,0.05,0.05,0.11,0.05,0.11,Matches,0.03,0.08,30,12,40.0,0.64,1.61,,,,,,,,,,,,,,,,,,,South African Premiership,2024-2025
dab5e974,Lucas Ribeiro,Lucas Ribeiro,br BRA,"FW,MF",Mamelodi Sundowns,25,1998,26,25,"1,959",21.8,16,9,25,14,2,2,3,0,0.74,0.41,1.15,0.64,1.06,Matches,0.20,0.44,69,32,46.4,1.47,3.17,,,,,,,,,,,,,,,,,,,South African Premiership,2024-2025
36015ee8,Tshepo Rikhotso,Tshepo Rikhotso,za RSA,DF,Marumo Gallants FC,31,1993,13,12,"1,010",11.2,0,0,0,0,0,0,1,0,0.00,0.00,0.00,0.00,0.00,Matches,0.00,,1,0,0.0,0.00,0.09,,,,,,,,,,,,,,,,,,,South African Premiership,2024-2025
560ad467,Erwin Saavedra,Erwin Saavedra,bo BOL,MF,Mamelodi Sundowns,28,1996,1,0,34,0.4,0,0,0,0,0,0,0,0,0.00,0.00,0.00,0.00,0.00,Matches,,,0,0,,0.00,0.00,,,,,,,,,,,,,,,,,,,South African Premiership,2024-2025
9d0f5194,Christian Saile,Christian Saile,,"MF,FW",SuperSport United,24,1999,15,14,"1,057",11.7,4,0,4,4,0,0,0,0,0.34,0.00,0.34,0.34,0.34,Matches,0.15,0.40,27,10,37.0,0.85,2.30,,,,,,,,,,,,,,,,,,,South African Premiership,2024-2025
9d0f5194,Christian Saile,Christian Saile,,"MF,FW",SuperSport United,24,1999,15,14,"1,057",11.7,4,0,4,4,0,0,0,0,0.34,0.00,0.34,0.34,0.34,Matches,0.00,0.00,6,1,16.7,0.53,3.18,,,,,,,,,,,,,,,,,,,South African Premiership,2024-2025
9d0f5194,Christian Saile,Christian Saile,,MF,Kaizer Chiefs,24,1999,6,2,170,1.9,0,0,0,0,0,0,0,0,0.00,0.00,0.00,0.00,0.00,Matches,0.15,0.40,27,10,37.0,0.85,2.30,,,,,,,,,,,,,,,,,,,South African Premiership,2024-2025
9d0f5194,Christian Saile,Christian Saile,,MF,Kaizer Chiefs,24,1999,6,2,170,1.9,0,0,0,0,0,0,0,0,0.00,0.00,0.00,0.00,0.00,Matches,0.00,0.00,6,1,16.7,0.53,3.18,,,,,,,,,,,,,,,,,,,South African Premiership,2024-2025
ec260621,Enock Sakala,Enock Sakala,,FW,Chippa United,,,6,3,178,2.0,1,0,1,1,0,0,0,0,0.51,0.00,0.51,0.51,0.51,Matches,0.25,1.00,4,1,25.0,0.51,2.02,,,,,,,,,,,,,,,,,,,South African Premiership,2024-2025
356f80a6,Monnapule Saleng,Monnapule Saleng,za RSA,MF,Orlando Pirates,26,1998,3,2,164,1.8,2,0,2,2,0,0,0,0,1.10,0.00,1.10,1.10,1.10,Matches,0.29,0.40,7,5,71.4,2.74,3.84,,,,,,,,,,,,,,,,,,,South African Premiership,2024-2025
d29e335c,Arthur Sales,Arthur Sales,br BRA,"FW,MF",Mamelodi Sundowns,22,2002,19,8,"1,020",11.3,8,8,16,7,1,1,0,0,0.71,0.71,1.41,0.62,1.32,Matches,0.30,0.50,23,14,60.9,1.24,2.03,,,,,,,,,,,,,,,,,,,South African Premiership,2024-2025
b10eabee,Jamal Salim,Jamal Salim,ug UGA,GK,Richards Bay FC,29,1995,19,19,"1,665",18.5,0,0,0,0,0,0,1,0,0.00,0.00,0.00,0.00,0.00,Matches,,,0,0,,0.00,0.00,10,52.6,19,19,13,0.70,6,"1,665",2,2,0,0.0,0,73.2,30,41,5,8,South African Premiership,2024-2025
b021f725,Pogiso Sanoka,Pogiso Sanoka,za RSA,DF,SuperSport United,32,1992,18,14,"1,313",14.6,0,0,0,0,0,0,6,0,0.00,0.00,0.00,0.00,0.00,Matches,0.00,,5,0,0.0,0.00,0.34,,,,,,,,,,,,,,,,,,,South African Premiership,2024-2025
e7d710d7,Manuel Sapunga,Manuel Sapunga,gq EQG,GK,Polokwane City,31,1992,16,16,"1,440",16.0,0,0,0,0,0,0,0,0,0.00,0.00,0.00,0.00,0.00,Matches,,,0,0,,0.00,0.00,6,37.5,16,16,13,0.81,5,"1,440",0,0,0,,0,75.0,39,52,6,5,South African Premiership,2024-2025
f3e767f4,Sammy Seabi,Sammy Seabi,za RSA,MF,Polokwane City,29,1994,4,1,158,1.8,0,0,0,0,0,0,2,0,0.00,0.00,0.00,0.00,0.00,Matches,0.00,,1,0,0.0,0.00,0.57,,,,,,,,,,,,,,,,,,,South African Premiership,2024-2025
cc014f7d,Kamogelo Sebelebele,Kamogelo Sebelebele,za RSA,"MF,DF",TS Galaxy,22,2002,26,21,"1,855",20.6,4,2,6,4,0,0,6,1,0.19,0.10,0.29,0.19,0.29,Matches,0.10,0.29,42,14,33.3,0.68,2.04,,,,,,,,,,,,,,,,,,,South African Premiership,2024-2025
54c75ca3,Lebone Seema,Lebone Seema,za RSA,DF,TS Galaxy,21,2003,17,6,626,7.0,0,0,0,0,0,0,1,0,0.00,0.00,0.00,0.00,0.00,Matches,0.00,,7,0,0.0,0.00,1.01,,,,,,,,,,,,,,,,,,,South African Premiership,2024-2025
29ed3003,Kgaogelo Sekgota,Kgaogelo Sekgota,za RSA,"MF,FW",Magesi FC,27,1997,7,3,229,2.5,0,0,0,0,0,0,1,0,0.00,0.00,0.00,0.00,0.00,Matches,0.00,,1,0,0.0,0.00,0.39,,,,,,,,,,,,,,,,,,,South African Premiership,2024-2025
8f7b0ab1,Simphiwe Selepe,Simphiwe Selepe,za RSA,MF,Orlando Pirates,19,2005,7,5,474,5.3,1,0,1,1,0,0,2,0,0.19,0.00,0.19,0.19,0.19,Matches,0.50,1.00,2,1,50.0,0.19,0.38,,,,,,,,,,,,,,,,,,,South African Premiership,2024-2025
a05916c1,Heaven Sereetsi,Heaven Sereetsi,za RSA,MF,Cape Town City,20,2003,10,2,317,3.5,0,0,0,0,0,0,0,0,0.00,0.00,0.00,0.00,0.00,Matches,0.00,0.00,9,2,22.2,0.57,2.56,,,,,,,,,,,,,,,,,,,South African Premiership,2024-2025
a78147dd,Thulani Serero,Thulani Serero,za RSA,MF,Cape Town City,34,1990,7,3,252,2.8,0,0,0,0,0,0,0,0,0.00,0.00,0.00,0.00,0.00,Matches,0.00,0.00,3,2,66.7,0.71,1.07,,,,,,,,,,,,,,,,,,,South African Premiership,2024-2025
abdca9fc,Karabo Seroto,Karabo Seroto,za RSA,FW,Magesi FC,21,2002,1,0,12,0.1,0,0,0,0,0,0,0,0,0.00,0.00,0.00,0.00,0.00,Matches,,,0,0,,0.00,0.00,,,,,,,,,,,,,,,,,,,South African Premiership,2024-2025
1bf8d743,Thabiso Sesane,Thabiso Sesane,za RSA,DF,Orlando Pirates,24,2000,13,13,"1,045",11.6,0,1,1,0,0,0,3,0,0.00,0.09,0.09,0.00,0.09,Matches,0.00,,2,0,0.0,0.00,0.17,,,,,,,,,,,,,,,,,,,South African Premiership,2024-2025
a805e9f3,Mduduzi Shabalala,Mduduzi Shabalala,za RSA,MF,Kaizer Chiefs,20,2004,27,20,"1,706",19.0,4,1,5,4,0,0,3,0,0.21,0.05,0.26,0.21,0.26,Matches,0.10,0.25,42,16,38.1,0.84,2.22,,,,,,,,,,,,,,,,,,,South African Premiership,2024-2025
2164e99a,Siyabulela Shai,Siyabulela Shai,za RSA,FW,Marumo Gallants FC,31,1993,11,7,565,6.3,0,0,0,0,0,0,2,0,0.00,0.00,0.00,0.00,0.00,Matches,0.00,0.00,11,6,54.5,0.96,1.75,,,,,,,,,,,,,,,,,,,South African Premiership,2024-2025
d74c6799,Peter Shalulile,Peter Shalulile,na NAM,FW,Mamelodi Sundowns,31,1992,23,14,"1,282",14.2,6,1,7,6,0,0,1,0,0.42,0.07,0.49,0.42,0.49,Matches,0.21,0.55,29,11,37.9,0.77,2.04,,,,,,,,,,,,,,,,,,,South African Premiership,2024-2025
90141290,Bandile Shandu,Bandile Shandu,za RSA,"DF,MF",Orlando Pirates,29,1995,14,9,715,7.9,2,0,2,2,0,0,4,0,0.25,0.00,0.25,0.25,0.25,Matches,0.18,0.50,11,4,36.4,0.50,1.38,,,,,,,,,,,,,,,,,,,South African Premiership,2024-2025
3b314011,Khulekani Shezi,Khulekani Shezi,za RSA,DF,Sekhukhune United FC,23,2001,3,0,59,0.7,0,0,0,0,0,0,2,1,0.00,0.00,0.00,0.00,0.00,Matches,,,0,0,,0.00,0.00,,,,,,,,,,,,,,,,,,,South African Premiership,2024-2025
e5ba7413,Gladwin Shitolo,Gladwin Shitolo,za RSA,DF,Lamontville Golden Arrows,34,1989,26,26,"2,285",25.4,1,0,1,1,0,0,1,0,0.04,0.00,0.04,0.04,0.04,Matches,0.09,0.33,11,3,27.3,0.12,0.43,,,,,,,,,,,,,,,,,,,South African Premiership,2024-2025
48c1855b,Qobolwakhe Sibande,Qobolwakhe Sibande,za RSA,"DF,FW",TS Galaxy,24,2000,7,5,390,4.3,0,0,0,0,0,0,0,0,0.00,0.00,0.00,0.00,0.00,Matches,0.00,0.00,4,1,25.0,0.23,0.92,,,,,,,,,,,,,,,,,,,South African Premiership,2024-2025
b2732d46,Thabang Sibanyoni,Thabang Sibanyoni,za RSA,"FW,MF",Magesi FC,28,1996,12,8,812,9.0,2,1,3,2,0,0,0,0,0.22,0.11,0.33,0.22,0.33,Matches,0.15,0.25,13,8,61.5,0.89,1.44,,,,,,,,,,,,,,,,,,,South African Premiership,2024-2025
b2732d46,Thabang Sibanyoni,Thabang Sibanyoni,za RSA,"FW,MF",Magesi FC,28,1996,12,8,812,9.0,2,1,3,2,0,0,0,0,0.22,0.11,0.33,0.22,0.33,Matches,0.00,,7,0,0.0,0.00,2.61,,,,,,,,,,,,,,,,,,,South African Premiership,2024-2025
b2732d46,Thabang Sibanyoni,Thabang Sibanyoni,za RSA,FW,Richards Bay FC,28,1996,6,3,241,2.7,0,0,0,0,0,0,2,0,0.00,0.00,0.00,0.00,0.00,Matches,0.15,0.25,13,8,61.5,0.89,1.44,,,,,,,,,,,,,,,,,,,South African Premiership,2024-2025
b2732d46,Thabang Sibanyoni,Thabang Sibanyoni,za RSA,FW,Richards Bay FC,28,1996,6,3,241,2.7,0,0,0,0,0,0,2,0,0.00,0.00,0.00,0.00,0.00,Matches,0.00,,7,0,0.0,0.00,2.61,,,,,,,,,,,,,,,,,,,South African Premiership,2024-2025
21948e07,Thokozani Sibanyoni,Thokozani Sibanyoni,,"MF,FW",TS Galaxy,,,10,3,284,3.2,1,0,1,1,0,0,3,0,0.32,0.00,0.32,0.32,0.32,Matches,0.17,0.33,6,3,50.0,0.95,1.90,,,,,,,,,,,,,,,,,,,South African Premiership,2024-2025
54a23621,Sibusiso Sibeko,Sibusiso Sibeko,za RSA,"MF,DF",Lamontville Golden Arrows,29,1995,10,5,399,4.4,0,0,0,0,0,0,0,0,0.00,0.00,0.00,0.00,0.00,Matches,,,0,0,,0.00,0.00,,,,,,,,,,,,,,,,,,,South African Premiership,2024-2025
932f8e2b,Nkosinathi Sibisi,Nkosinathi Sibisi,za RSA,DF,Orlando Pirates,28,1995,25,23,"2,116",23.5,2,0,2,2,0,0,10,1,0.09,0.00,0.09,0.09,0.09,Matches,0.25,0.50,8,4,50.0,0.17,0.34,,,,,,,,,,,,,,,,,,,South African Premiership,2024-2025
c7718dfd,Nduduzo Sibiya,Nduduzo Sibiya,za RSA,"MF,FW",Lamontville Golden Arrows,29,1995,27,25,"1,993",22.1,3,1,4,2,1,1,2,0,0.14,0.05,0.18,0.09,0.14,Matches,0.06,0.15,34,13,38.2,0.59,1.54,,,,,,,,,,,,,,,,,,,South African Premiership,2024-2025
6af26012,Vusi Sibiya,Vusi Sibiya,za RSA,DF,Marumo Gallants FC,30,1994,7,6,541,6.0,0,0,0,0,0,0,0,0,0.00,0.00,0.00,0.00,0.00,Matches,0.00,,3,0,0.0,0.00,0.50,,,,,,,,,,,,,,,,,,,South African Premiership,2024-2025
aa4115d1,Tshabalala Sibusiso,Tshabalala Sibusiso,,FW,Polokwane City,,,9,2,295,3.3,2,0,2,2,0,0,0,0,0.61,0.00,0.61,0.61,0.61,Matches,0.29,1.00,7,2,28.6,0.61,2.14,,,,,,,,,,,,,,,,,,,South African Premiership,2024-2025
1d2b1d8c,Samkele Sihlali,Samkele Sihlali,za RSA,FW,Sekhukhune United FC,21,2002,8,3,273,3.0,1,0,1,1,0,0,0,0,0.33,0.00,0.33,0.33,0.33,Matches,0.33,0.50,3,2,66.7,0.66,0.99,,,,,,,,,,,,,,,,,,,South African Premiership,2024-2025
6c944140,Thembela Sikhakhane,Thembela Sikhakhane,za RSA,"DF,MF",AmaZulu,31,1993,9,8,718,8.0,0,0,0,0,0,0,0,0,0.00,0.00,0.00,0.00,0.00,Matches,0.00,,1,0,0.0,0.00,0.13,,,,,,,,,,,,,,,,,,,South African Premiership,2024-2025
c0850047,Marvin Sikhosana,Marvin Sikhosana,za RSA,DF,Marumo Gallants FC,28,1995,16,16,"1,440",16.0,0,0,0,0,0,0,2,0,0.00,0.00,0.00,0.00,0.00,Matches,0.00,0.00,1,1,100.0,0.06,0.06,,,,,,,,,,,,,,,,,,,South African Premiership,2024-2025
e3adf58f,Gastón Sirino,Gastón Sirino,uy URU,MF,Kaizer Chiefs,33,1991,18,13,"1,014",11.3,1,5,6,1,0,0,5,1,0.09,0.44,0.53,0.09,0.53,Matches,0.04,0.14,25,7,28.0,0.62,2.22,,,,,,,,,,,,,,,,,,,South African Premiership,2024-2025
9c41e9df,Siyethemba Sithebe,Siyethemba Sithebe,za RSA,MF,Richards Bay FC,31,1993,5,4,252,2.8,0,0,0,0,0,0,0,0,0.00,0.00,0.00,0.00,0.00,Matches,0.00,,2,0,0.0,0.00,0.71,,,,,,,,,,,,,,,,,,,South African Premiership,2024-2025
899ab4b7,Andiswa Sithole,Andiswa Sithole,za RSA,MF,AmaZulu,21,2002,10,0,137,1.5,1,0,1,1,0,0,0,0,0.66,0.00,0.66,0.66,0.66,Matches,0.50,1.00,2,1,50.0,0.66,1.31,,,,,,,,,,,,,,,,,,,South African Premiership,2024-2025
013dbcc7,Kamohelo Sithole,Kamohelo Sithole,za RSA,MF,Sekhukhune United FC,27,1997,1,1,45,0.5,0,0,0,0,0,0,0,0,0.00,0.00,0.00,0.00,0.00,Matches,,,0,0,,0.00,0.00,,,,,,,,,,,,,,,,,,,South African Premiership,2024-2025
f2824a3a,Sabelo Sithole,Sabelo Sithole,za RSA,MF,Lamontville Golden Arrows,21,2002,4,2,171,1.9,0,0,0,0,0,0,0,0,0.00,0.00,0.00,0.00,0.00,Matches,0.00,0.00,2,1,50.0,0.53,1.05,,,,,,,,,,,,,,,,,,,South African Premiership,2024-2025
2ce8122f,Sekela Sithole,Sekela Sithole,za RSA,MF,Marumo Gallants FC,27,1996,22,18,"1,305",14.5,4,3,7,4,0,0,3,0,0.28,0.21,0.48,0.28,0.48,Matches,0.21,0.57,19,7,36.8,0.48,1.31,,,,,,,,,,,,,,,,,,,South African Premiership,2024-2025
5b29c4c0,Xolani Sithole,Xolani Sithole,za RSA,"MF,DF",Chippa United,25,1998,16,11,901,10.0,0,0,0,0,0,0,3,0,0.00,0.00,0.00,0.00,0.00,Matches,0.00,0.00,9,2,22.2,0.20,0.90,,,,,,,,,,,,,,,,,,,South African Premiership,2024-2025
44868935,Luyolo Slatsha,Luyolo Slatsha,za RSA,MF,Cape Town City,22,2002,3,1,47,0.5,0,0,0,0,0,0,0,0,0.00,0.00,0.00,0.00,0.00,Matches,,,0,0,,0.00,0.00,,,,,,,,,,,,,,,,,,,South African Premiership,2024-2025
68687645,Dillon Solomons,Dillon Solomons,za RSA,"DF,MF",Kaizer Chiefs,28,1996,12,9,791,8.8,0,1,1,0,0,0,2,0,0.00,0.11,0.11,0.00,0.11,Matches,0.00,0.00,8,1,12.5,0.11,0.91,,,,,,,,,,,,,,,,,,,South African Premiership,2024-2025
a2318490,Amadou Soukouna,Amadou Soukouna,fr FRA,FW,Cape Town City,32,1992,24,16,"1,342",14.9,3,0,3,3,0,0,3,0,0.20,0.00,0.20,0.20,0.20,Matches,0.09,0.27,32,11,34.4,0.74,2.15,,,,,,,,,,,,,,,,,,,South African Premiership,2024-2025
fadb1d4f,Damir Šovšić,Damir Šovšić,ba BIH,FW,TS Galaxy,34,1990,9,1,159,1.8,1,0,1,1,0,0,0,0,0.57,0.00,0.57,0.57,0.57,Matches,0.50,1.00,2,1,50.0,0.57,1.13,,,,,,,,,,,,,,,,,,,South African Premiership,2024-2025
5d34459a,Sage Stephens,Sage Stephens,za RSA,GK,Stellenbosch FC,33,1991,19,19,"1,710",19.0,0,0,0,0,0,0,2,0,0.00,0.00,0.00,0.00,0.00,Matches,,,0,0,,0.00,0.00,6,31.6,19,19,16,0.84,5,"1,710",1,1,0,0.0,0,72.2,39,54,6,8,South African Premiership,2024-2025
51bc9fe2,Lucas Suárez,Lucas Suárez,ar ARG,DF,Mamelodi Sundowns,29,1995,11,9,832,9.2,1,0,1,1,0,0,1,0,0.11,0.00,0.11,0.11,0.11,Matches,1.00,1.00,1,1,100.0,0.11,0.11,,,,,,,,,,,,,,,,,,,South African Premiership,2024-2025
59db7579,Aphelele Teto,Aphelele Teto,za RSA,MF,Chippa United,21,2003,12,5,517,5.7,0,0,0,0,0,0,1,0,0.00,0.00,0.00,0.00,0.00,Matches,0.00,0.00,9,1,11.1,0.17,1.57,,,,,,,,,,,,,,,,,,,South African Premiership,2024-2025
eb544f33,Bayanda Thabede,Bayanda Thabede,,"MF,FW",AmaZulu,,,2,2,130,1.4,0,0,0,0,0,0,1,0,0.00,0.00,0.00,0.00,0.00,Matches,0.00,,1,0,0.0,0.00,0.69,,,,,,,,,,,,,,,,,,,South African Premiership,2024-2025
2b4e8829,Brandon Theron,Brandon Theron,za RSA,"DF,MF",Lamontville Golden Arrows,31,1993,16,9,921,10.2,0,0,0,0,0,0,3,0,0.00,0.00,0.00,0.00,0.00,Matches,,,0,0,,0.00,0.00,,,,,,,,,,,,,,,,,,,South African Premiership,2024-2025
36744a51,Mfundo Thikazi,Mfundo Thikazi,za RSA,"MF,FW",Richards Bay FC,25,1999,2,2,90,1.0,0,0,0,0,0,0,0,0,0.00,0.00,0.00,0.00,0.00,Matches,0.00,0.00,2,1,50.0,1.00,2.00,,,,,,,,,,,,,,,,,,,South African Premiership,2024-2025
206744e8,Devon Titus,Devon Titus,za RSA,"MF,FW",Stellenbosch FC,24,2000,28,26,"2,159",24.0,8,5,13,8,0,0,3,0,0.33,0.21,0.54,0.33,0.54,Matches,0.15,0.36,52,22,42.3,0.92,2.17,,,,,,,,,,,,,,,,,,,South African Premiership,2024-2025
0e5a3343,Asekho Tiwani,Asekho Tiwani,za RSA,"MF,DF",Mamelodi Sundowns,18,2005,8,7,599,6.7,0,0,0,0,0,0,2,0,0.00,0.00,0.00,0.00,0.00,Matches,0.00,,2,0,0.0,0.00,0.30,,,,,,,,,,,,,,,,,,,South African Premiership,2024-2025
ba4956cf,Prins Tjiueza,Prins Tjiueza,na NAM,"FW,MF",Cape Town City,22,2002,21,16,"1,524",16.9,1,2,3,1,0,0,4,0,0.06,0.12,0.18,0.06,0.18,Matches,0.03,0.10,29,10,34.5,0.59,1.71,,,,,,,,,,,,,,,,,,,South African Premiership,2024-2025
7f65e8ae,Karabo Tlaka,Karabo Tlaka,,MF,Sekhukhune United FC,,,1,1,45,0.5,0,0,0,0,0,0,0,0,0.00,0.00,0.00,0.00,0.00,Matches,,,0,0,,0.00,0.00,,,,,,,,,,,,,,,,,,,South African Premiership,2024-2025
5bd84ff0,Puleng Tlolane,Puleng Tlolane,za RSA,MF,Polokwane City,33,1991,17,5,728,8.1,1,2,3,1,0,1,2,0,0.12,0.25,0.37,0.12,0.37,Matches,0.06,0.17,17,6,35.3,0.74,2.10,,,,,,,,,,,,,,,,,,,South African Premiership,2024-2025
48b83da8,Tebogo Tlolane,Tebogo Tlolane,za RSA,"DF,MF",Lamontville Golden Arrows,29,1994,4,0,60,0.7,0,0,0,0,0,0,0,0,0.00,0.00,0.00,0.00,0.00,Matches,,,0,0,,0.00,0.00,,,,,,,,,,,,,,,,,,,South African Premiership,2024-2025
8342565f,Azola Tshobeni,Azola Tshobeni,za RSA,MF,Orlando Pirates,21,2002,2,0,18,0.2,0,0,0,0,0,0,0,0,0.00,0.00,0.00,0.00,0.00,Matches,,,0,0,,0.00,0.00,,,,,,,,,,,,,,,,,,,South African Premiership,2024-2025
d4cc347a,Papama Tyongwana,Papama Tyongwana,,MF,Chippa United,,,12,6,548,6.1,0,0,0,0,0,0,2,0,0.00,0.00,0.00,0.00,0.00,Matches,,,0,0,,0.00,0.00,,,,,,,,,,,,,,,,,,,South African Premiership,2024-2025
92e00e6b,Angelo Van Rooi,Angelo Van Rooi,za RSA,"MF,FW",Lamontville Golden Arrows,27,1997,21,14,"1,297",14.4,0,0,0,0,0,0,0,0,0.00,0.00,0.00,0.00,0.00,Matches,0.00,0.00,20,4,20.0,0.28,1.39,,,,,,,,,,,,,,,,,,,South African Premiership,2024-2025
242e4ef9,Deano Van Rooyen,Deano Van Rooyen,za RSA,DF,Orlando Pirates,27,1996,20,18,"1,480",16.4,1,1,2,1,0,0,1,0,0.06,0.06,0.12,0.06,0.12,Matches,0.10,1.00,10,1,10.0,0.06,0.61,,,,,,,,,,,,,,,,,,,South African Premiership,2024-2025
a9b6f1de,Mcedi Vandala,Mcedi Vandala,za RSA,MF,Sekhukhune United FC,29,1995,4,3,195,2.2,1,0,1,1,0,0,0,0,0.46,0.00,0.46,0.46,0.46,Matches,0.33,0.50,3,2,66.7,0.92,1.38,,,,,,,,,,,,,,,,,,,South African Premiership,2024-2025
a9b6f1de,Mcedi Vandala,Mcedi Vandala,za RSA,MF,Sekhukhune United FC,29,1995,4,3,195,2.2,1,0,1,1,0,0,0,0,0.46,0.00,0.46,0.46,0.46,Matches,0.03,0.09,29,11,37.9,0.76,2.01,,,,,,,,,,,,,,,,,,,South African Premiership,2024-2025
a9b6f1de,Mcedi Vandala,Mcedi Vandala,za RSA,"MF,FW",Magesi FC,29,1995,16,14,"1,299",14.4,4,2,6,1,3,3,1,0,0.28,0.14,0.42,0.07,0.21,Matches,0.33,0.50,3,2,66.7,0.92,1.38,,,,,,,,,,,,,,,,,,,South African Premiership,2024-2025
a9b6f1de,Mcedi Vandala,Mcedi Vandala,za RSA,"MF,FW",Magesi FC,29,1995,16,14,"1,299",14.4,4,2,6,1,3,3,1,0,0.28,0.14,0.42,0.07,0.21,Matches,0.03,0.09,29,11,37.9,0.76,2.01,,,,,,,,,,,,,,,,,,,South African Premiership,2024-2025
9bf74581,Mfundo Vilakazi,Mfundo Vilakazi,za RSA,MF,Kaizer Chiefs,18,2005,22,3,666,7.4,2,1,3,2,0,0,0,0,0.27,0.14,0.41,0.27,0.41,Matches,0.06,0.20,32,10,31.3,1.35,4.32,,,,,,,,,,,,,,,,,,,South African Premiership,2024-2025
89a6b0eb,Mbulelo Wagaba,Mbulelo Wagaba,za RSA,MF,Marumo Gallants FC,27,1996,5,1,97,1.1,0,0,0,0,0,0,1,0,0.00,0.00,0.00,0.00,0.00,Matches,0.00,0.00,3,1,33.3,0.93,2.78,,,,,,,,,,,,,,,,,,,South African Premiership,2024-2025
bb70cea9,Thiago Walters,Thiago Walters,,,TS Galaxy,,,1,0,6,0.1,0,0,0,0,0,0,0,0,0.00,0.00,0.00,0.00,0.00,Matches,,,0,0,,0.00,0.00,,,,,,,,,,,,,,,,,,,South African Premiership,2024-2025
83fc714f,Ismail Watenga,Ismail Watenga,ug UGA,GK,Lamontville Golden Arrows,29,1995,12,12,"1,058",11.8,0,0,0,0,0,0,1,0,0.00,0.00,0.00,0.00,0.00,Matches,,,0,0,,0.00,0.00,4,33.3,12,12,14,1.19,4,"1,058",2,2,0,0.0,0,73.3,33,45,6,2,South African Premiership,2024-2025
a66cc153,Ronwen Williams,Ronwen Williams,za RSA,GK,Mamelodi Sundowns,32,1992,16,16,"1,407",15.6,0,0,0,0,0,0,1,1,0.00,0.00,0.00,0.00,0.00,Matches,,,0,0,,0.00,0.00,11,68.8,16,16,6,0.38,2,"1,407",0,1,0,100.0,1,82.9,30,35,0,14,South African Premiership,2024-2025
57fdedf1,Emile Witbooi,Emile Witbooi,za RSA,FW,Cape Town City,15,2008,4,0,54,0.6,0,0,0,0,0,0,0,0,0.00,0.00,0.00,0.00,0.00,Matches,0.00,,1,0,0.0,0.00,1.67,,,,,,,,,,,,,,,,,,,South African Premiership,2024-2025
9f71c083,Tapelo Xoki,Tapelo Xoki,za RSA,DF,Orlando Pirates,29,1995,11,6,701,7.8,0,0,0,0,0,0,2,0,0.00,0.00,0.00,0.00,0.00,Matches,0.00,0.00,3,1,33.3,0.13,0.39,,,,,,,,,,,,,,,,,,,South African Premiership,2024-2025
22456fc2,Trésor Yamba,Trésor Yamba,cd COD,DF,Sekhukhune United FC,25,1998,25,24,"2,085",23.2,3,0,3,3,0,0,3,0,0.13,0.00,0.13,0.13,0.13,Matches,0.14,0.38,21,8,38.1,0.35,0.91,,,,,,,,,,,,,,,,,,,South African Premiership,2024-2025
a7794f58,Madiba Yanga,Madiba Yanga,za RSA,DF,Orlando Pirates,22,2001,3,1,112,1.2,0,0,0,0,0,0,0,0,0.00,0.00,0.00,0.00,0.00,Matches,,,0,0,,0.00,0.00,,,,,,,,,,,,,,,,,,,South African Premiership,2024-2025
69bcc056,Dženan Zajmović,Dženan Zajmović,ba BIH,"FW,MF",TS Galaxy,29,1994,24,21,"1,623",18.0,7,2,9,7,0,0,1,0,0.39,0.11,0.50,0.39,0.50,Matches,0.17,0.47,42,15,35.7,0.83,2.33,,,,,,,,,,,,,,,,,,,South African Premiership,2024-2025
4fd5cd92,Sibusiso Ziba,Sibusiso Ziba,za RSA,"DF,MF",Cape Town City,25,1999,12,7,710,7.9,0,0,0,0,0,0,0,0,0.00,0.00,0.00,0.00,0.00,Matches,0.00,,2,0,0.0,0.00,0.25,,,,,,,,,,,,,,,,,,,South African Premiership,2024-2025
6cf6d141,Lindokuhle Zikhali,Lindokuhle Zikhali,za RSA,MF,Richards Bay FC,19,2005,15,11,940,10.4,2,0,2,2,0,0,8,1,0.19,0.00,0.19,0.19,0.19,Matches,0.14,0.67,14,3,21.4,0.29,1.34,,,,,,,,,,,,,,,,,,,South African Premiership,2024-2025
f692e8f3,Junior Zindoga,Junior Zindoga,zw ZIM,"MF,FW",Marumo Gallants FC,26,1998,7,7,579,6.4,0,0,0,0,0,0,0,0,0.00,0.00,0.00,0.00,0.00,Matches,0.00,0.00,14,2,14.3,0.31,2.18,,,,,,,,,,,,,,,,,,,South African Premiership,2024-2025
82cbf807,Thabani Zuke,Thabani Zuke,za RSA,"MF,DF",Lamontville Golden Arrows,25,1998,11,6,573,6.4,0,0,0,0,0,0,3,0,0.00,0.00,0.00,0.00,0.00,Matches,0.00,,1,0,0.0,0.00,0.16,,,,,,,,,,,,,,,,,,,South African Premiership,2024-2025
e449f279,Sanele Zulu,Sanele Zulu,za RSA,DF,Richards Bay FC,19,2004,3,1,212,2.4,0,0,0,0,0,0,0,0,0.00,0.00,0.00,0.00,0.00,Matches,0.00,,1,0,0.0,0.00,0.42,,,,,,,,,,,,,,,,,,,South African Premiership,2024-2025
1e1e6055,Sbangani Zulu,Sbangani Zulu,,MF,Richards Bay FC,,,2,2,180,2.0,0,0,0,0,0,0,0,0,0.00,0.00,0.00,0.00,0.00,Matches,0.00,,2,0,0.0,0.00,1.00,,,,,,,,,,,,,,,,,,,South African Premiership,2024-2025
a8797cf1,Bongani Zungu,Bongani Zungu,za RSA,MF,AmaZulu,31,1992,15,13,"1,041",11.6,1,0,1,1,0,0,2,0,0.09,0.00,0.09,0.09,0.09,Matches,0.14,0.33,7,3,42.9,0.26,0.61,,,,,,,,,,,,,,,,,,,South African Premiership,2024-2025
1bd6825a,Nhlanhla Zwane,Nhlanhla Zwane,za RSA,"MF,FW",Lamontville Golden Arrows,24,2000,19,11,906,10.1,1,0,1,1,0,0,5,0,0.10,0.00,0.10,0.10,0.10,Matches,0.09,0.33,11,3,27.3,0.30,1.09,,,,,,,,,,,,,,,,,,,South African Premiership,2024-2025
57e3980a,Samkelo Zwane,Samkelo Zwane,za RSA,MF,Kaizer Chiefs,22,2002,10,4,406,4.5,0,1,1,0,0,0,2,0,0.00,0.22,0.22,0.00,0.22,Matches,0.00,0.00,10,1,10.0,0.22,2.22,,,,,,,,,,,,,,,,,,,South African Premiership,2024-2025
c6f21aa8,Themba Zwane,Themba Zwane,za RSA,MF,Mamelodi Sundowns,34,1989,7,1,192,2.1,0,1,1,0,0,0,0,0,0.00,0.47,0.47,0.00,0.47,Matches,,,0,0,,0.00,0.00,,,,,,,,,,,,,,,,,,,South African Premiership,2024-2025
