PlayerID,Name,player,nationality,position,team,age,birth_year,games,games_starts,minutes,minutes_90s,goals,assists,goals_assists,goals_pens,pens_made,pens_att,cards_yellow,cards_red,goals_per90,assists_per90,goals_assists_per90,goals_pens_per90,goals_assists_pens_per90,matches,goals_per_shot,goals_per_shot_on_target,shots,shots_on_target,shots_on_target_pct,shots_on_target_per90,shots_per90,gk_clean_sheets,gk_clean_sheets_pct,gk_games,gk_games_starts,gk_goals_against,gk_goals_against_per90,gk_losses,gk_minutes,gk_pens_allowed,gk_pens_att,gk_pens_missed,gk_pens_save_pct,gk_pens_saved,gk_save_pct,gk_saves,gk_shots_on_target_against,gk_ties,gk_wins,League,Season
8fa6026e,Tony Abad,Tony Abad,es ESP,"DF,MF",Huesca,27,1996,39,14,"1,787",19.9,0,0,0,0,0,0,5,0,0.00,0.00,0.00,0.00,0.00,Matches,0.00,,4,0,0.0,0.00,0.20,,,,,,,,,,,,,,,,,,,Spanish Segunda División,2024-2025
95ca716a,Haitam Abaida,Haitam Abaida,ma MAR,FW,Málaga,22,2002,2,0,22,0.2,0,0,0,0,0,0,0,0,0.00,0.00,0.00,0.00,0.00,Matches,,,0,0,,0.00,0.00,,,,,,,,,,,,,,,,,,,Spanish Segunda División,2024-2025
375d09c9,Amir Abedzadeh,Amir Abedzadeh,ir IRN,GK,Castellón,31,1993,3,3,263,2.9,0,0,0,0,0,0,0,0,0.00,0.00,0.00,0.00,0.00,Matches,,,0,0,,0.00,0.00,0,0.0,3,3,5,1.71,1,263,1,1,0,0.0,0,69.2,9,13,1,1,Spanish Segunda División,2024-2025
be6faae0,Álvaro Aceves,Álvaro Aceves,es ESP,GK,Eldense,21,2003,2,0,60,0.7,0,0,0,0,0,0,0,0,0.00,0.00,0.00,0.00,0.00,Matches,,,0,0,,0.00,0.00,1,,2,0,2,3.00,0,60,0,0,0,,0,33.3,1,3,0,0,Spanish Segunda División,2024-2025
58e85e92,Adilson,Adilson,pt POR,"FW,MF",Córdoba,27,1997,22,16,"1,377",15.3,3,2,5,3,0,0,1,0,0.20,0.13,0.33,0.20,0.33,Matches,0.11,0.38,28,8,28.6,0.52,1.83,,,,,,,,,,,,,,,,,,,Spanish Segunda División,2024-2025
4b00cd47,David Affengruber,David Affengruber,at AUT,DF,Elche,23,2001,40,35,"3,203",35.6,0,2,2,0,0,0,3,0,0.00,0.06,0.06,0.00,0.06,Matches,0.00,0.00,12,5,41.7,0.14,0.34,,,,,,,,,,,,,,,,,,,Spanish Segunda División,2024-2025
355c883a,Martin Agirregabiria,Martin Agirregabiria,es ESP,DF,Cartagena,28,1996,29,26,"2,286",25.4,1,1,2,1,0,0,8,0,0.04,0.04,0.08,0.04,0.08,Matches,0.10,0.50,10,2,20.0,0.08,0.39,,,,,,,,,,,,,,,,,,,Spanish Segunda División,2024-2025
5a705641,Marc Aguado,Marc Aguado,es ESP,MF,Elche,24,2000,13,6,538,6.0,0,1,1,0,0,0,2,0,0.00,0.17,0.17,0.00,0.17,Matches,0.00,,2,0,0.0,0.00,0.33,,,,,,,,,,,,,,,,,,,Spanish Segunda División,2024-2025
5a705641,Marc Aguado,Marc Aguado,es ESP,MF,Elche,24,2000,13,6,538,6.0,0,1,1,0,0,0,2,0,0.00,0.17,0.17,0.00,0.17,Matches,,,0,0,,0.00,0.00,,,,,,,,,,,,,,,,,,,Spanish Segunda División,2024-2025
5a705641,Marc Aguado,Marc Aguado,es ESP,MF,Zaragoza,24,2000,17,15,"1,025",11.4,0,0,0,0,0,0,2,0,0.00,0.00,0.00,0.00,0.00,Matches,0.00,,2,0,0.0,0.00,0.33,,,,,,,,,,,,,,,,,,,Spanish Segunda División,2024-2025
5a705641,Marc Aguado,Marc Aguado,es ESP,MF,Zaragoza,24,2000,17,15,"1,025",11.4,0,0,0,0,0,0,2,0,0.00,0.00,0.00,0.00,0.00,Matches,,,0,0,,0.00,0.00,,,,,,,,,,,,,,,,,,,Spanish Segunda División,2024-2025
dfbd5cb9,Lalo Aguilar,Lalo Aguilar,es ESP,DF,Albacete,22,2002,33,31,"2,683",29.8,0,1,1,0,0,0,5,1,0.00,0.03,0.03,0.00,0.03,Matches,0.00,0.00,11,1,9.1,0.03,0.37,,,,,,,,,,,,,,,,,,,Spanish Segunda División,2024-2025
7244b474,Lucas Ahijado,Lucas Ahijado,es ESP,DF,Oviedo,29,1995,16,8,781,8.7,1,2,3,1,0,0,3,0,0.12,0.23,0.35,0.12,0.35,Matches,0.20,0.50,5,2,40.0,0.23,0.58,,,,,,,,,,,,,,,,,,,Spanish Segunda División,2024-2025
c5eaff5c,Ager Aketxe,Ager Aketxe,es ESP,"MF,FW",Zaragoza,30,1993,36,22,"1,884",20.9,2,3,5,2,0,1,4,0,0.10,0.14,0.24,0.10,0.24,Matches,0.04,0.11,54,18,33.3,0.86,2.58,,,,,,,,,,,,,,,,,,,Spanish Segunda División,2024-2025
99ea2ddd,Tomás Alarcón,Tomás Alarcón,cl CHI,"DF,MF",Cádiz,25,1999,3,0,85,0.9,0,0,0,0,0,0,1,0,0.00,0.00,0.00,0.00,0.00,Matches,0.00,0.00,1,1,100.0,1.06,1.06,,,,,,,,,,,,,,,,,,,Spanish Segunda División,2024-2025
fdaaeda4,Albarrán,Albarrán,es ESP,DF,Córdoba,30,1994,36,33,"2,953",32.8,4,2,6,4,0,0,11,0,0.12,0.06,0.18,0.12,0.18,Matches,0.16,0.44,25,9,36.0,0.27,0.76,,,,,,,,,,,,,,,,,,,Spanish Segunda División,2024-2025
b88fa9c6,Raúl Alcaina,Raúl Alcaina,es ESP,MF,Dep La Coruña,24,2000,1,1,90,1.0,0,0,0,0,0,0,0,0,0.00,0.00,0.00,0.00,0.00,Matches,,,0,0,,0.00,0.00,,,,,,,,,,,,,,,,,,,Spanish Segunda División,2024-2025
ba71d071,Pedro Alcalá,Pedro Alcalá,es ESP,DF,Cartagena,35,1989,30,29,"2,614",29.0,0,0,0,0,0,0,5,0,0.00,0.00,0.00,0.00,0.00,Matches,0.00,0.00,11,5,45.5,0.17,0.38,,,,,,,,,,,,,,,,,,,Spanish Segunda División,2024-2025
036bba5f,Rubén Alcaraz,Rubén Alcaraz,es ESP,MF,Cádiz,33,1991,29,25,"2,122",23.6,3,1,4,1,2,3,10,0,0.13,0.04,0.17,0.04,0.08,Matches,0.03,0.11,31,9,29.0,0.38,1.31,,,,,,,,,,,,,,,,,,,Spanish Segunda División,2024-2025
4405a57e,Aldasoro,Aldasoro,es ESP,MF,Racing Sant,25,1999,39,36,"2,885",32.1,2,3,5,2,0,0,11,0,0.06,0.09,0.16,0.06,0.16,Matches,0.06,0.29,34,7,20.6,0.22,1.06,,,,,,,,,,,,,,,,,,,Spanish Segunda División,2024-2025
13fef0ed,Iker Alday,Iker Alday,es ESP,DF,Eibar,21,2003,1,0,5,0.1,0,0,0,0,0,0,0,0,0.00,0.00,0.00,0.00,0.00,Matches,,,0,0,,0.00,0.00,,,,,,,,,,,,,,,,,,,Spanish Segunda División,2024-2025
3d7e48ce,Iván Alejo,Iván Alejo,es ESP,"MF,DF",Cádiz,29,1995,18,9,848,9.4,0,2,2,0,0,0,5,0,0.00,0.21,0.21,0.00,0.21,Matches,0.00,,7,0,0.0,0.00,0.74,,,,,,,,,,,,,,,,,,,Spanish Segunda División,2024-2025
3ed2a79b,Alexandre Alemão,Alexandre Alemão,br BRA,FW,Oviedo,26,1998,40,35,"2,971",33.0,14,4,18,14,0,0,3,0,0.42,0.12,0.55,0.42,0.55,Matches,0.14,0.39,99,36,36.4,1.09,3.00,,,,,,,,,,,,,,,,,,,Spanish Segunda División,2024-2025
b907d169,Alejandro Alfaro,Alejandro Alfaro,es ESP,MF,Dep La Coruña,22,2002,1,0,1,0.0,0,0,0,0,0,0,0,0,0.00,0.00,0.00,0.00,0.00,Matches,,,0,0,,0.00,0.00,,,,,,,,,,,,,,,,,,,Spanish Segunda División,2024-2025
acc1aefa,Ángel Algobia,Ángel Algobia,es ESP,MF,Levante,25,1999,23,8,799,8.9,2,1,3,2,0,0,2,0,0.23,0.11,0.34,0.23,0.34,Matches,0.22,0.67,9,3,33.3,0.34,1.01,,,,,,,,,,,,,,,,,,,Spanish Segunda División,2024-2025
8fcea8a1,Julio Alonso,Julio Alonso,es ESP,"MF,DF",CD Mirandés,25,1998,31,25,"2,099",23.3,0,0,0,0,0,0,5,0,0.00,0.00,0.00,0.00,0.00,Matches,0.00,0.00,9,1,11.1,0.04,0.39,,,,,,,,,,,,,,,,,,,Spanish Segunda División,2024-2025
ab472696,Agustín Álvarez,Agustín Álvarez,uy URU,"FW,MF",Elche,23,2001,37,27,"2,333",25.9,8,2,10,8,0,1,7,0,0.31,0.08,0.39,0.31,0.39,Matches,0.11,0.28,72,29,40.3,1.12,2.78,,,,,,,,,,,,,,,,,,,Spanish Segunda División,2024-2025
56bcaaa0,Carlos Álvarez,Carlos Álvarez,es ESP,"MF,FW",Levante,20,2003,42,39,"3,386",37.6,7,11,18,7,0,0,4,0,0.19,0.29,0.48,0.19,0.48,Matches,0.15,0.41,47,17,36.2,0.45,1.25,,,,,,,,,,,,,,,,,,,Spanish Segunda División,2024-2025
4dc07b51,César Álvarez,César Álvarez,es ESP,DF,Tenerife,21,2003,12,6,722,8.0,0,0,0,0,0,0,2,1,0.00,0.00,0.00,0.00,0.00,Matches,0.00,,4,0,0.0,0.00,0.50,,,,,,,,,,,,,,,,,,,Spanish Segunda División,2024-2025
b415e88e,Ismael Álvarez,Ismael Álvarez,es ESP,FW,Cádiz,16,2007,1,0,4,0.0,0,0,0,0,0,0,0,0,0.00,0.00,0.00,0.00,0.00,Matches,0.00,,1,0,0.0,0.00,22.50,,,,,,,,,,,,,,,,,,,Spanish Segunda División,2024-2025
88d91621,Sergio Álvarez,Sergio Álvarez,es ESP,MF,Eibar,32,1992,38,28,"2,790",31.0,0,0,0,0,0,0,5,1,0.00,0.00,0.00,0.00,0.00,Matches,0.00,0.00,12,5,41.7,0.16,0.39,,,,,,,,,,,,,,,,,,,Spanish Segunda División,2024-2025
8a704594,Rubén Alves,Rubén Alves,es ESP,DF,Tenerife,29,1994,9,7,599,6.7,1,0,1,1,0,0,0,0,0.15,0.00,0.15,0.15,0.15,Matches,0.33,1.00,3,1,33.3,0.15,0.45,,,,,,,,,,,,,,,,,,,Spanish Segunda División,2024-2025
8a704594,Rubén Alves,Rubén Alves,es ESP,DF,Tenerife,29,1994,9,7,599,6.7,1,0,1,1,0,0,0,0,0.15,0.00,0.15,0.15,0.15,Matches,0.20,0.40,10,5,50.0,0.62,1.24,,,,,,,,,,,,,,,,,,,Spanish Segunda División,2024-2025
8a704594,Rubén Alves,Rubén Alves,es ESP,DF,Córdoba,29,1994,10,9,725,8.1,2,0,2,2,0,0,5,0,0.25,0.00,0.25,0.25,0.25,Matches,0.33,1.00,3,1,33.3,0.15,0.45,,,,,,,,,,,,,,,,,,,Spanish Segunda División,2024-2025
8a704594,Rubén Alves,Rubén Alves,es ESP,DF,Córdoba,29,1994,10,9,725,8.1,2,0,2,2,0,0,5,0,0.25,0.00,0.25,0.25,0.25,Matches,0.20,0.40,10,5,50.0,0.62,1.24,,,,,,,,,,,,,,,,,,,Spanish Segunda División,2024-2025
82b27ccb,Jair Amador,Jair Amador,gq EQG,DF,Zaragoza,34,1989,23,18,"1,653",18.4,2,2,4,2,0,0,5,0,0.11,0.11,0.22,0.11,0.22,Matches,0.15,0.33,13,6,46.2,0.33,0.71,,,,,,,,,,,,,,,,,,,Spanish Segunda División,2024-2025
bdc7dbb0,Andy,Andy,es ESP,MF,Cartagena,34,1990,36,23,"2,214",24.6,4,1,5,1,3,3,4,0,0.16,0.04,0.20,0.04,0.08,Matches,0.04,0.11,24,9,37.5,0.37,0.98,,,,,,,,,,,,,,,,,,,Spanish Segunda División,2024-2025
3024e383,José Ángel,José Ángel,es ESP,DF,Sporting Gijón,34,1989,25,16,"1,359",15.1,1,2,3,1,0,0,8,0,0.07,0.13,0.20,0.07,0.20,Matches,0.08,0.33,12,3,25.0,0.20,0.79,,,,,,,,,,,,,,,,,,,Spanish Segunda División,2024-2025
c19131c6,José Ángel,José Ángel,es ESP,MF,Dep La Coruña,32,1992,28,23,"1,954",21.7,0,5,5,0,0,0,5,0,0.00,0.23,0.23,0.00,0.23,Matches,0.00,0.00,19,4,21.1,0.18,0.88,,,,,,,,,,,,,,,,,,,Spanish Segunda División,2024-2025
56cafd0a,Miguel Ángel Rubio,Miguel Ángel Rubio,es ESP,DF,Granada,26,1998,30,29,"2,610",29.0,3,1,4,3,0,0,7,0,0.10,0.03,0.14,0.10,0.14,Matches,0.16,0.43,19,7,36.8,0.24,0.66,,,,,,,,,,,,,,,,,,,Spanish Segunda División,2024-2025
cc3a680d,Hugo Anglada,Hugo Anglada,es ESP,DF,Huesca,20,2004,1,0,6,0.1,0,0,0,0,0,0,0,0,0.00,0.00,0.00,0.00,0.00,Matches,,,0,0,,0.00,0.00,,,,,,,,,,,,,,,,,,,Spanish Segunda División,2024-2025
4a5f2032,Josep Antoni Gayá,Josep Antoni Gayá,es ESP,DF,Tenerife,24,2000,12,10,936,10.4,0,1,1,0,0,0,4,0,0.00,0.10,0.10,0.00,0.10,Matches,0.00,,6,0,0.0,0.00,0.58,,,,,,,,,,,,,,,,,,,Spanish Segunda División,2024-2025
62a583ee,José Antonio,José Antonio,es ESP,MF,Cádiz,20,2004,22,10,836,9.3,1,0,1,1,0,0,1,0,0.11,0.00,0.11,0.11,0.11,Matches,0.06,0.25,16,4,25.0,0.43,1.72,,,,,,,,,,,,,,,,,,,Spanish Segunda División,2024-2025
7f72a644,José Antonio Ríos,José Antonio Ríos,es ESP,DF,Cartagena,34,1990,17,11,"1,071",11.9,0,1,1,0,0,0,1,0,0.00,0.08,0.08,0.00,0.08,Matches,0.00,,4,0,0.0,0.00,0.34,,,,,,,,,,,,,,,,,,,Spanish Segunda División,2024-2025
44415755,Juan Antonio Ros,Juan Antonio Ros,es ESP,DF,Albacete,28,1996,16,12,"1,050",11.7,0,0,0,0,0,0,2,0,0.00,0.00,0.00,0.00,0.00,Matches,0.00,,5,0,0.0,0.00,0.43,,,,,,,,,,,,,,,,,,,Spanish Segunda División,2024-2025
8fae705a,Kévin Appin,Kévin Appin,mq MTQ,MF,Burgos,26,1998,7,6,513,5.7,0,0,0,0,0,0,0,0,0.00,0.00,0.00,0.00,0.00,Matches,0.00,0.00,4,1,25.0,0.18,0.70,,,,,,,,,,,,,,,,,,,Spanish Segunda División,2024-2025
f28876e5,Aritz Arambarri,Aritz Arambarri,es ESP,DF,Eibar,26,1998,32,27,"2,413",26.8,0,0,0,0,0,0,7,1,0.00,0.00,0.00,0.00,0.00,Matches,0.00,0.00,7,1,14.3,0.04,0.26,,,,,,,,,,,,,,,,,,,Spanish Segunda División,2024-2025
94021206,Arana,Arana,es ESP,FW,Racing Sant,24,2000,38,27,"2,272",25.2,13,0,13,13,0,0,6,0,0.51,0.00,0.51,0.51,0.51,Matches,0.15,0.37,86,35,40.7,1.39,3.41,,,,,,,,,,,,,,,,,,,Spanish Segunda División,2024-2025
850c0a0d,Anaitz Arbilla,Anaitz Arbilla,es ESP,DF,Eibar,37,1987,26,26,"2,324",25.8,0,0,0,0,0,0,10,1,0.00,0.00,0.00,0.00,0.00,Matches,0.00,0.00,17,5,29.4,0.19,0.66,,,,,,,,,,,,,,,,,,,Spanish Segunda División,2024-2025
a461f098,Adu Ares,Adu Ares,es ESP,"MF,DF",Zaragoza,22,2001,30,18,"1,468",16.3,2,1,3,2,0,0,9,0,0.12,0.06,0.18,0.12,0.18,Matches,0.06,0.29,33,7,21.2,0.43,2.02,,,,,,,,,,,,,,,,,,,Spanish Segunda División,2024-2025
70676088,Jeremy Arévalo,Jeremy Arévalo,ec ECU,MF,Racing Sant,19,2005,7,1,157,1.7,0,0,0,0,0,0,0,0,0.00,0.00,0.00,0.00,0.00,Matches,,,0,0,,0.00,0.00,,,,,,,,,,,,,,,,,,,Spanish Segunda División,2024-2025
4adbda62,Ayman Arguigue,Ayman Arguigue,ma MAR,FW,Huesca,19,2005,8,0,89,1.0,0,0,0,0,0,0,1,0,0.00,0.00,0.00,0.00,0.00,Matches,0.00,0.00,2,2,100.0,2.02,2.02,,,,,,,,,,,,,,,,,,,Spanish Segunda División,2024-2025
4f8a9f70,Kervin Arriaga,Kervin Arriaga,hn HON,"MF,DF",Zaragoza,26,1998,17,15,"1,314",14.6,1,0,1,1,0,0,8,0,0.07,0.00,0.07,0.07,0.07,Matches,0.08,0.25,13,4,30.8,0.27,0.89,,,,,,,,,,,,,,,,,,,Spanish Segunda División,2024-2025
1e465e70,Sergio Arribas,Sergio Arribas,es ESP,MF,Almería,22,2001,41,30,"2,586",28.7,8,3,11,8,0,0,3,1,0.28,0.10,0.38,0.28,0.38,Matches,0.10,0.29,79,28,35.4,0.97,2.75,,,,,,,,,,,,,,,,,,,Spanish Segunda División,2024-2025
352c723b,Hodei Arrillaga,Hodei Arrillaga,,DF,Eibar,,,31,17,"1,576",17.5,0,0,0,0,0,0,1,0,0.00,0.00,0.00,0.00,0.00,Matches,0.00,0.00,7,1,14.3,0.06,0.40,,,,,,,,,,,,,,,,,,,Spanish Segunda División,2024-2025
4bd451cb,Anderson Arroyo,Anderson Arroyo,co COL,DF,Burgos,24,1999,36,30,"2,691",29.9,0,1,1,0,0,0,6,0,0.00,0.03,0.03,0.00,0.03,Matches,0.00,,9,0,0.0,0.00,0.30,,,,,,,,,,,,,,,,,,,Spanish Segunda División,2024-2025
b1298ab3,Assane,Assane,sn SEN,MF,Cartagena,24,1999,16,15,"1,278",14.2,0,0,0,0,0,0,2,0,0.00,0.00,0.00,0.00,0.00,Matches,0.00,0.00,10,4,40.0,0.28,0.70,,,,,,,,,,,,,,,,,,,Spanish Segunda División,2024-2025
12eda7be,Miguel Atienza,Miguel Atienza,es ESP,MF,Burgos,25,1999,39,37,"3,121",34.7,0,0,0,0,0,0,11,0,0.00,0.00,0.00,0.00,0.00,Matches,0.00,0.00,18,8,44.4,0.23,0.52,,,,,,,,,,,,,,,,,,,Spanish Segunda División,2024-2025
2775c549,Douglas Aurélio,Douglas Aurélio,pt POR,"FW,MF",Castellón,25,1999,24,16,"1,329",14.8,3,0,3,3,0,0,1,0,0.20,0.00,0.20,0.20,0.20,Matches,0.07,0.14,43,21,48.8,1.42,2.91,,,,,,,,,,,,,,,,,,,Spanish Segunda División,2024-2025
9b2779f5,Ivan Azón,Ivan Azón,es ESP,FW,Zaragoza,21,2002,24,15,"1,457",16.2,7,2,9,7,0,0,2,0,0.43,0.12,0.56,0.43,0.56,Matches,0.15,0.37,48,19,39.6,1.17,2.96,,,,,,,,,,,,,,,,,,,Spanish Segunda División,2024-2025
bfd381b3,Iddrisu Baba,Iddrisu Baba,gh GHA,MF,Almería,28,1996,10,7,613,6.8,0,0,0,0,0,0,2,0,0.00,0.00,0.00,0.00,0.00,Matches,0.00,,3,0,0.0,0.00,0.44,,,,,,,,,,,,,,,,,,,Spanish Segunda División,2024-2025
e4346678,Édgar Badía,Édgar Badía,es ESP,GK,Tenerife,32,1992,22,22,"1,980",22.0,0,0,0,0,0,0,1,0,0.00,0.00,0.00,0.00,0.00,Matches,,,0,0,,0.00,0.00,0,0.0,1,1,1,1.00,1,90,0,0,0,,0,50.0,1,2,0,0,Spanish Segunda División,2024-2025
e4346678,Édgar Badía,Édgar Badía,es ESP,GK,Tenerife,32,1992,22,22,"1,980",22.0,0,0,0,0,0,0,1,0,0.00,0.00,0.00,0.00,0.00,Matches,,,0,0,,0.00,0.00,6,27.3,22,22,24,1.09,9,"1,980",4,8,1,42.9,3,63.0,37,54,7,6,Spanish Segunda División,2024-2025
e4346678,Édgar Badía,Édgar Badía,es ESP,GK,Tenerife,32,1992,22,22,"1,980",22.0,0,0,0,0,0,0,1,0,0.00,0.00,0.00,0.00,0.00,Matches,,,0,0,,0.00,0.00,0,0.0,1,1,1,1.00,1,90,0,0,0,,0,50.0,1,2,0,0,Spanish Segunda División,2024-2025
e4346678,Édgar Badía,Édgar Badía,es ESP,GK,Tenerife,32,1992,22,22,"1,980",22.0,0,0,0,0,0,0,1,0,0.00,0.00,0.00,0.00,0.00,Matches,,,0,0,,0.00,0.00,6,27.3,22,22,24,1.09,9,"1,980",4,8,1,42.9,3,63.0,37,54,7,6,Spanish Segunda División,2024-2025
e4346678,Édgar Badía,Édgar Badía,es ESP,GK,Elche,32,1992,1,1,90,1.0,0,0,0,0,0,0,0,0,0.00,0.00,0.00,0.00,0.00,Matches,,,0,0,,0.00,0.00,0,0.0,1,1,1,1.00,1,90,0,0,0,,0,50.0,1,2,0,0,Spanish Segunda División,2024-2025
e4346678,Édgar Badía,Édgar Badía,es ESP,GK,Elche,32,1992,1,1,90,1.0,0,0,0,0,0,0,0,0,0.00,0.00,0.00,0.00,0.00,Matches,,,0,0,,0.00,0.00,6,27.3,22,22,24,1.09,9,"1,980",4,8,1,42.9,3,63.0,37,54,7,6,Spanish Segunda División,2024-2025
e4346678,Édgar Badía,Édgar Badía,es ESP,GK,Elche,32,1992,1,1,90,1.0,0,0,0,0,0,0,0,0,0.00,0.00,0.00,0.00,0.00,Matches,,,0,0,,0.00,0.00,0,0.0,1,1,1,1.00,1,90,0,0,0,,0,50.0,1,2,0,0,Spanish Segunda División,2024-2025
e4346678,Édgar Badía,Édgar Badía,es ESP,GK,Elche,32,1992,1,1,90,1.0,0,0,0,0,0,0,0,0,0.00,0.00,0.00,0.00,0.00,Matches,,,0,0,,0.00,0.00,6,27.3,22,22,24,1.09,9,"1,980",4,8,1,42.9,3,63.0,37,54,7,6,Spanish Segunda División,2024-2025
35f6db55,Léo Baptistão,Léo Baptistão,br BRA,"MF,FW",Almería,31,1992,37,32,"2,438",27.1,10,5,15,10,0,0,2,0,0.37,0.18,0.55,0.37,0.55,Matches,0.10,0.30,100,33,33.0,1.22,3.69,,,,,,,,,,,,,,,,,,,Spanish Segunda División,2024-2025
981c1863,Barbero,Barbero,es ESP,FW,Dep La Coruña,25,1998,37,19,"1,773",19.7,7,5,12,7,0,0,3,1,0.36,0.25,0.61,0.36,0.61,Matches,0.13,0.30,55,23,41.8,1.17,2.79,,,,,,,,,,,,,,,,,,,Spanish Segunda División,2024-2025
83c6fd46,Matías Barboza,Matías Barboza,es ESP,DF,Córdoba,22,2002,2,1,103,1.1,0,0,0,0,0,0,0,0,0.00,0.00,0.00,0.00,0.00,Matches,,,0,0,,0.00,0.00,,,,,,,,,,,,,,,,,,,Spanish Segunda División,2024-2025
e4dae1b4,Daniel Barcia,Daniel Barcia,es ESP,DF,Dep La Coruña,21,2003,16,16,"1,440",16.0,0,0,0,0,0,0,5,0,0.00,0.00,0.00,0.00,0.00,Matches,0.00,,6,0,0.0,0.00,0.37,,,,,,,,,,,,,,,,,,,Spanish Segunda División,2024-2025
03049c8c,Keidi Bare,Keidi Bare,al ALB,MF,Zaragoza,26,1997,21,20,"1,650",18.3,0,2,2,0,0,1,6,0,0.00,0.11,0.11,0.00,0.11,Matches,0.00,0.00,19,4,21.1,0.22,1.04,,,,,,,,,,,,,,,,,,,Spanish Segunda División,2024-2025
5475a510,Gabriel Bares,Gabriel Bares,ch SUI,MF,Burgos,23,2000,4,2,118,1.3,0,0,0,0,0,0,1,0,0.00,0.00,0.00,0.00,0.00,Matches,,,0,0,,0.00,0.00,,,,,,,,,,,,,,,,,,,Spanish Segunda División,2024-2025
d6822279,Matia Barzic,Matia Barzic,hr CRO,DF,Eldense,20,2004,14,14,"1,253",13.9,0,0,0,0,0,0,4,0,0.00,0.00,0.00,0.00,0.00,Matches,0.00,,1,0,0.0,0.00,0.07,,,,,,,,,,,,,,,,,,,Spanish Segunda División,2024-2025
d6822279,Matia Barzic,Matia Barzic,hr CRO,DF,Eldense,20,2004,14,14,"1,253",13.9,0,0,0,0,0,0,4,0,0.00,0.00,0.00,0.00,0.00,Matches,0.00,0.00,2,1,50.0,0.20,0.41,,,,,,,,,,,,,,,,,,,Spanish Segunda División,2024-2025
d6822279,Matia Barzic,Matia Barzic,hr CRO,DF,Elche,20,2004,8,5,444,4.9,0,0,0,0,0,0,3,0,0.00,0.00,0.00,0.00,0.00,Matches,0.00,,1,0,0.0,0.00,0.07,,,,,,,,,,,,,,,,,,,Spanish Segunda División,2024-2025
d6822279,Matia Barzic,Matia Barzic,hr CRO,DF,Elche,20,2004,8,5,444,4.9,0,0,0,0,0,0,3,0,0.00,0.00,0.00,0.00,0.00,Matches,0.00,0.00,2,1,50.0,0.20,0.41,,,,,,,,,,,,,,,,,,,Spanish Segunda División,2024-2025
22a312ec,Aboubacar Bassinga,Aboubacar Bassinga,ci CIV,FW,CD Mirandés,19,2005,2,1,48,0.5,0,0,0,0,0,0,0,0,0.00,0.00,0.00,0.00,0.00,Matches,0.00,,1,0,0.0,0.00,1.87,,,,,,,,,,,,,,,,,,,Spanish Segunda División,2024-2025
8c44e37b,Borja Bastón,Borja Bastón,es ESP,FW,Granada,31,1992,11,2,199,2.2,0,0,0,0,0,0,0,0,0.00,0.00,0.00,0.00,0.00,Matches,0.00,0.00,8,1,12.5,0.45,3.62,,,,,,,,,,,,,,,,,,,Spanish Segunda División,2024-2025
c432ba7d,Roko Baturina,Roko Baturina,hr CRO,FW,Málaga,24,2000,24,9,894,9.9,2,1,3,2,0,1,1,0,0.20,0.10,0.30,0.20,0.30,Matches,0.09,0.33,22,6,27.3,0.60,2.21,,,,,,,,,,,,,,,,,,,Spanish Segunda División,2024-2025
debc6b55,Jon Bautista,Jon Bautista,es ESP,FW,Eibar,29,1995,37,31,"2,597",28.9,11,4,15,11,0,0,5,1,0.38,0.14,0.52,0.38,0.52,Matches,0.12,0.31,95,36,37.9,1.25,3.29,,,,,,,,,,,,,,,,,,,Spanish Segunda División,2024-2025
e59c9d0d,Samed Baždar,Samed Baždar,ba BIH,"FW,MF",Zaragoza,20,2004,31,20,"1,693",18.8,4,4,8,4,0,0,6,1,0.21,0.21,0.43,0.21,0.43,Matches,0.10,0.22,41,18,43.9,0.96,2.18,,,,,,,,,,,,,,,,,,,Spanish Segunda División,2024-2025
d8712bf9,Bebé,Bebé,cv CPV,"MF,FW",Racing Ferrol,34,1990,14,10,826,9.2,0,0,0,0,0,0,0,0,0.00,0.00,0.00,0.00,0.00,Matches,0.00,0.00,23,7,30.4,0.76,2.51,,,,,,,,,,,,,,,,,,,Spanish Segunda División,2024-2025
d78c9429,Axel Bejarano Fernandez,Axel Bejarano Fernandez,es ESP,FW,Huesca,19,2005,3,0,34,0.4,0,0,0,0,0,0,0,0,0.00,0.00,0.00,0.00,0.00,Matches,,,0,0,,0.00,0.00,,,,,,,,,,,,,,,,,,,Spanish Segunda División,2024-2025
50cbc806,Iker Benito,Iker Benito,es ESP,"DF,MF",CD Mirandés,21,2002,21,16,"1,410",15.7,1,2,3,1,0,0,2,0,0.06,0.13,0.19,0.06,0.19,Matches,0.04,0.20,23,5,21.7,0.32,1.47,,,,,,,,,,,,,,,,,,,Spanish Segunda División,2024-2025
d166c007,Sergio Bermejo,Sergio Bermejo,es ESP,MF,Zaragoza,26,1997,8,3,270,3.0,0,0,0,0,0,0,1,0,0.00,0.00,0.00,0.00,0.00,Matches,0.00,,3,0,0.0,0.00,1.00,,,,,,,,,,,,,,,,,,,Spanish Segunda División,2024-2025
288f8c08,Álex Bernal,Álex Bernal,es ESP,"MF,FW",Eldense,33,1991,24,11,"1,131",12.6,1,1,2,1,0,0,4,0,0.08,0.08,0.16,0.08,0.16,Matches,0.11,0.33,9,3,33.3,0.24,0.72,,,,,,,,,,,,,,,,,,,Spanish Segunda División,2024-2025
af24b94f,Jesús Bernal,Jesús Bernal,es ESP,MF,Sporting Gijón,27,1996,12,6,622,6.9,0,0,0,0,0,0,1,0,0.00,0.00,0.00,0.00,0.00,Matches,0.00,,3,0,0.0,0.00,0.43,,,,,,,,,,,,,,,,,,,Spanish Segunda División,2024-2025
02f00dd1,Emilio Bernard,Emilio Bernard,es ESP,GK,Racing Ferrol,24,1999,1,1,90,1.0,0,0,0,0,0,0,0,0,0.00,0.00,0.00,0.00,0.00,Matches,,,0,0,,0.00,0.00,0,0.0,1,1,2,2.00,1,90,0,0,0,,0,71.4,5,7,0,0,Spanish Segunda División,2024-2025
697295b1,Pedro Bigas,Pedro Bigas,es ESP,DF,Elche,33,1990,33,29,"2,565",28.5,2,2,4,2,0,0,4,0,0.07,0.07,0.14,0.07,0.14,Matches,0.08,0.22,24,9,37.5,0.32,0.84,,,,,,,,,,,,,,,,,,,Spanish Segunda División,2024-2025
8f3cbe57,Raúl Blanco,Raúl Blanco,es ESP,"FW,MF",Racing Ferrol,23,2001,14,7,633,7.0,0,0,0,0,0,0,0,0,0.00,0.00,0.00,0.00,0.00,Matches,0.00,0.00,20,7,35.0,1.00,2.84,,,,,,,,,,,,,,,,,,,Spanish Segunda División,2024-2025
346feec5,Jérémy Blasco,Jérémy Blasco,fr FRA,DF,Huesca,25,1999,32,29,"2,411",26.8,1,0,1,1,0,0,2,0,0.04,0.00,0.04,0.04,0.04,Matches,0.50,1.00,2,1,50.0,0.04,0.07,,,,,,,,,,,,,,,,,,,Spanish Segunda División,2024-2025
fcc7ecb4,Adam Boayar,Adam Boayar,ma MAR,FW,Elche,18,2005,3,1,87,1.0,1,0,1,1,0,0,1,0,1.03,0.00,1.03,1.03,1.03,Matches,0.25,0.33,4,3,75.0,3.10,4.14,,,,,,,,,,,,,,,,,,,Spanish Segunda División,2024-2025
8c2c48a9,Yann Bodiger,Yann Bodiger,fr FRA,MF,Tenerife,29,1995,27,24,"1,890",21.0,0,0,0,0,0,0,5,0,0.00,0.00,0.00,0.00,0.00,Matches,0.00,0.00,31,3,9.7,0.14,1.48,,,,,,,,,,,,,,,,,,,Spanish Segunda División,2024-2025
89becc10,Rahim Bonkano,Rahim Bonkano,ne NIG,DF,Oviedo,22,2002,25,21,"1,854",20.6,0,1,1,0,0,0,4,0,0.00,0.05,0.05,0.00,0.05,Matches,0.00,,3,0,0.0,0.00,0.15,,,,,,,,,,,,,,,,,,,Spanish Segunda División,2024-2025
187562b3,Santi Borikó,Santi Borikó,gq EQG,DF,Castellón,21,2003,4,0,106,1.2,0,0,0,0,0,0,0,0,0.00,0.00,0.00,0.00,0.00,Matches,,,0,0,,0.00,0.00,,,,,,,,,,,,,,,,,,,Spanish Segunda División,2024-2025
ef3ff984,David Bosilj,David Bosilj,si SVN,FW,Castellón,22,2002,10,1,167,1.9,1,0,1,1,0,0,0,0,0.54,0.00,0.54,0.54,0.54,Matches,0.20,0.25,5,4,80.0,2.16,2.69,,,,,,,,,,,,,,,,,,,Spanish Segunda División,2024-2025
bcd0b89f,Mohamed Bouldini,Mohamed Bouldini,ma MAR,FW,Levante,28,1995,2,1,82,0.9,0,0,0,0,0,0,0,0,0.00,0.00,0.00,0.00,0.00,Matches,0.00,0.00,5,2,40.0,2.20,5.49,,,,,,,,,,,,,,,,,,,Spanish Segunda División,2024-2025
bcd0b89f,Mohamed Bouldini,Mohamed Bouldini,ma MAR,FW,Levante,28,1995,2,1,82,0.9,0,0,0,0,0,0,0,0,0.00,0.00,0.00,0.00,0.00,Matches,0.07,0.33,14,3,21.4,0.42,1.94,,,,,,,,,,,,,,,,,,,Spanish Segunda División,2024-2025
bcd0b89f,Mohamed Bouldini,Mohamed Bouldini,ma MAR,FW,Dep La Coruña,28,1995,20,6,648,7.2,1,0,1,1,0,0,2,0,0.14,0.00,0.14,0.14,0.14,Matches,0.00,0.00,5,2,40.0,2.20,5.49,,,,,,,,,,,,,,,,,,,Spanish Segunda División,2024-2025
bcd0b89f,Mohamed Bouldini,Mohamed Bouldini,ma MAR,FW,Dep La Coruña,28,1995,20,6,648,7.2,1,0,1,1,0,0,2,0,0.14,0.00,0.14,0.14,0.14,Matches,0.07,0.33,14,3,21.4,0.42,1.94,,,,,,,,,,,,,,,,,,,Spanish Segunda División,2024-2025
59165b43,Mohamed Bouzaidi Diouri,Mohamed Bouzaidi Diouri,ma MAR,MF,Eldense,24,1999,12,2,291,3.2,1,0,1,1,0,0,1,0,0.31,0.00,0.31,0.31,0.31,Matches,0.09,0.25,11,4,36.4,1.24,3.40,,,,,,,,,,,,,,,,,,,Spanish Segunda División,2024-2025
d49f3e6b,Lucas Boyé,Lucas Boyé,ar ARG,FW,Granada,28,1996,33,28,"2,588",28.8,10,5,15,7,3,4,3,0,0.35,0.17,0.52,0.24,0.42,Matches,0.08,0.25,86,28,32.6,0.97,2.99,,,,,,,,,,,,,,,,,,,Spanish Segunda División,2024-2025
cdc96214,Quentin Braat,Quentin Braat,fr FRA,GK,Oviedo,27,1997,1,1,90,1.0,0,0,0,0,0,0,1,0,0.00,0.00,0.00,0.00,0.00,Matches,,,0,0,,0.00,0.00,0,0.0,1,1,2,2.00,0,90,0,1,0,100.0,1,75.0,7,8,0,1,Spanish Segunda División,2024-2025
3e707ad4,Brau,Brau,es ESP,DF,Granada,22,2001,26,20,"1,845",20.5,2,0,2,2,0,0,9,0,0.10,0.00,0.10,0.10,0.10,Matches,0.13,0.40,16,5,31.3,0.24,0.78,,,,,,,,,,,,,,,,,,,Spanish Segunda División,2024-2025
66d0860c,Brugui,Brugui,es ESP,"FW,MF",Levante,27,1996,37,31,"2,449",27.2,11,4,15,11,0,0,4,0,0.40,0.15,0.55,0.40,0.55,Matches,0.17,0.42,65,26,40.0,0.96,2.39,,,,,,,,,,,,,,,,,,,Spanish Segunda División,2024-2025
6555c592,Aitor Buñuel,Aitor Buñuel,es ESP,DF,Racing Ferrol,26,1998,28,25,"2,173",24.1,1,0,1,1,0,0,2,1,0.04,0.00,0.04,0.04,0.04,Matches,0.11,0.20,9,5,55.6,0.21,0.37,,,,,,,,,,,,,,,,,,,Spanish Segunda División,2024-2025
505dce2b,Adrián Butzke,Adrián Butzke,es ESP,FW,CD Mirandés,25,1999,14,1,294,3.3,1,1,2,1,0,0,1,0,0.31,0.31,0.61,0.31,0.61,Matches,0.08,0.25,12,4,33.3,1.22,3.67,,,,,,,,,,,,,,,,,,,Spanish Segunda División,2024-2025
e7ab4179,Erick Cabaco,Erick Cabaco,uy URU,DF,Racing Ferrol,29,1995,4,1,135,1.5,0,0,0,0,0,0,1,0,0.00,0.00,0.00,0.00,0.00,Matches,,,0,0,,0.00,0.00,,,,,,,,,,,,,,,,,,,Spanish Segunda División,2024-2025
de204fbb,Jorge Cabello,Jorge Cabello,es ESP,DF,Levante,20,2004,20,15,"1,464",16.3,0,0,0,0,0,0,5,0,0.00,0.00,0.00,0.00,0.00,Matches,,,0,0,,0.00,0.00,,,,,,,,,,,,,,,,,,,Spanish Segunda División,2024-2025
7fcb27d8,Jordy Caicedo,Jordy Caicedo,ec ECU,FW,Sporting Gijón,26,1997,24,7,722,8.0,2,0,2,1,1,1,6,0,0.25,0.00,0.25,0.12,0.12,Matches,0.06,0.20,17,5,29.4,0.62,2.12,,,,,,,,,,,,,,,,,,,Spanish Segunda División,2024-2025
498858d5,Álex Calatrava,Álex Calatrava,es ESP,"MF,FW",Castellón,24,2000,32,26,"2,227",24.7,6,11,17,6,0,0,7,0,0.24,0.44,0.69,0.24,0.69,Matches,0.07,0.30,82,20,24.4,0.81,3.31,,,,,,,,,,,,,,,,,,,Spanish Segunda División,2024-2025
69216171,Josep Calavera,Josep Calavera,es ESP,MF,Castellón,24,1999,19,10,840,9.3,0,0,0,0,0,0,1,1,0.00,0.00,0.00,0.00,0.00,Matches,0.00,0.00,2,2,100.0,0.21,0.21,,,,,,,,,,,,,,,,,,,Spanish Segunda División,2024-2025
da4e70e5,Calderón,Calderón,es ESP,DF,Córdoba,24,2000,32,23,"2,207",24.5,0,1,1,0,0,0,8,1,0.00,0.04,0.04,0.00,0.04,Matches,0.00,0.00,13,2,15.4,0.08,0.53,,,,,,,,,,,,,,,,,,,Spanish Segunda División,2024-2025
6724c5a9,Iván Calero,Iván Calero,es ESP,DF,Zaragoza,29,1995,34,28,"2,470",27.4,0,2,2,0,0,0,10,1,0.00,0.07,0.07,0.00,0.07,Matches,0.00,0.00,34,5,14.7,0.18,1.24,,,,,,,,,,,,,,,,,,,Spanish Segunda División,2024-2025
b716f6a1,Álex Calvo,Álex Calvo,es ESP,FW,CD Mirandés,20,2004,13,0,183,2.0,1,0,1,1,0,0,1,0,0.49,0.00,0.49,0.49,0.49,Matches,0.25,0.50,4,2,50.0,0.98,1.97,,,,,,,,,,,,,,,,,,,Spanish Segunda División,2024-2025
dd672e1f,Dani Calvo,Dani Calvo,es ESP,DF,Oviedo,30,1994,41,41,"3,668",40.8,2,3,5,2,0,0,9,0,0.05,0.07,0.12,0.05,0.12,Matches,0.10,0.33,20,6,30.0,0.15,0.49,,,,,,,,,,,,,,,,,,,Spanish Segunda División,2024-2025
5a6b06cd,Ousmane Camara,Ousmane Camara,gn GUI,FW,Castellón,22,2001,16,12,"1,042",11.6,3,0,3,3,0,0,2,0,0.26,0.00,0.26,0.26,0.26,Matches,0.08,0.30,37,10,27.0,0.86,3.20,,,,,,,,,,,,,,,,,,,Spanish Segunda División,2024-2025
138957de,Sulei Camara,Sulei Camara,gm GAM,MF,Racing Sant,22,2001,21,2,449,5.0,1,1,2,1,0,0,1,0,0.20,0.20,0.40,0.20,0.40,Matches,0.14,0.33,7,3,42.9,0.60,1.40,,,,,,,,,,,,,,,,,,,Spanish Segunda División,2024-2025
b2d03887,Víctor Camarasa,Víctor Camarasa,es ESP,MF,Eldense,30,1994,27,11,"1,032",11.5,0,4,4,0,0,0,2,0,0.00,0.35,0.35,0.00,0.35,Matches,0.00,0.00,16,4,25.0,0.35,1.40,,,,,,,,,,,,,,,,,,,Spanish Segunda División,2024-2025
e9e8c5ca,Gaspar Campos,Gaspar Campos,es ESP,"MF,FW",Sporting Gijón,24,2000,26,17,"1,467",16.3,4,4,8,4,0,0,3,0,0.25,0.25,0.49,0.25,0.49,Matches,0.11,0.40,36,10,27.8,0.61,2.21,,,,,,,,,,,,,,,,,,,Spanish Segunda División,2024-2025
06983922,Víctor Campuzano,Víctor Campuzano,es ESP,FW,Sporting Gijón,27,1997,39,7,"1,048",11.6,5,2,7,4,1,2,5,0,0.43,0.17,0.60,0.34,0.52,Matches,0.10,0.25,40,16,40.0,1.37,3.44,,,,,,,,,,,,,,,,,,,Spanish Segunda División,2024-2025
4aa253fd,Álex Cantero,Álex Cantero,es ESP,"MF,FW",Tenerife,24,2000,27,9,938,10.4,2,4,6,2,0,0,3,0,0.19,0.38,0.58,0.19,0.58,Matches,0.06,0.15,35,13,37.1,1.25,3.36,,,,,,,,,,,,,,,,,,,Spanish Segunda División,2024-2025
de9bccf3,Ander Cantero,Ander Cantero,es ESP,GK,Burgos,29,1995,42,42,"3,780",42.0,0,0,0,0,0,0,0,0,0.00,0.00,0.00,0.00,0.00,Matches,,,0,0,,0.00,0.00,14,33.3,42,42,48,1.14,17,"3,780",3,5,0,40.0,2,69.0,101,145,10,15,Spanish Segunda División,2024-2025
8e006f50,Mario Cantero,Mario Cantero,es ESP,MF,Burgos,22,2002,12,3,307,3.4,0,0,0,0,0,0,1,0,0.00,0.00,0.00,0.00,0.00,Matches,0.00,,2,0,0.0,0.00,0.59,,,,,,,,,,,,,,,,,,,Spanish Segunda División,2024-2025
a3e04729,David Carballo,David Carballo,es ESP,MF,Racing Ferrol,18,2006,3,0,27,0.3,0,0,0,0,0,0,0,0,0.00,0.00,0.00,0.00,0.00,Matches,,,0,0,,0.00,0.00,,,,,,,,,,,,,,,,,,,Spanish Segunda División,2024-2025
c4b888df,Isaac Carcelen,Isaac Carcelen,es ESP,DF,Cádiz,31,1993,32,29,"2,543",28.3,1,0,1,1,0,0,7,0,0.04,0.00,0.04,0.04,0.04,Matches,0.09,0.20,11,5,45.5,0.18,0.39,,,,,,,,,,,,,,,,,,,Spanish Segunda División,2024-2025
b7be25ab,Álex Cardero,Álex Cardero,es ESP,MF,Oviedo,20,2003,21,3,597,6.6,1,1,2,1,0,0,4,0,0.15,0.15,0.30,0.15,0.30,Matches,0.11,0.33,9,3,33.3,0.45,1.36,,,,,,,,,,,,,,,,,,,Spanish Segunda División,2024-2025
8249ff06,Carlo,Carlo,es ESP,MF,CD Mirandés,23,2001,7,0,68,0.8,0,1,1,0,0,0,0,0,0.00,1.32,1.32,0.00,1.32,Matches,0.00,0.00,2,1,50.0,1.32,2.65,,,,,,,,,,,,,,,,,,,Spanish Segunda División,2024-2025
5b93209a,José Carlos Lazo,José Carlos Lazo,es ESP,"MF,FW",Albacete,28,1996,19,11,842,9.4,1,0,1,1,0,0,1,0,0.11,0.00,0.11,0.11,0.11,Matches,0.04,0.13,27,8,29.6,0.86,2.89,,,,,,,,,,,,,,,,,,,Spanish Segunda División,2024-2025
450ca3c1,Cristian Carracedo,Cristian Carracedo,es ESP,"FW,MF",Córdoba,28,1995,40,38,"3,284",36.5,5,11,16,3,2,2,12,0,0.14,0.30,0.44,0.08,0.38,Matches,0.06,0.15,51,20,39.2,0.55,1.40,,,,,,,,,,,,,,,,,,,Spanish Segunda División,2024-2025
c1a0f852,Marco Carrascal,Marco Carrascal,es ESP,DF,Racing Sant,21,2003,3,0,35,0.4,0,0,0,0,0,0,0,0,0.00,0.00,0.00,0.00,0.00,Matches,,,0,0,,0.00,0.00,,,,,,,,,,,,,,,,,,,Spanish Segunda División,2024-2025
f4fa1d95,Oscar Carrasco Sojo,Oscar Carrasco Sojo,es ESP,MF,Eibar,21,2002,3,0,10,0.1,0,0,0,0,0,0,0,0,0.00,0.00,0.00,0.00,0.00,Matches,0.00,,1,0,0.0,0.00,9.00,,,,,,,,,,,,,,,,,,,Spanish Segunda División,2024-2025
cf27a443,Álvaro Carrillo,Álvaro Carrillo,es ESP,DF,Eibar,22,2002,21,15,"1,293",14.4,1,0,1,1,0,0,9,2,0.07,0.00,0.07,0.07,0.07,Matches,0.25,1.00,4,1,25.0,0.07,0.28,,,,,,,,,,,,,,,,,,,Spanish Segunda División,2024-2025
85c05bac,Antonio Casas,Antonio Casas,es ESP,FW,Córdoba,24,2000,39,32,"2,650",29.4,10,1,11,10,0,0,10,1,0.34,0.03,0.37,0.34,0.37,Matches,0.12,0.50,83,20,24.1,0.68,2.82,,,,,,,,,,,,,,,,,,,Spanish Segunda División,2024-2025
33137f4d,Sergio Castel,Sergio Castel,es ESP,FW,Málaga,29,1995,13,2,409,4.5,1,0,1,1,0,0,3,0,0.22,0.00,0.22,0.22,0.22,Matches,0.14,0.50,7,2,28.6,0.44,1.54,,,,,,,,,,,,,,,,,,,Spanish Segunda División,2024-2025
28685101,David Castro,David Castro,es ESP,DF,Racing Ferrol,28,1995,24,20,"1,830",20.3,0,0,0,0,0,0,8,1,0.00,0.00,0.00,0.00,0.00,Matches,0.00,0.00,8,1,12.5,0.05,0.39,,,,,,,,,,,,,,,,,,,Spanish Segunda División,2024-2025
7e1a736b,Javier Castro,Javier Castro,es ESP,DF,Racing Sant,23,2000,37,29,"2,767",30.7,3,0,3,3,0,0,4,0,0.10,0.00,0.10,0.10,0.10,Matches,0.14,0.38,21,8,38.1,0.26,0.68,,,,,,,,,,,,,,,,,,,Spanish Segunda División,2024-2025
72828b14,Nicolás Castro,Nicolás Castro,ar ARG,MF,Elche,23,2000,34,25,"2,295",25.5,4,2,6,3,1,1,4,0,0.16,0.08,0.24,0.12,0.20,Matches,0.05,0.14,55,22,40.0,0.86,2.16,,,,,,,,,,,,,,,,,,,Spanish Segunda División,2024-2025
e2e9c250,Santi Cazorla,Santi Cazorla,es ESP,"MF,FW",Oviedo,39,1984,32,24,"1,900",21.1,3,5,8,1,2,3,1,0,0.14,0.24,0.38,0.05,0.28,Matches,0.04,0.11,28,9,32.1,0.43,1.33,,,,,,,,,,,,,,,,,,,Spanish Segunda División,2024-2025
ae852b7d,Álex Centelles,Álex Centelles,es ESP,"DF,MF",Almería,26,1997,36,28,"2,481",27.6,2,4,6,2,0,0,4,0,0.07,0.15,0.22,0.07,0.22,Matches,0.11,0.40,19,5,26.3,0.18,0.69,,,,,,,,,,,,,,,,,,,Spanish Segunda División,2024-2025
1e3d6735,Luis Chacón,Luis Chacón,es ESP,MF,Dep La Coruña,24,2000,1,0,1,0.0,0,0,0,0,0,0,0,0,0.00,0.00,0.00,0.00,0.00,Matches,,,0,0,,0.00,0.00,,,,,,,,,,,,,,,,,,,Spanish Segunda División,2024-2025
c998f00f,Ilyas Chaira,Ilyas Chaira,ma MAR,"MF,FW",Oviedo,23,2001,31,28,"2,234",24.8,7,3,10,7,0,0,8,0,0.28,0.12,0.40,0.28,0.40,Matches,0.10,0.30,72,23,31.9,0.93,2.90,,,,,,,,,,,,,,,,,,,Spanish Segunda División,2024-2025
9ed40a69,Chapela,Chapela,es ESP,MF,Eldense,25,1999,30,18,"1,541",17.1,4,0,4,4,0,0,1,0,0.23,0.00,0.23,0.23,0.23,Matches,0.10,0.29,39,14,35.9,0.82,2.28,,,,,,,,,,,,,,,,,,,Spanish Segunda División,2024-2025
da439830,Willy Chatiliez,Willy Chatiliez,cl CHI,MF,Huesca,19,2005,6,0,87,1.0,1,1,2,1,0,0,0,0,1.03,1.03,2.07,1.03,2.07,Matches,0.33,1.00,3,1,33.3,1.03,3.10,,,,,,,,,,,,,,,,,,,Spanish Segunda División,2024-2025
058379c9,Checo,Checo,es ESP,DF,Cartagena,19,2004,1,0,25,0.3,0,0,0,0,0,0,0,0,0.00,0.00,0.00,0.00,0.00,Matches,,,0,0,,0.00,0.00,,,,,,,,,,,,,,,,,,,Spanish Segunda División,2024-2025
7f203b54,Chema,Chema,es ESP,DF,Eibar,32,1992,13,9,869,9.7,1,0,1,1,0,0,9,1,0.10,0.00,0.10,0.10,0.10,Matches,0.14,0.50,7,2,28.6,0.21,0.72,,,,,,,,,,,,,,,,,,,Spanish Segunda División,2024-2025
407a1bee,Chiki,Chiki,es ESP,"FW,MF",Racing Ferrol,27,1996,34,8,"1,054",11.7,1,0,1,0,1,1,4,0,0.09,0.00,0.09,0.00,0.00,Matches,0.00,0.00,22,4,18.2,0.34,1.88,,,,,,,,,,,,,,,,,,,Spanish Segunda División,2024-2025
a317252f,Daijiro Chirino,Daijiro Chirino,cw CUW,"DF,MF",Castellón,22,2002,38,34,"3,000",33.3,0,3,3,0,0,0,10,1,0.00,0.09,0.09,0.00,0.09,Matches,0.00,0.00,17,5,29.4,0.15,0.51,,,,,,,,,,,,,,,,,,,Spanish Segunda División,2024-2025
2475cf9b,Chumi,Chumi,es ESP,DF,Almería,25,1999,27,27,"2,376",26.4,0,0,0,0,0,0,8,0,0.00,0.00,0.00,0.00,0.00,Matches,0.00,0.00,4,2,50.0,0.08,0.15,,,,,,,,,,,,,,,,,,,Spanish Segunda División,2024-2025
4eb8be46,Chupete,Chupete,es ESP,FW,Málaga,19,2004,19,11,976,10.8,4,0,4,4,0,0,4,0,0.37,0.00,0.37,0.37,0.37,Matches,0.18,0.44,22,9,40.9,0.83,2.03,,,,,,,,,,,,,,,,,,,Spanish Segunda División,2024-2025
81a606fc,Churripi,Churripi,es ESP,GK,Cádiz,30,1994,5,4,414,4.6,0,0,0,0,0,0,1,0,0.00,0.00,0.00,0.00,0.00,Matches,,,0,0,,0.00,0.00,0,0.0,5,4,10,2.17,3,414,3,3,0,0.0,0,69.6,16,23,0,1,Spanish Segunda División,2024-2025
ec1a731e,Víctor Chust,Víctor Chust,es ESP,DF,Cádiz,24,2000,40,38,"3,441",38.2,3,1,4,3,0,0,8,0,0.08,0.03,0.10,0.08,0.10,Matches,0.38,0.75,8,4,50.0,0.10,0.21,,,,,,,,,,,,,,,,,,,Spanish Segunda División,2024-2025
e4787d6f,Brian Cipenga,Brian Cipenga,cd COD,"MF,FW",Castellón,26,1998,15,7,686,7.6,3,1,4,3,0,0,0,0,0.39,0.13,0.52,0.39,0.52,Matches,0.15,0.43,20,7,35.0,0.92,2.62,,,,,,,,,,,,,,,,,,,Spanish Segunda División,2024-2025
21bf9d41,Enrique Clemente,Enrique Clemente,es ESP,DF,Zaragoza,25,1999,20,15,"1,314",14.6,1,0,1,1,0,0,4,1,0.07,0.00,0.07,0.07,0.07,Matches,0.11,0.33,9,3,33.3,0.21,0.62,,,,,,,,,,,,,,,,,,,Spanish Segunda División,2024-2025
9dfdbdeb,Óscar Clemente,Óscar Clemente,es ESP,MF,Levante,25,1999,8,0,54,0.6,0,0,0,0,0,0,1,0,0.00,0.00,0.00,0.00,0.00,Matches,0.00,,1,0,0.0,0.00,1.67,,,,,,,,,,,,,,,,,,,Spanish Segunda División,2024-2025
9dfdbdeb,Óscar Clemente,Óscar Clemente,es ESP,MF,Levante,25,1999,8,0,54,0.6,0,0,0,0,0,0,1,0,0.00,0.00,0.00,0.00,0.00,Matches,0.00,0.00,11,1,9.1,0.09,0.96,,,,,,,,,,,,,,,,,,,Spanish Segunda División,2024-2025
9dfdbdeb,Óscar Clemente,Óscar Clemente,es ESP,MF,Cartagena,25,1999,18,11,"1,032",11.5,0,2,2,0,0,0,0,0,0.00,0.17,0.17,0.00,0.17,Matches,0.00,,1,0,0.0,0.00,1.67,,,,,,,,,,,,,,,,,,,Spanish Segunda División,2024-2025
9dfdbdeb,Óscar Clemente,Óscar Clemente,es ESP,MF,Cartagena,25,1999,18,11,"1,032",11.5,0,2,2,0,0,0,0,0,0.00,0.17,0.17,0.00,0.17,Matches,0.00,0.00,11,1,9.1,0.09,0.96,,,,,,,,,,,,,,,,,,,Spanish Segunda División,2024-2025
33a61a52,Carlos Clerc,Carlos Clerc,es ESP,MF,Elche,32,1992,1,1,59,0.7,0,0,0,0,0,0,0,0,0.00,0.00,0.00,0.00,0.00,Matches,,,0,0,,0.00,0.00,,,,,,,,,,,,,,,,,,,Spanish Segunda División,2024-2025
25bfee29,Mario Climent,Mario Climent,es ESP,"DF,MF",Cádiz,22,2002,21,20,"1,728",19.2,3,4,7,3,0,0,1,0,0.16,0.21,0.36,0.16,0.36,Matches,0.21,0.60,14,5,35.7,0.26,0.73,,,,,,,,,,,,,,,,,,,Spanish Segunda División,2024-2025
b793dea2,Silvi Clúa,Silvi Clúa,es ESP,MF,Almería,19,2005,11,4,409,4.5,0,0,0,0,0,0,3,1,0.00,0.00,0.00,0.00,0.00,Matches,0.00,,2,0,0.0,0.00,0.44,,,,,,,,,,,,,,,,,,,Spanish Segunda División,2024-2025
b3f62bfc,Diego Collado,Diego Collado,es ESP,"FW,MF",Eldense,23,2001,16,12,934,10.4,2,1,3,2,0,0,2,0,0.19,0.10,0.29,0.19,0.29,Matches,0.08,0.33,24,6,25.0,0.58,2.31,,,,,,,,,,,,,,,,,,,Spanish Segunda División,2024-2025
ad9fdbf3,Santiago Colombatto,Santiago Colombatto,ar ARG,MF,Oviedo,27,1997,39,37,"3,244",36.0,4,3,7,3,1,1,8,0,0.11,0.08,0.19,0.08,0.17,Matches,0.09,0.30,35,10,28.6,0.28,0.97,,,,,,,,,,,,,,,,,,,Spanish Segunda División,2024-2025
01d45441,Arnau Comas,Arnau Comas,es ESP,DF,Eibar,24,2000,9,9,676,7.5,0,0,0,0,0,0,1,0,0.00,0.00,0.00,0.00,0.00,Matches,0.00,,1,0,0.0,0.00,0.13,,,,,,,,,,,,,,,,,,,Spanish Segunda División,2024-2025
25b82f9a,Theo Corbeanu,Theo Corbeanu,ca CAN,MF,Granada,22,2002,10,2,253,2.8,0,0,0,0,0,0,3,0,0.00,0.00,0.00,0.00,0.00,Matches,0.00,0.00,7,3,42.9,1.07,2.49,,,,,,,,,,,,,,,,,,,Spanish Segunda División,2024-2025
091795f2,Gabriele Corbo,Gabriele Corbo,it ITA,DF,Córdoba,24,2000,3,0,135,1.5,0,0,0,0,0,0,0,0,0.00,0.00,0.00,0.00,0.00,Matches,0.00,,1,0,0.0,0.00,0.67,,,,,,,,,,,,,,,,,,,Spanish Segunda División,2024-2025
d9b0e57e,Antonio Cordero,Antonio Cordero,es ESP,MF,Málaga,17,2006,39,23,"2,084",23.2,6,6,12,3,3,4,1,0,0.26,0.26,0.52,0.13,0.39,Matches,0.04,0.13,67,23,34.3,0.99,2.89,,,,,,,,,,,,,,,,,,,Spanish Segunda División,2024-2025
42547afa,Aitor Córdoba,Aitor Córdoba,es ESP,DF,Burgos,29,1995,41,41,"3,638",40.4,1,1,2,1,0,0,7,0,0.02,0.02,0.05,0.02,0.05,Matches,0.10,0.50,10,2,20.0,0.05,0.25,,,,,,,,,,,,,,,,,,,Spanish Segunda División,2024-2025
49ea92be,Iñigo Córdoba,Iñigo Córdoba,es ESP,"MF,DF",Burgos,27,1997,32,16,"1,640",18.2,3,5,8,3,0,0,5,0,0.16,0.27,0.44,0.16,0.44,Matches,0.10,0.33,31,9,29.0,0.49,1.70,,,,,,,,,,,,,,,,,,,Spanish Segunda División,2024-2025
422b05e3,José Corpas,José Corpas,es ESP,"DF,MF",Eibar,33,1991,34,34,"2,872",31.9,6,6,12,4,2,3,12,0,0.19,0.19,0.38,0.13,0.31,Matches,0.07,0.19,54,21,38.9,0.66,1.69,,,,,,,,,,,,,,,,,,,Spanish Segunda División,2024-2025
46bd3a5b,Rober Correa,Rober Correa,es ESP,DF,Racing Ferrol,31,1992,23,13,"1,338",14.9,0,1,1,0,0,0,5,1,0.00,0.07,0.07,0.00,0.07,Matches,0.00,0.00,8,2,25.0,0.13,0.54,,,,,,,,,,,,,,,,,,,Spanish Segunda División,2024-2025
b3a2168d,Álex Corredera,Álex Corredera,es ESP,MF,Tenerife,28,1996,3,1,94,1.0,0,0,0,0,0,0,0,0,0.00,0.00,0.00,0.00,0.00,Matches,,,0,0,,0.00,0.00,,,,,,,,,,,,,,,,,,,Spanish Segunda División,2024-2025
545dfda8,Samu Cortés,Samu Cortés,es ESP,FW,Granada,18,2006,1,0,2,0.0,0,0,0,0,0,0,0,0,0.00,0.00,0.00,0.00,0.00,Matches,,,0,0,,0.00,0.00,,,,,,,,,,,,,,,,,,,Spanish Segunda División,2024-2025
66c86ef6,Borja Cortina,Borja Cortina,es ESP,DF,Levante,18,2006,1,0,13,0.1,0,0,0,0,0,0,0,0,0.00,0.00,0.00,0.00,0.00,Matches,,,0,0,,0.00,0.00,,,,,,,,,,,,,,,,,,,Spanish Segunda División,2024-2025
808d48f3,Jaume Costa,Jaume Costa,es ESP,DF,Albacete,36,1988,14,12,645,7.2,0,1,1,0,0,0,2,1,0.00,0.14,0.14,0.00,0.14,Matches,0.00,,2,0,0.0,0.00,0.28,,,,,,,,,,,,,,,,,,,Spanish Segunda División,2024-2025
545e2f01,David Costas,David Costas,es ESP,DF,Oviedo,29,1995,31,29,"2,566",28.5,1,1,2,1,0,0,5,0,0.04,0.04,0.07,0.04,0.07,Matches,0.17,0.33,6,3,50.0,0.11,0.21,,,,,,,,,,,,,,,,,,,Spanish Segunda División,2024-2025
3adfa4a6,Gonzalo Crettaz,Gonzalo Crettaz,ar ARG,GK,Castellón,24,2000,40,39,"3,517",39.1,0,0,0,0,0,0,1,0,0.00,0.00,0.00,0.00,0.00,Matches,,,0,0,,0.00,0.00,8,20.5,40,39,58,1.48,16,"3,517",11,12,1,0.0,0,72.0,121,168,10,13,Spanish Segunda División,2024-2025
9ad74b4d,Cristian,Cristian,es ESP,GK,Albacete,26,1998,6,6,540,6.0,0,0,0,0,0,0,0,0,0.00,0.00,0.00,0.00,0.00,Matches,,,0,0,,0.00,0.00,1,16.7,6,6,11,1.83,3,540,1,1,0,0.0,0,72.2,26,36,1,2,Spanish Segunda División,2024-2025
d858d079,Sergio Cubero Ezcurra,Sergio Cubero Ezcurra,es ESP,DF,Eibar,24,1999,27,21,"2,002",22.2,0,2,2,0,0,0,1,0,0.00,0.09,0.09,0.00,0.09,Matches,0.00,0.00,18,6,33.3,0.27,0.81,,,,,,,,,,,,,,,,,,,Spanish Segunda División,2024-2025
ec14bc12,Cuenca,Cuenca,es ESP,FW,Zaragoza,21,2002,1,0,32,0.4,0,0,0,0,0,0,0,0,0.00,0.00,0.00,0.00,0.00,Matches,,,0,0,,0.00,0.00,,,,,,,,,,,,,,,,,,,Spanish Segunda División,2024-2025
a9ab3b32,Pablo Cuñat,Pablo Cuñat,es ESP,GK,Cartagena,22,2002,35,35,"3,150",35.0,0,0,0,0,0,0,2,0,0.00,0.00,0.00,0.00,0.00,Matches,,,0,0,,0.00,0.00,6,17.1,35,35,65,1.86,26,"3,150",4,7,1,33.3,2,71.0,151,210,4,5,Spanish Segunda División,2024-2025
34e39a18,Eric Curbelo,Eric Curbelo,es ESP,DF,Sporting Gijón,30,1994,10,9,583,6.5,0,0,0,0,0,0,2,0,0.00,0.00,0.00,0.00,0.00,Matches,0.00,0.00,2,1,50.0,0.15,0.31,,,,,,,,,,,,,,,,,,,Spanish Segunda División,2024-2025
f9a225f5,Curro,Curro,es ESP,"MF,FW",Burgos,28,1996,35,33,"2,846",31.6,6,1,7,4,2,5,6,0,0.19,0.03,0.22,0.13,0.16,Matches,0.07,0.18,55,22,40.0,0.70,1.74,,,,,,,,,,,,,,,,,,,Spanish Segunda División,2024-2025
cc851506,Alberto Dadie,Alberto Dadie,es ESP,DF,CD Mirandés,22,2002,10,0,119,1.3,0,0,0,0,0,0,0,2,0.00,0.00,0.00,0.00,0.00,Matches,0.00,0.00,1,1,100.0,0.76,0.76,,,,,,,,,,,,,,,,,,,Spanish Segunda División,2024-2025
35298b79,Davo,Davo,es ESP,MF,Dep La Coruña,29,1994,9,0,108,1.2,0,0,0,0,0,0,0,0,0.00,0.00,0.00,0.00,0.00,Matches,0.00,,1,0,0.0,0.00,0.83,,,,,,,,,,,,,,,,,,,Spanish Segunda División,2024-2025
84a85b48,Alberto Del Moral,Alberto Del Moral,es ESP,MF,Oviedo,24,2000,12,7,539,6.0,1,1,2,1,0,0,1,0,0.17,0.17,0.33,0.17,0.33,Matches,0.17,0.33,6,3,50.0,0.50,1.00,,,,,,,,,,,,,,,,,,,Spanish Segunda División,2024-2025
84a85b48,Alberto Del Moral,Alberto Del Moral,es ESP,MF,Oviedo,24,2000,12,7,539,6.0,1,1,2,1,0,0,1,0,0.17,0.17,0.33,0.17,0.33,Matches,0.00,0.00,2,2,100.0,1.01,1.01,,,,,,,,,,,,,,,,,,,Spanish Segunda División,2024-2025
84a85b48,Alberto Del Moral,Alberto Del Moral,es ESP,MF,Córdoba,24,2000,5,2,179,2.0,0,0,0,0,0,0,0,0,0.00,0.00,0.00,0.00,0.00,Matches,0.17,0.33,6,3,50.0,0.50,1.00,,,,,,,,,,,,,,,,,,,Spanish Segunda División,2024-2025
84a85b48,Alberto Del Moral,Alberto Del Moral,es ESP,MF,Córdoba,24,2000,5,2,179,2.0,0,0,0,0,0,0,0,0,0.00,0.00,0.00,0.00,0.00,Matches,0.00,0.00,2,2,100.0,1.01,1.01,,,,,,,,,,,,,,,,,,,Spanish Segunda División,2024-2025
248c409d,Moisés Delgado,Moisés Delgado,es ESP,DF,Huesca,30,1994,7,1,218,2.4,0,0,0,0,0,0,0,0,0.00,0.00,0.00,0.00,0.00,Matches,0.00,,1,0,0.0,0.00,0.41,,,,,,,,,,,,,,,,,,,Spanish Segunda División,2024-2025
248c409d,Moisés Delgado,Moisés Delgado,es ESP,DF,Huesca,30,1994,7,1,218,2.4,0,0,0,0,0,0,0,0,0.00,0.00,0.00,0.00,0.00,Matches,0.00,,2,0,0.0,0.00,0.19,,,,,,,,,,,,,,,,,,,Spanish Segunda División,2024-2025
248c409d,Moisés Delgado,Moisés Delgado,es ESP,DF,Racing Ferrol,30,1994,16,11,960,10.7,0,0,0,0,0,0,3,0,0.00,0.00,0.00,0.00,0.00,Matches,0.00,,1,0,0.0,0.00,0.41,,,,,,,,,,,,,,,,,,,Spanish Segunda División,2024-2025
248c409d,Moisés Delgado,Moisés Delgado,es ESP,DF,Racing Ferrol,30,1994,16,11,960,10.7,0,0,0,0,0,0,3,0,0.00,0.00,0.00,0.00,0.00,Matches,0.00,,2,0,0.0,0.00,0.19,,,,,,,,,,,,,,,,,,,Spanish Segunda División,2024-2025
70283ec6,Julián Delmás,Julián Delmás,es ESP,"DF,MF",Racing Ferrol,29,1995,15,6,704,7.8,0,0,0,0,0,0,0,0,0.00,0.00,0.00,0.00,0.00,Matches,0.00,,3,0,0.0,0.00,0.38,,,,,,,,,,,,,,,,,,,Spanish Segunda División,2024-2025
70283ec6,Julián Delmás,Julián Delmás,es ESP,"DF,MF",Racing Ferrol,29,1995,15,6,704,7.8,0,0,0,0,0,0,0,0,0.00,0.00,0.00,0.00,0.00,Matches,0.00,,1,0,0.0,0.00,0.13,,,,,,,,,,,,,,,,,,,Spanish Segunda División,2024-2025
70283ec6,Julián Delmás,Julián Delmás,es ESP,"DF,MF",Cartagena,29,1995,15,6,695,7.7,0,0,0,0,0,0,1,0,0.00,0.00,0.00,0.00,0.00,Matches,0.00,,3,0,0.0,0.00,0.38,,,,,,,,,,,,,,,,,,,Spanish Segunda División,2024-2025
70283ec6,Julián Delmás,Julián Delmás,es ESP,"DF,MF",Cartagena,29,1995,15,6,695,7.7,0,0,0,0,0,0,1,0,0.00,0.00,0.00,0.00,0.00,Matches,0.00,,1,0,0.0,0.00,0.13,,,,,,,,,,,,,,,,,,,Spanish Segunda División,2024-2025
a686ef30,Thomas van den Belt,Thomas van den Belt,nl NED,MF,Castellón,23,2001,39,34,"3,077",34.2,6,3,9,6,0,0,10,0,0.18,0.09,0.26,0.18,0.26,Matches,0.12,0.32,49,19,38.8,0.56,1.43,,,,,,,,,,,,,,,,,,,Spanish Segunda División,2024-2025
7fd1abc5,Bambo Diaby,Bambo Diaby,sn SEN,DF,Elche,26,1997,22,14,"1,076",12.0,0,1,1,0,0,0,5,1,0.00,0.08,0.08,0.00,0.08,Matches,0.00,0.00,3,1,33.3,0.08,0.25,,,,,,,,,,,,,,,,,,,Spanish Segunda División,2024-2025
d925b04e,Moussa Diakité,Moussa Diakité,ml MLI,MF,Cádiz,20,2003,22,17,"1,415",15.7,2,0,2,2,0,0,4,1,0.13,0.00,0.13,0.13,0.13,Matches,0.22,0.67,9,3,33.3,0.19,0.57,,,,,,,,,,,,,,,,,,,Spanish Segunda División,2024-2025
94e74d8b,Siren Diao,Siren Diao,es ESP,FW,Granada,19,2005,11,1,154,1.7,2,2,4,2,0,0,0,0,1.17,1.17,2.34,1.17,2.34,Matches,0.33,0.67,6,3,50.0,1.75,3.51,,,,,,,,,,,,,,,,,,,Spanish Segunda División,2024-2025
73a57c3a,Youssouf Diarra,Youssouf Diarra,ml MLI,"MF,FW",Tenerife,25,1998,42,39,"3,369",37.4,5,3,8,5,0,0,4,0,0.13,0.08,0.21,0.13,0.21,Matches,0.10,0.36,49,14,28.6,0.37,1.31,,,,,,,,,,,,,,,,,,,Spanish Segunda División,2024-2025
bf309d24,Amadou Diawara,Amadou Diawara,gn GUI,MF,Eldense,27,1997,12,11,973,10.8,2,0,2,2,0,0,2,0,0.18,0.00,0.18,0.18,0.18,Matches,0.18,1.00,11,2,18.2,0.18,1.02,,,,,,,,,,,,,,,,,,,Spanish Segunda División,2024-2025
01223184,Diego Diaz,Diego Diaz,es ESP,FW,Racing Sant,19,2005,2,0,35,0.4,0,0,0,0,0,0,0,0,0.00,0.00,0.00,0.00,0.00,Matches,0.00,0.00,4,3,75.0,7.71,10.29,,,,,,,,,,,,,,,,,,,Spanish Segunda División,2024-2025
aac8c5ac,Dioni,Dioni,es ESP,FW,Málaga,34,1989,39,22,"1,955",21.7,7,3,10,7,0,1,4,0,0.32,0.14,0.46,0.32,0.46,Matches,0.22,0.44,32,16,50.0,0.74,1.47,,,,,,,,,,,,,,,,,,,Spanish Segunda División,2024-2025
b6160ad0,Matías Dituro,Matías Dituro,ar ARG,GK,Elche,37,1987,38,38,"3,420",38.0,0,0,0,0,0,0,0,0,0.00,0.00,0.00,0.00,0.00,Matches,,,0,0,,0.00,0.00,16,42.1,38,38,33,0.87,8,"3,420",1,2,1,0.0,0,71.9,82,114,10,20,Spanish Segunda División,2024-2025
4006c918,Joaquín Domingo,Joaquín Domingo,es ESP,DF,Albacete,18,2006,1,0,22,0.2,0,0,0,0,0,0,0,0,0.00,0.00,0.00,0.00,0.00,Matches,,,0,0,,0.00,0.00,,,,,,,,,,,,,,,,,,,Spanish Segunda División,2024-2025
5e95c000,John Donald,John Donald,es ESP,"DF,MF",Elche,23,2000,19,8,869,9.7,2,0,2,2,0,0,0,0,0.21,0.00,0.21,0.21,0.21,Matches,0.22,0.67,9,3,33.3,0.31,0.93,,,,,,,,,,,,,,,,,,,Spanish Segunda División,2024-2025
8dffe3d5,Josué Dorrio,Josué Dorrio,es ESP,"MF,FW",Racing Ferrol,30,1994,40,36,"2,922",32.5,2,3,5,2,0,0,2,0,0.06,0.09,0.15,0.06,0.15,Matches,0.04,0.20,50,10,20.0,0.31,1.54,,,,,,,,,,,,,,,,,,,Spanish Segunda División,2024-2025
daa2eab3,Carlos Dotor,Carlos Dotor,es ESP,MF,Oviedo,23,2001,6,2,191,2.1,0,0,0,0,0,0,1,0,0.00,0.00,0.00,0.00,0.00,Matches,0.00,,1,0,0.0,0.00,0.47,,,,,,,,,,,,,,,,,,,Spanish Segunda División,2024-2025
daa2eab3,Carlos Dotor,Carlos Dotor,es ESP,MF,Oviedo,23,2001,6,2,191,2.1,0,0,0,0,0,0,1,0,0.00,0.00,0.00,0.00,0.00,Matches,0.22,0.50,9,4,44.4,0.76,1.71,,,,,,,,,,,,,,,,,,,Spanish Segunda División,2024-2025
daa2eab3,Carlos Dotor,Carlos Dotor,es ESP,MF,Sporting Gijón,23,2001,13,4,473,5.3,2,0,2,2,0,0,1,0,0.38,0.00,0.38,0.38,0.38,Matches,0.00,,1,0,0.0,0.00,0.47,,,,,,,,,,,,,,,,,,,Spanish Segunda División,2024-2025
daa2eab3,Carlos Dotor,Carlos Dotor,es ESP,MF,Sporting Gijón,23,2001,13,4,473,5.3,2,0,2,2,0,0,1,0,0.38,0.00,0.38,0.38,0.38,Matches,0.22,0.50,9,4,44.4,0.76,1.71,,,,,,,,,,,,,,,,,,,Spanish Segunda División,2024-2025
99dde7fc,Jonathan Dubasin,Jonathan Dubasin,be BEL,"FW,MF",Sporting Gijón,24,2000,37,36,"3,145",34.9,8,9,17,7,1,1,6,0,0.23,0.26,0.49,0.20,0.46,Matches,0.10,0.23,70,30,42.9,0.86,2.00,,,,,,,,,,,,,,,,,,,Spanish Segunda División,2024-2025
e5e8bada,Dylan,Dylan,es ESP,MF,Tenerife,18,2006,2,0,28,0.3,0,0,0,0,0,0,0,0,0.00,0.00,0.00,0.00,0.00,Matches,,,0,0,,0.00,0.00,,,,,,,,,,,,,,,,,,,Spanish Segunda División,2024-2025
eea195ea,Zakaria Eddahchouri,Zakaria Eddahchouri,nl NED,FW,Dep La Coruña,24,2000,16,13,"1,054",11.7,4,0,4,4,0,0,1,0,0.34,0.00,0.34,0.34,0.34,Matches,0.15,0.44,26,9,34.6,0.77,2.22,,,,,,,,,,,,,,,,,,,Spanish Segunda División,2024-2025
bb33af5c,Unai Eguíluz,Unai Eguíluz,es ESP,DF,CD Mirandés,22,2002,28,21,"1,876",20.8,0,0,0,0,0,0,7,0,0.00,0.00,0.00,0.00,0.00,Matches,0.00,0.00,10,3,30.0,0.14,0.48,,,,,,,,,,,,,,,,,,,Spanish Segunda División,2024-2025
01cc0c90,Unai Elgezabal,Unai Elgezabal,es ESP,DF,Levante,31,1993,40,40,"3,600",40.0,0,0,0,0,0,0,9,0,0.00,0.00,0.00,0.00,0.00,Matches,0.00,0.00,10,2,20.0,0.05,0.25,,,,,,,,,,,,,,,,,,,Spanish Segunda División,2024-2025
bb4b1242,Sergi Enrich,Sergi Enrich,es ESP,FW,Huesca,34,1990,37,26,"2,170",24.1,7,0,7,7,0,0,2,0,0.29,0.00,0.29,0.29,0.29,Matches,0.23,0.58,31,12,38.7,0.50,1.29,,,,,,,,,,,,,,,,,,,Spanish Segunda División,2024-2025
9506d4a1,Ramón Enríquez,Ramón Enríquez,es ESP,MF,Málaga,23,2001,11,5,440,4.9,0,1,1,0,0,0,1,0,0.00,0.20,0.20,0.00,0.20,Matches,,,0,0,,0.00,0.00,,,,,,,,,,,,,,,,,,,Spanish Segunda División,2024-2025
3f79a1c8,Gonzalo Escalante,Gonzalo Escalante,ar ARG,MF,Cádiz,31,1993,24,9,971,10.8,1,1,2,1,0,0,2,0,0.09,0.09,0.19,0.09,0.19,Matches,0.05,0.17,19,6,31.6,0.56,1.76,,,,,,,,,,,,,,,,,,,Spanish Segunda División,2024-2025
67669ce7,Aarón Escandell,Aarón Escandell,es ESP,GK,Oviedo,28,1995,41,41,"3,690",41.0,0,0,0,0,0,0,3,0,0.00,0.00,0.00,0.00,0.00,Matches,,,0,0,,0.00,0.00,16,39.0,41,41,40,0.98,9,"3,690",5,8,1,28.6,2,74.5,104,137,12,20,Spanish Segunda División,2024-2025
5dd86009,Jaime Escario,Jaime Escario,es ESP,MF,Huesca,21,2003,1,0,1,0.0,0,0,0,0,0,0,0,0,0.00,0.00,0.00,0.00,0.00,Matches,,,0,0,,0.00,0.00,,,,,,,,,,,,,,,,,,,Spanish Segunda División,2024-2025
d48a1284,Juan Escobar,Juan Escobar,py PAR,DF,Castellón,29,1995,9,7,474,5.3,0,0,0,0,0,0,2,0,0.00,0.00,0.00,0.00,0.00,Matches,0.00,,2,0,0.0,0.00,0.38,,,,,,,,,,,,,,,,,,,Spanish Segunda División,2024-2025
5a36f180,Dani Escriche,Dani Escriche,es ESP,"MF,FW",Cartagena,26,1998,36,21,"1,783",19.8,0,3,3,0,0,0,8,0,0.00,0.15,0.15,0.00,0.15,Matches,0.00,0.00,22,5,22.7,0.25,1.11,,,,,,,,,,,,,,,,,,,Spanish Segunda División,2024-2025
b0616e3d,Sergio Escudero,Sergio Escudero,es ESP,DF,Dep La Coruña,34,1989,14,7,566,6.3,0,3,3,0,0,0,1,0,0.00,0.48,0.48,0.00,0.48,Matches,0.00,0.00,3,1,33.3,0.16,0.48,,,,,,,,,,,,,,,,,,,Spanish Segunda División,2024-2025
d7d3c5f3,Carlos Espí,Carlos Espí,es ESP,FW,Levante,19,2005,36,1,510,5.7,6,2,8,6,0,0,0,0,1.06,0.35,1.41,1.06,1.41,Matches,0.17,0.43,36,14,38.9,2.47,6.35,,,,,,,,,,,,,,,,,,,Spanish Segunda División,2024-2025
872befe6,Eduardo Espiau,Eduardo Espiau,es ESP,FW,Burgos,29,1994,41,20,"1,916",21.3,3,0,3,3,0,0,5,0,0.14,0.00,0.14,0.14,0.14,Matches,0.06,0.21,47,14,29.8,0.66,2.21,,,,,,,,,,,,,,,,,,,Spanish Segunda División,2024-2025
f0f499ea,Karl Etta Eyong,Karl Etta Eyong,cm CMR,FW,Cádiz,20,2003,1,0,3,0.0,0,0,0,0,0,0,0,0,0.00,0.00,0.00,0.00,0.00,Matches,,,0,0,,0.00,0.00,,,,,,,,,,,,,,,,,,,Spanish Segunda División,2024-2025
a21da004,Chukwuma Eze,Chukwuma Eze,ng NGA,DF,Oviedo,20,2003,1,0,22,0.2,0,0,0,0,0,0,0,0,0.00,0.00,0.00,0.00,0.00,Matches,,,0,0,,0.00,0.00,,,,,,,,,,,,,,,,,,,Spanish Segunda División,2024-2025
3409de86,Nicolás Ezequiel Fernández,Nicolás Ezequiel Fernández,ar ARG,"MF,FW",Elche,24,2000,33,31,"2,569",28.5,6,8,14,4,2,4,10,1,0.21,0.28,0.49,0.14,0.42,Matches,0.08,0.25,51,16,31.4,0.56,1.79,,,,,,,,,,,,,,,,,,,Spanish Segunda División,2024-2025
0f7dbaf6,Jokin Ezkieta,Jokin Ezkieta,es ESP,GK,Racing Sant,27,1996,42,42,"3,780",42.0,0,0,0,0,0,0,2,0,0.00,0.00,0.00,0.00,0.00,Matches,,,0,0,,0.00,0.00,11,26.2,42,42,51,1.21,11,"3,780",3,4,0,25.0,1,70.4,115,162,11,20,Spanish Segunda División,2024-2025
e2290a67,Fabrício,Fabrício,br BRA,FW,Levante,23,2000,8,0,130,1.4,0,0,0,0,0,0,1,0,0.00,0.00,0.00,0.00,0.00,Matches,0.00,0.00,6,2,33.3,1.38,4.15,,,,,,,,,,,,,,,,,,,Spanish Segunda División,2024-2025
8c593db1,Omar Falah,Omar Falah,es ESP,DF,Oviedo,20,2003,1,0,8,0.1,0,0,0,0,0,0,0,0,0.00,0.00,0.00,0.00,0.00,Matches,,,0,0,,0.00,0.00,,,,,,,,,,,,,,,,,,,Spanish Segunda División,2024-2025
72a84002,Fali,Fali,es ESP,"DF,MF",Cádiz,30,1993,22,19,"1,578",17.5,0,0,0,0,0,0,11,1,0.00,0.00,0.00,0.00,0.00,Matches,0.00,0.00,2,1,50.0,0.06,0.11,,,,,,,,,,,,,,,,,,,Spanish Segunda División,2024-2025
38126309,Aleix Febas,Aleix Febas,es ESP,MF,Elche,28,1996,37,36,"3,075",34.2,1,0,1,1,0,0,10,0,0.03,0.00,0.03,0.03,0.03,Matches,0.07,0.14,14,7,50.0,0.20,0.41,,,,,,,,,,,,,,,,,,,Spanish Segunda División,2024-2025
fe5f2ab8,Joan Femenías,Joan Femenías,es ESP,GK,Zaragoza,27,1996,10,10,865,9.6,0,0,0,0,0,0,1,0,0.00,0.00,0.00,0.00,0.00,Matches,,,0,0,,0.00,0.00,1,10.0,10,10,22,2.29,6,865,0,0,0,,0,50.0,22,44,3,1,Spanish Segunda División,2024-2025
aa677a35,Álex Fernández,Álex Fernández,es ESP,MF,Cádiz,31,1992,33,19,"1,713",19.0,7,2,9,3,4,4,4,0,0.37,0.11,0.47,0.16,0.26,Matches,0.21,0.33,14,9,64.3,0.47,0.74,,,,,,,,,,,,,,,,,,,Spanish Segunda División,2024-2025
307fcd26,Andrés Fernández,Andrés Fernández,es ESP,GK,Levante,37,1986,41,41,"3,690",41.0,0,0,0,0,0,0,3,0,0.00,0.00,0.00,0.00,0.00,Matches,,,0,0,,0.00,0.00,10,24.4,41,41,42,1.02,7,"3,690",4,5,0,20.0,1,72.3,100,137,13,21,Spanish Segunda División,2024-2025
e08647d6,Carlos Fernández,Carlos Fernández,es ESP,"FW,MF",Cádiz,28,1996,32,18,"1,607",17.9,1,1,2,1,0,0,5,0,0.06,0.06,0.11,0.06,0.11,Matches,0.03,0.08,30,12,40.0,0.67,1.68,,,,,,,,,,,,,,,,,,,Spanish Segunda División,2024-2025
e2f9bca9,Daniel Fernández,Daniel Fernández,es ESP,MF,Tenerife,16,2008,10,4,321,3.6,1,0,1,1,0,0,0,0,0.28,0.00,0.28,0.28,0.28,Matches,0.17,1.00,6,1,16.7,0.28,1.68,,,,,,,,,,,,,,,,,,,Spanish Segunda División,2024-2025
6fb59070,Raúl Fernández,Raúl Fernández,es ESP,GK,CD Mirandés,36,1988,42,42,"3,780",42.0,0,0,0,0,0,0,4,0,0.00,0.00,0.00,0.00,0.00,Matches,,,0,0,,0.00,0.00,16,38.1,42,42,40,0.95,11,"3,780",2,3,0,33.3,1,72.5,100,138,9,22,Spanish Segunda División,2024-2025
9ced4eb5,Víctor Fernández,Víctor Fernández,es ESP,FW,Levante,16,2007,1,0,1,0.0,0,0,0,0,0,0,0,0,0.00,0.00,0.00,0.00,0.00,Matches,,,0,0,,0.00,0.00,,,,,,,,,,,,,,,,,,,Spanish Segunda División,2024-2025
dabb2827,Fernando,Fernando,es ESP,GK,Almería,34,1990,14,14,"1,260",14.0,0,0,0,0,0,0,3,0,0.00,0.00,0.00,0.00,0.00,Matches,,,0,0,,0.00,0.00,5,35.7,14,14,10,0.71,1,"1,260",0,0,0,,0,80.4,41,51,2,11,Spanish Segunda División,2024-2025
05816e19,Juan Ferney Otero,Juan Ferney Otero,co COL,FW,Sporting Gijón,29,1995,35,30,"2,392",26.6,12,1,13,5,7,7,3,0,0.45,0.04,0.49,0.19,0.23,Matches,0.07,0.17,73,29,39.7,1.09,2.75,,,,,,,,,,,,,,,,,,,Spanish Segunda División,2024-2025
ae9a9b2d,Rachad Fettal,Rachad Fettal,ma MAR,MF,Almería,19,2005,14,1,197,2.2,1,1,2,1,0,0,1,1,0.46,0.46,0.91,0.46,0.91,Matches,0.25,0.33,4,3,75.0,1.37,1.83,,,,,,,,,,,,,,,,,,,Spanish Segunda División,2024-2025
eb82b6f1,Fidel,Fidel,es ESP,"MF,FW",Albacete,34,1989,34,23,"1,809",20.1,4,6,10,4,0,1,5,0,0.20,0.30,0.50,0.20,0.50,Matches,0.16,0.36,25,11,44.0,0.55,1.24,,,,,,,,,,,,,,,,,,,Spanish Segunda División,2024-2025
260a429a,Pedro Fidel,Pedro Fidel,es ESP,DF,Almería,17,2007,1,0,4,0.0,0,0,0,0,0,0,0,0,0.00,0.00,0.00,0.00,0.00,Matches,,,0,0,,0.00,0.00,,,,,,,,,,,,,,,,,,,Spanish Segunda División,2024-2025
d6ed4376,Álex Forés,Álex Forés,es ESP,FW,Levante,23,2001,18,1,402,4.5,5,1,6,5,0,0,2,0,1.12,0.22,1.34,1.12,1.34,Matches,0.21,0.38,24,13,54.2,2.91,5.37,,,,,,,,,,,,,,,,,,,Spanish Segunda División,2024-2025
8454d9e7,Ian Forns,Ian Forns,es ESP,DF,Burgos,20,2004,5,2,187,2.1,0,0,0,0,0,0,1,0,0.00,0.00,0.00,0.00,0.00,Matches,,,0,0,,0.00,0.00,,,,,,,,,,,,,,,,,,,Spanish Segunda División,2024-2025
33d2c795,Toni Fuidias,Toni Fuidias,es ESP,GK,Cartagena,23,2001,5,5,450,5.0,0,0,0,0,0,0,0,0,0.00,0.00,0.00,0.00,0.00,Matches,,,0,0,,0.00,0.00,1,20.0,5,5,9,1.80,3,450,0,0,0,,0,67.9,19,28,1,1,Spanish Segunda División,2024-2025
82328faf,Daniel Fuzato,Daniel Fuzato,br BRA,GK,Eibar,27,1997,10,10,900,10.0,0,0,0,0,0,0,0,0,0.00,0.00,0.00,0.00,0.00,Matches,,,0,0,,0.00,0.00,4,40.0,10,10,10,1.00,5,900,0,0,0,,0,72.2,26,36,1,4,Spanish Segunda División,2024-2025
801f8118,Gabilondo,Gabilondo,es ESP,DF,Málaga,25,1999,21,14,"1,253",13.9,0,3,3,0,0,0,5,0,0.00,0.22,0.22,0.00,0.22,Matches,0.00,,13,0,0.0,0.00,0.93,,,,,,,,,,,,,,,,,,,Spanish Segunda División,2024-2025
563568ee,Sergio Gabriel,Sergio Gabriel,es ESP,FW,CD Mirandés,21,2003,1,0,14,0.2,0,0,0,0,0,0,0,0,0.00,0.00,0.00,0.00,0.00,Matches,,,0,0,,0.00,0.00,,,,,,,,,,,,,,,,,,,Spanish Segunda División,2024-2025
3efcea0e,Aitor Galarza,Aitor Galarza,es ESP,FW,Eibar,22,2002,5,0,34,0.4,0,0,0,0,0,0,0,0,0.00,0.00,0.00,0.00,0.00,Matches,0.00,,3,0,0.0,0.00,7.94,,,,,,,,,,,,,,,,,,,Spanish Segunda División,2024-2025
327d75f2,Einar Galilea,Einar Galilea,es ESP,DF,Málaga,30,1994,27,22,"1,989",22.1,0,1,1,0,0,0,2,1,0.00,0.05,0.05,0.00,0.05,Matches,0.00,0.00,12,3,25.0,0.14,0.54,,,,,,,,,,,,,,,,,,,Spanish Segunda División,2024-2025
82e9b89d,Enric Gallego,Enric Gallego,es ESP,FW,Tenerife,37,1986,34,20,"1,836",20.4,7,0,7,7,0,1,8,0,0.34,0.00,0.34,0.34,0.34,Matches,0.15,0.47,47,15,31.9,0.74,2.30,,,,,,,,,,,,,,,,,,,Spanish Segunda División,2024-2025
2e3406ae,Fran Gámez,Fran Gámez,es ESP,DF,Eldense,33,1991,34,33,"2,722",30.2,0,3,3,0,0,0,9,0,0.00,0.10,0.10,0.00,0.10,Matches,0.00,0.00,14,4,28.6,0.13,0.46,,,,,,,,,,,,,,,,,,,Spanish Segunda División,2024-2025
40498af1,Andrés García,Andrés García,es ESP,DF,Levante,21,2003,22,22,"1,936",21.5,3,3,6,3,0,0,3,0,0.14,0.14,0.28,0.14,0.28,Matches,0.17,0.60,18,5,27.8,0.23,0.84,,,,,,,,,,,,,,,,,,,Spanish Segunda División,2024-2025
d919d7f2,Antonio Cristian Glauder García,Antonio Cristian Glauder García,ph PHI,DF,Cádiz,28,1995,12,7,755,8.4,0,1,1,0,0,0,1,0,0.00,0.12,0.12,0.00,0.12,Matches,0.00,0.00,2,1,50.0,0.12,0.24,,,,,,,,,,,,,,,,,,,Spanish Segunda División,2024-2025
d0d25f8d,Jon García Herrero,Jon García Herrero,es ESP,DF,Albacete,33,1991,29,23,"2,133",23.7,0,0,0,0,0,0,1,0,0.00,0.00,0.00,0.00,0.00,Matches,0.00,,10,0,0.0,0.00,0.42,,,,,,,,,,,,,,,,,,,Spanish Segunda División,2024-2025
cec64412,Víctor García Marín,Víctor García Marín,es ESP,DF,Málaga,30,1994,21,19,"1,659",18.4,0,1,1,0,0,0,4,0,0.00,0.05,0.05,0.00,0.05,Matches,0.00,0.00,4,1,25.0,0.05,0.22,,,,,,,,,,,,,,,,,,,Spanish Segunda División,2024-2025
2d426747,Mario García,Mario García,es ESP,DF,Racing Sant,20,2003,32,28,"2,478",27.5,3,0,3,3,0,0,8,0,0.11,0.00,0.11,0.11,0.11,Matches,0.16,0.38,19,8,42.1,0.29,0.69,,,,,,,,,,,,,,,,,,,Spanish Segunda División,2024-2025
686bab8c,Naim García,Naim García,es ESP,"MF,FW",Racing Ferrol,22,2002,18,7,709,7.9,0,1,1,0,0,0,1,0,0.00,0.13,0.13,0.00,0.13,Matches,0.00,,16,0,0.0,0.00,2.03,,,,,,,,,,,,,,,,,,,Spanish Segunda División,2024-2025
d1c7de35,Pablo García,Pablo García,es ESP,DF,Sporting Gijón,24,2000,35,18,"1,901",21.1,0,6,6,0,0,0,8,0,0.00,0.28,0.28,0.00,0.28,Matches,0.00,,11,0,0.0,0.00,0.52,,,,,,,,,,,,,,,,,,,Spanish Segunda División,2024-2025
dafa5038,Saúl García,Saúl García,es ESP,DF,Racing Sant,29,1994,21,14,"1,286",14.3,0,1,1,0,0,0,4,1,0.00,0.07,0.07,0.00,0.07,Matches,0.00,0.00,10,3,30.0,0.21,0.70,,,,,,,,,,,,,,,,,,,Spanish Segunda División,2024-2025
6636496a,Víctor García,Víctor García,es ESP,"MF,DF",Eldense,26,1997,40,35,"3,163",35.1,4,4,8,4,0,0,6,0,0.11,0.11,0.23,0.11,0.23,Matches,0.06,0.19,70,21,30.0,0.60,1.99,,,,,,,,,,,,,,,,,,,Spanish Segunda División,2024-2025
fb5d47b3,Mario Gaspar,Mario Gaspar,es ESP,"DF,MF",Elche,33,1990,19,5,654,7.3,0,1,1,0,0,0,2,0,0.00,0.14,0.14,0.00,0.14,Matches,0.00,0.00,8,2,25.0,0.28,1.10,,,,,,,,,,,,,,,,,,,Spanish Segunda División,2024-2025
475a738b,Sékou Gassama,Sékou Gassama,sn SEN,FW,Eldense,29,1995,11,5,458,5.1,1,1,2,1,0,0,2,0,0.20,0.20,0.39,0.20,0.39,Matches,0.05,0.25,20,4,20.0,0.79,3.93,,,,,,,,,,,,,,,,,,,Spanish Segunda División,2024-2025
1a0de1bd,Juan Gauto,Juan Gauto,ar ARG,"MF,FW",Dep La Coruña,20,2004,15,2,234,2.6,0,0,0,0,0,0,0,0,0.00,0.00,0.00,0.00,0.00,Matches,0.00,,2,0,0.0,0.00,0.77,,,,,,,,,,,,,,,,,,,Spanish Segunda División,2024-2025
ed55b838,Gelabert,Gelabert,es ESP,MF,Sporting Gijón,23,2000,39,27,"2,403",26.7,6,2,8,6,0,0,6,0,0.22,0.07,0.30,0.22,0.30,Matches,0.14,0.35,44,17,38.6,0.64,1.65,,,,,,,,,,,,,,,,,,,Spanish Segunda División,2024-2025
f161f97f,Aitor Gelardo,Aitor Gelardo,es ESP,MF,Racing Ferrol,22,2002,24,13,"1,113",12.4,2,2,4,2,0,0,3,0,0.16,0.16,0.32,0.16,0.32,Matches,0.17,0.67,12,3,25.0,0.24,0.97,,,,,,,,,,,,,,,,,,,Spanish Segunda División,2024-2025
badcdcae,Denis Genreau,Denis Genreau,au AUS,MF,Dep La Coruña,25,1999,9,2,213,2.4,1,0,1,1,0,0,0,1,0.42,0.00,0.42,0.42,0.42,Matches,0.25,1.00,4,1,25.0,0.42,1.69,,,,,,,,,,,,,,,,,,,Spanish Segunda División,2024-2025
b143ac89,Daniel George Paraschiv,Daniel George Paraschiv,ro ROU,FW,Oviedo,25,1999,28,2,615,6.8,3,1,4,3,0,0,1,0,0.44,0.15,0.59,0.44,0.59,Matches,0.13,0.38,23,8,34.8,1.17,3.37,,,,,,,,,,,,,,,,,,,Spanish Segunda División,2024-2025
dbde9724,Francisco Geraldes,Francisco Geraldes,pt POR,FW,Eldense,29,1995,3,1,111,1.2,0,0,0,0,0,0,0,0,0.00,0.00,0.00,0.00,0.00,Matches,0.00,,2,0,0.0,0.00,1.62,,,,,,,,,,,,,,,,,,,Spanish Segunda División,2024-2025
1d72c7a5,Mourad El Ghezouani,Mourad El Ghezouani,ma MAR,FW,Elche,26,1998,31,13,"1,296",14.4,9,0,9,8,1,1,3,0,0.62,0.00,0.62,0.56,0.56,Matches,0.27,0.53,30,15,50.0,1.04,2.08,,,,,,,,,,,,,,,,,,,Spanish Segunda División,2024-2025
fea23125,David Gil,David Gil,es ESP,GK,Cádiz,30,1994,36,36,"3,183",35.4,0,0,0,0,0,0,1,1,0.00,0.00,0.00,0.00,0.00,Matches,,,0,0,,0.00,0.00,12,33.3,36,36,41,1.16,11,"3,183",8,10,1,11.1,1,72.5,87,120,13,12,Spanish Segunda División,2024-2025
1fa0e5fa,Iván Gil,Iván Gil,es ESP,"MF,FW",Eibar,24,2000,11,6,467,5.2,0,1,1,0,0,0,3,0,0.00,0.19,0.19,0.00,0.19,Matches,0.00,0.00,9,1,11.1,0.19,1.73,,,,,,,,,,,,,,,,,,,Spanish Segunda División,2024-2025
8ee275b6,Óscar Gil,Óscar Gil,es ESP,"DF,MF",Castellón,29,1995,19,16,"1,141",12.7,1,0,1,1,0,0,4,0,0.08,0.00,0.08,0.08,0.08,Matches,0.08,0.20,13,5,38.5,0.39,1.03,,,,,,,,,,,,,,,,,,,Spanish Segunda División,2024-2025
18017beb,Álvaro Giménez,Álvaro Giménez,es ESP,FW,Racing Ferrol,33,1991,37,25,"2,237",24.9,4,1,5,3,1,3,4,0,0.16,0.04,0.20,0.12,0.16,Matches,0.07,0.16,43,19,44.2,0.76,1.73,,,,,,,,,,,,,,,,,,,Spanish Segunda División,2024-2025
01bbb0ad,Alan Godoy,Alan Godoy,es ESP,FW,Eldense,21,2003,11,3,306,3.4,0,0,0,0,0,0,2,1,0.00,0.00,0.00,0.00,0.00,Matches,0.00,0.00,15,2,13.3,0.59,4.41,,,,,,,,,,,,,,,,,,,Spanish Segunda División,2024-2025
0e5ddc7c,Dani Gómez,Dani Gómez,es ESP,FW,Zaragoza,26,1998,14,8,673,7.5,4,1,5,2,2,2,1,1,0.53,0.13,0.67,0.27,0.40,Matches,0.13,0.22,15,9,60.0,1.20,2.01,,,,,,,,,,,,,,,,,,,Spanish Segunda División,2024-2025
582e1987,Diego Gómez,Diego Gómez,es ESP,MF,Dep La Coruña,20,2004,17,6,540,6.0,0,1,1,0,0,0,2,0,0.00,0.17,0.17,0.00,0.17,Matches,0.00,0.00,6,2,33.3,0.33,1.00,,,,,,,,,,,,,,,,,,,Spanish Segunda División,2024-2025
34d096e1,Valentín Gómez,Valentín Gómez,es ESP,MF,Almería,20,2004,1,0,4,0.0,0,0,0,0,0,0,0,0,0.00,0.00,0.00,0.00,0.00,Matches,,,0,0,,0.00,0.00,,,,,,,,,,,,,,,,,,,Spanish Segunda División,2024-2025
5080d655,David González,David González,es ESP,"MF,FW",Burgos,22,2002,29,10,"1,043",11.6,2,2,4,1,1,1,2,0,0.17,0.17,0.35,0.09,0.26,Matches,0.05,0.11,19,9,47.4,0.78,1.64,,,,,,,,,,,,,,,,,,,Spanish Segunda División,2024-2025
3c3bd9fa,Diego González,Diego González,es ESP,"DF,MF",Huesca,25,1999,23,11,"1,055",11.7,1,2,3,1,0,0,4,1,0.09,0.17,0.26,0.09,0.26,Matches,0.20,0.50,5,2,40.0,0.17,0.43,,,,,,,,,,,,,,,,,,,Spanish Segunda División,2024-2025
4ac7608e,Diego González,Diego González,es ESP,DF,Albacete,29,1995,5,3,319,3.5,0,0,0,0,0,0,1,0,0.00,0.00,0.00,0.00,0.00,Matches,0.00,0.00,1,1,100.0,0.28,0.28,,,,,,,,,,,,,,,,,,,Spanish Segunda División,2024-2025
49d028db,Édgar González,Édgar González,es ESP,"DF,MF",Almería,27,1997,40,38,"3,369",37.4,2,0,2,2,0,0,8,0,0.05,0.00,0.05,0.05,0.05,Matches,0.10,0.40,20,5,25.0,0.13,0.53,,,,,,,,,,,,,,,,,,,Spanish Segunda División,2024-2025
5418d47c,Fabio González,Fabio González,es ESP,MF,Tenerife,27,1997,13,4,469,5.2,0,0,0,0,0,0,2,1,0.00,0.00,0.00,0.00,0.00,Matches,0.00,,3,0,0.0,0.00,0.58,,,,,,,,,,,,,,,,,,,Spanish Segunda División,2024-2025
2cfb6e88,Hugo González,Hugo González,es ESP,"MF,FW",Cartagena,21,2003,17,6,607,6.7,0,0,0,0,0,0,0,0,0.00,0.00,0.00,0.00,0.00,Matches,0.00,0.00,13,3,23.1,0.44,1.93,,,,,,,,,,,,,,,,,,,Spanish Segunda División,2024-2025
56545648,Roberto González,Roberto González,es ESP,MF,Racing Sant,23,2001,16,6,608,6.8,0,0,0,0,0,0,1,0,0.00,0.00,0.00,0.00,0.00,Matches,0.00,0.00,9,1,11.1,0.15,1.33,,,,,,,,,,,,,,,,,,,Spanish Segunda División,2024-2025
5dd16ace,Sergio González,Sergio González,es ESP,"DF,MF",Tenerife,27,1997,37,36,"3,021",33.6,1,1,2,1,0,0,11,1,0.03,0.03,0.06,0.03,0.06,Matches,0.05,0.20,21,5,23.8,0.15,0.63,,,,,,,,,,,,,,,,,,,Spanish Segunda División,2024-2025
4f3bbb10,Jon Gorrotxategi,Jon Gorrotxategi,es ESP,MF,CD Mirandés,22,2002,42,42,"3,691",41.0,4,2,6,4,0,0,2,0,0.10,0.05,0.15,0.10,0.15,Matches,0.11,0.67,35,6,17.1,0.15,0.85,,,,,,,,,,,,,,,,,,,Spanish Segunda División,2024-2025
20588520,Xavi Grande,Xavi Grande,es ESP,DF,Levante,19,2005,16,8,624,6.9,0,0,0,0,0,0,0,0,0.00,0.00,0.00,0.00,0.00,Matches,,,0,0,,0.00,0.00,,,,,,,,,,,,,,,,,,,Spanish Segunda División,2024-2025
0972da7d,Ricardo Grigore,Ricardo Grigore,ro ROU,DF,Eldense,25,1999,2,1,135,1.5,1,0,1,1,0,0,1,0,0.67,0.00,0.67,0.67,0.67,Matches,0.33,1.00,3,1,33.3,0.67,2.00,,,,,,,,,,,,,,,,,,,Spanish Segunda División,2024-2025
022c1bf7,Gui Guedes,Gui Guedes,pt POR,MF,Almería,22,2002,13,3,325,3.6,1,0,1,1,0,0,2,0,0.28,0.00,0.28,0.28,0.28,Matches,0.50,1.00,2,1,50.0,0.28,0.55,,,,,,,,,,,,,,,,,,,Spanish Segunda División,2024-2025
58a3a572,Adrián Guerrero,Adrián Guerrero,es ESP,DF,Tenerife,26,1998,6,4,365,4.1,0,0,0,0,0,0,0,0,0.00,0.00,0.00,0.00,0.00,Matches,0.00,,1,0,0.0,0.00,0.25,,,,,,,,,,,,,,,,,,,Spanish Segunda División,2024-2025
c6f76f7a,Adrián Guerrero,Adrián Guerrero,es ESP,MF,Dep La Coruña,18,2006,2,2,116,1.3,0,0,0,0,0,0,0,0,0.00,0.00,0.00,0.00,0.00,Matches,,,0,0,,0.00,0.00,,,,,,,,,,,,,,,,,,,Spanish Segunda División,2024-2025
484aca18,Maguette Gueye,Maguette Gueye,sn SEN,MF,Racing Sant,21,2002,27,9,"1,159",12.9,0,0,0,0,0,0,8,0,0.00,0.00,0.00,0.00,0.00,Matches,0.00,0.00,12,1,8.3,0.08,0.93,,,,,,,,,,,,,,,,,,,Spanish Segunda División,2024-2025
0949141b,Asier Ortiz de Guinea,Asier Ortiz de Guinea,es ESP,MF,CD Mirandés,22,2002,1,0,7,0.1,0,0,0,0,0,0,0,0,0.00,0.00,0.00,0.00,0.00,Matches,,,0,0,,0.00,0.00,,,,,,,,,,,,,,,,,,,Spanish Segunda División,2024-2025
5a341c79,Jon Guruzeta,Jon Guruzeta,es ESP,MF,Eibar,24,2000,33,16,"1,399",15.5,3,3,6,3,0,0,4,0,0.19,0.19,0.39,0.19,0.39,Matches,0.09,0.20,32,15,46.9,0.96,2.06,,,,,,,,,,,,,,,,,,,Spanish Segunda División,2024-2025
0b2c8585,Raúl Guti,Raúl Guti,es ESP,MF,Elche,27,1996,10,6,510,5.7,0,1,1,0,0,0,2,0,0.00,0.18,0.18,0.00,0.18,Matches,0.00,0.00,11,2,18.2,0.35,1.94,,,,,,,,,,,,,,,,,,,Spanish Segunda División,2024-2025
0b2c8585,Raúl Guti,Raúl Guti,es ESP,MF,Elche,27,1996,10,6,510,5.7,0,1,1,0,0,0,2,0,0.00,0.18,0.18,0.00,0.18,Matches,0.11,0.40,18,5,27.8,0.51,1.85,,,,,,,,,,,,,,,,,,,Spanish Segunda División,2024-2025
0b2c8585,Raúl Guti,Raúl Guti,es ESP,MF,Zaragoza,27,1996,11,10,877,9.7,2,0,2,2,0,0,3,0,0.21,0.00,0.21,0.21,0.21,Matches,0.00,0.00,11,2,18.2,0.35,1.94,,,,,,,,,,,,,,,,,,,Spanish Segunda División,2024-2025
0b2c8585,Raúl Guti,Raúl Guti,es ESP,MF,Zaragoza,27,1996,11,10,877,9.7,2,0,2,2,0,0,3,0,0.21,0.00,0.21,0.21,0.21,Matches,0.11,0.40,18,5,27.8,0.51,1.85,,,,,,,,,,,,,,,,,,,Spanish Segunda División,2024-2025
b397e44a,Cristian Gutierrez,Cristian Gutierrez,es ESP,DF,Eibar,23,2000,32,25,"2,198",24.4,0,3,3,0,0,0,1,0,0.00,0.12,0.12,0.00,0.12,Matches,0.00,0.00,7,3,42.9,0.12,0.29,,,,,,,,,,,,,,,,,,,Spanish Segunda División,2024-2025
e1ccf6e0,Juan Gutierrez,Juan Gutierrez,es ESP,DF,CD Mirandés,24,2000,37,36,"3,121",34.7,0,5,5,0,0,0,12,0,0.00,0.14,0.14,0.00,0.14,Matches,0.00,0.00,18,1,5.6,0.03,0.52,,,,,,,,,,,,,,,,,,,Spanish Segunda División,2024-2025
b750381a,Kento Hashimoto,Kento Hashimoto,jp JPN,MF,Eibar,30,1993,7,1,139,1.5,0,0,0,0,0,0,1,0,0.00,0.00,0.00,0.00,0.00,Matches,,,0,0,,0.00,0.00,,,,,,,,,,,,,,,,,,,Spanish Segunda División,2024-2025
e0979e74,Haissem Hassan,Haissem Hassan,eg EGY,MF,Oviedo,22,2002,39,25,"2,203",24.5,4,3,7,4,0,0,4,0,0.16,0.12,0.29,0.16,0.29,Matches,0.10,0.17,42,24,57.1,0.98,1.72,,,,,,,,,,,,,,,,,,,Spanish Segunda División,2024-2025
b6d0fbdf,Gerard Hernandez,Gerard Hernandez,es ESP,MF,Elche,19,2005,12,7,493,5.5,0,0,0,0,0,0,0,0,0.00,0.00,0.00,0.00,0.00,Matches,0.00,,3,0,0.0,0.00,0.55,,,,,,,,,,,,,,,,,,,Spanish Segunda División,2024-2025
b68138a8,Javier Hernández,Javier Hernández,es ESP,MF,Huesca,20,2004,26,16,"1,364",15.2,1,1,2,1,0,0,6,0,0.07,0.07,0.13,0.07,0.13,Matches,0.03,0.13,29,8,27.6,0.53,1.91,,,,,,,,,,,,,,,,,,,Spanish Segunda División,2024-2025
92333a82,Jesús Hernández,Jesús Hernández,es ESP,DF,Cartagena,20,2003,5,4,345,3.8,0,0,0,0,0,0,3,0,0.00,0.00,0.00,0.00,0.00,Matches,,,0,0,,0.00,0.00,,,,,,,,,,,,,,,,,,,Spanish Segunda División,2024-2025
dee186db,Yeremay Hernández,Yeremay Hernández,es ESP,MF,Dep La Coruña,21,2002,39,35,"3,035",33.7,15,5,20,11,4,5,2,0,0.44,0.15,0.59,0.33,0.47,Matches,0.10,0.23,111,48,43.2,1.42,3.29,,,,,,,,,,,,,,,,,,,Spanish Segunda División,2024-2025
5920c7c7,Manu Hernando,Manu Hernando,es ESP,DF,Racing Sant,26,1998,27,22,"1,859",20.7,0,0,0,0,0,0,3,2,0.00,0.00,0.00,0.00,0.00,Matches,0.00,0.00,8,2,25.0,0.10,0.39,,,,,,,,,,,,,,,,,,,Spanish Segunda División,2024-2025
f814e5d3,Cristian Herrera,Cristian Herrera,es ESP,"MF,FW",Dep La Coruña,33,1991,24,4,604,6.7,2,2,4,2,0,0,0,0,0.30,0.30,0.60,0.30,0.60,Matches,0.12,0.18,17,11,64.7,1.64,2.53,,,,,,,,,,,,,,,,,,,Spanish Segunda División,2024-2025
0dca768b,Alfonso Herrero,Alfonso Herrero,es ESP,GK,Málaga,30,1994,41,41,"3,690",41.0,0,0,0,0,0,0,2,0,0.00,0.00,0.00,0.00,0.00,Matches,,,0,0,,0.00,0.00,16,39.0,41,41,44,1.07,13,"3,690",3,8,2,50.0,3,77.3,143,181,16,12,Spanish Segunda División,2024-2025
d9f9ab8d,Santiago Homenchenko,Santiago Homenchenko,uy URU,MF,CD Mirandés,20,2003,18,4,474,5.3,0,0,0,0,0,0,1,0,0.00,0.00,0.00,0.00,0.00,Matches,0.00,0.00,12,5,41.7,0.95,2.28,,,,,,,,,,,,,,,,,,,Spanish Segunda División,2024-2025
b85bf253,Martin Hongla,Martin Hongla,cm CMR,MF,Granada,26,1998,33,28,"2,415",26.8,3,2,5,3,0,0,9,1,0.11,0.07,0.19,0.11,0.19,Matches,0.13,0.60,23,5,21.7,0.19,0.86,,,,,,,,,,,,,,,,,,,Spanish Segunda División,2024-2025
69ca346f,Ali Houary,Ali Houary,ma MAR,FW,Elche,18,2005,1,0,7,0.1,0,0,0,0,0,0,0,0,0.00,0.00,0.00,0.00,0.00,Matches,,,0,0,,0.00,0.00,,,,,,,,,,,,,,,,,,,Spanish Segunda División,2024-2025
ad1ffcfd,Vicente Iborra,Vicente Iborra,es ESP,"MF,DF",Levante,36,1988,26,10,958,10.6,1,0,1,0,1,1,4,0,0.09,0.00,0.09,0.00,0.00,Matches,0.00,0.00,4,2,50.0,0.19,0.38,,,,,,,,,,,,,,,,,,,Spanish Segunda División,2024-2025
792c7b94,Emanuel Insúa,Emanuel Insúa,ar ARG,DF,Racing Ferrol,33,1991,11,5,489,5.4,0,0,0,0,0,0,1,0,0.00,0.00,0.00,0.00,0.00,Matches,0.00,,5,0,0.0,0.00,0.92,,,,,,,,,,,,,,,,,,,Spanish Segunda División,2024-2025
4b5e7e90,Pablo Insua,Pablo Insua,es ESP,DF,Granada,30,1993,14,12,"1,106",12.3,1,0,1,1,0,0,3,0,0.08,0.00,0.08,0.08,0.08,Matches,0.25,0.50,4,2,50.0,0.16,0.33,,,,,,,,,,,,,,,,,,,Spanish Segunda División,2024-2025
3e5a168c,Carlos Isaac,Carlos Isaac,es ESP,DF,Córdoba,26,1998,29,23,"2,025",22.5,0,3,3,0,0,0,6,0,0.00,0.13,0.13,0.00,0.13,Matches,0.00,0.00,15,5,33.3,0.22,0.67,,,,,,,,,,,,,,,,,,,Spanish Segunda División,2024-2025
f9756b6a,Urko Izeta,Urko Izeta,es ESP,"FW,MF",CD Mirandés,24,1999,40,24,"2,078",23.1,12,3,15,10,2,3,3,0,0.52,0.13,0.65,0.43,0.56,Matches,0.16,0.36,62,28,45.2,1.21,2.69,,,,,,,,,,,,,,,,,,,Spanish Segunda División,2024-2025
2ceb58ab,Jairo Izquierdo,Jairo Izquierdo,es ESP,"DF,FW",Elche,30,1993,8,0,120,1.3,0,0,0,0,0,0,0,0,0.00,0.00,0.00,0.00,0.00,Matches,,,0,0,,0.00,0.00,,,,,,,,,,,,,,,,,,,Spanish Segunda División,2024-2025
2ceb58ab,Jairo Izquierdo,Jairo Izquierdo,es ESP,"DF,FW",Elche,30,1993,8,0,120,1.3,0,0,0,0,0,0,0,0,0.00,0.00,0.00,0.00,0.00,Matches,0.14,1.00,7,1,14.3,0.06,0.45,,,,,,,,,,,,,,,,,,,Spanish Segunda División,2024-2025
2ceb58ab,Jairo Izquierdo,Jairo Izquierdo,es ESP,"MF,DF",Cartagena,30,1993,20,17,"1,401",15.6,1,2,3,1,0,0,2,0,0.06,0.13,0.19,0.06,0.19,Matches,,,0,0,,0.00,0.00,,,,,,,,,,,,,,,,,,,Spanish Segunda División,2024-2025
2ceb58ab,Jairo Izquierdo,Jairo Izquierdo,es ESP,"MF,DF",Cartagena,30,1993,20,17,"1,401",15.6,1,2,3,1,0,0,2,0,0.06,0.13,0.19,0.06,0.19,Matches,0.14,1.00,7,1,14.3,0.06,0.45,,,,,,,,,,,,,,,,,,,Spanish Segunda División,2024-2025
09e81276,Jacobo,Jacobo,es ESP,"FW,MF",Córdoba,27,1997,34,30,"2,575",28.6,9,6,15,6,3,3,5,1,0.31,0.21,0.52,0.21,0.42,Matches,0.06,0.19,106,31,29.2,1.08,3.70,,,,,,,,,,,,,,,,,,,Spanish Segunda División,2024-2025
9b608841,Eneko Jauregi,Eneko Jauregi,es ESP,FW,Racing Ferrol,28,1996,37,19,"1,849",20.5,6,0,6,6,0,0,3,0,0.29,0.00,0.29,0.29,0.29,Matches,0.15,0.40,39,15,38.5,0.73,1.90,,,,,,,,,,,,,,,,,,,Spanish Segunda División,2024-2025
eeba07f8,Luis Javier Suárez,Luis Javier Suárez,co COL,FW,Almería,26,1997,41,41,"3,638",40.4,27,8,35,19,8,10,9,0,0.67,0.20,0.87,0.47,0.67,Matches,0.11,0.29,167,66,39.5,1.63,4.13,,,,,,,,,,,,,,,,,,,Spanish Segunda División,2024-2025
d068118b,Salim El Jebari,Salim El Jebari,ma MAR,"FW,MF",Cartagena,20,2004,16,9,821,9.1,2,2,4,2,0,0,2,0,0.22,0.22,0.44,0.22,0.44,Matches,0.25,0.40,8,5,62.5,0.55,0.88,,,,,,,,,,,,,,,,,,,Spanish Segunda División,2024-2025
8640db0f,Jesús,Jesús,es ESP,FW,Castellón,27,1996,34,16,"1,791",19.9,3,2,5,3,0,0,1,0,0.15,0.10,0.25,0.15,0.25,Matches,0.08,0.25,37,12,32.4,0.60,1.86,,,,,,,,,,,,,,,,,,,Spanish Segunda División,2024-2025
3a780635,Alberto Jiménez,Alberto Jiménez,es ESP,DF,Castellón,31,1992,38,37,"3,173",35.3,2,0,2,2,0,0,12,1,0.06,0.00,0.06,0.06,0.06,Matches,0.10,0.40,20,5,25.0,0.14,0.57,,,,,,,,,,,,,,,,,,,Spanish Segunda División,2024-2025
e4365d4a,Dani Jiménez,Dani Jiménez,es ESP,GK,Huesca,34,1990,32,32,"2,857",31.7,0,0,0,0,0,0,3,0,0.00,0.00,0.00,0.00,0.00,Matches,,,0,0,,0.00,0.00,10,31.3,32,32,28,0.88,10,"2,857",1,3,1,50.0,1,78.9,102,128,6,16,Spanish Segunda División,2024-2025
2602181a,Marcelo Jiménez,Marcelo Jiménez,es ESP,MF,Burgos,21,2003,19,9,782,8.7,2,0,2,2,0,0,5,0,0.23,0.00,0.23,0.23,0.23,Matches,0.40,0.67,5,3,60.0,0.35,0.58,,,,,,,,,,,,,,,,,,,Spanish Segunda División,2024-2025
447601de,Christian Joel,Christian Joel,cu CUB,GK,Sporting Gijón,25,1999,4,3,291,3.2,0,0,0,0,0,0,1,0,0.00,0.00,0.00,0.00,0.00,Matches,,,0,0,,0.00,0.00,1,33.3,4,3,7,2.16,2,291,1,1,0,0.0,0,66.7,12,18,0,1,Spanish Segunda División,2024-2025
fb59286d,Miloš Jojić,Miloš Jojić,rs SRB,"MF,FW",Castellón,32,1992,11,3,373,4.1,0,0,0,0,0,0,1,0,0.00,0.00,0.00,0.00,0.00,Matches,0.00,0.00,6,2,33.3,0.48,1.45,,,,,,,,,,,,,,,,,,,Spanish Segunda División,2024-2025
5556d20b,Jordi,Jordi,es ESP,MF,Huesca,23,2001,29,11,"1,146",12.7,2,0,2,2,0,0,5,0,0.16,0.00,0.16,0.16,0.16,Matches,0.50,1.00,4,2,50.0,0.16,0.31,,,,,,,,,,,,,,,,,,,Spanish Segunda División,2024-2025
1156c1e8,Joel Jorquera,Joel Jorquera,es ESP,MF,Eldense,23,2000,16,8,739,8.2,2,0,2,2,0,0,4,0,0.24,0.00,0.24,0.24,0.24,Matches,0.22,0.29,9,7,77.8,0.85,1.10,,,,,,,,,,,,,,,,,,,Spanish Segunda División,2024-2025
5b28b2f6,Josan,Josan,es ESP,"MF,FW",Elche,34,1989,32,20,"1,767",19.6,4,9,13,4,0,0,5,0,0.20,0.46,0.66,0.20,0.66,Matches,0.17,0.36,23,11,47.8,0.56,1.17,,,,,,,,,,,,,,,,,,,Spanish Segunda División,2024-2025
bd4e3824,Kamil Jóźwiak,Kamil Jóźwiak,pl POL,MF,Granada,26,1998,17,7,655,7.3,0,1,1,0,0,0,3,1,0.00,0.14,0.14,0.00,0.14,Matches,0.00,0.00,7,2,28.6,0.27,0.96,,,,,,,,,,,,,,,,,,,Spanish Segunda División,2024-2025
87e0d045,Juande,Juande,es ESP,DF,Tenerife,25,1999,11,9,731,8.1,0,0,0,0,0,0,1,0,0.00,0.00,0.00,0.00,0.00,Matches,0.00,0.00,4,2,50.0,0.25,0.49,,,,,,,,,,,,,,,,,,,Spanish Segunda División,2024-2025
51437e43,Juanma,Juanma,es ESP,"MF,FW",Albacete,31,1993,39,25,"2,370",26.3,2,3,5,2,0,0,2,0,0.08,0.11,0.19,0.08,0.19,Matches,0.06,0.29,31,7,22.6,0.27,1.18,,,,,,,,,,,,,,,,,,,Spanish Segunda División,2024-2025
731b58b9,Juanpe,Juanpe,es ESP,MF,Málaga,28,1996,15,7,608,6.8,0,0,0,0,0,0,7,0,0.00,0.00,0.00,0.00,0.00,Matches,0.00,0.00,5,1,20.0,0.15,0.74,,,,,,,,,,,,,,,,,,,Spanish Segunda División,2024-2025
360d70f8,Lago Junior,Lago Junior,ci CIV,MF,Racing Sant,33,1990,19,3,467,5.2,1,0,1,1,0,0,1,0,0.19,0.00,0.19,0.19,0.19,Matches,0.08,0.20,13,5,38.5,0.96,2.51,,,,,,,,,,,,,,,,,,,Spanish Segunda División,2024-2025
d29202c2,Sory Kaba,Sory Kaba,gn GUI,FW,Elche,29,1995,24,8,881,9.8,4,0,4,3,1,1,4,0,0.41,0.00,0.41,0.31,0.31,Matches,0.13,0.33,24,9,37.5,0.92,2.45,,,,,,,,,,,,,,,,,,,Spanish Segunda División,2024-2025
55634fb8,Kaiky,Kaiky,br BRA,"DF,MF",Almería,20,2004,23,15,"1,271",14.1,0,1,1,0,0,0,4,2,0.00,0.07,0.07,0.00,0.07,Matches,0.00,0.00,1,1,100.0,0.07,0.07,,,,,,,,,,,,,,,,,,,Spanish Segunda División,2024-2025
211589b8,Jon Karrikaburu,Jon Karrikaburu,es ESP,FW,Racing Sant,21,2002,41,18,"1,997",22.2,8,4,12,8,0,0,3,0,0.36,0.18,0.54,0.36,0.54,Matches,0.12,0.26,66,31,47.0,1.40,2.97,,,,,,,,,,,,,,,,,,,Spanish Segunda División,2024-2025
3da1b6ed,Giorgi Kochorashvili,Giorgi Kochorashvili,ge GEO,MF,Levante,25,1999,35,29,"2,603",28.9,6,4,10,5,1,1,6,0,0.21,0.14,0.35,0.17,0.31,Matches,0.09,0.25,54,20,37.0,0.69,1.87,,,,,,,,,,,,,,,,,,,Spanish Segunda División,2024-2025
dc160de3,Christian Kofane,Christian Kofane,cm CMR,FW,Albacete,18,2006,20,17,"1,237",13.7,8,1,9,8,0,0,1,1,0.58,0.07,0.65,0.58,0.65,Matches,0.25,0.62,32,13,40.6,0.95,2.33,,,,,,,,,,,,,,,,,,,Spanish Segunda División,2024-2025
6b2c894b,Ghislain Konan,Ghislain Konan,ci CIV,"DF,MF",Burgos,28,1995,2,0,62,0.7,0,0,0,0,0,0,0,0,0.00,0.00,0.00,0.00,0.00,Matches,,,0,0,,0.00,0.00,,,,,,,,,,,,,,,,,,,Spanish Segunda División,2024-2025
ea06b5c4,Iker Kortajarena,Iker Kortajarena,es ESP,MF,Huesca,24,2000,39,32,"2,722",30.2,4,4,8,4,0,0,3,0,0.13,0.13,0.26,0.13,0.26,Matches,0.10,0.27,42,15,35.7,0.50,1.39,,,,,,,,,,,,,,,,,,,Spanish Segunda División,2024-2025
950dd6ab,Sebastián Kóša,Sebastián Kóša,sk SVK,DF,Zaragoza,20,2003,4,2,196,2.2,0,0,0,0,0,0,2,0,0.00,0.00,0.00,0.00,0.00,Matches,,,0,0,,0.00,0.00,,,,,,,,,,,,,,,,,,,Spanish Segunda División,2024-2025
86a2ba20,Rominigue Kouamé,Rominigue Kouamé,ml MLI,MF,Cádiz,27,1996,13,8,767,8.5,0,1,1,0,0,0,2,0,0.00,0.12,0.12,0.00,0.12,Matches,0.00,,6,0,0.0,0.00,0.70,,,,,,,,,,,,,,,,,,,Spanish Segunda División,2024-2025
c60e0d74,Bojan Kovačević,Bojan Kovačević,rs SRB,DF,Cádiz,20,2004,27,24,"2,264",25.2,0,0,0,0,0,0,2,0,0.00,0.00,0.00,0.00,0.00,Matches,0.00,0.00,3,1,33.3,0.04,0.12,,,,,,,,,,,,,,,,,,,Spanish Segunda División,2024-2025
2b6dc4d7,Kuki,Kuki,es ESP,MF,Córdoba,26,1998,13,2,264,2.9,0,0,0,0,0,0,1,0,0.00,0.00,0.00,0.00,0.00,Matches,0.00,0.00,8,1,12.5,0.34,2.73,,,,,,,,,,,,,,,,,,,Spanish Segunda División,2024-2025
5932c94a,Adrián de la Fuente,Adrián de la Fuente,es ESP,DF,Levante,25,1999,32,28,"2,529",28.1,2,1,3,0,2,2,12,1,0.07,0.04,0.11,0.00,0.04,Matches,0.00,0.00,28,8,28.6,0.28,1.00,,,,,,,,,,,,,,,,,,,Spanish Segunda División,2024-2025
60abea75,César de la Hoz,César de la Hoz,es ESP,MF,Oviedo,32,1992,12,8,644,7.2,0,0,0,0,0,0,2,0,0.00,0.00,0.00,0.00,0.00,Matches,0.00,,2,0,0.0,0.00,0.28,,,,,,,,,,,,,,,,,,,Spanish Segunda División,2024-2025
6fb15380,Youness Lachhab Didi,Youness Lachhab Didi,ma MAR,"MF,DF",Eldense,25,1999,13,2,441,4.9,1,0,1,1,0,0,2,0,0.20,0.00,0.20,0.20,0.20,Matches,0.13,0.50,8,2,25.0,0.41,1.63,,,,,,,,,,,,,,,,,,,Spanish Segunda División,2024-2025
8ee3cdec,Mathis Lachuer,Mathis Lachuer,fr FRA,MF,CD Mirandés,23,2000,38,33,"2,646",29.4,2,2,4,0,2,3,8,1,0.07,0.07,0.14,0.00,0.07,Matches,0.00,0.00,44,7,15.9,0.24,1.50,,,,,,,,,,,,,,,,,,,Spanish Segunda División,2024-2025
2bf3c2c8,Manu Lama,Manu Lama,es ESP,DF,Granada,23,2001,16,12,"1,018",11.3,2,1,3,2,0,0,2,1,0.18,0.09,0.27,0.18,0.27,Matches,0.29,0.67,7,3,42.9,0.27,0.62,,,,,,,,,,,,,,,,,,,Spanish Segunda División,2024-2025
b3a267f0,Anthony Landazuri,Anthony Landazuri,ec ECU,DF,Tenerife,27,1997,11,11,844,9.4,1,1,2,1,0,0,2,1,0.11,0.11,0.21,0.11,0.21,Matches,0.50,1.00,2,1,50.0,0.11,0.21,,,,,,,,,,,,,,,,,,,Spanish Segunda División,2024-2025
72947847,Bruno Langa,Bruno Langa,mz MOZ,DF,Almería,26,1997,24,17,"1,511",16.8,0,0,0,0,0,0,3,1,0.00,0.00,0.00,0.00,0.00,Matches,0.00,0.00,15,1,6.7,0.06,0.89,,,,,,,,,,,,,,,,,,,Spanish Segunda División,2024-2025
e2e23679,Adrián Lapeña,Adrián Lapeña,es ESP,DF,Córdoba,28,1996,17,17,"1,512",16.8,1,0,1,1,0,0,6,1,0.06,0.00,0.06,0.06,0.06,Matches,0.11,0.13,9,8,88.9,0.48,0.54,,,,,,,,,,,,,,,,,,,Spanish Segunda División,2024-2025
a09bc5e8,David Larrubia,David Larrubia,es ESP,"MF,FW",Málaga,22,2002,36,33,"2,787",31.0,4,2,6,4,0,0,2,0,0.13,0.06,0.19,0.13,0.19,Matches,0.06,0.17,62,23,37.1,0.74,2.00,,,,,,,,,,,,,,,,,,,Spanish Segunda División,2024-2025
86ff856b,Lázaro,Lázaro,br BRA,"MF,FW",Almería,22,2002,15,3,429,4.8,0,1,1,0,0,0,2,0,0.00,0.21,0.21,0.00,0.21,Matches,0.00,0.00,13,5,38.5,1.05,2.73,,,,,,,,,,,,,,,,,,,Spanish Segunda División,2024-2025
e8918589,Helton Leite,Helton Leite,br BRA,GK,Dep La Coruña,33,1990,37,37,"3,330",37.0,0,0,0,0,0,0,2,0,0.00,0.00,0.00,0.00,0.00,Matches,,,0,0,,0.00,0.00,11,29.7,37,37,43,1.16,10,"3,330",6,7,1,0.0,0,74.5,108,145,14,13,Spanish Segunda División,2024-2025
31d45cc8,Álvaro Lemos,Álvaro Lemos,es ESP,DF,Oviedo,31,1993,9,6,507,5.6,0,0,0,0,0,0,2,0,0.00,0.00,0.00,0.00,0.00,Matches,0.00,0.00,3,1,33.3,0.18,0.53,,,,,,,,,,,,,,,,,,,Spanish Segunda División,2024-2025
8d74054e,Juan Lendínez,Juan Lendínez,es ESP,MF,Granada,21,2003,5,0,62,0.7,0,0,0,0,0,0,1,0,0.00,0.00,0.00,0.00,0.00,Matches,0.00,,1,0,0.0,0.00,1.45,,,,,,,,,,,,,,,,,,,Spanish Segunda División,2024-2025
bea8d8b7,José León Bernal,José León Bernal,es ESP,DF,Tenerife,29,1995,29,28,"2,500",27.8,3,0,3,3,0,0,2,1,0.11,0.00,0.11,0.11,0.11,Matches,0.18,0.60,17,5,29.4,0.18,0.61,,,,,,,,,,,,,,,,,,,Spanish Segunda División,2024-2025
26615dea,Adrián Liso,Adrián Liso,es ESP,"MF,FW",Zaragoza,19,2005,40,25,"2,491",27.7,4,1,5,4,0,0,2,0,0.14,0.04,0.18,0.14,0.18,Matches,0.09,0.25,45,16,35.6,0.58,1.63,,,,,,,,,,,,,,,,,,,Spanish Segunda División,2024-2025
f69e9eee,Raúl Lizoain,Raúl Lizoain,es ESP,GK,Albacete,33,1991,36,36,"3,240",36.0,0,0,0,0,0,0,4,0,0.00,0.00,0.00,0.00,0.00,Matches,,,0,0,,0.00,0.00,9,25.0,36,36,46,1.28,11,"3,240",6,7,0,14.3,1,70.8,97,137,12,13,Spanish Segunda División,2024-2025
38b0cf42,Javier Llabrés,Javier Llabrés,es ESP,"MF,FW",Eldense,21,2002,15,14,"1,033",11.5,3,0,3,2,1,1,3,0,0.26,0.00,0.26,0.17,0.17,Matches,0.06,0.18,31,11,35.5,0.96,2.70,,,,,,,,,,,,,,,,,,,Spanish Segunda División,2024-2025
a952a529,Julen Lobete,Julen Lobete,es ESP,"FW,MF",Málaga,23,2000,36,28,"2,276",25.3,3,2,5,3,0,0,3,0,0.12,0.08,0.20,0.12,0.20,Matches,0.06,0.17,51,18,35.3,0.71,2.02,,,,,,,,,,,,,,,,,,,Spanish Segunda División,2024-2025
30b44896,Álex López,Álex López,es ESP,MF,Racing Ferrol,36,1988,15,5,515,5.7,0,0,0,0,0,0,0,1,0.00,0.00,0.00,0.00,0.00,Matches,0.00,0.00,9,1,11.1,0.17,1.57,,,,,,,,,,,,,,,,,,,Spanish Segunda División,2024-2025
1ca5791d,Alex López,Alex López,es ESP,DF,Córdoba,18,2005,2,1,97,1.1,0,0,0,0,0,0,0,0,0.00,0.00,0.00,0.00,0.00,Matches,,,0,0,,0.00,0.00,,,,,,,,,,,,,,,,,,,Spanish Segunda División,2024-2025
090e367c,Carlos López,Carlos López,es ESP,GK,Málaga,19,2004,1,1,90,1.0,0,0,0,0,0,0,0,0,0.00,0.00,0.00,0.00,0.00,Matches,,,0,0,,0.00,0.00,0,0.0,1,1,2,2.00,0,90,0,0,0,,0,66.7,4,6,1,0,Spanish Segunda División,2024-2025
0924357d,David López,David López,es ESP,DF,Burgos,21,2003,17,16,"1,407",15.6,1,1,2,1,0,0,3,0,0.06,0.06,0.13,0.06,0.13,Matches,0.33,1.00,3,1,33.3,0.06,0.19,,,,,,,,,,,,,,,,,,,Spanish Segunda División,2024-2025
8320fe65,Lisandro López,Lisandro López,ar ARG,DF,Burgos,34,1989,10,8,735,8.2,1,0,1,1,0,0,1,0,0.12,0.00,0.12,0.12,0.12,Matches,0.20,0.50,5,2,40.0,0.24,0.61,,,,,,,,,,,,,,,,,,,Spanish Segunda División,2024-2025
a685f013,Lluis López,Lluis López,es ESP,DF,Zaragoza,27,1997,29,29,"2,538",28.2,0,1,1,0,0,0,6,1,0.00,0.04,0.04,0.00,0.04,Matches,0.00,0.00,14,4,28.6,0.14,0.50,,,,,,,,,,,,,,,,,,,Spanish Segunda División,2024-2025
64c14d49,Dion Lopy,Dion Lopy,sn SEN,MF,Almería,22,2002,36,32,"2,908",32.3,1,3,4,1,0,0,19,0,0.03,0.09,0.12,0.03,0.12,Matches,0.04,0.14,26,7,26.9,0.22,0.80,,,,,,,,,,,,,,,,,,,Spanish Segunda División,2024-2025
b344c7d5,Dani Lorenzo,Dani Lorenzo,es ESP,"MF,FW",Málaga,21,2003,12,6,471,5.2,1,0,1,1,0,0,1,0,0.19,0.00,0.19,0.19,0.19,Matches,0.17,0.33,6,3,50.0,0.57,1.15,,,,,,,,,,,,,,,,,,,Spanish Segunda División,2024-2025
934a0957,Albert Lottin,Albert Lottin,fr FRA,"MF,FW",Castellón,22,2001,15,6,669,7.4,1,2,3,1,0,0,2,0,0.13,0.27,0.40,0.13,0.40,Matches,0.20,0.50,5,2,40.0,0.27,0.67,,,,,,,,,,,,,,,,,,,Spanish Segunda División,2024-2025
8611e214,Miguel Loureiro,Miguel Loureiro,es ESP,DF,Huesca,27,1996,31,30,"2,647",29.4,3,1,4,3,0,0,8,1,0.10,0.03,0.14,0.10,0.14,Matches,0.14,0.60,21,5,23.8,0.17,0.71,,,,,,,,,,,,,,,,,,,Spanish Segunda División,2024-2025
3dfc70ed,Sergio Lozano,Sergio Lozano,es ESP,MF,Levante,25,1999,40,9,"1,203",13.4,0,3,3,0,0,0,4,0,0.00,0.22,0.22,0.00,0.22,Matches,0.00,0.00,26,8,30.8,0.60,1.95,,,,,,,,,,,,,,,,,,,Spanish Segunda División,2024-2025
8648c59f,Oier Luengo,Oier Luengo,es ESP,DF,Oviedo,26,1997,28,24,"2,097",23.3,2,1,3,2,0,0,8,1,0.09,0.04,0.13,0.09,0.13,Matches,0.15,0.50,13,4,30.8,0.17,0.56,,,,,,,,,,,,,,,,,,,Spanish Segunda División,2024-2025
4a478107,José Luis Morales,José Luis Morales,es ESP,"FW,MF",Levante,37,1987,42,36,"2,661",29.6,11,4,15,11,0,0,4,0,0.37,0.14,0.51,0.37,0.51,Matches,0.20,0.46,55,24,43.6,0.81,1.86,,,,,,,,,,,,,,,,,,,Spanish Segunda División,2024-2025
c2cfbfc9,Luismi,Luismi,es ESP,MF,Málaga,32,1992,30,27,"2,351",26.1,0,1,1,0,0,0,12,0,0.00,0.04,0.04,0.00,0.04,Matches,0.00,0.00,3,1,33.3,0.04,0.11,,,,,,,,,,,,,,,,,,,Spanish Segunda División,2024-2025
acf5410c,Luismi,Luismi,es ESP,MF,Tenerife,23,2001,38,33,"2,870",31.9,2,8,10,2,0,1,2,1,0.06,0.25,0.31,0.06,0.31,Matches,0.05,0.14,43,14,32.6,0.44,1.35,,,,,,,,,,,,,,,,,,,Spanish Segunda División,2024-2025
410b16e3,Daniel Luna,Daniel Luna,co COL,MF,Cartagena,21,2003,17,11,950,10.6,3,1,4,3,0,0,2,0,0.28,0.09,0.38,0.28,0.38,Matches,0.18,0.60,17,5,29.4,0.47,1.61,,,,,,,,,,,,,,,,,,,Spanish Segunda División,2024-2025
4a8a93f9,Marcos Luna,Marcos Luna,es ESP,"DF,MF",Zaragoza,21,2003,26,15,"1,422",15.8,2,2,4,2,0,0,7,0,0.13,0.13,0.25,0.13,0.25,Matches,0.40,0.67,5,3,60.0,0.19,0.32,,,,,,,,,,,,,,,,,,,Spanish Segunda División,2024-2025
922da988,Awer Mabil,Awer Mabil,au AUS,"MF,FW",Castellón,28,1995,14,11,"1,042",11.6,0,6,6,0,0,0,1,0,0.00,0.52,0.52,0.00,0.52,Matches,0.00,0.00,21,11,52.4,0.95,1.81,,,,,,,,,,,,,,,,,,,Spanish Segunda División,2024-2025
f764bf00,Ian Mackay,Ian Mackay,es ESP,GK,Eldense,38,1986,20,20,"1,755",19.5,0,0,0,0,0,0,4,0,0.00,0.00,0.00,0.00,0.00,Matches,,,0,0,,0.00,0.00,4,20.0,20,20,31,1.59,11,"1,755",3,3,0,0.0,0,64.6,51,79,5,4,Spanish Segunda División,2024-2025
4d7a011a,Ander Madariaga,Ander Madariaga,es ESP,MF,Eibar,22,2002,26,13,"1,408",15.6,3,0,3,3,0,0,2,0,0.19,0.00,0.19,0.19,0.19,Matches,0.11,0.25,28,12,42.9,0.77,1.79,,,,,,,,,,,,,,,,,,,Spanish Segunda División,2024-2025
d4808594,Jon Magunazelaia,Jon Magunazelaia,es ESP,MF,Córdoba,23,2001,20,5,580,6.4,0,0,0,0,0,0,4,1,0.00,0.00,0.00,0.00,0.00,Matches,0.00,0.00,16,3,18.8,0.47,2.48,,,,,,,,,,,,,,,,,,,Spanish Segunda División,2024-2025
95fb7c1b,Alassán Manjam,Alassán Manjam,gw GNB,FW,Tenerife,21,2002,2,0,77,0.9,0,0,0,0,0,0,0,0,0.00,0.00,0.00,0.00,0.00,Matches,0.00,0.00,2,1,50.0,1.17,2.34,,,,,,,,,,,,,,,,,,,Spanish Segunda División,2024-2025
d1fac0d5,Mantilla,Mantilla,es ESP,DF,Racing Sant,24,2000,14,11,"1,005",11.2,0,0,0,0,0,0,4,0,0.00,0.00,0.00,0.00,0.00,Matches,0.00,0.00,4,2,50.0,0.18,0.36,,,,,,,,,,,,,,,,,,,Spanish Segunda División,2024-2025
14f9a9f7,Manu,Manu,es ESP,DF,Levante,28,1996,5,4,327,3.6,0,0,0,0,0,0,2,0,0.00,0.00,0.00,0.00,0.00,Matches,0.00,,2,0,0.0,0.00,0.55,,,,,,,,,,,,,,,,,,,Spanish Segunda División,2024-2025
bbfaeda4,Fran Manzanara,Fran Manzanara,es ESP,MF,Racing Ferrol,27,1996,24,21,"1,855",20.6,0,1,1,0,0,0,6,0,0.00,0.05,0.05,0.00,0.05,Matches,0.00,0.00,17,3,17.6,0.15,0.82,,,,,,,,,,,,,,,,,,,Spanish Segunda División,2024-2025
b9d0446f,Nikola Maraš,Nikola Maraš,rs SRB,DF,Sporting Gijón,28,1995,27,24,"2,019",22.4,0,1,1,0,0,0,5,0,0.00,0.04,0.04,0.00,0.04,Matches,0.00,0.00,11,2,18.2,0.09,0.49,,,,,,,,,,,,,,,,,,,Spanish Segunda División,2024-2025
081e94dc,Rai Marchán,Rai Marchán,es ESP,MF,Albacete,30,1993,19,8,694,7.7,1,0,1,1,0,0,4,1,0.13,0.00,0.13,0.13,0.13,Matches,0.25,0.50,4,2,50.0,0.26,0.52,,,,,,,,,,,,,,,,,,,Spanish Segunda División,2024-2025
3464782e,Pere Marco,Pere Marco,es ESP,FW,Castellón,20,2003,6,1,173,1.9,1,0,1,1,0,0,0,0,0.52,0.00,0.52,0.52,0.52,Matches,0.13,0.25,8,4,50.0,2.08,4.16,,,,,,,,,,,,,,,,,,,Spanish Segunda División,2024-2025
44330c36,Alberto Marí,Alberto Marí,es ESP,FW,Zaragoza,23,2001,27,6,706,7.8,3,1,4,3,0,0,2,0,0.38,0.13,0.51,0.38,0.51,Matches,0.11,0.30,28,10,35.7,1.27,3.57,,,,,,,,,,,,,,,,,,,Spanish Segunda División,2024-2025
150ff1df,Juan María,Juan María,es ESP,DF,Albacete,23,2001,28,14,"1,539",17.1,1,1,2,1,0,0,4,0,0.06,0.06,0.12,0.06,0.12,Matches,0.06,0.25,16,4,25.0,0.23,0.94,,,,,,,,,,,,,,,,,,,Spanish Segunda División,2024-2025
36ba66aa,Carlos Marín,Carlos Marín,es ESP,GK,Córdoba,27,1997,40,40,"3,600",40.0,0,0,0,0,0,0,4,0,0.00,0.00,0.00,0.00,0.00,Matches,,,0,0,,0.00,0.00,9,22.5,40,40,60,1.50,14,"3,600",5,10,0,50.0,5,61.3,91,142,12,14,Spanish Segunda División,2024-2025
61db425b,Higinio Marín,Higinio Marín,es ESP,FW,Albacete,30,1993,22,10,981,10.9,9,2,11,4,5,5,3,0,0.83,0.18,1.01,0.37,0.55,Matches,0.10,0.16,40,25,62.5,2.29,3.67,,,,,,,,,,,,,,,,,,,Spanish Segunda División,2024-2025
d9235a45,Diego Mariño,Diego Mariño,es ESP,GK,Granada,34,1990,23,22,"1,984",22.0,0,0,0,0,0,0,0,0,0.00,0.00,0.00,0.00,0.00,Matches,,,0,0,,0.00,0.00,7,31.8,23,22,25,1.13,7,"1,984",2,3,0,33.3,1,75.5,72,94,3,12,Spanish Segunda División,2024-2025
65988c73,Nick Markanich,Nick Markanich,us USA,FW,Castellón,24,1999,13,5,423,4.7,2,0,2,2,0,0,2,0,0.43,0.00,0.43,0.43,0.43,Matches,0.13,0.33,15,6,40.0,1.28,3.19,,,,,,,,,,,,,,,,,,,Spanish Segunda División,2024-2025
0ae4e09a,Roger Martí,Roger Martí,es ESP,FW,Cádiz,33,1991,22,14,"1,118",12.4,4,3,7,4,0,0,4,0,0.32,0.24,0.56,0.32,0.56,Matches,0.15,0.36,26,11,42.3,0.89,2.09,,,,,,,,,,,,,,,,,,,Spanish Segunda División,2024-2025
f8d8532b,Aarón Martin,Aarón Martin,es ESP,MF,Tenerife,17,2006,28,18,"1,620",18.0,2,2,4,2,0,0,5,0,0.11,0.11,0.22,0.11,0.22,Matches,0.09,0.33,23,6,26.1,0.33,1.28,,,,,,,,,,,,,,,,,,,Spanish Segunda División,2024-2025
80153344,Álex Martín,Álex Martín,es ESP,DF,Elche,26,1998,8,5,403,4.5,0,0,0,0,0,0,1,0,0.00,0.00,0.00,0.00,0.00,Matches,0.00,0.00,4,1,25.0,0.22,0.89,,,,,,,,,,,,,,,,,,,Spanish Segunda División,2024-2025
e1e75690,Ander Martin,Ander Martin,es ESP,MF,CD Mirandés,23,2000,24,4,586,6.5,0,1,1,0,0,0,0,0,0.00,0.15,0.15,0.00,0.15,Matches,0.00,0.00,6,2,33.3,0.31,0.92,,,,,,,,,,,,,,,,,,,Spanish Segunda División,2024-2025
2ae30661,Andrés Martín,Andrés Martín,es ESP,MF,Racing Sant,25,1999,41,39,"3,339",37.1,16,17,33,11,5,7,6,0,0.43,0.46,0.89,0.30,0.75,Matches,0.10,0.21,110,52,47.3,1.40,2.96,,,,,,,,,,,,,,,,,,,Spanish Segunda División,2024-2025
4df0dff8,Daniel Martín,Daniel Martín,es ESP,GK,Eldense,26,1998,22,22,"1,965",21.8,0,0,0,0,0,0,2,0,0.00,0.00,0.00,0.00,0.00,Matches,,,0,0,,0.00,0.00,8,36.4,22,22,30,1.37,8,"1,965",4,4,0,0.0,0,72.6,69,95,7,7,Spanish Segunda División,2024-2025
337bccc5,Nacho Martin,Nacho Martin,es ESP,MF,Sporting Gijón,22,2002,40,17,"1,981",22.0,1,1,2,1,0,0,3,0,0.05,0.05,0.09,0.05,0.09,Matches,0.07,0.20,14,5,35.7,0.23,0.64,,,,,,,,,,,,,,,,,,,Spanish Segunda División,2024-2025
8dbf0e8f,Teto Martín,Teto Martín,es ESP,"MF,FW",Tenerife,22,2001,21,2,559,6.2,0,0,0,0,0,0,2,0,0.00,0.00,0.00,0.00,0.00,Matches,0.00,0.00,12,2,16.7,0.32,1.93,,,,,,,,,,,,,,,,,,,Spanish Segunda División,2024-2025
0b7887d1,Brais Martinez,Brais Martinez,es ESP,DF,Racing Ferrol,22,2001,20,17,"1,382",15.4,0,0,0,0,0,0,1,0,0.00,0.00,0.00,0.00,0.00,Matches,0.00,0.00,7,2,28.6,0.13,0.46,,,,,,,,,,,,,,,,,,,Spanish Segunda División,2024-2025
0e91f4f6,Iker Martínez,Iker Martínez,es ESP,DF,Sporting Gijón,20,2004,3,0,22,0.2,0,0,0,0,0,0,0,0,0.00,0.00,0.00,0.00,0.00,Matches,,,0,0,,0.00,0.00,,,,,,,,,,,,,,,,,,,Spanish Segunda División,2024-2025
3672b352,Javi Martínez,Javi Martínez,es ESP,MF,Eibar,24,1999,16,7,617,6.9,0,0,0,0,0,0,2,0,0.00,0.00,0.00,0.00,0.00,Matches,0.00,0.00,8,1,12.5,0.15,1.17,,,,,,,,,,,,,,,,,,,Spanish Segunda División,2024-2025
8e049cbd,José Martínez,José Martínez,es ESP,DF,Córdoba,31,1993,12,10,798,8.9,1,0,1,1,0,0,3,1,0.11,0.00,0.11,0.11,0.11,Matches,0.25,0.50,4,2,50.0,0.23,0.45,,,,,,,,,,,,,,,,,,,Spanish Segunda División,2024-2025
3496ff67,Marc Martínez,Marc Martínez,es ESP,GK,Granada,34,1990,4,4,360,4.0,0,0,0,0,0,0,1,0,0.00,0.00,0.00,0.00,0.00,Matches,,,0,0,,0.00,0.00,0,0.0,4,4,7,1.75,1,360,2,2,0,0.0,0,61.5,8,13,3,0,Spanish Segunda División,2024-2025
1ad8cb67,Pablo Martinez,Pablo Martinez,fr FRA,DF,Dep La Coruña,35,1989,27,22,"1,972",21.9,0,0,0,0,0,0,4,0,0.00,0.00,0.00,0.00,0.00,Matches,0.00,0.00,5,1,20.0,0.05,0.23,,,,,,,,,,,,,,,,,,,Spanish Segunda División,2024-2025
ecc77652,Pablo Martínez,Pablo Martínez,es ESP,MF,Levante,26,1998,36,32,"2,559",28.4,3,2,5,2,1,2,0,0,0.11,0.07,0.18,0.07,0.14,Matches,0.04,0.17,50,12,24.0,0.42,1.76,,,,,,,,,,,,,,,,,,,Spanish Segunda División,2024-2025
2381eead,Javi Martón,Javi Martón,es ESP,FW,Albacete,25,1999,13,7,617,6.9,3,0,3,3,0,0,1,0,0.44,0.00,0.44,0.44,0.44,Matches,0.25,0.43,12,7,58.3,1.02,1.75,,,,,,,,,,,,,,,,,,,Spanish Segunda División,2024-2025
fc1724bd,Iván Martos,Iván Martos,es ESP,DF,Eldense,27,1997,18,13,"1,114",12.4,0,1,1,0,0,0,4,1,0.00,0.08,0.08,0.00,0.08,Matches,0.00,0.00,2,2,100.0,0.16,0.16,,,,,,,,,,,,,,,,,,,Spanish Segunda División,2024-2025
49d089cd,Marvel,Marvel,es ESP,DF,Córdoba,21,2003,27,23,"2,024",22.5,0,0,0,0,0,0,10,0,0.00,0.00,0.00,0.00,0.00,Matches,0.00,0.00,9,2,22.2,0.09,0.40,,,,,,,,,,,,,,,,,,,Spanish Segunda División,2024-2025
7942a27b,Mascarenhas,Mascarenhas,pt POR,FW,Eldense,24,2000,15,10,763,8.5,2,0,2,1,1,1,0,0,0.24,0.00,0.24,0.12,0.12,Matches,0.04,0.10,25,10,40.0,1.18,2.95,,,,,,,,,,,,,,,,,,,Spanish Segunda División,2024-2025
7942a27b,Mascarenhas,Mascarenhas,pt POR,FW,Eldense,24,2000,15,10,763,8.5,2,0,2,1,1,1,0,0,0.24,0.00,0.24,0.12,0.12,Matches,0.00,,3,0,0.0,0.00,2.93,,,,,,,,,,,,,,,,,,,Spanish Segunda División,2024-2025
7942a27b,Mascarenhas,Mascarenhas,pt POR,"FW,MF",Oviedo,24,2000,5,0,92,1.0,0,0,0,0,0,0,0,0,0.00,0.00,0.00,0.00,0.00,Matches,0.04,0.10,25,10,40.0,1.18,2.95,,,,,,,,,,,,,,,,,,,Spanish Segunda División,2024-2025
7942a27b,Mascarenhas,Mascarenhas,pt POR,"FW,MF",Oviedo,24,2000,5,0,92,1.0,0,0,0,0,0,0,0,0,0.00,0.00,0.00,0.00,0.00,Matches,0.00,,3,0,0.0,0.00,2.93,,,,,,,,,,,,,,,,,,,Spanish Segunda División,2024-2025
ed90fc36,Marc Mateu,Marc Mateu,es ESP,DF,Eldense,34,1990,37,36,"3,216",35.7,2,5,7,1,1,1,8,0,0.06,0.14,0.20,0.03,0.17,Matches,0.04,0.14,24,7,29.2,0.20,0.67,,,,,,,,,,,,,,,,,,,Spanish Segunda División,2024-2025
19fdd28f,Jose Matos,Jose Matos,es ESP,DF,Cádiz,29,1995,27,19,"1,715",19.1,1,2,3,1,0,0,4,1,0.05,0.10,0.16,0.05,0.16,Matches,0.13,1.00,8,1,12.5,0.05,0.42,,,,,,,,,,,,,,,,,,,Spanish Segunda División,2024-2025
3318286e,Luís Maximiano,Luís Maximiano,pt POR,GK,Almería,25,1999,28,28,"2,520",28.0,0,0,0,0,0,0,0,0,0.00,0.00,0.00,0.00,0.00,Matches,,,0,0,,0.00,0.00,6,21.4,28,28,45,1.61,10,"2,520",7,7,0,0.0,0,67.2,78,116,10,8,Spanish Segunda División,2024-2025
0d78c8e2,Pierre Mbemba,Pierre Mbemba,fr FRA,MF,Sporting Gijón,20,2004,1,0,1,0.0,0,0,0,0,0,0,0,0,0.00,0.00,0.00,0.00,0.00,Matches,,,0,0,,0.00,0.00,,,,,,,,,,,,,,,,,,,Spanish Segunda División,2024-2025
c70d9fb2,Agus Medina,Agus Medina,es ESP,"MF,DF",Albacete,29,1994,40,36,"3,132",34.8,1,5,6,1,0,0,8,1,0.03,0.14,0.17,0.03,0.17,Matches,0.04,0.13,26,8,30.8,0.23,0.75,,,,,,,,,,,,,,,,,,,Spanish Segunda División,2024-2025
2a968ed9,Kevin Medina,Kevin Medina,es ESP,MF,Málaga,23,2001,29,15,"1,221",13.6,2,3,5,2,0,0,5,1,0.15,0.22,0.37,0.15,0.37,Matches,0.06,0.20,36,10,27.8,0.74,2.65,,,,,,,,,,,,,,,,,,,Spanish Segunda División,2024-2025
d854c9d0,Fernando Medrano,Fernando Medrano,es ESP,DF,Tenerife,24,2000,18,10,860,9.6,0,1,1,0,0,0,4,0,0.00,0.10,0.10,0.00,0.10,Matches,0.00,0.00,4,2,50.0,0.21,0.42,,,,,,,,,,,,,,,,,,,Spanish Segunda División,2024-2025
4f34582d,Meléndez,Meléndez,es ESP,MF,Albacete,25,1999,18,11,"1,042",11.6,0,0,0,0,0,0,1,1,0.00,0.00,0.00,0.00,0.00,Matches,0.00,0.00,12,1,8.3,0.09,1.04,,,,,,,,,,,,,,,,,,,Spanish Segunda División,2024-2025
379652be,Óscar Melendo,Óscar Melendo,es ESP,"MF,FW",Cádiz,26,1997,21,8,793,8.8,2,2,4,2,0,0,0,0,0.23,0.23,0.45,0.23,0.45,Matches,0.18,0.40,11,5,45.5,0.57,1.25,,,,,,,,,,,,,,,,,,,Spanish Segunda División,2024-2025
3902e91b,Gonzalo Melero,Gonzalo Melero,es ESP,MF,Almería,30,1994,32,23,"2,021",22.5,4,4,8,4,0,0,7,0,0.18,0.18,0.36,0.18,0.36,Matches,0.19,0.50,21,8,38.1,0.36,0.94,,,,,,,,,,,,,,,,,,,Spanish Segunda División,2024-2025
03abc144,David Mella,David Mella,es ESP,MF,Dep La Coruña,19,2005,33,31,"2,628",29.2,6,5,11,6,0,0,2,1,0.21,0.17,0.38,0.21,0.38,Matches,0.10,0.25,59,24,40.7,0.82,2.02,,,,,,,,,,,,,,,,,,,Spanish Segunda División,2024-2025
5fa69055,Jérémy Mellot,Jérémy Mellot,fr FRA,DF,Tenerife,30,1994,40,38,"3,475",38.6,0,2,2,0,0,0,8,1,0.00,0.05,0.05,0.00,0.05,Matches,0.00,0.00,13,2,15.4,0.05,0.34,,,,,,,,,,,,,,,,,,,Spanish Segunda División,2024-2025
b151a3f2,Diego Méndez,Diego Méndez,es ESP,MF,Eldense,20,2003,8,5,471,5.2,0,0,0,0,0,0,2,0,0.00,0.00,0.00,0.00,0.00,Matches,0.00,0.00,9,1,11.1,0.19,1.72,,,,,,,,,,,,,,,,,,,Spanish Segunda División,2024-2025
7c29adba,Nacho Méndez,Nacho Méndez,my MAS,MF,Sporting Gijón,26,1998,40,39,"3,266",36.3,4,1,5,4,0,0,6,0,0.11,0.03,0.14,0.11,0.14,Matches,0.11,0.31,38,13,34.2,0.36,1.05,,,,,,,,,,,,,,,,,,,Spanish Segunda División,2024-2025
d70a000f,Rodrigo Mendoza,Rodrigo Mendoza,es ESP,"MF,FW",Elche,19,2005,21,9,853,9.5,1,2,3,1,0,0,2,0,0.11,0.21,0.32,0.11,0.32,Matches,0.05,0.25,19,4,21.1,0.42,2.00,,,,,,,,,,,,,,,,,,,Spanish Segunda División,2024-2025
64170f54,Izan Merino,Izan Merino,es ESP,MF,Málaga,18,2006,25,12,"1,193",13.3,0,2,2,0,0,0,1,1,0.00,0.15,0.15,0.00,0.15,Matches,0.00,0.00,12,3,25.0,0.23,0.91,,,,,,,,,,,,,,,,,,,Spanish Segunda División,2024-2025
ddd5348b,Martín Merquelanz,Martín Merquelanz,es ESP,MF,Eibar,29,1995,15,5,436,4.8,0,1,1,0,0,0,2,0,0.00,0.21,0.21,0.00,0.21,Matches,0.00,0.00,8,1,12.5,0.21,1.65,,,,,,,,,,,,,,,,,,,Spanish Segunda División,2024-2025
2afb7b21,Maikel Mesa,Maikel Mesa,es ESP,FW,Tenerife,33,1991,31,15,"1,369",15.2,4,0,4,4,0,0,4,0,0.26,0.00,0.26,0.26,0.26,Matches,0.12,0.40,33,10,30.3,0.66,2.17,,,,,,,,,,,,,,,,,,,Spanish Segunda División,2024-2025
428a06a7,Víctor Meseguer,Víctor Meseguer,es ESP,MF,Racing Sant,25,1999,18,7,731,8.1,0,1,1,0,0,0,3,0,0.00,0.12,0.12,0.00,0.12,Matches,0.00,,3,0,0.0,0.00,0.37,,,,,,,,,,,,,,,,,,,Spanish Segunda División,2024-2025
bdc14559,Omenuke Mfulu,Omenuke Mfulu,cd COD,MF,Dep La Coruña,30,1994,25,14,"1,167",13.0,0,0,0,0,0,0,5,0,0.00,0.00,0.00,0.00,0.00,Matches,0.00,,4,0,0.0,0.00,0.31,,,,,,,,,,,,,,,,,,,Spanish Segunda División,2024-2025
cb9ec45d,Clément Michelin,Clément Michelin,fr FRA,DF,Racing Sant,27,1997,31,27,"2,153",23.9,2,1,3,2,0,0,5,0,0.08,0.04,0.13,0.08,0.13,Matches,0.06,0.22,32,9,28.1,0.38,1.34,,,,,,,,,,,,,,,,,,,Spanish Segunda División,2024-2025
0370609a,Javier Mier,Javier Mier,es ESP,MF,Huesca,25,1999,21,6,743,8.3,1,0,1,1,0,0,4,0,0.12,0.00,0.12,0.12,0.12,Matches,0.08,0.25,12,4,33.3,0.48,1.45,,,,,,,,,,,,,,,,,,,Spanish Segunda División,2024-2025
b66d1d8a,Florian Miguel,Florian Miguel,fr FRA,DF,Burgos,27,1996,39,38,"3,175",35.3,0,1,1,0,0,0,8,0,0.00,0.03,0.03,0.00,0.03,Matches,0.00,0.00,29,5,17.2,0.14,0.82,,,,,,,,,,,,,,,,,,,Spanish Segunda División,2024-2025
41417804,Jon Mikel Magunagoitia,Jon Mikel Magunagoitia,es ESP,GK,Eibar,23,2000,32,32,"2,880",32.0,1,0,1,1,0,0,1,0,0.03,0.00,0.03,0.03,0.03,Matches,1.00,1.00,1,1,100.0,0.03,0.03,10,31.3,32,32,31,0.97,9,"2,880",3,3,0,0.0,0,75.7,87,115,12,11,Spanish Segunda División,2024-2025
29ad0dd4,Álex Millán,Álex Millán,es ESP,FW,Cartagena,24,1999,19,13,"1,118",12.4,6,0,6,5,1,2,0,0,0.48,0.00,0.48,0.40,0.40,Matches,0.23,0.42,22,12,54.5,0.97,1.77,,,,,,,,,,,,,,,,,,,Spanish Segunda División,2024-2025
1fda2b14,Marko Milovanović,Marko Milovanović,rs SRB,FW,Almería,20,2003,16,0,161,1.8,0,0,0,0,0,0,2,0,0.00,0.00,0.00,0.00,0.00,Matches,0.00,,4,0,0.0,0.00,2.24,,,,,,,,,,,,,,,,,,,Spanish Segunda División,2024-2025
a64ed0c0,Fernando Mimbacas,Fernando Mimbacas,uy URU,FW,Burgos,22,2002,4,0,14,0.2,0,0,0,0,0,0,0,0,0.00,0.00,0.00,0.00,0.00,Matches,,,0,0,,0.00,0.00,,,,,,,,,,,,,,,,,,,Spanish Segunda División,2024-2025
5296b908,Mini,Mini,es ESP,MF,Cartagena,25,1999,35,24,"2,202",24.5,1,0,1,1,0,0,11,0,0.04,0.00,0.04,0.04,0.04,Matches,0.05,0.14,19,7,36.8,0.29,0.78,,,,,,,,,,,,,,,,,,,Spanish Segunda División,2024-2025
174f09a6,Ignasi Miquel,Ignasi Miquel,es ESP,DF,Levante,31,1992,9,8,700,7.8,0,0,0,0,0,0,2,0,0.00,0.00,0.00,0.00,0.00,Matches,0.00,,1,0,0.0,0.00,0.13,,,,,,,,,,,,,,,,,,,Spanish Segunda División,2024-2025
174f09a6,Ignasi Miquel,Ignasi Miquel,es ESP,DF,Levante,31,1992,9,8,700,7.8,0,0,0,0,0,0,2,0,0.00,0.00,0.00,0.00,0.00,Matches,0.00,0.00,3,1,33.3,0.17,0.50,,,,,,,,,,,,,,,,,,,Spanish Segunda División,2024-2025
174f09a6,Ignasi Miquel,Ignasi Miquel,es ESP,DF,Granada,31,1992,7,6,543,6.0,0,1,1,0,0,0,5,1,0.00,0.17,0.17,0.00,0.17,Matches,0.00,,1,0,0.0,0.00,0.13,,,,,,,,,,,,,,,,,,,Spanish Segunda División,2024-2025
174f09a6,Ignasi Miquel,Ignasi Miquel,es ESP,DF,Granada,31,1992,7,6,543,6.0,0,1,1,0,0,0,5,1,0.00,0.17,0.17,0.00,0.17,Matches,0.00,0.00,3,1,33.3,0.17,0.50,,,,,,,,,,,,,,,,,,,Spanish Segunda División,2024-2025
4a541583,Manu Molina,Manu Molina,es ESP,MF,Málaga,32,1991,38,32,"2,787",31.0,1,2,3,1,0,0,8,0,0.03,0.06,0.10,0.03,0.10,Matches,0.04,0.50,24,2,8.3,0.06,0.78,,,,,,,,,,,,,,,,,,,Spanish Segunda División,2024-2025
8246c61e,Nacho Monsalve,Nacho Monsalve,es ESP,DF,Eldense,30,1994,17,10,913,10.1,0,0,0,0,0,0,3,1,0.00,0.00,0.00,0.00,0.00,Matches,0.00,,2,0,0.0,0.00,0.20,,,,,,,,,,,,,,,,,,,Spanish Segunda División,2024-2025
8923dfec,Nélson Monte,Nélson Monte,pt POR,DF,Málaga,29,1995,33,33,"2,953",32.8,3,0,3,3,0,0,5,0,0.09,0.00,0.09,0.09,0.09,Matches,0.38,1.00,8,3,37.5,0.09,0.24,,,,,,,,,,,,,,,,,,,Spanish Segunda División,2024-2025
3e96f3e7,Javi Montero,Javi Montero,es ESP,DF,Racing Sant,25,1999,25,25,"2,161",24.0,1,1,2,1,0,0,5,1,0.04,0.04,0.08,0.04,0.08,Matches,0.08,0.33,12,3,25.0,0.12,0.50,,,,,,,,,,,,,,,,,,,Spanish Segunda División,2024-2025
28e957d7,César Montes,César Montes,mx MEX,DF,Almería,27,1997,1,1,45,0.5,0,0,0,0,0,0,0,0,0.00,0.00,0.00,0.00,0.00,Matches,0.00,,1,0,0.0,0.00,2.00,,,,,,,,,,,,,,,,,,,Spanish Segunda División,2024-2025
99620d8e,Cris Montes,Cris Montes,es ESP,MF,Eldense,26,1997,9,2,273,3.0,0,0,0,0,0,0,0,0,0.00,0.00,0.00,0.00,0.00,Matches,0.00,0.00,3,1,33.3,0.33,0.99,,,,,,,,,,,,,,,,,,,Spanish Segunda División,2024-2025
f1019e8a,Iván Morante,Iván Morante,es ESP,MF,Burgos,23,2001,34,22,"2,046",22.7,0,1,1,0,0,0,6,0,0.00,0.04,0.04,0.00,0.04,Matches,0.00,0.00,14,2,14.3,0.09,0.62,,,,,,,,,,,,,,,,,,,Spanish Segunda División,2024-2025
b7d7f3bf,Jon Morcillo,Jon Morcillo,es ESP,MF,Albacete,25,1998,39,29,"2,566",28.5,8,6,14,6,2,3,3,0,0.28,0.21,0.49,0.21,0.42,Matches,0.08,0.21,80,29,36.3,1.02,2.81,,,,,,,,,,,,,,,,,,,Spanish Segunda División,2024-2025
6f6719d8,Javier Moreno,Javier Moreno,es ESP,DF,Albacete,24,2000,4,1,183,2.0,0,0,0,0,0,0,0,0,0.00,0.00,0.00,0.00,0.00,Matches,0.00,,1,0,0.0,0.00,0.49,,,,,,,,,,,,,,,,,,,Spanish Segunda División,2024-2025
1f875ef8,Jorge Moreno,Jorge Moreno,es ESP,DF,Cartagena,23,2001,23,21,"1,890",21.0,0,0,0,0,0,0,5,0,0.00,0.00,0.00,0.00,0.00,Matches,0.00,0.00,5,3,60.0,0.14,0.24,,,,,,,,,,,,,,,,,,,Spanish Segunda División,2024-2025
5b17d06e,Marcos Moreno,Marcos Moreno,es ESP,FW,Albacete,20,2004,9,0,97,1.1,0,0,0,0,0,0,0,0,0.00,0.00,0.00,0.00,0.00,Matches,0.00,0.00,5,1,20.0,0.93,4.64,,,,,,,,,,,,,,,,,,,Spanish Segunda División,2024-2025
8499c713,Marlos Moreno,Marlos Moreno,co COL,MF,Tenerife,27,1996,23,4,644,7.2,0,0,0,0,0,0,1,0,0.00,0.00,0.00,0.00,0.00,Matches,0.00,0.00,10,2,20.0,0.28,1.40,,,,,,,,,,,,,,,,,,,Spanish Segunda División,2024-2025
c96ad71d,Pol Moreno,Pol Moreno,es ESP,DF,Racing Sant,30,1994,2,0,13,0.1,0,0,0,0,0,0,0,0,0.00,0.00,0.00,0.00,0.00,Matches,,,0,0,,0.00,0.00,,,,,,,,,,,,,,,,,,,Spanish Segunda División,2024-2025
9e098912,Toni Moya,Toni Moya,es ESP,MF,Zaragoza,26,1998,36,19,"1,906",21.2,0,6,6,0,0,0,7,0,0.00,0.28,0.28,0.00,0.28,Matches,0.00,0.00,27,9,33.3,0.42,1.27,,,,,,,,,,,,,,,,,,,Spanish Segunda División,2024-2025
8c87339e,Sebas Moyano,Sebas Moyano,es ESP,MF,Oviedo,27,1997,36,14,"1,335",14.8,0,5,5,0,0,0,3,0,0.00,0.34,0.34,0.00,0.34,Matches,0.00,0.00,34,9,26.5,0.61,2.29,,,,,,,,,,,,,,,,,,,Spanish Segunda División,2024-2025
2937e493,Moyita,Moyita,es ESP,MF,Castellón,31,1992,29,20,"1,756",19.5,2,1,3,2,0,0,5,0,0.10,0.05,0.15,0.10,0.15,Matches,0.10,0.40,21,5,23.8,0.26,1.08,,,,,,,,,,,,,,,,,,,Spanish Segunda División,2024-2025
e9fbcc21,Joaquín Muñoz,Joaquín Muñoz,es ESP,"MF,FW",Huesca,25,1999,35,18,"1,680",18.7,7,3,10,7,0,0,5,0,0.37,0.16,0.54,0.37,0.54,Matches,0.19,0.44,37,16,43.2,0.86,1.98,,,,,,,,,,,,,,,,,,,Spanish Segunda División,2024-2025
9e248a20,Alejandro Muñoz Langreo,Alejandro Muñoz Langreo,es ESP,MF,Albacete,20,2004,1,0,1,0.0,0,0,0,0,0,0,0,0,0.00,0.00,0.00,0.00,0.00,Matches,,,0,0,,0.00,0.00,,,,,,,,,,,,,,,,,,,Spanish Segunda División,2024-2025
8cfd90fe,Luis Muñoz,Luis Muñoz,es ESP,"MF,FW",Cartagena,27,1997,20,14,"1,235",13.7,3,2,5,1,2,2,4,0,0.22,0.15,0.36,0.07,0.22,Matches,0.03,0.08,29,12,41.4,0.87,2.11,,,,,,,,,,,,,,,,,,,Spanish Segunda División,2024-2025
a57a55dd,Diego Murillo,Diego Murillo,es ESP,DF,Málaga,23,2001,10,9,776,8.6,1,0,1,1,0,0,1,0,0.12,0.00,0.12,0.12,0.12,Matches,0.14,1.00,7,1,14.3,0.12,0.81,,,,,,,,,,,,,,,,,,,Spanish Segunda División,2024-2025
74e0a984,Damián Musto,Damián Musto,ar ARG,MF,Cartagena,37,1987,25,24,"1,887",21.0,0,0,0,0,0,0,13,1,0.00,0.00,0.00,0.00,0.00,Matches,0.00,,5,0,0.0,0.00,0.24,,,,,,,,,,,,,,,,,,,Spanish Segunda División,2024-2025
dfe5caa2,Francisco Mwepu,Francisco Mwepu,zm ZAM,FW,Cádiz,24,2000,9,1,205,2.3,1,0,1,1,0,0,0,0,0.44,0.00,0.44,0.44,0.44,Matches,0.11,0.33,9,3,33.3,1.32,3.95,,,,,,,,,,,,,,,,,,,Spanish Segunda División,2024-2025
c905ce2e,Oscar Naasei Oppong,Oscar Naasei Oppong,gh GHA,DF,Granada,19,2005,6,3,318,3.5,0,0,0,0,0,0,0,0,0.00,0.00,0.00,0.00,0.00,Matches,,,0,0,,0.00,0.00,,,,,,,,,,,,,,,,,,,Spanish Segunda División,2024-2025
0c78c871,Nacho,Nacho,es ESP,"MF,DF",Racing Ferrol,31,1993,28,13,"1,317",14.6,1,0,1,1,0,0,3,0,0.07,0.00,0.07,0.07,0.07,Matches,0.05,0.33,21,3,14.3,0.21,1.44,,,,,,,,,,,,,,,,,,,Spanish Segunda División,2024-2025
e29d1111,Nacho,Nacho,es ESP,DF,Cartagena,35,1989,14,14,"1,125",12.5,2,3,5,2,0,0,5,0,0.16,0.24,0.40,0.16,0.40,Matches,0.25,1.00,8,2,25.0,0.16,0.64,,,,,,,,,,,,,,,,,,,Spanish Segunda División,2024-2025
37452c75,Tomeu Nadal,Tomeu Nadal,es ESP,GK,Tenerife,35,1989,5,5,450,5.0,0,0,0,0,0,0,2,0,0.00,0.00,0.00,0.00,0.00,Matches,,,0,0,,0.00,0.00,0,0.0,5,5,8,1.60,3,450,2,2,0,0.0,0,45.5,5,11,2,0,Spanish Segunda División,2024-2025
a2609621,Naldo,Naldo,br BRA,DF,Racing Ferrol,35,1988,32,31,"2,766",30.7,0,1,1,0,0,0,10,0,0.00,0.03,0.03,0.00,0.03,Matches,0.00,0.00,15,4,26.7,0.13,0.49,,,,,,,,,,,,,,,,,,,Spanish Segunda División,2024-2025
cacfc380,Marcos Navarro,Marcos Navarro,es ESP,DF,Levante,20,2004,10,9,707,7.9,0,0,0,0,0,0,2,0,0.00,0.00,0.00,0.00,0.00,Matches,0.00,,1,0,0.0,0.00,0.13,,,,,,,,,,,,,,,,,,,Spanish Segunda División,2024-2025
51e6bc67,Raúl Navarro,Raúl Navarro,es ESP,MF,Burgos,30,1994,7,4,306,3.4,0,0,0,0,0,0,2,0,0.00,0.00,0.00,0.00,0.00,Matches,,,0,0,,0.00,0.00,,,,,,,,,,,,,,,,,,,Spanish Segunda División,2024-2025
8db394aa,Ximo Navarro,Ximo Navarro,es ESP,DF,Dep La Coruña,34,1990,30,29,"2,447",27.2,4,2,6,4,0,0,4,1,0.15,0.07,0.22,0.15,0.22,Matches,0.19,0.50,21,8,38.1,0.29,0.77,,,,,,,,,,,,,,,,,,,Spanish Segunda División,2024-2025
8d47bb39,Carlos Neva,Carlos Neva,es ESP,"DF,MF",Granada,28,1996,19,18,"1,500",16.7,1,1,2,1,0,0,3,1,0.06,0.06,0.12,0.06,0.12,Matches,0.25,1.00,4,1,25.0,0.06,0.24,,,,,,,,,,,,,,,,,,,Spanish Segunda División,2024-2025
220d9a50,Albert Niculaesei,Albert Niculaesei,ro ROU,DF,Elche,16,2008,1,0,3,0.0,0,0,0,0,0,0,0,0,0.00,0.00,0.00,0.00,0.00,Matches,,,0,0,,0.00,0.00,,,,,,,,,,,,,,,,,,,Spanish Segunda División,2024-2025
91738147,Carlos Nieto,Carlos Nieto,es ESP,MF,Zaragoza,28,1996,3,1,77,0.9,0,0,0,0,0,0,1,0,0.00,0.00,0.00,0.00,0.00,Matches,0.00,0.00,1,1,100.0,1.17,1.17,,,,,,,,,,,,,,,,,,,Spanish Segunda División,2024-2025
81d5c497,Fernando Niño,Fernando Niño,es ESP,FW,Burgos,23,2000,41,25,"2,345",26.1,10,2,12,10,0,0,8,0,0.38,0.08,0.46,0.38,0.46,Matches,0.26,0.53,38,19,50.0,0.73,1.46,,,,,,,,,,,,,,,,,,,Spanish Segunda División,2024-2025
857cb4f3,Peru Nolaskoain,Peru Nolaskoain,es ESP,MF,Eibar,25,1998,36,27,"2,396",26.6,2,0,2,2,0,0,8,0,0.08,0.00,0.08,0.08,0.08,Matches,0.10,0.25,21,8,38.1,0.30,0.79,,,,,,,,,,,,,,,,,,,Spanish Segunda División,2024-2025
956ef98d,Georges Nsukula Mazeya,Georges Nsukula Mazeya,fr FRA,FW,Burgos,21,2003,1,0,3,0.0,0,0,0,0,0,0,0,0,0.00,0.00,0.00,0.00,0.00,Matches,,,0,0,,0.00,0.00,,,,,,,,,,,,,,,,,,,Spanish Segunda División,2024-2025
b7b6ff9b,Álvaro Núñez,Álvaro Núñez,es ESP,"DF,MF",Elche,24,2000,37,33,"2,990",33.2,2,6,8,2,0,0,4,0,0.06,0.18,0.24,0.06,0.24,Matches,0.08,0.22,26,9,34.6,0.27,0.78,,,,,,,,,,,,,,,,,,,Spanish Segunda División,2024-2025
4a763ba9,Rafael Nuñez,Rafael Nuñez,do DOM,MF,Elche,22,2002,8,2,247,2.7,1,0,1,1,0,0,0,0,0.36,0.00,0.36,0.36,0.36,Matches,0.25,1.00,4,1,25.0,0.36,1.46,,,,,,,,,,,,,,,,,,,Spanish Segunda División,2024-2025
4a763ba9,Rafael Nuñez,Rafael Nuñez,do DOM,MF,Elche,22,2002,8,2,247,2.7,1,0,1,1,0,0,0,0,0.36,0.00,0.36,0.36,0.36,Matches,0.50,0.50,2,2,100.0,0.29,0.29,,,,,,,,,,,,,,,,,,,Spanish Segunda División,2024-2025
4a763ba9,Rafael Nuñez,Rafael Nuñez,do DOM,"MF,FW",Cartagena,22,2002,14,6,616,6.8,1,1,2,1,0,0,0,0,0.15,0.15,0.29,0.15,0.29,Matches,0.25,1.00,4,1,25.0,0.36,1.46,,,,,,,,,,,,,,,,,,,Spanish Segunda División,2024-2025
4a763ba9,Rafael Nuñez,Rafael Nuñez,do DOM,"MF,FW",Cartagena,22,2002,14,6,616,6.8,1,1,2,1,0,0,0,0,0.15,0.15,0.29,0.15,0.29,Matches,0.50,0.50,2,2,100.0,0.29,0.29,,,,,,,,,,,,,,,,,,,Spanish Segunda División,2024-2025
6e047492,Kenneth Obinna Mamah,Kenneth Obinna Mamah,ng NGA,"MF,FW",Castellón,26,1998,24,22,"1,895",21.1,4,1,5,4,0,0,1,0,0.19,0.05,0.24,0.19,0.24,Matches,0.13,0.40,31,10,32.3,0.47,1.47,,,,,,,,,,,,,,,,,,,Spanish Segunda División,2024-2025
696b0f1e,Nikolay Obolsky,Nikolay Obolsky,ru RUS,FW,Córdoba,27,1997,33,10,"1,071",11.9,3,3,6,3,0,0,2,0,0.25,0.25,0.50,0.25,0.50,Matches,0.09,0.23,35,13,37.1,1.09,2.94,,,,,,,,,,,,,,,,,,,Spanish Segunda División,2024-2025
949c3655,Rafel Obrador,Rafel Obrador,es ESP,DF,Dep La Coruña,20,2004,33,24,"2,171",24.1,0,1,1,0,0,0,5,0,0.00,0.04,0.04,0.00,0.04,Matches,0.00,,4,0,0.0,0.00,0.17,,,,,,,,,,,,,,,,,,,Spanish Segunda División,2024-2025
2e3995cd,Brian Ocampo,Brian Ocampo,uy URU,"MF,FW",Cádiz,25,1999,34,22,"1,809",20.1,1,3,4,1,0,0,8,1,0.05,0.15,0.20,0.05,0.20,Matches,0.03,0.09,38,11,28.9,0.55,1.89,,,,,,,,,,,,,,,,,,,Spanish Segunda División,2024-2025
679b9236,Aarón Ochoa,Aarón Ochoa,ie IRL,"MF,FW",Málaga,17,2007,26,8,"1,012",11.2,0,0,0,0,0,0,2,0,0.00,0.00,0.00,0.00,0.00,Matches,0.00,0.00,13,5,38.5,0.44,1.16,,,,,,,,,,,,,,,,,,,Spanish Segunda División,2024-2025
3d034807,Sixtus Ogbuehi,Sixtus Ogbuehi,ng NGA,FW,Eldense,21,2003,6,0,29,0.3,0,0,0,0,0,0,0,0,0.00,0.00,0.00,0.00,0.00,Matches,0.00,0.00,1,1,100.0,3.10,3.10,,,,,,,,,,,,,,,,,,,Spanish Segunda División,2024-2025
375a669e,Dani Ojeda,Dani Ojeda,es ESP,MF,Burgos,29,1994,36,20,"1,526",17.0,1,1,2,1,0,0,5,0,0.06,0.06,0.12,0.06,0.12,Matches,0.03,0.08,37,13,35.1,0.77,2.18,,,,,,,,,,,,,,,,,,,Spanish Segunda División,2024-2025
f861a4d2,Raúl Ojeda,Raúl Ojeda,es ESP,FW,Huesca,19,2005,1,0,17,0.2,0,0,0,0,0,0,0,0,0.00,0.00,0.00,0.00,0.00,Matches,,,0,0,,0.00,0.00,,,,,,,,,,,,,,,,,,,Spanish Segunda División,2024-2025
df80c321,Lander Olaetxea,Lander Olaetxea,es ESP,"MF,DF",Sporting Gijón,31,1993,36,35,"3,071",34.1,2,1,3,2,0,0,8,0,0.06,0.03,0.09,0.06,0.09,Matches,0.13,0.40,16,5,31.3,0.15,0.47,,,,,,,,,,,,,,,,,,,Spanish Segunda División,2024-2025
72b07a9c,Kiko Olivas,Kiko Olivas,es ESP,DF,Cartagena,35,1988,28,27,"2,380",26.4,0,0,0,0,0,0,3,0,0.00,0.00,0.00,0.00,0.00,Matches,0.00,,4,0,0.0,0.00,0.15,,,,,,,,,,,,,,,,,,,Spanish Segunda División,2024-2025
a83d8b0c,Javier Ontiveros,Javier Ontiveros,es ESP,"MF,FW",Cádiz,26,1997,35,28,"2,452",27.2,10,6,16,10,0,1,9,1,0.37,0.22,0.59,0.37,0.59,Matches,0.11,0.28,89,36,40.4,1.32,3.27,,,,,,,,,,,,,,,,,,,Spanish Segunda División,2024-2025
f9358b61,Pedro Ortiz,Pedro Ortiz,es ESP,MF,Córdoba,23,2000,18,11,992,11.0,4,1,5,4,0,0,3,0,0.36,0.09,0.45,0.36,0.45,Matches,0.18,0.67,22,6,27.3,0.54,2.00,,,,,,,,,,,,,,,,,,,Spanish Segunda División,2024-2025
b5077003,Alfredo Ortuño,Alfredo Ortuño,es ESP,FW,Cartagena,33,1991,35,10,"1,111",12.3,0,0,0,0,0,0,2,0,0.00,0.00,0.00,0.00,0.00,Matches,0.00,0.00,20,5,25.0,0.41,1.62,,,,,,,,,,,,,,,,,,,Spanish Segunda División,2024-2025
78cd5130,Juanto Ortuño,Juanto Ortuño,es ESP,FW,Eldense,32,1992,35,14,"1,516",16.8,8,0,8,6,2,3,2,1,0.47,0.00,0.47,0.36,0.36,Matches,0.11,0.30,56,20,35.7,1.19,3.32,,,,,,,,,,,,,,,,,,,Spanish Segunda División,2024-2025
6b992837,Sergio Ortuño,Sergio Ortuño,es ESP,MF,Eldense,25,1999,39,39,"3,266",36.3,3,2,5,3,0,0,6,1,0.08,0.06,0.14,0.08,0.14,Matches,0.10,0.25,31,12,38.7,0.33,0.85,,,,,,,,,,,,,,,,,,,Spanish Segunda División,2024-2025
a0411928,Alex Oyon,Alex Oyon,es ESP,FW,Sporting Gijón,21,2003,4,0,24,0.3,0,0,0,0,0,0,0,0,0.00,0.00,0.00,0.00,0.00,Matches,,,0,0,,0.00,0.00,,,,,,,,,,,,,,,,,,,Spanish Segunda División,2024-2025
fdbe95bc,Antonio Pacheco,Antonio Pacheco,es ESP,MF,Albacete,22,2002,31,18,"1,690",18.8,0,0,0,0,0,0,2,1,0.00,0.00,0.00,0.00,0.00,Matches,0.00,0.00,6,1,16.7,0.05,0.32,,,,,,,,,,,,,,,,,,,Spanish Segunda División,2024-2025
e4c7d4bb,Jorge Padilla,Jorge Padilla,es ESP,FW,Tenerife,23,2001,6,1,145,1.6,0,0,0,0,0,0,0,0,0.00,0.00,0.00,0.00,0.00,Matches,0.00,,3,0,0.0,0.00,1.86,,,,,,,,,,,,,,,,,,,Spanish Segunda División,2024-2025
f7e2871f,Gabriel Palmero,Gabriel Palmero,my MAS,DF,Tenerife,22,2002,1,1,45,0.5,0,0,0,0,0,0,0,0,0.00,0.00,0.00,0.00,0.00,Matches,,,0,0,,0.00,0.00,,,,,,,,,,,,,,,,,,,Spanish Segunda División,2024-2025
c748a0b2,Diego Pampín,Diego Pampín,es ESP,DF,Levante,24,2000,35,33,"3,006",33.4,1,2,3,1,0,0,4,0,0.03,0.06,0.09,0.03,0.09,Matches,0.03,0.17,30,6,20.0,0.18,0.90,,,,,,,,,,,,,,,,,,,Spanish Segunda División,2024-2025
ae14af56,Joaquín Panichelli,Joaquín Panichelli,ar ARG,FW,CD Mirandés,21,2002,40,40,"3,457",38.4,20,4,24,17,3,4,4,0,0.52,0.10,0.62,0.44,0.55,Matches,0.15,0.37,113,46,40.7,1.20,2.94,,,,,,,,,,,,,,,,,,,Spanish Segunda División,2024-2025
8ca358c5,Victor Parada,Victor Parada,es ESP,DF,CD Mirandés,22,2002,34,19,"1,822",20.2,0,1,1,0,0,0,8,1,0.00,0.05,0.05,0.00,0.05,Matches,0.00,0.00,13,3,23.1,0.15,0.64,,,,,,,,,,,,,,,,,,,Spanish Segunda División,2024-2025
647d39d2,Raúl Parra,Raúl Parra,es ESP,DF,Eldense,24,1999,12,4,400,4.4,0,0,0,0,0,0,2,0,0.00,0.00,0.00,0.00,0.00,Matches,0.00,0.00,4,2,50.0,0.45,0.90,,,,,,,,,,,,,,,,,,,Spanish Segunda División,2024-2025
1561cd53,Germán Parreño,Germán Parreño,es ESP,GK,Dep La Coruña,31,1993,5,5,450,5.0,0,0,0,0,0,0,0,0,0.00,0.00,0.00,0.00,0.00,Matches,,,0,0,,0.00,0.00,0,0.0,5,5,11,2.20,5,450,1,1,0,0.0,0,60.0,15,25,0,0,Spanish Segunda División,2024-2025
a2d9cf74,Pascu,Pascu,es ESP,"MF,FW",Eibar,21,2003,40,23,"1,975",21.9,5,2,7,5,0,0,4,0,0.23,0.09,0.32,0.23,0.32,Matches,0.09,0.23,57,22,38.6,1.00,2.60,,,,,,,,,,,,,,,,,,,Spanish Segunda División,2024-2025
15553291,Hugo Pascual,Hugo Pascual,es ESP,DF,Burgos,18,2005,1,1,90,1.0,0,0,0,0,0,0,0,0,0.00,0.00,0.00,0.00,0.00,Matches,,,0,0,,0.00,0.00,,,,,,,,,,,,,,,,,,,Spanish Segunda División,2024-2025
2bf90480,Alex Pastor,Alex Pastor,es ESP,DF,Málaga,24,1999,31,27,"2,312",25.7,1,0,1,1,0,0,6,1,0.04,0.00,0.04,0.04,0.04,Matches,0.10,0.50,10,2,20.0,0.08,0.39,,,,,,,,,,,,,,,,,,,Spanish Segunda División,2024-2025
14e05913,Alfonso Pastor,Alfonso Pastor,es ESP,GK,Levante,23,2000,1,1,90,1.0,0,0,0,0,0,0,0,0,0.00,0.00,0.00,0.00,0.00,Matches,,,0,0,,0.00,0.00,1,100.0,1,1,0,0.00,0,90,0,0,0,,0,100.0,3,3,0,1,Spanish Segunda División,2024-2025
a1935e34,Gonzalo Pastor,Gonzalo Pastor,es ESP,"MF,FW",Castellón,18,2006,15,5,650,7.2,0,0,0,0,0,0,0,0,0.00,0.00,0.00,0.00,0.00,Matches,0.00,0.00,8,2,25.0,0.28,1.11,,,,,,,,,,,,,,,,,,,Spanish Segunda División,2024-2025
e71aac2c,Charlie Patino,Charlie Patino,eng ENG,MF,Dep La Coruña,20,2003,7,3,295,3.3,0,0,0,0,0,0,1,0,0.00,0.00,0.00,0.00,0.00,Matches,0.00,,1,0,0.0,0.00,0.31,,,,,,,,,,,,,,,,,,,Spanish Segunda División,2024-2025
f20fce1b,Paulino,Paulino,es ESP,"MF,FW",Oviedo,27,1997,25,4,626,7.0,1,1,2,1,0,0,3,0,0.14,0.14,0.29,0.14,0.29,Matches,0.06,0.20,16,5,31.3,0.72,2.30,,,,,,,,,,,,,,,,,,,Spanish Segunda División,2024-2025
8c4e56cb,Pejiño,Pejiño,es ESP,"MF,FW",Elche,28,1996,12,3,424,4.7,1,0,1,1,0,0,0,0,0.21,0.00,0.21,0.21,0.21,Matches,0.08,0.33,13,3,23.1,0.64,2.76,,,,,,,,,,,,,,,,,,,Spanish Segunda División,2024-2025
a229c6e7,Héber Pena,Héber Pena,es ESP,MF,Racing Ferrol,34,1990,18,14,"1,129",12.5,0,1,1,0,0,0,0,0,0.00,0.08,0.08,0.00,0.08,Matches,0.00,0.00,8,1,12.5,0.08,0.64,,,,,,,,,,,,,,,,,,,Spanish Segunda División,2024-2025
7afb1573,Pepín,Pepín,gq EQG,MF,Cartagena,27,1996,13,9,648,7.2,1,0,1,1,0,0,4,0,0.14,0.00,0.14,0.14,0.14,Matches,0.08,0.20,12,5,41.7,0.69,1.67,,,,,,,,,,,,,,,,,,,Spanish Segunda División,2024-2025
8dc6dbb3,Luis Perea,Luis Perea,es ESP,MF,Racing Ferrol,26,1997,16,11,776,8.6,1,0,1,1,0,0,0,0,0.12,0.00,0.12,0.12,0.12,Matches,0.07,0.13,14,8,57.1,0.93,1.62,,,,,,,,,,,,,,,,,,,Spanish Segunda División,2024-2025
7db7e7d6,Adrián Pereda,Adrián Pereda,es ESP,GK,Huesca,21,2003,3,1,181,2.0,0,0,0,0,0,0,0,0,0.00,0.00,0.00,0.00,0.00,Matches,,,0,0,,0.00,0.00,0,0.0,3,1,7,3.48,1,181,0,0,0,,0,50.0,7,14,0,0,Spanish Segunda División,2024-2025
c7fcb18f,Adri Pérez,Adri Pérez,es ESP,DF,Tenerife,21,2003,2,1,57,0.6,0,0,0,0,0,0,0,0,0.00,0.00,0.00,0.00,0.00,Matches,,,0,0,,0.00,0.00,,,,,,,,,,,,,,,,,,,Spanish Segunda División,2024-2025
703962e1,Javi Pérez,Javi Pérez,es ESP,MF,Huesca,28,1995,21,16,"1,324",14.7,1,1,2,1,0,0,4,0,0.07,0.07,0.14,0.07,0.14,Matches,0.05,0.20,20,5,25.0,0.34,1.36,,,,,,,,,,,,,,,,,,,Spanish Segunda División,2024-2025
8f29e08b,Juan Pérez,Juan Pérez,es ESP,GK,Huesca,28,1996,9,9,738,8.2,0,0,0,0,0,0,0,1,0.00,0.00,0.00,0.00,0.00,Matches,,,0,0,,0.00,0.00,1,11.1,9,9,16,1.95,3,738,1,2,0,50.0,1,50.0,16,30,4,2,Spanish Segunda División,2024-2025
a300ac7e,Lucas Pérez,Lucas Pérez,es ESP,"FW,MF",Dep La Coruña,35,1988,19,18,"1,629",18.1,4,4,8,4,0,0,5,0,0.22,0.22,0.44,0.22,0.44,Matches,0.11,0.36,35,11,31.4,0.61,1.93,,,,,,,,,,,,,,,,,,,Spanish Segunda División,2024-2025
36bac79c,Marko Perović,Marko Perović,me MNE,MF,Almería,18,2006,6,0,54,0.6,0,0,0,0,0,0,1,0,0.00,0.00,0.00,0.00,0.00,Matches,0.00,0.00,2,2,100.0,3.33,3.33,,,,,,,,,,,,,,,,,,,Spanish Segunda División,2024-2025
97d08e60,Alex Petxa,Alex Petxa,es ESP,DF,Dep La Coruña,27,1997,27,17,"1,506",16.7,0,2,2,0,0,0,4,0,0.00,0.12,0.12,0.00,0.12,Matches,0.00,,1,0,0.0,0.00,0.06,,,,,,,,,,,,,,,,,,,Spanish Segunda División,2024-2025
1aea8b86,Matías Pezzolesi,Matías Pezzolesi,ar ARG,DF,Tenerife,21,2002,1,0,17,0.2,0,0,0,0,0,0,0,0,0.00,0.00,0.00,0.00,0.00,Matches,0.00,,1,0,0.0,0.00,5.29,,,,,,,,,,,,,,,,,,,Spanish Segunda División,2024-2025
bf02db92,Piña,Piña,es ESP,DF,Eldense,29,1994,31,31,"2,764",30.7,1,0,1,1,0,0,6,0,0.03,0.00,0.03,0.03,0.03,Matches,0.06,0.33,16,3,18.8,0.10,0.52,,,,,,,,,,,,,,,,,,,Spanish Segunda División,2024-2025
78cfb00c,Hugo Pinilla,Hugo Pinilla,es ESP,MF,Zaragoza,18,2006,1,0,16,0.2,0,0,0,0,0,0,0,0,0.00,0.00,0.00,0.00,0.00,Matches,,,0,0,,0.00,0.00,,,,,,,,,,,,,,,,,,,Spanish Segunda División,2024-2025
10f1cd17,Pipa,Pipa,es ESP,DF,Burgos,26,1998,26,13,"1,214",13.5,0,1,1,0,0,0,4,0,0.00,0.07,0.07,0.00,0.07,Matches,0.00,0.00,9,3,33.3,0.22,0.67,,,,,,,,,,,,,,,,,,,Spanish Segunda División,2024-2025
7c388b20,Óscar Plano,Óscar Plano,es ESP,"FW,MF",Elche,33,1991,29,16,"1,345",14.9,3,1,4,3,0,0,1,1,0.20,0.07,0.27,0.20,0.27,Matches,0.11,0.38,28,8,28.6,0.54,1.87,,,,,,,,,,,,,,,,,,,Spanish Segunda División,2024-2025
43742e87,Carlos Pomares Rayo,Carlos Pomares Rayo,es ESP,DF,Oviedo,31,1992,26,18,"1,660",18.4,0,2,2,0,0,0,3,0,0.00,0.11,0.11,0.00,0.11,Matches,0.00,0.00,12,2,16.7,0.11,0.65,,,,,,,,,,,,,,,,,,,Spanish Segunda División,2024-2025
8e010ff4,Francisco Portillo,Francisco Portillo,es ESP,MF,Oviedo,34,1990,22,11,"1,025",11.4,1,1,2,1,0,0,2,0,0.09,0.09,0.18,0.09,0.18,Matches,0.17,0.50,6,2,33.3,0.18,0.53,,,,,,,,,,,,,,,,,,,Spanish Segunda División,2024-2025
474ecac8,Sergio Postigo,Sergio Postigo,es ESP,DF,CD Mirandés,35,1988,12,7,675,7.5,0,1,1,0,0,0,2,0,0.00,0.13,0.13,0.00,0.13,Matches,0.00,,5,0,0.0,0.00,0.67,,,,,,,,,,,,,,,,,,,Spanish Segunda División,2024-2025
c252c705,Gaëtan Poussin,Gaëtan Poussin,fr FRA,GK,Zaragoza,25,1999,33,32,"2,915",32.4,1,0,1,1,0,0,2,0,0.03,0.00,0.03,0.03,0.03,Matches,1.00,1.00,1,1,100.0,0.03,0.03,8,25.0,33,32,41,1.27,11,"2,915",3,8,1,57.1,4,63.5,69,104,9,12,Spanish Segunda División,2024-2025
3c16d927,Alejandro Pozo Pozo,Alejandro Pozo Pozo,es ESP,"DF,MF",Almería,25,1999,30,15,"1,584",17.6,2,1,3,2,0,0,3,0,0.11,0.06,0.17,0.11,0.17,Matches,0.20,0.50,10,4,40.0,0.23,0.57,,,,,,,,,,,,,,,,,,,Spanish Segunda División,2024-2025
365113c0,Marc Pubill,Marc Pubill,es ESP,DF,Almería,21,2003,36,31,"2,819",31.3,1,4,5,1,0,0,6,0,0.03,0.13,0.16,0.03,0.16,Matches,0.03,0.09,31,11,35.5,0.35,0.99,,,,,,,,,,,,,,,,,,,Spanish Segunda División,2024-2025
c77a8043,Antonio Puertas,Antonio Puertas,es ESP,"MF,FW",Eibar,32,1992,41,29,"2,549",28.3,5,5,10,5,0,0,6,0,0.18,0.18,0.35,0.18,0.35,Matches,0.11,0.29,45,17,37.8,0.60,1.59,,,,,,,,,,,,,,,,,,,Spanish Segunda División,2024-2025
38daeede,Puga,Puga,es ESP,DF,Málaga,23,2000,31,24,"2,184",24.3,0,0,0,0,0,0,9,1,0.00,0.00,0.00,0.00,0.00,Matches,0.00,0.00,7,2,28.6,0.08,0.29,,,,,,,,,,,,,,,,,,,Spanish Segunda División,2024-2025
39352da2,Arnau Puigmal,Arnau Puigmal,es ESP,MF,Almería,23,2001,39,16,"1,518",16.9,3,5,8,3,0,0,3,0,0.18,0.30,0.47,0.18,0.47,Matches,0.10,0.27,31,11,35.5,0.65,1.84,,,,,,,,,,,,,,,,,,,Spanish Segunda División,2024-2025
978cd030,Jorge Pulido,Jorge Pulido,es ESP,DF,Huesca,33,1991,36,36,"3,181",35.3,2,1,3,2,0,0,12,2,0.06,0.03,0.08,0.06,0.08,Matches,0.10,0.29,20,7,35.0,0.20,0.57,,,,,,,,,,,,,,,,,,,Spanish Segunda División,2024-2025
957251b2,Ruben Pulido Peñas,Ruben Pulido Peñas,es ESP,DF,Huesca,23,2000,23,18,"1,492",16.6,1,0,1,1,0,0,6,0,0.06,0.00,0.06,0.06,0.06,Matches,0.10,0.33,10,3,30.0,0.18,0.60,,,,,,,,,,,,,,,,,,,Spanish Segunda División,2024-2025
e23d7f98,Iker Punzano,Iker Punzano,es ESP,MF,Castellón,20,2004,1,0,23,0.3,0,0,0,0,0,0,0,0,0.00,0.00,0.00,0.00,0.00,Matches,,,0,0,,0.00,0.00,,,,,,,,,,,,,,,,,,,Spanish Segunda División,2024-2025
307f40f1,Aleksa Puric,Aleksa Puric,rs SRB,DF,Racing Ferrol,21,2003,37,35,"3,012",33.5,1,0,1,1,0,0,14,2,0.03,0.00,0.03,0.03,0.03,Matches,0.04,0.14,26,7,26.9,0.21,0.78,,,,,,,,,,,,,,,,,,,Spanish Segunda División,2024-2025
1b2f8c73,Dani Queipo,Dani Queipo,es ESP,"FW,MF",Sporting Gijón,22,2002,28,13,"1,192",13.2,0,0,0,0,0,0,4,0,0.00,0.00,0.00,0.00,0.00,Matches,0.00,0.00,32,12,37.5,0.91,2.42,,,,,,,,,,,,,,,,,,,Spanish Segunda División,2024-2025
25233d1b,Alberto Quiles,Alberto Quiles,es ESP,"FW,MF",Albacete,29,1995,23,19,"1,727",19.2,6,2,8,4,2,4,2,0,0.31,0.10,0.42,0.21,0.31,Matches,0.08,0.24,50,17,34.0,0.89,2.61,,,,,,,,,,,,,,,,,,,Spanish Segunda División,2024-2025
8e613398,Nacho Quintana,Nacho Quintana,es ESP,"FW,MF",Eldense,23,2001,38,26,"2,292",25.5,1,1,2,1,0,0,5,0,0.04,0.04,0.08,0.04,0.08,Matches,0.03,0.20,36,5,13.9,0.20,1.41,,,,,,,,,,,,,,,,,,,Spanish Segunda División,2024-2025
2f456b86,Rubén Quintanilla,Rubén Quintanilla,es ESP,MF,Burgos,22,2002,8,3,336,3.7,0,0,0,0,0,0,0,0,0.00,0.00,0.00,0.00,0.00,Matches,0.00,,1,0,0.0,0.00,0.27,,,,,,,,,,,,,,,,,,,Spanish Segunda División,2024-2025
2f456b86,Rubén Quintanilla,Rubén Quintanilla,es ESP,MF,Burgos,22,2002,8,3,336,3.7,0,0,0,0,0,0,0,0,0.00,0.00,0.00,0.00,0.00,Matches,0.00,,1,0,0.0,0.00,0.94,,,,,,,,,,,,,,,,,,,Spanish Segunda División,2024-2025
2f456b86,Rubén Quintanilla,Rubén Quintanilla,es ESP,MF,Almería,22,2002,4,1,96,1.1,0,1,1,0,0,0,1,0,0.00,0.94,0.94,0.00,0.94,Matches,0.00,,1,0,0.0,0.00,0.27,,,,,,,,,,,,,,,,,,,Spanish Segunda División,2024-2025
2f456b86,Rubén Quintanilla,Rubén Quintanilla,es ESP,MF,Almería,22,2002,4,1,96,1.1,0,1,1,0,0,0,1,0,0.00,0.94,0.94,0.00,0.94,Matches,0.00,,1,0,0.0,0.00,0.94,,,,,,,,,,,,,,,,,,,Spanish Segunda División,2024-2025
09507ffa,Aleksandar Radovanović,Aleksandar Radovanović,rs SRB,DF,Almería,30,1993,18,14,"1,143",12.7,0,0,0,0,0,0,2,1,0.00,0.00,0.00,0.00,0.00,Matches,0.00,0.00,8,2,25.0,0.16,0.63,,,,,,,,,,,,,,,,,,,Spanish Segunda División,2024-2025
f807f8b3,Yanis Rahmani,Yanis Rahmani,fr FRA,"MF,FW",Málaga,29,1995,23,7,668,7.4,0,0,0,0,0,0,0,0,0.00,0.00,0.00,0.00,0.00,Matches,0.00,0.00,14,3,21.4,0.40,1.89,,,,,,,,,,,,,,,,,,,Spanish Segunda División,2024-2025
f907df5b,Hugo Rama,Hugo Rama,es ESP,MF,Dep La Coruña,27,1996,15,1,225,2.5,0,0,0,0,0,0,0,0,0.00,0.00,0.00,0.00,0.00,Matches,0.00,0.00,12,4,33.3,1.60,4.80,,,,,,,,,,,,,,,,,,,Spanish Segunda División,2024-2025
cc9256ef,Largie Ramazani,Largie Ramazani,be BEL,MF,Almería,23,2001,1,1,90,1.0,1,0,1,1,0,0,0,0,1.00,0.00,1.00,1.00,1.00,Matches,0.25,0.50,4,2,50.0,2.00,4.00,,,,,,,,,,,,,,,,,,,Spanish Segunda División,2024-2025
44e07fac,Chris Ramos,Chris Ramos,es ESP,FW,Cádiz,27,1997,37,24,"2,227",24.7,10,1,11,9,1,1,1,0,0.40,0.04,0.44,0.36,0.40,Matches,0.12,0.36,74,25,33.8,1.01,2.99,,,,,,,,,,,,,,,,,,,Spanish Segunda División,2024-2025
25749008,Elba Rashani,Elba Rashani,xk KVX,MF,Elche,31,1993,11,2,324,3.6,3,0,3,3,0,0,2,1,0.83,0.00,0.83,0.83,0.83,Matches,0.60,1.00,5,3,60.0,0.83,1.39,,,,,,,,,,,,,,,,,,,Spanish Segunda División,2024-2025
9a796115,Abde Rebbach,Abde Rebbach,dz ALG,"MF,FW",Granada,25,1998,19,18,"1,274",14.2,3,2,5,3,0,0,3,0,0.21,0.14,0.35,0.21,0.35,Matches,0.11,0.30,28,10,35.7,0.71,1.98,,,,,,,,,,,,,,,,,,,Spanish Segunda División,2024-2025
84b7090a,Iker Recio,Iker Recio,es ESP,DF,Cádiz,23,2001,3,3,270,3.0,0,0,0,0,0,0,1,0,0.00,0.00,0.00,0.00,0.00,Matches,,,0,0,,0.00,0.00,,,,,,,,,,,,,,,,,,,Spanish Segunda División,2024-2025
dede3190,Alberto Reina,Alberto Reina,es ESP,MF,CD Mirandés,26,1997,41,40,"3,337",37.1,5,4,9,5,0,0,3,0,0.13,0.11,0.24,0.13,0.24,Matches,0.13,0.38,38,13,34.2,0.35,1.02,,,,,,,,,,,,,,,,,,,Spanish Segunda División,2024-2025
6b21b7b5,Reinier,Reinier,br BRA,"FW,MF",Granada,22,2002,24,14,"1,275",14.2,1,4,5,1,0,0,3,0,0.07,0.28,0.35,0.07,0.35,Matches,0.06,0.17,18,6,33.3,0.42,1.27,,,,,,,,,,,,,,,,,,,Spanish Segunda División,2024-2025
e8a0d2f7,Oriol Rey,Oriol Rey,es ESP,MF,Levante,26,1998,39,37,"3,231",35.9,0,3,3,0,0,0,10,0,0.00,0.08,0.08,0.00,0.08,Matches,0.00,0.00,11,3,27.3,0.08,0.31,,,,,,,,,,,,,,,,,,,Spanish Segunda División,2024-2025
b78d5131,Jhafets Reyes,Jhafets Reyes,ec ECU,GK,Cartagena,17,2006,2,2,180,2.0,0,0,0,0,0,0,0,0,0.00,0.00,0.00,0.00,0.00,Matches,,,0,0,,0.00,0.00,0,0.0,2,2,4,2.00,2,180,0,0,0,,0,60.0,6,10,0,0,Spanish Segunda División,2024-2025
ce8039aa,Nico Ribaudo,Nico Ribaudo,es ESP,MF,Almería,23,2001,38,27,"2,274",25.3,7,4,11,7,0,0,4,1,0.28,0.16,0.44,0.28,0.44,Matches,0.09,0.35,78,20,25.6,0.79,3.09,,,,,,,,,,,,,,,,,,,Spanish Segunda División,2024-2025
99d98362,Hugo Rincón,Hugo Rincón,es ESP,"DF,MF",CD Mirandés,21,2003,39,37,"3,287",36.5,2,4,6,2,0,0,8,0,0.05,0.11,0.16,0.05,0.16,Matches,0.08,0.25,24,8,33.3,0.22,0.66,,,,,,,,,,,,,,,,,,,Spanish Segunda División,2024-2025
c00097d2,Rober,Rober,es ESP,DF,Sporting Gijón,29,1995,34,31,"2,673",29.7,2,0,2,2,0,0,7,1,0.07,0.00,0.07,0.07,0.07,Matches,0.22,0.50,9,4,44.4,0.13,0.30,,,,,,,,,,,,,,,,,,,Spanish Segunda División,2024-2025
a8981944,Lucas Robertone,Lucas Robertone,ar ARG,MF,Almería,27,1997,23,13,"1,217",13.5,1,4,5,1,0,0,4,0,0.07,0.30,0.37,0.07,0.37,Matches,0.05,0.20,19,5,26.3,0.37,1.41,,,,,,,,,,,,,,,,,,,Spanish Segunda División,2024-2025
5f21b94c,Joel Roca,Joel Roca,es ESP,"FW,MF",CD Mirandés,19,2005,38,17,"1,735",19.3,6,3,9,6,0,0,4,0,0.31,0.16,0.47,0.31,0.47,Matches,0.11,0.26,56,23,41.1,1.19,2.90,,,,,,,,,,,,,,,,,,,Spanish Segunda División,2024-2025
2c9e6bc3,Sergio Rodelas,Sergio Rodelas,es ESP,MF,Granada,19,2004,16,4,524,5.8,1,3,4,1,0,0,2,0,0.17,0.52,0.69,0.17,0.69,Matches,0.07,0.50,15,2,13.3,0.34,2.58,,,,,,,,,,,,,,,,,,,Spanish Segunda División,2024-2025
fe73c4e1,Álvaro Rodríguez,Álvaro Rodríguez,es ESP,DF,Albacete,30,1994,26,15,"1,322",14.7,0,0,0,0,0,0,2,0,0.00,0.00,0.00,0.00,0.00,Matches,0.00,0.00,11,1,9.1,0.07,0.75,,,,,,,,,,,,,,,,,,,Spanish Segunda División,2024-2025
8cfc2f69,Ángel Rodríguez,Ángel Rodríguez,es ESP,FW,Tenerife,37,1987,25,12,973,10.8,1,0,1,1,0,1,1,0,0.09,0.00,0.09,0.09,0.09,Matches,0.04,0.11,26,9,34.6,0.83,2.40,,,,,,,,,,,,,,,,,,,Spanish Segunda División,2024-2025
f0cde899,David Rodríguez,David Rodríguez,es ESP,DF,Tenerife,24,2000,37,25,"2,347",26.1,1,0,1,1,0,0,11,0,0.04,0.00,0.04,0.04,0.04,Matches,0.07,0.50,14,2,14.3,0.08,0.54,,,,,,,,,,,,,,,,,,,Spanish Segunda División,2024-2025
1d4e63b6,Pablo Rodríguez,Pablo Rodríguez,es ESP,MF,Racing Sant,22,2001,34,29,"1,807",20.1,7,3,10,7,0,0,6,0,0.35,0.15,0.50,0.35,0.50,Matches,0.23,0.50,30,14,46.7,0.70,1.49,,,,,,,,,,,,,,,,,,,Spanish Segunda División,2024-2025
3b7abbd3,Rafa Rodríguez,Rafa Rodríguez,es ESP,MF,Málaga,21,2003,6,0,61,0.7,2,0,2,2,0,0,0,0,2.95,0.00,2.95,2.95,2.95,Matches,0.33,1.00,6,2,33.3,2.95,8.85,,,,,,,,,,,,,,,,,,,Spanish Segunda División,2024-2025
4a75b7ee,Riki Rodríguez,Riki Rodríguez,es ESP,MF,Albacete,26,1997,36,32,"2,857",31.7,1,2,3,1,0,0,5,0,0.03,0.06,0.09,0.03,0.09,Matches,0.03,0.11,33,9,27.3,0.28,1.04,,,,,,,,,,,,,,,,,,,Spanish Segunda División,2024-2025
505d9778,Genaro Rodríguez Serrano,Genaro Rodríguez Serrano,es ESP,"MF,DF",Córdoba,26,1998,21,8,743,8.3,0,1,1,0,0,0,6,0,0.00,0.12,0.12,0.00,0.12,Matches,0.00,0.00,13,5,38.5,0.61,1.57,,,,,,,,,,,,,,,,,,,Spanish Segunda División,2024-2025
c969e4b4,Thomas Rodríguez,Thomas Rodríguez,cl CHI,MF,Burgos,28,1996,2,0,17,0.2,0,0,0,0,0,0,0,0,0.00,0.00,0.00,0.00,0.00,Matches,,,0,0,,0.00,0.00,,,,,,,,,,,,,,,,,,,Spanish Segunda División,2024-2025
c340d20f,Luis Roldán,Luis Roldán,es ESP,MF,Elche,21,2003,1,0,22,0.2,0,0,0,0,0,0,0,0,0.00,0.00,0.00,0.00,0.00,Matches,,,0,0,,0.00,0.00,,,,,,,,,,,,,,,,,,,Spanish Segunda División,2024-2025
23a250d1,Pocho Román,Pocho Román,it ITA,MF,Cartagena,20,2004,19,3,567,6.3,2,0,2,2,0,0,3,0,0.32,0.00,0.32,0.32,0.32,Matches,0.18,1.00,11,2,18.2,0.32,1.75,,,,,,,,,,,,,,,,,,,Spanish Segunda División,2024-2025
f08ccd2d,San Román,San Román,es ESP,GK,Elche,27,1997,3,3,270,3.0,0,0,0,0,0,0,0,0,0.00,0.00,0.00,0.00,0.00,Matches,,,0,0,,0.00,0.00,3,100.0,3,3,0,0.00,0,270,0,0,0,,0,100.0,6,6,1,2,Spanish Segunda División,2024-2025
2fbe6af0,Iván Romero,Iván Romero,es ESP,FW,Levante,23,2001,35,19,"1,865",20.7,9,4,13,7,2,2,1,0,0.43,0.19,0.63,0.34,0.53,Matches,0.13,0.35,55,20,36.4,0.97,2.65,,,,,,,,,,,,,,,,,,,Spanish Segunda División,2024-2025
7868c973,Unai Ropero,Unai Ropero,es ESP,FW,Eldense,22,2001,15,2,267,3.0,1,0,1,1,0,0,3,0,0.34,0.00,0.34,0.34,0.34,Matches,0.11,0.33,9,3,33.3,1.01,3.03,,,,,,,,,,,,,,,,,,,Spanish Segunda División,2024-2025
21d5cdc4,Guillermo Rosas,Guillermo Rosas,es ESP,DF,Sporting Gijón,24,2000,39,34,"3,054",33.9,2,3,5,2,0,0,9,0,0.06,0.09,0.15,0.06,0.15,Matches,0.10,0.33,20,6,30.0,0.18,0.59,,,,,,,,,,,,,,,,,,,Spanish Segunda División,2024-2025
35d4f151,Rubén,Rubén,es ESP,DF,Granada,23,2001,32,22,"1,978",22.0,1,1,2,1,0,0,2,1,0.05,0.05,0.09,0.05,0.09,Matches,0.08,0.50,12,2,16.7,0.09,0.55,,,,,,,,,,,,,,,,,,,Spanish Segunda División,2024-2025
ccaa5728,Waldo Rubio,Waldo Rubio,es ESP,MF,Tenerife,28,1995,35,31,"2,299",25.5,2,4,6,2,0,0,3,1,0.08,0.16,0.23,0.08,0.23,Matches,0.05,0.14,40,14,35.0,0.55,1.57,,,,,,,,,,,,,,,,,,,Spanish Segunda División,2024-2025
9ace87ba,Javi Rueda,Javi Rueda,es ESP,DF,Albacete,22,2002,31,25,"2,168",24.1,4,1,5,4,0,0,7,0,0.17,0.04,0.21,0.17,0.21,Matches,0.17,0.40,23,10,43.5,0.42,0.95,,,,,,,,,,,,,,,,,,,Spanish Segunda División,2024-2025
6e36226f,Isma Ruiz,Isma Ruiz,es ESP,MF,Córdoba,23,2001,35,35,"2,949",32.8,2,0,2,2,0,0,6,0,0.06,0.00,0.06,0.06,0.06,Matches,0.07,0.20,29,10,34.5,0.31,0.89,,,,,,,,,,,,,,,,,,,Spanish Segunda División,2024-2025
e999605d,Jesús Ruiz,Jesús Ruiz,es ESP,GK,Racing Ferrol,27,1997,35,35,"3,150",35.0,0,0,0,0,0,0,2,0,0.00,0.00,0.00,0.00,0.00,Matches,,,0,0,,0.00,0.00,13,37.1,35,35,53,1.51,18,"3,150",5,6,0,16.7,1,68.0,102,150,11,6,Spanish Segunda División,2024-2025
e36f9794,Salva Ruiz,Salva Ruiz,es ESP,DF,Castellón,29,1995,20,10,"1,032",11.5,0,0,0,0,0,0,3,0,0.00,0.00,0.00,0.00,0.00,Matches,0.00,,4,0,0.0,0.00,0.35,,,,,,,,,,,,,,,,,,,Spanish Segunda División,2024-2025
1f423a54,Sergio Ruiz,Sergio Ruiz,es ESP,MF,Granada,29,1994,36,28,"2,455",27.3,0,6,6,0,0,0,5,0,0.00,0.22,0.22,0.00,0.22,Matches,0.00,,10,0,0.0,0.00,0.37,,,,,,,,,,,,,,,,,,,Spanish Segunda División,2024-2025
7371b7fe,Francisco Sabina,Francisco Sabina,es ESP,FW,Tenerife,20,2003,1,0,31,0.3,0,0,0,0,0,0,0,0,0.00,0.00,0.00,0.00,0.00,Matches,,,0,0,,0.00,0.00,,,,,,,,,,,,,,,,,,,Spanish Segunda División,2024-2025
2f9ef1a8,Pablo Saenz,Pablo Saenz,es ESP,"MF,FW",Granada,23,2001,21,7,727,8.1,0,2,2,0,0,0,2,0,0.00,0.25,0.25,0.00,0.25,Matches,0.00,0.00,17,7,41.2,0.87,2.10,,,,,,,,,,,,,,,,,,,Spanish Segunda División,2024-2025
2f9ef1a8,Pablo Saenz,Pablo Saenz,es ESP,"MF,FW",Granada,23,2001,21,7,727,8.1,0,2,2,0,0,0,2,0,0.00,0.25,0.25,0.00,0.25,Matches,0.21,0.42,24,12,50.0,1.16,2.33,,,,,,,,,,,,,,,,,,,Spanish Segunda División,2024-2025
2f9ef1a8,Pablo Saenz,Pablo Saenz,es ESP,MF,Albacete,23,2001,16,10,929,10.3,5,1,6,5,0,0,1,0,0.48,0.10,0.58,0.48,0.58,Matches,0.00,0.00,17,7,41.2,0.87,2.10,,,,,,,,,,,,,,,,,,,Spanish Segunda División,2024-2025
2f9ef1a8,Pablo Saenz,Pablo Saenz,es ESP,MF,Albacete,23,2001,16,10,929,10.3,5,1,6,5,0,0,1,0,0.48,0.10,0.58,0.48,0.58,Matches,0.21,0.42,24,12,50.0,1.16,2.33,,,,,,,,,,,,,,,,,,,Spanish Segunda División,2024-2025
7bbacdc4,Íñigo Sainz-Maza,Íñigo Sainz-Maza,es ESP,MF,Racing Sant,26,1998,9,1,248,2.8,0,0,0,0,0,0,0,0,0.00,0.00,0.00,0.00,0.00,Matches,0.00,,1,0,0.0,0.00,0.36,,,,,,,,,,,,,,,,,,,Spanish Segunda División,2024-2025
93551864,Álex Sala,Álex Sala,es ESP,MF,Córdoba,23,2001,37,32,"2,622",29.1,5,5,10,4,1,1,11,0,0.17,0.17,0.34,0.14,0.31,Matches,0.05,0.15,84,26,31.0,0.89,2.88,,,,,,,,,,,,,,,,,,,Spanish Segunda División,2024-2025
a44995b7,Jorge Salinas,Jorge Salinas,es ESP,DF,Racing Sant,17,2007,1,1,90,1.0,0,0,0,0,0,0,0,0,0.00,0.00,0.00,0.00,0.00,Matches,,,0,0,,0.00,0.00,,,,,,,,,,,,,,,,,,,Spanish Segunda División,2024-2025
2c82c766,José Salinas,José Salinas,es ESP,"DF,MF",Elche,23,2000,39,38,"3,352",37.2,2,3,5,2,0,0,10,0,0.05,0.08,0.13,0.05,0.13,Matches,0.05,0.17,39,12,30.8,0.32,1.05,,,,,,,,,,,,,,,,,,,Spanish Segunda División,2024-2025
6b121593,Cristian Salvador,Cristian Salvador,es ESP,MF,Elche,29,1994,11,2,341,3.8,0,0,0,0,0,0,2,0,0.00,0.00,0.00,0.00,0.00,Matches,0.00,,2,0,0.0,0.00,0.53,,,,,,,,,,,,,,,,,,,Spanish Segunda División,2024-2025
c117ee1f,Salvi,Salvi,es ESP,GK,Tenerife,24,2000,15,15,"1,350",15.0,0,0,0,0,0,0,3,1,0.00,0.00,0.00,0.00,0.00,Matches,,,0,0,,0.00,0.00,3,20.0,15,15,23,1.53,10,"1,350",0,0,0,,0,67.6,48,71,3,2,Spanish Segunda División,2024-2025
efecd633,Fede San Emeterio,Fede San Emeterio,es ESP,MF,Cádiz,27,1997,22,13,"1,177",13.1,0,0,0,0,0,0,7,1,0.00,0.00,0.00,0.00,0.00,Matches,0.00,0.00,6,2,33.3,0.15,0.46,,,,,,,,,,,,,,,,,,,Spanish Segunda División,2024-2025
82b05005,Carmelo Sánchez,Carmelo Sánchez,es ESP,MF,Cartagena,22,2002,5,0,131,1.5,0,0,0,0,0,0,0,0,0.00,0.00,0.00,0.00,0.00,Matches,0.00,0.00,3,1,33.3,0.69,2.06,,,,,,,,,,,,,,,,,,,Spanish Segunda División,2024-2025
eff76ba2,Dani Sánchez,Dani Sánchez,es ESP,DF,Málaga,24,2000,24,22,"1,968",21.9,2,3,5,2,0,0,6,0,0.09,0.14,0.23,0.09,0.23,Matches,0.13,0.33,16,6,37.5,0.27,0.73,,,,,,,,,,,,,,,,,,,Spanish Segunda División,2024-2025
230f7fd6,Diego Sánchez,Diego Sánchez,es ESP,DF,Sporting Gijón,21,2003,31,26,"2,395",26.6,1,1,2,1,0,0,3,0,0.04,0.04,0.08,0.04,0.08,Matches,0.11,0.50,9,2,22.2,0.08,0.34,,,,,,,,,,,,,,,,,,,Spanish Segunda División,2024-2025
c5643455,Kevin Sánchez,Kevin Sánchez,es ESP,FW,Dep La Coruña,19,2005,4,1,139,1.5,0,0,0,0,0,0,0,0,0.00,0.00,0.00,0.00,0.00,Matches,0.00,,1,0,0.0,0.00,0.65,,,,,,,,,,,,,,,,,,,Spanish Segunda División,2024-2025
01cab116,Borja Sánchez Laborde,Borja Sánchez Laborde,es ESP,MF,Burgos,28,1996,31,9,"1,039",11.5,4,1,5,4,0,0,5,1,0.35,0.09,0.43,0.35,0.43,Matches,0.24,0.44,17,9,52.9,0.78,1.47,,,,,,,,,,,,,,,,,,,Spanish Segunda División,2024-2025
46e0461a,Lorenzo Sanchez,Lorenzo Sanchez,es ESP,FW,Almería,21,2003,1,0,1,0.0,0,0,0,0,0,0,0,0,0.00,0.00,0.00,0.00,0.00,Matches,,,0,0,,0.00,0.00,,,,,,,,,,,,,,,,,,,Spanish Segunda División,2024-2025
70dc48ef,Jaime Sánchez Muñoz,Jaime Sánchez Muñoz,es ESP,DF,Dep La Coruña,29,1995,16,5,550,6.1,0,0,0,0,0,0,2,0,0.00,0.00,0.00,0.00,0.00,Matches,,,0,0,,0.00,0.00,,,,,,,,,,,,,,,,,,,Spanish Segunda División,2024-2025
6583a8a9,Pepe Sánchez,Pepe Sánchez,es ESP,DF,Albacete,24,2000,13,12,"1,053",11.7,0,0,0,0,0,0,2,0,0.00,0.00,0.00,0.00,0.00,Matches,0.00,,1,0,0.0,0.00,0.09,,,,,,,,,,,,,,,,,,,Spanish Segunda División,2024-2025
5553259e,Raúl Sánchez,Raúl Sánchez,es ESP,"MF,FW",Castellón,47,1976,34,33,"2,765",30.7,12,4,16,12,0,0,6,0,0.39,0.13,0.52,0.39,0.52,Matches,0.20,0.48,59,25,42.4,0.81,1.92,,,,,,,,,,,,,,,,,,,Spanish Segunda División,2024-2025
fce521d7,Ricard Sánchez,Ricard Sánchez,es ESP,"DF,MF",Granada,24,2000,34,22,"2,068",23.0,3,4,7,3,0,0,7,1,0.13,0.17,0.30,0.13,0.30,Matches,0.08,0.27,38,11,28.9,0.48,1.65,,,,,,,,,,,,,,,,,,,Spanish Segunda División,2024-2025
640b4170,Álex Sancris,Álex Sancris,es ESP,MF,Burgos,27,1997,36,33,"2,915",32.4,7,11,18,5,2,3,10,0,0.22,0.34,0.56,0.15,0.49,Matches,0.08,0.19,62,26,41.9,0.80,1.91,,,,,,,,,,,,,,,,,,,Spanish Segunda División,2024-2025
7958dc65,Luca Sangalli,Luca Sangalli,es ESP,MF,Málaga,29,1995,10,3,239,2.7,0,0,0,0,0,0,0,0,0.00,0.00,0.00,0.00,0.00,Matches,0.00,,1,0,0.0,0.00,0.38,,,,,,,,,,,,,,,,,,,Spanish Segunda División,2024-2025
0bf0e5b1,Marco Sangalli,Marco Sangalli,es ESP,"DF,MF",Racing Sant,32,1992,33,15,"1,550",17.2,4,2,6,4,0,0,8,0,0.23,0.12,0.35,0.23,0.35,Matches,0.27,0.67,15,6,40.0,0.35,0.87,,,,,,,,,,,,,,,,,,,Spanish Segunda División,2024-2025
8bab63be,Pau Sans,Pau Sans,es ESP,"MF,FW",Zaragoza,19,2004,31,10,"1,210",13.4,3,2,5,3,0,0,4,0,0.22,0.15,0.37,0.22,0.37,Matches,0.10,0.33,30,9,30.0,0.67,2.23,,,,,,,,,,,,,,,,,,,Spanish Segunda División,2024-2025
88b3215c,Yago Santiago,Yago Santiago,es ESP,"MF,FW",Elche,21,2003,18,18,"1,365",15.2,2,3,5,2,0,0,2,0,0.13,0.20,0.33,0.13,0.33,Matches,0.09,0.17,23,12,52.2,0.79,1.52,,,,,,,,,,,,,,,,,,,Spanish Segunda División,2024-2025
bd267b8d,Aitor Sanz,Aitor Sanz,es ESP,MF,Tenerife,39,1984,17,16,"1,284",14.3,0,0,0,0,0,0,7,0,0.00,0.00,0.00,0.00,0.00,Matches,0.00,0.00,5,2,40.0,0.14,0.35,,,,,,,,,,,,,,,,,,,Spanish Segunda División,2024-2025
eaefa2d0,Alvaro Sanz,Alvaro Sanz,es ESP,MF,Racing Ferrol,23,2001,40,30,"2,684",29.8,0,0,0,0,0,0,4,0,0.00,0.00,0.00,0.00,0.00,Matches,0.00,,9,0,0.0,0.00,0.30,,,,,,,,,,,,,,,,,,,Spanish Segunda División,2024-2025
8fc259d7,Josep Señé,Josep Señé,es ESP,MF,Racing Ferrol,32,1991,39,37,"3,148",35.0,2,2,4,1,1,2,7,0,0.06,0.06,0.11,0.03,0.09,Matches,0.04,0.13,25,8,32.0,0.23,0.71,,,,,,,,,,,,,,,,,,,Spanish Segunda División,2024-2025
4b7adc37,Yanis Senhadji,Yanis Senhadji,es ESP,FW,Tenerife,19,2005,7,1,194,2.2,0,1,1,0,0,0,0,0,0.00,0.46,0.46,0.00,0.46,Matches,0.00,,5,0,0.0,0.00,2.32,,,,,,,,,,,,,,,,,,,Spanish Segunda División,2024-2025
a62b4888,Jaime Seoane,Jaime Seoane,es ESP,MF,Oviedo,27,1997,27,18,"1,480",16.4,3,1,4,3,0,0,5,0,0.18,0.06,0.24,0.18,0.24,Matches,0.14,0.43,21,7,33.3,0.43,1.28,,,,,,,,,,,,,,,,,,,Spanish Segunda División,2024-2025
36a88831,Francho Serrano,Francho Serrano,es ESP,"MF,DF",Zaragoza,22,2001,37,28,"2,599",28.9,4,2,6,4,0,0,3,0,0.14,0.07,0.21,0.14,0.21,Matches,0.12,0.31,34,13,38.2,0.45,1.18,,,,,,,,,,,,,,,,,,,Spanish Segunda División,2024-2025
2ad0e5e5,Nicolás Serrano,Nicolás Serrano,es ESP,"MF,FW",Sporting Gijón,21,2003,18,15,"1,109",12.3,2,1,3,2,0,0,2,0,0.16,0.08,0.24,0.16,0.24,Matches,0.06,0.13,35,15,42.9,1.22,2.84,,,,,,,,,,,,,,,,,,,Spanish Segunda División,2024-2025
db159803,Mats Seuntjens,Mats Seuntjens,nl NED,"MF,FW",Castellón,32,1992,12,10,787,8.7,0,2,2,0,0,0,1,0,0.00,0.23,0.23,0.00,0.23,Matches,0.00,0.00,17,8,47.1,0.91,1.94,,,,,,,,,,,,,,,,,,,Spanish Segunda División,2024-2025
be834ad7,Kwasi Sibo,Kwasi Sibo,gh GHA,MF,Oviedo,26,1998,34,24,"2,264",25.2,1,1,2,1,0,0,10,0,0.04,0.04,0.08,0.04,0.08,Matches,0.10,0.50,10,2,20.0,0.08,0.40,,,,,,,,,,,,,,,,,,,Spanish Segunda División,2024-2025
a6f3fe84,Óscar Sielva,Óscar Sielva,es ESP,MF,Huesca,32,1991,35,34,"2,851",31.7,6,1,7,1,5,6,13,2,0.19,0.03,0.22,0.03,0.06,Matches,0.03,0.11,31,9,29.0,0.28,0.98,,,,,,,,,,,,,,,,,,,Spanish Segunda División,2024-2025
2710e38b,Grego Sierra,Grego Sierra,es ESP,DF,Burgos,31,1993,18,18,"1,617",18.0,0,0,0,0,0,0,4,1,0.00,0.00,0.00,0.00,0.00,Matches,0.00,0.00,5,2,40.0,0.11,0.28,,,,,,,,,,,,,,,,,,,Spanish Segunda División,2024-2025
bef22bc4,Matheus Pereira da Silva,Matheus Pereira da Silva,br BRA,MF,Eibar,26,1998,32,27,"2,195",24.4,1,4,5,1,0,0,9,0,0.04,0.16,0.21,0.04,0.21,Matches,0.03,0.14,30,7,23.3,0.29,1.23,,,,,,,,,,,,,,,,,,,Spanish Segunda División,2024-2025
47d9e72a,Xavi Sintes,Xavi Sintes,es ESP,DF,Córdoba,22,2001,35,27,"2,503",27.8,0,1,1,0,0,0,4,0,0.00,0.04,0.04,0.00,0.04,Matches,0.00,0.00,12,2,16.7,0.07,0.43,,,,,,,,,,,,,,,,,,,Spanish Segunda División,2024-2025
75b7058f,Nikola Šipčić,Nikola Šipčić,me MNE,DF,Cartagena,29,1995,21,19,"1,617",18.0,0,0,0,0,0,0,2,0,0.00,0.00,0.00,0.00,0.00,Matches,0.00,0.00,12,3,25.0,0.17,0.67,,,,,,,,,,,,,,,,,,,Spanish Segunda División,2024-2025
c05de865,Soberón,Soberón,es ESP,FW,Zaragoza,27,1997,24,20,"1,488",16.5,10,2,12,8,2,2,5,0,0.60,0.12,0.73,0.48,0.60,Matches,0.20,0.47,40,17,42.5,1.03,2.42,,,,,,,,,,,,,,,,,,,Spanish Segunda División,2024-2025
19b776e9,Rubén Sobrino,Rubén Sobrino,es ESP,"MF,FW",Cádiz,32,1992,39,24,"2,107",23.4,4,0,4,4,0,0,8,0,0.17,0.00,0.17,0.17,0.17,Matches,0.13,0.36,30,11,36.7,0.47,1.28,,,,,,,,,,,,,,,,,,,Spanish Segunda División,2024-2025
ae0b87db,Patrick Soko,Patrick Soko,cm CMR,"FW,MF",Huesca,26,1997,37,34,"2,684",29.8,13,4,17,13,0,0,3,0,0.44,0.13,0.57,0.44,0.57,Matches,0.17,0.39,77,33,42.9,1.11,2.58,,,,,,,,,,,,,,,,,,,Spanish Segunda División,2024-2025
e9619634,Jude Soonsup-Bell,Jude Soonsup-Bell,th THA,FW,Córdoba,20,2004,7,0,82,0.9,0,0,0,0,0,0,0,0,0.00,0.00,0.00,0.00,0.00,Matches,0.00,,3,0,0.0,0.00,3.29,,,,,,,,,,,,,,,,,,,Spanish Segunda División,2024-2025
b41a8b01,Mario Soriano,Mario Soriano,es ESP,"MF,FW",Dep La Coruña,22,2002,42,39,"3,364",37.4,5,4,9,5,0,0,4,0,0.13,0.11,0.24,0.13,0.24,Matches,0.08,0.38,60,13,21.7,0.35,1.61,,,,,,,,,,,,,,,,,,,Spanish Segunda División,2024-2025
ad2ce3a1,Borislav Stankov,Borislav Stankov,bg BUL,FW,Eibar,22,2002,5,0,37,0.4,0,1,1,0,0,0,0,0,0.00,2.43,2.43,0.00,2.43,Matches,0.00,,2,0,0.0,0.00,4.86,,,,,,,,,,,,,,,,,,,Spanish Segunda División,2024-2025
4e257184,Stoichkov,Stoichkov,es ESP,"FW,MF",Granada,30,1993,14,8,801,8.9,1,0,1,1,0,0,0,0,0.11,0.00,0.11,0.11,0.11,Matches,0.04,0.09,23,11,47.8,1.24,2.58,,,,,,,,,,,,,,,,,,,Spanish Segunda División,2024-2025
d03abe50,Israel Suero,Israel Suero,es ESP,"MF,FW",Castellón,30,1994,38,25,"2,310",25.7,11,2,13,9,2,3,3,0,0.43,0.08,0.51,0.35,0.43,Matches,0.24,0.45,38,20,52.6,0.78,1.48,,,,,,,,,,,,,,,,,,,Spanish Segunda División,2024-2025
8b625720,Tachi,Tachi,es ESP,"DF,MF",CD Mirandés,26,1997,26,18,"1,575",17.5,0,0,0,0,0,0,8,1,0.00,0.00,0.00,0.00,0.00,Matches,0.00,0.00,7,3,42.9,0.17,0.40,,,,,,,,,,,,,,,,,,,Spanish Segunda División,2024-2025
086c1437,Dani Tasende,Dani Tasende,es ESP,"DF,MF",Zaragoza,24,2000,34,27,"2,359",26.2,2,7,9,2,0,0,9,1,0.08,0.27,0.34,0.08,0.34,Matches,0.06,0.22,34,9,26.5,0.34,1.30,,,,,,,,,,,,,,,,,,,Spanish Segunda División,2024-2025
83fd9572,Cédric Teguia,Cédric Teguia,es ESP,"MF,FW",Cartagena,22,2001,21,16,"1,360",15.1,2,1,3,2,0,0,1,0,0.13,0.07,0.20,0.13,0.20,Matches,0.08,0.20,25,10,40.0,0.66,1.65,,,,,,,,,,,,,,,,,,,Spanish Segunda División,2024-2025
ee5a9b0c,Lucas Terrer,Lucas Terrer,es ESP,MF,Zaragoza,19,2005,1,0,12,0.1,0,0,0,0,0,0,0,0,0.00,0.00,0.00,0.00,0.00,Matches,,,0,0,,0.00,0.00,,,,,,,,,,,,,,,,,,,Spanish Segunda División,2024-2025
174651c8,David Timor,David Timor,es ESP,"MF,DF",Eldense,34,1989,30,22,"1,844",20.5,0,2,2,0,0,0,11,1,0.00,0.10,0.10,0.00,0.10,Matches,0.00,0.00,18,3,16.7,0.15,0.88,,,,,,,,,,,,,,,,,,,Spanish Segunda División,2024-2025
d47b67ed,Pablo Tomeo,Pablo Tomeo,es ESP,DF,CD Mirandés,24,2000,40,35,"3,056",34.0,4,0,4,4,0,0,5,0,0.12,0.00,0.12,0.12,0.12,Matches,0.25,0.57,16,7,43.8,0.21,0.47,,,,,,,,,,,,,,,,,,,Spanish Segunda División,2024-2025
2cbffef2,Nemanja Tošić,Nemanja Tošić,rs SRB,DF,Dep La Coruña,27,1997,7,4,366,4.1,0,0,0,0,0,0,1,0,0.00,0.00,0.00,0.00,0.00,Matches,0.00,,2,0,0.0,0.00,0.49,,,,,,,,,,,,,,,,,,,Spanish Segunda División,2024-2025
e96b2583,Nabil Touaizi,Nabil Touaizi,ma MAR,"DF,FW",Albacete,23,2001,25,4,591,6.6,1,0,1,1,0,0,3,0,0.15,0.00,0.15,0.15,0.15,Matches,0.25,0.33,4,3,75.0,0.46,0.61,,,,,,,,,,,,,,,,,,,Spanish Segunda División,2024-2025
7f652567,Ntji Tounkara,Ntji Tounkara,ml MLI,MF,Córdoba,19,2005,2,0,18,0.2,0,0,0,0,0,0,0,0,0.00,0.00,0.00,0.00,0.00,Matches,,,0,0,,0.00,0.00,,,,,,,,,,,,,,,,,,,Spanish Segunda División,2024-2025
412b5722,Mamadou Traoré,Mamadou Traoré,ml MLI,GK,Castellón,22,2002,6,0,129,1.4,0,0,0,0,0,0,0,0,0.00,0.00,0.00,0.00,0.00,Matches,0.00,0.00,3,2,66.7,1.40,2.09,,,,,,,,,,,,,,,,,,,Spanish Segunda División,2024-2025
963829d0,Manu Trigueros,Manu Trigueros,es ESP,MF,Granada,32,1991,36,16,"1,463",16.3,3,3,6,3,0,0,4,0,0.18,0.18,0.37,0.18,0.37,Matches,0.21,0.43,14,7,50.0,0.43,0.86,,,,,,,,,,,,,,,,,,,Spanish Segunda División,2024-2025
69986380,Heorhii Tsitaishvili,Heorhii Tsitaishvili,ge GEO,"MF,FW",Granada,23,2000,36,32,"2,569",28.5,7,4,11,7,0,0,6,0,0.25,0.14,0.39,0.25,0.39,Matches,0.13,0.35,56,20,35.7,0.70,1.96,,,,,,,,,,,,,,,,,,,Spanish Segunda División,2024-2025
e330a39b,Iker Unzueta,Iker Unzueta,es ESP,FW,Huesca,25,1998,26,8,837,9.3,1,1,2,1,0,0,2,0,0.11,0.11,0.22,0.11,0.22,Matches,0.13,0.25,8,4,50.0,0.43,0.86,,,,,,,,,,,,,,,,,,,Spanish Segunda División,2024-2025
01da7812,Myrto Uzuni,Myrto Uzuni,al ALB,FW,Granada,29,1995,18,15,"1,413",15.7,14,1,15,12,2,2,3,0,0.89,0.06,0.96,0.76,0.83,Matches,0.25,0.41,48,29,60.4,1.85,3.06,,,,,,,,,,,,,,,,,,,Spanish Segunda División,2024-2025
9d4c3227,Gerard Valentín,Gerard Valentín,es ESP,"MF,DF",Huesca,31,1993,38,30,"2,401",26.7,1,4,5,1,0,0,9,0,0.04,0.15,0.19,0.04,0.19,Matches,0.05,0.14,20,7,35.0,0.26,0.75,,,,,,,,,,,,,,,,,,,Spanish Segunda División,2024-2025
84f55b4a,Germán Valera,Germán Valera,es ESP,MF,Elche,22,2002,16,15,"1,112",12.4,3,3,6,3,0,0,4,1,0.24,0.24,0.49,0.24,0.49,Matches,0.38,0.75,8,4,50.0,0.32,0.65,,,,,,,,,,,,,,,,,,,Spanish Segunda División,2024-2025
e0140385,Hugo Vallejo,Hugo Vallejo,es ESP,"MF,FW",Huesca,24,2000,27,10,"1,234",13.7,2,2,4,2,0,0,3,1,0.15,0.15,0.29,0.15,0.29,Matches,0.14,0.50,14,4,28.6,0.29,1.02,,,,,,,,,,,,,,,,,,,Spanish Segunda División,2024-2025
0bc4e720,Manu Vallejo,Manu Vallejo,es ESP,"FW,MF",Racing Ferrol,27,1997,7,0,115,1.3,0,0,0,0,0,0,0,0,0.00,0.00,0.00,0.00,0.00,Matches,0.00,,5,0,0.0,0.00,3.91,,,,,,,,,,,,,,,,,,,Spanish Segunda División,2024-2025
b1077661,Jaime Vallejo Mellado,Jaime Vallejo Mellado,es ESP,DF,Zaragoza,22,2002,2,0,11,0.1,0,0,0,0,0,0,0,0,0.00,0.00,0.00,0.00,0.00,Matches,,,0,0,,0.00,0.00,,,,,,,,,,,,,,,,,,,Spanish Segunda División,2024-2025
53c2f200,Gastón Valles,Gastón Valles,uy URU,FW,Cartagena,23,2001,25,20,"1,792",19.9,3,0,3,3,0,0,1,0,0.15,0.00,0.15,0.15,0.15,Matches,0.10,0.17,30,18,60.0,0.90,1.51,,,,,,,,,,,,,,,,,,,Spanish Segunda División,2024-2025
a67d98d5,Adrián Vázquez,Adrián Vázquez,es ESP,DF,Córdoba,20,2004,2,1,93,1.0,0,1,1,0,0,0,0,0,0.00,0.97,0.97,0.00,0.97,Matches,,,0,0,,0.00,0.00,,,,,,,,,,,,,,,,,,,Spanish Segunda División,2024-2025
8c6d0e32,Borja Vázquez,Borja Vázquez,es ESP,FW,Cádiz,19,2005,1,0,17,0.2,0,0,0,0,0,0,0,0,0.00,0.00,0.00,0.00,0.00,Matches,0.00,,1,0,0.0,0.00,5.29,,,,,,,,,,,,,,,,,,,Spanish Segunda División,2024-2025
c52e0263,Jaime Vázquez,Jaime Vázquez,es ESP,DF,Oviedo,18,2006,5,3,405,4.5,0,0,0,0,0,0,2,0,0.00,0.00,0.00,0.00,0.00,Matches,0.00,0.00,1,1,100.0,0.22,0.22,,,,,,,,,,,,,,,,,,,Spanish Segunda División,2024-2025
ee923664,Kevin Vázquez,Kevin Vázquez,es ESP,"DF,MF",Sporting Gijón,31,1993,19,9,786,8.7,0,1,1,0,0,0,2,0,0.00,0.11,0.11,0.00,0.11,Matches,0.00,0.00,4,1,25.0,0.11,0.46,,,,,,,,,,,,,,,,,,,Spanish Segunda División,2024-2025
54f87ac5,Pablo Vázquez,Pablo Vázquez,es ESP,DF,Dep La Coruña,29,1994,42,41,"3,708",41.2,2,0,2,2,0,0,4,0,0.05,0.00,0.05,0.05,0.05,Matches,0.10,0.67,20,3,15.0,0.07,0.49,,,,,,,,,,,,,,,,,,,Spanish Segunda División,2024-2025
4112ace5,Unai Vencedor Paris,Unai Vencedor Paris,es ESP,MF,Racing Sant,23,2000,38,32,"2,737",30.4,0,2,2,0,0,0,5,0,0.00,0.07,0.07,0.00,0.07,Matches,0.00,0.00,13,2,15.4,0.07,0.43,,,,,,,,,,,,,,,,,,,Spanish Segunda División,2024-2025
885b845e,Jozhua Vertrouwd,Jozhua Vertrouwd,nl NED,DF,Castellón,19,2004,33,30,"2,633",29.3,1,2,3,1,0,0,4,0,0.03,0.07,0.10,0.03,0.10,Matches,0.14,0.50,7,2,28.6,0.07,0.24,,,,,,,,,,,,,,,,,,,Spanish Segunda División,2024-2025
afafac57,Iñigo Vicente,Iñigo Vicente,es ESP,MF,Racing Sant,26,1998,40,38,"3,325",36.9,3,10,13,3,0,0,11,1,0.08,0.27,0.35,0.08,0.35,Matches,0.07,0.19,41,16,39.0,0.43,1.11,,,,,,,,,,,,,,,,,,,Spanish Segunda División,2024-2025
f681a8ef,Fede Vico,Fede Vico,es ESP,MF,Eldense,30,1994,15,7,681,7.6,1,1,2,1,0,0,2,0,0.13,0.13,0.26,0.13,0.26,Matches,0.25,0.50,4,2,50.0,0.26,0.53,,,,,,,,,,,,,,,,,,,Spanish Segunda División,2024-2025
3a9c4b7b,Nacho Vidal,Nacho Vidal,es ESP,DF,Oviedo,29,1995,18,18,"1,598",17.8,4,0,4,4,0,0,4,0,0.23,0.00,0.23,0.23,0.23,Matches,0.21,0.57,19,7,36.8,0.39,1.07,,,,,,,,,,,,,,,,,,,Spanish Segunda División,2024-2025
4387dd60,Ramon Vila,Ramon Vila,es ESP,GK,Córdoba,22,2002,2,2,180,2.0,0,0,0,0,0,0,0,0,0.00,0.00,0.00,0.00,0.00,Matches,,,0,0,,0.00,0.00,0,0.0,2,2,3,1.50,1,180,1,1,0,0.0,0,66.7,4,6,1,0,Spanish Segunda División,2024-2025
b261ed19,Ignasi Vilarrasa,Ignasi Vilarrasa,es ESP,"MF,DF",Huesca,24,1999,41,40,"3,349",37.2,1,8,9,0,1,1,3,1,0.03,0.21,0.24,0.00,0.21,Matches,0.00,0.00,28,7,25.0,0.19,0.75,,,,,,,,,,,,,,,,,,,Spanish Segunda División,2024-2025
636eae97,Toni Villa,Toni Villa,es ESP,MF,Eibar,29,1995,16,4,474,5.3,0,1,1,0,0,0,3,0,0.00,0.19,0.19,0.00,0.19,Matches,0.00,0.00,9,2,22.2,0.38,1.71,,,,,,,,,,,,,,,,,,,Spanish Segunda División,2024-2025
de903ae2,Daniel Villahermosa,Daniel Villahermosa,es ESP,"MF,FW",Castellón,23,2001,12,5,462,5.1,0,2,2,0,0,0,1,0,0.00,0.39,0.39,0.00,0.39,Matches,0.00,0.00,5,1,20.0,0.19,0.97,,,,,,,,,,,,,,,,,,,Spanish Segunda División,2024-2025
bdc74a8f,Gonzalo Villar,Gonzalo Villar,es ESP,MF,Granada,26,1998,37,27,"2,335",25.9,2,1,3,2,0,0,9,1,0.08,0.04,0.12,0.08,0.12,Matches,0.07,0.29,30,7,23.3,0.27,1.16,,,,,,,,,,,,,,,,,,,Spanish Segunda División,2024-2025
a70d98e4,Javier Villar,Javier Villar,es ESP,"MF,DF",Albacete,21,2003,26,12,"1,270",14.1,0,0,0,0,0,0,5,0,0.00,0.00,0.00,0.00,0.00,Matches,0.00,0.00,11,1,9.1,0.07,0.78,,,,,,,,,,,,,,,,,,,Spanish Segunda División,2024-2025
610e6e05,Diego Villares,Diego Villares,es ESP,MF,Dep La Coruña,28,1996,40,35,"3,143",34.9,4,1,5,4,0,0,3,1,0.11,0.03,0.14,0.11,0.14,Matches,0.20,0.57,20,7,35.0,0.20,0.57,,,,,,,,,,,,,,,,,,,Spanish Segunda División,2024-2025
d30c7094,Federico Viñas,Federico Viñas,uy URU,FW,Oviedo,26,1998,16,10,673,7.5,1,0,1,1,0,0,3,0,0.13,0.00,0.13,0.13,0.13,Matches,0.06,0.33,17,3,17.6,0.40,2.27,,,,,,,,,,,,,,,,,,,Spanish Segunda División,2024-2025
3264a506,Bernardo Vital,Bernardo Vital,pt POR,DF,Zaragoza,23,2000,33,31,"2,841",31.6,0,0,0,0,0,0,10,0,0.00,0.00,0.00,0.00,0.00,Matches,0.00,0.00,10,2,20.0,0.06,0.32,,,,,,,,,,,,,,,,,,,Spanish Segunda División,2024-2025
eb4fd509,Andrija Vukčević,Andrija Vukčević,me MNE,DF,Cartagena,27,1996,23,11,999,11.1,0,0,0,0,0,0,6,0,0.00,0.00,0.00,0.00,0.00,Matches,0.00,0.00,1,1,100.0,0.09,0.09,,,,,,,,,,,,,,,,,,,Spanish Segunda División,2024-2025
7378ea1b,Victor Wehbi,Victor Wehbi,br BRA,GK,Cádiz,21,2002,2,2,180,2.0,0,0,0,0,0,0,0,0,0.00,0.00,0.00,0.00,0.00,Matches,,,0,0,,0.00,0.00,1,50.0,2,2,2,1.00,1,180,0,0,0,,0,75.0,6,8,0,1,Spanish Segunda División,2024-2025
379dc075,Shon Weissman,Shon Weissman,il ISR,FW,Granada,28,1996,28,11,"1,027",11.4,2,2,4,2,0,1,2,0,0.18,0.18,0.35,0.18,0.35,Matches,0.09,0.20,22,10,45.5,0.88,1.93,,,,,,,,,,,,,,,,,,,Spanish Segunda División,2024-2025
9050ddc4,Jetro Willems,Jetro Willems,nl NED,DF,Castellón,30,1994,20,10,959,10.7,1,1,2,1,0,0,5,0,0.09,0.09,0.19,0.09,0.19,Matches,0.20,0.50,5,2,40.0,0.19,0.47,,,,,,,,,,,,,,,,,,,Spanish Segunda División,2024-2025
302a237e,Loïc Williams,Loïc Williams,es ESP,DF,Granada,22,2002,31,28,"2,424",26.9,1,1,2,1,0,0,14,0,0.04,0.04,0.07,0.04,0.07,Matches,0.13,0.50,8,2,25.0,0.07,0.30,,,,,,,,,,,,,,,,,,,Spanish Segunda División,2024-2025
d2c8aacc,Xeber,Xeber,es ESP,"MF,FW",Eibar,27,1997,33,20,"1,915",21.3,1,1,2,1,0,0,2,0,0.05,0.05,0.09,0.05,0.09,Matches,0.03,0.09,32,11,34.4,0.52,1.50,,,,,,,,,,,,,,,,,,,Spanish Segunda División,2024-2025
039ae103,Rubén Yáñez,Rubén Yáñez,es ESP,GK,Sporting Gijón,30,1993,39,39,"3,486",38.7,0,0,0,0,0,0,2,2,0.00,0.00,0.00,0.00,0.00,Matches,,,0,0,,0.00,0.00,8,20.5,39,39,47,1.21,12,"3,486",4,4,0,0.0,0,73.8,121,164,14,13,Spanish Segunda División,2024-2025
61bb7498,Yoel,Yoel,es ESP,GK,Racing Ferrol,35,1988,6,6,540,6.0,0,0,0,0,0,0,0,0,0.00,0.00,0.00,0.00,0.00,Matches,,,0,0,,0.00,0.00,1,16.7,6,6,9,1.50,5,540,1,1,0,0.0,0,68.0,17,25,1,0,Spanish Segunda División,2024-2025
087b9a0d,Ander Yoldi,Ander Yoldi,es ESP,"MF,FW",Córdoba,22,2001,40,9,"1,250",13.9,3,1,4,2,1,1,4,0,0.22,0.07,0.29,0.14,0.22,Matches,0.06,0.13,32,16,50.0,1.15,2.30,,,,,,,,,,,,,,,,,,,Spanish Segunda División,2024-2025
f443c35f,Izan Yurrieta,Izan Yurrieta,es ESP,FW,Racing Sant,21,2003,1,0,11,0.1,0,0,0,0,0,0,0,0,0.00,0.00,0.00,0.00,0.00,Matches,,,0,0,,0.00,0.00,,,,,,,,,,,,,,,,,,,Spanish Segunda División,2024-2025
5ca20b7a,Joseba Zaldúa,Joseba Zaldúa,es ESP,DF,Cádiz,32,1992,21,12,"1,060",11.8,0,0,0,0,0,0,4,0,0.00,0.00,0.00,0.00,0.00,Matches,0.00,,3,0,0.0,0.00,0.25,,,,,,,,,,,,,,,,,,,Spanish Segunda División,2024-2025
0841f1d8,Jorge Zarfino,Jorge Zarfino,uy URU,MF,Castellón,32,1991,12,8,556,6.2,0,1,1,0,0,0,3,1,0.00,0.16,0.16,0.00,0.16,Matches,0.00,,6,0,0.0,0.00,0.97,,,,,,,,,,,,,,,,,,,Spanish Segunda División,2024-2025
330bc00e,Ekain Zenitagoia,Ekain Zenitagoia,es ESP,FW,Racing Sant,30,1994,8,0,70,0.8,1,0,1,1,0,0,0,0,1.29,0.00,1.29,1.29,1.29,Matches,1.00,1.00,1,1,100.0,1.29,1.29,,,,,,,,,,,,,,,,,,,Spanish Segunda División,2024-2025
c818c4d9,Luca Zidane,Luca Zidane,dz ALG,GK,Granada,26,1998,16,16,"1,436",16.0,0,0,0,0,0,0,0,0,0.00,0.00,0.00,0.00,0.00,Matches,,,0,0,,0.00,0.00,5,31.3,16,16,22,1.38,5,"1,436",2,2,0,0.0,0,71.0,49,69,5,6,Spanish Segunda División,2024-2025
c9e65bc5,Theo Zidane,Theo Zidane,fr FRA,MF,Córdoba,22,2002,36,22,"1,832",20.4,5,1,6,5,0,0,9,1,0.25,0.05,0.29,0.25,0.29,Matches,0.14,0.36,36,14,38.9,0.69,1.77,,,,,,,,,,,,,,,,,,,Spanish Segunda División,2024-2025
8862695f,Elady Zorrilla,Elady Zorrilla,es ESP,MF,Burgos,34,1990,7,1,142,1.6,0,0,0,0,0,0,1,0,0.00,0.00,0.00,0.00,0.00,Matches,0.00,,2,0,0.0,0.00,1.27,,,,,,,,,,,,,,,,,,,Spanish Segunda División,2024-2025
c575919f,Dario Đumić,Dario Đumić,ba BIH,DF,Eldense,32,1992,20,18,"1,576",17.5,3,1,4,3,0,0,3,0,0.17,0.06,0.23,0.17,0.23,Matches,0.21,0.50,14,6,42.9,0.34,0.80,,,,,,,,,,,,,,,,,,,Spanish Segunda División,2024-2025
