PlayerID,Name,player,nationality,position,team,age,birth_year,games,games_starts,minutes,minutes_90s,goals,assists,goals_assists,goals_pens,pens_made,pens_att,cards_yellow,cards_red,goals_per90,assists_per90,goals_assists_per90,goals_pens_per90,goals_assists_pens_per90,matches,goals_per_shot,goals_per_shot_on_target,shots,shots_on_target,shots_on_target_pct,shots_on_target_per90,shots_per90,gk_clean_sheets,gk_clean_sheets_pct,gk_games,gk_games_starts,gk_goals_against,gk_goals_against_per90,gk_losses,gk_minutes,gk_pens_allowed,gk_pens_att,gk_pens_missed,gk_pens_save_pct,gk_pens_saved,gk_save_pct,gk_saves,gk_shots_on_target_against,gk_ties,gk_wins,League,Season
8637e09a,Vincent Aboubakar,Vincent Aboubakar,cm CMR,FW,Hatayspor,32,1992,25,22,"1,969",21.9,7,2,9,5,2,2,3,0,0.32,0.09,0.41,0.23,0.32,Matches,0.09,0.22,53,23,43.4,1.05,2.42,,,,,,,,,,,,,,,,,,,Süper Lig,2024-2025
e7ad4afd,Yaw Ackah,Yaw Ackah,gh GHA,MF,Kayserispor,25,1999,22,2,457,5.1,0,0,0,0,0,0,1,0,0.00,0.00,0.00,0.00,0.00,Matches,0.00,,5,0,0.0,0.00,0.98,,,,,,,,,,,,,,,,,,,Süper Lig,2024-2025
b9f70df9,Rüzgar Adıyaman,Rüzgar Adıyaman,,GK,BB Bodrumspor,17,2006,1,1,90,1.0,0,0,0,0,0,0,0,0,0.00,0.00,0.00,0.00,0.00,Matches,,,0,0,,0.00,0.00,0,0.0,1,1,4,4.00,1,90,1,1,0,0.0,0,66.7,6,9,0,0,Süper Lig,2024-2025
c46fa34c,Youssef Aït Bennasser,Youssef Aït Bennasser,ma MAR,MF,Samsunspor,28,1996,30,29,"2,460",27.3,1,2,3,0,1,1,6,0,0.04,0.07,0.11,0.00,0.07,Matches,0.00,0.00,13,1,7.7,0.04,0.48,,,,,,,,,,,,,,,,,,,Süper Lig,2024-2025
f9714604,Arlind Ajeti,Arlind Ajeti,al ALB,DF,BB Bodrumspor,30,1993,29,28,"2,528",28.1,0,0,0,0,0,0,6,0,0.00,0.00,0.00,0.00,0.00,Matches,0.00,0.00,8,2,25.0,0.07,0.28,,,,,,,,,,,,,,,,,,,Süper Lig,2024-2025
3bfc87fc,Abat Ajymbetow,Abat Ajymbetow,kz KAZ,FW,Adana Demirspor,28,1995,27,13,"1,352",15.0,5,0,5,5,0,0,5,0,0.33,0.00,0.33,0.33,0.33,Matches,0.20,0.50,25,10,40.0,0.67,1.66,,,,,,,,,,,,,,,,,,,Süper Lig,2024-2025
7328bee5,Samet Akaydın,Samet Akaydın,tr TUR,DF,Fenerbahçe,30,1994,5,4,375,4.2,1,0,1,1,0,0,3,0,0.24,0.00,0.24,0.24,0.24,Matches,1.00,1.00,1,1,100.0,0.24,0.24,,,,,,,,,,,,,,,,,,,Süper Lig,2024-2025
7328bee5,Samet Akaydın,Samet Akaydın,tr TUR,DF,Fenerbahçe,30,1994,5,4,375,4.2,1,0,1,1,0,0,3,0,0.24,0.00,0.24,0.24,0.24,Matches,0.13,0.33,8,3,37.5,0.27,0.72,,,,,,,,,,,,,,,,,,,Süper Lig,2024-2025
7328bee5,Samet Akaydın,Samet Akaydın,tr TUR,DF,Rizespor,30,1994,14,13,"1,000",11.1,1,0,1,1,0,0,5,1,0.09,0.00,0.09,0.09,0.09,Matches,1.00,1.00,1,1,100.0,0.24,0.24,,,,,,,,,,,,,,,,,,,Süper Lig,2024-2025
7328bee5,Samet Akaydın,Samet Akaydın,tr TUR,DF,Rizespor,30,1994,14,13,"1,000",11.1,1,0,1,1,0,0,5,1,0.09,0.00,0.09,0.09,0.09,Matches,0.13,0.33,8,3,37.5,0.27,0.72,,,,,,,,,,,,,,,,,,,Süper Lig,2024-2025
7230b807,Emre Akbaba,Emre Akbaba,tr TUR,MF,Eyüpspor,31,1992,36,26,"2,205",24.5,7,2,9,4,3,3,3,0,0.29,0.08,0.37,0.16,0.24,Matches,0.08,0.20,49,20,40.8,0.82,2.00,,,,,,,,,,,,,,,,,,,Süper Lig,2024-2025
88e9f529,Halil Akbunar,Halil Akbunar,tr TUR,MF,Eyüpspor,30,1993,29,13,"1,227",13.6,3,2,5,3,0,0,3,0,0.22,0.15,0.37,0.22,0.37,Matches,0.20,0.43,15,7,46.7,0.51,1.10,,,,,,,,,,,,,,,,,,,Süper Lig,2024-2025
879aca3f,Yusuf Akçiçek,Yusuf Akçiçek,tr TUR,DF,Fenerbahçe,18,2006,9,5,418,4.6,0,0,0,0,0,0,0,0,0.00,0.00,0.00,0.00,0.00,Matches,,,0,0,,0.00,0.00,,,,,,,,,,,,,,,,,,,Süper Lig,2024-2025
1453e3cf,Yunus Akgün,Yunus Akgün,tr TUR,MF,Galatasaray,24,2000,30,25,"2,102",23.4,7,10,17,7,0,0,4,0,0.30,0.43,0.73,0.30,0.73,Matches,0.14,0.35,51,20,39.2,0.86,2.18,,,,,,,,,,,,,,,,,,,Süper Lig,2024-2025
5529e983,Babajide Akintola,Babajide Akintola,ng NGA,MF,Rizespor,28,1996,32,27,"2,153",23.9,3,5,8,3,0,0,7,0,0.13,0.21,0.33,0.13,0.33,Matches,0.08,0.38,37,8,21.6,0.33,1.55,,,,,,,,,,,,,,,,,,,Süper Lig,2024-2025
3587cb86,Gökhan Akkan,Gökhan Akkan,tr TUR,GK,Rizespor,29,1995,4,4,360,4.0,0,0,0,0,0,0,0,0,0.00,0.00,0.00,0.00,0.00,Matches,,,0,0,,0.00,0.00,0,0.0,4,4,8,2.00,2,360,1,1,0,0.0,0,58.8,10,17,1,1,Süper Lig,2024-2025
3587cb86,Gökhan Akkan,Gökhan Akkan,tr TUR,GK,Rizespor,29,1995,4,4,360,4.0,0,0,0,0,0,0,0,0,0.00,0.00,0.00,0.00,0.00,Matches,,,0,0,,0.00,0.00,1,25.0,4,4,7,2.11,3,299,0,0,0,,0,56.3,9,16,1,0,Süper Lig,2024-2025
3587cb86,Gökhan Akkan,Gökhan Akkan,tr TUR,GK,Rizespor,29,1995,4,4,360,4.0,0,0,0,0,0,0,0,0,0.00,0.00,0.00,0.00,0.00,Matches,,,0,0,,0.00,0.00,0,0.0,4,4,8,2.00,2,360,1,1,0,0.0,0,58.8,10,17,1,1,Süper Lig,2024-2025
3587cb86,Gökhan Akkan,Gökhan Akkan,tr TUR,GK,Rizespor,29,1995,4,4,360,4.0,0,0,0,0,0,0,0,0,0.00,0.00,0.00,0.00,0.00,Matches,,,0,0,,0.00,0.00,1,25.0,4,4,7,2.11,3,299,0,0,0,,0,56.3,9,16,1,0,Süper Lig,2024-2025
3587cb86,Gökhan Akkan,Gökhan Akkan,tr TUR,GK,BB Bodrumspor,29,1995,4,4,299,3.3,0,0,0,0,0,0,0,0,0.00,0.00,0.00,0.00,0.00,Matches,,,0,0,,0.00,0.00,0,0.0,4,4,8,2.00,2,360,1,1,0,0.0,0,58.8,10,17,1,1,Süper Lig,2024-2025
3587cb86,Gökhan Akkan,Gökhan Akkan,tr TUR,GK,BB Bodrumspor,29,1995,4,4,299,3.3,0,0,0,0,0,0,0,0,0.00,0.00,0.00,0.00,0.00,Matches,,,0,0,,0.00,0.00,1,25.0,4,4,7,2.11,3,299,0,0,0,,0,56.3,9,16,1,0,Süper Lig,2024-2025
3587cb86,Gökhan Akkan,Gökhan Akkan,tr TUR,GK,BB Bodrumspor,29,1995,4,4,299,3.3,0,0,0,0,0,0,0,0,0.00,0.00,0.00,0.00,0.00,Matches,,,0,0,,0.00,0.00,0,0.0,4,4,8,2.00,2,360,1,1,0,0.0,0,58.8,10,17,1,1,Süper Lig,2024-2025
3587cb86,Gökhan Akkan,Gökhan Akkan,tr TUR,GK,BB Bodrumspor,29,1995,4,4,299,3.3,0,0,0,0,0,0,0,0,0.00,0.00,0.00,0.00,0.00,Matches,,,0,0,,0.00,0.00,1,25.0,4,4,7,2.11,3,299,0,0,0,,0,56.3,9,16,1,0,Süper Lig,2024-2025
6b665cf6,Efe Akman,Efe Akman,tr TUR,MF,Galatasaray,18,2006,4,0,22,0.2,0,0,0,0,0,0,0,0,0.00,0.00,0.00,0.00,0.00,Matches,0.00,0.00,1,1,100.0,4.09,4.09,,,,,,,,,,,,,,,,,,,Süper Lig,2024-2025
7d7b0a55,Hamza Akman,Hamza Akman,tr TUR,MF,Eyüpspor,19,2004,10,0,98,1.1,0,1,1,0,0,0,0,0,0.00,0.92,0.92,0.00,0.92,Matches,0.00,0.00,1,1,100.0,0.92,0.92,,,,,,,,,,,,,,,,,,,Süper Lig,2024-2025
5ab2293e,Deniz Aksoy,Deniz Aksoy,,FW,Hatayspor,17,2007,4,0,34,0.4,0,0,0,0,0,0,0,0,0.00,0.00,0.00,0.00,0.00,Matches,,,0,0,,0.00,0.00,,,,,,,,,,,,,,,,,,,Süper Lig,2024-2025
c6e7789b,Fatih Aksoy,Fatih Aksoy,tr TUR,"DF,MF",Alanyaspor,26,1997,25,20,"1,578",17.5,0,0,0,0,0,0,4,0,0.00,0.00,0.00,0.00,0.00,Matches,0.00,0.00,14,3,21.4,0.17,0.80,,,,,,,,,,,,,,,,,,,Süper Lig,2024-2025
0fa9d14b,Oğuzhan Aksoy,Oğuzhan Aksoy,,MF,Sivasspor,17,2006,5,1,52,0.6,0,0,0,0,0,0,0,0,0.00,0.00,0.00,0.00,0.00,Matches,,,0,0,,0.00,0.00,,,,,,,,,,,,,,,,,,,Süper Lig,2024-2025
b7377c2e,Adnan Aktas,Adnan Aktas,,DF,Kasımpaşa,17,2006,1,0,7,0.1,0,0,0,0,0,0,0,0,0.00,0.00,0.00,0.00,0.00,Matches,,,0,0,,0.00,0.00,,,,,,,,,,,,,,,,,,,Süper Lig,2024-2025
b96951d7,Aksel Aktas,Aksel Aktas,tr TUR,"MF,DF",Adana Demirspor,25,1999,16,3,405,4.5,0,0,0,0,0,0,4,0,0.00,0.00,0.00,0.00,0.00,Matches,0.00,,1,0,0.0,0.00,0.22,,,,,,,,,,,,,,,,,,,Süper Lig,2024-2025
f28659fb,Kerem Aktürkoğlu,Kerem Aktürkoğlu,tr TUR,MF,Galatasaray,25,1998,3,2,173,1.9,2,2,4,2,0,0,0,0,1.04,1.04,2.08,1.04,2.08,Matches,0.40,0.67,5,3,60.0,1.56,2.60,,,,,,,,,,,,,,,,,,,Süper Lig,2024-2025
bb2b3e41,Kaan Akyazi,Kaan Akyazi,,FW,Konyaspor,18,2005,2,0,50,0.6,0,0,0,0,0,0,0,0,0.00,0.00,0.00,0.00,0.00,Matches,0.00,,2,0,0.0,0.00,3.60,,,,,,,,,,,,,,,,,,,Süper Lig,2024-2025
5adbafc0,Ufuk Akyol,Ufuk Akyol,de GER,MF,Konyaspor,26,1997,6,3,247,2.7,0,0,0,0,0,0,0,0,0.00,0.00,0.00,0.00,0.00,Matches,0.00,,2,0,0.0,0.00,0.73,,,,,,,,,,,,,,,,,,,Süper Lig,2024-2025
cd6a1a59,Al-Musrati,Al-Musrati,ly LBY,MF,Beşiktaş,28,1996,16,13,"1,174",13.0,1,0,1,1,0,0,4,0,0.08,0.00,0.08,0.08,0.08,Matches,0.09,0.25,11,4,36.4,0.31,0.84,,,,,,,,,,,,,,,,,,,Süper Lig,2024-2025
d68cb24c,Danijel Aleksić,Danijel Aleksić,rs SRB,MF,Konyaspor,33,1991,29,18,"1,584",17.6,4,0,4,4,0,0,5,0,0.23,0.00,0.23,0.23,0.23,Matches,0.09,0.36,43,11,25.6,0.62,2.44,,,,,,,,,,,,,,,,,,,Süper Lig,2024-2025
edd38473,Hasan Ali Kaldırım,Hasan Ali Kaldırım,tr TUR,"DF,MF",Kayserispor,34,1989,25,18,"1,595",17.7,2,1,3,2,0,0,4,0,0.11,0.06,0.17,0.11,0.17,Matches,0.15,0.50,13,4,30.8,0.23,0.73,,,,,,,,,,,,,,,,,,,Süper Lig,2024-2025
31bba076,Muhammet Ali Özbaskıcı,Muhammet Ali Özbaskıcı,tr TUR,MF,Samsunspor,18,2005,3,0,11,0.1,0,0,0,0,0,0,0,0,0.00,0.00,0.00,0.00,0.00,Matches,0.00,0.00,1,1,100.0,8.18,8.18,,,,,,,,,,,,,,,,,,,Süper Lig,2024-2025
2b59d76f,Ömer Ali Şahiner,Ömer Ali Şahiner,tr TUR,"DF,MF",Başakşehir,32,1992,22,18,"1,469",16.3,1,1,2,1,0,0,6,0,0.06,0.06,0.12,0.06,0.12,Matches,0.14,0.20,7,5,71.4,0.31,0.43,,,,,,,,,,,,,,,,,,,Süper Lig,2024-2025
50df83f7,Kerim Alıcı,Kerim Alıcı,tr TUR,DF,Hatayspor,27,1997,19,11,966,10.7,1,1,2,1,0,0,1,0,0.09,0.09,0.19,0.09,0.19,Matches,0.25,0.33,4,3,75.0,0.28,0.37,,,,,,,,,,,,,,,,,,,Süper Lig,2024-2025
b386310a,Nabil Alioui,Nabil Alioui,fr FRA,"MF,FW",Adana Demirspor,25,1999,28,17,"1,608",17.9,5,3,8,4,1,1,0,0,0.28,0.17,0.45,0.22,0.39,Matches,0.11,0.29,36,14,38.9,0.78,2.01,,,,,,,,,,,,,,,,,,,Süper Lig,2024-2025
6925af2e,Xusniddin Aliqulov,Xusniddin Aliqulov,uz UZB,"DF,MF",Rizespor,25,1999,33,30,"2,636",29.3,3,1,4,3,0,0,6,0,0.10,0.03,0.14,0.10,0.14,Matches,0.09,0.30,34,10,29.4,0.34,1.16,,,,,,,,,,,,,,,,,,,Süper Lig,2024-2025
5c46e908,Fidan Aliti,Fidan Aliti,xk KVX,DF,Alanyaspor,30,1993,34,34,"3,044",33.8,1,0,1,1,0,0,9,0,0.03,0.00,0.03,0.03,0.03,Matches,0.05,0.33,20,3,15.0,0.09,0.59,,,,,,,,,,,,,,,,,,,Süper Lig,2024-2025
028cbd01,Sinan Alkaş,Sinan Alkaş,,FW,Kasımpaşa,17,2006,4,0,31,0.3,0,0,0,0,0,0,0,0,0.00,0.00,0.00,0.00,0.00,Matches,0.00,0.00,1,1,100.0,2.90,2.90,,,,,,,,,,,,,,,,,,,Süper Lig,2024-2025
414b2ce4,Barış Alper Yılmaz,Barış Alper Yılmaz,tr TUR,MF,Galatasaray,24,2000,32,29,"2,599",28.9,12,3,15,12,0,0,9,0,0.42,0.10,0.52,0.42,0.52,Matches,0.16,0.39,76,31,40.8,1.07,2.63,,,,,,,,,,,,,,,,,,,Süper Lig,2024-2025
3871f0ee,Taha Altıkardeş,Taha Altıkardeş,tr TUR,DF,Göztepe,20,2003,23,15,"1,387",15.4,2,1,3,2,0,0,3,0,0.13,0.06,0.19,0.13,0.19,Matches,0.15,0.33,13,6,46.2,0.39,0.84,,,,,,,,,,,,,,,,,,,Süper Lig,2024-2025
5a2cb25d,Sofyan Amrabat,Sofyan Amrabat,ma MAR,MF,Fenerbahçe,27,1996,26,18,"1,793",19.9,2,3,5,2,0,0,9,0,0.10,0.15,0.25,0.10,0.25,Matches,0.14,0.40,14,5,35.7,0.25,0.70,,,,,,,,,,,,,,,,,,,Süper Lig,2024-2025
214eb160,Seyfettin Anıl Yaşar,Seyfettin Anıl Yaşar,tr TUR,DF,Rizespor,22,2002,9,2,225,2.5,0,0,0,0,0,0,0,0,0.00,0.00,0.00,0.00,0.00,Matches,0.00,,2,0,0.0,0.00,0.80,,,,,,,,,,,,,,,,,,,Süper Lig,2024-2025
4374d81c,Taylan Antalyalı,Taylan Antalyalı,tr TUR,MF,BB Bodrumspor,29,1995,24,21,"1,853",20.6,1,1,2,1,0,1,2,0,0.05,0.05,0.10,0.05,0.10,Matches,0.05,0.20,19,5,26.3,0.24,0.92,,,,,,,,,,,,,,,,,,,Süper Lig,2024-2025
1eed3fee,Ali Arda Yildiz,Ali Arda Yildiz,,DF,Adana Demirspor,17,2007,2,1,107,1.2,0,0,0,0,0,0,0,0,0.00,0.00,0.00,0.00,0.00,Matches,,,0,0,,0.00,0.00,,,,,,,,,,,,,,,,,,,Süper Lig,2024-2025
a9c426f6,Keny Arroyo,Keny Arroyo,ec ECU,MF,Beşiktaş,18,2006,11,1,237,2.6,1,0,1,1,0,0,0,0,0.38,0.00,0.38,0.38,0.38,Matches,0.08,1.00,13,1,7.7,0.38,4.94,,,,,,,,,,,,,,,,,,,Süper Lig,2024-2025
5ea1130b,Burak Arslan,Burak Arslan,,FW,Kayserispor,19,2005,1,0,27,0.3,0,0,0,0,0,0,0,0,0.00,0.00,0.00,0.00,0.00,Matches,,,0,0,,0.00,0.00,,,,,,,,,,,,,,,,,,,Süper Lig,2024-2025
52de919f,Ömürcan Artan,Ömürcan Artan,,DF,Gaziantep FK,25,1999,10,6,610,6.8,0,0,0,0,0,0,1,0,0.00,0.00,0.00,0.00,0.00,Matches,0.00,0.00,3,1,33.3,0.15,0.44,,,,,,,,,,,,,,,,,,,Süper Lig,2024-2025
ee47f156,Serkan Asan,Serkan Asan,tr TUR,DF,Trabzonspor,25,1999,1,1,86,1.0,0,0,0,0,0,0,0,0,0.00,0.00,0.00,0.00,0.00,Matches,,,0,0,,0.00,0.00,,,,,,,,,,,,,,,,,,,Süper Lig,2024-2025
d2547206,Ahmet Aslan,Ahmet Aslan,,MF,BB Bodrumspor,23,2001,22,14,"1,190",13.2,1,0,1,1,0,0,2,0,0.08,0.00,0.08,0.08,0.08,Matches,0.17,1.00,6,1,16.7,0.08,0.45,,,,,,,,,,,,,,,,,,,Süper Lig,2024-2025
aea6ca59,Loide Augusto,Loide Augusto,ao ANG,"MF,FW",Alanyaspor,24,2000,18,17,"1,481",16.5,2,4,6,2,0,0,6,1,0.12,0.24,0.36,0.12,0.36,Matches,0.05,0.18,40,11,27.5,0.67,2.43,,,,,,,,,,,,,,,,,,,Süper Lig,2024-2025
a0b62e11,Fahri Ay,Fahri Ay,tr TUR,MF,Beşiktaş,19,2005,2,0,3,0.0,0,0,0,0,0,0,0,0,0.00,0.00,0.00,0.00,0.00,Matches,,,0,0,,0.00,0.00,,,,,,,,,,,,,,,,,,,Süper Lig,2024-2025
86eb0432,Ersin Aydemir,Ersin Aydemir,,FW,Hatayspor,18,2006,1,0,10,0.1,0,0,0,0,0,0,0,0,0.00,0.00,0.00,0.00,0.00,Matches,,,0,0,,0.00,0.00,,,,,,,,,,,,,,,,,,,Süper Lig,2024-2025
04660c49,Eyüp Aydın,Eyüp Aydın,tr TUR,MF,Galatasaray,19,2004,2,0,13,0.1,0,0,0,0,0,0,0,0,0.00,0.00,0.00,0.00,0.00,Matches,,,0,0,,0.00,0.00,,,,,,,,,,,,,,,,,,,Süper Lig,2024-2025
a7b98226,Oğuz Aydın,Oğuz Aydın,tr TUR,MF,Fenerbahçe,23,2000,25,18,"1,579",17.5,7,3,10,7,0,0,1,0,0.40,0.17,0.57,0.40,0.57,Matches,0.20,0.47,35,15,42.9,0.85,1.99,,,,,,,,,,,,,,,,,,,Süper Lig,2024-2025
2b3d88d9,Taylan Aydın,Taylan Aydın,tr TUR,DF,Kasımpaşa,18,2006,7,4,315,3.5,0,0,0,0,0,0,0,0,0.00,0.00,0.00,0.00,0.00,Matches,,,0,0,,0.00,0.00,,,,,,,,,,,,,,,,,,,Süper Lig,2024-2025
e740606e,Tayfun Aydoğan,Tayfun Aydoğan,,MF,Adana Demirspor,28,1996,31,26,"2,263",25.1,1,0,1,1,0,0,9,0,0.04,0.00,0.04,0.04,0.04,Matches,0.03,0.11,30,9,30.0,0.36,1.19,,,,,,,,,,,,,,,,,,,Süper Lig,2024-2025
d1d72821,Soner Aydoğdu,Soner Aydoğdu,tr TUR,MF,Samsunspor,33,1991,29,5,661,7.3,8,1,9,8,0,0,1,0,1.09,0.14,1.23,1.09,1.23,Matches,0.36,0.73,22,11,50.0,1.50,3.00,,,,,,,,,,,,,,,,,,,Süper Lig,2024-2025
2200181e,Kaan Ayhan,Kaan Ayhan,tr TUR,"DF,MF",Galatasaray,29,1994,30,19,"1,726",19.2,1,3,4,1,0,0,6,0,0.05,0.16,0.21,0.05,0.21,Matches,0.07,0.17,15,6,40.0,0.31,0.78,,,,,,,,,,,,,,,,,,,Süper Lig,2024-2025
13d8a4d0,Ali Aytemur,Ali Aytemur,tr TUR,DF,BB Bodrumspor,28,1996,31,31,"2,787",31.0,1,0,1,1,0,0,3,0,0.03,0.00,0.03,0.03,0.03,Matches,0.07,0.25,15,4,26.7,0.13,0.48,,,,,,,,,,,,,,,,,,,Süper Lig,2024-2025
60c07b31,Ousseynou Ba,Ousseynou Ba,sn SEN,DF,Başakşehir,28,1995,21,20,"1,646",18.3,0,0,0,0,0,0,8,1,0.00,0.00,0.00,0.00,0.00,Matches,0.00,,4,0,0.0,0.00,0.22,,,,,,,,,,,,,,,,,,,Süper Lig,2024-2025
ec304819,Mame Baba Thiam,Mame Baba Thiam,sn SEN,FW,Eyüpspor,31,1992,32,32,"2,760",30.7,15,2,17,14,1,4,8,0,0.49,0.07,0.55,0.46,0.52,Matches,0.18,0.35,76,40,52.6,1.30,2.48,,,,,,,,,,,,,,,,,,,Süper Lig,2024-2025
ea60af20,Halil Bağcı,Halil Bağcı,,GK,Gaziantep FK,21,2003,1,1,90,1.0,0,0,0,0,0,0,0,0,0.00,0.00,0.00,0.00,0.00,Matches,,,0,0,,0.00,0.00,0,0.0,1,1,2,2.00,0,90,0,0,0,,0,71.4,5,7,1,0,Süper Lig,2024-2025
5046b7d4,Stéphane Bahoken,Stéphane Bahoken,cm CMR,FW,Kayserispor,32,1992,21,12,"1,013",11.3,5,1,6,5,0,0,4,2,0.44,0.09,0.53,0.44,0.53,Matches,0.14,0.38,35,13,37.1,1.15,3.11,,,,,,,,,,,,,,,,,,,Süper Lig,2024-2025
69bbff44,Bünyamin Balat,Bünyamin Balat,de GER,"MF,DF",Adana Demirspor,27,1997,24,16,"1,580",17.6,1,0,1,1,0,0,1,0,0.06,0.00,0.06,0.06,0.06,Matches,0.04,0.20,24,5,20.8,0.28,1.37,,,,,,,,,,,,,,,,,,,Süper Lig,2024-2025
7d7b3e47,Bünyamin Balcı,Bünyamin Balcı,tr TUR,DF,Antalyaspor,24,2000,20,16,"1,363",15.1,0,1,1,0,0,0,2,0,0.00,0.07,0.07,0.00,0.07,Matches,0.00,0.00,3,2,66.7,0.13,0.20,,,,,,,,,,,,,,,,,,,Süper Lig,2024-2025
509a4ccb,Keita Baldé,Keita Baldé,sn SEN,"MF,FW",Sivasspor,29,1995,11,5,437,4.9,1,0,1,1,0,0,5,1,0.21,0.00,0.21,0.21,0.21,Matches,0.11,0.50,9,2,22.2,0.41,1.85,,,,,,,,,,,,,,,,,,,Süper Lig,2024-2025
1a787ee8,Jure Balkovec,Jure Balkovec,si SVN,DF,Alanyaspor,29,1994,25,20,"1,730",19.2,1,2,3,0,1,1,5,0,0.05,0.10,0.16,0.00,0.10,Matches,0.00,0.00,21,7,33.3,0.36,1.09,,,,,,,,,,,,,,,,,,,Süper Lig,2024-2025
601a0704,Metehan Baltacı,Metehan Baltacı,tr TUR,DF,Galatasaray,21,2002,10,4,263,2.9,0,1,1,0,0,0,0,1,0.00,0.34,0.34,0.00,0.34,Matches,0.00,0.00,2,2,100.0,0.68,0.68,,,,,,,,,,,,,,,,,,,Süper Lig,2024-2025
bcbd6c5d,Funsho Bamgboye,Funsho Bamgboye,ng NGA,MF,Hatayspor,25,1999,31,16,"1,516",16.8,2,0,2,2,0,0,7,0,0.12,0.00,0.12,0.12,0.12,Matches,0.08,0.17,26,12,46.2,0.71,1.54,,,,,,,,,,,,,,,,,,,Süper Lig,2024-2025
be47b750,Simon Banza,Simon Banza,cd COD,FW,Trabzonspor,27,1996,31,29,"2,548",28.3,19,4,23,14,5,6,5,0,0.67,0.14,0.81,0.49,0.64,Matches,0.19,0.39,75,36,48.0,1.27,2.65,,,,,,,,,,,,,,,,,,,Süper Lig,2024-2025
01efac19,Antonín Barák,Antonín Barák,cz CZE,MF,Kasımpaşa,29,1994,22,11,841,9.3,2,0,2,2,0,0,2,0,0.21,0.00,0.21,0.21,0.21,Matches,0.10,0.25,21,8,38.1,0.86,2.25,,,,,,,,,,,,,,,,,,,Süper Lig,2024-2025
5c0466ba,Yusuf Barasi,Yusuf Barasi,tr TUR,"FW,MF",Adana Demirspor,21,2003,30,26,"2,274",25.3,8,2,10,5,3,3,1,1,0.32,0.08,0.40,0.20,0.28,Matches,0.12,0.31,41,16,39.0,0.63,1.62,,,,,,,,,,,,,,,,,,,Süper Lig,2024-2025
5d9cff53,Abdülkerim Bardakcı,Abdülkerim Bardakcı,tr TUR,DF,Galatasaray,29,1994,32,32,"2,754",30.6,3,2,5,3,0,0,4,0,0.10,0.07,0.16,0.10,0.16,Matches,0.16,0.30,19,10,52.6,0.33,0.62,,,,,,,,,,,,,,,,,,,Süper Lig,2024-2025
cac2537b,Enis Bardhi,Enis Bardhi,mk MKD,"MF,FW",BB Bodrumspor,29,1995,15,10,993,11.0,1,3,4,1,0,0,1,0,0.09,0.27,0.36,0.09,0.36,Matches,0.03,0.14,31,7,22.6,0.63,2.81,,,,,,,,,,,,,,,,,,,Süper Lig,2024-2025
cac2537b,Enis Bardhi,Enis Bardhi,mk MKD,"MF,FW",BB Bodrumspor,29,1995,15,10,993,11.0,1,3,4,1,0,0,1,0,0.09,0.27,0.36,0.09,0.36,Matches,0.00,0.00,14,4,28.6,0.97,3.41,,,,,,,,,,,,,,,,,,,Süper Lig,2024-2025
cac2537b,Enis Bardhi,Enis Bardhi,mk MKD,MF,Trabzonspor,29,1995,8,6,370,4.1,0,1,1,0,0,0,1,0,0.00,0.24,0.24,0.00,0.24,Matches,0.03,0.14,31,7,22.6,0.63,2.81,,,,,,,,,,,,,,,,,,,Süper Lig,2024-2025
cac2537b,Enis Bardhi,Enis Bardhi,mk MKD,MF,Trabzonspor,29,1995,8,6,370,4.1,0,1,1,0,0,0,1,0,0.00,0.24,0.24,0.00,0.24,Matches,0.00,0.00,14,4,28.6,0.97,3.41,,,,,,,,,,,,,,,,,,,Süper Lig,2024-2025
712dd708,Borna Barišić,Borna Barišić,hr CRO,DF,Trabzonspor,31,1992,9,1,134,1.5,0,0,0,0,0,0,0,0,0.00,0.00,0.00,0.00,0.00,Matches,,,0,0,,0.00,0.00,,,,,,,,,,,,,,,,,,,Süper Lig,2024-2025
abbaea89,Boran Başkan,Boran Başkan,tr TUR,MF,Trabzonspor,18,2006,1,0,26,0.3,0,0,0,0,0,0,0,0,0.00,0.00,0.00,0.00,0.00,Matches,,,0,0,,0.00,0.00,,,,,,,,,,,,,,,,,,,Süper Lig,2024-2025
78a07623,Emrah Başsan,Emrah Başsan,tr TUR,"MF,FW",Sivasspor,32,1992,19,9,801,8.9,2,1,3,2,0,0,1,0,0.22,0.11,0.34,0.22,0.34,Matches,0.13,0.22,16,9,56.3,1.01,1.80,,,,,,,,,,,,,,,,,,,Süper Lig,2024-2025
4655d9c5,Emirhan Başyiğit,Emirhan Başyiğit,tr TUR,DF,Sivasspor,19,2005,12,5,561,6.2,0,0,0,0,0,0,0,0,0.00,0.00,0.00,0.00,0.00,Matches,0.00,,2,0,0.0,0.00,0.32,,,,,,,,,,,,,,,,,,,Süper Lig,2024-2025
38eb1b19,Arsenii Batahov,Arsenii Batahov,ua UKR,DF,Trabzonspor,22,2002,18,18,"1,620",18.0,1,1,2,1,0,0,1,0,0.06,0.06,0.11,0.06,0.11,Matches,0.13,1.00,8,1,12.5,0.06,0.44,,,,,,,,,,,,,,,,,,,Süper Lig,2024-2025
2973d8ff,Michy Batshuayi,Michy Batshuayi,be BEL,FW,Galatasaray,30,1993,18,1,405,4.5,5,2,7,4,1,2,1,0,1.11,0.44,1.56,0.89,1.33,Matches,0.22,0.50,18,8,44.4,1.78,4.00,,,,,,,,,,,,,,,,,,,Süper Lig,2024-2025
f0a63d14,Bilal Bayazit,Bilal Bayazit,nl NED,GK,Kayserispor,25,1999,25,25,"2,250",25.0,0,0,0,0,0,0,4,0,0.00,0.00,0.00,0.00,0.00,Matches,,,0,0,,0.00,0.00,9,36.0,25,25,32,1.28,6,"2,250",5,5,0,0.0,0,72.2,69,97,9,10,Süper Lig,2024-2025
c94d9e06,Furkan Bayır,Furkan Bayır,tr TUR,DF,Alanyaspor,24,2000,4,2,222,2.5,0,0,0,0,0,0,0,0,0.00,0.00,0.00,0.00,0.00,Matches,,,0,0,,0.00,0.00,,,,,,,,,,,,,,,,,,,Süper Lig,2024-2025
c94d9e06,Furkan Bayır,Furkan Bayır,tr TUR,DF,Alanyaspor,24,2000,4,2,222,2.5,0,0,0,0,0,0,0,0,0.00,0.00,0.00,0.00,0.00,Matches,0.17,0.50,6,2,33.3,0.28,0.85,,,,,,,,,,,,,,,,,,,Süper Lig,2024-2025
c94d9e06,Furkan Bayır,Furkan Bayır,tr TUR,DF,Göztepe,24,2000,10,6,637,7.1,1,0,1,1,0,0,2,0,0.14,0.00,0.14,0.14,0.14,Matches,,,0,0,,0.00,0.00,,,,,,,,,,,,,,,,,,,Süper Lig,2024-2025
c94d9e06,Furkan Bayır,Furkan Bayır,tr TUR,DF,Göztepe,24,2000,10,6,637,7.1,1,0,1,1,0,0,2,0,0.14,0.00,0.14,0.14,0.14,Matches,0.17,0.50,6,2,33.3,0.28,0.85,,,,,,,,,,,,,,,,,,,Süper Lig,2024-2025
0626e591,Ogün Bayrak,Ogün Bayrak,,MF,Göztepe,25,1998,24,20,"1,645",18.3,0,0,0,0,0,0,4,1,0.00,0.00,0.00,0.00,0.00,Matches,0.00,0.00,11,1,9.1,0.05,0.60,,,,,,,,,,,,,,,,,,,Süper Lig,2024-2025
64e951fc,Gökdeniz Bayrakdar,Gökdeniz Bayrakdar,tr TUR,"MF,FW",BB Bodrumspor,22,2001,28,17,"1,527",17.0,0,0,0,0,0,0,4,0,0.00,0.00,0.00,0.00,0.00,Matches,0.00,0.00,30,7,23.3,0.41,1.77,,,,,,,,,,,,,,,,,,,Süper Lig,2024-2025
da59a197,Riechedly Bazoer,Riechedly Bazoer,cw CUW,"DF,MF",Konyaspor,27,1996,25,23,"1,919",21.3,2,2,4,2,0,0,8,0,0.09,0.09,0.19,0.09,0.19,Matches,0.29,1.00,7,2,28.6,0.09,0.33,,,,,,,,,,,,,,,,,,,Süper Lig,2024-2025
19e4eab9,Rodrigo Becão,Rodrigo Becão,br BRA,DF,Fenerbahçe,28,1996,11,6,615,6.8,1,0,1,1,0,0,1,0,0.15,0.00,0.15,0.15,0.15,Matches,0.17,1.00,6,1,16.7,0.15,0.88,,,,,,,,,,,,,,,,,,,Süper Lig,2024-2025
9fd732cc,Visar Bekaj,Visar Bekaj,xk KVX,GK,Hatayspor,27,1997,15,15,"1,350",15.0,0,0,0,0,0,0,2,0,0.00,0.00,0.00,0.00,0.00,Matches,,,0,0,,0.00,0.00,1,6.7,15,15,33,2.20,9,"1,350",5,6,0,16.7,1,66.7,57,84,2,4,Süper Lig,2024-2025
6233f5f9,Efkan Bekiroğlu,Efkan Bekiroğlu,,"MF,FW",Sivasspor,28,1995,14,13,"1,061",11.8,2,3,5,2,0,0,1,0,0.17,0.25,0.42,0.17,0.42,Matches,0.08,0.33,24,6,25.0,0.51,2.04,,,,,,,,,,,,,,,,,,,Süper Lig,2024-2025
1798891a,Mortadha Ben Ouanes,Mortadha Ben Ouanes,tn TUN,"MF,DF",Kasımpaşa,30,1994,32,29,"2,527",28.1,5,4,9,5,0,0,10,0,0.18,0.14,0.32,0.18,0.32,Matches,0.17,0.83,30,6,20.0,0.21,1.07,,,,,,,,,,,,,,,,,,,Süper Lig,2024-2025
a5362c15,Jan Biegański,Jan Biegański,pl POL,MF,Sivasspor,21,2002,11,3,362,4.0,0,0,0,0,0,0,3,0,0.00,0.00,0.00,0.00,0.00,Matches,0.00,,1,0,0.0,0.00,0.25,,,,,,,,,,,,,,,,,,,Süper Lig,2024-2025
721a9e2a,Ege Bilsel,Ege Bilsel,,"DF,MF",BB Bodrumspor,20,2004,23,14,"1,186",13.2,0,1,1,0,0,0,4,1,0.00,0.08,0.08,0.00,0.08,Matches,0.00,0.00,6,1,16.7,0.08,0.46,,,,,,,,,,,,,,,,,,,Süper Lig,2024-2025
ad163246,Tayfur Bingöl,Tayfur Bingöl,tr TUR,"MF,DF",Eyüpspor,31,1993,29,21,"1,805",20.1,5,1,6,5,0,0,3,1,0.25,0.05,0.30,0.25,0.30,Matches,0.24,0.50,21,10,47.6,0.50,1.05,,,,,,,,,,,,,,,,,,,Süper Lig,2024-2025
79ccee4b,Muhammed Birkan Tetik,Muhammed Birkan Tetik,,GK,Eyüpspor,28,1995,3,2,226,2.5,0,0,0,0,0,0,0,0,0.00,0.00,0.00,0.00,0.00,Matches,,,0,0,,0.00,0.00,1,50.0,3,2,3,1.19,0,226,0,0,0,,0,62.5,5,8,0,2,Süper Lig,2024-2025
f9897f64,Godfrey Bitok,Godfrey Bitok,ng NGA,DF,Gaziantep FK,23,2000,2,1,115,1.3,0,0,0,0,0,0,0,0,0.00,0.00,0.00,0.00,0.00,Matches,,,0,0,,0.00,0.00,,,,,,,,,,,,,,,,,,,Süper Lig,2024-2025
5131b5b3,Morten Bjørlo,Morten Bjørlo,no NOR,MF,Konyaspor,28,1995,9,3,296,3.3,0,1,1,0,0,0,0,0,0.00,0.30,0.30,0.00,0.30,Matches,0.00,0.00,4,1,25.0,0.30,1.22,,,,,,,,,,,,,,,,,,,Süper Lig,2024-2025
b0332f23,Aylton Boa Morte,Aylton Boa Morte,pt POR,MF,Kayserispor,30,1993,18,13,"1,187",13.2,4,2,6,4,0,0,5,0,0.30,0.15,0.45,0.30,0.45,Matches,0.13,0.33,32,12,37.5,0.91,2.43,,,,,,,,,,,,,,,,,,,Süper Lig,2024-2025
efad6707,Emmanuel Boateng,Emmanuel Boateng,gh GHA,MF,Konyaspor,27,1997,8,3,353,3.9,0,0,0,0,0,0,1,1,0.00,0.00,0.00,0.00,0.00,Matches,0.00,,3,0,0.0,0.00,0.76,,,,,,,,,,,,,,,,,,,Süper Lig,2024-2025
2e23c66b,Emmanuel Boateng,Emmanuel Boateng,gh GHA,"FW,MF",Gaziantep FK,28,1996,16,9,883,9.8,4,1,5,4,0,0,3,0,0.41,0.10,0.51,0.41,0.51,Matches,0.15,0.44,26,9,34.6,0.92,2.65,,,,,,,,,,,,,,,,,,,Süper Lig,2024-2025
51af19f7,Malcom Bokélé,Malcom Bokélé,cm CMR,DF,Göztepe,24,2000,31,27,"2,492",27.7,1,0,1,1,0,0,5,0,0.04,0.00,0.04,0.04,0.04,Matches,0.08,0.20,13,5,38.5,0.18,0.47,,,,,,,,,,,,,,,,,,,Süper Lig,2024-2025
3986000d,Marc Bola,Marc Bola,eng ENG,DF,Samsunspor,26,1997,33,32,"2,744",30.5,1,4,5,1,0,0,4,0,0.03,0.13,0.16,0.03,0.16,Matches,0.04,0.20,23,5,21.7,0.16,0.75,,,,,,,,,,,,,,,,,,,Süper Lig,2024-2025
fe7d8182,Sinan Bolat,Sinan Bolat,tr TUR,GK,Kasımpaşa,35,1988,2,2,180,2.0,0,0,0,0,0,0,1,0,0.00,0.00,0.00,0.00,0.00,Matches,,,0,0,,0.00,0.00,0,0.0,2,2,4,2.00,1,180,1,1,0,0.0,0,40.0,2,5,0,1,Süper Lig,2024-2025
f893dba4,Nikola Boranijašević,Nikola Boranijašević,rs SRB,DF,Konyaspor,32,1992,22,16,"1,409",15.7,0,0,0,0,0,0,6,0,0.00,0.00,0.00,0.00,0.00,Matches,0.00,0.00,8,1,12.5,0.06,0.51,,,,,,,,,,,,,,,,,,,Süper Lig,2024-2025
d25d144f,Arif Boşluk,Arif Boşluk,,DF,Trabzonspor,21,2003,16,7,652,7.2,0,1,1,0,0,0,0,0,0.00,0.14,0.14,0.00,0.14,Matches,0.00,0.00,8,3,37.5,0.41,1.10,,,,,,,,,,,,,,,,,,,Süper Lig,2024-2025
38ca59bf,Melih Bostan,Melih Bostan,tr TUR,FW,Konyaspor,20,2004,10,2,126,1.4,1,0,1,1,0,0,2,1,0.71,0.00,0.71,0.71,0.71,Matches,0.33,1.00,3,1,33.3,0.71,2.14,,,,,,,,,,,,,,,,,,,Süper Lig,2024-2025
0d077b88,Mehdi Bourabia,Mehdi Bourabia,ma MAR,MF,Kayserispor,32,1991,30,26,"2,042",22.7,1,4,5,1,0,0,8,0,0.04,0.18,0.22,0.04,0.22,Matches,0.04,0.25,27,4,14.8,0.18,1.19,,,,,,,,,,,,,,,,,,,Süper Lig,2024-2025
e8a65bc8,Bilal Boutobba,Bilal Boutobba,fr FRA,"MF,FW",Hatayspor,25,1998,28,19,"1,786",19.8,11,2,13,11,0,0,0,0,0.55,0.10,0.66,0.55,0.66,Matches,0.22,0.48,51,23,45.1,1.16,2.57,,,,,,,,,,,,,,,,,,,Süper Lig,2024-2025
6e2c94ad,Umut Bozok,Umut Bozok,tr TUR,FW,Trabzonspor,27,1996,4,0,44,0.5,1,0,1,1,0,0,1,0,2.05,0.00,2.05,2.05,2.05,Matches,0.33,0.50,3,2,66.7,4.09,6.14,,,,,,,,,,,,,,,,,,,Süper Lig,2024-2025
6e2c94ad,Umut Bozok,Umut Bozok,tr TUR,FW,Trabzonspor,27,1996,4,0,44,0.5,1,0,1,1,0,0,1,0,2.05,0.00,2.05,2.05,2.05,Matches,0.14,0.40,14,5,35.7,0.69,1.92,,,,,,,,,,,,,,,,,,,Süper Lig,2024-2025
6e2c94ad,Umut Bozok,Umut Bozok,tr TUR,"MF,FW",Eyüpspor,27,1996,15,5,656,7.3,2,1,3,2,0,0,3,0,0.27,0.14,0.41,0.27,0.41,Matches,0.33,0.50,3,2,66.7,4.09,6.14,,,,,,,,,,,,,,,,,,,Süper Lig,2024-2025
6e2c94ad,Umut Bozok,Umut Bozok,tr TUR,"MF,FW",Eyüpspor,27,1996,15,5,656,7.3,2,1,3,2,0,0,3,0,0.27,0.14,0.41,0.27,0.41,Matches,0.14,0.40,14,5,35.7,0.69,1.92,,,,,,,,,,,,,,,,,,,Süper Lig,2024-2025
0589c701,Pedro Brazão,Pedro Brazão,pt POR,"MF,FW",BB Bodrumspor,21,2002,24,10,933,10.4,1,0,1,1,0,0,2,0,0.10,0.00,0.10,0.10,0.10,Matches,0.05,0.17,21,6,28.6,0.58,2.03,,,,,,,,,,,,,,,,,,,Süper Lig,2024-2025
d4a2533d,Josip Brekalo,Josip Brekalo,hr CRO,MF,Kasımpaşa,26,1998,23,14,"1,317",14.6,4,2,6,4,0,0,3,1,0.27,0.14,0.41,0.27,0.41,Matches,0.13,0.33,30,12,40.0,0.82,2.05,,,,,,,,,,,,,,,,,,,Süper Lig,2024-2025
4dbf6ef0,Ivan Brnić,Ivan Brnić,hr CRO,"MF,FW",Başakşehir,22,2001,11,7,530,5.9,3,0,3,3,0,0,0,0,0.51,0.00,0.51,0.51,0.51,Matches,0.25,0.43,12,7,58.3,1.19,2.04,,,,,,,,,,,,,,,,,,,Süper Lig,2024-2025
6f919f5a,Gianni Bruno,Gianni Bruno,be BEL,"MF,FW",Eyüpspor,32,1991,13,4,371,4.1,1,1,2,1,0,0,0,0,0.24,0.24,0.49,0.24,0.49,Matches,0.08,0.17,12,6,50.0,1.46,2.91,,,,,,,,,,,,,,,,,,,Süper Lig,2024-2025
7a92bb42,Muhamed Buljubasic,Muhamed Buljubasic,ba BIH,MF,Rizespor,20,2004,20,0,377,4.2,0,0,0,0,0,0,2,0,0.00,0.00,0.00,0.00,0.00,Matches,0.00,,3,0,0.0,0.00,0.72,,,,,,,,,,,,,,,,,,,Süper Lig,2024-2025
99b83608,Buluthan Bulut,Buluthan Bulut,,MF,Alanyaspor,22,2002,7,1,103,1.1,0,0,0,0,0,0,0,0,0.00,0.00,0.00,0.00,0.00,Matches,0.00,,1,0,0.0,0.00,0.87,,,,,,,,,,,,,,,,,,,Süper Lig,2024-2025
b219c992,Emrecan Bulut,Emrecan Bulut,,MF,Rizespor,22,2002,20,3,504,5.6,2,1,3,2,0,0,2,0,0.36,0.18,0.54,0.36,0.54,Matches,0.17,0.67,12,3,25.0,0.54,2.14,,,,,,,,,,,,,,,,,,,Süper Lig,2024-2025
32e96d52,Onur Bulut,Onur Bulut,tr TUR,DF,Beşiktaş,30,1994,17,2,404,4.5,0,1,1,0,0,0,0,0,0.00,0.22,0.22,0.00,0.22,Matches,0.00,0.00,2,2,100.0,0.45,0.45,,,,,,,,,,,,,,,,,,,Süper Lig,2024-2025
9d132217,Abdulsamet Burak,Abdulsamet Burak,,DF,Adana Demirspor,28,1996,33,31,"2,672",29.7,0,1,1,0,0,0,10,0,0.00,0.03,0.03,0.00,0.03,Matches,0.00,0.00,9,1,11.1,0.03,0.30,,,,,,,,,,,,,,,,,,,Süper Lig,2024-2025
c7deccc0,Mustafa Burak Bozan,Mustafa Burak Bozan,,GK,Gaziantep FK,23,2000,18,17,"1,490",16.6,0,1,1,0,0,0,4,0,0.00,0.06,0.06,0.00,0.06,Matches,,,0,0,,0.00,0.00,6,35.3,18,17,21,1.27,6,"1,490",2,3,0,33.3,1,75.6,59,78,5,6,Süper Lig,2024-2025
9286d2c4,Yiğit Buz,Yiğit Buz,,DF,Hatayspor,17,2007,4,2,206,2.3,1,0,1,1,0,0,0,0,0.44,0.00,0.44,0.44,0.44,Matches,0.50,1.00,2,1,50.0,0.44,0.87,,,,,,,,,,,,,,,,,,,Süper Lig,2024-2025
85322440,Cafú,Cafú,pt POR,MF,Kasımpaşa,31,1993,34,14,"1,396",15.5,1,0,1,0,1,1,5,0,0.06,0.00,0.06,0.00,0.00,Matches,0.00,0.00,20,6,30.0,0.39,1.29,,,,,,,,,,,,,,,,,,,Süper Lig,2024-2025
f63a8347,Uğurcan Çakır,Uğurcan Çakır,tr TUR,GK,Trabzonspor,28,1996,32,32,"2,880",32.0,0,0,0,0,0,0,3,0,0.00,0.00,0.00,0.00,0.00,Matches,,,0,0,,0.00,0.00,13,40.6,32,32,41,1.28,11,"2,880",8,12,1,27.3,3,76.8,112,142,9,12,Süper Lig,2024-2025
f1bfdf6c,Erdem Çalık,Erdem Çalık,,MF,Eyüpspor,18,2006,1,0,5,0.1,0,0,0,0,0,0,0,0,0.00,0.00,0.00,0.00,0.00,Matches,,,0,0,,0.00,0.00,,,,,,,,,,,,,,,,,,,Süper Lig,2024-2025
89333def,Josip Čalušić,Josip Čalušić,hr CRO,DF,Konyaspor,30,1993,6,4,360,4.0,0,0,0,0,0,0,0,0,0.00,0.00,0.00,0.00,0.00,Matches,0.00,,3,0,0.0,0.00,0.75,,,,,,,,,,,,,,,,,,,Süper Lig,2024-2025
706bd23f,Francisco Calvo,Francisco Calvo,cr CRC,DF,Hatayspor,32,1992,25,25,"2,154",23.9,1,1,2,1,0,0,8,2,0.04,0.04,0.08,0.04,0.08,Matches,0.04,0.17,25,6,24.0,0.25,1.04,,,,,,,,,,,,,,,,,,,Süper Lig,2024-2025
7c85e03f,Samba Camara,Samba Camara,ml MLI,DF,Sivasspor,31,1992,20,15,"1,314",14.6,1,0,1,1,0,0,2,0,0.07,0.00,0.07,0.07,0.07,Matches,0.20,1.00,5,1,20.0,0.07,0.34,,,,,,,,,,,,,,,,,,,Süper Lig,2024-2025
b3c67ed0,İrfan Can Eğribayat,İrfan Can Eğribayat,tr TUR,GK,Fenerbahçe,26,1998,13,13,"1,170",13.0,0,0,0,0,0,0,0,0,0.00,0.00,0.00,0.00,0.00,Matches,,,0,0,,0.00,0.00,4,30.8,13,13,12,0.92,1,"1,170",1,2,0,50.0,1,72.5,30,40,2,10,Süper Lig,2024-2025
0863fb00,Cihan Çanak,Cihan Çanak,tr TUR,MF,Trabzonspor,19,2005,23,9,828,9.2,0,1,1,0,0,0,2,0,0.00,0.11,0.11,0.00,0.11,Matches,0.00,0.00,13,1,7.7,0.11,1.41,,,,,,,,,,,,,,,,,,,Süper Lig,2024-2025
f9c7bf18,Miguel Filipe Nunes Cardoso,Miguel Filipe Nunes Cardoso,pt POR,"MF,FW",Kayserispor,30,1994,33,33,"2,857",31.7,8,7,15,7,1,1,9,0,0.25,0.22,0.47,0.22,0.44,Matches,0.10,0.23,68,30,44.1,0.95,2.14,,,,,,,,,,,,,,,,,,,Süper Lig,2024-2025
b4a014b1,Diego Carlos,Diego Carlos,br BRA,DF,Fenerbahçe,31,1993,4,3,181,2.0,0,0,0,0,0,0,1,0,0.00,0.00,0.00,0.00,0.00,Matches,0.00,,2,0,0.0,0.00,0.99,,,,,,,,,,,,,,,,,,,Süper Lig,2024-2025
5b5724d2,Lionel Carole,Lionel Carole,fr FRA,DF,Kayserispor,33,1991,31,28,"2,474",27.5,0,0,0,0,0,0,2,0,0.00,0.00,0.00,0.00,0.00,Matches,,,0,0,,0.00,0.00,,,,,,,,,,,,,,,,,,,Süper Lig,2024-2025
0b1f3bd3,Bera Çeken,Bera Çeken,tr TUR,MF,Alanyaspor,18,2005,1,0,2,0.0,0,0,0,0,0,0,0,0,0.00,0.00,0.00,0.00,0.00,Matches,,,0,0,,0.00,0.00,,,,,,,,,,,,,,,,,,,Süper Lig,2024-2025
a3255b25,İzzet Çelik,İzzet Çelik,tr TUR,MF,Adana Demirspor,20,2004,25,22,"1,791",19.9,0,0,0,0,0,0,6,0,0.00,0.00,0.00,0.00,0.00,Matches,0.00,0.00,6,2,33.3,0.10,0.30,,,,,,,,,,,,,,,,,,,Süper Lig,2024-2025
393a257c,Ondřej Čelůstka,Ondřej Čelůstka,cz CZE,DF,BB Bodrumspor,35,1989,25,20,"1,863",20.7,0,0,0,0,0,0,5,0,0.00,0.00,0.00,0.00,0.00,Matches,0.00,0.00,11,4,36.4,0.19,0.53,,,,,,,,,,,,,,,,,,,Süper Lig,2024-2025
10836fd6,Bedirhan Çetin,Bedirhan Çetin,tr TUR,DF,Samsunspor,18,2006,4,1,96,1.1,0,0,0,0,0,0,0,0,0.00,0.00,0.00,0.00,0.00,Matches,,,0,0,,0.00,0.00,,,,,,,,,,,,,,,,,,,Süper Lig,2024-2025
452f6d51,Tarık Çetin,Tarık Çetin,tr TUR,GK,Rizespor,27,1997,11,10,901,10.0,0,0,0,0,0,0,1,0,0.00,0.00,0.00,0.00,0.00,Matches,,,0,0,,0.00,0.00,0,0.0,11,10,19,1.90,5,901,4,4,0,0.0,0,64.3,27,42,2,3,Süper Lig,2024-2025
d96316d4,Erdem Çetinkaya,Erdem Çetinkaya,tr TUR,FW,Kasımpaşa,23,2001,4,0,34,0.4,0,0,0,0,0,0,2,0,0.00,0.00,0.00,0.00,0.00,Matches,,,0,0,,0.00,0.00,,,,,,,,,,,,,,,,,,,Süper Lig,2024-2025
f527a32c,Muhammed Cham,Muhammed Cham,at AUT,MF,Trabzonspor,23,2000,31,14,"1,546",17.2,5,10,15,4,1,1,4,0,0.29,0.58,0.87,0.23,0.82,Matches,0.11,0.36,37,11,29.7,0.64,2.15,,,,,,,,,,,,,,,,,,,Süper Lig,2024-2025
b0644957,Charis Charisis,Charis Charisis,gr GRE,MF,Sivasspor,29,1995,33,33,"2,829",31.4,1,1,2,1,0,0,8,0,0.03,0.03,0.06,0.03,0.06,Matches,0.04,0.17,28,6,21.4,0.19,0.89,,,,,,,,,,,,,,,,,,,Süper Lig,2024-2025
137e78cc,Anastasios Chatzigiovannis,Anastasios Chatzigiovannis,gr GRE,"FW,MF",Eyüpspor,27,1997,6,0,90,1.0,0,0,0,0,0,0,0,0,0.00,0.00,0.00,0.00,0.00,Matches,0.00,,1,0,0.0,0.00,1.00,,,,,,,,,,,,,,,,,,,Süper Lig,2024-2025
e111bf12,Uğur Çiftçi,Uğur Çiftçi,tr TUR,DF,Sivasspor,32,1992,30,30,"2,655",29.5,1,4,5,1,0,0,10,2,0.03,0.14,0.17,0.03,0.17,Matches,0.09,1.00,11,1,9.1,0.03,0.37,,,,,,,,,,,,,,,,,,,Süper Lig,2024-2025
eac8cdb6,Sadık Çiftpınar,Sadık Çiftpınar,tr TUR,DF,Kasımpaşa,31,1993,17,8,752,8.4,0,0,0,0,0,0,3,0,0.00,0.00,0.00,0.00,0.00,Matches,0.00,,1,0,0.0,0.00,0.12,,,,,,,,,,,,,,,,,,,Süper Lig,2024-2025
6e17c802,Tolga Ciğerci,Tolga Ciğerci,tr TUR,"MF,DF",Sivasspor,32,1992,12,10,883,9.8,0,1,1,0,0,0,2,0,0.00,0.10,0.10,0.00,0.10,Matches,0.00,0.00,6,1,16.7,0.10,0.61,,,,,,,,,,,,,,,,,,,Süper Lig,2024-2025
cc2c307d,Kayra Cihan,Kayra Cihan,tr TUR,DF,Kayserispor,16,2007,3,1,92,1.0,0,0,0,0,0,0,0,0,0.00,0.00,0.00,0.00,0.00,Matches,,,0,0,,0.00,0.00,,,,,,,,,,,,,,,,,,,Süper Lig,2024-2025
6a0f971b,Mirza Cihan,Mirza Cihan,,MF,Gaziantep FK,23,2000,8,1,100,1.1,0,0,0,0,0,0,0,0,0.00,0.00,0.00,0.00,0.00,Matches,0.00,,3,0,0.0,0.00,2.70,,,,,,,,,,,,,,,,,,,Süper Lig,2024-2025
29306e58,Sokol Cikalleshi,Sokol Cikalleshi,al ALB,"FW,MF",Konyaspor,34,1990,1,0,13,0.1,0,0,0,0,0,0,0,0,0.00,0.00,0.00,0.00,0.00,Matches,,,0,0,,0.00,0.00,,,,,,,,,,,,,,,,,,,Süper Lig,2024-2025
c2c2eb25,Ramazan Civelek,Ramazan Civelek,tr TUR,"MF,DF",Kayserispor,28,1996,28,17,"1,356",15.1,3,3,6,3,0,0,7,0,0.20,0.20,0.40,0.20,0.40,Matches,0.25,0.50,12,6,50.0,0.40,0.80,,,,,,,,,,,,,,,,,,,Süper Lig,2024-2025
3cacc0ec,Luccas Claro,Luccas Claro,br BRA,DF,Eyüpspor,32,1991,34,33,"2,971",33.0,1,0,1,1,0,0,8,0,0.03,0.00,0.03,0.03,0.03,Matches,0.10,0.33,10,3,30.0,0.09,0.30,,,,,,,,,,,,,,,,,,,Süper Lig,2024-2025
81f979ea,Burak Coban,Burak Coban,de GER,MF,BB Bodrumspor,29,1994,1,1,59,0.7,0,0,0,0,0,0,0,0,0.00,0.00,0.00,0.00,0.00,Matches,0.00,,1,0,0.0,0.00,1.53,,,,,,,,,,,,,,,,,,,Süper Lig,2024-2025
8b95acda,Omar Colley,Omar Colley,gm GAM,DF,Beşiktaş,31,1992,2,2,180,2.0,0,0,0,0,0,0,1,0,0.00,0.00,0.00,0.00,0.00,Matches,,,0,0,,0.00,0.00,,,,,,,,,,,,,,,,,,,Süper Lig,2024-2025
229cd98a,Sergio Córdova,Sergio Córdova,ve VEN,"FW,MF",Alanyaspor,26,1997,35,31,"2,730",30.3,9,3,12,9,0,0,3,0,0.30,0.10,0.40,0.30,0.40,Matches,0.16,0.56,58,16,27.6,0.53,1.91,,,,,,,,,,,,,,,,,,,Süper Lig,2024-2025
771d74d1,Kamil Çörekçi,Kamil Çörekçi,tr TUR,DF,Hatayspor,32,1992,24,21,"1,722",19.1,0,2,2,0,0,0,7,0,0.00,0.10,0.10,0.00,0.10,Matches,0.00,,8,0,0.0,0.00,0.42,,,,,,,,,,,,,,,,,,,Süper Lig,2024-2025
909222de,Nuno da Costa,Nuno da Costa,cv CPV,FW,Kasımpaşa,33,1991,29,29,"2,495",27.7,13,2,15,13,0,0,7,1,0.47,0.07,0.54,0.47,0.54,Matches,0.15,0.38,89,34,38.2,1.23,3.21,,,,,,,,,,,,,,,,,,,Süper Lig,2024-2025
922dfade,Crespo,Crespo,pt POR,MF,Başakşehir,27,1996,29,25,"2,154",23.9,2,4,6,2,0,0,9,0,0.08,0.17,0.25,0.08,0.25,Matches,0.09,0.33,23,6,26.1,0.25,0.96,,,,,,,,,,,,,,,,,,,Süper Lig,2024-2025
574fff8c,Carlos Cuesta,Carlos Cuesta,co COL,DF,Galatasaray,25,1999,5,4,325,3.6,0,0,0,0,0,0,2,0,0.00,0.00,0.00,0.00,0.00,Matches,0.00,,2,0,0.0,0.00,0.55,,,,,,,,,,,,,,,,,,,Süper Lig,2024-2025
c26ee6c8,Emir Dadük,Emir Dadük,tr TUR,GK,Hatayspor,16,2008,1,1,90,1.0,0,0,0,0,0,0,0,0,0.00,0.00,0.00,0.00,0.00,Matches,,,0,0,,0.00,0.00,1,100.0,1,1,0,0.00,0,90,0,0,0,,0,100.0,5,5,0,1,Süper Lig,2024-2025
e4387547,Filip Damjanovic,Filip Damjanovic,rs SRB,DF,Konyaspor,26,1998,5,2,159,1.8,0,0,0,0,0,0,1,0,0.00,0.00,0.00,0.00,0.00,Matches,,,0,0,,0.00,0.00,,,,,,,,,,,,,,,,,,,Süper Lig,2024-2025
e82900ef,David Datro Fofana,David Datro Fofana,ci CIV,FW,Göztepe,21,2002,9,3,284,3.2,2,0,2,2,0,0,1,0,0.63,0.00,0.63,0.63,0.63,Matches,0.40,0.50,5,4,80.0,1.27,1.58,,,,,,,,,,,,,,,,,,,Süper Lig,2024-2025
d51c34f0,Quentin Daubin,Quentin Daubin,fr FRA,MF,Gaziantep FK,29,1995,19,8,790,8.8,0,0,0,0,0,0,4,1,0.00,0.00,0.00,0.00,0.00,Matches,0.00,,3,0,0.0,0.00,0.34,,,,,,,,,,,,,,,,,,,Süper Lig,2024-2025
3248cf56,Erkan Değişmez,Erkan Değişmez,tr TUR,MF,BB Bodrumspor,37,1986,5,4,222,2.5,0,0,0,0,0,0,1,0,0.00,0.00,0.00,0.00,0.00,Matches,,,0,0,,0.00,0.00,,,,,,,,,,,,,,,,,,,Süper Lig,2024-2025
aa2e2997,Cengiz Demir,Cengiz Demir,,DF,Hatayspor,23,2001,19,9,876,9.7,0,1,1,0,0,0,1,1,0.00,0.10,0.10,0.00,0.10,Matches,0.00,,1,0,0.0,0.00,0.10,,,,,,,,,,,,,,,,,,,Süper Lig,2024-2025
fa265f6d,Yusuf Demir,Yusuf Demir,at AUT,MF,Galatasaray,21,2003,8,1,155,1.7,0,0,0,0,0,0,0,0,0.00,0.00,0.00,0.00,0.00,Matches,0.00,0.00,11,4,36.4,2.32,6.39,,,,,,,,,,,,,,,,,,,Süper Lig,2024-2025
e43a256f,Adil Demirbağ,Adil Demirbağ,tr TUR,DF,Konyaspor,26,1997,33,33,"2,966",33.0,2,3,5,2,0,0,9,0,0.06,0.09,0.15,0.06,0.15,Matches,0.07,0.50,28,4,14.3,0.12,0.85,,,,,,,,,,,,,,,,,,,Süper Lig,2024-2025
16f15013,Ozan Demirbag,Ozan Demirbag,tr TUR,"FW,MF",Adana Demirspor,16,2008,29,9,892,9.9,1,0,1,1,0,0,1,0,0.10,0.00,0.10,0.10,0.10,Matches,0.05,0.13,21,8,38.1,0.81,2.12,,,,,,,,,,,,,,,,,,,Süper Lig,2024-2025
54b4dc4e,Kerem Demirbay,Kerem Demirbay,de GER,MF,Galatasaray,31,1993,20,5,540,6.0,0,1,1,0,0,0,2,0,0.00,0.17,0.17,0.00,0.17,Matches,0.00,0.00,15,1,6.7,0.17,2.50,,,,,,,,,,,,,,,,,,,Süper Lig,2024-2025
77e49aa3,Ali Demirbilek,Ali Demirbilek,tr TUR,FW,Antalyaspor,15,2009,1,0,7,0.1,0,0,0,0,0,0,0,0,0.00,0.00,0.00,0.00,0.00,Matches,,,0,0,,0.00,0.00,,,,,,,,,,,,,,,,,,,Süper Lig,2024-2025
9c87ec6b,Yusuf Demirkiran,Yusuf Demirkiran,,DF,Adana Demirspor,18,2006,3,2,172,1.9,0,0,0,0,0,0,0,0,0.00,0.00,0.00,0.00,0.00,Matches,,,0,0,,0.00,0.00,,,,,,,,,,,,,,,,,,,Süper Lig,2024-2025
de119e75,Anthony Dennis,Anthony Dennis,ng NGA,MF,Göztepe,20,2004,32,32,"2,659",29.5,0,2,2,0,0,0,10,1,0.00,0.07,0.07,0.00,0.07,Matches,0.00,,30,0,0.0,0.00,1.02,,,,,,,,,,,,,,,,,,,Süper Lig,2024-2025
5832ebfe,Stefano Denswil,Stefano Denswil,sr SUR,DF,Trabzonspor,31,1993,9,8,753,8.4,1,0,1,1,0,0,2,0,0.12,0.00,0.12,0.12,0.12,Matches,0.20,1.00,5,1,20.0,0.12,0.60,,,,,,,,,,,,,,,,,,,Süper Lig,2024-2025
9d8cf204,Halil Dervişoğlu,Halil Dervişoğlu,tr TUR,"FW,MF",Gaziantep FK,24,1999,29,18,"1,595",17.7,3,3,6,3,0,0,2,0,0.17,0.17,0.34,0.17,0.34,Matches,0.12,0.21,26,14,53.8,0.79,1.47,,,,,,,,,,,,,,,,,,,Süper Lig,2024-2025
4fe1f01d,Enis Destan,Enis Destan,tr TUR,"FW,MF",Trabzonspor,22,2002,18,4,509,5.7,0,1,1,0,0,0,2,0,0.00,0.18,0.18,0.00,0.18,Matches,0.00,0.00,13,6,46.2,1.06,2.30,,,,,,,,,,,,,,,,,,,Süper Lig,2024-2025
52b3c895,Ersin Destanoğlu,Ersin Destanoğlu,tr TUR,GK,Beşiktaş,23,2001,2,2,180,2.0,0,0,0,0,0,0,3,0,0.00,0.00,0.00,0.00,0.00,Matches,,,0,0,,0.00,0.00,0,0.0,2,2,3,1.50,1,180,0,0,0,,0,70.0,7,10,0,1,Süper Lig,2024-2025
f4547573,Lamine Diack,Lamine Diack,sn SEN,MF,Hatayspor,23,2000,21,19,"1,634",18.2,0,1,1,0,0,0,4,0,0.00,0.06,0.06,0.00,0.06,Matches,0.00,,11,0,0.0,0.00,0.61,,,,,,,,,,,,,,,,,,,Süper Lig,2024-2025
9b00a9bd,Soner Dikmen,Soner Dikmen,tr TUR,MF,Antalyaspor,30,1993,29,19,"1,641",18.2,4,0,4,4,0,0,1,0,0.22,0.00,0.22,0.22,0.22,Matches,0.22,0.50,18,8,44.4,0.44,0.99,,,,,,,,,,,,,,,,,,,Süper Lig,2024-2025
f4a8c4ea,Deniz Dilmen,Deniz Dilmen,tr TUR,GK,Başakşehir,19,2005,2,2,180,2.0,0,0,0,0,0,0,1,0,0.00,0.00,0.00,0.00,0.00,Matches,,,0,0,,0.00,0.00,0,0.0,2,2,6,3.00,2,180,1,1,0,0.0,0,50.0,5,10,0,0,Süper Lig,2024-2025
b5f63410,Landry Dimata,Landry Dimata,be BEL,"MF,FW",Samsunspor,26,1997,30,17,"1,590",17.7,7,3,10,7,0,0,8,0,0.40,0.17,0.57,0.40,0.57,Matches,0.16,0.35,44,20,45.5,1.13,2.49,,,,,,,,,,,,,,,,,,,Süper Lig,2024-2025
3f1ae2e2,Zdravko Dimitrov,Zdravko Dimitrov,bg BUL,MF,BB Bodrumspor,25,1998,29,15,"1,492",16.6,2,2,4,1,1,1,1,0,0.12,0.12,0.24,0.06,0.18,Matches,0.03,0.08,31,13,41.9,0.78,1.87,,,,,,,,,,,,,,,,,,,Süper Lig,2024-2025
76962f73,Sokratis Dioudis,Sokratis Dioudis,gr GRE,GK,Gaziantep FK,31,1993,20,18,"1,660",18.4,0,0,0,0,0,0,1,0,0.00,0.00,0.00,0.00,0.00,Matches,,,0,0,,0.00,0.00,5,27.8,20,18,27,1.46,9,"1,660",3,4,0,25.0,1,68.8,54,77,3,6,Süper Lig,2024-2025
c632fa35,Novatus Dismas,Novatus Dismas,tz TAN,"MF,DF",Göztepe,21,2002,22,16,"1,526",17.0,4,1,5,4,0,0,4,0,0.24,0.06,0.29,0.24,0.29,Matches,0.25,0.57,16,7,43.8,0.41,0.94,,,,,,,,,,,,,,,,,,,Süper Lig,2024-2025
7282f5bf,Silva Djalma Antonio,Silva Djalma Antonio,br BRA,"MF,DF",Göztepe,29,1994,23,22,"1,846",20.5,1,2,3,1,0,0,3,0,0.05,0.10,0.15,0.05,0.15,Matches,0.04,0.25,26,4,15.4,0.20,1.27,,,,,,,,,,,,,,,,,,,Süper Lig,2024-2025
a4cfe0ea,Matchoi Djaló,Matchoi Djaló,pt POR,MF,Başakşehir,21,2003,9,1,143,1.6,0,0,0,0,0,0,0,0,0.00,0.00,0.00,0.00,0.00,Matches,0.00,0.00,7,1,14.3,0.63,4.41,,,,,,,,,,,,,,,,,,,Süper Lig,2024-2025
254147d4,Moussa Djenepo,Moussa Djenepo,ml MLI,"MF,FW",Antalyaspor,26,1998,23,11,"1,062",11.8,2,0,2,2,0,0,8,0,0.17,0.00,0.17,0.17,0.17,Matches,0.18,0.50,11,4,36.4,0.34,0.93,,,,,,,,,,,,,,,,,,,Süper Lig,2024-2025
43e7a164,Alexander Djiku,Alexander Djiku,gh GHA,DF,Fenerbahçe,29,1994,25,19,"1,624",18.0,0,0,0,0,0,0,7,0,0.00,0.00,0.00,0.00,0.00,Matches,0.00,0.00,9,2,22.2,0.11,0.50,,,,,,,,,,,,,,,,,,,Süper Lig,2024-2025
483f9da4,Deniz Donmezer,Deniz Donmezer,,GK,Adana Demirspor,15,2008,18,18,"1,543",17.1,0,0,0,0,0,0,1,0,0.00,0.00,0.00,0.00,0.00,Matches,,,0,0,,0.00,0.00,0,0.0,18,18,44,2.57,13,"1,543",4,7,0,42.9,3,63.0,71,108,2,3,Süper Lig,2024-2025
0e490f6e,Denis Drăguș,Denis Drăguș,ro ROU,"MF,FW",Trabzonspor,25,1999,18,11,911,10.1,2,1,3,2,0,0,1,0,0.20,0.10,0.30,0.20,0.30,Matches,0.10,0.22,21,9,42.9,0.89,2.07,,,,,,,,,,,,,,,,,,,Süper Lig,2024-2025
f0797d57,Rick van Drongelen,Rick van Drongelen,nl NED,DF,Samsunspor,25,1998,33,33,"2,943",32.7,3,0,3,3,0,0,11,1,0.09,0.00,0.09,0.09,0.09,Matches,0.13,0.33,24,9,37.5,0.28,0.73,,,,,,,,,,,,,,,,,,,Süper Lig,2024-2025
73ddc40c,Léo Duarte,Léo Duarte,br BRA,DF,Başakşehir,28,1996,29,28,"2,466",27.4,2,0,2,2,0,0,1,0,0.07,0.00,0.07,0.07,0.07,Matches,0.13,0.40,16,5,31.3,0.18,0.58,,,,,,,,,,,,,,,,,,,Süper Lig,2024-2025
ff0ab48c,Leo Dubois,Leo Dubois,fr FRA,DF,Eyüpspor,29,1994,10,9,753,8.4,0,0,0,0,0,0,0,0,0.00,0.00,0.00,0.00,0.00,Matches,0.00,0.00,1,1,100.0,0.12,0.12,,,,,,,,,,,,,,,,,,,Süper Lig,2024-2025
ff0ab48c,Leo Dubois,Leo Dubois,fr FRA,DF,Eyüpspor,29,1994,10,9,753,8.4,0,0,0,0,0,0,0,0,0.00,0.00,0.00,0.00,0.00,Matches,,,0,0,,0.00,0.00,,,,,,,,,,,,,,,,,,,Süper Lig,2024-2025
ff0ab48c,Leo Dubois,Leo Dubois,fr FRA,DF,Galatasaray,29,1994,2,2,158,1.8,0,0,0,0,0,0,0,0,0.00,0.00,0.00,0.00,0.00,Matches,0.00,0.00,1,1,100.0,0.12,0.12,,,,,,,,,,,,,,,,,,,Süper Lig,2024-2025
ff0ab48c,Leo Dubois,Leo Dubois,fr FRA,DF,Galatasaray,29,1994,2,2,158,1.8,0,0,0,0,0,0,0,0,0.00,0.00,0.00,0.00,0.00,Matches,,,0,0,,0.00,0.00,,,,,,,,,,,,,,,,,,,Süper Lig,2024-2025
f333ac24,Celal Dumanlı,Celal Dumanlı,tr TUR,FW,BB Bodrumspor,30,1994,23,1,293,3.3,0,0,0,0,0,0,2,0,0.00,0.00,0.00,0.00,0.00,Matches,0.00,0.00,10,3,30.0,0.92,3.07,,,,,,,,,,,,,,,,,,,Süper Lig,2024-2025
9cf19b9d,Tibet Durakçay,Tibet Durakçay,,FW,Göztepe,18,2006,1,0,1,0.0,0,0,0,0,0,0,0,0,0.00,0.00,0.00,0.00,0.00,Matches,,,0,0,,0.00,0.00,,,,,,,,,,,,,,,,,,,Süper Lig,2024-2025
36d836c9,Abdurrahim Dursun,Abdurrahim Dursun,tr TUR,DF,Antalyaspor,25,1998,17,4,505,5.6,0,0,0,0,0,0,2,0,0.00,0.00,0.00,0.00,0.00,Matches,0.00,,1,0,0.0,0.00,0.18,,,,,,,,,,,,,,,,,,,Süper Lig,2024-2025
a80d2da5,Serdar Dursun,Serdar Dursun,tr TUR,FW,Alanyaspor,32,1991,12,2,334,3.7,0,0,0,0,0,0,1,0,0.00,0.00,0.00,0.00,0.00,Matches,0.00,0.00,9,1,11.1,0.27,2.43,,,,,,,,,,,,,,,,,,,Süper Lig,2024-2025
ec2ba811,Samet Duyur,Samet Duyur,,FW,Adana Demirspor,14,2009,1,0,9,0.1,0,0,0,0,0,0,0,0,0.00,0.00,0.00,0.00,0.00,Matches,,,0,0,,0.00,0.00,,,,,,,,,,,,,,,,,,,Süper Lig,2024-2025
3bb7f478,Edin Džeko,Edin Džeko,ba BIH,FW,Fenerbahçe,38,1986,35,24,"2,243",24.9,14,4,18,11,3,4,1,0,0.56,0.16,0.72,0.44,0.60,Matches,0.10,0.25,107,44,41.1,1.77,4.29,,,,,,,,,,,,,,,,,,,Süper Lig,2024-2025
dbfa4f16,Festy Ebosele,Festy Ebosele,ie IRL,DF,Başakşehir,21,2002,7,1,117,1.3,0,0,0,0,0,0,0,0,0.00,0.00,0.00,0.00,0.00,Matches,0.00,,1,0,0.0,0.00,0.77,,,,,,,,,,,,,,,,,,,Süper Lig,2024-2025
8eeb8ba4,Eren Elmalı,Eren Elmalı,tr TUR,DF,Trabzonspor,24,2000,18,17,"1,515",16.8,0,1,1,0,0,0,3,0,0.00,0.06,0.06,0.00,0.06,Matches,0.00,,8,0,0.0,0.00,0.48,,,,,,,,,,,,,,,,,,,Süper Lig,2024-2025
8eeb8ba4,Eren Elmalı,Eren Elmalı,tr TUR,DF,Trabzonspor,24,2000,18,17,"1,515",16.8,0,1,1,0,0,0,3,0,0.00,0.06,0.06,0.00,0.06,Matches,0.00,0.00,3,2,66.7,0.21,0.31,,,,,,,,,,,,,,,,,,,Süper Lig,2024-2025
8eeb8ba4,Eren Elmalı,Eren Elmalı,tr TUR,DF,Galatasaray,24,2000,13,10,868,9.6,0,0,0,0,0,0,2,0,0.00,0.00,0.00,0.00,0.00,Matches,0.00,,8,0,0.0,0.00,0.48,,,,,,,,,,,,,,,,,,,Süper Lig,2024-2025
8eeb8ba4,Eren Elmalı,Eren Elmalı,tr TUR,DF,Galatasaray,24,2000,13,10,868,9.6,0,0,0,0,0,0,2,0,0.00,0.00,0.00,0.00,0.00,Matches,0.00,0.00,3,2,66.7,0.21,0.31,,,,,,,,,,,,,,,,,,,Süper Lig,2024-2025
64748421,Bartuğ Elmaz,Bartuğ Elmaz,tr TUR,MF,Fenerbahçe,21,2003,2,0,18,0.2,0,0,0,0,0,0,1,0,0.00,0.00,0.00,0.00,0.00,Matches,,,0,0,,0.00,0.00,,,,,,,,,,,,,,,,,,,Süper Lig,2024-2025
ac24342e,Emersonn,Emersonn,br BRA,FW,Göztepe,20,2004,14,2,461,5.1,1,0,1,1,0,0,0,0,0.20,0.00,0.20,0.20,0.20,Matches,0.05,0.11,22,9,40.9,1.76,4.30,,,,,,,,,,,,,,,,,,,Süper Lig,2024-2025
a59c7d0d,Yunus Emre Çift,Yunus Emre Çift,tr TUR,"DF,MF",Samsunspor,20,2003,14,9,939,10.4,0,0,0,0,0,0,2,0,0.00,0.00,0.00,0.00,0.00,Matches,0.00,,1,0,0.0,0.00,0.10,,,,,,,,,,,,,,,,,,,Süper Lig,2024-2025
4658891d,Taha Emre İnce,Taha Emre İnce,tr TUR,DF,Trabzonspor,17,2007,1,0,8,0.1,0,0,0,0,0,0,0,0,0.00,0.00,0.00,0.00,0.00,Matches,,,0,0,,0.00,0.00,,,,,,,,,,,,,,,,,,,Süper Lig,2024-2025
82f405d5,Ali Emre Yanar,Ali Emre Yanar,,GK,Kasımpaşa,26,1998,1,1,90,1.0,0,0,0,0,0,0,1,0,0.00,0.00,0.00,0.00,0.00,Matches,,,0,0,,0.00,0.00,0,0.0,1,1,3,3.00,0,90,0,0,0,,0,50.0,3,6,0,1,Süper Lig,2024-2025
04e17fd5,Youssef En-Nesyri,Youssef En-Nesyri,ma MAR,FW,Fenerbahçe,27,1997,34,22,"2,001",22.2,20,4,24,20,0,0,4,0,0.90,0.18,1.08,0.90,1.08,Matches,0.19,0.47,108,43,39.8,1.93,4.86,,,,,,,,,,,,,,,,,,,Süper Lig,2024-2025
b2cf782c,Mehmet Eray Özbek,Mehmet Eray Özbek,,MF,Kayserispor,21,2003,13,3,317,3.5,0,0,0,0,0,0,0,0,0.00,0.00,0.00,0.00,0.00,Matches,0.00,0.00,7,4,57.1,1.14,1.99,,,,,,,,,,,,,,,,,,,Süper Lig,2024-2025
63458a96,Ziya Erdal,Ziya Erdal,tr TUR,"DF,MF",Sivasspor,36,1988,12,5,410,4.6,0,0,0,0,0,0,4,0,0.00,0.00,0.00,0.00,0.00,Matches,,,0,0,,0.00,0.00,,,,,,,,,,,,,,,,,,,Süper Lig,2024-2025
571d3ac1,Doğan Erdoğan,Doğan Erdoğan,tr TUR,MF,Göztepe,27,1996,17,7,654,7.3,1,0,1,1,0,0,1,0,0.14,0.00,0.14,0.14,0.14,Matches,0.11,0.25,9,4,44.4,0.55,1.24,,,,,,,,,,,,,,,,,,,Süper Lig,2024-2025
1469d291,Yusuf Erdoğan,Yusuf Erdoğan,tr TUR,"MF,FW",Konyaspor,31,1992,34,29,"2,312",25.7,3,7,10,3,0,0,3,0,0.12,0.27,0.39,0.12,0.39,Matches,0.08,0.27,39,11,28.2,0.43,1.52,,,,,,,,,,,,,,,,,,,Süper Lig,2024-2025
24ef4606,Adam Eren Kabak,Adam Eren Kabak,,DF,Konyaspor,23,2000,2,0,2,0.0,0,0,0,0,0,0,0,0,0.00,0.00,0.00,0.00,0.00,Matches,,,0,0,,0.00,0.00,,,,,,,,,,,,,,,,,,,Süper Lig,2024-2025
e887928a,Onur Ergün,Onur Ergün,tr TUR,"MF,DF",Başakşehir,31,1992,17,11,962,10.7,0,0,0,0,0,0,4,0,0.00,0.00,0.00,0.00,0.00,Matches,0.00,0.00,6,1,16.7,0.09,0.56,,,,,,,,,,,,,,,,,,,Süper Lig,2024-2025
452ae124,Üzeyir Ergün,Üzeyir Ergün,,DF,BB Bodrumspor,31,1992,25,19,"1,608",17.9,0,1,1,0,0,0,2,0,0.00,0.06,0.06,0.00,0.06,Matches,0.00,,7,0,0.0,0.00,0.39,,,,,,,,,,,,,,,,,,,Süper Lig,2024-2025
15b6e8d7,Caner Erkin,Caner Erkin,tr TUR,DF,Eyüpspor,35,1988,26,17,"1,480",16.4,0,5,5,0,0,0,6,1,0.00,0.30,0.30,0.00,0.30,Matches,0.00,0.00,12,5,41.7,0.30,0.73,,,,,,,,,,,,,,,,,,,Süper Lig,2024-2025
0bb6fe40,Burhan Ersoy,Burhan Ersoy,,DF,Adana Demirspor,21,2003,18,13,963,10.7,0,0,0,0,0,0,3,0,0.00,0.00,0.00,0.00,0.00,Matches,0.00,,1,0,0.0,0.00,0.09,,,,,,,,,,,,,,,,,,,Süper Lig,2024-2025
dd97ba77,Ertuğrul Ersoy,Ertuğrul Ersoy,tr TUR,DF,Gaziantep FK,27,1997,17,12,899,10.0,1,0,1,1,0,0,4,0,0.10,0.00,0.10,0.10,0.10,Matches,0.25,0.33,4,3,75.0,0.30,0.40,,,,,,,,,,,,,,,,,,,Süper Lig,2024-2025
a038e138,Deniz Ertaş,Deniz Ertaş,tr TUR,GK,Konyaspor,19,2005,12,12,"1,080",12.0,0,0,0,0,0,0,2,0,0.00,0.00,0.00,0.00,0.00,Matches,,,0,0,,0.00,0.00,4,33.3,12,12,12,1.00,4,"1,080",2,2,0,0.0,0,77.8,35,45,1,7,Süper Lig,2024-2025
40a5ecd5,Osman Ertuğrul Çetin,Osman Ertuğrul Çetin,tr TUR,GK,Fenerbahçe,21,2003,2,1,148,1.6,0,0,0,0,0,0,0,0,0.00,0.00,0.00,0.00,0.00,Matches,,,0,0,,0.00,0.00,0,0.0,2,1,5,3.04,1,148,1,1,0,0.0,0,50.0,4,8,0,0,Süper Lig,2024-2025
412a7187,Murat Eser,Murat Eser,,GK,Adana Demirspor,19,2005,8,4,422,4.7,0,0,0,0,0,0,2,0,0.00,0.00,0.00,0.00,0.00,Matches,,,0,0,,0.00,0.00,1,25.0,8,4,10,2.13,3,422,1,1,0,0.0,0,71.9,23,32,1,0,Süper Lig,2024-2025
a9dddaed,Mustafa Eskihellaç,Mustafa Eskihellaç,tr TUR,"DF,MF",Gaziantep FK,27,1997,16,14,"1,260",14.0,0,1,1,0,0,0,3,0,0.00,0.07,0.07,0.00,0.07,Matches,0.00,0.00,17,6,35.3,0.43,1.21,,,,,,,,,,,,,,,,,,,Süper Lig,2024-2025
a9dddaed,Mustafa Eskihellaç,Mustafa Eskihellaç,tr TUR,"DF,MF",Gaziantep FK,27,1997,16,14,"1,260",14.0,0,1,1,0,0,0,3,0,0.00,0.07,0.07,0.00,0.07,Matches,0.00,0.00,8,2,25.0,0.15,0.61,,,,,,,,,,,,,,,,,,,Süper Lig,2024-2025
a9dddaed,Mustafa Eskihellaç,Mustafa Eskihellaç,tr TUR,"DF,MF",Trabzonspor,27,1997,14,14,"1,187",13.2,0,2,2,0,0,0,1,0,0.00,0.15,0.15,0.00,0.15,Matches,0.00,0.00,17,6,35.3,0.43,1.21,,,,,,,,,,,,,,,,,,,Süper Lig,2024-2025
a9dddaed,Mustafa Eskihellaç,Mustafa Eskihellaç,tr TUR,"DF,MF",Trabzonspor,27,1997,14,14,"1,187",13.2,0,2,2,0,0,0,1,0,0.00,0.15,0.15,0.00,0.15,Matches,0.00,0.00,8,2,25.0,0.15,0.61,,,,,,,,,,,,,,,,,,,Süper Lig,2024-2025
79666d5a,Jhon Espinoza,Jhon Espinoza,ec ECU,"DF,MF",Kasımpaşa,25,1999,22,9,"1,010",11.2,0,0,0,0,0,0,3,0,0.00,0.00,0.00,0.00,0.00,Matches,0.00,0.00,12,2,16.7,0.18,1.07,,,,,,,,,,,,,,,,,,,Süper Lig,2024-2025
1524bd4c,Mamadou Fall,Mamadou Fall,sn SEN,"MF,FW",Kasımpaşa,32,1991,36,33,"3,031",33.7,10,5,15,10,0,0,2,0,0.30,0.15,0.45,0.30,0.45,Matches,0.22,0.50,45,20,44.4,0.59,1.34,,,,,,,,,,,,,,,,,,,Süper Lig,2024-2025
8307b663,Ömer Faruk Beyaz,Ömer Faruk Beyaz,tr TUR,MF,Başakşehir,20,2003,15,3,300,3.3,1,0,1,1,0,0,0,0,0.30,0.00,0.30,0.30,0.30,Matches,0.13,0.50,8,2,25.0,0.60,2.40,,,,,,,,,,,,,,,,,,,Süper Lig,2024-2025
677da306,Ohis Felix Uduokhai,Ohis Felix Uduokhai,de GER,DF,Beşiktaş,26,1997,26,25,"2,171",24.1,0,0,0,0,0,0,3,0,0.00,0.00,0.00,0.00,0.00,Matches,0.00,0.00,13,2,15.4,0.08,0.54,,,,,,,,,,,,,,,,,,,Süper Lig,2024-2025
e2dde94c,Gedson Fernandes,Gedson Fernandes,pt POR,MF,Beşiktaş,25,1999,34,34,"2,946",32.7,7,0,7,6,1,2,4,1,0.21,0.00,0.21,0.18,0.18,Matches,0.12,0.35,52,17,32.7,0.52,1.59,,,,,,,,,,,,,,,,,,,Süper Lig,2024-2025
31c7bfaf,Joelson Fernandes,Joelson Fernandes,pt POR,"MF,FW",Hatayspor,21,2003,34,26,"2,256",25.1,3,3,6,2,1,1,8,0,0.12,0.12,0.24,0.08,0.20,Matches,0.04,0.10,50,20,40.0,0.80,1.99,,,,,,,,,,,,,,,,,,,Süper Lig,2024-2025
408f410d,Diogo Fesnard Sousa,Diogo Fesnard Sousa,pt POR,GK,BB Bodrumspor,25,1998,32,31,"2,851",31.7,0,0,0,0,0,0,4,0,0.00,0.00,0.00,0.00,0.00,Matches,,,0,0,,0.00,0.00,13,41.9,32,31,32,1.01,13,"2,851",3,3,0,0.0,0,75.2,88,117,9,9,Süper Lig,2024-2025
d7f941f7,Ali Fidan,Ali Fidan,,DF,Adana Demirspor,17,2006,2,0,18,0.2,0,0,0,0,0,0,0,0,0.00,0.00,0.00,0.00,0.00,Matches,0.00,,1,0,0.0,0.00,5.00,,,,,,,,,,,,,,,,,,,Süper Lig,2024-2025
804f159a,João Figueiredo,João Figueiredo,my MAS,"MF,FW",Başakşehir,28,1996,34,13,"1,452",16.1,7,0,7,5,2,2,2,0,0.43,0.00,0.43,0.31,0.31,Matches,0.13,0.28,39,18,46.2,1.12,2.42,,,,,,,,,,,,,,,,,,,Süper Lig,2024-2025
7afb6d1f,Breyton Fougeu,Breyton Fougeu,fr FRA,"DF,MF",Adana Demirspor,20,2004,14,3,491,5.5,0,1,1,0,0,0,0,0,0.00,0.18,0.18,0.00,0.18,Matches,0.00,0.00,4,1,25.0,0.18,0.73,,,,,,,,,,,,,,,,,,,Süper Lig,2024-2025
00a8d210,Przemysław Frankowski,Przemysław Frankowski,pl POL,"DF,MF",Galatasaray,29,1995,12,10,782,8.7,0,1,1,0,0,0,2,1,0.00,0.12,0.12,0.00,0.12,Matches,0.00,0.00,9,2,22.2,0.23,1.04,,,,,,,,,,,,,,,,,,,Süper Lig,2024-2025
b853e0ad,Fred,Fred,br BRA,MF,Fenerbahçe,31,1993,31,29,"2,574",28.6,5,4,9,5,0,0,7,0,0.17,0.14,0.31,0.17,0.31,Matches,0.11,0.33,47,15,31.9,0.52,1.64,,,,,,,,,,,,,,,,,,,Süper Lig,2024-2025
91d6f393,Fredy,Fredy,ao ANG,MF,BB Bodrumspor,34,1990,34,31,"2,758",30.6,3,1,4,3,0,0,2,1,0.10,0.03,0.13,0.10,0.13,Matches,0.06,0.23,48,13,27.1,0.42,1.57,,,,,,,,,,,,,,,,,,,Süper Lig,2024-2025
2f6f9cf6,Mert Furkan Bayram,Mert Furkan Bayram,tr TUR,GK,Alanyaspor,19,2005,1,0,4,0.0,0,0,0,0,0,0,0,0,0.00,0.00,0.00,0.00,0.00,Matches,,,0,0,,0.00,0.00,1,,1,0,0,0.00,0,4,0,0,0,,0,,0,0,0,0,Süper Lig,2024-2025
8dfed6e9,Adolfo Gaich,Adolfo Gaich,ar ARG,FW,Antalyaspor,25,1999,33,10,"1,304",14.5,8,0,8,7,1,1,4,0,0.55,0.00,0.55,0.48,0.48,Matches,0.21,0.39,34,18,52.9,1.24,2.35,,,,,,,,,,,,,,,,,,,Süper Lig,2024-2025
62f94e47,Emrehan Gedikli,Emrehan Gedikli,de GER,FW,Konyaspor,21,2003,2,0,15,0.2,0,0,0,0,0,0,0,0,0.00,0.00,0.00,0.00,0.00,Matches,0.00,,1,0,0.0,0.00,6.00,,,,,,,,,,,,,,,,,,,Süper Lig,2024-2025
4a9fd879,Amar Gerxhaliu,Amar Gerxhaliu,xk KVX,DF,Antalyaspor,22,2002,15,6,617,6.9,0,0,0,0,0,0,1,0,0.00,0.00,0.00,0.00,0.00,Matches,,,0,0,,0.00,0.00,,,,,,,,,,,,,,,,,,,Süper Lig,2024-2025
cfa935e1,Baran Gezek,Baran Gezek,tr TUR,MF,Kayserispor,18,2005,20,11,984,10.9,0,0,0,0,0,0,4,0,0.00,0.00,0.00,0.00,0.00,Matches,0.00,0.00,4,3,75.0,0.27,0.37,,,,,,,,,,,,,,,,,,,Süper Lig,2024-2025
e2584fe9,Beytullah Gezer,Beytullah Gezer,,FW,Adana Demirspor,14,2010,1,0,9,0.1,0,0,0,0,0,0,0,0,0.00,0.00,0.00,0.00,0.00,Matches,,,0,0,,0.00,0.00,,,,,,,,,,,,,,,,,,,Süper Lig,2024-2025
c52f85d4,Nevzat Gezer,Nevzat Gezer,,MF,Gaziantep FK,18,2006,1,0,9,0.1,0,0,0,0,0,0,0,0,0.00,0.00,0.00,0.00,0.00,Matches,,,0,0,,0.00,0.00,,,,,,,,,,,,,,,,,,,Süper Lig,2024-2025
dc3a9a0d,Rachid Ghezzal,Rachid Ghezzal,dz ALG,MF,Rizespor,32,1992,23,17,"1,451",16.1,3,2,5,1,2,3,5,1,0.19,0.12,0.31,0.06,0.19,Matches,0.04,0.09,25,11,44.0,0.68,1.55,,,,,,,,,,,,,,,,,,,Süper Lig,2024-2025
8ae07c1c,Andreas Gianniotis,Andreas Gianniotis,gr GRE,GK,Kasımpaşa,31,1992,33,33,"2,970",33.0,0,1,1,0,0,0,3,0,0.00,0.03,0.03,0.00,0.03,Matches,,,0,0,,0.00,0.00,7,21.2,33,33,56,1.70,10,"2,970",9,14,2,25.0,3,60.5,75,119,14,9,Süper Lig,2024-2025
f6232412,Yilmaz Gin,Yilmaz Gin,,FW,Sivasspor,16,2008,1,0,1,0.0,0,0,0,0,0,0,0,0,0.00,0.00,0.00,0.00,0.00,Matches,,,0,0,,0.00,0.00,,,,,,,,,,,,,,,,,,,Süper Lig,2024-2025
b4f764a0,Emre Gökay,Emre Gökay,tr TUR,FW,Sivasspor,18,2006,2,0,26,0.3,0,0,0,0,0,0,0,0,0.00,0.00,0.00,0.00,0.00,Matches,,,0,0,,0.00,0.00,,,,,,,,,,,,,,,,,,,Süper Lig,2024-2025
d9b9b71a,Eulânio Ângelo Chipela Gomes,Eulânio Ângelo Chipela Gomes,gw GNB,"DF,FW",Samsunspor,30,1994,1,0,7,0.1,0,0,0,0,0,0,0,0,0.00,0.00,0.00,0.00,0.00,Matches,,,0,0,,0.00,0.00,,,,,,,,,,,,,,,,,,,Süper Lig,2024-2025
09e60771,Soner Gönül,Soner Gönül,tr TUR,DF,Samsunspor,27,1997,25,3,468,5.2,0,0,0,0,0,0,2,0,0.00,0.00,0.00,0.00,0.00,Matches,0.00,0.00,5,2,40.0,0.38,0.96,,,,,,,,,,,,,,,,,,,Süper Lig,2024-2025
49136c42,Andrew Gravillon,Andrew Gravillon,gp GLP,"DF,MF",Adana Demirspor,26,1998,8,8,720,8.0,2,0,2,1,1,1,0,0,0.25,0.00,0.25,0.12,0.12,Matches,0.08,0.20,12,5,41.7,0.62,1.50,,,,,,,,,,,,,,,,,,,Süper Lig,2024-2025
3f034750,Ivo Grbić,Ivo Grbić,hr CRO,GK,Rizespor,28,1996,22,22,"1,979",22.0,0,0,0,0,0,0,4,0,0.00,0.00,0.00,0.00,0.00,Matches,,,0,0,,0.00,0.00,4,18.2,22,22,31,1.41,10,"1,979",2,2,0,0.0,0,66.3,57,86,1,11,Süper Lig,2024-2025
9112b074,Gökhan Gül,Gökhan Gül,de GER,MF,Kasımpaşa,26,1998,25,17,"1,562",17.4,2,3,5,2,0,0,3,0,0.12,0.17,0.29,0.12,0.29,Matches,0.06,0.17,31,12,38.7,0.69,1.79,,,,,,,,,,,,,,,,,,,Süper Lig,2024-2025
4840d914,Sefa Gülay,Sefa Gülay,,FW,Adana Demirspor,18,2006,1,0,21,0.2,0,0,0,0,0,0,0,0,0.00,0.00,0.00,0.00,0.00,Matches,0.00,,1,0,0.0,0.00,4.29,,,,,,,,,,,,,,,,,,,Süper Lig,2024-2025
0feeeef0,Semih Güler,Semih Güler,,DF,Gaziantep FK,29,1994,13,9,864,9.6,1,0,1,1,0,0,2,0,0.10,0.00,0.10,0.10,0.10,Matches,0.25,1.00,4,1,25.0,0.10,0.42,,,,,,,,,,,,,,,,,,,Süper Lig,2024-2025
0feeeef0,Semih Güler,Semih Güler,,DF,Gaziantep FK,29,1994,13,9,864,9.6,1,0,1,1,0,0,2,0,0.10,0.00,0.10,0.10,0.10,Matches,0.13,0.33,16,6,37.5,0.29,0.76,,,,,,,,,,,,,,,,,,,Süper Lig,2024-2025
0feeeef0,Semih Güler,Semih Güler,,DF,Adana Demirspor,29,1994,21,21,"1,890",21.0,2,0,2,2,0,0,6,0,0.10,0.00,0.10,0.10,0.10,Matches,0.25,1.00,4,1,25.0,0.10,0.42,,,,,,,,,,,,,,,,,,,Süper Lig,2024-2025
0feeeef0,Semih Güler,Semih Güler,,DF,Adana Demirspor,29,1994,21,21,"1,890",21.0,2,0,2,2,0,0,6,0,0.10,0.00,0.10,0.10,0.10,Matches,0.13,0.33,16,6,37.5,0.29,0.76,,,,,,,,,,,,,,,,,,,Süper Lig,2024-2025
28f82e29,Ramazan Gülerce,Ramazan Gülerce,,DF,Antalyaspor,22,2002,1,0,1,0.0,0,0,0,0,0,0,0,0,0.00,0.00,0.00,0.00,0.00,Matches,,,0,0,,0.00,0.00,,,,,,,,,,,,,,,,,,,Süper Lig,2024-2025
ac1f056e,Sinan Gümüş,Sinan Gümüş,de GER,"FW,MF",Eyüpspor,30,1994,3,0,15,0.2,0,0,0,0,0,0,0,0,0.00,0.00,0.00,0.00,0.00,Matches,,,0,0,,0.00,0.00,,,,,,,,,,,,,,,,,,,Süper Lig,2024-2025
f804cfd9,Muhammed Gümüskaya,Muhammed Gümüskaya,tr TUR,MF,Gaziantep FK,23,2001,3,0,36,0.4,0,0,0,0,0,0,0,0,0.00,0.00,0.00,0.00,0.00,Matches,0.00,,3,0,0.0,0.00,7.50,,,,,,,,,,,,,,,,,,,Süper Lig,2024-2025
bfe018f7,Muhammet Güneş,Muhammet Güneş,,DF,Gaziantep FK,18,2006,1,1,57,0.6,0,0,0,0,0,0,0,0,0.00,0.00,0.00,0.00,0.00,Matches,,,0,0,,0.00,0.00,,,,,,,,,,,,,,,,,,,Süper Lig,2024-2025
b40fec30,Umut Güneş,Umut Güneş,tr TUR,MF,Başakşehir,24,2000,12,7,615,6.8,0,1,1,0,0,0,0,0,0.00,0.15,0.15,0.00,0.15,Matches,0.00,0.00,8,2,25.0,0.29,1.17,,,,,,,,,,,,,,,,,,,Süper Lig,2024-2025
b40fec30,Umut Güneş,Umut Güneş,tr TUR,MF,Başakşehir,24,2000,12,7,615,6.8,0,1,1,0,0,0,0,0,0.00,0.15,0.15,0.00,0.15,Matches,0.00,0.00,9,1,11.1,0.20,1.83,,,,,,,,,,,,,,,,,,,Süper Lig,2024-2025
b40fec30,Umut Güneş,Umut Güneş,tr TUR,MF,Trabzonspor,24,2000,10,6,443,4.9,0,0,0,0,0,0,0,0,0.00,0.00,0.00,0.00,0.00,Matches,0.00,0.00,8,2,25.0,0.29,1.17,,,,,,,,,,,,,,,,,,,Süper Lig,2024-2025
b40fec30,Umut Güneş,Umut Güneş,tr TUR,MF,Trabzonspor,24,2000,10,6,443,4.9,0,0,0,0,0,0,0,0,0.00,0.00,0.00,0.00,0.00,Matches,0.00,0.00,9,1,11.1,0.20,1.83,,,,,,,,,,,,,,,,,,,Süper Lig,2024-2025
b583aef5,Mert Günok,Mert Günok,tr TUR,GK,Beşiktaş,35,1989,34,34,"3,060",34.0,0,0,0,0,0,0,4,0,0.00,0.00,0.00,0.00,0.00,Matches,,,0,0,,0.00,0.00,11,32.4,34,34,33,0.97,7,"3,060",1,1,0,0.0,0,74.4,93,125,11,16,Süper Lig,2024-2025
f1f1f238,Koray Günter,Koray Günter,de GER,DF,Göztepe,29,1994,25,21,"1,747",19.4,2,0,2,2,0,0,5,1,0.10,0.00,0.10,0.10,0.10,Matches,0.11,0.40,18,5,27.8,0.26,0.93,,,,,,,,,,,,,,,,,,,Süper Lig,2024-2025
089c2240,Hamza Güreler,Hamza Güreler,tr TUR,DF,Başakşehir,18,2006,20,11,"1,141",12.7,0,0,0,0,0,0,4,0,0.00,0.00,0.00,0.00,0.00,Matches,0.00,0.00,4,1,25.0,0.08,0.32,,,,,,,,,,,,,,,,,,,Süper Lig,2024-2025
8d2ad5c0,Serdar Gürler,Serdar Gürler,tr TUR,"MF,FW",Başakşehir,32,1991,12,8,644,7.2,1,1,2,1,0,0,1,0,0.14,0.14,0.28,0.14,0.28,Matches,0.07,0.20,15,5,33.3,0.70,2.10,,,,,,,,,,,,,,,,,,,Süper Lig,2024-2025
561bdd48,Yücel Gürol,Yücel Gürol,,DF,Adana Demirspor,19,2005,1,0,3,0.0,0,0,0,0,0,0,0,0,0.00,0.00,0.00,0.00,0.00,Matches,,,0,0,,0.00,0.00,,,,,,,,,,,,,,,,,,,Süper Lig,2024-2025
04c20fef,Günay Güvenç,Günay Güvenç,tr TUR,GK,Galatasaray,33,1991,3,2,181,2.0,0,0,0,0,0,0,0,1,0.00,0.00,0.00,0.00,0.00,Matches,,,0,0,,0.00,0.00,3,150.0,3,2,0,0.00,0,181,0,0,0,,0,100.0,5,5,0,2,Süper Lig,2024-2025
9aa186b2,Florent Hadergjonaj,Florent Hadergjonaj,xk KVX,"DF,MF",Alanyaspor,30,1994,33,31,"2,815",31.3,4,5,9,0,4,4,4,0,0.13,0.16,0.29,0.00,0.16,Matches,0.00,0.00,21,9,42.9,0.29,0.67,,,,,,,,,,,,,,,,,,,Süper Lig,2024-2025
e8213ed3,Amir Hadžiahmetović,Amir Hadžiahmetović,ba BIH,MF,Beşiktaş,27,1997,11,7,714,7.9,0,0,0,0,0,0,0,0,0.00,0.00,0.00,0.00,0.00,Matches,0.00,0.00,7,2,28.6,0.25,0.88,,,,,,,,,,,,,,,,,,,Süper Lig,2024-2025
e8213ed3,Amir Hadžiahmetović,Amir Hadžiahmetović,ba BIH,MF,Beşiktaş,27,1997,11,7,714,7.9,0,0,0,0,0,0,0,0,0.00,0.00,0.00,0.00,0.00,Matches,0.11,1.00,9,1,11.1,0.07,0.62,,,,,,,,,,,,,,,,,,,Süper Lig,2024-2025
e8213ed3,Amir Hadžiahmetović,Amir Hadžiahmetović,ba BIH,MF,Rizespor,27,1997,21,14,"1,308",14.5,1,1,2,1,0,0,2,1,0.07,0.07,0.14,0.07,0.14,Matches,0.00,0.00,7,2,28.6,0.25,0.88,,,,,,,,,,,,,,,,,,,Süper Lig,2024-2025
e8213ed3,Amir Hadžiahmetović,Amir Hadžiahmetović,ba BIH,MF,Rizespor,27,1997,21,14,"1,308",14.5,1,1,2,1,0,0,2,1,0.07,0.07,0.14,0.07,0.14,Matches,0.11,1.00,9,1,11.1,0.07,0.62,,,,,,,,,,,,,,,,,,,Süper Lig,2024-2025
4e07366b,Haris Hajradinović,Haris Hajradinović,ba BIH,MF,Kasımpaşa,30,1994,34,33,"2,892",32.1,9,8,17,2,7,7,5,0,0.28,0.25,0.53,0.06,0.31,Matches,0.03,0.08,69,24,34.8,0.75,2.15,,,,,,,,,,,,,,,,,,,Süper Lig,2024-2025
9a65ae7c,Mustafa Hekimoğlu,Mustafa Hekimoğlu,tr TUR,"MF,FW",Beşiktaş,17,2007,20,6,712,7.9,2,1,3,2,0,0,2,0,0.25,0.13,0.38,0.25,0.38,Matches,0.11,0.29,18,7,38.9,0.88,2.28,,,,,,,,,,,,,,,,,,,Süper Lig,2024-2025
a64b3679,Héliton,Héliton,br BRA,DF,Göztepe,28,1995,34,33,"2,926",32.5,1,0,1,1,0,0,7,0,0.03,0.00,0.03,0.03,0.03,Matches,0.02,0.09,45,11,24.4,0.34,1.38,,,,,,,,,,,,,,,,,,,Süper Lig,2024-2025
3681cfff,Christophe Hérelle,Christophe Hérelle,mq MTQ,DF,BB Bodrumspor,31,1992,15,9,782,8.7,0,0,0,0,0,0,0,0,0.00,0.00,0.00,0.00,0.00,Matches,0.00,,2,0,0.0,0.00,0.23,,,,,,,,,,,,,,,,,,,Süper Lig,2024-2025
2e794081,Armin Hodžić,Armin Hodžić,ba BIH,MF,Hatayspor,24,2000,4,1,85,0.9,0,0,0,0,0,0,2,0,0.00,0.00,0.00,0.00,0.00,Matches,0.00,,1,0,0.0,0.00,1.06,,,,,,,,,,,,,,,,,,,Süper Lig,2024-2025
e248e62f,Carlo Holse,Carlo Holse,dk DEN,MF,Samsunspor,25,1999,34,34,"2,859",31.8,7,2,9,7,0,1,7,0,0.22,0.06,0.28,0.22,0.28,Matches,0.11,0.30,65,23,35.4,0.72,2.05,,,,,,,,,,,,,,,,,,,Süper Lig,2024-2025
d2161bae,Majid Hosseini,Majid Hosseini,ir IRN,DF,Kayserispor,28,1996,14,9,812,9.0,0,0,0,0,0,0,2,1,0.00,0.00,0.00,0.00,0.00,Matches,0.00,,1,0,0.0,0.00,0.11,,,,,,,,,,,,,,,,,,,Süper Lig,2024-2025
33fca7f7,Victor Hugo,Victor Hugo,br BRA,MF,Göztepe,20,2004,29,9,982,10.9,2,0,2,2,0,0,1,0,0.18,0.00,0.18,0.18,0.18,Matches,0.05,0.22,40,9,22.5,0.82,3.67,,,,,,,,,,,,,,,,,,,Süper Lig,2024-2025
93241bd1,Anel Husic,Anel Husic,ch SUI,DF,Gaziantep FK,23,2001,12,12,990,11.0,0,0,0,0,0,0,5,0,0.00,0.00,0.00,0.00,0.00,Matches,0.00,0.00,7,2,28.6,0.18,0.64,,,,,,,,,,,,,,,,,,,Süper Lig,2024-2025
070e39a3,Casper Højer Nielsen,Casper Højer Nielsen,dk DEN,DF,Rizespor,29,1994,27,23,"2,024",22.5,1,6,7,1,0,0,3,0,0.04,0.27,0.31,0.04,0.31,Matches,0.06,0.25,18,4,22.2,0.18,0.80,,,,,,,,,,,,,,,,,,,Süper Lig,2024-2025
6fa87bf4,Melih Ibrahimoglu,Melih Ibrahimoglu,tr TUR,MF,Konyaspor,24,2000,29,16,"1,551",17.2,0,0,0,0,0,0,8,1,0.00,0.00,0.00,0.00,0.00,Matches,0.00,0.00,20,3,15.0,0.17,1.16,,,,,,,,,,,,,,,,,,,Süper Lig,2024-2025
43b78598,Mauro Icardi,Mauro Icardi,ar ARG,FW,Galatasaray,31,1993,7,7,523,5.8,4,1,5,3,1,1,0,0,0.69,0.17,0.86,0.52,0.69,Matches,0.23,0.60,13,5,38.5,0.86,2.24,,,,,,,,,,,,,,,,,,,Süper Lig,2024-2025
969de0e4,Hasan İlçin,Hasan İlçin,tr TUR,MF,Antalyaspor,15,2009,2,1,127,1.4,0,0,0,0,0,0,0,0,0.00,0.00,0.00,0.00,0.00,Matches,0.00,0.00,2,1,50.0,0.71,1.42,,,,,,,,,,,,,,,,,,,Süper Lig,2024-2025
0601e541,Ahmed Ildiz,Ahmed Ildiz,tr TUR,MF,Göztepe,27,1996,24,11,"1,062",11.8,3,1,4,2,1,1,2,0,0.25,0.08,0.34,0.17,0.25,Matches,0.08,0.25,25,8,32.0,0.68,2.12,,,,,,,,,,,,,,,,,,,Süper Lig,2024-2025
4431aed2,Ciro Immobile,Ciro Immobile,it ITA,FW,Beşiktaş,34,1990,30,26,"2,011",22.3,15,4,19,7,8,8,4,0,0.67,0.18,0.85,0.31,0.49,Matches,0.10,0.28,67,25,37.3,1.12,3.00,,,,,,,,,,,,,,,,,,,Süper Lig,2024-2025
f5de08fe,Yusuf İnci,Yusuf İnci,,MF,Kasımpaşa,19,2005,4,1,67,0.7,0,0,0,0,0,0,0,0,0.00,0.00,0.00,0.00,0.00,Matches,0.00,0.00,3,1,33.3,1.34,4.03,,,,,,,,,,,,,,,,,,,Süper Lig,2024-2025
a58671c6,Burak Ingenç,Burak Ingenç,tr TUR,DF,Antalyaspor,18,2006,4,2,203,2.3,0,0,0,0,0,0,0,0,0.00,0.00,0.00,0.00,0.00,Matches,,,0,0,,0.00,0.00,,,,,,,,,,,,,,,,,,,Süper Lig,2024-2025
1f62900e,Tim Jabol-Folcarelli,Tim Jabol-Folcarelli,fr FRA,MF,Trabzonspor,24,1999,7,4,350,3.9,0,0,0,0,0,0,0,0,0.00,0.00,0.00,0.00,0.00,Matches,0.00,,1,0,0.0,0.00,0.26,,,,,,,,,,,,,,,,,,,Süper Lig,2024-2025
a0415710,Ismail Jakobs,Ismail Jakobs,sn SEN,DF,Galatasaray,24,1999,17,14,"1,181",13.1,0,2,2,0,0,0,2,0,0.00,0.15,0.15,0.00,0.15,Matches,0.00,,4,0,0.0,0.00,0.30,,,,,,,,,,,,,,,,,,,Süper Lig,2024-2025
22a62523,Nicolas Janvier,Nicolas Janvier,fr FRA,MF,Alanyaspor,25,1998,34,22,"2,037",22.6,1,4,5,1,0,0,5,0,0.04,0.18,0.22,0.04,0.22,Matches,0.03,0.11,38,9,23.7,0.40,1.68,,,,,,,,,,,,,,,,,,,Süper Lig,2024-2025
5cb215fc,Julian Jeanvier,Julian Jeanvier,gn GUI,DF,Kayserispor,32,1992,15,11,946,10.5,0,0,0,0,0,0,2,0,0.00,0.00,0.00,0.00,0.00,Matches,0.00,0.00,4,1,25.0,0.10,0.38,,,,,,,,,,,,,,,,,,,Süper Lig,2024-2025
213f0daf,Elias Jelert,Elias Jelert,dk DEN,"DF,MF",Galatasaray,21,2003,21,5,588,6.5,0,0,0,0,0,0,1,0,0.00,0.00,0.00,0.00,0.00,Matches,0.00,0.00,3,1,33.3,0.15,0.46,,,,,,,,,,,,,,,,,,,Süper Lig,2024-2025
b12c68bf,Marko Jevtović,Marko Jevtović,rs SRB,MF,Konyaspor,31,1993,32,28,"2,334",25.9,3,2,5,3,0,0,8,0,0.12,0.08,0.19,0.12,0.19,Matches,0.11,0.30,27,10,37.0,0.39,1.04,,,,,,,,,,,,,,,,,,,Süper Lig,2024-2025
025fe712,Juan,Juan,br BRA,MF,Alanyaspor,23,2001,5,0,87,1.0,0,0,0,0,0,0,1,0,0.00,0.00,0.00,0.00,0.00,Matches,0.00,0.00,5,2,40.0,2.07,5.17,,,,,,,,,,,,,,,,,,,Süper Lig,2024-2025
be837003,Václav Jurečka,Václav Jurečka,cz CZE,"MF,FW",Rizespor,30,1994,28,6,743,8.3,1,1,2,1,0,1,2,0,0.12,0.12,0.24,0.12,0.24,Matches,0.07,0.14,15,7,46.7,0.85,1.82,,,,,,,,,,,,,,,,,,,Süper Lig,2024-2025
853101c2,Melih Kabasakal,Melih Kabasakal,,"MF,DF",Eyüpspor,28,1996,31,31,"2,670",29.7,0,2,2,0,0,0,8,0,0.00,0.07,0.07,0.00,0.07,Matches,0.00,0.00,9,1,11.1,0.03,0.30,,,,,,,,,,,,,,,,,,,Süper Lig,2024-2025
b2ef038c,Tugay Kaçar,Tugay Kaçar,tr TUR,DF,Eyüpspor,30,1994,3,0,32,0.4,0,0,0,0,0,0,0,0,0.00,0.00,0.00,0.00,0.00,Matches,,,0,0,,0.00,0.00,,,,,,,,,,,,,,,,,,,Süper Lig,2024-2025
66c52a77,Ferdi Kadioglu,Ferdi Kadioglu,tr TUR,DF,Fenerbahçe,24,1999,2,1,104,1.2,0,0,0,0,0,0,0,0,0.00,0.00,0.00,0.00,0.00,Matches,,,0,0,,0.00,0.00,,,,,,,,,,,,,,,,,,,Süper Lig,2024-2025
d2800f47,İrfan Kahveci,İrfan Kahveci,tr TUR,MF,Fenerbahçe,29,1995,26,9,928,10.3,2,3,5,2,0,0,3,0,0.19,0.29,0.48,0.19,0.48,Matches,0.10,0.25,20,8,40.0,0.78,1.94,,,,,,,,,,,,,,,,,,,Süper Lig,2024-2025
b9437ea5,Tolga Kalender,Tolga Kalender,,DF,Adana Demirspor,22,2001,25,23,"2,036",22.6,1,1,2,1,0,0,2,1,0.04,0.04,0.09,0.04,0.09,Matches,0.14,0.25,7,4,57.1,0.18,0.31,,,,,,,,,,,,,,,,,,,Süper Lig,2024-2025
05b2c512,Ali Kalın,Ali Kalın,,FW,Gaziantep FK,16,2008,1,0,34,0.4,0,0,0,0,0,0,0,0,0.00,0.00,0.00,0.00,0.00,Matches,0.00,,1,0,0.0,0.00,2.65,,,,,,,,,,,,,,,,,,,Süper Lig,2024-2025
4aff8d83,Kubilay Kanatsızkuş,Kubilay Kanatsızkuş,tr TUR,"FW,MF",Göztepe,27,1997,18,10,823,9.1,4,1,5,4,0,0,2,0,0.44,0.11,0.55,0.44,0.55,Matches,0.16,0.31,25,13,52.0,1.42,2.73,,,,,,,,,,,,,,,,,,,Süper Lig,2024-2025
2376dcd3,Burak Kapacak,Burak Kapacak,tr TUR,DF,Fenerbahçe,24,1999,1,0,3,0.0,0,0,0,0,0,0,0,0,0.00,0.00,0.00,0.00,0.00,Matches,,,0,0,,0.00,0.00,,,,,,,,,,,,,,,,,,,Süper Lig,2024-2025
0eac2f24,Emre Kaplan,Emre Kaplan,tr TUR,DF,Başakşehir,23,2001,2,0,7,0.1,0,0,0,0,0,0,0,0,0.00,0.00,0.00,0.00,0.00,Matches,,,0,0,,0.00,0.00,,,,,,,,,,,,,,,,,,,Süper Lig,2024-2025
94c79a82,Aytaç Kara,Aytaç Kara,tr TUR,MF,Kasımpaşa,31,1993,29,23,"2,069",23.0,6,1,7,5,1,1,6,0,0.26,0.04,0.30,0.22,0.26,Matches,0.09,0.38,57,13,22.8,0.57,2.48,,,,,,,,,,,,,,,,,,,Süper Lig,2024-2025
540c9a17,Ercan Kara,Ercan Kara,at AUT,FW,Samsunspor,28,1996,8,0,118,1.3,0,1,1,0,0,0,1,0,0.00,0.76,0.76,0.00,0.76,Matches,0.00,0.00,3,1,33.3,0.76,2.29,,,,,,,,,,,,,,,,,,,Süper Lig,2024-2025
10c5ea2c,Efecan Karaca,Efecan Karaca,tr TUR,MF,Alanyaspor,34,1989,31,22,"1,806",20.1,0,0,0,0,0,0,5,0,0.00,0.00,0.00,0.00,0.00,Matches,0.00,0.00,12,4,33.3,0.20,0.60,,,,,,,,,,,,,,,,,,,Süper Lig,2024-2025
ec439fc6,Yusuf Karademir,Yusuf Karademir,,MF,Alanyaspor,16,2008,1,0,4,0.0,0,0,0,0,0,0,0,0,0.00,0.00,0.00,0.00,0.00,Matches,,,0,0,,0.00,0.00,,,,,,,,,,,,,,,,,,,Süper Lig,2024-2025
aadc0050,Yusuf Karagöz,Yusuf Karagöz,,GK,Alanyaspor,24,1999,2,2,176,2.0,0,0,0,0,0,0,0,0,0.00,0.00,0.00,0.00,0.00,Matches,,,0,0,,0.00,0.00,1,50.0,2,2,2,1.02,1,176,0,0,0,,0,60.0,3,5,0,1,Süper Lig,2024-2025
ca6abff9,İlker Karakaş,İlker Karakaş,tr TUR,FW,Gaziantep FK,25,1999,4,0,35,0.4,0,1,1,0,0,0,0,0,0.00,2.57,2.57,0.00,2.57,Matches,,,0,0,,0.00,0.00,,,,,,,,,,,,,,,,,,,Süper Lig,2024-2025
6634562e,Vedat Karakuş,Vedat Karakuş,tr TUR,GK,Adana Demirspor,26,1998,16,14,"1,275",14.2,0,0,0,0,0,0,3,0,0.00,0.00,0.00,0.00,0.00,Matches,,,0,0,,0.00,0.00,2,14.3,16,14,36,2.54,12,"1,275",1,2,1,0.0,0,58.3,49,84,2,0,Süper Lig,2024-2025
472e5294,Ayberk Karapo,Ayberk Karapo,tr TUR,DF,Rizespor,20,2004,7,0,67,0.7,0,0,0,0,0,0,1,0,0.00,0.00,0.00,0.00,0.00,Matches,,,0,0,,0.00,0.00,,,,,,,,,,,,,,,,,,,Süper Lig,2024-2025
dc207501,Kadir Karayigit,Kadir Karayigit,,DF,Adana Demirspor,18,2005,1,0,9,0.1,0,0,0,0,0,0,0,0,0.00,0.00,0.00,0.00,0.00,Matches,,,0,0,,0.00,0.00,,,,,,,,,,,,,,,,,,,Süper Lig,2024-2025
94b3ccdb,Erce Kardeşler,Erce Kardeşler,tr TUR,GK,Hatayspor,30,1994,19,19,"1,710",19.0,0,0,0,0,0,0,5,0,0.00,0.00,0.00,0.00,0.00,Matches,,,0,0,,0.00,0.00,1,5.3,19,19,36,1.89,12,"1,710",5,8,1,28.6,2,66.7,64,93,6,1,Süper Lig,2024-2025
3840bfb9,Ali Karimi,Ali Karimi,ir IRN,MF,Kayserispor,30,1994,29,20,"1,810",20.1,1,2,3,1,0,0,3,0,0.05,0.10,0.15,0.05,0.15,Matches,0.05,0.13,19,8,42.1,0.40,0.94,,,,,,,,,,,,,,,,,,,Süper Lig,2024-2025
fea893b0,Salih Kavrazlı,Salih Kavrazlı,tr TUR,"MF,FW",Adana Demirspor,22,2002,16,8,694,7.7,4,0,4,4,0,0,1,0,0.52,0.00,0.52,0.52,0.52,Matches,0.27,0.33,15,12,80.0,1.56,1.95,,,,,,,,,,,,,,,,,,,Süper Lig,2024-2025
f7ff7572,Mehmet Kaya,Mehmet Kaya,de GER,FW,Konyaspor,19,2004,1,0,9,0.1,0,0,0,0,0,0,0,0,0.00,0.00,0.00,0.00,0.00,Matches,,,0,0,,0.00,0.00,,,,,,,,,,,,,,,,,,,Süper Lig,2024-2025
04327844,Muhammed Kaya,Muhammed Kaya,tr TUR,MF,Sivasspor,18,2006,1,0,3,0.0,0,0,0,0,0,0,0,0,0.00,0.00,0.00,0.00,0.00,Matches,,,0,0,,0.00,0.00,,,,,,,,,,,,,,,,,,,Süper Lig,2024-2025
c9cc1e5b,Yalçın Kayan,Yalçın Kayan,tr TUR,MF,Eyüpspor,25,1999,17,13,"1,136",12.6,0,0,0,0,0,0,4,0,0.00,0.00,0.00,0.00,0.00,Matches,0.00,0.00,8,1,12.5,0.08,0.63,,,,,,,,,,,,,,,,,,,Süper Lig,2024-2025
c9cc1e5b,Yalçın Kayan,Yalçın Kayan,tr TUR,MF,Eyüpspor,25,1999,17,13,"1,136",12.6,0,0,0,0,0,0,4,0,0.00,0.00,0.00,0.00,0.00,Matches,,,0,0,,0.00,0.00,,,,,,,,,,,,,,,,,,,Süper Lig,2024-2025
c9cc1e5b,Yalçın Kayan,Yalçın Kayan,tr TUR,MF,Göztepe,25,1999,1,1,63,0.7,0,0,0,0,0,0,0,0,0.00,0.00,0.00,0.00,0.00,Matches,0.00,0.00,8,1,12.5,0.08,0.63,,,,,,,,,,,,,,,,,,,Süper Lig,2024-2025
c9cc1e5b,Yalçın Kayan,Yalçın Kayan,tr TUR,MF,Göztepe,25,1999,1,1,63,0.7,0,0,0,0,0,0,0,0,0.00,0.00,0.00,0.00,0.00,Matches,,,0,0,,0.00,0.00,,,,,,,,,,,,,,,,,,,Süper Lig,2024-2025
02793f7e,Osman Kaynak,Osman Kaynak,,"DF,MF",Adana Demirspor,18,2006,17,7,583,6.5,0,1,1,0,0,0,2,1,0.00,0.15,0.15,0.00,0.15,Matches,0.00,0.00,2,1,50.0,0.15,0.31,,,,,,,,,,,,,,,,,,,Süper Lig,2024-2025
28683ce2,Jakub Kałuziński,Jakub Kałuziński,pl POL,MF,Antalyaspor,21,2002,35,29,"2,658",29.5,0,8,8,0,0,0,7,0,0.00,0.27,0.27,0.00,0.27,Matches,0.00,0.00,32,2,6.3,0.07,1.08,,,,,,,,,,,,,,,,,,,Süper Lig,2024-2025
b1e202b4,Can Keles,Can Keles,at AUT,MF,Beşiktaş,22,2001,3,1,90,1.0,0,0,0,0,0,0,0,0,0.00,0.00,0.00,0.00,0.00,Matches,0.00,0.00,4,1,25.0,1.00,4.00,,,,,,,,,,,,,,,,,,,Süper Lig,2024-2025
b1e202b4,Can Keles,Can Keles,at AUT,MF,Beşiktaş,22,2001,3,1,90,1.0,0,0,0,0,0,0,0,0,0.00,0.00,0.00,0.00,0.00,Matches,0.11,0.30,28,10,35.7,1.27,3.57,,,,,,,,,,,,,,,,,,,Süper Lig,2024-2025
b1e202b4,Can Keles,Can Keles,at AUT,"MF,FW",Kasımpaşa,22,2001,16,5,706,7.8,3,2,5,3,0,0,2,0,0.38,0.25,0.64,0.38,0.64,Matches,0.00,0.00,4,1,25.0,1.00,4.00,,,,,,,,,,,,,,,,,,,Süper Lig,2024-2025
b1e202b4,Can Keles,Can Keles,at AUT,"MF,FW",Kasımpaşa,22,2001,16,5,706,7.8,3,2,5,3,0,0,2,0,0.38,0.25,0.64,0.38,0.64,Matches,0.11,0.30,28,10,35.7,1.27,3.57,,,,,,,,,,,,,,,,,,,Süper Lig,2024-2025
18e87471,Thalisson Kelven,Thalisson Kelven,br BRA,DF,Antalyaspor,26,1998,33,29,"2,689",29.9,2,0,2,2,0,0,10,0,0.07,0.00,0.07,0.07,0.07,Matches,0.14,0.33,14,6,42.9,0.20,0.47,,,,,,,,,,,,,,,,,,,Süper Lig,2024-2025
22f1de6c,Olivier Kemen,Olivier Kemen,cm CMR,"MF,DF",Başakşehir,28,1996,33,27,"2,479",27.5,2,8,10,2,0,0,7,0,0.07,0.29,0.36,0.07,0.36,Matches,0.08,0.33,24,6,25.0,0.22,0.87,,,,,,,,,,,,,,,,,,,Süper Lig,2024-2025
cdb63f81,Philippe Keny,Philippe Keny,sn SEN,FW,Başakşehir,25,1999,27,11,"1,026",11.4,4,3,7,4,0,0,3,0,0.35,0.26,0.61,0.35,0.61,Matches,0.15,0.44,27,9,33.3,0.79,2.37,,,,,,,,,,,,,,,,,,,Süper Lig,2024-2025
b96e6a86,Benhur Keser,Benhur Keser,,MF,Rizespor,27,1996,4,0,53,0.6,0,0,0,0,0,0,0,0,0.00,0.00,0.00,0.00,0.00,Matches,,,0,0,,0.00,0.00,,,,,,,,,,,,,,,,,,,Süper Lig,2024-2025
7ac041cb,Enes Keskin,Enes Keskin,,"MF,DF",Alanyaspor,23,2001,11,6,473,5.3,1,0,1,1,0,0,3,0,0.19,0.00,0.19,0.19,0.19,Matches,0.33,0.33,3,3,100.0,0.57,0.57,,,,,,,,,,,,,,,,,,,Süper Lig,2024-2025
4a396ae9,Hamidou Keyta,Hamidou Keyta,fr FRA,MF,Konyaspor,29,1994,18,2,434,4.8,1,0,1,1,0,0,3,0,0.21,0.00,0.21,0.21,0.21,Matches,0.10,0.33,10,3,30.0,0.62,2.07,,,,,,,,,,,,,,,,,,,Süper Lig,2024-2025
887ee447,Guy-Marcelin Kilama,Guy-Marcelin Kilama,cm CMR,DF,Hatayspor,25,1999,31,31,"2,693",29.9,1,1,2,1,0,0,6,1,0.03,0.03,0.07,0.03,0.07,Matches,0.09,0.50,11,2,18.2,0.07,0.37,,,,,,,,,,,,,,,,,,,Süper Lig,2024-2025
a0f70d5d,Yakup Kılıç,Yakup Kılıç,,DF,Beşiktaş,19,2005,1,0,1,0.0,0,0,0,0,0,0,0,0,0.00,0.00,0.00,0.00,0.00,Matches,,,0,0,,0.00,0.00,,,,,,,,,,,,,,,,,,,Süper Lig,2024-2025
3064f033,Semih Kılıçsoy,Semih Kılıçsoy,tr TUR,"MF,FW",Beşiktaş,18,2005,32,11,"1,315",14.6,3,2,5,2,1,1,3,1,0.21,0.14,0.34,0.14,0.27,Matches,0.06,0.15,35,13,37.1,0.89,2.40,,,,,,,,,,,,,,,,,,,Süper Lig,2024-2025
bab440b1,Emre Kılınç,Emre Kılınç,tr TUR,"MF,FW",Samsunspor,29,1994,31,30,"2,451",27.2,3,11,14,3,0,0,7,0,0.11,0.40,0.51,0.11,0.51,Matches,0.09,0.27,32,11,34.4,0.40,1.18,,,,,,,,,,,,,,,,,,,Süper Lig,2024-2025
035379ae,Arda Kızıldağ,Arda Kızıldağ,tr TUR,DF,Gaziantep FK,25,1998,25,21,"1,903",21.1,2,0,2,2,0,0,4,0,0.09,0.00,0.09,0.09,0.09,Matches,0.13,0.33,16,6,37.5,0.28,0.76,,,,,,,,,,,,,,,,,,,Süper Lig,2024-2025
db58bfa7,Arif Kocaman,Arif Kocaman,,DF,Kayserispor,20,2003,8,6,544,6.0,1,0,1,1,0,0,1,0,0.17,0.00,0.17,0.17,0.17,Matches,1.00,1.00,1,1,100.0,0.17,0.17,,,,,,,,,,,,,,,,,,,Süper Lig,2024-2025
7e9fd9b9,Okan Kocuk,Okan Kocuk,tr TUR,GK,Samsunspor,29,1995,36,36,"3,240",36.0,0,0,0,0,0,0,3,0,0.00,0.00,0.00,0.00,0.00,Matches,,,0,0,,0.00,0.00,14,38.9,36,36,41,1.14,10,"3,240",1,2,1,0.0,0,69.7,91,132,7,19,Süper Lig,2024-2025
e82d2807,Kenan Kodro,Kenan Kodro,ba BIH,FW,Gaziantep FK,30,1993,27,6,758,8.4,2,0,2,2,0,0,2,0,0.24,0.00,0.24,0.24,0.24,Matches,0.14,0.22,14,9,64.3,1.07,1.66,,,,,,,,,,,,,,,,,,,Süper Lig,2024-2025
b735b590,Derrick Köhn,Derrick Köhn,gh GHA,DF,Galatasaray,25,1999,1,1,86,1.0,0,0,0,0,0,0,0,0,0.00,0.00,0.00,0.00,0.00,Matches,0.00,0.00,2,1,50.0,1.05,2.09,,,,,,,,,,,,,,,,,,,Süper Lig,2024-2025
cbd4822d,Bengali-Fodé Koita,Bengali-Fodé Koita,gn GUI,"MF,FW",Sivasspor,33,1990,25,18,"1,591",17.7,5,1,6,5,0,0,6,0,0.28,0.06,0.34,0.28,0.34,Matches,0.15,0.31,34,16,47.1,0.91,1.92,,,,,,,,,,,,,,,,,,,Süper Lig,2024-2025
53f2c70d,Dimitrios Kolovetsios,Dimitrios Kolovetsios,gr GRE,DF,Kayserispor,32,1991,19,17,"1,480",16.4,1,0,1,1,0,0,5,0,0.06,0.00,0.06,0.06,0.06,Matches,0.14,0.33,7,3,42.9,0.18,0.43,,,,,,,,,,,,,,,,,,,Süper Lig,2024-2025
6169b914,Eray Korkmaz,Eray Korkmaz,tr TUR,DF,Rizespor,21,2003,5,0,91,1.0,0,0,0,0,0,0,0,0,0.00,0.00,0.00,0.00,0.00,Matches,,,0,0,,0.00,0.00,,,,,,,,,,,,,,,,,,,Süper Lig,2024-2025
347a3ad8,Nurettin Korkmaz,Nurettin Korkmaz,tr TUR,"MF,DF",Kayserispor,22,2002,10,2,223,2.5,0,0,0,0,0,0,1,0,0.00,0.00,0.00,0.00,0.00,Matches,0.00,,1,0,0.0,0.00,0.40,,,,,,,,,,,,,,,,,,,Süper Lig,2024-2025
b1cd37e6,Filip Kostić,Filip Kostić,rs SRB,"MF,DF",Fenerbahçe,31,1992,27,22,"1,959",21.8,1,6,7,1,0,0,5,0,0.05,0.28,0.32,0.05,0.32,Matches,0.07,0.20,15,5,33.3,0.23,0.69,,,,,,,,,,,,,,,,,,,Süper Lig,2024-2025
58640e66,İsmail Köybaşı,İsmail Köybaşı,tr TUR,"MF,DF",Göztepe,35,1989,26,9,786,8.7,2,0,2,2,0,0,4,0,0.23,0.00,0.23,0.23,0.23,Matches,0.13,0.29,15,7,46.7,0.80,1.72,,,,,,,,,,,,,,,,,,,Süper Lig,2024-2025
3ece036c,Kacper Kozłowski,Kacper Kozłowski,pl POL,"MF,FW",Gaziantep FK,20,2003,27,26,"2,113",23.5,4,4,8,4,0,0,10,1,0.17,0.17,0.34,0.17,0.34,Matches,0.10,0.31,40,13,32.5,0.55,1.70,,,,,,,,,,,,,,,,,,,Süper Lig,2024-2025
32523fce,Blaž Kramer,Blaž Kramer,si SVN,FW,Konyaspor,28,1996,30,22,"1,978",22.0,9,3,12,9,0,1,7,0,0.41,0.14,0.55,0.41,0.55,Matches,0.17,0.38,54,24,44.4,1.09,2.46,,,,,,,,,,,,,,,,,,,Süper Lig,2024-2025
817c6964,Rade Krunić,Rade Krunić,ba BIH,MF,Fenerbahçe,30,1993,1,0,4,0.0,0,0,0,0,0,0,0,0,0.00,0.00,0.00,0.00,0.00,Matches,,,0,0,,0.00,0.00,,,,,,,,,,,,,,,,,,,Süper Lig,2024-2025
633acacc,Arda Kurtulan,Arda Kurtulan,al ALB,DF,Adana Demirspor,21,2002,27,26,"2,340",26.0,1,3,4,1,0,0,5,0,0.04,0.12,0.15,0.04,0.15,Matches,0.14,0.33,7,3,42.9,0.12,0.27,,,,,,,,,,,,,,,,,,,Süper Lig,2024-2025
794364d7,Berkan Kutlu,Berkan Kutlu,tr TUR,"MF,DF",Galatasaray,26,1998,25,6,818,9.1,0,1,1,0,0,0,1,0,0.00,0.11,0.11,0.00,0.11,Matches,0.00,0.00,14,1,7.1,0.11,1.54,,,,,,,,,,,,,,,,,,,Süper Lig,2024-2025
beda9675,Ahmed Kutucu,Ahmed Kutucu,tr TUR,MF,Eyüpspor,24,2000,18,18,"1,463",16.3,8,6,14,8,0,0,6,0,0.49,0.37,0.86,0.49,0.86,Matches,0.15,0.40,55,20,36.4,1.23,3.38,,,,,,,,,,,,,,,,,,,Süper Lig,2024-2025
beda9675,Ahmed Kutucu,Ahmed Kutucu,tr TUR,MF,Eyüpspor,24,2000,18,18,"1,463",16.3,8,6,14,8,0,0,6,0,0.49,0.37,0.86,0.49,0.86,Matches,0.06,0.17,18,6,33.3,1.07,3.20,,,,,,,,,,,,,,,,,,,Süper Lig,2024-2025
beda9675,Ahmed Kutucu,Ahmed Kutucu,tr TUR,"FW,MF",Galatasaray,24,2000,14,5,507,5.6,1,0,1,1,0,0,3,0,0.18,0.00,0.18,0.18,0.18,Matches,0.15,0.40,55,20,36.4,1.23,3.38,,,,,,,,,,,,,,,,,,,Süper Lig,2024-2025
beda9675,Ahmed Kutucu,Ahmed Kutucu,tr TUR,"FW,MF",Galatasaray,24,2000,14,5,507,5.6,1,0,1,1,0,0,3,0,0.18,0.00,0.18,0.18,0.18,Matches,0.06,0.17,18,6,33.3,1.07,3.20,,,,,,,,,,,,,,,,,,,Süper Lig,2024-2025
32e73151,Sam Larsson,Sam Larsson,se SWE,"FW,MF",Antalyaspor,31,1993,29,29,"2,366",26.3,6,5,11,5,1,1,2,0,0.23,0.19,0.42,0.19,0.38,Matches,0.16,0.33,32,15,46.9,0.57,1.22,,,,,,,,,,,,,,,,,,,Süper Lig,2024-2025
958aba30,Joseph Larweh Attamah,Joseph Larweh Attamah,gh GHA,"DF,MF",Kayserispor,30,1994,32,30,"2,692",29.9,1,0,1,1,0,1,7,2,0.03,0.00,0.03,0.03,0.03,Matches,0.09,0.33,11,3,27.3,0.10,0.37,,,,,,,,,,,,,,,,,,,Süper Lig,2024-2025
2805bce9,Gaëtan Laura,Gaëtan Laura,,"MF,FW",Samsunspor,28,1995,11,2,304,3.4,0,1,1,0,0,0,0,0,0.00,0.30,0.30,0.00,0.30,Matches,0.00,0.00,4,2,50.0,0.59,1.18,,,,,,,,,,,,,,,,,,,Süper Lig,2024-2025
2b471f99,Mario Lemina,Mario Lemina,ga GAB,MF,Galatasaray,30,1993,12,9,800,8.9,1,2,3,1,0,0,2,0,0.11,0.23,0.34,0.11,0.34,Matches,0.08,0.25,12,4,33.3,0.45,1.35,,,,,,,,,,,,,,,,,,,Süper Lig,2024-2025
0f52f925,Lucas Lima,Lucas Lima,br BRA,DF,Başakşehir,32,1991,20,18,"1,650",18.3,0,1,1,0,0,0,1,0,0.00,0.05,0.05,0.00,0.05,Matches,0.00,,2,0,0.0,0.00,0.11,,,,,,,,,,,,,,,,,,,Süper Lig,2024-2025
a70b0a9f,Nuno Lima,Nuno Lima,pt POR,DF,Alanyaspor,23,2001,32,28,"2,559",28.4,2,0,2,2,0,0,12,0,0.07,0.00,0.07,0.07,0.07,Matches,0.13,0.50,15,4,26.7,0.14,0.53,,,,,,,,,,,,,,,,,,,Süper Lig,2024-2025
fd78b105,Mateusz Lis,Mateusz Lis,pl POL,GK,Göztepe,27,1997,32,32,"2,880",32.0,0,0,0,0,0,0,2,0,0.00,0.00,0.00,0.00,0.00,Matches,,,0,0,,0.00,0.00,7,21.9,32,32,41,1.28,11,"2,880",3,3,0,0.0,0,67.2,78,116,8,13,Süper Lig,2024-2025
58f077c0,Dominik Livaković,Dominik Livaković,hr CRO,GK,Fenerbahçe,29,1995,22,22,"1,922",21.4,0,0,0,0,0,0,0,0,0.00,0.00,0.00,0.00,0.00,Matches,,,0,0,,0.00,0.00,8,36.4,22,22,22,1.03,2,"1,922",2,3,0,33.3,1,67.7,43,62,4,16,Süper Lig,2024-2025
7c2965bb,Rony Lopes,Rony Lopes,pt POR,MF,Alanyaspor,28,1995,15,2,336,3.7,0,1,1,0,0,0,1,0,0.00,0.27,0.27,0.00,0.27,Matches,0.00,0.00,12,4,33.3,1.07,3.21,,,,,,,,,,,,,,,,,,,Süper Lig,2024-2025
0df2b165,John Lundstram,John Lundstram,eng ENG,"MF,DF",Trabzonspor,30,1994,32,23,"2,218",24.6,3,1,4,3,0,0,4,0,0.12,0.04,0.16,0.12,0.16,Matches,0.13,0.75,23,4,17.4,0.16,0.93,,,,,,,,,,,,,,,,,,,Süper Lig,2024-2025
192e9592,Christopher Lungoyi,Christopher Lungoyi,ch SUI,"MF,FW",Gaziantep FK,24,2000,29,20,"1,848",20.5,2,0,2,2,0,0,8,0,0.10,0.00,0.10,0.10,0.10,Matches,0.06,0.13,35,16,45.7,0.78,1.70,,,,,,,,,,,,,,,,,,,Süper Lig,2024-2025
d837c59c,Berat Lus,Berat Lus,tr TUR,FW,Galatasaray,17,2007,1,0,3,0.0,0,0,0,0,0,0,0,0,0.00,0.00,0.00,0.00,0.00,Matches,,,0,0,,0.00,0.00,,,,,,,,,,,,,,,,,,,Süper Lig,2024-2025
b0c12a65,Davidson da Luz Pereira,Davidson da Luz Pereira,br BRA,MF,Başakşehir,33,1991,19,11,"1,026",11.4,3,0,3,3,0,0,1,0,0.26,0.00,0.26,0.26,0.26,Matches,0.25,0.60,12,5,41.7,0.44,1.05,,,,,,,,,,,,,,,,,,,Süper Lig,2024-2025
0c75df2a,Salem M'bakata,Salem M'bakata,cd COD,DF,Gaziantep FK,26,1998,22,15,"1,432",15.9,0,0,0,0,0,0,0,0,0.00,0.00,0.00,0.00,0.00,Matches,0.00,,7,0,0.0,0.00,0.44,,,,,,,,,,,,,,,,,,,Süper Lig,2024-2025
a990d452,Maestro,Maestro,ao ANG,MF,Adana Demirspor,20,2003,33,32,"2,898",32.2,1,1,2,1,0,0,6,0,0.03,0.03,0.06,0.03,0.06,Matches,0.05,0.11,21,9,42.9,0.28,0.65,,,,,,,,,,,,,,,,,,,Süper Lig,2024-2025
0909f91d,Gaius Makouta,Gaius Makouta,cg CGO,MF,Alanyaspor,27,1997,34,26,"2,431",27.0,1,2,3,1,0,0,4,0,0.04,0.07,0.11,0.04,0.11,Matches,0.04,0.17,28,6,21.4,0.22,1.04,,,,,,,,,,,,,,,,,,,Süper Lig,2024-2025
c96c7daa,Izzet Malak,Izzet Malak,,MF,Göztepe,19,2005,1,0,1,0.0,0,0,0,0,0,0,0,0,0.00,0.00,0.00,0.00,0.00,Matches,,,0,0,,0.00,0.00,,,,,,,,,,,,,,,,,,,Süper Lig,2024-2025
2712b42f,Hüseyin Maldar,Hüseyin Maldar,tr TUR,FW,Eyüpspor,17,2007,9,0,165,1.8,0,0,0,0,0,0,1,0,0.00,0.00,0.00,0.00,0.00,Matches,0.00,,2,0,0.0,0.00,1.09,,,,,,,,,,,,,,,,,,,Süper Lig,2024-2025
73794ac1,Pedro Malheiro,Pedro Malheiro,pt POR,DF,Trabzonspor,23,2001,33,33,"2,919",32.4,6,4,10,6,0,0,9,0,0.18,0.12,0.31,0.18,0.31,Matches,0.26,0.75,23,8,34.8,0.25,0.71,,,,,,,,,,,,,,,,,,,Süper Lig,2024-2025
cc548048,Salih Malkoçoglu,Salih Malkoçoglu,,DF,Trabzonspor,19,2005,5,3,280,3.1,0,0,0,0,0,0,0,0,0.00,0.00,0.00,0.00,0.00,Matches,0.00,,4,0,0.0,0.00,1.29,,,,,,,,,,,,,,,,,,,Süper Lig,2024-2025
7703afb6,Rey Manaj,Rey Manaj,al ALB,FW,Sivasspor,27,1997,27,26,"2,198",24.4,12,4,16,10,2,3,9,1,0.49,0.16,0.66,0.41,0.57,Matches,0.10,0.30,96,33,34.4,1.35,3.93,,,,,,,,,,,,,,,,,,,Süper Lig,2024-2025
30834b83,Cyril Mandouki,Cyril Mandouki,mq MTQ,"MF,DF",Gaziantep FK,32,1991,16,8,704,7.8,0,0,0,0,0,0,3,0,0.00,0.00,0.00,0.00,0.00,Matches,0.00,,3,0,0.0,0.00,0.38,,,,,,,,,,,,,,,,,,,Süper Lig,2024-2025
7a854622,Carlos Mané,Carlos Mané,gw GNB,MF,Kayserispor,30,1994,30,17,"1,611",17.9,3,2,5,3,0,0,4,0,0.17,0.11,0.28,0.17,0.28,Matches,0.12,0.30,26,10,38.5,0.56,1.45,,,,,,,,,,,,,,,,,,,Süper Lig,2024-2025
8c52d187,Jovan Manev,Jovan Manev,mk MKD,DF,Adana Demirspor,23,2001,15,13,"1,183",13.1,1,1,2,1,0,0,3,0,0.08,0.08,0.15,0.08,0.15,Matches,0.11,0.33,9,3,33.3,0.23,0.68,,,,,,,,,,,,,,,,,,,Süper Lig,2024-2025
f0021247,João Mário,João Mário,pt POR,MF,Beşiktaş,31,1993,27,18,"1,602",17.8,5,3,8,3,2,2,1,0,0.28,0.17,0.45,0.17,0.34,Matches,0.09,0.30,32,10,31.3,0.56,1.80,,,,,,,,,,,,,,,,,,,Süper Lig,2024-2025
bf964c0c,Chandrel Massanga,Chandrel Massanga,cg CGO,MF,Hatayspor,24,1999,23,20,"1,843",20.5,1,0,1,1,0,0,5,0,0.05,0.00,0.05,0.05,0.05,Matches,0.04,0.17,23,6,26.1,0.29,1.12,,,,,,,,,,,,,,,,,,,Süper Lig,2024-2025
57df7a11,Arthur Masuaku,Arthur Masuaku,cd COD,DF,Beşiktaş,30,1993,33,31,"2,758",30.6,0,8,8,0,0,0,9,0,0.00,0.26,0.26,0.00,0.26,Matches,0.00,0.00,29,7,24.1,0.23,0.95,,,,,,,,,,,,,,,,,,,Süper Lig,2024-2025
53b4fcf2,Kuryū Matsuki,Kuryū Matsuki,jp JPN,"FW,MF",Göztepe,21,2003,28,10,"1,030",11.4,2,4,6,2,0,0,5,0,0.17,0.35,0.52,0.17,0.52,Matches,0.08,0.20,24,10,41.7,0.87,2.10,,,,,,,,,,,,,,,,,,,Süper Lig,2024-2025
739f0573,Oğuzhan Matur,Oğuzhan Matur,,DF,Hatayspor,24,1999,2,0,14,0.2,0,0,0,0,0,0,1,0,0.00,0.00,0.00,0.00,0.00,Matches,,,0,0,,0.00,0.00,,,,,,,,,,,,,,,,,,,Süper Lig,2024-2025
61fc9685,Alexandru Maxim,Alexandru Maxim,ro ROU,MF,Gaziantep FK,34,1990,34,33,"2,617",29.1,7,5,12,3,4,4,7,0,0.24,0.17,0.41,0.10,0.28,Matches,0.08,0.23,40,13,32.5,0.45,1.38,,,,,,,,,,,,,,,,,,,Süper Lig,2024-2025
e472a6f6,Batista Mendy,Batista Mendy,fr FRA,"MF,DF",Trabzonspor,24,2000,32,29,"2,594",28.8,1,2,3,1,0,0,10,1,0.03,0.07,0.10,0.03,0.10,Matches,0.04,0.13,28,8,28.6,0.28,0.97,,,,,,,,,,,,,,,,,,,Süper Lig,2024-2025
1264796e,Queensy Menig,Queensy Menig,nl NED,MF,Sivasspor,28,1995,15,1,278,3.1,2,0,2,2,0,0,1,0,0.65,0.00,0.65,0.65,0.65,Matches,0.50,1.00,4,2,50.0,0.65,1.29,,,,,,,,,,,,,,,,,,,Süper Lig,2024-2025
c8112d1e,Umut Meraş,Umut Meraş,tr TUR,DF,Eyüpspor,28,1995,31,21,"1,909",21.2,1,0,1,1,0,0,1,0,0.05,0.00,0.05,0.05,0.05,Matches,0.08,0.25,12,4,33.3,0.19,0.57,,,,,,,,,,,,,,,,,,,Süper Lig,2024-2025
33340bd6,Levent Mercan,Levent Mercan,de GER,DF,Fenerbahçe,23,2000,11,5,491,5.5,0,0,0,0,0,0,0,0,0.00,0.00,0.00,0.00,0.00,Matches,0.00,,1,0,0.0,0.00,0.18,,,,,,,,,,,,,,,,,,,Süper Lig,2024-2025
89b2c8a9,Dries Mertens,Dries Mertens,be BEL,MF,Galatasaray,37,1987,34,23,"1,875",20.8,5,7,12,4,1,1,3,0,0.24,0.34,0.58,0.19,0.53,Matches,0.09,0.18,43,22,51.2,1.06,2.06,,,,,,,,,,,,,,,,,,,Süper Lig,2024-2025
fe6c1add,Edouard Michut,Edouard Michut,fr FRA,MF,Adana Demirspor,21,2003,2,2,167,1.9,0,0,0,0,0,0,0,0,0.00,0.00,0.00,0.00,0.00,Matches,0.00,0.00,2,1,50.0,0.54,1.08,,,,,,,,,,,,,,,,,,,Süper Lig,2024-2025
7b57c56a,Fredrik Midtsjø,Fredrik Midtsjø,no NOR,MF,Eyüpspor,30,1993,9,9,768,8.5,0,2,2,0,0,0,3,0,0.00,0.23,0.23,0.00,0.23,Matches,0.00,,1,0,0.0,0.00,0.12,,,,,,,,,,,,,,,,,,,Süper Lig,2024-2025
b45e185a,Deni Milošević,Deni Milošević,ba BIH,"FW,MF",Antalyaspor,29,1995,5,0,80,0.9,0,0,0,0,0,0,0,0,0.00,0.00,0.00,0.00,0.00,Matches,0.00,,1,0,0.0,0.00,1.13,,,,,,,,,,,,,,,,,,,Süper Lig,2024-2025
6b88c810,Martin Minchev,Martin Minchev,bg BUL,MF,Rizespor,23,2001,5,1,155,1.7,0,0,0,0,0,0,0,0,0.00,0.00,0.00,0.00,0.00,Matches,0.00,,3,0,0.0,0.00,1.74,,,,,,,,,,,,,,,,,,,Süper Lig,2024-2025
c9019400,Attila Mocsi,Attila Mocsi,hu HUN,DF,Rizespor,24,2000,33,31,"2,829",31.4,0,0,0,0,0,0,7,0,0.00,0.00,0.00,0.00,0.00,Matches,0.00,,5,0,0.0,0.00,0.16,,,,,,,,,,,,,,,,,,,Süper Lig,2024-2025
740a0e28,Milad Mohammadi,Milad Mohammadi,ir IRN,DF,Adana Demirspor,30,1993,2,2,180,2.0,0,0,0,0,0,0,1,0,0.00,0.00,0.00,0.00,0.00,Matches,,,0,0,,0.00,0.00,,,,,,,,,,,,,,,,,,,Süper Lig,2024-2025
1f3b819a,Musah Mohammed,Musah Mohammed,gh GHA,MF,BB Bodrumspor,22,2002,25,23,"1,944",21.6,0,4,4,0,0,0,6,1,0.00,0.19,0.19,0.00,0.19,Matches,0.00,0.00,32,7,21.9,0.32,1.48,,,,,,,,,,,,,,,,,,,Süper Lig,2024-2025
0c3f7197,Emre Mor,Emre Mor,tr TUR,MF,Eyüpspor,27,1997,18,12,"1,038",11.5,1,4,5,1,0,0,7,0,0.09,0.35,0.43,0.09,0.43,Matches,0.06,0.20,18,5,27.8,0.43,1.56,,,,,,,,,,,,,,,,,,,Süper Lig,2024-2025
129af0db,Álvaro Morata,Álvaro Morata,es ESP,"MF,FW",Galatasaray,31,1992,12,6,656,7.3,6,1,7,4,2,2,2,0,0.82,0.14,0.96,0.55,0.69,Matches,0.19,0.36,21,11,52.4,1.51,2.88,,,,,,,,,,,,,,,,,,,Süper Lig,2024-2025
ae546ee9,Marius Mouandilmadji,Marius Mouandilmadji,td CHA,FW,Samsunspor,26,1998,34,29,"2,499",27.8,10,4,14,10,0,0,7,1,0.36,0.14,0.50,0.36,0.50,Matches,0.15,0.40,67,25,37.3,0.90,2.41,,,,,,,,,,,,,,,,,,,Süper Lig,2024-2025
af0c835b,Samuel Moutoussamy,Samuel Moutoussamy,cd COD,MF,Sivasspor,27,1996,30,28,"2,423",26.9,0,2,2,0,0,0,4,0,0.00,0.07,0.07,0.00,0.07,Matches,0.00,0.00,23,7,30.4,0.26,0.85,,,,,,,,,,,,,,,,,,,Süper Lig,2024-2025
1f1229a9,Ernest Muçi,Ernest Muçi,al ALB,MF,Beşiktaş,23,2001,27,15,"1,329",14.8,4,2,6,4,0,0,2,0,0.27,0.14,0.41,0.27,0.41,Matches,0.09,0.25,45,16,35.6,1.08,3.05,,,,,,,,,,,,,,,,,,,Süper Lig,2024-2025
7767cb03,Arbnor Muja,Arbnor Muja,al ALB,MF,Samsunspor,25,1998,33,12,"1,217",13.5,3,1,4,3,0,0,4,0,0.22,0.07,0.30,0.22,0.30,Matches,0.13,0.30,23,10,43.5,0.74,1.70,,,,,,,,,,,,,,,,,,,Süper Lig,2024-2025
25cf7c9a,Atakan Müjde,Atakan Müjde,,DF,Kasımpaşa,21,2003,1,0,1,0.0,0,0,0,0,0,0,0,0,0.00,0.00,0.00,0.00,0.00,Matches,,,0,0,,0.00,0.00,,,,,,,,,,,,,,,,,,,Süper Lig,2024-2025
1295552e,Mert Müldür,Mert Müldür,tr TUR,DF,Fenerbahçe,25,1999,29,21,"1,874",20.8,3,2,5,3,0,0,2,1,0.14,0.10,0.24,0.14,0.24,Matches,0.16,0.60,19,5,26.3,0.24,0.91,,,,,,,,,,,,,,,,,,,Süper Lig,2024-2025
383e8f03,Jackson Muleka,Jackson Muleka,cd COD,"FW,MF",Beşiktaş,24,1999,1,0,12,0.1,0,0,0,0,0,0,0,0,0.00,0.00,0.00,0.00,0.00,Matches,0.00,,1,0,0.0,0.00,7.50,,,,,,,,,,,,,,,,,,,Süper Lig,2024-2025
a2abe631,Fernando Muslera,Fernando Muslera,uy URU,GK,Galatasaray,38,1986,34,34,"3,059",34.0,1,0,1,0,1,1,7,0,0.03,0.00,0.03,0.00,0.00,Matches,0.00,0.00,1,1,100.0,0.03,0.03,13,38.2,34,34,31,0.91,1,"3,059",6,7,0,14.3,1,76.0,80,104,5,28,Süper Lig,2024-2025
fc4ab056,Umut Nayir,Umut Nayir,tr TUR,FW,Konyaspor,31,1993,33,13,"1,480",16.4,6,0,6,5,1,2,5,0,0.36,0.00,0.36,0.30,0.30,Matches,0.14,0.31,36,16,44.4,0.97,2.19,,,,,,,,,,,,,,,,,,,Süper Lig,2024-2025
20e87a42,Duckens Nazon,Duckens Nazon,ht HAI,FW,Kayserispor,30,1994,33,20,"1,957",21.7,8,3,11,8,0,0,4,0,0.37,0.14,0.51,0.37,0.51,Matches,0.14,0.33,56,24,42.9,1.10,2.58,,,,,,,,,,,,,,,,,,,Süper Lig,2024-2025
6abe11e6,Alassane Ndao,Alassane Ndao,sn SEN,"MF,DF",Konyaspor,27,1996,31,25,"2,091",23.2,4,1,5,4,0,0,5,1,0.17,0.04,0.22,0.17,0.22,Matches,0.17,0.40,23,10,43.5,0.43,0.99,,,,,,,,,,,,,,,,,,,Süper Lig,2024-2025
960acc0a,Badou Ndiaye,Badou Ndiaye,sn SEN,MF,Gaziantep FK,33,1990,29,28,"2,424",26.9,1,2,3,1,0,0,11,0,0.04,0.07,0.11,0.04,0.11,Matches,0.06,0.17,18,6,33.3,0.22,0.67,,,,,,,,,,,,,,,,,,,Süper Lig,2024-2025
3b88609d,Cher Ndour,Cher Ndour,it ITA,MF,Beşiktaş,20,2004,12,6,678,7.5,1,2,3,1,0,0,0,0,0.13,0.27,0.40,0.13,0.40,Matches,0.20,0.50,5,2,40.0,0.27,0.66,,,,,,,,,,,,,,,,,,,Süper Lig,2024-2025
e53b5534,Victor Nelsson,Victor Nelsson,dk DEN,DF,Galatasaray,25,1998,11,2,289,3.2,0,0,0,0,0,0,0,0,0.00,0.00,0.00,0.00,0.00,Matches,0.00,0.00,1,1,100.0,0.31,0.31,,,,,,,,,,,,,,,,,,,Süper Lig,2024-2025
06e5b0e4,Lasse Nielsen,Lasse Nielsen,dk DEN,"MF,DF",Göztepe,36,1988,28,17,"1,753",19.5,1,3,4,1,0,0,4,0,0.05,0.15,0.21,0.05,0.21,Matches,0.06,0.33,18,3,16.7,0.15,0.92,,,,,,,,,,,,,,,,,,,Süper Lig,2024-2025
3acadb7f,Đorđe Nikolić,Đorđe Nikolić,rs SRB,GK,Sivasspor,27,1997,11,11,945,10.5,0,0,0,0,0,0,4,0,0.00,0.00,0.00,0.00,0.00,Matches,,,0,0,,0.00,0.00,1,9.1,11,11,20,1.90,5,945,3,4,0,25.0,1,58.5,25,41,2,4,Süper Lig,2024-2025
9a2b8732,Recep Niyaz,Recep Niyaz,tr TUR,MF,Eyüpspor,28,1995,2,1,44,0.5,0,0,0,0,0,0,0,0,0.00,0.00,0.00,0.00,0.00,Matches,,,0,0,,0.00,0.00,,,,,,,,,,,,,,,,,,,Süper Lig,2024-2025
7be10378,Mootez Nourani,Mootez Nourani,tn TUN,FW,Adana Demirspor,22,2002,3,0,66,0.7,0,0,0,0,0,0,1,0,0.00,0.00,0.00,0.00,0.00,Matches,0.00,,1,0,0.0,0.00,1.36,,,,,,,,,,,,,,,,,,,Süper Lig,2024-2025
6554bb97,Olivier Ntcham,Olivier Ntcham,cm CMR,MF,Samsunspor,28,1996,32,28,"2,395",26.6,6,2,8,4,2,5,7,0,0.23,0.08,0.30,0.15,0.23,Matches,0.06,0.17,71,23,32.4,0.86,2.67,,,,,,,,,,,,,,,,,,,Süper Lig,2024-2025
f30a4ab1,Anthony Nwakaeme,Anthony Nwakaeme,ng NGA,MF,Trabzonspor,35,1989,20,13,"1,340",14.9,1,4,5,1,0,0,4,0,0.07,0.27,0.34,0.07,0.34,Matches,0.03,0.20,29,5,17.2,0.34,1.95,,,,,,,,,,,,,,,,,,,Süper Lig,2024-2025
94e12da4,Gabriel Obekpa,Gabriel Obekpa,ng NGA,MF,BB Bodrumspor,20,2004,3,0,90,1.0,0,0,0,0,0,0,0,0,0.00,0.00,0.00,0.00,0.00,Matches,0.00,0.00,3,1,33.3,1.00,3.00,,,,,,,,,,,,,,,,,,,Süper Lig,2024-2025
751e378c,Prince Obeng Ampem,Prince Obeng Ampem,gh GHA,MF,Eyüpspor,26,1998,29,25,"2,160",24.0,4,0,4,4,0,0,6,0,0.17,0.00,0.17,0.17,0.17,Matches,0.13,0.40,32,10,31.3,0.42,1.33,,,,,,,,,,,,,,,,,,,Süper Lig,2024-2025
38b504cc,Enes Öğrüce,Enes Öğrüce,,FW,BB Bodrumspor,17,2007,7,0,68,0.8,0,0,0,0,0,0,1,0,0.00,0.00,0.00,0.00,0.00,Matches,0.00,0.00,2,1,50.0,1.32,2.65,,,,,,,,,,,,,,,,,,,Süper Lig,2024-2025
d125f22f,David Okereke,David Okereke,ng NGA,"FW,MF",Gaziantep FK,26,1997,29,24,"2,073",23.0,9,3,12,9,0,0,4,0,0.39,0.13,0.52,0.39,0.52,Matches,0.15,0.36,60,25,41.7,1.09,2.60,,,,,,,,,,,,,,,,,,,Süper Lig,2024-2025
2bc17985,Jonathan Okita,Jonathan Okita,cd COD,"MF,FW",BB Bodrumspor,28,1995,16,12,"1,004",11.2,0,0,0,0,0,0,3,0,0.00,0.00,0.00,0.00,0.00,Matches,0.00,0.00,23,8,34.8,0.72,2.06,,,,,,,,,,,,,,,,,,,Süper Lig,2024-2025
3b192ae1,Jonathan Okoronkwo,Jonathan Okoronkwo,ng NGA,FW,Hatayspor,20,2003,15,3,421,4.7,3,1,4,3,0,1,1,0,0.64,0.21,0.86,0.64,0.86,Matches,0.23,0.43,13,7,53.8,1.50,2.78,,,,,,,,,,,,,,,,,,,Süper Lig,2024-2025
aa6c1dce,Alaaddin Okumuş,Alaaddin Okumuş,,DF,Sivasspor,28,1995,6,4,357,4.0,0,0,0,0,0,0,0,0,0.00,0.00,0.00,0.00,0.00,Matches,,,0,0,,0.00,0.00,,,,,,,,,,,,,,,,,,,Süper Lig,2024-2025
d666bbe6,Ibrahim Olawoyin,Ibrahim Olawoyin,ng NGA,MF,Rizespor,26,1997,32,31,"2,708",30.1,6,7,13,6,0,0,7,1,0.20,0.23,0.43,0.20,0.43,Matches,0.13,0.50,45,12,26.7,0.40,1.50,,,,,,,,,,,,,,,,,,,Süper Lig,2024-2025
0f0aa5b4,Kenneth Omeruo,Kenneth Omeruo,ng NGA,DF,Kasımpaşa,30,1993,5,1,162,1.8,0,0,0,0,0,0,1,0,0.00,0.00,0.00,0.00,0.00,Matches,0.00,,1,0,0.0,0.00,0.56,,,,,,,,,,,,,,,,,,,Süper Lig,2024-2025
6456e745,Abdülkadir Ömür,Abdülkadir Ömür,tr TUR,MF,Rizespor,25,1999,6,3,238,2.6,0,0,0,0,0,0,0,0,0.00,0.00,0.00,0.00,0.00,Matches,0.00,0.00,3,1,33.3,0.38,1.13,,,,,,,,,,,,,,,,,,,Süper Lig,2024-2025
b5bb8188,Jean Onana,Jean Onana,cm CMR,MF,Beşiktaş,24,2000,3,0,47,0.5,0,0,0,0,0,0,0,0,0.00,0.00,0.00,0.00,0.00,Matches,,,0,0,,0.00,0.00,,,,,,,,,,,,,,,,,,,Süper Lig,2024-2025
34abb664,Jayden Oosterwolde,Jayden Oosterwolde,nl NED,DF,Fenerbahçe,23,2001,8,8,705,7.8,0,0,0,0,0,0,3,0,0.00,0.00,0.00,0.00,0.00,Matches,0.00,0.00,2,2,100.0,0.26,0.26,,,,,,,,,,,,,,,,,,,Süper Lig,2024-2025
914bb955,Christopher Operi,Christopher Operi,ci CIV,"DF,MF",Başakşehir,27,1997,11,10,912,10.1,1,0,1,1,0,0,2,0,0.10,0.00,0.10,0.10,0.10,Matches,0.11,0.25,9,4,44.4,0.39,0.89,,,,,,,,,,,,,,,,,,,Süper Lig,2024-2025
091d6ee5,Jerome Opoku,Jerome Opoku,gh GHA,DF,Başakşehir,25,1998,33,29,"2,610",29.0,3,2,5,2,1,3,9,1,0.10,0.07,0.17,0.07,0.14,Matches,0.10,0.20,21,10,47.6,0.34,0.72,,,,,,,,,,,,,,,,,,,Süper Lig,2024-2025
b871bf55,Nicholas Opoku,Nicholas Opoku,gh GHA,DF,Kasımpaşa,26,1997,27,25,"2,198",24.4,0,0,0,0,0,0,11,1,0.00,0.00,0.00,0.00,0.00,Matches,0.00,0.00,5,1,20.0,0.04,0.20,,,,,,,,,,,,,,,,,,,Süper Lig,2024-2025
ee950928,Mislav Oršić,Mislav Oršić,hr CRO,MF,Trabzonspor,31,1992,5,3,195,2.2,0,0,0,0,0,0,0,0,0.00,0.00,0.00,0.00,0.00,Matches,0.00,0.00,5,3,60.0,1.38,2.31,,,,,,,,,,,,,,,,,,,Süper Lig,2024-2025
03b6afa9,Bright Osayi-Samuel,Bright Osayi-Samuel,ng NGA,"DF,MF",Fenerbahçe,26,1997,25,15,"1,366",15.2,0,0,0,0,0,0,2,0,0.00,0.00,0.00,0.00,0.00,Matches,0.00,0.00,9,3,33.3,0.20,0.59,,,,,,,,,,,,,,,,,,,Süper Lig,2024-2025
8c90fd7a,Victor Osimhen,Victor Osimhen,ng NGA,FW,Galatasaray,25,1998,30,28,"2,372",26.4,26,5,31,20,6,6,4,0,0.99,0.19,1.18,0.76,0.95,Matches,0.15,0.35,137,57,41.6,2.16,5.20,,,,,,,,,,,,,,,,,,,Süper Lig,2024-2025
db0ee2aa,Haqi Osman,Haqi Osman,gh GHA,FW,BB Bodrumspor,22,2002,9,0,94,1.0,0,0,0,0,0,0,0,0,0.00,0.00,0.00,0.00,0.00,Matches,0.00,,1,0,0.0,0.00,0.96,,,,,,,,,,,,,,,,,,,Süper Lig,2024-2025
38c7feef,Alex Oxlade-Chamberlain,Alex Oxlade-Chamberlain,eng ENG,MF,Beşiktaş,30,1993,18,14,992,11.0,1,0,1,1,0,0,1,0,0.09,0.00,0.09,0.09,0.09,Matches,0.08,0.33,12,3,25.0,0.27,1.09,,,,,,,,,,,,,,,,,,,Süper Lig,2024-2025
31114001,Berkay Özcan,Berkay Özcan,tr TUR,MF,Rizespor,26,1998,14,8,702,7.8,1,1,2,0,1,1,1,0,0.13,0.13,0.26,0.00,0.13,Matches,0.00,0.00,8,5,62.5,0.64,1.03,,,,,,,,,,,,,,,,,,,Süper Lig,2024-2025
31114001,Berkay Özcan,Berkay Özcan,tr TUR,MF,Rizespor,26,1998,14,8,702,7.8,1,1,2,0,1,1,1,0,0.13,0.13,0.26,0.00,0.13,Matches,0.00,0.00,8,2,25.0,0.31,1.26,,,,,,,,,,,,,,,,,,,Süper Lig,2024-2025
31114001,Berkay Özcan,Berkay Özcan,tr TUR,MF,Başakşehir,26,1998,11,6,573,6.4,0,0,0,0,0,0,0,0,0.00,0.00,0.00,0.00,0.00,Matches,0.00,0.00,8,5,62.5,0.64,1.03,,,,,,,,,,,,,,,,,,,Süper Lig,2024-2025
31114001,Berkay Özcan,Berkay Özcan,tr TUR,MF,Başakşehir,26,1998,11,6,573,6.4,0,0,0,0,0,0,0,0,0.00,0.00,0.00,0.00,0.00,Matches,0.00,0.00,8,2,25.0,0.31,1.26,,,,,,,,,,,,,,,,,,,Süper Lig,2024-2025
3c841afd,Yasin Özcan,Yasin Özcan,tr TUR,DF,Kasımpaşa,18,2006,34,33,"2,783",30.9,1,1,2,1,0,0,7,0,0.03,0.03,0.06,0.03,0.06,Matches,0.07,0.17,15,6,40.0,0.19,0.49,,,,,,,,,,,,,,,,,,,Süper Lig,2024-2025
6057d4ff,Ogün Özçiçek,Ogün Özçiçek,,MF,Gaziantep FK,25,1999,25,11,"1,100",12.2,0,1,1,0,0,0,3,0,0.00,0.08,0.08,0.00,0.08,Matches,0.00,0.00,14,3,21.4,0.25,1.15,,,,,,,,,,,,,,,,,,,Süper Lig,2024-2025
111e4cd3,Arda Özçimen,Arda Özçimen,tr TUR,GK,Göztepe,22,2002,4,4,360,4.0,0,0,0,0,0,0,0,0,0.00,0.00,0.00,0.00,0.00,Matches,,,0,0,,0.00,0.00,1,25.0,4,4,9,2.25,1,360,1,1,0,0.0,0,52.9,9,17,3,0,Süper Lig,2024-2025
f7afcb97,Süleyman Özdamar,Süleyman Özdamar,tr TUR,DF,BB Bodrumspor,31,1993,1,0,45,0.5,0,0,0,0,0,0,1,0,0.00,0.00,0.00,0.00,0.00,Matches,,,0,0,,0.00,0.00,,,,,,,,,,,,,,,,,,,Süper Lig,2024-2025
90ba61ce,Berat Özdemir,Berat Özdemir,tr TUR,MF,Başakşehir,26,1998,33,23,"2,075",23.1,0,2,2,0,0,0,6,0,0.00,0.09,0.09,0.00,0.09,Matches,0.00,0.00,10,1,10.0,0.04,0.43,,,,,,,,,,,,,,,,,,,Süper Lig,2024-2025
fc1e9483,Yusuf Özdemir,Yusuf Özdemir,tr TUR,"MF,DF",Alanyaspor,23,2001,33,31,"2,661",29.6,5,2,7,5,0,0,10,1,0.17,0.07,0.24,0.17,0.24,Matches,0.21,0.45,24,11,45.8,0.37,0.81,,,,,,,,,,,,,,,,,,,Süper Lig,2024-2025
0743d0ec,Berke Özer,Berke Özer,tr TUR,GK,Eyüpspor,24,2000,34,34,"3,014",33.5,0,0,0,0,0,0,5,0,0.00,0.00,0.00,0.00,0.00,Matches,,,0,0,,0.00,0.00,10,29.4,34,34,44,1.31,13,"3,014",3,3,0,0.0,0,73.9,116,157,8,13,Süper Lig,2024-2025
ef870342,Kenan Özer,Kenan Özer,tr TUR,"FW,MF",BB Bodrumspor,36,1987,7,0,103,1.1,1,0,1,0,1,1,1,0,0.87,0.00,0.87,0.00,0.00,Matches,0.00,0.00,4,1,25.0,0.87,3.50,,,,,,,,,,,,,,,,,,,Süper Lig,2024-2025
39277d9f,Batuhan Özgan,Batuhan Özgan,,DF,Kayserispor,17,2007,1,0,15,0.2,0,0,0,0,0,0,0,0,0.00,0.00,0.00,0.00,0.00,Matches,,,0,0,,0.00,0.00,,,,,,,,,,,,,,,,,,,Süper Lig,2024-2025
5ad50d9c,Taha Özmert,Taha Özmert,,MF,Antalyaspor,18,2006,3,0,27,0.3,0,0,0,0,0,0,0,0,0.00,0.00,0.00,0.00,0.00,Matches,,,0,0,,0.00,0.00,,,,,,,,,,,,,,,,,,,Süper Lig,2024-2025
5ac0402b,Bahadır Öztürk,Bahadır Öztürk,tr TUR,DF,Antalyaspor,28,1995,10,9,652,7.2,0,0,0,0,0,0,1,0,0.00,0.00,0.00,0.00,0.00,Matches,0.00,,3,0,0.0,0.00,0.41,,,,,,,,,,,,,,,,,,,Süper Lig,2024-2025
d1379e43,Mithat Pala,Mithat Pala,tr TUR,"MF,DF",Rizespor,23,2000,33,20,"1,820",20.2,0,1,1,0,0,0,7,0,0.00,0.05,0.05,0.00,0.05,Matches,0.00,0.00,19,2,10.5,0.10,0.94,,,,,,,,,,,,,,,,,,,Süper Lig,2024-2025
2f5b4f08,Murat Paluli,Murat Paluli,tr TUR,DF,Sivasspor,29,1994,31,31,"2,736",30.4,1,4,5,1,0,0,8,2,0.03,0.13,0.16,0.03,0.16,Matches,0.09,0.25,11,4,36.4,0.13,0.36,,,,,,,,,,,,,,,,,,,Süper Lig,2024-2025
27610955,Giannis Papanikolaou,Giannis Papanikolaou,gr GRE,MF,Rizespor,25,1998,22,20,"1,585",17.6,0,0,0,0,0,0,7,0,0.00,0.00,0.00,0.00,0.00,Matches,0.00,0.00,14,4,28.6,0.23,0.79,,,,,,,,,,,,,,,,,,,Süper Lig,2024-2025
ce5a24b9,Abdülkadir Parmak,Abdülkadir Parmak,tr TUR,MF,Hatayspor,29,1994,26,20,"1,763",19.6,2,1,3,2,0,0,5,0,0.10,0.05,0.15,0.10,0.15,Matches,0.10,0.29,21,7,33.3,0.36,1.07,,,,,,,,,,,,,,,,,,,Süper Lig,2024-2025
b7ca5c51,Gabriel Paulista,Gabriel Paulista,br BRA,DF,Beşiktaş,33,1990,20,20,"1,639",18.2,1,1,2,1,0,0,1,0,0.05,0.05,0.11,0.05,0.11,Matches,0.11,0.50,9,2,22.2,0.11,0.49,,,,,,,,,,,,,,,,,,,Süper Lig,2024-2025
2ca0d266,Pedrinho,Pedrinho,br BRA,MF,Konyaspor,27,1996,32,30,"2,479",27.5,4,3,7,4,0,0,4,0,0.15,0.11,0.25,0.15,0.25,Matches,0.07,0.24,58,17,29.3,0.62,2.11,,,,,,,,,,,,,,,,,,,Süper Lig,2024-2025
7c13c06a,Rui Pedro,Rui Pedro,pt POR,MF,Hatayspor,26,1998,21,14,"1,189",13.2,1,3,4,1,0,0,6,0,0.08,0.23,0.30,0.08,0.30,Matches,0.06,0.20,17,5,29.4,0.38,1.29,,,,,,,,,,,,,,,,,,,Süper Lig,2024-2025
3a50ff6b,Halil Pehlivan,Halil Pehlivan,tr TUR,DF,Rizespor,30,1993,6,4,339,3.8,0,0,0,0,0,0,2,0,0.00,0.00,0.00,0.00,0.00,Matches,,,0,0,,0.00,0.00,,,,,,,,,,,,,,,,,,,Süper Lig,2024-2025
33bd3dae,Dimitris Pelkas,Dimitris Pelkas,gr GRE,MF,Başakşehir,30,1993,11,3,285,3.2,0,2,2,0,0,0,0,1,0.00,0.63,0.63,0.00,0.63,Matches,0.00,0.00,6,1,16.7,0.32,1.89,,,,,,,,,,,,,,,,,,,Süper Lig,2024-2025
376916d3,Oleksandr Petrusenko,Oleksandr Petrusenko,ua UKR,MF,Antalyaspor,26,1998,21,12,"1,059",11.8,0,0,0,0,0,0,2,0,0.00,0.00,0.00,0.00,0.00,Matches,0.00,,3,0,0.0,0.00,0.25,,,,,,,,,,,,,,,,,,,Süper Lig,2024-2025
17f3620a,Krzysztof Piątek,Krzysztof Piątek,pl POL,FW,Başakşehir,29,1995,33,29,"2,607",29.0,21,2,23,16,5,8,6,1,0.72,0.07,0.79,0.55,0.62,Matches,0.15,0.30,105,53,50.5,1.83,3.62,,,,,,,,,,,,,,,,,,,Süper Lig,2024-2025
2cf496fb,Kamil Piątkowski,Kamil Piątkowski,pl POL,DF,Kasımpaşa,24,2000,13,12,"1,102",12.2,0,1,1,0,0,0,2,0,0.00,0.08,0.08,0.00,0.08,Matches,0.00,,1,0,0.0,0.00,0.08,,,,,,,,,,,,,,,,,,,Süper Lig,2024-2025
0984edd0,Onurcan Piri,Onurcan Piri,tr TUR,GK,Kayserispor,29,1994,11,11,990,11.0,0,0,0,0,0,0,1,0,0.00,0.00,0.00,0.00,0.00,Matches,,,0,0,,0.00,0.00,1,9.1,11,11,25,2.27,7,990,1,1,0,0.0,0,68.0,51,75,3,1,Süper Lig,2024-2025
00b86f5e,Kenan Pirić,Kenan Pirić,ba BIH,GK,Antalyaspor,30,1994,30,30,"2,700",30.0,0,1,1,0,0,0,1,0,0.00,0.03,0.03,0.00,0.03,Matches,,,0,0,,0.00,0.00,5,16.7,30,30,53,1.77,13,"2,700",6,6,0,0.0,0,63.0,80,127,7,10,Süper Lig,2024-2025
67d14c2e,Achilleas Poungouras,Achilleas Poungouras,gr GRE,"MF,DF",Sivasspor,28,1995,19,9,889,9.9,0,0,0,0,0,0,1,0,0.00,0.00,0.00,0.00,0.00,Matches,0.00,,3,0,0.0,0.00,0.30,,,,,,,,,,,,,,,,,,,Süper Lig,2024-2025
6447d49f,Louka Prip,Louka Prip,dk DEN,MF,Konyaspor,27,1997,21,7,749,8.3,1,2,3,1,0,0,1,0,0.12,0.24,0.36,0.12,0.36,Matches,0.05,0.13,20,8,40.0,0.96,2.40,,,,,,,,,,,,,,,,,,,Süper Lig,2024-2025
ff9fcd4d,Alex Pritchard,Alex Pritchard,eng ENG,MF,Sivasspor,31,1993,20,12,"1,062",11.8,0,4,4,0,0,0,1,0,0.00,0.34,0.34,0.00,0.34,Matches,0.00,0.00,9,3,33.3,0.25,0.76,,,,,,,,,,,,,,,,,,,Süper Lig,2024-2025
c23c8e0d,George Pușcaș,George Pușcaș,ro ROU,FW,BB Bodrumspor,28,1996,34,23,"1,868",20.8,8,1,9,5,3,3,1,0,0.39,0.05,0.43,0.24,0.29,Matches,0.10,0.25,49,20,40.8,0.96,2.36,,,,,,,,,,,,,,,,,,,Süper Lig,2024-2025
ebbd1336,Uroš Radaković,Uroš Radaković,rs SRB,DF,Sivasspor,30,1994,29,29,"2,445",27.2,4,0,4,4,0,0,3,4,0.15,0.00,0.15,0.15,0.15,Matches,0.21,0.50,19,8,42.1,0.29,0.70,,,,,,,,,,,,,,,,,,,Süper Lig,2024-2025
e150254d,Erdal Rakip,Erdal Rakip,mk MKD,MF,Antalyaspor,28,1996,27,25,"1,913",21.3,1,1,2,1,0,0,10,1,0.05,0.05,0.09,0.05,0.09,Matches,0.06,0.25,16,4,25.0,0.19,0.75,,,,,,,,,,,,,,,,,,,Süper Lig,2024-2025
6c6a3300,Milot Rashica,Milot Rashica,xk KVX,MF,Beşiktaş,28,1996,28,24,"2,041",22.7,3,5,8,3,0,0,2,0,0.13,0.22,0.35,0.13,0.35,Matches,0.10,0.25,31,12,38.7,0.53,1.37,,,,,,,,,,,,,,,,,,,Süper Lig,2024-2025
e90aa5da,Richard,Richard,br BRA,MF,Alanyaspor,30,1994,32,30,"2,643",29.4,1,3,4,1,0,0,12,0,0.03,0.10,0.14,0.03,0.14,Matches,0.05,0.25,22,4,18.2,0.14,0.75,,,,,,,,,,,,,,,,,,,Süper Lig,2024-2025
85c18ac5,Rigoberto Rivas,Rigoberto Rivas,hn HON,"MF,DF",Hatayspor,26,1998,17,12,"1,076",12.0,1,2,3,1,0,0,2,0,0.08,0.17,0.25,0.08,0.25,Matches,0.10,0.50,10,2,20.0,0.17,0.84,,,,,,,,,,,,,,,,,,,Süper Lig,2024-2025
149895bf,Garry Rodrigues,Garry Rodrigues,cv CPV,"MF,FW",Sivasspor,33,1990,27,22,"1,788",19.9,4,3,7,4,0,0,3,0,0.20,0.15,0.35,0.20,0.35,Matches,0.13,0.33,30,12,40.0,0.60,1.51,,,,,,,,,,,,,,,,,,,Süper Lig,2024-2025
f1bed920,Kévin Rodrigues,Kévin Rodrigues,pt POR,"DF,MF",Kasımpaşa,30,1994,28,26,"2,277",25.3,1,1,2,1,0,0,8,0,0.04,0.04,0.08,0.04,0.08,Matches,0.06,0.14,18,7,38.9,0.28,0.71,,,,,,,,,,,,,,,,,,,Süper Lig,2024-2025
55e81c76,José Rodríguez,José Rodríguez,es ESP,"MF,DF",Adana Demirspor,29,1994,2,2,142,1.6,0,0,0,0,0,0,0,0,0.00,0.00,0.00,0.00,0.00,Matches,,,0,0,,0.00,0.00,,,,,,,,,,,,,,,,,,,Süper Lig,2024-2025
03dd053e,Rômulo,Rômulo,br BRA,FW,Göztepe,22,2002,29,28,"2,493",27.7,13,9,22,8,5,6,5,0,0.47,0.32,0.79,0.29,0.61,Matches,0.08,0.20,95,41,43.2,1.48,3.43,,,,,,,,,,,,,,,,,,,Süper Lig,2024-2025
760fd987,Serdar Saatçı,Serdar Saatçı,tr TUR,DF,Trabzonspor,21,2003,11,5,574,6.4,0,0,0,0,0,0,5,0,0.00,0.00,0.00,0.00,0.00,Matches,0.00,0.00,3,1,33.3,0.16,0.47,,,,,,,,,,,,,,,,,,,Süper Lig,2024-2025
eb5bc3eb,Enric Saborit,Enric Saborit,es ESP,DF,Gaziantep FK,32,1992,10,8,796,8.8,1,0,1,1,0,0,3,0,0.11,0.00,0.11,0.11,0.11,Matches,0.11,0.50,9,2,22.2,0.23,1.02,,,,,,,,,,,,,,,,,,,Süper Lig,2024-2025
ec5867a5,Loret Sadiku,Loret Sadiku,al ALB,MF,Kasımpaşa,33,1991,11,6,450,5.0,0,0,0,0,0,0,0,0,0.00,0.00,0.00,0.00,0.00,Matches,,,0,0,,0.00,0.00,,,,,,,,,,,,,,,,,,,Süper Lig,2024-2025
dde7068b,Ramzi Safouri,Ramzi Safouri,il ISR,MF,Antalyaspor,28,1995,28,16,"1,569",17.4,4,1,5,4,0,1,3,0,0.23,0.06,0.29,0.23,0.29,Matches,0.12,0.31,34,13,38.2,0.75,1.95,,,,,,,,,,,,,,,,,,,Süper Lig,2024-2025
651d9f0a,Görkem Sağlam,Görkem Sağlam,de GER,MF,Hatayspor,26,1998,31,27,"2,381",26.5,4,9,13,3,1,1,9,0,0.15,0.34,0.49,0.11,0.45,Matches,0.08,0.21,39,14,35.9,0.53,1.47,,,,,,,,,,,,,,,,,,,Süper Lig,2024-2025
2b16cb1a,Allan Saint-Maximin,Allan Saint-Maximin,fr FRA,MF,Fenerbahçe,27,1997,20,14,"1,201",13.3,4,3,7,4,0,0,3,0,0.30,0.22,0.52,0.30,0.52,Matches,0.10,0.22,41,18,43.9,1.35,3.07,,,,,,,,,,,,,,,,,,,Süper Lig,2024-2025
13e0eb29,Samuel Sáiz,Samuel Sáiz,es ESP,"MF,FW",Eyüpspor,33,1991,16,7,723,8.0,3,1,4,3,0,0,3,0,0.37,0.12,0.50,0.37,0.50,Matches,0.27,0.33,11,9,81.8,1.12,1.37,,,,,,,,,,,,,,,,,,,Süper Lig,2024-2025
bf075f6b,Roland Sallai,Roland Sallai,hu HUN,"MF,DF",Galatasaray,27,1997,27,18,"1,727",19.2,2,1,3,2,0,0,10,0,0.10,0.05,0.16,0.10,0.16,Matches,0.06,0.14,36,14,38.9,0.73,1.88,,,,,,,,,,,,,,,,,,,Süper Lig,2024-2025
8da9409e,Braian Samudio,Braian Samudio,py PAR,"FW,MF",Antalyaspor,28,1995,35,28,"2,349",26.1,7,1,8,5,2,2,2,0,0.27,0.04,0.31,0.19,0.23,Matches,0.09,0.20,55,25,45.5,0.96,2.11,,,,,,,,,,,,,,,,,,,Süper Lig,2024-2025
da7b447d,Davinson Sánchez,Davinson Sánchez,co COL,DF,Galatasaray,28,1996,31,31,"2,704",30.0,3,1,4,3,0,0,7,0,0.10,0.03,0.13,0.10,0.13,Matches,0.13,0.43,23,7,30.4,0.23,0.77,,,,,,,,,,,,,,,,,,,Süper Lig,2024-2025
3efaa30d,Nazim Sangaré,Nazim Sangaré,tr TUR,"MF,DF",Göztepe,30,1994,20,7,765,8.5,0,1,1,0,0,0,3,0,0.00,0.12,0.12,0.00,0.12,Matches,0.00,,7,0,0.0,0.00,0.82,,,,,,,,,,,,,,,,,,,Süper Lig,2024-2025
ad89aa96,Juan Santos,Juan Santos,br BRA,FW,Göztepe,22,2002,26,21,"1,648",18.3,7,3,10,7,0,1,1,0,0.38,0.16,0.55,0.38,0.55,Matches,0.17,0.54,42,13,31.0,0.71,2.29,,,,,,,,,,,,,,,,,,,Süper Lig,2024-2025
135d500d,Gabriel Sara,Gabriel Sara,br BRA,MF,Galatasaray,25,1999,31,28,"2,352",26.1,2,8,10,2,0,0,4,0,0.08,0.31,0.38,0.08,0.38,Matches,0.04,0.15,55,13,23.6,0.50,2.10,,,,,,,,,,,,,,,,,,,Süper Lig,2024-2025
494d18b6,Veysel Sarı,Veysel Sarı,tr TUR,DF,Antalyaspor,36,1988,32,32,"2,842",31.6,1,0,1,1,0,0,6,0,0.03,0.00,0.03,0.03,0.03,Matches,0.06,0.25,18,4,22.2,0.13,0.57,,,,,,,,,,,,,,,,,,,Süper Lig,2024-2025
a2da58b1,Yusuf Sari,Yusuf Sari,tr TUR,"MF,FW",Başakşehir,25,1998,17,13,"1,084",12.0,4,3,7,4,0,0,1,0,0.33,0.25,0.58,0.33,0.58,Matches,0.20,0.50,20,8,40.0,0.66,1.66,,,,,,,,,,,,,,,,,,,Süper Lig,2024-2025
a2da58b1,Yusuf Sari,Yusuf Sari,tr TUR,"MF,FW",Başakşehir,25,1998,17,13,"1,084",12.0,4,3,7,4,0,0,1,0,0.33,0.25,0.58,0.33,0.58,Matches,0.00,0.00,30,14,46.7,1.35,2.89,,,,,,,,,,,,,,,,,,,Süper Lig,2024-2025
a2da58b1,Yusuf Sari,Yusuf Sari,tr TUR,MF,Adana Demirspor,25,1998,13,10,934,10.4,0,1,1,0,0,2,1,0,0.00,0.10,0.10,0.00,0.10,Matches,0.20,0.50,20,8,40.0,0.66,1.66,,,,,,,,,,,,,,,,,,,Süper Lig,2024-2025
a2da58b1,Yusuf Sari,Yusuf Sari,tr TUR,MF,Adana Demirspor,25,1998,13,10,934,10.4,0,1,1,0,0,2,1,0,0.00,0.10,0.10,0.00,0.10,Matches,0.00,0.00,30,14,46.7,1.35,2.89,,,,,,,,,,,,,,,,,,,Süper Lig,2024-2025
8bfbbfb2,Talha Sarıarslan,Talha Sarıarslan,tr TUR,FW,Kayserispor,20,2004,16,1,273,3.0,2,1,3,2,0,0,0,0,0.66,0.33,0.99,0.66,0.99,Matches,0.18,0.67,11,3,27.3,0.99,3.63,,,,,,,,,,,,,,,,,,,Süper Lig,2024-2025
e7cd8150,Demir Sarıcalı,Demir Sarıcalı,,GK,Hatayspor,19,2005,1,1,90,1.0,0,0,0,0,0,0,0,0,0.00,0.00,0.00,0.00,0.00,Matches,,,0,0,,0.00,0.00,0,0.0,1,1,5,5.00,1,90,0,0,0,,0,61.5,8,13,0,0,Süper Lig,2024-2025
762f0f14,Baran Sarka,Baran Sarka,,MF,Hatayspor,23,2001,3,0,41,0.5,0,0,0,0,0,0,0,0,0.00,0.00,0.00,0.00,0.00,Matches,,,0,0,,0.00,0.00,,,,,,,,,,,,,,,,,,,Süper Lig,2024-2025
cead8fc6,Ali Şaşal Vural,Ali Şaşal Vural,tr TUR,GK,Sivasspor,34,1990,26,25,"2,295",25.5,0,0,0,0,0,0,4,0,0.00,0.00,0.00,0.00,0.00,Matches,,,0,0,,0.00,0.00,5,20.0,26,25,40,1.57,14,"2,295",5,5,0,0.0,0,74.8,104,139,6,5,Süper Lig,2024-2025
d665d581,Ľubomír Šatka,Ľubomír Šatka,sk SVK,DF,Samsunspor,28,1995,31,31,"2,741",30.5,0,1,1,0,0,0,2,0,0.00,0.03,0.03,0.00,0.03,Matches,0.00,0.00,9,3,33.3,0.10,0.30,,,,,,,,,,,,,,,,,,,Süper Lig,2024-2025
f6ac68c1,Stefan Savić,Stefan Savić,me MNE,DF,Trabzonspor,33,1991,13,11,840,9.3,0,0,0,0,0,0,2,0,0.00,0.00,0.00,0.00,0.00,Matches,0.00,,3,0,0.0,0.00,0.32,,,,,,,,,,,,,,,,,,,Süper Lig,2024-2025
01fed96a,Gökhan Sazdağı,Gökhan Sazdağı,tr TUR,DF,Kayserispor,29,1994,30,30,"2,615",29.1,0,4,4,0,0,0,10,2,0.00,0.14,0.14,0.00,0.14,Matches,0.00,0.00,21,5,23.8,0.17,0.72,,,,,,,,,,,,,,,,,,,Süper Lig,2024-2025
bd527260,Kingsley Schindler,Kingsley Schindler,gh GHA,MF,Samsunspor,31,1993,35,17,"1,629",18.1,2,1,3,2,0,0,1,0,0.11,0.06,0.17,0.11,0.17,Matches,0.10,0.50,21,4,19.0,0.22,1.16,,,,,,,,,,,,,,,,,,,Süper Lig,2024-2025
fdd6cad9,Taulant Seferi,Taulant Seferi,al ALB,"MF,FW",BB Bodrumspor,27,1996,30,22,"1,973",21.9,3,1,4,3,0,1,5,1,0.14,0.05,0.18,0.14,0.18,Matches,0.06,0.20,47,15,31.9,0.68,2.14,,,,,,,,,,,,,,,,,,,Süper Lig,2024-2025
fa68a5b4,Mehmet Şeker,Mehmet Şeker,,MF,Sivasspor,18,2006,1,0,7,0.1,0,0,0,0,0,0,0,0,0.00,0.00,0.00,0.00,0.00,Matches,,,0,0,,0.00,0.00,,,,,,,,,,,,,,,,,,,Süper Lig,2024-2025
98787b0d,Cenk Şen,Cenk Şen,tr TUR,DF,BB Bodrumspor,23,2000,32,29,"2,518",28.0,1,0,1,1,0,0,3,0,0.04,0.00,0.04,0.04,0.04,Matches,0.25,1.00,4,1,25.0,0.04,0.14,,,,,,,,,,,,,,,,,,,Süper Lig,2024-2025
fa71b998,Muhammed Şengezer,Muhammed Şengezer,tr TUR,GK,Başakşehir,27,1997,34,34,"3,060",34.0,0,0,0,0,0,0,4,0,0.00,0.00,0.00,0.00,0.00,Matches,,,0,0,,0.00,0.00,10,29.4,34,34,50,1.47,12,"3,060",5,6,0,16.7,1,67.2,92,137,6,16,Süper Lig,2024-2025
b0cc02e2,Cemalil Sertel,Cemalil Sertel,tr TUR,DF,Hatayspor,24,2000,31,28,"2,386",26.5,2,0,2,2,0,0,5,0,0.08,0.00,0.08,0.08,0.08,Matches,0.13,0.40,15,5,33.3,0.19,0.57,,,,,,,,,,,,,,,,,,,Süper Lig,2024-2025
d021bc2e,Yusuf Sertkaya,Yusuf Sertkaya,tr TUR,MF,BB Bodrumspor,18,2005,1,0,4,0.0,0,0,0,0,0,0,0,0,0.00,0.00,0.00,0.00,0.00,Matches,,,0,0,,0.00,0.00,,,,,,,,,,,,,,,,,,,Süper Lig,2024-2025
db23db2e,Svit Sešlar,Svit Sešlar,si SVN,MF,Eyüpspor,22,2002,2,0,22,0.2,0,1,1,0,0,0,1,0,0.00,4.09,4.09,0.00,4.09,Matches,0.00,,2,0,0.0,0.00,8.18,,,,,,,,,,,,,,,,,,,Süper Lig,2024-2025
f2601cd1,Florent Shehu,Florent Shehu,ch SUI,FW,Adana Demirspor,22,2002,5,0,49,0.5,0,0,0,0,0,0,1,0,0.00,0.00,0.00,0.00,0.00,Matches,0.00,,1,0,0.0,0.00,1.84,,,,,,,,,,,,,,,,,,,Süper Lig,2024-2025
3727dd3c,Jonjo Shelvey,Jonjo Shelvey,eng ENG,MF,Eyüpspor,32,1992,6,2,204,2.3,0,0,0,0,0,0,1,0,0.00,0.00,0.00,0.00,0.00,Matches,0.00,,1,0,0.0,0.00,0.44,,,,,,,,,,,,,,,,,,,Süper Lig,2024-2025
03998238,Danylo Sikan,Danylo Sikan,ua UKR,"MF,FW",Trabzonspor,23,2001,14,9,776,8.6,3,1,4,3,0,0,1,0,0.35,0.12,0.46,0.35,0.46,Matches,0.17,0.43,18,7,38.9,0.81,2.09,,,,,,,,,,,,,,,,,,,Süper Lig,2024-2025
70cf63ca,Rafa Silva,Rafa Silva,pt POR,"MF,FW",Beşiktaş,31,1993,35,35,"3,081",34.2,12,5,17,12,0,0,5,0,0.35,0.15,0.50,0.35,0.50,Matches,0.13,0.28,89,43,48.3,1.26,2.60,,,,,,,,,,,,,,,,,,,Süper Lig,2024-2025
0acf0e1c,Veljko Simić,Veljko Simić,rs SRB,"MF,FW",Sivasspor,29,1995,15,7,653,7.3,1,0,1,1,0,0,0,0,0.14,0.00,0.14,0.14,0.14,Matches,0.10,0.33,10,3,30.0,0.41,1.38,,,,,,,,,,,,,,,,,,,Süper Lig,2024-2025
8377c51d,Guilherme Sityá,Guilherme Sityá,pt POR,DF,Konyaspor,34,1990,34,34,"2,999",33.3,0,8,8,0,0,0,2,0,0.00,0.24,0.24,0.00,0.24,Matches,0.00,0.00,10,3,30.0,0.09,0.30,,,,,,,,,,,,,,,,,,,Süper Lig,2024-2025
30f5ffa9,Milan Škriniar,Milan Škriniar,sk SVK,DF,Fenerbahçe,29,1995,16,16,"1,440",16.0,3,0,3,3,0,0,2,0,0.19,0.00,0.19,0.19,0.19,Matches,0.25,0.75,12,4,33.3,0.25,0.75,,,,,,,,,,,,,,,,,,,Süper Lig,2024-2025
94bf5c1e,Isaac Solet,Isaac Solet,cf CTA,MF,Göztepe,23,2001,11,11,750,8.3,2,1,3,2,0,0,4,0,0.24,0.12,0.36,0.24,0.36,Matches,0.17,0.40,12,5,41.7,0.60,1.44,,,,,,,,,,,,,,,,,,,Süper Lig,2024-2025
f18c0f1f,Noah Sonko Sundberg,Noah Sonko Sundberg,gm GAM,DF,Sivasspor,28,1996,26,24,"2,184",24.3,2,1,3,2,0,0,6,0,0.08,0.04,0.12,0.08,0.12,Matches,0.15,0.33,13,6,46.2,0.25,0.54,,,,,,,,,,,,,,,,,,,Süper Lig,2024-2025
15e1f59b,Deian Sorescu,Deian Sorescu,ro ROU,"MF,DF",Gaziantep FK,26,1997,34,31,"2,755",30.6,5,6,11,4,1,1,6,0,0.16,0.20,0.36,0.13,0.33,Matches,0.06,0.17,67,24,35.8,0.78,2.19,,,,,,,,,,,,,,,,,,,Süper Lig,2024-2025
84e5adcd,Ali Sowe,Ali Sowe,gm GAM,FW,Rizespor,30,1994,36,34,"2,978",33.1,19,2,21,19,0,1,3,0,0.57,0.06,0.63,0.57,0.63,Matches,0.22,0.46,86,41,47.7,1.24,2.60,,,,,,,,,,,,,,,,,,,Süper Lig,2024-2025
d740fd7c,Furkan Soyalp,Furkan Soyalp,tr TUR,MF,Gaziantep FK,29,1995,18,5,555,6.2,2,1,3,2,0,0,2,0,0.32,0.16,0.49,0.32,0.49,Matches,0.20,0.67,10,3,30.0,0.49,1.62,,,,,,,,,,,,,,,,,,,Süper Lig,2024-2025
21166ff4,Çağlar Söyüncü,Çağlar Söyüncü,tr TUR,DF,Fenerbahçe,28,1996,25,19,"1,600",17.8,1,1,2,1,0,0,5,0,0.06,0.06,0.11,0.06,0.11,Matches,0.09,0.25,11,4,36.4,0.23,0.62,,,,,,,,,,,,,,,,,,,Süper Lig,2024-2025
878f0921,Andraž Šporar,Andraž Šporar,si SVN,FW,Alanyaspor,30,1994,10,7,693,7.7,3,0,3,2,1,1,0,0,0.39,0.00,0.39,0.26,0.26,Matches,0.13,0.22,16,9,56.3,1.17,2.08,,,,,,,,,,,,,,,,,,,Süper Lig,2024-2025
ee3519f5,Taras Stepanenko,Taras Stepanenko,ua UKR,MF,Eyüpspor,34,1989,7,4,370,4.1,0,0,0,0,0,0,1,0,0.00,0.00,0.00,0.00,0.00,Matches,0.00,0.00,1,1,100.0,0.24,0.24,,,,,,,,,,,,,,,,,,,Süper Lig,2024-2025
8c70d3ee,Carlos Strandberg,Carlos Strandberg,se SWE,"FW,MF",Hatayspor,28,1996,27,14,"1,278",14.2,4,0,4,3,1,1,0,1,0.28,0.00,0.28,0.21,0.21,Matches,0.10,0.25,29,12,41.4,0.85,2.04,,,,,,,,,,,,,,,,,,,Süper Lig,2024-2025
9afce63a,Sander van de Streek,Sander van de Streek,nl NED,"MF,FW",Antalyaspor,31,1993,31,23,"1,987",22.1,2,1,3,2,0,0,3,0,0.09,0.05,0.14,0.09,0.14,Matches,0.05,0.17,42,12,28.6,0.54,1.90,,,,,,,,,,,,,,,,,,,Süper Lig,2024-2025
deb20131,Jonas Svensson,Jonas Svensson,no NOR,DF,Beşiktaş,31,1993,31,31,"2,722",30.2,0,2,2,0,0,0,7,0,0.00,0.07,0.07,0.00,0.07,Matches,0.00,0.00,6,2,33.3,0.07,0.20,,,,,,,,,,,,,,,,,,,Süper Lig,2024-2025
bb718263,Sebastian Szymański,Sebastian Szymański,pl POL,MF,Fenerbahçe,25,1999,35,26,"2,298",25.5,3,5,8,3,0,0,4,0,0.12,0.20,0.31,0.12,0.31,Matches,0.07,0.27,41,11,26.8,0.43,1.61,,,,,,,,,,,,,,,,,,,Süper Lig,2024-2025
a55550eb,Patryk Szysz,Patryk Szysz,pl POL,FW,Başakşehir,26,1998,3,1,72,0.8,0,0,0,0,0,0,0,0,0.00,0.00,0.00,0.00,0.00,Matches,,,0,0,,0.00,0.00,,,,,,,,,,,,,,,,,,,Süper Lig,2024-2025
b0c1bea5,Jakub Słowik,Jakub Słowik,pl POL,GK,Konyaspor,32,1991,24,24,"2,160",24.0,0,0,0,0,0,0,3,0,0.00,0.00,0.00,0.00,0.00,Matches,,,0,0,,0.00,0.00,4,16.7,24,24,38,1.58,12,"2,160",6,9,0,33.3,3,68.9,74,103,6,6,Süper Lig,2024-2025
2475dcc6,Dušan Tadić,Dušan Tadić,rs SRB,MF,Fenerbahçe,35,1988,35,28,"2,485",27.6,11,13,24,8,3,3,2,0,0.40,0.47,0.87,0.29,0.76,Matches,0.20,0.38,41,21,51.2,0.76,1.48,,,,,,,,,,,,,,,,,,,Süper Lig,2024-2025
a73db1eb,Muhammet Taha Şahin,Muhammet Taha Şahin,,DF,Rizespor,23,2000,35,35,"2,992",33.2,0,8,8,0,0,0,6,0,0.00,0.24,0.24,0.00,0.24,Matches,0.00,0.00,17,8,47.1,0.24,0.51,,,,,,,,,,,,,,,,,,,Süper Lig,2024-2025
31139973,Muhammet Taha Tepe,Muhammet Taha Tepe,tr TUR,GK,Trabzonspor,23,2001,4,4,360,4.0,0,0,0,0,0,0,0,0,0.00,0.00,0.00,0.00,0.00,Matches,,,0,0,,0.00,0.00,1,25.0,4,4,4,1.00,0,360,0,0,0,,0,73.3,11,15,3,1,Süper Lig,2024-2025
a0f9b535,Flavien Tait,Flavien Tait,fr FRA,MF,Samsunspor,31,1993,10,3,330,3.7,1,1,2,1,0,0,1,0,0.27,0.27,0.55,0.27,0.55,Matches,0.17,0.33,6,3,50.0,0.82,1.64,,,,,,,,,,,,,,,,,,,Süper Lig,2024-2025
7d4f9ee6,Tayyib Talha Sanuç,Tayyib Talha Sanuç,tr TUR,DF,Beşiktaş,24,1999,15,7,540,6.0,0,0,0,0,0,0,1,2,0.00,0.00,0.00,0.00,0.00,Matches,0.00,,2,0,0.0,0.00,0.33,,,,,,,,,,,,,,,,,,,Süper Lig,2024-2025
5c4f4e43,Talisca,Talisca,br BRA,"FW,MF",Fenerbahçe,30,1994,16,12,"1,023",11.4,9,1,10,5,4,4,3,0,0.79,0.09,0.88,0.44,0.53,Matches,0.08,0.17,65,30,46.2,2.64,5.72,,,,,,,,,,,,,,,,,,,Süper Lig,2024-2025
1675a04d,Haluk Tan,Haluk Tan,tr TUR,DF,Samsunspor,19,2005,1,0,2,0.0,0,0,0,0,0,0,0,0,0.00,0.00,0.00,0.00,0.00,Matches,,,0,0,,0.00,0.00,,,,,,,,,,,,,,,,,,,Süper Lig,2024-2025
659d95ac,Ali Tarkan,Ali Tarkan,,MF,Samsunspor,18,2006,1,0,1,0.0,0,0,0,0,0,0,0,0,0.00,0.00,0.00,0.00,0.00,Matches,,,0,0,,0.00,0.00,,,,,,,,,,,,,,,,,,,Süper Lig,2024-2025
f2b4424b,Çağan Taş,Çağan Taş,,MF,Gaziantep FK,17,2006,1,0,1,0.0,0,0,0,0,0,0,0,0,0.00,0.00,0.00,0.00,0.00,Matches,,,0,0,,0.00,0.00,,,,,,,,,,,,,,,,,,,Süper Lig,2024-2025
895a2119,Emre Taşdemir,Emre Taşdemir,tr TUR,"DF,MF",Gaziantep FK,28,1995,15,6,611,6.8,1,1,2,1,0,0,1,0,0.15,0.15,0.29,0.15,0.29,Matches,0.14,0.33,7,3,42.9,0.44,1.03,,,,,,,,,,,,,,,,,,,Süper Lig,2024-2025
5eea0a9e,Ilter Tashkin,Ilter Tashkin,az AZE,MF,Eyüpspor,30,1994,6,3,298,3.3,0,1,1,0,0,0,2,0,0.00,0.30,0.30,0.00,0.30,Matches,0.00,,2,0,0.0,0.00,0.60,,,,,,,,,,,,,,,,,,,Süper Lig,2024-2025
cf8c553e,Ertuğrul Taşkıran,Ertuğrul Taşkıran,tr TUR,GK,Alanyaspor,34,1989,34,34,"3,060",34.0,0,0,0,0,0,0,5,0,0.00,0.00,0.00,0.00,0.00,Matches,,,0,0,,0.00,0.00,8,23.5,34,34,48,1.41,14,"3,060",3,5,0,40.0,2,68.5,100,143,9,11,Süper Lig,2024-2025
d890e9bd,Selimcan Temel,Selimcan Temel,,"MF,DF",Hatayspor,24,2000,10,2,207,2.3,0,0,0,0,0,0,1,0,0.00,0.00,0.00,0.00,0.00,Matches,0.00,,1,0,0.0,0.00,0.43,,,,,,,,,,,,,,,,,,,Süper Lig,2024-2025
7dcbd768,Serkan Terzi,Serkan Terzi,tr TUR,DF,Beşiktaş,20,2004,4,2,215,2.4,0,1,1,0,0,0,1,0,0.00,0.42,0.42,0.00,0.42,Matches,0.00,,1,0,0.0,0.00,0.42,,,,,,,,,,,,,,,,,,,Süper Lig,2024-2025
6acda5fe,David Tijanić,David Tijanić,si SVN,MF,Göztepe,27,1997,33,22,"1,853",20.6,5,9,14,5,0,0,1,0,0.24,0.44,0.68,0.24,0.68,Matches,0.09,0.22,55,23,41.8,1.12,2.67,,,,,,,,,,,,,,,,,,,Süper Lig,2024-2025
c9bdb329,Dorukhan Toköz,Dorukhan Toköz,tr TUR,"DF,MF",Eyüpspor,28,1996,18,5,506,5.6,0,0,0,0,0,0,3,0,0.00,0.00,0.00,0.00,0.00,Matches,0.00,0.00,3,1,33.3,0.18,0.53,,,,,,,,,,,,,,,,,,,Süper Lig,2024-2025
1828145a,Emir Topçu,Emir Topçu,tr TUR,DF,Beşiktaş,23,2000,28,20,"1,818",20.2,1,0,1,1,0,0,7,0,0.05,0.00,0.05,0.05,0.05,Matches,0.13,0.33,8,3,37.5,0.15,0.40,,,,,,,,,,,,,,,,,,,Süper Lig,2024-2025
db6b97c5,Berkay Topdemir,Berkay Topdemir,,FW,Antalyaspor,17,2007,2,0,36,0.4,0,0,0,0,0,0,0,0,0.00,0.00,0.00,0.00,0.00,Matches,0.00,,1,0,0.0,0.00,2.50,,,,,,,,,,,,,,,,,,,Süper Lig,2024-2025
52611641,Lucas Torreira,Lucas Torreira,uy URU,MF,Galatasaray,28,1996,32,32,"2,752",30.6,4,5,9,4,0,0,4,0,0.13,0.16,0.29,0.13,0.29,Matches,0.15,0.44,26,9,34.6,0.29,0.85,,,,,,,,,,,,,,,,,,,Süper Lig,2024-2025
9a104dee,Cenk Tosun,Cenk Tosun,tr TUR,"FW,MF",Fenerbahçe,33,1991,12,0,143,1.6,1,0,1,1,0,0,0,0,0.63,0.00,0.63,0.63,0.63,Matches,0.17,0.33,6,3,50.0,1.89,3.78,,,,,,,,,,,,,,,,,,,Süper Lig,2024-2025
b28bbd58,Andros Townsend,Andros Townsend,eng ENG,"MF,FW",Antalyaspor,33,1991,18,6,630,7.0,0,0,0,0,0,0,1,0,0.00,0.00,0.00,0.00,0.00,Matches,0.00,0.00,7,2,28.6,0.29,1.00,,,,,,,,,,,,,,,,,,,Süper Lig,2024-2025
bb69a2a9,Umut Toy,Umut Toy,,DF,Alanyaspor,20,2004,1,0,4,0.0,0,0,0,0,0,0,0,0,0.00,0.00,0.00,0.00,0.00,Matches,,,0,0,,0.00,0.00,,,,,,,,,,,,,,,,,,,Süper Lig,2024-2025
3ae14ed1,Trézéguet,Trézéguet,eg EGY,MF,Trabzonspor,29,1994,1,1,90,1.0,0,0,0,0,0,0,0,0,0.00,0.00,0.00,0.00,0.00,Matches,0.00,0.00,4,1,25.0,1.00,4.00,,,,,,,,,,,,,,,,,,,Süper Lig,2024-2025
17d45fb2,Ozan Tufan,Ozan Tufan,tr TUR,MF,Trabzonspor,29,1995,30,19,"1,704",18.9,4,2,6,4,0,0,3,0,0.21,0.11,0.32,0.21,0.32,Matches,0.14,0.25,29,16,55.2,0.85,1.53,,,,,,,,,,,,,,,,,,,Süper Lig,2024-2025
db71e6f3,Muhammet Tunahan Taşçı,Muhammet Tunahan Taşçı,tr TUR,"MF,FW",Konyaspor,22,2002,13,5,535,5.9,1,1,2,1,0,0,2,0,0.17,0.17,0.34,0.17,0.34,Matches,0.09,0.50,11,2,18.2,0.34,1.85,,,,,,,,,,,,,,,,,,,Süper Lig,2024-2025
8c8fa12a,Gökdeniz Tunç,Gökdeniz Tunç,,DF,Adana Demirspor,17,2006,1,1,60,0.7,0,0,0,0,0,0,1,0,0.00,0.00,0.00,0.00,0.00,Matches,,,0,0,,0.00,0.00,,,,,,,,,,,,,,,,,,,Süper Lig,2024-2025
a1320d78,Bekír Turaç Böke,Bekír Turaç Böke,,"MF,FW",Sivasspor,25,1999,29,8,979,10.9,4,1,5,4,0,0,1,0,0.37,0.09,0.46,0.37,0.46,Matches,0.17,0.57,24,7,29.2,0.64,2.21,,,,,,,,,,,,,,,,,,,Süper Lig,2024-2025
bb0b6856,Aziz Turgʻunboyev,Aziz Turgʻunboyev,uz UZB,"MF,DF",Sivasspor,29,1994,21,12,"1,206",13.4,0,3,3,0,0,0,4,0,0.00,0.22,0.22,0.00,0.22,Matches,0.00,0.00,12,2,16.7,0.15,0.90,,,,,,,,,,,,,,,,,,,Süper Lig,2024-2025
3fa66cb2,Hüseyin Türkmen,Hüseyin Türkmen,tr TUR,DF,Trabzonspor,26,1998,5,4,308,3.4,0,0,0,0,0,0,1,0,0.00,0.00,0.00,0.00,0.00,Matches,0.00,,2,0,0.0,0.00,0.58,,,,,,,,,,,,,,,,,,,Süper Lig,2024-2025
ed140063,Deniz Turuc,Deniz Turuc,tr TUR,"MF,FW",Başakşehir,31,1993,34,26,"2,252",25.0,5,7,12,5,0,0,9,1,0.20,0.28,0.48,0.20,0.48,Matches,0.12,0.33,42,15,35.7,0.60,1.68,,,,,,,,,,,,,,,,,,,Süper Lig,2024-2025
fe154b26,Salih Uçan,Salih Uçan,tr TUR,MF,Beşiktaş,30,1994,17,6,493,5.5,0,0,0,0,0,0,1,0,0.00,0.00,0.00,0.00,0.00,Matches,0.00,0.00,10,3,30.0,0.55,1.83,,,,,,,,,,,,,,,,,,,Süper Lig,2024-2025
a2d873dd,Hwang Ui-jo,Hwang Ui-jo,kr KOR,"FW,MF",Alanyaspor,31,1992,30,16,"1,465",16.3,7,1,8,7,0,0,5,0,0.43,0.06,0.49,0.43,0.49,Matches,0.16,0.54,44,13,29.5,0.80,2.70,,,,,,,,,,,,,,,,,,,Süper Lig,2024-2025
4a083f3f,Oğulcan Ülgün,Oğulcan Ülgün,tr TUR,"MF,DF",Konyaspor,26,1998,29,17,"1,553",17.3,2,3,5,2,0,0,9,1,0.12,0.17,0.29,0.12,0.29,Matches,0.14,0.33,14,6,42.9,0.35,0.81,,,,,,,,,,,,,,,,,,,Süper Lig,2024-2025
1880614f,Cengiz Ünder,Cengiz Ünder,tr TUR,"FW,MF",Fenerbahçe,27,1997,3,0,33,0.4,0,0,0,0,0,0,1,0,0.00,0.00,0.00,0.00,0.00,Matches,0.00,,2,0,0.0,0.00,5.45,,,,,,,,,,,,,,,,,,,Süper Lig,2024-2025
59207a20,Arda Ünyay,Arda Ünyay,tr TUR,DF,Galatasaray,17,2007,1,0,1,0.0,0,0,0,0,0,0,0,0,0.00,0.00,0.00,0.00,0.00,Matches,,,0,0,,0.00,0.00,,,,,,,,,,,,,,,,,,,Süper Lig,2024-2025
ef0b278a,Abdurrahman Üresin,Abdurrahman Üresin,,MF,Konyaspor,20,2004,1,1,90,1.0,0,0,0,0,0,0,0,0,0.00,0.00,0.00,0.00,0.00,Matches,,,0,0,,0.00,0.00,,,,,,,,,,,,,,,,,,,Süper Lig,2024-2025
1fe13b98,Arda Usluoğlu,Arda Usluoğlu,tr TUR,FW,Alanyaspor,17,2006,7,1,103,1.1,1,0,1,1,0,0,0,0,0.87,0.00,0.87,0.87,0.87,Matches,0.14,0.50,7,2,28.6,1.75,6.12,,,,,,,,,,,,,,,,,,,Süper Lig,2024-2025
2f7af524,Necip Uysal,Necip Uysal,tr TUR,"DF,MF",Beşiktaş,33,1991,3,0,64,0.7,0,0,0,0,0,0,0,0,0.00,0.00,0.00,0.00,0.00,Matches,,,0,0,,0.00,0.00,,,,,,,,,,,,,,,,,,,Süper Lig,2024-2025
1454b40e,Anthony Uzodimma,Anthony Uzodimma,ng NGA,DF,Kayserispor,25,1999,2,1,86,1.0,0,0,0,0,0,0,0,0,0.00,0.00,0.00,0.00,0.00,Matches,,,0,0,,0.00,0.00,,,,,,,,,,,,,,,,,,,Süper Lig,2024-2025
bb420280,Emre Uzun,Emre Uzun,tr TUR,MF,Antalyaspor,19,2005,5,1,85,0.9,0,0,0,0,0,0,0,0,0.00,0.00,0.00,0.00,0.00,Matches,0.00,0.00,1,1,100.0,1.06,1.06,,,,,,,,,,,,,,,,,,,Süper Lig,2024-2025
01f42327,Emrecan Uzunhan,Emrecan Uzunhan,,DF,Antalyaspor,23,2001,8,4,275,3.1,0,0,0,0,0,0,1,0,0.00,0.00,0.00,0.00,0.00,Matches,0.00,,1,0,0.0,0.00,0.33,,,,,,,,,,,,,,,,,,,Süper Lig,2024-2025
361b24bb,Dal Varesanovic,Dal Varesanovic,ba BIH,MF,Rizespor,23,2001,32,26,"2,004",22.3,3,1,4,3,0,0,7,1,0.13,0.04,0.18,0.13,0.18,Matches,0.05,0.14,56,22,39.3,0.99,2.51,,,,,,,,,,,,,,,,,,,Süper Lig,2024-2025
c67cd65c,Rúben Vezo,Rúben Vezo,pt POR,DF,Eyüpspor,30,1994,26,18,"1,705",18.9,0,1,1,0,0,0,2,0,0.00,0.05,0.05,0.00,0.05,Matches,0.00,,6,0,0.0,0.00,0.32,,,,,,,,,,,,,,,,,,,Süper Lig,2024-2025
c5ea2dab,Bruno Viana,Bruno Viana,br BRA,DF,Gaziantep FK,29,1995,28,27,"2,359",26.2,0,1,1,0,0,0,9,3,0.00,0.04,0.04,0.00,0.04,Matches,0.00,0.00,6,1,16.7,0.04,0.23,,,,,,,,,,,,,,,,,,,Süper Lig,2024-2025
c7069d87,Tonny Vilhena,Tonny Vilhena,nl NED,MF,Alanyaspor,29,1995,14,10,946,10.5,2,1,3,2,0,0,2,0,0.19,0.10,0.29,0.19,0.29,Matches,0.15,0.33,13,6,46.2,0.57,1.24,,,,,,,,,,,,,,,,,,,Süper Lig,2024-2025
da1185fc,Edin Višća,Edin Višća,ba BIH,MF,Trabzonspor,34,1990,30,25,"2,141",23.8,4,6,10,4,0,0,2,1,0.17,0.25,0.42,0.17,0.42,Matches,0.06,0.33,62,12,19.4,0.50,2.61,,,,,,,,,,,,,,,,,,,Süper Lig,2024-2025
26b3d752,Güray Vural,Güray Vural,tr TUR,"DF,MF",Antalyaspor,36,1988,28,28,"2,395",26.6,0,1,1,0,0,0,4,1,0.00,0.04,0.04,0.00,0.04,Matches,0.00,0.00,30,4,13.3,0.15,1.13,,,,,,,,,,,,,,,,,,,Süper Lig,2024-2025
a71dc814,Cláudio Winck,Cláudio Winck,br BRA,DF,Kasımpaşa,30,1994,29,27,"2,330",25.9,3,9,12,3,0,0,8,0,0.12,0.35,0.46,0.12,0.46,Matches,0.08,0.33,37,9,24.3,0.35,1.43,,,,,,,,,,,,,,,,,,,Süper Lig,2024-2025
829ae874,Robin Yalçın,Robin Yalçın,de GER,DF,Eyüpspor,30,1994,31,31,"2,732",30.4,1,1,2,1,0,0,10,1,0.03,0.03,0.07,0.03,0.07,Matches,0.09,0.17,11,6,54.5,0.20,0.36,,,,,,,,,,,,,,,,,,,Süper Lig,2024-2025
4f90f562,Samet Yalçın,Samet Yalçın,,MF,BB Bodrumspor,30,1994,12,6,464,5.2,0,0,0,0,0,0,4,0,0.00,0.00,0.00,0.00,0.00,Matches,0.00,,4,0,0.0,0.00,0.78,,,,,,,,,,,,,,,,,,,Süper Lig,2024-2025
6510079f,Mert Yandaş,Mert Yandaş,tr TUR,MF,Fenerbahçe,29,1994,13,3,270,3.0,0,2,2,0,0,0,3,0,0.00,0.67,0.67,0.00,0.67,Matches,0.00,0.00,7,3,42.9,1.00,2.33,,,,,,,,,,,,,,,,,,,Süper Lig,2024-2025
d05b527e,Karahan Yasir Subaşı,Karahan Yasir Subaşı,tr TUR,"MF,DF",Konyaspor,28,1996,5,2,258,2.9,0,0,0,0,0,0,0,0,0.00,0.00,0.00,0.00,0.00,Matches,0.00,,1,0,0.0,0.00,0.35,,,,,,,,,,,,,,,,,,,Süper Lig,2024-2025
bf95671d,Zeki Yavru,Zeki Yavru,tr TUR,DF,Samsunspor,32,1991,35,35,"2,882",32.0,2,7,9,2,0,0,8,0,0.06,0.22,0.28,0.06,0.28,Matches,0.20,0.50,10,4,40.0,0.12,0.31,,,,,,,,,,,,,,,,,,,Süper Lig,2024-2025
ae4c1bbe,Batuhan Yavuz,Batuhan Yavuz,tr TUR,DF,Alanyaspor,19,2005,1,1,90,1.0,0,0,0,0,0,0,0,0,0.00,0.00,0.00,0.00,0.00,Matches,,,0,0,,0.00,0.00,,,,,,,,,,,,,,,,,,,Süper Lig,2024-2025
a294bd5a,Demir Yavuz,Demir Yavuz,,MF,Adana Demirspor,17,2006,1,0,30,0.3,0,0,0,0,0,0,0,0,0.00,0.00,0.00,0.00,0.00,Matches,,,0,0,,0.00,0.00,,,,,,,,,,,,,,,,,,,Süper Lig,2024-2025
a0f96745,Ali Yavuz Kol,Ali Yavuz Kol,tr TUR,MF,Adana Demirspor,23,2001,28,23,"1,704",18.9,1,5,6,1,0,0,3,0,0.05,0.26,0.32,0.05,0.32,Matches,0.02,0.10,43,10,23.3,0.53,2.27,,,,,,,,,,,,,,,,,,,Süper Lig,2024-2025
0caa0427,Uğurcan Yazgılı,Uğurcan Yazgılı,tr TUR,DF,Konyaspor,25,1999,29,22,"1,945",21.6,1,1,2,1,0,0,3,0,0.05,0.05,0.09,0.05,0.09,Matches,0.08,0.25,13,4,30.8,0.19,0.60,,,,,,,,,,,,,,,,,,,Süper Lig,2024-2025
5136940a,Erdoğan Yeşilyurt,Erdoğan Yeşilyurt,,"DF,MF",Antalyaspor,30,1993,11,9,944,10.5,0,4,4,0,0,0,3,0,0.00,0.38,0.38,0.00,0.38,Matches,0.00,0.00,13,2,15.4,0.19,1.24,,,,,,,,,,,,,,,,,,,Süper Lig,2024-2025
a0771e14,Abdullah Yiğiter,Abdullah Yiğiter,,GK,Antalyaspor,24,2000,6,6,540,6.0,0,0,0,0,0,0,0,0,0.00,0.00,0.00,0.00,0.00,Matches,,,0,0,,0.00,0.00,2,33.3,6,6,9,1.50,3,540,2,3,0,33.3,1,73.1,20,26,1,2,Süper Lig,2024-2025
cfc582f9,Özkan Yiğiter,Özkan Yiğiter,,DF,Sivasspor,24,2000,1,0,27,0.3,0,0,0,0,0,0,0,0,0.00,0.00,0.00,0.00,0.00,Matches,,,0,0,,0.00,0.00,,,,,,,,,,,,,,,,,,,Süper Lig,2024-2025
3af55cb3,Engin Yıldırım,Engin Yıldırım,tr TUR,FW,Trabzonspor,19,2005,6,0,68,0.8,0,0,0,0,0,0,0,0,0.00,0.00,0.00,0.00,0.00,Matches,0.00,,1,0,0.0,0.00,1.32,,,,,,,,,,,,,,,,,,,Süper Lig,2024-2025
4f88be13,Ali Yıldız,Ali Yıldız,,MF,Hatayspor,17,2007,1,0,7,0.1,0,0,0,0,0,0,0,0,0.00,0.00,0.00,0.00,0.00,Matches,,,0,0,,0.00,0.00,,,,,,,,,,,,,,,,,,,Süper Lig,2024-2025
500fd7eb,Berk Yıldızlı,Berk Yıldızlı,,FW,Kasımpaşa,19,2005,4,0,10,0.1,0,0,0,0,0,0,0,0,0.00,0.00,0.00,0.00,0.00,Matches,,,0,0,,0.00,0.00,,,,,,,,,,,,,,,,,,,Süper Lig,2024-2025
9b2de46f,Ahmet Yilmaz,Ahmet Yilmaz,,MF,Adana Demirspor,18,2006,2,0,3,0.0,0,0,0,0,0,0,0,0,0.00,0.00,0.00,0.00,0.00,Matches,,,0,0,,0.00,0.00,,,,,,,,,,,,,,,,,,,Süper Lig,2024-2025
50601649,Ali Yılmaz,Ali Yılmaz,tr TUR,DF,Trabzonspor,20,2004,6,2,149,1.7,0,0,0,0,0,0,2,0,0.00,0.00,0.00,0.00,0.00,Matches,0.00,,1,0,0.0,0.00,0.60,,,,,,,,,,,,,,,,,,,Süper Lig,2024-2025
7e763ddc,Kartal Yılmaz,Kartal Yılmaz,tr TUR,MF,Kayserispor,23,2000,33,32,"2,810",31.2,3,6,9,2,1,1,10,0,0.10,0.19,0.29,0.06,0.26,Matches,0.05,0.12,37,17,45.9,0.54,1.19,,,,,,,,,,,,,,,,,,,Süper Lig,2024-2025
5d5b3efa,Mert Yilmaz,Mert Yilmaz,tr TUR,DF,Antalyaspor,25,1999,19,11,981,10.9,0,2,2,0,0,0,1,0,0.00,0.18,0.18,0.00,0.18,Matches,0.00,0.00,5,1,20.0,0.09,0.46,,,,,,,,,,,,,,,,,,,Süper Lig,2024-2025
4295453f,Recep Yılmaz,Recep Yılmaz,tr TUR,DF,Hatayspor,28,1995,28,18,"1,697",18.9,1,0,1,1,0,0,10,0,0.05,0.00,0.05,0.05,0.05,Matches,0.20,0.50,5,2,40.0,0.11,0.27,,,,,,,,,,,,,,,,,,,Süper Lig,2024-2025
e49ce451,Okay Yokuşlu,Okay Yokuşlu,tr TUR,"MF,DF",Trabzonspor,30,1994,23,20,"1,653",18.4,1,1,2,1,0,0,6,0,0.05,0.05,0.11,0.05,0.11,Matches,0.08,0.33,13,3,23.1,0.16,0.71,,,,,,,,,,,,,,,,,,,Süper Lig,2024-2025
6c5af908,İsmail Yüksek,İsmail Yüksek,tr TUR,MF,Fenerbahçe,25,1999,20,13,999,11.1,0,1,1,0,0,0,6,0,0.00,0.09,0.09,0.00,0.09,Matches,0.00,0.00,7,1,14.3,0.09,0.63,,,,,,,,,,,,,,,,,,,Süper Lig,2024-2025
064b336e,Celil Yüksel,Celil Yüksel,tr TUR,MF,Samsunspor,26,1998,20,10,"1,012",11.2,0,1,1,0,0,0,6,0,0.00,0.09,0.09,0.00,0.09,Matches,0.00,0.00,4,2,50.0,0.18,0.36,,,,,,,,,,,,,,,,,,,Süper Lig,2024-2025
b8441408,Baktiyor Zainutdinov,Baktiyor Zainutdinov,kz KAZ,DF,Beşiktaş,26,1998,9,3,347,3.9,0,0,0,0,0,0,0,0,0.00,0.00,0.00,0.00,0.00,Matches,0.00,,1,0,0.0,0.00,0.26,,,,,,,,,,,,,,,,,,,Süper Lig,2024-2025
314898fd,Altin Zeqiri,Altin Zeqiri,xk KVX,MF,Rizespor,24,2000,27,12,"1,292",14.4,3,3,6,3,0,0,2,0,0.21,0.21,0.42,0.21,0.42,Matches,0.14,0.38,22,8,36.4,0.56,1.53,,,,,,,,,,,,,,,,,,,Süper Lig,2024-2025
6622454d,Hakim Ziyech,Hakim Ziyech,ma MAR,MF,Galatasaray,31,1993,5,1,150,1.7,0,1,1,0,0,0,1,0,0.00,0.60,0.60,0.00,0.60,Matches,0.00,0.00,11,3,27.3,1.80,6.60,,,,,,,,,,,,,,,,,,,Süper Lig,2024-2025
7ca1abe6,İsmail Zobu,İsmail Zobu,,MF,Hatayspor,17,2006,1,0,2,0.0,0,0,0,0,0,0,0,0,0.00,0.00,0.00,0.00,0.00,Matches,,,0,0,,0.00,0.00,,,,,,,,,,,,,,,,,,,Süper Lig,2024-2025
adfbe1f5,Oleksandr Zubkov,Oleksandr Zubkov,ua UKR,MF,Trabzonspor,27,1996,15,11,938,10.4,6,3,9,6,0,0,3,0,0.58,0.29,0.86,0.58,0.86,Matches,0.19,0.40,31,15,48.4,1.44,2.97,,,,,,,,,,,,,,,,,,,Süper Lig,2024-2025
